time,steer,accel,brake,gear,speedX,trackPos,angle,rpm,damage,track_0,track_1,track_2,track_3,track_4,track_5,track_6,track_7,track_8,track_9,track_10,track_11,track_12,track_13,track_14,track_15,track_16,track_17,track_18
0.120,0.0,0.0,0.0,1,-0.00913045,0.333439,0.00822276,5235.99,0.0,5.7030,12.6267,22.4550,140.4860,90.9268,77.3570,71.6721,67.3518,64.5773,62.0267,59.6744,57.4982,54.7119,51.8501,47.2417,40.0655,31.0431,22.7658,11.2227
0.238,0.0,0.0,0.0,1,-0.00913045,0.333439,0.00822276,5235.99,0.0,5.7030,12.6267,22.4550,140.4860,90.9268,77.3570,71.6721,67.3518,64.5773,62.0267,59.6744,57.4982,54.7119,51.8501,47.2417,40.0655,31.0431,22.7658,11.2227
0.340,0.0,0.0,0.0,1,-0.00913045,0.333439,0.00822276,5235.99,0.0,5.7030,12.6267,22.4550,140.4860,90.9268,77.3570,71.6721,67.3518,64.5773,62.0267,59.6744,57.4982,54.7119,51.8501,47.2417,40.0655,31.0431,22.7658,11.2227
0.459,0.0,0.0,0.0,1,-0.00913045,0.333439,0.00822276,5235.99,0.0,5.7030,12.6267,22.4550,140.4860,90.9268,77.3570,71.6721,67.3518,64.5773,62.0267,59.6744,57.4982,54.7119,51.8501,47.2417,40.0655,31.0431,22.7658,11.2227
0.560,0.0,0.0,0.0,1,-0.00913045,0.333439,0.00822276,5235.99,0.0,5.7030,12.6267,22.4550,140.4860,90.9268,77.3570,71.6721,67.3518,64.5773,62.0267,59.6744,57.4982,54.7119,51.8501,47.2417,40.0655,31.0431,22.7658,11.2227
0.677,0.0,0.0,0.0,1,-0.00913045,0.333439,0.00822276,5235.99,0.0,5.7030,12.6267,22.4550,140.4860,90.9268,77.3570,71.6721,67.3518,64.5773,62.0267,59.6744,57.4982,54.7119,51.8501,47.2417,40.0655,31.0431,22.7658,11.2227
0.778,0.0,0.34126538085937497,0.0,1,-0.00913045,0.333439,0.00822276,5334.49,0.0,5.7030,12.6267,22.4550,140.4860,90.9268,77.3570,71.6721,67.3518,64.5773,62.0267,59.6744,57.4982,54.7119,51.8501,47.2417,40.0655,31.0431,22.7658,11.2227
0.899,0.0,0.7908047372343749,0.0,1,-0.00913045,0.333439,0.00822276,5958.66,0.0,5.7030,12.6267,22.4550,140.4860,90.9268,77.3570,71.6721,67.3518,64.5773,62.0267,59.6744,57.4982,54.7119,51.8501,47.2417,40.0655,31.0431,22.7658,11.2227
1.000,0.0,0.869087419199325,0.0,1,-0.0164475,0.33345,0.00871628,6734.61,0.0,5.7058,12.6460,22.5471,139.7670,90.6271,77.1409,71.4869,67.1886,64.4275,61.8889,59.5470,57.3803,54.6054,51.7547,47.1630,40.0057,31.0007,22.7402,11.2174
1.100,0.0,0.9007844600544849,0.0,1,1.70133,0.333438,0.00869006,5235.99,0.0,5.7058,12.6458,22.5513,139.7770,90.6253,77.1373,71.4828,67.1842,64.4229,61.8842,59.5422,57.3755,54.6005,51.7496,47.1580,40.0014,30.9981,22.7393,11.2175
1.219,0.0,0.899564177043398,0.0,1,6.52583,0.333232,0.00866812,5235.99,0.0,5.7074,12.6554,22.6560,139.4930,90.4336,76.9725,71.3294,67.0398,64.2840,61.7504,59.4133,57.2510,54.4816,51.6371,47.0551,39.9170,30.9440,22.7123,11.2161
1.322,0.0,0.8846338828929556,0.0,1,10.5411,0.332882,0.00867051,5235.99,0.0,5.7104,12.6749,22.8542,138.9400,90.0762,76.6682,71.0477,66.7750,64.0301,61.5066,59.1788,57.0249,54.2668,51.4333,46.8694,39.7653,30.8459,22.6626,11.2131
1.440,0.0,0.859914394675216,0.0,1,15.1743,0.332258,0.00867527,5235.99,0.0,5.7158,12.7132,23.2347,137.9620,89.4430,76.1301,70.5489,66.3061,63.5806,61.0750,58.7633,56.6248,53.8860,51.0724,46.5407,39.4963,30.6715,22.5734,11.2078
1.544,0.0,0.8249221550971747,0.0,1,18.9804,0.331556,0.0086748,5235.99,0.0,5.7218,12.7622,23.7144,136.8660,88.7325,75.5249,69.9884,65.7793,63.0756,60.5899,58.2966,56.1750,53.4579,50.6666,46.1709,39.1929,30.4736,22.4709,11.2019
1.662,0.0,0.7709717500664187,0.0,1,23.2082,0.330536,0.00867432,5235.99,0.0,5.7305,12.8451,24.5318,135.2730,87.7001,74.6462,69.1741,65.0139,62.3416,59.8847,57.6183,55.5212,52.8359,50.0771,45.6335,38.7508,30.1834,22.3178,11.1933
1.784,0.0,0.7139026465744113,0.0,1,27.1109,0.32932,0.00867432,5235.99,0.0,5.7409,12.9631,25.7639,133.3750,86.4689,73.5985,68.2029,64.1012,61.4663,59.0440,56.8095,54.7420,52.0941,49.3740,44.9930,38.2220,29.8332,22.1289,11.1810
1.902,0.0,0.6753039453836025,0.0,1,30.7307,0.327924,0.00867575,5235.99,0.0,5.7529,13.1262,27.7741,131.1910,85.0540,72.3941,67.0870,63.0524,60.4608,58.0781,55.8800,53.8462,51.2420,48.5663,44.2569,37.6117,29.4252,21.9037,11.1594
2.004,0.0,0.6656401104951739,0.0,1,33.7461,0.326602,0.00867718,5552.87,0.0,5.7642,13.3096,31.3197,129.1250,83.7146,71.2543,66.0308,62.0599,59.5091,57.1637,55.0004,52.9984,50.4354,47.8018,43.5604,37.0317,29.0337,21.6828,11.1319
2.104,0.0,0.6638287385164336,0.0,1,36.9643,0.325181,0.00867813,6168.33,0.0,5.7764,13.5408,200.0000,126.9050,82.2757,70.0296,64.8957,60.9933,58.4862,56.1811,54.0550,52.0877,49.5684,46.9801,42.8117,36.4059,28.6073,21.4372,11.0946
2.223,0.0,0.6641560700484019,0.0,1,41.3069,0.323294,0.00867766,7167.04,0.0,5.7990,13.9079,200.0000,123.9600,80.3661,68.4043,63.3898,59.5777,57.1288,54.8775,52.8006,50.8788,48.4180,45.8899,41.8180,35.5712,28.0327,21.0984,11.0330
2.326,0.0,0.6675904774397103,0.0,1,45.3572,0.321553,0.0086767,8625.48,0.0,5.8350,14.3153,200.0000,121.2420,78.6038,66.9041,61.9991,58.2708,55.8756,53.6736,51.6424,49.7628,47.3561,44.8833,40.9008,34.7967,27.4936,20.7731,10.9642
2.444,0.0,0.6737310068679554,0.0,1,50.4888,0.319241,0.00872725,12160.2,0.0,5.9063,14.9770,200.0000,117.5690,76.2371,64.8930,60.1368,56.5213,54.1988,52.0634,50.0934,48.2708,45.9365,43.5384,39.6758,33.7577,26.7624,20.3214,10.8550
2.545,0.0,0.6908071216429916,0.0,1,54.9816,0.315521,0.017183,14764.0,0.0,6.0012,15.7368,200.0000,114.2080,74.0656,63.0466,58.4267,54.9144,52.6581,50.5836,48.6700,46.8993,44.6316,42.3020,38.5496,32.7999,26.0755,19.8849,10.7333
2.663,0.0,0.7234475792053553,0.0,2,59.6088,0.308072,0.0297357,7324.38,0.0,6.1529,16.9573,200.0000,109.9100,71.2760,60.6717,56.2256,52.8456,50.6743,48.6780,46.8363,45.1323,42.9500,40.7080,37.0969,31.5638,25.1760,19.3032,10.5579
2.763,0.0,0.7418730586133858,0.0,2,63.0226,0.298037,0.0408985,7822.83,0.0,6.3238,18.3614,200.0000,106.1160,68.8036,58.5644,54.2715,51.0081,48.9118,46.9844,45.2065,43.5613,41.4547,39.2903,35.8044,30.4633,24.3600,18.7635,10.3794
2.866,0.0,0.7569428642370593,0.0,2,66.7505,0.283971,0.0526568,8465.13,0.0,6.5424,20.3099,200.0000,102.1420,66.2044,56.3464,52.2144,49.0731,47.0555,45.2004,43.4893,41.9059,39.8786,37.7958,34.4413,29.3020,23.4841,18.1728,10.1688
2.986,0.0,0.7683150895775596,0.0,2,71.7191,0.26034,0.0680216,9323.56,0.0,6.8895,24.0817,200.0000,96.8869,62.7859,53.4341,49.5142,46.5349,44.6210,42.8615,41.2385,39.7368,37.8139,35.8384,32.6571,27.7833,22.3174,17.3701,9.8608
3.097,0.0,0.7728023850371498,0.0,2,76.4525,0.231885,0.0825961,10383.0,0.0,7.2925,28.3378,200.0000,92.0134,59.5713,50.6848,46.9616,44.1319,42.3146,40.6440,39.1031,37.6777,35.8525,33.9775,30.9585,26.3345,21.1805,16.5709,9.5310
3.207,0.0,0.7752606257633483,0.0,2,81.5963,0.195447,0.0981359,10668.3,0.0,7.8032,32.8632,200.0000,86.7620,56.1201,47.7367,44.2254,41.5573,39.8439,38.2691,36.8166,35.4730,33.7529,31.9861,29.1415,24.7854,19.9426,15.6846,9.1429
3.317,0.0,0.776066142084509,0.0,2,86.4097,0.149887,0.114489,11461.4,0.0,8.4427,37.6107,200.0000,81.2525,52.4831,44.6260,41.3367,38.8381,37.2339,35.7596,34.4001,33.1427,31.5330,29.8799,27.2190,23.1456,18.6187,14.7107,8.6917
3.425,0.021772328146362305,0.776330093672627,0.0,2,91.4843,0.0941035,0.131289,11694.5,0.0,9.2319,42.4314,196.9600,75.7372,48.7659,41.4292,38.3618,36.0328,34.5385,33.1653,31.8997,30.7293,29.2315,27.6940,25.2201,21.4358,17.2343,13.6530,8.1744
3.536,0.043870380323500005,0.7764165853290214,0.0,2,96.2094,0.0306295,0.128364,12408.3,0.0,9.8609,40.1657,200.0000,89.8686,52.3156,43.3085,39.6761,36.9689,35.2539,33.6935,32.2677,30.9599,29.3011,27.6152,24.9381,20.9254,16.5828,12.9816,7.7217
3.647,0.014375446224404481,0.7770472706649888,0.0,2,101.083,-0.0383784,0.130628,12785.7,0.0,10.6128,39.5168,200.0000,107.1260,55.1892,44.4550,40.2868,37.2378,35.3310,33.6124,32.0556,30.6388,28.8570,27.0632,24.2498,20.1112,15.7350,12.1835,7.1982
3.756,0.00471054621881286,0.7766515898858786,0.0,2,105.814,-0.114225,0.142794,13408.4,0.0,11.4774,41.0826,200.0000,113.4660,53.9473,42.7699,38.5234,35.4494,33.5407,31.8294,30.2863,28.8881,27.1376,25.3844,22.6524,18.6729,14.5148,11.1773,6.5781
3.866,0.001543551784980598,0.7765219332081796,0.0,2,110.622,-0.200144,0.159893,13878.8,0.0,12.3905,43.5304,200.0000,110.8980,50.2652,39.5031,35.4631,32.5551,30.7564,29.1482,27.7018,26.3941,24.7608,23.1293,20.5959,16.9244,13.1118,10.0688,5.8992
3.975,0.1860800975118907,0.7772323769955313,0.0,2,115.321,-0.294684,0.15472,14451.0,0.0,13.1731,44.1440,142.0320,130.0490,49.9018,38.1740,33.9303,30.9268,29.0902,27.4615,26.0073,24.7012,23.0813,21.4757,19.0069,15.4806,11.8819,9.0544,5.2399
4.087,0.09654299003269633,0.7757710834188957,0.0,3,119.347,-0.376618,0.0893204,11928.5,0.0,12.8814,34.4257,68.9283,187.5420,156.9220,81.8959,62.7414,52.0893,46.4594,41.9307,38.2091,35.0967,31.5077,28.2154,23.6036,17.8177,12.7076,9.1537,4.8742
4.196,0.031635206973913935,0.7756310650990788,0.0,3,120.828,-0.433491,0.0569679,11659.7,0.0,12.9202,31.7138,56.6293,131.9990,173.8620,157.5230,124.5350,86.0426,70.4869,59.6985,51.7775,45.7154,39.2817,33.8445,26.8824,19.0761,12.9110,8.9714,4.5550
4.307,0.010366224621212117,0.776187527646041,0.0,3,124.412,-0.472942,0.0463534,11882.2,0.0,13.1204,31.4053,54.4311,116.6730,174.2690,160.6120,149.4500,109.4390,84.0651,68.2470,57.4427,49.5950,41.6368,35.1899,27.2838,18.8538,12.4988,8.5693,4.2786
4.415,0.0033968044838787862,0.7771227989809297,0.0,3,127.908,-0.504691,0.0436199,12205.7,0.0,13.3632,31.7861,54.6959,115.0490,170.8940,157.7380,147.4630,113.5870,85.1869,68.1522,56.7986,48.6908,40.5853,34.1034,26.2554,18.0075,11.8700,8.1090,4.0309
4.528,0.21631220403049617,0.7776175011138211,0.0,3,131.295,-0.531817,0.0262271,12545.1,0.0,13.3526,30.5690,50.4470,95.9396,173.4120,162.3280,155.1580,147.2050,138.8940,107.1190,80.3825,64.3307,50.2805,40.2429,29.2942,18.9989,12.0309,8.0202,3.8725
4.636,0.06668371849461298,0.7781937164368519,0.0,3,134.54,-0.539283,-0.0248839,12895.0,0.0,12.7480,26.4638,39.7773,63.0305,97.6748,179.6900,173.4230,168.3140,164.8490,161.2540,157.3510,153.0360,145.8930,133.4390,61.5462,28.4581,15.0635,9.1551,4.0103
4.748,0.02185092087631478,0.7779684193457775,0.0,3,137.933,-0.524162,-0.0465537,13142.0,0.0,12.3707,24.7686,36.1167,54.4579,78.7651,101.5380,120.0910,173.0030,169.2280,165.6260,162.1870,158.7840,153.5860,146.7160,122.7210,37.7912,17.6055,10.1525,4.2395
4.855,0.007160109752750827,0.7786942053230994,0.0,3,141.335,-0.494043,-0.0528927,13432.3,0.0,12.0568,23.8983,34.5665,51.4676,73.2385,93.0133,108.6980,171.2830,167.4760,163.8470,160.3830,157.0750,152.3100,146.1870,130.4020,43.8533,19.4714,11.0340,4.5395
4.967,0.002346224763781391,0.7803550679815232,0.0,3,144.718,-0.456842,-0.0549075,13737.1,0.0,11.7354,23.1878,33.4549,49.6209,70.2671,88.8487,103.4720,167.5740,163.8270,160.2560,156.8500,153.5960,149.0540,143.2990,129.3110,48.4855,21.1733,11.9293,4.8842
5.076,-0.022358498862904117,0.7808992994574355,0.0,3,148.074,-0.41889,-0.0448709,14049.0,0.0,11.5339,23.1559,33.8398,51.2025,74.3960,96.3171,163.7870,158.6760,155.2310,151.9430,148.8030,145.6860,140.9830,134.9310,119.0090,45.1492,21.2826,12.3278,5.1679
5.185,-0.007326432907396421,0.7810776332274625,0.0,3,151.413,-0.385475,-0.0378708,14349.3,0.0,11.3351,23.0188,33.9581,52.1635,77.3461,102.1060,155.9600,151.1920,147.9740,144.9010,141.9070,138.7600,133.9910,127.7970,110.2270,43.7891,21.5966,12.7347,5.4237
5.297,-0.002400725535095659,0.7811360696372249,0.0,3,154.726,-0.355413,-0.0356815,14650.3,0.0,11.1117,22.6474,33.5120,51.7334,77.2322,103.4210,150.0830,145.5240,142.4460,139.5060,136.5930,133.5220,128.8810,122.8900,106.5470,44.7714,22.3705,13.2617,5.6756
5.406,-0.0007866697433401456,0.7837904719862259,0.0,3,158.018,-0.32663,-0.0350139,14952.4,0.0,10.8825,22.2050,32.8881,50.8481,76.0717,150.0910,144.6990,140.3120,137.3500,134.5200,131.7040,128.7430,124.2930,118.6070,104.0400,46.4133,23.2809,13.8236,5.9248
5.515,-0.0002577759414976989,0.7987671571729464,0.0,4,158.674,-0.298216,-0.0347925,12122.3,0.0,10.6517,21.7419,32.2123,49.8286,74.5994,144.6000,139.4100,135.1850,132.3330,129.6080,126.8960,124.0540,119.8090,114.4450,101.4150,48.2495,24.2328,14.3965,6.1733
5.625,-8.446802050996596e-05,0.8113756822186811,0.0,4,161.224,-0.269799,-0.0348014,12297.9,0.0,10.4184,21.2655,31.5061,48.7352,72.9603,139.1510,134.1560,130.0910,127.3460,124.7240,122.1180,119.4000,115.3620,110.3170,98.5855,50.2083,25.2153,14.9799,6.4233
5.735,-2.767848096070565e-05,0.8159891187056674,0.0,4,163.758,-0.240978,-0.0348116,12498.4,0.0,10.1818,20.7823,30.7897,47.6259,71.2973,133.6150,128.8190,124.9150,122.2790,119.7610,117.2640,114.6690,110.8370,106.0990,95.4681,52.1962,26.2121,15.5717,6.6769
5.846,-9.069684641204028e-06,0.8178863495737231,0.0,4,166.289,-0.211715,-0.0348147,12682.8,0.0,9.9417,20.2921,30.0633,46.5020,69.6141,127.9900,123.3950,119.6560,117.1310,114.7190,112.3320,109.8590,106.2320,101.7890,92.1187,54.2104,27.2231,16.1722,6.9344
5.956,-2.971954263229736e-06,0.8191103779345675,0.0,4,168.799,-0.182004,-0.0348168,12870.8,0.0,9.6979,19.7944,29.3259,45.3611,67.9058,122.2780,117.8890,114.3160,111.9040,109.6000,107.3230,104.9740,101.5490,97.3924,88.5768,56.2550,28.2495,16.7818,7.1958
6.066,-9.738499729751197e-07,0.8189091237978491,0.0,4,171.287,-0.151842,-0.0348194,13055.4,0.0,9.4504,19.2892,28.5773,44.2029,66.2016,116.4820,112.3000,108.8970,106.5990,104.4040,102.2390,100.0150,96.7889,92.9100,84.8674,58.3309,29.2916,17.4008,7.4611
6.175,-3.1911115914448717e-07,0.8205372686392042,0.0,4,173.755,-0.121246,-0.0348216,13237.3,0.0,9.1994,18.7767,27.8179,43.0282,68.1795,110.6000,106.6300,103.3980,101.2170,99.1325,97.0805,94.9812,91.9526,88.3426,81.0065,60.4295,30.3486,18.0286,7.7303
6.287,-1.0456634462846556e-07,0.8214020682033194,0.0,4,176.202,-0.0902094,-0.0348237,13420.6,0.0,8.9447,18.2568,27.0477,41.8366,112.5520,104.6350,100.8790,97.8217,95.7576,93.7857,91.8481,89.8736,87.0406,83.6916,77.0071,60.5105,31.4209,18.6655,8.0033
6.396,-3.426429980785559e-08,0.8223420004119887,0.0,4,178.631,-0.0587408,-0.0348264,13600.5,0.0,8.6865,17.7297,26.2667,40.6283,106.0460,98.5869,95.0476,92.1671,90.2223,88.3644,86.5422,84.6927,82.0535,78.9580,72.8791,58.9620,32.5082,19.3113,8.2802
6.507,-1.122772576103812e-08,0.8231318723981255,0.0,4,181.043,-0.0268386,-0.0348288,13777.1,0.0,8.4248,17.1954,25.4750,39.4035,99.4515,92.4562,89.1369,86.4356,84.6116,82.8693,81.1636,79.4394,76.9918,74.1428,68.6302,56.6626,33.6104,19.9660,8.5608
6.616,0.036023799105648825,0.8237581273380428,0.0,4,183.416,0.00722623,-0.0439558,13957.0,0.0,8.0769,16.2394,23.7608,36.0210,95.3281,88.4325,85.1702,82.5199,80.7328,79.0273,77.3981,75.8108,73.5709,70.9835,66.0470,55.7815,36.6866,21.3015,8.9484
6.731,0.011804278490939006,0.8228429791817549,0.0,4,185.764,0.0509055,-0.0555436,14130.9,0.0,7.6409,15.0827,21.7439,32.2122,91.7520,84.8690,81.6257,78.9968,77.2273,75.5409,73.9321,72.3958,70.3351,67.9834,63.5473,54.5907,39.5558,23.1328,9.4568
6.837,0.0038680259759108935,0.8229105331214024,0.0,4,188.095,0.102921,-0.0589009,14299.0,0.0,7.2006,14.1397,20.3011,30.2007,85.6938,79.1956,76.1375,73.6604,71.9940,70.4065,68.8926,67.4475,65.5301,63.3899,59.3928,51.5081,39.0183,24.5691,9.9623
6.946,0.0012674747517864816,0.8239205129463462,0.0,4,190.406,0.159113,-0.0598296,14467.8,0.0,6.7440,13.2242,18.9654,31.0699,78.8752,72.8763,70.0541,67.7684,66.2311,64.7667,63.3704,62.0376,60.2707,58.3356,54.7568,47.8397,37.3248,25.6225,10.4808
7.056,0.11744784324416539,0.8240346193853837,0.0,4,192.649,0.219092,-0.0722672,14649.6,0.0,6.1951,11.9226,16.8832,90.4646,74.7176,68.7985,66.0270,63.7889,62.2864,60.8575,59.4972,58.2008,56.4848,54.6533,51.4306,45.2984,36.2020,26.2738,11.1808
7.167,0.038575222981448117,0.8257118906427026,0.0,4,194.799,0.300138,-0.107768,14816.2,0.0,5.3900,9.8716,13.7649,23.7964,76.6678,69.7896,66.6204,64.0843,62.3934,60.7939,59.2787,57.8417,55.9498,53.9434,50.5699,44.8584,36.5701,27.5012,12.4403
7.276,0.01264032906656092,0.8248384617789257,0.0,4,197.022,0.405219,-0.119076,14961.0,0.0,4.5397,8.4683,12.4849,91.1672,72.1550,65.4004,62.3069,59.8398,58.1990,56.6500,55.1855,53.7986,51.9768,50.0489,46.8178,41.5316,34.3256,26.5420,13.1939
7.386,0.004141983028530682,0.8244317878588434,0.0,5,197.287,0.515392,-0.0892487,13140.2,0.0,3.8384,7.9114,13.3267,82.8092,65.2934,59.1013,56.2708,54.0159,52.5174,51.1036,49.7677,48.5033,46.8433,45.0881,42.1491,37.3574,31.2234,24.7051,13.2983
7.496,0.21018233747998893,0.8249008726987108,0.0,5,198.601,0.576613,-0.0536546,13523.2,0.0,3.4590,7.5758,14.4581,90.5376,67.8650,60.3659,57.0212,54.3929,52.6637,51.0449,49.5263,48.0990,46.2393,44.2903,41.0667,35.9143,29.8540,23.9021,13.3564
7.606,0.09638953879504276,0.8247232933565386,0.0,5,199.806,0.60766,-0.0450529,13655.7,0.0,3.2287,7.1471,13.7491,137.6510,87.2000,73.7551,68.1681,63.9402,61.2331,58.7503,56.4649,54.3548,51.6587,48.8958,44.4610,37.7018,30.2320,23.9086,13.5016
7.716,0.03158492407235962,0.8253352115795706,0.0,5,201.389,0.607887,0.00588712,13752.8,0.0,3.3986,8.6632,47.5061,164.9770,92.7159,76.1183,69.5016,64.5983,61.5047,58.6981,56.1404,53.8004,50.8400,47.8405,43.0959,36.0266,28.4326,22.1789,12.9340
7.825,0.0273025151778433,0.8251969065835187,0.0,5,203.103,0.556702,0.074506,13889.8,0.0,4.1714,14.6738,83.0655,160.8460,86.7938,70.6074,64.2358,59.5436,56.5959,53.9301,51.5080,49.2976,46.5094,43.6931,39.2571,32.6889,25.6879,19.9642,11.8952
7.937,0.14907814997647567,0.8264782489117874,0.0,5,204.693,0.445586,0.112217,14031.6,0.0,5.4967,17.8316,52.3617,200.0000,113.3850,84.6863,74.6318,67.6181,63.3700,59.6284,56.3080,53.3418,49.6840,46.0811,40.5847,32.8244,25.0122,18.9483,10.8646
8.045,0.048849928184291555,0.8262280117440396,0.0,5,206.207,0.299019,0.103039,14126.5,0.0,6.6694,18.5618,39.6034,200.0000,191.6310,131.2790,106.3280,91.1794,82.7643,75.7765,69.8818,64.8425,58.9035,53.3308,45.3166,34.9022,25.3535,18.5092,10.0428
8.155,0.016007144467428656,0.8266278890289119,0.0,5,207.995,0.180842,0.0892587,14117.5,0.0,7.6645,20.4800,40.9949,149.3520,190.7060,155.3410,118.9710,98.7550,88.0732,79.4821,72.4231,66.5203,59.7143,53.4716,44.7283,33.7608,24.0762,17.3417,9.2335
8.267,0.005245221099087022,0.8261565770676189,0.0,5,209.706,0.0822512,0.0865239,14249.7,0.0,8.5590,22.6939,44.9120,154.4960,184.4200,151.4430,114.2770,94.0874,83.5513,75.1425,68.2761,62.5640,56.0108,50.0309,41.7050,31.3415,22.2638,15.9916,8.4820
8.377,0.03934273716193633,0.8264072137360173,0.0,5,211.419,-0.0110358,0.0828397,14360.1,0.0,9.3879,24.6379,48.0447,154.2660,178.4360,151.3860,111.6550,90.8141,80.1373,71.7117,64.8937,59.2638,52.8513,47.0427,39.0225,29.1472,20.5937,14.7354,7.7750
8.486,0.012891828113223295,0.8268748423595181,0.0,5,213.099,-0.0966188,0.0703456,14472.9,0.0,10.0353,25.4727,47.4570,127.0110,175.2700,164.4950,133.2950,102.5260,88.0202,77.1158,68.6200,61.8146,54.2845,47.6583,38.7994,28.3293,19.6281,13.8548,7.1786
8.595,0.004224394236141009,0.8263579674849919,0.0,5,214.77,-0.174001,0.0667326,14584.4,0.0,10.6990,26.9067,49.5279,127.1210,169.0070,158.9920,133.7520,100.6100,85.4872,74.3215,65.7401,58.9392,51.4887,44.9964,36.4085,26.3920,18.1755,12.7767,6.5844
8.705,0.0013842495032986857,0.8266704729261072,0.0,5,216.426,-0.247849,0.0657804,14697.3,0.0,11.3596,28.4992,52.2968,132.8380,161.8960,151.8880,125.0040,93.4188,79.1421,68.6551,60.6263,54.2823,47.3517,41.3287,33.3848,24.1527,16.6063,11.6608,6.0007
8.817,0.0004535908772409133,0.8271116930684268,0.0,5,218.061,-0.320803,0.0654388,14810.6,0.0,12.0191,30.1276,55.2238,165.8110,154.5230,144.3220,113.9570,84.9580,71.8959,62.3192,54.9976,49.2189,42.9120,37.4365,30.2224,21.8493,15.0138,10.5383,5.4203
8.925,0.0368495409638543,0.8274731158346621,0.0,5,219.627,-0.387104,0.0436524,14928.8,0.0,12.3193,29.3053,50.4314,106.1020,152.5170,145.7010,140.5950,133.0680,105.3130,84.2690,70.2392,60.2180,50.1981,42.1839,32.4793,22.2782,14.6861,10.0332,4.9877
9.029,0.012074857583035777,0.8274951718467021,0.0,5,221.141,-0.433467,0.0319708,15004.8,0.0,12.5717,29.1377,48.7191,95.4796,147.9310,142.0480,138.0010,133.3870,128.4890,106.3400,83.5467,68.8040,55.1796,45.0034,33.4539,22.1397,14.2183,9.5584,4.6606
9.129,0.003956689332809163,0.8279842741607273,0.0,6,220.706,-0.467864,0.0288706,13707.6,0.0,12.8310,29.5406,49.0407,94.5310,141.8180,136.1860,132.3780,128.1590,124.0180,110.6060,84.9414,68.9484,54.5707,44.0751,32.4065,21.2189,13.5254,9.0518,4.3904
9.231,0.061602650769637404,0.827006113519487,0.0,6,221.85,-0.497385,0.0220231,13772.5,0.0,12.9951,29.4889,48.2195,89.8587,136.3480,131.1500,127.7390,124.1290,120.9140,116.4640,98.0875,76.4121,58.3636,45.9645,32.8839,20.9865,13.1459,8.7080,4.1739
9.351,0.016148765283355827,0.8169019382787024,0.0,6,223.165,-0.517031,0.00181425,13853.8,0.0,12.8959,28.1060,44.1561,75.8083,131.5770,127.2640,124.5740,121.9090,119.7630,117.3330,114.4710,110.8000,92.0536,63.7837,40.4914,23.4318,13.8198,8.8542,4.0907
9.470,0.004233301926440029,0.8079677323331321,0.0,6,224.434,-0.520766,-0.00240725,13925.8,0.0,12.8732,27.8322,43.3955,73.4325,124.1310,120.0560,117.5500,115.0990,113.1550,110.9960,108.5330,105.5890,99.3083,69.7672,42.6904,24.0661,13.9884,8.8942,4.0763
9.591,0.001109734700204695,0.7821171108028615,0.0,6,225.68,-0.518604,-0.00320965,13993.7,0.0,12.8446,27.7285,43.1728,72.8612,116.1380,112.2140,109.8240,107.5050,105.6820,103.6770,101.4230,98.7963,93.7941,71.4723,43.3988,24.3369,14.1054,8.9553,4.0980
9.710,0.0002909102932504596,0.30660655789430524,0.0,6,225.744,-0.514754,-0.00340319,13847.0,0.0,12.8096,27.6428,43.0248,72.5651,108.0110,104.2350,101.9560,99.7634,98.0528,96.1869,94.1161,91.7510,87.5260,72.3904,43.8732,24.5713,14.2314,9.0321,4.1315
9.810,9.53254848923106e-05,0.10046883689080592,0.620024656677246,6,220.618,-0.511329,-0.00337464,13236.8,0.0,12.7810,27.5826,42.9332,72.4174,101.2510,97.6008,95.4165,93.3278,91.7090,89.9558,88.0288,85.8606,82.1374,72.8496,44.1639,24.7389,14.3299,9.0951,4.1606
9.929,2.498900391160987e-05,0.026337302777903426,0.8818207499496322,6,205.704,-0.507276,-0.00383568,12114.3,0.0,12.7409,27.4722,42.7269,99.4281,93.5606,90.0755,88.0105,86.0521,84.5469,82.9309,81.1759,79.2357,76.0370,70.6861,44.8408,25.0407,14.4806,9.1829,4.1970
10.029,8.188396801756322e-06,0.008630207374263395,0.9127905348917886,6,192.476,-0.503882,-0.00429654,11214.4,0.0,12.7064,27.3742,42.5401,93.2908,87.5806,84.2322,82.2645,80.4109,78.9956,77.4868,75.8631,74.0911,71.2462,66.9651,45.4669,25.3114,14.6127,9.2587,4.2279
10.150,2.1465390911996094e-06,0.0022623570819189035,0.9182903788994937,6,176.868,-0.49976,-0.0046472,10247.4,0.0,12.6672,27.2718,42.3551,86.4042,80.8829,77.6928,75.8356,74.0995,72.7838,71.3918,69.9083,68.3106,65.8083,62.3067,46.0910,25.5974,14.7590,9.3453,4.2645
10.271,5.627023435234304e-07,0.000593063334882549,0.8316493502131719,5,162.013,-0.495684,-0.00473422,10237.8,0.0,12.6316,27.1909,42.2231,80.0248,74.6910,71.6525,69.8991,68.2720,67.0473,65.7607,64.4011,62.9531,60.7295,57.7603,46.5286,25.8250,14.8855,9.4239,4.2997
10.390,1.4750904314060614e-07,0.00015546799485945093,0.17118306588943552,5,150.072,-0.491725,-0.00517309,9917.59,0.0,12.5927,27.0849,42.0265,74.1600,69.0215,66.1347,64.4835,62.9622,61.8246,60.6377,59.3935,58.0819,56.1015,53.5486,46.6185,26.1250,15.0341,9.5102,4.3353
10.510,3.8668610605051055e-08,4.075500204443591e-05,0.5060144554836699,4,141.654,-0.487729,-0.00551647,10361.8,0.0,12.5547,26.9859,41.9435,68.6140,63.6742,60.9368,59.3847,57.9645,56.9094,55.8153,54.6771,53.4879,51.7182,49.4972,44.2464,26.4075,15.1775,9.5947,4.3709
10.630,1.0136744258450506e-08,1.0683679255936607e-05,0.8307743968582568,4,129.762,-0.483735,-0.00564063,8842.45,0.0,12.5195,26.9039,70.2880,63.4002,58.6595,56.0675,54.6103,53.2858,52.3077,51.2995,50.2577,49.1780,47.5908,45.6403,41.3512,26.6416,15.3050,9.6730,4.4056
10.750,2.65728668688725e-09,2.8006624148682456e-06,0.6010120858080913,4,117.66,-0.479943,-0.00622267,8304.03,0.0,12.4803,26.7907,65.3914,58.6703,54.1299,51.6798,50.3138,49.0801,48.1743,47.2458,46.2924,45.3114,43.8846,42.1613,38.5484,26.9714,15.4609,9.7609,4.4405
10.870,6.965917612473714e-10,7.341768480832216e-07,0.84477503585516,3,106.412,-0.476299,-0.00643998,8700.71,0.0,12.4469,26.7082,60.8780,54.3258,49.9780,47.6610,46.3793,45.2287,44.3884,43.5313,42.6560,41.7611,40.4711,38.9344,35.8167,27.2112,15.5857,9.8356,4.4726
10.971,2.2825918832553868e-10,2.4057506957991005e-07,0.30974901559966306,3,96.9485,-0.473452,-0.00642794,8543.16,0.0,12.4231,26.6675,57.4225,51.0120,46.8181,44.6054,43.3891,42.3021,41.5115,40.7082,39.8913,39.0599,37.8691,36.4641,33.6715,26.9120,15.6695,9.8887,4.4969
11.090,5.983677666441001e-11,6.306531103995593e-08,0.036441661936284765,3,90.1674,-0.470105,-0.00713426,8200.31,0.0,12.3862,27.6757,53.6294,47.3972,43.3873,41.2963,40.1551,39.1407,38.4064,37.6634,36.9114,36.1499,35.0667,33.8014,31.3361,25.8511,15.8234,9.9725,4.5287
11.209,0.11790961637019409,1.6532192897258206e-08,0.004287325085141968,3,88.9977,-0.464264,-0.0208949,8093.5,0.0,12.1730,58.5211,50.8353,44.8577,41.0761,39.1285,38.0734,37.1406,36.4689,35.7922,35.1105,34.4236,33.4530,32.3304,30.1828,25.6791,17.1500,10.5135,4.6439
11.309,0.0837172621343352,5.417268968573568e-09,0.0007205707270598106,3,88.4498,-0.448247,-0.0557989,8044.49,0.0,11.6568,26.5838,50.0279,44.3509,40.8041,38.9937,38.0188,37.1602,36.5438,35.9249,35.3035,34.6798,33.8025,32.7940,30.8864,27.0075,20.3398,12.1563,4.9665
11.410,0.02743247245617896,1.7751306956221866e-09,0.00012110632209694235,3,87.97,-0.422382,-0.0735095,8002.58,0.0,11.2719,55.3128,48.0844,42.6226,39.2526,37.5470,36.6327,35.8305,35.2564,34.6813,34.1053,33.5286,32.7203,31.7955,30.0599,26.5936,20.9102,13.5779,5.3052
11.530,0.09843580235393735,4.653398610731825e-10,1.4248037688383172e-05,2,87.3534,-0.384889,-0.084729,9969.24,0.0,10.8702,52.1766,45.1074,39.8722,36.6934,35.1014,34.2530,33.5115,32.9826,32.4545,31.9271,31.4007,30.6655,29.8285,28.2706,25.2133,20.3861,14.5375,5.7244
11.650,0.09285071245470806,1.2198605254116837e-10,1.6762673860005919e-06,2,86.2729,-0.33298,-0.131251,9842.99,0.0,10.0784,51.0053,44.1938,39.2134,36.2199,34.7300,33.9389,33.2490,32.7578,32.2680,31.7797,31.2931,30.6151,29.8452,28.4173,25.6373,21.3039,16.1011,6.5772
11.770,0.2171536379645063,3.1977911757352046e-11,1.9721118169558364e-07,2,85.2276,-0.264699,-0.163096,9725.69,0.0,9.3412,49.0100,42.3964,37.6346,34.8054,33.4074,32.6677,32.0244,31.5674,31.1125,30.6598,30.2095,29.5832,28.8738,27.5639,25.0342,21.1428,16.5280,7.5463
11.871,0.22852066404083443,1.0478522124649117e-11,3.314528330757675e-08,2,84.1747,-0.188326,-0.233932,9590.98,0.0,8.4268,49.6891,43.2820,38.6759,35.9414,34.5905,33.8756,33.2540,32.8122,32.3725,31.9349,31.4995,30.8939,30.2077,28.9400,26.4876,22.6959,18.1378,8.7617
11.971,0.07488165119290063,3.4336021298050226e-12,5.570727765504424e-09,2,83.3092,-0.0914749,-0.284173,9507.65,0.0,7.6759,49.2677,43.0249,38.5641,35.9268,34.6268,33.9400,33.3429,32.9188,32.4969,32.0772,31.6598,31.0796,30.4227,29.2101,26.8674,23.2501,18.8914,9.6529
12.089,0.3008758062670891,9.000981967156079e-13,6.553905508838301e-10,2,82.2983,0.0302652,-0.250717,9395.38,0.0,7.0424,47.2351,41.1522,36.8670,34.3593,33.1305,32.4831,31.9216,31.5235,31.1280,30.7350,30.3448,29.8031,29.1909,28.0643,25.9005,22.5891,18.6350,10.1744
12.210,0.21005913079547983,2.3595534167981636e-13,7.710604292093175e-11,2,81.0733,0.144224,-0.263605,9240.51,0.0,6.1217,13.2352,42.4486,38.2601,35.8034,34.5977,33.9618,33.4098,33.0182,32.6290,32.2421,31.8577,31.3237,30.7198,29.6065,27.4615,24.1558,20.1572,11.2868
12.311,0.06883217597906284,7.731784636164221e-14,1.2959212633720997e-11,2,80.2933,0.234536,-0.242324,9169.7,0.0,5.5405,11.9260,41.9506,37.8668,35.4807,34.3120,33.6965,33.1625,32.7837,32.4074,32.0335,31.6622,31.1466,30.5639,29.4908,27.4256,24.2489,20.4079,11.7923
12.430,0.28221694174083045,0.07521918164064527,1.5246384071446418e-12,2,79.4588,0.333213,-0.221129,9142.93,0.0,4.8817,10.3500,41.5548,37.5785,35.2633,34.1317,33.5360,33.0196,32.6535,32.2899,31.9289,31.5704,31.0729,30.5109,29.4762,27.4877,24.4323,20.7366,12.3491
12.531,0.09247684746963533,0.12761246206500665,2.562459770888e-13,2,79.4519,0.410586,-0.203657,9186.11,0.0,4.3561,9.1429,41.2460,37.3517,35.0907,33.9869,33.4063,32.9033,32.5469,32.1929,31.8415,31.4926,31.0086,30.4619,29.4563,27.5251,24.5604,20.9732,12.7660
12.649,0.024242250703080087,0.26340871117744413,3.0147082958520234e-14,2,80.0506,0.485414,-0.137067,9364.54,0.0,4.0046,10.0880,38.8100,35.0782,32.9358,31.8966,31.3518,30.8807,30.5474,30.2169,29.8893,29.5645,29.1146,28.6075,27.6774,25.9015,23.1999,19.9665,12.6367
12.750,0.327121420778315,0.5756382528067499,5.0668202328384956e-15,2,82.2402,0.526121,-0.0834433,10024.1,0.0,3.8686,42.2041,36.8676,33.2665,31.2179,30.2293,29.7123,29.2660,28.9508,28.6385,28.3292,28.0229,27.5993,27.1226,26.2502,24.5917,22.0869,19.1139,12.4308
12.852,0.13440005337343827,0.7305598379922157,8.51580476533166e-16,2,85.7414,0.554218,-0.0651282,11105.0,0.0,3.6971,41.7174,36.4179,32.8577,30.8383,29.8653,29.3570,28.9184,28.6087,28.3020,27.9983,27.6976,27.2819,26.8143,25.9593,24.3360,21.8885,18.9891,12.4779
12.971,0.0843116203556135,0.7847415648893814,1.0018759148365047e-16,2,90.7978,0.56528,-0.0190701,12303.5,0.0,3.7864,39.9885,34.7724,31.3101,29.3623,28.4282,27.9413,27.5217,27.2258,26.9330,26.6435,26.3571,25.9617,25.5175,24.7069,23.1737,20.8770,18.1770,12.1738
13.071,0.34950563197335827,0.7841180984048275,1.6838528500657134e-17,2,94.9595,0.554076,0.0019325,13102.2,0.0,3.9858,39.3097,34.0164,30.5756,28.6482,27.7261,27.2461,26.8329,26.5416,26.2536,25.9688,25.6873,25.2988,24.8628,24.0682,22.5687,20.3305,17.7118,11.9343
13.173,0.17141119888847006,0.7485712813759189,2.8300514851054447e-18,2,98.4296,0.528564,-0.014805,13981.9,0.0,4.1400,40.9798,34.7413,31.1940,29.2025,28.2488,27.7521,27.3243,27.0227,26.7244,26.4295,26.1379,25.7354,25.2835,24.4599,22.9048,20.5828,17.8668,11.8942
13.289,0.33297518653166913,0.5774230981100088,3.3295272717117047e-19,2,101.548,0.481699,-0.0421137,13796.7,0.0,4.4294,44.0156,36.4234,32.1669,30.0708,29.0663,28.5426,28.0915,27.7733,27.4584,27.1470,26.8391,26.4138,25.9361,25.0650,23.4190,20.9590,18.0827,11.7930
13.390,0.4212822462578602,0.41756755156993763,5.595936485565863e-20,2,102.56,0.43513,-0.0545367,13163.5,0.0,4.7793,45.3629,38.2724,32.9404,30.4297,29.3413,28.7978,28.3312,28.0020,27.6764,27.3543,27.0358,26.5959,26.1019,25.2011,23.4991,20.9584,17.9949,11.5691
13.512,0.14216051396851134,0.11470562823874972,6.583563315903383e-21,2,101.986,0.377026,-0.0404077,11810.8,0.0,5.3829,45.0848,38.4237,33.1188,30.0628,28.7647,28.1248,27.5921,27.2263,26.8720,26.5289,26.1963,25.7478,25.2535,24.3536,22.6591,20.1445,17.2366,11.0360
13.632,0.3714219897293527,0.030069392209018803,7.745496405527172e-22,2,100.096,0.321778,-0.0108068,11335.8,0.0,6.1101,43.8362,37.4204,32.5013,29.3435,27.8576,27.1324,26.5322,26.1219,25.7260,25.3438,24.9747,24.4788,23.9398,23.0023,21.3490,18.9379,16.1808,10.4091
13.734,0.40448797811116854,0.009853138439051282,1.3017855808769518e-22,2,98.1282,0.279779,0.00405288,11089.6,0.0,6.6478,43.2024,36.9907,32.3584,29.4705,27.9825,27.1758,26.4747,25.9967,25.5375,25.0962,24.6717,24.1040,23.4906,22.4321,20.6170,18.2209,15.5407,9.9999
13.852,0.6264770112736701,0.00258294112296666,1.5315377180459254e-23,2,95.5648,0.235871,0.0015831,10799.5,0.0,7.0614,43.3511,37.3572,33.0113,30.3752,29.0458,28.3342,27.7105,27.2636,26.8152,26.3654,25.9143,25.2806,24.5535,23.1980,20.8830,18.0010,15.2197,9.7026
13.970,0.2882439705616362,0.0006771025177389721,1.801838809903851e-24,2,92.9346,0.201178,-0.0246241,10482.7,0.0,7.1487,44.5537,38.6982,34.5391,32.0596,30.8254,30.1686,29.5950,29.1863,28.7783,28.3712,27.9643,27.3954,26.7463,25.5343,23.1336,19.2992,15.6037,9.6397
14.074,0.09445178427363696,0.00022187295301270637,3.0283504878054034e-25,2,91.1719,0.179849,-0.0472507,10274.5,0.0,7.1424,45.5529,39.7422,35.6676,33.2627,32.0736,31.4429,30.8934,30.5025,30.1130,29.7250,29.3381,28.7982,28.1840,27.0421,24.8019,21.2098,16.6681,9.6542
14.190,0.37143606886990405,5.81626633945629e-05,3.56282406539818e-26,2,89.2819,0.162811,-0.0545366,10090.6,0.0,7.2198,45.7754,39.9842,35.9794,33.6406,32.4914,31.8841,31.3563,30.9815,30.6086,30.2376,29.8683,29.3540,28.7706,27.6901,25.5870,22.2655,18.0663,9.6220
14.291,0.41332221788301515,1.905874154113037e-05,5.9880384067147215e-27,2,87.4448,0.158381,-0.0692306,9894.41,0.0,6.9828,17.9956,40.5821,36.5981,34.2877,33.1565,32.5603,32.0429,31.6759,31.3111,30.9483,30.5874,30.0855,29.5171,28.4671,26.4313,23.2405,19.2441,10.0158
14.415,0.10834993948472511,0.06356732035349255,7.044867305115804e-28,2,85.7876,0.165962,-0.107329,9820.24,0.0,6.4257,12.5204,41.4947,37.4998,35.1978,34.0757,33.4852,32.9733,32.6105,32.2502,31.8924,31.5368,31.0429,30.4841,29.4535,27.4633,24.3626,20.5074,11.1390
14.535,0.05556363030520468,0.34915483107987094,8.288215935795694e-29,2,86.4058,0.206464,-0.154565,10270.2,0.0,5.8960,11.9520,40.0922,36.1819,33.9511,32.8698,32.3031,31.8127,31.4654,31.1209,30.7790,30.4398,29.9697,29.4394,28.4647,26.5914,23.7064,20.1724,11.7321
14.635,0.2557269589960618,0.4880313304388771,1.3930004523291827e-29,2,88.4194,0.268141,-0.187905,10646.9,0.0,5.3139,12.5635,38.6154,34.7970,32.6380,31.5966,31.0519,30.5816,30.2493,29.9202,29.5939,29.2705,28.8227,28.3181,27.3931,25.6269,22.9295,19.6650,11.9831
14.755,0.06703728793906363,0.543152921024069,1.6388511021607603e-30,2,91.6645,0.370064,-0.222806,11111.7,0.0,4.6733,42.6571,36.9531,33.2345,31.1527,30.1555,29.6354,29.1870,28.8705,28.5573,28.2474,27.9408,27.5171,27.0409,26.1702,24.5157,22.0151,19.0273,12.1157
14.873,0.26938182948378986,0.5655925039383085,1.9280919331811127e-31,2,95.239,0.452564,-0.106965,11423.3,0.0,4.4717,39.8199,34.2769,30.7285,28.7680,27.8352,27.3509,26.9346,26.6413,26.3514,26.0650,25.7820,25.3917,24.9538,24.1568,22.6536,20.4069,17.7625,11.7887
14.993,0.33193433189429855,0.6285051133836539,2.2683808784682472e-32,2,98.4363,0.493231,-0.0543435,12126.9,0.0,4.3401,39.6514,33.9539,30.3426,28.3611,27.4227,26.9364,26.5187,26.2248,25.9346,25.6482,25.3655,24.9760,24.5398,23.7475,22.2581,20.0479,17.4700,11.7408
15.109,0.10170464249863416,0.6729116928803446,2.668727419709108e-33,2,102.319,0.499714,-0.00800562,12700.6,0.0,4.5002,39.4101,33.5215,29.8265,27.8142,26.8656,26.3748,25.9539,25.6581,25.3665,25.0789,24.7953,24.4052,23.9690,23.1778,21.6971,19.5161,16.9982,11.5071
15.212,0.4333054350803306,0.6886021136792814,4.485330174305098e-34,2,105.647,0.478331,0.0378544,13130.3,0.0,4.9840,38.4497,32.4665,28.7546,26.7506,25.8094,25.3239,24.9084,24.6170,24.3299,24.0470,23.7684,23.3853,22.9573,22.1833,20.7426,18.6352,16.2280,11.0767
15.312,0.5266749658757697,0.4925486913916769,7.538494423954579e-35,2,108.128,0.437347,0.0563128,13181.8,0.0,5.5289,38.6396,32.3686,28.5070,26.4341,25.4642,24.9651,24.5384,24.2392,23.9446,23.6547,23.3693,22.9774,22.5404,21.7516,20.2886,18.1632,15.7577,10.7051
15.414,0.21548555113725892,0.16139835519522472,1.2669947578340462e-35,2,108.235,0.3831,0.074158,12521.2,0.0,6.2518,38.6136,32.0576,28.0537,25.9182,24.9238,24.4127,23.9763,23.6707,23.3701,23.0746,22.7841,22.3857,21.9421,21.1431,19.6664,17.5383,15.1542,10.2430
15.529,0.49603310578491855,0.042309610424297,1.4906066626441772e-36,2,106.508,0.308774,0.0888135,12130.1,0.0,7.2130,38.6830,31.7462,27.5494,25.3287,24.2995,23.7718,23.3221,23.0076,22.6987,22.3954,22.0976,21.6898,21.2364,20.4215,18.9243,16.7860,14.4214,9.6632
15.635,0.20329610960830913,0.013864013143833639,2.5052626179060683e-37,2,104.553,0.24463,0.075709,11826.9,0.0,7.7429,40.5411,32.6880,28.1527,25.7593,24.6523,24.0855,23.6028,23.2656,22.9346,22.6098,22.2911,21.8550,21.3706,20.5015,18.9106,16.6530,14.1820,9.3098
15.752,0.40710703855109337,0.003634367861577125,2.9474164173403103e-38,2,102.126,0.169114,0.0564296,11515.2,0.0,8.2878,44.7590,34.1032,29.0851,26.4551,25.2411,24.6204,24.0922,23.7234,23.3616,23.0069,22.6590,22.1836,21.6561,20.7115,18.9894,16.5647,13.9439,8.9069
15.874,0.36826179241951973,0.000952727728705274,3.467605940836702e-39,2,99.2146,0.102132,0.0169899,11146.3,0.0,8.4582,57.1000,38.4559,31.4086,28.3511,26.9650,26.2564,25.6536,25.2327,24.8197,24.4146,24.0174,23.4745,22.8727,21.7964,19.8375,17.0953,14.1641,8.6841
15.992,0.11614313994620455,0.00024975185771371536,4.079603713334973e-40,2,96.3658,0.0481714,-0.0347951,10791.9,0.0,8.3738,146.0630,50.2758,37.0658,32.1160,30.1342,29.1819,28.4012,27.8710,27.3624,26.8740,26.4046,25.7677,25.0607,23.7951,21.4916,18.2717,14.8568,8.6495
16.116,0.030446227278057847,6.54709509885042e-05,4.799612972701463e-41,2,93.793,0.00925636,-0.0754817,10499.1,0.0,8.3042,92.1460,153.2400,48.3283,38.9731,35.5662,33.9908,32.7276,31.8842,31.0854,30.3279,29.6087,28.6607,27.6540,25.9582,23.1653,19.4748,15.5803,8.6692
16.230,0.007981295803579196,1.7162816975930445e-05,5.646696666253545e-42,2,91.5909,-0.0126387,-0.0980628,10277.7,0.0,8.2718,35.8824,111.4140,74.3109,50.8731,44.3993,41.5881,39.4109,37.9937,36.6776,35.4522,34.3086,32.8301,31.2946,28.7855,24.8529,20.3474,16.0986,8.6936
16.334,0.0026153110089168308,0.1895707313337417,9.490403086972332e-43,2,90.5169,-0.0167891,-0.100939,10635.3,0.0,8.2713,27.8052,88.2560,126.3180,66.7941,54.8877,50.2215,46.7513,44.5562,42.5612,40.7399,39.0711,36.9565,34.8098,31.4060,26.3154,20.8217,16.2383,8.6947
16.435,0.0008569851114018671,0.4840347345090654,1.59505204682744e-43,2,91.817,-0.00900141,-0.0726999,11112.4,0.0,8.4394,27.9355,79.7102,115.9770,138.9750,59.3938,53.5435,49.3023,46.6662,44.3007,42.1667,40.2317,37.8077,35.3780,31.5887,26.0613,20.2763,15.6258,8.5416
16.553,0.21694455657057662,0.6950903100368945,1.8765627825720154e-44,2,95.5637,0.00568899,-0.0387595,11889.9,0.0,8.6152,27.1369,69.4682,103.9180,125.2730,136.6930,60.9756,54.8951,51.3831,48.2969,45.5637,43.1264,40.1265,37.1777,32.6909,26.3800,20.0548,15.1643,8.4144
16.673,0.0951426963717841,0.7669308179061867,2.2077573480681507e-45,2,100.127,0.016868,-0.038255,12941.7,0.0,8.4963,22.3645,43.8150,79.9017,99.0129,108.9720,114.4570,119.3720,122.9540,126.5980,130.3080,134.0870,57.7351,51.2082,42.5456,31.8418,22.5368,16.1456,8.5133
16.792,0.17585811861468498,0.7927077970948244,2.5974044424286983e-46,2,105.09,0.0197207,-0.0344756,13895.2,0.0,8.3908,19.2052,31.6864,58.2757,76.5140,85.4151,90.2478,94.5484,97.6686,100.8330,104.0470,107.3110,111.9740,117.4460,128.1520,42.1232,26.6671,17.7746,8.5806
16.911,0.08075650780260799,0.7991636044803757,3.05582035247294e-47,2,109.675,0.0178291,-0.0633443,15097.8,0.0,7.8526,15.3158,21.8735,31.9483,44.3871,53.8644,58.5012,62.4161,65.1754,67.9232,70.6712,73.4289,77.3209,81.8321,90.5361,109.2420,41.9505,23.0398,9.2400
17.016,0.026462292476758586,0.8019403713223795,5.135917266401271e-48,3,111.316,0.0326433,-0.119582,11185.7,0.0,7.3805,13.3110,17.9629,24.2438,30.8296,35.7196,39.0328,42.4878,45.3572,48.2636,51.0233,53.6974,57.3636,61.5075,69.3096,85.6570,116.9130,29.4417,10.0305
17.124,-0.23075926674606928,0.8024647622811674,8.631936149640617e-49,3,115.216,0.080206,-0.135605,11304.9,0.0,6.9313,12.2529,16.3162,21.6480,27.0559,30.9556,33.5438,36.1979,38.3699,40.8224,43.4871,46.0560,49.5436,53.4578,60.7899,76.1034,105.4060,33.2789,10.7124
17.235,-0.1677333696757895,0.751603020491793,1.4507695086700987e-49,3,118.963,0.129579,-0.0470174,11495.8,0.0,7.0617,14.1284,20.5891,31.0155,43.6014,50.3904,54.0392,57.2770,59.6230,62.0023,64.4175,66.8719,70.3804,74.5014,82.5818,100.3520,42.4623,24.1390,10.0692
17.345,-0.05496287057536271,0.3019704515828757,2.438308313221835e-50,3,120.668,0.153636,-0.000240628,11150.9,0.0,7.1799,15.5870,24.3971,40.2939,52.6541,59.2712,62.9571,66.2809,68.7153,71.2023,73.7439,76.3417,80.0779,84.4957,93.2332,112.6910,33.3298,21.2756,9.7913
17.454,0.007529587710001864,0.6170737244496768,4.09806478203194e-51,3,122.25,0.155799,0.0118844,11518.6,0.0,7.2500,16.1154,25.8070,41.4297,52.8749,59.2055,62.7697,66.0025,68.3796,70.8159,73.3122,75.8707,79.5611,83.9389,92.6356,112.1400,31.5968,20.5914,9.6928
17.563,0.0712413879231634,0.7902859797464201,6.887617479161083e-52,3,125.399,0.157358,-0.0186494,12037.8,0.0,7.0203,14.7339,22.3595,34.2976,43.7397,49.0808,52.1144,54.8794,56.9201,59.0165,61.1710,63.3847,66.5859,70.3957,77.9973,95.1674,41.5430,22.5548,10.0089
17.675,0.02334437799466218,0.847429671562057,1.1576018697226032e-52,3,129.225,0.172177,-0.041426,12445.6,0.0,6.7505,13.6287,20.0084,29.3981,37.1078,41.5868,44.1590,46.5197,48.2701,50.0761,51.9383,53.8584,56.6462,59.9791,66.6715,81.9465,113.9710,24.5952,10.3853
17.783,-0.07957082302095518,0.8683304832930798,1.9455814624427793e-53,3,133.272,0.197947,-0.0456365,12821.3,0.0,6.5152,13.0640,19.0724,27.1024,33.7551,37.6998,39.9879,42.1012,43.6752,45.3061,46.9937,48.7403,51.2863,54.3458,60.5314,74.8185,105.2500,26.2195,10.6624
17.893,-0.11887728818197534,0.8757816050311014,3.2699387639275796e-54,3,137.158,0.216161,0.00728005,13306.6,0.0,6.7001,14.7580,22.2573,31.2236,38.6921,43.1414,45.7294,48.1233,49.9095,51.7617,53.6809,55.6688,58.5715,62.0642,69.1434,85.5613,120.7430,22.6405,10.2452
18.005,-0.03895370979146968,0.8786086886022163,5.495786080533083e-55,3,141.128,0.209948,0.0488154,13689.5,0.0,7.0565,16.4910,24.5302,34.1739,42.2705,47.1213,49.9508,52.5731,54.5330,56.5675,58.6783,60.8678,64.0684,67.9264,75.7653,94.0239,134.8480,20.5637,9.8002
18.114,-0.012764351624468784,0.8821703212530492,9.236767665551952e-56,3,145.271,0.180858,0.0638835,13971.7,0.0,7.4409,16.8360,24.4593,33.6406,41.4446,46.1648,48.9327,51.5066,53.4360,55.4432,57.5306,59.7001,62.8807,66.7270,74.5778,93.0147,135.6570,20.4153,9.4376
18.224,-0.01304831733405593,0.8956809263369491,1.5524235415493163e-56,3,149.438,0.137225,0.0686065,14346.7,0.0,7.7441,16.5084,23.4015,31.7046,38.8400,43.1986,45.7702,48.1712,49.9766,51.8605,53.8247,55.8723,58.8840,62.5404,70.0500,87.8797,129.5150,21.3225,9.1942
18.334,-0.15276807909814843,0.9181497825827164,2.609158246281936e-57,3,153.497,0.0882772,0.0730426,14877.9,0.0,8.1339,17.2588,24.4933,33.3014,40.9466,45.6454,48.4260,51.0281,52.9875,55.0347,57.1723,59.4030,62.6879,66.6835,74.9095,94.5136,145.1610,20.1359,8.8252
18.443,-0.05005904415888127,0.9368123461473296,4.3852122645260495e-58,4,155.062,0.0420151,0.0819728,11500.2,0.0,8.6408,18.7310,26.9537,37.1343,46.0553,51.5590,54.8206,57.8742,60.1749,62.5794,65.0897,67.7103,71.5703,76.2645,85.9259,109.4980,34.6125,18.0853,8.3522
18.556,-0.016403347589982215,0.9568644234918069,7.370226252988932e-59,4,158.028,-0.00337219,0.0637056,12179.4,0.0,8.8907,18.8800,26.9616,37.0111,45.8934,51.4112,54.6945,57.7768,60.1039,62.5396,65.0884,67.7535,71.6869,76.4823,86.3893,111.7360,34.9244,17.8906,8.1029
18.663,-0.0053750489382853725,0.9684541174929202,1.2387139263398499e-59,4,161.462,-0.0372569,0.0341474,12436.7,0.0,8.9308,18.2817,25.6775,34.8461,43.0033,48.1100,51.1641,54.0420,56.2212,58.5090,60.9087,63.4247,67.1502,71.7114,81.1926,105.5870,45.2707,18.7334,8.0375
18.773,-0.001761296036097351,0.97541563897008,2.0819064959993852e-60,4,164.916,-0.0512034,0.004543,12689.2,0.0,8.8077,17.4180,24.0777,32.2934,39.6374,44.2675,47.0496,49.6810,51.6801,53.7845,55.9983,58.3262,61.7857,66.0406,74.9493,97.8337,142.0370,20.3085,8.1510
18.883,-0.038370740752045884,0.9776967903277157,3.4990602478261666e-61,4,168.355,-0.0425466,-0.0210708,12946.4,0.0,8.5428,16.4372,22.4423,29.8248,36.4536,40.6594,43.1987,45.6090,47.4462,49.3847,51.4299,53.5875,56.8055,60.7822,69.1718,90.8365,135.8990,22.5701,8.4457
18.995,-0.04725102551283039,0.9784442780045859,5.880870558521439e-62,4,171.699,-0.0198161,-0.0187791,13216.8,0.0,8.3854,16.2906,22.4211,30.0931,37.0914,41.5765,44.2987,46.8903,48.8712,50.9659,53.1798,55.5201,59.0180,63.3518,72.5241,99.0707,135.6930,22.5670,8.6150
19.106,-0.015483216040044262,0.9794421444540427,9.883979147706983e-63,4,175.08,0.00839233,-0.0285552,13449.8,0.0,8.0909,15.6076,21.4481,28.8104,35.5960,39.9826,42.6582,45.2159,47.1767,49.2557,51.4598,53.7942,57.2973,61.6542,70.9548,100.1260,131.9270,24.0417,8.9531
19.213,-0.005073540232001703,0.9794016956447007,1.661200375355113e-63,4,178.459,0.0472819,-0.0482705,13692.0,0.0,7.6481,14.4572,19.6813,26.2472,32.3234,36.2763,38.6996,41.0254,42.8139,44.7169,46.7406,48.8915,52.1332,56.1896,64.9158,92.5377,125.7150,27.3219,9.5045
19.326,-0.15185048132809734,0.9780617792694805,2.7919794708593385e-64,4,181.719,0.0994263,-0.0494278,13959.5,0.0,7.2296,13.7205,18.7664,25.2050,31.2605,35.2468,37.7080,40.0816,41.9136,43.8693,45.9555,48.1813,51.5474,55.7787,65.2788,98.2203,122.5910,28.7103,9.9880
19.435,-0.05427750310879094,0.9722362564872733,4.69247989667329e-65,4,184.785,0.146001,-0.0233014,14209.5,0.0,7.0250,13.8935,19.5366,27.0781,34.4414,39.3894,42.4731,45.4618,47.7776,50.2550,52.9040,55.8050,60.4529,66.8271,83.3458,106.9180,123.2480,26.2553,10.1024
19.546,-0.029725951249938612,0.9565472300413748,7.886650962338798e-66,4,187.974,0.182816,-0.0270851,14388.9,0.0,6.7043,13.2463,18.6559,25.9628,33.1956,38.1113,41.1954,44.1990,46.5354,49.0763,51.9134,55.1036,60.2979,67.5934,86.7179,103.4820,83.5081,27.3973,10.4656
19.657,-0.08191581964785488,0.9131739861837076,1.3255094272402818e-66,4,190.86,0.215963,-0.0170348,14592.9,0.0,6.4972,13.0821,18.6918,26.4880,34.4058,39.8718,43.3631,46.9551,49.9128,53.2725,57.1223,61.5769,69.1333,80.0768,90.4373,102.1990,64.0312,26.8424,10.6359
19.766,-0.02684217578220909,0.8042233107770522,2.2277836943627415e-67,4,193.42,0.240184,-0.010331,14694.6,0.0,6.3401,12.9422,18.6976,26.8858,35.3858,41.6259,45.9631,50.5812,54.4981,59.0768,64.5015,71.0287,78.2272,83.0117,89.6285,99.4334,55.7638,26.5087,10.7646
19.873,-0.008795644160314272,0.3109443944754245,3.7442360551154605e-68,4,194.118,0.262395,-0.0214766,14480.1,0.0,6.0934,12.2618,17.5715,25.0849,32.9939,39.0955,43.3868,48.0056,51.9623,56.6329,62.2326,68.5582,73.7571,77.9413,84.0399,93.3660,58.0629,28.0723,11.0850
19.985,-0.0028821566784517803,0.1018902591817071,0.6102236297607422,4,189.076,0.292943,-0.0358041,13694.4,0.0,5.7672,11.3900,16.1409,22.7892,29.9665,35.6090,39.5975,43.9078,47.6132,52.0073,57.2994,63.0534,67.8148,71.7673,77.6078,86.6566,61.9503,30.2187,11.5309
20.097,-0.0009444251003950793,0.03338740012866178,0.7818149795151673,4,176.211,0.334193,-0.0502198,12494.2,0.0,5.3633,10.4006,14.5791,20.3904,26.8377,31.9195,35.5163,39.4080,42.7584,46.7355,51.5330,56.9672,61.6223,65.4590,71.1334,79.9782,91.3818,32.3760,12.0940
20.205,-0.13774888948184746,0.010940383274159892,0.4404543394994481,4,164.473,0.38295,-0.0551732,11908.7,0.0,4.9510,9.5585,13.3781,18.8746,25.1789,30.2663,33.9328,37.9628,41.4860,45.7339,50.8391,54.4414,58.0354,61.3535,66.5127,74.8419,85.8659,33.2517,12.6075
20.315,-0.04513755610541177,0.003584944791276713,0.4873276778074457,4,155.972,0.42716,-0.0354369,11237.9,0.0,4.6805,9.3311,13.4939,20.0857,28.5707,36.2723,42.3772,48.2267,50.9435,53.1921,55.1785,56.9903,59.3193,61.7654,65.9201,73.1400,83.1987,30.9068,12.7106
20.426,-0.01479067438462133,0.0011747147092055533,0.7520031730630036,4,145.273,0.463099,-0.0357469,10144.5,0.0,4.3871,8.8450,12.9707,19.7338,28.8825,37.6522,43.5539,46.9176,48.9133,50.7173,52.3862,53.9531,56.0143,58.2222,62.0459,68.8419,78.5292,30.7355,12.9613
20.534,-0.004846608182352717,0.00038493051591247573,0.8108115532100292,3,133.513,0.497599,-0.0464872,11152.1,0.0,4.0779,8.1657,11.9080,17.9577,25.9777,33.4939,38.7353,41.9126,43.8107,45.5330,47.1315,48.6363,50.6215,52.7552,56.4672,63.1165,72.7141,31.9457,13.3420
20.644,-0.0015881365691933383,0.00012613403145420005,0.8251343511049433,3,121.92,0.529628,-0.0497916,9692.92,0.0,3.8065,7.5821,11.0099,16.4929,23.6527,30.2525,34.7589,37.6366,39.3958,41.0081,42.5150,43.9413,45.8324,47.8756,51.4526,57.9218,67.3867,33.0010,13.6770
20.754,-0.004702016217702258,4.133159942691227e-05,0.6613749428169656,3,110.518,0.558827,-0.049928,8527.79,0.0,3.5698,7.1090,10.3211,15.4569,22.1592,28.3333,31.9544,34.4141,35.9813,37.4445,38.8294,40.1525,41.9218,43.8493,47.2553,53.4945,62.7657,34.7173,13.9402
20.863,-0.17718415795506826,1.3543538500210612e-05,0.11115728663924743,3,101.718,0.58517,-0.0470389,9192.71,0.0,3.3654,6.7330,9.8117,14.7797,21.3488,27.1729,29.9038,31.9783,33.3516,34.6590,35.9141,37.1263,38.7635,40.5645,43.7822,49.7636,58.8028,70.0134,14.1307
20.973,-0.07356447440640856,4.437946695749014e-06,0.14103327938420832,3,97.0295,0.607003,-0.0348819,8744.95,0.0,3.2242,6.5802,9.7478,15.0756,22.5627,27.1864,29.2649,30.9690,32.1376,33.2734,34.3810,35.4643,36.9454,38.5942,41.5812,47.2357,55.9510,66.9593,14.1375
21.085,-0.044506699472619295,1.4542263732630368e-06,0.6632821745087797,2,89.6636,0.620556,-0.017772,9734.97,0.0,3.1640,6.6507,10.1068,16.3215,23.8976,27.2897,28.9933,30.4408,31.4541,32.4523,33.4368,34.4090,35.7510,37.2602,40.0278,45.3569,53.7290,64.4922,14.0019
21.193,-0.05251198354848867,4.7652089799083194e-07,0.11430249785045232,2,82.6645,0.629073,-0.0112541,9362.8,0.0,3.1126,6.6200,10.1667,16.7296,22.9834,25.8722,27.3747,28.6716,29.5888,30.4990,31.4027,32.3002,33.5468,34.9582,37.5689,42.6618,50.7935,61.4215,13.9814
21.306,-0.06015050466341877,1.5614636785363582e-07,0.019210820813725528,2,80.931,0.628523,0.0138132,9238.44,0.0,3.1965,7.1329,11.4664,18.8508,23.8476,26.3443,27.6730,28.8335,29.6610,30.4871,31.3117,32.1347,33.2842,34.5935,37.0346,41.8550,49.6674,60.0254,13.6315
21.415,-0.029758254141302426,5.116604181827938e-08,0.0032287626541628502,2,79.9236,0.620166,0.0267908,9133.27,0.0,3.3129,7.5936,12.5379,18.9142,23.2123,25.4361,26.6362,27.6925,28.4499,29.2095,29.9709,30.7339,31.8040,33.0292,35.3293,39.9223,47.4781,57.6528,13.3936
21.526,-0.17413913713123993,1.6766088583013784e-08,0.0005426581392851503,2,78.9937,0.603626,0.056205,9027.85,0.0,3.5695,8.7455,14.2206,19.8486,23.7231,25.7576,26.8631,27.8406,28.5438,29.2510,29.9616,30.6754,31.6796,32.8330,35.0086,39.3884,46.6743,56.6014,12.9028
21.635,-0.12035320110137955,0.05363871643141191,9.12045534696552e-05,2,78.2772,0.571519,0.0982491,8991.68,0.0,4.0529,10.6566,16.0634,21.3498,24.9799,26.8926,27.9346,28.8573,29.5221,30.1914,30.8647,31.5418,32.4957,33.5932,35.6686,39.8658,46.8958,56.5465,12.2042
21.745,-0.21903345715026568,0.13114222522524505,1.5328749301644948e-05,2,78.083,0.525004,0.133992,9032.4,0.0,4.7006,11.9948,17.1818,22.1473,25.5596,27.3641,28.3493,29.2232,29.8536,30.4890,31.1290,31.7732,32.6819,33.7292,35.7147,39.7480,46.5514,55.9687,11.5933
21.857,-0.1868111228084991,0.1577071218618083,2.576302895127467e-06,2,78.1202,0.457673,0.194527,9066.57,0.0,5.7391,14.0258,19.3942,24.3441,27.6941,29.4563,30.4166,31.2674,31.8809,32.4988,33.1209,33.7470,34.6296,35.6465,37.5734,41.4859,48.0834,57.2206,10.7366
21.967,-0.06121426872188899,0.09710322359792734,4.3299922758407334e-07,2,78.1664,0.372764,0.226956,9012.32,0.0,6.5332,14.8693,19.9750,24.6460,27.8141,29.4857,30.3983,31.2080,31.7924,32.3815,32.9751,33.5730,34.4170,35.3907,37.2393,41.0078,47.4033,56.3351,10.1532
22.077,-0.32763243880069776,0.09563258704294382,7.277418018005523e-08,2,77.931,0.286172,0.211904,8988.63,0.0,7.2174,15.5503,20.4432,24.8897,27.9087,29.5048,30.3774,31.1523,31.7120,32.2766,32.8460,33.4199,34.2306,35.1669,36.9477,40.5891,46.8034,55.5464,9.6119
22.186,-0.10735859754621264,0.09209228846598183,1.2231156462861887e-08,2,77.7396,0.199506,0.216873,8960.61,0.0,8.0649,16.8804,21.8299,26.2495,29.2257,30.7940,31.6503,32.4102,32.9587,33.5118,34.0694,34.6312,35.4246,36.3403,38.0809,41.6380,47.7064,56.2474,8.8971
22.297,-0.06495217959513924,0.09374514874078292,2.055690466713198e-09,2,77.595,0.119775,0.186723,8944.78,0.0,8.4995,16.8822,21.4868,25.6108,28.4053,29.8845,30.6942,31.4139,31.9341,32.4593,32.9893,33.5239,34.2799,35.1540,36.8199,40.2415,46.1280,54.5052,8.4959
22.406,-0.3000698142354501,0.18761540448000474,3.454998967404872e-10,2,77.4615,0.0470562,0.182012,9031.55,0.0,9.0922,17.6092,22.1673,26.2161,28.9507,30.3968,31.1880,31.8911,32.3993,32.9123,33.4300,33.9522,34.6907,35.5447,37.1725,40.5179,46.2815,54.5047,7.9522
22.513,-0.09832687672867228,0.334449462224383,5.806816764517369e-11,2,78.5605,-0.0267862,0.177043,9259.15,0.0,9.6805,18.3089,22.8183,26.7939,29.4706,30.8845,31.6578,32.3450,32.8416,33.3429,33.8488,34.3592,35.0808,35.9153,37.5065,40.7780,46.4218,54.4934,7.3997
22.624,-0.21665276098019645,0.46017453259418584,9.759516936124344e-12,2,80.708,-0.0923754,0.146016,9657.13,0.0,9.9270,18.0835,22.2999,26.0301,28.5545,29.8929,30.6265,31.2793,31.7516,32.2289,32.7109,33.1977,33.8869,34.6851,36.2105,39.3612,44.8391,52.7577,7.0749
22.734,-0.3244235415621158,0.5493713912310878,1.6402820114544186e-12,2,83.1926,-0.156064,0.162244,10281.7,0.0,10.6194,19.2739,23.6447,27.4611,30.0221,31.3741,32.1136,32.7707,33.2457,33.7252,34.2092,34.6975,35.3882,36.1873,37.7117,40.8513,46.2859,17.0934,6.4628
22.846,-0.1063071060990741,0.5909790877911029,2.756821976651442e-13,2,86.4025,-0.223399,0.174787,10706.8,0.0,11.3140,20.3889,24.8687,28.7366,31.3145,32.6706,33.4110,34.0684,34.5431,35.0221,35.5052,35.9923,36.6809,37.4767,38.9932,42.1091,47.4853,13.2605,5.8659
22.956,-0.44467776627358363,0.6388141759248885,4.633390696158079e-14,2,89.7903,-0.290566,0.16652,11251.6,0.0,11.7749,20.8194,25.2206,29.0075,31.5288,32.8549,33.5791,34.2220,34.6863,35.1548,35.6274,36.1040,36.7778,37.5567,39.0413,42.0943,47.3704,11.9092,5.3801
23.064,-0.2130011276707779,0.6784936819014425,7.787339743032883e-15,2,92.9539,-0.360809,0.195665,12126.5,0.0,12.6953,22.4827,27.1159,31.0419,33.6291,34.9824,35.7194,36.3725,36.8436,37.3184,37.7968,38.2788,38.9592,39.7446,41.2381,44.2961,49.5468,9.2808,4.7214
23.174,-0.0697962095151605,0.6988113272635897,1.3088181906115368e-15,2,96.4385,-0.432653,0.217175,12858.0,0.0,13.5636,23.9280,28.7140,32.7202,35.3399,36.7045,37.4462,38.1027,38.5758,39.0522,39.5319,40.0147,40.6957,41.4809,42.9716,46.0147,11.9835,7.5527,4.1134
23.283,-0.022870821933927792,0.7072037632958581,2.19973073296081e-16,2,100.134,-0.50352,0.215899,13450.1,0.0,14.1267,24.5583,29.3086,33.2682,35.8524,37.1975,37.9284,38.5751,39.0411,39.5104,39.9828,40.4582,41.1288,41.9019,43.3695,46.5880,9.6380,6.4778,3.5943
23.395,-0.007494310931309459,0.7120333885317867,3.6970874428872337e-17,2,104.006,-0.570876,0.200356,13905.1,0.0,14.4595,24.6488,29.2589,33.1036,35.6163,36.9256,37.6374,38.2676,38.7218,39.1793,39.6400,40.1039,40.7617,41.5455,43.1227,46.7687,8.3692,5.6823,3.1343
23.507,-0.0024557358059714837,0.7206197120822208,6.213694865260574e-18,2,108.03,-0.631358,0.172766,14296.4,0.0,14.5751,24.2885,28.6814,32.3597,34.7729,36.0336,36.7199,37.3288,37.7762,38.2374,38.7129,39.2035,39.9167,40.7719,42.5014,46.5444,7.6824,5.1064,2.7424
23.614,-0.0008046955089007358,0.7403260090519771,1.0443356960043448e-18,2,112.256,-0.680376,0.132841,14692.1,0.0,14.4594,23.4913,27.5957,31.0573,33.3426,34.5556,35.2467,35.8802,36.3503,36.8357,37.3370,37.8552,38.6102,39.5183,41.3639,45.7277,7.7524,4.8080,2.4491
23.726,-0.17749904454600698,0.7618961731305268,1.7552150042745026e-19,3,116.379,-0.712637,0.0888433,11899.4,0.0,14.1985,22.5142,26.3205,29.5567,31.7609,33.0187,33.7409,34.4048,34.8985,35.4094,35.9381,36.4858,37.2859,38.2517,40.2262,44.9586,9.3831,4.8309,2.2833
23.835,-0.13556928931763557,0.772072378245786,2.9499898576841567e-20,3,117.452,-0.731415,0.0532687,11537.9,0.0,13.9602,21.7323,25.3106,28.4419,30.8030,32.1718,32.9623,33.6922,34.2367,34.8019,35.3888,35.9986,36.8933,37.9790,40.2193,45.7030,59.5982,5.0265,2.2037
23.944,-0.04442334472360282,0.7771010089348293,4.958047953809761e-21,3,120.931,-0.731458,0.0100083,11722.2,0.0,13.5371,20.6622,23.9901,27.2180,29.7287,31.2003,32.0556,32.8488,33.4429,34.0616,34.7063,35.3787,36.3697,37.5796,40.1018,46.4272,63.4915,6.0327,2.3022
24.055,-0.1279354254051532,0.7792306656390148,8.332991195968065e-22,3,124.509,-0.701953,-0.0598752,11964.9,0.0,12.7227,18.8540,21.8869,24.9766,27.3993,28.8275,29.6605,30.4348,31.0161,31.6224,32.2554,32.9168,33.8942,35.0914,37.6011,43.9804,61.8241,147.2310,2.7771
24.166,-0.1296277180858106,0.7805308552978424,1.4005258303063527e-22,3,127.731,-0.639785,-0.096236,12362.4,0.0,12.0149,17.6943,20.9051,24.2775,26.9907,28.6200,29.5806,30.4807,31.1609,31.8746,32.6242,33.4126,34.5872,36.0418,39.1492,47.4207,73.8570,200.0000,3.5470
24.273,-0.04247641066235842,0.780956901445247,2.3538637629958868e-23,3,131.143,-0.545002,-0.146838,12609.6,0.0,11.0255,16.3251,19.5916,23.1096,26.0092,27.7813,28.8373,29.8344,30.5928,31.3931,32.2390,33.1344,34.4794,36.1636,39.8325,50.0971,88.7026,200.0000,4.9068
24.386,-0.09796896792912285,0.7810965082468285,3.956138826467188e-24,3,134.636,-0.409891,-0.219852,12863.4,0.0,9.7201,14.5343,17.5808,20.9055,23.6813,25.3938,26.4203,27.3936,28.1366,28.9232,29.7575,30.6436,31.9811,33.6665,37.3794,48.0796,92.9609,115.2180,7.3021
24.495,-0.05183364416901497,0.7820834167129458,6.649082525643403e-25,3,138.007,-0.231375,-0.267238,13188.6,0.0,8.5046,13.1069,16.1024,19.4610,22.3409,24.1535,25.2534,26.3057,27.1153,27.9786,28.9009,29.8884,31.3941,33.3186,37.6674,51.1099,127.9000,71.6884,9.3113
24.606,-0.016984848521302824,0.7814656447697481,1.117511300084887e-25,3,141.475,-0.0417132,-0.250913,13462.3,0.0,7.2633,11.3614,14.0689,17.1480,19.8261,21.5300,22.5710,23.5721,24.3456,25.1735,26.0618,27.0172,28.4827,30.3709,34.7024,48.6842,150.7500,71.3255,11.2873
24.716,-0.14653793361497225,0.7818655570094011,1.8782012420526697e-26,3,144.87,0.140237,-0.235028,13787.0,0.0,6.0523,9.6098,11.9973,14.7534,17.1871,18.7538,19.7179,20.6502,21.3740,22.1521,22.9909,23.8975,25.2974,27.1178,31.3659,45.8068,187.3700,70.9440,13.0810
24.824,-0.0738542843839541,0.7828639752520905,3.156692827517922e-27,3,148.07,0.304441,-0.183652,14149.0,0.0,5.0626,8.4693,10.8952,13.8613,16.6428,18.5208,19.7127,20.8926,21.8278,22.8525,23.9800,25.2266,27.2103,29.9032,36.7394,67.9251,200.0000,53.0904,13.8260
24.935,-0.03505338493427783,0.78304808030123,5.305453635209372e-28,3,151.436,0.446422,-0.159152,14391.4,0.0,4.0994,7.0475,9.2186,11.9637,14.6339,16.4920,17.6954,18.9054,19.8781,20.9581,22.1640,23.5189,25.7238,28.8166,37.2277,89.8401,173.9720,50.5723,14.8071
25.046,-0.2086153316709204,0.7838613375312321,8.916875924696391e-29,3,154.586,0.567614,-0.119906,14745.7,0.0,3.2981,5.9457,8.0214,10.8222,13.7569,15.9346,17.4093,18.9467,20.2242,21.6883,23.3828,25.3666,28.7897,34.0469,51.8123,188.0540,105.1920,44.7615,15.2332
25.156,-0.08201495329592719,0.7820482338634841,1.498659336663723e-29,4,157.128,0.656443,-0.0583714,12188.0,0.0,2.7589,5.4221,7.7898,11.4796,16.1252,20.2434,23.4434,27.2117,30.7444,35.3343,41.5389,50.3913,71.8316,139.8690,187.1180,155.8800,66.0402,36.8298,14.9532
25.262,-0.03268255262257192,0.7814541160536365,2.518796747130719e-30,4,157.816,0.709692,-0.0323629,12072.2,0.0,2.3873,4.8929,7.2743,11.3164,17.0772,22.9422,28.0971,34.9799,42.4033,53.8316,73.7005,116.8310,170.9970,181.0580,193.5270,114.3740,58.2345,34.7966,15.0005
25.374,-0.11341357626858936,0.7812594355297056,4.2333416929026e-31,4,160.165,0.736691,-0.00456297,12244.3,0.0,2.2241,4.7892,7.4391,12.4991,21.2610,32.7923,46.1583,71.7642,118.8820,163.3830,170.9070,176.4260,182.6690,188.6010,197.6920,88.8037,51.2182,32.4362,14.8040
25.486,-0.03716336067169136,0.777549957068749,7.114977383261403e-32,4,162.493,0.737079,0.0269459,12403.3,0.0,2.2936,5.2589,8.6925,16.5910,36.8116,94.5391,160.4040,169.3160,174.1130,178.2470,181.9290,185.2720,189.5140,147.8460,107.8840,70.1534,44.5043,29.7000,14.3580
25.593,-0.012177690024899827,0.7775692398541627,1.195814248804744e-32,4,164.874,0.717217,0.0372565,12560.6,0.0,2.4941,5.8482,9.9029,20.0048,52.1244,152.6540,163.4430,169.9590,173.8850,177.4110,180.6320,183.6060,187.4330,127.5140,96.4140,64.9007,42.1918,28.5758,14.0572
25.705,0.015303778251390825,0.777304503749787,2.009805007966133e-33,4,167.239,0.687441,0.0395981,12732.7,0.0,2.7637,6.5143,11.0951,22.7368,62.0763,151.0510,160.1840,166.1630,169.8430,173.1810,176.2500,179.1000,182.7840,121.7850,92.7224,62.8600,41.0784,27.9113,13.7836
25.816,0.01832157915181575,0.7779706847106052,3.3778792768886798e-34,4,169.572,0.658418,0.0262955,12907.9,0.0,2.9777,6.8181,11.2534,21.4089,47.1105,118.2160,147.4220,154.8860,159.1540,162.9140,166.3080,169.4220,173.4080,177.5380,103.6930,67.2678,42.6041,28.4044,13.7163
25.924,0.006003615056466984,0.779732484747221,5.677201700666805e-35,4,171.894,0.63578,0.0206014,13079.4,0.0,3.1562,7.1411,11.6415,21.5521,44.4244,94.8910,138.6560,146.9460,151.4570,155.3690,158.8710,162.0660,166.1420,170.3550,108.7000,68.9766,43.0436,28.4503,13.6027
26.036,0.0019672645817031013,0.7779169808363443,9.541672898310699e-36,4,174.195,0.617051,0.019017,13248.0,0.0,3.3130,7.4714,12.1395,22.3135,45.2530,93.3499,133.0540,141.1620,145.5900,149.4380,152.8870,156.0390,160.0670,164.2370,109.3670,68.9469,42.8406,28.2463,13.4675
26.145,0.0006446332581324724,0.7778039515148284,1.6036689640190793e-36,4,176.472,0.599808,0.0185119,13416.4,0.0,3.4604,7.7957,12.6530,23.2050,46.8255,95.5923,128.2850,135.9080,140.1600,143.8810,147.2330,150.3060,154.2450,158.3380,108.8180,68.4550,42.4761,27.9838,13.3303
26.256,0.01438215584514985,0.7779837578167539,2.6952864278268665e-37,4,178.719,0.583893,0.0138713,13583.4,0.0,3.5808,7.9913,12.8478,23.0978,44.6526,83.8996,120.1830,128.3990,132.7910,136.5900,139.9910,143.0990,147.0730,151.1970,158.0280,70.0708,42.9124,28.0623,13.2572
26.365,0.014594220732944951,0.7769584579957689,4.5299678992486136e-38,4,180.934,0.572445,0.00704777,13746.9,0.0,3.6538,8.0444,12.7620,22.3322,40.8986,70.1345,108.8940,119.4450,124.2430,128.2670,131.8130,135.0240,139.1050,143.3210,150.2850,73.2156,43.9230,28.3985,13.2496
26.475,0.0165968301215264,0.7771043627504286,7.613517048267145e-39,4,183.124,0.566864,-8.64267e-05,13909.0,0.0,3.6750,7.9804,12.4945,21.3096,37.2096,59.4617,87.3475,109.7360,115.2390,119.5910,123.3330,126.6780,130.8880,135.2100,142.3200,77.1958,45.2356,28.8835,13.2964
26.584,0.007127573316800971,0.7766702978204354,1.2796038103022594e-39,4,185.29,0.567715,-0.00621986,14068.6,0.0,3.6455,7.8255,12.1206,20.2570,34.1459,52.0487,72.2830,99.7830,106.3920,111.1190,115.0550,118.5180,122.8360,127.2400,134.4530,81.3035,46.6064,29.4240,13.3860
26.694,0.0023355632244493425,0.7792099989710503,2.150630123975008e-40,4,187.44,0.573203,-0.00830626,14228.2,0.0,3.5918,7.6806,11.8539,19.6818,32.8137,49.3254,67.4463,93.0935,99.7681,104.4510,108.3350,111.7490,116.0070,120.3530,127.4870,83.0764,47.2481,29.7108,13.4613
26.805,0.0007653173573875606,0.7797711535565838,3.6145640493647957e-41,4,189.576,0.580822,-0.00881302,14386.4,0.0,3.5259,7.5327,11.6156,19.2560,32.0206,47.9771,65.3703,87.9613,94.0367,98.4685,102.1880,105.4790,109.6040,113.8320,120.8100,83.9578,47.5952,29.8999,13.5335
26.915,0.00025077919166875586,0.7795695326911714,6.074997797767414e-42,4,191.684,0.589262,-0.00892031,14548.0,0.0,3.4545,7.3788,11.3763,18.8530,31.3332,46.9152,63.8761,83.0471,88.4639,92.5999,96.1257,99.2719,103.2400,107.3320,114.1270,125.4920,47.8746,30.0692,13.6073
27.024,8.217532552601793e-05,0.780039551503493,1.0210248798707694e-42,4,193.779,0.597962,-0.00889397,14696.3,0.0,3.3815,7.2230,11.1366,18.4573,30.6798,45.9445,62.5659,78.0792,82.8908,86.7226,90.0431,93.0341,96.8341,100.7780,107.3710,118.5080,48.1304,30.2314,13.6814
27.133,2.6927210668365553e-05,0.7749968465647895,1.7160365155988023e-43,4,195.833,0.606777,-0.00889075,14847.5,0.0,3.3073,7.0647,10.8926,18.0531,30.0083,44.9399,61.1992,72.9594,77.2377,80.7711,83.8831,86.7137,90.3375,94.1246,100.5040,111.3920,48.3952,30.3979,13.7568
27.243,8.823508391810024e-06,0.4620306151198502,2.884142571766907e-44,4,197.237,0.615704,-0.00889075,14785.3,0.0,3.2323,6.9043,10.6453,17.6432,29.3271,43.9196,59.6082,67.7242,71.5209,74.7599,77.6593,80.3231,83.7620,87.3831,93.5321,104.1470,48.6641,30.5668,13.8332
27.356,2.8912872298283088e-06,0.1513981919624725,0.04705810546875,4,196.277,0.624632,-0.00889385,14540.5,0.0,3.1572,6.7439,10.3979,17.2330,28.6447,42.8969,56.2084,62.4315,65.7907,68.7414,71.4253,73.9171,77.1628,80.6083,86.5117,96.8289,48.9337,30.7360,13.9097
27.463,9.474169994701402e-07,0.04961015954226299,0.7175646977233886,4,187.762,0.633402,-0.00930107,13465.6,0.0,3.0821,6.5787,10.1363,16.7785,27.8317,41.5725,51.9512,57.0612,60.0445,62.7296,65.2081,67.5323,70.5871,73.8567,79.5110,89.5208,49.4274,30.9396,13.9906
27.577,3.104496023863756e-07,0.01625625707880874,0.8314171935644852,4,174.291,0.641901,-0.0101191,12265.1,0.0,3.0083,6.4114,9.8651,16.2888,26.9089,39.9914,47.5502,51.8757,54.5365,56.9810,59.2680,61.4331,64.3040,67.4020,72.8108,82.5126,96.4053,31.1769,14.0751
27.683,1.0172812570996756e-07,0.0053268503195840495,0.8131940114162307,4,161.087,0.650185,-0.0107875,11251.8,0.0,2.9368,6.2514,9.6081,15.8324,26.0688,38.0759,43.4289,47.1238,49.4915,51.7082,53.8096,55.8182,58.5059,61.4311,66.5902,75.9731,89.6428,31.3972,14.1558
27.795,-0.026714081321602766,0.0017455023127213014,0.7822014320800248,4,148.567,0.658189,-0.0109687,10311.1,0.0,2.8691,6.1052,9.3806,15.4492,25.4153,35.5175,39.6850,42.8552,44.9549,46.9554,48.8762,50.7304,53.2346,55.9854,60.8889,69.9387,83.3590,31.5667,14.2271
27.904,-0.023614602842176854,0.0005719661978325161,0.6410143488705979,3,136.907,0.66574,-0.0109652,12090.6,0.0,2.8057,5.9704,9.1735,15.1083,24.8549,32.8100,36.2079,38.9484,40.8117,42.6143,44.3657,46.0725,48.3988,50.9785,55.6278,64.3401,77.4963,31.9957,14.2918
28.016,-0.025399504916310055,0.0001874218837057589,0.4774028173202478,3,126.223,0.672881,-0.0114144,11031.1,0.0,2.7445,5.8355,8.9596,14.7361,24.0788,30.0036,32.8517,35.2390,36.8964,38.5209,40.1163,41.6851,43.8424,46.2576,50.6587,59.0370,71.9277,33.8807,14.3597
28.126,-0.06607062405452764,6.141440285270308e-05,0.08023709150701405,3,118.079,0.679788,-0.011964,10682.8,0.0,2.6852,5.7035,8.7490,14.3662,22.6210,27.2788,29.6960,31.7802,33.2526,34.7130,36.1618,37.5986,39.5919,41.8452,45.9989,54.0394,66.6545,82.5992,14.4271
28.235,-0.04978360851611926,2.0124271526773744e-05,0.013485447969583852,3,113.719,0.684958,-0.00284863,10308.0,0.0,2.6656,5.7584,8.9714,15.1589,22.2962,26.1124,28.1798,29.9988,31.3023,32.6080,33.9140,35.2198,37.0472,39.1307,43.0168,50.6653,62.8995,78.6418,14.3382
28.345,-0.1361523867948507,6.5943212938932206e-06,0.0022664992402479586,3,112.469,0.68168,0.0218809,10201.5,0.0,2.7621,6.2661,10.2430,17.4150,23.4641,26.7962,28.6312,30.2613,31.4374,32.6219,33.8138,35.0110,36.6944,38.6265,42.2584,49.4983,61.2530,76.5906,13.9673
28.456,-0.1756140918955867,2.1608272015829306e-06,0.00038093052730847436,3,111.091,0.656009,0.0920123,10064.5,0.0,3.2292,8.6971,15.3713,23.5361,29.5745,32.7991,34.5578,36.1143,37.2339,38.3592,39.4893,40.6239,42.2169,44.0421,47.4699,54.2911,65.3511,31.1012,12.9193
28.565,-0.05754522563234584,7.080598574146947e-07,6.40229937247353e-05,3,109.828,0.599171,0.148286,9958.36,0.0,4.0428,11.8567,19.4419,27.6819,33.5087,36.5852,38.2581,39.7358,40.7983,41.8660,42.9378,44.0127,45.5219,47.2515,50.4984,56.9627,67.4624,25.5246,11.9655
28.673,-0.018856419535207086,2.3201705407764713e-07,1.076034455531626e-05,3,108.738,0.518956,0.166764,9866.55,0.0,4.9348,13.1384,20.1342,27.5542,32.8574,35.6878,37.2351,38.6079,39.5978,40.5942,41.5968,42.6050,44.0248,45.6564,48.7337,54.9097,65.0600,25.4524,11.3693
28.786,-0.0061788715532966575,7.602734828016341e-08,1.808491109412004e-06,3,107.707,0.430021,0.15711,9775.48,0.0,5.6071,13.4758,19.6284,26.1253,30.8560,33.4177,34.8296,36.0885,36.9996,37.9199,38.8488,39.7859,41.1104,42.6389,45.5406,51.4290,61.2645,28.4096,10.9702
28.895,-0.01727129029415847,2.4912641484443945e-08,3.0395310075887555e-07,3,106.698,0.355854,0.118942,9684.55,0.0,6.0296,13.3253,18.6830,24.3323,28.5168,30.8151,32.0919,33.2360,34.0676,34.9105,35.7642,36.6284,37.8544,39.2763,41.9946,47.5814,57.0870,70.0503,10.7547
29.004,-0.41088048338553124,0.006588142928999362,5.108539764454421e-08,3,105.47,0.294135,0.125465,9573.46,0.0,6.6319,14.5032,20.0687,25.7772,29.9341,32.1994,33.4538,34.5759,35.3902,36.2148,37.0490,37.8926,39.0885,40.4740,43.1184,48.5430,57.7656,70.2250,10.1878
29.114,-0.18724973813577087,0.0741705038468495,8.585922782118546e-09,3,104.206,0.221133,0.188819,9507.15,0.0,7.8478,18.1951,25.1529,31.8016,36.3838,38.8086,40.1323,41.3062,42.1525,43.0049,43.8628,44.7259,45.9424,47.3432,49.9956,55.3454,64.1215,18.8072,9.0890
29.226,-0.0613579941923294,0.15181433913803563,1.443036041990664e-09,3,103.596,0.13332,0.211707,9512.29,0.0,8.9245,20.5957,27.9850,34.7736,39.3480,41.7435,43.0459,44.1980,45.0278,45.8628,46.7026,47.5466,48.7332,50.0954,52.6612,57.7828,66.0572,15.8840,8.2750
29.335,-0.11203529508020421,0.2514789738206265,2.425310675773709e-10,3,103.769,0.0375926,0.191075,9576.49,0.0,9.5887,20.9209,27.8254,34.1555,38.4419,40.6978,41.9280,43.0186,43.8052,44.5971,45.3935,46.1942,47.3219,48.6188,51.0635,55.9638,63.9309,15.1323,7.6824
29.444,-0.10902484433059224,0.31429040943841785,4.076219652772873e-11,3,104.452,-0.0577977,0.181602,9683.07,0.0,10.3456,21.7088,28.3702,34.4144,38.5011,40.6563,41.8314,42.8720,43.6220,44.3773,45.1375,45.9013,46.9762,48.2119,50.5431,55.2144,62.8881,13.8272,7.0156
29.556,-0.09750674400884027,0.35882767159915574,6.8509023704153676e-12,3,105.469,-0.149016,0.168928,9801.49,0.0,11.0053,22.2499,28.6338,34.3850,38.2778,40.3283,41.4464,42.4369,43.1503,43.8683,44.5907,45.3173,46.3405,47.5160,49.7338,54.1831,61.7627,12.6769,6.3872
29.668,-0.2191053113295824,0.41198067682023637,1.151431161395711e-12,3,106.624,-0.236609,0.170135,9980.18,0.0,11.7832,23.3036,29.6289,35.2599,39.0380,41.0167,42.0926,43.0444,43.7291,44.4175,45.1092,45.8043,46.7823,47.9047,50.0174,54.2431,20.3058,11.0959,5.7135
29.773,-0.07179642841647756,0.43944795903983,1.9352103529577714e-13,3,108.118,-0.325269,0.168601,10108.9,0.0,12.5217,24.1865,30.4056,35.8789,39.5155,41.4115,42.4399,43.3487,44.0022,44.6584,45.3174,45.9787,46.9083,47.9752,49.9798,54.1400,15.8033,9.6540,5.0467
29.885,-0.023526253663511368,0.4602182349525465,3.2525080402161255e-14,3,109.818,-0.406035,0.134835,10259.6,0.0,12.7600,23.5899,29.2905,34.3201,37.6814,39.4415,40.3994,41.2464,41.8562,42.4696,43.0864,43.7067,44.5799,45.5828,47.4741,51.5269,16.8563,9.1417,4.5558
29.995,-0.0077090828004594035,0.4817786491198754,5.466490263191242e-15,3,111.63,-0.467557,0.0882049,10439.3,0.0,12.6884,22.3970,27.4733,31.9869,35.0341,36.6421,37.5205,38.2994,38.8614,39.4280,39.9990,40.5742,41.3859,42.3210,44.0928,47.9038,56.3208,9.3246,4.2468
30.106,-0.15810347334949593,0.5366606242279758,9.18753018534552e-16,3,113.616,-0.503686,0.0433054,10672.6,0.0,12.4668,21.1744,25.7033,29.7552,32.5142,33.9804,34.7836,35.4979,36.0145,36.5364,37.0633,37.5951,38.3467,39.2151,40.8685,44.4693,52.4698,10.2605,4.1293
30.216,-0.3412861275672503,0.5868366115501481,1.544148198251022e-16,3,115.469,-0.527526,0.0575961,11023.7,0.0,12.7931,21.8074,26.4171,30.4821,33.2186,34.6633,35.4518,36.1515,36.6567,37.1662,37.6800,38.1994,38.9539,39.8609,41.7033,46.0539,56.1509,9.0869,3.8727
30.323,-0.1118326382812366,0.6084478943102526,2.5952498768004926e-17,3,117.563,-0.552696,0.0759754,11261.9,0.0,13.1836,22.5798,27.2754,31.3460,34.0510,35.4996,36.3326,37.1004,37.6724,38.2653,38.8802,39.5183,40.4528,41.5843,43.9100,49.5528,63.5369,7.9530,3.5999
30.434,-0.2420612240942862,0.6163968544450835,4.361836467938589e-18,3,119.895,-0.577096,0.062395,11424.1,0.0,13.2117,22.2477,26.6987,30.5396,33.2395,34.8139,35.7266,36.5713,37.2030,37.8599,38.5433,39.2549,40.3018,41.5766,44.2224,50.7885,68.0222,7.8157,3.4454
30.545,-0.14242395457071572,0.6147460111083151,7.330938551664386e-19,3,122.045,-0.599609,0.0605561,11640.1,0.0,13.3500,22.2295,26.5233,30.4729,33.5929,35.4444,36.5285,37.5392,38.2996,39.0946,39.9262,40.7973,42.0882,43.6755,47.0252,55.6773,80.9833,7.3854,3.2645
30.655,-0.046669481433732125,0.6097688010449727,1.2321108423782331e-19,3,124.461,-0.615747,0.0342599,11768.5,0.0,13.1514,21.3458,25.3691,29.5052,32.8404,34.8463,36.0303,37.1404,37.9797,38.8609,39.7870,40.7615,42.2144,44.0155,47.8698,58.1742,91.5495,7.8908,3.2158
30.765,-0.01529265567620534,0.6039094157264167,2.0708086927850964e-20,3,126.921,-0.61202,-0.0228813,11941.5,0.0,12.5352,19.5705,23.2567,27.1632,30.3338,32.2497,33.3837,34.4492,35.2561,36.1046,36.9978,37.9393,39.3461,41.0950,44.8569,55.0441,89.3994,12.6477,3.4595
30.873,-0.13859795101532932,0.6079315334389822,3.480408169963912e-21,3,129.298,-0.573795,-0.0798164,12175.1,0.0,11.7580,17.8293,21.3216,25.0610,28.1260,29.9914,31.1003,32.1455,32.9391,33.7756,34.6585,35.5914,36.9902,38.7371,42.5247,52.9933,90.7489,200.0000,4.1008
30.984,-0.0693691430673031,0.6213023994085357,5.849522011258349e-22,3,131.612,-0.504325,-0.114174,12417.1,0.0,10.9968,16.7805,20.4366,24.4736,27.8830,30.0045,31.2828,32.4996,33.4314,34.4210,35.4738,36.5958,38.2965,40.4524,45.2522,59.4863,126.5430,50.3365,5.0640
31.098,-0.03450619944604583,0.638027294066314,9.83129164432191e-23,3,134.102,-0.399454,-0.178276,12628.3,0.0,9.8732,15.2173,18.6961,22.5968,25.9417,28.0472,29.3248,30.5473,31.4878,32.4907,33.5621,34.7093,36.4587,38.6947,43.7478,59.3709,141.3760,53.1337,6.9107
31.208,-0.1333649195074256,0.6559190005165247,1.652345186661184e-23,3,136.559,-0.252256,-0.230434,12915.3,0.0,8.8344,14.0749,17.6045,21.6932,25.3166,27.6555,29.0974,30.4935,31.5786,32.7464,34.0065,35.3703,37.4795,40.2283,46.6702,68.8566,167.0930,44.8932,8.5294
31.314,-0.043701016824193216,0.6644636904330048,2.7770965552214524e-24,3,139.132,-0.0957739,-0.19531,13136.2,0.0,7.9128,13.0741,16.6959,21.0607,25.0914,27.7791,29.4711,31.1356,32.4475,33.8776,35.4423,37.1616,39.8746,43.5130,52.5266,89.9751,187.4190,39.9273,9.7502
31.425,-0.12812343865525633,0.672452805831087,4.667466180360696e-25,3,141.782,0.0442078,-0.176672,13376.9,0.0,6.9904,11.7834,15.2281,19.4784,23.5034,26.2427,27.9906,29.7278,31.1099,32.6293,34.3076,36.1707,39.1524,43.2333,53.7688,105.2790,193.0280,40.5987,10.9566
31.533,-0.09213479012639814,0.6759380541647305,7.844610409332223e-26,3,144.236,0.162695,-0.125093,13660.7,0.0,6.3609,11.3921,15.3013,20.5260,25.9395,29.9168,32.5912,35.3631,37.6541,40.2657,43.2701,46.7629,52.7283,61.7407,90.9262,158.5140,82.8067,34.0210,11.3737
31.643,-0.030190728028618143,0.6785031374480739,1.318443671496467e-26,3,146.884,0.255788,-0.0975811,13848.3,0.0,5.7793,10.7303,14.7749,20.4839,26.8001,31.7258,35.1849,38.9025,42.0824,45.8323,50.3199,55.7865,65.8028,82.8102,127.3500,172.5920,67.5003,32.4912,11.8685
31.758,-0.12453212568285901,0.6842482479227349,2.2159082786841123e-27,3,149.548,0.331322,-0.0816817,14097.6,0.0,5.2621,9.9895,13.9780,19.8180,26.5848,32.0998,36.1050,40.5371,44.4377,49.1730,55.0425,62.5086,77.1735,104.6790,136.1900,176.9490,62.6944,32.2957,12.3450
31.864,-0.06523360288455923,0.6911317647074467,3.724277043984388e-28,3,152.103,0.38528,-0.0375519,14365.6,0.0,5.0308,10.2216,15.0859,23.1902,34.4191,45.4809,54.9086,67.0878,79.7266,98.0465,111.7820,121.6830,133.3310,145.0480,164.6110,98.4411,48.5943,28.6767,12.2220
31.979,-0.021375746993212368,0.6973492715030861,6.25939242782456e-29,3,154.812,0.416043,-0.018167,14581.1,0.0,4.8674,10.2242,15.5276,25.0482,39.8756,56.7307,73.2704,96.8186,108.8460,118.1460,126.2760,133.7150,143.3720,153.6720,171.6040,81.8375,44.6917,27.5550,12.2399
32.085,-0.00700440477473583,0.7052549581142563,1.052016085344474e-29,3,157.58,0.432921,-0.0125441,14831.3,0.0,4.7526,10.0843,15.4542,25.3330,41.3603,60.5985,80.6232,100.7830,110.2420,118.3980,125.8210,132.7590,141.9010,151.7660,169.1210,78.5812,43.9489,27.4084,12.3142
32.195,-0.0022952033565854365,0.7259474290498795,1.768123434638458e-30,4,159.952,0.44416,-0.010792,12204.5,0.0,4.6664,9.9330,15.2664,25.1561,41.4199,61.3077,82.4244,98.7468,107.3360,114.9710,122.0240,128.6770,137.5060,147.0920,164.0570,77.9567,43.9080,27.4777,12.3885
32.303,-0.016666204867604666,0.7591136058948146,2.971685056596856e-31,4,160.681,0.452774,-0.00719661,12240.4,0.0,4.6103,9.8788,15.2753,25.4506,42.6777,64.6228,85.3737,98.2134,105.8900,112.9340,119.5570,125.8720,134.3290,143.5810,160.0800,75.9797,43.3951,27.3459,12.4169
32.413,-0.022333379085950445,0.7776583698171128,4.994511074622336e-32,4,163.033,0.456983,0.00120455,12422.1,0.0,4.6132,10.0426,15.7599,26.9993,47.5255,76.0553,90.7946,101.1070,107.8170,114.1750,120.2730,126.1680,134.1530,142.9770,158.8710,71.0349,41.8093,26.7576,12.3480
32.525,-0.02610170590597799,0.7886397020435465,8.394274763117763e-33,4,165.419,0.454218,0.0118803,12607.7,0.0,4.6871,10.4186,16.6841,29.7512,56.5573,84.5664,95.6990,104.5450,110.5440,116.3450,121.9910,127.5060,135.0490,143.4600,158.7520,65.2836,39.7477,25.9082,12.1954
32.634,-0.022481036068570867,0.7955163208468793,1.4108257594372028e-33,4,167.826,0.442397,0.0237962,12790.3,0.0,4.8482,11.0424,18.1257,34.0631,69.9931,90.4240,99.9144,107.8200,113.3010,118.6710,123.9470,129.1430,136.3000,144.3370,159.1790,59.5002,37.4443,24.8708,11.9580
32.745,0.003358956631456948,0.7986430497338554,2.371174853886107e-34,4,170.245,0.422256,0.0279516,12967.6,0.0,5.0453,11.5929,19.2055,36.8451,72.0873,89.6070,98.2884,105.6570,110.8200,115.9110,120.9410,125.9170,132.8030,140.5720,155.0700,57.0571,36.2870,24.2522,11.7446
32.854,0.0077188039218020615,0.7995471475055398,3.98523357692638e-35,4,172.652,0.399571,0.025019,13146.6,0.0,5.2272,11.9365,19.6457,37.1394,68.3586,84.1693,92.2646,99.2192,104.1280,108.9930,113.8210,118.6150,125.2730,132.8160,146.8140,57.6994,36.1465,24.0531,11.5895
32.965,0.010711811335971098,0.8026217128102403,6.697982072740167e-36,4,175.043,0.378406,0.0206996,13330.3,0.0,5.3871,12.1910,19.8781,36.8172,63.8615,78.0775,85.5764,92.1000,96.7405,101.3660,105.9770,110.5750,116.9890,124.2870,137.8820,60.8984,36.2559,23.9675,11.4614
33.067,0.012949416753346009,0.8055581922286595,1.12572984696544e-36,4,177.255,0.36187,0.0156968,13498.1,0.0,5.5017,12.3236,19.8864,36.0270,59.2874,72.0637,78.9849,85.0821,89.4538,93.8364,98.2279,102.6260,108.7890,115.8370,129.0460,159.3680,36.6030,24.0069,11.3787
33.168,0.01550015513168642,0.8072733474919872,1.8920141537948152e-37,4,179.418,0.34962,0.00961506,13652.0,0.0,5.5725,12.3310,19.6591,34.7424,54.4295,65.8019,72.1247,77.7679,81.8505,85.9699,90.1208,94.2987,100.1860,106.9570,119.7410,147.7160,37.2647,24.1980,11.3434
33.286,0.0040632726668408045,0.8129470511236894,2.2259357317980626e-38,4,182.006,0.340518,0.00495332,13847.5,0.0,5.6238,12.3313,19.4859,33.6520,49.8153,59.6570,65.2763,70.3683,74.0920,77.8800,81.7248,85.6201,91.1482,97.5566,109.7750,135.7780,38.3081,24.3548,11.3187
33.407,0.001065162549976316,0.8172738269260185,2.6187911291031026e-39,4,184.603,0.335041,0.00387657,14040.9,0.0,5.6644,12.3944,19.5463,32.6583,46.3344,54.9150,59.9126,64.4970,67.8816,71.3503,74.8952,78.5104,83.6779,89.7156,101.3470,125.9740,39.9663,24.3302,11.2845
33.508,-0.07930598498004375,0.8208687895602427,4.401402250683586e-40,4,186.718,0.328222,0.0208893,14209.7,0.0,5.8231,13.1830,21.4522,35.0469,48.4865,56.8355,61.6905,66.1459,69.4363,72.8111,76.2632,79.7859,84.8272,90.7270,102.1180,127.4850,37.6757,23.1315,11.0421
33.625,-0.02078958812660859,0.8229735607829802,5.178205733906733e-41,4,189.233,0.299601,0.0466833,14391.2,0.0,6.2411,14.9288,24.3874,38.7079,52.2917,60.5892,65.3886,69.7822,73.0233,76.3445,79.7391,83.2033,88.1595,93.9594,105.1630,133.8140,34.0201,21.4016,10.5468
33.745,-0.005449865789861682,0.8243155889303936,6.092107263883933e-42,4,191.778,0.252254,0.0523623,14575.2,0.0,6.7050,15.7312,24.6877,37.6482,49.8588,57.4000,61.8007,65.8545,68.8605,71.9542,75.1295,78.3833,83.0601,88.5637,99.2776,127.1800,34.7685,20.9850,10.1113
33.866,-0.046578182634804996,0.8237262314476941,7.167303274886809e-43,4,194.297,0.196889,0.0550782,14761.5,0.0,7.1432,16.0109,24.2762,35.8187,46.6508,53.4151,57.3977,61.0916,63.8459,66.6932,69.6303,72.6531,77.0217,82.1963,92.3612,118.8700,37.3009,21.0300,9.7520
33.985,-0.1203387036022783,0.8257943833572493,8.432260629871583e-44,4,196.433,0.132985,0.0904733,14991.1,0.0,8.0127,19.0739,29.8462,44.6892,57.9404,65.8737,70.4393,74.6116,77.6882,80.8403,84.0639,87.3568,92.3145,98.7375,113.6160,163.0870,27.6997,17.8760,8.9343
34.086,-0.039432586396394555,0.8266740301010035,1.4172100440625167e-44,5,196.234,0.0619151,0.104849,13367.8,0.0,8.8050,21.3894,33.6371,50.0543,64.2245,72.5360,77.2740,81.5812,84.8405,88.3786,92.2314,96.4440,103.0450,111.8130,133.1150,46.2657,23.9199,16.0619,8.2664
34.187,-0.01292126991037057,0.8271128586834968,2.3819049210558723e-45,5,197.884,-0.0177561,0.0941352,13458.5,0.0,9.4230,22.2172,34.1528,49.8001,63.2604,71.1875,75.7214,79.9883,83.3502,87.0141,91.0220,95.4251,102.3700,111.6810,134.7220,46.9624,22.8627,15.1841,7.7114
34.306,-0.0033872333793841824,0.8273293857267267,2.8022873205730244e-46,5,199.863,-0.10438,0.0707365,13593.7,0.0,9.9485,22.2955,33.1671,47.1135,59.1742,66.3635,70.5193,74.5336,77.7000,81.1537,84.9355,89.0944,95.6639,104.4890,126.4190,200.0000,22.8935,14.6380,7.1723
34.426,-0.04674760589294279,0.829682582538822,3.2968630097809576e-47,5,201.823,-0.168518,0.0482277,13724.1,0.0,10.2681,22.0501,31.9587,44.4459,55.2791,61.7986,65.6587,69.4580,72.4597,75.7384,79.3348,83.2962,89.5682,98.0221,119.1730,200.0000,23.6281,14.4091,6.7939
34.526,-0.20123165297798074,0.8287010448963211,5.541037660538856e-48,5,203.179,-0.214427,0.0725259,13860.9,0.0,10.9439,24.3570,35.8745,50.2676,62.7365,71.3511,77.0123,82.7729,87.4530,92.7025,98.6297,105.3760,116.5500,132.6500,179.1420,40.8408,19.4075,12.6676,6.2746
34.627,-0.06593958804782472,0.8283794146416266,9.312821996067657e-49,5,204.425,-0.277013,0.100697,13946.8,0.0,11.8634,27.5446,41.2435,58.4176,76.8085,91.2757,101.5010,112.5520,122.0550,133.3220,146.8930,163.5530,194.4540,200.0000,200.0000,24.9044,15.6515,10.8075,5.6325
34.747,-0.017285667369208963,0.8299578413186895,1.0956441950153638e-49,5,206.269,-0.369639,0.0909005,14029.4,0.0,12.5659,28.4307,41.8318,59.7725,80.7701,98.1102,110.8320,125.0400,137.6560,153.1190,172.5080,197.5380,200.0000,200.0000,200.0000,22.3438,13.9734,9.5919,4.9480
34.865,-0.004531333986833914,0.8300041867140217,1.289014438993626e-50,5,208.156,-0.455343,0.067664,14150.3,0.0,13.0021,28.1303,40.4183,57.9969,78.8873,96.3442,109.2710,123.8300,136.8690,152.9890,173.4280,200.0000,200.0000,200.0000,200.0000,22.3779,13.0895,8.7351,4.3597
34.966,-0.0014848275208057368,0.8288064281524506,2.1664465676165877e-51,5,209.717,-0.508931,0.0459651,14246.9,0.0,13.1704,27.4730,38.9853,56.0208,76.3280,93.3495,105.9850,120.2470,133.0470,148.9100,169.0810,195.5910,200.0000,200.0000,200.0000,24.5032,12.8755,8.3115,4.0073
35.087,-0.13063182306477034,0.830069780348471,2.548802722335239e-52,5,211.493,-0.549535,0.036751,14379.1,0.0,13.3928,27.5152,39.7003,58.8892,83.3994,105.4630,122.8300,143.5350,163.1990,189.1240,200.0000,200.0000,200.0000,200.0000,108.9700,24.2163,12.2298,7.7957,3.7064
35.206,-0.03424434862549115,0.8308238058590445,2.998640914800186e-53,5,213.155,-0.58934,0.0500824,14493.6,0.0,13.9162,29.7024,45.4182,74.1560,120.3060,174.9410,200.0000,200.0000,200.0000,200.0000,200.0000,200.0000,123.0530,65.2723,34.7225,17.9566,10.3750,6.8274,3.3357
35.307,-0.011221188157600941,0.8308157743913916,5.0398157855046735e-54,5,214.651,-0.622729,0.0346985,14584.6,0.0,13.9842,30.0297,46.5243,77.7937,131.2420,200.0000,200.0000,200.0000,200.0000,200.0000,200.0000,180.1140,86.9030,54.6127,32.1990,17.7064,10.1581,6.5243,3.1079
35.426,-0.0029415671483861406,0.8318927621589319,5.929292873488394e-55,5,216.449,-0.645243,0.00896558,14704.8,0.0,13.9380,30.0617,46.7662,78.8014,134.7020,200.0000,200.0000,200.0000,200.0000,200.0000,200.0000,153.1570,81.1458,52.7892,31.9037,17.8337,10.3184,6.5452,2.9958
35.528,-0.0009638927231831703,0.8325890871011138,9.965362532471944e-56,5,217.923,-0.64427,-0.00316453,14824.0,0.0,13.9082,30.0270,46.7552,78.9189,135.3070,200.0000,200.0000,200.0000,200.0000,200.0000,196.2210,149.3790,80.5337,52.7558,32.0481,17.9771,10.4210,6.6167,3.0281
35.646,-0.00025267869402612893,0.8319721254459095,1.1724149365827924e-56,5,219.696,-0.640234,-0.00303325,14943.6,0.0,13.8758,29.9646,46.6688,78.8073,135.2180,200.0000,200.0000,200.0000,200.0000,196.5330,189.1540,149.6990,81.0460,53.1819,32.3480,18.1611,10.5326,6.6892,3.0620
35.747,-8.279775445848194e-05,0.8326150928629906,1.9704777839146993e-57,5,221.196,-0.637065,-0.00307184,15008.6,0.0,13.8485,29.9034,46.5703,78.6309,134.8850,200.0000,200.0000,200.0000,195.7010,190.4370,183.3680,151.4230,81.8786,53.7015,32.6519,18.3270,10.6274,6.7489,3.0891
35.865,-2.170493454476429e-05,0.8334486614503508,2.3182474079978047e-58,6,220.994,-0.633299,-0.00309217,13724.9,0.0,13.8163,29.8328,46.4588,78.4373,134.5370,200.0000,197.4540,192.4100,188.1720,183.0900,176.3740,153.2110,82.7914,54.2859,33.0007,18.5203,10.7387,6.8193,3.1212
35.965,0.011688242371954621,0.8330989241809259,3.8962784186219105e-59,6,222.163,-0.629786,-0.00507537,13796.5,0.0,13.7595,29.5999,45.9368,77.0553,130.6990,196.3990,191.6820,186.8680,182.8690,178.1560,172.1840,162.4060,90.3228,57.6232,34.3359,19.0129,10.9453,6.9249,3.1574
36.067,0.01750341690236834,0.8340685410224807,6.548475138177845e-60,6,223.316,-0.622849,-0.0122958,13870.4,0.0,13.6041,28.8790,44.2751,72.6302,118.7210,191.9530,187.6450,183.3260,179.8220,175.8320,171.1200,165.1100,130.2480,72.2228,39.3647,20.6364,11.5532,7.2086,3.2403
36.186,0.021724180935500693,0.8340176054146722,7.704215515314856e-61,6,224.682,-0.60481,-0.0233878,13951.8,0.0,13.3097,27.7017,41.7322,66.3842,103.4630,143.8010,183.2010,179.4530,176.4800,173.1940,169.5010,165.2310,157.4940,117.1280,51.0926,24.0421,12.8183,7.8161,3.4346
36.286,0.019391074282869868,0.8336708557391547,1.2948475016589677e-61,6,225.798,-0.579105,-0.0340045,14017.8,0.0,12.9658,26.5006,39.3062,60.9131,91.4264,122.1590,179.5370,176.2080,173.6040,170.7750,167.6700,164.2150,158.5290,149.6260,70.5391,28.6796,14.4690,8.6121,3.6993
36.387,-0.026463905218364198,0.8331717328054812,2.176250196038227e-62,6,226.907,-0.544192,-0.0366651,14082.0,0.0,12.6478,25.7359,38.0300,58.5768,87.1792,115.5080,173.6410,170.4680,168.0010,165.3360,162.4350,159.2410,154.0950,146.5560,82.5190,32.0225,15.9080,9.4081,4.0176
36.506,-0.012943221567625363,0.833300637521435,2.560336593137014e-63,6,228.213,-0.503677,-0.0255647,14162.7,0.0,12.4451,25.8045,38.7467,61.2908,94.7364,166.3660,162.9070,159.5620,156.9520,154.1210,151.0140,147.5500,141.8040,132.4100,67.3224,30.8729,16.2871,9.8839,4.3234
36.607,-0.011646195622141978,0.8330504196998988,4.303157712085379e-64,6,229.281,-0.476958,-0.0198793,14227.1,0.0,12.2905,25.7385,38.9846,62.5940,98.9340,158.2860,154.7760,151.3830,148.7360,145.8590,142.6920,139.1420,133.1660,122.5250,62.8743,30.7324,16.6550,10.2320,4.5291
36.727,-0.019286049606902035,0.8342099981280602,5.062622016691327e-65,6,230.541,-0.452616,-0.013595,14304.0,0.0,12.1616,25.7562,39.4037,64.3932,104.6160,148.6200,145.0710,141.6440,138.9680,136.0560,132.8410,129.2120,122.9840,109.3200,58.4514,30.3078,16.8776,10.5036,4.7092
36.846,-0.012943963866551727,0.8332644125461571,5.95612417641718e-66,6,231.758,-0.440398,0.000319242,14378.2,0.0,12.2261,26.5702,41.6301,71.1000,143.0870,136.8980,133.1090,129.4190,126.5050,123.2800,119.6230,115.2890,106.3440,76.4165,47.9147,27.4795,16.1250,10.3035,4.7469
36.947,-0.004241478079791671,0.8326530494999997,1.0010457903304357e-66,6,232.764,-0.440001,0.00385576,14434.2,0.0,12.2662,26.8390,42.3242,73.1947,135.2010,129.0290,125.2620,121.5970,118.7030,115.5000,111.8590,107.5140,98.1087,70.7796,45.6507,26.7312,15.8729,10.2062,4.7335
37.067,-0.0011118780297489077,0.8319151056956279,1.1777203618658542e-67,6,233.948,-0.444484,0.00485274,14507.9,0.0,12.3168,27.0017,42.6600,74.0436,126.3450,120.3320,116.6900,113.1690,110.4060,107.3680,103.9480,99.9383,91.9652,68.7704,44.6816,26.3102,15.6737,10.0956,4.6910
37.185,-0.00029147215423049765,0.7114101198737247,1.385576228531559e-68,6,234.872,-0.450668,0.0050953,14527.1,0.0,12.3725,27.1367,42.8927,74.5140,117.5620,111.7530,108.2650,104.9180,102.3120,99.4721,96.3164,92.6949,86.0507,67.6666,44.0414,25.9680,15.4819,9.9763,4.6377
37.286,-9.550959549824948e-05,0.2512333680802221,0.0399993896484375,6,234.147,-0.456103,0.00505662,14327.6,0.0,12.4184,27.2353,43.0454,74.9978,110.2530,104.6330,101.2870,98.0980,95.6323,92.9669,90.0386,86.7384,81.0004,67.0504,43.6282,25.7189,15.3315,9.8787,4.5920
37.405,-2.5037267402293112e-05,0.06585932004202175,0.6993899821105957,6,224.787,-0.462522,0.00518858,13446.3,0.0,12.4748,27.3660,43.2627,110.7090,101.5690,96.1836,93.0095,90.0104,87.7113,85.2495,82.5794,79.6283,74.7387,65.9598,43.0375,25.3892,15.1414,9.7584,4.5372
37.506,-8.204211782383407e-06,0.021580781991369685,0.6912944253431326,6,212.318,-0.467791,0.00571033,12664.2,0.0,12.5264,27.5070,43.5282,103.5260,94.5955,89.4006,86.3640,83.5147,81.3451,79.0390,76.5619,73.8611,69.5173,62.7979,42.3218,25.0382,14.9571,9.6484,4.4904
37.626,-2.1506848934811157e-06,0.005657272514345614,0.6294751925127215,6,198.646,-0.474178,0.00640392,11847.8,0.0,12.5897,27.6835,43.8649,95.3436,86.6784,81.7155,78.8433,76.1711,74.1529,72.0261,69.7666,67.3402,63.5515,58.2259,41.4341,24.6050,14.7309,9.5138,4.4334
37.727,-7.047364258958919e-07,0.001853775057500771,0.612560633459617,6,187.942,-0.479657,0.00692391,11182.1,0.0,12.6432,27.8293,44.1394,88.8741,80.4449,75.6802,72.9462,70.4207,68.5266,66.5445,64.4577,62.2428,58.8567,54.3438,40.7250,24.2511,14.5429,9.4008,4.3850
37.845,-1.8474242563005268e-07,0.00048595600867348213,0.6020358591616913,6,175.562,-0.48644,0.00751337,10425.7,0.0,12.7087,28.0060,44.9057,81.5090,73.3780,68.8547,66.2868,63.9349,62.1861,60.3710,58.4795,56.4979,53.5337,49.7631,39.8884,23.8268,14.3149,9.2627,4.3253
37.966,-4.842911842436454e-08,0.0001273904519377013,0.5818424486396067,5,163.784,-0.493289,0.00796756,10783.0,0.0,12.7732,28.1731,85.8114,74.5780,66.7610,62.4836,60.0822,57.9016,56.2939,54.6387,52.9306,51.1624,48.5660,45.3767,38.2750,23.4275,14.0950,9.1274,4.2657
38.067,-1.5869253525295773e-08,4.1743303290945963e-05,0.580432072171472,5,154.249,-0.498961,0.00819287,9937.77,0.0,12.8246,28.2991,80.1754,69.1251,61.5816,57.5122,55.2490,53.2088,51.7151,50.1873,48.6229,47.0183,44.6934,41.9028,36.1097,23.1254,13.9230,9.0195,4.2171
38.186,0.06486304933918603,1.0942756497901737e-05,0.1934607428338771,5,144.25,-0.504928,0.00346059,9503.31,0.0,12.8142,28.0385,74.3241,63.6058,56.4554,52.6658,50.5826,48.7218,47.3706,45.9999,44.6085,43.1961,41.1799,38.8157,34.1739,23.7059,14.0582,9.0331,4.1864
38.287,0.037084201794636666,3.585722449232441e-06,0.03251494704808972,4,141.972,-0.502653,-0.0177196,10481.8,0.0,12.5304,26.5948,71.5290,61.3517,54.6750,51.1839,49.2819,47.5947,46.3773,45.1490,43.9105,42.6623,40.8972,38.8569,34.9661,26.9538,15.6606,9.6646,4.2969
38.406,0.03189368831586917,9.399756257315889e-07,0.003825351005260708,4,140.301,-0.486429,-0.0353546,10364.4,0.0,12.1895,26.0232,67.2744,57.5909,51.3668,48.1614,46.4309,44.9069,43.8129,42.7158,41.6159,40.5132,38.9671,37.1991,33.8920,27.4124,17.7770,10.5549,4.5204
38.526,0.10114433046194388,2.464089704317816e-07,0.00045004872041791704,4,138.782,-0.453127,-0.0709798,10253.8,0.0,11.5408,24.2508,64.8093,55.7550,50.0168,47.0916,45.5219,44.1451,43.1604,42.1758,41.1920,40.2091,38.8360,37.2747,34.3784,28.7991,20.6368,12.7331,5.0082
38.646,0.0598133269317937,6.459463314486897e-08,5.2947781908447535e-05,3,137.3,-0.39205,-0.111404,12430.3,0.0,10.6898,22.3468,62.6869,54.2294,48.9304,46.2488,44.8158,43.5625,42.6681,41.7753,40.8850,39.9976,38.7605,37.3575,34.7664,29.8076,22.5526,15.1878,5.8446
38.766,0.09748155569780265,1.6933095511128533e-08,6.229253593746946e-06,3,135.451,-0.304412,-0.145933,12265.2,0.0,9.8229,21.3552,59.9118,51.9484,47.0255,44.5533,43.2380,42.0905,41.2737,40.4600,39.6501,38.8441,37.7232,36.4557,34.1242,29.6914,23.2309,16.5227,6.9313
38.886,0.04281120637224477,4.438909389669279e-09,7.328654560507344e-07,3,133.613,-0.190543,-0.172625,12098.4,0.0,8.9818,19.8403,57.9139,50.4233,45.8476,43.5604,42.3465,41.2891,40.5372,39.7890,39.0449,38.3051,37.2773,36.1161,33.9839,29.9348,24.0097,17.7125,7.9662
39.006,0.011222700883245732,1.1636334630454633e-09,0.586193494424013,3,128.782,-0.0874875,-0.128269,11225.2,0.0,8.5114,22.6146,53.5340,46.4153,42.1517,40.0461,38.9354,37.9723,37.2898,36.6122,35.9401,35.2740,34.3522,33.3147,31.4208,27.8650,22.7357,17.3030,8.4723
39.125,0.16100870807084225,3.050395305365899e-10,0.18865411091145265,3,118.541,-0.0216039,-0.0829857,10623.6,0.0,8.3422,58.9059,49.2240,42.4595,38.4876,36.5500,35.5339,34.6567,34.0374,33.4242,32.8175,32.2176,31.3901,30.4629,28.7798,25.6520,21.1971,16.5025,8.6268
39.245,0.19152178519029572,7.996428269298381e-11,0.022194967494621493,3,115.441,0.0268288,-0.0935419,10447.5,0.0,7.8582,58.9395,49.3631,42.8134,39.0055,37.1444,36.1663,35.3200,34.7218,34.1290,33.5419,32.9605,32.1570,31.2547,29.6124,26.5380,22.1021,17.3362,9.1132
39.346,0.3386373065342592,2.620269615283694e-11,0.003730308186821035,3,113.771,0.0695457,-0.116208,10296.1,0.0,7.3474,19.6326,50.5941,44.0992,40.3655,38.5470,37.5905,36.7618,36.1750,35.5926,35.0149,34.4420,33.6484,32.7540,31.1187,28.0291,23.4961,18.5143,9.6744
39.465,0.19503140118768872,6.868879580289287e-12,0.00043886702787130803,3,111.658,0.131969,-0.166714,10089.0,0.0,6.5515,13.7298,54.0513,47.4266,43.6494,41.8190,40.8588,40.0286,39.4410,38.8578,38.2791,37.7051,36.9096,36.0123,34.3624,31.2026,26.4262,20.9523,10.7289
39.566,0.06390788954118184,2.2507944608691933e-12,7.376038137433076e-05,3,110.125,0.193618,-0.189825,9948.5,0.0,5.9687,11.6588,55.6923,48.9702,45.1607,43.3218,42.3590,41.5270,40.9390,40.3563,39.7786,39.2060,38.4128,37.5192,35.8810,32.7510,27.9896,22.4057,11.5244
39.685,0.016753069795883573,5.900322631500938e-13,8.67783510830864e-06,3,108.701,0.274909,-0.171083,9848.63,0.0,5.4379,10.8787,54.2243,47.5915,43.8708,42.0855,41.1540,40.3513,39.7848,39.2240,38.6688,38.1194,37.3603,36.5072,34.9477,31.9907,27.5454,22.3496,11.9634
39.787,0.00548964591071513,1.933417719890228e-13,1.4584837466534334e-06,3,107.725,0.339722,-0.1271,9776.08,0.0,5.1301,11.3028,50.9580,44.5732,41.0316,39.3440,38.4666,37.7122,37.1810,36.6560,36.1371,35.6245,34.9174,34.1246,32.6819,29.9662,25.9370,21.2937,11.9578
39.905,0.19294491598636848,5.068338547629038e-14,1.7158915431002985e-07,3,106.556,0.395891,-0.0748879,9672.79,0.0,4.9196,13.0628,47.2735,41.1858,37.8548,36.2806,35.4656,34.7666,34.2755,33.7913,33.3137,32.8426,32.1943,31.4692,30.1556,27.7027,24.1126,20.0388,11.8183
40.006,0.2508965609753132,1.6607931752870832e-14,2.883898916488672e-08,3,105.306,0.433321,-0.091872,9545.64,0.0,4.5366,10.8971,48.8634,42.5373,39.0848,37.4557,36.6131,35.8906,35.3832,34.8829,34.3898,33.9039,33.2351,32.4875,31.1337,28.6103,24.9251,20.7543,12.2623
40.125,0.06577102808031252,4.353669661424571e-15,3.3928782362597577e-09,3,103.976,0.478706,-0.0993079,9428.79,0.0,4.1398,9.5025,50.1702,43.5960,40.0220,38.3390,37.4700,36.7255,36.2028,35.6876,35.1800,34.6801,33.9929,33.2253,31.8364,29.2540,25.4965,21.2639,12.6630
40.226,0.04337759114786072,1.4266104746556037e-15,5.702410451681775e-10,3,103.025,0.510668,-0.0625844,9356.59,0.0,4.0217,10.5352,48.0929,41.6565,38.1886,36.5642,35.7272,35.0118,34.5104,34.0167,33.5307,33.0525,32.3959,31.6640,30.3437,27.8992,24.3703,20.4313,12.4966
40.346,0.17741812908254417,0.11545423828125038,6.708828872299092e-11,3,102.039,0.536853,-0.0451396,9336.61,0.0,3.8730,10.8838,47.9311,41.3766,37.8665,36.2281,35.3858,34.6666,34.1629,33.6674,33.1800,32.7009,32.0437,31.3122,29.9944,27.5638,24.0747,20.2083,12.4977
40.465,0.08099980106792219,0.2912361854493751,7.89287007997116e-12,3,102.358,0.553226,-0.0183685,9463.6,0.0,3.8409,12.4794,47.3449,40.7152,37.1891,35.5499,34.7091,33.9919,33.4901,32.9969,32.5125,32.0366,31.3847,30.6597,29.3563,26.9618,23.5454,19.7884,12.3745
40.566,0.3406744734198742,0.37676143926367617,1.326554674340753e-12,3,103.155,0.553485,0.00986087,9596.22,0.0,3.9589,57.4173,46.4156,39.7692,36.2577,34.6320,33.7993,33.0901,32.5945,32.1080,31.6305,31.1617,30.5199,29.8071,28.5287,26.1875,22.8665,19.2397,12.1502
40.685,0.2150984430161585,0.4225899671405871,1.5606783088151524e-13,3,104.183,0.547595,-0.00115931,9804.71,0.0,3.9543,13.5225,48.9714,41.7827,37.9851,36.2276,35.3280,34.5621,34.0268,33.5014,32.9858,32.4799,31.7879,31.0194,29.6416,27.1234,23.5633,19.6983,12.2439
40.786,0.14802494405236294,0.4360893155888776,2.623032033625627e-14,3,105.468,0.539804,0.00783122,9875.7,0.0,4.0598,14.8659,49.4694,42.0475,38.1407,36.3367,35.4145,34.6298,34.0818,33.5442,33.0171,32.5002,31.7932,31.0089,29.6050,27.0452,23.4424,19.5548,12.1331
40.905,0.3682699281289381,0.44337196238948073,3.0859709572402145e-15,3,106.739,0.527906,0.00669253,10042.7,0.0,4.1551,14.2199,51.1020,43.2416,39.1121,37.2081,36.2356,35.4087,34.8316,34.2656,33.7108,33.1669,32.4238,31.6000,30.1268,27.4472,23.6927,19.6687,12.0873
41.026,0.09653975203943235,0.449445066896128,3.6306139714835403e-16,3,108.185,0.517907,8.85725e-05,10156.4,0.0,4.2074,13.1146,53.3203,44.9323,40.5282,38.4995,37.4635,36.5830,35.9689,35.3669,34.7767,34.1983,33.4083,32.5332,30.9697,28.1311,24.1691,19.9494,12.1038
41.145,0.08964642658626168,0.4590961530070436,4.271381031310671e-17,3,109.932,0.500867,0.0367725,10258.9,0.0,4.5433,64.8341,50.9319,42.6862,38.4030,36.4419,35.4440,34.5974,34.0077,33.4305,32.8655,32.3127,31.5585,30.7245,29.2388,26.5553,22.8387,18.9133,11.6727
41.246,0.2958501352691378,0.47204301413609806,7.178910099323844e-18,3,111.131,0.478346,0.0376486,10449.0,0.0,4.7538,66.6624,51.8156,43.2323,38.7856,36.7535,35.7205,34.8449,34.2353,33.6389,33.0555,32.4849,31.7070,30.8476,29.3186,26.5638,22.7664,18.7822,11.5163
41.365,0.07755533785999284,0.4816281923351933,8.445915942753511e-19,3,112.797,0.450748,0.0321226,10589.5,0.0,4.9725,70.9258,53.5877,44.4752,39.7612,37.6100,36.5174,35.5920,34.9480,34.3182,33.7024,33.1004,32.2805,31.3752,29.7666,26.8766,22.9137,18.7889,11.3783
41.465,0.11243758316113434,0.4905756955956461,1.4195050924985828e-19,3,114.36,0.421789,0.0582087,10696.2,0.0,5.4084,69.2284,51.4781,42.4902,37.8857,35.7966,34.7385,33.8438,33.2224,32.6154,32.0225,31.4435,30.6559,29.7880,28.2498,25.4984,21.7504,17.8762,10.9593
41.567,0.35298321980854636,0.5052954806515313,2.3857622089623682e-20,3,115.67,0.387658,0.0536058,10909.7,0.0,5.6982,74.3395,52.7471,43.2857,38.4594,36.2735,35.1673,34.2327,33.5840,32.9506,32.3322,31.7288,30.9084,30.0053,28.4068,25.5561,21.6934,17.7319,10.7557
41.686,0.10042996110085159,0.523192738636165,2.8068253812221365e-21,3,117.36,0.350371,0.0317549,11097.3,0.0,5.8877,90.3195,57.5784,46.0298,40.7216,38.3148,37.0968,36.0679,35.3535,34.6560,33.9754,33.3114,32.4090,31.4157,29.6595,26.5342,22.3226,18.0454,10.6691
41.806,0.30286960816703257,0.5362214372770389,3.3022019927540313e-22,3,119.285,0.315136,0.0377964,11238.0,0.0,6.2550,103.5160,59.5270,45.9751,40.4507,37.9868,36.7425,35.6927,34.9645,34.2543,33.5619,32.8869,31.9707,30.9637,29.1869,26.0385,21.8254,17.5852,10.3651
41.926,0.18293929345079357,0.5430352558910521,3.885007622455192e-23,3,120.883,0.286518,0.0107642,11471.8,0.0,6.3108,23.3774,72.7371,51.4452,43.8907,40.9268,39.5144,38.3403,37.5257,36.7310,35.9560,35.2005,34.1745,33.0469,31.0578,27.5371,22.8452,18.1684,10.3850
42.048,0.1072440846475992,0.5454238013078039,4.570672617742309e-24,3,122.873,0.265528,0.00816512,11572.7,0.0,6.4747,22.6201,86.8048,55.6075,45.8748,42.2220,40.5127,39.1328,38.2068,37.3262,36.4882,35.6896,34.6206,33.4467,31.3789,27.7291,22.8921,18.1093,10.2569
42.166,0.19032984551856047,0.5579260547044079,5.377350628047648e-25,3,124.656,0.250262,-0.00228906,11788.8,0.0,6.5279,20.2614,126.2240,65.6318,51.0912,46.0370,43.7413,41.9190,40.7111,39.5739,38.5014,37.4882,36.1606,34.7601,32.4229,28.5267,23.4009,18.3710,10.2411
42.267,0.06236728377952189,0.6113933053086653,9.037713200559684e-26,3,126.468,0.242493,-0.00695014,11967.5,0.0,6.5578,19.4209,200.0000,79.2944,57.4713,50.5630,47.5290,45.1649,43.6192,42.1788,40.8336,39.5744,37.9413,36.2388,33.4429,29.0255,23.7004,18.5185,10.2307
42.368,0.020436511548873732,0.6946366864085434,1.518968457618066e-26,3,128.857,0.232395,0.0151091,12193.8,0.0,6.8086,23.6764,200.0000,82.9599,57.7897,50.2203,46.9531,44.4310,42.7929,41.2745,39.8630,38.5476,36.8502,35.0906,32.2228,27.7463,22.6030,17.7453,9.9685
42.485,0.2008754883732336,0.7677873988968812,1.7870512007030784e-27,3,132.146,0.205817,0.0394247,12589.2,0.0,7.2484,28.1623,200.0000,91.4022,59.4468,50.6430,46.9478,44.1369,42.3304,40.6690,39.1359,37.7169,35.8993,34.0313,31.0213,26.4059,21.2663,16.7603,9.5744
42.586,0.06582288003014118,0.81352108268303,3.0034969530216636e-28,3,135.082,0.177344,0.0321181,12997.8,0.0,7.4437,24.8927,108.4940,158.1560,78.2012,62.4695,56.4303,52.0370,49.2998,46.8395,44.6165,42.5979,40.0653,37.5228,33.5487,27.7332,21.6230,16.6934,9.4175
42.687,0.02156884132827666,0.8563850707954502,5.047977328943511e-29,3,138.436,0.143068,0.04775,13288.4,0.0,7.9059,25.5265,78.2830,200.0000,91.6310,69.2930,61.3350,55.7423,52.3383,49.3296,46.6514,44.2521,41.2850,38.3530,33.8621,27.4843,21.0195,15.9707,9.0392
42.788,0.09779870908598094,0.8845225744513782,8.484135496755357e-30,3,142.006,0.0974452,0.0726335,13619.5,0.0,8.6037,26.9457,72.4879,200.0000,100.2760,72.4408,63.1139,56.7318,52.9146,49.5822,46.6480,44.0449,40.8581,37.7440,33.0400,26.4932,20.0116,15.0540,8.5205
42.907,0.03370385778183539,0.899169472866357,9.981500570577711e-31,3,146.316,0.0281054,0.0834768,14084.3,0.0,9.2183,25.6985,54.9813,200.0000,183.3700,103.3300,83.8354,71.9666,65.3627,59.8731,55.2381,51.2728,46.5959,42.2040,35.8820,27.6561,20.1036,14.6840,7.9731
43.027,0.008835264094361459,0.9037993444044532,1.174313560627897e-31,3,150.812,-0.0548269,0.0902722,14420.6,0.0,9.8816,26.4805,53.2358,198.4280,200.0000,121.6390,93.6363,77.9475,69.6215,62.9070,57.3776,52.7454,47.3948,42.4779,35.5769,26.8960,19.2079,13.8493,7.3844
43.127,0.003392237373596613,0.9063869047213262,1.9736688013473063e-32,3,154.499,-0.120213,0.0873346,14809.3,0.0,10.4573,27.7904,55.1821,192.9660,200.0000,120.8290,91.5934,75.5999,67.2217,60.5194,55.0362,50.4676,45.2184,40.4209,33.7295,25.3811,18.0508,12.9762,6.8905
43.247,0.046499362591184104,0.9114599969543923,2.322001608097093e-33,4,158.456,-0.18944,0.060504,12213.2,0.0,10.7633,26.6492,48.0952,115.7980,200.0000,200.0000,157.7550,113.0030,93.9703,80.4299,70.3049,62.4482,54.0059,46.7860,37.4253,26.7714,18.2369,12.7265,6.4969
43.366,0.012189528907103366,0.9395405659259872,2.7318116719101504e-34,4,160.009,-0.240863,0.0439181,12288.7,0.0,11.0237,26.2392,45.1862,95.2372,200.0000,200.0000,200.0000,172.1280,129.4570,103.7450,86.5600,74.2640,61.9516,52.0911,40.1354,27.5501,18.1716,12.4189,6.1763
43.485,0.0031954118658237044,0.9632643865672269,3.213949113885573e-35,4,163.48,-0.281588,0.0402453,12578.9,0.0,11.3401,26.7683,45.6655,93.9625,200.0000,200.0000,200.0000,189.1380,136.7820,107.1340,88.0545,74.7483,61.7025,51.4498,39.2445,26.6564,17.4443,11.8632,5.8647
43.607,0.0008376580481544892,0.973557998102279,3.781178992995238e-36,4,167.033,-0.318705,0.0390279,12837.1,0.0,11.6531,27.4322,46.6556,95.2714,200.0000,200.0000,200.0000,189.4860,134.9250,104.7660,85.6321,72.4126,59.5499,49.5085,37.6315,25.4684,16.6224,11.2856,5.5680
43.727,0.026002257261375412,0.9774321816045238,4.448519273468968e-37,4,170.567,-0.352324,0.0266299,13120.7,0.0,11.7930,27.0216,44.6329,85.0537,187.9540,200.0000,200.0000,200.0000,200.0000,145.9450,109.9330,88.1814,69.0599,55.3527,40.3563,26.2121,16.6154,11.0831,5.3550
43.846,0.006816335727525995,0.9819199861114113,5.233638440043508e-38,4,174.126,-0.37638,0.0174885,13375.2,0.0,11.8887,26.7273,43.2882,79.0316,157.9000,200.0000,200.0000,200.0000,200.0000,200.0000,142.7480,107.1060,79.3719,61.2556,42.9141,26.8786,16.6309,10.9390,5.2014
43.966,0.0017868615129565744,0.9830964371360649,6.157323288326789e-39,4,177.675,-0.394016,0.0153964,13629.0,0.0,12.0150,26.8966,43.3760,78.4816,153.7800,200.0000,200.0000,200.0000,200.0000,200.0000,150.7380,110.7030,80.7052,61.6303,42.7219,26.5132,16.3084,10.6911,5.0646
44.067,0.0005855187805656102,0.9850715366144958,1.0348613250690838e-39,4,180.607,-0.406865,0.0147796,13849.7,0.0,12.1181,27.0934,43.6389,78.7519,153.4600,200.0000,200.0000,200.0000,200.0000,200.0000,151.4130,110.4290,80.0892,60.9598,42.1201,26.0671,16.0058,10.4823,4.9601
44.185,0.011638577035993842,0.9931634538317703,1.2175040003305266e-40,4,184.135,-0.421555,0.0140676,14116.5,0.0,12.2356,27.3170,43.9359,79.0522,153.0840,200.0000,200.0000,200.0000,200.0000,200.0000,152.2740,110.1250,79.3763,60.1828,41.4248,25.5535,15.6583,10.2429,4.8407
44.286,0.03640087957555447,0.9961676364890945,2.0462589733555164e-41,4,187.039,-0.428396,-0.00578642,14348.0,0.0,12.0508,25.8897,40.1295,67.1604,113.4730,173.4910,200.0000,200.0000,200.0000,200.0000,200.0000,200.0000,143.6070,90.6402,53.6021,29.5342,16.9575,10.7145,4.8785
44.387,0.01192784021931769,0.9988461388591214,3.439147456518617e-42,4,189.962,-0.423215,-0.0176275,14554.9,0.0,11.8690,24.9553,37.9320,61.2814,97.7827,139.4800,180.6090,200.0000,200.0000,200.0000,200.0000,200.0000,200.0000,133.0900,66.3454,33.1628,18.1533,11.2051,4.9828
44.506,0.0031268117464528164,1.0,4.046122591119588e-43,4,193.474,-0.405865,-0.0213373,14805.0,0.0,11.6826,24.4026,36.8778,58.9798,92.6697,129.9220,165.4420,200.0000,200.0000,200.0000,200.0000,200.0000,200.0000,159.8990,73.5666,35.4126,19.0637,11.6756,5.1525
44.625,-0.03549549376341287,1.0,4.760222767226285e-44,5,196.5,-0.383817,-0.0185969,13466.4,0.0,11.5297,24.2000,36.7279,59.1773,94.0360,133.5090,172.0850,200.0000,200.0000,200.0000,200.0000,200.0000,200.0000,147.6850,72.2176,35.7584,19.4906,12.0063,5.3285
44.725,-0.02158587670605763,1.0,8.000506404877217e-45,5,196.975,-0.370411,-0.0047102,13484.3,0.0,11.5739,24.9152,38.6909,64.9776,110.4360,170.1510,200.0000,200.0000,200.0000,200.0000,200.0000,200.0000,151.3570,97.0760,58.0650,32.2335,18.5809,11.7640,5.3676
44.847,-0.01902860626257527,1.0,9.412515780274e-46,5,199.766,-0.366262,0.00550222,13658.8,0.0,11.6574,25.5886,40.4765,70.4221,127.5560,200.0000,200.0000,200.0000,200.0000,200.0000,200.0000,165.6580,108.1290,77.4179,50.5345,29.8631,17.8275,11.4958,5.3481
44.967,-0.016108237230802534,1.0,1.1073730690334563e-46,5,202.514,-0.373857,0.0155027,13845.3,0.0,11.8426,26.5162,42.7719,77.4235,151.8530,200.0000,200.0000,200.0000,200.0000,200.0000,155.0690,114.0170,83.1938,63.5662,44.0882,27.3741,16.8431,11.0435,5.2325
45.086,0.01463133175639975,1.0,1.302813341987171e-47,5,205.244,-0.391042,0.0175283,14024.0,0.0,12.0158,27.0153,43.7583,79.9037,159.7030,200.0000,200.0000,200.0000,200.0000,200.0000,139.1800,104.4690,77.4405,59.7766,41.8862,26.2392,16.2371,10.6806,5.0789
45.205,0.015012952688065904,1.0,1.532746868714487e-48,5,207.938,-0.407461,0.00884604,14203.3,0.0,12.0498,26.6236,42.3826,74.6766,138.5990,200.0000,200.0000,200.0000,200.0000,200.0000,195.3610,135.1990,92.3266,67.7766,45.2446,27.2130,16.4171,10.6470,4.9840
45.326,0.016131751675674596,1.0,1.803261363573907e-49,5,210.595,-0.415931,0.000267982,14378.5,0.0,12.0178,26.1150,40.9131,69.8631,122.2580,200.0000,200.0000,200.0000,200.0000,200.0000,196.8420,188.8140,117.0710,79.8507,50.0461,28.6929,16.8341,10.7556,4.9547
45.445,0.018929985006528687,1.0,2.121518961631066e-50,5,213.213,-0.414344,-0.00936222,14550.6,0.0,11.8903,25.3765,39.0955,64.7019,107.2930,160.2030,200.0000,200.0000,200.0000,198.0980,194.7590,190.5280,173.0410,102.5540,58.1642,31.2151,17.6806,11.0954,5.0166
45.545,0.021429559652440564,1.0,3.565636918813334e-51,5,215.368,-0.403976,-0.0185888,14689.3,0.0,11.6977,24.5531,37.2643,60.0429,95.4146,135.4710,200.0000,199.4990,197.3970,195.0310,192.3240,189.1350,183.1960,142.8070,69.8438,34.5858,18.8521,11.6132,5.1541
45.647,-0.019794866811069525,1.0,5.992765969449572e-52,5,217.498,-0.38464,-0.0254462,14830.9,0.0,11.4612,23.7693,35.6971,56.4838,87.3449,120.3610,150.8080,194.8390,192.9510,190.8530,188.4950,185.7980,181.1590,172.8170,83.2459,38.2306,20.1805,12.2498,5.3596
45.766,-0.013593512916361012,1.0,7.050429235397726e-53,5,220.019,-0.362217,-0.00967503,15004.0,0.0,11.4486,24.4197,37.6017,62.1703,102.9320,153.3940,186.6330,183.9010,181.6800,179.1670,176.2550,172.7320,165.3570,112.7100,63.6701,34.0876,19.2841,12.0943,5.4649
45.885,-0.00356345784994654,1.0,8.294759491153071e-54,6,220.06,-0.350177,-0.00502229,13729.5,0.0,11.3995,24.5254,38.0650,63.8620,108.3530,180.8730,178.1000,175.2970,173.0140,170.4180,167.3800,163.6240,154.3780,101.0050,60.2194,33.3576,19.2069,12.1532,5.5418
45.986,-0.0011676738682704824,1.0,1.3941002276780968e-54,6,221.769,-0.34427,-0.00434995,13831.9,0.0,11.3572,24.4651,38.0159,63.9187,108.8550,174.3480,171.6100,168.8530,166.6160,164.0810,161.1290,157.5050,149.0710,100.1800,60.1435,33.4696,19.3189,12.2394,5.5884
46.107,-0.06650585115686765,1.0,1.6401449768610043e-55,6,223.777,-0.339574,0.00217962,13963.9,0.0,11.3915,24.8448,39.0586,67.1434,118.9290,165.3760,162.5240,159.6430,157.2890,154.5910,151.3790,147.2190,124.4330,86.5247,55.0886,31.9478,18.8654,12.0947,5.5917
46.225,-0.017434109845665912,1.0,1.9296141638272027e-56,6,225.735,-0.351041,0.0243671,14086.4,0.0,11.7538,26.8033,44.0515,83.0132,158.1820,152.8180,149.2320,145.3960,141.9540,137.1730,117.6800,93.1338,72.0913,57.3050,41.4048,26.6666,16.8064,11.1726,5.3772
46.327,-0.005712809114227805,1.0,3.24310252514438e-57,6,227.38,-0.374561,0.0285718,14192.9,0.0,12.0116,27.6364,45.8485,88.2406,150.6460,145.1280,141.4070,137.3500,133.5580,127.3240,100.6340,81.5632,64.4677,52.0171,38.2039,24.9885,15.9165,10.6474,5.1617
46.446,0.008520892937872367,1.0,3.815477689807111e-58,6,229.352,-0.409783,0.0294745,14315.9,0.0,12.3312,28.4267,47.2566,91.3803,142.2280,136.7520,133.0690,129.0480,125.2590,118.6030,92.7240,75.4904,59.9097,48.4827,35.7257,23.4419,14.9644,10.0237,4.8668
46.565,0.010379708708705615,1.0,4.488871347281168e-59,6,231.309,-0.442035,0.0180161,14424.4,0.0,12.4626,28.0477,45.4765,83.2193,135.8790,131.0560,127.9440,124.7410,122.0280,118.6980,113.8920,94.4050,70.2306,54.3382,38.1661,23.9589,14.8461,9.7732,4.6514
46.686,0.0027209783597349248,1.0,5.281112251362824e-60,6,233.248,-0.465721,0.0150328,14530.8,0.0,12.6283,28.2487,45.5229,82.2396,127.9590,123.3640,120.4420,117.4800,115.0210,112.1050,108.3050,98.6960,71.7338,54.6741,37.8276,23.4374,14.4016,9.4355,4.4669
46.787,0.0008916101889179402,1.0,8.875965360865499e-61,6,234.832,-0.482489,0.0145671,14630.4,0.0,12.7667,28.5313,45.9351,82.8219,120.9700,116.4960,113.6740,110.8340,108.4960,105.7560,102.2820,96.1926,70.2134,53.3814,36.8422,22.7787,13.9781,9.1512,4.3286
46.906,0.00023373026136370455,1.0,1.0442484487404653e-61,6,236.718,-0.501662,0.0145071,14742.4,0.0,12.9310,28.8950,46.5150,83.8463,112.4180,108.0860,105.3780,102.6740,100.4680,97.9131,94.7540,89.9392,67.7040,51.4568,35.5025,21.9444,13.4638,8.8136,4.1685
47.025,6.127098563492696e-05,1.0,1.2285478574586701e-62,6,238.578,-0.520775,0.0146382,14853.3,0.0,13.0973,29.2745,47.1384,110.3910,103.7360,99.5542,96.9644,94.3995,92.3260,89.9529,87.0834,83.0607,64.9146,49.3720,34.0879,21.0826,12.9399,8.4725,4.0081
47.125,2.007727657285287e-05,0.923666259765625,2.064820384030787e-63,6,240.06,-0.53682,0.0147116,14917.5,0.0,13.2365,29.5900,47.6535,102.9480,96.4252,92.3824,89.9000,87.4599,85.5033,83.2875,80.6591,77.1764,62.6375,47.6589,32.9180,20.3659,12.5027,8.1872,3.8736
47.246,5.263137589913943e-06,0.24213356800000002,0.7700738847198487,6,231.25,-0.555885,0.0146646,13866.8,0.0,13.4001,29.9527,48.2331,94.0569,87.7228,83.8640,81.5208,79.2400,77.4308,75.4096,73.0674,70.1366,60.1230,45.7341,31.5806,19.5343,11.9905,7.8512,3.7144
47.365,1.3796999403704006e-06,0.063473862049792,0.8798059799280051,6,215.379,-0.573643,0.0148017,12726.9,0.0,13.5549,30.3073,48.8176,85.5819,79.4519,75.7805,73.5759,71.4510,69.7833,67.9441,65.8568,63.3557,57.4796,43.8025,30.2689,18.7345,11.5042,7.5344,3.5654
47.468,4.521000764605729e-07,0.02079911511647584,0.8932809109073396,6,201.96,-0.587351,0.0153847,11851.0,0.0,13.6812,30.6257,49.3888,78.8835,72.9257,69.4058,67.3110,65.3076,63.7481,62.0447,60.1395,57.9175,53.5058,41.9760,29.0957,18.0558,11.1059,7.2804,3.4488
47.587,1.1851532244368041e-07,0.005452363233093442,0.8968908532475671,6,186.355,-0.602731,0.0156138,10834.4,0.0,13.8170,30.9442,79.1717,71.3843,65.6585,62.3329,60.3766,58.5247,57.0986,55.5601,53.8704,51.9599,48.5719,40.2553,27.9363,17.3541,10.6813,7.0046,3.3195
47.706,3.106808068667616e-08,0.001429304307376047,0.8964920425082494,6,171.343,-0.61672,0.0152619,9850.2,0.0,13.9326,31.1807,72.0473,64.4646,58.9937,55.8723,54.0590,52.3611,51.0684,49.6915,48.2062,46.5727,43.8808,39.0569,27.0638,16.7857,10.3210,6.7646,3.2037
47.826,8.144310943528037e-09,0.00037468354835278647,0.8970709132746292,5,157.069,-0.629064,0.0145752,9657.77,0.0,14.0290,31.3530,65.4715,58.0802,52.8774,49.9631,48.2918,46.7442,45.5792,44.3534,43.0525,41.6549,39.4635,36.3223,26.4048,16.3261,10.0187,6.5592,3.1026
47.926,0.025918237024587194,0.00012277630512424106,0.8978650731706783,5,145.514,-0.638032,0.0142758,8750.67,0.0,14.1019,31.5427,60.3273,53.1096,48.1311,45.3851,43.8270,42.3971,41.3303,40.2182,39.0519,37.8186,35.9407,33.4505,25.8580,15.9662,9.7894,6.4059,3.0285
48.026,0.15025326346900264,4.023133966311131e-05,0.31543214290028615,5,134.935,-0.645812,0.0140011,8768.92,0.0,14.1649,64.8802,55.4965,48.4673,43.7169,41.1375,39.6897,38.3727,37.3987,36.3922,35.3479,34.2586,32.6379,30.5926,25.3834,15.6543,9.5905,6.2730,2.9642
48.146,0.06436590092463822,1.0546404304646654e-05,0.037110276180075764,4,127.245,-0.653751,0.00998211,9409.21,0.0,14.1747,59.1331,50.2620,43.5138,39.0714,36.7089,35.4015,34.2261,33.3661,32.4872,31.5870,30.6626,29.3204,27.7006,24.2709,15.7660,9.5445,6.2017,2.9091
48.265,0.1337361993570567,2.764676610037292e-06,0.004365986882309734,4,123.953,-0.656155,-0.0100818,9164.61,0.0,13.9134,54.8754,46.3212,39.9751,35.9161,33.8073,32.6585,31.6383,30.9006,30.1547,29.4003,28.6366,27.5507,26.2827,23.8099,18.2126,10.4175,6.5283,2.9475
48.369,0.23730527175544064,9.059292315770197e-07,0.0007337914153097969,3,122.832,-0.639575,-0.0682371,11133.6,0.0,13.0527,54.8192,45.8035,39.9575,36.2948,34.4232,33.4146,32.5261,31.8883,31.2478,30.6045,29.9587,29.0501,28.0057,26.0299,22.0115,15.1035,8.3066,3.2903
48.486,0.16900028810623433,2.3748391248252622e-07,8.63298262197823e-05,3,121.103,-0.582815,-0.148799,10947.8,0.0,11.8103,56.5933,45.7411,40.2396,36.9427,35.2769,34.3851,33.6034,33.0444,32.4850,31.9254,31.3657,30.5822,29.6875,28.0140,24.7008,19.3934,12.9123,4.2107
48.606,0.17303521315205195,6.225498275381935e-08,1.015661772493117e-05,3,119.117,-0.481529,-0.231685,10759.2,0.0,10.4523,60.4707,46.5734,40.3156,37.2761,35.7604,34.9520,34.2453,33.7409,33.2371,32.7340,32.2317,31.5303,30.7315,29.2443,26.3262,21.7200,16.1172,5.9158
48.706,0.05670017864566438,2.0399712748771522e-08,1.707022741029182e-06,3,117.629,-0.363081,-0.289776,10628.5,0.0,9.4224,64.0135,47.1048,39.9271,36.7030,35.2815,34.5287,33.8718,33.4037,32.9368,32.4712,32.0070,31.3597,30.6240,29.2585,26.5951,22.4280,17.3800,7.4810
48.825,0.10309440757546912,5.347662298813962e-09,2.0082951845934227e-07,3,116.138,-0.193589,-0.274498,10519.3,0.0,8.5773,62.9520,44.7687,37.3873,34.1326,32.7407,32.0487,31.4503,31.0253,30.6023,30.1815,29.7630,29.1813,28.5226,27.3070,24.9626,21.3624,17.0875,8.4724
48.926,0.22891615258920472,1.7523219820753589e-09,3.375341716746166e-08,3,114.769,-0.0680688,-0.235941,10405.3,0.0,7.8758,68.6892,45.7043,37.1528,33.5103,31.9752,31.2210,30.5946,30.1650,29.7495,29.3476,28.9567,28.4153,27.8032,26.6764,24.5124,21.2088,17.2974,9.2030
49.046,0.32706004917076953,4.593606936691629e-10,3.971055776334697e-09,3,113.016,0.0591132,-0.213787,10229.3,0.0,7.0250,95.8045,52.8083,40.2042,35.2771,33.2719,32.3016,31.5028,30.9588,30.4355,29.9318,29.4468,28.7971,28.0939,26.8775,24.7707,21.6603,17.9593,10.0572
49.168,0.20395690734010968,1.2041864968120903e-10,4.671907410300009e-10,3,110.942,0.166618,-0.213574,10026.5,0.0,6.1888,130.7130,79.0559,51.0528,42.2256,38.9014,37.3437,36.0853,35.2402,34.4363,33.6709,32.9411,31.9751,30.9436,29.1933,26.2759,22.6451,18.9670,10.9345
49.285,0.053466079517765705,3.156702650203086e-11,5.496452349143858e-11,3,109.129,0.256355,-0.190911,9866.02,0.0,5.6019,18.5485,111.4280,71.5124,53.5407,47.6057,44.9601,42.8817,41.5147,40.2351,39.0349,37.9071,36.4378,34.8983,32.3526,28.2855,23.5074,19.2143,11.4138
49.405,0.014015811949105176,8.275106595348376e-12,6.466521224244258e-12,3,107.753,0.325059,-0.116102,9774.01,0.0,5.4265,22.3404,118.8270,85.1419,59.1686,51.2885,47.8994,45.2880,43.5944,42.0260,40.5694,39.2134,37.4650,35.6547,32.7087,28.1211,22.9096,18.3811,11.2188
49.506,0.0045927012594827845,2.7115869291637554e-12,1.0868282221587327e-12,3,106.757,0.354982,-0.0287001,9698.7,0.0,5.7070,28.0907,116.4360,83.3544,57.1309,49.2376,45.8703,43.2868,41.6164,40.0731,38.6429,37.3141,35.6046,33.8390,30.9755,26.5399,21.5354,17.2160,10.7148
49.606,0.019973005402418257,8.885328049483795e-13,1.8266321929821818e-13,3,105.762,0.345872,0.0628817,9607.47,0.0,6.6099,34.1343,112.2660,79.1467,53.6212,46.1257,42.9364,40.4930,38.9148,37.4577,36.1084,34.8555,33.2449,31.5827,28.8899,24.7258,20.0379,16.0005,10.0207
49.725,0.18886604946285152,2.32923543620388e-13,2.1490145087216074e-14,3,104.393,0.290183,0.120535,9477.96,0.0,7.3610,27.2916,130.2630,94.9607,72.9538,58.6872,53.1520,49.1072,46.5795,44.3026,42.2409,40.3655,38.0079,35.6358,31.9179,26.4541,20.6837,16.0061,9.4967
49.826,0.06188762708798719,0.2394692871094513,3.611848684808405e-15,3,103.784,0.222697,0.132554,9575.65,0.0,7.6777,23.5849,60.7191,105.7690,88.3002,78.2421,71.2682,63.8781,59.3970,55.5073,52.0994,49.0893,45.4214,41.8548,36.5005,29.1140,21.8752,16.3872,9.2353
49.948,0.016223470115353317,0.6503274313312699,4.2493038591902405e-16,3,105.795,0.148401,0.118103,10063.4,0.0,8.2564,24.1143,56.0203,106.3560,88.6327,79.7498,74.1830,68.3008,63.1231,58.4784,54.4739,50.9866,46.7983,42.7891,36.8842,28.9549,21.4176,15.8506,8.7720
50.065,0.004252885349919181,0.7798103716589043,4.9992634972987276e-17,3,109.425,0.0792448,0.113681,10518.5,0.0,8.8772,25.5516,57.7805,102.8940,85.5327,77.0431,71.8298,66.5071,61.8116,57.0848,53.0332,49.5223,45.3271,41.3330,35.4887,27.7116,20.3934,15.0340,8.2727
50.167,0.04383929296218417,0.8129612625851897,8.402262159909974e-18,3,112.788,0.021916,0.11113,10912.9,0.0,9.3997,26.8336,59.8090,99.3801,82.4575,74.2351,69.2452,64.2382,59.9577,55.2876,51.2792,47.8164,43.6914,39.7770,34.0718,26.5211,19.4584,14.3119,7.8492
50.285,0.0633917198972788,0.8259160652660069,9.885177408512486e-19,3,116.861,-0.0390491,0.0734937,11387.1,0.0,9.5431,24.4231,46.0001,110.2520,88.8819,81.0970,77.1579,73.5255,70.7937,67.9138,64.8379,61.4840,55.9745,49.3390,40.3714,29.6559,20.6528,14.6295,7.6153
50.386,0.020772198775940314,0.8315718051726151,1.6614017670486934e-19,3,120.358,-0.0784119,0.0519053,11694.7,0.0,9.6651,23.4375,41.2439,116.1440,92.1034,83.3629,79.3676,76.0962,73.6963,71.2191,68.6494,65.9665,61.9584,56.8255,45.5412,31.9255,21.4007,14.7775,7.4438
50.487,0.006806634094900121,0.8383296620095875,2.792317949878739e-20,3,123.923,-0.10929,0.0428721,11958.7,0.0,9.8436,23.3744,40.1437,115.5440,91.0386,82.0864,78.0163,74.7835,72.5379,70.2370,67.8721,65.4320,61.8590,57.4702,47.5269,32.5280,21.4076,14.6101,7.2537
50.607,0.0017843182881734977,0.8412887788084663,3.285134144852838e-21,3,128.194,-0.139871,0.0386798,12276.2,0.0,10.0690,23.6847,40.2471,111.1470,87.1344,78.4203,74.4688,71.3350,69.2183,67.0693,64.8756,62.6308,59.3860,55.4917,47.3145,32.2226,21.0145,14.2607,7.0318
50.727,0.0004677483333349533,0.8420644935225915,3.8649274700779156e-22,3,132.347,-0.167538,0.0365865,12708.6,0.0,10.2902,24.0925,40.7309,105.3900,82.2527,73.9564,70.1994,67.2222,65.2271,63.2189,61.1813,59.1110,56.1492,52.6551,45.6528,31.5937,20.5080,13.8768,6.8188
50.848,0.17193303123208986,0.8394895319337361,4.547048519271967e-23,3,136.504,-0.192106,0.0211417,13014.3,0.0,10.3362,23.4123,38.3591,106.1080,81.9575,73.1363,69.1839,66.0703,64.0182,62.0941,60.2366,58.3647,55.7157,52.6434,46.7242,33.9393,21.2098,14.0307,6.7148
50.965,0.05413702650794496,0.8399577696404873,5.349557112438276e-24,3,140.313,-0.195554,-0.034252,13588.0,0.0,9.8143,20.0508,29.7294,129.0230,100.6380,88.0966,82.0060,77.3016,74.2652,71.4636,68.8708,66.4643,63.3725,60.1838,54.9222,44.6061,27.6929,16.4734,7.0723
51.065,0.017739620846123405,0.8411739498464198,8.991000638875011e-25,3,143.792,-0.176201,-0.0552352,13683.8,0.0,9.4719,18.7059,26.9776,134.9770,105.7710,92.7217,86.2646,80.9224,77.3965,74.1703,71.2076,68.4777,64.9974,61.4399,55.7486,46.3129,31.5848,18.1140,7.4106
51.167,0.0058129189588577174,0.8484331630887998,1.5111174773757231e-25,3,147.142,-0.142323,-0.0612901,14040.4,0.0,9.1497,17.9014,25.7048,132.2230,103.3200,90.4682,84.1268,78.8896,75.3583,72.1199,69.1530,66.4257,62.9577,59.4230,53.7892,44.9827,32.1828,19.2706,7.7680
51.287,0.0015238218275507975,0.8754098119328754,1.7778146009577648e-26,3,151.302,-0.0924939,-0.0638583,14423.3,0.0,8.7308,17.0151,25.0987,125.9950,97.8493,85.4794,79.4169,74.4319,71.0684,67.9734,65.1416,62.5410,59.2375,55.8749,50.5244,42.4148,31.5277,20.5142,8.2433
51.388,0.062393197267701844,0.9087561387366645,2.987972999829716e-27,3,155.0,-0.0470221,-0.0685161,14646.4,0.0,8.3333,16.1489,25.1531,122.0080,94.3345,82.2664,76.3783,71.5510,68.2903,65.2431,62.4606,59.9101,56.6775,53.3945,48.1869,40.3933,30.7700,21.1246,8.7025
51.507,0.032725083643424434,0.9450106079048592,3.515320354569663e-28,4,157.917,0.0223392,-0.0977705,12236.7,0.0,7.5910,14.3790,22.5512,130.7040,101.7750,88.9365,82.6114,77.3931,73.8515,70.4669,67.2389,64.1676,60.1782,56.1846,49.9910,41.0319,31.5784,22.5789,9.6644
51.626,0.008578684326621854,0.9623103334548614,4.1357392439476623e-29,4,160.336,0.110204,-0.110082,12256.3,0.0,6.8491,13.5694,23.6553,129.6710,100.8280,88.0504,81.7620,76.5783,73.0625,69.7037,66.5027,63.4581,59.4554,55.2790,48.8353,39.6713,30.3666,22.4326,10.4590
51.727,0.0537819626199912,0.9670748227227389,6.950936947302837e-30,4,163.146,0.190547,-0.101393,12543.7,0.0,6.3829,13.5995,31.0811,125.6220,97.2558,84.7852,78.6756,73.6546,70.2571,67.0175,63.9358,61.0100,57.1709,53.1383,46.7938,37.8390,28.8275,21.6578,10.7641
51.845,0.06231091671145498,0.9687882349840795,8.177707809132314e-31,4,166.437,0.272264,-0.0902131,12707.8,0.0,5.7852,12.4088,24.3783,149.3500,114.2570,100.3280,93.3639,87.5614,83.5916,79.7728,76.1078,72.5999,67.9534,63.0216,54.8374,42.3753,30.6621,22.3203,11.3371
51.947,0.020418041188009568,0.9708915932927081,1.3744273514808682e-31,4,169.114,0.323508,-0.0575326,12988.7,0.0,5.5375,12.7392,24.8589,156.6480,117.1080,103.0190,95.9555,90.0587,86.0176,82.1247,78.3827,74.7958,70.0365,64.9746,56.5485,43.4800,30.7453,22.0111,11.4021
52.067,0.00535246698918958,0.9732609890352486,1.6170000347437265e-32,4,172.43,0.348223,-0.00271446,13254.9,0.0,5.6394,14.3581,27.4528,152.0660,112.5640,98.8594,92.0330,86.3545,82.4735,78.7429,75.1664,71.7446,67.2159,62.4130,54.4437,42.1220,29.6383,21.0904,11.0447
52.187,0.14973046068451037,0.9738821119127812,1.902384370875647e-33,4,175.581,0.323251,0.037769,13668.8,0.0,6.0715,14.8857,26.5424,167.3640,117.1150,102.2680,95.3024,89.4916,85.5126,81.6804,77.9997,74.4716,69.7921,64.8166,56.5320,43.6606,30.2740,21.0239,10.6663
52.305,0.05245097313048029,0.974044935548389,2.2381361884914894e-34,4,178.537,0.277765,0.00485962,14149.1,0.0,6.1584,13.5010,21.3305,39.3815,153.7010,127.1360,116.6040,108.7400,103.7510,99.2073,94.9370,90.8024,85.2522,79.2619,69.0773,52.7612,35.4509,23.2209,10.7899
52.406,0.017187134875395783,0.9761634194804961,3.761635491997647e-35,4,181.498,0.264052,-0.0153759,14014.9,0.0,6.1509,12.9847,19.8078,34.1363,191.9100,138.5300,125.4490,115.8910,109.9190,104.5400,99.6708,95.2411,89.5363,83.3665,72.8183,55.7441,37.3988,24.3378,10.8946
52.506,0.005631880355969689,0.977556323045369,6.322180771400446e-36,4,184.364,0.269447,-0.0190423,14121.6,0.0,6.0842,12.7603,19.4645,34.8886,190.6390,135.1620,122.0670,112.5450,106.6140,101.2830,96.4683,92.0966,86.5722,80.6734,70.6280,54.4440,37.0321,24.4545,10.9827
52.627,0.05318593795918532,0.9784803184984052,7.437982455744912e-37,4,187.651,0.288897,-0.033768,14375.3,0.0,5.8401,11.9702,18.1897,32.1155,200.0000,145.5310,127.6250,116.6110,109.8500,103.8380,98.4573,93.6125,87.5906,81.5955,71.6304,55.5215,38.0422,25.2654,11.3255
52.746,0.013942374520372674,0.9787225383624459,8.750711979359334e-38,4,190.927,0.328801,-0.0519217,14571.0,0.0,5.4256,10.9953,16.5806,28.3575,200.0000,183.7680,143.9190,125.9250,117.5340,110.2550,103.8320,98.1234,91.1211,84.2648,73.8332,57.5047,39.5976,26.3656,11.8232
52.865,0.0036549098262685744,0.98134750164336,1.0295125136596468e-38,4,194.167,0.379028,-0.0444167,14825.6,0.0,5.0709,10.4884,16.1173,28.9957,200.0000,182.0290,143.4300,122.6190,113.9650,106.7040,100.3210,94.6649,87.7493,81.0016,70.8282,55.5952,38.8736,26.3246,12.1063
52.968,0.0011976408518716863,0.9816659239478712,1.7303016817077687e-39,5,196.408,0.412109,-0.0308917,13463.4,0.0,4.8613,10.2921,16.1934,31.6095,200.0000,175.2330,136.6060,117.0130,108.7130,101.7520,95.6352,90.2186,83.6010,77.1474,67.4248,53.2481,37.7359,25.9452,12.2218
53.085,0.06874779893647305,0.9830298362642658,2.035682625512373e-40,5,197.241,0.438741,-0.0283344,13497.2,0.0,4.6516,9.8818,15.5847,30.4739,200.0000,191.7130,166.6870,132.7650,116.2770,106.7710,99.5855,93.3423,85.8211,78.5979,67.9167,53.3609,37.9784,26.2168,12.4173
53.186,0.022527278755503487,0.9833556210439496,3.4213717886986454e-41,5,199.375,0.461726,-0.0351175,13631.2,0.0,4.4317,9.2839,14.4055,26.3306,200.0000,200.0000,196.9460,176.0730,159.9500,138.5210,115.7210,104.9460,94.8077,85.6285,72.5052,55.5871,39.4117,27.0749,12.7005
53.307,0.005905390962082706,0.98347278021982,4.025209695686071e-42,5,201.951,0.489156,-0.023865,13798.2,0.0,4.2505,9.0819,14.3763,28.0850,200.0000,200.0000,200.0000,178.2250,163.9620,147.3140,122.9930,106.2440,94.1227,84.5656,71.0986,54.0122,38.4739,26.7460,12.7894
53.407,0.07333691051045527,0.9835007649193056,6.765169935539579e-43,5,204.076,0.504044,-0.0145105,13928.9,0.0,4.1640,9.0541,14.6067,31.0058,200.0000,200.0000,200.0000,180.4790,166.5930,152.0320,134.3830,110.3070,94.4376,83.9989,70.1543,52.8478,37.5798,26.3611,12.7966
53.527,0.04278050047045278,0.9835108288158814,7.959154777462958e-44,5,206.438,0.526535,-0.04052,14085.6,0.0,3.8766,8.0156,12.2353,21.0677,57.4086,118.5840,200.0000,200.0000,200.0000,200.0000,200.0000,189.6440,168.3880,146.8610,94.5999,63.5876,41.9537,28.5672,13.3300
53.645,0.011214651515326373,0.9835134670059854,9.363866004137398e-45,5,208.9,0.561452,-0.035466,14215.3,0.0,3.6069,7.5128,11.5351,20.0719,46.1092,96.0136,120.0470,200.0000,200.0000,200.0000,200.0000,200.0000,185.5920,162.0030,121.0810,66.9293,42.8781,28.7832,13.5603
53.747,0.0036748170085421457,0.9835140971653963,1.5737849593153723e-45,5,210.938,0.586756,-0.0227931,14329.7,0.0,3.4395,7.3245,11.4915,21.1510,47.7861,90.6118,111.6090,200.0000,200.0000,200.0000,200.0000,200.0000,186.5870,162.2830,125.3090,66.8181,42.5338,28.4427,13.6023
53.847,0.0012041640373590904,0.983514303656032,2.6450603811213467e-46,5,212.859,0.600942,-0.00813896,14521.9,0.0,3.3693,7.3766,11.9218,22.7731,50.9034,87.5323,107.7300,200.0000,200.0000,200.0000,200.0000,200.0000,184.1320,159.9640,125.3300,66.1951,41.9503,28.0193,13.5265
53.965,0.00031566437740946144,0.9835143779144818,3.111887087785454e-47,5,215.179,0.599335,0.0102822,14676.3,0.0,3.4467,7.8387,12.9638,24.7747,55.0905,84.1832,105.1200,200.0000,200.0000,200.0000,200.0000,200.0000,179.9100,156.2240,123.7320,65.7900,41.1654,27.4819,13.2913
54.068,0.0001034369031895323,0.9835143956518924,5.230148628441012e-48,5,217.073,0.581085,0.0260412,14792.9,0.0,3.6550,8.3845,13.8662,26.4979,56.8862,81.3373,105.3530,200.0000,200.0000,200.0000,200.0000,200.0000,175.8590,152.7040,121.6710,65.9763,40.4689,27.0165,13.0660
54.188,2.7115363549716753e-05,0.9844555641400196,6.153217559874568e-49,5,219.296,0.548135,0.0271718,14945.2,0.0,3.9428,9.0445,14.9575,28.5815,56.9361,77.9000,200.0000,200.0000,200.0000,200.0000,200.0000,197.1970,170.9520,148.4410,118.8170,67.3441,39.6264,26.4536,12.7935
54.305,7.108129862376947e-06,0.9900116447965462,7.23919892701683e-50,6,219.226,0.514924,0.0272033,13670.9,0.0,4.2327,9.7103,16.0595,30.6922,55.7845,74.9380,200.0000,200.0000,200.0000,200.0000,200.0000,192.7810,165.9350,144.0900,115.5870,70.4597,38.8770,25.8839,12.5187
54.406,2.329191993303678e-06,0.9936651329544323,1.2166921636637186e-50,6,220.731,0.487185,0.0272147,13732.9,0.0,4.4748,10.2659,16.9790,32.1605,54.2120,72.9528,200.0000,200.0000,200.0000,200.0000,200.0000,200.0000,161.7730,140.4790,112.7210,72.1895,38.5703,25.4092,12.2893
54.507,7.632296323657493e-07,0.9951935970165082,2.0448945194696126e-51,6,222.191,0.459269,0.0272242,13826.4,0.0,4.7184,10.8251,17.9041,32.6952,52.2285,71.6581,200.0000,200.0000,200.0000,200.0000,200.0000,200.0000,157.5900,136.8480,109.8090,72.8538,38.6219,24.9531,12.0585
54.625,2.0007606874688698e-07,0.9969926662337956,2.4057979532108045e-52,6,223.92,0.425492,0.0272376,13940.3,0.0,5.0133,11.5018,18.8645,32.4335,49.5176,71.9535,196.3210,200.0000,200.0000,200.0000,200.0000,200.0000,152.5280,132.4560,106.2870,72.6950,39.2711,24.6431,11.7793
54.726,6.556092620697992e-08,0.99742239280899,4.043424619961399e-53,6,225.333,0.397127,0.027249,14042.4,0.0,5.2608,12.0026,19.1694,31.6529,47.5086,81.4555,190.8190,199.9000,200.0000,200.0000,200.0000,200.0000,148.2800,128.7690,103.3310,71.9755,40.4450,24.6423,11.5460
54.827,2.148300429950318e-08,0.9975632056131498,6.795783758769125e-54,6,226.748,0.36857,0.0272624,14126.0,0.0,5.4943,12.2325,19.0698,30.4692,45.9169,174.2580,185.2670,194.0580,200.0000,200.0000,200.0000,200.0000,144.0030,125.0570,100.3550,70.8399,41.7605,24.9113,11.3815
54.927,7.039550848861202e-09,0.9976093471528168,1.142167376336327e-54,6,228.147,0.3452,0.015732,14187.2,0.0,5.6216,12.2017,18.6249,28.9562,44.9244,169.3780,179.6760,188.1910,194.8020,200.0000,200.0000,200.0000,139.6750,121.3050,97.3483,69.3521,42.4763,25.4907,11.3303
55.045,1.845376017723871e-09,0.997625940637528,1.3437484965859257e-55,6,229.734,0.33521,-2.98659e-05,14301.3,0.0,5.6179,11.8539,17.6997,27.2518,45.0232,163.3920,172.9240,181.1190,187.4830,194.3260,200.0000,200.0000,134.4180,116.7470,93.7020,67.1788,42.6933,26.4859,11.4273
55.145,6.046928134877581e-10,0.9976299041656052,2.258438098211965e-56,6,231.064,0.342321,-0.013244,14398.5,0.0,5.4871,11.3270,16.6768,26.2340,47.2675,158.2960,167.2600,175.1900,181.3460,187.9670,195.1040,200.0000,130.0070,112.9240,90.6425,65.0963,42.4360,27.0174,11.6491
55.246,1.9814574112366857e-10,0.9976312029344855,3.7957569116648504e-57,6,232.409,0.363714,-0.0265268,14503.4,0.0,5.2429,10.6307,15.8153,25.6962,61.6831,153.1100,161.5650,169.2250,175.1740,181.5710,188.4670,195.9240,125.5720,109.0800,87.5664,62.8939,41.8417,27.2437,12.0030
55.348,6.492839645140372e-11,0.9976316285150721,6.379528641435114e-58,6,233.746,0.399623,-0.0399006,14653.3,0.0,4.9003,10.0589,15.2480,25.8029,116.2390,147.8290,155.8200,163.2090,168.9480,175.1170,181.7700,188.9620,121.1470,105.2420,84.4891,60.6881,40.9586,27.1983,12.3157
55.467,0.03773220988264559,0.994394183906705,7.505451651361998e-59,6,235.5,0.447149,-0.0305656,14768.7,0.0,4.5683,9.6020,14.8815,26.5914,120.6310,140.1820,147.6920,154.6340,160.0210,165.8110,172.0490,178.7880,189.1870,102.7130,82.1230,58.7128,39.8862,26.9793,12.5473
55.587,0.020297116575956245,0.9826470005866643,8.830088813310875e-60,6,237.285,0.481232,-0.0334857,14805.6,0.0,4.2739,8.9229,13.7167,23.8558,61.9465,122.4430,130.6820,136.9580,141.3660,146.0760,151.1240,156.5450,164.8440,175.5100,92.4148,62.8832,41.2058,27.7862,12.8784
55.708,0.005320767327687474,0.9646706825092906,1.0388511187972113e-60,6,238.999,0.509298,-0.0209163,14860.1,0.0,4.0911,8.7324,13.7185,25.2757,65.1197,114.0520,121.8020,127.7510,131.8320,136.1530,140.7780,145.7400,153.3250,163.0540,92.5711,62.2256,40.4113,27.3408,12.9535
55.827,0.0013948072303493052,0.9136784212394654,1.2221979527537313e-61,6,240.46,0.523778,-0.00463754,14955.0,0.0,4.0342,8.8846,14.4373,28.6573,73.4019,107.6960,114.6290,120.1160,123.9350,127.9890,132.3290,136.9840,144.0990,153.2220,90.0722,60.4588,39.2226,26.5308,12.8680
55.947,0.0003656403465926883,0.8544420269948984,1.4379036694352373e-62,6,241.658,0.518346,0.0119206,14976.9,0.0,4.1499,9.4665,15.9459,31.9841,81.5098,101.2340,107.4400,112.4810,116.0430,119.8350,123.8940,128.2470,134.8990,143.4290,162.8140,58.6979,38.0560,25.7318,12.6210
56.067,9.585042301719369e-05,0.7754211093183005,1.6916792880538625e-63,6,242.436,0.490794,0.0288665,14976.7,0.0,4.4673,10.4480,17.6422,35.3954,81.8859,94.7792,100.3260,104.9350,108.2500,111.7880,115.5750,119.6360,125.8430,133.8020,151.8910,56.8298,36.8487,24.9170,12.2339
56.167,3.140826661427403e-05,0.7114450808982957,2.8432053794321267e-64,6,242.718,0.452315,0.0361058,14999.8,0.0,4.8246,11.2838,19.0536,38.2280,78.4879,89.3006,94.3498,98.6126,101.7260,105.0520,108.6100,112.4270,118.2600,125.7390,142.7380,55.2845,35.8470,24.2398,11.9014
56.268,1.0291860804165314e-05,0.6138135975462534,4.778575281211576e-65,6,242.704,0.411715,0.0361139,15005.9,0.0,5.1823,12.1206,20.4669,41.0657,74.4408,83.7663,88.3543,92.2863,95.2005,98.3123,101.6420,105.2150,110.6740,117.6730,133.5830,53.7364,34.8438,23.5616,11.5686
56.386,2.697949558647112e-06,0.294015882965165,5.621946032592609e-66,6,241.824,0.363072,0.0361282,14824.9,0.0,5.6108,13.1234,22.1611,44.4687,69.1432,77.0730,81.1507,84.7062,87.3810,90.2375,93.2943,96.5732,101.5840,108.0090,122.6130,51.8802,33.6412,22.7489,11.1699
56.486,8.840641113774856e-07,0.09634312453002528,0.5762635597229004,6,236.292,0.322911,0.0361888,14205.4,0.0,5.9650,13.9536,23.5665,47.3055,64.5516,71.5262,75.2111,78.4713,80.9498,83.5969,86.4294,89.4678,94.1114,100.0660,113.6000,50.7669,32.6422,22.0752,10.8402
56.605,2.317521024129396e-07,0.025255772036798945,0.8712798535257545,6,220.968,0.276828,0.0367886,13060.0,0.0,6.3751,14.9328,25.2571,46.8496,59.2263,65.2531,68.5166,71.4632,73.7256,76.1423,78.7287,81.5034,85.7452,91.1855,103.5590,147.3030,31.4300,21.2731,10.4567
56.727,-0.09644230863999437,0.0066206491048146215,0.9098959540825443,6,204.301,0.232423,0.0431258,11988.4,0.0,6.8132,16.1878,27.8195,45.2013,55.2861,60.5843,63.5260,66.3142,68.4671,70.7699,73.2388,75.8921,79.9580,85.1894,97.1580,140.2460,29.5914,20.2021,10.0342
56.848,-0.03449466028476268,0.001735563438932524,0.8872748083151141,6,188.226,0.185595,0.0500132,10997.5,0.0,7.2837,17.5839,30.1631,42.9005,51.5548,56.2875,59.0529,61.7160,63.7761,65.9837,68.3550,70.9088,74.8324,79.8996,91.5732,133.6440,27.7444,19.1004,9.5925
56.965,-0.009042568225688828,0.0004549675421355277,0.7383217206995879,6,173.285,0.139202,0.0464265,10127.1,0.0,7.6682,18.3581,28.8210,38.9350,46.3261,50.4708,52.9170,55.2697,57.0878,59.0346,61.1235,63.3706,66.8180,71.2617,81.4613,128.7480,29.1597,18.5187,9.2472
57.066,-0.05995307961369372,0.00014908376420696973,0.6622022264099915,5,162.461,0.10314,0.0465681,10435.2,0.0,7.9908,18.9437,27.4911,36.1832,42.7545,46.5135,48.7691,50.9388,52.6153,54.4105,56.3369,58.4093,61.5890,65.6880,75.0974,124.5750,110.5420,17.9628,8.9534
57.187,-0.1289856654095571,3.9081414284271873e-05,0.2745079945084687,5,150.141,0.0624642,0.0484902,9861.87,0.0,8.3708,18.6567,25.7367,33.1795,38.9532,42.3476,44.4161,46.4071,47.9466,49.5957,51.3663,53.2722,56.1986,59.9750,68.6609,119.7300,107.4340,18.1833,8.6082
57.307,-0.03381281827312294,1.0244958266136166e-05,0.03229559104592683,5,141.592,0.0230011,0.0515839,9421.51,0.0,8.7405,17.8386,23.9011,30.3778,35.4902,38.6053,40.5134,42.3520,43.7749,45.3003,46.9395,48.7058,51.4211,54.9311,63.0303,115.0890,104.0180,19.9680,8.2655
57.407,-0.04796622932689318,3.3570679246474984e-06,0.1961308923991983,4,139.146,-0.0121594,0.0608155,10192.5,0.0,8.8754,17.1725,22.6810,28.6227,33.4164,36.4524,38.3201,40.1254,41.5266,43.0325,44.6556,46.4096,49.1163,52.6344,60.8362,110.7990,99.9830,22.4018,8.0892
57.525,-0.3162376332305261,8.800352140387937e-07,0.3397384066740823,4,129.876,-0.0594317,0.0804707,9453.0,0.0,9.3180,18.3457,24.5613,31.6854,38.4628,43.1204,46.1118,49.0999,51.4879,54.1243,57.0501,60.3148,65.5772,72.8550,105.4560,99.8755,71.5002,18.9341,7.6547
57.647,-0.12571493726254304,2.3069595114898555e-07,0.03996988380679911,3,125.107,-0.107652,0.117118,11333.7,0.0,10.1817,21.4323,30.2811,43.4886,59.2138,72.3784,101.7470,100.7330,99.9545,99.1275,98.2477,97.3098,95.8893,94.0948,90.0877,72.7872,26.1691,14.5942,6.9692
57.768,-0.032955416513752084,6.047555941799968e-08,0.004702416859986109,3,123.031,-0.1662,0.114366,11138.4,0.0,10.7282,23.0198,34.4086,54.0128,97.1796,94.9175,93.5401,92.2195,91.2050,90.1238,88.9664,87.7254,85.8191,83.3298,77.0378,41.5978,21.6070,13.2440,6.5004
57.887,0.013927370059776388,1.585330504807211e-08,0.0005532346411605058,3,121.236,-0.224186,0.0847899,10989.7,0.0,10.9455,23.2884,35.4067,57.2255,92.0132,89.6503,88.2167,86.8501,85.8011,84.6827,83.4886,82.2063,80.2296,77.6307,70.7370,38.6052,21.1463,13.0585,6.1881
57.987,0.05606272709491252,5.194810998152269e-09,9.298214613984621e-05,3,119.841,-0.256111,0.0336844,10864.3,0.0,10.6975,21.7467,32.0535,49.1682,90.1078,88.0689,86.8470,85.6892,84.8063,83.8750,82.8902,81.8451,80.2707,78.2814,73.7706,49.4634,24.3010,14.3069,6.2153
58.107,0.014696507531568748,1.3617885342996286e-09,1.0939256511206767e-05,3,118.26,-0.264554,-0.0170272,10707.5,0.0,10.3121,20.3072,29.2211,43.1662,87.1850,85.3899,84.3242,83.3226,82.5642,81.7668,80.9276,80.0458,78.7321,77.1009,73.5842,62.6190,28.3579,15.8764,6.4691
58.225,0.003852601270355558,3.569846935354419e-10,1.2869925892869648e-06,3,116.853,-0.245326,-0.0518163,10493.3,0.0,9.9706,19.4528,27.7887,40.6026,57.2026,81.7465,80.7473,79.8134,79.1095,78.3726,77.6003,76.7909,75.5933,74.1200,71.0015,62.3848,30.9979,17.0357,6.8356
58.326,0.0012624203842701094,1.169767443776936e-10,0.055293490230625734,3,115.56,-0.214002,-0.0661538,10421.8,0.0,9.6823,18.8043,26.7679,38.9071,80.2297,78.5972,77.6410,76.7510,76.0827,75.3851,74.6565,73.8950,72.7728,71.4017,68.5320,61.0154,33.0260,17.9758,7.1583
58.427,-0.0038198135689511206,3.833093959768263e-11,0.6746156129687351,3,109.35,-0.180211,-0.0678809,9280.41,0.0,9.3986,18.2060,25.8648,37.4844,77.0318,75.4515,74.5313,73.6782,73.0397,72.3752,71.6834,70.9623,69.9035,68.6173,65.9519,59.2263,34.8634,18.8685,7.4808
58.545,-0.021816440327099125,1.0048225829894917e-11,0.14145394017130128,3,100.134,-0.142483,-0.0645521,9021.64,0.0,9.1247,17.7642,25.3344,36.9254,73.1913,71.6356,70.7356,69.9047,69.2849,68.6419,67.9742,67.2808,66.2670,65.0418,62.5258,56.3522,35.6355,19.4966,7.7954
58.647,-0.009965528245290092,3.2926026399399657e-12,0.023774163724590614,3,98.2209,-0.113867,-0.0600093,8913.2,0.0,8.9319,17.5096,25.1059,36.8879,70.0439,68.5004,67.6120,66.7945,66.1863,65.5565,64.9042,64.2291,63.2452,62.0605,59.6449,53.8300,35.7133,19.8184,8.0142
58.766,-0.13546205587950716,0.09062593007898813,0.002797006588034361,3,97.3508,-0.0826344,-0.050814,8895.01,0.0,8.7532,17.4070,25.2435,37.7387,66.0959,64.5521,63.6688,62.8591,62.2583,61.6377,60.9976,60.3380,59.3795,58.2298,55.9063,50.4201,34.8453,19.8619,8.2118
58.867,-0.08686581800984691,0.09171512312765784,0.0004700928972509351,3,97.0048,-0.0684795,-0.0106795,8867.55,0.0,8.9711,19.1001,29.3611,63.8612,60.8382,59.1195,58.1396,57.2459,56.5854,55.9051,55.2040,54.4827,53.4366,52.1837,49.6492,43.5727,28.3059,17.7178,7.9900
58.986,-0.022771352996373305,0.06009615556530174,5.530595926867526e-05,3,96.5123,-0.0669658,0.0112898,8802.89,0.0,9.1575,20.3314,32.5202,59.1271,55.9794,54.2115,53.2127,52.3038,51.6340,50.9473,50.2426,49.5187,48.4702,47.2208,44.7087,38.7567,25.5694,16.6503,7.8292
59.087,-0.007461716949851605,0.02316180825563808,0.25014665489171495,3,95.1874,-0.0721441,0.0167229,8539.04,0.0,9.2535,20.7705,60.1590,55.8667,52.7513,51.0224,50.0505,49.1695,48.5232,47.8622,47.1856,46.4925,45.4928,44.3084,41.9491,36.5225,24.8267,16.3099,7.7447
59.207,-0.001956044328101899,0.006071729063365988,0.2870912074298954,2,87.0242,-0.0803255,0.018409,9690.15,0.0,9.3404,21.0379,56.6460,52.3848,49.3567,47.6980,46.7714,45.9358,45.3254,44.7030,44.0683,43.4205,42.4906,41.3961,39.2421,34.4538,24.4289,16.0914,7.6639
59.326,0.06896715901578687,0.0015916673435870138,0.03377599346291977,2,83.3013,-0.0870811,0.00966423,9490.84,0.0,9.3146,20.6137,53.8081,49.6931,46.8218,45.2657,44.4023,43.6266,43.0614,42.4873,41.9039,41.3109,40.4638,39.4709,37.5402,33.3716,25.1889,16.3659,7.6726
59.445,0.03114479381089043,0.0004172460441172742,0.003973711854919048,2,82.0515,-0.0862876,-0.010413,9371.21,0.0,9.1230,19.4329,51.4971,47.6219,44.9628,43.5325,42.7439,42.0387,41.5260,41.0058,40.4783,39.9442,39.1848,38.2998,36.5898,32.9799,26.3823,17.3652,7.8351
59.545,0.038637272591641056,0.00013672318373634843,0.0006678617514562447,2,81.2178,-0.0811769,-0.0182818,9278.61,0.0,9.0109,18.9238,49.2188,45.4613,42.9210,41.5661,40.8222,40.1594,39.6789,39.1926,38.7001,38.2023,37.4968,36.6782,35.1066,31.8347,26.0604,17.8859,7.9430
59.645,0.07519790553118753,4.480145284672665e-05,0.00011224752456725107,2,80.4279,-0.0710274,-0.0359562,9181.79,0.0,8.7781,17.8829,47.3320,43.7544,41.3657,40.1019,39.4092,38.7939,38.3491,37.8998,37.4462,36.9880,36.3390,35.5881,34.1560,31.2027,26.1123,19.0480,8.1820
59.768,0.031321001036630124,1.1744432055052312e-05,1.3205809017812523e-05,2,79.5263,-0.0511267,-0.0520032,9091.24,0.0,8.4893,16.9708,44.8748,41.4698,39.2317,38.0597,37.4201,36.8527,36.4438,36.0319,35.6170,35.1991,34.6091,33.9278,32.6343,29.9996,25.5558,19.5987,8.5051
59.885,0.28594095816063486,3.0787323966396327e-06,1.5536502251366254e-06,2,78.5482,-0.0202599,-0.0937117,8974.23,0.0,7.9483,15.0479,43.3083,40.1903,38.1488,37.0882,36.5120,36.0020,35.6344,35.2640,34.8909,34.5152,33.9859,33.3767,32.2228,29.8793,25.9563,20.7211,9.2162
59.986,0.15429442940332957,1.0088390317308747e-06,2.611219933387127e-07,2,77.778,0.024761,-0.15073,8877.25,0.0,7.2664,12.7616,42.6423,39.8616,38.0102,37.0493,36.5285,36.0682,35.7368,35.4033,35.0678,34.7302,34.2544,33.7060,32.6652,30.5499,26.9930,22.1890,10.3702
60.087,0.11681338189750803,3.30576373917573e-07,4.388677342043744e-08,2,77.0711,0.0846955,-0.188301,8812.66,0.0,6.6409,11.2975,41.2891,38.7369,37.0357,36.1464,35.6655,35.2412,34.9363,34.6298,34.3217,34.0123,33.5766,33.0755,32.1274,30.2032,26.9751,22.6145,11.4646
60.206,0.11402253127253723,8.665861296424827e-08,5.163235006141047e-09,2,76.2833,0.172163,-0.225077,8721.96,0.0,5.8637,9.8731,39.3929,37.0596,35.5065,34.6974,34.2574,33.8692,33.5906,33.3110,33.0304,32.7490,32.3536,31.8998,31.0442,29.3199,26.4413,22.5698,12.4143
60.307,0.11997814233410374,2.8396294296124872e-08,8.677849074821257e-10,2,75.6526,0.256163,-0.254557,8655.01,0.0,5.1752,8.8209,37.7595,35.5902,34.1455,33.3972,32.9916,32.6332,32.3751,32.1156,31.8552,31.5944,31.2284,30.8091,30.0209,28.4411,25.8236,22.3148,12.9788
60.427,0.14791259288135708,7.443918171963358e-09,1.020940265803646e-10,2,74.9432,0.369937,-0.292134,8572.5,0.0,4.3568,7.6572,35.8229,33.8356,32.5198,31.8374,31.4689,31.1440,30.9106,30.6761,30.4406,30.2041,29.8715,29.4895,28.7731,27.3456,25.0042,21.8826,13.4620
60.547,0.31414604332591917,1.9513784852711627e-09,1.2011260133153316e-11,2,74.1975,0.489278,-0.285878,8421.7,0.0,3.5560,6.2074,10.1659,32.6074,31.4507,30.8466,30.5177,30.2262,30.0168,29.8066,29.5957,29.3841,29.0869,28.7458,28.1029,26.8082,24.6863,21.8680,14.0601
60.666,0.15666951001782664,5.115421616429237e-10,1.4131127434053547e-12,2,73.4787,0.599343,-0.272894,8384.08,0.0,2.8035,4.8276,7.0702,31.4287,30.4235,29.8964,29.6101,29.3568,29.1742,28.9904,28.8054,28.6191,28.3562,28.0530,27.4785,26.3236,24.4020,21.8360,14.5931
60.766,0.14372251966348126,1.6762213552715322e-10,2.37501858784138e-13,2,73.0608,0.68053,-0.240262,8349.14,0.0,2.2783,4.0199,5.9446,30.0106,29.1094,28.6307,28.3701,28.1400,27.9744,27.8079,27.6404,27.4721,27.2349,26.9619,26.4446,25.3937,23.6499,21.3032,14.6884
60.886,0.09679396987273861,4.3941137095630056e-11,2.7941856184095055e-14,2,72.638,0.762613,-0.186758,8291.02,0.0,1.7517,3.2638,5.1107,28.1433,27.3425,26.9211,26.6909,26.4863,26.3385,26.1895,26.0399,25.8898,25.6788,25.4364,24.9790,24.0546,22.5079,20.4319,14.5798
61.007,0.05966873908529184,1.1518905442796844e-11,3.2873314382025996e-15,2,72.3402,0.818797,-0.100635,8254.95,0.0,1.4293,3.0696,27.0726,25.9016,25.1657,24.7834,24.5759,24.3923,24.2600,24.1268,23.9927,23.8578,23.6683,23.4514,23.0441,22.2287,20.8778,19.0799,14.0878
61.127,0.4372910394109657,3.0196119483965356e-12,3.867512563730977e-16,2,71.8058,0.847258,-0.041076,8205.59,0.0,1.2726,3.1862,25.2962,24.1110,23.4570,23.1205,22.9387,22.7783,22.6630,22.5472,22.4308,22.3139,22.1494,21.9601,21.6022,20.8829,19.7042,18.1244,13.7244
61.246,0.24240935601937866,7.915731546004614e-13,4.550089856103857e-17,2,71.2624,0.863434,-0.0219682,8150.49,0.0,1.1599,3.1054,24.4555,23.0096,22.2994,21.9826,21.8234,21.6866,21.5884,21.4898,21.3909,21.2917,21.1522,20.9921,20.6898,20.0793,19.0513,17.6569,13.6123
61.347,0.30481846121673545,2.593826912994792e-13,7.647336021153752e-18,2,70.8423,0.864732,0.0257775,8109.33,0.0,1.2147,26.4813,23.4662,21.8842,21.1069,20.7595,20.5845,20.4370,20.3348,20.2352,20.1381,20.0434,19.9148,19.7726,19.5064,18.9722,18.0820,16.8575,13.2744
61.448,0.3589625423515545,8.499452028501334e-14,1.2852877650753112e-18,2,70.2992,0.854157,0.0664174,8055.72,0.0,1.3813,26.3871,22.9037,21.1041,20.2239,19.8305,19.6324,19.4653,19.3494,19.2364,19.1261,19.0186,18.8724,18.7114,18.4265,17.9178,17.1450,16.0944,12.9355
61.567,0.36961074104796926,2.2280803525594536e-14,1.512128202733453e-19,2,69.6512,0.827179,0.10827,7986.35,0.0,1.7650,55.5393,22.6515,20.5005,19.4619,18.9999,18.7676,18.5719,18.4362,18.3039,18.1748,18.0489,17.8779,17.6895,17.3558,16.7581,15.9409,15.0486,12.4284
61.669,0.36325411127934853,7.300973699266818e-15,2.5414338703341145e-20,2,69.1335,0.790408,0.161424,7920.21,0.0,2.4559,49.9052,22.8400,20.2863,19.0770,18.5432,18.2755,18.0504,17.8946,17.7429,17.5950,17.4508,17.2551,17.0399,16.6590,15.9778,15.0448,14.0755,11.8809
61.770,0.3482804891827513,2.3923830617757506e-15,4.271387905870546e-21,2,68.6001,0.732432,0.240619,7856.2,0.0,9.4736,44.9313,50.9016,20.1329,18.7394,18.1304,17.8264,17.5714,17.3952,17.2239,17.0571,16.8949,16.6749,16.4335,16.0072,15.2479,14.2118,13.1318,11.1686
61.887,0.32024466471338253,6.271488653461424e-16,5.025245157377639e-22,2,68.0686,0.622306,0.370999,7794.29,0.0,13.9361,39.5769,45.1581,20.9542,18.4813,17.7665,17.4122,17.1162,16.9124,16.7147,16.5228,16.3365,16.0846,15.8089,15.3245,14.4680,13.3101,12.1096,10.1095
61.989,0.28657126854308584,2.055041401966239e-16,8.4459295360046e-23,2,67.6067,0.490263,0.49855,7706.04,0.0,13.6293,34.8667,40.0710,43.8165,46.0833,18.7801,17.9516,17.4346,17.1302,16.8633,16.6253,16.4021,16.1016,15.7742,15.2026,14.2028,12.8715,11.5100,9.1897
62.090,0.2624178285622374,6.733959665962971e-17,1.419507377116293e-23,2,67.1093,0.336264,0.49346,7700.53,0.0,13.7840,31.1334,35.9102,39.3972,41.5231,42.5970,43.1726,43.6776,44.0394,44.4022,18.1514,17.2452,16.4595,15.8376,15.0249,13.8839,12.4028,10.9143,8.3718
62.210,0.26547281494282693,1.765267122674197e-17,1.670036234103548e-24,2,66.663,0.173769,0.433262,7628.87,0.0,13.8823,27.7003,31.9492,35.1136,37.0648,38.0563,38.5889,39.0572,39.3934,39.7308,40.0695,40.4093,40.8870,41.4354,42.4724,13.4796,11.7502,10.1706,7.5030
62.329,0.24769072076799306,4.627541846063047e-18,1.9647809290604832e-25,2,66.2973,0.0330735,0.361539,7570.36,0.0,13.2678,24.2070,27.8784,30.6785,32.4287,33.3238,33.8061,34.2314,34.5372,34.8445,35.1533,35.4636,35.9005,36.4029,37.3556,39.3027,11.7190,9.7008,6.8002
62.433,0.11647184892385654,1.5163529121179393e-18,3.302207307471954e-26,2,66.1149,-0.0685045,0.316297,7564.11,0.0,12.8798,21.9462,25.1689,27.6749,29.2602,30.0763,30.5181,30.9082,31.1889,31.4712,31.7550,32.0405,32.4434,32.9083,33.7922,35.6059,38.7721,9.3257,6.2658
62.534,0.05342787178111638,4.968785222428064e-19,5.550019821668114e-27,2,66.0244,-0.160143,0.29444,7537.01,0.0,12.6681,20.3581,23.2116,25.4703,26.9165,27.6645,28.0709,28.4307,28.6900,28.9512,29.2143,29.4793,29.8533,30.2853,31.1095,32.8112,35.8071,9.3426,5.7141
62.634,0.015996534851236217,1.628171541685228e-19,9.327918314277601e-28,2,65.9591,-0.247367,0.286009,7558.09,0.0,12.4510,19.0732,21.6193,23.6666,24.9917,25.6809,26.0564,26.3895,26.6300,26.8727,27.1173,27.3641,27.7130,28.1166,28.8882,30.4913,33.3384,37.7055,5.1440
62.751,-0.46228001167882565,4.268154006235323e-20,1.0974202617564457e-28,2,65.8075,-0.357129,0.322303,7536.7,0.0,12.4658,18.3740,20.7164,22.6293,23.8775,24.5320,24.8893,25.2067,25.4360,25.6676,25.9013,26.1373,26.4718,26.8599,27.6041,29.1562,31.9402,36.2666,4.3690
62.870,-0.17542102831268408,1.1188709638105525e-20,1.291103963753841e-29,2,65.8354,-0.474409,0.273505,7536.33,0.0,12.3535,17.6891,19.8662,21.6661,22.8537,23.4785,23.8203,24.1244,24.3447,24.5675,24.7929,25.0208,25.3440,25.7195,26.4408,27.9536,30.6912,34.9990,3.8554
62.995,-0.04598557004600027,2.933053099371535e-21,1.5189709023167567e-30,2,66.0995,-0.546121,0.134042,7327.9,0.0,12.0619,16.8997,18.9305,20.6315,21.7618,22.3601,22.6886,22.9814,23.1937,23.4086,23.6261,23.8462,24.1587,24.5222,25.2229,26.7012,29.3985,33.7067,3.7061
63.113,-0.5604751052718275,7.688822716816515e-22,1.7870540768666415e-31,2,65.8485,-0.571992,0.0181844,7555.33,0.0,11.6474,16.0474,17.9452,19.5539,20.6330,21.2070,21.5227,21.8045,22.0090,22.2161,22.4260,22.6388,22.9416,23.2946,23.9768,25.4212,28.0819,32.4291,3.9370
63.231,-0.35729410414724116,2.015578742277148e-22,2.1024512508928352e-32,2,65.4557,-0.580751,-0.00721103,7496.23,0.0,11.6471,16.1683,18.1552,19.8538,20.9983,21.6093,21.9459,22.2467,22.4652,22.6867,22.9112,23.1388,23.4630,23.8414,24.5736,26.1288,29.0075,34.3798,3.9377
63.351,-0.10625523421545525,5.283718738155008e-23,2.473512872162912e-33,2,65.5548,-0.572504,-0.0613321,7517.18,0.0,11.3461,15.6879,17.6370,19.3175,20.4586,21.0690,21.4062,21.7080,21.9276,22.1504,22.3766,22.6062,22.9332,23.3152,24.0553,25.6355,28.6770,34.8444,4.3090
63.468,-0.5139213776025642,1.3850951648949067e-23,2.9100631589709445e-34,2,65.376,-0.544804,-0.104656,7490.84,0.0,10.9806,15.1628,17.0772,18.7442,19.8832,20.4956,20.8344,21.1379,21.3587,21.5830,21.8108,22.0424,22.3727,22.7593,23.5103,25.1278,28.5139,35.6961,4.9037
63.571,-0.4023689467480191,4.53867983632763e-24,4.890943151282466e-35,2,65.0892,-0.521632,-0.0906146,7456.44,0.0,10.9552,15.3976,17.4570,19.2613,20.4982,21.1649,21.5341,21.8652,22.1062,22.3512,22.6000,22.8536,23.2209,23.6598,24.5424,26.5795,31.0622,41.3393,4.9979
63.686,-0.2282632012886132,1.1897876870142703e-24,5.754145708052309e-36,2,65.1004,-0.492734,-0.100136,7464.3,0.0,10.7438,15.2266,17.3390,19.2032,20.4890,21.1948,21.5977,21.9665,22.2398,22.5218,22.8127,23.1131,23.5502,24.0749,25.1382,27.6353,33.3562,47.8048,5.3742
63.790,-0.521396325973867,3.898696292808361e-25,9.670992691523517e-37,2,64.8697,-0.467375,-0.0979794,7433.25,0.0,10.6212,15.2235,17.4191,19.3798,20.8289,21.6613,22.1394,22.5791,22.9062,23.2447,23.5951,23.9581,24.4887,25.1293,26.4400,29.5860,37.1794,58.7319,5.6004
63.906,-0.2751608378932878,1.0220198409819551e-25,1.1377826191650503e-37,2,64.6648,-0.445403,-0.0654076,7410.98,0.0,10.7127,15.7708,18.2855,20.8296,22.8196,23.9907,24.6729,25.3067,25.7821,26.2777,26.7949,27.3349,28.1323,29.1081,31.1500,36.3183,50.6105,79.7774,5.5073
64.026,-0.4078111141210368,0.0045175781249999995,1.33858987362149e-38,2,64.5349,-0.427699,-0.0576456,7401.83,0.0,10.6707,15.9726,18.9668,22.1368,24.7067,26.2584,27.1764,28.0386,28.6914,29.3776,30.0998,30.8608,31.9975,33.4100,36.4453,44.6468,65.0580,94.0661,5.6021
64.144,-0.2830202088339336,0.042389688421874995,1.5748376004169472e-39,2,64.5062,-0.42027,-0.0229104,7419.8,0.0,10.8988,17.2306,21.3487,26.0369,30.1187,32.7177,34.3064,35.8346,37.0158,38.2805,39.6379,41.0983,43.3393,46.2286,52.3787,64.6948,84.8172,31.0412,5.3788
64.245,-0.13585277787331507,0.065967387867705,2.646829555020763e-40,2,64.7986,-0.416896,-0.0268863,7464.8,0.0,10.8744,17.8491,22.6965,28.4900,33.7934,37.3051,39.5058,41.6631,43.3583,45.2009,47.1842,49.1877,51.9951,55.2053,61.2207,73.1945,95.2666,22.6198,5.4209
64.346,-0.08415331607313413,0.11457289287523957,4.448526433123398e-41,2,65.2595,-0.40782,-0.0514682,7542.92,0.0,10.6660,17.9491,23.1727,29.6047,35.6825,39.8115,42.4430,45.0435,46.9671,48.8985,50.8364,52.7799,55.5079,58.6330,64.5033,76.2302,107.7260,21.2067,5.6823
64.447,-0.06109642314008111,0.2272785150686085,7.476638376150496e-42,2,66.0957,-0.38947,-0.0852445,7696.25,0.0,10.4092,17.7960,23.1984,29.9812,36.5281,41.0542,43.9252,46.5076,48.3676,50.2384,52.1186,54.0071,56.6626,59.7105,65.4507,76.9632,163.7770,21.1999,6.0749
64.547,-0.046129980893617945,0.46430698123955666,1.256598611879614e-42,2,67.9452,-0.359746,-0.120196,8044.13,0.0,10.1377,17.5378,23.0312,30.0334,36.9062,41.6988,44.5033,46.9952,48.7939,50.6064,52.4312,54.2667,56.8520,59.8254,65.4404,76.7493,159.1810,21.5797,6.4666
64.665,-0.22277047131799138,0.6922185463213124,1.4783757008902474e-43,2,71.8374,-0.311605,-0.123373,9048.08,0.0,9.9774,17.9079,24.0881,32.3739,40.8438,45.8527,48.6001,51.0399,52.8006,54.5747,56.3607,58.1574,60.6886,63.6005,69.1021,80.4977,145.8510,19.9788,6.7191
64.765,-0.07299742804147942,0.7507101322429427,2.4847060404862387e-44,2,76.3114,-0.276661,-0.0946325,9599.09,0.0,9.9382,18.5267,25.5837,35.6093,44.8344,49.7868,52.4971,54.9017,56.6360,58.3830,60.1411,61.9094,64.4000,67.2649,72.6775,86.7220,38.1270,18.4865,6.8119
64.866,-0.023919797220631978,0.7643019637114925,4.1760454422452225e-45,2,80.3025,-0.245443,-0.0783709,11547.5,0.0,9.8286,18.7475,26.3258,37.2891,46.2477,51.0603,53.6980,56.0406,57.7316,59.4359,61.1524,62.8801,65.3156,68.1197,73.4371,92.1064,34.6860,18.0701,6.9697
64.989,-0.0062704313226053495,0.7641515263189355,4.913075702347083e-46,2,85.855,-0.209306,-0.0646756,12591.8,0.0,9.6573,18.7976,26.8045,38.0034,46.5349,51.1434,53.6772,55.9322,57.5626,59.2081,60.8674,62.5397,64.9004,67.6234,73.0252,152.4250,33.0480,17.9854,7.1889
65.097,-0.03768592025095246,0.7654959475348138,8.257406332934743e-47,2,91.4686,-0.179066,-0.0545333,12370.3,0.0,9.5010,18.7839,27.1135,38.0346,46.1502,50.5606,52.9937,55.1637,56.7352,58.3235,59.9275,61.5460,63.8346,66.4790,72.0862,147.2810,32.4874,18.0064,7.3790
65.208,-0.0684724809907821,0.7665388312288327,1.3878222823763422e-47,2,96.322,-0.155668,-0.0198367,13345.1,0.0,9.6173,20.1419,30.1453,41.4009,49.5595,53.9591,56.3792,58.5344,60.0935,61.6681,63.2572,64.8660,67.3478,70.7202,80.5052,132.9170,26.9405,16.5151,7.3109
65.317,-0.022437062571059478,0.7664950633576888,2.3325129099899185e-48,2,101.173,-0.143183,0.0248029,14238.7,0.0,9.9500,22.7108,34.2313,46.0142,54.3372,58.7784,61.2110,63.4893,65.3295,67.4066,69.8079,72.6963,78.4558,142.4840,133.9740,109.5370,22.1490,14.7339,7.0965
65.427,-0.007352176663284771,0.7654431843922974,3.9202544478200566e-49,2,106.217,-0.145544,0.0657422,14699.8,0.0,10.4278,25.5921,37.8195,49.8823,58.2550,63.3589,66.9717,71.1677,75.5627,140.5030,137.9760,135.3110,131.2940,126.1490,113.7350,30.6496,18.8676,13.2481,6.8172
65.537,-0.0024091612490251537,0.7655803796929179,6.58877165045117e-50,3,109.362,-0.167346,0.0989987,9989.3,0.0,11.0517,27.8986,40.3779,52.4139,61.9017,70.8468,136.3710,132.8330,130.1360,127.2640,124.1720,120.7910,115.3220,108.4550,97.5746,24.1862,16.4586,11.9684,6.4586
65.649,0.08791321836809132,0.7648724061615253,1.1073748512913282e-50,3,112.926,-0.21249,0.104695,10981.2,0.0,11.5596,28.0230,39.6044,50.8395,60.6589,72.0609,131.3260,127.7580,125.0330,122.1230,118.9770,115.5130,109.8620,103.4610,93.3174,23.3808,15.3958,11.1811,6.0801
65.758,0.10244979888335617,0.7561669466916336,1.8611649125653355e-51,3,116.85,-0.259166,0.0577089,11244.1,0.0,11.3584,24.4614,33.4036,42.4369,49.0241,53.2586,56.1667,59.3728,62.3492,66.6898,130.0840,127.7390,124.2670,119.9590,110.3180,89.2710,18.2927,11.7809,5.9528
65.868,0.03357075009809815,0.7508266620450395,3.1280598685485604e-52,3,120.47,-0.292815,0.0299303,11838.6,0.0,11.2473,22.3322,29.6576,37.1605,42.7403,45.9011,47.8836,49.8856,51.5197,53.3857,55.5795,58.2922,64.3032,124.6870,117.2710,97.2166,25.9552,12.6183,5.8288
65.978,-0.09921492541536496,0.7490767575720435,5.257330221069567e-53,3,124.482,-0.315582,0.0217311,11839.4,0.0,11.1288,21.0270,27.4162,33.9807,38.9186,41.7202,43.4473,45.1673,46.5493,48.0970,49.8617,51.9311,55.7035,123.2800,116.4730,98.5821,71.4910,13.6870,5.7364
66.088,-0.11288267897170678,0.7485033488743321,8.83599490255162e-54,3,127.755,-0.337088,0.0437924,12770.4,0.0,11.4420,21.8435,28.5528,35.4087,40.9522,45.0009,47.8946,51.2748,54.8029,119.0060,116.8880,114.6910,111.4580,107.4880,98.8388,80.6851,55.3935,12.5555,5.4790
66.197,-0.03698939624544888,0.7451516437653911,1.485065663271851e-54,3,131.651,-0.356583,0.056606,12620.9,0.0,11.7462,22.6813,29.7318,37.3858,46.5026,114.0410,110.6780,107.5660,105.2250,102.7670,100.1670,97.3886,93.0876,87.9287,79.6710,67.1486,24.6172,11.5933,5.2501
66.309,-0.012120685361708686,0.7440533570352933,2.495949860261e-55,3,135.321,-0.376039,0.0355608,12900.7,0.0,11.6726,21.9970,28.5810,36.7384,50.7763,106.1670,102.7010,99.4735,97.0295,94.4417,91.6718,88.6595,84.3722,79.9642,72.8654,61.8024,35.7092,12.0433,5.1942
66.419,-0.10035647474181024,0.7429405407520748,4.194942930140663e-56,3,138.932,-0.386882,0.0155136,13215.4,0.0,11.5474,21.2971,27.6472,37.3102,103.6790,97.4473,93.8140,90.3913,87.7634,84.9311,81.9658,79.1901,75.6148,71.9172,65.9093,56.1093,34.8685,12.7533,5.2073
66.528,-0.04383969073699638,0.7410323872530149,7.050440582687414e-57,3,142.45,-0.39003,0.0102856,13540.8,0.0,11.5188,21.1323,28.5946,102.8440,90.9233,83.8239,79.4584,75.6570,73.1635,70.8345,68.6541,66.6089,63.9500,61.1706,56.5891,47.6044,29.6736,12.9546,5.2084
66.638,-0.014365389860698973,0.7395397485144429,1.184967548732274e-57,3,146.018,-0.38243,-0.0142015,13799.3,0.0,11.2156,20.4126,29.0847,94.3237,81.9591,74.3600,70.3323,67.1600,65.0695,63.1099,61.2694,59.5376,57.2785,54.9074,50.9710,42.9092,28.5927,14.7506,5.4153
66.748,-0.00470725094955384,0.7390506406525876,1.9915749591543336e-58,3,149.499,-0.355419,-0.0500587,14139.5,0.0,10.6805,19.5914,29.6981,87.7196,75.3664,67.9400,64.3205,61.4652,59.5813,57.8137,56.1522,54.5875,52.5445,50.3981,46.8352,39.8745,28.2205,16.7422,5.8955
66.857,-0.0015424719911498023,0.7388903697884149,3.3472400338506887e-59,3,152.953,-0.301083,-0.089403,14445.9,0.0,9.9709,19.0225,33.9713,81.4403,69.2293,62.1731,58.8789,56.2787,54.5626,52.9518,51.4375,50.0108,48.1475,46.1892,42.9376,36.9766,27.3839,17.7282,6.7263
66.968,-0.0005054372220599672,0.7388378522316427,5.625706324892853e-60,3,156.37,-0.214872,-0.13025,14755.8,0.0,9.3374,18.9486,91.5422,75.1036,63.0815,56.5078,53.5194,51.1601,49.6028,48.1411,46.7665,45.4716,43.7800,42.0021,39.0494,33.9439,26.0436,17.9473,7.5402
67.078,0.05815124465138789,0.7365242077317647,9.455124620247419e-61,4,157.711,-0.123591,-0.100147,11692.6,0.0,8.8720,19.6218,85.3705,69.2256,57.5613,51.4476,48.6947,46.5240,45.0923,43.7492,42.4870,41.2987,39.7474,38.1179,35.4147,30.9813,24.4745,17.6811,8.0804
67.189,0.07705425149611678,0.7309081703582946,1.5891227949249837e-61,4,160.0,-0.0483729,-0.0998004,12182.5,0.0,8.2904,18.7091,84.7624,69.8333,59.6935,54.0166,50.7505,48.1078,46.3867,44.7877,43.2984,41.9082,40.1103,38.2423,35.1883,30.3974,24.6210,18.3864,8.7179
67.298,0.05868058143586629,0.7267308134817559,2.67083868143042e-62,4,162.429,0.0178146,-0.0830472,12387.4,0.0,7.8996,20.0947,82.1367,67.9956,58.7011,53.7005,50.8928,48.3285,46.4297,44.6283,42.9648,41.4238,39.4481,37.4156,34.1359,29.0964,23.4694,18.1268,9.1003
67.408,0.17742483874276088,0.6866222388992017,4.4888785718801074e-63,4,164.728,0.0690371,-0.0668147,12524.4,0.0,7.6323,22.8198,80.3522,66.9985,58.4672,54.0106,51.5681,49.3861,47.7982,46.1823,44.5342,42.8493,40.4942,38.0862,34.2823,28.6251,22.5622,17.5671,9.3278
67.517,0.07181185922642788,0.2380993752424904,7.544458215758897e-64,4,165.32,0.108393,-0.0556167,12321.2,0.0,7.4294,21.6342,80.5862,68.0505,60.2222,56.2179,54.0562,52.1488,50.7769,49.3968,48.0082,46.6103,44.6368,42.3557,37.9911,30.4827,23.0187,17.3124,9.4818
67.628,0.02353131003131589,0.07802040327945926,1.267997092322598e-64,4,164.579,0.124331,-0.00579769,12190.1,0.0,7.8266,22.5317,76.9944,64.9959,57.6400,53.9312,51.9471,50.2085,48.9656,47.7221,46.4781,45.2341,43.4931,41.5050,37.7875,30.5040,22.4499,16.5508,9.1054
67.738,0.007710739671061592,0.02556572574661321,0.592141552734375,4,159.458,0.0899684,0.0798585,11553.7,0.0,8.6537,24.2152,71.4062,59.8822,52.9589,49.5200,47.6969,46.1097,44.9813,43.8581,42.7402,41.6285,40.0834,38.3359,35.1208,29.0053,21.2061,15.5069,8.4336
67.847,0.0025266551754134624,0.008377377012650218,0.8393986468447265,4,146.238,0.0103954,0.101306,10534.8,0.0,9.3954,26.6565,65.4367,54.3883,47.8948,44.7198,43.0521,41.6096,40.5898,39.5793,38.5788,37.5888,36.2217,34.6883,31.9049,26.7559,19.8267,14.4507,7.8225
67.958,0.0008279343678794834,0.002745098899505224,0.5971123013454569,3,134.947,-0.0626865,0.104179,12039.9,0.0,10.1250,74.2352,59.0915,48.5480,42.5042,39.6003,38.0901,36.7930,35.8812,34.9821,34.0964,33.2245,32.0279,30.6963,28.3090,23.9936,18.2295,13.3227,7.2397
68.068,0.26191702127447136,0.0008995140073898717,0.32440101049543174,3,125.066,-0.128144,0.0888879,11128.2,0.0,10.5509,70.1555,55.3019,45.1629,39.4545,36.7448,35.3448,34.1477,33.3090,32.4848,31.6750,30.8804,29.7938,28.5898,26.4448,22.6092,17.5406,12.8146,6.8195
68.178,0.2395257962560844,0.00029475274994151315,0.05452207783396722,3,120.608,-0.167783,0.0057227,10877.6,0.0,9.9662,74.6455,59.8623,49.6406,43.8086,41.0123,39.5592,38.3115,37.4344,36.5697,35.7175,34.8787,33.7270,32.4444,30.1406,25.9531,20.2606,14.7291,7.0215
68.287,0.2613993097569742,9.658458110083504e-05,0.009163525621554869,3,118.63,-0.16718,-0.0770667,10708.1,0.0,9.2213,21.0571,64.5089,54.2577,48.3425,45.4826,43.9890,42.7019,41.7945,40.8976,40.0116,39.1367,37.9315,36.5834,34.1447,29.6441,23.3539,17.0179,7.6809
68.397,0.17861368047275591,3.164883553512162e-05,0.0015401137512147268,3,116.853,-0.126225,-0.164606,10534.5,0.0,8.3661,16.5874,69.7884,59.5472,53.5716,50.6591,49.1310,47.8097,46.8756,45.9500,45.0333,44.1258,42.8717,41.4627,38.8959,34.0886,27.1726,19.9134,8.7620
68.507,0.05852813081731265,1.0370690428148653e-05,0.00025884691816665915,3,115.306,-0.0452792,-0.223832,10402.7,0.0,7.5544,13.9089,22.8458,63.5225,57.5644,54.6472,53.1124,51.7828,50.8413,49.9071,48.9804,48.0616,46.7892,45.3562,42.7346,37.7779,30.5055,22.6186,9.9095
68.618,0.019178497906217014,3.3982678394957506e-06,4.350440153627041e-05,3,114.125,0.0524877,-0.220263,10325.1,0.0,6.8522,12.4749,19.3006,64.0301,58.1890,55.3312,53.8283,52.5269,51.6054,50.6912,49.7844,48.8855,47.6410,46.2393,43.6747,38.8237,31.6842,23.8608,10.7975
68.728,0.003127481922424814,1.1135444056459675e-06,7.311784766200967e-06,3,113.213,0.154469,-0.184422,10266.8,0.0,6.2656,11.9311,20.0456,61.0046,55.3836,52.6514,51.2196,49.9826,49.1086,48.2427,47.3854,46.5369,45.3643,44.0469,41.6460,37.1363,30.5704,23.4349,11.2730
68.837,-0.02575603142603484,3.648862308420707e-07,1.2288916656553968e-06,3,112.379,0.240608,-0.125869,10194.3,0.0,5.8891,12.4436,64.9416,55.6531,50.3584,47.8137,46.4882,45.3476,44.5443,43.7505,42.9667,42.1931,41.1276,39.9354,37.7759,33.7670,28.0338,21.9029,11.3163
68.948,-0.008439736377683096,1.1956592012232972e-07,2.0653982224670257e-07,3,111.551,0.297146,-0.0700248,10120.2,0.0,5.7268,13.9797,59.5305,50.6795,45.7268,43.3734,42.1549,41.1102,40.3767,39.6539,38.9419,38.2410,37.2785,36.2056,34.2731,30.7216,25.7152,20.4220,11.1759
69.058,0.3130644437514183,3.9179360705685004e-08,3.47131479250033e-08,3,110.602,0.330617,-0.057299,10029.8,0.0,5.5154,13.8451,58.5950,49.8747,45.0148,42.7104,41.5184,40.4973,39.7808,39.0750,38.3802,37.6964,36.7579,35.7124,33.8308,30.3772,25.5151,20.3712,11.3171
69.168,0.22312075448276747,1.2838292916038863e-08,5.834238771755305e-09,3,109.358,0.367586,-0.107471,9894.51,0.0,4.9645,10.5187,64.2696,55.2416,50.1235,47.6701,46.3936,45.2958,44.5229,43.7596,43.0062,42.2628,41.2391,40.0944,38.0219,34.1762,28.6672,22.7296,12.1753
69.278,0.12081542440747181,4.2068518227276145e-09,9.805605103689143e-10,3,108.159,0.416623,-0.144602,9780.82,0.0,4.4316,8.5796,13.6108,59.5274,54.2706,51.7324,50.4064,49.2631,48.4564,47.6583,46.8690,46.0886,45.0117,43.8037,41.6067,37.4923,31.5086,24.9390,13.0584
69.388,0.09235994918010207,1.3785012052713848e-09,1.6480280497770342e-10,3,107.13,0.47758,-0.154523,9702.21,0.0,3.9310,7.3859,11.0208,61.1417,55.8890,53.3476,52.0185,50.8715,50.0617,49.2601,48.4668,47.6821,46.5984,45.3816,43.1650,39.0004,32.9032,26.1427,13.7174
69.498,0.08424225486885147,0.025938428186082278,2.7698407432602616e-11,3,106.324,0.546432,-0.146754,9660.13,0.0,3.4279,6.4366,9.4828,60.9968,55.8262,53.3273,52.0210,50.8940,50.0985,49.3112,48.5323,47.7619,46.6980,45.5036,43.3285,39.2423,33.2561,26.5952,14.1930
69.608,0.07838560287173969,0.10080115453864044,4.655271337197521e-12,3,105.976,0.615786,-0.132213,9680.59,0.0,2.9323,5.5608,8.1946,60.1928,55.1314,52.6904,51.4157,50.3168,49.5416,48.7746,48.0160,47.2661,46.2310,45.0697,42.9564,38.9916,33.1906,26.7297,14.5681
69.718,0.07320982339219721,0.1751806356004717,7.824114536427874e-13,3,106.167,0.67949,-0.114165,9740.77,0.0,2.4782,4.7770,7.0950,14.5038,54.0931,51.7163,50.4768,49.4091,48.6563,47.9120,47.1764,46.4494,45.4467,44.3225,42.2790,38.4522,32.8659,26.6478,14.8405
69.829,0.06722555411905752,0.24562055395481255,1.314998930137433e-13,3,106.786,0.733906,-0.0907891,9839.33,0.0,2.0952,4.1513,6.2969,57.3358,52.5337,50.2321,49.0341,48.0033,47.2772,46.5597,45.8511,45.1514,44.1872,43.1073,41.1473,37.4871,32.1634,26.2524,14.9612
69.939,0.06008237249594214,0.27878704663553794,2.2101187018819838e-14,3,107.704,0.776085,-0.0646785,9941.8,0.0,1.8019,3.7014,5.8084,55.3518,50.6984,48.4770,47.3229,46.3314,45.6337,44.9449,44.2651,43.5945,42.6711,41.6383,39.7671,36.2834,31.2386,25.6566,14.9541
70.047,0.051982504830364845,0.2842414785040331,3.714546502253051e-15,3,108.711,0.803883,-0.0357931,10034.6,0.0,1.6198,3.4918,5.7982,53.0672,48.5744,46.4395,45.3330,44.3835,43.7163,43.0583,42.4095,41.7700,40.8905,39.9080,38.1316,34.8363,30.0882,24.8572,14.8110
70.157,0.04297706307646277,0.28198103673870156,6.243038306336703e-16,3,109.69,0.815291,-0.00402147,10118.4,0.0,1.5736,3.6236,6.7106,50.4724,46.1554,44.1148,43.0600,42.1564,41.5222,40.8974,40.2821,39.6763,38.8442,37.9160,36.2414,33.1474,28.7149,23.8563,14.5274
70.267,0.1652469877365743,0.2900526242435377,1.0492674481460099e-16,3,110.61,0.810296,0.0191819,10214.5,0.0,1.6564,4.0542,9.0732,48.5306,44.3392,42.3658,41.3479,40.4770,39.8664,39.2653,38.6738,38.0919,37.2933,36.4037,34.8015,31.8501,27.6404,23.0453,14.2365
70.378,0.15108068532074567,0.2989573794589975,1.763503800098999e-17,3,111.433,0.800407,0.0114385,10318.5,0.0,1.7292,4.1652,8.9105,49.1344,44.8811,42.8766,41.8421,40.9567,40.3358,39.7245,39.1229,38.5309,37.7184,36.8131,35.1819,32.1758,27.8858,23.2035,14.2461
70.488,0.049506118965901943,0.30361003964799926,2.963920836826388e-18,3,112.42,0.787465,0.025211,10397.4,0.0,1.8700,4.7133,55.5738,47.9170,43.7316,41.7642,40.7501,39.8831,39.2755,38.6776,38.0894,37.5110,36.7176,35.8342,34.2446,31.3211,27.1623,22.6379,14.0037
70.598,0.016222165062746745,0.3253568088856064,4.98146175045411e-19,3,113.52,0.76122,0.0625264,10493.2,0.0,2.1953,6.4368,52.0404,44.6933,40.7257,38.8732,37.9216,37.1098,36.5418,35.9836,35.4354,34.8968,34.1593,33.3397,31.8688,29.1770,25.3738,21.2626,13.4409
70.709,0.2559444474117905,0.3860447023387605,8.372342763988223e-20,3,114.717,0.717478,0.0806081,10673.3,0.0,2.6623,9.0734,50.0988,42.8779,39.0060,37.2057,36.2828,35.4964,34.9468,34.4071,33.8775,33.3577,32.6467,31.8574,30.4434,27.8640,24.2372,20.3373,12.9581
70.818,0.1314494844268326,0.450572112437365,1.4071396483435004e-20,3,116.208,0.670808,0.0673329,10892.2,0.0,3.0601,10.2828,50.9056,43.4812,39.4908,37.6335,36.6810,35.8694,35.3021,34.7450,34.1982,33.6616,32.9275,32.1126,30.6530,27.9917,24.2555,20.2515,12.7388
70.928,0.1360529269947603,0.4794580772253508,2.3649796069709215e-21,3,118.106,0.621192,0.0774085,11049.5,0.0,3.5765,15.5833,49.6078,42.2022,38.2542,36.4225,35.4847,34.6862,34.1286,33.5815,33.0449,32.5186,31.7992,31.0015,29.5748,26.9807,23.3553,19.4907,12.2892
71.036,0.3149818358570805,0.4808008246983279,3.974821225436027e-22,3,119.823,0.569415,0.071511,11267.9,0.0,4.0480,68.8077,50.0982,42.1541,38.1341,36.2699,35.3157,34.5037,33.9367,33.3805,32.8351,32.3004,31.5696,30.7596,29.3120,26.6839,23.0218,19.1365,11.9622
71.149,0.11458576642904464,0.4385707849402731,6.680482033590332e-23,3,121.415,0.520279,0.058417,11369.2,0.0,4.4494,77.2592,52.2735,42.7719,38.5844,36.6591,35.6735,34.8345,34.2486,33.6739,33.1102,32.5576,31.8024,30.9655,29.4700,26.7569,22.9843,18.9988,11.7133
71.257,0.343591861795024,0.4195647361373537,1.1227886153855271e-23,3,122.736,0.473928,0.0531179,11467.9,0.0,4.8603,89.0763,54.7501,43.2309,38.5068,36.5320,35.5300,34.6773,34.0820,33.4982,32.9257,32.3646,31.5980,30.7487,29.2322,26.4850,22.6759,18.6708,11.4153
71.367,0.27399896589795675,0.41529595711248807,1.8870708258784556e-24,3,123.771,0.434321,0.0327851,11591.9,0.0,5.1100,126.8370,62.8753,46.5225,40.3659,37.8964,36.7089,35.7348,35.0732,34.4383,33.8284,33.2384,32.4322,31.5385,29.9420,27.0479,23.0366,18.8316,11.2945
71.479,0.14578675505986977,0.4389847807891201,3.1715999370539205e-25,3,124.969,0.402583,0.0177233,11717.8,0.0,5.3104,20.1865,77.0699,51.6707,43.2666,40.0496,38.5323,37.3017,36.4731,35.6830,34.9291,34.2090,33.2533,32.2303,30.4878,27.4721,23.3006,18.9384,11.1876
71.591,0.1762403217802474,0.4694073064064789,5.330508014206524e-26,3,126.533,0.375924,0.0216081,11842.0,0.0,5.5795,192.2990,94.5879,56.2326,45.3546,41.3923,39.5599,38.0905,37.1094,36.1803,35.2991,34.4625,33.3597,32.1885,30.2155,26.9662,22.8325,18.5394,10.9506
71.697,0.17397890413097644,0.485872436944525,8.958984819476904e-27,3,128.153,0.352053,0.0186154,11998.1,0.0,5.7792,25.9630,149.8340,67.6232,51.0048,45.4634,42.9844,41.0334,39.7482,38.5440,37.4134,36.3499,34.9630,33.5080,31.0981,27.2375,22.6856,18.3714,10.7949
71.807,0.0807588902101739,0.49433968404423195,1.5057365786094835e-27,3,129.944,0.328105,0.0254318,12156.5,0.0,6.0479,24.6840,200.0000,85.4025,58.4841,50.5644,47.1707,44.5608,42.8705,41.3067,39.8559,38.5065,36.7683,34.9706,32.0496,27.5117,22.3727,17.9167,10.5546
71.918,0.09262017194395729,0.5016047042301139,2.5306914676689593e-28,3,131.871,0.296001,0.052385,12298.1,0.0,6.5617,26.9507,190.2430,100.3810,62.7392,52.8761,48.7981,45.7199,43.7525,41.9506,40.2941,38.7664,36.8168,34.8219,31.6256,26.7683,21.4200,16.9113,10.0951
72.036,0.20254373500504708,0.5161782494039987,4.25333314971122e-29,3,133.663,0.253568,0.0570638,12496.9,0.0,7.0163,23.8896,82.8671,200.0000,87.7544,68.1174,60.8697,55.6933,52.5086,49.6719,47.1295,44.8379,41.9852,39.1460,34.7576,28.4415,21.9366,16.7835,9.7412
72.140,0.06636953108645381,0.5333002497022022,7.148577024719647e-30,3,135.57,0.205868,0.0608379,12664.0,0.0,7.4740,21.2757,47.1706,180.0050,200.0000,110.1010,91.0532,79.0925,72.3141,66.6105,61.7453,57.5464,52.5501,47.8145,40.9222,31.8177,23.3197,17.1382,9.3883
72.251,0.06718867352140917,0.5468285953536677,1.201461340544631e-30,3,137.652,0.146091,0.0901262,12852.8,0.0,7.9980,21.4240,43.0432,159.4980,190.6280,147.9590,113.8150,94.7064,84.5722,76.4024,69.6769,64.0441,57.5392,51.5633,43.1785,32.6354,23.3020,16.7988,8.9552
72.361,0.09161922624267035,0.5595181906098649,2.0192960750533612e-31,3,139.698,0.0908378,0.0560891,13124.4,0.0,8.1863,20.0513,35.7118,82.6065,173.4210,184.2200,188.7040,192.1850,138.2420,116.7510,101.0500,89.0770,76.4118,65.7413,52.1225,36.9110,24.9411,17.3121,8.7778
72.472,0.03002178805519822,0.5800404910115405,3.393830913342185e-32,3,141.95,0.0551307,0.0279896,13279.4,0.0,8.2516,18.9619,31.4160,60.2825,135.5900,168.9760,175.1180,179.5740,182.4080,185.0170,187.4400,139.3610,109.8550,88.4660,64.8334,42.3184,26.9160,17.9902,8.7127
72.581,0.009837539509927353,0.6064648907509117,5.7040116160542104e-33,3,144.318,0.0343458,0.0197002,13552.2,0.0,8.3602,18.8801,30.7203,56.6403,115.6660,160.8680,167.7120,172.4930,175.4920,178.2350,180.7690,183.1290,125.7540,98.0557,69.4239,43.8908,27.3227,18.0341,8.6088
72.690,0.0032235649466129945,0.6607632239950088,9.586732323102312e-34,3,146.962,0.020332,0.0159323,13800.9,0.0,8.4484,18.9330,30.5666,55.4315,109.1460,154.9480,161.9970,166.8520,169.8840,172.6520,175.2070,177.5850,134.2920,102.8380,71.4848,44.4696,27.3953,17.9746,8.5231
72.800,0.12190663326741394,0.7147625846449345,1.611242101543806e-34,3,149.833,0.0149881,-0.015694,14213.2,0.0,8.2300,17.3638,26.4745,43.0039,69.2021,99.6763,130.3240,147.6530,152.7810,156.8840,160.4080,163.5430,167.4610,171.4380,112.5830,57.3020,31.6302,19.6013,8.7509
72.913,0.039946365589066196,0.7368737806895771,2.7080146000646754e-35,3,152.944,0.0326911,-0.0539644,14546.6,0.0,7.7986,15.4319,22.2909,33.1217,47.0093,59.5615,69.4759,81.3355,92.6393,107.6020,128.3400,140.8690,148.2410,154.3310,163.0790,90.9118,40.0141,22.6059,9.2765
73.018,0.013089625076225214,0.7454458395188606,4.5513601383287014e-36,3,156.27,0.0722968,-0.069115,14770.7,0.0,7.3798,14.2691,20.2433,29.2768,40.1946,49.4732,56.4381,64.3787,71.5788,80.5998,92.2297,107.7910,133.2860,142.5050,153.0800,121.3170,46.0002,24.7937,9.7988
73.126,0.004289208344977478,0.7500918801935403,7.64947098448905e-37,4,159.127,0.125614,-0.0732849,12169.2,0.0,6.9306,13.3181,18.8058,27.0129,36.7878,44.9742,51.0472,57.8977,64.0423,71.6521,81.3213,94.0154,120.3270,134.7040,146.1170,160.7070,49.7565,26.4369,10.3357
73.242,0.00140548779048222,0.7519997948018193,1.285646588363075e-37,4,160.115,0.184476,-0.0745648,12189.6,0.0,6.4569,12.3846,17.4629,25.0326,34.0092,41.4945,47.0283,53.2511,58.8153,65.6836,74.3745,85.7235,109.0300,128.1350,139.9860,154.7310,52.8523,27.9548,10.8923
73.349,-0.04430273208501478,0.7557887908075351,2.1607862210618206e-38,4,162.611,0.242573,-0.059687,12398.3,0.0,6.0754,11.9158,17.0919,25.1276,35.1914,44.0635,50.9258,58.9711,66.4796,76.1852,89.2170,107.6370,122.7920,129.8300,139.1060,152.2310,49.9717,27.7580,11.2337
73.463,-0.014517119249617641,0.757632712768688,3.6316334017386015e-39,4,165.101,0.291038,-0.0469163,12595.0,0.0,5.7523,11.5106,16.7764,25.2772,36.5242,47.0414,55.5960,66.1293,76.4872,90.7005,110.0120,117.3970,123.6110,129.0110,136.9970,103.0280,47.8728,27.5798,11.5072
73.569,-0.004756969635714709,0.7581164603669187,6.103686258302068e-40,4,167.613,0.332134,-0.0428489,12746.3,0.0,5.4390,10.9555,16.0531,24.3933,35.6436,46.3932,55.3051,66.4923,77.7301,93.5478,108.5270,114.1030,119.6420,124.6680,132.2710,100.8670,48.2014,28.0679,11.8207
73.683,-0.001558763810230996,0.758178599779907,1.0258465494328286e-40,4,170.07,0.370024,-0.0420678,12933.7,0.0,5.1341,10.3545,15.1884,23.1179,33.8552,44.1591,52.7346,63.5416,74.4468,89.8780,103.5870,108.8920,114.2500,119.1450,126.5920,138.0750,49.3432,28.7905,12.1466
73.790,-0.01669950154366149,0.7584158053727549,1.7241402956317552e-41,4,172.502,0.405771,-0.0360997,13110.5,0.0,4.8696,9.9181,14.6675,22.6211,33.7262,44.7637,54.2484,66.6085,79.5641,95.6908,101.8160,105.9920,110.6660,115.1290,122.1050,133.1040,48.9041,28.9620,12.3834
73.900,-0.015085788499376997,0.7586441188389194,2.8977625948682915e-42,4,174.9,0.436767,-0.0291403,13292.1,0.0,4.6458,9.5739,14.2999,22.4193,34.2073,46.4784,57.4956,72.5557,88.5171,95.3239,99.5836,103.0300,107.1330,111.1920,117.6950,128.1830,48.0727,28.9397,12.5627
74.012,-0.015384195241425853,0.7589071650173871,4.870269593195139e-43,4,177.274,0.462308,-0.0226887,13467.5,0.0,4.4624,9.2990,14.0238,22.3487,34.9263,48.6796,61.6436,80.3903,88.6910,93.0498,96.5110,99.4974,103.1810,106.9130,113.0100,123.0390,47.2557,28.8582,12.6995
74.117,-0.016809318868260426,0.7571110357703974,8.185462105283072e-44,4,179.619,0.48218,-0.0157817,13645.5,0.0,4.3261,9.1260,13.9123,22.5929,36.3423,52.3225,68.3790,82.5606,86.8569,90.2526,93.1797,95.8053,99.1278,102.5610,108.2720,117.8420,46.2100,28.6313,12.7800
74.228,-0.018758151146301576,0.7358229371699938,1.375730616034926e-44,4,181.892,0.495716,-0.00801021,13817.7,0.0,4.2451,9.0826,14.0248,23.3076,38.9184,58.6142,75.2016,81.2171,84.4292,87.2240,89.7456,92.0679,95.0675,98.2202,103.5500,112.6510,44.8558,28.2225,12.7945
74.338,-0.0210901104446101,0.34984955380186356,2.3121904463699007e-45,4,183.167,0.50194,0.000921424,13689.7,0.0,4.2301,9.2035,14.4358,24.7065,43.4119,67.9799,74.9145,79.1340,81.7235,84.0872,86.2816,88.3429,91.0497,93.9367,98.8922,107.5130,43.1565,27.6059,12.7327
74.452,-0.023827785844663836,0.11463870178979466,3.8860984832138935e-46,4,182.414,0.49944,0.0123803,13520.6,0.0,4.3010,9.5698,15.3400,27.4098,52.3221,69.3397,73.7489,77.0403,79.1860,81.2028,83.1147,84.9390,87.3677,89.9937,94.5671,102.6740,40.8929,26.6766,12.5685
74.559,-0.027355707005129445,0.037564809802479913,0.04823455810546875,4,180.84,0.486091,0.0269362,13345.2,0.0,4.4830,10.2787,16.9895,32.4256,61.1781,69.0207,72.3827,75.0721,76.8834,78.6196,80.2902,81.9030,84.0760,86.4525,90.6477,98.2201,38.0755,25.4094,12.2835
74.670,-0.031660102233390816,0.012309236876076617,0.6934844416351318,4,172.805,0.460467,0.0425221,12359.4,0.0,4.7859,11.3554,19.4844,40.6855,61.9982,67.8180,70.5855,72.8724,74.4414,75.9634,77.4430,78.8841,80.8422,83.0034,86.8614,93.9391,35.1490,23.9770,11.8975
74.780,-0.0357478508841875,0.004033490739552786,0.8535785661834975,4,159.574,0.426348,0.0521318,11202.5,0.0,5.1426,12.4772,21.9706,47.2453,60.1900,65.1143,67.5461,69.5872,71.0016,72.3834,73.7351,75.0586,76.8675,78.8768,82.4930,89.2122,33.0940,22.8584,11.5184
74.891,-0.015077886220561807,0.001321694245536657,0.8499449928923862,4,146.37,0.389259,0.0527021,10156.6,0.0,5.4785,13.3103,23.4756,46.0996,56.6135,61.0369,63.2632,65.1488,66.4636,67.7539,69.0213,70.2669,71.9763,73.8840,77.3391,83.8258,32.1650,22.2326,11.2131
75.003,0.0342366857056463,0.00043309277037745177,0.27850900846494486,3,135.242,0.353854,0.0480291,12115.5,0.0,5.7662,13.8560,24.1234,43.3361,52.4622,56.5116,58.5782,60.3411,61.5765,62.7933,63.9927,65.1756,66.8045,68.6298,71.9551,78.2578,31.9012,21.9196,10.9736
75.111,0.011218677172026178,0.00014191583899728338,0.0468090090527033,3,129.178,0.322114,0.0452449,11678.8,0.0,6.0310,14.3991,24.8830,40.9266,48.8799,52.5672,54.4745,56.1130,57.2670,58.4080,59.5367,60.6536,62.1973,63.9346,67.1183,73.2125,31.4944,21.5562,10.7436
75.217,0.003676136135729538,4.6502982122629814e-05,0.007867190151487843,3,127.654,0.293166,0.0416042,11568.4,0.0,6.2636,14.8307,25.3879,38.3019,45.2743,48.6239,50.3780,51.8955,52.9695,54.0355,55.0938,56.1443,57.6023,59.2502,62.2886,68.1656,32.2753,21.2801,10.5435
75.329,0.001204596288955855,1.5238097181943339e-05,0.6313832127698542,3,121.939,0.266322,0.0394933,10566.8,0.0,6.4866,15.2859,25.6150,35.8429,41.9539,44.9791,46.5821,47.9780,48.9708,49.9601,50.9457,51.9275,53.2954,54.8487,57.7309,63.3674,72.3428,20.9514,10.3447
75.439,0.00039472211196505454,4.993219684579194e-06,0.47389343524332517,3,110.8,0.242215,0.0381924,9713.11,0.0,6.6903,15.7202,25.0402,33.5587,38.9593,41.6970,43.1624,44.4461,45.3633,46.2805,47.1973,48.1136,49.3950,50.8566,53.5854,58.9799,67.7059,20.6287,10.1600
75.547,0.00012934254164870908,1.6361782262429103e-06,0.07964726966134568,3,105.382,0.220619,0.0380146,9524.62,0.0,6.8797,16.1586,24.1677,31.4744,36.2869,38.7728,40.1151,41.2971,42.1450,42.9955,43.8485,44.7035,45.9034,47.2777,49.8589,55.0149,63.4839,20.6659,9.9850
75.663,-0.015350204990054113,5.361428811752769e-07,0.01338631661198237,3,104.07,0.199985,0.0378754,9445.98,0.0,7.0608,16.2770,23.0417,29.3718,33.6617,35.9138,37.1394,38.2241,39.0051,39.7911,40.5816,41.3764,42.4957,43.7830,46.2153,51.1265,59.3232,21.6347,9.8175
75.769,-0.1175890671048378,1.7568329930351475e-07,0.002249838232975877,3,103.212,0.174594,0.0624511,9366.54,0.0,7.4856,17.0291,23.2589,29.0684,33.0357,35.1322,36.2767,37.2920,38.0246,38.7630,39.5069,40.2560,41.3125,42.5303,44.8396,49.5312,57.4411,21.1371,9.3985
75.877,-0.08197723230272418,5.756790351577571e-08,0.0003781303118162557,3,102.422,0.133687,0.100907,9297.01,0.0,8.2187,18.0469,24.0416,29.5662,33.3348,35.3284,36.4183,37.3859,38.0844,38.7888,39.4989,40.2142,41.2243,42.3899,44.6033,49.1147,56.7656,19.4426,8.7799
75.992,-0.1158013123352418,1.8863850624049384e-08,6.355236150695811e-05,3,101.665,0.0760098,0.130849,9229.12,0.0,8.8794,18.4746,24.1179,29.2996,32.8454,34.7278,35.7586,36.6750,37.3375,38.0062,38.6810,39.3616,40.3235,41.4351,43.5509,47.8844,55.2899,18.8170,8.1936
76.101,-0.18715478978795144,6.181306572488502e-09,1.0681245398474451e-05,3,100.775,-0.0027434,0.189909,9143.27,0.0,9.7995,20.0379,25.8197,31.0241,34.5466,36.4074,37.4242,38.3270,38.9789,39.6365,40.2994,40.9677,41.9117,43.0017,45.0748,49.3140,56.5388,15.6888,7.4313
76.211,-0.13595027594161826,2.0254905376730327e-09,1.7951969141216011e-06,3,99.9103,-0.0956014,0.198415,9070.9,0.0,10.7274,21.5251,27.3976,32.5944,36.0802,37.9138,38.9142,39.8016,40.4421,41.0878,41.7385,42.3941,43.3198,44.3880,46.4173,50.5595,57.6033,13.3093,6.6768
76.317,-0.17157523072729167,6.637127393846993e-10,3.017187453564175e-07,3,99.0982,-0.189104,0.196578,8995.64,0.0,11.5281,22.5374,28.3472,33.4368,36.8363,38.6226,39.5969,40.4611,41.0846,41.7131,42.3464,42.9844,43.8849,44.9240,46.8984,50.9280,57.7846,11.6350,5.9803
76.427,-0.06536314517421896,2.174853904415783e-10,5.07098695320531e-08,3,98.3551,-0.281467,0.188427,8932.48,0.0,12.2241,23.2346,28.9052,33.8420,37.1352,38.8657,39.8094,40.6463,41.2503,41.8592,42.4729,43.0912,43.9640,44.9714,46.8859,50.7980,57.4679,10.2518,5.3186
76.538,-0.021418195410688064,7.126561273989636e-11,8.522807772252166e-09,3,97.7147,-0.363689,0.152843,8877.5,0.0,12.4672,22.7235,27.9554,32.5373,35.6158,37.2407,38.1292,38.9186,39.4891,40.0649,40.6458,41.2318,42.0603,43.0181,44.8438,48.5938,55.0471,9.8034,4.8335
76.650,-0.007018314272174265,2.335231598260924e-11,1.432428302282422e-09,3,97.102,-0.426566,0.104607,8823.35,0.0,12.4104,21.6577,26.3609,30.5203,33.3428,34.8424,35.6653,36.3982,36.9289,37.4653,38.0075,38.5552,39.3311,40.2305,41.9513,45.5123,51.7187,10.1397,4.5309
76.758,-0.1346440423596543,7.652086901181395e-12,2.407482247646067e-10,3,96.4694,-0.467603,0.0658118,8766.32,0.0,12.3109,20.8124,25.1254,28.9648,31.5880,32.9885,33.7592,34.4467,34.9452,35.4498,35.9603,36.4768,37.2096,38.0607,39.6939,43.0937,49.0808,10.8559,4.3562
76.869,-0.11974816281183653,2.5074358357791195e-12,4.046255413618745e-11,3,95.7598,-0.499331,0.0655262,8699.11,0.0,12.5508,21.1011,25.4082,29.2296,31.8351,33.2246,33.9887,34.6702,35.1643,35.6643,36.1703,36.6819,37.4078,38.2504,39.8669,43.2307,49.1501,9.9688,4.0917
76.979,-0.03923907799018259,0.061145419922696634,6.800541473669026e-12,3,95.2561,-0.523905,0.0421082,8689.41,0.0,12.4953,20.6264,24.7145,28.3513,30.8391,32.1691,32.9016,33.5555,34.0299,34.5103,34.9967,35.4889,36.1878,37.0001,38.5611,41.8196,47.5888,10.4535,3.9784
77.089,-0.2421108738064986,0.18728139096589422,1.1429670054795532e-12,3,95.277,-0.536004,0.0144712,8751.89,0.0,12.3135,19.9483,23.7882,27.2182,29.5750,30.8390,31.5363,32.1595,32.6121,33.0708,33.5355,34.0064,34.6755,35.4544,36.9540,40.0976,45.7044,12.1424,3.9897
77.197,-0.24440339062449626,0.26886223533232917,1.920984646109485e-13,3,95.6754,-0.546756,0.028918,8848.56,0.0,12.5313,20.4409,24.4008,27.9222,30.3325,31.6220,32.3325,32.9670,33.4274,33.8938,34.3661,34.8442,35.5232,36.3128,37.8312,41.0054,46.6410,10.5138,3.8355
77.310,-0.17144571823002244,0.3082860292268226,3.228598894716212e-14,3,96.5511,-0.558996,0.0268919,8955.96,0.0,12.6002,20.4874,24.4237,27.9195,30.3109,31.5898,32.2943,32.9234,33.3799,33.8423,34.3106,34.7847,35.4579,36.2407,37.7457,40.8925,46.5518,10.2178,3.7379
77.419,-0.38270715625985946,0.3218067617601702,5.4263061623495365e-15,3,97.3978,-0.571814,0.0318429,9046.77,0.0,12.7455,20.7419,24.7158,28.2351,30.6372,31.9204,32.6268,33.2573,33.7146,34.1777,34.6466,35.1210,35.7947,36.5777,38.0824,41.2241,47.4342,9.4996,3.6079
77.530,-0.12540548096323073,0.32327069242794754,9.119992767060868e-16,3,98.3517,-0.587649,0.0389525,9151.66,0.0,12.9357,21.0834,25.1113,28.6655,31.0850,32.3752,33.0850,33.7182,34.1774,34.6421,35.1124,35.5882,36.2634,37.0478,38.5539,41.8943,49.3048,8.6882,3.4461
77.638,-0.14107668844031757,0.3259444303385398,1.5327971843599204e-16,3,99.4931,-0.598693,0.012664,9218.4,0.0,12.7547,20.4333,24.2311,27.5955,29.8950,31.1249,31.8025,32.4076,32.8467,33.2916,33.7421,34.1982,34.8462,35.5999,37.0857,40.5505,48.3706,9.6637,3.4451
77.750,-0.1963255612852623,0.3475351623395827,2.5761722277537188e-17,3,100.524,-0.603365,0.00883835,9373.35,0.0,12.7491,20.3531,24.1084,27.4340,29.7074,30.9233,31.5933,32.1918,32.6261,33.0684,33.5252,33.9973,34.6856,35.5137,37.1985,41.1899,50.5258,9.7521,3.4187
77.858,-0.0775137239180485,0.38117036105793445,4.329772663185676e-18,3,101.878,-0.602145,-0.0117572,9488.35,0.0,12.5443,19.7812,23.3602,26.5401,28.7209,29.8914,30.5529,31.1613,31.6139,32.0823,32.5673,33.0697,33.8041,34.6910,36.5057,40.8636,51.3932,11.7221,3.5093
77.970,-0.3649756880277192,0.41306164805208895,7.277048915016167e-19,3,103.254,-0.590519,-0.0246118,9649.9,0.0,12.3416,19.3325,22.7973,25.8834,28.0561,29.3113,30.0365,30.7061,31.2059,31.7247,32.2635,32.8235,33.6454,34.6430,36.7027,41.7515,54.5891,97.9552,3.6692
78.080,-0.18745479344012303,0.4254347673962085,1.2230536111467675e-19,3,104.514,-0.577429,-0.00947029,9862.24,0.0,12.3771,19.5693,23.1327,26.5110,29.1748,30.7519,31.6740,32.5328,33.1784,33.8527,34.5578,35.2956,36.3878,37.7290,40.5527,47.8040,68.6704,13.6879,3.7253
78.187,-0.17523552446017826,0.43518435129913957,2.0555862042543726e-20,3,106.115,-0.561864,-0.0223792,9941.7,0.0,12.1457,19.0825,22.6549,26.3956,29.4202,31.2429,32.3200,33.3308,34.0956,34.8990,35.7439,36.6337,37.9615,39.6095,43.1436,52.6427,83.9252,200.0000,3.9256
78.299,-0.19580587451066117,0.4403668293274521,3.454823733490324e-21,3,107.529,-0.542648,-0.0248254,10100.4,0.0,11.9812,18.8908,22.9506,27.4145,31.1688,33.4977,34.8983,36.2296,37.2479,38.3282,39.4760,40.6980,42.5473,44.8864,50.0740,65.2960,133.8910,24.4322,4.1165
78.407,-0.07332228374627454,0.44614138505589446,5.806522248877188e-22,3,109.178,-0.51731,-0.0461848,10219.4,0.0,11.6159,18.4781,22.9191,27.9849,32.4042,35.2225,36.9468,38.6067,39.8905,41.2658,42.7428,44.3328,46.7749,49.9272,57.1820,80.8314,200.0000,22.4755,4.4706
78.518,-0.2590385269224253,0.4664683219457405,9.759021943687892e-23,3,110.81,-0.47871,-0.0721524,10394.6,0.0,11.1347,18.1867,23.0649,28.8657,34.1477,37.6304,39.8071,41.9362,43.6063,45.4184,47.3916,49.5478,52.9256,57.4091,68.2912,110.3310,200.0000,21.4824,5.0143
78.629,-0.10978302636954029,0.4831686170789302,1.6401988180756238e-23,3,112.475,-0.430503,-0.0790079,10574.0,0.0,10.8362,18.9168,24.9858,32.8146,40.6024,46.1251,49.7482,53.4291,56.4158,59.7610,63.5331,67.8190,74.9026,85.0732,114.2070,200.0000,52.1421,17.9071,5.5376
78.737,-0.11139140917324167,0.5044479756475488,2.7566821535397007e-24,3,114.403,-0.367905,-0.115199,10725.4,0.0,10.4727,18.9946,25.7313,34.9031,44.6157,51.8915,56.8526,62.0537,66.3986,71.4036,77.2310,84.1010,96.0788,114.7820,180.9000,200.0000,40.3030,17.6622,6.1058
78.848,-0.15194593709763782,0.5218202607070638,4.633155695454176e-25,3,116.275,-0.30945,-0.0669077,10950.7,0.0,10.4366,20.2464,28.7957,41.8008,57.6446,71.2201,81.4770,93.2425,103.9770,117.5140,135.1150,158.9320,200.0000,200.0000,200.0000,75.0089,29.1679,15.8368,6.2944
78.957,-0.049789644668153964,0.5311825903722406,7.786944777349833e-26,3,118.346,-0.274805,-0.0302351,11127.7,0.0,10.5043,21.6067,32.2210,50.3814,76.5790,103.6410,127.7570,160.4530,196.3660,200.0000,200.0000,200.0000,200.0000,200.0000,109.9680,47.3941,24.4109,14.6585,6.3483
79.068,-0.01631507076486069,0.6315605772288008,1.3087518087291866e-26,3,120.703,-0.25638,-0.0173457,11381.4,0.0,10.4805,22.0470,33.5264,54.2063,86.5989,123.6980,160.3940,200.0000,200.0000,200.0000,200.0000,200.0000,200.0000,169.7460,85.0767,42.6405,23.3702,14.4337,6.4222
79.177,-0.00534612238822955,0.7820811351807084,2.199619164931144e-27,3,123.953,-0.245328,-0.0132583,11868.1,0.0,10.4296,22.1015,33.8310,55.3407,90.0497,131.4070,174.1080,200.0000,200.0000,200.0000,200.0000,200.0000,200.0000,149.0930,80.1070,41.6565,23.2296,14.4664,6.4902
79.287,-0.001751817384175059,0.8487316354385145,3.6968999304997745e-28,3,127.883,-0.236887,-0.0115145,12264.0,0.0,10.3765,22.0588,33.8624,55.6782,91.3527,134.6390,180.2450,200.0000,200.0000,200.0000,200.0000,200.0000,200.0000,142.5780,78.5828,41.4613,23.2851,14.5512,6.5511
79.397,-0.0005740355204464833,0.8721558354254925,6.213379713190972e-29,3,131.975,-0.229487,-0.0108064,12732.8,0.0,10.3216,21.9704,33.7663,55.6379,91.6020,135.5730,182.2990,200.0000,200.0000,200.0000,200.0000,200.0000,200.0000,140.8590,78.3943,41.5983,23.4283,14.6610,6.6098
79.509,-0.00018809995933990363,0.8805844069647254,1.0442827283960067e-29,3,136.218,-0.222437,-0.0104983,13074.8,0.0,10.2655,21.8633,33.6190,55.4465,91.4253,135.5620,182.6430,200.0000,200.0000,200.0000,200.0000,200.0000,200.0000,140.8260,78.7012,41.8635,23.6065,14.7815,6.6682
79.617,-6.163659467649963e-05,0.8854258730835761,1.755125981615169e-30,3,140.404,-0.215431,-0.010278,13517.3,0.0,10.2089,21.7515,33.4593,55.2201,91.1514,135.3360,182.5990,200.0000,200.0000,200.0000,200.0000,200.0000,200.0000,141.1550,79.1162,42.1577,23.7931,14.9048,6.7268
79.729,-2.0197079343595398e-05,0.8870123247014012,2.949840237300615e-31,3,144.655,-0.208378,-0.0100368,13859.6,0.0,10.1520,21.6399,33.3011,54.9991,90.8951,135.1540,182.6400,200.0000,200.0000,200.0000,200.0000,200.0000,199.6850,141.4040,79.5062,42.4458,23.9784,15.0279,6.7856
79.837,-0.05294798157614682,0.8873815872300301,4.957796486831144e-32,3,148.828,-0.201753,-0.00604755,14280.5,0.0,10.1361,21.7656,33.7218,56.3895,95.1405,145.1960,200.0000,200.0000,200.0000,200.0000,200.0000,199.7970,192.2790,127.4590,75.1621,41.3369,23.7112,14.9744,6.8147
79.947,-0.03181519770407178,0.8887373918629113,8.332568555417103e-33,3,152.973,-0.203375,0.018542,14673.7,0.0,10.4057,23.4438,38.0533,69.7973,140.8860,200.0000,200.0000,198.6960,195.8780,191.9430,175.3060,132.8170,99.1782,76.9253,54.1677,34.0800,21.1483,13.9334,6.6377
80.057,-0.010425203983670242,0.8877586248156388,1.4004547971089525e-33,3,157.139,-0.217417,0.0304829,15025.1,0.0,10.6600,24.6275,41.0359,79.7770,200.0000,197.2470,193.9220,189.8250,185.1900,154.0610,119.7850,97.9908,78.1055,63.4111,46.8949,30.8785,19.7600,13.2553,6.4470
80.167,-0.0034161308413690654,0.8888609395389634,2.3537443775010165e-34,4,157.991,-0.24027,0.0333802,12138.9,0.0,10.8937,25.3262,42.4869,83.9192,196.0670,191.6270,188.0880,183.5880,177.5990,136.5850,108.2900,89.7115,72.3447,59.2478,44.2516,29.4229,18.9585,12.7706,6.2417
80.278,-0.0011193977540998154,0.8892221460275026,3.955938175265959e-35,4,161.098,-0.267046,0.034538,12335.3,0.0,11.1427,25.9708,43.6884,86.8601,190.8150,186.2620,182.6340,177.9380,170.1950,127.3550,101.6790,84.6241,68.5387,56.3151,42.2202,28.1779,18.2052,12.2833,6.0152
80.388,-0.0003668042560634276,0.889822381169667,6.648745291169498e-36,4,164.133,-0.295662,0.0350253,12575.9,0.0,11.4003,26.5997,44.7987,89.3177,185.5380,180.9280,177.2640,172.4720,160.7120,120.6810,96.6216,80.5657,65.3669,53.7815,40.3838,26.9945,17.4603,11.7888,5.7777
80.498,-0.00012019441862686395,0.8899226912210515,1.1174546210868574e-36,4,167.153,-0.325328,0.0352341,12793.9,0.0,11.6639,27.2273,45.8787,91.5812,180.1900,175.5460,171.8700,167.0290,152.7330,114.9130,92.1125,76.8667,62.4129,51.3805,38.6064,25.8235,16.7109,11.2861,5.5333
80.609,-3.938530709565078e-05,0.8901724045686892,1.878105981660681e-37,4,170.142,-0.355748,0.035444,13014.2,0.0,11.9343,27.8714,46.9878,93.9093,174.7320,170.0570,166.3690,161.4700,144.7010,109.0830,87.5417,73.1101,59.4071,48.9339,36.7925,24.6266,15.9440,10.7714,5.2828
80.718,-1.2905777429102847e-05,0.8928156974353181,3.156532723377107e-38,4,173.11,-0.386885,0.0356495,13238.9,0.0,12.2111,28.5307,48.1232,96.2942,169.1670,164.4620,160.7610,155.7960,136.6550,103.2130,82.9253,69.3076,56.3579,46.4482,34.9462,23.4061,15.1609,10.2453,5.0265
80.828,0.01020138183563328,0.8925434219543551,5.305184548179904e-39,4,176.059,-0.418668,0.0354969,13455.9,0.0,12.4889,29.1700,49.1833,98.3280,163.5440,158.8400,155.1580,150.2040,130.3090,98.2825,78.8976,65.9040,53.5613,44.1251,33.1824,22.2141,14.3838,9.7180,4.7666
80.938,0.013668853389406562,0.8928397027247531,8.916423670125965e-40,4,178.975,-0.448396,0.0275442,13674.9,0.0,12.6430,29.0255,48.0412,91.9738,158.8910,154.7550,151.6680,147.9990,144.0210,120.1720,91.2677,73.5763,57.8771,46.5374,34.0483,22.1887,14.0972,9.4161,4.5568
81.047,0.011524354625846991,0.8926054989450971,1.4985833262380716e-40,4,181.865,-0.473221,0.0217034,13886.3,0.0,12.7811,28.9841,47.3615,88.1281,153.8010,150.0140,147.2640,144.1490,141.1530,136.2170,103.8830,80.7393,61.5502,48.4098,34.5850,22.0440,13.7966,9.1346,4.3759
81.157,0.007861033474022542,0.8921899366912044,2.5186689964083273e-41,4,184.73,-0.493196,0.0168578,14096.8,0.0,12.8893,28.9395,46.8102,85.2273,148.4670,144.9400,142.4310,139.6680,137.1560,133.7010,118.8680,88.6428,65.3782,50.2999,35.1288,21.9422,13.5527,8.9054,4.2297
81.267,0.0073800142526739545,0.8924889586112238,4.233126982263477e-42,4,187.562,-0.509438,0.0142881,14310.4,0.0,12.9950,29.0253,46.7040,84.1103,142.7690,139.3770,136.9980,134.4190,132.1290,129.1370,123.8690,92.7455,66.9790,50.8449,35.0392,21.6364,13.2664,8.6814,4.1043
81.378,0.01216879476849745,0.8935747858639759,7.114616519090227e-43,4,190.37,-0.522322,0.00900238,14527.5,0.0,13.0352,28.8097,45.8767,80.8821,137.2560,134.1030,131.9350,129.6320,127.6530,125.2250,121.9030,108.3480,74.1286,54.4760,36.4018,21.9119,13.2254,8.5793,4.0172
81.488,0.014794333220467493,0.8927921600506575,1.1957535983634946e-43,4,193.164,-0.530216,0.00254458,14719.7,0.0,13.0175,28.4109,44.6947,76.9319,131.7380,128.8420,126.8880,124.8520,123.1480,121.1470,118.6700,115.1840,87.5109,61.0617,38.9891,22.6594,13.3969,8.5943,3.9762
81.598,0.017065701439609036,0.8927329768022745,2.0097030727695257e-44,4,195.92,-0.531738,-0.00517351,14925.6,0.0,12.9305,27.8114,43.1537,72.3642,126.2070,123.5760,121.8330,120.0490,118.5860,116.9200,114.9710,112.5720,107.1840,73.0700,43.4954,24.0685,13.8506,8.7615,3.9941
81.707,0.017366782433897335,0.8922317086354443,3.377707954403742e-45,5,196.517,-0.525673,-0.0130971,13087.9,0.0,12.7795,27.0891,41.4765,67.8792,120.5760,118.1840,116.6240,115.0520,113.7830,112.3660,110.7600,108.8960,105.5420,93.2135,50.2059,26.1434,14.5885,9.0880,4.0786
81.818,0.02159263385794573,0.5183417675356624,5.67691375896637e-46,5,197.908,-0.510958,-0.0231088,13336.6,0.0,12.5346,26.1013,39.3379,62.6211,115.0400,112.9020,111.5280,110.1630,109.0780,107.8840,106.5590,105.0770,102.6270,98.8503,62.8494,29.6682,15.8390,9.6638,4.2490
81.928,0.024712168337777906,0.16985023038608585,0.6986265161132812,5,191.478,-0.486745,-0.0328763,12464.8,0.0,12.2204,25.0243,37.1762,57.7643,87.1809,107.5560,106.3360,105.1380,104.1970,103.1730,102.0540,100.8240,98.8710,96.1595,83.3916,34.5325,17.5325,10.4635,4.5057
82.038,-0.030802844680964434,0.05565652349291261,0.8402768931517822,5,178.39,-0.456752,-0.0377572,11401.0,0.0,11.9195,24.2101,35.7213,54.8858,81.5794,102.0970,100.9620,99.8577,98.9964,98.0671,97.0607,95.9650,94.2542,91.9640,85.5977,38.6583,19.0792,11.2534,4.7940
82.147,-0.024119305197858425,0.018237529618157604,0.8077217555838756,5,165.245,-0.427795,-0.0294402,10486.7,0.0,11.7738,24.2507,36.2057,56.7212,97.9129,96.0252,94.8541,93.7200,92.8386,91.8896,90.8631,89.7485,88.0091,85.6689,78.8289,37.0758,19.1769,11.5366,5.0048
82.257,-0.00790341392723425,0.005976073705277883,0.31220874998979065,4,153.826,-0.402714,-0.028766,11223.2,0.0,11.5743,23.8673,35.6684,55.9719,92.7944,90.9444,89.8082,88.7150,87.8701,86.9647,85.9906,84.9395,83.3137,81.1617,75.3869,38.4224,19.9436,12.0163,5.2204
82.367,-0.002589790675676119,0.001958239831745457,0.05247292461078412,4,147.233,-0.379889,-0.0302299,10852.5,0.0,11.3703,23.3881,34.8777,54.5361,88.0966,86.3114,85.2257,84.1879,83.3904,82.5403,81.6314,80.6566,79.1642,77.2248,72.3956,40.5242,20.8731,12.5342,5.4284
82.477,-0.15548860552201804,0.0006416760280663512,0.008819124439334487,4,145.476,-0.361112,-0.00980312,10743.2,0.0,11.4378,24.3911,37.5496,62.0836,82.0639,80.0913,78.8972,77.7560,76.8773,75.9397,74.9353,73.8521,72.1697,69.9108,63.0275,34.1854,19.3297,12.1199,5.4751
82.588,-0.048379501640334874,0.00021026440087678196,0.1179510412796752,3,143.964,-0.363605,0.0362546,12966.3,0.0,12.0139,28.1076,47.4792,77.7611,73.7401,71.1733,69.5904,68.0391,66.8050,65.4281,63.8503,61.9556,57.7673,47.8474,36.0669,24.2028,15.6986,10.6176,5.2144
82.699,-0.01585299509750493,6.889943887930392e-05,0.7348879438613907,3,135.264,-0.386287,0.0532977,11487.6,0.0,12.4436,30.2753,53.5100,71.9069,67.5520,64.7641,63.0156,61.2584,59.8123,58.1214,55.9746,52.0891,44.4327,38.0481,29.9859,21.0932,14.1776,9.8070,4.9508
82.810,0.10736678248101524,2.2576968131970305e-05,0.702684720301444,3,123.59,-0.413695,0.047487,10126.8,0.0,12.6083,30.2591,72.8267,67.9393,63.8084,61.2224,59.6320,58.0679,56.8142,55.4018,53.7498,51.6445,45.6380,38.6599,30.0588,20.8344,13.8438,9.5055,4.7546
82.918,0.035181947283379075,7.39802091748403e-06,0.18661846953725514,3,113.866,-0.438479,0.0383307,10228.7,0.0,12.7020,29.8548,69.2316,64.5261,60.6589,58.2917,56.8647,55.4901,54.4153,53.2388,51.9285,50.4255,47.6852,41.1509,31.2149,21.0814,13.7379,9.3182,4.5921
83.028,0.011528420485817654,2.4241834942411673e-06,0.03136496617512647,3,109.753,-0.459907,0.035257,9944.33,0.0,12.8486,29.9943,65.5806,60.9256,57.1884,54.9363,53.5932,52.3119,51.3204,50.2480,49.0722,47.7587,45.5377,41.1196,30.8988,20.6694,13.3763,9.0343,4.4295
83.138,0.003777632824792729,7.943564473929456e-07,0.005271509865053505,3,108.534,-0.478959,0.0329544,9847.01,0.0,12.9842,30.1584,61.9380,57.3297,53.7130,51.5664,50.2987,49.0997,48.1801,47.1952,46.1288,44.9593,43.0645,40.1079,30.4741,20.2338,13.0245,8.7682,4.2824
83.248,0.0012378547240280812,2.6029472068172047e-07,0.7204491204804023,3,101.713,-0.496648,0.0326764,8537.41,0.0,13.1356,30.4916,58.2871,53.7029,50.1809,48.1194,46.9120,45.7777,44.9135,43.9945,43.0082,41.9396,40.2494,37.8129,29.5191,19.5817,12.5965,8.4767,4.1381
83.358,0.12455171912213846,8.529337407298616e-08,0.5460372816893951,2,91.6512,-0.51257,0.0316216,9595.66,0.0,13.2605,30.7109,54.9583,50.4210,47.0040,45.0309,43.8850,42.8158,42.0068,41.1525,40.2439,39.2702,37.7629,35.7090,28.8816,19.0913,12.2504,8.2313,4.0112
83.468,0.07683777279184234,2.794893281623611e-08,0.09459714871429839,2,84.0765,-0.526003,0.0281684,9556.49,0.0,13.3293,30.6417,52.0322,47.5816,44.2940,42.4217,41.3442,40.3466,39.5974,38.8124,37.9855,37.1090,35.7802,34.0523,29.0723,18.9883,12.0826,8.0779,3.9133
83.578,0.0251782013884309,9.15830630522425e-09,0.3655406664172246,2,80.9088,-0.535138,0.0164306,9016.69,0.0,13.2455,30.0324,49.6282,45.3669,42.2845,40.5563,39.5735,38.6727,38.0027,37.3079,36.5849,35.8296,34.7078,33.3132,30.1554,20.1880,12.4542,8.1780,3.8812
83.688,0.008250393030961038,3.0009938100958824e-09,0.32794047086065115,2,72.6931,-0.541084,0.0115907,8048.24,0.0,13.2308,51.6390,47.1015,42.9443,39.9905,38.3549,37.4322,36.5918,35.9705,35.3298,34.6676,33.9813,32.9734,31.7419,29.1080,20.6463,12.5596,8.1826,3.8497
83.798,0.0027034887883853127,9.833656516922187e-10,0.055116954937549645,2,68.9406,-0.545348,0.00991934,7875.45,0.0,13.2447,49.2218,44.6588,40.5750,37.7195,36.1559,35.2797,34.4857,33.9013,33.3013,32.6841,32.0480,31.1213,30.0021,27.6796,20.7118,12.5361,8.1447,3.8201
83.907,0.0008858792061780992,3.222292567465062e-10,0.009263506616353969,2,68.0558,-0.548735,0.00916165,7795.97,0.0,13.2635,46.8058,42.2207,38.2097,35.4498,33.9553,33.1232,32.3728,31.8230,31.2606,30.6847,30.0942,29.2399,28.2185,26.1470,20.6702,12.4852,8.1013,3.7945
84.017,0.15436219258998357,0.1940450391680881,0.0015569175570106118,2,67.962,-0.550996,0.00286263,7903.05,0.0,13.1985,44.5632,40.0157,36.1250,33.4925,32.0835,31.3046,30.6061,30.0967,29.5780,29.0496,28.5106,27.7369,26.8221,25.0048,20.7477,12.7854,8.2067,3.7991
84.128,0.1624031616421181,0.3325959147627241,0.00026167113380677355,2,69.0999,-0.540886,-0.0395425,8143.87,0.0,12.5871,43.4592,39.2346,35.6843,33.3255,32.0759,31.3896,30.7782,30.3350,29.8864,29.4321,28.9719,28.3174,27.5539,26.0737,22.8804,16.2921,9.5670,4.0594
84.238,0.09544090996666856,0.32305649224007443,4.397906745890443e-05,2,70.7219,-0.518807,-0.0676435,8314.57,0.0,12.0975,41.8053,37.7710,34.4459,32.2719,31.1331,30.5111,29.9584,29.5589,29.1558,28.7490,28.3387,27.7579,27.0852,25.7968,23.1050,18.2160,11.0655,4.3898
84.347,0.07888430007853614,0.2403760634866026,7.391561867818067e-06,2,71.9854,-0.488833,-0.0870908,8402.23,0.0,11.6629,39.8069,35.8960,32.7415,30.7120,29.6599,29.0888,28.5834,28.2191,27.8521,27.4826,27.1108,26.5868,25.9828,24.8362,22.4901,18.4415,12.6532,4.7704
84.458,0.2068645893620855,0.09216255348328992,1.2422998031241828e-06,2,72.3411,-0.45012,-0.116112,8345.12,0.0,11.0941,38.0289,34.2774,31.3109,29.4304,28.4646,27.9430,27.4831,27.1527,26.8206,26.4871,26.1520,25.6804,25.1384,24.1162,22.0553,18.6105,13.9745,5.3178
84.568,0.5496686593814816,0.030199825525404445,2.0879332791108143e-07,2,71.7171,-0.390988,-0.19474,8230.34,0.0,10.0484,37.5864,34.1652,31.4816,29.7912,28.9268,28.4611,28.0511,27.7570,27.4618,27.1655,26.8684,26.4508,25.9716,25.0681,23.2475,20.2246,16.1761,6.5614
84.677,0.1801154263061239,0.009895878828164529,3.509189462201546e-08,2,71.0445,-0.302664,-0.28615,8136.27,0.0,8.9026,37.3382,34.2433,31.8265,30.3085,29.5336,29.1166,28.7497,28.4866,28.2227,27.9580,27.6926,27.3198,26.8923,26.0873,24.4686,21.7741,18.1325,8.5522
84.788,0.059020222891990694,0.003242681574412953,5.897894729122138e-09,2,70.4816,-0.195027,-0.321129,8075.49,0.0,8.0227,35.6613,32.6908,30.4124,28.9981,28.2809,27.8962,27.5585,27.3168,27.0747,26.8322,26.5894,26.2490,25.8596,25.1288,23.6693,21.2690,18.0653,9.5795
84.898,0.2810294735513246,0.0010625618983036364,9.91259167123558e-10,2,69.8511,-0.0771702,-0.351052,8001.93,0.0,7.2506,33.8579,30.9891,28.8304,27.5073,26.8410,26.4849,26.1730,25.9501,25.7272,25.5043,25.2815,24.9698,24.6139,23.9483,22.6280,20.4817,17.6589,10.1843
85.008,0.5828727227541106,0.00034818028283613555,1.6660092821845643e-10,2,68.928,0.0590855,-0.401982,7890.53,0.0,6.3024,33.2831,30.6025,28.5961,27.3713,26.7560,26.4273,26.1396,25.9341,25.7286,25.5232,25.3180,25.0308,24.7032,24.0907,22.8767,20.9040,18.3049,11.1958
85.117,0.5412931244208248,0.00011409171507974488,2.8000618005675973e-11,2,67.7497,0.19999,-0.430296,7745.09,0.0,5.2463,9.8788,31.0183,29.1748,28.0458,27.4775,27.1737,26.9077,26.7176,26.5275,26.3373,26.1473,25.8813,25.5775,25.0092,23.8796,22.0332,19.5733,12.5350
85.228,0.1773709310102159,3.73855731973308e-05,4.706063868213961e-12,2,66.9334,0.33941,-0.438009,7657.58,0.0,4.2967,7.1536,30.9125,29.2015,28.1550,27.6283,27.3468,27.1001,26.9239,26.7476,26.5713,26.3950,26.1482,25.8664,25.3389,24.2901,22.5741,20.2775,13.5469
85.337,0.05812090667342754,1.225050462530136e-05,7.909481543307206e-13,2,66.3918,0.469373,-0.368188,7611.08,0.0,3.5696,6.4219,29.3645,27.7346,26.7484,26.2551,25.9923,25.7626,25.5986,25.4348,25.2712,25.1078,24.8794,24.6191,24.1331,23.1717,21.6121,19.5497,13.6001
85.447,0.01904505869874874,4.01424535561875e-06,1.329346562983642e-13,2,65.9499,0.573205,-0.258147,7562.04,0.0,3.0682,7.5431,27.2972,25.7404,24.8122,24.3518,24.1074,23.8944,23.7427,23.5914,23.4405,23.2901,23.0802,22.8416,22.3979,21.5265,20.1300,18.3140,13.2284
85.557,0.49917400524834343,1.3153879181291521e-06,2.2342327684066067e-14,2,65.3016,0.645352,-0.172167,7486.84,0.0,2.7171,27.9607,25.7674,24.2811,23.4046,22.9723,22.7435,22.5445,22.4030,22.2621,22.1217,21.9820,21.7874,21.5665,21.1568,20.3563,19.0843,17.4493,12.9688
85.668,0.4404689662690505,4.310263130125606e-07,3.755075013860985e-15,2,64.4198,0.702752,-0.146489,7379.82,0.0,2.3189,28.0080,25.3913,23.9354,23.0896,22.6729,22.4526,22.2609,22.1248,21.9892,21.8542,21.7198,21.5327,21.3205,20.9273,20.1601,18.9432,17.3814,13.1116
85.778,0.41086692246623385,1.4123870224795584e-07,6.311154575796157e-16,2,63.8055,0.745636,-0.100437,7314.39,0.0,2.0601,28.1349,24.9924,23.3411,22.5142,22.1130,21.9012,21.7170,21.5862,21.4561,21.3266,21.1977,21.0184,20.8152,20.4390,19.7065,18.5492,17.0715,13.0667
85.888,0.5219621554412764,4.628109795261016e-08,1.0607157495540602e-16,2,62.9566,0.774645,-0.0623935,7216.29,0.0,1.8881,29.1060,25.1630,23.1332,22.1416,21.6987,21.4756,21.2874,21.1570,21.0297,20.9043,20.7796,20.6062,20.4096,20.0462,19.3397,18.2264,16.8107,13.0061
85.998,0.41489610889883144,1.51653901771113e-08,1.7827449602755093e-17,2,62.2837,0.791837,-0.028044,7140.79,0.0,1.8051,31.2059,26.0185,23.4455,22.2079,21.6583,21.3821,21.1494,20.9882,20.8311,20.6778,20.5283,20.3252,20.1015,19.7054,18.9947,17.9167,16.5505,12.9110
86.107,0.48008747295112625,4.969395053235831e-09,2.9962594547350485e-18,2,61.5554,0.797026,0.0112187,7059.06,0.0,1.8431,34.5865,27.5162,24.1995,22.6433,21.9596,21.6174,21.3301,21.1314,20.9379,20.7495,20.5661,20.3172,20.0436,19.5601,18.6967,17.5159,16.1957,12.7299
86.217,0.2529244070683098,1.6283713710443171e-09,5.035813265573197e-19,2,61.0393,0.790091,0.0581214,7003.3,0.0,2.0341,39.6324,29.6721,25.3479,23.3868,22.5378,22.1158,21.7627,21.5192,21.2828,21.0531,20.8298,20.5277,20.1966,19.6138,18.5801,17.1770,15.7181,12.4486
86.329,0.2995847438659703,5.335847308638019e-10,8.463691355448873e-20,2,60.6159,0.763248,0.136964,6956.93,0.0,2.6503,43.1206,30.6459,25.5861,23.3559,22.4022,21.9307,21.5376,21.2672,21.0050,20.7509,20.5043,20.1714,19.8074,19.1690,18.0435,16.5279,14.9618,11.9182
86.439,0.37884264589899624,1.7484504460945058e-10,1.422492606110292e-20,2,60.1157,0.718249,0.192918,6899.37,0.0,3.7089,53.1941,34.1109,27.3451,24.5148,23.3310,22.7514,22.2708,21.9417,21.6239,21.3167,21.0198,20.6202,20.1854,19.4276,18.1057,16.3525,14.5662,11.4158
86.547,0.3940991179689614,5.729322421762476e-11,2.3907833230895684e-21,2,59.6246,0.660195,0.232464,6843.41,0.0,5.1881,81.4247,41.8671,31.2837,27.2474,25.6203,24.8362,24.1923,23.7545,23.3340,22.9299,22.5412,22.0215,21.4599,20.4909,18.8298,16.6796,14.5432,10.9125
86.660,0.39294338913570886,1.8773843711631283e-11,4.0181895311166383e-22,2,59.1442,0.592069,0.265398,6788.94,0.0,5.8891,200.0000,59.1930,38.8347,32.2850,29.8016,28.6349,27.6907,27.0559,26.4516,25.8755,25.3260,24.5977,23.8193,22.4964,20.2855,17.5242,14.8818,10.5218
86.769,0.20273297852269026,6.151813107427339e-12,6.753371144947734e-23,2,58.7912,0.514128,0.299459,6749.94,0.0,6.2420,90.6820,101.0570,51.5130,39.9098,35.9019,34.0857,32.6458,31.6924,30.7955,29.9501,29.1520,28.1071,27.0058,25.1700,22.1986,18.6463,15.3976,10.2741
86.878,0.08230194586483856,0.11644057617389084,1.1350390883313661e-23,2,58.7036,0.433325,0.272238,6790.75,0.0,6.9257,57.2989,137.0340,57.5236,42.7760,37.9489,35.8038,34.1217,33.0167,31.9834,31.0150,30.1059,28.9226,27.6842,25.6393,22.3803,18.5637,15.1456,9.8714
86.987,0.3680874500092012,0.32703629878191054,1.9076601957585273e-24,2,59.5179,0.361319,0.23331,7027.16,0.0,7.3066,39.0454,200.0000,73.6456,50.1809,43.3215,40.3882,38.1350,36.6767,35.3285,34.0784,32.9161,31.4199,29.8735,27.3630,23.4681,19.0650,15.2571,9.5932
87.097,0.15437093857426504,0.4375171782129814,3.2062044910113566e-25,2,61.2874,0.304893,0.180714,7276.89,0.0,7.3362,27.7438,145.2100,133.8180,70.7426,57.2942,52.0327,48.1699,45.7481,43.5613,41.5771,39.7686,37.4905,35.1929,31.5809,26.2486,20.5857,15.9716,9.5169
87.209,0.10615770657144875,0.5101161738787048,5.388667888042787e-26,2,63.6449,0.254053,0.159764,7608.17,0.0,7.6428,26.1730,90.1358,200.0000,83.7617,64.9375,58.0011,53.0513,50.0075,47.2974,44.8692,42.6811,39.9584,37.2495,33.0643,27.0448,20.8503,15.9468,9.2825
87.320,0.2223533834357073,0.5690883112159489,9.056734119433511e-27,2,66.3328,0.211855,0.111737,8093.01,0.0,7.5801,21.6813,48.4776,200.0000,173.4880,106.8480,88.7003,77.2340,70.7114,65.2092,60.5058,56.4393,51.5914,46.9876,40.2711,31.3705,23.0330,16.9503,9.3036
87.432,0.07286075668421257,0.6179090746161172,1.5221653034531904e-27,2,69.6882,0.181768,0.076553,8515.79,0.0,7.5418,19.4583,37.0533,107.6530,200.0000,200.0000,151.2980,120.0470,104.6210,92.7140,83.2463,75.5382,66.8774,59.1390,48.6177,35.9162,25.1342,17.8638,9.3406
87.542,0.09745799971124469,0.6769877932264593,2.5583032255137775e-28,2,73.5458,0.156742,0.0616881,9203.86,0.0,7.6409,18.9739,34.3686,83.7011,200.0000,200.0000,200.0000,156.9510,131.1080,112.5800,98.6461,87.7880,76.0749,66.0197,52.9310,37.9618,25.9148,18.1100,9.2619
87.648,0.06880922117778066,0.7253962409438212,4.2997402311210065e-29,2,77.9017,0.138783,0.0285227,10120.5,0.0,7.5254,17.3126,28.7182,55.2574,125.1800,200.0000,200.0000,200.0000,200.0000,200.0000,183.4740,148.6670,117.4800,94.7754,69.5953,45.5132,28.9861,19.3890,9.3987
87.762,0.022547405595535162,0.7597822972637213,7.226573406445078e-30,2,82.6047,0.127886,0.00652664,10970.6,0.0,7.4489,16.3834,25.9657,45.3484,82.7381,141.0510,200.0000,200.0000,200.0000,200.0000,200.0000,200.0000,186.9970,134.9710,88.7334,52.7276,31.5800,20.3999,9.5086
87.874,0.007388333865544963,0.7822535139486261,1.2145701924212242e-30,2,87.4882,0.123001,-0.0071953,11797.1,0.0,7.3886,15.8321,24.4807,40.7881,68.3976,103.5690,142.7650,200.0000,200.0000,200.0000,200.0000,200.0000,200.0000,184.9600,107.6750,58.7321,33.5444,21.1384,9.5983
87.984,0.002421009241061774,0.8193862162163108,2.0413281224023516e-31,2,92.5308,0.123453,-0.0175985,12667.8,0.0,7.3102,15.3710,23.3650,37.7506,60.2435,85.9456,111.3050,150.0750,199.8060,200.0000,200.0000,200.0000,200.0000,200.0000,129.1550,64.5759,35.3534,21.8232,9.7051
88.094,0.000793316308111122,0.8679128347047607,3.430860175321633e-32,2,97.7257,0.128772,-0.0271233,14027.1,0.0,7.2000,14.8890,22.3046,35.1438,54.0105,73.9402,92.0911,117.3060,145.8440,192.7500,200.0000,200.0000,200.0000,200.0000,158.6950,71.3607,37.3543,22.5900,9.8487
88.204,0.0002599538878418525,0.897262867129181,5.766246696663069e-33,3,102.595,0.1389,-0.0390909,12099.2,0.0,7.0370,14.2617,21.0041,32.1774,47.5356,62.5269,75.1970,91.4216,108.0890,132.2020,170.1800,200.0000,200.0000,200.0000,200.0000,82.3437,40.3089,23.6968,10.0649
88.308,8.518168996801822e-05,0.919535527941515,9.69133082308162e-34,3,105.784,0.156315,-0.0408343,10560.2,0.0,6.8836,13.9109,20.4390,31.1925,45.8436,60.0012,71.8579,86.8966,102.1810,124.0020,157.6880,200.0000,200.0000,200.0000,200.0000,85.3900,41.3443,24.1993,10.2381
88.420,-0.04742916808466527,0.9403157924208757,1.628821971435328e-34,3,110.541,0.176891,-0.0363801,11077.0,0.0,6.7435,13.7283,20.2943,31.2792,46.5937,61.7890,74.8249,91.7840,109.5250,135.7810,178.6130,200.0000,200.0000,200.0000,200.0000,82.4077,41.0074,24.2689,10.3703
88.531,-0.0405240034391878,0.9557159972198475,2.7375610873913564e-35,3,115.418,0.194421,-0.0175193,11525.1,0.0,6.7189,14.1296,21.4806,34.7136,55.4160,79.0886,102.4640,138.2360,184.1820,200.0000,200.0000,200.0000,200.0000,200.0000,137.1060,68.6038,37.5714,23.1961,10.3173
88.639,-0.040605111957627664,0.9640466156252495,4.6010189195786535e-36,3,120.273,0.204137,0.00360649,12018.1,0.0,6.7776,14.8226,23.3639,40.3689,72.1780,119.3320,183.2320,200.0000,200.0000,200.0000,200.0000,200.0000,200.0000,152.9960,98.4928,57.5920,34.1699,21.9615,10.1808
88.754,-0.043436808411686914,0.9693378594612068,7.732932498135842e-37,3,125.149,0.202471,0.0273005,12445.6,0.0,6.9598,15.9699,26.4179,50.5136,112.5930,200.0000,200.0000,200.0000,200.0000,200.0000,200.0000,161.2660,126.7080,101.7980,74.4094,48.4485,30.7623,20.5400,9.9358
88.857,-0.04807174783711695,0.9734825751007481,1.2996739649616912e-37,3,130.017,0.18609,0.0529582,12848.0,0.0,7.3031,17.7540,31.3357,70.6117,200.0000,200.0000,200.0000,200.0000,160.9450,134.4430,115.4430,101.1540,86.2246,73.7912,58.1116,40.8439,27.4349,18.9693,9.5711
88.968,-0.010248263473290695,0.9770633639590132,2.1843620329111147e-38,3,134.839,0.152569,0.0776784,13332.2,0.0,7.8212,20.2401,38.7014,114.3120,200.0000,200.0000,144.1030,114.8950,100.3730,89.1159,80.1346,72.8029,64.5438,57.1453,47.0573,34.8342,24.4197,17.3772,9.1011
89.082,0.048844845616672114,0.9830946191958395,3.671257268713711e-39,3,139.867,0.108657,0.0620586,13629.6,0.0,8.0800,20.0827,36.4190,89.0185,200.0000,200.0000,200.0000,149.1780,124.7860,107.2570,94.0521,83.7480,72.6188,63.0543,50.5890,36.3115,24.8045,17.3417,8.8740
89.190,0.01600547901167112,0.9874818217712177,6.170282091527135e-40,3,144.743,0.067601,0.043121,14141.5,0.0,8.2761,19.6635,33.7922,70.8420,200.0000,200.0000,200.0000,200.0000,186.2770,148.5950,123.6020,105.8130,88.0774,73.9291,56.8405,38.9299,25.6343,17.5005,8.6923
89.301,0.005244675362544392,0.9911420687486175,1.0370393111229657e-40,3,149.696,0.0334562,0.0364224,14562.3,0.0,8.5172,19.9341,33.6863,67.7125,173.7130,200.0000,200.0000,200.0000,200.0000,170.2830,137.3840,115.1480,93.8865,77.5379,58.4777,39.2621,25.4763,17.2347,8.4665
89.409,0.0017185752227985465,0.9923414584781719,1.742951970204369e-41,3,154.73,0.00371623,0.0336873,14851.9,0.0,8.7535,20.3644,34.1878,67.6436,165.5040,200.0000,200.0000,200.0000,200.0000,178.8040,142.0310,117.8110,95.1155,77.9654,58.2901,38.7960,25.0159,16.8583,8.2438
89.520,0.0005631427290066278,0.9927344745047524,2.929379376322483e-42,4,156.653,-0.0240072,0.0332524,11616.7,0.0,8.9929,20.9014,35.0534,69.1871,168.0890,200.0000,200.0000,200.0000,200.0000,176.1390,139.5370,115.5380,93.1267,76.2393,56.9184,37.8290,24.3677,16.4114,8.0194
89.629,0.00018453060944089182,0.9945573497932172,4.923407917785198e-43,4,159.966,-0.0510271,0.0331952,12324.5,0.0,9.2297,21.4490,35.9667,70.9668,172.2530,200.0000,200.0000,200.0000,200.0000,171.5570,135.8600,112.4670,90.6308,74.1842,55.3733,36.7953,23.6986,15.9594,7.7978
89.737,6.046699010159144e-05,0.9966243883177414,8.274771687421582e-44,4,163.622,-0.0784352,0.0332019,12524.7,0.0,9.4704,22.0088,36.9060,72.8229,176.7770,200.0000,200.0000,200.0000,200.0000,166.5690,131.9150,109.2040,88.0046,72.0355,53.7708,35.7310,23.0135,15.4982,7.5725
89.849,1.9813823316489483e-05,0.9973017155014575,1.3907408775049453e-44,4,167.117,-0.106403,0.0331861,12879.5,0.0,9.7159,22.5784,37.8598,74.6986,181.2860,200.0000,200.0000,200.0000,200.0000,161.5910,127.9600,105.9220,85.3545,69.8632,52.1467,34.6501,22.3165,15.0285,7.3428
89.957,0.010102157639718098,0.9975236620730176,2.337418192822562e-45,4,170.66,-0.134885,0.0325748,13131.2,0.0,9.9595,23.1137,38.7016,76.1002,182.9020,200.0000,200.0000,200.0000,200.0000,159.3750,125.7130,103.7980,83.4444,68.1779,50.7849,33.6771,21.6587,14.5728,7.1129
90.068,0.013950974486989074,0.9980782645255863,3.92849875667688e-46,4,174.193,-0.1616,0.0254952,13361.8,0.0,10.1177,23.1273,38.1043,72.2036,157.3150,200.0000,200.0000,200.0000,200.0000,197.3290,147.0230,117.1630,91.2329,72.8266,52.8602,34.1896,21.6101,14.3904,6.9394
90.177,0.01205278137910283,0.9991047837666192,6.602627860346832e-47,4,177.648,-0.183744,0.0192177,13649.3,0.0,10.2431,23.1096,37.5639,69.1077,140.4370,200.0000,200.0000,200.0000,200.0000,200.0000,175.2840,133.5840,100.2180,77.9747,55.0821,34.7540,21.6065,14.2504,6.7968
90.291,0.012629164677510662,0.9981144914821457,1.1097036644884921e-47,4,181.096,-0.200852,0.0135738,13901.5,0.0,10.3307,23.0413,37.0223,66.4766,128.1830,200.0000,200.0000,200.0000,200.0000,200.0000,200.0000,154.5620,110.9130,83.8618,57.5682,35.4309,21.6797,14.1705,6.6908
90.400,0.014037354979132943,0.9987311546157445,1.8650789489058093e-48,4,184.526,-0.212703,0.00712174,14132.0,0.0,10.3642,22.8219,36.2108,63.3831,116.1400,199.3290,200.0000,200.0000,200.0000,200.0000,200.0000,192.2390,128.4190,93.1098,61.4602,36.6370,21.9841,14.2157,6.6334
90.511,0.015850422811728535,1.0,3.1346381894259943e-49,4,187.915,-0.218603,-0.000145737,14377.0,0.0,10.3387,22.4485,35.1428,59.9243,104.5980,167.0650,200.0000,200.0000,200.0000,200.0000,200.0000,200.0000,158.8200,107.8440,67.3515,38.5163,22.5654,14.4067,6.6313
90.617,0.017988990517065453,1.0,5.268386404968269e-50,4,191.247,-0.217499,-0.00831253,14652.0,0.0,10.2460,21.9095,33.8139,56.1424,93.5982,140.6910,192.4860,200.0000,200.0000,200.0000,200.0000,200.0000,200.0000,132.9520,76.3888,41.3238,23.5016,14.7782,6.6956
90.729,0.021352524749068257,1.0,8.85457703083017e-51,4,194.569,-0.208131,-0.0176461,14891.8,0.0,10.0751,21.1828,32.1969,52.0132,82.9875,118.3640,153.2540,200.0000,200.0000,200.0000,200.0000,200.0000,200.0000,182.8520,91.1182,45.5374,24.9251,15.3844,6.8410
90.839,0.023647648373780934,1.0,1.4881887615716264e-51,5,196.373,-0.188902,-0.028818,13449.4,0.0,9.8096,20.2265,30.2250,47.4238,72.4415,98.5440,122.0320,154.2200,200.0000,200.0000,200.0000,200.0000,200.0000,200.0000,118.7440,52.2058,27.0907,16.3205,7.0896
90.951,0.006962905012901787,1.0,2.5011988515734336e-52,5,197.933,-0.158717,-0.0387366,13524.3,0.0,9.4723,19.2084,28.3032,43.3932,64.1730,84.4987,101.7100,123.7930,146.5310,200.0000,200.0000,200.0000,200.0000,200.0000,162.4560,60.5680,29.7142,17.4839,7.4319
91.057,-0.027599757585772343,1.0,4.203764909839471e-53,5,200.566,-0.125609,-0.0234597,13723.8,0.0,9.3347,19.4261,29.2620,46.5388,72.5125,100.7360,127.1740,165.1200,200.0000,200.0000,200.0000,200.0000,200.0000,188.6570,113.2220,53.2338,28.3725,17.2976,7.5998
91.170,-0.009043888565705881,1.0,7.0652676839672e-54,5,203.197,-0.102517,-0.0142534,13892.0,0.0,9.2246,19.5129,29.8203,48.6390,78.7815,114.3400,150.6510,200.0000,200.0000,200.0000,200.0000,200.0000,189.0510,171.5990,96.9706,49.9944,27.7645,17.2560,7.7263
91.280,-0.0029635014052105035,1.0,1.1874595396443672e-54,5,205.807,-0.0867424,-0.0117381,14059.2,0.0,9.1150,19.3690,29.7223,48.8381,80.0439,117.8180,158.6230,200.0000,200.0000,200.0000,200.0000,192.1980,181.4030,163.8780,94.4058,49.7190,27.8977,17.4260,7.8418
91.388,-0.0009710801404593777,1.0,1.995763248280288e-55,5,208.388,-0.0738846,-0.0110181,14224.8,0.0,9.0135,19.1785,29.4651,48.5198,79.8003,117.9580,200.0000,200.0000,200.0000,200.0000,193.4830,185.7770,175.4180,159.3010,94.5638,50.0935,28.1891,17.6330,7.9464
91.498,-0.00031820354042572894,0.9995263671875,3.3542792913846805e-56,5,210.934,-0.061955,-0.010834,14392.1,0.0,8.9149,18.9752,29.1617,48.0468,79.0931,117.0410,200.0000,200.0000,200.0000,195.2930,187.1840,179.7350,169.8420,155.2380,95.4833,50.6552,28.5261,17.8502,8.0472
91.608,-0.00010426893612670285,0.9995263671875,5.637537205030233e-57,5,213.445,-0.0501596,-0.0108765,14563.4,0.0,8.8155,18.7622,28.8323,47.4979,78.1735,115.6500,200.0000,200.0000,197.4210,188.8510,181.0080,173.8030,164.3640,151.1180,96.7536,51.3119,28.8909,18.0770,8.1488
91.720,-3.416684498999799e-05,1.0,9.475008780494313e-58,5,215.924,-0.0382562,-0.0108822,14733.7,0.0,8.7156,18.5492,28.5048,46.9575,77.2820,114.3270,200.0000,199.6430,190.5680,182.2960,174.7250,167.7700,158.7570,146.6570,97.9755,51.9576,29.2538,18.3038,8.2509
91.830,-1.1195791766322541e-05,1.0,1.5924647257376791e-58,5,218.379,-0.0262182,-0.0108832,14895.2,0.0,8.6145,18.3341,28.1741,46.4127,76.3850,113.0000,200.0000,192.3770,183.6320,175.6610,168.3650,161.6630,153.0540,141.9560,99.2035,52.6084,29.6201,18.5330,8.3542
91.939,-3.6686370459885704e-06,1.0,2.6764554645473172e-59,6,220.32,-0.0140447,-0.0108841,13743.9,0.0,8.5123,18.1166,27.8399,45.8620,75.4785,111.6580,198.2730,185.0300,176.6190,168.9520,161.9350,155.4890,147.2600,137.0570,100.4450,53.2663,29.9905,18.7647,8.4587
92.048,-1.2021389872295349e-06,0.9995263671875,4.4983186992646766e-60,6,220.486,-0.00184957,-0.0109113,13748.1,0.0,8.4097,17.8973,27.5017,45.3011,74.5452,110.3540,190.4180,177.6970,169.6180,162.2540,155.5150,149.3230,141.4490,132.0520,101.7350,53.9385,30.3656,18.9984,8.5635
92.158,-3.9391690333537397e-07,1.0,7.56032423785414e-61,6,222.46,0.0104516,-0.0109094,13864.8,0.0,8.3065,17.6777,27.1643,44.7457,73.6321,198.7710,182.4720,170.2830,162.5420,155.4850,149.0260,143.0930,135.5550,126.8880,102.9660,54.6020,30.7395,19.2324,8.6691
92.268,-1.2907869088493534e-07,1.0,1.2706636946561453e-61,6,224.404,0.022866,-0.0109094,13984.3,0.0,8.2023,17.4559,26.8235,44.1843,72.7084,190.0420,174.4600,162.8050,155.4040,148.6570,142.4820,136.8100,129.6030,121.5950,102.0170,55.2729,31.1171,19.4687,8.7756
92.377,-4.229650542917561e-08,1.0,2.1356044716085835e-62,6,226.322,0.0353897,-0.0109099,14101.5,0.0,8.0971,17.2322,26.4796,43.6177,71.7756,181.2400,166.3790,155.2640,148.2050,141.7710,135.8820,130.4730,123.5990,116.1830,99.3863,55.9501,31.4983,19.7071,8.8830
92.487,-1.3859718899032263e-08,1.0,3.589310435432546e-63,6,228.215,0.0480195,-0.0109108,14218.3,0.0,7.9911,17.0065,26.1328,43.0465,70.8350,172.3620,158.2290,147.6590,140.9460,134.8270,129.2260,124.0820,117.5450,110.6570,95.9655,56.6328,31.8826,19.9475,8.9914
92.597,-4.541552688834891e-09,1.0,6.032554048831481e-64,6,230.085,0.0607548,-0.0109118,14331.9,0.0,7.8842,16.7789,25.7831,42.4703,69.8870,163.4110,150.0120,139.9910,133.6260,127.8250,122.5150,117.6380,111.4410,105.0270,92.0448,57.3215,32.2702,20.1900,9.1006
92.709,-1.4881759850774172e-09,1.0,1.0138913589871069e-64,6,231.931,0.0735942,-0.0109122,14444.1,0.0,7.7764,16.5495,25.4305,41.8894,69.0027,154.3880,141.7280,132.2600,126.2480,120.7660,115.7500,111.1420,105.2870,99.2972,87.7629,58.0158,32.6609,20.4344,9.2108
92.818,-4.87645506790168e-10,1.0,1.7040472070496309e-65,6,233.754,0.0865361,-0.0109132,14554.9,0.0,7.6678,16.3183,25.0752,41.3039,174.6280,145.2930,133.3790,124.4690,118.8100,113.6520,108.9310,104.5940,99.0839,93.4734,83.1990,58.7157,33.0548,20.6808,9.3218
92.929,-1.5979167966500226e-10,1.0,2.863992140888315e-66,6,235.552,0.0995796,-0.0109142,14664.5,0.0,7.5583,16.0852,24.7171,40.7140,163.6120,136.1270,124.9650,116.6160,111.3150,106.4820,102.0590,97.9954,92.8330,87.5763,78.4037,58.6783,33.4517,20.9291,9.4338
93.039,-5.236053759262794e-11,1.0,4.8135115911909914e-67,6,237.327,0.112724,-0.0109151,14772.9,0.0,7.4479,15.8504,24.3562,40.1194,152.5120,126.8910,116.4860,108.7040,103.7620,99.2570,95.1340,91.3467,86.5343,81.6344,73.4116,56.9417,33.8517,21.1794,9.5465
93.149,-1.7157500958352323e-11,1.0,8.090068931314701e-68,6,239.08,0.125969,-0.0109161,14880.0,0.0,7.3368,15.6137,23.9925,39.5265,141.3290,117.5860,107.9450,100.7330,96.1533,91.9787,88.1580,84.6483,80.1890,75.6483,68.2475,54.2710,34.2548,21.4315,9.6602
93.256,-5.622169914032889e-12,1.0,1.3596978852860621e-68,6,240.81,0.13931,-0.010917,14985.9,0.0,7.2248,15.3754,23.6261,41.2285,130.0630,108.2130,99.3400,92.7034,88.4890,84.6469,81.1306,77.9008,73.7970,69.6182,62.9297,50.9941,34.5592,21.6855,9.7746
93.367,-1.842272637430297e-12,1.0,2.2852442358002848e-69,6,242.519,0.152748,-0.0109175,15090.5,0.0,7.1120,15.1353,23.2572,199.7750,118.7170,98.7732,90.6740,84.6163,80.7691,77.2623,74.0529,71.1048,67.3589,63.5449,57.4735,47.2760,33.7482,21.9413,9.8900
93.477,-6.036758978331597e-13,1.0,3.840809987109539e-70,6,244.206,0.166281,-0.0109184,15193.8,0.0,6.9984,14.8935,23.5260,180.5490,107.2910,89.2668,81.9469,76.4720,72.9955,69.8261,66.9258,64.2611,60.8758,57.4289,51.9418,43.2126,31.9841,22.0102,10.0061
93.589,-1.978125182019698e-13,1.0,6.455249345335003e-71,6,245.872,0.179909,-0.0109194,15296.0,0.0,6.8839,14.9015,27.3543,161.1890,95.7867,79.6947,73.1598,68.2721,65.1682,62.3388,59.7492,57.3704,54.3481,51.2707,46.3721,38.8667,29.5606,21.2316,10.1230
93.699,-6.481920596442146e-14,1.0,1.0849337574704538e-71,6,247.513,0.19363,-0.0109203,15406.2,0.0,6.8193,16.3577,109.1860,141.6990,84.2043,70.0580,64.3133,60.0167,57.2880,54.8006,52.5242,50.4332,47.7764,45.0709,40.7646,34.2815,26.6394,19.7569,10.0946
