time,steer,accel,brake,gear,speedX,trackPos,angle,rpm,damage,track_0,track_1,track_2,track_3,track_4,track_5,track_6,track_7,track_8,track_9,track_10,track_11,track_12,track_13,track_14,track_15,track_16,track_17,track_18
0.100,0.0,0.0,0.0,1,-0.00913045,0.333439,0.00822276,5235.99,0.0,5.7030,12.6267,22.4550,140.4860,90.9268,77.3570,71.6721,67.3518,64.5773,62.0267,59.6744,57.4982,54.7119,51.8501,47.2417,40.0655,31.0431,22.7658,11.2227
0.219,0.0,0.0,0.0,1,-0.00913045,0.333439,0.00822276,5235.99,0.0,5.7030,12.6267,22.4550,140.4860,90.9268,77.3570,71.6721,67.3518,64.5773,62.0267,59.6744,57.4982,54.7119,51.8501,47.2417,40.0655,31.0431,22.7658,11.2227
0.339,0.0,0.0,0.0,1,-0.00913045,0.333439,0.00822276,5235.99,0.0,5.7030,12.6267,22.4550,140.4860,90.9268,77.3570,71.6721,67.3518,64.5773,62.0267,59.6744,57.4982,54.7119,51.8501,47.2417,40.0655,31.0431,22.7658,11.2227
0.440,0.0,0.0,0.0,1,-0.00913045,0.333439,0.00822276,5235.99,0.0,5.7030,12.6267,22.4550,140.4860,90.9268,77.3570,71.6721,67.3518,64.5773,62.0267,59.6744,57.4982,54.7119,51.8501,47.2417,40.0655,31.0431,22.7658,11.2227
0.561,0.0,0.0,0.0,1,-0.00913045,0.333439,0.00822276,5235.99,0.0,5.7030,12.6267,22.4550,140.4860,90.9268,77.3570,71.6721,67.3518,64.5773,62.0267,59.6744,57.4982,54.7119,51.8501,47.2417,40.0655,31.0431,22.7658,11.2227
0.661,0.0,0.0,0.0,1,-0.00913045,0.333439,0.00822276,5235.99,0.0,5.7030,12.6267,22.4550,140.4860,90.9268,77.3570,71.6721,67.3518,64.5773,62.0267,59.6744,57.4982,54.7119,51.8501,47.2417,40.0655,31.0431,22.7658,11.2227
0.781,0.0,0.0,0.0,1,-0.00913045,0.333439,0.00822276,5235.99,0.0,5.7030,12.6267,22.4550,140.4860,90.9268,77.3570,71.6721,67.3518,64.5773,62.0267,59.6744,57.4982,54.7119,51.8501,47.2417,40.0655,31.0431,22.7658,11.2227
0.901,0.0,0.0,0.0,1,-0.00913045,0.333439,0.00822276,5235.99,0.0,5.7030,12.6267,22.4550,140.4860,90.9268,77.3570,71.6721,67.3518,64.5773,62.0267,59.6744,57.4982,54.7119,51.8501,47.2417,40.0655,31.0431,22.7658,11.2227
1.001,0.0,0.0,0.0,1,-0.0164475,0.33345,0.00871628,5235.99,0.0,5.7058,12.6460,22.5471,139.7670,90.6271,77.1409,71.4869,67.1886,64.4275,61.8889,59.5470,57.3803,54.6054,51.7547,47.1630,40.0057,31.0007,22.7402,11.2174
1.119,0.0,0.732810502734375,0.0,1,1.73001,0.333402,0.00873154,5235.99,0.0,5.7063,12.6482,22.5629,139.7080,90.5938,77.1140,71.4624,67.1662,64.4061,61.8686,59.5277,57.3618,54.5879,51.7382,47.1484,39.9938,30.9928,22.7360,11.2168
1.221,0.0,0.9307792068641249,0.0,1,5.59927,0.333254,0.00876444,5235.99,0.0,5.7078,12.6571,22.6486,139.4300,90.4248,76.9725,71.3325,67.0448,64.2900,61.7573,59.4211,57.2594,54.4910,51.6467,47.0655,39.9263,30.9491,22.7138,11.2152
1.343,0.0,1.0,0.0,1,10.6173,0.332853,0.00876826,5235.99,0.0,5.7112,12.6792,22.8733,138.8030,90.0195,76.6279,71.0130,66.7444,64.0023,61.4810,59.1552,57.0032,54.2471,51.4158,46.8550,39.7545,30.8380,22.6576,11.2118
1.463,0.0,1.0,0.0,1,15.662,0.33221,0.00876349,5235.99,0.0,5.7167,12.7182,23.2614,137.8190,89.3796,76.0827,70.5079,66.2694,63.5467,61.0434,58.7340,56.5972,53.8608,51.0495,46.5213,39.4812,30.6608,22.5670,11.2064
1.586,0.0,1.0,0.0,1,20.8396,0.331303,0.00875824,5487.9,0.0,5.7244,12.7821,23.8875,136.4260,88.4750,75.3122,69.7936,65.5982,62.9028,60.4249,58.1389,56.0238,53.3150,50.5320,46.0496,39.0940,30.4082,22.4358,11.1988
1.705,0.0,1.0,0.0,1,26.2092,0.330158,0.00875014,12657.5,0.0,5.7342,12.8784,24.8471,134.6680,87.3321,74.3390,68.8911,64.7499,62.0895,59.6435,57.3869,55.2989,52.6253,49.8782,45.4537,38.6032,30.0853,22.2646,11.1893
1.806,0.0,1.0,0.0,2,30.9799,0.328994,0.00873917,7369.21,0.0,5.7441,12.9948,26.0958,132.8870,86.1733,73.3517,67.9762,63.8895,61.2643,58.8506,56.6240,54.5637,51.9254,49.2147,44.8489,38.1034,29.7535,22.0847,11.1763
1.924,0.0,1.0,0.0,2,36.4876,0.327351,0.00872868,10494.0,0.0,5.7581,13.1941,28.7867,130.3610,84.5315,71.9535,66.6801,62.6714,60.0959,57.7281,55.5437,53.5229,50.9347,48.2756,43.9929,37.3928,29.2772,21.8202,11.1488
2.026,0.0,1.0,0.0,2,41.4324,0.325739,0.00871819,13891.6,0.0,5.7718,13.4328,200.0000,127.8790,82.9192,70.5803,65.4073,61.4744,58.9482,56.6257,54.4829,52.5005,49.9614,47.3533,43.1521,36.6914,28.8018,21.5492,11.1116
2.126,0.0,1.0,0.0,3,46.1978,0.323963,0.00869959,8061.23,0.0,5.7887,13.7503,200.0000,125.1490,81.1437,69.0677,64.0049,60.1561,57.6840,55.4109,53.3139,51.3739,48.8893,46.3369,42.2257,35.9145,28.2693,21.2383,11.0591
2.226,0.0,1.0,0.0,3,50.6806,0.322004,0.0086748,8045.13,0.0,5.8225,14.1754,200.0000,122.1390,79.1842,67.3982,62.4571,58.7011,56.2882,54.0699,52.0237,50.1301,47.7055,45.2145,41.2026,35.0519,27.6714,20.8806,10.9873
2.348,0.0,1.0,0.0,3,55.9922,0.319422,0.00868719,7976.03,0.0,5.8959,14.8795,200.0000,118.1020,76.5710,65.1749,60.3970,56.7649,54.4319,52.2870,50.3081,48.4772,46.1328,43.7240,39.8445,33.9004,26.8628,20.3837,10.8702
2.464,0.0,1.0,0.0,2,59.7521,0.314601,0.0188513,8431.88,0.0,6.0204,15.8859,200.0000,113.6850,73.7076,62.7376,58.1387,54.6426,52.3967,50.3319,48.4272,46.6649,44.4079,42.0892,38.3548,32.6331,25.9545,19.8070,10.7103
2.565,0.0,1.0,0.0,2,63.9915,0.307592,0.030091,12539.9,0.0,6.1597,17.0035,200.0000,109.8750,71.2224,60.6186,56.1737,52.7947,50.6241,48.6286,46.7879,45.0847,42.9038,40.6631,37.0544,31.5256,25.1470,19.2836,10.5509
2.667,0.0,1.0,0.0,2,68.8719,0.296443,0.0420734,15898.0,0.0,6.3470,18.5438,200.0000,105.8880,68.5947,58.3719,54.0878,50.8314,48.7398,46.8172,45.0434,43.4026,41.3016,39.1432,35.6671,30.3425,24.2678,18.7009,10.3566
2.787,0.0,1.0,0.0,3,74.6674,0.276469,0.0573056,9011.41,0.0,6.6491,21.3113,200.0000,100.9880,65.3009,55.5412,51.4539,48.3485,46.3542,44.5211,42.8308,41.2670,39.2655,37.2094,33.8992,28.8306,23.1190,17.9212,10.0719
2.907,-0.018154491027099606,1.0,0.0,3,80.2837,0.247965,0.0739508,9493.16,0.0,7.0590,25.8643,200.0000,95.4280,61.6327,52.4042,48.5409,45.6064,43.7224,41.9908,40.3944,38.9176,37.0271,35.0859,31.9609,27.1775,21.8362,17.0307,9.7194
3.009,-0.06836949815370551,1.0,0.0,3,85.2005,0.21328,0.105184,10045.0,0.0,7.6978,35.2674,197.8660,77.2201,52.5222,45.3189,42.2408,39.8772,38.3479,36.9344,35.6240,34.4059,32.8382,31.2182,28.5890,24.5120,19.8914,15.7061,9.2280
3.120,-0.08802568267656968,1.0,0.0,3,90.4857,0.160372,0.161508,10357.3,0.0,8.9278,68.5105,127.1010,52.9969,39.3603,34.9042,32.9251,31.3737,30.3548,29.4022,28.5096,27.6717,26.5813,25.4403,23.5570,20.5566,17.0260,13.7377,8.4835
3.229,-0.10691209566409018,1.0,0.0,3,95.3223,0.0822042,0.247716,10972.8,0.0,11.3851,197.5230,55.0674,33.1130,26.7959,24.4847,23.4142,22.5548,21.9806,21.4365,20.9202,20.4297,19.7830,19.0955,17.9364,16.0247,13.6456,11.3447,7.5061
3.339,0.2597292973974784,1.0,0.0,3,99.9262,-0.0288569,0.328661,11607.2,0.0,15.3914,89.4510,32.6796,22.6196,19.1498,17.8021,17.1627,16.6424,16.2911,15.9555,15.6346,15.3275,14.9192,14.4809,13.7318,12.4672,10.8397,9.2290,6.4640
3.450,0.2920110001059948,0.6753857421875,0.0,3,105.363,-0.160441,0.273849,10870.0,0.0,15.2387,193.2310,44.8624,25.8540,20.6705,18.8041,17.9449,17.2577,16.7997,16.3665,15.9564,15.5674,15.0556,14.5129,13.6009,12.1049,10.2839,8.5771,5.7484
3.559,0.09568616451473237,0.22131040000000005,0.0,3,107.158,-0.2935,0.217852,9882.04,0.0,15.0617,94.7079,105.4100,33.7824,24.0550,21.0456,19.7343,18.7169,18.0536,17.4371,16.8625,16.3258,15.6313,14.9092,13.7274,11.8706,9.7366,7.8611,5.0003
3.669,0.033383829822269534,0.07251899187200002,0.0,3,106.839,-0.415571,0.214035,9742.57,0.0,15.9876,80.5906,165.4720,33.8897,22.5922,19.3807,18.0195,16.9788,16.3075,15.6884,15.1158,14.5845,13.9022,13.1990,12.0614,10.3066,8.3374,6.6466,4.1503
3.780,0.013232692698192527,0.023763023256616965,0.0,3,106.039,-0.534702,0.215226,9640.11,0.0,17.0593,79.2964,168.7630,30.0455,19.2669,16.3500,15.1323,14.2086,13.6161,13.0721,12.5708,12.1074,11.5146,10.9064,9.9283,8.4335,6.7759,5.3689,3.3164
3.889,0.004336088743343727,0.13973759519510326,0.0,3,105.271,-0.649558,0.211231,9641.27,0.0,18.2226,82.4156,165.5620,23.6411,14.9180,12.6047,11.6449,10.9190,10.4545,10.0287,9.6369,9.2752,8.8133,8.3401,7.5810,6.4250,5.1489,4.0704,2.5042
4.000,0.0014208495594188724,0.44320206870915646,0.0,3,106.195,-0.76245,0.210324,9911.92,0.0,19.4425,87.4005,159.5780,16.1898,10.1771,8.5903,7.9328,7.4359,7.1181,6.8269,6.5590,6.3119,5.9963,5.6731,5.1550,4.3667,3.4973,2.7633,1.6985
4.111,-0.0032821302883422826,0.5645455378589913,0.0,3,108.3,-0.876656,0.211003,10199.0,0.0,20.7241,93.5855,150.6630,8.3422,5.2591,4.4425,4.1037,3.8476,3.6837,3.5335,3.3953,3.2678,3.1049,2.9380,2.6704,2.2629,1.8132,1.4332,0.8815
4.219,0.10550354273153786,0.6043540474706343,0.0,3,110.796,-0.991308,0.198615,10468.9,0.0,21.5788,90.1005,155.5860,0.6829,0.4060,0.3379,0.3102,0.2895,0.2763,0.2643,0.2533,0.2433,0.2305,0.2174,0.1966,0.1654,0.1314,0.1031,0.0626
4.330,0.17876933216646954,0.6133612909158025,0.0,3,113.132,-1.09456,0.154494,10770.9,0.0,-1.0000,-1.0000,-1.0000,-1.0000,-1.0000,-1.0000,-1.0000,-1.0000,-1.0000,-1.0000,-1.0000,-1.0000,-1.0000,-1.0000,-1.0000,-1.0000,-1.0000,-1.0000,-1.0000
4.440,0.19943301473296496,0.6039707610104151,0.0,3,115.257,-1.17721,0.103962,11016.5,0.0,-1.0000,-1.0000,-1.0000,-1.0000,-1.0000,-1.0000,-1.0000,-1.0000,-1.0000,-1.0000,-1.0000,-1.0000,-1.0000,-1.0000,-1.0000,-1.0000,-1.0000,-1.0000,-1.0000
4.550,0.4424417777836979,0.4480640042022678,0.0,3,116.748,-1.23268,0.0435937,10966.5,0.0,-1.0000,-1.0000,-1.0000,-1.0000,-1.0000,-1.0000,-1.0000,-1.0000,-1.0000,-1.0000,-1.0000,-1.0000,-1.0000,-1.0000,-1.0000,-1.0000,-1.0000,-1.0000,-1.0000
4.661,0.25388785289433713,0.1468216128969991,0.0,3,116.247,-1.25309,-0.0307242,10663.1,0.0,-1.0000,-1.0000,-1.0000,-1.0000,-1.0000,-1.0000,-1.0000,-1.0000,-1.0000,-1.0000,-1.0000,-1.0000,-1.0000,-1.0000,-1.0000,-1.0000,-1.0000,-1.0000,-1.0000
4.770,0.0831939716364164,0.048110506114088666,0.0,3,114.949,-1.23678,-0.0957875,10450.0,0.0,-1.0000,-1.0000,-1.0000,-1.0000,-1.0000,-1.0000,-1.0000,-1.0000,-1.0000,-1.0000,-1.0000,-1.0000,-1.0000,-1.0000,-1.0000,-1.0000,-1.0000,-1.0000,-1.0000
4.878,0.024735970816250605,0.04964668658096457,0.0,3,113.604,-1.18933,-0.127624,10336.5,0.0,-1.0000,-1.0000,-1.0000,-1.0000,-1.0000,-1.0000,-1.0000,-1.0000,-1.0000,-1.0000,-1.0000,-1.0000,-1.0000,-1.0000,-1.0000,-1.0000,-1.0000,-1.0000,-1.0000
4.989,-0.06253719643897007,0.49943525360260044,0.0,3,113.848,-1.12459,-0.117485,10683.3,0.0,-1.0000,-1.0000,-1.0000,-1.0000,-1.0000,-1.0000,-1.0000,-1.0000,-1.0000,-1.0000,-1.0000,-1.0000,-1.0000,-1.0000,-1.0000,-1.0000,-1.0000,-1.0000,-1.0000
5.100,-0.020492188529121713,0.835305871634875,0.0,3,116.742,-1.06087,-0.0994007,11313.0,0.0,-1.0000,-1.0000,-1.0000,-1.0000,-1.0000,-1.0000,-1.0000,-1.0000,-1.0000,-1.0000,-1.0000,-1.0000,-1.0000,-1.0000,-1.0000,-1.0000,-1.0000,-1.0000,-1.0000
5.209,-0.024004663724761666,0.9499011100485657,0.0,3,121.041,-1.00071,-0.0854211,11828.9,0.0,-1.0000,-1.0000,-1.0000,-1.0000,-1.0000,-1.0000,-1.0000,-1.0000,-1.0000,-1.0000,-1.0000,-1.0000,-1.0000,-1.0000,-1.0000,-1.0000,-1.0000,-1.0000,-1.0000
5.320,-0.02201291772789396,0.989260214881339,0.0,3,125.704,-0.946735,-0.0714676,12458.2,0.0,15.4545,29.7777,42.1330,60.6987,82.9508,101.7040,158.9100,153.5370,149.9290,146.4980,143.2310,140.0650,135.3200,129.1730,112.1520,6.3056,2.3237,1.2425,0.4881
5.429,-0.013934320020558322,1.0,0.0,3,130.616,-0.898972,-0.0596884,12900.4,0.0,15.2318,29.8744,42.8515,62.9978,88.2286,155.6570,149.6310,144.7520,141.4690,138.3420,135.2430,131.9460,126.8830,120.1120,59.8707,9.7074,4.0630,2.2569,0.9134
5.539,-0.011924513266135767,1.0,0.0,3,135.552,-0.856913,-0.05132,13311.0,0.0,15.0064,29.8186,43.2151,64.5419,92.2025,147.5430,141.9770,137.4620,134.4210,131.4240,128.2510,124.8530,119.5760,112.2990,46.4262,12.1271,5.4523,3.1034,1.2816
5.652,-0.011445334581922371,1.0,0.0,3,140.462,-0.81975,-0.0442092,13743.6,0.0,14.8014,29.7477,43.5108,65.9267,150.9580,140.0300,134.8610,130.6610,127.7710,124.7410,121.5170,118.0440,112.5910,104.8090,42.2442,13.8859,6.5753,3.8153,1.6018
5.760,-0.011283511261082834,1.0,0.0,3,145.362,-0.786835,-0.0378321,14168.0,0.0,14.6193,29.6901,43.8022,67.2909,142.9740,132.8250,128.0140,124.0770,121.1900,118.1370,114.8790,111.3520,105.7500,97.4264,39.9988,15.1825,7.4897,4.4168,1.8813
5.870,-0.01113405701919334,1.0,0.0,3,150.239,-0.757904,-0.0317094,14600.2,0.0,14.4650,29.6792,44.1650,68.8134,135.1280,125.7120,121.2400,117.4170,114.5230,111.4570,108.1740,104.6020,98.8563,89.8386,38.1308,16.0789,8.2161,4.9169,2.1226
5.980,-0.1428440231775555,1.0,0.0,3,155.026,-0.735336,-0.0102335,15063.2,0.0,14.5764,31.0596,47.7811,78.9734,122.0010,113.9440,109.5240,105.3300,102.0820,98.5449,94.5864,89.9247,79.5653,47.5538,26.6689,14.2158,8.0245,5.0273,2.2691
6.090,-0.09506517810282136,1.0,0.0,4,155.645,-0.73824,0.0507701,12179.5,0.0,15.5591,37.6290,66.0072,113.5770,96.9626,85.3406,73.7249,47.1489,37.3667,30.9481,26.4130,23.0387,19.5455,16.6614,13.0563,9.1268,6.1044,4.2091,2.1164
6.200,-0.031150957560732502,1.0,0.0,4,159.135,-0.775473,0.0868161,12324.2,0.0,16.5640,43.9548,124.1150,96.5860,72.0074,31.2065,23.5871,19.4376,17.2691,15.5369,14.1216,12.9435,11.5912,10.3565,8.6362,6.4933,4.6145,3.3155,1.7593
6.310,-0.010207545773500826,1.0,0.0,4,162.674,-0.839054,0.095019,12550.4,0.0,17.3270,47.0763,113.4160,86.9418,38.3156,18.8009,14.7879,12.4623,11.2047,10.1783,9.3248,8.6040,7.7647,6.9871,5.8852,4.4813,3.2213,2.3336,1.2525
6.419,-0.003344808599060751,1.0,0.0,4,166.19,-0.915659,0.0975446,12796.2,0.0,18.1041,49.5565,104.6220,78.4430,18.2503,9.3911,7.4614,6.3251,5.7050,5.1960,4.7708,4.4102,3.9886,3.5964,3.0379,2.3218,1.6746,1.2161,0.6550
6.528,-0.001096026881740227,1.0,0.0,4,169.674,-0.998014,0.0983,13050.7,0.0,18.8998,51.8512,96.2285,69.7703,0.4184,0.2181,0.1738,0.1476,0.1332,0.1214,0.1116,0.1032,0.0934,0.0842,0.0712,0.0545,0.0393,0.0286,0.0154
6.639,-0.00035914608860863765,1.0,0.0,4,172.952,-1.0834,0.0994637,13388.9,0.0,-1.0000,-1.0000,-1.0000,-1.0000,-1.0000,-1.0000,-1.0000,-1.0000,-1.0000,-1.0000,-1.0000,-1.0000,-1.0000,-1.0000,-1.0000,-1.0000,-1.0000,-1.0000,-1.0000
6.751,0.08958298282274722,1.0,0.0,4,176.141,-1.17068,0.0965839,13491.5,0.0,-1.0000,-1.0000,-1.0000,-1.0000,-1.0000,-1.0000,-1.0000,-1.0000,-1.0000,-1.0000,-1.0000,-1.0000,-1.0000,-1.0000,-1.0000,-1.0000,-1.0000,-1.0000,-1.0000
6.859,0.2491733443729578,1.0,0.0,4,178.693,-1.24324,0.0370316,13972.4,0.0,-1.0000,-1.0000,-1.0000,-1.0000,-1.0000,-1.0000,-1.0000,-1.0000,-1.0000,-1.0000,-1.0000,-1.0000,-1.0000,-1.0000,-1.0000,-1.0000,-1.0000,-1.0000,-1.0000
6.968,0.2894199236249995,1.0,0.0,4,180.897,-1.27578,-0.0382931,14236.7,0.0,-1.0000,-1.0000,-1.0000,-1.0000,-1.0000,-1.0000,-1.0000,-1.0000,-1.0000,-1.0000,-1.0000,-1.0000,-1.0000,-1.0000,-1.0000,-1.0000,-1.0000,-1.0000,-1.0000
7.079,0.12043060661703983,1.0,0.0,4,183.131,-1.25909,-0.0955213,14394.4,0.0,-1.0000,-1.0000,-1.0000,-1.0000,-1.0000,-1.0000,-1.0000,-1.0000,-1.0000,-1.0000,-1.0000,-1.0000,-1.0000,-1.0000,-1.0000,-1.0000,-1.0000,-1.0000,-1.0000
7.191,0.03946270117627161,1.0,0.0,4,185.895,-1.19464,-0.122043,14548.8,0.0,-1.0000,-1.0000,-1.0000,-1.0000,-1.0000,-1.0000,-1.0000,-1.0000,-1.0000,-1.0000,-1.0000,-1.0000,-1.0000,-1.0000,-1.0000,-1.0000,-1.0000,-1.0000,-1.0000
7.300,0.012931137921440683,1.0,0.0,4,189.074,-1.0949,-0.124319,14450.5,0.0,-1.0000,-1.0000,-1.0000,-1.0000,-1.0000,-1.0000,-1.0000,-1.0000,-1.0000,-1.0000,-1.0000,-1.0000,-1.0000,-1.0000,-1.0000,-1.0000,-1.0000,-1.0000,-1.0000
7.410,0.2500262585380977,1.0,0.0,4,191.859,-0.970672,-0.16518,14779.3,0.0,14.5310,28.6419,198.7970,82.6021,61.3084,54.3557,51.2689,48.8495,47.2488,45.6599,44.0654,42.4655,40.2161,37.6310,32.7384,22.7005,3.9772,1.0622,0.3028
7.520,0.2866007523880763,1.0,0.0,5,193.717,-0.798869,-0.248739,13495.2,0.0,12.6843,22.9441,57.6894,164.2830,91.3961,74.8609,68.2901,63.4288,60.3648,57.5876,55.0585,52.7461,49.8230,46.8635,42.1874,34.0098,21.7544,10.3720,2.3604
7.629,0.09391333454252485,1.0,0.0,5,193.618,-0.578033,-0.275113,13400.9,0.0,11.0584,19.4003,29.9803,200.0000,179.4960,120.4890,102.5380,90.7260,83.8351,77.9224,72.7944,68.3043,62.8822,57.6618,49.9182,39.4161,28.1941,17.0054,4.9749
7.739,0.030773521462894544,1.0,0.0,5,196.16,-0.355246,-0.233122,13418.9,0.0,9.7423,17.8583,29.8400,147.7500,200.0000,154.8410,124.1980,105.8810,95.7970,87.4733,80.4861,74.5378,67.5567,61.0348,51.7038,39.6623,28.6529,19.1535,7.0069
7.849,0.010083867512961284,1.0,0.0,5,198.75,-0.162374,-0.170887,13594.4,0.0,8.7286,17.5656,34.1674,144.0270,200.0000,157.4750,123.9070,104.4420,93.9132,85.3184,78.1704,72.1326,65.1013,58.5855,49.3508,37.5836,27.0194,19.1745,8.2865
7.959,-0.0006584094456965946,1.0,0.0,5,201.313,-0.025739,-0.103562,13805.4,0.0,8.1373,18.9780,38.5816,153.0180,200.0000,152.7270,118.9970,99.7394,89.4116,81.0276,74.0864,68.2452,61.4684,55.2127,46.3861,35.2061,25.2321,18.2386,8.8682
8.070,-0.07687321102191587,1.0,0.0,5,203.857,0.0383746,-0.00989908,14000.9,0.0,8.3798,23.7199,54.0670,200.0000,152.7470,96.7769,80.9738,70.8605,65.0619,60.1449,55.9228,52.2583,47.8727,43.6904,37.5583,29.3756,21.6518,15.9806,8.6074
8.179,-0.025189813787661396,1.0,0.0,5,206.297,0.00924555,0.0864026,14289.5,0.0,9.6697,30.3977,82.4948,200.0000,89.6208,65.0019,56.7089,51.0214,47.6146,44.6376,42.0138,39.6842,36.8301,34.0384,29.8168,23.9318,18.0945,13.6225,7.7356
8.290,-0.008254198181940887,1.0,0.0,5,209.024,-0.110544,0.144874,14372.3,0.0,11.1497,35.8906,103.2740,191.3990,71.1653,52.8033,46.4269,41.9962,39.3195,36.9662,34.8812,33.0212,30.7309,28.4788,25.0501,20.2237,15.3820,11.6355,6.6561
8.399,-0.0027047356602583894,1.0,0.0,5,211.725,-0.262206,0.147077,14427.9,0.0,12.7100,41.2732,121.5170,177.2900,57.3514,42.8705,37.7915,34.2468,32.0992,30.2071,28.5278,27.0273,25.1766,23.3533,20.5711,16.6415,12.6837,9.6105,5.5121
8.510,-0.000886287781153469,1.0,0.0,5,214.252,-0.420243,0.147373,14627.6,0.0,14.3071,46.5147,137.3830,138.0540,44.8949,33.5918,29.6221,26.8501,25.1699,23.6894,22.3749,21.2002,19.7510,18.3229,16.1430,13.0628,9.9589,7.5476,4.3305
8.620,-0.0002904187801283687,1.0,0.0,5,216.788,-0.581267,0.14754,14793.2,0.0,15.9328,51.8350,153.3720,99.0525,32.3560,24.2229,21.3645,19.3678,18.1574,17.0905,16.1432,15.2966,14.2519,13.2224,11.6506,9.4290,7.1897,5.4496,3.1273
8.731,-9.516442587246387e-05,1.0,0.0,5,219.293,-0.744431,0.147496,14959.2,0.0,17.5758,57.1700,186.4060,60.5610,19.7593,14.7905,13.0445,11.8249,11.0857,10.4341,9.8556,9.3386,8.7007,8.0720,7.1122,5.7558,4.3887,3.3264,1.9088
8.840,-3.118347906988896e-05,1.0,0.0,6,219.581,-0.909043,0.147471,13408.0,0.0,19.2337,62.5565,178.3130,21.5747,7.0346,5.2652,4.6435,4.2093,3.9461,3.7141,3.5082,3.3241,3.0970,2.8732,2.5315,2.0487,1.5620,1.1839,0.6793
8.950,0.1314981243845471,1.0,0.0,6,221.223,-1.07029,0.130472,13827.5,0.0,-1.0000,-1.0000,-1.0000,-1.0000,-1.0000,-1.0000,-1.0000,-1.0000,-1.0000,-1.0000,-1.0000,-1.0000,-1.0000,-1.0000,-1.0000,-1.0000,-1.0000,-1.0000,-1.0000
9.052,0.2570443388063284,1.0,0.0,6,222.249,-1.19882,0.0762351,13969.5,0.0,-1.0000,-1.0000,-1.0000,-1.0000,-1.0000,-1.0000,-1.0000,-1.0000,-1.0000,-1.0000,-1.0000,-1.0000,-1.0000,-1.0000,-1.0000,-1.0000,-1.0000,-1.0000,-1.0000
9.171,0.3167819352915661,1.0,0.0,6,222.849,-1.29782,0.0156973,14274.4,0.0,-1.0000,-1.0000,-1.0000,-1.0000,-1.0000,-1.0000,-1.0000,-1.0000,-1.0000,-1.0000,-1.0000,-1.0000,-1.0000,-1.0000,-1.0000,-1.0000,-1.0000,-1.0000,-1.0000
9.273,0.17153265071034038,1.0,0.0,6,223.062,-1.34536,-0.0228393,14569.0,0.0,-1.0000,-1.0000,-1.0000,-1.0000,-1.0000,-1.0000,-1.0000,-1.0000,-1.0000,-1.0000,-1.0000,-1.0000,-1.0000,-1.0000,-1.0000,-1.0000,-1.0000,-1.0000,-1.0000
9.373,0.04784208364492057,1.0,0.0,6,223.477,-1.36156,-0.0636464,14594.2,0.0,-1.0000,-1.0000,-1.0000,-1.0000,-1.0000,-1.0000,-1.0000,-1.0000,-1.0000,-1.0000,-1.0000,-1.0000,-1.0000,-1.0000,-1.0000,-1.0000,-1.0000,-1.0000,-1.0000
9.473,-0.05653224190570743,1.0,0.0,6,224.327,-1.34841,-0.077104,14744.4,0.0,-1.0000,-1.0000,-1.0000,-1.0000,-1.0000,-1.0000,-1.0000,-1.0000,-1.0000,-1.0000,-1.0000,-1.0000,-1.0000,-1.0000,-1.0000,-1.0000,-1.0000,-1.0000,-1.0000
9.592,0.2287892457410702,1.0,0.0,6,225.827,-1.30028,-0.0839365,14497.8,0.0,-1.0000,-1.0000,-1.0000,-1.0000,-1.0000,-1.0000,-1.0000,-1.0000,-1.0000,-1.0000,-1.0000,-1.0000,-1.0000,-1.0000,-1.0000,-1.0000,-1.0000,-1.0000,-1.0000
9.692,0.14248988193843387,1.0,0.0,6,226.336,-1.22594,-0.145745,14515.6,0.0,-1.0000,-1.0000,-1.0000,-1.0000,-1.0000,-1.0000,-1.0000,-1.0000,-1.0000,-1.0000,-1.0000,-1.0000,-1.0000,-1.0000,-1.0000,-1.0000,-1.0000,-1.0000,-1.0000
9.813,0.037352867610868805,1.0,0.0,6,227.898,-1.08497,-0.166296,14405.9,0.0,-1.0000,-1.0000,-1.0000,-1.0000,-1.0000,-1.0000,-1.0000,-1.0000,-1.0000,-1.0000,-1.0000,-1.0000,-1.0000,-1.0000,-1.0000,-1.0000,-1.0000,-1.0000,-1.0000
9.930,-0.17118859285987265,1.0,0.0,6,229.949,-0.901035,-0.133534,14416.9,0.0,14.3483,25.4289,33.9179,45.0964,56.4807,64.7190,70.2002,75.8319,80.4493,115.0120,113.9860,112.9150,111.3320,109.3910,105.2800,93.5196,7.8303,3.0174,0.9788
10.031,-0.10088245713932306,1.0,0.0,6,231.201,-0.773758,-0.0653725,14496.3,0.0,14.1563,27.5258,39.2184,57.0805,108.6950,105.6820,103.9170,102.2670,101.0200,99.7087,98.3246,96.8565,94.6303,91.7647,84.6024,23.9114,9.4550,5.1593,2.0586
10.133,-0.03305716355541338,0.9916181640625,0.0,6,232.8,-0.69185,-0.043322,14565.4,0.0,13.7723,27.7192,40.5916,61.6187,99.4693,96.2991,94.4424,92.7035,91.3857,89.9944,88.5172,86.9379,84.5061,81.2674,69.7721,23.4723,11.1814,6.5030,2.7358
10.252,-0.008665737083070287,0.31175795200000006,0.34234771728515623,6,232.184,-0.628273,-0.0373799,14126.2,0.0,13.3276,27.0870,39.9869,61.4919,90.4769,87.4084,85.6259,83.9665,82.7153,81.4003,80.0118,78.5362,76.2854,73.3400,64.8939,26.3351,13.0269,7.6908,3.2790
10.371,-0.002271670981904377,0.081725476569088,0.8379574712356567,6,219.169,-0.579297,-0.0358575,13030.9,0.0,12.9450,26.3762,39.0200,87.2493,82.1459,79.2405,77.5701,76.0272,74.8719,73.6662,72.4031,71.0736,69.0757,66.5335,60.2973,29.2804,14.6152,8.6605,3.7050
10.471,-0.0007443811473504264,0.02677980416215876,0.9031359978778327,6,205.539,-0.543256,-0.0357636,12103.9,0.0,12.6507,25.7805,38.1438,80.6370,75.7227,72.9659,71.3950,69.9539,68.8814,67.7687,66.6109,65.4021,63.6072,61.3715,56.2947,31.7544,15.8588,9.3996,4.0220
10.572,-0.00024391881436378773,0.008775206227856183,0.9151965359743625,6,192.106,-0.510039,-0.0355713,11252.6,0.0,12.3806,25.2382,37.3515,74.4003,69.6800,67.0699,65.5953,64.2516,63.2574,62.2317,61.1711,60.0718,58.4569,56.4801,52.2131,33.9883,16.9935,10.0768,4.3136
10.672,-7.992731709072596e-05,0.0028754595767439143,0.8925298097675197,6,179.063,-0.479268,-0.0352674,10430.2,0.0,12.1318,24.7435,36.6349,68.5335,64.0114,61.5458,60.1648,58.9142,57.9941,57.0499,56.0793,55.0799,53.6256,51.8713,48.2213,35.9968,18.0295,10.6990,4.5830
10.792,-2.095246661143126e-05,0.0007537844752859566,0.8011559346576984,5,164.589,-0.445427,-0.0349607,10696.3,0.0,11.8576,24.1967,37.1667,61.9807,57.7024,55.4080,54.1358,52.9921,52.1562,51.3034,50.4325,49.5424,48.2600,46.7359,43.6686,35.9565,19.1678,11.3829,4.8792
10.916,0.053483292722061364,0.0001976000774893618,0.7279033962929938,5,150.914,-0.414592,-0.034821,9555.34,0.0,11.6062,23.6892,62.0651,55.9291,51.8998,49.7739,48.6067,47.5647,46.8079,46.0400,45.2607,44.4693,43.3393,42.0132,39.4114,33.5307,20.2176,12.0103,5.1498
11.031,0.15217893652450587,5.179967471337125e-05,0.08563710667047444,5,140.843,-0.386274,-0.0352753,9346.87,0.0,11.3690,23.1875,56.2404,50.3512,46.5763,44.6167,43.5511,42.6062,41.9240,41.2354,40.5405,39.8390,38.8452,37.6917,35.4733,30.7636,21.2503,12.6100,5.4015
11.151,0.08358497118235132,1.3578973928061994e-05,0.010075119962674649,4,135.677,-0.355598,-0.0538753,10020.6,0.0,10.9299,22.1700,51.7939,46.2487,42.7767,41.0028,40.0468,39.2049,38.6005,37.9934,37.3838,36.7717,35.9106,34.9209,33.0484,29.2411,22.7106,14.1017,5.7880
11.253,0.06933522015420006,4.449558176747354e-06,0.0016933254121267284,4,134.574,-0.316676,-0.085174,9943.41,0.0,10.3310,21.0482,49.0496,43.8229,40.6070,38.9828,38.1131,37.3504,36.8050,36.2590,35.7127,35.1661,34.4004,33.5251,31.8851,28.6222,23.3111,16.4828,6.3625
11.371,0.18833826622926672,1.1664249786852585e-06,0.00019921804141129754,4,133.202,-0.244909,-0.138674,9839.83,0.0,9.3595,19.2111,46.5606,41.6940,38.7507,37.2801,36.4973,35.8137,35.3264,34.8400,34.3547,33.8704,33.1944,32.4254,30.9950,28.1912,23.7561,18.2752,7.5186
11.493,0.2501553077626869,3.057713096124684e-07,2.3437803353997748e-05,3,131.523,-0.130826,-0.226512,11881.7,0.0,8.0026,15.2465,45.7701,41.2210,38.4969,37.1440,36.4260,35.8002,35.3548,34.9109,34.4685,34.0278,33.4136,32.7161,31.4225,28.9015,24.9454,20.0712,9.5545
11.611,0.2989975668918277,8.015611418705092e-08,2.7574341267944817e-06,3,129.071,0.0346832,-0.332423,11638.9,0.0,6.5611,11.8168,45.6951,41.3899,38.8263,37.5568,36.8843,36.2986,35.8820,35.4670,35.0537,34.6421,34.0691,33.4189,32.2144,29.8709,26.1984,21.6552,11.3527
11.712,0.3293229281801219,2.6265555496812844e-08,4.634419536903486e-07,3,126.823,0.190882,-0.327577,11415.4,0.0,5.5365,9.7553,45.4808,41.3311,38.8702,37.6543,37.0109,36.4509,36.0528,35.6564,35.2618,34.8690,34.3224,33.7026,32.5552,30.3258,26.8367,22.5145,12.4695
11.833,0.2931331502882623,6.885357780156505e-09,5.4523482409715825e-08,3,124.009,0.346299,-0.299157,11149.2,0.0,4.5293,7.9353,13.3063,40.9651,38.6003,37.4351,36.8193,36.2839,35.9035,35.5249,35.1482,34.7735,34.2523,33.6618,32.5701,30.4526,27.1473,23.0566,13.3997
11.951,0.28206618537827016,0.017693849461205228,6.414633182020657e-09,3,121.217,0.467486,-0.26554,10917.5,0.0,3.7536,6.6589,10.4632,40.2912,38.0014,36.8764,36.2828,35.7672,35.4012,35.0371,34.6751,34.3152,33.8150,33.2487,32.2033,30.1806,27.0348,23.1547,13.9480
12.051,0.2767957145167047,0.12620191863832272,1.078107398902212e-09,3,119.302,0.544216,-0.231751,10928.9,0.0,3.2772,5.9751,9.5824,39.4176,37.1818,36.0868,35.5097,35.0090,34.6538,34.3008,33.9501,33.6016,33.1176,32.5702,31.5609,29.6135,26.5975,22.8961,14.1341
12.153,0.2693966567590682,0.2779936220431556,1.8119751053349477e-10,3,118.518,0.601064,-0.182392,11089.2,0.0,2.9668,5.7773,41.5861,37.8376,35.6668,34.6082,34.0517,33.5695,33.2280,32.8889,32.5522,32.2179,31.7543,31.2306,30.2674,28.4168,25.5706,22.1083,13.9969
12.270,0.25121009869198274,0.37438113818188096,2.1317705916755132e-11,3,118.93,0.643567,-0.094817,11145.2,0.0,2.8482,6.7708,38.3460,34.7543,32.7040,31.7125,31.1933,30.7447,30.4276,30.1133,29.8019,29.4933,29.0662,28.5851,27.7035,26.0224,23.4694,20.4130,13.4067
12.372,0.2584701028281057,0.40675005315631374,3.5828668334290353e-12,3,119.78,0.654508,-0.0218142,11183.9,0.0,2.9696,41.4324,35.6199,32.1795,30.2399,29.3085,28.8226,28.4037,28.1082,27.8156,27.5261,27.2398,26.8441,26.3994,25.5873,24.0481,21.7339,18.9977,12.8349
12.473,0.29301060192606915,0.41275629882451087,6.02172428694418e-13,3,120.69,0.639121,0.0330435,11265.1,0.0,3.3135,39.6645,33.5481,30.2157,28.3574,27.4700,27.0083,26.6111,26.3313,26.0546,25.7812,25.5111,25.1382,24.7199,23.9579,22.5209,20.3772,17.8674,12.2993
12.592,0.3622439633506887,0.18635689344905254,7.084498406346957e-14,3,121.048,0.58698,0.0797045,11165.4,0.0,4.0670,38.5592,31.7885,28.3612,26.5622,25.7081,25.2650,24.8845,24.6168,24.3524,24.0915,23.8339,23.4790,23.0816,22.3596,21.0048,19.0001,16.6778,11.6180
12.715,0.39527199726437323,0.04885234147630843,8.334841530083133e-15,3,119.606,0.506696,0.0983484,10869.5,0.0,5.0641,38.5231,31.5274,27.3782,25.4593,24.6068,24.1657,23.7873,23.5214,23.2591,23.0004,22.7454,22.3943,22.0016,21.2898,19.9592,18.0038,15.7595,10.9546
12.833,0.41104741102633313,0.012806348203965395,9.805857711727508e-16,3,117.29,0.40968,0.0916641,10608.4,0.0,6.0981,39.2578,32.8822,28.0210,25.4709,24.3859,23.8508,23.4050,23.0988,22.8022,22.5148,22.2363,21.8604,21.4500,20.7187,19.3563,17.3655,15.1002,10.3355
12.954,0.42562722732618247,0.0033571073435803046,1.1536493539270296e-16,3,114.492,0.304417,0.0755043,10329.2,0.0,7.1228,40.0127,33.9839,29.5756,26.8754,25.5033,24.7670,24.1464,23.7240,23.3178,22.9270,22.5508,22.0471,21.5022,20.5603,18.9403,16.8207,14.4972,9.7070
13.055,0.44119455379495714,0.0011000569343443943,1.9389384691451588e-17,3,111.938,0.214718,0.0592833,10088.2,0.0,7.9408,40.5553,34.6585,30.4503,27.9311,26.6723,26.0025,25.4172,24.9988,24.5803,24.1617,23.7432,23.1577,22.4893,21.2526,19.1431,16.5140,13.9995,9.1757
13.174,0.4630247006479087,0.0002883733249967769,2.2811417195645878e-18,3,108.725,0.108646,0.0381765,9791.96,0.0,8.8446,41.1263,35.2647,31.1678,28.7583,27.5682,26.9385,26.3907,26.0015,25.6135,25.2268,24.8413,24.3041,23.6940,22.5629,20.3526,16.9181,13.6435,8.5434
13.275,0.48253324507962114,9.449417113494386e-05,3.833914888072203e-19,3,105.991,0.0240205,0.019789,9544.8,0.0,9.3269,41.5759,35.6688,31.5959,29.2257,28.0630,27.4502,26.9185,26.5411,26.1655,25.7918,25.4201,24.9034,24.3183,23.2384,21.1456,17.8848,13.9468,8.0343
13.393,0.5040893465664115,2.4771079997998725e-05,4.510562526668067e-20,3,102.711,-0.0703951,-0.00294328,9252.86,0.0,9.3987,42.1451,36.1164,32.0139,29.6505,28.4983,27.8929,27.3687,26.9974,26.6286,26.2622,25.8983,25.3932,24.8226,23.7730,21.7547,18.6492,14.8988,7.6501
13.495,0.5195137098418585,8.11698749374422e-06,7.580902438571021e-21,3,100.191,-0.138983,-0.0470233,9026.97,0.0,9.2404,42.3347,36.1778,32.0300,29.6579,28.5076,27.9049,27.3834,27.0143,26.6479,26.2845,25.9242,25.4250,24.8622,23.8299,21.8524,18.8399,15.2453,7.6752
13.612,0.5533638796268603,2.127819569560085e-06,8.918855909954423e-22,3,97.3051,-0.17735,-0.143699,8775.06,0.0,8.8748,42.5281,36.1836,31.9546,29.5552,28.3981,27.7930,27.2702,26.9007,26.5346,26.1719,25.8128,25.3160,24.7572,23.7338,21.7856,18.8461,15.3841,8.0806
13.713,0.5889592714235113,0.11105782615016654,1.49899211278604e-22,3,94.9226,-0.168144,-0.229198,8725.54,0.0,8.5904,43.1796,36.6215,32.2783,29.8260,28.6472,28.0312,27.4998,27.1246,26.7533,26.3857,26.0221,25.5196,24.9543,23.9207,21.9617,19.0208,15.5845,8.3879
13.816,0.6220164897439576,0.46947658472288656,2.5193560439594978e-23,3,93.7672,-0.126687,-0.2638,9422.25,0.0,8.3380,44.1644,37.3516,32.8609,30.3350,29.1230,28.4906,27.9455,27.5610,27.1806,26.8045,26.4324,25.9182,25.3402,24.2853,22.2914,19.3113,15.8493,8.6510
13.932,0.6316968309294807,0.7139624604505963,2.9639971921579106e-24,3,94.7341,-0.0798629,-0.229877,10116.8,0.0,8.1633,44.8506,37.7575,33.1133,30.5151,29.2722,28.6249,28.0677,27.6751,27.2871,26.9035,26.5243,26.0007,25.4130,24.3427,22.3270,19.3348,15.8903,8.8160
14.055,0.6198131750449607,0.7794494998417362,3.487113056601861e-25,3,96.8358,-0.0443166,-0.19702,10628.3,0.0,8.0746,45.4138,38.0326,33.2324,30.5618,29.2883,28.6264,28.0574,27.6570,27.2614,26.8705,26.4844,25.9519,25.3551,24.2707,22.2356,19.2362,15.8166,8.8899
14.172,0.6034627798340938,0.7576858530458871,4.1025536399615233e-26,3,98.895,-0.0210927,-0.184641,10872.6,0.0,7.9325,47.0941,39.2914,34.2323,31.4244,30.0879,29.3938,28.7974,28.3777,27.9634,27.5544,27.1506,26.5939,25.9704,24.8383,22.7189,19.6078,16.0832,9.0292
14.294,0.5915286932672575,0.723862032682736,4.826613331878333e-27,3,100.382,-0.0083615,-0.188923,11052.6,0.0,7.7561,49.8677,41.4960,36.0719,33.0610,31.6282,30.8843,30.2448,29.7947,29.3503,28.9116,28.4787,27.8825,27.2145,26.0015,23.7324,20.4067,16.6527,9.2244
14.396,0.5864811911636254,0.6908457886038539,8.112089026887916e-28,3,101.145,-0.00374667,-0.200633,11164.7,0.0,7.6095,53.7137,43.8946,38.1045,34.8849,33.3508,32.5543,31.8698,31.3877,30.9116,30.4414,29.9773,29.3379,28.6221,27.3214,24.8871,21.3194,17.2983,9.4136
14.520,0.5854067122807837,0.6689886737202686,9.543791619243366e-29,3,101.601,-0.00262578,-0.217772,11274.8,0.0,7.4604,61.9380,47.4681,40.8752,37.3784,35.7103,34.8429,34.0969,33.5717,33.0530,32.5408,32.0348,31.3372,30.5554,29.1354,26.4742,22.5709,18.1748,9.6465
14.635,0.5678497788602805,0.6622337731337261,1.1228175402123627e-29,3,101.759,-0.00371679,-0.236116,11395.2,0.0,7.3363,17.4651,53.7530,44.2220,40.0990,38.2869,37.3440,36.5329,35.9615,35.3967,34.8385,34.2871,33.5267,32.6746,31.1246,28.2166,23.9437,19.1296,9.8848
14.737,0.40016330844893283,0.6309991514523343,1.887119439834918e-30,3,101.817,-0.00441106,-0.251165,11426.5,0.0,7.2419,15.3606,63.2068,48.8706,43.1512,40.8047,39.6653,38.7253,38.0841,37.4666,36.8684,36.2779,35.4631,34.5492,32.8867,29.7626,25.1644,19.9788,10.0939
14.854,0.3149569647071523,0.5861849880426957,2.2201771497713825e-31,3,101.944,-0.0026207,-0.265724,11241.3,0.0,7.1378,14.0291,88.0826,58.5275,49.2354,45.6568,43.9646,42.5903,41.6638,40.7797,39.9355,39.1283,38.0564,36.9076,34.9481,31.5479,26.5722,20.9563,10.3377
14.974,0.300618719017587,0.5738023536773394,2.6120162149345344e-32,3,102.294,0.00473277,-0.27048,11121.1,0.0,7.0484,13.3729,131.4170,76.2290,59.1639,53.2556,50.5758,48.4503,47.0425,45.7174,44.4684,43.2890,41.7443,40.1157,37.3997,33.0006,27.5834,21.6444,10.5189
15.078,0.29840518069234107,0.5708446314248656,4.390015652440472e-33,3,102.925,0.0168667,-0.265198,11034.0,0.0,6.9759,13.1463,98.9534,146.5230,72.4689,62.7911,58.6311,55.4271,53.3494,51.4256,49.6394,47.9767,45.8332,43.6143,40.0042,34.3847,28.0040,21.9095,10.6109
15.192,0.12135743288881307,0.57147506302899,5.164809514939693e-34,3,104.198,0.0400588,-0.248187,10933.4,0.0,6.8800,13.1640,40.1611,116.0810,142.1920,155.7620,73.4903,67.5138,64.0204,60.8749,58.0285,55.4404,52.1884,48.9180,43.7957,36.2757,28.3436,21.8364,10.6575
15.310,0.03181312288720502,0.5748414827507965,6.076346746231399e-35,3,106.279,0.0737737,-0.216175,10811.0,0.0,6.7822,13.6382,32.2102,96.0400,120.4890,132.8300,139.5680,145.5770,149.9430,74.6298,67.8803,63.8904,59.0950,54.4355,47.4465,37.8169,28.3932,21.2577,10.6134
15.414,0.01042452410767934,0.614293369567781,1.0212515976391114e-35,3,108.535,0.109747,-0.17535,10734.2,0.0,6.7202,14.7599,32.7976,86.9919,110.3190,121.9680,128.3140,133.9700,138.0750,142.2400,146.4700,70.1539,62.6198,57.0009,48.8143,37.9853,27.8616,20.4882,10.4890
15.530,0.029165227722097554,0.8355483933376013,1.201492292106438e-36,3,112.306,0.157653,-0.114645,11076.8,0.0,6.6880,16.6635,34.7133,81.3400,103.2280,114.2300,120.2360,125.5910,129.4820,133.4330,137.4460,141.5260,64.7906,57.6362,48.7192,37.2679,26.9018,19.5484,10.2894
15.636,0.13941376574349257,0.9401036479194901,2.01934809534329e-37,3,116.196,0.192209,-0.0789822,11573.2,0.0,6.6219,16.5024,30.9984,69.9225,91.1243,101.4800,107.1010,112.1020,115.7290,119.4080,123.1420,126.9350,132.3520,138.7070,54.7333,40.1476,27.9248,19.7638,10.2498
15.753,0.06503041861223399,0.9825511666177068,2.375742840690428e-38,3,121.156,0.219337,-0.0560582,12283.2,0.0,6.5300,14.8151,24.2203,45.1154,69.4680,79.2658,84.4181,88.9445,92.2021,95.4884,98.8094,102.1710,106.9520,112.5380,123.4130,52.1227,32.6415,21.6190,10.3607
15.870,0.04645961170237203,0.9936785289593321,2.795037694643882e-39,3,126.339,0.226395,-0.028796,12830.8,0.0,6.4072,13.3045,20.0027,31.7091,49.1450,59.8029,64.8065,69.0666,72.0825,75.0935,78.1109,81.1449,85.4338,90.4131,100.0410,120.7920,40.0656,24.3592,10.6741
15.973,0.040924775300861777,0.9970893459943939,4.697619853387972e-40,3,130.777,0.231495,-0.0583275,13172.1,0.0,6.1717,12.1300,17.4278,25.6851,36.0828,45.2948,50.7296,55.0103,57.9452,60.8252,63.6766,66.5168,70.4984,75.0869,83.8899,102.7110,49.7657,27.3771,11.1165
16.093,0.02767090622296911,0.9987244301413544,5.526702781312415e-41,3,136.007,0.265095,-0.096022,13753.3,0.0,5.7143,10.6323,14.6623,20.3699,26.7115,31.6765,35.1736,38.9415,42.0601,45.0109,47.8125,50.5297,54.2584,58.4812,66.4581,83.2697,115.7000,32.5194,11.9338
16.215,-0.028396929035923484,0.9995263671875,6.502110555186244e-42,3,141.6,0.32683,-0.110591,13953.9,0.0,5.1727,9.4385,12.8388,17.5101,22.5106,26.2933,28.8909,31.6303,33.9314,36.5735,39.2078,41.7400,45.1976,49.1017,56.4685,72.0250,102.2120,36.3140,12.7427
16.331,-0.007444084565193125,1.0,7.649668047071064e-43,3,147.152,0.405833,-0.105045,14257.9,0.0,4.5861,8.4296,11.5250,15.8256,20.4922,24.0665,26.5433,29.1754,31.3964,33.6893,35.9320,38.1534,41.2580,44.8318,51.7058,66.5404,95.9233,38.5412,13.4087
16.433,-0.002439277630322483,1.0,1.285679708671234e-43,3,151.603,0.476934,-0.103156,14712.2,0.0,4.0435,7.4511,10.2052,14.0466,18.2350,21.4572,23.6973,26.0843,28.0515,30.0331,32.0139,34.0064,36.8301,40.1232,46.5467,60.6565,89.1070,44.8899,14.0541
16.553,-0.000639441995123257,1.0,1.5125893204546201e-44,4,156.498,0.565244,-0.103042,12219.2,0.0,3.3611,6.1946,8.4852,11.6809,15.1663,17.8484,19.7134,21.7009,23.2869,24.9093,26.5686,28.2694,30.7208,33.6306,39.4228,52.4847,79.5343,132.1010,14.8923
16.670,-0.0001676258823695911,1.0,1.7795462096216557e-45,4,158.459,0.655045,-0.103146,12226.8,0.0,2.6667,4.9140,6.7304,9.2640,12.0265,14.1518,15.6293,17.1853,18.3917,19.6576,20.9822,22.3684,24.4081,26.8861,31.9542,43.8187,69.3230,120.1590,15.7488
16.771,-0.07748597481663487,1.0,2.9908833145111172e-46,4,161.722,0.730795,-0.0981034,12485.6,0.0,2.0896,3.8771,5.3357,7.3924,9.6646,11.4342,12.6620,13.8759,14.8187,15.8252,16.8995,18.0428,19.7580,21.8890,26.3772,37.3393,61.9077,112.1910,16.3723
16.891,-0.18923975442793067,1.0,3.5187443106891847e-47,4,165.284,0.804872,-0.037144,12842.1,0.0,1.5975,3.2480,4.7964,7.3630,10.3606,12.5393,13.9377,15.3135,16.3881,17.5407,18.7765,20.0955,22.0849,24.5674,29.8324,42.7978,72.0686,134.3430,16.1222
16.992,-0.07615287589769432,1.0,5.913953562975314e-48,4,168.179,0.835056,0.0165259,13135.4,0.0,1.4233,3.1713,4.9414,7.8586,11.2845,13.8256,15.4732,17.0999,18.3746,19.7447,21.2154,22.7860,25.1580,28.1170,34.3859,49.7804,84.3834,159.5750,15.8919
17.102,-0.04467721347493147,1.0,9.939581753292614e-49,4,171.612,0.840598,0.0129091,13307.7,0.0,1.3647,2.9492,4.4904,6.9857,9.9487,12.2114,13.7133,15.2232,16.4243,17.7318,19.1526,20.6885,23.0383,26.0144,32.4397,48.5985,85.5916,160.2150,16.1859
17.212,-0.030187055380615543,1.0,1.6705455052758896e-49,4,175.134,0.854691,-0.0133041,13473.7,0.0,1.2131,2.5162,3.7251,5.6170,7.8514,9.5930,10.7781,11.9956,12.9827,14.0790,15.2917,16.6286,18.7225,21.4474,27.5459,43.6113,81.6326,156.7670,16.7322
17.322,-0.1526831812848951,1.0,2.8076858307171877e-50,4,178.475,0.883525,-0.0232361,13759.3,0.0,0.9641,1.9789,2.9164,4.3969,6.1975,7.6574,8.6829,9.7643,10.6611,11.6776,12.8264,14.1189,16.1931,18.9643,25.3658,42.7489,84.2992,156.2770,17.1122
17.436,-0.15067974504742815,1.0,4.718877575686378e-51,4,181.408,0.911743,0.00710219,14080.8,0.0,0.7530,1.6377,2.5420,4.1676,6.4863,8.6128,10.2036,11.9359,13.3985,15.0648,16.9451,19.0428,22.3448,26.6255,36.0050,59.5300,118.0590,55.0334,16.6958
17.545,-0.06946291354864376,1.0,7.931017541456094e-52,4,184.518,0.92627,0.0210802,14261.9,0.0,0.6384,1.4312,2.2889,3.9659,6.6578,9.3707,11.4852,13.8230,15.8007,18.0408,20.5422,23.2972,27.5579,32.9629,44.4936,72.5484,136.6200,46.8786,16.5121
17.655,-0.06474671973710085,1.0,1.3329661181925257e-52,4,187.812,0.929527,0.0169026,14441.2,0.0,0.6076,1.3527,2.1520,3.7054,6.2162,8.8102,10.8887,13.2407,15.2647,17.5896,20.2173,23.1346,27.6804,33.4827,45.9149,76.2323,136.0620,46.0561,16.5685
17.767,-0.0417949598818032,1.0,2.2403161548461783e-53,4,191.115,0.92907,0.0121447,14661.7,0.0,0.6087,1.3430,2.1200,3.6075,5.9823,8.4462,10.4500,12.7556,14.7723,17.1222,19.8089,22.8272,27.5795,33.6959,46.9036,79.8498,133.8910,45.6059,16.6113
17.877,-0.03090619646401927,1.0,3.7652993614499716e-54,4,194.432,0.931633,0.00223416,14893.0,0.0,0.5809,1.2589,1.9559,3.2443,5.2276,7.2604,8.9335,10.9039,12.6763,14.7976,17.2929,20.1690,24.8177,30.9464,44.4593,79.9744,129.6640,46.7326,16.7787
17.984,-0.11637230417898284,1.0,6.328338636788967e-55,5,196.203,0.939926,0.00261372,13467.4,0.0,0.5107,1.1089,1.7280,2.8868,4.7227,6.6822,8.3544,10.3841,12.2552,14.5330,17.2511,20.4099,25.5363,32.2920,47.1168,94.2291,126.9020,45.6190,16.8128
18.095,-0.15617800869960785,1.0,1.0636038746851215e-55,5,197.155,0.9363,0.0463082,13594.5,0.0,0.5669,1.3469,2.2952,4.5472,9.4471,15.5143,20.4100,25.6689,29.9340,34.5804,39.5738,44.8873,52.8194,63.6117,96.9704,114.7710,78.7032,37.0170,16.0129
18.206,-0.0511764098906875,1.0,1.787599032183284e-56,5,199.589,0.905375,0.0646235,13700.8,0.0,0.8592,2.1243,3.7684,7.9932,17.0553,26.4906,33.1509,39.8371,45.0594,50.6978,57.6772,66.8867,86.1475,95.5409,104.0770,115.3550,60.9689,33.7306,15.4595
18.317,-0.016769485992980483,1.0,3.004417693390445e-57,5,202.252,0.858281,0.0556127,13834.5,0.0,1.2732,3.0683,5.2650,10.2783,19.3236,28.0769,34.2837,40.6020,45.7766,52.3915,61.2468,73.7136,86.8271,92.3910,99.6427,110.0300,59.5120,33.4501,15.1861
18.424,-0.005495025170179846,1.0,5.049524817281321e-58,5,204.908,0.814178,0.0395595,14003.4,0.0,1.6397,3.8021,6.2545,11.2430,19.1665,26.5364,31.8370,37.3737,42.3610,48.8900,57.8026,70.6928,81.1714,86.2954,93.1885,103.2470,60.6507,34.0546,15.0389
18.532,-0.008538284421983282,1.0,8.486736360404719e-59,5,207.535,0.783702,0.0220944,14176.5,0.0,1.8735,4.1856,6.6416,11.2285,17.9121,23.9493,28.3342,33.1327,37.6571,43.6160,51.8211,63.8342,74.3998,79.3919,86.1026,95.9517,62.4320,35.1579,15.0299
18.647,-0.07962148491692049,1.0,1.4263657800932214e-59,5,210.018,0.762477,0.0347602,14365.3,0.0,2.0847,4.7754,7.7487,13.5517,22.2786,30.8700,38.8499,50.2170,62.6050,67.6120,70.8095,73.4162,76.5405,79.6531,84.6916,92.9738,53.8003,32.7423,14.6501
18.752,-0.026090368177576505,0.883909818359375,0.0541168212890625,5,212.149,0.7314,0.0432793,14416.4,0.0,2.3787,5.5400,9.1200,16.2650,28.7200,46.6030,59.7413,64.0992,66.5320,68.6785,70.6313,72.4407,74.7909,77.2751,81.5038,88.8104,47.9373,30.7032,14.2603
18.866,-0.00854929184442827,0.81384427631125,0.5561227141113282,5,209.252,0.697016,0.0327069,14003.1,0.0,2.6525,6.0351,9.7094,17.0334,31.3167,51.1884,56.3368,59.5605,61.5558,63.3860,65.0922,66.7006,68.8209,71.0934,75.0200,81.9385,46.6852,30.2120,14.1102
18.972,-0.002801431951582255,0.39837692996167035,0.8454214822437964,5,199.387,0.672953,0.0173203,13037.9,0.0,2.8174,6.2254,9.8839,17.3224,31.8177,47.0323,50.9155,53.6639,55.4251,57.0682,58.6192,60.0953,62.0585,64.1811,67.8880,74.5209,48.5495,30.1172,14.0620
19.085,-0.0009179732218944732,0.13054015240984013,0.9179812080031368,5,185.839,0.662775,0.00695961,11917.8,0.0,2.8816,6.3432,10.0615,17.6007,32.2129,42.6205,45.7177,48.0708,49.6212,51.0902,52.4931,53.8405,55.6488,57.6219,61.1053,67.4393,76.6653,30.0374,14.0119
19.195,-0.0003008014653503809,0.042775397141656415,0.9304941986139504,5,171.992,0.656461,0.00675696,10825.2,0.0,2.9349,6.4581,10.2397,17.8989,32.2015,38.3967,40.9208,42.9344,44.2927,45.5979,46.8582,48.0800,49.7346,51.5572,54.8122,60.8316,69.7956,29.9406,13.9615
19.305,-0.061368154525678516,0.014016642135377974,0.27123087816173025,4,159.942,0.650705,0.00670117,11699.5,0.0,2.9839,6.5652,10.4085,18.1900,29.9218,34.3865,36.4739,38.1984,39.3846,40.5389,41.6651,42.7666,44.2719,45.9459,48.9714,54.6659,63.3421,30.2596,13.9138
19.415,-0.1310167132887756,0.016828080716795653,0.04558577369264201,4,152.074,0.643837,0.0154807,11236.2,0.0,3.0700,6.8737,11.0871,20.0674,28.3121,31.6652,33.3615,34.8058,35.8178,36.8151,37.7991,38.7707,40.1118,41.6193,44.3811,49.6856,57.9745,68.5330,13.7374
19.526,-0.145990085196291,0.038203420801779596,0.007661600984522342,4,149.937,0.619327,0.0726296,11086.8,0.0,3.4928,8.9186,16.7179,25.9327,31.1895,33.7649,35.1251,36.3078,37.1482,37.9852,38.8187,39.6486,40.8045,42.1170,44.5531,49.3252,56.9633,27.8889,12.8424
19.636,-0.15888480544170502,0.012518496928327138,0.0012876852774686702,3,148.282,0.558617,0.136708,13408.1,0.0,4.3836,13.4968,21.7466,28.6784,33.0306,35.2329,36.4112,37.4436,38.1814,38.9192,39.6571,40.3946,41.4265,42.6042,44.8058,49.1703,56.2697,23.3388,11.7355
19.746,-0.20794434408792106,0.004102061073474236,0.00021642126458415947,3,145.954,0.455634,0.209642,13175.8,0.0,5.9989,17.6213,24.7748,30.8089,34.6667,36.6398,37.7011,38.6339,39.3022,39.9720,40.6431,41.3153,42.2579,43.3367,45.3615,49.4037,56.0484,19.3581,10.4125
19.856,-0.25610405078314985,0.0013441633725560375,3.637392193865968e-05,3,143.383,0.307551,0.293792,12920.1,0.0,8.3256,20.7169,27.3734,32.9173,36.4691,38.2910,39.2728,40.1368,40.7564,41.3779,42.0012,42.6259,43.5028,44.5076,46.3970,50.1824,56.4432,15.7555,8.9384
19.967,-0.29548303505889206,0.0004404554539191624,6.113365060230534e-06,3,140.572,0.116934,0.347758,12648.4,0.0,10.4007,23.2338,29.5808,34.8009,38.1388,39.8515,40.7747,41.5874,42.1705,42.7555,43.3423,43.9307,44.7570,45.7044,47.4875,51.0671,20.8154,12.7438,7.5469
20.076,-0.3181345710858731,0.00014432844314023115,1.0274732656729459e-06,3,137.572,-0.0692412,0.346756,12366.0,0.0,12.2142,25.3201,31.4379,36.4168,39.5908,41.2186,42.0961,42.8687,43.4229,43.9791,44.5371,45.0968,45.8828,46.7842,48.4817,51.8928,14.3131,10.2304,6.2709
20.187,-0.33259595923225094,4.7293544248190944e-05,1.7268743176165207e-07,3,134.468,-0.240793,0.344346,12077.3,0.0,13.7826,26.9964,32.9120,37.6878,40.7257,42.2832,43.1227,43.8618,44.3923,44.9245,45.4585,45.9941,46.7465,47.6095,49.2352,17.3138,10.7570,8.1194,5.1057
20.295,-0.33196926096472396,1.549714857924721e-05,2.9023576656180873e-08,3,131.363,-0.398609,0.338236,11793.5,0.0,15.0981,28.2514,33.9659,38.5569,41.4742,42.9698,43.7761,44.4861,44.9956,45.5069,46.0200,46.5348,47.2580,48.0877,49.6513,10.9898,8.1402,6.3271,4.0458
20.404,-0.22898064230066878,5.078105646447726e-06,4.877992528604319e-09,3,128.412,-0.543528,0.327729,11527.6,0.0,16.1718,29.1222,34.6327,39.0488,41.8549,43.2942,44.0704,44.7541,45.2448,45.7374,46.2318,46.7278,47.4250,12.3895,9.8733,7.7576,6.0332,4.7713,3.0797
20.516,-0.1725341357299386,1.6639936582279905e-06,8.198442042825281e-10,3,125.769,-0.676456,0.309273,11296.9,0.0,16.9645,29.5214,34.8008,39.0339,41.7281,43.1118,43.8586,44.5167,44.9893,45.4638,9.8945,8.9850,8.1414,7.4507,6.5348,5.3800,4.2743,3.4076,2.1989
20.623,-0.11536199844601754,5.452574419281479e-07,1.3779121541376449e-10,3,123.462,-0.798017,0.280768,11106.4,0.0,17.4656,29.4320,34.4421,38.4730,41.0476,42.3730,8.0346,6.7877,6.2520,5.8380,5.4997,5.2137,4.8760,4.5549,4.0783,3.4141,2.7327,2.1794,1.3911
20.737,-0.08462858629535353,0.0037648271074585712,2.3158569574591398e-11,3,121.472,-0.908844,0.246503,10942.6,0.0,17.7776,29.0797,33.8102,37.6341,4.6270,3.4351,3.0822,2.8411,2.6955,2.5669,2.4521,2.3489,2.2202,2.0918,1.8914,1.5965,1.2806,1.0179,0.6389
20.842,-0.09693365227507589,0.19254255112469704,3.892260788401577e-12,3,120.31,-1.00831,0.191513,11050.3,0.0,-1.0000,-1.0000,-1.0000,-1.0000,-1.0000,-1.0000,-1.0000,-1.0000,-1.0000,-1.0000,-1.0000,-1.0000,-1.0000,-1.0000,-1.0000,-1.0000,-1.0000,-1.0000,-1.0000
20.957,-0.2439231905594324,0.4006638509650407,6.54172270706653e-13,3,120.674,-1.08272,0.105304,11551.7,0.0,-1.0000,-1.0000,-1.0000,-1.0000,-1.0000,-1.0000,-1.0000,-1.0000,-1.0000,-1.0000,-1.0000,-1.0000,-1.0000,-1.0000,-1.0000,-1.0000,-1.0000,-1.0000,-1.0000
21.062,-0.37196971126581163,0.5004193334185996,1.0994673353766715e-13,3,121.429,-1.12855,0.108861,11393.8,0.0,-1.0000,-1.0000,-1.0000,-1.0000,-1.0000,-1.0000,-1.0000,-1.0000,-1.0000,-1.0000,-1.0000,-1.0000,-1.0000,-1.0000,-1.0000,-1.0000,-1.0000,-1.0000,-1.0000
21.176,-0.2580638620488155,0.5305939306121067,1.8478747505675717e-14,3,122.42,-1.15956,0.0658624,11774.6,0.0,-1.0000,-1.0000,-1.0000,-1.0000,-1.0000,-1.0000,-1.0000,-1.0000,-1.0000,-1.0000,-1.0000,-1.0000,-1.0000,-1.0000,-1.0000,-1.0000,-1.0000,-1.0000,-1.0000
21.285,-0.16166435346041913,0.5403851676204751,3.1057230932789182e-15,3,123.732,-1.16451,0.0334828,11933.9,0.0,-1.0000,-1.0000,-1.0000,-1.0000,-1.0000,-1.0000,-1.0000,-1.0000,-1.0000,-1.0000,-1.0000,-1.0000,-1.0000,-1.0000,-1.0000,-1.0000,-1.0000,-1.0000,-1.0000
21.393,-0.1446385526662531,0.5435935601633773,5.219788802873879e-16,3,125.242,-1.14318,-0.0168943,12055.6,0.0,-1.0000,-1.0000,-1.0000,-1.0000,-1.0000,-1.0000,-1.0000,-1.0000,-1.0000,-1.0000,-1.0000,-1.0000,-1.0000,-1.0000,-1.0000,-1.0000,-1.0000,-1.0000,-1.0000
21.502,-0.24605746129287195,0.5455122612318355,8.772899040990129e-17,3,126.784,-1.09385,-0.0640769,11955.0,0.0,-1.0000,-1.0000,-1.0000,-1.0000,-1.0000,-1.0000,-1.0000,-1.0000,-1.0000,-1.0000,-1.0000,-1.0000,-1.0000,-1.0000,-1.0000,-1.0000,-1.0000,-1.0000,-1.0000
21.616,0.20536893367329784,0.5502278835416978,1.4744611418192108e-17,3,128.531,-1.01364,-0.129742,11955.0,0.0,-1.0000,-1.0000,-1.0000,-1.0000,-1.0000,-1.0000,-1.0000,-1.0000,-1.0000,-1.0000,-1.0000,-1.0000,-1.0000,-1.0000,-1.0000,-1.0000,-1.0000,-1.0000,-1.0000
21.724,0.018805347119824012,0.5528753877226934,2.4781268410555476e-18,3,130.388,-0.870368,-0.299245,12337.3,0.0,12.3592,17.4068,20.4576,23.6363,26.1740,27.6894,28.5800,29.4125,30.0403,30.6978,31.3872,32.1108,33.1861,34.5133,37.3320,44.7273,67.3579,200.0000,1.7269
21.834,-0.24837888055868615,0.555851125017722,4.164987781762059e-19,3,132.416,-0.657142,-0.344211,12441.9,0.0,10.9957,15.8948,18.9101,22.1120,24.7152,26.2904,27.2234,28.1005,28.7652,29.4643,30.2006,30.9771,32.1381,33.5825,36.6939,45.1501,73.9995,200.0000,4.8175
21.944,-0.14189397364157377,0.5545297790676822,7.000094964807493e-20,3,133.985,-0.444354,-0.261184,12689.4,0.0,10.0103,15.5117,19.1119,23.1693,26.6662,28.8757,30.2197,31.5080,32.5006,33.5605,34.6945,35.9107,37.7690,40.1510,45.5621,62.5427,167.5550,47.3759,6.6607
22.055,-0.016594420055072064,0.5520247379267731,1.1765059607351952e-20,3,135.875,-0.263044,-0.223613,12744.8,0.0,8.9545,14.3763,18.0588,22.3589,26.2012,28.6972,30.2424,31.7430,32.9125,34.1741,35.5392,37.0208,39.3208,42.3343,49.4683,74.8351,200.0000,41.0219,8.3006
22.164,0.022036684307566876,0.5665169700300949,1.977353568207642e-21,3,137.896,-0.100657,-0.225301,12905.2,0.0,7.7950,12.4940,15.6798,19.3935,22.7057,24.8545,26.1835,27.4732,28.4779,29.5611,30.7324,32.0029,33.9735,36.5525,42.6440,64.1500,199.3200,50.8528,10.1569
22.276,0.03689844216856562,0.7063865463644615,3.323338142086584e-22,3,140.372,0.0620317,-0.237684,13263.8,0.0,6.5921,10.4404,13.0161,15.9817,18.5936,20.2715,21.3029,22.2991,23.0719,23.9021,24.7963,25.7619,27.2511,29.1846,33.6826,48.8296,181.0250,67.9406,12.2369
22.384,-0.10621740936097004,0.8423431868720818,5.585534415404922e-23,3,143.798,0.232901,-0.237678,13738.4,0.0,5.3913,8.5386,10.6451,13.0705,15.2067,16.5790,17.4225,18.2373,18.8693,19.5483,20.2796,21.0694,22.2874,23.8687,27.5476,39.9363,163.0110,78.8667,14.2055
22.494,-0.08648640408515267,0.9052318143023688,9.387607691971053e-24,3,147.644,0.395418,-0.184977,14315.3,0.0,4.3964,7.3443,9.4400,11.9979,14.3924,16.0066,17.0302,18.0427,18.8446,19.7228,20.6884,21.7552,23.4512,25.7500,31.5683,57.7970,199.1520,57.3025,14.8189
22.604,-0.026350163121091574,0.9284006265356002,1.5777752247895748e-24,3,151.888,0.537591,-0.151571,14707.1,0.0,3.4432,5.9717,7.8548,10.2629,12.6353,14.3038,15.3922,16.4929,17.3825,18.3749,19.4891,20.7488,22.8165,25.7542,33.9728,94.3889,159.5580,51.5191,15.5776
22.716,-0.1484491963898943,0.9349008348813105,2.651766820303839e-25,4,155.682,0.659576,-0.121675,12173.6,0.0,2.5930,4.6642,6.2829,8.4599,10.7322,12.4124,13.5476,14.7285,15.7080,16.8284,18.1224,19.6336,22.2319,26.1991,39.4022,172.5710,113.6020,47.7807,16.1633
22.823,-0.08980398305304055,0.9383574852614078,4.456824494884664e-26,4,156.489,0.749678,-0.0643827,12180.1,0.0,1.9995,3.8938,5.5542,8.0977,11.2258,13.9318,15.9925,18.3735,20.5620,23.3443,26.9999,32.0158,43.2770,72.3894,169.0480,192.5740,72.6265,39.7563,15.9026
22.933,-0.029426969166820326,0.9402430901454581,7.490584928552658e-27,4,159.729,0.806597,-0.0342996,12319.8,0.0,1.5876,3.2432,4.8084,7.4465,11.1659,14.9051,18.1524,22.4323,26.9783,33.8385,45.3817,68.8859,153.1140,165.3250,178.4900,123.5130,62.2085,37.0012,15.8835
23.045,-0.009642629256583686,0.9408609651538637,1.2589426089418453e-27,4,163.014,0.841057,-0.0268481,12531.6,0.0,1.3139,2.7183,4.0738,6.4233,9.8814,13.5419,16.8824,21.5337,26.8129,35.5249,52.6290,101.5110,154.6040,163.8390,175.6320,116.0570,60.8350,36.8127,16.0588
23.152,-0.003159696754797342,0.941448930436618,2.11590484284856e-28,4,166.274,0.865874,-0.0245013,12763.8,0.0,1.1112,2.3083,3.4716,5.5064,8.5454,11.8204,14.8629,19.1872,24.2237,32.8487,51.0179,114.1830,150.5700,159.2780,170.6920,114.8040,60.8815,37.0328,16.2351
23.266,-0.09578256401633076,0.943185100759846,3.5562012693755756e-29,4,169.458,0.885822,-0.0125324,13031.2,0.0,0.9569,2.0305,3.1118,5.1011,8.3288,12.2037,16.2375,22.8499,32.2271,54.6652,134.7390,144.4790,152.3540,159.1120,168.9880,103.4070,57.8363,36.0701,16.2061
23.374,-0.03138603057687127,0.9481059426451113,5.97690747343953e-30,4,172.613,0.890678,0.014886,13249.3,0.0,0.9418,2.1060,3.3928,6.1255,11.9479,22.8204,44.3676,131.4250,139.8840,145.4560,149.9740,153.8860,158.6930,163.5230,171.2810,83.0274,50.9963,33.4036,15.8094
23.484,-0.010284574499429178,0.95522533184845,1.0045388390609819e-30,4,175.805,0.879561,0.0234107,13514.5,0.0,1.0467,2.3822,3.9070,7.3288,15.5787,35.7364,115.4390,134.5960,139.9730,144.3680,148.1880,151.6160,155.9340,160.3550,121.4840,77.7374,48.8723,32.4424,15.5880
23.596,-0.0033700493719729533,0.9612038988494751,1.6883284268097925e-31,4,179.059,0.860006,0.0257031,13725.6,0.0,1.2196,2.7891,4.5974,8.7205,19.0487,46.8490,121.1290,131.0680,135.8700,139.9270,143.5120,146.7610,150.8880,155.1430,118.6240,75.7445,47.9009,31.9076,15.3922
23.703,-0.0011042977782080973,0.9652425474812459,2.837573586939218e-32,4,182.3,0.836963,0.0264156,13966.6,0.0,1.4215,3.2555,5.3747,10.2313,22.5481,56.8181,117.7990,126.3790,130.8490,134.6900,138.1170,141.2420,145.2320,149.3680,156.2120,74.4501,47.1672,31.4523,15.1912
23.813,-0.0003618562959632293,0.9680356506149047,4.7691099275687446e-33,4,185.538,0.812437,0.0267024,14203.6,0.0,1.6358,3.7487,6.1929,11.8056,26.1125,66.4724,113.6600,121.3350,125.5270,129.1790,132.4630,135.4740,139.3380,143.3610,150.0550,73.3156,46.4820,31.0086,14.9843
23.925,0.035400002946126274,0.9712473301966169,8.01544305526479e-34,4,188.755,0.787337,0.0246272,14444.7,0.0,1.8506,4.2225,6.9436,13.1015,28.2479,67.1394,107.5470,114.9980,119.0880,122.6590,125.8780,128.8340,132.6340,136.5990,143.2190,73.3149,46.2371,30.7497,14.8060
24.034,0.021451759898186658,0.9731671083619523,1.3471555142983532e-34,4,191.935,0.769061,0.00653768,14685.8,0.0,1.9725,4.3385,6.8762,12.0095,21.9130,37.3617,59.9041,97.9857,104.5010,109.1750,113.0710,116.5000,120.7800,125.1460,132.3070,82.6950,49.5299,31.9958,14.9138
24.143,0.007029312683437804,0.9769599918180445,2.2641642728812427e-35,4,195.124,0.761856,-0.000254989,14918.3,0.0,2.0202,4.3856,6.8642,11.7003,20.4092,32.5674,47.7544,80.6934,94.6058,99.9579,104.1460,107.7410,112.1590,116.6240,123.8990,87.0674,50.9054,32.4939,14.9537
24.255,0.0023033651801088995,0.9782028438689367,3.805380893431505e-36,5,195.931,0.760984,-0.00204277,13049.3,0.0,2.0240,4.3789,6.8320,11.5749,19.9751,31.4080,45.2281,73.5628,87.8220,93.0944,97.2011,100.7230,105.0550,109.4390,116.6020,128.3910,51.3124,32.6475,14.9731
24.365,0.0007547667022180842,0.9790919766289732,6.39570366759033e-37,5,198.248,0.762642,-0.00265908,13549.5,0.0,2.0087,4.3408,6.7652,11.4382,19.6681,30.7752,44.0584,70.8142,81.8405,86.7878,90.7053,94.0897,98.2746,102.5300,109.5210,121.1210,51.5116,32.7372,14.9964
24.473,0.00024732195298282183,0.9779602905424069,1.0749259154119068e-37,5,200.827,0.765166,-0.00272894,13732.8,0.0,1.9872,4.2938,6.6910,11.3102,19.4403,30.4021,43.4960,68.6880,76.1373,80.6641,84.3411,87.5541,91.5590,95.6589,102.4400,113.8040,51.6026,32.7908,15.0190
24.587,8.104245755341107e-05,0.9518362526143108,1.806627986032792e-38,5,203.354,0.767911,-0.00269926,13882.7,0.0,1.9641,4.2440,6.6138,11.1807,19.2209,30.0660,43.0270,64.4910,70.3971,74.5026,77.9264,80.9557,84.7662,88.6966,95.2491,106.3480,51.6755,32.8390,15.0419
24.695,2.6555992491101737e-05,0.5399631173191574,0.45559187164306636,5,202.73,0.770691,-0.00269568,13497.3,0.0,1.9405,4.1932,6.5346,11.0471,18.9916,29.7081,42.5163,59.6920,64.5746,68.2759,71.4419,74.2802,77.8859,81.6358,87.9421,98.7501,51.7559,32.8902,15.0655
24.805,8.701867619484219e-06,0.17693511428314146,0.7885281091617279,5,192.06,0.773416,-0.00269473,12448.3,0.0,1.9175,4.1434,6.4570,10.9159,18.7662,29.3558,42.0124,54.7944,58.9090,62.2322,65.1444,67.7903,71.1865,74.7501,80.8000,91.2995,52.0850,32.9408,15.0886
24.914,2.851427981552589e-06,0.05797809824829979,0.8489980454969971,5,178.813,0.775963,-0.00258899,11414.8,0.0,1.8961,4.0980,6.3876,10.8023,18.5823,29.0921,41.6762,50.1196,53.6269,56.6027,59.2698,61.7262,64.9131,68.2885,74.0773,84.2568,98.5758,32.9779,15.1087
25.023,9.343559209951523e-07,0.018998263234002874,0.8583377108511627,5,165.669,0.778266,-0.00211251,10450.2,0.0,1.8775,4.0615,6.3359,10.7320,18.5128,29.0927,40.2743,45.8272,48.8291,51.4815,53.9108,56.1791,59.1553,62.3398,67.8603,77.7057,91.7921,32.9746,15.1211
25.134,3.0616974819169153e-07,0.006225350896518061,0.7732499271865342,4,152.906,0.780168,-0.00172651,10927.7,0.0,1.8621,4.0312,6.2929,10.6730,18.4530,29.0885,37.4101,41.7461,44.3452,46.7144,48.9259,51.0176,53.7923,56.7918,62.0490,71.5615,85.4063,32.9727,15.1314
25.243,-0.04325377691523207,0.07639172962239604,0.17071596395608846,4,142.736,0.78171,-0.00139487,10517.4,0.0,1.8497,4.0067,6.2584,10.6264,18.4087,28.9759,34.3510,37.9018,40.1661,42.2835,44.2934,46.2178,48.7982,51.6171,56.6140,65.7924,79.3863,33.2261,15.1394
25.354,-0.017615471574463245,0.28810868649391674,0.02869223206209978,4,137.03,0.782494,0.00030911,10263.3,0.0,1.8462,4.0121,6.2860,10.7355,18.7915,27.8268,31.6309,34.5597,36.5152,38.3878,40.1954,41.9481,44.3257,46.9533,51.6709,60.4831,73.7841,34.5698,15.1203
25.466,-0.005772237725520115,0.4304098567340766,0.00482230344267711,4,137.392,0.781186,0.00446677,10337.3,0.0,1.8650,4.0856,6.4502,11.1797,20.0828,26.3727,29.2829,31.7021,33.3746,35.0103,36.6145,38.1899,40.3542,42.7757,47.1860,55.5840,68.5308,38.9986,15.0468
25.575,-0.01815965440130664,0.5213670866202472,0.0008104845396107421,4,138.564,0.777882,0.00643885,10475.7,0.0,1.8970,4.1716,6.6104,11.5410,19.4535,23.9029,26.2382,28.2616,29.6961,31.1224,32.5404,33.9494,35.9083,38.1277,42.2311,50.2107,62.8068,78.8444,14.9896
25.684,-0.21570431046457017,0.5495712231937226,0.00013621813657237745,4,139.914,0.765598,0.0423315,10618.7,0.0,2.0788,4.9302,8.4555,15.9051,22.4656,26.0310,27.9788,29.7004,30.9379,32.1808,33.4275,34.6764,36.4275,38.4305,42.1782,49.5950,61.5309,76.9824,14.3857
25.792,-0.09050325820203037,0.535833740603619,2.289418221371948e-05,4,141.109,0.723701,0.102376,10714.3,0.0,2.6267,7.2929,13.2257,21.0284,27.0050,30.2307,31.9954,33.5603,34.6874,35.8209,36.9599,38.1040,39.7120,41.5551,45.0195,51.9203,63.1228,77.7133,13.3578
25.905,-0.029656107647641317,0.5283084766834939,3.847825204659833e-06,4,142.448,0.651396,0.126279,10774.6,0.0,3.4148,9.0510,14.5573,21.2360,26.3921,29.2285,30.7974,32.1975,33.2118,34.2368,35.2712,36.3138,37.7860,39.4843,42.7000,49.1920,59.9194,74.1440,12.7901
26.016,-0.15834347311434624,0.5385791567958972,6.467039821471783e-07,4,143.746,0.561895,0.128297,10881.0,0.0,4.1945,10.0760,15.1281,20.9790,25.5061,28.0257,29.4305,30.6912,31.6079,32.5374,33.4787,34.4313,35.7822,37.3469,40.3326,46.4351,56.6985,70.5573,12.3482
26.125,-0.2595161380607613,0.5645250145832545,1.0869153827947627e-07,4,144.784,0.475557,0.138454,11031.0,0.0,5.0547,11.9417,17.4481,23.4560,27.9419,30.4024,31.7663,32.9860,33.8711,34.7673,35.6739,36.5900,37.8866,39.3871,42.2455,48.0761,57.8868,71.0173,11.5347
26.234,-0.16708146578900415,0.5891803067786407,1.8267786838631585e-08,4,145.856,0.388231,0.150132,11136.9,0.0,5.9445,13.8293,19.7296,25.8536,30.2936,32.6993,34.0256,35.2087,36.0659,36.9324,37.8072,38.6900,39.9382,41.3810,44.1231,49.7083,59.0731,31.0590,10.7194
26.342,-0.12825584797519793,0.603255684956475,3.0702669339688107e-09,4,147.191,0.300465,0.140061,11210.2,0.0,6.6775,14.8382,20.5802,26.3914,30.5721,32.8354,34.0839,35.1979,36.0054,36.8222,37.6476,38.4809,39.6599,41.0238,43.6231,48.9431,57.8667,29.5748,10.1153
26.453,-0.11164080580180191,0.6149861021434126,5.160197635921381e-10,4,148.673,0.218418,0.119804,11306.4,0.0,7.2537,15.3022,20.6851,26.0571,29.9205,32.0177,33.1776,34.2141,34.9663,35.7278,36.4985,37.2778,38.3829,39.6647,42.1172,47.1534,55.6477,67.4587,9.6392
26.565,-0.11714610637478874,0.6249873842316035,8.672744166693065e-11,4,150.233,0.148897,0.0962567,11421.6,0.0,7.6693,15.4336,20.4249,25.3616,28.9174,30.8543,31.9279,32.8898,33.5891,34.2983,35.0174,35.7458,36.7809,37.9840,40.2878,45.0400,53.1150,64.9241,9.2840
26.675,-0.19597941033396576,0.6219791473150118,1.4576281120961033e-11,4,151.685,0.0943985,0.0811697,11549.6,0.0,8.0082,15.6234,20.3768,25.0334,28.3805,30.2073,31.2218,32.1319,32.7943,33.4661,34.1469,34.8365,35.8161,36.9550,39.1372,43.6415,51.3137,63.6590,8.9683
26.782,-0.23960630239899636,0.5378293125390581,2.449835567999921e-12,4,152.696,0.0509453,0.0778216,11600.5,0.0,8.3402,16.0213,20.7084,25.2493,28.5021,30.2719,31.2523,32.1304,32.7686,33.4150,34.0695,34.7318,35.6717,36.7631,38.8498,43.1436,50.4586,64.6832,8.6347
26.895,-0.25350413462926563,0.47984125288279855,4.117438639137468e-13,4,153.169,0.0149968,0.0735091,11608.4,0.0,8.5973,16.2753,20.8729,25.2979,28.4440,30.1472,31.0888,31.9311,32.5423,33.1610,33.7869,34.4197,35.3170,36.3578,38.3449,42.4235,49.9477,67.1243,8.3719
27.003,-0.2530476068343553,0.4578626415102604,6.920179120798345e-14,4,153.422,-0.0139402,0.0646323,11613.5,0.0,8.7550,16.2929,20.7442,24.9882,27.9865,29.6050,30.4985,31.2970,31.8765,32.4628,33.0556,33.6548,34.5038,35.4880,37.3676,41.2548,49.7448,71.1186,8.2069
27.113,-0.24704227898046904,0.4533968366200821,1.163074504832578e-14,4,153.631,-0.0345987,0.0518967,11623.6,0.0,8.8112,16.1074,20.3487,24.3596,27.1820,28.7038,29.5433,30.2933,30.8376,31.3887,31.9459,32.5090,33.3066,34.2311,36.0060,40.1603,50.0894,78.0798,8.1464
27.223,-0.2422583498277076,0.4547885910486685,1.954779320272114e-15,4,153.855,-0.0449575,0.036743,11640.0,0.0,8.7679,15.7417,19.7296,23.4786,26.1108,27.5310,28.3143,29.0140,29.5216,30.0358,30.5563,31.0854,31.8600,32.8002,34.7404,39.4921,51.5473,91.9849,8.1989
27.335,-0.23747557630373073,0.45531240481170265,3.2853976035813423e-16,4,154.092,-0.043232,0.0205041,11655.0,0.0,8.6253,15.1942,18.8984,22.3680,24.8035,26.1191,26.8627,27.5536,28.0719,28.6122,29.1760,29.7648,30.6342,31.6981,33.9250,39.5630,55.1672,126.6110,8.3786
27.444,-0.2160577948737127,0.47882938599619873,5.5217677523391624e-17,4,154.389,-0.0285702,0.00245357,11691.2,0.0,8.3628,14.4415,17.8331,21.0061,23.3436,24.7443,25.5697,26.3429,26.9269,27.5396,28.1830,28.8594,29.8668,31.1137,33.7751,40.8442,63.2883,184.5120,8.7373
27.552,-0.14021699619686942,0.5141754792188593,9.280435061356432e-18,4,154.985,0.00275612,-0.0258061,11740.8,0.0,7.9179,13.3391,16.3434,19.3528,21.8456,23.3757,24.2899,25.1548,25.8136,26.5100,27.2472,28.0287,29.2051,30.6825,33.9172,43.0874,79.2547,200.0000,9.4365
27.664,-0.08474046491419017,0.5491391655616858,1.5597627207621754e-18,4,155.954,0.0590757,-0.0721088,11806.2,0.0,7.2132,11.7470,14.3977,17.3541,19.8777,21.4607,22.4193,23.3350,24.0386,24.7878,25.5873,26.4421,27.7432,29.4021,33.1338,44.5233,105.6370,90.3925,10.8616
27.773,-0.04494733676515684,0.5703992108337532,2.621493204784989e-19,4,157.204,0.153682,-0.137662,11888.6,0.0,6.2088,9.8277,12.1906,14.8862,17.2380,18.7380,19.6558,20.5393,21.2227,21.9548,22.7410,23.5875,24.8877,26.5660,30.4293,43.0279,136.9920,78.8165,12.9242
27.884,-0.016990413186081597,0.5927766673122543,4.4059436292821306e-20,4,158.611,0.302415,-0.219562,11995.5,0.0,4.9188,7.8139,9.7579,12.0032,13.9869,15.2644,16.0508,16.8113,17.4019,18.0369,18.7215,19.4616,20.6046,22.0915,25.5635,37.3885,141.4100,80.5412,14.9182
27.995,0.00311252577230978,0.6106111755323795,7.405069457734477e-21,4,160.13,0.491491,-0.231875,12113.0,0.0,3.5866,5.7121,7.1432,8.8003,10.2683,11.2156,11.7995,12.3648,12.8041,13.2768,13.7869,14.3389,15.1923,16.3043,18.9092,27.8681,127.9400,89.8736,17.0233
28.104,0.010221667978195466,0.6251470074984501,1.2445700237614336e-21,4,161.702,0.68139,-0.235084,12239.3,0.0,2.2428,3.5609,4.4454,5.4665,6.3681,6.9484,7.3056,7.6509,7.9190,8.2072,8.5179,8.8537,9.3722,10.0464,11.6197,16.9667,74.5534,104.6740,19.2910
28.213,-0.0793142205313424,0.6325649389952172,2.0917488389358422e-22,4,163.299,0.873936,-0.230777,12363.7,0.0,0.8898,1.4185,1.7750,2.1882,2.5546,2.7913,2.9373,3.0786,3.1885,3.3068,3.4345,3.5728,3.7866,4.0654,4.7195,6.9783,35.4520,111.8450,21.3505
28.323,-0.2183892671193665,0.6291227952255778,3.51560227359947e-23,4,164.661,1.05153,-0.180252,12470.9,0.0,-1.0000,-1.0000,-1.0000,-1.0000,-1.0000,-1.0000,-1.0000,-1.0000,-1.0000,-1.0000,-1.0000,-1.0000,-1.0000,-1.0000,-1.0000,-1.0000,-1.0000,-1.0000,-1.0000
28.436,-0.27599883130533026,0.49653937355514227,5.908672741238629e-24,4,165.116,1.1988,-0.115828,12560.3,0.0,-1.0000,-1.0000,-1.0000,-1.0000,-1.0000,-1.0000,-1.0000,-1.0000,-1.0000,-1.0000,-1.0000,-1.0000,-1.0000,-1.0000,-1.0000,-1.0000,-1.0000,-1.0000,-1.0000
28.543,-0.30873953000178683,0.183908521926549,9.930706276199765e-25,4,164.111,1.30577,-0.0661687,12228.1,0.0,-1.0000,-1.0000,-1.0000,-1.0000,-1.0000,-1.0000,-1.0000,-1.0000,-1.0000,-1.0000,-1.0000,-1.0000,-1.0000,-1.0000,-1.0000,-1.0000,-1.0000,-1.0000,-1.0000
28.655,-0.17502103139659803,0.060263144464891574,1.6690538038408947e-25,4,162.054,1.38221,-0.0308277,11980.0,0.0,-1.0000,-1.0000,-1.0000,-1.0000,-1.0000,-1.0000,-1.0000,-1.0000,-1.0000,-1.0000,-1.0000,-1.0000,-1.0000,-1.0000,-1.0000,-1.0000,-1.0000,-1.0000,-1.0000
28.765,-0.102655833614931,0.01974702717825567,2.8051787281153924e-26,4,159.554,1.42795,0.0117781,11748.4,0.0,-1.0000,-1.0000,-1.0000,-1.0000,-1.0000,-1.0000,-1.0000,-1.0000,-1.0000,-1.0000,-1.0000,-1.0000,-1.0000,-1.0000,-1.0000,-1.0000,-1.0000,-1.0000,-1.0000
28.876,-0.16299176121285308,0.006470705865770819,4.71466388834354e-27,4,157.083,1.44602,0.0503691,11540.0,0.0,-1.0000,-1.0000,-1.0000,-1.0000,-1.0000,-1.0000,-1.0000,-1.0000,-1.0000,-1.0000,-1.0000,-1.0000,-1.0000,-1.0000,-1.0000,-1.0000,-1.0000,-1.0000,-1.0000
28.983,-0.2920971976805777,0.0021203208980957815,7.923935597138987e-28,3,154.688,1.43553,0.0907569,13810.2,0.0,-1.0000,-1.0000,-1.0000,-1.0000,-1.0000,-1.0000,-1.0000,-1.0000,-1.0000,-1.0000,-1.0000,-1.0000,-1.0000,-1.0000,-1.0000,-1.0000,-1.0000,-1.0000,-1.0000
29.094,-0.16658376043084042,0.023365499642513027,1.3317758558111493e-28,3,151.612,1.39632,0.140564,13561.6,0.0,-1.0000,-1.0000,-1.0000,-1.0000,-1.0000,-1.0000,-1.0000,-1.0000,-1.0000,-1.0000,-1.0000,-1.0000,-1.0000,-1.0000,-1.0000,-1.0000,-1.0000,-1.0000,-1.0000
29.205,-0.06136598205000903,0.04479541668848367,2.2383156808617988e-29,3,148.747,1.32906,0.190806,13378.2,0.0,-1.0000,-1.0000,-1.0000,-1.0000,-1.0000,-1.0000,-1.0000,-1.0000,-1.0000,-1.0000,-1.0000,-1.0000,-1.0000,-1.0000,-1.0000,-1.0000,-1.0000,-1.0000,-1.0000
29.314,-0.10270064545090475,0.04511047424985733,3.761937164824425e-30,3,146.04,1.23109,0.259267,13029.7,0.0,-1.0000,-1.0000,-1.0000,-1.0000,-1.0000,-1.0000,-1.0000,-1.0000,-1.0000,-1.0000,-1.0000,-1.0000,-1.0000,-1.0000,-1.0000,-1.0000,-1.0000,-1.0000,-1.0000
29.424,-0.17291453060147746,0.04822844278031825,6.322687792920411e-31,3,143.444,1.09908,0.312828,12806.1,0.0,-1.0000,-1.0000,-1.0000,-1.0000,-1.0000,-1.0000,-1.0000,-1.0000,-1.0000,-1.0000,-1.0000,-1.0000,-1.0000,-1.0000,-1.0000,-1.0000,-1.0000,-1.0000,-1.0000
29.532,0.1308671705745079,0.04532436331775468,1.0626541373561335e-31,3,140.317,0.926698,0.404883,12656.7,0.0,1.1842,122.0230,60.0404,41.4404,35.1550,32.7073,31.5447,30.5979,29.9583,29.3472,28.7626,28.2030,27.4585,26.6592,25.2920,22.9829,20.0557,17.2104,12.4507
29.645,0.24378927416585477,0.016008387371961853,1.786002808654454e-32,3,138.92,0.712489,0.406933,12530.0,0.0,4.6687,123.8000,52.5115,36.5751,31.0637,28.9141,27.8925,27.0602,26.4978,25.9603,25.4460,24.9536,24.2985,23.5948,22.3908,20.3560,17.7743,15.2625,11.0574
29.752,0.15032473563863605,0.00524562837404446,3.001734920505541e-33,3,137.587,0.482732,0.30264,12447.3,0.0,6.6856,68.1758,133.8060,49.8829,38.5578,34.7352,32.9995,31.6219,30.7090,29.8495,29.0390,28.2735,27.2705,26.2125,24.4473,21.5853,18.1562,15.0131,10.0443
29.863,0.04582007643222255,0.001718887505606889,5.045015880893662e-34,3,135.78,0.280764,0.242418,12281.1,0.0,8.3520,47.2876,103.3100,147.6820,44.9885,38.9137,36.3947,34.4490,33.1847,32.0124,30.9223,29.9062,28.5945,27.2343,25.0164,21.5516,17.5995,14.1516,8.9755
29.973,0.2635278826973107,0.0005632450578372653,8.479158191017979e-35,3,133.878,0.115003,0.190776,12110.3,0.0,9.4788,37.7887,80.5091,119.5690,146.1230,47.2803,42.1322,38.8691,36.9567,35.2811,33.7570,32.3615,30.5948,28.8030,25.9656,21.7303,17.1708,13.4082,8.0762
30.085,0.11781485475125478,0.0001845641405521151,1.425092117164392e-35,3,131.807,-0.00779303,0.107702,11901.8,0.0,9.6440,27.2322,52.0518,82.2565,103.8860,115.2980,121.4990,127.0060,131.1870,135.6640,140.4680,59.7160,46.4051,40.3685,33.7384,26.1272,19.0900,13.9971,7.6420
30.194,0.03860557160489116,0.5155989643057012,2.3951523213181935e-36,3,131.701,-0.0882315,0.0598868,12368.7,0.0,9.8406,24.3276,41.5588,64.3557,82.4827,92.5359,98.1137,103.1010,106.7190,110.3780,114.0770,117.8100,123.1210,129.7230,48.8727,30.2604,20.5599,14.3369,7.3121
30.303,0.012650273703490736,0.806185980342442,4.025532506439488e-37,3,134.594,-0.138461,0.0501099,12858.4,0.0,10.1830,24.5888,40.0554,60.1584,76.5643,85.8468,91.0487,95.7279,99.1378,102.5990,106.1100,109.6650,114.7120,120.6670,133.6530,30.6435,20.1416,13.8764,6.9700
30.414,0.004145241687159844,0.8976860611011114,6.76571248357285e-38,3,138.579,-0.176696,0.0466563,13346.6,0.0,10.4850,24.9807,39.2559,57.5502,72.6727,81.3429,86.2368,90.6597,93.8938,97.1871,100.5360,103.9360,108.7790,114.4380,126.5700,30.7805,19.5014,13.3757,6.6816
30.523,0.0013583127960485376,0.9300796884234871,1.1371132971140893e-38,3,142.932,-0.211399,0.0451856,13801.4,0.0,10.7769,25.1906,38.4741,55.2718,69.2748,77.3887,81.9975,86.1798,89.2485,92.3810,95.5750,98.8265,103.4700,108.8990,120.3710,31.3203,18.8577,12.8595,6.4086
30.632,0.0004450919370091848,0.9583370806619832,1.9111463184596496e-39,3,147.461,-0.245342,0.0446032,14243.9,0.0,11.0718,25.1993,37.5763,53.0380,66.0095,73.5952,77.9283,81.8762,84.7817,87.7554,90.7950,93.8976,98.3413,103.5540,114.4390,32.8398,18.4067,12.3268,6.1360
30.744,0.00014584772591916967,0.9793692715444438,3.212063617435133e-40,3,152.138,-0.279657,0.0445203,14727.4,0.0,11.3625,25.0072,36.5226,50.7519,62.7487,69.8226,73.8849,77.6003,80.3427,83.1571,86.0413,88.9925,93.2321,98.2234,108.5560,36.9995,18.2338,11.8935,5.8574
30.855,4.7791382829193514e-05,0.9884837482903083,5.398515321823229e-41,4,156.354,-0.314775,0.0445154,12205.4,0.0,11.5494,24.5991,35.2666,48.3188,59.3706,65.9373,69.7283,73.2080,75.7845,78.4355,81.1593,83.9539,87.9809,92.7402,102.5190,130.1120,18.4821,11.6647,5.5860
30.963,-0.058952041050199536,0.9942486905772682,9.073284701388303e-42,4,157.735,-0.34966,0.0472264,12181.8,0.0,11.8197,24.9913,35.6437,48.5869,59.5079,65.9913,69.7336,73.1691,75.7134,78.3313,81.0216,83.7829,87.7628,92.5146,102.9230,133.1460,17.6351,11.1203,5.3092
31.075,-0.019317404811329385,0.9965232468658592,1.5249469597623325e-42,4,161.28,-0.383347,0.0468335,12446.0,0.0,12.1045,25.5141,36.2832,49.2872,60.2112,66.6823,70.4145,73.8386,76.3736,78.9819,81.6613,84.4107,88.4560,93.5931,105.0900,139.6830,16.6077,10.5249,5.0344
31.184,-0.006329927208576412,0.9972685734705047,2.5629783552725525e-43,4,164.823,-0.412694,0.0332709,12695.2,0.0,12.1882,25.1309,35.3140,47.5284,57.8102,63.9288,67.4696,70.7258,73.1415,75.6315,78.1940,80.8307,84.7962,89.8505,101.2130,135.8380,16.8648,10.3970,4.8553
31.293,-0.0020741905477063187,0.9984539642016899,4.3075977217065793e-44,4,168.342,-0.431463,0.0152302,12947.6,0.0,12.1305,24.3549,33.7540,44.9522,54.4107,60.0742,63.3655,66.4029,68.6621,70.9968,73.4050,75.8920,79.6434,84.4282,95.2024,128.1650,18.0608,10.6135,4.7829
31.404,-0.17818578424602866,0.9979012309271096,7.239779490872248e-45,4,171.717,-0.439982,0.0200142,13247.9,0.0,12.2582,24.7612,34.4109,45.9060,55.5913,61.3767,64.7336,67.8277,70.1281,72.5567,75.1652,77.9748,82.2918,87.8667,100.7120,142.7200,17.2134,10.2905,4.6885
31.514,-0.08485241176093868,0.9981056112876953,1.2167897390308985e-45,4,174.778,-0.460617,0.0630316,13554.0,0.0,12.9845,27.8817,39.8696,54.1498,65.9339,73.3979,78.1378,82.8315,86.5531,90.6319,95.1219,100.0880,107.9960,118.7380,146.0530,23.1176,13.2141,8.7524,4.3352
31.623,-0.027804438285824386,0.9989255123317519,2.0450585143892313e-46,4,178.129,-0.500702,0.0696489,13722.2,0.0,13.4272,29.0320,41.5707,56.3930,69.2766,78.2467,84.0769,89.9562,94.6948,99.9685,105.8720,112.5270,123.4020,138.7510,181.0720,19.5192,11.7964,7.9401,3.9879
31.735,-0.009110958337498934,1.0,3.4371298451339814e-47,4,181.56,-0.547862,0.0550306,13938.0,0.0,13.6296,28.7272,40.5790,54.5049,67.2872,76.3169,82.2259,88.2164,93.0682,98.4923,104.5970,111.5170,122.9170,139.2060,185.3580,19.5337,11.2720,7.4430,3.6575
31.843,-0.026380286071781653,1.0,5.776784130716683e-48,4,184.96,-0.586678,0.0364519,14184.1,0.0,13.7034,28.0503,39.0373,51.9684,64.3486,73.1382,78.9096,84.7767,89.5401,94.8783,100.9020,107.7510,119.0820,135.3770,182.2210,21.1648,11.1336,7.1354,3.4005
31.952,-0.2244304488042139,0.9995263671875,9.709041088495531e-49,4,188.067,-0.619784,0.0583934,14500.2,0.0,14.2989,30.1251,42.4246,58.5534,76.2363,89.9088,99.4502,109.6490,118.3290,128.5100,140.6210,155.2650,181.7910,200.0000,200.0000,15.1435,9.2084,6.1693,3.0642
32.065,-0.0953271956625648,1.0,1.631798535743444e-49,4,190.811,-0.673467,0.104241,14789.7,0.0,15.5110,34.8621,51.8546,80.6331,121.6040,163.2630,199.8340,200.0000,200.0000,200.0000,200.0000,200.0000,21.2243,17.1593,13.2570,9.4774,6.6016,4.7264,2.5284
32.172,-0.031236815474709235,1.0,2.742563799024007e-50,4,194.023,-0.75222,0.108857,14897.1,0.0,16.3051,36.8276,57.1652,95.9268,162.8150,200.0000,200.0000,200.0000,200.0000,24.3519,18.1353,15.5159,13.2167,11.4525,9.2944,6.8792,4.8864,3.5341,1.9103
32.282,-0.021196904268971473,1.0,4.609426977019649e-51,5,195.857,-0.840144,0.0920334,13448.4,0.0,16.7834,37.2778,58.5412,100.4240,177.2000,200.0000,200.0000,200.0000,200.0000,15.6658,12.6386,10.8978,9.2801,8.0109,6.4482,4.7087,3.2961,2.3553,1.2487
32.393,-0.2125077509616628,1.0,7.747063920276923e-52,5,197.072,-0.926394,0.11075,13595.8,0.0,17.9139,42.7225,73.5489,154.8900,200.0000,8.9118,6.4642,5.3390,4.7731,4.3257,3.9612,3.6572,3.3065,2.9835,2.5271,1.9439,1.4144,1.0357,0.5658
32.504,-0.06963453983511766,1.0,1.3020490330809427e-52,5,199.364,-1.03255,0.14155,13739.7,0.0,-1.0000,-1.0000,-1.0000,-1.0000,-1.0000,-1.0000,-1.0000,-1.0000,-1.0000,-1.0000,-1.0000,-1.0000,-1.0000,-1.0000,-1.0000,-1.0000,-1.0000,-1.0000,-1.0000
32.613,0.02809101463526615,1.0,2.1883538098991405e-53,5,201.745,-1.15205,0.131471,13845.4,0.0,-1.0000,-1.0000,-1.0000,-1.0000,-1.0000,-1.0000,-1.0000,-1.0000,-1.0000,-1.0000,-1.0000,-1.0000,-1.0000,-1.0000,-1.0000,-1.0000,-1.0000,-1.0000,-1.0000
32.725,0.22448519349968402,1.0,3.677966248297486e-54,5,203.82,-1.25316,0.0596437,14041.4,0.0,-1.0000,-1.0000,-1.0000,-1.0000,-1.0000,-1.0000,-1.0000,-1.0000,-1.0000,-1.0000,-1.0000,-1.0000,-1.0000,-1.0000,-1.0000,-1.0000,-1.0000,-1.0000,-1.0000
32.836,0.22396560788215142,1.0,6.1815578735135855e-55,5,205.22,-1.30335,-0.0151025,14340.1,14.0,-1.0000,-1.0000,-1.0000,-1.0000,-1.0000,-1.0000,-1.0000,-1.0000,-1.0000,-1.0000,-1.0000,-1.0000,-1.0000,-1.0000,-1.0000,-1.0000,-1.0000,-1.0000,-1.0000
32.942,0.07338905039082337,1.0,1.0389344318014282e-55,5,207.005,-1.26368,-0.0932549,14217.1,18.0,-1.0000,-1.0000,-1.0000,-1.0000,-1.0000,-1.0000,-1.0000,-1.0000,-1.0000,-1.0000,-1.0000,-1.0000,-1.0000,-1.0000,-1.0000,-1.0000,-1.0000,-1.0000,-1.0000
33.048,0.024048124032065,1.0,1.7461370995286604e-56,5,208.767,-1.18817,-0.111196,14589.2,18.0,-1.0000,-1.0000,-1.0000,-1.0000,-1.0000,-1.0000,-1.0000,-1.0000,-1.0000,-1.0000,-1.0000,-1.0000,-1.0000,-1.0000,-1.0000,-1.0000,-1.0000,-1.0000,-1.0000
33.149,0.00883803947813956,1.0,2.934732623177819e-57,5,211.043,-1.09209,-0.111847,14412.5,18.0,-1.0000,-1.0000,-1.0000,-1.0000,-1.0000,-1.0000,-1.0000,-1.0000,-1.0000,-1.0000,-1.0000,-1.0000,-1.0000,-1.0000,-1.0000,-1.0000,-1.0000,-1.0000,-1.0000
33.267,-0.1999279037210988,0.9995263671875,3.452683583842474e-58,5,213.45,-0.973519,-0.0720223,14667.9,18.0,15.6596,30.1482,42.6307,61.3602,83.7654,102.6110,116.6410,132.5160,146.8010,197.0980,194.5260,191.7240,187.3230,181.3430,162.6220,3.1695,1.1599,0.6190,0.2428
33.369,-0.07554785544652967,0.9995263671875,5.802925299364047e-59,5,215.327,-0.907774,-0.0131787,14789.7,18.0,15.9788,33.8658,51.8454,84.8283,138.0830,186.6090,181.8450,176.9680,172.8900,168.0250,161.6510,129.4540,33.5550,18.1728,9.7759,5.0870,2.8377,1.7675,0.7931
33.488,-0.019804417018175074,1.0,6.82708358544881e-60,5,217.979,-0.880199,0.00496602,14898.5,18.0,16.0338,35.1583,55.5583,96.4709,181.3650,172.7950,167.0080,160.6500,154.5720,141.9810,52.4973,32.0645,20.7569,14.7962,9.6213,5.6689,3.3784,2.1765,1.0115
33.590,-0.006489511368515608,1.0,1.1474279382063816e-60,6,219.847,-0.880451,0.00942969,13730.9,18.0,16.1088,35.6328,56.7886,100.2870,173.3600,164.4900,158.4040,151.4830,144.1670,76.0688,39.5088,26.6853,18.3496,13.5241,9.0613,5.4662,3.3036,2.1446,1.0050
33.708,-0.0017011864681881557,1.0,1.3499374950204262e-61,6,220.399,-0.890208,0.0110336,13746.2,18.0,16.2189,35.9907,57.5386,102.2560,164.7120,155.8000,149.6520,142.5400,134.4570,59.7055,33.3394,23.1278,16.1883,12.0563,8.1570,4.9600,3.0122,1.9607,0.9215
33.827,0.061366449506327025,1.0,1.5881879635165812e-62,6,222.588,-0.901943,0.00313964,13874.1,18.0,16.1894,35.3743,55.7102,96.0962,158.6630,150.5400,145.1550,139.3500,133.9750,125.2350,49.5818,28.5720,17.9348,12.5832,8.0718,4.7073,2.7886,1.7908,0.8294
33.948,0.016086846539386593,1.0,1.868487257197623e-63,6,224.718,-0.898004,-0.0174567,13996.4,18.0,15.8312,33.2961,50.6237,81.8244,155.5550,148.8400,144.6330,140.4420,137.0420,133.1450,128.4450,121.9790,50.1060,23.3814,11.6939,5.8548,3.2073,1.9804,0.8810
34.050,0.007162478733226199,1.0,3.140366533172045e-64,6,226.495,-0.881277,-0.0222983,14102.1,18.0,15.6188,32.5697,49.1475,78.4032,149.7190,143.3510,139.4120,135.5390,132.4480,128.9840,124.9760,120.0270,96.6253,33.3910,14.9975,7.1442,3.8287,2.3401,1.0306
34.167,0.0018776008250428488,1.0,3.6946098226115796e-65,6,228.619,-0.853866,-0.0239948,14221.8,18.0,15.3663,31.9485,48.0857,76.3705,141.7130,135.5760,131.8170,128.1540,125.2580,122.0520,118.4120,114.0840,105.0210,44.6502,19.1432,8.9451,4.7553,2.8958,1.2709
34.268,0.0006152522383500407,1.0,6.209530728863283e-66,6,230.333,-0.82866,-0.0244148,14349.6,18.0,15.1513,31.4786,47.3483,75.1178,134.7520,128.7780,125.1450,121.6260,118.8630,115.8260,112.4170,108.4430,100.8170,53.4958,22.6527,10.5329,5.5881,3.3997,1.4907
34.388,0.0074224517258950325,1.0,7.305450807200364e-67,6,232.389,-0.797153,-0.025954,14474.1,18.0,14.8685,30.8087,46.2338,73.0620,126.5160,120.7820,117.3310,114.0180,111.4400,108.6380,105.5400,102.0220,95.8202,68.8459,27.7586,12.6686,6.6705,4.0445,1.7677
34.506,-0.025633148410516976,1.0,8.594789820163158e-68,6,234.41,-0.76363,-0.0226352,14596.3,18.0,14.6374,30.5052,46.0083,73.3304,117.2020,111.5750,108.2090,104.9930,102.5000,99.8002,96.8300,93.4777,87.6468,67.5456,30.0722,14.2716,7.6364,4.6639,2.0526
34.608,-0.008399470071158202,0.96684482421875,1.4445263250748217e-68,6,236.043,-0.741374,-0.0140706,14683.0,18.0,14.5725,30.8354,47.1377,117.6350,108.1600,102.4680,99.0629,95.8030,93.2676,90.5066,87.4378,83.9086,77.3455,52.4982,27.8523,14.3825,7.9935,4.9699,2.2260
34.726,-0.002201870682333696,0.3448160696,0.3116423034667969,6,235.508,-0.722345,-0.0118431,14352.9,18.0,14.4445,30.6883,47.0841,108.1020,98.8110,93.3082,90.0456,86.9432,84.5467,81.9562,79.1068,75.8815,70.1680,52.4128,28.7539,15.1302,8.4861,5.2996,2.3844
34.826,-0.0007215089851871056,0.11298932968652801,0.8290522235916138,6,225.082,-0.709269,-0.0114651,13415.2,18.0,14.3402,30.4875,46.8053,100.4950,91.4369,86.1447,83.0356,80.1027,77.8549,75.4467,72.8306,69.9257,65.0393,54.2367,29.9132,15.7889,8.8690,5.5429,2.4957
34.927,0.036225839191365135,0.0370243435516815,0.9248962321458003,6,211.136,-0.69643,-0.0164238,12453.9,18.0,14.1640,29.8446,45.4507,94.0678,85.4145,80.4471,77.5669,74.8813,72.8486,70.7013,68.4116,65.9412,62.0427,56.3789,34.1320,17.2561,9.4955,5.8756,2.6193
35.047,0.03005526343922747,0.009705709516011997,0.9419344041997544,6,194.608,-0.677504,-0.0224496,11374.0,18.0,13.9250,29.0300,43.7959,86.8782,78.6873,74.0783,71.4438,69.0172,67.2040,65.3122,63.3299,61.2379,58.0732,53.9580,40.8689,19.4356,10.4086,6.3596,2.8000
35.147,0.026303366363772306,0.003180366894206811,0.9310567710267434,6,181.377,-0.66017,-0.0215613,10499.9,18.0,13.7928,28.7993,44.5878,80.4621,72.5147,68.1042,65.6057,63.3209,61.6250,59.8679,58.0416,56.1335,53.2940,49.7202,40.9316,20.3000,10.9168,6.6828,2.9478
35.248,0.024925998861287157,0.0010421426238936878,0.32450979463634755,5,169.789,-0.643361,-0.0213472,11129.0,18.0,13.6560,28.5243,85.5525,74.5260,66.8479,62.6474,60.2899,58.1505,56.5733,54.9508,53.2781,51.5472,49.0110,45.9054,39.0790,21.2591,11.4439,7.0087,3.0929
35.367,0.02456156775045951,0.0002731914359979869,0.03817825282917166,5,160.868,-0.623645,-0.0235985,10689.6,18.0,13.4632,28.0109,78.8357,68.0883,60.7834,56.8585,54.6818,52.7252,51.2954,49.8364,48.3472,46.8236,44.6277,42.0123,36.6996,22.9450,12.2211,7.4485,3.2716
35.467,0.08485827267775183,8.951936974782035e-05,0.006416618952998882,5,159.012,-0.602893,-0.0418198,10562.4,18.0,13.0662,26.4217,75.1629,64.9480,58.1378,54.5356,52.5586,50.7963,49.5178,48.2235,46.9120,45.5828,43.6922,41.4845,37.1978,27.8236,14.2813,8.3381,3.5198
35.568,0.1436820796445957,2.9333707078965774e-05,0.0010784411474305225,4,157.673,-0.564383,-0.0880694,11649.9,18.0,12.2447,23.1646,74.3585,65.0223,58.8778,55.6625,53.9108,52.3572,51.2366,50.1066,48.9672,47.8194,46.1981,44.3255,40.7627,33.4748,21.2399,10.8388,4.0701
35.688,0.10395762589753539,7.689655308508404e-06,0.0001268775225540536,4,155.553,-0.478126,-0.15823,11478.4,18.0,10.9532,19.0454,28.5483,66.1048,60.7030,57.8917,56.3657,55.0158,54.0443,53.0670,52.0837,51.0951,49.7035,48.1024,45.0778,38.9905,29.1097,17.5631,5.3356
35.807,0.031532496267283515,2.0157970011936273e-06,1.4927013650961852e-05,4,153.627,-0.345381,-0.200937,11341.2,18.0,9.6789,16.4248,23.9521,63.9960,59.0688,56.5261,55.1517,53.9395,53.0691,52.1953,51.3184,50.4383,49.2027,47.7868,45.1259,39.8332,31.4033,21.5111,7.1186
35.908,0.010332568376863463,6.605363613511278e-07,2.5087831843171588e-06,3,152.367,-0.209942,-0.211827,13792.7,18.0,8.6463,15.2440,24.0339,59.9265,55.2680,52.8897,51.6115,50.4889,49.6848,48.8799,48.0746,47.2689,46.1409,44.8541,42.4530,37.7432,30.4227,22.0089,8.6166
36.029,0.04303603472099075,1.7315564391003006e-07,2.9515583285172945e-07,3,150.249,-0.0359637,-0.208887,13599.5,18.0,7.5687,14.4148,61.8634,54.7383,50.3968,48.2103,47.0438,46.0243,45.2972,44.5714,43.8477,43.1263,42.1209,40.9792,38.8669,34.7877,28.6036,21.6312,9.8061
36.146,0.09733159967832752,4.539171311715092e-08,3.4724788579173124e-08,3,148.119,0.114709,-0.173236,13403.8,18.0,6.6303,13.2480,58.2270,51.4844,47.4634,45.4604,44.3964,43.4686,42.8085,42.1511,41.4967,40.8453,39.9392,38.9133,37.0222,33.3940,27.9351,21.7686,10.7367
36.247,0.14728492566084045,1.4873956554228013e-08,5.836195216501628e-09,3,146.25,0.218137,-0.163918,13220.7,18.0,5.8878,11.7512,56.8592,50.3644,46.5565,44.6774,43.6819,42.8155,42.1995,41.5861,40.9755,40.3679,39.5226,38.5657,36.8016,33.4136,28.2939,22.4367,11.5118
36.347,0.17458996077291922,4.873898083689435e-09,9.808893300374285e-10,3,144.244,0.310406,-0.166499,13024.7,18.0,5.1730,10.0761,18.9596,50.1059,46.4356,44.6408,43.6944,42.8731,42.2905,41.7108,41.1340,40.5604,39.7630,38.8600,37.1936,33.9810,29.0842,23.3849,12.3141
36.468,0.19334730913946238,1.2776631392506834e-09,1.1540064878957346e-10,3,141.684,0.413071,-0.17439,12777.9,18.0,4.3670,8.2211,12.9227,50.1895,46.6032,44.8634,43.9508,43.1604,42.6008,42.0454,41.4943,40.9476,40.1890,39.3320,37.7555,34.7214,30.0583,24.5216,13.2526
36.588,0.20523275479496147,3.349317259757311e-10,1.3576770929444528e-11,3,139.024,0.510389,-0.181475,12528.7,18.0,3.6156,6.6120,9.7023,50.3946,46.8297,45.1114,44.2126,43.4366,42.8882,42.3446,41.8057,41.2719,40.5329,39.7006,38.1738,35.2574,30.8063,25.4651,14.1211
36.708,0.2018286540662067,0.06044007547842534,1.597293523078219e-12,3,136.481,0.604018,-0.18515,12374.2,18.0,2.9103,5.2106,7.3533,12.9350,47.0347,45.3151,44.4182,43.6449,43.0992,42.5591,42.0247,41.4958,40.7645,39.9421,38.4390,35.5829,31.2673,26.1305,14.8870
36.828,0.19455093262527196,0.16687989142746634,1.879199856966294e-13,3,134.66,0.694689,-0.178161,12343.6,18.0,2.2510,4.0084,5.5640,8.5081,46.8376,45.1123,44.2151,43.4429,42.8986,42.3604,41.8284,41.3027,40.5771,39.7623,38.2765,35.4690,31.2639,26.3188,15.4490
36.947,0.18666225979276302,0.30831039350836176,2.210859839722275e-14,3,134.085,0.780975,-0.150084,12421.2,18.0,1.6452,2.9973,4.2032,6.4167,45.6370,43.9312,43.0465,42.2866,41.7518,41.2236,40.7022,40.1875,39.4783,38.6835,37.2382,34.5225,30.4935,25.8154,15.6636
37.048,0.17838743434931836,0.40160872786982,3.715792132621227e-15,3,134.398,0.845068,-0.116255,12490.4,18.0,1.1928,2.2509,3.2285,5.0979,44.2599,42.5822,41.7140,40.9694,40.4461,39.9300,39.4211,38.9193,38.2283,37.4552,36.0536,33.4315,29.5724,25.1371,15.6482
37.148,0.17062003928680336,0.47424088427650757,6.245131837296496e-16,3,135.191,0.896232,-0.0873576,12610.6,18.0,0.8168,1.5896,2.3232,3.7445,43.5097,41.8328,40.9668,40.2251,39.7045,39.1915,38.6861,38.1880,37.5031,36.7379,35.3535,32.7736,29.0017,24.7039,15.6307
37.268,0.22274818741560712,0.5284203797115308,7.347335155260956e-17,3,136.537,0.935515,-0.0443575,12824.6,18.0,0.5265,1.0869,1.6640,2.9376,42.4894,40.8127,39.9489,39.2104,38.6926,38.1831,37.6816,37.1880,36.5100,35.7539,34.3890,31.8577,28.1858,24.0450,15.4451
37.387,0.2539866237939109,0.5544095706909745,8.644066336812964e-18,3,137.952,0.942731,-0.0195258,12965.3,18.0,0.4784,1.0293,1.6395,3.2410,42.7009,40.9591,40.0639,39.2994,38.7639,38.2371,37.7190,37.2097,36.5110,35.7327,34.3301,31.7392,28.0049,23.8320,15.3098
37.509,0.2532049416036655,0.5691547460148397,1.0169657604597084e-18,3,139.373,0.927195,0.00296664,13160.3,18.0,0.6225,1.4106,2.4076,46.5560,42.6723,40.8681,39.9421,39.1525,38.6002,38.0574,37.5239,36.9998,36.2815,35.4827,34.0462,31.4030,27.6201,23.4335,15.0323
37.626,0.244028575548486,0.5900727579893141,1.1964500475232425e-19,3,140.914,0.892632,0.02259,13323.4,18.0,0.9386,2.2623,4.4195,46.4516,42.4223,40.5577,39.6029,38.7897,38.2215,37.6636,37.1161,36.5785,35.8427,35.0253,33.5591,30.8726,27.0564,22.8762,14.6381
37.728,0.23506350139166152,0.6052060745410635,2.0108735948723143e-20,3,142.285,0.853798,0.0328431,13432.2,18.0,1.2951,3.2778,8.3560,46.5795,42.3975,40.4682,39.4821,38.6430,38.0572,37.4825,36.9189,36.3661,35.6100,34.7711,33.2690,30.5265,26.6550,22.4509,14.2929
37.847,0.2239068422737158,0.6135107228451175,2.3657726756313295e-21,3,144.039,0.797802,0.0477296,13629.6,18.0,1.8269,5.0171,54.5487,46.2475,41.9191,39.9307,38.9167,38.0554,37.4548,36.8661,36.2892,35.7242,34.9525,34.0975,32.5700,29.7947,25.9083,21.7340,13.7812
37.947,0.2195988021226473,0.6154943753025132,3.976154135933576e-22,3,145.521,0.743254,0.0550129,13772.8,18.0,2.3451,6.8951,54.8388,46.1921,41.7071,39.6538,38.6087,37.7221,37.1044,36.4995,35.9073,35.3277,34.5370,33.6621,32.1022,29.2793,25.3533,21.1762,13.3444
38.047,0.24149695960146933,0.6140647867428776,6.682722256263563e-23,3,146.958,0.68361,0.0591079,13917.7,18.0,2.9120,9.2051,55.4226,46.2435,41.5793,39.4513,38.3700,37.4541,36.8165,36.1927,35.5825,34.9857,34.1726,33.2741,31.6755,28.7943,24.8158,20.6242,12.8945
38.169,0.26151857603795614,0.6099137490652998,7.86215590727152e-24,3,148.583,0.608224,0.0585663,14080.1,18.0,3.6161,12.3561,57.5107,46.6597,41.7261,39.4835,38.3463,37.3842,36.7154,36.0618,35.4231,34.7990,33.9495,33.0126,31.3498,28.3677,24.2858,20.0381,12.3687
38.287,0.2620626189281032,0.6105787009287239,9.249747803345871e-25,3,150.121,0.531872,0.0546509,14232.2,18.0,4.3121,15.7321,61.9098,47.7446,42.1125,39.7329,38.5288,37.5114,36.8048,36.1150,35.4415,34.7843,33.8908,32.9067,31.1647,28.0561,23.8398,19.5087,11.8599
38.407,0.2602343067010186,0.6474023183668843,1.0882235793158385e-25,3,151.695,0.457404,0.0490868,14429.1,18.0,4.9774,19.2116,70.3457,50.2667,43.0460,40.1991,38.8399,37.7296,36.9776,36.2480,35.5364,34.8425,33.9004,32.8648,31.0356,27.7884,23.4252,19.0033,11.3685
38.509,0.25591383823817726,0.7882283776199607,1.8289773697561296e-26,3,153.554,0.397968,0.0415521,14825.4,18.0,5.4823,21.0153,85.3107,54.7701,45.2154,41.6261,39.9460,38.5893,37.6787,36.8127,35.9885,35.2028,34.1631,33.0535,31.1324,27.7365,23.2089,18.6735,10.9975
38.630,0.22962667687950372,0.9339458652134319,2.1517735857443895e-27,4,154.268,0.331195,0.0318394,12041.8,18.0,6.0295,22.0852,132.6980,65.6059,50.4679,45.2877,42.9486,41.0977,39.8738,38.7236,37.6407,36.6195,35.2839,33.8778,31.5381,27.7619,23.0157,18.3280,10.5859
38.749,0.19396706629411187,0.9809369408280099,2.5315401058924177e-28,4,157.058,0.272287,0.0153105,12381.6,18.0,6.4433,20.8879,200.0000,98.6281,64.5025,55.0346,51.0522,48.0192,46.0686,44.2734,42.6161,41.0813,39.1143,37.0913,33.8290,28.8201,23.2329,18.2642,10.2836
38.867,0.12868778489459115,0.9937372443539177,2.978331619181372e-29,4,160.21,0.220159,0.0126867,12590.8,18.0,6.8890,21.0798,75.2443,200.0000,91.5620,71.4075,63.9208,58.5580,55.2520,52.3030,49.6565,47.2684,44.2919,41.3254,36.7324,30.1046,23.2577,17.8186,9.9089
38.987,0.0872331831745227,0.9991723589182884,3.503977366650693e-30,4,163.629,0.17224,0.020184,12748.4,18.0,7.3791,20.9547,47.8566,200.0000,164.8740,104.7310,87.6932,76.7768,70.5131,65.1990,60.6341,56.6706,51.9254,47.3983,40.7576,31.8902,23.5140,17.3599,9.4799
39.108,0.03228397523558332,1.0,4.122394332090875e-31,4,167.274,0.121185,0.0445738,12915.8,18.0,8.0498,21.3457,42.2499,145.4400,200.0000,158.9600,119.9730,98.7878,87.7302,78.9044,71.6970,65.7006,58.8211,52.5428,43.8008,32.9185,23.3852,16.7976,8.9099
39.226,0.007671390950398005,1.0,4.849955707761594e-32,4,170.987,0.0509655,0.0767405,13135.3,18.0,8.7493,22.5852,43.0369,125.3760,200.0000,190.5000,134.0160,106.4220,92.7849,82.2511,73.8702,67.0440,59.3708,52.5118,43.1816,31.9112,22.3380,15.8797,8.3054
39.329,0.018840073938970168,1.0,8.151320558034911e-33,4,174.029,-0.0119887,0.074569,13382.4,18.0,9.3062,23.8843,45.1572,127.5990,200.0000,191.6560,132.0770,103.8470,90.0993,79.5715,71.2514,64.5109,56.9727,50.2689,41.2012,30.3264,21.1561,15.0038,7.8225
39.448,0.0401396314958574,1.0,9.589947123322492e-34,4,177.639,-0.0767077,0.0475249,13606.3,18.0,9.6032,23.0491,40.0740,86.6231,200.0000,200.0000,200.0000,184.2460,142.8190,116.6090,98.5337,85.3156,71.8340,60.8551,47.3204,32.8020,21.7975,14.9675,7.4872
39.548,0.013152954448562553,1.0,1.6117824130168116e-34,4,180.588,-0.11619,0.0350177,13869.9,18.0,9.8210,22.9146,38.5916,76.9388,192.5110,200.0000,200.0000,200.0000,200.0000,151.4650,121.2630,101.1090,82.0327,67.4923,50.6777,33.8745,21.9100,14.7930,7.2500
39.669,0.003447968090963981,1.0,1.8962458910901492e-35,4,184.166,-0.15293,0.0309191,14129.5,18.0,10.1000,23.3558,38.9561,75.9111,177.9020,200.0000,200.0000,200.0000,200.0000,164.4040,128.2300,105.1100,83.9341,68.2357,50.5402,33.3285,21.3501,14.3311,6.9753
39.788,0.000903864147237662,1.0,2.2309143284086495e-36,4,187.723,-0.185194,0.029762,14383.1,18.0,10.3699,23.9202,39.7911,77.0611,177.6000,200.0000,200.0000,200.0000,200.0000,164.2880,127.0510,103.5820,82.3069,66.6695,49.1781,32.3013,20.6343,13.8274,6.7169
39.889,0.0002961782037668371,1.0,3.749497711756418e-37,4,190.65,-0.211139,0.0294142,14611.3,18.0,10.5930,24.4165,40.5845,78.4536,179.9260,200.0000,200.0000,200.0000,200.0000,160.9380,124.1270,101.0270,80.1546,64.8534,47.7786,31.3439,20.0058,13.3995,6.5052
40.007,7.764133904825373e-05,1.0,4.4112465629043083e-38,4,194.152,-0.242203,0.0292442,14855.9,18.0,10.8627,25.0291,41.5866,80.3190,183.7680,200.0000,200.0000,200.0000,200.0000,155.4990,119.7730,97.4022,77.2203,62.4447,45.9757,30.1432,19.2315,12.8776,6.2500
40.108,2.5441513979331785e-05,1.0,7.413982098273272e-39,5,196.592,-0.268316,0.029042,13474.7,18.0,11.0887,25.5387,42.4137,81.8300,186.7010,200.0000,200.0000,200.0000,200.0000,151.1850,116.2640,94.4543,74.8157,60.4603,44.4819,29.1431,18.5842,12.4405,6.0358
40.228,6.669340240597952e-06,1.0,8.722475798797526e-40,5,197.58,-0.299609,0.0288324,13516.8,18.0,11.3597,26.1513,43.4103,83.6612,190.3290,200.0000,200.0000,200.0000,200.0000,145.7710,111.9130,90.8238,71.8723,58.0417,42.6696,27.9352,17.8048,11.9151,5.7788
40.328,2.185409410039137e-06,1.0,1.4659865075039e-40,5,199.904,-0.325807,0.0285749,13670.2,18.0,11.5856,26.6565,44.2230,85.1136,192.9540,200.0000,200.0000,200.0000,200.0000,141.5820,108.4700,87.9153,69.4894,56.0695,41.1807,26.9358,17.1570,11.4773,5.5640
40.429,7.161149554816244e-07,1.0,2.4638835231618056e-41,5,202.203,-0.352104,0.0283167,13826.2,18.0,11.8122,27.1627,45.0366,86.5637,195.5580,200.0000,200.0000,200.0000,198.4490,137.3010,104.9650,84.9625,67.0760,54.0756,39.6782,25.9293,16.5053,11.0372,5.3483
40.547,1.8772523888977498e-07,1.0,2.898734326164633e-42,5,204.939,-0.38381,0.0280173,14004.9,18.0,12.0853,27.7731,46.0174,88.3126,198.7100,200.0000,200.0000,200.0000,191.6660,131.9770,100.6420,81.3364,64.1242,51.6438,37.8517,24.7092,15.7170,10.5054,5.0880
40.649,-0.08377149449756872,1.0,4.8719027819848994e-43,5,207.164,-0.412225,0.0390849,14159.4,18.0,12.4803,29.3833,49.9809,102.0980,200.0000,200.0000,200.0000,163.0450,116.1850,90.2533,73.7896,62.4097,51.3330,42.6832,32.4490,21.9647,14.3375,9.7350,4.8034
40.769,-0.021960194653570655,1.0,5.731744903977414e-44,5,209.77,-0.466582,0.0663323,14331.0,18.0,13.3592,33.5628,61.6992,157.6640,200.0000,141.0090,87.3179,65.5042,55.5897,48.2850,42.6800,38.2435,33.3889,29.1634,23.5808,17.0793,11.7541,8.2589,4.2536
40.887,-0.005756733267265625,1.0,6.74334056208039e-45,5,212.407,-0.542098,0.0720191,14502.6,18.0,14.1392,36.0461,67.5429,184.5610,200.0000,96.8010,64.8957,50.3754,43.4372,38.1814,34.0625,30.7478,27.0642,23.8088,19.4360,14.2372,9.8914,6.9951,3.6334
40.988,-0.0018863663570176,1.0,1.1333532482688514e-45,5,214.589,-0.612025,0.0730751,14644.7,18.0,14.7984,37.8310,71.1490,197.0760,200.0000,79.0776,53.6485,41.8730,36.2007,31.8840,28.4890,25.7492,22.6964,19.9913,16.3470,11.9986,8.3504,5.9123,3.0757
41.106,-0.0004944996222940217,1.0,1.3333787630558213e-46,5,217.177,-0.699185,0.0733848,14814.4,18.0,15.6041,39.9233,75.1656,200.0000,200.0000,60.6743,41.3016,32.2865,27.9338,24.6170,22.0057,19.8967,17.5448,15.4593,12.6473,9.2885,6.4675,4.5808,2.3841
41.207,-0.000162037636233305,1.0,2.2410096870679194e-47,5,219.311,-0.773111,0.0732591,14951.4,18.0,16.2807,41.6404,78.3638,200.0000,200.0000,45.9576,31.2414,24.4068,21.1100,18.5991,16.6231,15.0277,13.2492,11.6726,9.5475,7.0103,4.8802,3.4560,1.7984
41.327,-4.24771941127435e-05,1.0,2.6365254867385366e-48,6,219.522,-0.862472,0.0732315,13688.8,18.0,17.1006,43.7344,82.2966,200.0000,191.6220,27.8830,18.9488,14.8014,12.8012,11.2780,10.0794,9.1118,8.0331,7.0770,5.7883,4.2499,2.9584,2.0950,1.0901
41.427,-1.391892696686379e-05,1.0,4.4312083855614584e-49,6,221.242,-0.93715,0.0733838,13774.4,18.0,17.7894,45.5142,85.6916,200.0000,105.6130,12.6773,8.6295,6.7458,5.8364,5.1434,4.5978,4.1571,3.6658,3.2300,2.6425,1.9407,1.3513,0.9571,0.4981
41.528,-4.560953988501928e-06,1.0,7.447531933613145e-50,6,222.914,-1.01265,0.0739682,13872.8,18.0,-1.0000,-1.0000,-1.0000,-1.0000,-1.0000,-1.0000,-1.0000,-1.0000,-1.0000,-1.0000,-1.0000,-1.0000,-1.0000,-1.0000,-1.0000,-1.0000,-1.0000,-1.0000,-1.0000
41.648,-1.1956267223618493e-06,1.0,8.76194684457653e-51,6,224.691,-1.10464,0.0753944,13968.7,18.0,-1.0000,-1.0000,-1.0000,-1.0000,-1.0000,-1.0000,-1.0000,-1.0000,-1.0000,-1.0000,-1.0000,-1.0000,-1.0000,-1.0000,-1.0000,-1.0000,-1.0000,-1.0000,-1.0000
41.766,0.020405777675190993,1.0,1.0308342843175843e-51,6,226.048,-1.19864,0.0758386,14107.6,18.0,-1.0000,-1.0000,-1.0000,-1.0000,-1.0000,-1.0000,-1.0000,-1.0000,-1.0000,-1.0000,-1.0000,-1.0000,-1.0000,-1.0000,-1.0000,-1.0000,-1.0000,-1.0000,-1.0000
41.867,0.22426767127500657,1.0,1.7325231816525638e-52,6,226.966,-1.26752,0.0316355,14223.1,18.0,-1.0000,-1.0000,-1.0000,-1.0000,-1.0000,-1.0000,-1.0000,-1.0000,-1.0000,-1.0000,-1.0000,-1.0000,-1.0000,-1.0000,-1.0000,-1.0000,-1.0000,-1.0000,-1.0000
41.969,0.17990290609339415,1.0,2.911851711403464e-53,6,227.296,-1.29996,-0.0277185,14383.5,18.0,-1.0000,-1.0000,-1.0000,-1.0000,-1.0000,-1.0000,-1.0000,-1.0000,-1.0000,-1.0000,-1.0000,-1.0000,-1.0000,-1.0000,-1.0000,-1.0000,-1.0000,-1.0000,-1.0000
42.088,0.04716046741494671,1.0,3.425764419949062e-54,6,227.829,-1.27888,-0.0783868,14300.0,18.0,-1.0000,-1.0000,-1.0000,-1.0000,-1.0000,-1.0000,-1.0000,-1.0000,-1.0000,-1.0000,-1.0000,-1.0000,-1.0000,-1.0000,-1.0000,-1.0000,-1.0000,-1.0000,-1.0000
42.190,0.015453541962529738,1.0,5.757682260608388e-55,6,228.987,-1.21746,-0.0795889,14391.1,18.0,-1.0000,-1.0000,-1.0000,-1.0000,-1.0000,-1.0000,-1.0000,-1.0000,-1.0000,-1.0000,-1.0000,-1.0000,-1.0000,-1.0000,-1.0000,-1.0000,-1.0000,-1.0000,-1.0000
42.307,0.14094743931835038,1.0,6.773855602783163e-56,6,230.503,-1.12118,-0.0931826,14369.3,18.0,-1.0000,-1.0000,-1.0000,-1.0000,-1.0000,-1.0000,-1.0000,-1.0000,-1.0000,-1.0000,-1.0000,-1.0000,-1.0000,-1.0000,-1.0000,-1.0000,-1.0000,-1.0000,-1.0000
42.407,0.1977340776868745,1.0,1.1384819111597663e-56,6,230.997,-1.00748,-0.164401,14552.0,18.0,-1.0000,-1.0000,-1.0000,-1.0000,-1.0000,-1.0000,-1.0000,-1.0000,-1.0000,-1.0000,-1.0000,-1.0000,-1.0000,-1.0000,-1.0000,-1.0000,-1.0000,-1.0000,-1.0000
42.528,-0.1422486578137082,1.0,1.3394125836603534e-57,6,232.867,-0.813404,-0.16807,14508.4,18.0,13.3432,22.7079,29.5177,38.0188,46.1727,51.7805,55.3838,58.9849,61.8637,65.0431,68.5725,72.5128,78.8675,87.6632,110.9120,135.7180,27.0708,6.8764,1.9341
42.648,-0.1424342405067917,1.0,1.5758055105505694e-58,6,234.017,-0.637348,-0.0725217,14666.0,18.0,12.9865,24.9835,35.3080,50.7791,69.2546,84.7679,96.3009,135.9790,134.7700,133.4860,132.1200,130.6610,128.4380,125.5770,118.7280,43.8418,15.9419,8.4930,3.3270
42.766,-0.01824892089888116,1.0,1.8539194251076395e-59,6,235.61,-0.534689,-0.0373962,14691.6,18.0,12.5614,25.5291,37.6862,57.9518,86.0540,126.8920,124.9240,123.0440,121.5970,120.0490,118.3830,116.5760,113.7370,109.8300,86.1387,32.9714,16.3080,9.6274,4.1046
42.869,0.17863131441486713,1.0,3.11588237777841e-60,6,237.067,-0.473881,-0.0776401,14789.8,18.0,11.6386,22.2236,31.2315,44.5537,60.1914,73.0994,82.5667,121.8940,120.8280,119.7070,118.5260,117.2800,115.4140,113.0750,107.8750,70.9082,24.0204,12.5640,4.8555
42.986,-0.08843892681693033,1.0,3.6658044586325226e-61,6,238.601,-0.35557,-0.122905,14872.7,18.0,10.3156,18.5259,24.9292,33.5216,42.4661,49.0646,53.5148,58.1382,61.9680,66.3433,71.3893,77.2724,113.7170,112.0840,108.6730,99.8511,44.7384,18.6615,6.2863
43.087,-0.23642106615859043,0.965150732421875,6.16111755362368e-62,6,239.681,-0.251049,-0.0463226,14988.0,18.0,10.1561,20.3421,29.6712,44.7604,64.7793,106.7280,105.1730,103.7240,102.6340,101.4930,100.2970,99.0403,97.1635,94.8183,89.5873,59.3011,27.6715,15.9671,6.6711
43.187,-0.07747045495884691,0.386710717,1.0354990272375318e-62,6,239.252,-0.198574,0.00683928,14712.6,18.0,10.2405,22.5371,35.7397,62.4918,96.8437,93.6238,91.7265,89.9410,88.5813,87.1388,85.5982,83.9377,81.3461,77.7842,62.7934,37.3757,22.4074,14.4824,6.7543
43.288,-0.025385518680914952,0.12671736774656,0.40884082031249996,6,235.919,-0.194511,0.0235987,14268.2,18.0,10.3837,23.6407,38.7885,93.4389,87.8448,84.5441,82.6002,80.7681,79.3688,77.8782,76.2760,74.5315,71.7487,67.6626,51.8132,33.2718,20.9277,13.8962,6.6791
43.388,-0.008318326761362212,0.041522747063192776,0.7965047712927246,6,224.658,-0.213386,0.0288382,13351.0,18.0,10.6062,24.4167,40.5315,85.7930,80.2891,77.0836,75.2090,73.4511,72.1146,70.6969,69.1805,67.5396,64.9494,61.2467,47.9198,31.3730,19.9962,13.3817,6.4902
43.508,-0.0021805994505305357,0.010884939006133607,0.8648905517579837,6,208.466,-0.243167,0.0278056,12274.1,18.0,10.8546,24.9336,41.2928,77.7446,72.5034,69.5109,67.7832,66.1799,64.9731,63.7062,62.3685,60.9450,58.7646,55.8698,46.5917,30.3915,19.3213,12.9105,6.2506
43.629,0.005755555894671373,0.0028534214508238887,0.871906156747652,6,192.725,-0.272181,0.0272157,11263.4,18.0,11.1010,25.4676,42.1213,70.1821,65.2009,62.4108,60.8196,59.3572,58.2665,57.1319,55.9467,54.7026,52.8386,50.4711,44.5921,29.3409,18.6260,12.4351,6.0143
43.748,0.11242661011026772,0.0007480073128047775,0.7680744267418451,6,177.661,-0.298175,0.024111,10377.3,18.0,11.2909,25.7338,70.1138,63.3587,58.6740,56.1017,54.6533,53.3355,52.3618,51.3581,50.3209,49.2457,47.6659,45.7277,41.4928,28.8890,18.1951,12.0911,5.8166
43.868,0.06411469985117102,0.00019608562900789555,0.09372453694085779,5,166.852,-0.319647,0.0196891,11064.2,18.0,11.4247,25.8004,63.5594,57.0847,52.7072,50.3507,49.0404,47.8597,46.9949,46.1108,45.2057,44.2776,42.9349,41.3282,38.0380,28.8720,17.9727,11.8625,5.6626
43.968,0.10196884617850671,0.1302985013857883,0.015752282923649972,5,163.066,-0.329883,-0.007653,10876.3,18.0,11.1991,23.9766,59.8772,53.8359,49.8581,47.7567,46.6023,45.5718,44.8234,44.0642,43.2937,42.5113,41.3947,40.0856,37.5205,31.7631,20.0614,12.6309,5.7302
44.087,0.11970130399398096,0.3608748461285261,0.0018532403336844962,5,162.378,-0.312484,-0.0572491,10938.5,18.0,10.5504,20.7707,56.5945,50.9295,47.4220,45.6033,44.6156,43.7412,43.1107,42.4753,41.8349,41.1895,40.2775,39.2228,37.2086,33.0254,25.4572,15.2255,6.1986
44.187,0.13140144008878518,0.4608706180168954,0.0003114741028823533,5,162.456,-0.266843,-0.0987132,10993.8,18.0,9.8287,18.2310,53.8592,48.2644,45.0772,43.4454,42.5655,41.7904,41.2340,40.6752,40.1142,39.5511,38.7593,37.8498,36.1321,32.6583,26.8126,18.7933,6.9386
44.307,0.146347540059632,0.552844317289421,3.664461673000599e-05,5,162.978,-0.171744,-0.150717,11076.7,18.0,8.7307,15.5254,50.7143,44.9376,42.0624,40.6186,39.8457,39.1681,38.6837,38.1989,37.7139,37.2288,36.5496,35.7739,34.3223,31.4425,26.7822,20.8057,8.3814
44.409,0.21679460569030268,0.6446324360456475,6.158860733812107e-06,5,163.713,-0.0568208,-0.198959,11189.8,18.0,7.6129,13.6552,48.4592,42.3756,39.5386,38.2287,37.5312,36.9218,36.4873,36.0535,35.6206,35.1886,34.5856,33.8993,32.6223,30.1171,26.1416,21.1642,10.1134
44.527,0.30367790946330997,0.6882893589085002,7.245838064722606e-07,5,164.711,0.128898,-0.267094,11314.5,18.0,6.1169,11.9886,46.7121,39.9416,36.8676,35.5362,34.8742,34.3203,33.9354,33.5522,33.1707,32.7909,32.2622,31.6626,30.5529,28.3977,25.0330,20.8934,11.5074
44.627,0.33141836849662487,0.7000138641583873,1.2178080035379286e-07,5,165.319,0.294415,-0.225057,11370.8,18.0,5.1590,11.2262,47.0440,39.0342,35.5314,34.0386,33.3017,32.6877,32.2657,31.8569,31.4606,31.0765,30.5580,29.9916,28.9849,27.0491,24.0563,20.4104,12.0818
44.728,0.3259411944506615,0.7228747539449203,2.0467699115461974e-08,5,165.988,0.403259,-0.139821,11418.5,18.0,4.6614,72.9697,46.9217,37.6533,33.7710,32.1462,31.3505,30.6907,30.2389,29.8024,29.3805,28.9726,28.4238,27.8265,26.7852,24.9683,22.3391,19.1814,12.0276
44.829,0.30623779164328024,0.7667398435132965,3.440006190335694e-09,5,166.83,0.447894,-0.0506809,11464.3,18.0,4.7084,85.1017,47.8188,36.6660,32.2652,30.4675,29.5962,28.8782,28.3889,27.9180,27.4645,27.0275,26.4419,25.8075,24.7092,22.8147,20.3409,17.6215,11.5572
44.947,0.2772548115519835,0.8253472307879496,4.0471328828680423e-10,5,168.046,0.415266,0.0511582,11528.2,18.0,5.7280,104.1460,53.2113,37.1638,31.5632,29.3789,28.3408,27.4950,26.9236,26.3774,25.8548,25.3545,24.6887,23.9737,22.7504,20.6828,18.0595,15.5073,10.5777
45.048,0.25262579481184144,0.8743385423033453,6.802016236236318e-11,5,169.271,0.3192,0.131822,11601.2,18.0,7.8927,118.7330,66.3607,39.8933,32.2803,29.4952,28.2052,27.1698,26.4778,25.8222,25.2002,24.6092,23.8299,23.0017,21.6051,19.3019,16.4769,13.8244,9.4428
45.148,0.2285256651216317,0.9098477183857101,1.143214868824238e-11,5,170.694,0.162928,0.209239,11690.7,18.0,10.1045,142.1050,89.2276,46.9775,34.9597,31.0222,29.2719,27.8990,26.9971,26.1535,25.3630,24.6206,23.6544,22.6430,20.9728,18.3101,15.1908,12.3962,8.0825
45.268,0.17470819660866374,0.9406632296635036,1.344980861023028e-12,5,172.746,-0.0778217,0.215363,11951.0,18.0,11.9833,55.7551,98.5606,59.4603,38.1496,32.3786,29.9689,28.1409,26.9684,25.8915,24.8992,23.9819,22.8084,21.6043,19.6678,16.7080,13.4252,10.6383,6.5723
45.369,0.09650590580766442,0.9600552868617619,2.2605093331214028e-13,5,174.79,-0.253556,0.176149,12135.6,18.0,13.1434,48.5756,105.2200,72.6911,42.1974,33.8963,30.6851,28.3405,26.8760,25.5574,24.3638,23.2784,21.9145,20.5427,18.3936,15.2379,11.9080,9.2111,5.4613
45.469,0.09113080566527422,0.9717961351488621,3.799238036177142e-14,5,177.003,-0.403131,0.142852,12284.5,18.0,14.0492,44.8662,111.9970,77.1836,49.0756,36.1536,31.7092,28.6337,26.7808,25.1550,23.7169,22.4360,20.8613,19.3155,16.9673,13.6723,10.3789,7.8387,4.4733
45.587,0.12725159601706137,0.9786644115993383,4.469765557182047e-15,5,179.661,-0.546244,0.100842,12466.5,18.0,14.6719,40.5611,124.0480,81.3422,63.6198,47.6159,38.2858,32.6867,29.5977,27.0439,24.8976,23.0686,20.9197,18.9100,16.0312,12.3097,8.9168,6.4961,3.5143
45.687,0.14172335161946442,0.9828663207991211,7.512334971955868e-16,5,181.803,-0.63279,0.0557553,12606.9,18.0,14.6965,35.9682,142.0280,90.5413,71.6607,63.3177,58.1022,52.5387,46.8373,39.5371,34.1924,30.1226,25.8230,22.2048,17.5926,12.4485,8.4063,5.8326,2.9558
45.807,0.06225548071111786,0.9885108154401897,8.838186971156361e-17,5,184.417,-0.691502,0.00696104,12757.9,18.0,14.4538,31.8172,162.2290,106.0730,79.2356,70.1515,66.1212,62.6514,60.0501,57.3149,54.4002,51.2274,46.0071,36.6004,24.1332,14.3738,8.6206,5.5729,2.5997
45.908,0.020399875919419098,0.9946430599409414,1.4854340842422498e-17,5,186.888,-0.705559,-0.0128024,12797.3,18.0,14.2904,30.3079,165.8250,108.8120,79.9186,69.8480,65.4662,62.0690,59.7968,57.4689,55.0638,52.5633,48.8476,44.1215,31.0047,16.1851,9.0425,5.6364,2.5310
46.009,0.012888432145962749,0.9998162843658226,2.4965690653859495e-18,5,189.32,-0.699578,-0.0176099,12971.7,18.0,14.1740,29.8026,159.2310,102.6460,74.5028,64.8838,60.7194,57.4993,55.3904,53.2785,51.1220,48.9131,45.7111,41.8390,33.3640,17.2702,9.4544,5.8359,2.5953
46.128,0.13413905073945376,1.0,2.937188539735916e-19,5,192.087,-0.674808,-0.0484117,13192.9,18.0,13.5704,27.1378,170.2320,110.4190,79.8158,67.6197,62.5321,58.6785,56.2093,53.9435,51.8569,49.9296,47.3283,44.3191,38.5464,26.0417,12.1694,6.9826,2.9032
46.246,0.15241692044122837,1.0,3.455572945113908e-20,5,194.421,-0.601825,-0.119851,13371.1,18.0,12.2187,22.1388,33.4263,146.1430,111.9050,95.9292,87.8503,81.0841,76.4434,71.9766,67.8375,64.1526,59.6258,55.1857,48.4472,38.5328,24.0454,11.3666,3.8690
46.348,0.04994397649018171,1.0,5.807781448852946e-21,5,196.51,-0.49086,-0.167984,13373.2,18.0,10.9706,18.9678,27.0549,177.7350,134.9280,118.0200,109.3010,101.8810,96.7167,91.6784,86.7769,82.0250,75.6441,68.7748,57.8960,44.0067,30.6329,17.7129,5.2767
46.450,0.016365642216302743,1.0,9.76113828108715e-22,5,198.71,-0.34404,-0.179007,13546.2,18.0,9.8140,17.4283,26.0497,180.0460,134.4720,117.8220,109.2550,101.9760,96.9166,91.9855,87.1930,82.5505,76.3222,69.6219,58.4145,43.6282,30.7604,19.9548,6.9060
46.568,0.004290154913150467,1.0,1.1483881576316221e-22,5,201.315,-0.147724,-0.178448,13773.4,18.0,8.5443,16.4674,28.3789,171.9040,127.6360,111.5890,103.3950,96.4730,91.6856,87.0397,82.5452,78.2107,72.4263,66.2445,55.9435,41.5578,29.2094,20.3742,8.5424
46.687,0.0011246383695529157,1.0,1.3510671835720272e-23,5,203.988,0.0139122,-0.110638,13832.9,18.0,7.7434,16.8554,32.1344,161.3330,119.4480,104.0960,96.3321,89.8180,85.3396,81.0149,76.8520,72.8587,67.5617,61.9404,52.6564,39.1734,27.4703,19.5522,9.3222
46.806,0.14036179612816058,1.0,1.5895170308006543e-24,5,206.334,0.105115,-0.0650199,14088.7,18.0,7.3164,17.0947,30.1137,185.5420,126.4700,110.0170,102.1360,95.4999,90.9218,86.4877,82.2056,78.0824,72.5893,66.7250,56.9488,41.9686,28.1625,19.4556,9.6598
46.909,0.0807900346960819,1.0,2.67150127366666e-25,5,208.114,0.14758,-0.0524009,14282.9,18.0,7.0482,15.4400,24.3806,43.1028,163.6710,135.3120,124.0830,115.7000,110.3840,105.4710,100.6980,96.0527,89.7782,82.9595,71.2708,52.4718,33.1484,21.3407,9.9108
47.029,0.040993775476495936,1.0,3.142994533456089e-26,5,210.538,0.162846,-0.0188754,14444.8,18.0,6.9731,14.6289,22.1923,36.4683,200.0000,148.8470,134.4410,123.9650,117.4390,111.5730,106.2730,101.4610,95.1408,88.2468,76.3543,56.9258,36.3523,22.6776,10.0587
47.146,0.13086035254231182,1.0,3.6977016386657546e-27,5,213.059,0.181529,-0.0403426,14532.5,18.0,6.6809,13.5121,19.8663,31.2838,200.0000,182.0150,148.2240,134.4050,126.2490,119.0340,112.6080,106.8480,99.7199,92.6431,80.6849,60.9178,39.4583,24.6346,10.4558
47.248,0.13125266074816472,1.0,6.214727144105536e-28,5,214.599,0.229615,-0.0996583,14749.4,18.0,5.9723,11.0575,15.1952,21.2616,29.0202,37.0057,45.8285,200.0000,200.0000,200.0000,191.9720,164.9010,141.0830,126.4020,106.1310,80.0142,51.4198,30.7281,11.6506
47.369,0.03440709749916689,1.0,7.311564337768721e-29,5,216.841,0.344811,-0.13769,14822.8,18.0,4.9295,8.6934,11.6122,15.6292,20.0956,23.7361,26.4654,29.6645,32.7542,37.1506,45.3496,200.0000,200.0000,192.0500,133.0650,93.6770,60.8925,36.4126,13.3465
47.488,0.014148029284009106,1.0,8.601982327741527e-30,5,219.271,0.505213,-0.145368,14952.6,18.0,3.7094,6.5644,8.8047,11.8870,15.2841,18.0019,19.9900,22.2461,24.3202,27.0277,30.9042,38.1205,200.0000,200.0000,142.5510,95.4964,62.5607,38.7282,14.8191
47.590,-0.027778345501840895,1.0,1.4457351698235188e-30,6,220.097,0.642344,-0.12471,13726.3,18.0,2.7225,4.9287,6.7049,9.2127,12.0592,14.3980,16.1438,18.1631,20.0588,22.5995,26.4167,35.2059,200.0000,190.1360,133.4240,91.1745,60.7098,38.9055,15.7355
47.706,-0.007281926603234579,1.0,1.7008929699456721e-31,6,221.048,0.779134,-0.0944551,13792.7,18.0,1.7216,3.2342,4.5103,6.4062,8.6990,10.7071,12.2924,14.2359,16.1994,19.1453,25.2845,200.0000,189.8520,166.7230,117.2230,83.5911,57.0227,37.9860,16.4286
47.807,-0.000516140528879156,1.0,2.858690814587691e-32,6,222.678,0.86941,-0.0770143,13886.6,18.0,1.0325,1.9829,2.8070,4.0661,5.6366,7.0476,8.1793,9.5815,11.0057,13.1279,17.1698,200.0000,183.3920,161.3990,113.8110,81.0124,55.4703,37.7363,16.9149
47.909,-0.012917860685609371,1.0,4.804601652077532e-33,6,224.283,0.939926,-0.0555885,13980.2,18.0,0.4838,0.9573,1.3852,2.0695,2.9739,3.8329,4.5520,5.4804,6.4643,8.0089,11.2721,189.1020,171.4060,149.5790,106.5810,76.7832,53.0342,36.8030,17.1439
48.028,-0.009294768106774633,1.0,5.652565797652697e-34,6,226.186,0.995885,-0.0299214,14081.8,18.0,0.0339,0.0698,0.1043,0.1631,0.2487,0.3379,0.4180,0.5290,0.6536,0.8579,1.2653,2.8241,157.5890,136.1900,98.5711,71.8580,50.1093,35.3745,17.1739
48.147,0.010118922774237673,1.0,6.650187135280422e-35,6,228.047,1.01977,-0.00476152,14185.0,18.0,-1.0000,-1.0000,-1.0000,-1.0000,-1.0000,-1.0000,-1.0000,-1.0000,-1.0000,-1.0000,-1.0000,-1.0000,-1.0000,-1.0000,-1.0000,-1.0000,-1.0000,-1.0000,-1.0000
48.248,0.17198197726654468,1.0,1.1176969518265804e-35,6,229.278,1.02971,-0.0373109,14286.8,18.0,-1.0000,-1.0000,-1.0000,-1.0000,-1.0000,-1.0000,-1.0000,-1.0000,-1.0000,-1.0000,-1.0000,-1.0000,-1.0000,-1.0000,-1.0000,-1.0000,-1.0000,-1.0000,-1.0000
48.349,0.056355054310701355,1.0,1.878513266934934e-36,6,230.218,1.06597,-0.0675166,14351.5,18.0,-1.0000,-1.0000,-1.0000,-1.0000,-1.0000,-1.0000,-1.0000,-1.0000,-1.0000,-1.0000,-1.0000,-1.0000,-1.0000,-1.0000,-1.0000,-1.0000,-1.0000,-1.0000,-1.0000
48.449,-0.09237502154212562,1.0,3.1572172477375444e-37,6,231.207,1.12039,-0.0538409,14373.2,18.0,-1.0000,-1.0000,-1.0000,-1.0000,-1.0000,-1.0000,-1.0000,-1.0000,-1.0000,-1.0000,-1.0000,-1.0000,-1.0000,-1.0000,-1.0000,-1.0000,-1.0000,-1.0000,-1.0000
48.569,-0.2822165245440752,1.0,3.714434519790743e-38,6,231.511,1.14079,0.0583379,14461.0,18.0,-1.0000,-1.0000,-1.0000,-1.0000,-1.0000,-1.0000,-1.0000,-1.0000,-1.0000,-1.0000,-1.0000,-1.0000,-1.0000,-1.0000,-1.0000,-1.0000,-1.0000,-1.0000,-1.0000
48.669,-0.09247671076260255,1.0,6.242850097412304e-39,6,231.658,1.07447,0.123467,14551.1,18.0,-1.0000,-1.0000,-1.0000,-1.0000,-1.0000,-1.0000,-1.0000,-1.0000,-1.0000,-1.0000,-1.0000,-1.0000,-1.0000,-1.0000,-1.0000,-1.0000,-1.0000,-1.0000,-1.0000
48.786,-0.024242214866151683,1.0,7.344650711104602e-40,6,233.079,0.925423,0.144814,14530.6,18.0,0.7487,2.4094,6.9287,200.0000,162.6870,131.5310,119.2900,109.2850,102.3050,95.4886,88.8588,82.4419,73.8685,65.6223,55.5612,43.8638,33.3031,25.1905,14.4092
48.888,0.08647021477350317,1.0,1.2344154450153508e-40,6,234.417,0.775514,0.135134,14600.3,18.0,2.2248,6.8996,18.1435,200.0000,167.1130,132.6330,119.5150,109.7190,102.9600,96.3746,89.9861,83.8173,75.5953,66.8647,54.9058,42.2212,31.5371,23.6744,13.3845
48.989,0.059478783372981514,1.0,2.0746820384373005e-41,6,235.539,0.644106,0.0892426,14673.5,18.0,3.3299,8.8972,17.8084,48.1786,200.0000,200.0000,166.4980,147.4930,136.3860,126.8440,118.5570,111.2960,102.1260,92.1190,74.9378,49.8246,33.7075,24.1460,12.8561
49.089,0.019490007735658583,1.0,3.4869181020015716e-42,6,236.79,0.544536,0.0724789,14728.3,18.0,4.1783,10.6648,20.0029,42.8272,200.0000,200.0000,200.0000,165.7050,151.0890,138.8520,128.4580,119.5210,108.9250,98.7888,81.6950,54.5614,34.0776,23.5969,12.2508
49.207,0.05187077849047399,1.0,4.102324277823829e-43,6,238.301,0.44779,0.0607235,14825.3,18.0,4.9982,12.3753,21.5654,39.7779,187.6910,200.0000,200.0000,200.0000,161.6040,146.8970,134.6510,124.3010,112.2350,101.0440,84.4256,58.2963,34.5870,23.0331,11.6022
49.309,0.024837425959758515,1.0,6.894776413738511e-44,6,239.504,0.385952,0.0387318,14901.8,18.0,5.4245,12.5328,20.1617,33.5234,53.5821,186.2580,196.4600,200.0000,200.0000,200.0000,200.0000,147.5760,130.1750,114.7340,93.9024,66.3155,38.6739,23.9555,11.3499
49.410,0.00813872773849367,1.0,1.1588050718570314e-44,6,240.766,0.342346,0.0258834,14939.0,18.0,5.7051,12.6155,19.5390,30.9107,48.7447,175.3940,185.3610,194.2970,200.0000,200.0000,200.0000,154.5150,134.8160,117.7540,95.2133,67.8434,40.9359,24.6192,11.1928
49.527,0.0021335186442796848,1.0,1.363322578989079e-45,6,242.199,0.3178,0.00723141,15021.8,18.0,5.8059,12.3971,18.6685,28.8697,48.1501,167.4770,176.9280,185.3870,191.9600,199.0330,200.0000,200.0000,131.8810,114.8840,92.5669,66.4516,41.7213,25.6245,11.1933
49.647,0.0005592891114860536,1.0,1.6039353809548621e-46,6,243.569,0.319071,-0.00997192,15161.9,18.0,5.6982,11.8160,17.4416,27.5887,52.2230,160.6280,169.4740,177.5630,183.8470,190.6080,197.9010,200.0000,126.8790,110.4630,88.9369,64.0770,41.5934,26.4107,11.4060
49.747,0.05884010149492676,1.0,2.695734194770836e-47,6,244.716,0.340708,-0.0384834,15273.0,18.0,5.3722,10.6737,15.5754,24.2972,41.5672,144.7630,154.7040,162.0400,167.4370,173.2210,179.4320,186.1190,196.3930,123.0430,96.1323,66.9810,43.6819,27.9041,11.9579
49.869,0.015424579566286078,1.0,3.1715043228059414e-48,6,246.198,0.406743,-0.0726417,15366.4,18.0,4.7181,9.2432,13.4165,20.6158,33.0054,80.9643,135.7070,144.2130,149.3820,154.2600,159.3950,164.8970,173.2940,184.0370,108.8290,72.0039,46.1213,29.6574,12.7609
49.988,0.004043460985824497,1.0,3.731243120737962e-49,6,247.857,0.486567,-0.0542229,15427.6,18.0,4.1493,8.3536,12.4000,19.8494,35.4678,116.0860,129.9870,137.4960,142.2530,146.8690,151.7830,157.0490,165.0900,175.3830,104.5220,69.4360,44.7129,29.5384,13.2087
50.108,-0.02192301844078202,1.0,4.389770219117005e-50,6,249.351,0.546066,-0.0304201,15646.6,18.0,3.7493,7.8504,12.0751,20.8698,51.4456,118.1340,126.7910,133.1860,137.5060,142.0650,146.9470,152.1890,160.2100,170.5130,95.6722,64.8559,42.3804,28.6698,13.3940
50.228,-0.005746987746140362,1.0,5.1645207650889655e-51,6,251.014,0.57402,-0.00498325,15701.1,18.0,3.6062,7.9168,12.7847,25.4569,85.2086,116.4640,123.4410,129.1150,133.3820,137.9510,142.8560,148.1340,156.2340,166.6820,86.2828,59.8115,39.7463,27.2924,13.2927
50.347,-0.001506538355724219,1.0,6.076007034919517e-52,6,252.697,0.569819,0.0140149,15724.9,18.0,3.7132,8.4844,14.3710,31.2979,95.2586,110.3270,116.5680,121.8530,125.9020,130.2410,134.8990,139.9140,147.6160,157.5570,81.9647,57.0260,38.0021,26.1417,13.0194
50.448,-0.000493662488403712,1.0,1.0211945023589233e-52,6,254.027,0.545034,0.0291116,15774.3,18.0,3.9909,9.4511,16.5083,36.1472,92.1234,104.7050,110.4280,115.4080,119.2490,123.3640,127.7830,132.5410,139.8490,149.2830,78.8459,54.9053,36.6141,25.1981,12.6382
50.569,-0.00012941065936010267,1.0,1.2014251200802496e-53,6,255.536,0.491414,0.046828,15855.9,18.0,4.5425,10.9455,19.1174,41.8388,87.0169,97.6540,102.8110,107.4320,111.0070,114.8360,118.9490,123.3770,130.1770,138.9560,75.6337,52.4791,34.9916,24.0794,12.0775
50.689,-3.392422788729475e-05,1.0,1.4134646395232132e-54,6,256.996,0.421579,0.0491969,15972.7,18.0,5.1685,12.4536,21.7509,47.5994,81.3878,90.5260,95.1609,99.4385,102.7470,106.2910,110.0970,114.1950,120.4900,128.6150,147.6570,50.0168,33.3492,22.9489,11.5104
50.808,-8.893032795286995e-06,1.0,1.662927013752665e-55,6,258.5,0.351133,0.0492255,16062.8,18.0,5.7981,13.9717,24.4043,53.4171,75.4130,83.3127,87.4786,91.4110,94.4526,97.7114,101.2110,104.9790,110.7660,118.2360,135.4320,47.5304,31.6932,21.8102,10.9397
50.927,-2.331255189087714e-06,1.0,1.9564170024098727e-56,6,259.965,0.280238,0.049236,16154.4,18.0,6.4317,15.4988,27.0725,54.5698,69.1696,76.0032,79.7458,83.3307,86.1036,89.0744,92.2648,95.6997,100.9750,107.7860,123.4640,45.0335,30.0290,20.6652,10.3656
51.028,-7.639057003602621e-07,1.0,3.2881500559502735e-57,6,261.177,0.220847,0.0492484,16219.4,18.0,6.9625,16.7784,29.3085,51.8795,63.8066,69.8468,73.2687,76.5627,79.1105,81.8402,84.7716,87.9277,92.7753,99.0331,113.4380,43.2227,28.6346,19.7059,9.8846
51.148,-0.06045197603451592,0.998585205078125,3.868475659324937e-58,6,262.568,0.144947,0.0640446,16299.6,18.0,7.7685,19.4046,34.9461,50.2990,60.1856,65.7368,69.1485,72.4504,75.0158,77.7755,80.7525,83.9731,88.9512,95.4345,110.6070,39.5097,25.4350,17.8241,9.1484
51.248,-0.06997640658837141,0.5827968765624999,0.613328288269043,6,259.725,0.0570049,0.099992,15812.0,18.0,8.9385,24.6475,39.0541,51.9886,61.9396,68.5340,72.6816,76.7589,79.9704,83.4691,87.2948,91.4955,98.1180,107.4580,131.5780,29.6270,20.8265,15.1604,8.1921
51.367,-0.06500731569773953,0.15277670440959998,0.9113153256465499,6,244.048,-0.0848003,0.125883,14551.4,18.0,10.6226,27.6891,39.1206,50.8347,61.6067,68.9898,73.7230,78.4445,82.2130,86.3688,90.9747,96.1068,125.2110,123.7550,120.4520,24.3957,16.6868,12.4319,6.9483
51.468,-0.1401406690567728,0.05006187050093772,0.942670602047529,6,228.865,-0.218401,0.141043,13556.6,18.0,12.1689,27.8061,37.9186,49.3838,60.5841,68.4151,73.5034,78.6332,82.7667,87.3660,119.3350,118.5500,117.3510,115.8170,112.3550,22.7393,14.0228,10.3011,5.8658
51.569,-0.10725830910702332,0.016404273725747272,0.9467640307155227,6,213.85,-0.360604,0.159502,12630.4,18.0,13.2678,27.5664,37.0324,49.0549,61.2116,69.9544,75.7462,81.6764,113.1540,112.4110,111.6140,110.7610,109.4620,107.8050,104.0710,22.6933,12.0999,8.4531,4.7337
51.687,-0.028117122182551517,0.004300281931562293,0.9442778029212081,6,193.727,-0.515511,0.100053,11570.8,18.0,13.3679,25.5486,33.9343,44.8554,55.8534,63.7352,68.9437,74.2663,78.7819,105.8240,105.0930,104.3150,103.1380,101.6540,98.3811,88.5194,12.7394,7.7896,3.8099
51.789,-0.07431926684130973,0.001409116383334332,0.9391093327148972,6,180.167,-0.570091,0.0324098,10438.0,18.0,13.1111,24.0429,31.9632,42.3202,52.7834,60.3026,65.2811,70.3762,101.1830,100.5210,99.8201,99.0763,97.9584,96.5587,93.5101,84.7919,16.1037,8.1794,3.5860
51.889,-0.2594757130270166,0.0004617392564909939,0.919316133167801,5,169.839,-0.573313,-0.0179294,10604.9,18.0,12.6605,22.7322,30.3117,40.2862,50.4369,57.7776,62.6595,67.6740,96.0312,95.3854,94.7035,93.9835,92.9063,91.5659,88.6781,80.7156,23.7983,9.5483,3.7388
51.989,-0.2337845070976053,0.00015130271956696889,0.7289446971816882,5,160.036,-0.54061,-0.0606492,9251.7,18.0,12.0247,21.3349,28.4463,37.8033,47.3237,54.2074,58.7849,63.5161,91.4427,90.8279,90.1812,89.5009,88.4882,87.2363,84.5704,77.5029,32.1270,12.3325,4.2231
52.107,-0.06128520582859463,3.966310011816349e-05,0.762419242455828,5,151.126,-0.467578,-0.105326,7589.65,18.0,11.1339,19.6510,26.1405,34.6374,43.2341,49.4198,53.5189,57.7173,86.4347,85.8632,85.2647,84.6378,83.7098,82.5714,80.1801,74.0899,43.1376,16.1584,5.1766
52.209,-0.07774743313888263,1.2996804646719811e-05,0.8152535526899025,4,144.996,-0.385516,-0.137721,5793.58,18.0,10.4071,18.3006,24.2858,32.0830,39.9262,45.5417,49.2502,53.0378,82.4884,81.9515,81.3910,80.8059,79.9436,78.8919,76.7061,71.2834,53.0880,19.3520,6.1283
52.329,-0.26333924564041433,3.407034357309718e-06,0.11113869760872003,4,133.894,-0.279561,-0.141353,7812.36,18.0,9.6006,16.8538,22.3411,29.4732,36.6286,41.7400,45.1102,48.5479,77.8717,77.3670,76.8420,76.2963,75.4956,74.5253,72.5302,67.7059,55.1436,22.8574,7.1992
52.448,-0.09372079136276076,8.931336145625986e-07,0.013075356634968305,4,125.921,-0.1854,-0.11681,9303.81,18.0,9.0639,16.4052,22.1921,30.0463,38.3331,44.5204,73.3329,72.6471,72.1360,71.6065,71.0581,70.4898,69.6595,68.6575,66.6103,61.7482,49.3690,22.9298,7.8848
52.569,-0.024568343130999558,2.3412961825589785e-07,0.0015383026327473862,3,124.594,-0.109899,-0.0895808,11289.6,18.0,8.6764,16.2881,22.6061,31.6850,42.2954,68.3289,67.5421,66.8201,66.2842,65.7310,65.1597,64.5695,63.7097,62.6764,60.5895,55.7063,43.5615,22.2827,8.3315
52.687,-0.07174773673224057,6.13756746480741e-08,0.00018097976644009732,3,123.071,-0.0484018,-0.0766366,11147.6,18.0,8.2859,15.8447,22.2914,31.8498,64.7380,63.3667,62.5863,61.8737,61.3471,60.8052,60.2473,59.6729,58.8397,57.8464,55.8583,51.3086,40.9703,22.6371,8.7719
52.788,-0.20569644021500028,2.0111581068680916e-08,3.041726934558716e-05,3,121.701,-0.012069,-0.0324271,11025.1,18.0,8.3223,17.0549,25.3529,61.5222,58.8341,57.3274,56.4749,55.6990,55.1274,54.5419,53.9418,53.3267,52.4386,51.3840,49.2893,44.5443,33.6419,20.1111,8.6685
52.908,-0.05392208762372104,5.2721303076682895e-09,3.578561321238984e-06,3,120.085,0.000334899,0.029587,10868.5,18.0,8.7450,20.1644,58.2294,53.9776,50.9311,49.2550,48.3165,47.4691,46.8492,46.2166,45.5707,44.9106,43.9621,42.8438,40.6354,35.6882,25.3509,16.9838,8.2477
53.028,-0.014135351738032728,1.382057327373396e-09,0.7121239076474616,3,114.259,-0.0150504,0.0491664,9533.44,18.0,9.0697,21.8521,52.8952,48.5501,45.5261,43.8922,42.9873,42.1766,41.5861,40.9855,40.3748,39.7547,38.8705,37.8353,35.8183,31.4618,23.1089,15.9015,7.9753
53.146,0.2438579659871472,3.622980360269716e-10,0.5058444959178231,2,103.315,-0.0371431,0.0484044,9940.04,18.0,9.2593,22.2796,48.7447,44.5279,41.6678,40.1467,39.3118,38.5682,38.0293,37.4838,36.9314,36.3730,35.5815,34.6625,32.8959,29.2058,22.6171,15.5745,7.8018
53.247,0.2512014886474559,1.1871782044531805e-10,0.08501728442890853,2,95.9329,-0.0541844,0.0381753,10889.1,18.0,9.3070,22.6770,45.9779,41.9347,39.2411,37.8247,37.0512,36.3653,35.8701,35.3706,34.8665,34.3580,33.6393,32.8096,31.2303,27.9919,22.4752,15.7018,7.7359
53.349,0.08231370379999833,3.890145540352182e-11,0.014288854993966656,2,92.6979,-0.0654989,0.0116064,10553.0,18.0,9.1479,22.1880,44.0381,40.2462,37.7541,36.4544,35.7474,35.1209,34.6697,34.2157,33.7590,33.2996,32.6519,31.9054,30.4911,27.6264,22.8559,16.6617,7.8391
53.449,0.026972554461183455,1.274722890662603e-11,0.002401527858835976,2,91.5898,-0.0675069,-0.00696117,10428.2,18.0,8.9957,46.1098,41.7781,38.1747,35.8432,34.6365,33.9837,33.4074,32.9929,32.5761,32.1576,31.7377,31.1477,30.4705,29.1933,26.6322,22.4462,17.1283,7.9681
53.567,0.3749541194735637,3.3416095744985744e-12,0.00028253735106419374,2,90.1876,-0.0558337,-0.0545676,10276.1,18.0,8.5077,44.0023,40.0138,36.7044,34.5963,33.5108,32.9239,32.4073,32.0367,31.6649,31.2920,30.9179,30.3926,29.7900,28.6574,26.3984,22.7289,18.0658,8.4870
53.669,0.2778680615361192,1.094978625371693e-12,4.748605259335904e-05,2,88.8158,-0.0190718,-0.152726,10076.0,18.0,7.5819,14.1902,40.4121,37.5466,35.6798,34.7206,34.2025,33.7458,33.4176,33.0879,32.7567,32.4241,31.9561,31.4182,30.4015,28.3563,24.9718,20.5141,9.9492
53.787,0.07284144512332444,2.870420767694371e-13,5.586686601556098e-06,2,87.3851,0.0608668,-0.241145,9918.21,18.0,6.5865,11.2227,39.5478,37.1124,35.4910,34.6456,34.1858,33.7805,33.4896,33.1976,32.9045,32.6105,32.1973,31.7230,30.8284,29.0241,26.0114,21.9676,11.5883
53.889,0.023868684738010952,9.405794771580917e-14,9.389544171235334e-07,2,86.4279,0.151652,-0.266505,9852.89,18.0,5.8691,10.4778,37.4676,35.1760,33.6612,32.8780,32.4537,32.0788,31.8092,31.5389,31.2681,30.9968,30.6163,30.1806,29.3619,27.7232,25.0160,21.4162,12.1026
54.008,0.006257032491961143,2.4656726646013078e-14,1.104670482201666e-07,2,85.448,0.27491,-0.258909,9752.56,18.0,5.1852,11.0465,34.4206,32.2197,30.8026,30.0787,29.6890,29.3461,29.1001,28.8538,28.6075,28.3615,28.0174,27.6247,26.8910,25.4381,23.0822,20.0119,12.1658
54.108,0.17443365090227442,8.079516187365565e-15,1.8566196794363405e-08,2,84.687,0.363033,-0.201387,9637.68,18.0,4.7493,34.7238,32.2220,30.1397,28.8150,28.1440,27.7844,27.4689,27.2431,27.0170,26.7907,26.5643,26.2484,25.8888,25.2193,23.9031,21.7946,19.0782,12.1599
54.209,0.39064964104526273,2.647495864275948e-15,3.1204206952286573e-09,2,83.8402,0.432989,-0.172753,9413.58,18.0,4.3191,33.0421,30.7604,28.8530,27.6424,27.0246,26.6944,26.4052,26.1985,25.9918,25.7852,25.5785,25.2894,24.9593,24.3418,23.1280,21.1955,18.7197,12.3309
54.309,0.5064470746765242,8.675314448059427e-16,5.244491062470806e-10,2,82.6509,0.490651,-0.182535,9385.79,18.0,3.8395,32.0539,30.0162,28.3615,27.2865,26.7362,26.4397,26.1786,25.9912,25.8031,25.6143,25.4249,25.1589,24.8552,24.2874,23.1617,21.3346,18.9800,12.7610
54.428,0.5565227345938027,2.2741816306720903e-16,6.170091290086279e-11,2,80.9053,0.551565,-0.207135,9144.44,18.0,3.3077,7.1474,29.1664,27.7830,26.8998,26.4369,26.1845,25.9605,25.7988,25.6357,25.4719,25.3076,25.0768,24.8121,24.3131,23.3077,21.6339,19.4073,13.3125
54.529,0.5768925474073643,7.452038367386305e-17,1.0370072431248008e-11,2,79.0955,0.597145,-0.232013,8916.67,18.0,2.9128,5.7089,28.9037,27.2234,26.3984,26.0099,25.7982,25.6104,25.4749,25.3381,25.2003,25.0613,24.8649,24.6379,24.2051,23.3143,21.8085,19.7334,13.7490
54.650,0.5728505504710382,1.9535071457801153e-17,1.2200286514638965e-12,2,76.4802,0.647678,-0.264989,8643.86,18.0,2.4848,4.4606,29.6578,27.3134,26.1670,25.6548,25.3967,25.1792,25.0283,24.8811,24.7375,24.5974,24.4070,24.1974,23.8263,23.1010,21.8410,20.0152,14.2627
54.766,0.5574492771030376,5.121001772233825e-18,1.43535150816076e-13,2,73.4077,0.696357,-0.304089,8330.19,18.0,2.0860,3.4751,4.8660,28.9691,27.2793,26.5325,26.1578,25.8427,25.6245,25.4119,25.2047,25.0027,24.7285,24.4267,23.8927,22.9373,21.6286,20.1067,14.8119
54.869,0.4658377721565218,1.67804986072558e-18,2.4123952797657895e-14,2,70.5377,0.737652,-0.342836,8019.93,18.0,1.7621,2.7604,3.5703,4.9356,31.0355,29.1032,28.4749,28.0083,27.6874,27.3758,27.0731,26.7791,26.3814,25.9458,25.1795,23.8219,21.9819,20.0706,15.2661
54.990,0.2392490618208641,4.398907026900464e-19,2.838158922691654e-15,2,66.8707,0.78973,-0.396616,7633.59,18.0,1.3727,2.0035,2.4432,2.9966,3.5824,4.0735,4.4865,51.1517,51.6610,52.1673,52.6712,53.1729,53.8715,54.6640,56.1359,27.2714,24.0505,21.0363,15.6465
55.092,0.046462107527656046,1.4414338545747443e-19,4.770093701367863e-16,2,64.1301,0.836457,-0.433835,7334.76,18.0,1.0504,1.4814,1.7695,2.1023,2.4052,2.6099,2.7420,2.8764,2.9880,3.1177,3.2731,3.4695,3.9094,44.7936,46.3057,49.2560,54.0152,22.9680,15.6109
55.194,-0.20877295493338846,4.7232904546705223e-20,8.017096483888966e-17,2,61.9276,0.88293,-0.427087,7051.89,18.0,0.7531,1.0559,1.2527,1.4760,1.6745,1.8055,1.8884,1.9707,2.0364,2.1093,2.1912,2.2844,2.4415,2.6854,37.5317,40.5612,45.3764,51.8290,15.7201
55.295,-0.37185393895217234,1.5477278161864368e-20,1.3474334060472185e-17,2,61.2513,0.916275,-0.314285,6946.58,18.0,0.5680,0.8810,1.1087,1.4061,1.7529,2.1599,27.3060,28.1260,28.6964,29.2553,29.8034,30.3431,31.0877,31.9238,33.4513,36.3933,41.0765,47.3811,15.3609
55.411,-0.11451284195467826,4.057275606463772e-21,1.5852419278804923e-18,2,61.7963,0.914378,0.00364512,7059.7,18.0,0.7676,2.9536,17.0467,23.9109,27.0291,28.4951,29.2621,29.9257,30.3955,30.8618,31.3246,31.7843,32.4249,33.1526,34.5036,37.1634,41.5186,47.5424,13.9668
55.535,-0.03001885444136717,1.0635904565808392e-21,1.8650212757321203e-19,2,61.7719,0.852565,0.185799,6989.81,18.0,1.5676,6.0883,17.0439,22.2617,25.0247,26.3563,27.0592,27.6706,28.1052,28.5379,28.9688,29.3977,29.9962,30.6788,31.9532,34.4813,38.6716,44.5451,13.4640
55.650,-0.007869262578677757,0.007529296875,2.194178880686082e-20,2,61.4971,0.78364,0.194755,7063.9,18.0,2.3311,9.5152,17.1049,21.3162,23.7496,24.9535,25.5949,26.1553,26.5550,26.9541,27.3526,27.7508,28.3091,28.9479,30.1462,32.5456,36.5759,42.3130,12.8847
55.756,-0.3670533420760779,0.147368518359375,3.687756444769098e-21,2,61.5746,0.724872,0.222589,7022.32,18.0,3.0939,12.4718,17.6336,21.2864,23.4947,24.6090,25.2050,25.7270,26.1008,26.4758,26.8518,27.2287,27.7578,28.3642,29.5049,31.8125,35.7300,41.3845,12.2366
55.873,-0.3147746796187163,0.259110366236175,4.338608579706396e-22,2,62.3683,0.633515,0.28096,7285.37,18.0,4.5496,14.6288,18.8605,22.0993,24.1210,25.1541,25.7111,26.2017,26.5536,26.9068,27.2612,27.6174,28.1190,28.6963,29.7891,32.0128,35.8394,41.4479,11.1955
55.993,-0.08251629361396876,0.30709053604974085,5.1043296079387785e-23,2,63.853,0.525996,0.316763,7571.68,18.0,6.2746,15.1778,18.8627,21.7873,23.6510,24.6120,25.1315,25.5907,25.9215,26.2545,26.5897,26.9270,27.4025,27.9505,28.9910,31.1286,34.8460,40.3766,10.2624
56.108,-0.10215697823236874,0.33007825554472325,6.005192740443894e-24,2,65.8019,0.410642,0.328726,7752.06,18.0,7.2829,14.6774,17.8606,20.4606,22.1499,23.0281,23.5060,23.9299,24.2359,24.5445,24.8555,25.1691,25.6121,26.1238,27.1005,29.1218,32.6812,38.0611,9.5423
56.212,-0.5148458954110332,0.33805357012064485,1.0092927438864052e-24,2,67.0523,0.303583,0.380706,8447.29,18.0,8.1165,15.0648,18.0744,20.5631,22.1906,23.0437,23.5089,23.9217,24.2196,24.5202,24.8237,25.1302,25.5642,26.0670,27.0287,29.0248,32.5705,37.9848,8.8581
56.328,-0.21587142339302995,0.3453346096169563,1.1874228202549172e-25,2,69.3097,0.154991,0.399296,8194.84,18.0,8.9755,15.6564,18.5666,20.9950,22.5963,23.4389,23.8998,24.3095,24.6058,24.9050,25.2072,25.5123,25.9449,26.4470,27.4102,29.4185,33.0131,38.5765,8.0456
56.448,-0.11420871978674518,0.34713065215342737,1.396991073801708e-26,2,71.5957,0.0238759,0.285978,8468.01,18.0,9.2015,15.1616,17.8079,20.0504,21.5469,22.3391,22.7734,23.1600,23.4403,23.7240,24.0112,24.3019,24.7145,25.1941,26.1162,28.0527,31.5557,37.0996,7.7189
56.549,-0.44831247479514635,0.3501661881132601,2.3479228977385304e-27,2,73.4377,-0.0571613,0.200325,8665.26,18.0,9.2441,14.6979,17.1590,19.2666,20.6858,21.4398,21.8549,22.2256,22.4946,22.7672,23.0432,23.3228,23.7201,24.1824,25.0745,26.9588,30.3964,35.9802,7.6543
56.666,-0.7969502300777263,0.3616978749823875,2.7623078099604044e-28,2,75.3161,-0.129123,0.139033,8954.15,18.0,9.4578,14.7564,17.1813,19.2777,20.6990,21.4576,21.8755,22.2490,22.5206,22.7960,23.0752,23.3584,23.7613,24.2311,25.1384,27.0630,30.5994,37.0120,7.3896
56.773,-0.43336004449249915,0.38733061084610365,4.642610736200451e-29,2,76.9526,-0.17338,0.105782,9209.63,18.0,9.6299,14.9298,17.3848,19.5220,20.9762,21.7555,22.1856,22.5701,22.8495,23.1331,23.4208,23.7129,24.1289,24.6145,25.5542,27.5508,31.3569,39.3106,7.1601
56.891,-0.18502216895116613,0.450501837837141,5.4619851050324695e-30,2,79.8214,-0.207863,0.0567757,9596.24,18.0,9.6192,14.7500,17.1673,19.2914,20.7467,21.5298,21.9631,22.3514,22.6338,22.9206,23.2118,23.5073,23.9288,24.4218,25.3784,27.4386,31.8622,41.8251,7.1847
56.991,-0.30701297018485446,0.48888582308184936,9.179958366028073e-31,2,82.5761,-0.217799,0.00485819,9952.34,18.0,9.4100,14.2379,16.5480,18.5969,20.0123,20.7766,21.2000,21.5801,21.8571,22.1388,22.4252,22.7164,23.1320,23.6185,24.5658,26.7367,31.5759,43.0104,7.5519
57.106,-0.43364543935615174,0.5142066180184683,1.0800129218048368e-31,2,85.8482,-0.210244,-0.0304235,10441.4,18.0,9.1969,13.8788,16.1628,18.2106,19.6353,20.4087,20.8385,21.2246,21.5062,21.7951,22.0935,22.4020,22.8516,23.3924,24.4919,27.0939,33.1628,49.2022,7.9462
57.209,-0.44607203317778626,0.5276999081860417,1.81517771767739e-32,2,88.5285,-0.192044,-0.0429218,10832.8,18.0,9.0363,13.7295,16.0586,18.1650,19.6476,20.4926,20.9798,21.4289,21.7637,22.1108,22.4710,22.8448,23.3926,24.0563,25.4218,28.7430,37.0230,62.1392,8.2025
57.330,-0.4343747338543098,0.5375908959815218,2.1355384330702728e-33,2,91.6881,-0.160448,-0.046428,11268.5,18.0,8.8254,13.5907,16.0070,18.3419,20.1834,21.2736,21.9110,22.5045,22.9508,23.4168,23.9041,24.4139,25.1687,26.0955,28.0466,33.0555,47.4598,80.0845,8.4985
57.447,-0.38858769483734557,0.5433942512736801,2.512439611122846e-34,2,94.7855,-0.1219,-0.0460466,11662.3,18.0,8.5816,13.4285,16.1768,19.1554,21.6257,23.1421,24.0483,24.9056,25.5588,26.2492,26.9801,27.7551,28.9217,30.3870,33.5958,42.6982,66.4412,99.8352,8.8224
57.568,-0.17602961105546364,0.5557963035433876,2.9558600780899163e-35,2,98.0394,-0.0787856,-0.0493148,12027.2,18.0,8.2764,13.3960,16.7940,20.7470,24.2655,26.5444,27.9525,29.3180,30.3809,31.5262,32.7638,34.1053,36.1841,38.9010,45.3020,59.9766,82.1993,47.0719,9.2465
57.669,-0.09127255605710433,0.5789865475888473,4.967914033245721e-36,2,101.127,-0.037344,-0.0717519,12271.8,18.0,7.8655,13.2164,17.0471,21.7555,26.1960,29.2078,31.1252,33.0277,34.5388,36.1977,38.0271,40.0544,43.2911,47.2491,54.3709,67.8895,90.8067,36.5439,9.7189
57.787,-0.2470824799881456,0.6403994007030057,5.844701180973259e-37,2,105.121,0.0242271,-0.105567,12758.8,18.0,7.3916,13.1213,17.5205,23.3268,29.2556,33.5558,36.4215,39.3697,41.7016,44.0117,46.2939,48.5521,51.6786,55.2092,61.7264,74.4389,156.6550,30.9456,10.0868
57.888,-0.10845238258551552,0.6833891557004859,9.823189274861757e-38,2,108.728,0.0770485,-0.0641673,13174.5,18.0,7.3738,14.3640,20.4944,29.8909,40.9644,47.3013,50.6586,53.5839,55.6666,57.7437,59.8150,61.8807,64.7627,68.0425,74.1507,91.7852,49.4739,24.4536,9.7868
58.008,-0.028430141380497383,0.7117802723006981,1.155688394998211e-38,2,113.238,0.117525,-0.0420941,14374.9,18.0,7.1918,14.5037,21.2739,32.3787,43.4874,49.2361,52.3298,55.0475,56.9932,58.9418,60.8925,62.8445,65.5785,68.7027,74.6912,151.5540,42.4632,23.4864,9.9082
58.130,-0.007452790982049107,0.7213864519207442,1.3596558398314454e-39,2,118.439,0.145482,-0.0243848,14657.5,18.0,7.0803,14.7109,22.1282,34.4076,44.4059,49.6967,52.5732,55.1150,56.9427,58.7793,60.6234,62.4741,65.0744,68.0570,74.6074,142.8420,39.9531,22.7265,9.9657
58.248,-0.001953704439198281,0.7255216460679366,1.5996214990032976e-40,3,123.16,0.163946,-0.0211013,11965.4,18.0,6.9491,14.5213,21.9529,33.3075,42.1443,46.9437,49.5840,51.9335,53.6318,55.3452,57.0725,58.8122,61.2665,64.0950,70.3253,138.9570,101.1860,22.8564,10.0916
58.367,-0.11322873124435684,0.7283837811524582,1.8819386973623903e-41,3,125.384,0.176191,-0.00743038,11902.0,18.0,6.9389,14.8619,22.9286,33.4374,41.4951,45.9280,48.3841,50.5795,52.1720,53.7831,55.4117,57.0564,59.3839,62.1607,69.1425,131.4210,95.5169,22.1553,10.0553
58.468,-0.037102790654150855,0.7361750884236625,3.16297436865697e-42,3,128.548,0.175229,0.0174791,12312.3,18.0,7.1240,16.0154,24.8660,35.1225,42.8979,47.1733,49.5441,51.6651,53.2047,54.7634,56.3402,57.9669,60.5570,64.1996,78.6198,119.4900,85.7433,20.6720,9.8023
58.588,-0.00972627395324172,0.7637407261297326,3.721207714981239e-43,3,132.532,0.161793,0.0302417,12712.7,18.0,7.3376,16.8147,25.0689,34.3900,41.5121,45.4671,47.6728,49.6535,51.0957,52.5596,54.1142,55.8493,58.6936,62.9174,130.1010,111.5300,80.8068,20.1272,9.5731
58.708,-0.11940205286350547,0.7959460879730526,4.3779636645982777e-44,3,136.752,0.13695,0.0488259,13090.3,18.0,7.7086,17.5365,25.3415,34.0066,40.6413,44.3465,46.4207,48.2900,49.7307,51.3345,53.1490,55.2485,58.9568,66.2413,120.9700,101.5530,73.9223,19.5041,9.2089
58.828,-0.07006835843417078,0.808863040894983,5.1506304717632286e-45,3,140.678,0.0913893,0.0983741,13918.2,18.0,8.5483,19.5173,27.8943,36.9152,43.6848,47.9947,51.0570,54.5951,58.1843,122.4870,120.2060,117.8230,114.2790,109.8480,99.9755,83.3803,34.5972,17.2277,8.4826
58.948,-0.018367999753367264,0.8140862910392493,6.059665243724722e-46,3,145.207,0.0179113,0.125104,13990.1,18.0,9.2483,20.5492,28.8702,37.6869,45.5047,53.1337,116.7050,113.5600,111.1940,108.7080,106.0780,103.2690,98.9255,93.7942,85.5170,72.7110,29.9266,15.9964,7.8678
59.050,-0.11073853214961307,0.8166604872539912,1.018447937512814e-46,3,148.817,-0.0475553,0.10722,14383.8,18.0,9.6473,20.6709,28.5510,37.0133,46.8925,111.6240,108.0780,104.7670,102.2520,99.5831,96.7160,93.6048,89.4114,85.0716,78.0133,66.5770,33.9995,15.6086,7.4676
59.166,-0.08982917988182818,0.8182472819269603,1.198193814004451e-47,3,152.951,-0.123604,0.116422,14788.7,18.0,10.4253,22.3189,30.6570,44.8675,99.2883,91.5779,86.8884,83.0819,80.5682,78.2080,75.9875,73.8953,71.1612,68.2863,63.3721,51.5491,23.7202,13.7706,6.8072
59.267,-0.029435225663677456,0.8186263044980764,2.013804343197281e-48,4,156.18,-0.187566,0.111009,12170.6,18.0,10.9295,22.9959,32.4469,99.3881,84.8324,77.0299,73.4473,70.5862,68.6813,66.8814,65.1784,63.5647,61.4428,59.0564,54.1273,42.5993,21.6789,12.8179,6.3324
59.367,-0.009645334745473829,0.8187505026141797,3.3846009596116714e-49,4,157.396,-0.247019,0.0817982,12030.9,18.0,11.1073,22.3949,33.1577,91.7324,76.8685,70.0257,66.8693,64.3419,62.6560,61.0609,59.5493,58.1151,56.2123,53.9801,49.4689,39.5119,23.3631,12.8199,6.0159
59.488,-0.0025284666315174916,0.8195480966010416,3.981949182973535e-50,4,160.762,-0.296219,0.0376345,12252.8,18.0,11.0396,21.6194,35.3966,84.0955,69.6138,63.4715,60.6348,58.3619,56.8451,55.4091,54.0479,52.7559,51.0450,49.0652,45.1522,36.9043,24.3295,13.8098,5.8582
59.607,-0.004692688869933771,0.8190042513916335,4.6847233942765345e-51,4,164.054,-0.308531,-0.00925953,12477.2,18.0,10.6783,21.3381,95.1932,76.4706,62.6251,57.1157,54.5704,52.5303,51.1687,49.8796,48.6575,47.4973,45.9673,44.2376,40.8861,34.0720,24.0390,15.1458,6.0439
59.707,-0.08167510107774491,0.8199585670022606,7.87361460876057e-52,4,166.647,-0.290427,-0.028488,12732.5,18.0,10.4483,23.6771,84.5441,64.1746,52.6371,48.3401,46.3355,44.7199,43.6371,42.6087,41.6307,40.6752,39.3249,37.7633,34.8314,29.1872,21.4078,14.5120,6.3348
59.807,-0.02676329712115545,0.8197894021415507,1.3233184072943892e-52,4,169.267,-0.256709,-0.0385574,12934.9,18.0,10.5371,95.9743,73.2406,52.4955,43.7268,40.3936,38.8259,37.5565,36.7012,35.8565,35.0111,34.1652,32.9817,31.6434,29.1928,24.6844,18.7307,13.4023,6.4536
59.907,0.10073697088255854,0.8207519311374933,2.22410124713968e-53,4,171.902,-0.235825,-0.0081237,13168.7,18.0,10.7358,89.2530,66.2701,46.1994,38.3985,35.4416,34.0526,32.9287,32.1730,31.4372,30.7056,29.9786,28.9692,27.8328,25.7789,22.0461,17.1383,12.6462,6.4268
60.029,0.2522114378164674,0.8224836399392321,2.6166328762473626e-54,4,174.652,-0.228025,-0.0349315,13390.5,18.0,10.4101,92.0752,71.4580,53.2741,41.5162,37.3549,35.4686,33.9729,32.9825,32.0505,31.1720,30.3427,29.2568,28.1122,26.2024,22.7736,17.9719,13.3116,6.6449
60.148,0.10255011843696002,0.8229375970113549,3.0784424125762597e-55,4,177.099,-0.212507,-0.0533398,13602.4,18.0,10.1424,40.7257,75.1012,59.6029,48.7627,42.4833,39.5234,37.2579,35.7957,34.4464,33.1976,32.0385,30.5490,29.0130,26.5263,22.6855,18.2286,13.7330,6.8735
60.248,0.07296868656442305,0.8219040003824307,0.5977202911376953,4,176.948,-0.201413,-0.0219281,13197.1,18.0,10.4943,44.6416,71.3099,56.4634,46.4470,40.7847,37.6194,35.2064,33.6669,32.2588,30.9660,29.7750,28.2572,26.7061,24.2258,20.4673,16.3441,12.6766,6.7321
60.367,0.20985485968852535,0.806114278838752,0.9132229326759796,4,167.331,-0.21962,0.0411813,12332.0,18.0,11.8651,82.9413,64.5617,50.2473,40.8629,35.7343,32.8450,30.6002,29.1783,27.8848,26.7030,25.6192,24.2447,22.8479,20.6305,17.3076,13.7130,10.7331,6.1954
60.467,0.24809396056724847,0.7434324487648822,0.3095912315663363,4,159.606,-0.276267,0.102245,12000.0,18.0,13.2222,77.5209,59.3758,45.5334,36.7016,32.0243,29.4113,27.2701,25.9244,24.7070,23.6005,22.5906,21.3162,20.0287,17.9998,14.9939,11.7875,9.1642,5.4661
60.567,0.09706478118867598,0.7078207202019017,0.25673575707841667,4,157.228,-0.374303,0.147087,11831.4,18.0,13.8390,75.8926,58.2076,45.0077,36.8567,32.7017,30.4584,28.4762,27.0475,25.6063,24.1919,22.9195,21.3502,19.8041,17.4448,14.1125,10.7563,8.1502,4.6746
60.687,0.07260114861711177,0.6566804435484823,0.870325838598923,4,149.564,-0.495608,0.1319,10965.4,18.0,14.7601,69.9345,52.5555,39.9340,32.4042,28.6915,26.7355,25.0423,23.8453,22.6603,21.4892,20.3339,18.8125,17.3297,15.1054,12.0405,9.0406,6.7690,3.8117
60.787,0.24988920942389423,0.5170862762575916,0.39904921838082097,4,140.513,-0.582275,0.122906,10444.8,18.0,15.4347,64.6666,47.5064,35.3490,28.3234,24.9604,23.2243,21.7450,20.7138,19.7059,18.7233,17.7681,16.4806,15.1193,13.0860,10.3298,7.6820,5.7088,3.1788
60.907,0.13418290534871027,0.1355510648032701,0.515446475013793,3,134.15,-0.664502,0.073877,11900.9,18.0,15.2956,63.8525,46.9399,35.1138,28.3824,25.1974,23.5642,22.1785,21.2157,20.2771,19.3642,18.4785,17.2866,15.9970,13.7994,10.3338,7.2011,5.1030,2.6579
61.007,0.07587636307966343,0.044417372914735534,0.6558828734183612,3,124.793,-0.711209,0.0529544,10692.9,18.0,15.5247,60.6429,43.8808,32.3725,25.9714,23.0015,21.4968,20.2311,19.3579,18.5119,17.6940,16.9051,15.8510,14.7199,12.8133,9.8000,6.6800,4.6187,2.3304
61.109,0.10594773005817303,0.014554684756700537,0.11023423453542397,3,118.066,-0.74687,0.0543095,10586.0,18.0,16.4082,54.5987,38.0289,27.0434,21.2154,18.6184,17.3347,16.2729,15.5505,14.8584,14.1969,13.5660,12.7336,11.8536,10.3980,8.1480,5.7858,4.0349,2.0401
61.228,0.15079344635301306,0.003815423280860506,0.012968947458858099,3,115.563,-0.77221,0.00556248,10473.9,18.0,16.5053,54.3778,37.7400,26.7195,20.8864,18.2941,17.0149,15.9583,15.2401,14.5531,13.8971,13.2721,12.4488,11.5797,10.1458,7.9385,5.6330,3.9240,1.9146
61.348,0.4141764395622277,0.0010001903205378963,0.0015257836995871965,3,113.976,-0.774812,-0.0345853,10309.2,18.0,15.7660,59.2561,42.4063,30.9324,24.6228,21.7254,20.2674,19.0467,18.2079,17.3980,16.6179,15.8682,14.8707,13.8061,12.0243,9.2380,6.3343,4.2543,1.9611
61.467,0.4188540044038625,0.00026219389138708624,0.0001795069264727341,3,111.724,-0.757036,-0.119454,10083.7,18.0,14.1400,71.2624,54.4246,42.4776,35.5416,32.1943,30.4532,28.9593,27.9109,26.8792,25.8654,24.8709,23.5133,22.0152,19.3760,14.8538,9.6486,5.9104,2.3251
61.568,0.2060031521122041,8.591569432972042e-05,3.0169729132272427e-05,3,109.705,-0.721096,-0.189238,9880.83,18.0,12.9614,81.0327,64.5257,52.5757,45.4812,41.9915,40.1529,38.5598,37.4319,36.3133,35.2045,34.1066,32.5894,30.8871,27.7985,22.1290,14.6600,8.5623,2.9144
61.688,0.05400249030730163,2.2522283774370232e-05,3.54943846268272e-06,3,107.473,-0.654081,-0.254708,9671.36,18.0,11.8187,22.9895,74.0607,62.3412,55.2940,51.7913,49.9337,48.3163,47.1665,46.0218,44.8827,43.7496,42.1745,40.3927,37.1132,30.8650,21.7998,13.0157,3.9546
61.789,0.017695536023896598,7.3801019471856385e-06,5.965541224230848e-07,3,106.011,-0.578771,-0.283029,9542.02,18.0,11.0499,19.8919,78.4119,66.9230,59.9950,56.5441,54.7114,53.1138,51.9766,50.8433,49.7143,48.5900,47.0250,45.2510,41.9746,35.6738,26.2694,16.4567,4.9962
61.906,0.01146117811732335,0.016754620196319844,7.018399594895352e-08,3,104.743,-0.466813,-0.289745,9476.81,18.0,10.2050,17.8389,28.2951,68.8489,62.0945,58.7343,56.9510,55.3971,54.2915,53.1899,52.0927,51.0005,49.4804,47.7574,44.5745,38.4494,29.2489,19.3320,6.3152
62.008,0.0037555988454845146,0.11900936293030509,1.1795824199140621e-08,3,104.371,-0.358482,-0.269239,9551.94,18.0,9.5627,17.0408,27.9197,67.2072,60.6295,57.3730,55.6491,54.1499,53.0848,52.0250,50.9708,49.9228,48.4666,46.8199,43.7882,37.9931,29.3878,20.1635,7.2846
62.129,0.0009845077037506926,0.2788527291078769,1.387766921204695e-09,3,104.964,-0.225076,-0.224923,9698.52,18.0,8.8736,16.8003,73.6616,62.9619,56.6549,53.5606,51.9311,50.5189,49.5186,48.5256,47.5405,46.5637,45.2110,43.6875,40.9009,35.6443,28.0115,19.9850,8.1768
62.248,0.00025808278749202154,0.43769583231925524,1.6326939051281118e-10,3,106.663,-0.108153,-0.177928,9956.61,18.0,8.3002,17.0099,68.8976,58.5550,52.5512,49.6353,48.1083,46.7899,45.8590,44.9373,44.0255,43.1237,41.8789,40.4830,37.9463,33.2206,26.4897,19.5069,8.7990
62.349,0.12665954566443624,0.5303923832249985,2.7440686463488173e-11,3,108.703,-0.0276578,-0.147537,10215.4,18.0,7.8778,17.1032,66.0053,55.9444,50.1659,47.3783,45.9238,44.6709,43.7881,42.9156,42.0537,41.2028,40.0305,38.7190,36.3450,31.9518,25.7496,19.3359,9.2181
62.470,0.1729754143091154,0.6037850305175091,3.228369321742921e-12,3,111.486,0.0616824,-0.153839,10623.3,18.0,7.1377,14.7854,67.5499,57.6207,51.9091,49.1498,47.7086,46.4664,45.5904,44.7242,43.8680,43.0221,41.8558,40.5494,38.1800,33.7750,27.4903,20.8716,10.0852
62.590,0.10298721431852646,0.6483174890556068,3.7981442233373294e-13,3,114.68,0.151207,-0.156035,10963.8,18.0,6.4300,12.9238,68.5866,58.7986,53.1668,50.4443,49.0218,47.7951,46.9298,46.0738,45.2274,44.3909,43.2370,41.9436,39.5947,35.2147,28.9201,22.1951,10.9076
62.708,0.14970210251511462,0.665784748054118,0.12999801635746655,3,117.881,0.238661,-0.14209,11144.5,18.0,5.8210,11.7890,67.7653,58.1827,52.6938,50.0472,48.6661,47.4761,46.6372,45.8076,44.9879,44.1781,43.0616,41.8108,39.5412,35.3137,29.2385,22.7158,11.5069
62.829,0.14269916985381598,0.6771650496501488,0.375547263045507,3,114.729,0.319047,-0.1192,10690.5,18.0,5.2966,11.0392,65.9430,56.6028,51.2908,48.7402,47.4120,46.2692,45.4644,44.6694,43.8844,43.1096,42.0424,40.8484,38.6857,34.6693,28.9163,22.7365,11.9206
62.948,0.037407731182158746,0.6869885430567385,0.044182759950040854,3,114.785,0.381474,-0.0872372,10869.4,18.0,4.9406,10.9099,63.0773,54.0213,48.9225,46.4889,45.2256,44.1407,43.3778,42.6253,41.8833,41.1519,40.1459,39.0225,36.9932,33.2430,27.9053,22.1920,12.0686
63.069,0.009806212283015822,0.6931097105685656,0.005198057525362358,3,118.2,0.422714,-0.0422724,11217.0,18.0,4.8084,11.9631,58.7886,50.1167,45.3065,43.0308,41.8548,40.8479,40.1416,39.4461,38.7616,38.0881,37.1641,36.1349,34.2832,30.8854,26.0962,21.0064,11.9117
63.170,0.11948352580616424,0.6947598071466076,0.0008736375282876515,3,121.25,0.435778,-0.0072034,11472.3,18.0,4.8726,14.0454,55.4095,47.0494,42.4688,40.3173,39.2095,38.2632,37.6006,36.9491,36.3089,35.6800,34.8185,33.8611,32.1438,29.0091,24.6225,19.9853,11.6634
63.287,0.27362445651744566,0.6951035320721403,0.00010278258156551395,3,124.578,0.437583,-0.0125425,11939.0,18.0,4.8286,13.4876,56.0538,47.6216,42.9930,40.8166,39.6955,38.7374,38.0664,37.4066,36.7580,36.1208,35.2476,34.2769,32.5350,29.3534,24.8968,20.1826,11.7293
63.389,0.1932636515174686,0.6969566484362738,1.7274668483715927e-05,3,127.12,0.43775,-0.034015,12318.7,18.0,4.7194,11.9803,58.3414,49.6933,44.9100,42.6511,41.4847,40.4865,39.7867,39.0979,38.4202,37.7536,36.8394,35.8217,33.9920,30.6387,25.9202,20.9112,11.9470
63.510,0.1475883909709152,0.6998277622414285,2.032347472440695e-06,3,130.218,0.440369,-0.0447515,12688.5,18.0,4.6458,11.3196,59.7875,50.8358,45.9703,43.6674,42.4770,41.4575,40.7424,40.0380,39.3448,38.6626,37.7264,36.6836,34.8068,31.3611,26.5003,21.3295,12.0817
63.631,0.13288710297641515,0.709700795389392,2.3910364778517536e-07,3,133.544,0.444888,-0.0420955,12847.1,18.0,4.6194,11.3191,60.5712,50.7249,45.8637,43.5639,42.3755,41.3580,40.6442,39.9414,39.2497,38.5691,37.6352,36.5952,34.7239,31.2896,26.4479,21.3000,12.0912
63.747,0.1374617831919056,0.7270451689784317,2.8130305058278106e-08,3,136.972,0.448606,-0.0298856,13123.6,18.0,4.6448,11.8570,60.9023,49.7796,44.9020,42.6391,41.4712,40.4722,39.7718,39.0826,38.4046,37.7379,36.8237,35.8064,33.9780,30.6294,25.9223,20.9300,11.9952
63.866,0.18927178239667714,0.732737249089182,3.309502259801361e-09,3,140.382,0.448087,-0.0213259,13448.6,18.0,4.6906,12.3846,62.9455,49.6876,44.2525,41.9838,40.8291,39.8418,39.1502,38.4698,37.8008,37.1431,36.2419,35.2394,33.4394,30.1480,25.5318,20.6461,11.9056
63.968,0.19636566451419393,0.7364360976409182,5.562280448048149e-10,3,143.127,0.444342,-0.0212558,13744.8,18.0,4.7233,12.4953,67.9524,51.2247,44.7704,42.1569,40.8952,39.8576,39.1516,38.4689,37.7979,37.1384,36.2346,35.2294,33.4249,30.1262,25.5022,20.6123,11.8769
64.069,0.19185092638640477,0.737648136334351,9.348524749034526e-11,3,145.824,0.438375,-0.0234006,14009.5,18.0,4.7641,12.5279,77.6266,54.5333,46.4118,43.2357,41.7245,40.4925,39.6597,38.8633,38.1011,37.3711,36.3993,35.3551,33.5343,30.2102,25.5520,20.6292,11.8533
64.194,0.1837918976500368,0.738507088910607,1.0998445881991629e-11,3,149.029,0.429015,-0.0220698,14305.8,18.0,4.8517,12.8995,99.9386,61.1874,49.7788,45.5754,43.6229,42.0531,41.0030,40.0070,39.0612,38.1618,36.9748,35.7117,33.5789,30.0523,25.4004,20.4931,11.7684
64.313,0.17453807044740502,0.7402757640341321,1.293956159570433e-12,3,152.249,0.416782,-0.0154136,14566.9,18.0,4.9928,13.8046,158.2200,73.3000,55.5877,49.6393,46.9714,44.8686,43.4821,42.1818,40.9601,39.8101,38.3092,36.7332,34.1196,29.9242,24.9640,20.1478,11.6087
64.430,0.13791279603959453,0.7621804397307135,1.522326482173019e-13,3,155.549,0.399943,-0.00533039,14857.1,18.0,5.1968,15.4379,199.9290,100.7260,66.9992,57.4387,53.3902,50.2963,48.3013,46.4620,44.7609,43.1831,41.1574,39.0699,35.6944,30.4905,24.6547,19.6445,11.3822
64.530,0.047234139670894335,0.7817126751628353,2.5585741185881938e-14,3,158.625,0.378469,0.0159752,15049.6,18.0,5.5186,18.3167,124.9110,141.5870,79.2671,65.0198,59.3469,55.1458,52.4962,50.0931,47.9039,45.9012,43.3688,40.8034,36.7473,30.7075,24.2245,18.8894,11.0224
64.632,0.015477682887358657,0.793613902366108,4.3001955211111776e-15,4,159.398,0.340947,0.0605923,12114.4,18.0,6.1910,22.1487,99.3919,162.9490,81.6254,65.3740,59.1130,54.5506,51.7047,49.1446,46.8293,44.7257,42.0846,39.4307,35.2782,29.1919,22.7845,17.6059,10.3690
64.747,0.11922226144949,0.801095226337486,5.05913702863209e-16,4,162.301,0.261532,0.0989167,12331.4,18.0,7.2697,23.1804,65.1205,193.0930,105.2800,77.4485,67.8941,61.2884,57.3105,53.8214,50.7365,47.9895,44.6136,41.3007,36.2702,29.2155,22.1696,16.7387,9.5478
64.852,0.039066750631768885,0.8044556493912673,8.502891604021955e-17,4,164.65,0.172307,0.110748,12556.5,18.0,7.9506,22.6690,50.4021,176.4400,195.7450,104.8810,86.8494,75.5028,69.0642,63.6419,59.0132,55.0160,50.2567,45.7428,39.1678,30.4731,22.3477,16.4314,9.0071
64.970,0.00017021695762067107,0.8096092951915245,1.000356694321579e-17,4,167.56,0.0702465,0.10279,12820.2,18.0,8.8433,24.5933,52.4060,168.7930,188.6020,108.6150,87.9008,75.3405,68.3686,62.5822,57.7029,53.5332,48.6206,44.0129,37.3892,28.7869,20.9046,15.2577,8.2759
65.081,0.1411343006953294,0.8126319984577337,1.681299496146278e-18,4,170.238,-0.0142922,0.0828883,13003.0,18.0,9.4187,24.7220,48.2178,151.1490,178.1680,185.5830,111.1860,90.4486,79.8217,71.4338,64.6459,59.0402,52.6549,46.8700,38.8818,29.0445,20.5226,14.6853,7.7490
65.190,0.10371918304154552,0.8157984446608803,2.8257600631730493e-19,4,172.591,-0.0736039,0.0218655,13277.1,18.0,9.3157,21.1327,34.5440,64.3267,134.4000,160.5850,166.4330,170.7210,173.4630,175.9970,178.3580,141.4020,107.9010,84.9227,60.7138,38.7232,24.2461,16.0571,7.6943
65.306,0.033986701899053645,0.8183057445027272,4.7492549381749457e-20,4,175.137,-0.0972817,-0.0148829,13434.4,18.0,9.1752,19.3864,29.5968,48.1872,77.8261,112.5750,142.0100,150.8370,155.1950,158.8760,162.1210,165.0500,168.7520,172.5430,98.6528,50.5799,28.0157,17.3900,7.7764
65.411,0.011136762478281898,0.8201889673742786,7.982072774590632e-21,4,177.857,-0.0915858,-0.0249031,13563.3,18.0,9.0401,18.7659,28.2059,44.6925,69.2526,95.6378,120.0730,139.7960,145.2680,149.5060,153.1020,156.2810,160.2390,164.2500,121.4050,56.1229,29.7044,18.0525,7.9075
65.520,0.10598690126554591,0.8210997044229537,1.3415469712254477e-21,4,180.496,-0.0684895,-0.0429228,13760.4,18.0,8.7011,17.5239,25.6753,39.0085,56.9874,74.1593,88.3904,106.2480,124.1790,134.4130,139.6670,143.7800,148.5720,153.2180,160.4850,70.5983,33.7202,19.6317,8.2665
65.631,0.06654722947877532,0.8253600507546884,2.2547379945386103e-22,4,182.961,-0.0195612,-0.08717,13991.3,18.0,7.9863,15.0434,20.9299,29.4363,39.1288,46.9014,52.4758,58.5773,63.8892,70.2664,78.0646,87.8171,106.4490,128.1220,140.9890,156.2100,48.2320,24.3068,9.1507
65.742,0.0218061961556051,0.8304484482281712,3.789538147421043e-23,4,185.581,0.0594931,-0.107267,14176.1,18.0,7.2463,13.2801,18.1193,24.8120,32.0343,37.5382,41.3378,45.3630,48.7588,52.7084,57.3589,62.9148,72.7959,88.7399,125.1780,144.5140,62.3263,28.5747,10.1332
65.853,0.025711148360174928,0.834894124859157,6.3690767643705485e-24,4,188.269,0.158202,-0.11436,14360.0,18.0,6.4491,11.7096,15.8744,21.5538,27.5797,32.1017,35.1889,38.4288,41.1382,44.2620,47.9033,52.2016,59.7099,71.4718,111.6780,135.5400,73.1990,32.2398,11.1760
65.961,0.04493099258106837,0.8367363841775984,1.0704507317877581e-24,4,190.942,0.270924,-0.131043,14529.8,18.0,5.5133,9.8010,13.0994,17.4616,21.9261,25.1710,27.3364,29.5669,31.3997,33.4775,35.8527,38.5938,43.2263,50.1091,71.4877,122.8140,97.3687,38.2756,12.5287
66.071,0.0024956900575894836,0.8400219912579404,1.7991065449156853e-25,4,193.572,0.401701,-0.147708,14716.3,18.0,4.4679,7.7840,10.2682,13.4643,16.6341,18.8762,20.3446,21.8342,23.0415,24.3919,25.9127,27.6379,30.4832,34.5549,46.1319,107.2540,133.8650,45.9901,14.1267
66.184,-0.034036452841429074,0.8415804939860269,3.0237583700397924e-26,4,196.199,0.540225,-0.130908,14903.1,18.0,3.4772,6.1825,8.2640,11.0175,13.8364,15.8857,17.2535,18.6626,19.8206,21.1336,22.6346,24.3673,27.2960,31.6491,45.1819,106.0950,129.5460,46.3551,15.1807
66.287,-0.011153064867079478,0.8430323462693413,5.082030692525879e-27,5,197.576,0.669726,-0.119859,13451.5,18.0,2.5193,4.5420,6.1279,8.2680,10.5107,12.1749,13.3021,14.4771,15.4536,16.5728,17.8682,19.3848,22.0021,26.0223,39.6132,101.5970,123.8440,47.6668,16.2245
66.402,-0.003654636295644603,0.8449778079755378,8.541368984928246e-28,5,198.769,0.790971,-0.116351,13522.6,18.0,1.5989,2.8956,3.9186,5.3083,6.7760,7.8729,8.6196,9.4012,10.0534,10.8036,11.6758,12.7022,14.4871,17.2624,26.9592,93.9881,116.5670,50.3074,17.3253
66.512,0.0016375326653619263,0.8458863515549242,1.4355478852968903e-28,5,200.907,0.909802,-0.115962,13667.0,18.0,0.6901,1.2505,1.6928,2.2942,2.9299,3.4054,3.7293,4.0685,4.3516,4.6774,5.0564,5.5027,6.2794,7.4889,11.7312,84.4998,108.4500,53.5501,18.4657
66.619,-0.09748890993905795,0.8461840631150176,2.4127253308184838e-29,5,202.958,1.02575,-0.099242,13824.3,18.0,-1.0000,-1.0000,-1.0000,-1.0000,-1.0000,-1.0000,-1.0000,-1.0000,-1.0000,-1.0000,-1.0000,-1.0000,-1.0000,-1.0000,-1.0000,-1.0000,-1.0000,-1.0000,-1.0000
66.728,-0.1731900327840805,0.847704654348404,4.0550674635066266e-30,5,204.438,1.11802,-0.0466679,14022.7,18.0,-1.0000,-1.0000,-1.0000,-1.0000,-1.0000,-1.0000,-1.0000,-1.0000,-1.0000,-1.0000,-1.0000,-1.0000,-1.0000,-1.0000,-1.0000,-1.0000,-1.0000,-1.0000,-1.0000
66.841,-0.2613171452977875,0.847261759574385,6.815351885915589e-31,5,205.399,1.16506,0.0138461,14141.2,18.0,-1.0000,-1.0000,-1.0000,-1.0000,-1.0000,-1.0000,-1.0000,-1.0000,-1.0000,-1.0000,-1.0000,-1.0000,-1.0000,-1.0000,-1.0000,-1.0000,-1.0000,-1.0000,-1.0000
66.947,-0.2201718203989353,0.8463637021273345,1.145456191465833e-31,5,206.378,1.15957,0.0640713,14194.3,18.0,-1.0000,-1.0000,-1.0000,-1.0000,-1.0000,-1.0000,-1.0000,-1.0000,-1.0000,-1.0000,-1.0000,-1.0000,-1.0000,-1.0000,-1.0000,-1.0000,-1.0000,-1.0000,-1.0000
67.060,-0.011804151986260614,0.8122312606474599,0.6526500411987304,5,203.472,1.10499,0.0947501,13579.5,18.0,-1.0000,-1.0000,-1.0000,-1.0000,-1.0000,-1.0000,-1.0000,-1.0000,-1.0000,-1.0000,-1.0000,-1.0000,-1.0000,-1.0000,-1.0000,-1.0000,-1.0000,-1.0000,-1.0000
67.168,0.015282580212542118,0.5970946543327096,0.8777597606798858,5,192.994,1.02839,0.0707223,12712.8,18.0,-1.0000,-1.0000,-1.0000,-1.0000,-1.0000,-1.0000,-1.0000,-1.0000,-1.0000,-1.0000,-1.0000,-1.0000,-1.0000,-1.0000,-1.0000,-1.0000,-1.0000,-1.0000,-1.0000
67.283,0.0050077958840458,0.19719797633174227,0.9206328155214137,5,181.652,0.958413,0.0835916,11228.7,18.0,0.3865,1.0165,1.9880,6.4690,40.0547,46.1940,48.9783,51.2536,52.8077,54.3126,55.7748,57.1989,59.1364,61.2802,65.1268,72.2762,82.9562,29.1303,15.3867
67.392,0.0016409545552841277,0.2193975887437603,0.932696415721432,5,166.951,0.889541,0.0848581,10793.1,18.0,1.0281,2.7133,5.3336,17.7653,37.0725,41.9659,44.3485,46.3436,47.7264,49.0788,50.4038,51.7038,53.4859,55.4741,59.0788,65.8849,76.2621,28.0480,14.8297
67.496,0.0005377079886755029,0.47526524680143034,0.24678432464572103,5,156.354,0.824577,0.0761248,10480.4,18.0,1.6161,4.1649,7.9186,22.0236,32.3518,36.4991,38.5966,40.3821,41.6329,42.8654,44.0811,45.2815,46.9376,48.7982,52.2046,58.7330,68.8887,28.6522,14.4267
67.608,0.0001761961537291888,0.6969121641187677,0.04147704144320634,5,152.333,0.763262,0.0781361,10414.7,18.0,2.1861,5.6643,10.8490,22.4935,29.5351,32.9270,34.7094,36.2548,37.3508,38.4407,39.5247,40.6028,42.1021,43.8018,46.9499,53.0934,62.8750,30.9481,13.9179
67.718,5.773595565398058e-05,0.8195239103603128,0.5366641402274299,5,150.96,0.702078,0.0805485,10116.6,18.0,2.7589,7.1952,13.4123,21.1702,26.5402,29.3327,30.8409,32.1686,33.1206,34.0753,35.0320,35.9905,37.3340,38.8710,41.7529,47.4888,56.8591,69.3417,13.4073
67.831,-0.02943152801080131,0.8674429504156173,0.38980657030119803,4,142.488,0.641702,0.0812046,10389.1,18.0,3.3205,8.5117,13.4572,19.0968,23.3085,25.6025,26.8683,27.9971,28.8146,29.6406,30.4747,31.3163,32.5054,33.8786,36.4873,41.7938,50.7192,62.9775,13.0004
67.939,-0.10758239238952312,0.8829568290390645,0.06551479027052237,4,142.016,0.578254,0.102537,10912.9,18.0,3.9849,9.2646,13.4754,18.1358,21.6786,23.6460,24.7439,25.7305,26.4493,27.1791,27.9194,28.6697,29.7360,30.9757,33.3541,38.2743,46.7515,58.6960,12.7130
68.046,-0.1715518127514489,0.8872874870988957,0.011011070800766694,4,144.737,0.502858,0.111161,11074.9,18.0,4.6142,10.1106,14.1778,18.5396,21.8275,23.6550,24.6765,25.5956,26.2661,26.9478,27.6403,28.3432,29.3437,30.5093,32.7529,37.4262,45.5695,57.1919,12.2782
68.160,-0.12053755849167602,0.8854689594756912,0.0018506306694848584,4,147.569,0.440554,0.0914723,11462.2,18.0,5.0610,10.5746,14.4510,18.5305,21.5943,23.3003,24.2557,25.1166,25.7454,26.3853,27.0362,27.6977,28.6408,29.7421,31.8683,36.3250,44.1775,55.5220,11.9969
68.266,-0.10340021026068832,0.8775575995003695,0.00031103549662032015,4,150.638,0.39759,0.0568668,11626.6,18.0,5.2457,10.3758,13.8419,17.4671,20.2079,21.7453,22.6104,23.3928,23.9658,24.5506,25.1468,25.7543,26.6229,27.6409,29.6181,33.8107,41.3296,52.4108,12.1004
68.378,-0.09783314679733485,0.866920904282406,5.2275735916977215e-05,4,153.66,0.380126,0.0174639,11782.1,18.0,5.1937,9.7830,12.7993,15.9532,18.3598,19.7227,20.4940,21.1944,21.7091,22.2358,22.7743,23.3245,24.1144,25.0445,26.8640,30.7756,37.9423,48.7643,12.5691
68.486,-0.11364802141484444,0.8340606731652588,8.785982935566362e-06,4,156.537,0.393128,-0.0236943,11952.5,18.0,4.9047,8.8645,11.4246,14.1121,16.1879,17.3758,18.0525,18.6697,19.1251,19.5926,20.0723,20.5643,21.2734,22.1129,23.7692,27.3881,34.1899,44.7629,13.5048
68.596,-0.24319864400207244,0.32226350138279203,1.4766601519806386e-06,4,157.624,0.435688,-0.0508383,11795.9,18.0,4.4650,7.9048,10.1289,12.4868,14.3314,15.3980,16.0093,16.5693,16.9839,17.4109,17.8503,18.3023,18.9564,19.7345,21.2808,24.7063,31.2833,41.7413,14.6431
68.706,-0.30432047528545536,0.10559930413311329,2.4818227174338594e-07,4,156.394,0.496234,-0.0502594,11606.1,18.0,3.9964,7.1492,9.2360,11.4906,13.2828,14.3292,14.9318,15.4857,15.8968,16.3211,16.7586,17.2095,17.8634,18.6431,20.1978,23.6607,30.3446,40.9807,15.3725
68.818,-0.3264412125027943,0.03460277997833856,4.171199441191088e-08,3,154.279,0.564851,-0.0340493,14024.6,18.0,3.5088,6.4671,8.5092,10.7817,12.6264,13.7150,14.3449,14.9252,15.3568,15.8028,16.2633,16.7384,17.4282,18.2518,19.8955,23.5530,30.5647,41.5592,15.7549
68.928,-0.33621621496377185,0.01133863894330198,7.0105349008098624e-09,3,151.424,0.637321,-0.0229014,13633.4,18.0,2.9620,5.6149,7.5357,9.7539,11.6055,12.7148,13.3615,13.9600,14.4064,14.8688,15.3473,15.8419,16.5614,17.4222,19.1447,22.9838,30.3106,41.6586,16.3009
69.037,-0.34373850336773143,0.003715445208941193,1.1782606007791138e-09,3,148.339,0.711503,-0.0147532,13300.7,18.0,2.3813,4.6397,6.3649,8.4533,10.2664,11.3770,12.0312,12.6406,13.0973,13.5722,14.0654,14.5768,15.3234,16.2198,18.0203,22.0475,29.7069,41.7165,16.9471
69.147,-0.36207547325968975,0.00121747708606585,1.9803025917294564e-10,3,145.07,0.786222,-0.00189764,13020.1,18.0,1.7920,3.6235,5.1276,7.0754,8.8655,9.9982,10.6757,11.3123,11.7923,12.2936,12.8163,13.3603,14.1570,15.1168,17.0506,21.3693,29.4807,43.8314,17.4533
69.258,-0.3854916817315066,0.00039894289156205775,3.328294565919698e-11,3,141.764,0.858988,0.0126979,12707.7,18.0,1.2032,2.5444,3.7541,5.4866,7.2332,8.3986,9.1123,9.7918,10.3090,10.8527,11.4227,12.0184,12.8943,13.9518,16.0818,20.7999,29.4536,50.5226,17.8686
69.367,-0.4122712769571351,0.00013072560670705506,5.593864676941236e-12,3,138.387,0.929203,0.0316507,12377.6,18.0,0.6182,1.3883,2.1852,3.5510,5.2148,6.4584,7.2570,8.0351,8.6352,9.2706,9.9397,10.6402,11.6694,12.9070,15.3711,20.6679,30.7514,79.4564,18.1079
69.479,-0.4409931424962699,4.28361668057678e-05,9.401608362535137e-13,3,134.902,0.994123,0.0469329,12093.9,18.0,0.0524,0.1251,0.2156,0.4471,1.1004,2.2641,3.3376,4.4785,5.3659,6.2919,7.2443,8.2150,9.5948,11.1901,14.2058,20.2579,35.8701,200.0000,18.3888
69.586,-0.4644503720276636,1.4036555138913994e-05,1.5801283174912804e-13,3,131.355,1.04865,0.0689961,11720.1,18.0,-1.0000,-1.0000,-1.0000,-1.0000,-1.0000,-1.0000,-1.0000,-1.0000,-1.0000,-1.0000,-1.0000,-1.0000,-1.0000,-1.0000,-1.0000,-1.0000,-1.0000,-1.0000,-1.0000
69.700,-0.4005866772305662,4.599498387919337e-06,2.6557216632075954e-14,3,126.811,1.09741,0.12653,11302.7,18.0,-1.0000,-1.0000,-1.0000,-1.0000,-1.0000,-1.0000,-1.0000,-1.0000,-1.0000,-1.0000,-1.0000,-1.0000,-1.0000,-1.0000,-1.0000,-1.0000,-1.0000,-1.0000,-1.0000
69.808,-0.32657890549534163,1.5071636317534083e-06,4.463471399353007e-15,3,121.8,1.14549,0.180669,10874.2,18.0,-1.0000,-1.0000,-1.0000,-1.0000,-1.0000,-1.0000,-1.0000,-1.0000,-1.0000,-1.0000,-1.0000,-1.0000,-1.0000,-1.0000,-1.0000,-1.0000,-1.0000,-1.0000,-1.0000
69.917,-0.28711310132776824,4.93867378852957e-07,7.501756380892599e-16,3,117.533,1.19089,0.206996,10436.7,18.0,-1.0000,-1.0000,-1.0000,-1.0000,-1.0000,-1.0000,-1.0000,-1.0000,-1.0000,-1.0000,-1.0000,-1.0000,-1.0000,-1.0000,-1.0000,-1.0000,-1.0000,-1.0000,-1.0000
70.026,-0.041936615773887784,1.6183046270253696e-07,1.2608201949366194e-16,3,113.01,1.23277,0.240304,10060.6,18.0,-1.0000,-1.0000,-1.0000,-1.0000,-1.0000,-1.0000,-1.0000,-1.0000,-1.0000,-1.0000,-1.0000,-1.0000,-1.0000,-1.0000,-1.0000,-1.0000,-1.0000,-1.0000,-1.0000
70.138,0.3450413152442124,5.3028606018367305e-08,2.119060501629976e-17,3,109.056,1.27182,0.280741,9584.43,18.0,-1.0000,-1.0000,-1.0000,-1.0000,-1.0000,-1.0000,-1.0000,-1.0000,-1.0000,-1.0000,-1.0000,-1.0000,-1.0000,-1.0000,-1.0000,-1.0000,-1.0000,-1.0000,-1.0000
70.247,0.4851873676832235,1.73764136200986e-08,3.561504985089501e-18,3,104.146,1.29149,0.389532,9176.81,18.0,-1.0000,-1.0000,-1.0000,-1.0000,-1.0000,-1.0000,-1.0000,-1.0000,-1.0000,-1.0000,-1.0000,-1.0000,-1.0000,-1.0000,-1.0000,-1.0000,-1.0000,-1.0000,-1.0000
70.358,0.47895284623743095,5.69390321503391e-09,5.985821428439924e-19,3,98.9056,1.28334,0.498426,8794.51,18.0,-1.0000,-1.0000,-1.0000,-1.0000,-1.0000,-1.0000,-1.0000,-1.0000,-1.0000,-1.0000,-1.0000,-1.0000,-1.0000,-1.0000,-1.0000,-1.0000,-1.0000,-1.0000,-1.0000
70.468,0.44787228110006666,1.865778205502312e-09,1.0060370074778983e-19,3,91.7843,1.24882,0.633811,8355.68,18.0,-1.0000,-1.0000,-1.0000,-1.0000,-1.0000,-1.0000,-1.0000,-1.0000,-1.0000,-1.0000,-1.0000,-1.0000,-1.0000,-1.0000,-1.0000,-1.0000,-1.0000,-1.0000,-1.0000
70.578,0.5328818577428698,6.113782023789976e-10,1.6908463984681038e-20,2,81.8266,1.18763,0.809057,9924.27,18.0,-1.0000,-1.0000,-1.0000,-1.0000,-1.0000,-1.0000,-1.0000,-1.0000,-1.0000,-1.0000,-1.0000,-1.0000,-1.0000,-1.0000,-1.0000,-1.0000,-1.0000,-1.0000,-1.0000
70.687,0.5772635646491836,2.0033640935554993e-10,2.8418055419053424e-21,2,68.1183,1.10423,1.02091,8598.43,18.0,-1.0000,-1.0000,-1.0000,-1.0000,-1.0000,-1.0000,-1.0000,-1.0000,-1.0000,-1.0000,-1.0000,-1.0000,-1.0000,-1.0000,-1.0000,-1.0000,-1.0000,-1.0000,-1.0000
70.797,0.6211703033922444,6.564623461762659e-11,4.77622257428031e-22,2,48.0354,0.998284,1.296,7026.49,18.0,24.5339,14.5914,13.5472,13.0007,12.7387,12.6244,12.5677,12.5206,12.4883,12.4571,12.4270,12.3980,12.3592,12.3173,12.2461,12.1307,12.0154,12.0091,13.7425
70.907,0.6786607937195706,2.1510958159503883e-11,8.027397280592919e-23,2,26.7491,0.871128,1.57577,5235.99,18.0,15.7986,11.8535,11.4656,11.3043,11.2504,11.2352,11.2302,11.2276,11.2268,11.2269,11.2278,11.2296,11.2335,11.2400,11.2582,11.3181,11.4899,11.8942,15.9567
71.017,0.7438780181020288,7.048710769706234e-12,1.3491646609492523e-23,2,3.88455,0.726515,1.88156,5235.99,18.0,11.6465,10.3613,10.4125,10.5461,10.6673,10.7400,10.7823,10.8213,10.8503,10.8803,10.9113,10.9433,10.9898,11.0455,11.1574,11.4120,11.9383,12.9380,22.6671
71.129,0.8032443067515126,2.3097215450173383e-12,2.2675410456574092e-24,2,-10.7162,0.571042,2.08645,5235.99,18.0,9.7799,9.5882,9.8862,10.2062,10.4475,10.5836,10.6606,10.7306,10.7822,10.8352,10.8894,10.9451,11.0254,11.1207,11.3099,11.7331,12.5946,14.2384,39.1718
71.237,0.8397521412843356,7.568495558712814e-13,3.811056235436408e-25,2,-18.1734,0.422824,2.21181,5235.99,18.0,8.6267,8.9625,9.3987,9.8307,10.1479,10.3251,10.4251,10.5160,10.5828,10.6513,10.7215,10.7935,10.8973,11.0205,11.2651,11.8136,12.9417,15.1597,68.4790
71.347,0.856992655192051,2.480044624679015e-13,6.405242214897971e-26,2,-21.8197,0.291092,2.29078,5235.99,18.0,7.7632,8.3699,8.8788,9.3720,9.7321,9.9332,10.0468,10.1500,10.2259,10.3038,10.3837,10.4656,10.5838,10.7243,11.0038,11.6340,12.9477,15.6123,62.6849
71.460,0.724626727642303,0.4057977294922688,1.0765290590579023e-26,-1,-22.7208,0.180628,2.33185,5235.99,18.0,7.0859,7.7912,8.3174,8.8242,9.1942,9.4011,9.5179,9.6242,9.7024,9.7827,9.8651,9.9496,10.0717,10.2169,10.5063,11.1614,12.5399,15.3953,60.7292
71.567,-0.8939761728617218,0.7608285724609642,1.8093223895586166e-27,-1,-23.933,0.0950986,2.355,5235.99,18.0,6.5706,7.3062,7.8285,8.3304,8.6971,8.9022,9.0182,9.1236,9.2014,9.2811,9.3630,9.4470,9.5685,9.7130,10.0015,10.6561,12.0419,14.9519,60.4006
71.679,-1.0,0.8722484482255712,3.040928140131166e-28,-1,-29.121,0.0433113,2.42198,5235.99,18.0,6.2734,7.2116,7.8145,8.3931,8.8173,9.0556,9.1906,9.3136,9.4044,9.4977,9.5936,9.6922,9.8349,10.0052,10.3464,11.1281,12.8190,16.5457,53.1283
71.788,-1.0,0.8748365209286176,5.110887925118452e-29,-1,-36.1318,0.0303648,2.56324,5235.99,18.0,6.3171,7.8307,8.7221,9.5904,10.2401,10.6105,10.8223,11.0165,11.1606,11.3093,11.4630,11.6218,11.8532,12.1315,12.6970,14.0338,17.1441,25.3115,28.3010
71.897,-1.0,0.8501564995372645,8.589869335746584e-30,-1,-40.0095,0.0463917,2.64898,5235.99,18.0,6.5574,8.5534,9.7220,10.8851,11.7740,12.2885,12.5854,12.8593,13.0636,13.2755,13.4954,13.7238,14.0587,14.4647,15.3013,17.3423,22.4706,39.1650,19.8241
72.008,-1.0,0.8360270893855584,1.4436993392589283e-30,-1,-42.235,0.0843798,2.62371,5235.99,18.0,6.7462,8.6641,9.7857,10.8939,11.7347,12.2190,12.4976,12.7541,12.9451,13.1428,13.3478,13.5603,13.8712,14.2471,15.0181,16.8790,21.4320,35.1315,20.7833
72.120,-1.0,0.8283390148529848,2.4264254794924813e-31,-1,-44.0593,0.146468,2.54772,5235.99,18.0,7.0069,8.6102,9.5584,10.4795,11.1664,11.5573,11.7805,11.9849,12.1365,12.2929,12.4543,12.6211,12.8638,13.1553,13.7466,15.1382,18.3418,26.5320,26.9033
72.228,-1.0,0.8250969740901511,4.078093303383015e-32,-1,-45.6443,0.234669,2.44699,5235.99,18.0,7.4386,8.6608,9.4269,10.1627,10.7034,11.0077,11.1804,11.3378,11.4540,11.5736,11.6965,11.8230,12.0064,12.2253,12.6649,13.6761,15.8850,20.8634,48.4688
72.336,-1.0,0.8240346221729857,6.854051414995834e-33,-1,-47.1274,0.350522,2.33153,5235.99,18.0,8.1056,8.9111,9.5124,10.0916,10.5145,10.7509,10.8845,11.0059,11.0953,11.1870,11.2812,11.3778,11.5173,11.6832,12.0140,12.7626,14.3378,17.6000,69.9443
72.448,-1.0,0.696659743118644,1.1519604213183498e-33,-1,-48.4463,0.495399,2.2055,5235.99,18.0,9.0752,9.4009,9.8497,10.2953,10.6227,10.8056,10.9089,11.0027,11.0717,11.1424,11.2149,11.2892,11.3964,11.5235,11.7760,12.3419,13.5051,15.7872,87.8441
72.558,-0.9955849866778564,0.22828146462511728,1.936099880109751e-34,-1,-48.7248,0.668069,2.07067,5235.99,18.0,10.4307,10.1518,10.4459,10.7674,11.0111,11.1488,11.2268,11.2978,11.3501,11.4037,11.4588,11.5153,11.5967,11.6934,11.8855,12.3152,13.1896,14.8542,35.5337
72.667,-0.4623579388636,0.07480327032835843,3.254003068500458e-35,-1,-48.1809,0.863937,1.93632,5235.99,18.0,12.2474,11.1901,11.3213,11.5231,11.6911,11.7891,11.8454,11.8971,11.9353,11.9747,12.0153,12.0571,12.1176,12.1898,12.3341,12.6596,13.3264,14.5870,27.4349
72.777,-0.15150544940682442,0.02451153562119649,5.46900295722872e-36,-1,-47.8787,1.07522,1.8825,5235.99,18.0,-1.0000,-1.0000,-1.0000,-1.0000,-1.0000,-1.0000,-1.0000,-1.0000,-1.0000,-1.0000,-1.0000,-1.0000,-1.0000,-1.0000,-1.0000,-1.0000,-1.0000,-1.0000,-1.0000
72.887,-0.26503310535393293,0.35702990874235363,9.19175327021431e-37,1,-47.7494,1.2948,1.90148,5235.99,18.0,-1.0000,-1.0000,-1.0000,-1.0000,-1.0000,-1.0000,-1.0000,-1.0000,-1.0000,-1.0000,-1.0000,-1.0000,-1.0000,-1.0000,-1.0000,-1.0000,-1.0000,-1.0000,-1.0000
72.997,-0.2816458566647283,0.7457917538560694,1.5448579721249188e-37,1,-46.1003,1.51411,1.8804,5235.99,18.0,-1.0000,-1.0000,-1.0000,-1.0000,-1.0000,-1.0000,-1.0000,-1.0000,-1.0000,-1.0000,-1.0000,-1.0000,-1.0000,-1.0000,-1.0000,-1.0000,-1.0000,-1.0000,-1.0000
73.109,0.04930766815117406,0.8502334442473068,2.596442793750351e-38,1,-42.9903,1.72474,1.87666,5235.99,18.0,-1.0000,-1.0000,-1.0000,-1.0000,-1.0000,-1.0000,-1.0000,-1.0000,-1.0000,-1.0000,-1.0000,-1.0000,-1.0000,-1.0000,-1.0000,-1.0000,-1.0000,-1.0000,-1.0000
73.217,0.7174635881766518,0.3198529950109575,4.363841403456215e-39,1,-40.0429,1.92151,1.95645,5235.99,18.0,-1.0000,-1.0000,-1.0000,-1.0000,-1.0000,-1.0000,-1.0000,-1.0000,-1.0000,-1.0000,-1.0000,-1.0000,-1.0000,-1.0000,-1.0000,-1.0000,-1.0000,-1.0000,-1.0000
73.327,0.9521489777897252,0.19798447823331555,7.334308246788861e-40,1,-36.9051,2.10834,2.08211,5235.99,18.0,-1.0000,-1.0000,-1.0000,-1.0000,-1.0000,-1.0000,-1.0000,-1.0000,-1.0000,-1.0000,-1.0000,-1.0000,-1.0000,-1.0000,-1.0000,-1.0000,-1.0000,-1.0000,-1.0000
73.436,0.9868906857461371,0.6981330909368678,1.2326771870378044e-40,1,-33.0777,2.27961,2.18013,5235.99,18.0,-1.0000,-1.0000,-1.0000,-1.0000,-1.0000,-1.0000,-1.0000,-1.0000,-1.0000,-1.0000,-1.0000,-1.0000,-1.0000,-1.0000,-1.0000,-1.0000,-1.0000,-1.0000,-1.0000
73.549,0.968842942113294,0.8916947473319429,2.0717605482544377e-41,1,-30.6613,2.43772,2.23776,5235.99,18.0,-1.0000,-1.0000,-1.0000,-1.0000,-1.0000,-1.0000,-1.0000,-1.0000,-1.0000,-1.0000,-1.0000,-1.0000,-1.0000,-1.0000,-1.0000,-1.0000,-1.0000,-1.0000,-1.0000
73.656,0.9418019351436842,0.9565907496494811,3.482007953451233e-42,1,-27.5607,2.58359,2.26497,16757.5,18.0,-1.0000,-1.0000,-1.0000,-1.0000,-1.0000,-1.0000,-1.0000,-1.0000,-1.0000,-1.0000,-1.0000,-1.0000,-1.0000,-1.0000,-1.0000,-1.0000,-1.0000,-1.0000,-1.0000
73.768,0.9142237447958824,0.934146797470142,5.852210767365488e-43,2,-24.3084,2.71315,2.26876,12490.4,18.0,-1.0000,-1.0000,-1.0000,-1.0000,-1.0000,-1.0000,-1.0000,-1.0000,-1.0000,-1.0000,-1.0000,-1.0000,-1.0000,-1.0000,-1.0000,-1.0000,-1.0000,-1.0000,-1.0000
73.879,0.8922583337507147,0.35159022259501616,9.835810636711177e-44,2,-21.856,2.82925,2.26393,15034.0,18.0,-1.0000,-1.0000,-1.0000,-1.0000,-1.0000,-1.0000,-1.0000,-1.0000,-1.0000,-1.0000,-1.0000,-1.0000,-1.0000,-1.0000,-1.0000,-1.0000,-1.0000,-1.0000,-1.0000
73.987,0.8754152285634341,0.11520908413993489,1.6531046937120475e-44,2,-19.3462,2.93385,2.25471,11469.9,18.0,-1.0000,-1.0000,-1.0000,-1.0000,-1.0000,-1.0000,-1.0000,-1.0000,-1.0000,-1.0000,-1.0000,-1.0000,-1.0000,-1.0000,-1.0000,-1.0000,-1.0000,-1.0000,-1.0000
74.100,0.858492883663666,0.4891330603472238,2.7783730587218392e-45,2,-16.3401,3.02472,2.24341,9339.45,18.0,-1.0000,-1.0000,-1.0000,-1.0000,-1.0000,-1.0000,-1.0000,-1.0000,-1.0000,-1.0000,-1.0000,-1.0000,-1.0000,-1.0000,-1.0000,-1.0000,-1.0000,-1.0000,-1.0000
74.207,0.8416728726629101,0.8238119610583283,4.669611599793796e-46,2,-13.4538,3.10132,2.22915,13724.3,18.0,-1.0000,-1.0000,-1.0000,-1.0000,-1.0000,-1.0000,-1.0000,-1.0000,-1.0000,-1.0000,-1.0000,-1.0000,-1.0000,-1.0000,-1.0000,-1.0000,-1.0000,-1.0000,-1.0000
74.316,0.8259443111061824,0.790921342071468,7.848216215773434e-47,3,-10.647,3.1643,2.21167,10402.6,18.0,-1.0000,-1.0000,-1.0000,-1.0000,-1.0000,-1.0000,-1.0000,-1.0000,-1.0000,-1.0000,-1.0000,-1.0000,-1.0000,-1.0000,-1.0000,-1.0000,-1.0000,-1.0000,-1.0000
74.431,0.8115552527432738,0.2591691053699786,1.3190496993850411e-47,3,-7.88415,3.21404,2.19094,9767.1,18.0,-1.0000,-1.0000,-1.0000,-1.0000,-1.0000,-1.0000,-1.0000,-1.0000,-1.0000,-1.0000,-1.0000,-1.0000,-1.0000,-1.0000,-1.0000,-1.0000,-1.0000,-1.0000,-1.0000
74.537,0.798336294082916,0.08492453244763458,2.216926829756439e-48,3,-5.1115,3.25057,2.16684,6667.92,18.0,-1.0000,-1.0000,-1.0000,-1.0000,-1.0000,-1.0000,-1.0000,-1.0000,-1.0000,-1.0000,-1.0000,-1.0000,-1.0000,-1.0000,-1.0000,-1.0000,-1.0000,-1.0000,-1.0000
74.650,0.7861019606690899,0.0278280707924409,3.725988922771648e-49,2,-2.34508,3.2736,2.13983,5235.99,18.0,-1.0000,-1.0000,-1.0000,-1.0000,-1.0000,-1.0000,-1.0000,-1.0000,-1.0000,-1.0000,-1.0000,-1.0000,-1.0000,-1.0000,-1.0000,-1.0000,-1.0000,-1.0000,-1.0000
74.757,0.7749458286352474,0.009118702237267034,6.262269582502309e-50,2,-0.0215649,3.28295,2.11193,5235.99,18.0,-1.0000,-1.0000,-1.0000,-1.0000,-1.0000,-1.0000,-1.0000,-1.0000,-1.0000,-1.0000,-1.0000,-1.0000,-1.0000,-1.0000,-1.0000,-1.0000,-1.0000,-1.0000,-1.0000
74.871,0.7653308699909107,0.12985064525535767,1.052499648731163e-50,2,0.0913769,3.28356,2.10871,5235.99,18.0,-1.0000,-1.0000,-1.0000,-1.0000,-1.0000,-1.0000,-1.0000,-1.0000,-1.0000,-1.0000,-1.0000,-1.0000,-1.0000,-1.0000,-1.0000,-1.0000,-1.0000,-1.0000,-1.0000
74.980,0.2718449903703817,0.23334786568727559,1.7689361596224656e-51,2,0.475702,3.28214,2.10824,5235.99,18.0,-1.0000,-1.0000,-1.0000,-1.0000,-1.0000,-1.0000,-1.0000,-1.0000,-1.0000,-1.0000,-1.0000,-1.0000,-1.0000,-1.0000,-1.0000,-1.0000,-1.0000,-1.0000,-1.0000
75.089,0.03369109611495572,0.27255191886278146,2.973051003477478e-52,2,1.19379,3.27848,2.10805,5235.99,18.0,-1.0000,-1.0000,-1.0000,-1.0000,-1.0000,-1.0000,-1.0000,-1.0000,-1.0000,-1.0000,-1.0000,-1.0000,-1.0000,-1.0000,-1.0000,-1.0000,-1.0000,-1.0000,-1.0000
75.199,0.33029734703262403,0.2901718772260812,4.996806821544597e-53,2,1.81901,3.2718,2.10704,5235.99,18.0,-1.0000,-1.0000,-1.0000,-1.0000,-1.0000,-1.0000,-1.0000,-1.0000,-1.0000,-1.0000,-1.0000,-1.0000,-1.0000,-1.0000,-1.0000,-1.0000,-1.0000,-1.0000,-1.0000
75.308,0.56588873167074,0.4210297941669423,8.398133224970007e-54,2,2.7891,3.2614,2.10329,5235.99,18.0,-1.0000,-1.0000,-1.0000,-1.0000,-1.0000,-1.0000,-1.0000,-1.0000,-1.0000,-1.0000,-1.0000,-1.0000,-1.0000,-1.0000,-1.0000,-1.0000,-1.0000,-1.0000,-1.0000
75.417,0.6453756380431015,0.5380969843588737,1.411474251120709e-54,2,4.2254,3.24526,2.09566,5235.99,18.0,-1.0000,-1.0000,-1.0000,-1.0000,-1.0000,-1.0000,-1.0000,-1.0000,-1.0000,-1.0000,-1.0000,-1.0000,-1.0000,-1.0000,-1.0000,-1.0000,-1.0000,-1.0000,-1.0000
75.527,0.6641933527313579,0.5958575475690907,2.3722647738585753e-55,2,5.94795,3.22148,2.08346,5235.99,18.0,-1.0000,-1.0000,-1.0000,-1.0000,-1.0000,-1.0000,-1.0000,-1.0000,-1.0000,-1.0000,-1.0000,-1.0000,-1.0000,-1.0000,-1.0000,-1.0000,-1.0000,-1.0000,-1.0000
75.638,0.6652434502261549,0.6192012144686897,3.987065405424108e-56,2,7.80512,3.18912,2.06642,5235.99,18.0,-1.0000,-1.0000,-1.0000,-1.0000,-1.0000,-1.0000,-1.0000,-1.0000,-1.0000,-1.0000,-1.0000,-1.0000,-1.0000,-1.0000,-1.0000,-1.0000,-1.0000,-1.0000,-1.0000
75.747,0.6610933122751665,0.6262481234883502,6.7010608268963e-57,2,9.69631,3.14769,2.04455,5235.99,18.0,-1.0000,-1.0000,-1.0000,-1.0000,-1.0000,-1.0000,-1.0000,-1.0000,-1.0000,-1.0000,-1.0000,-1.0000,-1.0000,-1.0000,-1.0000,-1.0000,-1.0000,-1.0000,-1.0000
75.856,0.6560642314852276,0.6291595983859126,1.1262472931764612e-57,2,11.6084,3.09687,2.01813,5235.99,18.0,-1.0000,-1.0000,-1.0000,-1.0000,-1.0000,-1.0000,-1.0000,-1.0000,-1.0000,-1.0000,-1.0000,-1.0000,-1.0000,-1.0000,-1.0000,-1.0000,-1.0000,-1.0000,-1.0000
75.968,0.6517079588845851,0.6308665601678458,1.8928838256416785e-58,2,13.539,3.03644,1.98714,5235.99,18.0,-1.0000,-1.0000,-1.0000,-1.0000,-1.0000,-1.0000,-1.0000,-1.0000,-1.0000,-1.0000,-1.0000,-1.0000,-1.0000,-1.0000,-1.0000,-1.0000,-1.0000,-1.0000,-1.0000
76.077,0.6481803928160508,0.6314258974045497,3.181369845755969e-59,2,15.403,2.96595,1.95294,5235.99,18.0,-1.0000,-1.0000,-1.0000,-1.0000,-1.0000,-1.0000,-1.0000,-1.0000,-1.0000,-1.0000,-1.0000,-1.0000,-1.0000,-1.0000,-1.0000,-1.0000,-1.0000,-1.0000,-1.0000
76.188,0.4962834852084127,0.6306394075927728,5.346928299762057e-60,2,17.2763,2.88582,1.91991,5235.99,18.0,-1.0000,-1.0000,-1.0000,-1.0000,-1.0000,-1.0000,-1.0000,-1.0000,-1.0000,-1.0000,-1.0000,-1.0000,-1.0000,-1.0000,-1.0000,-1.0000,-1.0000,-1.0000,-1.0000
76.296,0.41232880698309554,0.6305985343612498,8.986582393410091e-61,2,19.1282,2.79629,1.8925,5235.99,18.0,-1.0000,-1.0000,-1.0000,-1.0000,-1.0000,-1.0000,-1.0000,-1.0000,-1.0000,-1.0000,-1.0000,-1.0000,-1.0000,-1.0000,-1.0000,-1.0000,-1.0000,-1.0000,-1.0000
76.407,0.38972132008303323,0.6285055492238693,1.510374902860434e-61,2,21.0615,2.69718,1.8626,5235.99,18.0,-1.0000,-1.0000,-1.0000,-1.0000,-1.0000,-1.0000,-1.0000,-1.0000,-1.0000,-1.0000,-1.0000,-1.0000,-1.0000,-1.0000,-1.0000,-1.0000,-1.0000,-1.0000,-1.0000
76.518,0.470454930858656,0.6072797979790525,2.5384870992375317e-62,2,23.076,2.58775,1.82235,5235.99,18.0,-1.0000,-1.0000,-1.0000,-1.0000,-1.0000,-1.0000,-1.0000,-1.0000,-1.0000,-1.0000,-1.0000,-1.0000,-1.0000,-1.0000,-1.0000,-1.0000,-1.0000,-1.0000,-1.0000
76.628,0.6200840941337643,0.377234489123651,4.2664352676885195e-63,2,24.7434,2.46768,1.76075,5235.99,18.0,-1.0000,-1.0000,-1.0000,-1.0000,-1.0000,-1.0000,-1.0000,-1.0000,-1.0000,-1.0000,-1.0000,-1.0000,-1.0000,-1.0000,-1.0000,-1.0000,-1.0000,-1.0000,-1.0000
76.737,0.6776559678697518,0.12361219739603795,7.170597754404095e-64,2,25.1544,2.34067,1.70023,5235.99,18.0,-1.0000,-1.0000,-1.0000,-1.0000,-1.0000,-1.0000,-1.0000,-1.0000,-1.0000,-1.0000,-1.0000,-1.0000,-1.0000,-1.0000,-1.0000,-1.0000,-1.0000,-1.0000,-1.0000
76.848,0.5158474144483494,0.04050524484273372,1.2051623645826963e-64,2,25.046,2.2125,1.64563,5235.99,18.0,-1.0000,-1.0000,-1.0000,-1.0000,-1.0000,-1.0000,-1.0000,-1.0000,-1.0000,-1.0000,-1.0000,-1.0000,-1.0000,-1.0000,-1.0000,-1.0000,-1.0000,-1.0000,-1.0000
76.957,0.30537571340928665,0.013272758630066986,2.025516386154138e-65,2,24.8116,2.08526,1.60941,5235.99,18.0,-1.0000,-1.0000,-1.0000,-1.0000,-1.0000,-1.0000,-1.0000,-1.0000,-1.0000,-1.0000,-1.0000,-1.0000,-1.0000,-1.0000,-1.0000,-1.0000,-1.0000,-1.0000,-1.0000
77.068,0.2790819756604863,0.004349217547900351,3.4042853902092593e-66,2,24.4534,1.95973,1.58416,5235.99,18.0,-1.0000,-1.0000,-1.0000,-1.0000,-1.0000,-1.0000,-1.0000,-1.0000,-1.0000,-1.0000,-1.0000,-1.0000,-1.0000,-1.0000,-1.0000,-1.0000,-1.0000,-1.0000,-1.0000
77.177,0.42155466336303365,0.0014251516060959867,5.721582455324703e-67,2,24.0442,1.83625,1.55405,5235.99,18.0,-1.0000,-1.0000,-1.0000,-1.0000,-1.0000,-1.0000,-1.0000,-1.0000,-1.0000,-1.0000,-1.0000,-1.0000,-1.0000,-1.0000,-1.0000,-1.0000,-1.0000,-1.0000,-1.0000
77.288,0.6409731696001738,0.00046699367828553285,9.61626363266423e-68,2,23.5841,1.71539,1.50857,5235.99,18.0,-1.0000,-1.0000,-1.0000,-1.0000,-1.0000,-1.0000,-1.0000,-1.0000,-1.0000,-1.0000,-1.0000,-1.0000,-1.0000,-1.0000,-1.0000,-1.0000,-1.0000,-1.0000,-1.0000
77.398,0.742551595190585,0.00015302448850060342,1.616205428741877e-68,2,23.1433,1.59788,1.45133,5235.99,18.0,-1.0000,-1.0000,-1.0000,-1.0000,-1.0000,-1.0000,-1.0000,-1.0000,-1.0000,-1.0000,-1.0000,-1.0000,-1.0000,-1.0000,-1.0000,-1.0000,-1.0000,-1.0000,-1.0000
77.506,0.7899623410800508,5.014306439187772e-05,2.716356464086473e-69,2,22.6955,1.48421,1.38941,5235.99,18.0,-1.0000,-1.0000,-1.0000,-1.0000,-1.0000,-1.0000,-1.0000,-1.0000,-1.0000,-1.0000,-1.0000,-1.0000,-1.0000,-1.0000,-1.0000,-1.0000,-1.0000,-1.0000,-1.0000
77.618,0.8204406972051109,1.6430879339930488e-05,4.565380309190135e-70,2,22.3086,1.37499,1.32334,5235.99,18.0,-1.0000,-1.0000,-1.0000,-1.0000,-1.0000,-1.0000,-1.0000,-1.0000,-1.0000,-1.0000,-1.0000,-1.0000,-1.0000,-1.0000,-1.0000,-1.0000,-1.0000,-1.0000,-1.0000
77.727,0.8452452250361707,5.384070542108423e-06,7.673034685655862e-71,2,22.065,1.26985,1.25771,5235.99,18.0,-1.0000,-1.0000,-1.0000,-1.0000,-1.0000,-1.0000,-1.0000,-1.0000,-1.0000,-1.0000,-1.0000,-1.0000,-1.0000,-1.0000,-1.0000,-1.0000,-1.0000,-1.0000,-1.0000
77.838,0.8682718346998524,1.764252235238088e-06,1.2896069396181808e-71,2,21.7984,1.16934,1.18691,5235.99,18.0,-1.0000,-1.0000,-1.0000,-1.0000,-1.0000,-1.0000,-1.0000,-1.0000,-1.0000,-1.0000,-1.0000,-1.0000,-1.0000,-1.0000,-1.0000,-1.0000,-1.0000,-1.0000,-1.0000
77.947,0.8913383358184476,5.781101724428167e-07,2.1674423834162774e-72,2,21.5461,1.07404,1.11586,5235.99,18.0,-1.0000,-1.0000,-1.0000,-1.0000,-1.0000,-1.0000,-1.0000,-1.0000,-1.0000,-1.0000,-1.0000,-1.0000,-1.0000,-1.0000,-1.0000,-1.0000,-1.0000,-1.0000,-1.0000
78.057,0.9144099642169887,0.013176458966391304,3.642820413807738e-73,2,21.3288,0.984365,1.04487,5235.99,18.0,46.4054,18.1968,16.0551,14.9344,14.3841,14.1381,14.0141,13.9097,13.8373,13.7666,13.6978,13.6306,13.5394,13.4392,13.2620,12.9472,12.5284,12.1346,12.3185
78.168,0.9367367850426228,0.1100967538709821,6.1224882694866656e-74,2,21.4265,0.899743,0.972141,5235.99,18.0,61.3946,19.0731,16.4985,15.1725,14.5246,14.2351,14.0893,13.9664,13.8812,13.7980,13.7169,13.6377,13.5302,13.4117,13.2020,12.8272,12.3199,11.8173,11.6001
78.277,0.9570992409867667,0.21794817618344342,1.029006603452624e-74,2,21.9115,0.819495,0.899378,5235.99,18.0,95.9874,20.3012,17.1518,15.5670,14.7999,14.4584,14.2866,14.1418,14.0415,13.9436,13.8481,13.7549,13.6283,13.4889,13.2419,12.7995,12.1954,11.5791,10.9883
78.387,0.9755544690785437,0.27113185798116574,1.7294513984228252e-75,2,22.68,0.742956,0.826424,5235.99,18.0,184.5570,22.0225,18.0749,16.1519,15.2343,14.8282,14.6244,14.4528,14.3340,14.2183,14.1054,13.9954,13.8460,13.6816,13.3905,12.8695,12.1559,11.4165,10.4665
78.498,0.9476514734196289,0.3256664735513934,2.906688965329242e-76,2,23.5431,0.670885,0.751183,5235.99,18.0,57.7257,24.6099,19.4428,17.0399,15.9168,15.4242,15.1779,14.9711,14.8281,14.6890,14.5536,14.4217,14.2428,14.0463,13.6991,13.0795,12.2327,11.3502,10.0312
78.607,0.8055132907896244,0.41468973770957057,4.885272144028858e-77,2,24.8366,0.601425,0.682058,5235.99,18.0,23.1828,27.9875,21.1075,18.0922,16.7191,16.1236,15.8274,15.5794,15.4084,15.2422,15.0807,14.9237,14.7112,14.4783,14.0680,13.3397,12.3501,11.3204,9.6601
78.717,0.767111190245122,0.4771042324714221,8.210676892469303e-78,2,26.3559,0.533856,0.615711,5235.99,18.0,16.5618,32.8341,23.2881,19.4264,17.7261,16.9994,16.6402,16.3407,16.1347,15.9351,15.7415,15.5538,15.3002,15.0231,14.5371,13.6804,12.5272,11.3359,9.3372
78.827,0.762320585922584,0.5152304855993606,1.3799684653173156e-78,2,28.0244,0.469642,0.546631,5235.99,18.0,13.4549,41.3275,26.6531,21.4115,19.2129,18.2923,17.8412,17.4672,17.2110,16.9635,16.7243,16.4930,16.1817,15.8429,15.2522,14.2212,12.8527,11.4574,9.0753
78.937,0.6742996896632042,0.5479925634118235,2.3193129996588127e-79,2,29.8692,0.410109,0.475678,5235.99,18.0,11.6123,58.9315,32.1570,24.4394,21.4295,20.2056,19.6136,19.1263,18.7945,18.4754,18.1683,17.8726,17.4766,17.0481,16.3069,15.0313,13.3710,11.7116,8.8833
79.047,0.40529093130767474,0.6108955273975363,3.898069358526567e-80,2,32.0639,0.352537,0.421019,5235.99,18.0,10.9010,90.8886,38.6431,27.5637,23.5887,22.0228,21.2755,20.6652,20.2521,19.8566,19.4778,19.1146,18.6306,18.1098,17.2166,15.7007,13.7659,11.8720,8.6855
79.159,0.3774190307446557,0.6836178343082497,6.551485170875601e-81,2,34.4535,0.293786,0.381714,5235.99,18.0,10.7871,155.0060,45.2839,30.2479,25.2966,23.4045,22.5126,21.7896,21.3028,20.8389,20.3962,19.9735,19.4127,18.8125,17.7905,16.0775,13.9287,11.8632,8.4412
79.268,0.5369534230695299,0.7151514563992523,1.1011081126690624e-81,2,36.8326,0.239665,0.326008,5235.99,18.0,10.2887,185.2730,63.9525,36.7441,29.3526,26.6942,25.4709,24.4927,23.8409,23.2245,22.6410,22.0877,21.3596,20.5878,19.2911,17.1648,14.5778,12.1688,8.2983
79.379,0.4628161735758122,0.729221936654782,1.8506324049628935e-82,2,39.3718,0.19513,0.256738,5235.99,18.0,9.5746,64.5581,151.6630,53.4497,38.5861,33.9051,31.8529,30.2555,29.2117,28.2395,27.3320,26.4830,25.3825,24.2358,22.3543,19.3853,15.9537,12.9206,8.3045
79.487,0.15746510602991587,0.735284200062414,3.1103578830211353e-83,2,42.1612,0.154632,0.217025,5235.99,18.0,9.4233,44.3619,179.8650,73.1478,47.2305,40.1555,37.1942,34.9449,33.5008,32.1737,30.9499,29.8180,28.3693,26.8815,24.4867,20.8210,16.7478,13.2837,8.2202
79.598,0.04695141005954298,0.7372706825358268,5.227578493993621e-84,2,44.8774,0.111412,0.203729,5385.94,18.0,9.7039,41.8043,180.8970,81.8563,49.9452,41.8316,38.5059,36.0068,34.4146,32.9596,31.6250,30.3965,28.8321,27.2352,24.6849,20.8284,16.6083,13.0720,7.9810
79.707,0.011673503055738773,0.7383071131127147,8.78599117485508e-85,2,47.7358,0.0650631,0.199725,5750.07,18.0,10.1484,42.6569,179.9240,82.4843,49.3288,41.1067,37.7602,35.2546,33.6622,32.2096,30.8796,29.6572,28.1033,26.5202,23.9982,20.1992,16.0626,12.6121,7.6684
79.818,0.34115301278257304,0.7386467306841493,1.4766615367578935e-85,2,50.6976,0.0175755,0.185789,6184.12,18.0,10.4454,40.5662,180.2970,96.0384,52.7623,43.0940,39.2671,36.4414,34.6628,33.0521,31.5868,30.2481,28.5573,26.8472,24.1486,20.1422,15.8575,12.3436,7.3956
79.928,0.3338945431371717,0.739699178679332,2.481825044828992e-86,2,53.6789,-0.0164176,0.115609,6723.57,18.0,9.8233,28.4541,65.0901,175.8080,128.9110,82.0640,68.7560,60.2208,55.3204,51.1610,47.5868,44.4826,40.7650,37.2170,32.0105,25.0544,18.4795,13.6463,7.5279
80.039,0.10941056389518841,0.7494481366352684,4.171203352844087e-87,2,57.3265,-0.0382091,0.0710894,7060.17,18.0,9.5089,24.1832,45.1692,121.9950,172.4020,164.4640,139.3670,107.6430,92.5957,81.2443,72.3774,65.2600,57.3694,50.4123,41.0915,30.0463,20.8433,14.7248,7.6379
80.148,0.03585165357717534,0.8020935911938948,7.010541475125056e-88,2,61.2537,-0.05592,0.0556461,7755.12,18.0,9.5030,23.2516,41.3578,95.3030,173.3580,167.8700,163.1610,148.3480,120.7720,101.8470,88.0558,77.5593,66.4741,57.1497,45.2686,32.0238,21.6208,14.9992,7.5999
80.259,0.011747869844168816,0.8485761959311654,1.1782617057242681e-88,2,65.7866,-0.0728616,0.0491855,9076.6,18.0,9.5864,23.0982,40.3409,88.2734,172.3030,167.4350,163.5440,158.0610,137.5330,113.1450,96.1103,83.5394,70.6176,60.0185,46.8577,32.6226,21.7509,14.9675,7.5070
80.368,0.003849541990537238,0.8715085806952243,1.9803044488107773e-89,2,70.7132,-0.0900989,0.0452973,11334.5,18.0,9.6989,23.1591,40.0266,85.1637,170.6540,166.1000,162.5600,158.0000,149.3190,120.5650,101.1050,87.0589,72.8919,61.4707,47.5326,32.7522,21.6651,14.8334,7.3936
80.477,0.001261417919459242,0.8880085274253362,3.328297687116274e-90,2,75.7873,-0.107805,0.0413596,13548.5,18.0,9.8142,23.2249,39.7324,82.3383,168.8210,164.5540,161.3060,157.3550,152.7900,129.4670,106.9240,91.0730,75.4285,63.0599,48.2513,32.8810,21.5699,14.6910,7.2759
80.588,0.0004133414238484044,0.9046745405167342,5.593869922736323e-91,3,80.9908,-0.125733,0.0357081,12217.8,18.0,9.9124,23.1628,39.0747,78.2148,167.0080,163.1050,160.2030,156.8480,153.5100,146.7020,118.0910,98.7198,80.2912,66.1836,49.8036,33.3635,21.6136,14.6070,7.1671
80.697,0.00013544371776664515,0.9270389311708984,9.40161717914294e-92,3,85.2398,-0.142502,0.0320598,8414.0,18.0,10.0208,23.2300,38.8493,76.1743,164.7650,161.0720,158.3640,155.3020,152.4080,148.0320,126.1800,103.9540,83.3988,68.0365,50.5914,33.4912,21.5128,14.4640,7.0536
80.807,4.438219743777429e-05,0.949630685325455,1.580129799298554e-92,3,89.6728,-0.157639,0.0315463,9034.4,18.0,10.1480,23.4987,39.2516,76.7470,162.0230,158.3590,155.6870,152.6790,149.8580,145.6800,125.5320,103.1890,82.6137,67.2916,49.9494,33.0091,21.1773,14.2279,6.9325
80.918,1.454315845640988e-05,0.9648308911705702,2.65572415368108e-93,3,94.4845,-0.172827,0.0314538,9771.09,18.0,10.2801,23.7999,39.7461,77.6748,159.0850,155.4290,152.7740,149.7960,147.0110,142.9150,123.5520,101.5200,81.2467,66.1595,49.0935,32.4333,20.8033,13.9748,6.8081
81.029,4.76550216299639e-06,0.9751695422781474,4.4634755850917915e-94,3,99.5168,-0.188586,0.0315544,10349.1,18.0,10.4194,24.1275,40.3027,78.8061,155.9630,152.3070,149.6630,146.7040,143.9400,139.8810,120.8960,99.3811,79.5674,64.8120,48.1103,31.7947,20.3986,13.7049,6.6777
81.136,1.5615597487706567e-06,0.9807799599105783,7.501763415863772e-95,3,104.621,-0.205123,0.0318,10837.1,18.0,10.5671,24.4827,40.9194,80.1187,152.6590,148.9960,146.3580,143.4120,140.6590,136.6040,117.7150,96.8707,77.6354,63.2852,47.0165,31.0974,19.9629,13.4169,6.5401
81.248,5.116918984771688e-07,0.9871374655447483,1.2608213773042241e-95,3,109.777,-0.222524,0.0321605,11245.4,18.0,10.7238,24.8652,41.5938,81.6005,149.1720,145.4980,142.8640,139.9250,137.1760,133.0990,114.1230,94.0623,75.4932,61.6056,45.8251,30.3462,19.4973,13.1108,6.3948
81.357,1.6767120129299866e-07,0.9910292301003281,2.1190624888352097e-96,3,114.928,-0.24092,0.0325715,11648.8,18.0,10.8900,25.2730,42.3168,83.2073,145.5070,141.8230,139.1920,136.2590,133.5130,129.4010,110.3150,91.0828,73.2208,59.8241,44.5618,29.5501,19.0043,12.7868,6.2411
81.468,-0.008641341197149197,0.9932456456192754,3.561508324985337e-97,3,120.041,-0.26038,0.0332014,12061.6,18.0,11.0682,25.7219,43.1323,85.1089,141.6460,137.9420,135.3070,132.3700,129.6070,125.3920,105.8720,87.6450,70.6299,57.8135,43.1548,28.6767,18.4699,12.4384,6.0775
81.577,-0.0664788830069131,0.995592225344024,5.985827041802856e-98,3,125.076,-0.28492,0.0567633,12494.3,18.0,11.5784,28.4063,50.6927,117.9500,134.4010,129.1300,124.6830,109.1730,89.3510,75.6261,65.5600,57.8630,49.7006,42.8071,33.9870,24.1061,16.3093,11.3299,5.7507
81.688,-0.021783800383705282,0.9965779963382297,1.0060379509158059e-98,3,130.013,-0.322537,0.0855572,13003.3,18.0,12.3199,32.5775,64.2185,133.4630,124.1870,96.9850,72.7707,59.7310,52.9578,47.5675,43.1761,39.5297,35.3542,31.5511,26.2674,19.7090,13.9809,10.0322,5.3138
81.797,-0.007138115709732548,0.9972865137776111,1.690847984104195e-99,3,135.077,-0.375272,0.100446,13358.2,18.0,13.0433,36.0155,75.8574,127.0160,113.6480,66.0135,53.0059,45.2170,40.9252,37.3801,34.4027,31.8668,28.8892,26.1062,22.1224,16.9775,12.2918,8.9515,4.8400
81.907,-0.002339017755765162,0.9975186807721476,2.8418082068839215e-100,3,140.097,-0.440872,0.107332,13789.5,18.0,13.7819,38.8715,84.8150,121.1760,89.4370,52.7020,43.2410,37.3760,34.0776,31.3161,28.9708,26.9543,24.5638,22.3068,19.0374,14.7466,10.7697,7.8939,4.3077
82.018,0.025677644600853377,0.9975947572529172,4.7762270533098086e-101,3,145.13,-0.515551,0.108428,14194.0,18.0,14.5160,41.0836,90.1757,115.9350,75.2935,44.8918,36.9453,31.9948,29.2024,26.8603,24.8677,23.1519,21.1150,19.1892,16.3943,12.7173,9.3002,6.8236,3.7290
82.127,0.06854510649148732,0.9976196859941359,8.0274048084978e-102,3,150.09,-0.591206,0.0870911,14649.6,18.0,14.8498,39.4364,78.2284,113.9800,102.7750,56.4580,42.7393,35.2501,31.3314,28.1988,25.6374,23.5042,21.0543,18.8164,15.6965,11.8069,8.3940,6.0327,3.2023
82.237,0.022460860495130564,0.9976278546440583,1.3491659261642253e-102,4,154.48,-0.656542,0.0619771,12170.2,18.0,15.0150,37.3123,67.6469,111.7380,104.0930,96.1527,63.7988,46.2994,38.7175,33.2715,29.1706,25.9714,22.5171,19.5491,15.6819,11.2541,7.6866,5.3735,2.7493
82.346,0.027343320177200633,0.997630531347265,2.2675431721042133e-103,4,155.99,-0.708315,0.054187,12071.9,18.0,15.3494,37.4247,66.2866,107.2820,100.1960,93.7519,71.3928,47.6538,38.5107,32.3134,27.8360,24.4501,20.8945,17.9196,14.1500,9.9751,6.7161,4.6508,2.3511
82.457,0.0971053874985401,0.9976314084493717,3.811059809355552e-104,4,159.564,-0.746925,0.0228726,12358.5,18.0,15.1742,34.4949,56.5085,104.7740,99.5457,95.7157,93.0387,89.9375,86.5890,66.3929,48.0614,37.6647,28.9123,22.8486,16.4062,10.5056,6.5954,4.3746,2.0999
82.568,0.031819493375521625,0.9976316958581901,6.4052482215838776e-105,4,163.112,-0.763247,-0.00793535,12613.0,18.0,14.8443,31.7644,49.0547,101.6040,97.5473,94.7645,92.9770,91.1784,89.7135,88.0364,86.0345,83.4325,65.3602,39.8010,22.9714,12.4619,7.0975,4.4663,2.0250
82.678,0.010426611589290924,0.9976317900363117,1.0765300686016023e-105,4,166.722,-0.760376,-0.0178888,12847.3,18.0,14.6771,30.8451,46.8651,96.8057,93.0453,90.5283,88.9437,87.3768,86.1305,84.7473,83.1811,81.3454,77.8944,55.8526,27.7016,13.8118,7.5519,4.6589,2.0707
82.788,0.00341659208557885,0.9976318208965986,1.8093240862987137e-106,4,170.307,-0.74739,-0.0205091,13107.2,18.0,14.5321,30.3991,45.9986,91.4467,87.7742,85.3660,83.8679,82.4007,81.2449,79.9764,78.5622,76.9465,74.1124,65.5498,30.7535,14.9342,8.0702,4.9514,2.1888
82.898,0.0011195488946024775,0.9976318310088974,3.040930991842248e-107,4,173.866,-0.730314,-0.0212863,13366.5,18.0,14.3794,30.0385,45.3984,85.8464,82.2295,79.9047,78.4740,77.0848,75.9992,74.8175,73.5146,72.0499,69.5736,65.2101,33.3578,16.0661,8.6509,5.2989,2.3387
83.007,0.0003668537817833399,0.9976318343224955,5.110892717989267e-108,4,177.393,-0.711572,-0.0215505,13629.0,18.0,14.2200,29.6918,44.8561,80.0730,76.5163,74.2756,72.9115,71.5987,70.5807,69.4813,68.2815,66.9517,64.7678,61.3591,35.8715,17.2277,9.2650,5.6718,2.5019
83.116,0.00012021064721476483,0.9898766596270453,0.051763916015625,4,180.793,-0.69205,-0.0215152,13840.9,18.0,14.0583,29.3560,44.3512,74.1336,70.6489,68.4979,67.2032,65.9684,65.0185,64.0008,62.9010,61.6980,59.7717,56.9777,38.2711,18.3873,9.8903,6.0550,2.6711
83.227,3.939062487933414e-05,0.4892845025765903,0.7012365704040527,4,176.449,-0.672402,-0.0214937,12941.3,18.0,13.8954,29.0168,43.8401,68.1428,64.7495,62.6977,61.4772,60.3244,59.4447,58.5098,57.5096,56.4294,54.7390,52.4149,40.6948,19.5563,10.5201,6.4409,2.8415
83.337,1.2907519960460212e-05,0.16032874580429712,0.8343269565779946,4,164.938,-0.653723,-0.0214818,11751.6,18.0,13.7403,28.6936,44.0730,62.4079,59.1204,57.1721,56.0270,54.9554,54.1442,53.2890,52.3825,51.4150,49.9306,47.9700,42.2156,20.6690,11.1193,6.8079,3.0035
83.446,4.229536140643601e-06,0.05253652342515208,0.8576754428286358,4,152.435,-0.636378,-0.0215724,10622.6,18.0,13.5950,28.3857,61.1771,57.0538,53.8839,52.0412,50.9709,49.9783,49.2326,48.4523,47.6324,46.7668,45.4609,43.7890,39.6864,21.7236,11.6817,7.1509,3.1542
83.559,1.3859344025660952e-06,0.017215167995953833,0.8618820891908573,3,140.002,-0.620339,-0.0219973,12153.5,18.0,13.4563,28.0751,56.1867,52.1049,49.0639,47.3285,46.3325,45.4163,44.7333,44.0235,43.2839,42.5105,41.3606,39.9257,36.6918,22.7778,12.2243,7.4763,3.2948
83.667,0.12098044333409635,0.005641066248914152,0.3743764322456883,3,128.162,-0.605514,-0.0224574,11275.5,18.0,13.3273,27.7836,51.5595,47.5427,44.6352,43.0054,42.0805,41.2365,40.6116,39.9665,39.2993,38.6076,37.5919,36.3497,33.6938,23.7761,12.7326,7.7794,3.4251
83.777,0.33413014981724753,0.0018484645884441892,0.06292144696753282,3,120.216,-0.590793,-0.027665,10890.4,18.0,13.1399,27.7193,47.4215,43.5338,40.7971,39.2909,38.4455,37.6802,37.1178,36.5412,35.9493,35.3408,34.4582,33.3991,31.2273,25.4147,13.5817,8.2036,3.5724
83.887,0.2064823539220141,0.0006057048763413919,0.010575207591833242,3,116.341,-0.565125,-0.0782226,10533.8,18.0,12.3530,23.9054,45.1893,41.7703,39.4284,38.1672,37.4678,36.8398,36.3816,35.9150,35.4401,34.9570,34.2663,33.4552,31.8646,28.3329,19.9422,10.4084,4.0161
83.997,0.20850778392563862,0.00019847737387954727,0.0017773751399594129,3,114.817,-0.508581,-0.152072,10397.8,18.0,11.2292,19.5132,43.6119,40.6912,38.7282,37.6861,37.1134,36.6025,36.2320,35.8566,35.4764,35.0913,34.5438,33.9060,32.6737,30.0648,25.2292,16.5111,4.9820
84.108,0.46211747121874347,6.503706587285006e-05,0.00029872343977297854,3,113.006,-0.414081,-0.239682,10222.1,18.0,9.9262,15.6928,42.1841,39.7035,38.0569,37.1901,36.7161,36.2948,35.9901,35.6824,35.3715,35.0575,34.6128,34.0972,33.1097,31.0538,27.3947,21.8627,6.7732
84.218,0.4603980986250594,2.1311345745215508e-05,5.020644852264451e-05,3,110.67,-0.277164,-0.355733,9991.0,18.0,8.4291,12.0774,14.8425,39.1117,37.7552,37.0440,36.6560,36.3115,36.0627,35.8115,35.5582,35.3026,34.9411,34.5229,33.7242,32.0736,29.1825,24.9113,10.4113
84.328,0.275030537487686,6.983301773792218e-06,8.438197803200863e-06,3,108.142,-0.0975889,-0.477519,9743.96,18.0,6.9105,9.1000,10.5290,12.6499,37.0704,36.4780,36.1552,35.8689,35.6623,35.4539,35.2439,35.0321,34.7329,34.3871,33.7280,32.3697,30.0050,26.5480,14.4689
84.437,0.15119329122233996,2.288288325236234e-06,1.418207904783969e-06,3,105.62,0.121848,-0.588053,9505.19,18.0,5.3732,6.6353,7.5110,8.5692,9.6067,10.3966,10.9923,11.7574,12.8489,34.3875,34.2081,34.0273,33.7721,33.4775,32.9171,31.7671,29.7795,26.8980,16.7604
84.547,0.049543017667736354,7.498263184134092e-07,2.383582025570417e-07,3,103.299,0.378607,-0.686116,9297.62,18.0,3.7468,4.4982,5.0555,5.6743,6.2070,6.5494,6.7621,6.9707,7.1359,7.3176,7.5198,7.7480,8.1284,8.7110,31.5410,30.5446,28.8370,26.3928,17.8888
84.657,0.01623425602936385,2.4570308801770597e-07,4.0060863103761996e-08,3,101.594,0.649347,-0.630699,9145.36,18.0,2.1332,2.6651,3.0203,3.4002,3.7137,3.9074,4.0243,4.1360,4.2220,4.3139,4.4125,4.5188,4.6828,4.8976,5.4204,28.5371,27.0424,24.9440,17.9000
84.767,0.005319641015701946,8.051198788164189e-08,6.7330292618492804e-09,3,100.225,0.878263,-0.503089,9045.44,18.0,0.7622,1.0080,1.1604,1.3199,1.4484,1.5259,1.5718,1.6150,1.6477,1.6823,1.7187,1.7572,1.8151,1.8877,2.0470,2.5176,24.9902,23.1910,17.4119
84.877,0.30382241904996465,2.638216818905641e-08,1.1316202280390086e-09,3,99.1249,1.05058,-0.316531,8998.43,18.0,-1.0000,-1.0000,-1.0000,-1.0000,-1.0000,-1.0000,-1.0000,-1.0000,-1.0000,-1.0000,-1.0000,-1.0000,-1.0000,-1.0000,-1.0000,-1.0000,-1.0000,-1.0000,-1.0000
84.988,0.5021696117680853,8.644908872190002e-09,1.901914117265162e-10,3,97.903,1.13553,-0.0916408,8813.98,18.0,-1.0000,-1.0000,-1.0000,-1.0000,-1.0000,-1.0000,-1.0000,-1.0000,-1.0000,-1.0000,-1.0000,-1.0000,-1.0000,-1.0000,-1.0000,-1.0000,-1.0000,-1.0000,-1.0000
85.097,0.5555291924489456,2.83276373923922e-09,3.196547056887559e-11,3,95.8839,1.1299,0.0248062,8703.01,18.0,-1.0000,-1.0000,-1.0000,-1.0000,-1.0000,-1.0000,-1.0000,-1.0000,-1.0000,-1.0000,-1.0000,-1.0000,-1.0000,-1.0000,-1.0000,-1.0000,-1.0000,-1.0000,-1.0000
85.207,0.5520515850072664,9.282400220739077e-10,5.37243663851092e-12,3,93.8613,1.05233,0.161977,8503.3,18.0,-1.0000,-1.0000,-1.0000,-1.0000,-1.0000,-1.0000,-1.0000,-1.0000,-1.0000,-1.0000,-1.0000,-1.0000,-1.0000,-1.0000,-1.0000,-1.0000,-1.0000,-1.0000,-1.0000
85.317,0.5353008951184799,3.0416569043317807e-10,9.029454258345306e-13,3,91.7725,0.911973,0.263622,8302.72,18.0,1.1381,28.5990,23.4186,20.9019,19.7024,19.1719,18.9057,18.6816,18.5265,18.3754,18.2280,18.0844,17.8893,17.6747,17.2947,16.6147,15.6833,14.6967,12.3284
85.428,0.5231602751495593,9.966901344114379e-11,1.5175803772000958e-13,3,89.1018,0.727271,0.313313,8086.36,18.0,6.5796,32.9572,24.8608,21.3113,19.6948,18.9937,18.6449,18.3530,18.1516,17.9560,17.7658,17.5810,17.3308,17.0565,16.5735,15.7159,14.5506,13.3382,11.0535
85.537,0.5180833008056989,3.2659542324394e-11,2.5505973399602013e-14,2,86.412,0.518824,0.343679,9846.76,18.0,10.9905,43.4454,28.2162,22.7266,20.4160,19.4471,18.9722,18.5781,18.3082,18.0474,17.7952,17.5513,17.2230,16.8656,16.2421,15.1534,13.7067,12.2303,9.6924
85.647,0.46833859698519303,1.0701878828857426e-11,4.2867889492711104e-15,2,83.1481,0.297619,0.353319,9338.54,18.0,11.6870,88.7054,37.4437,26.6666,22.8080,21.2891,20.5645,19.9727,19.5723,19.1890,18.8218,18.4698,18.0008,17.4963,16.6311,15.1631,13.2904,11.4581,8.3763
85.757,0.18841584347293616,3.5067916546400014e-12,7.204806187039956e-16,2,79.9132,0.07828,0.290327,8981.47,18.0,11.6405,133.9920,80.0710,38.6567,29.5782,26.4935,25.1040,24.0062,23.2811,22.6003,21.9597,21.3560,20.5671,19.7374,18.3586,16.1379,13.5004,11.1046,7.3525
85.870,0.06174010358921171,1.1491054893924355e-12,1.2109117758558056e-16,2,76.9482,-0.103091,0.163266,8656.62,18.0,11.3571,39.5014,143.3920,130.9950,57.6684,45.0905,40.4017,37.0377,34.9615,33.1082,31.4436,29.9406,28.0661,26.1965,23.2989,19.1117,14.7787,11.3312,6.6222
85.977,-0.02800032130278652,3.7653888676411333e-13,2.035179421680853e-17,2,74.1932,-0.240467,0.0436227,8364.75,18.0,11.0166,26.2047,45.0920,94.8492,200.0000,200.0000,200.0000,174.1650,130.6220,104.5020,87.0934,74.6618,62.2336,52.2944,40.2606,27.6132,18.2019,12.4347,6.1812
86.093,-0.41251659699608767,1.2338426241486468e-13,3.42052605401901e-18,2,72.1329,-0.334904,-0.0540617,8129.09,18.0,10.7613,21.2912,30.7508,45.6835,64.8230,82.1144,95.7669,112.0910,127.6450,148.2260,176.7320,200.0000,200.0000,200.0000,200.0000,58.6345,25.7867,14.5641,5.9751
86.201,-0.7251148119514027,4.043055510810285e-14,5.748878138989749e-19,2,71.544,-0.395102,-0.0542877,8099.83,18.0,11.2443,22.2390,32.1106,47.6832,67.6234,85.6203,99.8172,116.7780,132.9250,154.2650,183.7860,200.0000,200.0000,200.0000,200.0000,53.5044,23.4866,13.2564,5.4357
86.312,-0.2920213510650357,1.3248284297823143e-14,9.662139488200071e-20,2,71.9699,-0.433531,0.0665051,8238.55,18.0,13.0607,32.8273,60.3811,154.5880,200.0000,148.6170,92.2937,69.3185,58.8581,51.1438,45.2206,40.5298,35.3943,30.9221,25.0104,18.1212,12.4747,8.7670,4.5165
86.422,-0.09568955631699089,4.341197798710687e-15,1.6239157837817862e-20,2,71.4756,-0.473867,0.119248,8185.0,18.0,14.3102,41.9562,98.1816,200.0000,63.8843,41.7885,35.2884,31.0651,28.6211,26.5355,24.7349,23.1648,21.2767,19.4670,16.7971,13.2038,9.7794,7.2447,4.0152
86.533,0.14865126687855326,0.20275492968750142,2.7293152578020486e-21,2,71.5224,-0.520769,0.130336,8323.33,18.0,14.9778,45.6411,115.4700,200.0000,47.5386,33.2054,28.6123,25.5266,23.7029,22.1240,20.7438,19.5271,18.0474,16.6118,14.4626,11.5092,8.6277,6.4515,3.6259
86.641,0.2589042304130456,0.39019097168812544,4.587160153787903e-22,2,72.7135,-0.55556,0.0750834,8677.3,18.0,14.3134,36.7854,69.6769,198.2780,200.0000,84.8026,58.7403,46.2972,40.2159,35.5491,31.8550,28.8583,25.5028,22.5150,18.4683,13.6067,9.5000,6.7412,3.5173
86.751,0.08483773822174678,0.52597537330589,7.70964007047133e-23,2,75.3256,-0.573046,0.0330889,9093.92,18.0,13.8122,32.0910,53.7984,106.0880,200.0000,200.0000,200.0000,163.8450,105.1620,77.4337,61.2805,50.7066,40.8449,33.4223,24.9387,16.5658,10.6668,7.1823,3.5087
86.861,0.02779963006050199,0.662797961887374,1.2957592066441163e-23,2,79.002,-0.58275,0.0174186,9829.47,18.0,13.6703,30.7280,49.7607,90.8206,181.3320,200.0000,200.0000,200.0000,200.0000,143.7330,95.7649,71.8063,53.1847,41.0319,28.7358,17.9929,11.1308,7.3204,3.4804
86.971,0.009109382778225292,0.7789359349793797,2.177782498606766e-24,2,83.4981,-0.589296,0.0105349,10927.3,18.0,13.6300,30.2158,48.2591,85.5947,160.9590,200.0000,200.0000,200.0000,200.0000,200.0000,127.9430,88.0569,61.3070,45.5141,30.7023,18.6233,11.2932,7.3447,3.4488
87.081,0.0029849625487688635,0.8579182720959182,3.660199045408392e-25,2,88.3605,-0.594263,0.00610226,12661.9,18.0,13.6111,29.9118,47.3686,82.5967,150.2420,200.0000,200.0000,200.0000,200.0000,200.0000,164.1740,103.3580,68.0675,48.9679,32.0983,19.0303,11.3824,7.3474,3.4220
87.191,0.000978112527980581,0.9026119054941404,6.151696535617885e-26,2,93.6514,-0.598053,0.00146788,14544.8,18.0,13.5799,29.5771,46.4381,79.6292,140.4010,200.0000,200.0000,200.0000,200.0000,200.0000,200.0000,127.4680,77.4625,53.4906,33.8621,19.5553,11.5200,7.3762,3.4056
87.298,0.0003205079131686768,0.9334616680204448,1.0339156367412979e-26,3,97.9863,-0.600277,-0.00373108,8956.91,18.0,13.5284,29.1761,45.3852,76.4637,130.6740,200.0000,200.0000,200.0000,200.0000,200.0000,200.0000,174.7850,92.4689,60.1211,36.3197,20.2964,11.7415,7.4474,3.4045
87.410,0.000105024032987112,0.9509085709394394,1.737702010671099e-27,3,102.273,-0.599636,-0.00490076,10412.6,18.0,13.5073,29.0668,45.1231,75.7332,128.5800,197.8310,200.0000,200.0000,200.0000,200.0000,200.0000,191.3770,96.9898,62.0358,37.0325,20.5309,11.8267,7.4851,3.4140
87.516,3.441427512921686e-05,0.9597893826348105,2.920555769334916e-28,3,107.289,-0.597631,-0.00571329,10853.4,18.0,13.4795,28.9631,44.8989,75.1600,127.0400,194.3320,200.0000,200.0000,200.0000,200.0000,200.0000,200.0000,100.7810,63.6818,37.6891,20.7770,11.9327,7.5406,3.4339
87.630,1.127686967434178e-05,0.9675573493548997,4.908578081521194e-29,3,112.265,-0.594794,-0.00619585,11359.0,18.0,13.4492,28.8720,44.7205,74.7461,126.0110,192.1100,200.0000,200.0000,200.0000,200.0000,200.0000,200.0000,103.5790,64.9569,38.2423,21.0102,12.0449,7.6047,3.4598
87.742,3.6952046548883143e-06,0.9770327215334885,8.249847181612672e-30,3,117.331,-0.591389,-0.006481,11755.6,18.0,13.4167,28.7870,44.5670,74.4221,125.2730,190.6100,200.0000,200.0000,200.0000,200.0000,200.0000,200.0000,105.7340,66.0054,38.7371,21.2387,12.1630,7.6750,3.4899
87.849,1.2108446613138029e-06,0.9854954591452185,1.386551815813642e-30,3,122.403,-0.587564,-0.00661976,12166.0,18.0,13.3826,28.7065,44.4317,74.1637,124.7450,189.6280,200.0000,200.0000,200.0000,200.0000,200.0000,200.0000,107.3640,66.8729,39.1854,21.4631,12.2851,7.7501,3.5230
87.958,3.967695786193069e-07,0.9904911774433302,2.3303776368379875e-31,3,127.421,-0.583424,-0.00668222,12645.5,18.0,13.3469,28.6265,44.3034,73.9349,124.3190,188.9000,200.0000,200.0000,200.0000,200.0000,200.0000,200.0000,108.7360,67.6573,39.6178,21.6902,12.4122,7.8293,3.5586
88.074,1.300134555219745e-07,0.9921281744152554,3.9166656942336055e-32,3,132.519,-0.579038,-0.00670845,12991.1,18.0,13.3096,28.5451,44.1753,73.7149,123.9320,188.2770,200.0000,200.0000,200.0000,200.0000,200.0000,200.0000,110.0070,68.4192,40.0516,21.9236,12.5445,7.9124,3.5962
88.179,4.26028091054406e-08,0.9926645855830158,6.582740032298422e-33,3,137.479,-0.574445,-0.00671417,13518.9,18.0,13.2708,28.4616,44.0456,73.4972,123.5620,187.7080,200.0000,200.0000,200.0000,200.0000,200.0000,200.0000,111.2370,69.1765,40.4926,22.1639,12.6817,7.9989,3.6355
88.287,1.3960088487670778e-08,0.9928403567944676,1.106361117228396e-33,3,142.52,-0.569662,-0.00671608,13896.5,18.0,13.2305,28.3750,43.9114,73.2729,123.1840,187.1310,200.0000,200.0000,200.0000,200.0000,200.0000,200.0000,112.4960,69.9575,40.9489,22.4133,12.8244,8.0888,3.6763
88.401,4.57444179563996e-09,0.9933798285050361,1.8594611297257656e-34,3,147.56,-0.564705,-0.00671369,14246.6,18.0,13.1887,28.2856,43.7733,73.0432,122.7990,186.5510,200.0000,200.0000,200.0000,200.0000,200.0000,200.0000,113.7780,70.7578,41.4187,22.6710,12.9719,8.1819,3.7186
88.508,1.498953087595302e-09,0.9930747275951551,3.1251963207300946e-35,3,152.405,-0.559577,-0.00670988,14821.7,18.0,13.1455,28.1932,43.6305,72.8056,122.4020,185.9510,200.0000,200.0000,200.0000,200.0000,200.0000,200.0000,115.0990,71.5849,41.9042,22.9374,13.1245,8.2782,3.7624
88.618,4.911769477432285e-10,0.9939159142383803,5.25251745625107e-36,3,157.424,-0.554282,-0.00670702,15107.6,18.0,13.1009,28.0977,43.4831,72.5603,121.9910,185.3320,200.0000,200.0000,200.0000,200.0000,200.0000,200.0000,116.4680,72.4390,42.4060,23.2125,13.2821,8.3776,3.8077
88.732,1.609488622365011e-10,0.9960287027151324,8.827906088721173e-37,4,158.528,-0.548896,-0.00672132,12186.4,18.0,13.0554,27.9992,43.3296,72.3009,121.5460,184.6380,200.0000,200.0000,200.0000,200.0000,200.0000,200.0000,117.9490,73.3428,42.9281,23.4959,13.4435,8.4792,3.8537
88.839,5.273972317765669e-11,0.9971065212431945,1.4837061763313676e-37,4,162.102,-0.543411,-0.00672037,12509.2,18.0,13.0091,27.9002,43.1763,72.0454,121.1180,183.9870,200.0000,200.0000,200.0000,200.0000,200.0000,200.0000,119.3790,74.2326,43.4494,23.7814,13.6069,8.5823,3.9006
88.949,1.7281752490854543e-11,0.9974597008184699,2.4936649705601295e-38,4,165.714,-0.537801,-0.00671894,12726.7,18.0,12.9619,27.7988,43.0197,71.7843,120.6790,183.3240,200.0000,200.0000,200.0000,200.0000,200.0000,200.0000,120.8380,75.1417,43.9823,24.0733,13.7740,8.6877,3.9485
89.061,5.662884656203218e-12,0.9975754307016962,4.19110271602041e-39,4,169.249,-0.532071,-0.00671703,13007.8,18.0,12.9136,27.6954,42.8596,71.5176,120.2320,182.6460,200.0000,200.0000,200.0000,200.0000,200.0000,200.0000,122.3280,76.0705,44.5262,24.3714,13.9447,8.7954,3.9975
89.169,1.8556140441446707e-12,0.9976133530698318,7.0439863348155034e-40,4,172.752,-0.526219,-0.00671655,13288.1,18.0,12.8643,27.5896,42.6960,71.2447,119.7740,181.9500,200.0000,200.0000,200.0000,200.0000,200.0000,200.0000,123.8550,77.0208,45.0827,24.6761,14.1190,8.9054,4.0474
89.281,6.080476099853258e-13,0.9976257794714224,1.1838827832924417e-40,4,176.261,-0.52025,-0.00671608,13521.5,18.0,12.8140,27.4818,42.5291,70.9663,119.3060,181.2400,200.0000,200.0000,200.0000,200.0000,200.0000,200.0000,125.4110,77.9902,45.6504,24.9869,14.2969,9.0175,4.0984
89.390,1.9924504083999156e-13,0.9976298513546956,1.989751793879607e-41,4,179.724,-0.514161,-0.00671512,13770.2,18.0,12.7627,27.3718,42.3591,70.6828,118.8300,180.5190,200.0000,200.0000,200.0000,200.0000,200.0000,200.0000,126.9970,78.9769,46.2291,25.3037,14.4783,9.1320,4.1505
89.501,6.528861498244843e-14,0.9976311856294066,3.3441758399734554e-42,4,183.127,-0.507955,-0.00671417,14051.4,18.0,12.7104,27.2597,42.1856,70.3934,118.3440,179.7810,200.0000,200.0000,200.0000,200.0000,200.0000,200.0000,128.6140,79.9846,46.8189,25.6268,14.6632,9.2486,4.2035
89.607,2.1393773357448704e-14,0.9976316228445439,5.620556334243386e-43,4,186.529,-0.501634,-0.00671417,14291.4,18.0,12.6571,27.1454,42.0088,70.0986,117.8480,179.0290,200.0000,200.0000,200.0000,200.0000,200.0000,200.0000,130.2660,81.0111,47.4204,25.9559,14.8515,9.3674,4.2575
89.719,7.0103116537687915e-15,0.9976317661112001,9.446469030962857e-44,4,189.902,-0.495196,-0.00671369,14522.5,18.0,12.6028,27.0291,41.8288,69.7983,117.3440,178.2630,200.0000,200.0000,200.0000,200.0000,200.0000,200.0000,131.9460,82.0567,48.0326,26.2911,15.0433,9.4884,4.3125
89.828,2.2971389227069575e-15,0.9976318130568179,1.5876680500339271e-44,4,193.222,-0.488646,-0.00671274,14776.8,18.0,12.5476,26.9107,41.6456,69.4928,116.8310,177.4840,200.0000,200.0000,200.0000,200.0000,200.0000,199.3410,133.6520,83.1204,48.6551,26.6322,15.2385,9.6115,4.3684
89.938,7.52726482192616e-16,0.997631828439958,2.668393691692021e-45,4,196.504,-0.481982,-0.00671274,15034.0,18.0,12.4915,26.7902,41.4593,69.1820,116.3080,176.6970,200.0000,200.0000,200.0000,200.0000,200.0000,194.2390,135.3940,84.2025,49.2892,26.9791,15.4370,9.7368,4.4253
90.050,2.4665341368487643e-16,0.9976318334807054,4.48476927762678e-46,5,196.785,-0.475273,-0.00668651,13472.7,18.0,12.4352,26.6710,41.2765,68.8827,115.8220,200.0000,200.0000,200.0000,200.0000,200.0000,199.6520,189.0240,136.9920,85.2325,49.9069,27.3224,15.6350,9.8621,4.4825
90.159,8.082339059626032e-17,0.9976318351324575,7.53755172490733e-47,5,199.473,-0.468517,-0.00668556,13626.4,18.0,12.3783,26.5489,41.0876,68.5675,115.2920,200.0000,200.0000,200.0000,200.0000,200.0000,193.8740,183.7700,138.7520,86.3286,50.5490,27.6740,15.8362,9.9891,4.5402
90.270,2.6484208630582586e-17,1.0,1.2668363184051753e-47,5,202.113,-0.461676,-0.00668699,13806.3,18.0,12.3206,26.4251,40.8960,68.2476,114.7530,200.0000,200.0000,200.0000,200.0000,196.1560,188.0180,178.4160,140.5440,87.4422,51.2004,28.0305,16.0401,10.1177,4.5987
90.377,8.678345484069302e-18,1.0,2.1291718003435782e-48,5,204.717,-0.454748,-0.00668699,13991.8,18.0,12.2622,26.2999,40.7022,67.9241,114.2100,200.0000,200.0000,200.0000,198.3680,189.9400,182.0810,172.9630,142.3530,88.5674,51.8593,28.3912,16.2465,10.2479,4.6579
90.489,2.8437202482198285e-18,1.0,3.578499044837452e-49,5,207.303,-0.447729,-0.00668699,14162.6,18.0,12.2031,26.1730,40.5057,67.5962,113.6580,200.0000,200.0000,200.0000,191.7930,183.6440,176.0660,167.4160,144.1860,89.7088,52.5269,28.7568,16.4557,10.3798,4.7178
90.601,9.318302509366733e-19,1.0,6.014383344658306e-50,5,209.861,-0.440624,-0.00668747,14328.7,18.0,12.1432,26.0445,40.3069,67.2644,113.0990,200.0000,200.0000,193.7480,185.1370,177.2710,169.9730,161.7750,143.4850,90.8628,53.2031,29.1267,16.6674,10.5133,4.7785
90.710,3.0534213662692913e-19,1.0,1.0108374087367213e-50,5,212.389,-0.433431,-0.00668747,14492.2,18.0,12.0825,25.9144,40.1056,66.9283,112.5350,200.0000,199.7290,186.6970,178.3990,170.8190,163.8030,156.0440,140.2180,92.0325,53.8872,29.5014,16.8818,10.6485,4.8400
90.817,1.0005451132991214e-19,1.0,1.698914432863808e-51,5,214.885,-0.426155,-0.00668794,14656.5,18.0,12.0212,25.7829,39.9020,66.5886,111.9630,200.0000,192.0960,179.5620,171.5810,164.2910,157.5570,150.2230,136.1750,93.2144,54.5797,29.8803,17.0986,10.7853,4.9021
90.930,3.2785862272585615e-20,1.0,2.8553654873142023e-52,5,217.347,-0.418791,-0.00668794,14821.2,18.0,11.9591,25.6497,39.6960,66.2448,111.3850,200.0000,184.3750,172.3440,164.6840,157.6870,151.2360,144.3150,131.6900,94.4107,55.2801,30.2639,17.3180,10.9237,4.9650
91.037,1.0743271349480855e-20,1.0,4.79901277452898e-53,5,219.775,-0.411345,-0.00668794,14988.7,18.0,11.8964,25.5151,39.4876,65.8969,110.8000,191.9100,176.5650,165.0450,157.7090,151.0080,144.8410,138.3220,126.8960,95.6214,55.9888,30.6516,17.5399,11.0637,5.0286
91.151,3.520355155797886e-21,1.0,8.065700770150857e-54,6,219.621,-0.403852,-0.0067094,13700.9,18.0,11.8330,25.3781,39.2742,65.5364,111.1610,183.3940,168.7290,157.7180,150.7070,144.3030,138.4180,132.2900,121.9080,96.8936,56.7202,31.0473,17.7650,11.2052,5.0928
91.260,1.153549977451851e-21,1.0,1.3556023284392547e-54,6,221.609,-0.396319,-0.00671465,13812.6,18.0,11.7694,25.2415,39.0625,65.1821,200.0000,174.8320,160.8500,150.3530,143.6700,137.5650,131.9610,126.2090,116.7440,98.1317,57.4418,31.4411,17.9900,11.3470,5.1571
91.369,3.7799525661142257e-22,1.0,2.2783608334078554e-55,6,223.559,-0.388709,-0.00671322,13935.8,18.0,11.7053,25.1041,38.8498,64.8273,198.6660,166.1860,152.8960,142.9180,136.5650,130.7620,125.4390,120.0550,111.4160,97.4311,58.1649,31.8371,18.2166,11.4899,5.2222
91.477,1.2386148568643095e-22,1.0,3.8292410527085835e-56,6,225.489,-0.381032,-0.00671369,14050.9,18.0,11.6406,24.9653,38.6349,64.4687,188.2430,157.4670,144.8740,135.4200,129.4000,123.9010,118.8590,113.8330,105.9480,94.3698,58.8954,32.2371,18.4455,11.6343,5.2877
91.588,4.05869316297297e-23,1.0,6.435805437287316e-57,6,227.391,-0.373289,-0.00671417,14167.6,18.0,11.5753,24.8253,38.4182,64.1070,177.7310,148.6730,136.7840,127.8570,122.1730,116.9820,112.2220,107.5430,100.3560,90.4622,59.6327,32.6406,18.6763,11.7798,5.3539
91.699,1.3299525756429827e-23,1.0,1.0816658198448794e-57,6,229.269,-0.365479,-0.00671465,14282.3,18.0,11.5094,24.6840,38.1996,63.7422,167.1310,139.8060,128.6250,120.2320,114.8870,110.0050,105.5290,101.1890,94.6468,86.0658,60.3767,33.0475,18.9091,11.9266,5.4206
91.809,4.357988599866927e-24,1.0,1.8179557434132892e-58,6,231.123,-0.357604,-0.0067156,14395.7,18.0,11.4431,24.5417,37.9793,63.3743,156.4440,130.8670,120.4010,112.5440,107.5410,102.9710,98.7808,94.7691,88.8318,81.3311,61.1265,33.4577,19.1438,12.0747,5.4879
91.920,1.4280257044043946e-24,1.0,3.0554382179547157e-59,6,232.953,-0.349666,-0.00671608,14507.6,18.0,11.3761,24.3981,37.7571,63.8273,145.6720,121.8560,112.1110,104.7940,100.1360,95.8808,91.9792,88.2859,82.9161,76.3381,61.2880,33.8713,19.3804,12.2239,5.5557
92.028,4.67935462819232e-25,1.0,5.135275012916491e-60,6,234.762,-0.341666,-0.00671655,14616.6,18.0,11.3087,24.2534,37.5332,200.0000,134.8160,112.7740,103.7550,96.9842,92.6727,88.7347,85.1239,81.7402,76.9068,71.1344,59.1106,34.2881,19.6188,12.3743,5.6241
92.139,1.5333309245660595e-25,1.0,8.630856714208746e-61,6,236.547,-0.333605,-0.00671703,14724.5,18.0,11.2408,24.1077,37.3076,200.0000,123.8750,103.6220,95.3355,89.1139,85.1521,81.5338,78.2161,75.1325,70.8074,65.7536,55.8233,34.7082,19.8591,12.5258,5.6929
92.247,5.0244187736180634e-26,1.0,1.4505880879570641e-61,6,238.309,-0.325481,-0.00671751,14831.7,18.0,11.1723,23.9608,37.0805,185.8650,112.8530,94.4021,86.8523,81.1845,77.5752,74.2788,71.2563,68.4645,64.6233,60.2174,51.9110,35.1315,20.1013,12.6786,5.7623
92.360,1.6464015437391668e-26,1.0,2.4380033994294378e-62,6,240.048,-0.317296,-0.00671798,14937.7,18.0,11.1033,23.8128,37.9255,167.5780,101.7490,85.1135,78.3067,73.1966,69.9426,66.9704,64.2452,61.7366,58.3571,54.5435,47.5734,34.6868,20.3453,12.8324,5.8323
92.467,5.3949285785245024e-27,1.0,4.0975523134210563e-63,6,241.766,-0.309053,-0.00671894,15042.4,18.0,11.0338,23.6719,43.9514,149.1590,90.5651,75.7582,69.6994,65.1509,62.2545,59.6092,57.1835,54.9515,52.0123,48.7446,42.9157,32.6788,20.5910,12.9874,5.9027
92.579,1.767810196610909e-27,1.0,6.886756173166769e-64,6,243.462,-0.300751,-0.00671941,15145.9,18.0,10.9638,24.3272,200.0000,130.6080,79.3017,66.3362,61.0312,57.0480,54.5120,52.1955,50.0717,48.1173,45.5916,42.8309,38.0022,29.8035,20.3030,13.1435,5.9736
92.689,5.792760452254627e-28,1.0,1.157457110024139e-64,6,245.137,-0.292388,-0.00671989,15248.2,18.0,10.8991,27.0409,200.0000,111.9290,67.9605,56.8491,52.3025,48.8892,46.7158,44.7306,42.9105,41.2357,39.0976,36.8107,32.8757,26.3526,18.8717,12.9772,6.0450
93.062,1.898171744994796e-28,1.0,1.945338164817571e-65,6,246.466,-0.285659,-0.00672037,15339.2,18.0,11.0860,32.7106,200.0000,96.8943,58.8314,49.2126,45.2770,42.3221,40.4405,38.7219,37.1463,35.6965,33.8512,31.9223,28.6408,23.2810,17.1638,12.2298,6.0398
93.163,1.625432924396127e-76,8.563149929305203e-49,2.868289309206653e-142,6,246.466,-0.285659,-0.00672037,15339.2,18.0,11.0860,32.7106,200.0000,96.8943,58.8314,49.2126,45.2770,42.3221,40.4405,38.7219,37.1463,35.6965,33.8512,31.9223,28.6408,23.2810,17.1638,12.2298,6.0398
93.263,4.2476885472512845e-124,2.2377788303149285e-96,2.516289475756937e-218,6,246.466,-0.285659,-0.00672037,15339.2,18.0,11.0860,32.7106,200.0000,96.8943,58.8314,49.2126,45.2770,42.3221,40.4405,38.7219,37.1463,35.6965,33.8512,31.9223,28.6408,23.2810,17.1638,12.2298,6.0398
93.363,1.9235985074223373e-185,1.013395396119764e-157,2.22751137e-316,6,246.466,-0.285659,-0.00672037,15339.2,18.0,11.0860,32.7106,200.0000,96.8943,58.8314,49.2126,45.2770,42.3221,40.4405,38.7219,37.1463,35.6965,33.8512,31.9223,28.6408,23.2810,17.1638,12.2298,6.0398
93.463,2.607386759764697e-252,1.3736305825012946e-224,5e-324,6,246.466,-0.285659,-0.00672037,15339.2,18.0,11.0860,32.7106,200.0000,96.8943,58.8314,49.2126,45.2770,42.3221,40.4405,38.7219,37.1463,35.6965,33.8512,31.9223,28.6408,23.2810,17.1638,12.2298,6.0398
93.563,2.9967387718440105e-301,1.5787500681884976e-273,5e-324,6,246.466,-0.285659,-0.00672037,15339.2,18.0,11.0860,32.7106,200.0000,96.8943,58.8314,49.2126,45.2770,42.3221,40.4405,38.7219,37.1463,35.6965,33.8512,31.9223,28.6408,23.2810,17.1638,12.2298,6.0398
93.663,1e-323,3.756204873050802e-304,5e-324,6,246.466,-0.285659,-0.00672037,15339.2,18.0,11.0860,32.7106,200.0000,96.8943,58.8314,49.2126,45.2770,42.3221,40.4405,38.7219,37.1463,35.6965,33.8512,31.9223,28.6408,23.2810,17.1638,12.2298,6.0398
93.764,1e-323,1e-323,5e-324,6,246.466,-0.285659,-0.00672037,15339.2,18.0,11.0860,32.7106,200.0000,96.8943,58.8314,49.2126,45.2770,42.3221,40.4405,38.7219,37.1463,35.6965,33.8512,31.9223,28.6408,23.2810,17.1638,12.2298,6.0398
93.864,1e-323,1e-323,5e-324,6,246.466,-0.285659,-0.00672037,15339.2,18.0,11.0860,32.7106,200.0000,96.8943,58.8314,49.2126,45.2770,42.3221,40.4405,38.7219,37.1463,35.6965,33.8512,31.9223,28.6408,23.2810,17.1638,12.2298,6.0398
93.964,1e-323,1e-323,5e-324,6,246.466,-0.285659,-0.00672037,15339.2,18.0,11.0860,32.7106,200.0000,96.8943,58.8314,49.2126,45.2770,42.3221,40.4405,38.7219,37.1463,35.6965,33.8512,31.9223,28.6408,23.2810,17.1638,12.2298,6.0398
94.064,1e-323,1e-323,5e-324,6,246.466,-0.285659,-0.00672037,15339.2,18.0,11.0860,32.7106,200.0000,96.8943,58.8314,49.2126,45.2770,42.3221,40.4405,38.7219,37.1463,35.6965,33.8512,31.9223,28.6408,23.2810,17.1638,12.2298,6.0398
94.165,1e-323,1e-323,5e-324,6,246.466,-0.285659,-0.00672037,15339.2,18.0,11.0860,32.7106,200.0000,96.8943,58.8314,49.2126,45.2770,42.3221,40.4405,38.7219,37.1463,35.6965,33.8512,31.9223,28.6408,23.2810,17.1638,12.2298,6.0398
94.265,1e-323,1e-323,5e-324,6,246.466,-0.285659,-0.00672037,15339.2,18.0,11.0860,32.7106,200.0000,96.8943,58.8314,49.2126,45.2770,42.3221,40.4405,38.7219,37.1463,35.6965,33.8512,31.9223,28.6408,23.2810,17.1638,12.2298,6.0398
94.365,1e-323,1e-323,5e-324,6,246.466,-0.285659,-0.00672037,15339.2,18.0,11.0860,32.7106,200.0000,96.8943,58.8314,49.2126,45.2770,42.3221,40.4405,38.7219,37.1463,35.6965,33.8512,31.9223,28.6408,23.2810,17.1638,12.2298,6.0398
94.465,1e-323,1e-323,5e-324,6,246.466,-0.285659,-0.00672037,15339.2,18.0,11.0860,32.7106,200.0000,96.8943,58.8314,49.2126,45.2770,42.3221,40.4405,38.7219,37.1463,35.6965,33.8512,31.9223,28.6408,23.2810,17.1638,12.2298,6.0398
94.565,1e-323,1e-323,5e-324,6,246.466,-0.285659,-0.00672037,15339.2,18.0,11.0860,32.7106,200.0000,96.8943,58.8314,49.2126,45.2770,42.3221,40.4405,38.7219,37.1463,35.6965,33.8512,31.9223,28.6408,23.2810,17.1638,12.2298,6.0398
94.665,1e-323,1e-323,5e-324,6,246.466,-0.285659,-0.00672037,15339.2,18.0,11.0860,32.7106,200.0000,96.8943,58.8314,49.2126,45.2770,42.3221,40.4405,38.7219,37.1463,35.6965,33.8512,31.9223,28.6408,23.2810,17.1638,12.2298,6.0398
94.765,1e-323,1e-323,5e-324,6,246.466,-0.285659,-0.00672037,15339.2,18.0,11.0860,32.7106,200.0000,96.8943,58.8314,49.2126,45.2770,42.3221,40.4405,38.7219,37.1463,35.6965,33.8512,31.9223,28.6408,23.2810,17.1638,12.2298,6.0398
94.866,1e-323,1e-323,5e-324,6,246.466,-0.285659,-0.00672037,15339.2,18.0,11.0860,32.7106,200.0000,96.8943,58.8314,49.2126,45.2770,42.3221,40.4405,38.7219,37.1463,35.6965,33.8512,31.9223,28.6408,23.2810,17.1638,12.2298,6.0398
94.966,1e-323,1e-323,5e-324,6,246.466,-0.285659,-0.00672037,15339.2,18.0,11.0860,32.7106,200.0000,96.8943,58.8314,49.2126,45.2770,42.3221,40.4405,38.7219,37.1463,35.6965,33.8512,31.9223,28.6408,23.2810,17.1638,12.2298,6.0398
95.066,1e-323,1e-323,5e-324,6,246.466,-0.285659,-0.00672037,15339.2,18.0,11.0860,32.7106,200.0000,96.8943,58.8314,49.2126,45.2770,42.3221,40.4405,38.7219,37.1463,35.6965,33.8512,31.9223,28.6408,23.2810,17.1638,12.2298,6.0398
95.167,1e-323,1e-323,5e-324,6,246.466,-0.285659,-0.00672037,15339.2,18.0,11.0860,32.7106,200.0000,96.8943,58.8314,49.2126,45.2770,42.3221,40.4405,38.7219,37.1463,35.6965,33.8512,31.9223,28.6408,23.2810,17.1638,12.2298,6.0398
95.267,1e-323,1e-323,5e-324,6,246.466,-0.285659,-0.00672037,15339.2,18.0,11.0860,32.7106,200.0000,96.8943,58.8314,49.2126,45.2770,42.3221,40.4405,38.7219,37.1463,35.6965,33.8512,31.9223,28.6408,23.2810,17.1638,12.2298,6.0398
95.367,1e-323,1e-323,5e-324,6,246.466,-0.285659,-0.00672037,15339.2,18.0,11.0860,32.7106,200.0000,96.8943,58.8314,49.2126,45.2770,42.3221,40.4405,38.7219,37.1463,35.6965,33.8512,31.9223,28.6408,23.2810,17.1638,12.2298,6.0398
95.467,1e-323,1e-323,5e-324,6,246.466,-0.285659,-0.00672037,15339.2,18.0,11.0860,32.7106,200.0000,96.8943,58.8314,49.2126,45.2770,42.3221,40.4405,38.7219,37.1463,35.6965,33.8512,31.9223,28.6408,23.2810,17.1638,12.2298,6.0398
95.567,1e-323,1e-323,5e-324,6,246.466,-0.285659,-0.00672037,15339.2,18.0,11.0860,32.7106,200.0000,96.8943,58.8314,49.2126,45.2770,42.3221,40.4405,38.7219,37.1463,35.6965,33.8512,31.9223,28.6408,23.2810,17.1638,12.2298,6.0398
95.668,1e-323,1e-323,5e-324,6,246.466,-0.285659,-0.00672037,15339.2,18.0,11.0860,32.7106,200.0000,96.8943,58.8314,49.2126,45.2770,42.3221,40.4405,38.7219,37.1463,35.6965,33.8512,31.9223,28.6408,23.2810,17.1638,12.2298,6.0398
95.768,1e-323,1e-323,5e-324,6,246.466,-0.285659,-0.00672037,15339.2,18.0,11.0860,32.7106,200.0000,96.8943,58.8314,49.2126,45.2770,42.3221,40.4405,38.7219,37.1463,35.6965,33.8512,31.9223,28.6408,23.2810,17.1638,12.2298,6.0398
95.868,1e-323,1e-323,5e-324,6,246.466,-0.285659,-0.00672037,15339.2,18.0,11.0860,32.7106,200.0000,96.8943,58.8314,49.2126,45.2770,42.3221,40.4405,38.7219,37.1463,35.6965,33.8512,31.9223,28.6408,23.2810,17.1638,12.2298,6.0398
95.968,1e-323,1e-323,5e-324,6,246.466,-0.285659,-0.00672037,15339.2,18.0,11.0860,32.7106,200.0000,96.8943,58.8314,49.2126,45.2770,42.3221,40.4405,38.7219,37.1463,35.6965,33.8512,31.9223,28.6408,23.2810,17.1638,12.2298,6.0398
96.069,1e-323,1e-323,5e-324,6,246.466,-0.285659,-0.00672037,15339.2,18.0,11.0860,32.7106,200.0000,96.8943,58.8314,49.2126,45.2770,42.3221,40.4405,38.7219,37.1463,35.6965,33.8512,31.9223,28.6408,23.2810,17.1638,12.2298,6.0398
96.169,1e-323,1e-323,5e-324,6,246.466,-0.285659,-0.00672037,15339.2,18.0,11.0860,32.7106,200.0000,96.8943,58.8314,49.2126,45.2770,42.3221,40.4405,38.7219,37.1463,35.6965,33.8512,31.9223,28.6408,23.2810,17.1638,12.2298,6.0398
96.271,1e-323,1e-323,5e-324,6,246.466,-0.285659,-0.00672037,15339.2,18.0,11.0860,32.7106,200.0000,96.8943,58.8314,49.2126,45.2770,42.3221,40.4405,38.7219,37.1463,35.6965,33.8512,31.9223,28.6408,23.2810,17.1638,12.2298,6.0398
96.371,1e-323,1e-323,5e-324,6,246.466,-0.285659,-0.00672037,15339.2,18.0,11.0860,32.7106,200.0000,96.8943,58.8314,49.2126,45.2770,42.3221,40.4405,38.7219,37.1463,35.6965,33.8512,31.9223,28.6408,23.2810,17.1638,12.2298,6.0398
96.472,1e-323,1e-323,5e-324,6,246.466,-0.285659,-0.00672037,15339.2,18.0,11.0860,32.7106,200.0000,96.8943,58.8314,49.2126,45.2770,42.3221,40.4405,38.7219,37.1463,35.6965,33.8512,31.9223,28.6408,23.2810,17.1638,12.2298,6.0398
96.572,1e-323,1e-323,5e-324,6,246.466,-0.285659,-0.00672037,15339.2,18.0,11.0860,32.7106,200.0000,96.8943,58.8314,49.2126,45.2770,42.3221,40.4405,38.7219,37.1463,35.6965,33.8512,31.9223,28.6408,23.2810,17.1638,12.2298,6.0398
96.672,1e-323,1e-323,5e-324,6,246.466,-0.285659,-0.00672037,15339.2,18.0,11.0860,32.7106,200.0000,96.8943,58.8314,49.2126,45.2770,42.3221,40.4405,38.7219,37.1463,35.6965,33.8512,31.9223,28.6408,23.2810,17.1638,12.2298,6.0398
96.772,1e-323,1e-323,5e-324,6,246.466,-0.285659,-0.00672037,15339.2,18.0,11.0860,32.7106,200.0000,96.8943,58.8314,49.2126,45.2770,42.3221,40.4405,38.7219,37.1463,35.6965,33.8512,31.9223,28.6408,23.2810,17.1638,12.2298,6.0398
96.872,1e-323,1e-323,5e-324,6,246.466,-0.285659,-0.00672037,15339.2,18.0,11.0860,32.7106,200.0000,96.8943,58.8314,49.2126,45.2770,42.3221,40.4405,38.7219,37.1463,35.6965,33.8512,31.9223,28.6408,23.2810,17.1638,12.2298,6.0398
96.973,1e-323,1e-323,5e-324,6,246.466,-0.285659,-0.00672037,15339.2,18.0,11.0860,32.7106,200.0000,96.8943,58.8314,49.2126,45.2770,42.3221,40.4405,38.7219,37.1463,35.6965,33.8512,31.9223,28.6408,23.2810,17.1638,12.2298,6.0398
97.073,1e-323,1e-323,5e-324,6,246.466,-0.285659,-0.00672037,15339.2,18.0,11.0860,32.7106,200.0000,96.8943,58.8314,49.2126,45.2770,42.3221,40.4405,38.7219,37.1463,35.6965,33.8512,31.9223,28.6408,23.2810,17.1638,12.2298,6.0398
97.173,1e-323,1e-323,5e-324,6,246.466,-0.285659,-0.00672037,15339.2,18.0,11.0860,32.7106,200.0000,96.8943,58.8314,49.2126,45.2770,42.3221,40.4405,38.7219,37.1463,35.6965,33.8512,31.9223,28.6408,23.2810,17.1638,12.2298,6.0398
97.273,1e-323,1e-323,5e-324,6,246.466,-0.285659,-0.00672037,15339.2,18.0,11.0860,32.7106,200.0000,96.8943,58.8314,49.2126,45.2770,42.3221,40.4405,38.7219,37.1463,35.6965,33.8512,31.9223,28.6408,23.2810,17.1638,12.2298,6.0398
