time,steer,accel,brake,gear,speedX,trackPos,angle,rpm,damage,track_0,track_1,track_2,track_3,track_4,track_5,track_6,track_7,track_8,track_9,track_10,track_11,track_12,track_13,track_14,track_15,track_16,track_17,track_18
0.118,0.0,0.0,0.0,1,-0.00913045,0.333439,0.00822276,5235.99,0.0,5.7030,12.6267,22.4550,140.4860,90.9268,77.3570,71.6721,67.3518,64.5773,62.0267,59.6744,57.4982,54.7119,51.8501,47.2417,40.0655,31.0431,22.7658,11.2227
0.235,0.0,0.0,0.0,1,-0.00913045,0.333439,0.00822276,5235.99,0.0,5.7030,12.6267,22.4550,140.4860,90.9268,77.3570,71.6721,67.3518,64.5773,62.0267,59.6744,57.4982,54.7119,51.8501,47.2417,40.0655,31.0431,22.7658,11.2227
0.340,0.0,0.0,0.0,1,-0.00913045,0.333439,0.00822276,5235.99,0.0,5.7030,12.6267,22.4550,140.4860,90.9268,77.3570,71.6721,67.3518,64.5773,62.0267,59.6744,57.4982,54.7119,51.8501,47.2417,40.0655,31.0431,22.7658,11.2227
0.441,0.0,0.0,0.0,1,-0.00913045,0.333439,0.00822276,5235.99,0.0,5.7030,12.6267,22.4550,140.4860,90.9268,77.3570,71.6721,67.3518,64.5773,62.0267,59.6744,57.4982,54.7119,51.8501,47.2417,40.0655,31.0431,22.7658,11.2227
0.561,0.0,0.0,0.0,1,-0.00913045,0.333439,0.00822276,5235.99,0.0,5.7030,12.6267,22.4550,140.4860,90.9268,77.3570,71.6721,67.3518,64.5773,62.0267,59.6744,57.4982,54.7119,51.8501,47.2417,40.0655,31.0431,22.7658,11.2227
0.680,0.0,0.0,0.0,1,-0.00913045,0.333439,0.00822276,5235.99,0.0,5.7030,12.6267,22.4550,140.4860,90.9268,77.3570,71.6721,67.3518,64.5773,62.0267,59.6744,57.4982,54.7119,51.8501,47.2417,40.0655,31.0431,22.7658,11.2227
0.799,0.0,0.0,0.0,1,-0.00913045,0.333439,0.00822276,5235.99,0.0,5.7030,12.6267,22.4550,140.4860,90.9268,77.3570,71.6721,67.3518,64.5773,62.0267,59.6744,57.4982,54.7119,51.8501,47.2417,40.0655,31.0431,22.7658,11.2227
0.902,0.0,0.196175830078125,0.0,1,-0.00913045,0.333439,0.00822276,5257.39,0.0,5.7030,12.6267,22.4550,140.4860,90.9268,77.3570,71.6721,67.3518,64.5773,62.0267,59.6744,57.4982,54.7119,51.8501,47.2417,40.0655,31.0431,22.7658,11.2227
1.023,0.0,0.49358081592187497,0.0,1,0.0468909,0.333459,0.0086376,5249.36,0.0,5.7053,12.6428,22.5322,139.8800,90.6744,77.1749,71.5162,67.2144,64.4510,61.9106,59.5671,57.3988,54.6222,51.7696,47.1753,40.0151,31.0075,22.7444,11.2183
1.123,0.0,0.596317036370655,0.0,1,1.60478,0.333437,0.00850075,5235.99,0.0,5.7047,12.6384,22.5181,140.0450,90.7346,77.2156,71.5494,67.2429,64.4766,61.9333,59.5874,57.4172,54.6381,51.7833,47.1855,40.0222,31.0130,22.7485,11.2196
1.242,0.0,0.6366744128698489,0.0,1,4.96796,0.333277,0.00850886,5235.99,0.0,5.7061,12.6470,22.6054,139.7810,90.5673,77.0734,71.4183,67.1195,64.3585,61.8201,59.4786,57.3123,54.5384,51.6888,47.0996,39.9521,30.9677,22.7257,11.2182
1.342,0.0,0.7020202958279421,0.0,1,7.81178,0.333022,0.00851935,5235.99,0.0,5.7083,12.6612,22.7489,139.3650,90.3008,76.8479,71.2094,66.9233,64.1704,61.6396,59.3050,57.1451,54.3795,51.5384,46.9626,39.8403,30.8956,22.6891,11.2159
1.464,0.0,0.77511635374202,0.0,1,11.714,0.332559,0.00852173,5235.99,0.0,5.7123,12.6887,23.0248,138.6250,89.8223,76.4408,70.8321,66.5690,63.8306,61.3132,58.9912,56.8428,54.0917,51.2656,46.7140,39.6369,30.7640,22.6223,11.2120
1.581,0.0,0.8073567365915981,0.0,1,15.9592,0.331892,0.00852078,5235.99,0.0,5.7180,12.7331,23.4621,137.5650,89.1351,75.8557,70.2900,66.0595,63.3422,60.8440,58.5398,56.4079,53.6778,50.8732,46.3566,39.3440,30.5734,22.5241,11.2064
1.682,0.0,0.8177396261494598,0.0,1,19.5314,0.33119,0.0085203,5235.99,0.0,5.7240,12.7864,23.9826,136.4490,88.4118,75.2401,69.7197,65.5235,62.8283,60.3503,58.0648,55.9499,53.2421,50.4602,45.9804,39.0347,30.3713,22.4184,11.2005
1.800,0.0,0.826709698666699,0.0,1,23.8646,0.330161,0.00851982,5235.99,0.0,5.7328,12.8771,24.8876,134.8120,87.3508,74.3372,68.8831,64.7372,62.0743,59.6261,57.3679,55.2786,52.6031,49.8547,45.4284,38.5802,30.0719,22.2592,11.1917
1.904,0.0,0.8304088258559789,0.0,1,27.5029,0.329146,0.00851982,5235.99,0.0,5.7415,12.9821,26.0097,133.1960,86.3042,73.4465,68.0577,63.9615,61.3305,58.9116,56.6804,54.6162,51.9730,49.2575,44.8841,38.1301,29.7731,22.0972,11.1800
2.005,0.0,0.8352666414002372,0.0,1,31.2291,0.327963,0.00852173,5337.36,0.0,5.7516,13.1250,27.8014,131.3110,85.0827,72.4075,67.0947,63.0565,60.4629,58.0781,55.8786,53.8435,51.2376,48.5606,44.2494,37.6034,29.4207,21.9023,11.1608
2.105,0.0,0.8377996125071547,0.0,1,35.1173,0.326654,0.00852316,6636.97,0.0,5.7629,13.3104,31.4498,129.2260,83.7321,71.2580,66.0297,62.0557,59.5030,57.1563,54.9917,52.9889,50.4244,47.7900,43.5470,37.0186,29.0257,21.6793,11.1328
2.221,0.0,0.8407643295117005,0.0,1,40.2543,0.324867,0.00852269,12789.8,0.0,5.7783,13.6141,200.0000,126.3850,81.8911,69.6915,64.5779,60.6913,58.1948,55.8996,53.7826,51.8237,49.3157,46.7392,42.5896,36.2174,28.4791,21.3632,11.0834
2.324,0.0,0.8439033351818941,0.0,2,44.8936,0.323185,0.00851935,12326.6,0.0,5.8015,13.9592,200.0000,123.7130,80.1592,68.2170,63.2118,59.4073,56.9636,54.7169,52.6446,50.7273,48.2723,45.7500,41.6883,35.4593,27.9560,21.0534,11.0252
2.427,0.0,0.8456306433099031,0.0,2,49.2561,0.321324,0.00851792,7502.43,0.0,5.8437,14.4170,200.0000,120.7550,78.2418,66.5855,61.6999,57.9865,55.6010,53.4080,51.3852,49.5139,47.1175,44.6557,40.6911,34.6164,27.3682,20.6972,10.9480
2.541,0.0,0.8494532083442062,0.0,2,54.36,0.318136,0.0102278,7907.49,0.0,5.9328,15.1800,200.0000,116.7770,75.6767,64.4053,59.6809,56.0899,53.7829,51.6621,49.7060,47.8960,45.5784,43.1973,39.3629,33.4884,26.5691,20.1985,10.8206
2.644,0.0,0.8523538097321045,0.0,2,58.2823,0.314112,0.0205652,9683.9,0.0,6.0362,16.0289,200.0000,113.2280,73.3776,62.4486,57.8678,54.3858,52.1490,50.0927,48.1960,46.4411,44.1937,41.8852,38.1671,32.4711,25.8382,19.7335,10.6903
2.744,0.0,0.8547273159042659,0.0,2,62.779,0.306801,0.0316045,11526.1,0.0,6.1774,17.1628,200.0000,109.4590,70.9282,60.3624,55.9339,52.5677,50.4055,48.4178,46.5842,44.8877,42.7155,40.4837,36.8898,31.3839,25.0434,19.2167,10.5310
2.866,0.0,0.8594761675785328,0.0,2,68.3687,0.292641,0.045766,13354.8,0.0,6.4094,19.0983,200.0000,104.7640,67.8275,57.7099,53.4708,50.2490,48.1798,46.2776,44.5233,42.9003,40.8221,38.6875,35.2500,29.9851,23.9992,18.5216,10.2949
2.983,0.0,0.8628970173487068,0.0,2,74.3984,0.270922,0.0611528,14750.1,0.0,6.7322,22.2055,200.0000,99.8030,64.4954,54.8469,50.8070,47.7380,45.7674,43.9562,42.2861,40.7412,38.7636,36.7323,33.4627,28.4569,22.8313,17.7241,9.9975
3.095,0.01230969040612793,0.8670712020666992,0.0,3,79.5093,0.243752,0.0756741,7717.74,0.0,7.1147,26.3769,200.0000,95.3616,61.4127,52.1758,48.3134,45.3811,43.4993,41.7705,40.1767,38.7030,36.8169,34.8807,31.7654,26.9998,21.6890,16.9255,9.6739
3.203,0.03551780556118,0.869426842665091,0.0,3,83.2049,0.210569,0.0827609,7993.75,0.0,7.5013,28.6673,200.0000,99.4560,61.6574,51.8538,47.8123,44.7665,42.8219,41.0422,39.4075,37.9006,35.9792,34.0147,30.8708,26.1012,20.8607,16.3046,9.3674
3.314,0.02195502909264136,0.8715254010857469,0.0,3,86.9445,0.173192,0.0895018,8492.11,0.0,7.9342,30.3890,200.0000,106.0550,62.4736,51.8667,47.5721,44.3646,42.3300,40.4767,38.7819,37.2258,35.2503,33.2405,30.0445,25.2438,20.0347,15.6537,9.0349
3.423,0.01484653487652867,0.8740502051465276,0.0,3,91.0268,0.129715,0.0999825,8829.31,0.0,8.4798,32.5674,200.0000,109.6030,61.8265,50.8024,46.4023,43.1398,41.0804,39.2116,37.5081,35.9491,33.9764,31.9769,28.8128,24.0957,19.0245,14.8412,8.6349
3.536,0.008167352577871188,0.8758186950505391,0.0,3,95.1569,0.0785446,0.113542,9407.79,0.0,9.1622,35.1291,200.0000,109.6770,59.8094,48.7688,44.4087,41.1929,39.1704,37.3400,35.6754,34.1556,32.2368,30.2975,27.2393,22.7040,17.8606,13.8936,8.1649
3.647,0.06253236355334574,0.8766918364004107,0.0,3,99.6052,0.0177053,0.129468,9756.01,0.0,10.0129,38.0066,200.0000,106.6060,56.6817,45.9628,41.7622,38.6756,36.7393,34.9903,33.4026,31.9551,30.1309,28.2904,25.3954,21.1183,16.5713,12.8629,7.6199
3.757,0.09972797627466032,0.8789069532173115,0.0,3,103.778,-0.0487315,0.114096,10316.1,0.0,10.4138,33.6730,98.0327,174.0870,76.0085,56.6157,49.8463,45.1317,42.2792,39.7687,37.5423,35.5546,33.1049,30.6937,27.0183,21.8357,16.6259,12.5874,7.2089
3.864,0.032678863265680695,0.8796328026958736,0.0,3,108.051,-0.11231,0.0945517,10692.5,0.0,10.6016,29.7413,64.3040,192.3100,149.0670,86.1397,70.3250,60.5996,55.1563,50.6138,46.7658,43.4647,39.5603,35.8831,30.5714,23.6274,17.2189,12.6009,6.8606
3.978,0.010708209914898252,0.8806235787405088,0.0,3,112.373,-0.173232,0.0880215,11025.9,0.0,10.9612,29.1862,58.1192,195.7520,168.7790,111.7920,85.0617,70.3535,62.6246,56.4296,51.3535,47.1185,42.2465,37.7880,31.5600,23.7747,16.9250,12.1755,6.4715
4.084,0.003508866224913859,0.8833591170941899,0.0,3,116.694,-0.227541,0.0813888,11364.0,0.0,11.3788,29.7441,57.6757,194.2680,168.7930,122.7860,89.6554,72.5405,63.8411,57.0087,51.5009,46.9669,41.8181,37.1682,30.7698,22.9263,16.1633,11.5476,6.0803
4.194,0.0011497852845797733,0.8910243361925491,0.0,3,120.971,-0.278397,0.0792774,11748.8,0.0,11.8208,30.7226,59.0962,190.5440,165.5020,121.4940,87.3145,70.0759,61.4199,54.6708,49.2615,44.8294,39.8190,35.3146,29.1481,21.6383,15.2065,10.8396,5.6902
4.309,0.10194634889176205,0.9066731923741995,0.0,3,125.234,-0.327632,0.0693768,12174.8,0.0,12.1358,30.7274,57.0594,190.2580,166.5590,146.3690,101.6280,77.7302,66.5570,58.1959,51.7047,46.5194,40.7968,35.7739,29.0773,21.1902,14.6582,10.3354,5.3474
4.416,0.03340577960485258,0.9249622205053027,0.0,3,129.499,-0.366106,0.0343761,12632.4,0.0,12.0117,27.9864,47.0610,93.4791,177.6930,166.4090,158.9960,150.6220,141.2460,110.6610,88.2668,73.4152,59.4248,48.8047,36.5705,24.3945,15.7550,10.6277,5.2030
4.524,0.010946405860918093,0.9398442571339276,0.0,3,133.925,-0.391129,0.0176382,13034.8,0.0,12.0179,27.0261,43.7858,79.9924,180.1260,169.1960,163.1470,157.0330,151.8980,145.5500,135.3870,104.1270,77.2498,59.6610,41.8277,26.2151,16.2271,10.6759,5.0777
4.635,0.00358691827250564,0.9530000177401453,0.0,3,138.462,-0.406327,0.0114214,13440.9,0.0,12.0717,26.8086,42.8918,76.3441,177.9520,166.9990,161.3380,155.7400,151.1840,145.8750,139.0920,123.3790,86.7088,64.7327,43.8970,26.7425,16.2598,10.5904,4.9809
4.745,0.0011753613795346483,0.9576963973755908,0.0,3,143.045,-0.416317,0.00929719,13863.4,0.0,12.1312,26.8273,42.7441,75.4455,173.8090,163.0480,157.5560,152.1770,147.8430,142.8730,136.7670,127.2460,89.8943,66.1951,44.3147,26.7148,16.1389,10.4745,4.9073
4.853,0.0003851424168459136,0.9616461879139085,0.0,3,147.649,-0.42407,0.00861309,14278.1,0.0,12.1891,26.9190,42.8336,75.4035,168.8720,158.3970,153.0310,147.7920,143.5940,138.8160,133.0420,124.6950,90.2845,66.1702,44.1067,26.4971,15.9737,10.3554,4.8454
4.963,0.00012620346715206895,0.9636933849650046,0.0,3,152.252,-0.431047,0.00852168,14695.6,0.0,12.2477,27.0435,43.0242,75.7122,163.5200,153.3740,148.1180,142.9950,138.9050,134.2750,128.7360,121.0180,89.4042,65.4831,43.6232,26.1943,15.7867,10.2326,4.7871
5.076,4.135435211638995e-05,0.9651171401822076,0.0,4,156.847,-0.437891,0.00852107,15110.2,0.0,12.3062,27.1728,43.2298,76.0739,157.9690,148.1670,143.0160,138.0120,134.0320,129.5480,124.2360,117.0580,88.3301,64.6962,43.0987,25.8793,15.5969,10.1095,4.7295
5.188,0.01514886277769525,0.9660655512917808,0.0,4,157.8,-0.444743,0.00854714,12183.2,0.0,12.3652,27.3044,43.4414,76.4539,152.3200,142.8610,137.8180,132.9360,129.0680,124.7340,119.6450,112.9590,87.1937,63.8756,42.5592,25.5588,15.4049,9.9855,4.6718
5.298,0.022581905707155178,0.9678234575035407,0.0,4,161.2,-0.448868,-0.00339408,12400.4,0.0,12.2525,26.4412,41.1551,69.4138,151.2320,141.5300,136.8280,132.4890,129.1410,125.5210,121.5270,116.9760,108.6740,82.2007,49.8234,27.9054,16.1630,10.2582,4.6925
5.408,0.0073996388621206085,0.9676465585235101,0.0,4,164.535,-0.445166,-0.0123756,12656.7,0.0,12.1137,25.7113,39.4135,64.6399,148.8920,139.0920,134.4110,130.4120,127.3750,124.1440,120.6680,116.8610,110.6650,100.4840,57.9906,30.3805,17.0029,10.6073,4.7673
5.514,0.0024247136623396807,0.9682210532032337,0.0,4,167.863,-0.435551,-0.0151494,12896.3,0.0,12.0006,25.3441,38.6757,62.9208,143.9340,134.3840,129.8250,125.9900,123.1050,120.0580,116.8070,113.2940,107.7330,99.5719,61.9859,31.7049,17.5413,10.8824,4.8637
5.624,0.0007945301728754667,0.9690116473698855,0.0,4,171.164,-0.423014,-0.0159326,13141.5,0.0,11.8868,25.0685,38.2070,62.0198,138.0660,128.8850,124.5030,120.8120,118.0460,115.1360,112.0520,108.7460,103.5950,96.3886,64.2828,32.6471,18.0025,11.1508,4.9758
5.733,0.00026035164704783293,0.9709648010632891,0.0,4,174.443,-0.40918,-0.0162294,13385.0,0.0,11.7679,24.8044,37.7867,61.2860,131.8950,123.1160,118.9270,115.3800,112.7270,109.9490,107.0200,103.9030,99.1113,92.6352,66.1882,33.5231,18.4621,11.4286,5.0967
5.848,8.53120277046339e-05,0.9726890292155436,0.0,4,177.708,-0.394729,-0.0162029,13627.0,0.0,11.6475,24.5519,37.4035,60.6691,125.4890,117.1370,113.1520,109.7480,107.2070,104.5580,101.7800,98.8431,94.3827,88.5187,67.7736,34.3345,18.9111,11.7071,5.2212
5.957,2.795504523825444e-05,0.9736395242964743,0.0,4,180.956,-0.379953,-0.0161937,13865.9,0.0,11.5242,24.2924,37.0087,60.0303,118.9720,111.0540,107.2760,104.0150,101.5910,99.0742,96.4489,93.6933,89.5552,84.2454,69.3007,35.1696,19.3719,11.9926,5.3486
6.062,9.160309223671215e-06,0.9739509825245937,0.0,4,184.179,-0.364891,-0.0161931,14106.2,0.0,11.3984,24.0273,36.6049,59.3754,112.3410,104.8640,101.2930,98.1798,95.8759,93.4948,91.0246,88.4493,84.6244,79.8213,68.1016,36.0237,19.8424,12.2839,5.4785
6.173,0.03452981551653266,0.9740530411567838,0.0,4,187.375,-0.349525,-0.0166668,14341.4,0.0,11.2649,23.7258,36.1182,58.5648,105.7310,98.6845,95.3130,92.3568,90.1801,87.9413,85.6322,83.2416,79.7295,75.4063,65.6979,37.0604,20.3718,12.5994,5.6138
6.285,0.02128195822525742,0.9740864837293799,0.0,4,190.516,-0.328493,-0.0338014,14577.7,0.0,10.9102,22.3066,33.0952,51.3120,103.8380,96.5568,93.1008,90.2876,88.3234,86.3197,84.2730,82.1783,79.1544,75.5430,68.1460,45.6514,23.0578,13.7309,5.9007
6.395,0.006973672071252353,0.9740974421915681,0.0,4,193.646,-0.295415,-0.0425771,14801.9,0.0,10.5524,21.2643,31.1701,47.4899,99.3238,92.1696,88.7837,86.0320,84.1749,82.3322,80.4606,78.5580,75.8370,72.6339,66.2900,51.0183,25.4533,14.8319,6.2503
6.507,0.002285132864307971,0.9741010330604579,0.0,4,196.749,-0.254292,-0.044939,15032.9,0.0,10.1953,20.4662,29.9063,47.2445,92.7656,86.0349,82.8517,80.2661,78.5228,76.8139,75.0866,73.3398,70.8591,67.9692,62.3649,50.0512,27.3220,15.8233,6.6322
6.614,0.044768094010976436,0.9741022097163758,0.0,5,197.054,-0.207131,-0.0597111,13488.4,0.0,9.6823,18.9894,27.2375,42.6287,89.5093,82.7040,79.5024,76.9095,75.1653,73.5040,71.9150,70.3346,68.1058,65.5344,60.6393,50.5094,31.8913,17.7136,7.1683
6.724,0.01466960904551676,0.974102595282987,0.0,5,199.542,-0.142984,-0.0793216,13631.7,0.0,9.0127,17.1677,24.0827,36.5896,87.6432,80.5334,77.2141,74.5379,72.7436,71.0389,69.4175,67.8735,65.8265,63.5233,59.1951,50.5357,36.3632,20.5994,7.9249
6.833,0.004806937492034932,0.9741027216254542,0.0,5,202.017,-0.0639396,-0.084021,13797.6,0.0,8.3560,15.8101,22.0684,99.3851,81.3291,74.6247,71.5009,68.9852,67.2999,65.6999,64.1790,62.7316,60.8191,58.7443,54.8980,47.3966,35.8224,22.8907,8.7039
6.945,0.017949805617233756,0.9741027630253538,0.0,5,204.469,0.0220374,-0.08547,13961.6,0.0,7.6714,14.4849,20.7030,90.5276,73.9919,67.8618,65.0075,62.7095,61.1706,59.7097,58.3214,57.0005,55.2554,53.3896,50.0019,43.5393,33.9697,23.7110,9.5197
7.056,0.10060340322665515,0.9741027765912729,0.0,5,206.739,0.118416,-0.118411,14148.1,0.0,6.7323,12.2408,17.6984,94.6130,74.9370,67.9398,64.7341,62.1768,60.4759,58.8699,57.3513,55.9132,54.0236,52.0238,48.6715,42.8332,34.3127,25.1662,10.8475
7.163,0.03296572316931036,0.9741027810365532,0.0,5,208.952,0.25019,-0.15828,14283.4,0.0,5.5625,10.1373,14.7965,105.9950,79.5968,70.8445,66.9375,63.8658,61.8443,59.9512,58.1750,56.5051,54.3288,52.0474,48.2722,42.2344,34.4634,26.1007,12.2531
7.276,0.025316685433744615,0.9741027824931828,0.0,5,211.315,0.398881,-0.122883,14380.3,0.0,4.6386,9.1808,14.8213,102.4390,75.3037,66.5542,62.6869,59.6630,57.6807,55.8300,54.0984,52.4749,50.3652,48.1612,44.5311,38.7685,31.9104,24.8334,12.7541
7.386,0.10697161840967943,0.9741027829704911,0.0,5,213.48,0.494527,-0.0746238,14555.5,0.0,4.0594,8.6759,16.2988,113.4110,78.0760,67.6094,63.1142,59.6534,57.4100,55.3332,53.4054,51.6113,49.2988,46.9057,43.0134,36.9580,30.0874,23.8162,12.9448
7.494,0.03505245992048375,0.9741027831268955,0.0,5,215.535,0.541604,-0.0355605,14747.8,0.0,3.8158,8.8436,41.7936,152.8670,90.3279,75.0483,68.8552,64.2278,61.2912,58.6156,56.1679,53.9204,51.0663,48.1617,43.5412,36.5969,29.0565,22.7835,12.8670
7.606,0.011485990066744115,0.974102783178146,0.0,5,217.789,0.531396,0.033969,14912.2,0.0,4.2044,12.7546,83.4310,155.8060,86.6135,70.9311,64.7007,60.0918,57.1873,54.5545,52.1573,49.9655,47.1950,44.3902,39.9588,33.3677,26.3027,20.4964,12.0712
7.717,0.0749399056783207,0.9741027831949398,0.0,6,219.687,0.446145,0.106438,13795.2,0.0,5.4712,20.5128,105.5940,153.7540,80.8882,65.4431,59.4092,54.9823,52.2082,49.7042,47.4328,45.3632,42.7570,40.1295,36.0006,29.9094,23.4460,18.1836,10.8280
7.824,0.02455630829267213,0.9741027832004429,0.0,6,219.722,0.288112,0.153224,13841.2,0.0,7.2285,24.0715,76.0219,195.3190,92.7650,70.6641,62.7125,57.0995,53.6730,50.6381,47.9315,45.5029,42.4939,39.5149,34.9408,28.4216,21.7853,16.5828,9.5801
7.937,0.008046611101342803,0.9741027832022461,0.0,6,221.793,0.111719,0.142166,13801.5,0.0,8.8860,28.3020,79.2843,191.9310,92.2716,67.8059,59.4192,53.6242,50.1362,47.0775,44.3738,41.9668,39.0094,36.1080,31.7037,25.5302,19.3676,14.6198,8.3362
8.047,0.1378181395278755,0.9741027832028369,0.0,6,223.62,-0.0501247,0.12983,13939.9,0.0,10.3357,31.4383,79.2289,188.3060,95.0186,66.2013,56.9973,50.8227,47.1764,44.0215,41.2650,38.8362,35.8839,33.0211,28.7378,22.8570,17.1253,12.8004,7.1897
8.156,0.04516024796049424,0.9741027832030306,0.0,6,225.244,-0.184042,0.0820767,14058.5,0.0,10.9845,28.7675,55.9307,192.8290,178.0530,127.3810,93.4621,75.8109,66.8049,59.7155,53.9901,49.2700,43.9022,39.0476,32.3565,24.1369,17.0343,12.1788,6.4190
8.266,0.014798110051694752,0.9741027832030941,0.0,6,227.053,-0.282517,0.0666583,14145.7,0.0,11.6869,29.3857,54.0779,138.6850,175.7480,163.3860,116.4140,87.5243,74.3515,64.6295,57.1597,51.2412,44.7588,39.1113,31.6425,22.9336,15.7918,11.1001,5.7198
8.377,0.004849044701739336,0.9741027832031148,0.0,6,228.883,-0.362732,0.0624579,14255.2,0.0,12.3587,30.7479,55.8294,137.0050,169.1780,158.0260,116.6400,84.9892,71.1960,61.2589,53.7595,47.8992,41.5618,36.1085,28.9919,20.8276,14.2375,9.9586,5.0991
8.486,0.0015889349678659456,0.9741027832031216,0.0,6,230.696,-0.436738,0.061123,14367.7,0.0,13.0101,32.2617,58.3355,141.2900,161.6580,150.5180,107.4680,77.4140,64.5296,55.3258,48.4229,43.0544,37.2738,32.3204,25.8847,18.5414,12.6446,8.8305,4.5122
8.596,0.04975805889727031,0.9741027832031238,0.0,6,232.442,-0.505614,0.0441118,14486.3,0.0,13.3785,31.8585,54.8908,115.8430,158.3060,150.5880,144.1100,111.2840,83.8470,67.2673,56.1654,48.2123,40.2401,33.8495,26.0939,17.9212,11.8254,8.0838,4.0216
8.705,0.01630472073945753,0.9741027832031246,0.0,6,234.158,-0.553381,0.023121,14591.6,0.0,13.4965,30.6970,50.3140,94.2489,154.9980,149.1590,145.1650,140.6840,136.1810,115.9100,84.1557,66.0628,50.7838,40.1728,28.8761,18.5084,11.6272,7.7149,3.7050
8.813,0.005342730891905444,0.9741027832031247,0.0,6,235.923,-0.583287,0.0178286,14680.2,0.0,13.6807,30.7773,49.8829,91.2073,148.1710,142.7100,139.0680,135.1400,131.5310,126.0000,94.1649,70.8806,52.6583,40.7059,28.5650,17.9174,11.0967,7.3028,3.4745
8.924,0.001750706058659576,0.9741027832031247,0.0,6,237.658,-0.605793,0.0163313,14779.2,0.0,13.8537,31.0715,50.2045,91.2001,140.5760,135.2820,131.7880,128.0650,124.7150,119.9310,94.4007,70.0227,51.4342,39.4676,27.4907,17.1317,10.5658,6.9369,3.2916
9.027,0.0005736713613015698,0.9741027832031247,0.0,6,239.262,-0.624878,0.0158658,14885.8,0.0,14.0116,31.3959,50.6805,91.8814,133.1570,127.9810,124.5890,120.9990,117.8000,113.3460,91.5306,67.5634,49.4442,37.8504,26.3016,16.3570,10.0747,6.6095,3.1337
9.128,0.00018798063167129838,0.9193467246093748,0.0,6,240.769,-0.642616,0.015772,14963.9,0.0,14.1632,31.7296,51.2093,92.8028,125.8930,120.8220,117.5180,114.0410,110.9600,106.7330,87.5362,64.5501,47.2033,36.1174,25.0852,15.5940,9.6022,6.2986,2.9858
9.229,0.02364303824963605,0.42345503472,0.0,6,241.528,-0.659992,0.0136293,14875.5,0.0,14.2815,31.8564,51.1918,91.9402,118.9130,114.0410,110.9070,107.6550,104.8420,101.1960,91.2608,65.6438,47.1292,35.6457,24.4770,15.0685,9.2217,6.0281,2.8465
9.329,0.01979225619159074,0.1387577457770496,0.3536416625976562,6,240.004,-0.671694,0.00186068,14628.3,0.0,14.2113,30.9756,48.6685,83.5692,113.4480,109.1050,106.4030,103.7150,101.5300,99.0118,95.9234,91.3661,62.4827,43.3138,27.5068,15.9222,9.3922,6.0179,2.7806
9.451,0.021422564893710364,0.0363745105089789,0.8693009934347534,6,227.753,-0.672569,-0.00996166,13543.9,0.0,14.0529,29.9591,46.1090,76.1698,106.5900,102.7040,100.3490,98.0684,96.2774,94.3062,92.0875,89.4873,84.3842,58.3566,32.8440,17.5447,9.9143,6.2144,2.8064
9.566,0.02573770993123106,0.009535359682865764,0.9338841735824647,6,210.947,-0.662816,-0.0150443,12425.1,0.0,13.9019,29.3649,44.8192,72.9374,99.2770,95.6427,93.4708,91.3959,89.7891,88.0502,86.1403,83.9936,80.3130,70.7749,36.9574,18.9210,10.4730,6.4987,2.9051
9.668,0.024877815883815792,0.0031245466608814535,0.940797834776417,6,197.328,-0.651006,-0.0155308,11526.3,0.0,13.7967,29.1172,44.4063,99.0360,93.1397,89.6364,87.5594,85.5881,84.0716,82.4420,80.6690,78.7042,75.4445,69.7992,38.5944,19.6727,10.8667,6.7364,3.0084
9.789,0.024857838699637008,0.0008190811598701078,0.9411192528327513,6,181.402,-0.636069,-0.0154861,10497.6,0.0,13.6724,28.8573,44.0131,91.9554,86.2260,82.8699,80.8978,79.0397,77.6203,76.1064,74.4753,72.6922,69.8181,65.4244,40.2132,20.5061,11.3292,7.0237,3.1370
9.907,0.023516228225227642,0.00021471721157298955,0.9427547723780096,5,165.889,-0.621654,-0.0156906,10496.6,0.0,13.5493,28.5869,43.5864,85.4538,79.9028,76.6958,74.8280,73.0808,71.7555,70.3522,68.8543,67.2375,64.6941,61.0878,41.9638,21.3591,11.7902,7.3065,3.2620
10.007,0.024694812289192593,7.035853588823722e-05,0.9425357713696951,5,153.604,-0.610415,-0.0155085,9474.33,0.0,13.4577,28.4030,43.3187,80.4082,75.0010,71.9111,70.1237,68.4612,67.2069,65.8859,64.4855,62.9872,60.6678,57.5093,43.0656,21.9562,12.1292,7.5194,3.3582
10.108,0.025867452924907004,2.305508503985757e-05,0.9425694333831672,5,141.715,-0.599927,-0.0157709,8528.69,0.0,13.3667,28.1976,42.9873,75.7617,70.5061,67.5352,65.8285,64.2500,63.0654,61.8246,60.5179,59.1318,57.0172,54.2310,44.4394,22.6027,12.4724,7.7280,3.4496
10.229,0.030223692145060568,6.043752212688423e-06,0.9390452438767388,4,128.068,-0.588309,-0.0161135,8490.4,0.0,13.2652,27.9664,42.6119,70.6482,65.5720,62.7380,61.1229,59.6386,58.5315,57.3788,56.1736,54.9066,53.0022,50.5666,44.2431,23.3339,12.8570,7.9607,3.5510
10.349,0.03542600365394663,1.5843333800429939e-06,0.9022662755075722,4,115.093,-0.577739,-0.0161259,6976.94,0.0,13.1768,27.7793,73.0252,65.9835,61.0778,58.3709,56.8396,55.4408,54.4030,53.3282,52.2115,51.0466,49.3164,47.1520,42.0839,23.9358,13.1880,8.1654,3.6422
10.449,0.03976111090555335,5.191543619724881e-07,0.8197295809433565,4,104.861,-0.569743,-0.0160602,6121.76,0.0,13.1109,27.6436,69.3795,62.4433,57.6746,55.0674,53.6011,52.2678,51.2827,50.2668,49.2162,48.1263,46.5214,44.5430,40.1424,24.3740,13.4332,8.3184,3.7109
10.567,0.044755498395276,1.3609320106491596e-07,0.7715787929281217,3,93.1474,-0.561054,-0.016018,6710.35,0.0,13.0388,27.4937,65.4102,58.6033,53.9926,51.4981,50.1044,48.8437,47.9166,46.9647,45.9854,44.9755,43.5015,41.7108,37.8945,24.8564,13.7015,8.4853,3.7857
10.668,0.04874637381132029,4.459502012495167e-08,0.7024533312845583,3,83.8932,-0.554568,-0.0160433,5984.64,0.0,12.9843,27.3776,62.4330,55.7338,51.2483,48.8413,47.5036,46.2982,45.4150,44.5112,43.5850,42.6340,41.2548,39.5961,36.1521,25.2296,13.9058,8.6113,3.8417
10.769,0.05257052316491062,1.4612896194544161e-08,0.2338436823106266,3,75.1075,-0.548743,-0.0161567,6415.56,0.0,12.9342,27.2665,59.7477,53.1543,48.7873,46.4618,45.1756,44.0210,43.1776,42.3174,41.4388,40.5402,39.2443,37.6990,34.5550,25.5868,14.0958,8.7270,3.8924
10.887,0.05657596770911014,3.830683060022584e-09,0.027511475380162912,2,69.051,-0.542,-0.0185744,7900.71,0.0,12.8479,27.0762,56.9828,50.5323,46.3131,44.0866,42.8622,41.7678,40.9716,40.1624,39.3392,38.5010,37.2997,35.8810,33.0543,26.1034,14.4854,8.9235,3.9605
10.989,0.061274203798670816,1.2552382251082003e-09,0.004623853667143981,2,68.3775,-0.533304,-0.0311469,7833.58,0.0,12.6235,26.2315,55.5045,49.2510,45.2062,43.0902,41.9330,40.9030,40.1566,39.4009,38.6350,37.8585,36.7523,35.4580,32.9272,27.2338,15.7890,9.4612,4.0894
11.108,0.0703909057235713,3.2905316928276407e-10,0.0005439917600858223,2,67.8507,-0.517018,-0.0490551,7775.86,0.0,12.2847,25.1022,53.9153,47.9026,44.0628,42.0731,40.9917,40.0333,39.3414,38.6434,37.9390,37.2280,36.2205,35.0512,32.8015,28.0081,18.1461,10.3937,4.3150
11.227,0.05979020188218983,0.09644276375813432,6.400008658233692e-05,2,67.4511,-0.493661,-0.0678921,7764.68,0.0,11.8946,24.0426,52.3717,46.5886,42.9393,41.0642,40.0503,39.1553,38.5113,37.8634,37.2115,36.5556,35.6306,34.5634,32.5317,28.3342,20.7445,11.6545,4.6205
11.328,0.060681808422210055,0.24943998201576545,1.0756494551893368e-05,2,67.9416,-0.469553,-0.0792964,7919.62,0.0,11.5881,23.8654,50.7838,45.1645,41.6529,39.8607,38.8954,38.0455,37.4356,36.8231,36.2082,35.5910,34.7229,33.7254,31.8395,28.0089,21.4519,12.7487,4.9050
11.449,0.12193595290432567,0.32395307980179083,1.2654908275357029e-06,2,69.3719,-0.435054,-0.0948607,8149.5,0.0,11.1691,24.2611,48.9263,43.5051,40.1562,38.4603,37.5508,36.7524,36.1808,35.6084,35.0351,34.4609,33.6557,32.7342,31.0041,27.5447,21.8573,14.4335,5.3217
11.568,0.15974452297931585,0.34722047138593565,1.4888373036874793e-07,2,71.1009,-0.388838,-0.130897,8392.09,0.0,10.5036,21.4706,48.1997,43.0172,39.8441,38.2463,37.3924,36.6446,36.1102,35.5757,35.0413,34.5070,33.7595,32.9065,31.3116,28.1540,23.0669,16.6437,6.0236
11.669,0.05234508528986222,0.3520041571887434,2.502288856307547e-08,2,72.7187,-0.338467,-0.156955,8571.86,0.0,9.9275,20.1509,47.2590,42.2556,39.2151,37.6917,36.8794,36.1694,35.6627,35.1568,34.6515,34.1469,33.4420,32.6391,31.1432,28.2006,23.5183,17.6978,6.7516
11.770,0.01715243754778205,0.35681830816510746,4.205596880796094e-09,2,74.3907,-0.282742,-0.166176,8773.2,0.0,9.4513,51.8993,45.2678,40.4161,37.4978,36.0449,35.2729,34.5995,34.1200,33.6418,33.1651,32.6900,32.0275,31.2747,29.8778,27.1529,22.8819,17.6791,7.4148
11.887,0.004496408588525777,0.35624970396625893,4.947842674287797e-10,2,76.4473,-0.212413,-0.169611,9019.02,0.0,8.9169,48.8464,42.3476,37.6823,34.9160,33.5509,32.8289,32.2011,31.7552,31.3115,30.8701,30.4312,29.8209,29.1297,27.8537,25.3911,21.6022,17.0933,8.0960
11.988,0.10035358650959866,0.3608598014331637,8.315839182675501e-11,2,78.1931,-0.151551,-0.172457,9231.2,0.0,8.5786,46.1946,39.8223,35.3246,32.6916,31.4022,30.7231,30.1342,29.7169,29.3023,28.8907,28.4821,27.9153,27.2752,26.0987,23.8471,20.4316,16.4332,8.4228
12.089,0.2026663028591098,0.3641563873898691,1.3976430914322716e-11,2,79.9037,-0.0829637,-0.19988,9461.36,0.0,8.1837,44.7250,38.4883,34.1356,31.6083,30.3764,29.7293,29.1691,28.7725,28.3789,27.9885,27.6014,27.0651,26.4605,25.3519,23.2387,20.0536,16.3438,8.8146
12.208,0.1799118938762723,0.36380916670342983,1.6443131206391532e-12,2,81.9448,0.00674311,-0.183295,9710.14,0.0,7.6587,43.8224,37.7303,33.5150,31.0820,29.9000,29.2801,28.7439,28.3647,27.9887,27.6160,27.2467,26.7353,26.1593,25.1044,23.0984,20.0823,16.5691,9.3149
12.328,0.17108897901685874,0.35301479761817894,1.9345179433007575e-13,2,83.938,0.0837008,-0.148586,9924.45,0.0,7.2686,42.6155,36.6577,32.5771,30.2384,29.1065,28.5142,28.0026,27.6410,27.2828,26.9279,26.5766,26.0906,25.5438,24.5443,22.6488,19.8105,16.5125,9.6348
12.429,0.16161757433483415,0.34252908614914984,3.251344307305584e-14,2,85.4938,0.135796,-0.115847,10090.5,0.0,7.0630,41.4218,35.5711,31.6014,29.3412,28.2513,27.6819,27.1907,26.8439,26.5007,26.1610,25.8248,25.3602,24.8381,23.8849,22.0829,19.3954,16.2839,9.7701
12.550,0.18138890011871922,0.32759063147823275,3.8251740641019464e-15,2,87.2506,0.181199,-0.072525,10275.9,0.0,6.9982,39.7639,34.0387,30.2033,28.0386,27.0002,26.4591,25.9929,25.6642,25.3392,25.0178,24.7001,24.2617,23.7697,22.8737,21.1860,18.6841,15.8038,9.7741
12.670,0.2762873243554371,0.20972381693572983,4.5002790346753e-16,2,88.5423,0.208019,-0.0390984,10335.9,0.0,7.0311,38.5362,32.8967,29.1565,27.0603,26.0584,25.5373,25.0891,24.7733,24.4613,24.1532,23.8488,23.4290,22.9584,22.1027,20.4962,18.1251,15.4080,9.7284
12.772,0.2939925426377209,0.11501392338037493,7.563618973578778e-17,2,88.6362,0.220571,-0.0256809,10235.9,0.0,7.0256,38.1663,32.5435,28.8294,26.7535,25.7630,25.2482,24.8056,24.4939,24.1860,23.8820,23.5817,23.1678,22.7041,21.8616,20.2816,17.9538,15.2907,9.7294
12.888,0.29773537436742087,0.0643684548525,8.8985220862257e-18,2,88.0265,0.229596,-0.0291604,10104.3,0.0,6.8983,38.6121,32.9360,29.1827,27.0833,26.0812,25.5603,25.1123,24.7968,24.4852,24.1773,23.8733,23.4543,22.9848,22.1315,20.5305,18.1708,15.4696,9.8259
12.992,0.3012383358306634,0.0464494213016922,1.4955746070319532e-18,2,87.2066,0.235933,-0.0378503,9984.36,0.0,6.7547,39.2591,33.5178,29.7114,27.5784,26.5592,26.0290,25.5730,25.2517,24.9343,24.6207,24.3111,23.8840,23.4054,22.5350,20.9006,18.4887,15.7241,9.9411
13.093,0.30804158744164434,0.022617327622138497,2.513612242038604e-19,2,86.2294,0.243697,-0.0492896,9842.59,0.0,6.5795,40.0604,34.2483,30.3812,28.2089,27.1692,26.6281,26.1624,25.8342,25.5099,25.1895,24.8728,24.4360,23.9461,23.0548,21.3794,18.9017,16.0558,10.0912
13.212,0.33443951867925215,0.005928996732177874,2.9572396666359983e-20,2,84.8045,0.257315,-0.0682876,9645.86,0.0,6.3030,41.8311,35.4010,31.4512,29.2231,28.1541,27.5970,27.1172,26.7789,26.4444,26.1136,25.7867,25.3354,24.8288,23.9061,22.1679,19.5883,16.6131,10.3487
13.328,0.3490509645771682,0.0015542509193600363,3.479162895400586e-21,2,83.227,0.278228,-0.095579,9452.79,0.0,5.9281,45.2232,37.1869,32.9611,30.6656,29.5605,28.9836,28.4860,28.1349,27.7874,27.4435,27.1034,26.6334,26.1053,25.1416,23.3201,20.6020,17.4453,10.7417
13.435,0.34558514412828706,0.0005092969412558966,5.847429078299765e-22,2,81.8563,0.302989,-0.123403,9292.91,0.0,5.5508,47.8274,40.1079,34.6786,32.1751,31.0379,30.4429,29.9293,29.5665,29.2071,28.8512,28.4988,28.0115,27.4633,26.4608,24.5594,21.7046,18.3630,11.1883
13.547,0.22574929030454532,0.00013350913736858577,6.879441836328891e-23,2,80.2668,0.342989,-0.157905,9111.27,0.0,5.0509,13.8058,43.7180,38.2948,34.8386,33.3345,32.5931,31.9759,31.5520,31.1416,30.7439,30.3586,29.8390,29.2674,28.2215,26.2283,23.2118,19.6417,11.8441
13.650,0.15132649024952854,0.03745682444600794,1.1562277894317968e-23,2,79.1959,0.384497,-0.173734,9042.2,0.0,4.6558,10.6347,45.3559,40.5134,37.3754,35.7144,34.7991,34.0070,33.4659,32.9442,32.4410,31.9554,31.3033,30.5954,29.3657,27.2321,24.1465,20.4703,12.3395
13.755,0.12829885522428583,0.11849114910946787,1.9432720456980212e-24,2,78.7052,0.431987,-0.165053,9086.81,0.0,4.3155,9.6758,45.5019,40.9726,38.1064,36.6209,35.8125,35.0934,34.5730,34.0467,33.5143,32.9757,32.2168,31.3888,29.9610,27.5152,24.3284,20.6973,12.6213
13.859,0.11244295253108928,0.21828947661519044,3.266057327204665e-25,2,79.0351,0.481222,-0.133733,9192.25,0.0,4.0383,9.7031,44.4622,40.1381,37.4448,36.0640,35.3172,34.6582,34.1841,33.7064,33.2246,32.7389,32.0520,31.2572,29.7562,27.1459,23.8122,20.3442,12.6724
13.980,0.08997850826168956,0.32874959921406244,3.8424837848830163e-26,2,80.3636,0.529732,-0.0834852,9439.6,0.0,3.8245,11.6143,42.6004,38.4844,35.9610,34.6842,33.9975,33.3935,32.9604,32.5258,32.0901,31.6531,31.0382,30.3303,28.9886,26.3478,22.9201,19.5775,12.5456
14.087,0.08619197506045961,0.3907650919676212,4.520643748077019e-27,2,82.4559,0.556332,-0.0265379,9744.97,0.0,3.8213,45.8478,40.4041,36.4799,34.1128,32.9261,32.2931,31.7381,31.3412,30.9440,30.5466,30.1490,29.5923,28.9563,27.7614,25.3629,21.9013,18.5874,12.2364
14.194,0.20700525088262642,0.41786360064845013,7.597845947393048e-28,2,84.4349,0.559734,0.0149088,10015.8,0.0,3.9789,44.1052,38.7929,35.0243,32.7809,31.6642,31.0709,30.5533,30.1845,29.8160,29.4480,29.0804,28.5668,27.9815,26.8902,24.7298,21.3157,17.9175,11.9290
14.316,0.16556690812285005,0.4318536728377623,8.938789778648446e-29,2,86.8598,0.548519,0.0393507,10348.7,0.0,4.2135,43.0381,37.8593,34.2507,32.1298,31.0846,30.5316,30.0498,29.7071,29.3656,29.0254,28.6865,28.2146,27.6791,26.6849,24.7362,21.6313,17.8639,11.6703
14.419,0.07158831202013222,0.4381550732342279,1.5023423980974443e-29,2,89.021,0.526339,0.0732343,10574.6,0.0,4.6449,41.4913,36.4210,32.9413,30.9208,29.9304,29.4082,28.9552,28.6338,28.3141,27.9960,27.6795,27.2393,26.7405,25.8187,24.0302,21.2192,17.6833,11.2798
14.531,0.10266404410258428,0.43987417117416344,1.7674908079376627e-30,2,91.6161,0.473941,0.136886,10850.5,0.0,5.6847,38.5302,33.6312,30.3392,28.4574,27.5436,27.0640,26.6490,26.3553,26.0640,25.7750,25.4883,25.0906,24.6413,23.8145,22.2263,19.7764,16.7742,10.5979
14.639,0.1304290109138395,0.4410542848165999,2.9706218009008306e-31,2,93.6946,0.407043,0.179888,11107.8,0.0,6.4155,36.3347,31.5637,28.4129,26.6335,25.7771,25.3290,24.9420,24.6686,24.3978,24.1295,23.8638,23.4963,23.0827,22.3246,20.8769,18.6744,16.0187,10.1447
14.751,0.21587234012841472,0.33049743443896273,3.494906842541818e-32,2,96.0499,0.315695,0.154117,11392.3,0.0,6.9569,33.9624,29.3153,26.3081,24.6342,23.8349,23.4192,23.0614,22.8091,22.5594,22.3125,22.0683,21.7312,21.3525,20.6619,19.3562,17.3924,15.0684,9.7788
14.858,0.3040558652217672,0.10829739931695932,5.873889930260035e-33,2,96.5064,0.258053,0.0983555,11138.3,0.0,7.2058,32.6068,27.9832,25.0359,23.4138,22.6431,22.2432,21.8995,21.6578,21.4190,21.1833,20.9507,20.6301,20.2706,19.6164,18.3846,16.5527,14.4076,9.6182
14.977,0.3697593287757527,0.02838951344654498,6.9105727640516295e-34,2,95.3991,0.224246,0.000535011,10876.2,0.0,7.5865,32.2252,27.4549,24.4509,22.8119,22.0376,21.6369,21.2935,21.0522,20.8142,20.5794,20.3478,20.0288,19.6717,19.0239,17.8115,16.0226,13.9534,9.4273
15.100,0.4005135843034465,0.007442140612931086,8.130219751179104e-35,2,93.4246,0.209432,-0.0101361,10588.7,0.0,7.6704,33.6804,28.4868,25.2293,23.4584,22.6234,22.1920,21.8223,21.5628,21.3070,21.0549,20.8063,20.4643,20.0818,19.3888,18.0955,16.1979,14.0219,9.3502
15.217,0.36933725325714356,0.0019509125088362062,9.565122235064706e-36,2,90.9347,0.182734,-0.0293338,10270.6,0.0,7.6192,36.1331,30.3609,26.7359,24.7654,23.8373,23.3577,22.9468,22.6584,22.3741,22.0941,21.8182,21.4389,21.0150,20.2474,18.8169,16.7268,14.3467,9.3293
15.339,0.2964144072527056,0.0005114200087163584,1.1253270658331277e-36,2,88.2107,0.153116,-0.0599592,9933.85,0.0,7.5108,39.3020,32.8531,28.7847,26.5674,25.5229,24.9831,24.5205,24.1956,23.8754,23.5598,23.2488,22.8214,22.3440,21.4802,19.8710,17.5255,14.8693,9.3672
15.453,0.13507911818023668,0.00013406568676494108,1.3239360396820165e-37,2,85.4743,0.126676,-0.0961325,9598.29,0.0,7.3630,43.0662,35.8834,31.3194,28.8227,27.6432,27.0332,26.5106,26.1435,25.7816,25.4247,25.0729,24.5889,24.0481,23.0694,21.2469,18.5907,15.5935,9.4826
15.568,0.09561877652062434,3.514451539130872e-05,1.5575975113254957e-38,2,82.9235,0.107845,-0.127951,9314.54,0.0,7.2261,46.8886,38.9962,33.9479,31.1732,29.8605,29.1805,28.5972,28.1873,27.7831,27.3845,26.9917,26.4511,25.8464,24.7510,22.7101,19.7339,16.3826,9.6415
15.671,0.12454493290228892,1.1516154803424043e-05,2.6178541372847612e-39,2,80.9656,0.100748,-0.150878,9114.08,0.0,7.0952,50.4109,41.5608,36.1316,33.1381,31.7190,30.9835,30.3522,29.9083,29.4703,29.0383,28.6124,28.0262,27.3703,26.1812,23.9633,20.7262,17.0832,9.8183
15.776,0.3114286241921066,3.7736136059859903e-06,4.3998274485345e-40,2,79.0874,0.103643,-0.173312,8918.32,0.0,6.9028,55.6308,44.2933,38.4852,35.2759,33.7510,32.9604,32.2812,31.8033,31.3316,30.8662,30.4069,29.7746,29.0671,27.7831,25.3844,21.8766,17.9243,10.0838
15.891,0.37421979447240344,9.892301651275914e-07,5.176352994926354e-41,2,76.7772,0.123063,-0.204257,8683.25,0.0,6.5473,16.8242,49.3636,41.9197,38.4264,36.7678,35.9058,35.1648,34.6432,34.1280,33.6194,33.1170,32.4244,31.6485,30.2394,27.5978,23.7177,19.3245,10.6051
15.991,0.16251920029902966,0.05184856829156551,8.699896478572723e-42,2,75.0317,0.15399,-0.237628,8563.94,0.0,6.1350,12.6598,57.3064,46.5518,41.9750,40.0468,39.0998,38.3016,37.7390,37.1827,36.6330,36.0899,35.3408,34.5004,32.9703,30.0931,25.8396,20.9850,11.2765
16.091,0.05325429155398605,0.14500736190465519,1.462191601153718e-42,2,74.1144,0.199217,-0.264835,8665.86,0.0,5.6787,10.5841,69.6248,53.1913,46.7380,44.1068,42.8327,41.7832,41.0682,40.3803,39.7180,39.0800,38.2253,37.2999,35.6630,32.5783,27.9922,22.7156,12.0466
16.201,0.01745036625641015,0.2198495709426674,2.4575054240590534e-43,2,74.3498,0.258406,-0.258644,8749.18,0.0,5.2659,9.6526,17.8053,57.6328,49.6123,46.4283,44.9038,43.6565,42.8110,42.0007,41.2235,40.4778,39.4828,38.4107,36.5684,33.3843,28.7336,23.3829,12.5229
16.310,0.004574508811920382,0.3146285314720696,2.8912305563512363e-44,2,75.5793,0.341522,-0.206382,8858.11,0.0,4.8391,9.5059,78.3888,55.9560,47.9026,44.7288,43.2137,41.9764,41.1387,40.3368,39.5686,38.8319,37.8503,36.7940,34.9821,31.9007,27.5505,22.5960,12.5959
16.417,0.0014989750474900707,0.37992562953651776,4.859291196059523e-45,2,77.1386,0.403648,-0.153745,9098.9,0.0,4.5552,9.8167,74.4568,53.1087,45.4498,42.4327,40.9928,39.8168,39.0209,38.2589,37.5290,36.8292,35.8965,34.8932,33.1722,30.2512,26.2158,21.6617,12.5146
16.523,0.0004911841435615464,0.41842422755215114,8.167010713217241e-46,2,79.0778,0.449785,-0.100797,9366.39,0.0,4.3923,10.8359,70.3742,50.1681,42.9243,40.0716,38.7102,37.5985,36.8460,36.1258,35.4358,34.7743,33.8929,32.9445,31.3181,28.5580,24.8296,20.6618,12.3317
16.635,0.21145109040168156,0.4849065975824311,9.608406433992955e-47,2,81.8022,0.481304,-0.0407203,9755.41,0.0,4.3842,16.0761,66.4566,47.0954,40.2082,37.5036,36.2144,35.1625,34.4508,33.7698,33.1178,32.4929,31.6605,30.7655,29.2316,26.6315,23.2196,19.4653,12.0113
16.740,0.288966772938248,0.529528350145811,1.6148848693611962e-47,2,84.1244,0.497203,-0.0379413,10250.4,0.0,4.2519,13.6513,158.7710,53.0815,43.8882,40.4277,38.8066,37.4969,36.6175,35.7810,34.9846,34.2254,33.2203,32.1473,30.3268,27.2927,23.5176,19.6913,12.1304
16.861,0.07575090572512408,0.5668483884143735,1.8998958999547538e-48,2,87.4486,0.515461,-0.0438359,10681.1,0.0,4.0607,11.4351,121.0020,69.2817,53.0802,47.6523,45.1996,43.2584,41.9745,40.7677,39.6312,38.5593,37.1571,35.6806,33.2231,29.2547,24.5255,20.2129,12.3560
16.980,0.18826845731934833,0.5990547621356226,2.2352085273377683e-49,2,91.1739,0.524369,-0.00800354,11064.1,0.0,4.1351,15.2044,106.7280,149.7980,56.3936,49.8532,46.9613,44.6997,43.2170,41.8325,40.5369,39.3222,37.7435,36.0941,33.3769,29.0626,24.0350,19.5547,12.1135
17.091,0.19195674247986283,0.6139212566441008,3.7567149718965886e-50,2,94.4198,0.524246,-0.00603992,11650.7,0.0,4.1411,13.7571,79.4080,120.1460,145.5430,62.9002,57.8104,54.1668,51.8378,49.7044,47.7431,45.9341,43.6256,41.2631,37.4778,31.7243,25.3883,20.0461,12.1166
17.198,0.06290038537580146,0.6204868013615139,6.313910853266597e-51,2,97.8503,0.520134,-0.00636417,12069.4,0.0,4.1718,12.4152,37.6073,92.3131,115.2350,127.1820,133.7660,139.6680,143.9710,148.3500,62.9271,58.7191,54.6783,50.7729,44.7976,36.3252,27.7531,21.0699,12.1114
17.298,0.020611198279942622,0.6250490799138909,1.0611789971085171e-51,2,101.483,0.506936,0.027641,12338.8,0.0,4.4571,13.1711,31.9311,80.6339,102.3310,113.4960,119.6300,125.1210,129.1210,133.1890,137.3300,141.5470,63.1078,55.5944,48.1149,38.0496,28.3469,21.0947,11.7700
17.411,0.01683433713108254,0.6364766957874338,1.7835235404402846e-52,2,105.114,0.475205,0.079045,12716.8,0.0,5.0172,14.5990,33.6788,76.5372,97.0837,107.7460,113.6200,118.8840,122.7230,126.6290,130.6080,134.6630,140.4730,56.6383,47.8732,37.5317,27.7263,20.4994,11.3285
17.522,0.015939859798238126,0.6645108086756264,2.9975680144179863e-53,2,108.806,0.418835,0.109658,13184.9,0.0,5.5750,15.8401,35.0044,72.5829,91.9419,102.0900,107.6970,112.7320,116.4050,120.1490,123.9640,127.8550,133.4350,62.0620,47.6897,37.0517,27.1366,19.9327,10.9107
17.638,0.0052231732586866695,0.7265316088180792,5.038012561832311e-54,2,112.761,0.357975,0.104303,13846.7,0.0,6.1180,17.0936,36.7072,69.4019,87.5733,97.2227,102.5760,107.3920,110.9130,114.5040,118.1680,121.9090,127.2790,133.6160,47.3180,36.2860,26.4008,19.2967,10.4879
17.741,0.0017115294134064478,0.7731950767962582,8.467387712671565e-55,2,117.203,0.297269,0.101658,14551.2,0.0,6.6747,18.4983,39.1955,67.1094,84.1548,93.3416,98.4636,103.0840,106.4670,109.9230,113.4540,117.0630,122.2510,128.3830,46.6524,35.0666,25.4280,18.5394,10.0406
17.855,0.06306260760194285,0.7912083557333479,1.4231138528687103e-55,3,121.969,0.236274,0.0945126,15195.4,0.0,7.1912,19.5090,39.6056,63.4228,79.2119,87.8332,92.6620,97.0286,100.2320,103.5090,106.8620,110.2920,115.2310,121.0770,50.4229,34.5016,24.7838,17.9454,9.6248
17.962,0.020664355259004636,0.7988050387723284,2.3918274525164416e-56,3,123.369,0.182094,0.0742652,11878.4,0.0,7.5187,19.2814,36.0850,56.3545,70.4390,78.2156,82.5899,86.5546,89.4683,92.4533,95.5108,98.6432,103.1590,108.5130,119.1390,36.6213,25.3384,17.9638,9.3616
18.069,0.006771295931270639,0.8002025718236665,4.0199443994443835e-57,3,127.12,0.135086,0.0653884,12166.7,0.0,7.8701,19.7251,35.0708,52.5478,65.3223,72.4807,76.5300,80.2128,82.9258,85.7103,88.5674,91.4996,95.7344,100.7660,110.7860,38.7221,25.0958,17.6140,9.0590
18.183,0.0022188182507587627,0.804916074047679,6.756320552146177e-58,3,130.813,0.0916233,0.0622269,12506.4,0.0,8.2359,20.4790,34.5813,50.0109,61.7245,68.3825,72.1716,75.6297,78.1844,80.8110,83.5123,86.2892,90.3086,95.0967,104.6630,43.6243,24.4086,17.0683,8.7363
18.295,0.0007270623644086313,0.8165076882064434,1.1355347951992083e-58,3,134.51,0.0493767,0.0607392,12864.2,0.0,8.6045,21.3166,33.8946,47.6892,58.4524,64.6490,68.1964,71.4451,73.8516,76.3313,78.8864,81.5188,85.3368,89.8981,99.0439,119.8860,23.6653,16.4667,8.4093
18.404,0.00023824379556942034,0.8281033681777373,1.9084933302913098e-59,3,138.276,0.00715836,0.0598027,13219.4,0.0,8.9771,21.8643,32.9349,45.3350,55.2105,60.9622,64.2730,67.3156,69.5754,71.9092,74.3190,76.8068,80.4239,84.7565,93.4824,113.5060,23.3544,15.8401,8.0777
18.510,7.806772693218766e-05,0.834125689028231,3.2076047402206044e-60,3,142.078,-0.0355542,0.059199,13580.4,0.0,9.3570,21.8733,31.7346,42.9034,51.9397,57.2567,60.3336,63.1713,65.2846,67.4715,69.7351,72.0765,75.4897,79.5904,87.8851,107.0710,23.7930,15.2292,7.7393
18.624,2.5581232761139252e-05,0.8378398565620208,5.391021286888769e-61,3,145.902,-0.0789982,0.0586993,13930.8,0.0,9.7440,21.4873,30.3076,40.3556,48.5876,53.4762,56.3196,58.9503,60.9149,62.9528,65.0668,67.2581,70.4614,74.3218,82.1684,100.4750,25.6037,14.9690,7.3939
18.731,-0.06548624372202695,0.8383039852919929,9.060689476873953e-62,3,149.702,-0.12454,0.0671708,14285.4,0.0,10.1355,21.2544,29.4630,38.8584,46.6320,51.2834,54.0009,56.5228,58.4104,60.3727,62.4115,64.5299,67.6333,71.3853,79.0451,97.0617,27.6558,14.7899,6.9845
18.845,-0.02145853234283379,0.8378537272442302,1.5228300803782054e-62,3,153.454,-0.180533,0.0797645,14634.0,0.0,10.5018,21.5801,29.7583,39.1933,47.0715,51.8159,54.5972,57.1842,59.1246,61.1442,63.2464,65.4342,68.6447,72.5344,80.5022,99.3563,26.6583,14.2102,6.5761
18.949,-0.007031531878099777,0.8377061866871394,2.5594205160916504e-63,3,157.218,-0.224773,0.0456006,14963.0,0.0,10.5591,21.0019,28.6321,37.4686,44.9097,49.4227,52.0791,54.5576,56.4205,58.3642,60.3913,62.5045,65.6142,69.3941,77.1729,95.7439,31.6433,14.6128,6.4053
19.058,-0.0023040923658157347,0.8399542761442668,4.301618061395236e-64,4,158.563,-0.244067,0.00934666,11757.6,0.0,10.3890,19.9607,26.8556,34.8462,41.6206,45.7567,48.2018,50.4899,52.2143,54.0175,55.9024,57.8719,60.7789,64.3250,71.6640,89.3819,136.7930,15.9253,6.4635
19.174,-0.0007550049864305001,0.8410764300975783,7.2297294757869735e-65,4,161.086,-0.236677,-0.0247586,12310.1,0.0,10.0384,18.6954,24.8466,31.9697,38.0410,41.7699,43.9834,46.0611,47.6311,49.2757,50.9994,52.8054,55.4782,58.7519,65.5698,82.2368,127.3390,18.3150,6.7613
19.282,-0.11807453968566603,0.8428671746143744,1.2151006329955166e-65,4,163.825,-0.203547,-0.0494497,12527.2,0.0,9.5846,17.5031,23.0999,29.5992,35.1765,38.6244,40.6794,42.6144,44.0802,45.6197,47.2368,48.9347,51.4563,54.5564,61.0545,77.1401,121.5960,21.4266,7.2499
19.387,-0.08554642796699904,0.8439358407776383,2.042219633875565e-66,4,166.322,-0.161555,-0.0276764,12769.4,0.0,9.4434,17.8508,24.0557,31.4919,38.0264,42.1191,44.5740,46.8941,48.6567,50.5122,52.4644,54.5195,57.5761,61.3426,69.2561,89.2377,135.1790,19.9534,7.4382
19.504,-0.028031853516226245,0.8439472029466415,3.4323585386546624e-67,4,168.924,-0.126383,-0.0221675,12927.0,0.0,9.2174,17.6803,24.0828,31.9176,38.9243,43.3593,46.0339,48.5703,50.5025,52.5405,54.6894,56.9559,60.3339,64.5072,73.3032,97.8928,136.1930,20.0981,7.6974
19.616,-0.06005292643019701,0.8452775882115555,5.768764995916892e-68,4,171.612,-0.09139,-0.0379747,13102.6,0.0,8.8188,16.6875,22.6191,29.9040,36.4699,40.6577,43.1952,45.6104,47.4552,49.4066,51.4706,53.6524,56.9159,60.9655,69.5597,94.4622,131.4110,22.3083,8.1437
19.722,-0.2416162658312282,0.8450434214332875,9.695563328637521e-69,4,174.046,-0.0537923,-0.0206302,13341.9,0.0,8.6588,16.8673,23.3022,31.4525,38.9785,43.8417,46.8070,49.6393,51.8093,54.1082,56.5439,59.1223,62.9861,67.8129,79.0966,111.4500,132.4460,21.3419,8.3138
19.835,-0.09586831019237685,0.8440932912258846,1.6295333286441084e-69,4,176.11,-0.0348053,0.0272152,13561.8,0.0,8.9114,18.7268,27.1319,38.4321,49.2354,56.2977,60.6130,64.8607,68.2853,72.0971,76.3669,81.1794,89.0480,99.7187,110.3880,122.7380,32.7168,18.0886,8.0623
19.941,-0.031414127883838044,0.845325458418898,2.7387566654521533e-70,4,178.558,-0.0409139,0.0394132,13657.1,0.0,9.0823,19.5468,28.8003,41.5358,53.8867,62.3506,68.0654,74.0132,78.9493,84.5962,91.1218,96.6811,101.6180,105.9430,112.3760,122.1270,29.0702,17.1747,7.9108
20.047,-0.01029378142497605,0.8460966446522045,4.6030283276254345e-71,4,181.158,-0.0595652,0.0276944,13808.8,0.0,9.1399,19.3545,28.2746,40.5178,52.5021,61.2075,67.1657,73.4329,78.6849,84.7513,90.4158,94.1205,98.1606,101.9670,107.8600,117.0730,30.0746,17.3485,7.8398
20.159,-0.04889930901148616,0.8457936848477594,7.736309710240068e-72,4,183.725,-0.0745392,0.0177266,13998.4,0.0,9.1819,19.1903,27.8446,39.7030,51.6740,60.8096,67.1618,73.9299,79.6737,84.9059,88.4118,91.2590,94.6520,98.0083,103.3840,112.0400,31.0143,17.5160,7.7859
20.277,-0.016023325576883785,0.8412957957446637,1.3002415730000485e-72,4,186.24,-0.0862071,0.0174081,14180.1,0.0,9.2828,19.4429,28.2900,40.5394,54.0964,65.0425,72.9351,79.7259,82.9279,85.5905,87.9336,90.0574,92.7631,95.5710,100.2510,108.0860,30.0734,17.2183,7.6858
20.382,-0.005250523325033278,0.8382784215839864,2.185316011741182e-73,4,188.737,-0.0929464,0.00529545,14359.5,0.0,9.2340,19.0244,27.4279,39.2136,52.8433,64.0424,71.7969,76.4342,79.0260,81.3079,83.3776,85.2897,87.7637,90.3663,94.7642,102.2530,32.0126,17.7020,7.7192
20.488,-0.0017204914831469049,0.8346815399815156,3.672860620933405e-74,4,191.188,-0.0887197,-0.010299,14535.9,0.0,9.0663,18.2891,26.0510,37.1768,50.2378,61.0246,67.5985,71.4692,73.7710,75.8433,77.7500,79.5288,81.8509,84.3136,88.5142,95.7620,35.1643,18.6974,7.8784
20.604,-0.0005637706491975778,0.48712363452114305,6.172976845602775e-75,4,193.34,-0.0701243,-0.0263103,14568.5,0.0,8.7841,17.3566,24.4791,34.9553,47.2778,57.4698,62.7588,66.1014,68.1679,70.0602,71.8216,73.4793,75.6597,77.9903,82.0011,89.0125,38.4987,20.1852,8.1759
20.711,-0.00018473636632906226,0.15962067255988815,0.6668230014038086,4,189.628,-0.0364939,-0.0418718,13828.2,0.0,8.3933,16.2699,22.8829,32.6809,44.2096,53.5664,57.7151,60.6214,62.4737,64.1959,65.8164,67.3541,69.3928,71.5890,75.4037,82.1644,41.8995,21.9747,8.6179
20.824,-6.053441251870713e-05,0.05230450198442416,0.8878781626406158,4,177.227,0.00943502,-0.0560311,12529.7,0.0,7.9259,15.1875,21.3629,30.5151,41.2877,49.4582,52.8476,55.3832,57.0405,58.6026,60.0874,61.5079,63.4062,65.4675,69.0825,75.5805,45.1288,23.6777,9.1759
20.933,-1.983591629412995e-05,0.01713913921025611,0.9289442556404673,4,163.537,0.0635223,-0.0681112,11292.2,0.0,7.4224,14.2027,19.9910,28.5830,38.7170,45.5630,48.3916,50.6072,52.0866,53.4983,54.8536,56.1605,57.9207,59.8476,63.2604,69.4845,78.5587,25.2016,9.7774
21.042,-6.499833051260503e-06,0.005616153136416722,0.9387051314434426,4,150.085,0.122239,-0.0756114,10067.0,0.0,6.9434,13.2973,18.7285,26.8022,36.3431,41.8304,44.2389,46.1878,47.5116,48.7886,50.0253,51.2268,52.8569,54.6555,57.8721,63.8238,72.6688,26.5919,10.3325
21.154,-2.1298652942370416e-06,0.0018403010597410313,0.940172703302051,3,137.141,0.177814,-0.0753434,11049.0,0.0,6.5053,12.4632,17.5588,25.1389,33.8910,38.2832,40.3648,42.0902,43.2786,44.4357,45.5651,46.6697,48.1790,49.8566,52.8853,58.5701,67.1798,27.8802,10.8408
21.265,-6.979142596155939e-07,0.0006030298512559411,0.9407133536182433,3,124.685,0.228354,-0.07525,9142.56,0.0,6.1059,11.6996,16.4847,23.6046,31.3210,34.9751,36.7913,38.3252,39.3941,40.4433,41.4748,42.4899,43.8860,45.4491,48.2972,53.7195,62.0875,29.0719,11.3048
21.367,-0.028455987769204747,0.00019760082165954678,0.9408042207168857,3,113.072,0.27414,-0.075239,7296.35,0.0,5.7436,11.0057,15.5071,22.2052,28.8249,31.9324,33.5285,34.8970,35.8601,36.8124,37.7544,38.6870,39.9776,41.4324,44.1075,49.2726,57.3943,67.8031,11.7260
21.482,-0.20798363826380675,6.474983724140029e-05,0.923310465803133,2,102.104,0.315558,-0.0753496,6805.84,0.0,5.4154,10.3750,14.6167,20.9266,26.4620,29.1433,30.5541,31.7788,32.6481,33.5130,34.3737,35.2302,36.4225,37.7755,40.2853,45.1995,53.0725,63.3743,12.1088
21.594,-0.0681520785862842,2.1217226667262044e-05,0.6270078256625814,2,91.6552,0.352814,-0.0754078,5235.99,0.0,5.1204,9.8089,13.8184,19.6889,24.2841,26.6231,27.8769,28.9763,29.7625,30.5491,31.3360,32.1229,33.2243,34.4819,36.8348,41.5059,49.1298,59.3104,12.4525
21.703,-0.022332073111153608,6.952460834328426e-06,0.10538120525911007,2,81.878,0.386155,-0.0752023,7939.78,0.0,4.8574,9.3081,13.1157,18.4027,22.3162,24.3765,25.4969,26.4876,27.2006,27.9175,28.6380,29.3617,30.3798,31.5491,33.7545,38.1924,45.5699,55.6186,12.7564
21.815,-0.22087297998979133,2.278182366192739e-06,0.01771141916789863,2,76.7383,0.414935,-0.0647639,8763.47,0.0,4.6719,9.0924,12.9640,17.7786,21.2369,23.0924,24.1109,25.0167,25.6714,26.3322,26.9985,27.6701,28.6184,29.7126,31.7898,36.0160,43.1512,53.0334,12.8657
21.926,-0.15791657950040483,7.465147977540366e-07,0.002976758219548723,2,75.6549,0.427072,-0.00647909,8648.42,0.0,4.8303,10.3639,15.2029,20.0480,23.4419,25.2501,26.2402,27.1199,27.7553,28.3962,29.0423,29.6932,30.6122,31.6722,33.6844,37.7794,44.7016,54.3064,12.1883
22.031,-0.05174610477069266,2.446179689280427e-07,0.000500303753959554,2,74.8767,0.420925,0.0316197,8567.42,0.0,5.0766,11.5117,16.2717,20.9039,24.1358,25.8593,26.8042,27.6445,28.2519,28.8649,29.4834,30.1071,30.9883,32.0060,33.9411,37.8932,44.6122,53.9992,11.6931
22.137,-0.016956163611260573,8.015641605834103e-08,8.408605192798224e-05,2,74.1671,0.406317,0.0441377,8487.57,0.0,5.2755,11.6353,15.9237,20.1063,23.0603,24.6501,25.5260,26.3075,26.8738,27.4466,28.0258,28.6109,29.4398,30.4000,32.2342,36.0112,42.5139,51.7351,11.4929
22.253,-0.005556195692137864,2.6265654413997187e-08,1.4132342747535975e-05,2,73.4841,0.388843,0.0485799,8412.78,0.0,5.4562,11.3234,15.0986,18.8053,21.4616,22.9064,23.7070,24.4240,24.9453,25.4739,26.0097,26.5524,27.3235,28.2201,29.9422,33.5249,39.7912,48.8440,11.5319
22.362,-0.1819791248990136,8.606729638378597e-09,2.3752228455783714e-06,2,72.7931,0.368715,0.0610654,8334.17,0.0,5.6096,11.0541,14.4675,17.8271,20.2564,21.5874,22.3281,22.9934,23.4781,23.9707,24.4709,24.9787,25.7016,26.5449,28.1719,31.5855,37.6373,46.5238,11.6344
22.471,-0.2858259722775783,2.8202531679038986e-09,3.992037036563569e-07,2,72.0141,0.335379,0.0998103,8242.7,0.0,5.9627,11.6847,15.2043,18.6251,21.0784,22.4169,23.1604,23.8272,24.3128,24.8058,25.3061,25.8136,26.5358,27.3773,28.9990,32.3949,38.4016,47.2044,11.2092
22.581,-0.32660429205093167,9.241405580587496e-10,6.709416647352392e-08,2,71.1857,0.2915,0.129588,8145.46,0.0,6.5327,13.0103,16.9056,20.6055,23.2112,24.6183,25.3958,26.0910,26.5958,27.1073,27.6253,28.1496,28.8941,29.7591,31.4191,34.8698,40.9074,49.6515,10.4510
22.694,-0.3873834328372981,3.0282237806469107e-10,1.1276516559205168e-08,2,70.2978,0.236488,0.170191,8043.73,0.0,7.3204,14.8859,19.2834,23.3337,26.1222,27.6092,28.4259,29.1532,29.6798,30.2120,30.7498,31.2928,32.0617,32.9521,34.6527,38.1567,44.2095,52.8541,9.5747
22.802,-0.42326511022075375,9.922883684423795e-11,1.8952441381056125e-09,2,69.3421,0.166858,0.222701,7932.88,0.0,8.4222,17.5116,22.5290,26.9739,29.9543,31.5217,32.3768,33.1351,33.6822,34.2337,34.7895,35.3493,36.1395,37.0513,38.7836,42.3203,48.3471,56.8199,8.6028
22.915,-0.41586277366633184,3.2515305257119896e-11,3.1853368229141033e-10,2,68.3339,0.0803738,0.283942,7816.97,0.0,9.9105,20.9261,26.5895,31.3968,34.5347,36.1625,37.0447,37.8239,38.3844,38.9481,39.5146,40.0840,40.8854,41.8071,43.5497,47.0767,53.0080,14.4155,7.5903
23.019,-0.1635472928818586,1.0654615226653049e-11,5.3535955982717336e-11,2,67.4978,-0.0229378,0.335699,7726.35,0.0,11.6064,24.3576,30.4496,35.4459,38.6442,40.2876,41.1744,41.9554,42.5161,43.0788,43.6436,44.2102,45.0063,45.9197,47.6407,51.1030,16.3678,11.0804,6.6295
23.131,-0.053591176931527415,3.4913043174696704e-12,8.997788122015303e-12,2,66.9238,-0.134143,0.330431,7672.0,0.0,12.5786,25.3307,31.2566,36.0964,39.1928,40.7843,41.6432,42.4000,42.9432,43.4887,44.0361,44.5854,45.3574,46.2434,47.9135,51.2770,13.6296,9.6958,5.8800
23.238,-0.017560756856922904,0.023717285157394033,1.5122582496671118e-12,2,66.4252,-0.239403,0.297067,7620.67,0.0,13.0295,25.0064,30.5464,35.1063,38.0438,39.5600,40.3800,41.1036,41.6236,42.1462,42.6712,43.1985,43.9404,44.7930,46.4037,49.6609,12.8351,8.9132,5.2568
23.356,-0.0057543088068764976,0.15774925031287487,2.5416524402155147e-13,2,66.3754,-0.331822,0.255123,7685.06,0.0,13.2286,24.2839,29.4059,33.6646,36.4316,37.8671,38.6456,39.3336,39.8288,40.3270,40.8281,41.3320,42.0420,42.8593,44.4074,47.5536,12.8120,8.3894,4.7333
23.462,-0.0018855719098372907,0.24524992082689784,4.271755256270215e-14,2,67.0169,-0.410119,0.209412,7812.28,0.0,13.2683,23.4002,28.1118,32.0699,34.6642,36.0174,36.7532,37.4048,37.8745,38.3476,38.8241,39.3038,39.9806,40.7613,42.2441,45.2742,14.1334,8.0845,4.3049
23.573,-0.0006178642034154834,0.31916116788468285,7.179539059213351e-15,2,68.1565,-0.473637,0.161535,7993.02,0.0,13.1858,22.4286,26.7469,30.4108,32.8332,34.1035,34.7963,35.4109,35.8545,36.3021,36.7533,37.2082,37.8510,38.5938,40.0090,42.9174,47.9433,8.0506,3.9770
23.685,-0.20550479588504628,0.36860806742995283,1.2066651296819881e-15,2,69.6945,-0.523301,0.122582,8227.9,0.0,13.1264,21.7131,25.7335,29.1677,31.4523,32.6552,33.3127,33.8968,34.3189,34.7452,35.1754,35.6094,36.2236,36.9344,38.2918,41.0941,45.9758,8.0757,3.7139
23.792,-0.09489262319948696,0.38823966926982195,2.0280420834565174e-16,2,71.4763,-0.568242,0.109778,8462.19,0.0,13.3310,21.7602,25.6871,29.0406,31.2732,32.4494,33.0925,33.6640,34.0772,34.4944,34.9157,35.3408,35.9424,36.6391,37.9700,40.7211,45.5246,7.4296,3.3941
23.899,-0.031094414770007885,0.40061467365446024,3.408530329665369e-17,2,73.4722,-0.604153,0.0745456,8698.07,0.0,13.2278,21.1134,24.7955,27.9570,30.0722,31.1904,31.8029,32.3478,32.7422,33.1407,33.5435,33.9503,34.5266,35.1947,36.4739,39.1286,43.7972,7.6086,3.2084
24.008,-0.07450335420444362,0.41583265063809355,5.7287169250685874e-18,2,75.5874,-0.623805,0.0259631,8965.09,0.0,12.8967,20.0516,23.4150,26.3261,28.2883,29.3305,29.9029,30.4130,30.7827,31.1568,31.5352,31.9180,32.4610,33.0917,34.3027,36.8306,41.3221,9.1897,3.1980
24.120,-0.32557311948614215,0.4427596484298405,9.628254535962777e-19,2,77.7516,-0.62938,0.000854492,9315.36,0.0,12.7094,19.5090,22.7168,25.5045,27.3905,28.3945,28.9466,29.4392,29.7964,30.1581,30.5242,30.8947,31.4208,32.0324,33.2085,35.6709,40.0699,11.6725,3.2366
24.232,-0.26384088096132474,0.4605971612849901,1.6182207398592638e-19,2,79.9648,-0.633936,0.0160379,9697.02,0.0,12.8798,19.9114,23.2193,26.0864,28.0215,29.0501,29.6153,30.1192,30.4845,30.8542,31.2283,31.6068,32.1439,32.7679,33.9668,36.4723,41.0358,9.4284,3.1426
24.338,-0.17320898985329908,0.4707203039817406,2.719743597481465e-20,2,82.4396,-0.64024,0.0219707,9950.12,0.0,12.9816,20.1168,23.4679,26.3685,28.3241,29.3630,29.9335,30.4422,30.8108,31.1838,31.5612,31.9429,32.4845,33.1136,34.3218,36.8475,42.0059,8.7300,3.0673
24.458,-0.13928174368594623,0.47635196123998674,4.5710730642870986e-21,2,85.0051,-0.643901,0.00599742,10207.1,0.0,12.8631,19.7755,23.0300,25.8544,27.7631,28.7786,29.3368,29.8347,30.1957,30.5612,30.9310,31.3053,31.8366,32.4542,33.6413,36.2492,41.9089,9.7325,3.0881
24.563,-0.1228752985336199,0.4781295790184938,7.682602499147327e-22,2,87.5876,-0.639454,-0.0199161,10492.2,0.0,12.6054,19.1505,22.2477,24.9479,26.7801,27.7574,28.2954,28.7758,29.1243,29.4774,29.8350,30.1971,30.7115,31.3100,32.4953,35.2344,41.2805,55.2406,3.2211
24.671,-0.11013739082379304,0.48300527389028003,1.2912150020316914e-22,2,90.1655,-0.62237,-0.0510683,10785.2,0.0,12.2293,18.3354,21.2455,23.7975,25.5378,26.4693,26.9830,27.4421,27.7756,28.1137,28.4564,28.8046,29.3094,29.9140,31.1345,33.9759,40.3545,55.6838,3.5099
24.779,-0.1135193887515778,0.48994271892961694,2.1701450539146638e-23,2,92.7498,-0.589364,-0.0860534,11089.4,0.0,11.7341,17.3525,20.0547,22.4408,24.0779,24.9573,25.4434,25.8785,26.1983,26.5281,26.8684,27.2196,27.7306,28.3440,29.5864,32.5016,39.1667,55.9143,4.0132
24.897,-0.2091225707311418,0.5053049106076068,3.6473627921143754e-24,2,95.3091,-0.539268,-0.115387,11436.3,0.0,11.1841,16.3798,18.9046,21.1499,22.6995,23.5437,24.0262,24.4688,24.7974,25.1369,25.4878,25.8506,26.3797,27.0165,28.3129,31.3888,38.6087,58.0065,4.7318
25.002,-0.27335404386770784,0.5175142134985257,6.130122644706631e-25,2,97.778,-0.477167,-0.122426,11826.2,0.0,10.7099,15.7251,18.1878,20.3948,22.0164,22.9529,23.4925,23.9897,24.3602,24.7443,25.1427,25.5560,26.1615,26.8947,28.4018,32.0597,41.1317,69.5329,5.4798
25.116,-0.2910118288108752,0.5234439637291968,1.0302897128958437e-25,2,100.141,-0.408642,-0.116652,12192.3,0.0,10.2714,15.2330,17.7084,20.1514,22.0594,23.1811,23.8341,24.4405,24.8952,25.3692,25.8635,26.3795,27.1411,28.0724,30.0195,34.9360,48.4430,108.4680,6.2048
25.221,-0.29208833260220063,0.5290327098316583,1.7316079204640448e-26,2,102.408,-0.336666,-0.108349,12524.9,0.0,9.8201,14.7545,17.5139,20.4335,22.7991,24.2269,25.0713,25.8643,26.4646,27.0956,27.7596,28.4591,29.5037,30.8015,33.5892,41.1129,66.2157,200.0000,6.9408
25.328,-0.28545100187461253,0.5359101649201378,2.910313431923921e-27,2,104.624,-0.262501,-0.101824,12831.2,0.0,9.3373,14.4702,17.7317,21.3719,24.4790,26.4280,27.6081,28.7355,29.6017,30.5240,31.5082,32.5606,34.1623,36.2043,40.7977,54.8149,129.9720,64.2076,7.7193
25.441,-0.25057947363410116,0.5578408338566558,4.891363785034533e-28,2,106.866,-0.186368,-0.0985396,13158.6,0.0,8.8186,14.5340,18.5327,23.3380,27.7619,30.7046,32.5543,34.3715,35.8024,37.3605,39.0635,40.9324,43.8769,47.8168,57.5325,97.2306,200.0000,34.9165,8.4067
25.553,-0.09583489673873241,0.6152128508443989,8.22091511350754e-29,2,109.451,-0.106946,-0.102413,13570.2,0.0,8.4033,14.9731,20.0428,26.7692,33.6797,38.7189,42.0896,45.5680,48.4314,51.6829,55.4071,59.7145,67.0169,77.9213,112.2110,200.0000,66.6329,26.5706,8.7557
25.664,-0.032579782387281424,0.6909611032146926,1.3816892031272122e-29,2,112.861,-0.0267011,-0.0849327,14025.5,0.0,8.0574,15.2253,21.2319,29.9580,39.9679,48.0470,53.8703,60.2717,65.8687,72.6177,80.9145,91.3595,111.5290,149.2020,200.0000,156.8500,47.0248,23.9154,9.0599
25.777,-0.015168035895027658,0.7969932866451405,2.3222050436959056e-30,2,117.093,0.0327729,-0.0633556,14689.5,0.0,7.7331,15.0823,21.5399,31.4603,43.7081,54.3463,62.4743,71.8942,80.5801,91.6612,106.2850,126.4730,172.3160,200.0000,200.0000,105.4140,42.5696,23.3790,9.3758
25.888,-0.08203024206348267,0.9021744847772546,3.90293001693971e-31,3,120.601,0.0765862,-0.0446771,12131.6,0.0,7.5076,15.0773,22.0393,33.3609,48.4985,62.8204,74.5899,89.2324,103.7960,124.0530,154.1470,187.5620,199.2950,200.0000,200.0000,83.4365,39.3830,22.8240,9.5722
25.994,-0.026879669719362,0.9483106699374357,6.559654479470572e-32,3,123.472,0.102354,-0.0167607,12183.4,0.0,7.4923,15.7773,24.0145,38.8908,62.2891,89.2333,116.0380,157.4480,185.7320,193.9150,199.8210,200.0000,200.0000,200.0000,124.7300,62.8616,34.5405,21.3582,9.5146
26.101,-0.00880793017364054,0.9684295340750989,1.1024811283646193e-32,3,128.196,0.115575,-0.00228846,12590.5,0.0,7.4875,16.1918,25.2513,42.7463,73.6620,115.5970,166.0700,187.6410,193.9850,199.0760,200.0000,200.0000,200.0000,161.9400,99.2013,55.9664,32.5442,20.6969,9.4877
26.212,0.01912213389917217,0.9786451811319783,1.8529400324424158e-33,3,132.981,0.120485,0.000337243,13043.7,0.0,7.4654,16.2248,25.4217,43.4205,76.0168,121.9220,173.2460,185.9050,191.6350,196.3830,200.0000,200.0000,200.0000,152.9450,95.9143,55.0138,32.2842,20.6296,9.5044
26.320,0.02244715962878375,0.9905429138908266,3.114236312525969e-34,3,137.849,0.123866,-0.00801742,13487.0,0.0,7.3754,15.7796,24.3656,40.4921,67.6098,101.8210,139.5150,174.8740,182.2320,187.7540,192.3710,196.4120,200.0000,200.0000,109.1900,59.1987,33.7054,21.2065,9.6137
26.439,0.024420637121909936,0.997003029758121,5.234096970462396e-35,3,142.74,0.13125,-0.0196561,13954.8,0.0,7.2309,15.1487,22.9528,36.8755,58.3380,82.4149,105.7160,140.4950,167.7490,175.9530,181.7580,186.5240,192.1840,197.7130,135.3820,66.3247,35.9801,22.1148,9.7934
26.549,0.02642427575104729,1.0,8.796946778256151e-36,3,147.658,0.146272,-0.0330579,14403.4,0.0,7.0161,14.3628,21.3319,33.1313,49.8820,66.8577,81.7129,101.4540,122.6260,154.9660,167.7180,174.3050,181.2740,187.6820,197.3130,77.2792,39.1958,23.3822,10.0646
26.654,0.028881803447003175,1.0,1.4785028450215113e-36,3,152.57,0.171473,-0.0477332,14843.3,0.0,6.7174,13.4242,19.5448,29.3995,42.3886,54.4848,64.2879,76.3147,88.0945,104.1840,127.4770,156.3630,167.7800,175.9450,187.1400,94.5103,43.6567,25.0957,10.4508
26.758,0.03263269023512025,1.0,2.4849197316276538e-37,4,155.745,0.208945,-0.0629126,12229.6,0.0,6.3270,12.3483,17.6445,25.7910,35.8656,44.6317,51.3389,59.1226,66.3099,75.4930,87.6362,104.4440,142.8070,161.6090,175.7430,122.4750,49.6816,27.3230,10.9696
26.867,0.004198115290031702,1.0,4.176404592946598e-38,4,158.117,0.259962,-0.0783001,12214.0,0.0,5.8405,11.1415,15.6464,22.2978,30.0885,36.5056,41.2044,46.4424,51.0858,56.7658,63.8722,73.0189,91.3432,128.1080,162.6600,183.4460,57.8124,30.1652,11.6370
26.983,-0.006525366056162413,1.0,7.019283199365347e-39,4,161.738,0.320667,-0.0773081,12475.3,0.0,5.3659,10.2510,14.4113,20.5692,27.8052,33.7846,38.1738,43.0778,47.4347,52.7767,59.4796,68.1389,85.5953,121.0630,157.2090,177.9140,60.1454,31.4979,12.1836
27.095,-0.0021382319492832995,1.0,1.179730927317334e-39,4,165.318,0.383605,-0.0742677,12736.9,0.0,4.8815,9.3671,13.2124,18.9485,25.7577,31.4412,35.6465,40.3785,44.6129,49.8436,56.4687,65.1306,82.9559,120.7440,152.6520,172.8240,61.6028,32.6176,12.7191
27.202,-0.1087153904073474,1.0,1.9827737695422434e-40,4,168.853,0.445808,-0.0663258,13002.5,0.0,4.4193,8.5806,12.2121,17.7451,24.5003,30.3009,34.6915,39.7360,44.3460,50.1704,57.7611,68.0643,90.7346,132.7940,150.2950,168.9910,60.8225,33.0866,13.1699
27.313,-0.035623859128679596,1.0,3.3324478744696483e-41,4,172.265,0.494492,-0.0307068,13282.5,0.0,4.1635,8.5572,12.7522,19.9169,30.2245,40.8373,50.2654,63.0028,76.9356,98.7901,126.7900,134.6600,141.8810,148.2620,157.7440,98.1724,50.4377,30.2544,13.0892
27.423,-0.011673226159285729,1.0,5.600845142621138e-42,4,175.745,0.523658,-0.016139,13514.2,0.0,3.9782,8.3867,12.7780,20.7298,33.2926,47.8442,62.4116,85.0965,114.9510,126.6360,132.4970,137.1090,142.5060,147.7670,156.0530,86.3789,47.5898,29.4648,13.1425
27.532,-0.0038250827478747474,1.0,9.413340431203348e-43,4,179.218,0.540929,-0.0122236,13762.6,0.0,3.8486,8.1709,12.5285,20.5566,33.6132,49.3380,65.7665,92.8276,116.7940,123.8730,128.9110,133.0860,138.0990,143.0700,151.0050,84.2589,47.1857,29.4458,13.2380
27.640,-0.0012534031148235972,1.0,1.5821001262723468e-43,4,182.663,0.55332,-0.0110904,14015.1,0.0,3.7489,7.9756,12.2520,20.1708,33.1630,48.9993,65.7693,93.9067,112.7110,119.0040,123.7200,127.6950,132.5150,137.3290,145.0670,84.0736,47.2970,29.5812,13.3290
27.747,-0.00041071513266539633,1.0,2.6590356822259333e-44,4,186.08,0.56412,-0.0106761,14266.6,0.0,3.6597,7.7918,11.9779,19.7441,32.5274,48.1789,64.8378,92.9854,107.7850,113.5940,118.0760,121.8930,126.5560,131.2380,138.8070,84.3449,47.5279,29.7498,13.4160
27.859,-0.00013458313467179707,1.0,4.469041271117126e-45,4,189.467,0.574498,-0.0106457,14516.0,0.0,3.5727,7.6070,11.6943,19.2784,31.7649,47.0581,63.3416,90.8695,102.4310,107.8670,112.1470,115.8240,120.3420,124.9020,132.3100,84.8815,47.8360,29.9444,13.5046
27.968,-4.410020156925446e-05,1.0,7.511117664366552e-46,4,192.825,0.584909,-0.0106685,14763.1,0.0,3.4852,7.4204,11.4070,18.8035,30.9789,45.8875,61.7569,88.2175,96.9346,102.0130,106.0890,109.6220,113.9900,118.4200,125.6600,85.4601,48.1578,30.1445,13.5942
28.081,-0.03411134161951896,1.0,1.2623935458500861e-46,4,196.152,0.59538,-0.00967205,15008.1,0.0,3.4006,7.2535,11.1690,18.4669,30.5753,45.5653,61.7231,85.3204,91.9602,96.5462,100.3420,103.6800,107.8460,112.1060,119.1220,87.6358,48.2373,30.2530,13.6701
28.196,-0.012401154121083972,1.0,2.1217048325102402e-47,5,196.545,0.601029,0.00327301,13459.6,0.0,3.3965,7.4234,11.6938,20.1806,36.0022,59.3276,81.3560,88.5860,92.4397,95.7919,98.8154,101.6000,105.1930,108.9670,115.3360,76.8773,45.5027,29.2282,13.5409
28.304,-0.004063610182396796,1.0,3.5659493119999603e-48,5,199.263,0.598064,0.00856376,13625.7,0.0,3.4401,7.5966,12.0866,21.2730,39.3983,68.7809,79.8374,85.2855,88.5451,91.4900,94.2055,96.7446,100.0640,103.5900,109.6120,75.4418,44.3331,28.7376,13.4454
28.411,-0.001331563784567782,1.0,5.993291008678335e-49,5,201.941,0.590206,0.00968504,13809.8,0.0,3.5114,7.7712,12.3912,21.9042,40.9168,67.8712,75.2817,80.0229,82.9699,85.6777,88.2030,90.5841,93.7205,97.0772,102.8590,112.9530,43.8929,28.5060,13.3645
28.524,0.012361355264072829,1.0,1.0072924198285677e-49,5,204.596,0.58082,0.00778496,13984.6,0.0,3.5849,7.9041,12.5571,22.0353,40.5734,63.0788,69.3477,73.6544,76.3862,78.9219,81.3044,83.5641,86.5572,89.7794,95.3680,105.2330,44.0094,28.4902,13.3105
28.634,0.004050568892931384,0.7517328125,1.6929563700058743e-50,5,207.18,0.574275,0.00256455,14129.8,0.0,3.6217,7.9047,12.4358,21.4069,38.0123,56.5251,62.2147,66.2354,68.8136,71.2205,73.4939,75.6579,78.5376,81.6509,87.0842,96.7710,44.8896,28.7984,13.3240
28.738,0.001327290414835756,0.24632780799999998,0.6138118103027344,5,205.244,0.571232,0.00118911,13555.0,0.0,3.6425,7.9293,12.4432,21.3160,37.5179,51.8291,56.5138,60.0450,62.3658,64.5619,66.6577,68.6685,71.3657,74.3046,79.4831,88.8466,45.0919,28.8571,13.3165
28.851,0.0004349265231333806,0.08071669612544,0.8848934225213013,5,193.212,0.569676,0.00100207,12424.4,0.0,3.6551,7.9537,12.4773,21.3605,37.5518,47.4688,51.3284,54.3915,56.4526,58.4305,60.3389,62.1863,64.6858,67.4340,72.3291,81.3206,47.7801,28.8441,13.3058
28.961,0.0029378907337253464,0.02644924698638418,0.9317050311754989,5,179.124,0.568496,0.0015173,11323.7,0.0,3.6670,7.9875,12.5421,21.5101,36.4015,43.3779,46.6016,49.2584,51.0820,52.8547,54.5829,56.2705,58.5739,61.1302,65.7352,74.3342,87.1908,28.7795,13.2890
29.068,0.0009626880356271214,0.00866688925249837,0.9395726582420099,5,165.348,0.56729,0.00192297,10290.7,0.0,3.6787,8.0193,12.6013,21.6426,33.9391,39.4169,42.1502,44.4648,46.0799,47.6673,49.2296,50.7675,52.8845,55.2558,59.5761,67.7805,80.3138,28.7251,13.2734
29.178,0.00031545361551429523,0.002839966270258666,0.9408949703230783,4,151.894,0.565995,0.00223744,10671.4,0.0,3.6909,8.0508,12.6580,21.7640,31.1826,35.6589,37.9982,40.0203,41.4507,42.8704,44.2796,45.6776,47.6175,49.8104,53.8512,61.6604,73.8551,29.3766,13.2583
29.292,-0.035317323765381714,0.0009306001474383597,0.9411172113145435,4,138.981,0.564649,0.00227177,9043.16,0.0,3.7025,8.0765,12.6993,21.2307,28.3770,32.1115,34.1259,35.8955,37.1619,38.4298,39.6982,40.9656,42.7380,44.7594,48.5274,55.9421,67.7867,32.3014,13.2464
29.403,-0.030617946500146993,0.0003049390563126016,0.8358232294346393,4,126.589,0.563318,0.00245786,7837.26,0.0,3.7145,8.1056,12.7494,19.9573,25.6980,28.8539,30.5955,32.1457,33.2663,34.3966,35.5355,36.6813,38.2955,40.1524,43.6543,50.6740,62.1558,77.2384,13.2327
29.509,-0.043310968840000824,9.99224299725133e-05,0.16872343797869704,3,115.755,0.56201,0.00298321,10349.8,0.0,3.7276,8.1424,12.6358,18.4549,23.2011,25.8942,27.4057,28.7657,29.7571,30.7639,31.7849,32.8184,34.2847,35.9853,39.2303,45.8578,56.9674,71.9165,13.2147
29.617,-0.13644997504598896,3.2742581853393164e-05,0.028357348221079617,3,108.993,0.559821,0.00787985,9888.87,0.0,3.7648,8.2656,12.2574,17.1590,21.2018,23.5403,24.8675,26.0719,26.9554,27.8575,28.7769,29.7125,31.0478,32.6078,35.6155,41.8669,52.5940,67.3621,13.2115
29.733,-0.044711927823069667,1.0729089221719871e-05,0.004766019515516851,3,106.809,0.548983,0.0375705,9690.58,0.0,3.9793,8.7666,12.7096,17.4150,21.2497,23.4628,24.7204,25.8622,26.7002,27.5563,28.4298,29.3200,30.5925,32.0806,34.9580,40.9706,51.3735,65.8307,12.9868
29.841,-0.014651204509063468,3.5157079561731675e-06,0.0008010248999729172,3,105.76,0.52647,0.0522161,9599.13,0.0,4.1593,8.7482,12.3487,16.5701,20.0154,22.0194,23.1637,24.2067,24.9752,25.7626,26.5685,27.3920,28.5727,29.9603,32.6618,38.3747,48.4327,62.6608,13.0571
29.948,-0.12327993898867678,1.1520271830788234e-06,0.0001346282549384482,3,104.756,0.507666,0.0264683,9509.75,0.0,4.2107,8.4969,11.7340,15.4852,18.5582,20.3589,21.3930,22.3398,23.0400,23.7595,24.4978,25.2546,26.3443,27.6312,30.1548,35.5638,45.2750,59.2870,13.2981
30.062,-0.18928223506287523,3.7749626735126885e-07,2.2626970807504986e-05,3,103.671,0.4942,0.0359979,9406.5,0.0,4.3631,8.8835,12.2929,16.2092,19.3819,21.2275,22.2827,23.2459,23.9565,24.6856,25.4327,26.1971,27.2951,28.5887,31.1168,36.5041,46.1053,59.8825,13.0304
30.170,-0.21606521542380294,1.2369797688566376e-07,3.8029149836173624e-06,3,102.483,0.474344,0.0647231,9295.24,0.0,4.6639,9.8240,13.7515,18.1922,21.7039,23.7099,24.8454,25.8752,26.6309,27.4030,28.1906,28.9928,30.1399,31.4832,34.0859,39.5511,49.1040,62.5436,12.4346
30.280,-0.24475562111552915,4.0533353065894306e-08,6.391559212965702e-07,3,101.201,0.441652,0.102837,9177.47,0.0,5.1523,11.3498,16.0690,21.2335,25.1657,27.3560,28.5807,29.6826,30.4858,31.3016,32.1297,32.9695,34.1639,35.5530,38.2175,43.7246,53.1692,66.0195,11.6671
30.390,-0.22454373329182212,1.3281969132632247e-08,1.0742293569231457e-07,3,99.8447,0.392415,0.146397,9051.14,0.0,5.8751,13.5603,19.2822,25.2244,29.5413,31.8837,33.1761,34.3294,35.1652,36.0105,36.8646,37.7265,38.9455,40.3547,43.0375,48.5161,57.6621,69.8917,10.7980
30.502,-0.14918440775839337,4.352235645380935e-09,1.805457280180731e-08,3,98.559,0.325642,0.184565,8937.46,0.0,6.7996,16.1572,22.7804,29.2720,33.7984,36.2037,37.5188,38.6863,39.5291,40.3789,41.2351,42.0975,43.3142,44.7139,47.3596,52.6727,61.3220,22.0451,9.9336
30.613,-0.12772411302969028,1.4261405762784248e-09,3.034432050799755e-09,3,97.4451,0.243656,0.202687,8844.79,0.0,7.7511,18.2529,25.2504,31.8450,36.3449,38.7180,40.0124,41.1582,41.9829,42.8127,43.6471,44.4856,45.6639,47.0156,49.5593,54.6251,62.8790,18.7131,9.1718
30.721,-0.12333224425752204,4.673177440349143e-10,5.099969947779149e-10,3,96.4649,0.151281,0.208429,8762.13,0.0,8.6938,19.8879,26.9373,33.4162,37.7982,40.0959,41.3446,42.4475,43.2401,44.0365,44.8362,45.6391,46.7659,48.0563,50.4795,55.2878,63.7434,16.5968,8.4392
30.831,-0.12304514439655871,1.5313067836536072e-10,8.571519491232416e-11,3,95.559,0.0540733,0.211133,8682.73,0.0,9.6431,21.3644,28.3777,34.7065,38.9432,41.1505,42.3465,43.4016,44.1588,44.9187,45.6810,46.4456,47.5183,48.7450,51.0443,55.6050,64.8639,14.7361,7.6968
30.943,-0.11701333698085654,5.0177860686761405e-11,1.4406152808914323e-11,3,94.6945,-0.0446269,0.212493,8605.33,0.0,10.5759,22.6969,29.6318,35.7903,39.8637,41.9748,43.1156,44.1211,44.8422,45.5650,46.2894,47.0151,48.0331,49.1965,51.3727,56.0327,24.0325,13.0357,6.9572
31.047,-0.11535325588879333,0.004705810563317282,2.42124210259423e-12,3,93.8585,-0.143083,0.21148,8530.8,0.0,11.4645,23.8447,30.6656,36.6169,40.5143,42.5264,43.6110,44.5658,45.2505,45.9367,46.6236,47.3111,48.2744,49.3763,51.5661,56.7110,18.4407,11.4888,6.2324
31.163,-0.11758777818340932,0.1013458418022628,4.069381601830122e-13,3,93.2216,-0.240378,0.209124,8515.32,0.0,12.3023,24.8337,31.5015,37.2222,40.9384,42.8504,43.8796,44.7842,45.4323,46.0819,46.7360,47.4105,48.3943,49.5793,51.9934,57.7323,15.2754,10.0554,5.5245
31.271,-0.11682110052921085,0.17955293708239045,6.839409658195886e-14,3,93.0733,-0.336124,0.203729,8550.91,0.0,13.0670,25.6139,32.0714,37.5371,41.0658,42.8755,43.8528,44.7429,45.4053,46.0912,46.8018,47.5383,48.6155,49.9174,52.5851,59.0118,12.8669,8.7380,4.8372
31.385,-0.09108968223602118,0.2080906642356577,1.1494995812529828e-14,3,93.3026,-0.429092,0.193023,8589.46,0.0,13.7084,26.0618,32.2357,37.4154,40.7471,42.5397,43.5744,44.5292,45.2414,45.9804,46.7475,47.5443,48.7130,50.1304,53.0525,60.1908,10.9882,7.5664,4.1844
31.495,-0.02984826707509942,0.2276350687786153,1.931963946211888e-15,3,93.7104,-0.515038,0.169299,8631.68,0.0,14.0819,25.8356,31.5963,36.4246,39.6174,41.4485,42.5084,43.4884,44.2206,44.9814,45.7724,46.5953,47.8046,49.2752,52.3202,59.8359,9.8351,6.6741,3.6108
31.599,-0.009780680155168578,0.28938121714987664,3.2470518043983205e-16,3,94.2934,-0.586234,0.129828,8711.08,0.0,14.1167,24.8754,30.1049,34.5205,37.5537,39.3190,40.3418,41.2882,41.9957,42.7312,43.4964,44.2928,45.4641,46.8897,49.8465,57.1715,9.6523,6.1747,3.1726
31.709,-0.10627717079785501,0.3833621520794216,5.4573199676522565e-17,3,95.2987,-0.638072,0.0868933,8855.28,0.0,13.9749,23.7129,28.4257,32.4404,35.3192,36.9994,37.9736,38.8755,39.5501,40.2516,40.9816,41.7418,42.8604,44.2228,47.0517,54.0792,10.5622,5.9993,2.8752
31.821,-0.2041813399539583,0.4478785338215098,9.172117669633149e-18,3,96.702,-0.676694,0.0738367,9063.57,0.0,14.1111,23.5161,27.9995,31.9872,35.0872,36.9145,37.9802,38.9708,39.7144,40.4900,41.2997,42.1457,43.3958,44.9270,48.1366,56.2928,9.7900,5.4903,2.5949
31.930,-0.21103038938171736,0.47357448640013233,1.5415578167352434e-18,3,98.3421,-0.712885,0.0794346,9267.54,0.0,14.4335,23.8413,28.3309,32.9073,36.5902,38.8022,40.1067,41.3290,42.2527,43.2220,44.2403,45.3112,46.9069,48.8831,53.1059,64.3527,7.8791,4.7344,2.2894
32.046,-0.21432176970606054,0.48545198926609534,2.5908962225869236e-19,3,100.095,-0.750518,0.0867486,9455.9,0.0,14.7678,24.1702,29.2265,34.7414,39.3433,42.1812,43.8819,45.4941,46.7245,48.0272,49.4084,50.8754,53.0889,55.8777,62.0180,79.6900,6.3122,3.9904,1.9746
32.156,-0.1825358915232413,0.49040564026458916,4.3545192813018434e-20,3,101.875,-0.789951,0.0906848,9628.08,0.0,15.0666,24.7652,30.7890,37.6894,43.7353,47.6036,49.9753,52.2620,54.0329,55.9324,57.9750,60.1771,63.5655,67.9505,78.0916,111.6290,5.0341,3.2904,1.6546
32.266,-0.10489664828294429,0.49608714363940054,7.318640556084008e-21,3,103.757,-0.828528,0.0802494,9772.05,0.0,15.1808,25.4345,32.5217,41.0841,49.0120,54.3096,57.6494,60.9381,63.5327,66.3634,69.4637,72.8736,78.2621,85.5033,103.5140,161.1960,4.1743,2.7275,1.3611
32.368,-0.07048940597066533,0.5510048020246338,1.2300439182610392e-21,3,105.835,-0.858073,0.0470751,9968.67,0.0,14.9637,25.6490,33.4834,43.3487,52.9015,59.5237,63.8014,68.0943,71.5390,75.3570,79.6118,84.3827,92.1233,102.9330,132.0540,182.3330,3.9819,2.4509,1.1600
32.480,-0.046480476410760585,0.653209382433682,2.0673348134213284e-22,3,108.344,-0.867894,-0.0017429,10268.9,0.0,14.5560,25.5503,33.8668,44.6745,55.5158,63.2591,68.3643,73.5712,77.8117,82.5775,87.9723,94.1289,104.3680,119.2090,150.2670,192.6300,5.3805,2.6661,1.1331
32.595,-0.030873490955913185,0.7403068672327439,3.474569620917227e-23,3,111.464,-0.848344,-0.0613002,10653.4,0.0,14.1448,25.3022,33.9572,45.5047,57.4452,66.2019,72.0829,78.1717,83.1993,88.9252,95.5053,103.1450,116.1710,134.0530,159.3860,198.4770,9.8456,4.0174,1.3932
32.699,-0.0118657289433391,0.7913053577704504,5.839709161875584e-24,3,115.016,-0.791887,-0.115734,11045.9,0.0,13.7129,24.8542,33.6533,45.6204,58.2776,67.7488,74.2018,80.9623,86.6065,93.1043,100.6640,109.5700,124.8830,140.2950,163.1090,200.0000,13.3451,5.8293,2.0116
32.814,-0.0009969592474814804,0.8260582443217211,9.814799188364297e-25,3,118.82,-0.722915,-0.111554,11446.0,0.0,13.2290,24.1078,32.7644,44.6341,57.3112,66.8810,73.4427,80.3536,86.1521,92.8603,100.7100,110.0180,125.2720,139.6010,161.5720,198.2140,17.0114,7.6162,2.6643
32.917,0.0009850943875801905,0.8446410662805915,1.6495732995883877e-25,3,122.78,-0.653753,-0.111178,11828.5,0.0,12.7017,23.1584,31.4848,42.9103,55.1237,64.3511,70.6817,77.3525,82.9522,89.4332,97.0208,106.0240,120.9480,135.1420,156.9130,193.2930,21.1764,9.5012,3.3278
33.029,0.0023828269013168096,0.8531878478800742,2.7724378446182043e-26,3,126.651,-0.585489,-0.111695,12192.6,0.0,12.1724,22.1783,30.1383,41.0497,52.6994,61.4911,67.5179,73.8643,79.1883,85.3463,92.5506,101.0920,115.6110,129.8700,151.5820,187.8010,25.4851,11.4007,3.9864
33.144,0.0038945653888926204,0.8578968302727992,3.261745399814872e-27,3,131.031,-0.505403,-0.112949,12598.5,0.0,11.5460,21.0026,28.5085,38.7721,49.6979,57.9213,63.5475,69.4625,74.4171,80.1393,86.8221,94.7286,108.5100,123.0480,144.8090,180.9180,30.8029,13.6802,4.7641
33.248,-0.03030569103188719,0.8596110884219158,5.482015493468855e-28,3,134.679,-0.435886,-0.113915,12930.4,0.0,11.0044,19.9922,27.1136,36.8332,47.1566,54.9107,60.2080,65.7705,70.4245,75.7934,82.0552,89.4522,102.3870,117.2090,139.0180,175.0260,35.4865,15.6711,5.4403
33.348,-0.011977811997328796,0.8596668477822184,9.213623439873105e-29,3,138.306,-0.366074,-0.105653,13265.6,0.0,10.5389,19.3557,26.4483,36.2899,46.9529,55.1086,60.7544,66.7486,71.8164,77.7233,84.6960,93.0509,106.6060,119.5320,139.9350,174.7910,36.7138,16.9770,6.0509
33.466,-0.0031399115482277596,0.8599807612231468,1.0839735840776311e-29,3,142.642,-0.28417,-0.100479,13659.7,0.0,9.9488,18.3991,25.2640,34.8933,45.4654,53.6510,59.3689,65.4861,70.6958,76.8123,84.0945,92.9099,105.6060,117.6530,137.2220,171.2670,39.4957,18.7487,6.7893
33.567,-0.0009160833833107721,0.8603903259157257,1.8218344027592752e-30,3,146.243,-0.216479,-0.0992473,13980.2,0.0,9.4338,17.4760,24.0246,33.2348,43.3795,51.2580,56.7736,62.6858,67.7300,73.6632,80.7424,89.3344,101.6170,113.3750,132.6000,166.2470,42.7494,20.4148,7.4201
33.670,-0.002141233656991323,0.86091003207419,3.0619570807175142e-31,3,149.822,-0.148354,-0.0979711,14312.3,0.0,8.9149,16.5432,22.7704,31.5525,41.2587,48.8206,54.1271,59.8266,64.6988,70.4408,77.3077,85.6652,97.5162,108.9750,127.8420,161.0730,45.9365,22.0708,8.0527
33.787,0.0017679838184079181,0.8610969295261814,3.6023618858933484e-32,3,154.1,-0.0656204,-0.0973947,14696.9,0.0,8.2765,15.3707,21.1683,29.3549,38.4169,45.4872,50.4541,55.7937,60.3624,65.7514,72.2031,80.0653,91.5504,102.7400,121.2500,154.0370,50.1409,24.1564,8.8288
33.909,-0.05019160275110977,0.8611459235718363,4.238142735134666e-33,4,158.342,0.0187162,-0.0947875,15083.3,0.0,7.6379,14.2354,19.6548,27.3513,35.9316,42.6710,47.4290,52.5663,56.9799,62.2078,68.4977,76.2091,87.0185,97.7429,115.7150,147.9000,53.4287,26.0522,9.5953
34.009,-0.016446784389483653,0.8611576263141442,7.123046494940835e-34,4,158.953,0.0845916,-0.0795761,12194.7,0.0,7.2167,13.7415,19.2712,27.4097,36.9031,44.6912,50.3758,56.6950,62.2811,69.0943,76.8766,83.9194,92.9347,102.5130,119.2560,150.1950,50.2518,26.0953,10.0323
34.125,-0.004311425846996802,0.8611618348706199,8.380192970832947e-35,4,162.082,0.155439,-0.0728333,12397.0,0.0,6.6968,12.8774,18.1927,26.1511,35.6447,43.6077,49.5225,56.2017,62.1995,69.3980,76.2239,82.5547,90.8949,99.9341,115.9960,146.1380,50.9072,27.0911,10.6040
34.226,-0.0039628782871689115,0.8611628401285296,1.4084590326078938e-35,4,164.639,0.211345,-0.0717089,12593.7,0.0,6.2596,12.0566,17.0545,24.5598,33.5478,41.1162,46.7554,53.1414,58.8923,65.6581,72.0393,78.0455,86.0421,94.7838,110.4410,140.0840,52.9374,28.2818,11.1026
34.330,-0.01717551743377076,0.8611631695314417,2.367197096104087e-36,4,167.179,0.266179,-0.0684203,12777.2,0.0,5.8410,11.3055,16.0516,23.2416,31.9530,39.3754,44.9582,51.3352,57.1286,63.3580,69.2214,74.8418,82.4285,90.8145,105.9930,135.0500,54.0516,29.2011,11.5614
34.447,-0.009681135006668402,0.8611632879917752,2.7849837115954978e-37,4,170.191,0.328307,-0.0605263,13002.8,0.0,5.3837,10.5456,15.1113,22.1822,31.0082,38.7622,44.7424,51.7343,57.3391,62.7349,67.9844,73.1252,80.1840,88.1020,102.6380,130.8990,53.7576,29.7628,12.0202
34.568,-0.036248896410166834,0.861163319045441,3.2765054868549874e-38,4,173.178,0.385834,-0.0562736,13227.4,0.0,4.9413,9.7427,14.0329,20.7604,29.3034,36.9457,42.9294,49.6592,54.5396,59.3698,64.1601,68.9186,75.5355,83.0460,97.0064,124.5380,55.5995,30.5841,12.4809
34.669,-0.03560524828608346,0.8611633264629351,5.506822771757178e-39,4,175.606,0.427634,-0.0377542,13422.0,0.0,4.6833,9.5123,14.0352,21.5653,31.9877,42.2102,49.1274,55.2636,59.6801,64.1172,68.5705,73.0347,79.2993,86.4707,99.9276,126.7680,51.1910,29.5732,12.5984
34.788,-0.009333702206707064,0.8617656728804247,6.4787219227446035e-40,4,178.534,0.462826,-0.0231639,13620.8,0.0,4.4561,9.2781,13.9821,22.2546,34.7149,45.3296,51.4476,56.9878,61.0300,65.1299,69.2789,73.4686,79.3914,86.2242,99.1625,125.2740,49.3298,28.9114,12.7103
34.907,-0.010831304449243767,0.861321230629691,7.622151554889799e-41,4,181.444,0.487552,-0.0201151,13833.8,0.0,4.2634,8.9245,13.5125,21.6820,33.7830,42.7426,48.0736,52.9968,56.6407,60.3764,64.1921,68.0786,73.6211,80.0765,92.4406,117.7790,53.0222,29.1216,12.8841
35.026,-0.06303025041152506,0.8615131227603148,8.967385082812298e-42,4,184.292,0.505023,-0.00406355,14054.2,0.0,4.1830,9.0158,14.0164,23.5850,35.9512,44.2809,49.2516,53.8631,57.2911,60.8185,64.4358,68.1336,73.4295,79.6276,91.5759,116.2970,51.7701,28.1546,12.8228
35.126,-0.020653752454848535,0.861663450144225,1.507148410868263e-42,4,186.622,0.505077,0.0171925,14224.1,0.0,4.2737,9.6019,15.5420,26.8850,39.5264,47.8054,52.7058,57.2390,60.6033,64.0628,67.6099,71.2360,76.4300,82.5127,94.2565,119.0800,47.2338,26.7367,12.5570
35.245,-0.005414257283523814,0.8629885253496077,1.7731450339024026e-43,4,189.437,0.488476,0.024878,14419.8,0.0,4.4526,10.1645,16.4941,26.9972,38.2585,45.6848,50.1271,54.2702,57.3668,60.5689,63.8693,67.2626,72.1521,77.9178,89.1525,113.3070,50.6984,26.6164,12.3273
35.364,-0.08731551406635706,0.8632620987548725,2.0860874009358377e-44,4,192.177,0.460188,0.0429466,14636.9,0.0,4.7905,11.1708,17.7884,28.2562,39.1392,46.2549,50.5100,54.4831,57.4564,60.5356,63.7146,66.9882,71.7153,77.3055,88.2401,112.9820,50.0183,25.8913,11.9136
35.484,-0.0228892381194111,0.8634076014909973,2.4542609663270044e-45,4,194.821,0.405273,0.0716356,14838.4,0.0,5.4025,12.7656,20.3800,32.1199,43.8545,51.3206,55.7283,59.8130,62.8539,65.9904,69.2178,72.5300,77.2981,82.9182,93.8831,124.4090,42.1206,23.9269,11.2972
35.586,-0.08671644214759364,0.862651662622195,4.1248764061057966e-46,4,197.077,0.352717,0.060298,14993.0,0.0,5.8023,13.3312,20.7766,31.8695,42.8169,49.8045,53.9487,57.8044,60.6835,63.6625,66.7368,69.9009,74.4718,79.8800,90.5873,121.9380,43.6641,23.7410,10.9844
35.706,-0.11708414837313878,0.8624642312745576,4.85287584301941e-47,5,197.122,0.285879,0.0956306,13465.6,0.0,6.6552,16.3008,26.3407,41.0704,54.7137,62.9690,67.7299,72.0825,75.2904,78.5763,81.9520,85.5940,91.2851,98.8116,116.9520,185.3690,31.7227,20.2371,10.1076
35.807,-0.03836613373891011,0.863283701179047,8.156228429362724e-48,5,198.638,0.208822,0.119126,13564.5,0.0,7.5726,19.3196,31.7170,49.1839,64.4456,73.3583,78.5296,83.6745,87.7908,92.3413,97.3957,103.0450,112.1670,124.8170,158.3930,49.9876,26.2650,17.8152,9.3092
35.923,-0.010057451762852854,0.8644384534993801,9.59572118486095e-49,5,200.787,0.100382,0.103416,13672.9,0.0,8.4351,20.5263,32.4274,48.6000,62.7007,71.0742,76.3227,81.6094,85.8652,90.5966,95.8884,101.8430,111.5580,125.2340,162.7160,200.0000,25.1228,16.7470,8.5789
36.025,-0.0032956257936516227,0.8642619033801769,1.6127528595395797e-49,5,202.575,0.0167084,0.0842042,13788.0,0.0,9.0067,20.9214,31.9869,46.6636,59.5086,67.3494,72.3855,77.4672,81.5637,86.1259,91.2354,96.9969,106.4200,119.7350,156.5360,200.0000,24.9830,16.1720,8.0536
36.125,-0.0010799106600637637,0.8644013190152413,2.7105537310281715e-50,5,204.346,-0.0514221,0.063221,13906.0,0.0,9.4018,20.9002,31.0532,44.2483,55.8395,63.1406,67.8823,72.6692,76.5304,80.8324,85.6535,91.0932,99.9972,112.5950,147.5150,200.0000,25.5984,15.9026,7.6522
36.246,-0.13260092793782802,0.8654843599969314,3.188939359017334e-51,5,206.426,-0.109594,0.0455541,14050.0,0.0,9.7308,20.9048,30.3911,42.4987,53.2002,60.4699,65.2434,70.0960,74.0367,78.4529,83.4354,89.1027,98.4780,111.9620,150.7390,200.0000,26.2338,15.6398,7.2981
36.364,-0.14085676336791397,0.8649779976920355,3.7517552664903036e-52,5,207.941,-0.168213,0.0911824,14233.1,0.0,10.7544,24.8265,37.3436,54.0666,73.6906,90.1483,102.3730,116.1750,128.5680,143.9350,163.4860,189.2010,200.0000,200.0000,200.0000,33.7550,19.0671,12.8210,6.5386
36.484,-0.03692475537631844,0.8651536578519808,4.413902553473178e-53,5,209.632,-0.258545,0.111227,14301.4,0.0,11.8383,28.0627,42.7644,67.5826,104.3170,143.4690,179.4410,200.0000,200.0000,200.0000,200.0000,200.0000,200.0000,114.5430,46.2116,23.8299,15.4634,10.8224,5.7268
36.603,-0.009679603073369621,0.8656815811089497,5.192912215135657e-54,5,211.649,-0.364217,0.0937043,14404.6,0.0,12.5565,28.5577,43.5158,70.5639,113.2460,162.6100,200.0000,200.0000,200.0000,200.0000,200.0000,200.0000,169.0400,82.6937,42.2528,22.1149,13.9513,9.6120,4.9789
36.705,-0.003171812335081757,0.8638786752634057,8.7277275599785e-55,5,213.339,-0.442454,0.0730543,14502.3,0.0,12.9639,28.4166,43.4414,70.8976,114.9410,167.0030,200.0000,200.0000,200.0000,200.0000,200.0000,200.0000,151.8600,80.1907,42.5577,21.9842,13.1264,8.8268,4.4421
36.806,-0.0010393394659595902,0.8648314049353127,1.4668691710055866e-55,5,214.997,-0.502518,0.0506571,14614.5,0.0,13.1787,28.2133,43.1833,70.6300,114.9050,167.6400,200.0000,200.0000,200.0000,200.0000,200.0000,200.0000,150.3270,81.1357,43.5658,22.6463,12.7769,8.3168,4.0423
36.925,-0.0002724566049645108,0.8642704423309876,1.7257569109963627e-56,5,216.972,-0.546168,0.0228613,14747.2,0.0,13.1823,27.9470,42.7956,70.0541,114.1200,166.7560,200.0000,200.0000,200.0000,200.0000,200.0000,200.0000,153.6230,83.5699,45.0657,23.4826,13.1080,8.1797,3.7845
37.044,-7.142286425181673e-05,0.8658355514594144,2.030335748218111e-57,5,218.928,-0.556534,-0.00556281,14879.4,0.0,13.0484,27.6605,42.3531,69.3191,112.8940,164.9170,200.0000,200.0000,200.0000,200.0000,200.0000,200.0000,159.8630,86.8380,46.7902,24.3701,13.6004,8.4729,3.8027
37.148,-2.3403844158035306e-05,0.8667992962365958,3.4123852920301795e-58,5,220.539,-0.544423,-0.0130769,14999.8,0.0,12.9368,27.4235,41.9899,68.7235,111.9210,163.4890,200.0000,200.0000,200.0000,200.0000,200.0000,198.9660,164.7370,89.4706,48.2043,25.1053,14.0104,8.7282,3.9173
37.265,-6.135177322964007e-06,0.8682889421345211,4.014637172220586e-59,6,220.54,-0.52837,-0.0130886,13723.7,0.0,12.8022,27.1376,41.5513,68.0033,110.7420,161.7570,200.0000,200.0000,200.0000,200.0000,198.1270,192.1550,170.6620,92.6585,49.9131,25.9927,14.5049,9.0361,4.0553
37.367,-2.0103749051888458e-06,0.8686874420430148,6.747400695351139e-60,6,221.854,-0.514962,-0.0130931,13802.7,0.0,12.6898,26.8992,41.1860,67.4045,109.7650,160.3250,200.0000,200.0000,200.0000,196.7510,192.1470,186.4500,171.8390,95.3069,51.3362,26.7328,14.9176,9.2931,4.1707
37.468,-6.587596489322811e-07,0.8694745771805301,1.134035634867666e-60,6,223.174,-0.501487,-0.0130927,13868.0,0.0,12.5770,26.6600,40.8197,66.8052,108.7890,158.9000,200.0000,197.7900,194.3970,190.5690,186.1270,180.6970,168.1760,97.9531,52.7620,27.4753,15.3320,9.5512,4.2865
37.584,-1.7268988940970392e-07,0.8696841509822879,1.3341815840654601e-61,6,224.725,-0.485201,-0.0130925,13961.4,0.0,12.4405,26.3708,40.3770,66.0807,107.6090,158.7250,194.1720,190.0820,186.7940,183.1040,178.8550,173.7340,162.8490,101.1530,54.4854,28.3729,15.8328,9.8633,4.4265
37.706,-4.526961836941743e-08,0.8703414332469759,1.5696512918371736e-62,6,226.255,-0.468799,-0.0130922,14055.6,0.0,12.3032,26.0796,39.9312,65.3511,106.4210,190.3090,186.2950,182.3180,179.1380,175.5870,171.5310,166.7090,157.0550,104.3740,56.2211,29.2768,16.3373,10.1775,4.5676
37.825,-1.1867158837832562e-08,0.8697608061614702,1.8466790483335165e-63,6,227.764,-0.452282,-0.0130918,14147.3,0.0,12.1648,25.7864,39.4822,64.6164,105.2250,182.2750,178.3590,174.4990,171.4280,168.0190,164.1560,159.6230,150.9690,107.6180,57.9687,30.1870,16.8452,10.4939,4.7096
37.943,-3.1109044863847786e-09,0.8703615279422674,2.1725994335738993e-64,6,229.249,-0.435667,-0.0130916,14237.3,0.0,12.0256,25.4914,39.0305,63.8772,104.0210,174.1770,170.3640,166.6260,163.6670,160.4020,156.7310,152.4770,144.6720,110.8820,59.7271,31.1027,17.3562,10.8123,4.8525
38.045,-1.0193811820985644e-09,0.8709868916479973,3.651487868007653e-65,6,230.47,-0.421738,-0.0130911,14310.4,0.0,11.9090,25.2441,38.6519,63.2577,103.0130,167.3810,163.6570,160.0230,157.1610,154.0160,150.5040,146.4770,139.2960,113.6170,61.2008,31.8702,17.7845,11.0791,4.9722
38.164,-2.672246606000461e-10,0.8723180010054227,4.2959389618323244e-66,6,231.918,-0.404941,-0.0130901,14397.3,0.0,11.7683,24.9459,38.1954,62.5108,101.7970,159.1680,155.5550,152.0510,149.3060,146.3090,142.9870,139.2240,132.7140,116.9140,62.9774,32.7957,18.3011,11.4009,5.1167
38.285,-7.005134142833848e-11,0.8717848109149405,5.0541292292061117e-67,6,233.335,-0.387983,-0.0130892,14482.2,0.0,11.6263,24.6449,37.7346,61.7567,100.5690,150.8930,147.3980,144.0280,141.4030,138.5540,135.4230,131.9160,126.0110,115.3840,64.7710,33.7299,18.8225,11.7258,5.2625
38.404,-1.8363538847390362e-11,0.8714944523943612,5.9461324968686995e-68,6,234.722,-0.370997,-0.0130882,14565.4,0.0,11.4840,24.3433,37.2730,61.0014,99.3399,142.5540,139.1820,135.9510,133.4500,130.7520,127.8100,124.5520,119.1970,110.6020,66.5675,34.6658,19.3448,12.0512,5.4085
38.504,-6.017364409512874e-12,0.8712617533324594,9.993664887487225e-69,6,235.86,-0.356705,-0.0130875,14625.8,0.0,11.3643,24.0896,36.8845,60.3657,98.7637,135.5580,132.2940,129.1830,126.7870,124.2160,121.4320,118.3760,113.4440,106.0190,68.0792,35.4533,19.7843,12.3250,5.5314
38.625,-1.5774159757673426e-12,0.8715079219249592,1.1757446803479845e-69,6,237.184,-0.339527,-0.0130869,14712.1,0.0,11.2204,23.7846,36.4176,59.6017,132.3710,127.1060,123.9770,121.0150,118.7480,116.3310,113.7350,110.9160,106.4570,100.1180,69.8965,36.3998,20.3125,12.6541,5.6791
38.743,-4.135101335515542e-13,0.3555213726850964,1.3832518589826001e-70,6,237.798,-0.322191,-0.0130864,14621.2,0.0,11.0752,23.4769,35.9464,58.8305,123.6680,118.5970,115.6100,112.8030,110.6690,108.4090,106.0000,103.4120,99.3929,93.9283,71.7304,37.3550,20.8456,12.9862,5.8282
38.844,-1.3549900056217329e-13,0.1164972434014524,0.15470940399169922,6,236.022,-0.307837,-0.0130833,14391.9,0.0,10.9550,23.2222,35.5566,58.1932,116.4110,111.5110,108.6480,105.9730,103.9510,101.8220,99.5673,97.1654,93.4884,88.6374,73.2454,38.1450,21.2867,13.2611,5.9516
38.964,-3.5520250003370357e-14,0.03053905337423034,0.29566150231230925,6,229.418,-0.290943,-0.0126772,13889.1,0.0,10.8178,22.9482,35.1604,57.6134,107.7570,103.0650,100.3490,97.8312,95.9396,93.9610,91.8824,89.6887,86.3802,82.1416,71.3970,38.9316,21.7619,13.5680,6.0943
39.065,-1.1639275521104398e-14,0.0100070370096678,0.390532627796413,6,222.586,-0.277662,-0.0120144,13440.7,0.0,10.7134,22.7542,34.9011,57.3007,100.6820,96.1662,93.5728,91.1825,89.3970,87.5391,85.5995,83.5675,80.5370,76.7327,67.8637,39.4232,22.0960,13.7945,6.2042
39.184,-3.0511662422043915e-15,0.0026232847098623556,0.6211538195448565,6,211.888,-0.263054,-0.0111792,12680.5,0.0,10.5995,22.5466,34.6306,59.1525,92.4778,88.1801,85.7359,83.4994,81.8404,80.1248,78.3466,76.4994,73.7786,70.4344,63.1397,39.9190,22.4491,14.0380,6.3243
39.285,-9.998061542455349e-16,0.0008595979337276966,0.6832457839072029,6,200.781,-0.252155,-0.0105549,11937.3,0.0,10.5145,22.3912,34.4276,93.3915,85.9768,81.8655,79.5466,77.4375,75.8818,74.2811,72.6319,70.9300,68.4469,65.4411,59.1420,40.2838,22.7106,14.2189,6.4137
39.404,-2.620931844985415e-16,0.0002253384407391133,0.6962893851046779,6,187.056,-0.240565,-0.00994343,11074.5,0.0,10.4234,22.2222,34.2025,85.7598,78.6391,74.7543,72.5848,70.6255,69.1899,67.7215,66.2186,64.6793,62.4564,59.8083,54.4568,40.6854,22.9928,14.4128,6.5091
39.524,-6.870615575718566e-17,5.907112020911412e-05,0.7725608113305826,6,173.487,-0.230328,-0.00948864,10200.1,0.0,10.3420,22.0670,33.9895,78.6231,71.8095,68.1516,66.1286,64.3148,62.9939,61.6506,60.2844,58.8947,56.9062,54.5697,49.9769,39.6115,23.2505,14.5872,6.5938
39.624,-2.25136331185146e-17,1.9356424670122515e-05,0.8406950957312295,5,162.121,-0.222721,-0.00925791,10510.5,0.0,10.2804,21.9448,34.3376,73.0604,66.5092,63.0390,61.1349,59.4376,58.2079,56.9628,55.7027,54.4277,52.6159,50.5079,46.4406,37.8012,23.4535,14.7212,6.6574
39.724,-7.377267300274863e-18,6.342713235905746e-06,0.8604281808918914,5,150.79,-0.215799,-0.00923467,9365.87,0.0,10.2224,21.8220,77.4133,67.8615,61.5766,58.2910,56.5020,54.9165,53.7732,52.6205,51.4592,50.2900,48.6388,46.7339,43.1148,35.7408,23.6597,14.8512,6.7165
39.845,-1.9339063591632537e-18,1.6627042185132755e-06,0.8558153184442531,5,137.255,-0.208258,-0.00879112,8383.99,0.0,10.1635,21.7138,71.3138,62.0279,56.0593,52.9872,51.3294,49.8701,48.8233,47.7730,46.7202,45.6657,44.1867,42.4954,39.3310,33.1115,23.6132,14.9742,6.7780
39.964,-5.069619486164919e-19,4.3586793465794414e-07,0.7287597737818501,4,124.521,-0.20163,-0.00858831,8354.35,0.0,10.1097,22.1070,65.7101,56.7089,51.0535,48.1869,46.6533,45.3116,44.3540,43.3974,42.4430,41.4915,40.1650,38.6593,35.8777,30.5518,22.7825,15.0904,6.8333
40.083,-1.3289703305812166e-19,1.142601638629721e-07,0.24718623037553883,4,113.374,-0.195748,-0.00832778,8219.38,0.0,10.0628,24.0823,60.5435,51.8384,46.4900,43.8194,42.4024,41.1699,40.2943,39.4233,38.5578,37.6986,36.5071,35.1635,32.7071,28.0975,21.5692,15.0996,6.8819
40.184,0.05094341392507813,3.744077049461869e-08,0.04154458973921682,3,107.304,-0.191367,-0.00817078,7935.99,0.0,10.0275,67.6447,56.4934,48.0455,42.9518,40.4393,39.1153,37.9690,37.1576,36.3529,35.5561,34.7675,33.6783,32.4560,30.2381,26.1330,20.4224,14.7857,6.9182
40.284,0.20680891022350545,1.2268591675676656e-08,0.0069823991974701715,3,104.183,-0.184365,-0.0276738,9451.91,0.0,9.7853,65.3198,54.4195,46.2662,41.3958,39.0066,37.7517,36.6665,35.9000,35.1412,34.3904,33.6479,32.6238,31.4774,29.4007,25.5710,20.2520,14.9533,7.1207
40.404,0.13931877548515964,3.2161376962285814e-09,0.0008214722831831681,3,102.836,-0.151205,-0.102585,9327.01,0.0,8.9849,22.1029,56.5701,48.8497,44.1748,41.8600,40.6368,39.5755,38.8233,38.0761,37.3345,36.5994,35.5817,34.4362,32.3449,28.4230,22.8025,16.9641,7.9543
40.524,0.036521581080781684,8.430912002401452e-10,9.664539264421653e-05,3,101.676,-0.0864868,-0.143268,9230.34,0.0,8.3803,19.6260,56.2858,48.9349,44.4857,42.2800,41.1134,40.1005,39.3821,38.6682,37.9593,37.2557,36.2812,35.1830,33.1733,29.3851,23.8889,18.0462,8.6356
40.644,0.009573913350840433,2.2101129959575262e-10,1.1370233799199432e-05,3,100.657,-0.0190875,-0.110315,9142.47,0.0,8.0892,22.3299,53.0089,45.9481,41.7364,39.6665,38.5770,37.6333,36.9657,36.3039,35.6480,34.9984,34.0999,33.0907,31.2524,27.8118,22.8648,17.6173,8.9057
40.764,0.21135125375880204,5.7936786121228975e-11,1.3376966362420142e-06,3,99.6228,0.0321007,-0.0855831,9048.14,0.0,7.8617,60.0640,50.4533,43.6780,39.6843,37.7331,36.7098,35.8255,35.2005,34.5815,33.9690,33.3634,32.5274,31.5894,29.8849,26.7085,22.1605,17.3268,9.1050
40.865,0.2645035264081905,1.898472607620431e-11,2.2482667365319532e-07,3,98.5972,0.0738487,-0.110077,8949.84,0.0,7.3407,19.0633,51.8795,45.2653,41.3749,39.4620,38.4541,37.5810,36.9627,36.3490,35.7403,35.1371,34.3025,33.3635,31.6480,28.4194,23.7145,18.5992,9.6776
40.984,0.2458300464165198,4.976732032520503e-12,2.6450633328624774e-08,3,97.2576,0.135733,-0.155589,8823.6,0.0,6.5723,13.8803,54.8624,48.3033,44.4907,42.6206,41.6327,40.7740,40.1642,39.5576,38.9545,38.3549,37.5219,36.5795,34.8447,31.5269,26.5522,20.9301,10.6760
41.104,0.1559234203409481,1.304620441933055e-12,3.1118905604793757e-09,3,95.9202,0.213854,-0.194415,8702.4,0.0,5.7880,10.9851,20.3917,50.8966,47.1041,45.2535,44.2793,43.4348,42.8357,42.2400,41.6478,41.0595,40.2424,39.3175,37.6087,34.3062,29.2324,23.2846,11.8161
41.223,0.0550626807620575,0.006588134765966998,3.6611081254983804e-10,3,94.8202,0.305439,-0.204667,8611.35,0.0,5.0661,9.2839,14.3468,51.5134,47.7649,45.9454,44.9900,44.1630,43.5776,42.9962,42.4189,41.8459,41.0513,40.1540,38.5014,35.3200,30.4113,24.5482,12.7345
41.324,0.018042939232111005,0.18411931757823705,6.153224426525129e-11,3,94.3776,0.383483,-0.180322,8653.44,0.0,4.5725,8.6200,13.8691,49.7303,46.0961,44.3413,43.4224,42.6282,42.0667,41.5102,40.9586,40.4115,39.6537,38.7994,37.2325,34.2334,29.6497,24.1985,13.0480
41.444,0.004729848262062507,0.37265318219972937,7.239207005562551e-12,3,95.1309,0.463721,-0.131411,8828.01,0.0,4.1289,8.4196,52.4823,46.3451,42.9075,41.2594,40.3996,39.6583,39.1353,38.6177,38.1057,37.5990,36.8983,36.1105,34.6713,31.9393,27.8231,22.9920,13.0559
41.544,0.09036523645404973,0.4519740084150823,1.216693521424898e-12,3,96.4948,0.512016,-0.086565,9003.57,0.0,3.9031,8.7625,49.2565,43.3736,40.1126,38.5590,37.7512,37.0562,36.5667,36.0830,35.6052,35.1331,34.4815,33.7503,32.4190,29.9094,26.1706,21.8323,12.8952
41.664,0.2693202227345229,0.48439104399321326,1.4314277610211787e-13,3,98.3861,0.553696,-0.0699674,9241.66,0.0,3.6214,8.4081,48.1076,42.2799,39.0765,37.5576,36.7699,36.0936,35.6181,35.1485,34.6849,34.2273,33.5967,32.8907,31.6085,29.2021,25.6459,21.5461,13.0087
41.783,0.1452086052819458,0.49626962966468186,1.6840604465638067e-14,3,100.377,0.592577,-0.0771083,9460.17,0.0,3.2798,7.3509,48.8263,42.8463,39.5758,38.0298,37.2292,36.5424,36.0598,35.5837,35.1140,34.6507,34.0127,33.2989,32.0047,29.5825,26.0194,21.9345,13.3540
41.885,0.10079716875740245,0.501145360764148,2.83040039253979e-15,3,102.19,0.621926,-0.061468,9611.01,0.0,3.0865,7.1564,48.0500,42.0693,38.8193,37.2883,36.4974,35.8199,35.3439,34.8748,34.4123,33.9566,33.3300,32.6300,31.3620,28.9986,25.5417,21.6070,13.3792
42.004,0.06844719148749676,0.5070775377334068,3.3299377578191383e-16,3,104.417,0.644564,-0.0231657,9787.56,0.0,3.0141,7.9561,45.8779,40.0238,36.8744,35.3998,34.6399,33.9901,33.5345,33.0862,32.6448,32.2104,31.6136,30.9479,29.7463,27.5179,24.2863,20.6464,13.1244
42.123,0.11509015308666772,0.5417067153015862,3.917638472696639e-17,3,106.691,0.64273,0.0283363,9990.89,0.0,3.2121,52.2069,42.9211,37.2833,34.2865,32.8927,32.1772,31.5665,31.1390,30.7189,30.3059,29.9000,29.3438,28.7245,27.6096,25.5546,22.6014,19.3117,12.6123
42.224,0.22316409184904162,0.5850913900637738,6.584374981061242e-18,3,108.627,0.621351,0.0539023,10272.6,0.0,3.5238,51.1704,41.7748,36.1296,33.1516,31.7726,31.0661,30.4642,30.0436,29.6306,29.2249,28.8265,28.2808,27.6743,26.5853,24.5854,21.7306,18.5765,12.2373
42.343,0.23339432807663674,0.6053679122006279,7.746451321468741e-19,3,111.001,0.581559,0.0612191,10580.5,0.0,3.9453,52.1733,42.2235,36.2840,33.1684,31.7309,30.9958,30.3703,29.9335,29.5051,29.0846,28.6721,28.1076,27.4811,26.3583,24.3045,21.3929,18.2067,11.9139
42.444,0.23191061298763824,0.41725867621990176,1.3019460735992516e-19,3,112.896,0.540512,0.0658785,10694.2,0.0,4.3652,53.2213,42.7385,36.5108,33.2585,31.7622,30.9983,30.3490,29.8961,29.4519,29.0163,28.5893,28.0057,27.3586,26.2011,24.0905,21.1163,17.8893,11.6134
42.564,0.2300915480924189,0.10938185841898992,1.5317265361287838e-20,3,113.067,0.485875,0.0705858,10357.9,0.0,4.9259,54.3933,43.2558,36.6776,33.2613,31.6955,30.8976,30.2203,29.7484,29.2860,28.8331,28.3894,27.7836,27.1130,25.9160,23.7429,20.7039,17.4412,11.2138
42.683,0.23188760741038378,0.02867379789338769,1.802060952490153e-21,3,111.769,0.431204,0.0586005,10155.5,0.0,5.3738,57.2183,45.1047,37.9530,34.2471,32.5520,31.6893,30.9576,30.4479,29.9491,29.4608,28.9829,28.3310,27.6098,26.3247,24.0010,20.7734,17.3449,10.9341
42.805,0.24088646274982667,0.007516664074964223,2.12010668999514e-22,3,110.034,0.382853,0.0344785,9968.16,0.0,5.6596,61.6448,48.2716,40.3367,36.2188,34.3349,33.3767,32.5644,31.9987,31.4450,30.9031,30.3729,29.6503,28.8517,27.4297,24.8654,21.3242,17.6009,10.7905
42.923,0.2524166303897093,0.0019704483872674213,2.4942843197123833e-23,3,108.13,0.346422,0.00289309,9783.92,0.0,5.7713,67.6217,52.6810,43.7938,39.1585,37.0336,35.9522,35.0347,34.3958,33.7703,33.1583,32.5596,31.7431,30.8407,29.2350,26.3426,22.3644,18.2180,10.8011
43.024,0.2646172334086814,0.0006456765275397886,4.192143656140603e-24,3,106.482,0.328315,-0.0279084,9628.68,0.0,5.7274,18.0763,57.4036,47.6085,42.4651,40.0998,38.8938,37.8700,37.1566,36.4580,35.7739,35.1041,34.1907,33.1809,31.3825,28.1417,23.6884,19.0706,10.9555
43.125,0.24106232546104187,0.00021157528454423792,7.045735842875512e-25,3,104.801,0.323387,-0.0621549,9474.01,0.0,5.5626,14.0536,63.4099,52.3894,46.6745,44.0340,42.6847,41.5376,40.7375,39.9531,39.1844,38.4314,37.4034,36.2655,34.2362,30.5709,25.5258,20.3042,11.2699
43.246,0.07542836907077935,0.17165928233201655,8.289237761784613e-26,3,103.184,0.336329,-0.0988984,9475.45,0.0,5.2605,11.5611,73.9218,58.5505,52.0715,49.1102,47.5931,46.3007,45.3979,44.5121,43.6430,42.7905,41.6251,40.3334,38.0243,33.8378,28.0485,22.0483,11.7962
43.363,0.019773094381690382,0.3914022216107691,9.752205334361979e-27,3,103.628,0.36684,-0.0881915,9662.97,0.0,5.0584,11.2071,77.6535,59.5826,52.4456,49.4366,47.8970,46.5865,45.6715,44.7741,43.8940,43.0313,41.8527,40.5471,38.2159,33.9982,28.1853,22.1828,11.9515
43.466,0.006479247566992305,0.4872500491180418,1.639053150546218e-27,3,105.049,0.394671,-0.05232,9816.92,0.0,4.9964,12.0653,73.9477,56.4731,49.6142,46.7373,45.2703,44.0242,43.1557,42.3050,41.4721,40.6567,39.5443,38.3146,36.1255,32.1855,26.7961,21.2640,11.8025
43.583,0.0016984958742016312,0.5349785026572499,1.9283296410861204e-28,3,107.228,0.411015,-0.00560999,10052.4,0.0,5.0957,14.5439,68.2864,52.0615,45.7072,43.0265,41.6651,40.5120,39.7100,38.9260,38.1599,37.4111,36.3918,35.2678,33.2746,29.7104,24.8771,19.9485,11.4793
43.683,0.14628226451176152,0.5510784217663526,3.240943627773443e-29,3,109.188,0.404741,0.0307376,10248.0,0.0,5.3645,20.3453,63.9022,48.5597,42.5763,40.0528,38.7760,37.6972,36.9483,36.2172,35.5038,34.8078,33.8618,32.8207,30.9802,27.7056,23.2945,18.8182,11.1099
43.785,0.3330015147163171,0.5606939299787734,5.447053955198825e-30,3,110.956,0.389449,0.0227867,10512.8,0.0,5.4505,18.5957,71.2061,51.3003,44.0644,41.2001,39.8303,38.6968,37.9102,37.1423,36.3931,35.6624,34.6696,33.5774,31.6478,28.2203,23.6190,18.9770,11.0743
43.887,0.13161103715354278,0.5661637631473194,9.154863582502667e-31,3,112.605,0.379241,-0.0106783,10751.7,0.0,5.3362,14.5819,97.3938,61.4050,50.4048,46.3036,44.3896,42.8467,41.8124,40.8299,39.8955,39.0058,37.8296,36.5758,34.3913,30.5061,25.2923,20.0592,11.3179
43.988,0.043126304654472904,0.5690945477674886,1.5386579223112232e-31,3,114.541,0.375376,-0.0167661,10845.6,0.0,5.3315,14.0607,128.5500,69.6949,54.8231,49.5822,47.1893,45.2842,44.0190,42.8255,41.6983,40.6318,39.2322,37.7528,35.2773,31.1812,25.7540,20.3313,11.3595
44.104,0.10136051905138513,0.5720414781612105,1.810215659019931e-32,3,117.006,0.369602,0.0118167,10997.0,0.0,5.5478,16.6059,139.4760,69.3821,53.4481,47.9855,45.5170,43.5631,42.2707,41.0559,39.9120,38.8329,37.4212,35.9350,33.4609,29.4652,24.4050,19.3782,11.0548
44.227,0.13544075190232127,0.5756465197667173,2.129700620680359e-33,3,119.235,0.357129,0.00924516,11269.6,0.0,5.6391,16.4980,200.0000,86.4721,61.2310,53.4782,50.1083,47.4969,45.7964,44.2165,42.7453,41.3719,39.5958,37.7506,34.7341,30.0027,24.5607,19.4176,10.9933
44.327,0.04438122558335264,0.579470640659658,3.5793878331774793e-34,3,121.173,0.347248,0.00674415,11425.5,0.0,5.7079,16.3723,200.0000,116.1930,72.6041,61.1862,56.4658,52.9029,50.6259,48.5403,46.6231,44.8549,42.5986,40.2899,36.5909,30.9699,24.7812,19.4673,10.9488
44.445,0.05481995616753529,0.5905239410782104,4.211113991854973e-35,3,123.618,0.328477,0.0343318,11612.7,0.0,6.0593,20.1063,170.5980,130.0410,74.9734,61.9218,56.6752,52.7713,50.3009,48.0551,46.0045,44.1250,41.7428,39.3238,35.4869,29.7453,23.5447,18.4127,10.5663
44.568,0.11043174155584239,0.6020235685568813,4.954333500277458e-36,3,126.006,0.296359,0.045187,11878.1,0.0,6.4342,20.8579,73.4993,200.0000,92.6294,72.0913,64.4836,59.0411,55.6889,52.7007,50.0204,47.6032,44.5919,41.5926,36.9522,30.2638,23.3636,17.8890,10.2367
44.687,0.02894901845841475,0.6092042374495251,5.8287238197414275e-37,3,128.468,0.257641,0.0522397,12095.9,0.0,6.8505,20.4435,50.1959,200.0000,138.6880,94.8340,81.1674,72.0886,66.7610,62.1710,58.1756,54.6666,50.4159,46.3091,40.1920,31.8469,23.7719,17.7168,9.8908
44.787,0.03540212179384397,0.6122460777305854,9.79633612383942e-38,3,130.577,0.215538,0.0773995,12266.6,0.0,7.4600,21.7058,50.0686,200.0000,156.4940,100.6800,84.6082,74.2492,68.2836,63.2099,58.8422,55.0429,50.4860,46.1297,39.7242,31.1425,23.0059,17.0092,9.3995
44.904,0.04960851396916918,0.6150478174412316,1.152529148633584e-38,3,133.031,0.148959,0.0927901,12511.0,0.0,7.9967,21.5855,43.8737,173.8080,200.0000,140.2960,109.2900,91.5924,82.1032,74.4007,68.0243,62.6590,56.4345,50.6891,42.5836,32.3178,23.1606,16.7415,8.9578
45.027,0.015549421648026153,0.6149522470084393,1.3559390180759257e-39,3,135.499,0.0834728,0.0754318,12736.5,0.0,8.4368,21.7026,41.1593,117.6940,200.0000,200.0000,142.1100,112.1880,97.5286,86.2634,77.3365,70.0887,61.9664,54.7282,44.9155,33.1132,23.1319,16.4205,8.5720
45.146,0.009996607187564467,0.6191523340272803,1.5952486953761457e-40,3,137.99,0.0269007,0.0685899,12921.1,0.0,8.8870,22.4561,41.5901,109.0160,200.0000,200.0000,158.3520,120.5420,102.9860,89.9000,79.7700,71.6967,62.8058,55.0185,44.6603,32.4955,22.4491,15.8145,8.1726
45.263,0.05535642631034127,0.6409604339043723,1.8767941376230822e-41,3,140.421,-0.025128,0.0639663,13203.7,0.0,9.3128,23.2576,42.4306,105.7310,200.0000,200.0000,170.5860,125.8000,105.9420,91.5049,80.5359,71.9201,62.5586,54.4662,43.8536,31.6061,21.6628,15.1793,7.7900
45.366,0.03679839901457263,0.7397656434974097,3.154327907103115e-42,3,142.754,-0.0620121,0.04211,13485.7,0.0,9.4162,22.3209,38.2593,79.6732,200.0000,200.0000,200.0000,200.0000,168.6160,133.6880,110.7540,94.5425,78.4720,65.7175,50.3890,34.4121,22.6107,15.4155,7.6441
45.485,0.009646479511276127,0.841253713130235,3.711035239427744e-43,3,146.233,-0.0935903,0.0276239,13945.6,0.0,9.5467,21.9209,36.2886,69.5017,155.5720,200.0000,200.0000,200.0000,200.0000,196.9000,149.6450,120.6890,94.9731,76.3863,55.9035,36.4417,23.1572,15.4695,7.4872
45.604,0.002528766725003969,0.9386335922810624,4.3659958488343477e-44,3,150.5,-0.116955,0.023051,14461.0,0.0,9.7039,22.0678,36.1647,67.7217,143.3670,200.0000,200.0000,200.0000,200.0000,200.0000,166.7570,130.8430,100.5420,79.5120,57.1361,36.6120,22.9958,15.2567,7.3260
45.725,0.0006629010243594405,0.9841538358993018,5.136550456195122e-45,3,155.315,-0.136834,0.0216336,15039.6,0.0,9.8620,22.3611,36.5338,67.9585,141.6290,200.0000,200.0000,200.0000,200.0000,200.0000,170.6110,132.5330,100.9910,79.4075,56.7130,36.1380,22.6135,14.9706,7.1708
45.826,0.00021721940766210147,0.9963791754318582,8.633000351727143e-46,4,156.451,-0.15241,0.0212514,12078.7,0.0,9.9931,22.6405,36.9601,68.6296,142.4410,200.0000,200.0000,200.0000,200.0000,200.0000,169.6670,131.4260,99.9123,78.4332,55.9227,35.5798,22.2416,14.7157,7.0439
45.946,5.6942764402173935e-05,1.0,1.0156638583803467e-46,4,160.269,-0.170758,0.021091,12343.0,0.0,10.1505,22.9894,37.5169,69.6120,144.2330,200.0000,200.0000,200.0000,200.0000,200.0000,166.8880,129.1160,98.0582,76.9253,54.8084,34.8484,21.7750,14.4034,6.8925
46.046,1.8659005039304354e-05,1.0,1.7070262467798492e-47,4,163.393,-0.186156,0.0208495,12592.1,0.0,10.2814,23.2743,37.9622,70.3600,145.4090,200.0000,200.0000,200.0000,200.0000,200.0000,165.1260,127.5170,96.6972,75.7792,53.9336,34.2586,21.3927,14.1452,6.7661
46.164,4.8913462170234e-06,1.0,2.008299309074025e-48,4,167.132,-0.204837,0.0205524,12860.9,0.0,10.4401,23.6190,38.5002,71.2600,146.8090,200.0000,200.0000,200.0000,200.0000,200.0000,162.9720,125.5630,95.0358,74.3819,52.8683,33.5414,20.9281,13.8317,6.6127
46.264,1.6027963283942275e-06,1.0,3.375348648760714e-49,4,170.218,-0.220567,0.020261,13093.2,0.0,10.5732,23.9057,38.9435,71.9846,147.8520,200.0000,200.0000,200.0000,200.0000,200.0000,161.3530,124.0300,93.6989,73.2425,51.9896,32.9447,20.5397,13.5688,6.4837
46.384,4.2016344071057627e-07,1.0,3.9710639317804925e-50,4,173.9,-0.239557,0.0198982,13364.3,0.0,10.7337,24.2503,39.4746,72.8461,149.0620,200.0000,200.0000,200.0000,200.0000,200.0000,159.4170,122.1830,92.0847,71.8656,50.9276,32.2236,20.0704,13.2513,6.3279
46.485,1.3767915625204165e-07,1.0,6.674167150143473e-51,4,176.945,-0.255445,0.0195961,13587.6,0.0,10.8678,24.5381,39.9177,73.5632,150.0650,200.0000,200.0000,200.0000,200.0000,200.0000,157.7500,120.6050,90.7132,70.7000,50.0316,31.6171,19.6765,12.9852,6.1975
46.585,4.511470592066901e-08,1.0,1.1217272729246136e-51,4,179.967,-0.271412,0.0192914,13811.4,0.0,11.0026,24.8267,40.3614,74.2790,151.0580,200.0000,200.0000,200.0000,200.0000,200.0000,156.0460,118.9970,89.3198,69.5183,49.1256,31.0053,19.2798,12.7173,6.0664
46.704,1.1826549468867854e-08,1.0,1.3197009193230785e-52,4,183.567,-0.290638,0.0189397,14076.0,0.0,11.1649,25.1747,40.8970,75.1463,152.2830,200.0000,200.0000,200.0000,200.0000,200.0000,153.8590,116.9760,87.5915,68.0638,48.0183,30.2619,18.7994,12.3936,5.9083
46.805,3.875323729958619e-09,1.0,2.2180213351062984e-53,4,186.541,-0.306725,0.0186663,14295.4,0.0,11.3008,25.4670,41.3481,75.8826,153.3580,200.0000,200.0000,200.0000,200.0000,200.0000,151.8700,115.1890,86.0890,66.8119,47.0740,29.6326,18.3947,12.1216,5.7758
46.906,1.2698660798328402e-09,1.0,3.727828457913156e-54,4,189.493,-0.322874,0.0184174,14512.6,0.0,11.4375,25.7619,41.8052,76.6368,154.5020,200.0000,200.0000,200.0000,200.0000,200.0000,149.6930,113.2860,84.5186,65.5170,46.1069,28.9932,17.9855,11.8473,5.6426
47.026,3.3288777363170005e-10,1.0,4.3857529024502486e-55,4,193.004,-0.34233,0.0181575,14770.0,0.0,11.6026,26.1198,42.3631,77.5703,155.9860,200.0000,200.0000,200.0000,200.0000,200.0000,146.7970,110.8330,82.5358,63.9018,44.9140,28.2120,17.4883,11.5151,5.4819
47.126,1.0908066566363547e-10,1.0,7.371134903148132e-56,4,195.905,-0.358633,0.0179818,14981.1,0.0,11.7414,26.4228,42.8388,78.3805,157.3460,200.0000,200.0000,200.0000,200.0000,200.0000,144.0990,108.6210,80.7863,62.4951,43.8880,27.5469,17.0678,11.2351,5.3469
47.245,2.859484201972806e-11,1.0,8.67206650220475e-57,5,196.758,-0.378266,0.0179069,13462.2,0.0,11.9101,26.7984,43.4410,79.4563,159.3890,200.0000,200.0000,200.0000,200.0000,200.0000,140.0810,105.5190,78.4364,60.6557,42.5808,26.7178,16.5507,10.8934,5.1836
47.366,7.495966266419591e-12,1.0,1.0202599519178866e-57,5,199.563,-0.397973,0.0178213,13641.2,0.0,12.0794,27.1744,44.0427,80.5265,161.4020,200.0000,200.0000,200.0000,200.0000,194.2900,136.0780,102.4230,76.0872,58.8148,41.2713,25.8867,16.0320,10.5506,5.0197
47.486,1.965022580944297e-12,1.0,1.2003256308318745e-58,5,202.319,-0.417871,0.0177813,13830.9,0.0,12.2508,27.5578,44.6604,81.6415,163.5740,200.0000,200.0000,200.0000,195.6750,187.6620,131.7790,99.1498,73.6344,56.9079,39.9254,25.0382,15.5048,10.2030,4.8540
47.604,0.0020022104911401185,1.0,1.4121711014173923e-59,5,205.048,-0.437973,0.0176761,14009.5,0.0,12.4231,27.9394,45.2691,82.7159,165.5590,200.0000,197.8880,193.2230,188.7590,181.0470,127.7350,96.0123,71.2492,55.0369,38.5929,24.1916,14.9762,9.8535,4.6868
47.705,0.000656084333736794,1.0,2.3734359701522116e-60,5,207.296,-0.454615,0.0169067,14155.4,0.0,12.5569,28.1960,45.6122,83.0639,165.0420,196.2080,192.1280,187.6000,183.3250,176.4120,127.6720,95.2546,70.2808,54.0851,37.7816,23.6043,14.5813,9.5820,4.5514
47.806,0.0002149857144788727,1.0,3.989033835034822e-61,5,209.519,-0.470961,0.0166621,14302.0,0.0,12.6948,28.4914,46.0670,83.8033,166.1310,190.1450,186.1240,181.6820,177.5130,170.9140,125.0380,93.0622,68.5341,52.6767,36.7526,22.9369,14.1593,9.3011,4.4161
47.923,0.01043990033993635,1.0,4.693058416580117e-62,5,212.151,-0.489931,0.0133357,14481.1,0.0,12.8145,28.5673,45.8795,82.2995,158.3700,183.5370,179.7630,175.6810,171.9970,166.8900,138.7280,99.4151,71.1840,53.7498,36.8489,22.6539,13.8520,9.0505,4.2715
48.025,0.003420946543390343,1.0,7.887623280746205e-63,5,214.319,-0.502428,0.00927925,14629.8,0.0,12.8685,28.4568,45.3389,80.0199,149.0090,178.2340,174.7100,170.9780,167.7210,163.5520,156.5240,111.6910,76.6674,56.4484,37.7855,22.7767,13.7591,8.9297,4.1834
48.146,0.000896780610670518,1.0,9.279709913565105e-64,5,216.897,-0.513939,0.00818133,14806.6,0.0,12.9526,28.5809,45.4404,79.8597,176.0160,170.8860,167.4760,163.8940,160.8050,156.9340,151.0440,113.7790,77.0651,56.3098,37.4298,22.4361,13.5075,8.7502,4.0910
48.263,0.00023508565640361227,1.0,1.091748591621021e-64,5,219.447,-0.524079,0.00795364,14981.9,0.0,13.0363,28.7528,45.6937,80.2349,168.2940,163.2460,159.9140,156.4370,153.4590,149.7670,144.3600,112.4040,75.9138,55.3783,36.7561,22.0063,13.2393,8.5731,4.0066
48.365,0.0016599502506903358,1.0,1.8349018579374505e-65,6,219.62,-0.532162,0.00739312,13412.1,0.0,13.0980,28.8571,45.8104,80.2683,161.8540,156.8980,153.6500,150.2820,147.4190,143.9140,138.9850,112.9870,75.7526,55.0352,36.3937,21.7256,13.0476,8.4409,3.9407
48.466,0.0005439324981462093,1.0,3.083919552635473e-66,6,221.08,-0.539613,0.00662255,13780.9,0.0,13.1514,28.9311,45.8606,80.1231,155.4310,150.5790,147.4240,144.1750,141.4380,138.1310,133.6590,114.7460,76.1282,54.9884,36.1744,21.5068,12.8849,8.3247,3.8809
48.585,0.00536180237857529,1.0,3.628200514480108e-67,6,223.136,-0.547856,0.00621009,13910.6,0.0,13.2163,29.0504,46.0139,80.2669,147.5540,142.8100,139.7510,136.6240,134.0100,130.8910,126.7960,114.6540,75.6242,54.4504,35.7190,21.1891,12.6780,8.1852,3.8130
48.705,0.0075420402072772395,1.0,4.2685416232807025e-68,6,225.178,-0.554228,0.00157189,14032.0,0.0,13.2088,28.7748,45.1868,77.5118,140.2510,135.7840,132.9500,130.1020,127.7740,125.0860,121.8140,117.2350,85.6228,59.1866,37.4995,21.6693,12.7698,8.1779,3.7766
48.823,0.0019771005880964846,1.0,5.021896534373514e-69,6,227.192,-0.555674,-0.00158,14154.1,0.0,13.1795,28.5391,44.5631,75.6176,132.6140,128.3620,125.6990,123.0560,120.9270,118.5170,115.6890,112.1040,94.9182,63.4135,39.1016,22.1607,12.9186,8.2264,3.7762
48.925,0.0006478563207074561,1.0,8.440301505321566e-70,6,228.848,-0.554417,-0.00207019,14256.8,0.0,13.1624,28.4757,44.4254,75.2599,125.8640,121.7250,119.1530,116.6170,114.5890,112.3140,109.6790,106.4360,96.8766,64.3424,39.4955,22.3137,12.9853,8.2615,3.7887
49.025,0.00021228955916941924,0.9963239746093749,1.4185614739993955e-70,6,230.488,-0.552329,-0.00216699,14358.5,0.0,13.1435,28.4295,44.3458,75.1007,118.9940,114.9640,112.4790,110.0450,108.1110,105.9580,103.4930,100.5270,93.9319,64.7947,39.7372,22.4362,13.0522,8.3025,3.8069
49.143,5.5650434198908244e-05,0.350230852,1.6689233885455489e-71,6,231.347,-0.549593,-0.00205684,14228.8,0.0,13.1218,28.3884,44.2903,75.0344,110.6390,106.7450,104.3680,102.0560,100.2340,98.2233,95.9522,93.2820,88.0082,65.0181,39.9152,22.5527,13.1251,8.3506,3.8297
49.246,1.8235534278298253e-05,0.11476364558335998,0.13926458084106447,6,229.556,-0.547258,-0.00211811,14002.3,0.0,13.1012,28.3406,44.2109,74.8846,103.6930,99.9264,97.6457,95.4439,93.7203,91.8331,89.7261,87.2959,82.8154,65.4516,40.1585,22.6812,13.1970,8.3954,3.8498
49.364,4.780335897850218e-06,0.03008460110780432,0.6933584440027913,6,221.711,-0.544306,-0.00258827,13276.1,0.0,13.0701,28.2483,44.0302,101.4920,95.5374,91.9395,89.7846,87.7230,86.1238,84.3905,82.4827,80.3312,76.6117,66.6326,40.7026,22.9184,13.3128,8.4618,3.8767
49.483,0.0037525262496548558,0.007886497672804256,0.876531138470208,6,206.737,-0.540971,-0.00308418,12161.7,0.0,13.0354,28.1471,43.8341,93.5552,87.7886,84.3635,82.3341,80.4099,78.9307,77.3429,75.6180,73.7102,70.5603,65.2380,41.3047,23.1818,13.4420,8.5361,3.9071
49.583,0.001229627801486903,0.002584247557424498,0.9005342715786742,6,193.598,-0.537789,-0.00367045,11282.5,0.0,13.0009,28.0417,43.6251,87.3653,81.7669,78.4879,76.5626,74.7505,73.3677,71.8949,70.3112,68.5845,65.8178,61.6740,41.9592,23.4575,13.5732,8.6101,3.9365
49.685,0.00040292443799122833,0.0008468062396168593,0.9043955396226164,6,180.868,-0.534249,-0.00398564,10464.6,0.0,12.9670,27.9518,43.4614,81.5197,76.0890,72.9510,71.1243,69.4171,68.1232,66.7549,65.2967,63.7261,61.2671,57.8233,42.4826,23.6999,13.6978,8.6841,3.9679
49.805,0.00010562422387277255,0.00022198517487812195,0.8984822032836882,5,166.136,-0.529766,-0.00350308,10615.6,0.0,12.9353,27.9088,43.4311,74.9018,69.6642,66.6837,64.9655,63.3721,62.1733,60.9151,59.5866,58.1727,56.0047,53.1164,42.5799,23.8311,13.7977,8.7552,4.0041
49.905,0.0038156242589598792,7.274010210406298e-05,0.8858245736751765,5,154.368,-0.52605,-0.00355864,9447.16,0.0,12.9031,27.8366,43.4361,69.8162,64.7518,61.9065,60.2796,58.7807,57.6601,56.4913,55.2663,53.9747,52.0253,49.5117,42.6388,24.0306,13.9104,8.8258,4.0360
50.024,0.0035411650513032787,1.9068381325967487e-05,0.8571114044736332,5,140.766,-0.521445,-0.00379515,8465.12,0.0,12.8612,27.7337,71.1681,64.1805,59.3286,56.6435,55.1230,53.7329,52.7011,51.6323,50.5216,49.3624,47.6405,45.4864,40.4449,24.3124,14.0615,8.9178,4.0762
50.124,0.005108868581901684,6.2483271928930255e-06,0.8438082714891413,4,130.064,-0.517456,-0.00431371,8575.04,0.0,12.8209,27.6199,66.6658,59.8733,55.2019,52.6486,51.2141,49.9108,48.9489,47.9581,46.9351,45.8754,44.3195,42.4116,38.2372,24.6224,14.2140,9.0059,4.1123
50.225,0.0016740740569175436,2.0474518545671867e-06,0.8056653147768265,4,119.794,-0.513272,-0.00514507,7592.34,0.0,12.7750,27.4784,62.5348,55.9068,51.4164,48.9917,47.6400,46.4192,45.5231,44.6048,43.6623,42.6927,41.2831,39.5828,36.0256,25.0115,14.3948,9.1063,4.1514
50.343,0.007239854044771904,5.367272189636606e-07,0.5847561715600734,4,108.107,-0.507886,-0.00645089,7036.75,0.0,12.7131,27.2880,58.0101,51.5715,47.2951,45.0183,43.7602,42.6317,41.8083,40.9695,40.1138,39.2400,37.9825,36.4893,33.4798,25.5718,14.6464,9.2427,4.2029
50.443,0.00979684778320531,1.7587477511001233e-07,0.11720521038520507,3,100.131,-0.503298,-0.0063436,9019.42,0.0,12.6758,28.1145,54.4606,48.1729,44.0624,41.8982,40.7106,39.6508,38.8811,38.1001,37.3073,36.5016,35.3504,33.9974,31.3294,25.1099,14.7753,9.3259,4.2416
50.545,0.0667400808144265,5.763064630804884e-08,0.01969867970944142,3,94.8578,-0.498794,-0.0087595,8626.07,0.0,12.6077,60.1533,51.2672,45.1530,41.2184,39.1701,38.0538,37.0626,36.3460,35.6219,34.8900,34.1499,33.0991,31.8756,29.5070,24.3565,15.0863,9.4784,4.2906
50.664,0.13150882933147248,1.5107528145777153e-08,0.002317529969136074,3,93.3111,-0.486731,-0.0382791,8481.75,0.0,12.1589,58.2899,49.2897,43.5252,39.8807,38.0079,36.9956,36.1020,35.4593,34.8129,34.1628,33.5090,32.5874,31.5249,29.5062,25.3558,17.9902,10.6508,4.5320
50.764,0.1553929558885795,4.950434822808258e-09,0.00038950726191270006,3,92.5078,-0.462218,-0.0785637,8407.64,0.0,11.5374,58.2919,48.5988,43.1428,39.7424,38.0094,37.0772,36.2572,35.6692,35.0794,34.4879,33.8947,33.0618,32.1064,30.3070,26.6874,20.6732,12.8884,4.9685
50.883,0.1354162773386658,1.2977267861902483e-09,4.5825139856767256e-05,3,91.5761,-0.410101,-0.13313,8323.81,0.0,10.6462,21.9867,48.3545,42.9140,39.7690,38.1775,37.3248,36.5769,36.0418,35.5062,34.9701,34.4336,33.6823,32.8237,31.2156,28.0215,22.8554,16.3321,5.8311
51.004,0.1408013597377293,3.4019129063905637e-10,5.391281879008812e-06,3,90.6859,-0.33287,-0.182904,8244.33,0.0,9.7063,19.0174,48.0937,42.2502,39.3118,37.8359,37.0476,36.3578,35.8651,35.3727,34.8806,34.3890,33.7018,32.9184,31.4567,28.5760,23.9800,18.2525,7.0633
51.124,0.16471354134353028,8.91791056932848e-11,6.342789217835077e-07,3,89.8156,-0.230972,-0.235255,8166.09,0.0,8.6642,16.4594,48.4215,41.8663,38.8500,37.4732,36.7397,36.0989,35.6418,35.1855,34.7301,34.2755,33.6410,32.9189,31.5751,28.9397,24.7666,19.5874,8.6911
51.243,0.1856536969018627,2.3377767482860448e-11,7.462228086890792e-08,3,88.9519,-0.10327,-0.294488,8087.32,0.0,7.5456,13.9509,50.0246,42.3211,38.8690,37.3822,36.6449,36.0288,35.6013,35.1752,34.7502,34.3264,33.7353,33.0633,31.8146,29.3724,25.5181,20.7296,10.1667
51.344,0.20314942887457385,7.660426848783712e-12,1.2541766745637355e-08,3,88.229,0.0240612,-0.34413,8021.65,0.0,6.6374,11.9610,52.8666,43.6202,39.6053,37.8995,37.0586,36.3585,35.8777,35.4120,34.9609,34.5238,33.9341,33.2895,32.1065,29.7953,26.1504,21.6097,11.2662
51.464,0.2131143550754217,2.008134935847557e-12,1.4755263158574893e-09,2,87.4381,0.182905,-0.334109,9978.82,0.0,5.5669,9.6664,59.7813,47.1346,41.9579,39.8118,38.7652,37.8994,37.3076,36.7368,36.1859,35.6539,34.9393,34.1630,32.8134,30.4693,27.0215,22.7030,12.5208
51.584,0.1728819403619527,5.264205246228221e-13,1.7359419553431782e-10,2,86.1265,0.33443,-0.318801,9818.05,0.0,4.5567,7.7468,11.7793,52.5474,45.5741,42.7787,41.4347,40.3324,39.5838,38.8654,38.1755,37.5125,36.6266,35.6704,34.0229,31.2056,27.5709,23.4737,13.5727
51.684,0.15367457635161716,0.0756091992189225,2.917597644345279e-11,2,85.1817,0.452401,-0.298587,9758.37,0.0,3.7817,6.4062,9.2302,58.6135,49.4809,45.9473,44.2734,42.9123,41.9940,41.1172,40.2793,39.4778,38.4126,37.2701,35.3193,32.0328,27.8820,23.7850,14.2394
51.786,0.07427180161177291,0.24091463021255652,4.903606360851112e-12,2,85.2083,0.56096,-0.26465,9913.24,0.0,3.0861,5.3202,7.6248,64.7318,53.1358,48.8125,46.7948,45.1683,44.0780,43.0423,42.0573,41.1194,39.8795,38.5578,36.3200,32.6039,28.0030,23.6403,14.6279
51.905,0.0397431516539041,0.4037140599786904,5.769043847477724e-13,2,86.6533,0.668917,-0.188201,10220.7,0.0,2.4437,4.5781,7.2541,65.1328,52.7060,48.1597,46.0538,44.3634,43.2339,42.1636,41.1481,40.1833,38.9110,37.5589,35.2789,31.5185,26.9062,22.5752,14.5011
52.023,0.13174971529993368,0.49517597869530383,6.787222396119069e-14,2,89.1892,0.742107,-0.11002,10619.5,0.0,2.0196,4.2486,102.4490,66.9870,53.1124,48.1715,45.9065,44.0992,42.8969,41.7614,40.6876,39.6705,38.3339,36.9190,34.5466,30.6693,25.9731,21.6200,14.1912
52.125,0.12310807499273423,0.5265567646988772,1.140728468115732e-14,2,91.6578,0.778578,-0.0576942,10976.5,0.0,1.8146,4.2377,108.9720,76.1995,57.8507,51.6795,48.9104,46.7270,45.2871,43.9365,42.6673,41.4725,39.9128,38.2748,35.5575,31.1940,26.0324,21.3626,13.9477
52.245,0.10447781772748344,0.5417512820720974,1.3420556354534782e-15,2,94.8331,0.791994,0.0100913,11291.8,0.0,1.8272,5.5586,117.7230,88.8908,66.1728,57.6725,53.9886,51.1386,49.2846,47.5639,45.9627,44.4691,42.5392,40.5361,37.2658,32.1466,26.2920,21.1711,13.4626
52.363,0.06965799474604231,0.5532935465250078,1.5789150345546627e-16,2,97.9618,0.76671,0.08688,11712.2,0.0,2.2612,9.7745,126.8270,95.7775,76.7752,65.0054,60.0461,56.2970,53.8981,51.6991,49.6762,47.8091,45.4247,42.9826,39.0656,33.1025,26.5221,20.9629,12.8927
52.466,0.022825531718383144,0.5933680945596896,2.6536824985760217e-17,2,100.676,0.709742,0.164713,12011.7,0.0,3.1037,12.6738,129.7440,96.7820,79.7643,68.1995,62.4797,58.2167,55.5161,53.0588,50.8136,48.7542,46.1420,43.4872,39.2716,32.9526,26.1142,20.4432,12.3664
52.585,0.005983576186783831,0.7367846072646302,3.1220309227497038e-18,2,104.536,0.604327,0.187938,12780.5,0.0,4.2202,16.5808,127.0760,94.1136,77.8090,66.9377,61.0753,56.7366,54.0014,51.5215,49.2629,47.1975,44.5862,41.9418,37.7626,31.5435,24.8732,19.3880,11.6429
52.706,0.035718820508927794,0.8188926851805293,3.6730381603057985e-19,2,109.326,0.49483,0.185639,13897.3,0.0,5.3699,20.8381,121.8330,89.9229,73.9292,63.3722,57.7390,53.5802,50.9628,48.5928,46.4368,44.4672,41.9799,39.4642,35.4950,29.6031,23.3033,18.1377,10.8653
52.824,0.037084521822604875,0.8496968341420896,4.3212926652181706e-20,2,114.815,0.384802,0.165394,14788.9,0.0,6.3527,22.3094,125.0060,90.4046,75.6599,66.9513,61.4017,56.3685,53.2523,50.4663,47.9607,45.6955,42.8665,40.0408,35.6533,29.2956,22.6944,17.4263,10.2089
52.946,0.006739844789787979,0.858157456967469,5.0839576077025266e-21,3,118.185,0.279861,0.145502,10783.7,0.0,7.2362,23.3510,127.9370,90.8113,76.4189,68.7656,64.2364,59.8426,56.3201,52.9638,49.9888,47.3337,44.0629,40.8446,35.9419,29.0339,22.0961,16.7223,9.5731
53.047,0.18209249277631537,0.8601783655772253,8.54460755126564e-22,3,121.365,0.200605,0.126321,11797.5,0.0,7.8322,23.5286,131.8660,92.2025,77.3253,70.3516,66.3645,62.6563,59.8356,56.8146,53.5041,50.2770,46.3676,42.5906,36.9648,29.2897,21.8632,16.2943,9.1121
53.165,0.0461889617314548,0.8624486334033762,1.0052645337988513e-22,3,125.464,0.123876,0.0743868,12367.4,0.0,8.0551,20.6634,39.0422,106.9480,86.3479,78.8139,75.3266,72.3410,70.1583,67.9277,65.6421,63.2924,59.8716,55.7136,46.9256,34.5283,24.0804,17.0742,8.8996
53.265,0.020618807315525216,0.8647483088186183,1.6895481019557292e-23,3,129.071,0.0767778,0.0463759,12607.2,0.0,8.2239,19.6860,34.1215,114.8930,91.2468,82.3981,78.3666,75.1609,73.0336,71.0043,68.9584,66.8796,63.9074,60.4053,53.4270,38.5131,25.5327,17.5061,8.7409
53.385,0.01512946289333932,0.8734235591825729,1.9877364464698963e-24,3,133.472,0.0387728,0.0320331,12898.7,0.0,8.4306,19.5425,32.6804,115.2100,90.8957,81.5541,77.3362,73.9994,71.7934,69.7201,67.7683,65.8622,63.1599,60.0177,53.9377,40.5782,26.0635,17.5230,8.5450
53.487,0.01490490538845349,0.8867988791385705,3.340788645581954e-25,3,137.152,0.0172615,0.0230567,13213.3,0.0,8.5379,19.4164,31.8200,113.9000,89.4863,79.9339,75.6479,72.2690,70.0407,67.9506,65.9866,64.1377,61.6235,58.7234,53.2002,41.7089,26.4904,17.5754,8.4394
53.606,0.01756406127494075,0.9005191221697764,3.930404433640713e-26,3,141.613,-0.000135422,0.0143954,13650.0,0.0,8.6113,19.2381,30.9624,111.0480,86.8229,77.1973,72.9065,69.5358,67.3187,65.2436,63.2972,61.4682,59.0837,56.4406,51.4801,41.5886,27.0270,17.6891,8.3646
53.725,0.039629151468009154,0.9082048121058238,4.624081512133962e-27,3,146.225,-0.00804011,-0.00593454,13907.2,0.0,8.5032,18.2631,28.3007,113.9210,88.9246,78.3522,73.5907,69.8859,67.4660,65.2129,63.1101,61.1431,58.5939,55.9388,51.4139,42.6743,29.4367,18.6021,8.4675
53.845,0.028119039436781394,0.911689288358419,5.440185658210485e-28,3,150.614,-0.000388384,-0.0260666,14494.9,0.0,8.2757,17.1446,25.8131,116.6980,90.9903,79.9320,74.6215,70.5059,67.8395,65.3723,63.0829,60.9529,58.2087,55.3700,50.7559,42.8813,31.3244,19.9381,8.7120
53.947,0.030395546164525774,0.9162410647592868,9.143320035754363e-29,3,154.46,0.0184087,-0.0394357,14686.8,0.0,8.0192,16.2429,24.4165,117.1580,91.1812,79.9925,74.5585,70.1798,67.3542,64.7522,62.3482,60.1208,57.2639,54.3238,49.5774,42.1013,31.7064,21.1828,9.0035
54.066,0.057992614930713435,0.9172681543208834,1.075702458886465e-29,4,157.374,0.0585194,-0.0749458,12248.7,0.0,7.4517,14.2847,20.9399,128.4960,100.6630,88.3984,82.3711,77.4040,74.0337,70.8123,67.7403,64.8847,61.2762,57.6242,51.8571,43.2851,33.4505,23.4617,9.7383
54.167,0.019003020060496176,0.919689452245367,1.807933122650482e-30,4,159.037,0.114463,-0.0949529,12227.9,0.0,6.8917,12.9200,19.2315,133.1130,104.6070,91.9364,85.6799,80.5080,76.9913,73.6230,70.4044,67.3349,63.2864,59.1443,52.7047,43.3558,33.5420,24.2636,10.4993
54.287,0.00498152769073871,0.9239711928631594,2.1270152394670653e-31,4,162.349,0.198825,-0.103534,12346.8,0.0,6.1915,12.0305,19.3962,129.7720,101.6320,89.1978,83.0789,78.0325,74.6068,71.3314,68.2052,65.2283,61.3067,57.1757,50.7082,41.4248,31.8950,23.7895,11.2402
54.390,0.06774396752495127,0.9332882711024,3.5748745129722977e-32,4,164.934,0.27624,-0.10017,12657.3,0.0,5.7019,11.9424,23.6140,123.8940,96.4805,84.4992,78.6404,73.8273,70.5709,67.4644,64.5079,61.6981,58.0061,54.1187,47.9409,39.0973,30.0492,22.7699,11.4867
54.490,0.08772778407257602,0.9385820100498344,6.0082915939525395e-33,4,167.466,0.344411,-0.089505,12813.4,0.0,5.2058,10.9933,20.9875,140.6100,109.3830,96.1905,89.6391,84.2034,80.4962,76.9383,73.5314,70.2756,65.9713,61.4094,53.8411,42.3847,31.3504,23.2011,11.9400
54.609,0.022997312227921368,0.9442519061143788,7.0686949773692236e-34,4,170.492,0.410019,-0.0637081,13086.7,0.0,4.7896,10.5663,20.1425,160.6010,120.1860,106.1550,99.1400,93.2750,89.2505,85.3671,81.6293,78.0396,73.2656,68.1717,59.6447,46.2658,32.7758,23.4798,12.1843
54.725,0.00602860741667622,0.9489165021451976,8.316248953925116e-35,4,173.646,0.440687,-0.0107291,13323.1,0.0,4.7828,11.8787,22.5453,158.9130,117.1940,103.2970,96.4514,90.7414,86.8291,83.0605,79.4386,75.9648,71.3524,66.4391,58.2317,45.3773,31.9749,22.7032,11.8546
54.844,0.06640119403677718,0.9507720601164756,9.783983731803359e-36,4,176.647,0.422525,0.0332558,13729.4,0.0,5.1658,12.6860,22.6656,173.7820,120.5180,105.3430,98.4309,92.6577,88.6978,84.8801,81.2064,77.6794,72.9910,67.9884,59.6137,46.4524,32.4979,22.5874,11.4717
54.948,0.021758343261971146,0.9521822249870917,1.644394145804191e-36,4,179.073,0.380935,0.0348527,14187.7,0.0,5.4460,12.7021,21.3837,55.7098,129.7110,111.3410,103.5480,97.5275,93.4256,89.4601,85.6348,81.9534,77.0435,71.7863,62.9398,48.9320,34.0047,23.1237,11.3297
55.067,0.005703819136066164,0.9537146685151412,1.9346132685971732e-37,4,182.654,0.342412,0.0224645,13953.5,0.0,5.7095,12.9682,21.2299,200.0000,131.1790,111.2280,102.9080,96.6016,92.5315,88.6262,84.8609,81.2387,76.4114,71.2455,62.5568,48.7967,34.0878,23.2194,11.1432
55.185,0.06459241030391742,0.9548693190788581,2.2760531643718883e-38,4,185.841,0.316339,0.0192544,14205.0,0.0,5.9161,13.3483,22.1233,200.0000,124.7360,105.3960,97.3699,91.3017,87.4110,83.7165,80.1656,76.7581,72.2320,67.4061,59.3259,46.5949,32.9701,22.7718,10.9605
55.285,0.03575875993039391,0.9558980491788852,3.825362553359833e-39,4,188.422,0.304739,-0.00372965,14420.8,0.0,5.8776,12.7190,20.5188,200.0000,140.9670,114.6430,104.6230,97.2050,92.5270,88.2853,84.4219,80.8515,76.1082,71.0328,62.4968,48.9601,34.4158,23.5748,11.1126
55.388,0.026242970583597723,0.957658180567437,6.42928684343187e-40,4,191.054,0.30862,-0.0195621,14539.6,0.0,5.7556,12.3108,19.7165,45.9118,169.9310,120.9900,109.2250,100.6750,95.3519,90.5712,86.2519,82.3330,77.4152,72.2856,63.6441,49.8979,35.0759,24.0061,11.2874
55.504,0.10215354664240914,0.9593752976491702,7.563991678429162e-41,4,194.11,0.328761,-0.0262235,14809.7,0.0,5.5789,11.9735,19.2292,45.0361,190.1810,127.3470,112.8370,103.0870,97.1039,91.7823,87.0205,82.7342,77.4070,72.1133,63.5730,49.9833,35.2805,24.2377,11.4540
55.606,0.04502501789978462,0.9605383787836801,1.2712800813935894e-41,5,196.534,0.353439,-0.0467761,15046.7,0.0,5.2692,10.8660,16.6636,29.9188,200.0000,196.8400,169.8480,133.4170,119.7450,110.8660,103.5760,97.1928,89.4829,82.0595,71.0461,55.4842,38.6247,26.0474,11.9139
55.709,0.014753797865401425,0.9606484425223363,2.136640432798206e-42,5,196.537,0.386673,-0.0501054,13465.9,0.0,4.9819,10.1964,15.4944,26.8807,200.0000,200.0000,195.3430,173.4600,153.2910,126.4820,113.8080,105.3970,95.9346,87.0224,74.1471,57.2416,39.8854,26.8729,12.2455
55.827,0.0038676195876277907,0.9632458874259503,2.5137361027827617e-43,5,199.064,0.428462,-0.0375255,13598.8,0.0,4.6959,9.8109,15.2031,27.8619,200.0000,200.0000,194.9810,174.0120,156.8020,130.9950,113.2020,103.5390,93.8354,84.8326,71.9311,55.2468,39.0114,26.6828,12.4457
55.945,0.0010138732691790994,0.9638304170227633,2.9573853875628915e-44,5,201.549,0.459223,-0.020963,13763.6,0.0,4.5133,9.7144,15.5319,32.1373,200.0000,200.0000,188.0150,167.6590,151.1670,127.6290,108.3900,98.6745,89.2401,80.6221,68.2930,52.3845,37.4540,26.0598,12.4992
56.065,0.0002657807942756859,0.9644655229493903,3.4793343346138666e-45,5,204.014,0.472636,-0.0036152,13911.8,0.0,4.4773,9.9746,16.6132,50.3000,200.0000,200.0000,179.9810,160.2790,144.3130,122.1950,102.8760,93.3392,84.2491,76.0915,64.4296,49.3952,35.6040,25.1684,12.4003
56.168,0.06658804655051201,0.9646172246694312,5.847717216185527e-46,5,206.046,0.468953,0.0105006,14027.9,0.0,4.5743,10.5118,18.2682,72.9169,200.0000,200.0000,174.0270,154.8640,139.5040,119.1310,98.9539,89.3219,80.3570,72.5313,61.3600,46.9875,33.9434,24.2736,12.2049
56.269,0.045061383348071776,0.9646669342890541,9.828258325243015e-47,5,207.888,0.460683,-0.00745041,14205.7,0.0,4.5616,10.0888,16.6647,39.2901,118.3260,200.0000,200.0000,200.0000,189.0200,172.7030,158.9870,145.6090,122.9670,92.2342,72.3645,52.3646,36.0098,25.2156,12.3465
56.383,0.011812571276396925,0.9646848109316448,1.1562847637065158e-47,5,210.186,0.460851,-0.0073827,14339.8,0.0,4.5604,10.0876,16.6652,35.6968,92.4800,200.0000,200.0000,200.0000,200.0000,200.0000,183.0080,167.0910,148.8460,127.3490,81.0940,55.2729,36.7419,25.2343,12.3471
56.484,0.003870743355849744,0.9646890809554565,1.9433678023615413e-48,5,212.097,0.458939,0.00448197,14456.1,0.0,4.6321,10.5107,17.9064,37.8065,88.1118,200.0000,200.0000,200.0000,200.0000,200.0000,184.6770,168.0270,149.2120,129.9350,83.6346,54.6812,36.0862,24.6703,12.1915
56.584,0.0012683651828448443,0.964690480156859,3.266218265429043e-49,5,213.989,0.446426,0.0186765,14553.4,0.0,4.8104,11.2723,19.3585,40.5126,85.8629,200.0000,200.0000,200.0000,200.0000,200.0000,182.0370,165.3980,146.6490,128.5830,86.3145,53.5062,35.2127,24.0312,11.9285
56.684,0.00041561790311459864,0.9637497765377996,5.489533038706593e-50,5,215.846,0.419912,0.0337831,14635.0,0.0,5.1239,12.1521,20.8411,43.4632,83.9573,200.0000,200.0000,200.0000,200.0000,197.7770,177.7410,161.4030,143.0160,125.8800,89.9743,52.1161,34.2546,23.3608,11.5881
56.789,0.00013618967449259168,0.9579812806821562,9.226258178154172e-51,5,217.615,0.379635,0.0422942,14760.4,0.0,5.5015,13.0466,22.3732,46.5911,82.4187,200.0000,200.0000,200.0000,200.0000,191.8330,172.3900,156.5390,138.7000,122.3880,90.8105,50.7706,33.2331,22.6631,11.2413
56.907,3.570130603018595e-05,0.9518542018743931,1.0854600484016602e-51,5,219.654,0.328166,0.042319,14919.6,0.0,5.9581,14.1303,24.2330,48.8046,81.3620,200.0000,200.0000,200.0000,200.0000,184.4760,165.7850,150.5450,133.3940,117.9380,90.2176,49.5659,31.9902,21.8162,10.8217
57.008,1.1698603959971331e-05,0.949758510651451,1.8243327033486706e-52,6,220.897,0.284934,0.0423381,13765.1,0.0,6.3416,15.0405,25.7953,49.4558,81.4678,200.0000,200.0000,200.0000,200.0000,178.3040,160.2430,145.5150,128.9400,114.0920,88.9590,49.0291,30.9466,21.1051,10.4693
57.123,0.03720363798780523,0.9489369883755889,2.146309182162678e-53,6,220.871,0.233433,0.039683,13755.2,0.0,6.7788,15.9812,27.1637,48.3058,79.4132,200.0000,200.0000,200.0000,200.0000,177.0560,158.5480,143.5540,126.7820,111.8670,89.1017,50.3910,30.1509,20.3973,10.0743
57.228,0.01928569948659402,0.949435059069663,3.607301842460813e-54,6,222.134,0.197093,0.0258552,13824.4,0.0,6.9961,16.0040,26.0174,43.1444,65.2746,193.4040,200.0000,200.0000,200.0000,200.0000,200.0000,163.3300,141.3120,122.4680,97.8858,60.2470,31.6065,20.5368,9.9049
57.329,0.01537681533601713,0.9502006106246971,6.062792206623888e-55,6,223.384,0.170803,0.0178391,13896.7,0.0,7.1649,16.0656,25.1534,39.8339,58.6283,180.7760,193.2120,200.0000,200.0000,200.0000,200.0000,200.0000,150.4830,128.7360,101.3340,65.8459,33.2678,20.7246,9.7620
57.445,0.017629978756883626,0.9500904193403505,7.132814403170938e-56,6,224.858,0.150106,0.00900906,13991.1,0.0,7.2746,15.6866,23.6702,35.9015,51.7666,161.9380,179.7850,188.9500,195.1050,200.0000,200.0000,200.0000,200.0000,137.2820,105.7720,70.6425,36.8961,21.5126,9.6854
57.568,0.0207010402617465,0.9513144083563068,8.391684817186579e-57,6,226.331,0.14385,-0.00983745,14044.7,0.0,7.1581,14.7478,21.5278,31.4451,44.4133,61.5426,162.9810,174.0550,180.2600,186.1070,192.3260,198.9900,200.0000,153.1460,114.1210,75.5469,42.2276,23.3357,9.8777
57.686,0.026412892867985274,0.9513702384829056,9.872733270571839e-58,6,227.705,0.169724,-0.038441,14137.8,0.0,6.7596,13.3348,18.8976,26.8382,37.1181,48.3379,63.5194,156.1130,163.8730,170.1320,175.7580,181.5320,190.3080,200.0000,127.9250,80.9456,47.2871,26.5603,10.4208
57.808,-0.027187339357702362,0.9530789658124877,1.1615171965495066e-58,6,229.044,0.231939,-0.0665229,14263.9,0.0,6.1016,11.5840,16.0190,22.4725,30.6074,38.6082,46.4069,67.9470,145.3510,153.7500,160.0930,165.6650,173.2920,182.9330,200.0000,87.5535,51.6391,29.9266,11.3409
57.928,-0.03039893813546553,0.9527001816326988,1.3665133665685293e-59,6,230.418,0.315816,-0.0544561,14368.5,0.0,5.4950,10.6760,15.3400,23.2246,36.3738,97.9253,145.0940,153.5350,158.7700,163.9480,169.4880,175.4300,184.5090,196.1450,106.5780,71.3567,45.4970,28.5671,11.9397
58.044,-0.007968899238583477,0.9538131024295472,1.6076893106342092e-60,6,231.913,0.400314,-0.0594218,14452.8,0.0,4.8257,9.6610,14.2995,22.8808,42.4204,134.3080,144.0680,151.1190,156.0430,161.3130,166.9640,173.0390,182.3500,194.3370,96.4339,66.2263,43.4793,28.3904,12.5203
58.145,-0.002611248902499034,0.9552583055291141,2.7020434243829163e-61,6,233.189,0.461924,-0.0471357,14567.9,0.0,4.3772,8.9273,13.4222,22.1405,48.0782,128.4560,137.6000,144.3350,149.0190,154.0260,159.3950,165.1630,174.0020,185.3730,95.1926,65.1536,42.8728,28.5091,12.8945
58.267,-0.0006845232322967066,0.9549655742602491,3.178927068352257e-62,6,234.85,0.514404,-0.0313485,14623.7,0.0,4.0080,8.3888,12.9132,22.4461,58.9291,122.1770,130.4390,136.7290,141.1560,145.8880,150.9620,156.4130,164.7620,175.5010,92.7525,63.3882,41.6719,28.1974,13.1350
58.383,-0.00017944365820718786,0.9559501662020038,3.7399759066457475e-63,6,236.485,0.544932,-0.0149043,14700.2,0.0,3.8155,8.2253,13.0391,24.5438,70.9624,116.1050,123.5290,129.3600,133.5470,138.0240,142.8240,147.9800,155.8800,166.0400,89.8022,61.3707,40.3447,27.5068,13.1770
58.487,-5.8800097921331314e-05,0.9561016352266977,6.28577750629951e-64,6,237.819,0.553792,-0.00117714,14787.9,0.0,3.7925,8.3987,13.7128,27.9020,80.8747,110.8750,117.6830,123.1510,127.1360,131.3970,135.9650,140.8720,148.3890,158.0570,87.3749,59.6987,39.2390,26.7580,13.0751
58.587,-1.9267616086861845e-05,0.9555489248467093,1.0564506254837584e-64,6,239.135,0.547414,0.0126864,14867.5,0.0,3.9018,8.9008,15.0653,31.4024,88.9794,105.5700,111.8150,116.9350,120.7170,124.7630,129.0990,133.7590,140.8960,150.0750,84.8871,57.9957,38.1180,25.9928,12.8512
58.688,-6.313612439342889e-06,0.9553678127093947,1.775576566250553e-65,6,240.42,0.525569,0.0266306,14938.6,0.0,4.1512,9.7719,16.7553,34.9216,87.0015,100.1760,105.9010,110.6870,114.2670,118.0960,122.2010,126.6110,133.3660,142.0540,83.1145,56.2807,36.9898,25.2230,12.5100
58.806,-1.6550756192991024e-06,0.9565374855980165,2.0889480744281133e-66,6,241.903,0.478661,0.0422265,15033.4,0.0,4.6230,10.9616,18.7944,39.1684,82.6977,93.5938,98.7438,103.1470,106.4840,110.0520,113.8770,117.9860,124.2810,132.3760,150.8820,54.2097,35.6278,24.2940,12.0490
58.928,-4.338681431455439e-07,0.9520328876246065,2.4576265200839313e-67,6,243.38,0.421721,0.0422351,15132.5,0.0,5.1280,12.1591,20.8481,43.4507,77.6436,86.9096,91.5300,95.5695,98.6610,101.9680,105.5110,109.3190,115.1510,122.6520,139.7990,52.1196,34.2548,23.3580,11.5849
59.044,-1.1373593051674546e-07,0.3852271592934649,0.4141348571777344,6,243.366,0.364515,0.0422556,14904.1,0.0,5.6354,13.3629,22.9132,47.7616,72.1676,80.1371,84.2636,87.9579,90.8035,93.8466,97.1085,100.6130,105.9820,112.8860,128.6700,50.0163,32.8738,22.4169,11.1185
59.144,-3.726898971172715e-08,0.12623123555728258,0.8338803362722778,6,233.833,0.317724,0.042267,13971.2,0.0,6.0504,14.3473,24.6020,50.8975,67.4940,74.5611,78.3085,81.7344,84.3788,87.2067,90.2380,93.4950,98.4839,104.9000,119.5680,48.2978,31.7451,21.6476,10.7372
59.248,-1.2212302548738751e-08,0.04136345126741035,0.9166064201558559,6,220.132,0.273324,0.0420596,12997.2,0.0,6.4427,15.2704,26.1709,49.8036,62.8836,69.1880,72.5961,75.7695,78.2188,80.8380,83.6454,86.6618,91.2817,97.2228,110.8010,48.0878,30.7003,20.9292,10.3773
59.363,-3.201381839336571e-09,0.01084318056904402,0.9212471345415667,6,203.47,0.223811,0.0414912,11895.2,0.0,6.8774,16.2798,27.8603,46.8618,57.5547,63.0825,66.1340,69.0183,71.2443,73.6247,76.1755,78.9155,83.1114,88.5057,100.8280,142.6340,29.5719,20.1446,9.9790
59.469,-0.09228625875344754,0.003553093408864344,0.8691346357852135,6,190.142,0.185659,0.0420291,11076.0,0.0,7.2196,17.1109,29.3229,44.2697,53.5617,58.5444,61.3497,64.0310,66.1006,68.3139,70.6862,73.2348,77.1382,82.1581,93.6308,137.7660,28.5900,19.4898,9.6632
59.586,-0.024192289014663748,0.0009314221185733346,0.751878390467643,6,175.084,0.142359,0.0438887,10238.6,0.0,7.6189,18.1338,29.8389,41.2338,49.2566,53.6882,56.2656,58.7426,60.6554,62.7019,64.8965,67.2557,70.8714,75.5258,86.1822,132.1690,27.6612,18.6895,9.2944
59.686,-0.016818570299481268,0.00030520839981411027,0.6676239420526936,5,163.552,0.10846,0.0427939,10650.7,0.0,7.9106,18.7811,28.7023,38.3547,45.4725,49.4791,51.8447,54.1174,55.8719,57.7486,59.7605,61.9224,65.2345,69.4956,79.2414,128.1040,29.6437,18.1854,9.0276
59.807,-0.1521274202927447,8.000855076087012e-05,0.6323237566878542,5,150.838,0.0708849,0.0424697,9605.5,0.0,8.2411,19.0578,26.9923,35.1524,41.3727,44.9482,47.0946,49.1563,50.7480,52.4502,54.2751,56.2358,59.2393,63.1026,71.9359,123.4340,110.5050,17.7538,8.7242
59.925,-0.08934587141958128,2.0973761530657535e-05,0.19786576180096005,5,139.36,0.0365339,0.0421106,9128.25,0.0,8.5425,18.4328,25.0896,32.1049,37.5674,40.7721,42.7165,44.5842,46.0256,47.5673,49.2196,50.9948,53.7140,57.2109,65.2034,90.7430,107.8490,18.5714,8.4472
60.045,-0.023421484117414716,5.4981457426926875e-06,0.02327870901012115,4,131.158,0.00441972,0.0436746,9703.97,0.0,8.8021,17.4946,23.2333,29.3587,34.1990,37.1160,38.8964,40.6073,41.9284,43.3418,44.8575,46.4865,48.9833,52.1968,59.5527,83.1525,104.7640,21.1272,8.1850
60.163,-0.19911839978675516,1.4413059175724321e-06,0.002738716836331744,4,128.044,-0.0314275,0.0699736,9464.16,0.0,8.9733,17.2206,22.7069,28.6443,33.5349,36.6908,38.6411,40.5330,42.0058,43.5931,45.3087,47.1686,50.0514,53.8205,62.7065,108.8410,97.4616,22.3464,7.9833
60.267,-0.1639163182578997,4.7228712307013454e-07,0.0004602961386822763,3,126.445,-0.073644,0.0937454,9353.9,0.0,9.5727,19.1523,25.8156,33.7698,41.6149,47.1408,50.7496,54.4025,57.3564,60.6545,64.3602,68.5537,75.4457,105.7880,103.4210,96.9762,49.3297,17.3893,7.4335
60.386,-0.08647023991507512,1.2380723559009736e-07,5.415338041983113e-05,3,124.725,-0.130286,0.101141,11296.4,0.0,10.2089,21.0101,29.2843,41.2366,54.8903,65.8661,73.7527,101.4450,100.7270,99.9658,99.1573,98.2977,96.9988,95.3621,91.7592,80.2149,28.2114,14.8743,6.8855
60.507,-0.06442327028282402,3.245532396653048e-08,6.371091053012712e-06,3,122.823,-0.186481,0.0931227,11128.7,0.0,10.6666,22.1684,32.2962,48.6287,70.2197,96.2111,94.9861,93.8175,92.9208,91.9673,90.9543,89.8750,88.2349,86.1454,81.3146,50.7732,23.5368,13.7042,6.4593
60.624,-0.046122891347005625,8.507968445882166e-09,7.495524912958929e-07,3,121.037,-0.237948,0.0816075,10965.8,0.0,11.0303,23.4004,35.5306,57.2940,91.7559,89.3956,87.9641,86.6000,85.5531,84.4371,83.2459,81.9669,79.9961,77.4065,70.5562,38.3665,20.9390,12.9074,6.0936
60.726,0.08223720480922572,2.787891100346668e-09,1.2597728721210073e-07,3,119.632,-0.273713,0.0600116,10846.7,0.0,11.1270,23.7367,36.5246,60.3133,87.5272,85.0980,83.6328,82.2394,81.1701,80.0336,78.8194,77.5133,75.5004,72.8349,65.4152,36.1743,20.4312,12.8034,5.9118
60.843,0.02155798981750967,7.30828924609277e-10,1.4821101863216441e-08,3,118.097,-0.293444,0.00160569,10653.5,0.0,10.7298,21.8370,32.2733,49.7219,85.4087,83.3769,82.1672,81.0259,80.1603,79.2499,78.2899,77.2748,75.7532,73.8414,69.5667,48.4237,24.0707,14.2392,6.0856
60.946,0.0070641221034015685,2.394780220159679e-10,2.4909825901507878e-09,3,116.842,-0.288503,-0.031585,10580.7,0.0,10.4851,21.0211,30.6852,46.3465,82.5910,80.6956,79.5758,78.5256,77.7312,76.8987,76.0261,75.1092,73.7425,72.0499,68.3835,55.6380,26.1061,15.0875,6.3123
61.047,0.02544371450251645,7.847215825419235e-11,4.18659443926643e-10,3,115.679,-0.267448,-0.0534576,10492.3,0.0,10.2230,20.2455,29.2624,43.5228,79.6804,77.8968,76.8501,75.8735,75.1383,74.3692,73.5660,72.7265,71.4835,69.9555,66.7177,57.5006,28.2929,16.0073,6.5767
61.166,0.03157937045957032,2.0571005453387004e-11,4.925486491852563e-11,3,114.322,-0.232009,-0.0676406,10373.9,0.0,9.8131,19.0159,27.0229,39.1786,76.5012,74.8778,73.9326,73.0563,72.4001,71.7171,71.0055,70.2641,69.1756,67.8513,65.1014,58.0739,32.6056,17.6606,7.0062
61.285,0.008278342489753602,5.3925656535726826e-12,5.794785602799622e-12,3,113.004,-0.187682,-0.0784748,10251.2,0.0,9.3720,17.8738,25.0960,35.7549,73.1269,71.6248,70.7566,69.9558,69.3589,68.7401,68.0984,67.4324,66.4570,65.2805,62.8708,57.0231,37.3220,19.4611,7.5041
61.403,-0.07048583112163948,1.4136287306901572e-12,6.817507313837729e-13,3,111.729,-0.13912,-0.0789431,10137.7,0.0,8.9852,17.1245,24.0319,34.2142,69.2171,67.7694,66.9386,66.1758,65.6095,65.0244,64.4196,63.7942,62.8823,61.7884,59.5715,54.3425,39.6942,20.6620,7.9571
61.504,-0.04969175372983882,4.632178624725508e-13,1.145818454236707e-13,3,110.672,-0.104073,-0.0534633,10039.8,0.0,8.9052,17.6356,25.4899,37.9145,64.5798,63.0469,62.1719,61.3711,60.7776,60.1655,59.5349,58.8857,57.9438,56.8160,54.5442,49.2256,34.6042,19.5776,8.0435
61.604,-0.016282993862193583,1.5178722917500544e-13,1.9257770760356334e-14,3,109.652,-0.0788291,-0.0362523,9947.87,0.0,8.8396,17.9993,26.6128,63.1414,60.3697,58.8062,57.9183,57.1079,56.5100,55.8964,55.2663,54.6189,53.6815,52.5654,50.3329,45.1829,32.0737,18.9877,8.1159
61.705,-0.005335611428763594,4.973763925606578e-14,0.05646972656250323,3,108.673,-0.0601178,-0.0302056,9858.71,0.0,8.7356,17.9694,26.7979,59.5515,56.8064,55.2748,54.4099,53.6243,53.0474,52.4568,51.8520,51.2324,50.3386,49.2808,47.1821,42.4497,31.6322,18.9962,8.2274
61.827,-0.0013986985223818035,1.3038423705142106e-14,0.7490471490966801,3,102.467,-0.0418371,-0.0277737,8487.34,0.0,8.6046,17.7737,26.6007,55.5596,52.8932,51.4252,50.6019,49.8586,49.3149,48.7604,48.1944,47.6166,46.7873,45.8118,43.8969,39.6912,31.1249,19.2154,8.3658
61.927,-0.0004583255318140694,4.272430679700965e-15,0.8657758879790501,2,93.6817,-0.0285552,-0.0273069,9360.97,0.0,8.4987,17.5690,26.3679,52.5477,49.9586,48.5478,47.7611,47.0538,46.5382,46.0135,45.4797,44.9362,44.1590,43.2487,41.4764,37.6562,30.3287,19.4529,8.4776
62.045,-0.0001201472882118674,1.1199920680995295e-15,0.8884875348307115,2,83.3815,-0.0142982,-0.0275615,5458.95,0.0,8.3789,17.3137,52.9128,49.3113,46.8165,45.4723,44.7276,44.0611,43.5768,43.0855,42.5870,42.0812,41.3605,40.5203,38.8984,35.4663,29.1992,19.7543,8.6043
62.163,-3.149589072101176e-05,2.9359920069988304e-16,0.8757444784722369,2,73.3843,-0.00174626,-0.0278457,5235.99,0.0,8.2730,17.0865,49.9860,46.4419,44.0358,42.7527,42.0458,41.4158,40.9593,40.4974,40.0301,39.5572,38.8856,38.1058,36.6110,33.4952,28.0018,20.0241,8.7165
62.266,-1.0320573471461134e-05,9.62065860853377e-17,0.8516368017429226,2,64.9335,0.0074629,-0.0278409,5235.99,0.0,8.1969,16.9297,47.8102,44.3150,41.9768,40.7395,40.0607,39.4575,39.0215,38.5811,38.1364,37.6873,37.0512,36.3146,34.9097,32.0122,27.0158,20.0642,8.7969
62.384,-2.7054764121027076e-06,2.5219979302754766e-17,0.4127291549931603,2,55.4288,0.0170986,-0.0277312,5235.99,0.0,8.1182,16.7776,45.5200,42.0839,39.8197,38.6312,37.9823,37.4073,36.9927,36.5749,36.1537,35.7293,35.1297,34.4374,33.1239,30.4431,25.9148,19.8258,8.8800
62.504,-7.092244085742521e-07,6.611266254341346e-18,0.04855717235579031,2,46.2193,0.025188,-0.027438,5235.99,0.0,8.0536,16.9073,43.5755,40.1951,37.9955,36.8490,36.2255,35.6745,35.2780,34.8790,34.4776,34.0738,33.5045,32.8489,31.6101,29.1036,24.9361,19.4623,8.9479
62.604,0.10032897693030379,2.1663797262225723e-18,0.008161003957837677,2,45.088,0.03187,-0.0320686,5235.99,0.0,7.9636,17.0031,42.2914,38.9772,36.8385,35.7292,35.1273,34.5961,34.2143,33.8307,33.4451,33.0578,32.5126,31.8854,30.7030,28.3241,24.4034,19.3129,9.0505
62.705,0.09751828525452134,7.098793086886126e-19,0.0013716199351937789,2,44.9301,0.0423475,-0.0478604,5235.99,0.0,7.7634,16.4006,41.4152,38.2110,36.1549,35.0927,34.5174,34.0092,33.6441,33.2776,32.9096,32.5402,32.0210,31.4246,30.2994,28.0435,24.3384,19.5385,9.3002
62.805,0.0802693505588037,2.326132518710846e-19,0.00023052816250801846,2,44.8527,0.0560067,-0.061838,5235.99,0.0,7.5575,16.0132,40.4652,37.3606,35.3794,34.3601,33.8092,33.3232,32.9739,32.6230,32.2712,31.9184,31.4229,30.8546,29.7846,27.6419,24.1391,19.6173,9.5702
62.925,0.08035477130064173,6.097816829849361e-20,2.7121407790905864e-05,2,44.7791,0.0753963,-0.0761975,5235.99,0.0,7.3102,15.9902,39.2295,36.2316,34.3316,33.3589,32.8346,32.3729,32.0415,31.7088,31.3749,31.0403,30.5710,30.0338,29.0249,27.0101,23.7354,19.5295,9.9080
63.045,0.08988483316257039,1.598506095044031e-20,3.1908065051922843e-06,2,44.7085,0.0984281,-0.0912188,5235.99,0.0,7.0382,16.6308,38.0032,35.1100,33.2879,32.3596,31.8605,31.4217,31.1072,30.7919,30.4757,30.1589,29.7143,29.2060,28.2539,26.3596,23.2957,19.3767,10.2820
63.163,0.30802770637685656,4.190387817792224e-21,3.753951945293671e-07,2,44.5807,0.127522,-0.119538,5235.99,0.0,6.6569,15.3916,37.1770,34.4222,32.6857,31.8042,31.3310,30.9156,30.6181,30.3200,30.0215,29.7224,29.3032,28.8233,27.9233,26.1374,23.2473,19.5430,10.7568
63.265,0.10093451882556834,1.373106280134156e-21,6.309267034455073e-08,2,44.5494,0.161064,-0.152983,5235.99,0.0,6.2405,13.3582,36.7619,34.1513,32.4914,31.6497,31.1984,30.8023,30.5188,30.2350,29.9507,29.6662,29.2674,28.8112,27.9556,26.2513,23.4881,19.9225,11.2550
63.384,0.02645937850300978,3.599515726994882e-22,7.42278957336605e-09,2,44.5173,0.203166,-0.165892,5235.99,0.0,5.8824,14.6118,35.4416,32.9207,31.3285,30.5240,30.0938,29.7168,29.4473,29.1777,28.9081,28.6385,28.2611,27.8302,27.0238,25.4232,22.8425,19.5297,11.4393
63.485,0.18737141278351077,1.1794893134216829e-22,1.2475482435956324e-09,2,44.4848,0.238472,-0.171046,5235.99,0.0,5.6618,37.2060,34.1733,31.7114,30.1698,29.3944,28.9806,28.6186,28.3601,28.1018,27.8438,27.5860,27.2256,26.8147,26.0476,24.5316,22.1013,19.0040,11.4553
63.604,0.21374087278155188,3.091960465776136e-23,1.4677280331078258e-10,2,44.3722,0.289933,-0.210889,5235.99,0.0,5.2515,36.3825,33.5508,31.2278,29.7707,29.0311,28.6368,28.2921,28.0461,27.8003,27.5549,27.3099,26.9675,26.5774,25.8498,24.4142,22.1054,19.1492,11.8070
63.706,0.15535255427265265,1.0131736054255242e-23,2.4668105052443233e-11,2,44.3878,0.337198,-0.203029,5235.99,0.0,4.9351,35.5782,32.8895,30.6757,29.2854,28.5796,28.2009,27.8698,27.6337,27.3979,27.1625,26.9276,26.5996,26.2260,25.5300,24.1594,21.9584,19.1328,12.0290
63.823,0.30101273135324025,2.655973816206686e-24,2.902177891314894e-12,2,44.4058,0.388704,-0.184233,5235.99,0.0,4.6157,34.4931,31.9424,29.8461,28.5260,27.8584,27.5008,27.1872,26.9629,26.7384,26.5144,26.2910,25.9792,25.6245,24.9647,23.6686,21.5961,18.9348,12.1855
63.945,0.23122877627274074,6.962476000756857e-25,3.414383267353061e-13,2,44.4109,0.441475,-0.185692,5235.99,0.0,4.2019,33.7702,31.4629,29.5282,28.2940,27.6660,27.3298,27.0351,26.8244,26.6136,26.4026,26.1915,25.8960,25.5583,24.9273,23.6882,21.7079,19.1569,12.5449
64.062,0.17271145388615933,1.8251713087424054e-25,4.0169877702082025e-14,2,44.5575,0.491033,-0.170539,5235.99,0.0,3.8699,32.7505,30.6067,28.7941,27.6424,27.0516,26.7341,26.4562,26.2575,26.0589,25.8603,25.6617,25.3839,25.0666,24.4733,23.2984,21.4226,19.0143,12.7110
64.163,0.15498291354732294,5.980721344487113e-26,6.751351345388926e-15,2,44.678,0.52763,-0.149269,5235.99,0.0,3.6549,31.7714,29.7162,27.9893,26.8949,26.3357,26.0346,25.7696,25.5802,25.3910,25.2018,25.0129,24.7487,24.4474,23.8847,22.7709,20.9860,18.7047,12.7292
64.266,0.14430771724598757,1.959762770161537e-26,1.1346996206195167e-15,2,44.8286,0.559275,-0.123624,5235.99,0.0,3.4840,30.7636,28.7735,27.1272,26.0850,25.5548,25.2698,25.0194,24.8400,24.6601,24.4799,24.3001,24.0488,23.7626,23.2288,22.1755,20.4826,18.3252,12.6893
64.383,0.21763697243693647,5.13740051621226e-27,1.3349627566626554e-16,2,45.021,0.589849,-0.092192,5235.99,0.0,3.3434,29.5503,27.6187,26.0661,25.0822,24.5841,24.3171,24.0828,23.9152,23.7473,23.5792,23.4110,23.1752,22.9059,22.4046,21.4190,19.8380,17.8205,12.5838
64.485,0.25657832249505524,1.6834234011524332e-27,2.2436719051229248e-17,2,45.1714,0.611971,-0.0729697,5235.99,0.0,3.2195,28.7242,26.8188,25.3615,24.4303,23.9589,23.7066,23.4855,23.3274,23.1692,23.0109,22.8526,22.6308,22.3774,21.9027,20.9657,19.4678,17.5425,12.5519
64.606,0.2795047743693352,4.4129934407170335e-28,2.6396575596580696e-18,2,45.3877,0.634717,-0.0552142,5235.99,0.0,3.0908,27.8568,25.9083,24.5628,23.7059,23.2658,23.0300,22.8236,22.6761,22.5286,22.3812,22.2338,22.0276,21.7922,21.3518,20.4775,19.0681,17.2534,12.5180
64.725,0.34712890272588887,1.1568397525233264e-28,3.105530722362122e-19,2,45.572,0.654319,-0.0386208,5241.28,0.0,2.9747,27.1532,25.0446,23.8007,23.0177,22.6167,22.4004,22.2100,22.0733,21.9361,21.7986,21.6612,21.4691,21.2500,20.8408,20.0303,18.7127,17.0036,12.4879
64.843,0.3723854539652154,3.032586000854749e-29,3.653625839551813e-20,2,45.7542,0.672557,-0.0317305,5262.72,0.0,2.8448,26.7603,24.3861,23.1241,22.4121,22.0485,21.8528,21.6806,21.5571,21.4332,21.3089,21.1843,21.0092,20.8083,20.4297,19.6758,18.4535,16.8415,12.5010
64.944,0.3783988689689155,9.937177807600842e-30,6.140648948534732e-21,2,45.9085,0.686539,-0.0220054,5280.4,0.0,2.7492,26.5739,23.9419,22.5506,21.8623,21.5269,21.3466,21.1881,21.0745,20.9605,20.8463,20.7318,20.5711,20.3869,20.0401,19.3430,18.1946,16.6805,12.4995
65.053,0.37489639234832556,3.2562144239946434e-30,1.0320588687802327e-21,2,46.0529,0.700085,-0.0128544,5297.06,0.0,2.6654,26.5605,23.5949,22.0366,21.2708,20.9285,20.7562,20.6103,20.5064,20.4022,20.2978,20.1933,20.0466,19.8786,19.5629,18.9298,17.8771,16.4643,12.4894
65.167,0.3709170379595876,1.0669963424545646e-30,1.7345813407589377e-22,2,46.1935,0.710591,0.00440567,5313.03,0.0,2.6255,26.6858,23.3316,21.5882,20.7337,20.3517,20.1593,19.9970,19.8845,19.7747,19.6677,19.5633,19.4214,19.2652,18.9776,18.4025,17.4511,16.1552,12.4326
65.278,0.36577479017615655,0.006964599609375,2.9153108594135474e-23,2,46.2843,0.717342,0.02302,5324.58,0.0,2.6233,27.0381,23.2096,21.2517,20.2977,19.8720,19.6576,19.4768,19.3515,19.2292,19.1099,18.9935,18.8353,18.6611,18.3525,17.7998,16.9393,15.7745,12.3309
65.386,0.37182159319731356,0.057512564296875,4.89976296141635e-24,2,46.4546,0.71891,0.0432398,5356.78,0.0,2.6860,28.7282,23.2116,21.0075,19.9431,19.4698,19.2317,19.0311,18.8921,18.7565,18.6243,18.4953,18.3200,18.1270,17.7850,17.1725,16.3321,15.2868,12.1660
65.493,0.38586754055466993,0.08491830886567499,8.235031609252461e-25,2,46.7266,0.716487,0.0621368,5397.46,0.0,2.8452,52.7335,23.4653,20.9453,19.7443,19.2130,18.9464,18.7221,18.5667,18.4153,18.2678,18.1239,17.9286,17.7136,17.3331,16.6522,15.7194,14.7302,11.9419
65.608,0.40878333411461903,0.09148774238660438,1.384061762567061e-25,2,47.0663,0.707745,0.0958154,5440.49,0.0,3.1822,48.2811,24.4150,21.1569,19.7728,19.1653,18.8616,18.6065,18.4301,18.2585,18.0914,17.9286,17.7079,17.4653,17.0367,16.2719,15.2262,14.1365,11.6601
65.723,0.4145257292670049,0.09018296123774253,2.3261926043464593e-26,2,47.3841,0.690804,0.130271,5475.81,0.0,4.2014,43.8597,49.9261,21.6959,20.0612,19.3535,19.0012,18.7063,18.5029,18.3052,18.1131,17.9263,17.6734,17.3961,16.9077,16.0402,14.8609,13.6334,11.3015
65.829,0.40667359959195637,0.08986082070713347,3.9096319101250935e-27,2,47.7465,0.662299,0.192365,5522.72,0.0,7.2710,39.4442,45.3236,49.4512,20.8258,19.8926,19.4725,19.1222,18.8814,18.6479,18.4215,18.2019,17.9053,17.5812,17.0128,16.0107,14.6619,13.2683,10.8549
65.943,0.3881932486292727,0.09173396091681349,6.570918351347246e-28,2,48.1095,0.616366,0.265393,5559.36,0.0,8.5312,35.4421,41.0860,45.0683,47.4540,22.7316,20.7983,19.9842,19.5555,19.1985,18.8910,18.6203,18.2716,17.8920,17.2300,16.0739,14.5380,12.9706,10.2959
66.075,0.35712391149010214,0.09424464807557716,7.730619731176521e-29,2,48.5922,0.531165,0.391409,5630.71,0.0,8.8627,30.5914,35.8942,39.6699,41.9422,43.0817,43.6908,44.2247,44.6067,44.9890,45.3715,45.7543,46.2911,21.3655,18.4226,16.6210,14.7462,12.8794,9.7030
66.188,0.22558016111330126,0.09509945932828012,1.2992852582188378e-29,2,48.9963,0.437711,0.405262,5660.39,0.0,9.0925,27.2850,32.2352,35.8036,37.9665,39.0540,39.6366,40.1477,40.5135,40.8798,41.2466,41.6138,42.1293,42.7203,43.8334,18.1813,14.9576,12.8372,9.2894
66.322,0.040353309502829,0.11505453274427765,1.5285961134418807e-30,2,49.5649,0.3299,0.374014,5737.78,0.0,10.0546,25.1660,29.6598,32.9683,34.9945,36.0207,36.5710,37.0541,37.4006,37.7481,38.0967,38.4464,38.9373,39.5005,40.5631,42.7167,14.6295,12.3042,8.7057
66.423,0.00216691769602762,0.1396823837427699,2.5691114878617696e-31,2,50.1262,0.239232,0.369156,5808.17,0.0,11.2621,24.2354,28.3754,31.4782,33.3974,34.3743,34.8995,35.3612,35.6926,36.0254,36.3596,36.6950,37.1668,37.7087,38.7329,40.8172,14.1324,11.5312,8.1295
66.524,-0.006302169879365669,0.18656445748920583,4.3179056776492763e-32,2,50.8527,0.146821,0.369608,5910.87,0.0,12.1515,23.4495,27.2663,30.1749,31.9912,32.9204,33.4211,33.8620,34.1788,34.4973,34.8175,35.1392,35.5921,36.1131,37.0997,39.1158,13.7764,10.6656,7.5218
66.626,-0.0025813687825881775,0.2348859131157037,1.0367291532035913e-32,2,51.6424,0.0714967,0.369921,6019.23,0.0,12.5696,22.7832,26.3559,29.1129,30.8475,31.7383,32.2192,32.6433,32.9483,33.2552,33.5639,33.8744,34.3118,34.8157,35.7715,37.7310,14.3748,9.9962,7.0268
66.731,-0.0008458629226784939,0.2875287206972538,1.742430687789276e-33,2,52.8969,-0.0245614,0.369656,6220.46,0.0,12.8397,21.8828,25.1643,27.7342,29.3661,30.2081,30.6638,31.0663,31.3562,31.6482,31.9422,32.2381,32.6556,33.1373,34.0529,35.9380,39.2354,9.3018,6.3976
66.838,-0.07740007785588611,0.3138470010418261,2.9285032569674354e-34,2,54.4469,-0.124182,0.37529,6383.68,0.0,12.9995,21.0722,24.0936,26.4918,28.0290,28.8256,29.2576,29.6400,29.9159,30.1940,30.4742,30.7565,31.1553,31.6161,32.4939,34.3091,37.5071,8.7304,5.7301
66.941,-0.03170307188977095,0.32438874334548196,7.031336319978813e-35,2,55.7885,-0.208596,0.383916,6549.1,0.0,13.0612,20.4741,23.3084,25.5806,27.0477,27.8101,28.2247,28.5923,28.8577,29.1254,29.3953,29.6675,30.0523,30.4972,31.3468,33.1097,36.2336,8.3751,5.1586
67.045,-0.010388462596840146,0.3344755627944475,1.1817566952988393e-35,2,57.5915,-0.31804,0.387999,6777.19,0.0,12.9183,19.5074,22.0958,24.1977,25.5668,26.2816,26.6715,27.0177,27.2680,27.5207,27.7758,28.0332,28.3976,28.8197,29.6276,31.3116,34.3194,8.7910,4.4587
67.151,-0.18443462343769745,0.3428088762446096,1.9861784777887598e-36,2,59.5716,-0.429858,0.348899,7014.95,0.0,12.6288,18.4494,20.7991,22.7310,24.0004,24.6663,25.0307,25.3548,25.5893,25.8263,26.0659,26.3079,26.6509,27.0489,27.8126,29.4122,32.2933,36.8294,3.9607
67.255,-0.42943264066418185,0.3483825988959587,3.338170167619568e-37,2,61.011,-0.521231,0.246964,7944.34,0.0,12.6424,18.1581,20.4303,22.3176,23.5640,24.2218,24.5820,24.9026,25.1347,25.3693,25.6066,25.8467,26.1875,26.5838,27.3459,28.9454,31.8464,36.5940,3.5365
67.372,-0.28182324711582346,0.35144380102185274,5.610462600718208e-38,2,63.1208,-0.585621,0.218723,7891.23,0.0,13.0642,18.8622,21.2842,23.3068,24.6477,25.3565,25.7451,26.0912,26.3417,26.5953,26.8519,27.1117,27.4806,27.9096,28.7353,30.4719,33.6918,39.9635,3.0881
67.480,-0.1913609201467294,0.3508070148750907,9.429504493027093e-39,2,65.413,-0.63467,0.130589,7715.31,0.0,12.8853,18.3724,20.7122,22.6836,24.0004,24.6980,25.0814,25.4235,25.6717,25.9230,26.1775,26.4352,26.8014,27.2274,28.0494,29.7859,33.1794,40.0648,2.9033
67.591,-0.14816028480365684,0.3526237336498947,1.584816820143064e-39,2,67.4544,-0.663667,0.0346257,7924.85,0.0,12.5191,17.5510,19.7438,21.6104,22.8648,23.5330,23.9010,24.2297,24.4683,24.7102,24.9552,25.2036,25.5569,25.9690,26.7660,28.4579,31.9031,39.0039,2.9211
67.696,-0.267884708501925,0.3548092235580225,2.6636016296144475e-40,2,69.6478,-0.665792,-0.0410908,8169.83,0.0,12.1092,16.7581,18.8269,20.6049,21.8090,22.4528,22.8079,23.1254,23.3561,23.5903,23.8279,24.0691,24.4127,24.8139,25.5910,27.2816,30.8496,38.3534,3.1801
67.804,-0.3294923337107045,0.3546790719223678,4.4767152588930014e-41,2,71.7309,-0.646677,-0.0898174,8443.25,0.0,11.7515,16.2010,18.2205,19.9715,21.1642,21.8041,22.1580,22.4750,22.7057,22.9399,23.1778,23.4192,23.7634,24.1671,24.9744,26.8208,30.8002,39.4998,3.5977
67.918,-0.3379222557162498,0.3535070293031465,7.524015335621469e-42,2,73.7793,-0.613133,-0.119004,8712.74,0.0,11.4169,15.7836,17.8015,19.5660,20.7761,21.4275,21.7882,22.1158,22.3578,22.6070,22.8636,23.1278,23.5112,23.9697,24.8930,27.0301,31.7649,42.7929,4.1231
68.027,-0.3320483231188234,0.35449631812768,1.2645612574579004e-42,2,75.8292,-0.569116,-0.138371,8964.08,0.0,11.0634,15.3856,17.4186,19.2126,20.4774,21.1964,21.6072,21.9834,22.2624,22.5502,22.8474,23.1542,23.6010,24.1378,25.2266,27.7902,33.6979,48.8397,4.7512
68.139,-0.32440583900928305,0.3543883066490782,2.1253481054094934e-43,2,77.8797,-0.517128,-0.149433,9201.49,0.0,10.6847,14.9771,17.0324,18.9465,20.3974,21.2325,21.7128,22.1548,22.4837,22.8244,23.1774,23.5432,24.0784,24.7252,26.0510,29.2465,37.0377,59.1956,5.4632
68.248,-0.3146417222549671,0.35418275133839494,3.5720725607617355e-44,2,79.9379,-0.459258,-0.155601,9443.48,0.0,10.2903,14.5656,16.7476,18.9494,20.6556,21.6530,22.2318,22.7680,23.1692,23.5868,24.0214,24.4743,25.1411,25.9540,27.6443,31.8581,43.0471,70.8365,6.2232
68.358,-0.30646335057884844,0.3570864555210652,6.00358235287225e-45,2,81.9342,-0.397294,-0.157988,9717.9,0.0,9.8846,14.2316,16.7250,19.3227,21.3965,22.6348,23.3625,24.0428,24.5557,25.0930,25.6562,26.2474,27.1260,28.2103,30.5130,36.5537,54.0098,82.5790,7.0016
68.466,-0.2997080872411556,0.3592215467763926,1.0090220860472391e-45,2,83.8969,-0.332703,-0.157526,9944.61,0.0,9.4702,14.1339,17.0527,20.2243,22.8611,24.4828,25.4530,26.3717,27.0720,27.8129,28.5976,29.4301,30.6847,32.2624,35.7249,45.6001,66.1473,98.8490,7.7530
68.572,-0.28744971635605787,0.36434087074456334,1.695863420019595e-46,2,85.822,-0.266956,-0.15369,10162.6,0.0,9.0741,14.3680,17.9103,21.9881,25.5786,27.8847,29.3021,30.6710,31.7329,32.8736,34.1020,35.4285,37.4741,40.1295,46.0076,58.1021,78.1010,46.3369,8.1689
68.681,-0.22405934899832158,0.39088763840057855,2.850237650026934e-47,2,87.7736,-0.201289,-0.145667,10416.0,0.0,8.8591,15.0996,19.6460,25.3324,30.7978,34.5630,36.9852,39.4079,41.3011,43.2133,45.1359,47.0670,49.7827,52.8998,58.7690,70.5338,97.2692,29.1389,8.2471
68.792,-0.08929534998766553,0.42694041877297656,4.790394418400267e-48,2,90.1329,-0.141822,-0.108053,10561.7,0.0,8.7918,16.0957,21.9451,30.0219,38.6710,44.0279,46.9478,49.5309,51.3894,53.2575,55.1339,57.0175,59.6648,62.7014,68.4164,80.3094,141.2660,23.2252,8.2158
68.903,-0.032678213061028555,0.46246696142352894,8.051215899005329e-49,2,92.6195,-0.0960933,-0.091245,11095.8,0.0,8.5566,16.0260,22.2050,31.0505,40.1427,45.2045,47.9794,50.4427,52.2197,54.0098,55.8114,57.6233,60.1751,63.1096,68.6510,81.3726,131.1050,22.7819,8.4776
69.011,-0.0163021819821894,0.4875345411067619,1.353167856145826e-49,2,95.4689,-0.0552741,-0.0810703,11389.1,0.0,8.3087,15.7869,22.1046,31.3686,40.0649,44.8241,47.4497,49.7897,51.4828,53.1923,54.9168,56.6548,59.1087,61.9385,67.3034,80.6390,124.9820,22.8628,8.7539
69.122,-0.018786556426699994,0.5082156953829887,2.2742692158242904e-50,2,98.4614,-0.0171775,-0.0755752,11681.7,0.0,8.0465,15.4107,21.7059,30.9491,38.9548,43.3946,45.8613,48.0692,49.6723,51.2954,52.9370,54.5956,56.9438,59.6612,64.8368,78.0796,121.7890,23.2851,9.0485
69.232,-0.19687082492575966,0.5293418300005976,3.822364271035886e-51,2,101.413,0.017108,-0.0568698,12195.5,0.0,7.9037,15.5692,22.4087,32.0956,39.7805,44.0481,46.4233,48.5525,50.1000,51.6683,53.2563,54.8623,57.1392,59.7777,64.8184,82.4604,112.1970,22.4941,9.1663
69.343,-0.08993753653687293,0.5404567542920958,6.4242476303300134e-52,2,104.388,0.0351437,-0.00223715,12666.3,0.0,8.1688,17.6669,27.1193,38.1063,46.2353,50.6515,53.0873,55.2596,56.8327,58.4225,60.0279,61.6510,64.1515,67.5833,78.0852,127.3760,32.3551,19.2018,8.8032
69.453,-0.039597819116933775,0.5513496055745589,1.0797232992295656e-52,2,107.595,0.0334769,0.0278575,12957.2,0.0,8.4396,19.3883,29.5790,40.5670,48.5822,52.9199,55.3098,57.4403,59.0070,60.7299,62.6639,64.8802,68.7197,75.6543,133.2480,111.4250,27.7574,17.6272,8.5349
69.564,-0.14479152527909622,0.5635611020359215,1.8146909490151315e-53,2,110.844,0.0161877,0.0506179,13344.4,0.0,8.8047,20.9318,31.0742,41.7750,49.5440,53.7503,56.1221,58.5138,60.4892,62.7804,65.5475,69.1761,135.5300,131.4910,122.7800,100.3330,25.1924,16.3466,8.2174
69.672,-0.06051737614385425,0.5711344636338808,3.049951078009732e-54,2,114.056,-0.0197166,0.0920231,13823.8,0.0,9.5728,23.6204,34.4306,45.4295,53.3770,58.9397,63.2383,69.3819,131.3990,128.9490,126.3710,123.6400,119.4920,114.0810,102.5640,85.0517,20.8154,14.3256,7.6476
69.783,-0.019830333814818163,0.5813727844029251,5.126052776810957e-55,2,117.477,-0.0745307,0.115048,14137.6,0.0,10.3776,24.9912,35.6346,46.3132,55.3323,64.4592,127.2290,123.8180,121.2270,118.4790,115.5340,112.3330,107.2200,101.2460,91.7139,75.5275,18.6992,12.9796,7.0862
69.892,-0.08191217742006462,0.5932312652431504,8.615356901986178e-56,2,120.82,-0.143295,0.128594,14757.3,0.0,11.1186,25.5128,35.6087,45.7670,56.6183,123.4800,119.6650,116.0660,113.3050,110.3380,107.1010,103.4790,98.4261,93.2401,84.8981,69.0811,17.4169,11.9507,6.4906
70.001,-0.026840982297006776,0.6010518627917505,1.4479830345168174e-56,2,124.459,-0.227593,0.155433,14953.0,0.0,11.9692,26.7237,36.7320,48.0166,119.1600,111.8800,107.4670,103.1300,99.6230,96.1077,92.8390,89.7918,85.8576,81.7777,75.0988,55.5326,15.2712,10.5961,5.7694
70.114,-0.008795253079083179,0.6061217720558508,2.4336250861124154e-57,3,126.112,-0.319539,0.138418,11495.6,0.0,12.4577,26.5210,35.8036,48.0058,112.6330,105.1430,100.5320,95.9027,92.5106,89.3566,86.4169,83.6707,80.1165,76.4206,70.2568,52.3016,14.4700,9.7842,5.1726
70.221,-0.002882028528953976,0.6095238533610112,4.090193682229137e-58,3,128.765,-0.397893,0.107979,12082.4,0.0,12.7331,25.8655,34.3929,47.7879,107.1310,99.6049,94.9378,90.3248,87.1798,84.2526,81.5216,78.9679,75.6595,72.2150,66.4656,51.0547,14.2845,9.2419,4.6871
70.332,-0.07106047463258638,0.6119653094724612,6.874388521722512e-59,3,131.591,-0.458899,0.079888,12375.4,0.0,12.8867,25.1913,33.4310,51.7727,100.5690,92.8209,87.9129,83.5951,80.7689,78.1331,75.6697,73.3622,70.3672,67.2421,61.9300,48.1541,14.4801,8.8745,4.3116
70.442,-0.023285096327605906,0.6124265074516861,1.1553784788459028e-59,3,134.39,-0.506683,0.0654246,12641.9,0.0,13.1027,25.0905,34.5547,103.3020,89.4424,80.5853,76.2351,72.8077,70.5485,68.4304,66.4407,64.5682,62.1250,59.5452,54.3191,40.8191,13.9594,8.3583,3.9788
70.552,-0.007630060364629904,0.6145367558523935,1.941844609396309e-60,3,137.195,-0.539964,0.0369489,12873.5,0.0,13.0252,24.3664,35.2164,96.0090,81.5442,73.1406,69.3257,66.3099,64.3171,62.4455,60.6841,59.0238,56.8533,54.4908,49.6268,37.9844,15.6688,8.4518,3.8089
70.664,-0.0025002181802819268,0.6150776561108374,3.263658235012377e-61,3,139.967,-0.552844,0.00192898,13119.1,0.0,12.7264,23.6068,36.4918,89.8180,75.1380,67.4364,63.9575,61.2048,59.3844,57.6734,56.0624,54.5431,52.5558,50.3984,46.0521,36.2544,19.8205,9.2682,3.8342
70.771,-0.0008192714933147818,0.6160078279950243,5.485230395585303e-62,3,142.686,-0.540714,-0.0355886,13385.3,0.0,12.2396,23.0502,102.0700,83.8231,69.1872,62.1259,58.9341,56.4075,54.7363,53.1652,51.6855,50.2897,48.4637,46.5081,42.6770,34.4282,21.5310,11.2209,4.1042
70.881,-0.0002684588829293877,0.6180534001555346,9.219026725860217e-63,3,145.385,-0.500729,-0.0743254,13627.9,0.0,11.6012,22.8808,95.9539,77.7422,63.3209,56.8703,53.9538,51.6445,50.1170,48.6807,47.3281,46.0520,44.3822,42.6154,39.2695,32.3222,21.8929,12.9623,4.6780
70.992,-8.796860675830177e-05,0.6182177244910906,1.549441821815327e-63,3,148.057,-0.430918,-0.113973,13854.4,0.0,11.0516,23.3985,89.6862,71.5127,57.4663,51.6131,48.9665,46.8710,45.4848,44.1815,42.9540,41.7960,40.2808,38.6850,35.7921,29.9612,21.4422,13.8000,5.4841
71.101,0.036077375527015565,0.6197187011487405,2.60414686992502e-64,3,150.631,-0.346146,-0.098759,14222.8,0.0,10.6808,25.6407,83.1951,65.0340,51.5398,46.2878,43.9132,42.0332,40.7895,39.6203,38.5191,37.4803,36.1210,34.6895,32.2021,27.3467,20.3934,13.9465,6.0640
71.211,0.1166649317654112,0.6192226974299193,4.376789644282982e-65,3,153.274,-0.278623,-0.0862611,14369.5,0.0,10.2778,30.6317,80.5118,63.4427,50.5195,44.8531,42.3325,40.3546,39.0548,37.8388,36.6990,35.6285,34.2349,32.7756,30.3650,26.2389,20.2490,14.3909,6.5705
71.322,0.09554687881202119,0.6195887235719608,7.356070355146409e-66,3,155.676,-0.217499,-0.0922187,14625.4,0.0,9.7536,29.1652,81.4601,65.9994,55.2434,48.9550,45.5574,42.9556,41.2757,39.7250,38.2894,36.9568,35.2440,33.4769,30.6151,26.1924,20.8318,15.2571,7.1365
71.432,0.0790874132631356,0.6196619813775601,1.2363347445894573e-66,3,158.099,-0.159968,-0.0812562,14840.9,0.0,9.4188,29.7040,80.2471,65.7635,56.1392,50.8813,47.8839,45.1008,43.0324,41.1179,39.3692,37.7661,35.7336,33.6688,30.3924,25.4862,20.1832,15.3049,7.5267
71.542,0.12971909618960803,0.6196859864952988,2.0779078052315012e-67,4,160.484,-0.113413,-0.0626863,15035.9,0.0,9.2643,29.1768,78.7467,65.0849,56.2935,51.6626,49.1066,46.8088,45.1258,43.4012,41.6270,39.7928,37.2564,34.7228,30.8106,25.1884,19.4087,14.8319,7.7377
71.653,0.06874536530221076,0.6198143212422795,3.492339648252585e-68,4,160.743,-0.0806986,-0.0496815,12204.8,0.0,9.2089,25.8712,79.4600,66.6586,58.6289,54.5045,52.2711,50.2960,48.8721,47.4367,45.9889,44.5275,42.4563,40.0483,35.3818,27.4533,20.0600,14.7091,7.8553
71.762,0.09268586494050968,0.6003479657690451,5.869575246818119e-69,4,162.575,-0.0722319,0.0032956,12284.4,0.0,9.6987,25.3320,76.4066,64.1653,56.6312,52.8205,50.7777,48.9851,47.7017,46.4162,45.1287,43.8393,42.0313,39.9616,36.0734,28.3352,19.9678,14.2613,7.5060
71.872,0.11972963087985622,0.1967220214232007,9.864995117327217e-70,4,163.146,-0.106069,0.0312373,12167.2,0.0,9.6928,22.4295,76.3044,64.6645,57.6004,54.0655,52.1832,50.5392,49.3673,48.1977,47.0310,45.8675,44.2448,42.4009,38.9817,32.3544,22.5021,15.1113,7.3590
71.982,0.03923300544671129,0.0644618719799544,0.3287008666992188,4,162.023,-0.121954,-0.0110267,11944.8,0.0,9.4168,20.0364,75.0738,63.9483,57.2803,53.9727,52.2204,50.6953,49.6113,48.5324,47.4589,46.3912,44.9072,43.2283,40.1369,34.2299,25.5173,16.7182,7.5340
72.092,0.012855871224778354,0.021122866210391455,0.7974968403900146,4,153.135,-0.113467,-0.0255316,10882.0,0.0,9.2158,19.4868,70.3776,59.7012,53.4118,50.3283,48.7056,47.2996,46.3042,45.3165,44.3372,43.3666,42.0231,40.5113,37.7513,32.5672,25.1254,17.5081,7.7221
72.201,0.0042126118829353704,0.006921540799821072,0.8839885562934513,3,140.352,-0.0979934,-0.0225104,9719.52,0.0,9.1140,21.4015,63.9281,53.7320,47.8572,45.0195,43.5383,42.2623,41.3631,40.4744,39.5968,38.7305,37.5374,36.2033,33.7914,29.3456,23.1424,16.9013,7.8320
72.312,0.19022522005298342,0.002268050489285369,0.8989287422397364,3,128.575,-0.0830098,-0.0187495,10402.5,0.0,9.0281,72.1055,57.8535,48.1669,42.7143,40.1203,38.7775,37.6271,36.8200,36.0253,35.2434,34.4747,33.4207,32.2487,30.1479,26.3346,21.1228,15.9308,7.9306
72.423,0.2550157809059147,0.0007431947843290298,0.6350013342929492,3,116.721,-0.0690785,-0.021046,8901.43,0.0,9.1029,66.7824,52.8840,43.6719,38.5959,36.2133,34.9886,33.9442,33.2142,32.4977,31.7948,31.1058,30.1646,29.1226,27.2664,23.9338,19.4388,14.9818,7.9253
72.531,0.20660597279638684,0.00024353006692893648,0.10672467425461599,3,106.655,-0.0591482,0.00379723,9604.28,0.0,9.5118,61.3326,47.8337,39.1366,34.4563,32.2909,31.1859,30.2483,29.5953,28.9564,28.3316,27.7209,26.8895,25.9729,24.3499,21.4650,17.6184,13.8204,7.6884
72.641,0.34710006433789314,7.97999323312739e-05,0.017937216001973306,3,101.561,-0.0668755,0.0204341,9211.06,0.0,9.7877,59.4690,46.0806,37.5460,32.9941,30.8995,29.8337,28.9309,28.3030,27.6892,27.0898,26.5045,25.7088,24.8329,23.2855,20.5447,16.9072,13.3249,7.5205
72.750,0.17562823198742988,2.614884182631183e-05,0.003014707893451653,3,100.395,-0.0698751,-0.0235322,9101.03,0.0,9.3015,64.6236,50.7912,41.7301,36.7891,34.4851,33.3049,32.3008,31.6002,30.9135,30.2410,29.5826,28.6848,27.6930,25.9318,22.7864,18.5735,14.4142,7.7910
72.862,0.2023937978407746,8.568452489645859e-06,0.0005066819556524194,3,99.4791,-0.0613785,-0.050587,9023.51,0.0,8.9477,67.9691,53.9444,44.6143,39.4605,37.0374,35.7909,34.7274,33.9836,33.2532,32.5365,31.8337,30.8731,29.8091,27.9122,24.5010,19.8900,15.3097,8.0603
72.971,0.17016506630694941,2.807710511807155e-06,8.515803628650215e-05,3,98.5435,-0.0391744,-0.0794132,8939.46,0.0,8.4929,71.6250,57.4824,47.9363,42.5937,40.0606,38.7514,37.6312,36.8457,36.0729,35.3129,34.5660,33.5427,32.4057,30.3689,26.6741,21.6144,16.5293,8.4778
73.080,0.05575968892746118,9.200305805089684e-07,1.4312511158672418e-05,3,97.7936,-0.00473022,-0.0942167,8877.71,0.0,8.0816,21.9704,59.5743,49.9726,44.5634,41.9875,40.6530,39.5091,38.7061,37.9150,37.1362,36.3698,35.3183,34.1478,32.0448,28.2083,22.9042,17.5133,8.9001
73.191,0.040532706389234854,3.014756206211788e-07,2.405503750438073e-06,3,97.2073,0.0321287,-0.0739821,8831.82,0.0,7.9314,24.6626,57.7306,48.3353,43.0838,40.5945,39.3083,38.2074,37.4357,36.6761,35.9292,35.1949,34.1886,33.0700,31.0648,27.4192,22.3989,17.2973,9.0309
73.302,0.18148541657121275,9.878753136514785e-08,4.04293015336127e-07,3,96.6057,0.0631053,-0.0615414,8776.79,0.0,7.7654,70.5781,56.7388,47.4858,42.3386,39.9053,38.6494,37.5756,36.8232,36.0833,35.3560,34.6415,33.6628,32.5757,30.6288,27.0947,22.2335,17.2850,9.1799
73.413,0.08792231194937686,3.2370698277731643e-08,6.794952708754287e-08,3,96.0078,0.0945168,-0.0707148,8721.36,0.0,7.4262,21.2486,58.1241,48.8391,43.6535,41.1953,39.9244,38.8364,38.0733,37.3223,36.5835,35.8571,34.8612,33.7538,31.7668,28.1469,23.1371,17.9996,9.5221
73.520,0.2407639481016804,1.0607230411647103e-08,1.1420277017603333e-08,3,95.3987,0.126325,-0.0722206,8667.03,0.0,7.1455,19.4618,58.6680,49.4128,44.2395,41.7850,40.5156,39.4285,38.6657,37.9148,37.1758,36.4489,35.4519,34.3426,32.3505,28.7150,23.6664,18.4619,9.8006
73.632,0.1465167698396836,3.4757772612885228e-09,1.9194059583485925e-09,3,94.6921,0.165574,-0.104171,8597.25,0.0,6.6102,15.2196,62.6180,53.1909,47.8580,45.3079,43.9833,42.8457,42.0457,41.2565,40.4782,39.7112,38.6566,37.4795,35.3552,31.4420,25.9273,20.1510,10.4473
73.741,0.04801061514106751,1.1389426929790231e-09,3.2259455941964793e-10,3,94.1357,0.212936,-0.113213,8552.71,0.0,6.1746,13.5553,64.0947,54.6798,49.3366,46.7757,45.4438,44.2986,43.4928,42.6972,41.9122,41.1380,40.0726,38.8819,36.7295,32.7495,27.0996,21.1229,10.9475
73.853,0.16187252814403438,3.7320874163536623e-10,0.25214909368214816,3,93.2179,0.259418,-0.0935329,8406.93,0.0,5.9062,13.4794,62.3947,53.1718,47.9714,45.4886,44.1998,43.0933,42.3154,41.5480,40.7915,40.0459,39.0210,37.8770,35.8123,32.0056,26.6204,20.9270,11.1237
73.963,0.2361027328092719,1.222930404590768e-10,0.14318457174083246,2,88.0519,0.303513,-0.104379,9974.44,0.0,5.4917,11.9412,64.0124,54.7775,49.5503,47.0479,45.7471,44.6291,43.8424,43.0658,42.2997,41.5440,40.5043,39.3424,37.2414,33.3534,27.8162,21.9071,11.6136
74.076,0.1330769301440438,4.007298349763029e-11,0.024065030972481707,2,85.886,0.354177,-0.135043,9760.2,0.0,4.9517,9.8863,17.2730,58.4752,53.1356,50.5630,49.2211,48.0649,47.2497,46.4438,45.6473,44.8605,43.7755,42.5599,40.3530,36.2363,30.2926,23.8405,12.4122
74.185,0.10595887801911882,1.3131115232503493e-11,0.004044609755545,2,84.8807,0.411809,-0.143156,9678.87,0.0,4.4728,8.6740,13.7873,59.8870,54.5568,51.9845,50.6410,49.4827,48.6657,47.8575,47.0582,46.2683,45.1783,43.9559,41.7334,37.5751,31.5355,24.9183,13.0113
74.295,0.09852414656257048,4.302803839386745e-12,0.0006797775616144482,2,84.1439,0.472329,-0.142035,9603.78,0.0,4.0100,7.6921,11.8181,60.3434,55.0656,52.5182,51.1877,50.0406,49.2313,48.4306,47.6388,46.8561,45.7757,44.5640,42.3602,38.2318,32.2198,25.5966,13.5119
74.407,0.032284392345623095,1.4099427620902485e-12,0.00011425021478054032,2,83.4951,0.531292,-0.131531,9533.97,0.0,3.5867,6.9202,10.5841,59.8301,54.6423,52.1424,50.8377,49.7132,48.9202,48.1360,47.3606,46.5944,45.5372,44.3518,42.1969,38.1637,32.2927,25.8144,13.8664
74.518,0.010578949683813774,4.620100442817325e-13,1.9202033598165415e-05,2,82.8714,0.582048,-0.105611,9466.89,0.0,3.2639,6.5229,10.3923,57.7296,52.6973,50.2826,49.0252,47.9432,47.1809,46.4278,45.6839,44.9495,43.9374,42.8040,40.7479,36.9136,31.3613,25.2591,13.9389
74.621,0.047684093695404786,1.5139145131023814e-13,3.227285786843662e-06,2,82.2537,0.62051,-0.0737951,9397.71,0.0,3.0444,6.4125,11.1235,55.0459,50.1977,47.8841,46.6827,45.6506,44.9246,44.2082,43.5014,42.8044,41.8451,40.7729,38.8326,35.2308,30.0494,24.3869,13.8451
74.736,0.33919085880417993,4.960795076533884e-14,5.424099221948143e-07,2,81.5207,0.651783,-0.0753053,9308.48,0.0,2.7868,5.7990,9.6687,55.5180,50.6768,48.3653,47.1645,46.1328,45.4070,44.6906,43.9837,43.2864,42.3266,41.2534,39.3105,35.7001,30.4966,24.7928,14.1134
74.843,0.11114606061295366,0.015873263671891256,9.116283562328244e-08,2,80.8668,0.692337,-0.111764,9233.37,0.0,2.3824,4.5942,6.8065,12.9946,54.4370,52.0340,50.7812,49.7023,48.9418,48.1901,47.4471,46.7130,45.7006,44.5659,42.5042,38.6462,33.0215,26.7716,14.9244
74.960,0.03642034114165266,0.14126478072750534,1.5321737783205083e-08,2,80.5977,0.737424,-0.108575,9287.7,0.0,2.0361,3.9103,5.7244,9.7545,54.6012,52.2184,50.9763,49.9066,49.1526,48.4072,47.6705,46.9427,45.9389,44.8139,42.7692,38.9418,33.3554,27.1320,15.2465
75.068,0.011934217385296741,0.3525347585831639,2.5751244692232778e-09,2,81.7434,0.777507,-0.0819953,9600.77,0.0,1.7628,3.5072,5.2938,10.0508,52.6094,50.3074,49.1100,48.0802,47.3552,46.6389,45.9317,45.2337,44.2720,43.1954,41.2426,37.5997,32.3091,26.4404,15.2031
75.177,0.003910604352814036,0.4389801951612811,4.3280116954235637e-10,2,84.0843,0.80623,-0.0485528,9998.89,0.0,1.5808,3.3178,5.3007,54.6325,50.0074,47.8055,46.6634,45.6828,44.9934,44.3132,43.6423,42.9808,42.0707,41.0536,39.2131,35.7947,30.8616,25.4211,14.9951
75.281,0.011811695924173853,0.4683908545691986,7.274089256498383e-11,2,86.8817,0.820726,-0.0119441,10337.4,0.0,1.5146,3.4146,6.0387,51.5602,47.1413,45.0503,43.9689,43.0423,42.3918,41.7509,41.1195,40.4977,39.6435,38.6905,36.9707,33.7912,29.2336,24.2379,14.6662
75.396,0.280350138286038,0.47623767264711,1.2225561813396834e-11,2,89.7091,0.8222,0.00736779,10712.8,0.0,1.5321,3.6133,7.0052,49.9645,45.6524,43.6186,42.5684,41.6696,41.0391,40.4183,39.8072,39.2057,38.3801,37.4598,35.8013,32.7428,28.3738,23.6003,14.4601
75.509,0.09186513331356894,0.478280361354255,2.0547501739776064e-12,2,92.4529,0.823254,-0.00689298,11107.9,0.0,1.5007,3.4183,6.1468,51.3601,46.8559,44.7726,43.6957,42.7733,42.1259,41.4880,40.8599,40.2414,39.3918,38.4443,36.7352,33.5776,29.0567,24.1069,14.6301
75.613,0.04319915235401449,0.47943158458981233,3.4534186174041635e-13,2,95.3327,0.822,0.00840348,11366.9,0.0,1.5355,3.6298,7.0739,50.2694,45.6652,43.6261,42.5733,41.6723,41.0404,40.4182,39.8058,39.2031,38.3758,37.4538,35.7924,32.7296,28.3568,23.5825,14.4499
75.725,0.29430504710981703,0.4798088174196397,5.804160670271178e-14,2,98.0761,0.813409,0.0214526,11689.0,0.0,1.6327,4.0096,8.9607,49.4799,44.6401,42.5967,41.5640,40.6808,40.0616,39.4524,38.8530,38.2634,37.4546,36.5540,34.9325,31.9491,27.7014,23.0764,14.2453
75.830,0.16346543949634484,0.48222886462019254,9.755052838524772e-15,2,100.547,0.806491,-0.000828091,12119.1,0.0,1.6544,3.8468,7.3127,53.2225,47.1121,44.5970,43.3740,42.3644,41.6752,41.0112,40.3710,39.7525,38.9063,37.9630,36.2627,33.1266,28.6473,23.7587,14.4391
75.955,0.06851337374599821,0.48666755123374467,1.6395317305708583e-15,2,103.245,0.803249,-0.00653297,12352.0,0.0,1.6725,3.8399,7.1128,56.3224,48.9263,45.9552,44.5255,43.3523,42.5552,41.7901,41.0551,40.3484,39.4040,38.3842,36.6252,33.4442,28.8979,23.9344,14.4810
76.062,0.27524066531669616,0.48850752006327347,2.7555609795704426e-16,2,105.893,0.799487,0.00106829,12624.8,0.0,1.7181,4.0239,7.8361,58.4450,49.8750,46.5116,44.9089,43.6012,42.7166,41.8703,41.0600,40.2834,39.2493,38.1373,36.2318,32.9951,28.5204,23.6440,14.3681
76.174,0.10970211868503499,0.49167190784620846,4.631271338364043e-17,2,108.373,0.798491,-0.0134719,12995.7,0.0,1.7012,3.8487,6.9362,67.7159,55.5529,51.0215,48.9074,47.2036,46.0615,44.9767,43.9452,42.9631,41.6649,40.2812,37.9389,34.0503,29.2141,24.1519,14.5279
76.279,0.12007064358655212,0.4933111581849206,7.783777738388446e-18,2,111.074,0.797462,-0.00270158,13216.7,0.0,1.7288,4.0132,7.6519,73.9978,58.7109,53.2622,50.7636,48.7696,47.4427,46.1896,45.0043,43.8815,42.4060,40.8437,38.2238,33.9407,28.7508,23.7754,14.3985
76.385,0.255752672468232,0.4939687764859098,1.3082195244909466e-18,2,113.584,0.793523,-0.0012706,13522.8,0.0,1.7652,4.1181,7.9767,89.5113,66.6862,59.1969,55.8661,53.2529,51.5356,49.9293,48.4237,47.0097,45.1690,43.2418,40.0586,34.9818,29.0314,23.6973,14.3542
76.494,0.10832891593212464,0.49904216719452793,2.1987245548119345e-19,2,115.996,0.791505,-0.0134328,13885.7,0.0,1.7606,3.9914,7.2513,139.5420,88.5397,74.9205,69.2577,64.9712,62.2259,59.7075,57.3892,55.2482,52.5125,49.7084,45.2065,38.3425,30.7536,24.3307,14.4797
76.607,0.08643799051478235,0.5423100045338028,3.695396359272419e-20,2,118.718,0.788769,-0.00207073,14144.7,0.0,1.8047,4.2083,8.1739,200.0000,113.5710,90.9383,82.2216,75.8703,71.9092,68.3462,65.1243,62.1971,58.5218,54.8292,49.0522,40.5860,31.6746,24.4734,14.3307
76.724,0.16640482295695763,0.5883565114262614,6.210852661029157e-21,2,121.659,0.781246,0.00312298,14592.1,0.0,1.8796,4.4538,9.1533,183.5130,200.0000,131.9500,113.4720,101.1010,93.8037,87.4952,81.9878,77.1383,71.2475,65.5394,57.0067,45.3067,33.9198,25.3387,14.2176
76.845,0.04362202590922871,0.6125659215188258,7.307006047174193e-22,3,125.21,0.767939,0.0100972,11929.7,0.0,2.0098,4.8788,9.2037,25.7885,178.9070,192.2920,197.3950,200.0000,165.8650,145.6000,130.2610,117.8540,103.9990,91.6966,75.0832,55.2014,38.4710,27.2646,14.2020
76.945,0.017867581812420076,0.6221163959853611,1.7544121519265237e-22,3,125.967,0.75141,0.0377261,11840.6,0.0,2.2208,5.4887,9.8838,23.6343,146.8540,183.4100,189.4360,193.8460,196.6570,199.2470,153.7790,136.4320,117.8370,101.9730,81.4550,58.1729,39.5759,27.5937,14.0709
77.049,0.005854849208293811,0.6291323760271081,2.948640503742909e-23,3,128.824,0.716643,0.0530464,11996.6,0.0,2.5428,6.1829,10.9154,24.6143,101.4040,176.6010,183.1130,187.7690,190.7090,193.4060,195.8990,146.2190,124.6610,106.7020,84.0456,59.0844,39.6939,27.4485,13.8513
77.152,0.0019185169885737158,0.6346237942421878,4.955780094640707e-24,3,131.484,0.68269,0.0510566,12434.9,0.0,2.8412,6.8759,12.0710,26.7934,101.5090,172.0850,178.5790,183.2160,186.1460,188.8340,191.3210,147.4830,125.2010,106.7830,83.7328,58.5744,39.1992,27.0386,13.6017
77.254,0.0007858245585197941,0.6367079217466002,1.1898828007232339e-24,3,133.791,0.656197,0.0498778,12493.7,0.0,3.0744,7.4196,12.9831,28.5582,103.4820,168.6460,175.0660,179.6610,182.5680,185.2360,187.7080,147.6990,125.0520,106.4220,83.2221,58.0431,38.7534,26.6910,13.4018
77.357,0.0002574989913357661,0.6376798814854259,1.9998360231755396e-25,3,136.443,0.623356,0.0484845,12870.2,0.0,3.3629,8.0894,14.1012,30.6957,105.9640,164.3400,170.6480,175.1790,178.0500,180.6900,183.1380,185.4230,124.7530,105.8850,82.5281,57.3520,38.1855,26.2530,13.1526
77.480,8.437726948090383e-05,0.6415296134870193,3.361124404151131e-26,3,139.196,0.590687,0.0473053,13067.0,0.0,3.6498,8.7556,15.2138,32.8336,109.1210,160.0900,166.2500,170.6980,173.5250,176.1280,178.5460,180.8060,124.1110,105.0960,81.6778,56.5851,37.5851,25.8008,12.9018
77.583,2.7648743663502574e-05,0.6477920526536765,5.6490417860568065e-27,3,141.894,0.558132,0.045972,13354.7,0.0,3.9343,9.4090,16.2910,34.8260,111.2130,155.7110,161.7290,166.0960,168.8790,171.4450,173.8330,176.0670,123.7090,104.4730,80.9232,55.8623,37.0038,25.3577,12.6531
77.684,9.059940323656524e-06,0.6505684470791817,9.494344529825676e-28,3,144.616,0.525731,0.0446312,13614.2,0.0,4.2166,10.0531,17.3446,36.7345,113.0140,151.2770,157.1430,161.4220,164.1560,166.6830,169.0380,171.2450,123.3200,103.8510,80.1650,55.1364,36.4215,24.9147,12.4051
77.801,0.01586540301707729,0.6524660597545312,1.5957144851278013e-28,3,147.34,0.493819,0.0411469,13867.8,0.0,4.4833,10.6044,18.1319,37.5237,105.9610,145.7840,151.6920,155.9820,158.7200,161.2490,163.6060,165.8160,126.6690,105.8470,80.9420,55.1243,36.1449,24.6108,12.1846
77.914,0.010899145340798383,0.6547277503353648,2.681917335154296e-29,3,150.057,0.464868,0.0339572,14117.8,0.0,4.7031,10.9479,18.3912,36.4443,89.5659,138.3300,144.7140,149.2170,152.0590,154.6710,157.0970,159.3670,162.3230,113.3900,84.8508,56.5233,36.4696,24.5865,12.0284
78.023,0.010262723210854063,0.6582275954798923,4.507498465193825e-30,3,152.788,0.439713,0.028001,14359.6,0.0,4.8931,11.2444,18.6302,35.7504,80.4239,131.2470,138.0710,142.7390,145.6570,148.3270,150.7990,153.1080,156.1120,159.2710,88.4540,57.7386,36.7249,24.5467,11.8882
78.134,0.11448894788995141,0.6617853055962261,7.575752670451264e-31,3,155.467,0.418638,0.0204555,14690.8,0.0,5.0371,11.3933,18.5678,34.3519,70.7000,122.7460,130.5660,135.5550,138.6130,141.3860,143.9400,146.3170,149.4000,152.6360,94.4224,59.8812,37.3530,24.6834,11.7987
78.243,0.037515738444579276,0.6644946019065213,1.273256751322744e-31,3,158.163,0.410467,-0.0114239,14895.9,0.0,4.9462,10.5165,16.1463,26.5556,43.5896,64.2782,86.0987,114.3990,120.7180,125.1220,128.7480,131.9130,135.8290,139.7900,146.2080,76.5707,43.0186,26.8877,12.1073
78.351,0.012293157173519736,0.6664741321683539,2.1399626219481363e-32,4,159.787,0.419526,-0.0268319,12190.5,0.0,4.7985,9.9278,14.8789,23.4608,36.0936,49.4673,61.6732,78.6717,97.9675,111.8790,117.1310,121.1260,125.7430,130.2150,137.2410,89.4692,46.9021,28.3826,12.3817
78.459,0.004028221742618947,0.6699477768320512,3.596635178708233e-33,4,161.107,0.440197,-0.0316322,12211.8,0.0,4.6067,9.4532,14.0687,21.9245,33.1666,44.6686,54.8252,68.4554,83.2464,102.8560,109.5260,113.9220,118.7920,123.4120,130.5860,95.5699,48.8556,29.2424,12.6261
78.565,0.0013199677006213767,0.6727063254029515,6.044864744854928e-34,4,163.175,0.465885,-0.0330713,12378.8,0.0,4.3894,8.9854,13.3451,20.7261,31.2034,41.8208,51.1107,63.4554,76.6933,96.0974,103.5200,107.9970,112.8820,117.4890,124.6290,135.7980,50.1284,29.9032,12.8711
78.672,-0.03327616118586039,0.6760211274580391,1.015960417667768e-34,4,165.233,0.492717,-0.0279129,12529.1,0.0,4.1892,8.6510,12.9447,20.3560,31.1948,42.5780,52.8863,67.1150,83.0901,96.0041,100.9900,104.7740,109.1560,113.4170,120.1610,130.9120,49.6109,29.9489,13.0350
78.794,-0.010903932497382732,0.6758725171079503,1.707524673974218e-35,4,167.263,0.513291,-0.0158284,12680.4,0.0,4.0660,8.5765,13.0738,21.2284,34.1402,49.1403,64.2047,86.4724,93.0801,97.2709,100.6710,103.6310,107.2980,111.0230,117.1190,85.6468,47.1912,29.2365,13.0489
78.897,-0.0035730006007423745,0.6766731251559331,2.869836719548469e-36,4,169.279,0.52747,-0.0123027,12833.4,0.0,3.9611,8.4086,12.8913,21.1469,34.5654,50.7129,67.5669,85.1695,89.8858,93.4830,96.5422,99.2658,102.6930,106.2180,112.0500,121.7620,46.7921,29.1956,13.1235
78.999,-0.001170800836851261,0.6760861637135961,4.823334574545113e-37,4,171.285,0.538699,-0.0114434,12977.2,0.0,3.8702,8.2285,12.6331,20.7763,34.1000,50.2789,67.3390,81.1129,85.2554,88.5691,91.4401,94.0230,97.2989,100.6910,106.3450,115.8490,46.9343,29.3340,13.2083
79.115,-0.02820137590259442,0.6734377715475461,8.106578419437973e-38,4,173.258,0.548942,-0.0109142,13132.2,0.0,3.7863,8.0578,12.3818,20.3953,33.5610,49.6390,66.7020,76.7093,80.4093,83.4735,86.1706,88.6199,91.7494,95.0116,100.4860,109.7800,47.1224,29.4822,13.2890
79.229,-0.018703508348224637,0.2661610889806999,1.36247263495494e-38,4,174.49,0.555969,-0.00186283,13049.3,0.0,3.7607,8.1392,12.7027,21.5344,37.2017,58.5785,70.6403,75.4942,78.3155,80.8371,83.1491,85.3019,88.1093,91.0860,96.1679,104.9650,45.2999,28.8315,13.2275
79.331,-0.01888777172612075,0.08721566563719574,0.6574125567626953,4,170.741,0.556213,0.00744646,12394.9,0.0,3.7940,8.3597,13.2723,23.2603,42.7226,64.4025,69.7204,73.3893,75.7157,77.8727,79.8974,81.8156,84.3539,87.0824,91.8082,100.1380,43.3909,28.0736,13.1077
79.440,-0.02038044517423775,0.028578829315996302,0.889927434982489,4,158.616,0.550342,0.0136449,11153.8,0.0,3.8686,8.6297,13.8679,24.9084,48.0585,62.9660,67.0929,70.2112,72.2566,74.1868,76.0227,77.7797,80.1266,82.6730,87.1301,95.0990,42.0453,27.4852,12.9792
79.552,-0.021738038900676257,0.009364710790265669,0.931324057549753,4,145.246,0.541628,0.014466,9966.16,0.0,3.9469,8.8189,14.1955,25.5839,49.4988,59.5193,63.1592,65.9966,67.8853,69.6831,71.4050,73.0620,75.2879,77.7167,81.9982,89.7337,41.6583,27.2684,12.8960
79.664,-0.02455202789584469,0.0030686284317542546,0.938332175368012,3,132.37,0.532591,0.0130374,10846.5,0.0,4.0188,8.9538,14.3713,25.7480,47.6259,55.7417,59.0553,61.6883,63.4586,65.1542,66.7866,68.3642,70.4929,72.8265,76.9647,84.5100,41.6756,27.2164,12.8382
79.773,-0.028215870667216637,0.001005528164517234,0.9373535920466214,3,119.547,0.524317,0.0111601,9215.67,0.0,4.0821,9.0607,14.4890,25.7625,45.2464,52.2111,55.2503,57.7039,59.3680,60.9710,62.5214,64.0259,66.0645,68.3091,72.3123,79.6757,41.8191,27.2119,12.7923
79.888,-0.03271138525138042,0.00032949146894900724,0.9019941291771897,2,107.378,0.516991,0.0101911,7697.33,0.0,4.1409,9.1735,14.6416,25.9338,43.1572,49.2209,52.0051,54.2866,55.8475,57.3595,58.8289,60.2606,62.2087,64.3637,68.2291,75.4024,43.0760,27.1548,12.7429
79.999,-0.036330661132282095,0.00010796776454521069,0.7374276846933983,2,95.8375,0.510473,0.01004,8600.53,0.0,4.1961,9.2931,14.8281,26.2486,41.3241,46.6854,49.2430,51.3670,52.8314,54.2577,55.6501,57.0121,58.8732,60.9410,64.6711,71.6537,82.1618,27.0496,12.6900
80.108,-0.0401681008324219,3.537887708617464e-05,0.2642675649910777,2,85.2533,0.504692,0.00966566,8722.93,0.0,4.2440,9.3923,14.9755,26.4705,39.5357,44.3696,46.7395,48.7287,50.1094,51.4604,52.7846,54.0846,55.8674,57.8564,61.4630,68.2694,78.6223,26.9745,12.6461
80.212,-0.0431234811376784,1.159295044359771e-05,0.044415449648050415,2,78.0045,0.500245,0.00668639,8903.35,0.0,4.2692,9.3927,14.8909,26.0220,37.3797,41.8382,44.0645,45.9482,47.2624,48.5531,49.8222,51.0716,52.7906,54.7151,58.2207,64.8843,75.1194,27.1224,12.6457
80.331,-0.04600131455063563,3.7987780013580977e-06,0.007464904622347834,2,76.7121,0.494449,0.0183765,8769.38,0.0,4.3708,9.8439,15.9730,28.7459,37.7319,41.6885,43.7140,45.4473,46.6649,47.8670,49.0545,50.2285,51.8504,53.6745,57.0174,63.4279,73.3821,26.1505,12.4541
80.433,-0.049745987820696426,1.2447835754850214e-06,0.0012546265198780005,2,76.1084,0.484007,0.0321061,8704.99,0.0,4.5260,10.4930,17.5502,30.4599,38.0658,41.6394,43.4998,45.1043,46.2379,47.3617,48.4762,49.5813,51.1136,52.8440,56.0319,62.1946,71.8636,25.0288,12.2067
80.548,-0.054026035360123306,4.0789068201493183e-07,0.00021086507919589552,2,75.5765,0.46801,0.0472047,8646.79,0.0,4.7432,11.3758,19.7614,31.5966,38.3242,41.5978,43.3210,44.8163,45.8774,46.9327,47.9820,49.0254,50.4766,52.1213,55.1646,61.0909,70.4791,23.8358,11.9078
80.650,-0.058665782468927084,1.3365761868265285e-07,3.544009386045418e-05,2,75.0672,0.446095,0.0630042,8589.91,0.0,5.0265,12.5228,22.2791,32.3627,38.4598,41.4903,43.0988,44.5009,45.4990,46.4940,47.4859,48.4747,49.8532,51.4198,54.3300,60.0344,69.1527,22.6613,11.5653
80.764,-0.06362507159254771,4.379692848993169e-08,5.956416575126535e-06,2,74.5739,0.417973,0.0802676,8533.33,0.0,5.3880,14.0413,24.0231,32.9770,38.5883,41.4173,42.9276,44.2484,45.1912,46.1331,47.0739,48.0134,49.3256,50.8207,53.6079,59.1022,67.9579,21.4620,11.1721
80.876,-0.06899532260768862,1.4351377527580814e-08,1.0010949337815168e-06,2,74.0887,0.383173,0.0990187,8479.36,0.0,5.8399,16.0132,25.3285,33.5008,38.7235,41.3821,42.8075,44.0577,44.9519,45.8467,46.7417,47.6366,48.8890,50.3190,52.9923,58.2893,66.8911,20.2399,10.7286
80.991,-0.0748866977315296,4.702659388237681e-09,0.6220393824263889,2,70.6971,0.341902,0.11765,7749.47,0.0,6.3767,17.6624,26.2574,33.8335,38.7357,41.2486,42.6007,43.7892,44.6404,45.4933,46.3476,47.2030,48.4020,49.7731,52.3428,57.4588,65.8234,19.0870,10.2537
81.101,-0.08150884934270666,0.005684620681592428,0.12431879846973523,2,63.5516,0.299548,0.131071,7201.03,0.0,6.9052,18.5736,26.5725,33.6621,38.2966,40.6871,41.9771,43.1130,43.9279,44.7454,45.5652,46.3871,47.5406,48.8617,51.3440,56.3082,64.4781,18.2928,9.8270
81.212,-0.08899713060143061,0.05209218181744421,0.0208942604588084,2,62.2171,0.253101,0.150919,7141.65,0.0,7.5602,19.6207,27.2784,34.0402,38.4761,40.7711,42.0115,43.1051,43.8903,44.6787,45.4697,46.2632,47.3777,48.6557,51.0611,55.8861,63.8614,17.2072,9.3355
81.337,-0.09577062900365368,0.2228966200978521,0.002458188848718349,2,62.5371,0.188839,0.174519,7275.76,0.0,8.4749,20.6495,27.9459,34.3628,38.5864,40.7778,41.9644,43.0115,43.7641,44.5200,45.2793,46.0415,47.1130,48.3433,50.6630,55.3315,63.0861,15.9655,8.7079
81.442,-0.1013028018307024,0.28056877423928916,0.00041314779980409296,2,63.6649,0.127467,0.193814,7447.78,0.0,9.2179,21.3291,28.3395,34.4894,38.5473,40.6577,41.8017,42.8122,43.5388,44.2694,45.0035,45.7409,46.7786,47.9710,50.2228,54.7658,62.3437,14.9907,8.1513
81.562,-0.0677162010411658,0.19129337750523026,6.94377507130739e-05,2,64.9935,0.0584362,0.214546,7584.86,0.0,9.9157,21.9452,28.7015,34.6119,38.5186,40.5538,41.6583,42.6346,43.3372,44.0440,44.7546,45.4688,46.4745,47.6312,49.8184,54.2405,61.6452,14.0021,7.5862
81.665,0.0408441144049558,0.06268301394091386,1.1670402762346329e-05,2,65.5064,-0.0136801,0.213093,7553.14,0.0,10.2292,21.3797,27.5724,33.0516,36.7140,38.6350,39.6813,40.6082,41.2765,41.9497,42.6276,43.3100,44.2725,45.3820,47.4864,51.7671,59.0052,14.0064,7.1875
81.778,0.013383799408215916,0.029010428992533654,1.9614445922675476e-06,2,65.4816,-0.0782871,0.176427,7523.51,0.0,10.3197,20.4398,26.0280,31.0396,34.4336,36.2285,37.2101,38.0822,38.7123,39.3481,39.9896,40.6364,41.5507,42.6073,44.6192,48.7425,55.7984,14.7441,6.9281
81.893,0.004385603390084191,0.12695262760664844,3.296599926224067e-07,2,65.5289,-0.130554,0.139239,7568.62,0.0,10.3647,19.6659,24.7673,29.3852,32.5444,34.2262,35.1492,35.9711,36.5660,37.1674,37.7750,38.3887,39.2576,40.2642,42.1875,46.1557,53.0212,15.9234,6.7342
81.995,-0.42364734009927585,0.22974341318602154,5.54059549600479e-08,2,66.1652,-0.173574,0.117041,7705.16,0.0,10.4929,19.3807,24.2121,28.5966,31.6092,33.2179,34.1024,34.8911,35.4626,36.0407,36.6253,37.2163,38.0539,39.0256,40.8860,44.7390,51.4494,16.6118,6.5214
82.106,-0.13882076040373073,0.27045073178904555,9.312078850135251e-09,2,67.177,-0.221357,0.133153,7853.71,0.0,11.0595,20.4719,25.4965,30.0005,33.0681,34.6988,35.5936,36.3903,36.9670,37.5499,38.1388,38.7337,39.5761,40.5518,42.4162,46.2640,52.9289,13.8131,6.0442
82.221,-0.045488786769094486,0.3294142332926344,1.565081092342232e-09,2,68.5816,-0.268582,0.1198,8047.41,0.0,11.3036,20.5203,25.3886,29.7476,32.7198,34.3019,35.1707,35.9447,36.5052,37.0720,37.6449,38.2236,39.0435,39.9938,41.8115,45.5702,52.1040,13.3761,5.7359
82.332,-0.05705100088494708,0.4182564032309554,2.63043179189959e-10,2,70.5009,-0.307077,0.0892159,8343.13,0.0,11.2919,19.9123,24.4438,28.5219,31.3201,32.8160,33.6394,34.3742,34.9070,35.4463,35.9920,36.5439,37.3268,38.2358,39.9792,43.6022,49.9557,14.4744,5.5831
82.439,-0.30230498065220757,0.4860296390700945,4.42096671264564e-11,2,72.9009,-0.338365,0.0754334,8731.31,0.0,11.4000,19.8006,24.1889,28.1381,30.8524,32.3055,33.1059,33.8205,34.3389,34.8637,35.3950,35.9326,36.6956,37.5821,39.2838,42.8273,49.0641,14.6262,5.3954
82.552,-0.09905929606011536,0.5245294655679886,7.430318753943529e-12,2,75.8117,-0.372001,0.0840389,9191.65,0.0,11.7518,20.4074,24.8827,28.8862,31.6262,33.0890,33.8938,34.6116,35.1320,35.6587,36.1916,36.7305,37.4948,38.3821,40.0833,43.6190,49.8216,12.6998,5.0711
82.652,-0.1750081845447169,0.5433522410585685,1.2488136729752892e-12,2,79.1771,-0.402429,0.0656249,9548.04,0.0,11.8007,20.1384,24.4286,28.2731,30.9104,32.3211,33.0981,33.7917,34.2948,34.8043,35.3199,35.8417,36.5823,37.4427,39.0950,42.5376,48.6068,13.0630,4.9063
82.762,-0.13761257675776284,0.5518571818813217,2.0988811401695685e-13,2,82.4447,-0.430241,0.0646827,10068.8,0.0,12.0055,20.3776,24.6576,28.4822,31.1011,32.5009,33.2714,33.9591,34.4578,34.9627,35.4738,35.9909,36.7248,37.5772,39.2134,42.6220,48.6288,12.1594,4.6763
82.876,-0.04509288915198373,0.5560912117494965,3.5275895322829943e-14,2,85.9111,-0.455201,0.0505416,10396.3,0.0,12.0537,20.1919,24.3370,28.0425,30.5834,31.9430,32.6920,33.3608,33.8461,34.3376,34.8352,35.3388,36.0538,36.8849,38.4819,41.8147,47.7090,12.3493,4.5303
82.988,-0.18690062740610133,0.5689156206098249,5.928819726908029e-15,2,89.3488,-0.469091,0.0124676,10773.1,0.0,11.7932,19.2448,23.0429,26.4594,28.8178,30.0858,30.7862,31.4127,31.8679,32.3294,32.7973,33.2715,33.9458,34.7311,36.2447,39.4225,45.1033,53.7636,4.5941
83.099,-0.3024681340595516,0.5978652158739274,9.964567315014325e-16,2,92.5567,-0.475115,0.0164635,11335.0,0.0,11.8728,19.3997,23.2276,26.6642,29.0332,30.3055,31.0079,31.6360,32.0922,32.5548,33.0237,33.4988,34.1741,34.9603,36.4747,39.6519,45.3221,54.5451,4.5210
83.203,-0.10841104931902448,0.6174015247188185,1.6747448286344577e-16,2,95.9437,-0.482423,0.0313389,11895.0,0.0,12.0658,19.8698,23.8229,27.3567,29.7832,31.0833,31.8001,32.4404,32.9052,33.3762,33.8533,34.3363,35.0226,35.8210,37.3564,40.5684,46.2845,13.1127,4.3857
83.317,-0.4146540160841788,0.6295209304479874,2.814743633485934e-17,2,99.5571,-0.488327,0.0303752,12206.8,0.0,12.1001,19.8913,23.8293,27.3460,29.7593,31.0520,31.7646,32.4012,32.8633,33.3315,33.8057,34.2858,34.9678,35.7611,37.2869,40.4785,46.4437,12.9446,4.3391
83.422,-0.2376096381986637,0.6366334399735715,4.7307396247998095e-18,2,102.65,-0.496932,0.0464951,12860.3,0.0,12.3232,20.4237,24.4970,28.1163,30.5894,31.9104,32.6376,33.2865,33.7572,34.2338,34.7163,35.2045,35.8973,36.7024,38.2485,41.5545,48.7806,11.1997,4.1930
83.535,-0.07785992624493812,0.6384084049855399,7.950954087401039e-19,2,106.014,-0.508762,0.0694997,13249.1,0.0,12.6486,21.2041,25.4737,29.2399,31.7976,33.1586,33.9062,34.5725,35.0553,35.5437,36.0376,36.5372,37.2599,38.1287,39.8937,44.0622,53.7408,9.6168,3.9993
83.647,-0.025513140631941322,0.6416478673175366,1.3363168534694927e-19,2,109.583,-0.520874,0.0553915,13627.3,0.0,12.5899,20.8734,25.0022,28.6505,31.1330,32.4561,33.1837,33.8432,34.3338,34.8415,35.3672,35.9117,36.7077,37.6688,39.6351,44.3555,55.7524,9.9490,3.9535
83.756,-0.04139652767109094,0.6459936536313604,2.2459477356261766e-20,2,113.472,-0.52559,0.00881976,13735.7,0.0,12.1671,19.5935,23.3104,26.6240,28.8986,30.1214,30.8165,31.4568,31.9336,32.4276,32.9397,33.4708,34.2483,35.1889,37.1196,41.7898,53.2766,14.1700,4.1104
83.868,-0.14017667999221528,0.6485018996406742,3.7747643592669146e-21,2,117.247,-0.511187,-0.0402673,14069.0,0.0,11.6307,18.2132,21.5252,24.5036,26.5691,27.7292,28.3985,29.0160,29.4765,29.9542,30.4499,30.9648,31.7196,32.6348,34.5204,39.1197,50.6707,88.2232,4.4918
83.980,-0.29912994275214283,0.6518852684898812,6.344246458619902e-22,2,120.573,-0.475974,-0.0530852,14785.1,0.0,11.2695,17.5688,20.7561,23.6603,25.8685,27.1646,27.9185,28.6180,29.1422,29.6883,30.2576,30.8516,31.7276,32.7978,35.0318,40.6513,55.9335,121.1850,4.9107
84.084,-0.16979507945462294,0.6543431807943892,1.0662775023002468e-22,3,123.379,-0.4297,-0.0406612,12087.6,0.0,11.0269,17.3937,20.7073,24.1624,26.9624,28.6526,29.6523,30.5912,31.3020,32.0492,32.8354,33.6637,34.9009,36.4380,39.7402,48.6562,78.4413,200.0000,5.2827
84.191,-0.12512618107038537,0.6541848394983304,1.7920925981160246e-23,3,123.999,-0.378223,-0.0465291,11946.0,0.0,10.6034,16.8011,20.4971,24.5906,28.0579,30.2203,31.5250,32.7681,33.7210,34.7337,35.8120,36.9621,38.7075,40.9236,45.8713,60.6584,132.7070,47.1976,5.8311
84.304,-0.08577958879093449,0.6516482862536879,3.011970029653603e-24,3,126.611,-0.318836,-0.0711644,12063.1,0.0,9.9915,16.0398,20.0497,24.6894,28.7962,31.4445,33.0764,34.6556,35.8826,37.2026,38.6265,40.1669,42.5479,45.6486,52.9050,77.7860,200.0000,34.6415,6.6494
84.415,-0.029388338365363413,0.6306400987208585,5.06221802883881e-25,3,129.294,-0.243012,-0.119768,12220.1,0.0,9.1409,14.9412,18.9608,23.7466,28.1098,30.9897,32.7907,34.5534,35.9365,37.4379,39.0734,40.8616,43.6648,47.3888,56.4436,91.6409,200.0000,34.6644,7.9459
84.523,-0.009629970715562283,0.6163232139551009,8.508069841069389e-26,3,131.893,-0.136073,-0.18637,12386.9,0.0,8.2027,13.5428,17.2867,21.7947,25.9538,28.7251,30.4690,32.1838,33.5349,35.0072,36.6177,38.3865,41.1765,44.9156,54.1654,92.3992,200.0000,38.3334,9.3214
84.634,-0.10122204897376295,0.6132521618425575,1.4299512981885325e-26,3,134.373,-0.00411018,-0.191475,12606.6,0.0,7.2696,12.0600,15.4375,19.5269,23.3220,25.8627,27.4663,29.0469,30.2950,31.6576,33.1512,34.7956,37.3973,40.8996,49.6422,87.0032,200.0000,42.7789,10.6776
84.746,-0.11697967359366013,0.6171037418300692,2.4033191468654673e-27,3,136.608,0.117595,-0.147114,12916.2,0.0,6.5923,11.4934,15.1683,19.9006,24.5989,27.9253,30.1050,32.3175,34.1113,36.1188,38.3804,40.9476,45.1845,51.2549,68.5595,200.0000,107.6600,36.5518,11.2544
84.855,-0.038331899443170545,0.619835546310377,4.039258490136791e-28,3,138.958,0.215003,-0.105556,13090.2,0.0,6.0565,11.1248,15.2027,20.8623,26.9956,31.6879,34.9366,38.3863,41.3032,44.7036,48.7180,53.5291,62.1265,76.1108,131.8010,200.0000,70.3013,32.5250,11.5959
84.962,-0.07505843700402054,0.6213330477524843,6.788781744372906e-29,3,141.384,0.292312,-0.0902136,13290.3,0.0,5.5293,10.3709,14.3845,20.1436,26.6475,31.8188,35.5036,39.5140,42.9862,47.1314,52.1658,58.4092,70.1771,91.1905,200.0000,200.0000,65.1893,32.4347,12.1054
85.077,-0.03621788296387746,0.621221405275034,1.1409905477767544e-29,3,143.755,0.353481,-0.0646871,13509.7,0.0,5.1630,10.0493,14.3296,20.8808,28.9281,35.8816,41.1718,47.2787,52.8866,60.0092,69.3550,82.1563,110.8030,184.2630,200.0000,141.3460,56.2984,30.7881,12.3059
85.186,-0.011867875889603367,0.624904294924273,1.9176628136483916e-30,3,146.157,0.400594,-0.0515121,13720.1,0.0,4.8432,9.6208,13.9397,20.8111,29.7158,37.8566,44.3492,52.1899,59.7392,69.8482,84.0831,105.6150,164.6750,200.0000,200.0000,119.0270,53.4333,30.3979,12.5471
85.291,-0.12859027929862205,0.6324387252982858,3.2230158908988523e-31,3,148.556,0.438689,-0.0396059,13949.2,0.0,4.5849,9.2842,13.6639,20.9088,30.8410,40.5070,48.6536,59.0562,69.7083,85.0566,109.0830,152.0420,200.0000,200.0000,200.0000,104.6650,51.0721,29.9858,12.7214
85.404,-0.042666559022172465,0.6421763906463673,5.416922807833702e-32,3,150.903,0.459953,-0.00208456,14185.4,0.0,4.5729,9.8928,15.4336,26.1444,45.1067,70.9001,102.0560,165.8580,200.0000,200.0000,200.0000,200.0000,200.0000,199.4610,129.4340,73.1196,42.5492,27.0699,12.4140
85.511,-0.013980978060385474,0.6646768635932516,9.104222163126107e-33,3,153.394,0.461912,0.0135953,14418.5,0.0,4.6292,10.3252,16.5910,29.7931,57.4590,107.4970,200.0000,200.0000,200.0000,200.0000,200.0000,200.0000,194.2460,153.3550,105.2850,64.8052,39.6558,25.9211,12.2395
85.621,-0.009225203773639612,0.6894530353653617,1.5301466189566047e-33,3,156.062,0.452486,0.0184972,14664.7,0.0,4.7342,10.6650,17.3096,31.7430,64.0453,130.7070,200.0000,200.0000,200.0000,200.0000,197.7490,194.4120,180.9980,140.3580,98.8135,62.1575,38.5670,25.4079,12.1030
85.734,-0.03639149346024623,0.7078567108628967,2.5717174224803656e-34,3,158.833,0.436365,0.029524,14956.4,0.0,4.9303,11.3669,18.8984,36.5536,83.9610,200.0000,199.3570,196.9790,194.8640,192.2390,188.7170,182.1700,145.6760,117.9080,86.8997,57.0304,36.4104,24.3908,11.8435
85.842,-0.011924764577053484,0.715025656937429,4.3222854719627516e-35,4,159.717,0.409678,0.0433108,11842.5,0.0,5.2409,12.4574,21.4188,44.9593,133.6610,194.3680,191.6390,188.4840,185.4910,181.0810,162.6120,139.2810,115.9970,97.4047,74.9281,51.3452,33.8231,23.0968,11.4754
85.953,-0.003907506856608885,0.7179771209371317,7.264465192727796e-36,4,161.654,0.374495,0.0483586,12276.5,0.0,5.5841,13.4286,23.4001,50.8905,192.2680,188.3780,185.3790,181.8410,178.2720,170.6040,144.5450,125.4010,105.7980,89.7753,69.9506,48.5955,32.3471,22.2354,11.1376
86.063,-0.0012804118467735996,0.7207527937699294,1.2209386649417607e-36,4,163.795,0.334809,0.0497033,12447.6,0.0,5.9471,14.3468,25.0924,55.1213,186.9340,182.9420,179.8760,176.2420,172.4910,161.2000,137.1460,119.3460,101.0070,85.9312,67.1705,46.8269,31.2539,21.5210,10.8029
86.171,-0.0004195653539507731,0.7234030996812805,2.0520316141676173e-37,4,165.931,0.293084,0.050326,12602.6,0.0,6.3245,15.2796,26.7698,59.0857,181.6000,177.5580,174.4700,170.8050,166.9770,154.2300,131.4590,114.5550,97.0893,82.6949,64.7351,45.2010,30.2059,20.8159,10.4593
86.285,-0.019040645314245087,0.7256268253598119,3.4488495339315144e-38,4,168.051,0.250188,0.0507805,12760.6,0.0,6.7117,16.2323,28.4749,63.0697,176.2070,172.1270,169.0290,165.3490,161.4680,147.7800,126.1290,110.0180,93.3389,79.5675,62.3527,43.5878,29.1540,20.1026,10.1081
86.394,-0.02922934559657183,0.7281640328995282,5.796481411678697e-39,4,170.135,0.202666,0.0659158,12925.4,0.0,7.2595,18.2191,33.4473,85.0832,168.6230,163.2920,158.8180,148.9570,126.2460,109.5520,96.7635,86.6548,75.6069,66.0018,53.3283,38.5919,26.5402,18.6392,9.5939
86.505,-0.009577871965084658,0.7289954250661425,9.742146308608389e-40,4,172.219,0.143637,0.0773904,13075.2,0.0,7.9010,20.4307,39.0243,114.7730,161.0030,154.1310,143.8490,114.5530,100.0130,88.7536,79.7788,72.4574,64.2155,56.8370,46.7834,34.6135,24.2542,17.2540,9.0328
86.610,-0.003138477085518941,0.7297497306512986,1.6373625300878121e-40,4,174.295,0.0761498,0.0808317,13228.1,0.0,8.5581,22.3368,43.2198,134.1200,154.5620,146.8500,126.2620,101.9470,89.6261,79.9678,72.1936,65.8016,58.5513,52.0113,43.0243,32.0262,22.5598,16.1080,8.4748
86.723,-0.0010284161713828466,0.7312091183023175,2.7519152043185863e-41,4,176.351,0.00444444,0.0819604,13379.5,0.0,9.2346,24.1770,46.9844,156.2190,148.4530,140.1840,115.3080,93.4918,82.3677,73.6139,66.5469,60.7221,54.0999,48.1119,39.8612,29.7292,20.9774,14.9961,7.9025
86.832,-0.0003369914110387312,0.7331570491978033,4.625143883898249e-42,4,178.393,-0.0693785,0.0824143,13533.2,0.0,9.9247,26.0161,50.6478,150.3560,142.3720,133.5530,105.9150,86.0161,75.8447,67.8287,61.3497,56.0044,49.9216,44.4162,36.8223,27.4840,19.4063,13.8796,7.3189
86.941,-0.00011042534556917144,0.7331930034436362,7.773479325667788e-43,4,180.417,-0.144516,0.0824801,13686.3,0.0,10.6228,27.8513,54.2344,144.4310,136.2660,126.7950,97.2420,78.9912,69.6590,62.3026,56.3558,51.4489,45.8641,40.8089,33.8348,25.2569,17.8355,12.7570,6.7276
87.054,-3.61841772361061e-05,0.7338071286809108,1.3064886702649851e-43,4,182.426,-0.220634,0.0825326,13831.1,0.0,11.3300,29.7097,57.8651,138.4040,130.0470,119.3330,88.5019,71.9050,63.4159,56.7232,51.3120,46.8466,41.7639,37.1625,30.8138,23.0039,16.2457,11.6206,6.1288
87.164,0.06285944860095327,0.7347612949261608,2.1958155081143603e-44,4,184.366,-0.294768,0.0663306,13987.7,0.0,11.7941,29.6307,54.4704,133.9630,127.1230,120.9980,114.0230,86.6059,73.4971,63.8393,56.4285,50.5629,44.1441,38.5574,31.1765,22.5808,15.5401,10.9191,5.6237
87.274,0.02059778411756037,0.7370029619807793,3.6905071244878054e-45,4,186.281,-0.352004,0.0416037,14133.3,0.0,11.9808,28.3676,48.5607,100.7920,124.7510,120.6730,117.7380,114.2630,110.3750,93.4796,77.2818,65.8727,54.5959,45.6692,34.9682,23.8460,15.6512,10.6633,5.2833
87.382,0.006749481899642182,0.7421361266756117,6.202635324126656e-46,4,188.242,-0.393591,0.0344908,14275.2,0.0,12.2549,28.5602,48.0389,95.4844,119.4960,115.7900,113.2120,110.3490,107.6240,103.0780,84.2159,70.0772,56.7466,46.6201,34.9465,23.3199,15.0649,10.1639,4.9769
87.494,0.0632803994624685,0.7430652323953144,1.042476918925967e-46,4,190.215,-0.427973,0.0317766,14413.3,0.0,12.5209,29.0078,48.4798,94.9101,113.6250,110.0700,107.6380,104.9900,102.5590,99.0440,84.7612,69.7454,55.8905,45.5565,33.8426,22.3824,14.3675,9.6560,4.7066
87.603,0.020735721295861674,0.7392647091012966,1.752090957638873e-47,4,192.119,-0.453146,0.0121905,14558.6,0.0,12.4835,27.7655,44.4903,79.4350,109.4670,106.6140,104.7490,102.8510,101.2890,99.4815,97.2906,94.3515,78.4048,58.8072,40.0570,24.4934,14.9264,9.7343,4.5847
87.711,0.006794681154227954,0.5269099161283128,2.944739272503654e-48,4,193.923,-0.465522,0.00430268,14642.5,0.0,12.4892,27.3506,43.1669,74.7732,103.9330,101.3280,99.6590,97.9875,96.6430,95.1337,93.3975,91.3112,87.0588,66.9244,43.3079,25.4234,15.1183,9.7286,4.5158
87.821,0.0022264811206174156,0.17265784131692558,4.949223295296892e-49,4,193.794,-0.470805,0.00231045,14409.5,0.0,12.5091,27.2892,42.9117,73.8012,97.8245,95.3218,93.7384,92.1689,90.9191,89.5322,87.9634,86.1320,82.7471,69.1340,44.0621,25.5727,15.1075,9.6877,4.4800
87.934,0.0007295733336039149,0.05657652144273018,0.0588226318359375,4,192.24,-0.473408,0.00132578,14223.6,0.0,12.5189,27.2589,42.7871,95.2907,91.6513,89.2350,87.7244,86.2410,85.0703,83.7831,82.3461,80.7017,77.8159,70.2995,44.4512,25.6488,15.1024,9.6675,4.4624
88.042,0.00023906658995533078,0.018538994546353826,0.6214265176391601,4,186.388,-0.474764,0.000230487,13495.0,0.0,12.5167,27.1971,42.6056,89.1511,85.5714,83.2478,81.8126,80.4165,79.3243,78.1346,76.8224,75.3478,72.8619,68.5796,45.0290,25.8106,15.1411,9.6733,4.4558
88.155,7.833734019656278e-05,0.006074857732949222,0.813702449863559,4,174.093,-0.475254,-0.000670735,12315.7,0.0,12.5096,27.1351,42.4396,83.2844,79.7707,77.5379,76.1744,74.8602,73.8404,72.7389,71.5372,70.2068,68.0310,64.6977,45.5723,25.9768,15.1913,9.6896,4.4556
88.263,2.5669579635609693e-05,0.0019906093819328013,0.8476842403713711,4,160.796,-0.475113,-0.00131971,11204.8,0.0,12.5003,27.0816,42.3067,77.8045,74.3605,72.2143,70.9177,69.6787,68.7244,67.7015,66.5959,65.3872,63.4564,60.6840,46.0158,26.1226,15.2420,9.7105,4.4597
88.371,8.411407854996585e-06,0.0006522828822717404,0.8536780261800953,4,147.982,-0.474559,-0.00171024,10147.4,0.0,12.4907,27.0409,42.2138,72.7147,69.3432,67.2796,66.0454,64.8755,63.9806,63.0276,62.0063,60.9016,59.1699,56.7871,46.3285,26.2346,15.2864,9.7319,4.4662
88.483,2.756250125925281e-06,0.0002137400548628039,0.8383962385529597,3,135.539,-0.473759,-0.0019396,11336.3,0.0,12.4811,27.0083,42.1458,68.0112,64.7157,62.7318,61.5564,60.4506,59.6100,58.7206,57.7743,56.7602,55.1949,53.1078,46.5284,26.3244,15.3263,9.7532,4.4740
88.592,9.03168041263196e-07,7.003834117744359e-05,0.8251236389007541,3,123.536,-0.472825,-0.00213272,9826.04,0.0,12.4708,26.9761,42.0813,63.6907,60.4750,58.5686,57.4494,56.4036,55.6134,54.7820,53.9034,52.9694,51.5468,49.6961,44.8563,26.4133,15.3677,9.7760,4.4828
88.702,2.9595010376112406e-07,2.2950163637024716e-05,0.8232104376438583,3,111.998,-0.471829,-0.00260097,8536.7,0.0,12.4565,26.9215,63.7755,59.7605,56.6303,54.8011,53.7364,52.7480,52.0052,51.2279,50.4116,49.5502,48.2533,46.6003,42.6389,26.5663,15.4311,9.8080,4.4934
88.812,9.697693000044512e-08,7.5203096205802595e-06,0.8231828814225279,2,101.068,-0.470794,-0.0029586,9421.88,0.0,12.4433,26.8749,60.1839,56.1850,53.1391,51.3826,50.3684,49.4323,48.7325,48.0037,47.2425,46.4445,45.2545,43.7630,40.3731,26.6979,15.4877,9.8375,4.5038
88.921,3.177740042254586e-08,2.4642550564717396e-06,0.8223547332027058,2,90.5986,-0.46976,-0.0030883,7352.52,0.0,12.4330,26.8461,56.9185,52.9440,49.9789,48.2896,47.3216,46.4328,45.7714,45.0856,44.3726,43.6295,42.5303,41.1712,38.1921,26.7790,15.5276,9.8605,4.5132
89.033,1.0412818570459827e-08,8.074870969046596e-07,0.4596927251338905,2,80.5926,-0.46876,-0.00309402,5989.13,0.0,12.4245,26.8274,53.9752,50.0320,47.1445,45.5175,44.5917,43.7456,43.1187,42.4710,41.8007,41.1054,40.0841,38.8353,36.1705,26.8307,15.5572,9.8792,4.5217
89.143,3.412072389168276e-09,2.645973719137188e-07,0.07726055631325299,2,71.7976,-0.46779,-0.00405437,8170.39,0.0,12.4044,26.7358,51.3823,47.4862,44.6804,43.1156,42.2308,41.4259,40.8317,40.2201,39.5897,38.9387,37.9886,36.8381,34.4366,27.0974,15.6575,9.9252,4.5344
89.251,1.1180678804826606e-09,8.670326682868738e-08,0.012985181699568436,2,68.9847,-0.466332,-0.00518257,7897.92,0.0,12.3783,26.6232,48.9897,45.1469,42.4220,40.9172,40.0714,39.3051,38.7415,38.1633,37.5696,36.9589,36.0727,35.0087,32.8273,27.0464,15.7859,9.9856,4.5520
89.362,3.6636848307655824e-10,2.841092647442428e-08,0.0021824194882464672,2,68.3496,-0.464539,-0.00550062,7831.83,0.0,12.3592,27.2204,46.5899,42.7996,40.1532,38.7059,37.8973,37.1675,36.6328,36.0859,35.5263,34.9529,34.1249,33.1384,31.1468,26.2584,15.8633,10.0285,4.5687
89.471,1.2005162453452661e-10,9.309692387139346e-09,0.0003667992433895839,2,67.8267,-0.462633,-0.00581438,7774.04,0.0,12.3393,48.4176,44.1926,40.4626,37.8985,36.5102,35.7392,35.0462,34.5402,34.0244,33.4983,32.9613,32.1897,31.2770,29.4598,25.2316,15.9439,10.0736,4.5865
89.582,0.08790454620219026,3.050600001417821e-09,6.164794883648737e-05,2,67.323,-0.459515,-0.0134853,7717.38,0.0,12.2207,46.2679,42.0838,38.4710,36.0268,34.7172,33.9940,33.3469,32.8762,32.3981,31.9122,31.4184,30.7127,29.8842,28.2594,24.6486,16.6557,10.3678,4.6493
89.691,0.07042425245706026,0.01110571389024561,1.036117076094843e-05,2,66.8368,-0.449745,-0.0339349,7663.16,0.0,11.9045,44.5050,40.4651,37.0447,34.7663,33.5589,32.8951,32.3032,31.8742,31.4401,31.0006,30.5556,29.9231,29.1861,27.7604,24.7055,18.7008,11.2565,4.8359
89.804,0.22706169895453437,0.029371245327555678,1.7414019697926024e-06,2,66.5306,-0.433826,-0.0522435,7648.6,0.0,11.5776,42.6721,38.7511,35.4966,33.3609,32.2402,31.6278,31.0832,30.6893,30.2916,29.8903,29.4852,28.9118,28.2473,26.9742,24.3130,19.4826,12.3193,5.0761
89.911,0.5143243195415546,0.009624369668933444,2.926774290630427e-07,2,65.7861,-0.402337,-0.119726,7548.84,0.0,10.6980,42.1990,38.6666,35.7572,33.8638,32.8768,32.3395,31.8633,31.5196,31.1730,30.8236,30.4712,29.9731,29.3968,28.2972,26.0340,22.0861,16.2720,5.8064
90.021,0.16853379302737656,0.0031537134531161104,4.919029550262558e-08,2,65.1974,-0.34205,-0.214198,7474.84,0.0,9.5718,15.9970,39.1881,36.6661,35.0263,34.1729,33.7089,33.2981,33.0018,32.7033,32.4026,32.0997,31.6719,31.1779,30.2374,28.3038,24.9506,20.1237,7.3019
90.132,0.05522515329921076,0.0010334088243170872,8.26741296512628e-09,2,64.7643,-0.264024,-0.249435,7428.54,0.0,8.8210,14.3770,37.9025,35.5419,34.0218,33.2350,32.8086,32.4316,32.1603,31.8873,31.6126,31.3363,30.9467,30.4978,29.6462,27.9077,24.9302,20.7240,8.6472
90.242,0.018096178233085382,0.00033862740355222314,1.3895040970487741e-09,2,64.3492,-0.180163,-0.260408,7381.01,0.0,8.1830,13.9477,35.9727,33.6997,32.2561,31.5146,31.1143,30.7614,30.5079,30.2532,29.9975,29.7406,29.3794,28.9642,28.1797,26.5917,23.9145,20.2121,9.7543
90.353,0.07621557612164984,0.146241061036971,2.335339535909875e-10,2,64.1227,-0.0950881,-0.264011,7408.67,0.0,7.5773,36.6879,33.8559,31.6566,30.2805,29.5797,29.2029,28.8716,28.6342,28.3962,28.1576,27.9184,27.5828,27.1982,26.4746,25.0225,22.6126,19.3509,10.3709
90.461,0.5038063449266691,0.2964473021305946,3.925005158003726e-11,2,64.6793,-0.00243497,-0.300204,7611.76,0.0,6.7994,35.2254,32.5055,30.4258,29.1375,28.4848,28.1349,27.8279,27.6081,27.3880,27.1677,26.9471,26.6379,26.2842,25.6206,24.2957,22.1159,19.1944,11.1106
90.572,0.22130467572069593,0.3201847308684032,6.596756169056862e-12,2,65.8003,0.113838,-0.377173,7788.21,0.0,5.8158,10.7131,32.0125,30.0868,28.8992,28.2988,27.9772,27.6951,27.4933,27.2913,27.0890,26.8866,26.6031,26.2789,25.6710,24.4586,22.4662,19.7946,12.1775
90.682,0.1752452369951381,0.2748679158140833,1.108716809333387e-12,2,67.2157,0.248391,-0.399011,7878.87,0.0,5.0060,10.0475,30.5765,28.7558,27.6441,27.0854,26.7870,26.5258,26.3391,26.1525,25.9659,25.7794,25.5184,25.2205,24.6633,23.5575,21.7545,19.3607,12.5624
90.791,0.32880990481964495,0.16602426552895883,1.8634203414466236e-13,2,68.0236,0.375526,-0.337136,7926.13,0.0,4.2951,31.4963,29.1549,27.4316,26.3897,25.8689,25.5916,25.3492,25.1763,25.0037,24.8313,24.6591,24.4186,24.1445,23.6330,22.6226,20.9876,18.8375,12.7756
90.902,0.4073594953309341,0.10274543484415422,3.13185056786934e-14,2,68.1366,0.488009,-0.295095,7881.95,0.0,3.5991,8.4282,28.1937,26.5661,25.5886,25.1017,24.8428,24.6168,24.4557,24.2950,24.1346,23.9746,23.7512,23.4970,23.0235,22.0909,20.5883,18.6215,13.0834
91.011,0.5315104713837113,0.05320765533973245,5.2637012494179994e-15,2,67.8446,0.58902,-0.271732,7822.6,0.0,2.9213,6.1166,27.6395,26.0967,25.1744,24.7158,24.4722,24.2597,24.1083,23.9572,23.8065,23.6562,23.4465,23.2079,22.7639,21.8906,20.4871,18.6530,13.4681
91.122,0.5882718797213974,0.01743508450172353,8.846702689896831e-16,2,67.0497,0.680439,-0.25942,7694.11,0.0,2.2744,4.3606,27.3751,25.9050,25.0275,24.5917,24.3603,24.1586,24.0149,23.8716,23.7286,23.5861,23.3873,23.1610,22.7400,21.9121,20.5814,18.8425,13.8953
91.232,0.5799612853979073,0.0057131284895247676,1.4868653210909607e-16,2,65.9718,0.763567,-0.256919,7554.21,0.0,1.6743,3.0048,4.9598,25.8631,25.0229,24.6057,24.3841,24.1909,24.0533,23.9161,23.7792,23.6427,23.4522,23.2356,22.8326,22.0401,20.7661,19.0980,14.3209
91.342,0.45967916350080634,0.0018720779434474757,2.4989745451575786e-17,2,64.7901,0.838651,-0.249254,7412.7,0.0,1.1422,1.9650,2.7505,26.0699,25.0711,24.6246,24.3996,24.2100,24.0775,23.9455,23.8138,23.6825,23.4992,23.2908,22.9029,22.1399,20.9128,19.3057,14.6789
91.453,0.35321639940311317,0.0006134425005088688,4.200026518046342e-18,2,63.656,0.903955,-0.233052,7274.75,0.0,0.6831,1.1485,1.5272,2.1231,3.3500,25.0354,24.7353,24.4823,24.3070,24.1360,23.9692,23.8065,23.5854,23.3419,22.9105,22.1373,20.9536,19.4028,14.9321
91.562,0.23070227502729884,0.08185623744794175,7.058984568880489e-19,2,62.8813,0.955455,-0.168426,7247.93,0.0,0.3295,0.5794,0.7828,1.0869,1.4997,2.0534,24.6404,24.3414,24.1345,23.9328,23.7363,23.5448,23.2848,22.9987,22.4923,21.5865,20.3459,18.8928,14.7656
91.671,0.34925203139751365,0.2595426772775666,1.186403536491744e-19,2,63.0581,0.990845,-0.0847161,7574.74,0.0,0.0720,0.1374,0.1943,0.2825,0.3977,0.5106,0.6138,0.7768,23.9038,23.6743,23.4510,23.2336,22.9388,22.6150,22.0432,21.0237,19.6312,18.1732,14.4335
91.784,0.4118248822156052,0.372021577302813,1.9939884237816743e-20,2,64.2063,1.00332,0.0114939,7537.83,0.0,-1.0000,-1.0000,-1.0000,-1.0000,-1.0000,-1.0000,-1.0000,-1.0000,-1.0000,-1.0000,-1.0000,-1.0000,-1.0000,-1.0000,-1.0000,-1.0000,-1.0000,-1.0000,-1.0000
91.891,0.4111283787478571,0.4180674171693357,3.3512963438498602e-21,2,65.7889,0.989417,0.0919024,7879.59,0.0,0.0997,0.2799,0.7131,29.4274,26.7589,25.6231,25.0627,24.5959,24.2752,23.9646,23.6636,23.3718,22.9781,22.5481,21.7949,20.4698,18.6913,16.8584,13.4862
92.001,0.3920403634386529,0.43537836641429795,5.632523765108461e-22,2,67.6153,0.946845,0.165637,8263.62,0.0,0.5635,68.7558,41.5694,32.6383,29.0026,27.4987,26.7660,26.1602,25.7463,25.3473,24.9622,24.5906,24.0915,23.5496,22.6080,20.9744,18.8240,16.6497,12.9129
92.115,0.3670510607091891,0.4475260135753871,9.466582692017792e-23,2,69.5562,0.876594,0.234787,8566.35,0.0,1.5469,121.0880,53.3582,38.3629,32.9266,30.7769,29.7493,28.9093,28.3403,27.7953,27.2730,26.7719,26.1038,25.3845,24.1495,22.0501,19.3645,16.7292,12.2872
92.221,0.3376182509083189,0.4543842518627578,1.59104855304743e-23,2,71.7444,0.779116,0.30197,8715.12,0.0,3.0622,200.0000,80.9510,49.0412,39.7723,36.3714,34.7943,33.5275,32.6806,31.8778,31.1158,30.3917,29.4364,28.4206,26.7068,23.8772,20.4018,17.1334,11.8307
92.337,0.29844910355511056,0.46929131915038846,2.6740753031068162e-24,2,74.0167,0.66828,0.265806,8987.27,0.0,4.0085,30.2670,177.6740,69.9292,51.4000,45.4262,42.7860,40.7215,39.3683,38.1049,36.9228,35.8145,34.3743,32.8698,30.3918,26.4583,21.8763,17.7947,11.5316
92.446,0.2623552419041769,0.49052367633419924,4.494318361931626e-25,2,76.5164,0.578822,0.196384,9335.16,0.0,4.5488,18.7445,193.5740,127.7650,75.0431,62.2573,57.0857,53.2254,50.7774,48.5482,46.5099,44.6391,42.2645,39.8492,36.0099,30.2459,23.9957,18.8028,11.3927
92.557,0.19290422178627595,0.5116060560736905,7.553600870898485e-26,2,79.3024,0.511601,0.131908,9687.57,0.0,4.8200,14.7716,37.8338,200.0000,146.1560,102.8770,88.8664,79.4157,73.8151,68.9570,64.7038,60.9492,56.3765,51.9330,45.2676,36.0828,27.0931,20.2854,11.4232
92.667,0.0645842588669269,0.5322613205011019,1.2695336983719084e-26,2,82.3307,0.464036,0.0853588,10044.2,0.0,4.9915,13.1918,25.9835,87.3718,200.0000,200.0000,157.8200,129.4590,114.7410,103.0340,93.5017,85.5899,76.5336,68.2880,56.8373,42.6324,30.2334,21.6898,11.4854
92.771,0.021162969945514608,0.5507437176268011,2.1337052868536666e-27,2,85.6121,0.428915,0.067517,10326.1,0.0,5.2091,13.1266,24.2247,62.7231,200.0000,200.0000,200.0000,171.3230,145.9160,127.0790,112.5580,101.0210,88.3553,77.2935,62.6264,45.4696,31.3554,22.0616,11.3827
92.892,0.006934681991746227,0.5735602443607001,3.586118475614958e-28,2,88.949,0.399171,0.0619914,10760.3,0.0,5.4461,13.5339,24.5380,59.9379,200.0000,200.0000,200.0000,188.5530,157.6840,135.5090,118.8100,105.7830,91.7150,79.6276,63.8777,45.8430,31.3118,21.8894,11.2000
93.001,0.06163561825978039,0.5934676329814892,6.027189321966059e-29,2,92.4035,0.37191,0.0514275,11207.4,0.0,5.6262,13.6278,23.9493,53.3136,200.0000,200.0000,200.0000,200.0000,192.8290,160.1300,136.9220,119.5980,101.6110,86.7219,68.0601,47.6550,31.9150,22.0244,11.0858
93.110,0.02019675939136484,0.6181063743659994,1.0129897093428357e-29,2,95.9868,0.350742,0.0348665,11667.5,0.0,5.7117,13.3222,22.4284,44.6758,111.4940,200.0000,200.0000,200.0000,200.0000,200.0000,185.9700,154.9730,125.6660,103.3480,77.5633,51.8205,33.5057,22.6173,11.0819
93.221,0.006618074117362431,0.6363279834710006,1.702531804492504e-30,2,99.7059,0.33383,0.0285141,12128.3,0.0,5.8210,13.3913,22.2131,42.7389,96.8096,200.0000,200.0000,200.0000,200.0000,200.0000,200.0000,174.1630,137.6220,111.0210,81.5225,53.3115,33.9520,22.7104,11.0085
93.334,0.0021686105267773215,0.6564509067487775,2.8614452038105517e-31,2,103.518,0.318929,0.0263488,12612.7,0.0,5.9376,13.5967,22.4443,42.7104,94.0472,200.0000,200.0000,200.0000,200.0000,200.0000,200.0000,180.7250,141.3390,113.1720,82.4212,53.4785,33.8752,22.5866,10.9079
93.463,0.0005684882379315141,0.7012629258737516,3.366461667831076e-32,2,108.304,0.301767,0.0254313,13301.7,0.0,6.0813,13.8989,22.8964,43.3725,94.4252,200.0000,200.0000,200.0000,200.0000,200.0000,200.0000,182.1870,141.8210,113.1820,82.1303,53.1085,33.5627,22.3476,10.7753
93.575,0.00018628222580539857,0.738443532815936,5.65801212512369e-33,2,112.643,0.287369,0.0251982,13896.3,0.0,6.2052,14.1750,23.3394,44.1610,95.8691,200.0000,200.0000,200.0000,200.0000,200.0000,200.0000,181.1560,140.8470,112.3080,81.4202,52.6036,33.2237,22.1142,10.6585
93.686,6.1040959751913e-05,0.7653105088643759,9.509420978695387e-34,2,117.186,0.272565,0.0251648,14647.5,0.0,6.3339,14.4680,23.8200,45.0629,97.7875,200.0000,200.0000,200.0000,200.0000,200.0000,200.0000,179.2130,139.3120,111.0700,80.5121,52.0102,32.8463,21.8618,10.5363
93.797,2.0001901691506855e-05,0.7856853030134288,1.598248383889334e-34,3,122.041,0.257215,0.0251505,15200.5,0.0,6.4674,14.7726,24.3207,46.0070,99.8201,200.0000,200.0000,200.0000,200.0000,200.0000,200.0000,177.1090,137.6670,109.7530,79.5529,51.3878,32.4520,21.5990,10.4093
93.899,6.554223146272967e-06,0.8017989362633152,2.6861760588028043e-35,3,123.523,0.241508,0.0251614,11883.2,0.0,6.6043,15.0855,24.8365,46.9852,101.9550,200.0000,200.0000,200.0000,200.0000,200.0000,200.0000,174.8530,135.9200,108.3650,78.5500,50.7421,32.0451,21.3285,10.2792
94.012,2.1476878405707254e-06,0.8174438816847631,4.514656102029873e-36,3,127.411,0.225435,0.0251633,12202.0,0.0,6.7442,15.4053,25.3630,47.9815,104.1200,200.0000,200.0000,200.0000,200.0000,200.0000,200.0000,172.5820,134.1570,106.9590,77.5315,50.0846,31.6300,21.0523,10.1461
94.120,7.037543515982152e-07,0.8323268802910881,7.587782510681609e-37,3,131.308,0.208864,0.0251619,12594.7,0.0,6.8885,15.7348,25.9054,49.0073,106.3440,200.0000,200.0000,200.0000,200.0000,200.0000,200.0000,170.2540,132.3450,105.5150,76.4842,49.4079,31.2025,20.7677,10.0089
94.229,2.3060622593170314e-07,0.8427784326806588,1.2752786065702582e-37,3,135.271,0.191792,0.0251562,12969.3,0.0,7.0371,16.0740,26.4636,50.0619,108.6250,200.0000,200.0000,200.0000,200.0000,200.0000,200.0000,167.8720,130.4910,104.0340,75.4090,48.7120,30.7626,20.4747,9.8676
94.334,7.556504811330048e-08,0.8511077813520482,2.1433607540626332e-38,3,139.272,0.174208,0.0251538,13347.5,0.0,7.1902,16.4236,27.0391,51.1501,110.9820,200.0000,200.0000,200.0000,200.0000,200.0000,200.0000,165.4020,128.5700,102.5020,74.2978,47.9939,30.3089,20.1727,9.7220
94.451,2.47611549657663e-08,0.8570009528715641,3.602346419353068e-39,3,143.338,0.156114,0.0251462,13660.9,0.0,7.3477,16.7831,27.6303,52.2668,113.3940,200.0000,200.0000,200.0000,200.0000,200.0000,200.0000,162.8850,126.6060,100.9340,73.1588,47.2569,29.8429,19.8623,9.5723
94.553,8.1137352591823e-09,0.8605523320025791,6.0544636270067015e-40,3,147.316,0.137507,0.0251386,14105.3,0.0,7.5096,17.1527,28.2385,53.4150,115.8750,200.0000,200.0000,200.0000,200.0000,200.0000,200.0000,160.2920,124.5860,99.3198,71.9871,46.4986,29.3635,19.5430,9.4183
94.653,0.01244009504799534,0.8622683387038814,1.453676716844309e-40,3,150.608,0.122273,0.024954,14297.9,0.0,7.6408,17.4455,28.7088,54.2556,117.4370,200.0000,200.0000,200.0000,200.0000,200.0000,199.9640,158.8330,123.3320,98.2529,71.1609,45.9329,28.9926,19.2908,9.2938
94.783,0.011518921042667938,0.8636289682561903,1.710236120600161e-41,3,155.337,0.100699,0.0189449,14828.1,0.0,7.7796,17.5417,28.4973,52.3637,106.1200,200.0000,200.0000,200.0000,200.0000,200.0000,200.0000,181.4810,135.8990,105.6040,74.5044,46.9547,29.1699,19.2306,9.1677
94.896,0.012473789879267679,0.8660762430525634,2.874393847892691e-42,4,159.303,0.0861961,0.0136859,15189.1,0.0,7.8622,17.5395,28.1884,50.6381,97.7367,183.1080,200.0000,200.0000,200.0000,200.0000,200.0000,200.0000,150.3640,113.7630,78.1420,48.1181,29.4524,19.2544,9.0931
95.021,0.014289409304996996,0.8690872418306461,3.381695618107272e-43,4,160.688,0.074652,0.00612706,12280.4,0.0,7.9004,17.3628,27.4972,47.9515,87.2378,148.0670,200.0000,200.0000,200.0000,200.0000,200.0000,200.0000,180.1590,129.6320,84.9893,50.3945,30.1444,19.4592,9.0634
95.132,0.016324275125707662,0.8726489253718162,5.683615825352894e-44,4,163.626,0.070574,-0.000770871,12474.3,0.0,7.8804,17.0904,26.7248,45.4729,79.0714,125.6270,183.2170,200.0000,200.0000,200.0000,200.0000,200.0000,200.0000,149.9090,93.1102,53.0407,31.0076,19.7742,9.0911
95.244,0.019803994840837887,0.8749002365845867,9.55245311767061e-45,4,166.478,0.0722207,-0.0081485,12747.1,0.0,7.8091,16.7036,25.7865,42.8360,71.4750,107.5500,147.2270,200.0000,200.0000,200.0000,200.0000,200.0000,200.0000,181.3380,104.3940,56.5431,32.1772,20.2399,9.1731
95.353,0.022905996380195755,0.8783198817896624,1.6054807954868994e-45,4,169.373,0.0806722,-0.0176056,12941.5,0.0,7.6670,16.1209,24.5046,39.5910,63.1786,90.1297,116.7180,157.3670,200.0000,200.0000,200.0000,200.0000,200.0000,200.0000,124.2530,62.1211,34.0084,20.9926,9.3356
95.458,0.015803979587462543,0.8806752358179616,2.698331572974832e-46,4,172.242,0.0974912,-0.0284546,13146.2,0.0,7.4491,15.3690,22.9786,36.0863,55.1941,75.1828,93.2149,117.9960,145.6730,190.3310,200.0000,200.0000,200.0000,200.0000,159.2610,70.3659,36.5833,22.0575,9.5892
95.568,-0.03993570008759277,0.8829905440853296,4.5350858746988e-47,4,175.075,0.122254,-0.0311745,13380.3,0.0,7.2262,14.8401,22.1003,34.4784,52.2384,70.4661,86.6094,108.3450,132.0230,168.9630,200.0000,200.0000,200.0000,200.0000,174.3120,74.0980,37.9733,22.7531,9.8339
95.687,-0.031121831190952395,0.8829962946108808,7.622118829606276e-48,4,177.892,0.143984,-0.0124825,13582.2,0.0,7.1745,15.2251,23.3348,38.2581,62.4808,91.5754,121.8810,171.5970,200.0000,200.0000,200.0000,200.0000,200.0000,200.0000,119.7900,62.7006,35.0760,21.8776,9.8305
95.796,-0.024864366037801282,0.8831954465212184,1.2810495116919267e-48,4,180.687,0.153656,0.00183218,13774.2,0.0,7.1947,15.6810,24.6365,42.2993,74.7557,121.5160,182.4350,200.0000,200.0000,200.0000,200.0000,200.0000,200.0000,152.3000,96.6965,55.9631,33.0083,21.1486,9.7712
95.899,-0.02529912787289672,0.8832607046191978,2.1530599143006212e-49,4,183.427,0.151236,0.013271,14000.7,0.0,7.2995,16.2707,26.1275,46.8554,90.1149,167.7520,200.0000,200.0000,200.0000,200.0000,200.0000,200.0000,160.9050,121.4530,83.2332,51.1546,31.2731,20.4309,9.6415
96.011,-0.0278300157881408,0.8836209067521187,3.6186477979650543e-50,4,186.157,0.137372,0.0252997,14198.1,0.0,7.5121,17.1642,28.2673,53.5120,116.3140,200.0000,200.0000,200.0000,200.0000,200.0000,194.0080,159.6670,124.2060,99.0762,71.8570,46.4426,29.3402,19.5322,9.4157
96.121,-0.031243512919407974,0.8843412815370342,6.081861354039867e-51,4,188.861,0.111332,0.0390322,14384.8,0.0,7.8530,18.4867,31.4418,64.2063,173.2530,200.0000,200.0000,200.0000,195.2720,170.8770,139.6700,118.1100,97.1319,80.7542,61.3823,41.5430,27.1141,18.4089,9.0825
96.233,-0.013108129660631605,0.8853302636340553,1.0221784377734805e-51,4,191.53,0.0718652,0.0521352,14580.1,0.0,8.3204,20.1876,35.5480,79.5767,200.0000,200.0000,198.9170,181.0270,148.2010,123.4120,105.7340,92.4922,78.7030,67.2562,52.8679,37.0831,24.8690,17.1774,8.6558
96.336,-0.0042952719271957636,0.8865954953969822,1.7179753003658887e-52,4,194.176,0.021634,0.0566761,14790.8,0.0,8.8152,21.6225,38.5765,89.6892,200.0000,200.0000,186.7010,156.3230,127.8880,108.2130,93.7909,82.7665,71.0792,61.2118,48.5907,34.4570,23.3085,16.1905,8.2166
96.453,-0.001407474705103508,0.8865507994316831,2.8874010873249493e-53,4,196.817,-0.034058,0.0579607,14982.6,0.0,9.3304,22.9579,41.1155,96.6883,200.0000,193.0350,177.7620,143.1170,117.7640,100.0490,86.9724,76.9241,66.2218,57.1456,45.4823,32.3489,21.9346,15.2600,7.7598
96.561,0.05031781534238168,0.8889470343171489,4.8528550074670427e-54,5,197.288,-0.0903387,0.0472481,13139.6,0.0,9.7218,23.3188,40.5126,87.3959,200.0000,195.1710,182.7430,168.0890,141.7210,115.5600,97.5588,84.4153,71.0280,60.1389,46.7317,32.3701,21.4984,14.7568,7.3785
96.666,0.01648814173139163,0.8906056310019184,8.15619341104986e-55,5,199.161,-0.132041,0.0247185,13564.4,0.0,9.8522,22.4835,36.9803,69.8071,150.6970,200.0000,195.8280,184.9460,177.4140,168.2960,154.1650,123.5260,95.7971,76.2496,55.1722,35.5808,22.4449,14.9289,7.1894
96.779,0.005402834282542409,0.8935600008229586,1.37081142659515e-55,5,201.256,-0.159187,0.019498,13716.4,0.0,10.0336,22.6498,36.8383,67.8585,138.2890,200.0000,193.6580,182.6240,175.4580,167.6460,157.6920,136.5570,102.6450,79.9637,56.5616,35.7291,22.2297,14.6679,6.9994
96.892,0.0017704007377034963,0.8967040555227921,2.3039227646784683e-56,5,203.358,-0.18022,0.0179669,13854.2,0.0,10.1994,22.9519,37.2105,68.0782,136.6440,200.0000,187.9680,177.1770,170.2060,162.8560,153.8280,138.8010,103.2910,79.8987,56.1061,35.2134,21.8170,14.3610,6.8344
96.995,0.0005801249137306816,0.8990609614762085,3.872202990595101e-57,5,205.447,-0.199246,0.0174629,13991.2,0.0,10.3584,23.2857,37.7122,68.8436,200.0000,194.8820,181.2460,170.8160,164.0810,157.0410,148.5520,135.9040,101.9720,78.6881,55.1196,34.5197,21.3572,14.0471,6.6790
97.105,0.00019009533173126972,0.902997082965899,6.508011566293187e-58,5,207.525,-0.217718,0.0173513,14127.5,0.0,10.5167,23.6363,38.2712,69.8302,200.0000,187.2020,174.0960,164.0720,157.5960,150.8200,142.7600,131.4150,99.8558,77.0127,53.9169,33.7500,20.8746,13.7273,6.5256
97.222,0.04765356131095795,0.9061240196931407,1.0938015039468959e-58,5,209.592,-0.236104,0.0164382,14265.8,0.0,10.6654,23.9260,38.6674,70.2743,200.0000,180.2240,167.5470,157.8560,151.6040,145.1730,137.6720,127.8070,99.4396,76.3450,53.2059,33.1726,20.4650,13.4384,6.3779
97.327,0.0156151189703747,0.9075341543199233,1.8383521876835483e-59,5,211.619,-0.247837,-0.000138108,14406.7,0.0,10.5868,22.9876,35.9872,61.3657,107.1190,189.5350,174.9430,163.9270,156.8850,150.4330,144.4860,138.2680,127.7410,103.7920,64.8245,37.0730,21.7204,13.8674,6.3832
97.442,0.005116762184212383,0.9079962272344274,3.08971852183974e-60,5,213.646,-0.248125,-0.00607044,14542.3,0.0,10.5270,22.6040,35.0194,58.5550,98.7820,188.0060,173.0280,161.7760,154.6090,148.0610,142.0550,136.4260,127.6800,114.2760,70.8207,38.9432,22.3363,14.1055,6.4190
97.547,0.0016766606325227136,0.9099847877245522,5.192889919656053e-61,5,215.66,-0.242314,-0.00761682,14675.3,0.0,10.4620,22.4001,34.6119,57.5920,96.3622,181.3880,166.8040,155.8640,148.9020,142.5460,136.7200,131.3420,123.3690,112.0870,73.1400,39.7714,22.6789,14.2799,6.4787
97.657,0.0005494081560650429,0.9127159910228313,8.72769008796593e-62,5,217.66,-0.234207,-0.00812751,14808.2,0.0,10.3885,22.2218,34.3066,56.9930,95.3654,173.5080,159.5150,149.0240,142.3490,136.2570,130.6740,125.5380,118.1700,108.2060,74.5338,40.3763,22.9790,14.4547,6.5514
97.768,0.00018003006457939323,0.9148834028914863,1.466862873084434e-62,5,219.648,-0.225256,-0.00823766,14940.2,0.0,10.3120,22.0538,34.0409,56.5324,197.7590,165.1100,151.7860,141.7970,135.4420,129.6420,124.3280,119.4400,112.6100,103.6830,75.5397,40.8874,23.2601,14.6285,6.6288
97.875,5.8992251561375565e-05,0.9158646751001073,2.465356430793008e-63,6,221.176,-0.216051,-0.00821001,13767.9,0.0,10.2348,21.8898,33.7893,56.1193,187.4350,156.4960,143.8690,134.4020,128.3800,122.8830,117.8460,113.2140,106.8830,98.8453,76.4036,41.3634,23.5333,14.8011,6.7073
97.991,1.9330580991631547e-05,0.9170535933774282,4.143524553233808e-64,6,221.122,-0.206826,-0.00818044,13760.1,0.0,10.1575,21.7256,33.5375,55.7063,177.1080,147.8790,135.9500,127.0050,121.3150,116.1220,111.3630,106.9860,101.1210,93.8701,76.4996,41.8392,23.8067,14.9739,6.7861
98.095,6.334244779337824e-06,0.9174431781185406,6.96402171662006e-65,6,222.709,-0.197571,-0.00818378,13855.9,0.0,10.0796,21.5588,33.2798,55.2775,166.7700,139.2460,128.0140,119.5910,114.2330,109.3430,104.8610,100.7400,95.3134,88.7724,74.4209,42.3288,24.0850,15.1488,6.8652
98.206,2.075605329293418e-06,0.9175708372465083,1.1704431299123337e-65,6,224.278,-0.188254,-0.00818521,13951.5,0.0,10.0011,21.3909,33.0206,54.8468,156.3550,130.5500,120.0190,112.1220,107.0990,102.5140,98.3125,94.4487,89.4337,83.5402,71.3342,42.8208,24.3648,15.3247,6.9450
98.317,0.018321742109729304,0.9179981685895607,1.9671637684436597e-66,6,225.828,-0.178645,-0.00994093,14045.4,0.0,9.9032,21.1131,32.4957,53.7262,147.8400,123.1620,113.1220,105.6060,100.8300,96.4739,92.4857,88.8206,84.1459,78.8702,68.4140,44.0024,24.8672,15.5878,7.0398
98.428,0.021033012828602347,0.9200491320709273,3.306212145623259e-67,6,227.348,-0.163744,-0.0204695,14139.8,0.0,9.6786,20.2477,30.6397,49.4822,149.4600,122.6790,112.0050,104.0980,99.1083,94.5822,90.4582,86.6852,81.9125,77.0550,68.1024,49.0014,26.7107,16.3893,7.2457
98.534,0.024109553930082666,0.9199682620970014,5.556750753149013e-68,6,228.848,-0.137907,-0.0318249,14232.1,0.0,9.3623,19.2058,28.5750,45.5736,153.0750,123.2950,111.7320,103.2740,97.9842,93.2171,88.8987,84.9689,80.0267,75.0513,66.9967,51.3837,29.2760,17.5152,7.5595
98.650,0.027540657644615735,0.9204778485614454,9.339230990817546e-69,6,230.324,-0.0985956,-0.0446208,14323.7,0.0,8.9323,17.9402,26.2262,41.8009,160.6820,126.0880,113.1290,103.8100,98.0499,92.9017,88.2737,84.0911,78.8693,73.6556,65.5643,52.1182,32.9261,19.1064,8.0141
98.755,0.030960382297787685,0.9211267048541143,1.569644552626705e-69,6,231.769,-0.0433424,-0.0613435,14415.2,0.0,8.3565,16.3482,23.4033,37.2524,180.3090,135.2280,119.3470,108.2410,101.5030,95.5621,90.2846,85.5656,79.7406,73.9974,65.2238,52.5328,36.0361,21.4987,8.6650
98.867,0.010145098071339068,0.9219416658340961,2.6381015995997036e-70,6,233.215,0.0308133,-0.0738986,14501.6,0.0,7.6779,14.7409,20.9207,35.3053,198.8660,142.3180,123.6050,110.8680,103.2750,96.6631,90.8529,85.7076,79.4215,73.2908,64.0551,51.2483,36.8566,23.8117,9.4719
98.978,0.003324345736016386,0.9234435169355166,4.433857358447222e-71,6,234.671,0.117419,-0.0770891,14590.9,0.0,6.9727,13.3765,19.7337,200.0000,193.4130,136.4270,117.9290,105.4360,98.0273,91.5976,85.9658,80.9924,74.9326,69.0417,60.2004,48.0079,35.4670,24.2908,10.3059
99.090,0.0010893216107778496,0.9312782138169301,7.451984062342246e-72,6,236.114,0.209157,-0.078029,14694.7,0.0,6.2519,12.5890,20.0205,200.0000,180.8830,127.0160,109.6330,97.9227,90.9888,84.9779,79.7176,75.0760,69.4255,63.9377,55.7109,44.3843,33.2271,23.7356,11.0062
99.400,0.0006971658308978238,0.9384128322334603,3.6514721905477004e-72,6,236.42,0.227801,-0.078111,14705.7,0.0,6.1298,12.5328,20.3611,200.0000,178.0360,124.9670,107.8500,96.3218,89.4966,83.5806,78.4037,73.8361,68.2762,62.8766,54.7829,43.6412,32.7106,23.5327,11.0857
99.501,9.57180472934078e-21,1.28840284299056e-17,4.069367946320906e-99,6,236.42,0.227801,-0.078111,14705.7,0.0,6.1298,12.5328,20.3611,200.0000,178.0360,124.9670,107.8500,96.3218,89.4966,83.5806,78.4037,73.8361,68.2762,62.8766,54.7829,43.6412,32.7106,23.5327,11.0857
99.601,3.663371440737383e-42,4.9310431132265133e-39,2.3779011835967064e-133,6,236.42,0.227801,-0.078111,14705.7,0.0,6.1298,12.5328,20.3611,200.0000,178.0360,124.9670,107.8500,96.3218,89.4966,83.5806,78.4037,73.8361,68.2762,62.8766,54.7829,43.6412,32.7106,23.5327,11.0857
99.701,7.707932654451872e-65,1.037518276478625e-61,1.3462792942100074e-169,6,236.42,0.227801,-0.078111,14705.7,0.0,6.1298,12.5328,20.3611,200.0000,178.0360,124.9670,107.8500,96.3218,89.4966,83.5806,78.4037,73.8361,68.2762,62.8766,54.7829,43.6412,32.7106,23.5327,11.0857
99.802,1.406679400822707e-85,1.89344621045258e-82,9.552471033811923e-203,6,236.42,0.227801,-0.078111,14705.7,0.0,6.1298,12.5328,20.3611,200.0000,178.0360,124.9670,107.8500,96.3218,89.4966,83.5806,78.4037,73.8361,68.2762,62.8766,54.7829,43.6412,32.7106,23.5327,11.0857
99.902,4.3069739000848943e-107,5.79735752500846e-104,3.9073346853969615e-237,6,236.42,0.227801,-0.078111,14705.7,0.0,6.1298,12.5328,20.3611,200.0000,178.0360,124.9670,107.8500,96.3218,89.4966,83.5806,78.4037,73.8361,68.2762,62.8766,54.7829,43.6412,32.7106,23.5327,11.0857
100.002,6.288100051451516e-128,8.464031823032411e-125,1.940703618746176e-270,6,236.42,0.227801,-0.078111,14705.7,0.0,6.1298,12.5328,20.3611,200.0000,178.0360,124.9670,107.8500,96.3218,89.4966,83.5806,78.4037,73.8361,68.2762,62.8766,54.7829,43.6412,32.7106,23.5327,11.0857
100.103,8.550013030294958e-148,1.1508656316474048e-144,3.412380241276261e-302,6,236.42,0.227801,-0.078111,14705.7,0.0,6.1298,12.5328,20.3611,200.0000,178.0360,124.9670,107.8500,96.3218,89.4966,83.5806,78.4037,73.8361,68.2762,62.8766,54.7829,43.6412,32.7106,23.5327,11.0857
100.203,3.272305948438654e-169,4.404653465380149e-166,5e-324,6,236.42,0.227801,-0.078111,14705.7,0.0,6.1298,12.5328,20.3611,200.0000,178.0360,124.9670,107.8500,96.3218,89.4966,83.5806,78.4037,73.8361,68.2762,62.8766,54.7829,43.6412,32.7106,23.5327,11.0857
100.304,1.840227796424553e-186,2.477019529447652e-183,5e-324,6,236.42,0.227801,-0.078111,14705.7,0.0,6.1298,12.5328,20.3611,200.0000,178.0360,124.9670,107.8500,96.3218,89.4966,83.5806,78.4037,73.8361,68.2762,62.8766,54.7829,43.6412,32.7106,23.5327,11.0857
100.404,2.5511719207125452e-200,3.433978490522452e-197,5e-324,6,236.42,0.227801,-0.078111,14705.7,0.0,6.1298,12.5328,20.3611,200.0000,178.0360,124.9670,107.8500,96.3218,89.4966,83.5806,78.4037,73.8361,68.2762,62.8766,54.7829,43.6412,32.7106,23.5327,11.0857
100.505,1.1589315901934248e-214,1.559967840818683e-211,5e-324,6,236.42,0.227801,-0.078111,14705.7,0.0,6.1298,12.5328,20.3611,200.0000,178.0360,124.9670,107.8500,96.3218,89.4966,83.5806,78.4037,73.8361,68.2762,62.8766,54.7829,43.6412,32.7106,23.5327,11.0857
100.605,2.6955403473986185e-229,3.628304113161036e-226,5e-324,6,236.42,0.227801,-0.078111,14705.7,0.0,6.1298,12.5328,20.3611,200.0000,178.0360,124.9670,107.8500,96.3218,89.4966,83.5806,78.4037,73.8361,68.2762,62.8766,54.7829,43.6412,32.7106,23.5327,11.0857
100.706,3.4467017407733328e-245,4.6393971119579206e-242,5e-324,6,236.42,0.227801,-0.078111,14705.7,0.0,6.1298,12.5328,20.3611,200.0000,178.0360,124.9670,107.8500,96.3218,89.4966,83.5806,78.4037,73.8361,68.2762,62.8766,54.7829,43.6412,32.7106,23.5327,11.0857
100.806,3.028596485789294e-262,4.076610872138937e-259,5e-324,6,236.42,0.227801,-0.078111,14705.7,0.0,6.1298,12.5328,20.3611,200.0000,178.0360,124.9670,107.8500,96.3218,89.4966,83.5806,78.4037,73.8361,68.2762,62.8766,54.7829,43.6412,32.7106,23.5327,11.0857
100.906,1.4630155951763661e-280,1.9692769602651322e-277,5e-324,6,236.42,0.227801,-0.078111,14705.7,0.0,6.1298,12.5328,20.3611,200.0000,178.0360,124.9670,107.8500,96.3218,89.4966,83.5806,78.4037,73.8361,68.2762,62.8766,54.7829,43.6412,32.7106,23.5327,11.0857
101.007,3.61848234516383e-299,4.8706206119410993e-296,5e-324,6,236.42,0.227801,-0.078111,14705.7,0.0,6.1298,12.5328,20.3611,200.0000,178.0360,124.9670,107.8500,96.3218,89.4966,83.5806,78.4037,73.8361,68.2762,62.8766,54.7829,43.6412,32.7106,23.5327,11.0857
101.107,1.3e-322,1.7193e-319,5e-324,6,236.42,0.227801,-0.078111,14705.7,0.0,6.1298,12.5328,20.3611,200.0000,178.0360,124.9670,107.8500,96.3218,89.4966,83.5806,78.4037,73.8361,68.2762,62.8766,54.7829,43.6412,32.7106,23.5327,11.0857
101.207,1e-323,1e-323,5e-324,6,236.42,0.227801,-0.078111,14705.7,0.0,6.1298,12.5328,20.3611,200.0000,178.0360,124.9670,107.8500,96.3218,89.4966,83.5806,78.4037,73.8361,68.2762,62.8766,54.7829,43.6412,32.7106,23.5327,11.0857
101.307,1e-323,1e-323,5e-324,6,236.42,0.227801,-0.078111,14705.7,0.0,6.1298,12.5328,20.3611,200.0000,178.0360,124.9670,107.8500,96.3218,89.4966,83.5806,78.4037,73.8361,68.2762,62.8766,54.7829,43.6412,32.7106,23.5327,11.0857
101.407,1e-323,1e-323,5e-324,6,236.42,0.227801,-0.078111,14705.7,0.0,6.1298,12.5328,20.3611,200.0000,178.0360,124.9670,107.8500,96.3218,89.4966,83.5806,78.4037,73.8361,68.2762,62.8766,54.7829,43.6412,32.7106,23.5327,11.0857
101.508,1e-323,1e-323,5e-324,6,236.42,0.227801,-0.078111,14705.7,0.0,6.1298,12.5328,20.3611,200.0000,178.0360,124.9670,107.8500,96.3218,89.4966,83.5806,78.4037,73.8361,68.2762,62.8766,54.7829,43.6412,32.7106,23.5327,11.0857
101.608,1e-323,1e-323,5e-324,6,236.42,0.227801,-0.078111,14705.7,0.0,6.1298,12.5328,20.3611,200.0000,178.0360,124.9670,107.8500,96.3218,89.4966,83.5806,78.4037,73.8361,68.2762,62.8766,54.7829,43.6412,32.7106,23.5327,11.0857
101.708,1e-323,1e-323,5e-324,6,236.42,0.227801,-0.078111,14705.7,0.0,6.1298,12.5328,20.3611,200.0000,178.0360,124.9670,107.8500,96.3218,89.4966,83.5806,78.4037,73.8361,68.2762,62.8766,54.7829,43.6412,32.7106,23.5327,11.0857
101.808,1e-323,1e-323,5e-324,6,236.42,0.227801,-0.078111,14705.7,0.0,6.1298,12.5328,20.3611,200.0000,178.0360,124.9670,107.8500,96.3218,89.4966,83.5806,78.4037,73.8361,68.2762,62.8766,54.7829,43.6412,32.7106,23.5327,11.0857
101.909,1e-323,1e-323,5e-324,6,236.42,0.227801,-0.078111,14705.7,0.0,6.1298,12.5328,20.3611,200.0000,178.0360,124.9670,107.8500,96.3218,89.4966,83.5806,78.4037,73.8361,68.2762,62.8766,54.7829,43.6412,32.7106,23.5327,11.0857
102.009,1e-323,1e-323,5e-324,6,236.42,0.227801,-0.078111,14705.7,0.0,6.1298,12.5328,20.3611,200.0000,178.0360,124.9670,107.8500,96.3218,89.4966,83.5806,78.4037,73.8361,68.2762,62.8766,54.7829,43.6412,32.7106,23.5327,11.0857
102.110,1e-323,1e-323,5e-324,6,236.42,0.227801,-0.078111,14705.7,0.0,6.1298,12.5328,20.3611,200.0000,178.0360,124.9670,107.8500,96.3218,89.4966,83.5806,78.4037,73.8361,68.2762,62.8766,54.7829,43.6412,32.7106,23.5327,11.0857
102.210,1e-323,1e-323,5e-324,6,236.42,0.227801,-0.078111,14705.7,0.0,6.1298,12.5328,20.3611,200.0000,178.0360,124.9670,107.8500,96.3218,89.4966,83.5806,78.4037,73.8361,68.2762,62.8766,54.7829,43.6412,32.7106,23.5327,11.0857
102.310,1e-323,1e-323,5e-324,6,236.42,0.227801,-0.078111,14705.7,0.0,6.1298,12.5328,20.3611,200.0000,178.0360,124.9670,107.8500,96.3218,89.4966,83.5806,78.4037,73.8361,68.2762,62.8766,54.7829,43.6412,32.7106,23.5327,11.0857
102.410,1e-323,1e-323,5e-324,6,236.42,0.227801,-0.078111,14705.7,0.0,6.1298,12.5328,20.3611,200.0000,178.0360,124.9670,107.8500,96.3218,89.4966,83.5806,78.4037,73.8361,68.2762,62.8766,54.7829,43.6412,32.7106,23.5327,11.0857
102.511,1e-323,1e-323,5e-324,6,236.42,0.227801,-0.078111,14705.7,0.0,6.1298,12.5328,20.3611,200.0000,178.0360,124.9670,107.8500,96.3218,89.4966,83.5806,78.4037,73.8361,68.2762,62.8766,54.7829,43.6412,32.7106,23.5327,11.0857
102.611,1e-323,1e-323,5e-324,6,236.42,0.227801,-0.078111,14705.7,0.0,6.1298,12.5328,20.3611,200.0000,178.0360,124.9670,107.8500,96.3218,89.4966,83.5806,78.4037,73.8361,68.2762,62.8766,54.7829,43.6412,32.7106,23.5327,11.0857
102.711,1e-323,1e-323,5e-324,6,236.42,0.227801,-0.078111,14705.7,0.0,6.1298,12.5328,20.3611,200.0000,178.0360,124.9670,107.8500,96.3218,89.4966,83.5806,78.4037,73.8361,68.2762,62.8766,54.7829,43.6412,32.7106,23.5327,11.0857
102.811,1e-323,1e-323,5e-324,6,236.42,0.227801,-0.078111,14705.7,0.0,6.1298,12.5328,20.3611,200.0000,178.0360,124.9670,107.8500,96.3218,89.4966,83.5806,78.4037,73.8361,68.2762,62.8766,54.7829,43.6412,32.7106,23.5327,11.0857
102.912,1e-323,1e-323,5e-324,6,236.42,0.227801,-0.078111,14705.7,0.0,6.1298,12.5328,20.3611,200.0000,178.0360,124.9670,107.8500,96.3218,89.4966,83.5806,78.4037,73.8361,68.2762,62.8766,54.7829,43.6412,32.7106,23.5327,11.0857
103.012,1e-323,1e-323,5e-324,6,236.42,0.227801,-0.078111,14705.7,0.0,6.1298,12.5328,20.3611,200.0000,178.0360,124.9670,107.8500,96.3218,89.4966,83.5806,78.4037,73.8361,68.2762,62.8766,54.7829,43.6412,32.7106,23.5327,11.0857
103.112,1e-323,1e-323,5e-324,6,236.42,0.227801,-0.078111,14705.7,0.0,6.1298,12.5328,20.3611,200.0000,178.0360,124.9670,107.8500,96.3218,89.4966,83.5806,78.4037,73.8361,68.2762,62.8766,54.7829,43.6412,32.7106,23.5327,11.0857
103.213,1e-323,1e-323,5e-324,6,236.42,0.227801,-0.078111,14705.7,0.0,6.1298,12.5328,20.3611,200.0000,178.0360,124.9670,107.8500,96.3218,89.4966,83.5806,78.4037,73.8361,68.2762,62.8766,54.7829,43.6412,32.7106,23.5327,11.0857
103.313,1e-323,1e-323,5e-324,6,236.42,0.227801,-0.078111,14705.7,0.0,6.1298,12.5328,20.3611,200.0000,178.0360,124.9670,107.8500,96.3218,89.4966,83.5806,78.4037,73.8361,68.2762,62.8766,54.7829,43.6412,32.7106,23.5327,11.0857
103.414,1e-323,1e-323,5e-324,6,236.42,0.227801,-0.078111,14705.7,0.0,6.1298,12.5328,20.3611,200.0000,178.0360,124.9670,107.8500,96.3218,89.4966,83.5806,78.4037,73.8361,68.2762,62.8766,54.7829,43.6412,32.7106,23.5327,11.0857
103.514,1e-323,1e-323,5e-324,6,236.42,0.227801,-0.078111,14705.7,0.0,6.1298,12.5328,20.3611,200.0000,178.0360,124.9670,107.8500,96.3218,89.4966,83.5806,78.4037,73.8361,68.2762,62.8766,54.7829,43.6412,32.7106,23.5327,11.0857
103.616,1e-323,1e-323,5e-324,6,236.42,0.227801,-0.078111,14705.7,0.0,6.1298,12.5328,20.3611,200.0000,178.0360,124.9670,107.8500,96.3218,89.4966,83.5806,78.4037,73.8361,68.2762,62.8766,54.7829,43.6412,32.7106,23.5327,11.0857
103.716,1e-323,1e-323,5e-324,6,236.42,0.227801,-0.078111,14705.7,0.0,6.1298,12.5328,20.3611,200.0000,178.0360,124.9670,107.8500,96.3218,89.4966,83.5806,78.4037,73.8361,68.2762,62.8766,54.7829,43.6412,32.7106,23.5327,11.0857
103.816,1e-323,1e-323,5e-324,6,236.42,0.227801,-0.078111,14705.7,0.0,6.1298,12.5328,20.3611,200.0000,178.0360,124.9670,107.8500,96.3218,89.4966,83.5806,78.4037,73.8361,68.2762,62.8766,54.7829,43.6412,32.7106,23.5327,11.0857
103.916,1e-323,1e-323,5e-324,6,236.42,0.227801,-0.078111,14705.7,0.0,6.1298,12.5328,20.3611,200.0000,178.0360,124.9670,107.8500,96.3218,89.4966,83.5806,78.4037,73.8361,68.2762,62.8766,54.7829,43.6412,32.7106,23.5327,11.0857
104.017,1e-323,1e-323,5e-324,6,236.42,0.227801,-0.078111,14705.7,0.0,6.1298,12.5328,20.3611,200.0000,178.0360,124.9670,107.8500,96.3218,89.4966,83.5806,78.4037,73.8361,68.2762,62.8766,54.7829,43.6412,32.7106,23.5327,11.0857
104.117,1e-323,1e-323,5e-324,6,236.42,0.227801,-0.078111,14705.7,0.0,6.1298,12.5328,20.3611,200.0000,178.0360,124.9670,107.8500,96.3218,89.4966,83.5806,78.4037,73.8361,68.2762,62.8766,54.7829,43.6412,32.7106,23.5327,11.0857
104.217,1e-323,1e-323,5e-324,6,236.42,0.227801,-0.078111,14705.7,0.0,6.1298,12.5328,20.3611,200.0000,178.0360,124.9670,107.8500,96.3218,89.4966,83.5806,78.4037,73.8361,68.2762,62.8766,54.7829,43.6412,32.7106,23.5327,11.0857
104.317,1e-323,1e-323,5e-324,6,236.42,0.227801,-0.078111,14705.7,0.0,6.1298,12.5328,20.3611,200.0000,178.0360,124.9670,107.8500,96.3218,89.4966,83.5806,78.4037,73.8361,68.2762,62.8766,54.7829,43.6412,32.7106,23.5327,11.0857
104.417,1e-323,1e-323,5e-324,6,236.42,0.227801,-0.078111,14705.7,0.0,6.1298,12.5328,20.3611,200.0000,178.0360,124.9670,107.8500,96.3218,89.4966,83.5806,78.4037,73.8361,68.2762,62.8766,54.7829,43.6412,32.7106,23.5327,11.0857
104.517,1e-323,1e-323,5e-324,6,236.42,0.227801,-0.078111,14705.7,0.0,6.1298,12.5328,20.3611,200.0000,178.0360,124.9670,107.8500,96.3218,89.4966,83.5806,78.4037,73.8361,68.2762,62.8766,54.7829,43.6412,32.7106,23.5327,11.0857
104.622,1e-323,1e-323,5e-324,6,236.42,0.227801,-0.078111,14705.7,0.0,6.1298,12.5328,20.3611,200.0000,178.0360,124.9670,107.8500,96.3218,89.4966,83.5806,78.4037,73.8361,68.2762,62.8766,54.7829,43.6412,32.7106,23.5327,11.0857
104.722,1e-323,1e-323,5e-324,6,236.42,0.227801,-0.078111,14705.7,0.0,6.1298,12.5328,20.3611,200.0000,178.0360,124.9670,107.8500,96.3218,89.4966,83.5806,78.4037,73.8361,68.2762,62.8766,54.7829,43.6412,32.7106,23.5327,11.0857
104.822,1e-323,1e-323,5e-324,6,236.42,0.227801,-0.078111,14705.7,0.0,6.1298,12.5328,20.3611,200.0000,178.0360,124.9670,107.8500,96.3218,89.4966,83.5806,78.4037,73.8361,68.2762,62.8766,54.7829,43.6412,32.7106,23.5327,11.0857
104.923,1e-323,1e-323,5e-324,6,236.42,0.227801,-0.078111,14705.7,0.0,6.1298,12.5328,20.3611,200.0000,178.0360,124.9670,107.8500,96.3218,89.4966,83.5806,78.4037,73.8361,68.2762,62.8766,54.7829,43.6412,32.7106,23.5327,11.0857
105.023,1e-323,1e-323,5e-324,6,236.42,0.227801,-0.078111,14705.7,0.0,6.1298,12.5328,20.3611,200.0000,178.0360,124.9670,107.8500,96.3218,89.4966,83.5806,78.4037,73.8361,68.2762,62.8766,54.7829,43.6412,32.7106,23.5327,11.0857
105.123,1e-323,1e-323,5e-324,6,236.42,0.227801,-0.078111,14705.7,0.0,6.1298,12.5328,20.3611,200.0000,178.0360,124.9670,107.8500,96.3218,89.4966,83.5806,78.4037,73.8361,68.2762,62.8766,54.7829,43.6412,32.7106,23.5327,11.0857
105.223,1e-323,1e-323,5e-324,6,236.42,0.227801,-0.078111,14705.7,0.0,6.1298,12.5328,20.3611,200.0000,178.0360,124.9670,107.8500,96.3218,89.4966,83.5806,78.4037,73.8361,68.2762,62.8766,54.7829,43.6412,32.7106,23.5327,11.0857
105.323,1e-323,1e-323,5e-324,6,236.42,0.227801,-0.078111,14705.7,0.0,6.1298,12.5328,20.3611,200.0000,178.0360,124.9670,107.8500,96.3218,89.4966,83.5806,78.4037,73.8361,68.2762,62.8766,54.7829,43.6412,32.7106,23.5327,11.0857
105.423,1e-323,1e-323,5e-324,6,236.42,0.227801,-0.078111,14705.7,0.0,6.1298,12.5328,20.3611,200.0000,178.0360,124.9670,107.8500,96.3218,89.4966,83.5806,78.4037,73.8361,68.2762,62.8766,54.7829,43.6412,32.7106,23.5327,11.0857
105.524,1e-323,1e-323,5e-324,6,236.42,0.227801,-0.078111,14705.7,0.0,6.1298,12.5328,20.3611,200.0000,178.0360,124.9670,107.8500,96.3218,89.4966,83.5806,78.4037,73.8361,68.2762,62.8766,54.7829,43.6412,32.7106,23.5327,11.0857
