time,steer,accel,brake,gear,speedX,trackPos,angle,rpm,damage,track_0,track_1,track_2,track_3,track_4,track_5,track_6,track_7,track_8,track_9,track_10,track_11,track_12,track_13,track_14,track_15,track_16,track_17,track_18
0.117,0.0,0.0,0.0,1,-0.00913045,0.333439,0.00822276,5235.99,0.0,5.7030,12.6267,22.4550,140.4860,90.9268,77.3570,71.6721,67.3518,64.5773,62.0267,59.6744,57.4982,54.7119,51.8501,47.2417,40.0655,31.0431,22.7658,11.2227
0.219,0.0,0.0,0.0,1,-0.00913045,0.333439,0.00822276,5235.99,0.0,5.7030,12.6267,22.4550,140.4860,90.9268,77.3570,71.6721,67.3518,64.5773,62.0267,59.6744,57.4982,54.7119,51.8501,47.2417,40.0655,31.0431,22.7658,11.2227
0.337,0.0,0.0,0.0,1,-0.00913045,0.333439,0.00822276,5235.99,0.0,5.7030,12.6267,22.4550,140.4860,90.9268,77.3570,71.6721,67.3518,64.5773,62.0267,59.6744,57.4982,54.7119,51.8501,47.2417,40.0655,31.0431,22.7658,11.2227
0.458,0.0,0.0,0.0,1,-0.00913045,0.333439,0.00822276,5235.99,0.0,5.7030,12.6267,22.4550,140.4860,90.9268,77.3570,71.6721,67.3518,64.5773,62.0267,59.6744,57.4982,54.7119,51.8501,47.2417,40.0655,31.0431,22.7658,11.2227
0.559,0.0,0.0,0.0,1,-0.00913045,0.333439,0.00822276,5235.99,0.0,5.7030,12.6267,22.4550,140.4860,90.9268,77.3570,71.6721,67.3518,64.5773,62.0267,59.6744,57.4982,54.7119,51.8501,47.2417,40.0655,31.0431,22.7658,11.2227
0.675,0.0,0.533909970703125,0.0,1,-0.00913045,0.333439,0.00822276,5439.78,0.0,5.7030,12.6267,22.4550,140.4860,90.9268,77.3570,71.6721,67.3518,64.5773,62.0267,59.6744,57.4982,54.7119,51.8501,47.2417,40.0655,31.0431,22.7658,11.2227
0.798,0.0,0.8809278336412499,0.0,1,-0.00913045,0.333439,0.00822276,6209.22,0.0,5.7030,12.6267,22.4550,140.4860,90.9268,77.3570,71.6721,67.3518,64.5773,62.0267,59.6744,57.4982,54.7119,51.8501,47.2417,40.0655,31.0431,22.7658,11.2227
0.917,0.0,0.9739830030533017,0.0,1,-0.00913045,0.333439,0.00822276,7318.1,0.0,5.7030,12.6267,22.4550,140.4860,90.9268,77.3570,71.6721,67.3518,64.5773,62.0267,59.6744,57.4982,54.7119,51.8501,47.2417,40.0655,31.0431,22.7658,11.2227
1.038,0.0,0.9971513695811308,0.0,1,0.171708,0.333438,0.00869625,5264.23,0.0,5.7058,12.6455,22.5450,139.7920,90.6363,77.1474,71.4922,67.1933,64.4317,61.8926,59.5504,57.3835,54.6082,51.7569,47.1650,40.0069,31.0017,22.7408,11.2175
1.138,0.0,1.0,0.0,1,3.56151,0.333431,0.00897044,5235.99,0.0,5.7074,12.6583,22.6252,139.3080,90.4143,76.9798,71.3453,67.0613,64.3088,61.7778,59.4428,57.2824,54.5153,51.6721,47.0921,39.9499,30.9630,22.7193,11.2144
1.259,0.0,1.0,0.0,1,8.80517,0.333113,0.00897473,5235.99,0.0,5.7102,12.6750,22.7964,138.8220,90.1002,76.7128,71.0981,66.8287,64.0859,61.5638,59.2372,57.0841,54.3265,51.4932,46.9292,39.8169,30.8772,22.6761,11.2117
1.380,0.0,1.0,0.0,1,13.8837,0.332545,0.00897234,5235.99,0.0,5.7150,12.7074,23.1220,137.9690,89.5463,76.2407,70.6605,66.4176,63.6916,61.1851,58.8726,56.7328,53.9922,51.1761,46.6403,39.5807,30.7241,22.5982,11.2069
1.480,0.0,1.0,0.0,1,18.2361,0.331859,0.00896805,5235.99,0.0,5.7209,12.7514,23.5549,136.9470,88.8808,75.6739,70.1351,65.9236,63.2178,60.7299,58.4346,56.3104,53.5905,50.7955,46.2931,39.2960,30.5390,22.5028,11.2012
1.600,0.0,1.0,0.0,1,23.4048,0.330819,0.00896138,8011.64,0.0,5.7298,12.8295,24.3216,135.3890,87.8680,74.8110,69.3352,65.1715,62.4966,60.0369,57.7676,55.6678,52.9786,50.2154,45.7644,38.8616,30.2545,22.3535,11.1925
1.722,0.0,1.0,0.0,2,29.0905,0.329507,0.00894945,11515.4,0.0,5.7409,12.9477,25.5382,133.4300,86.5927,73.7245,68.3277,64.2244,61.5881,59.1640,56.9278,54.8583,52.2081,49.4850,45.0985,38.3123,29.8915,22.1587,11.1805
1.839,0.0,1.0,0.0,2,34.3829,0.32792,0.00893801,7149.26,0.0,5.7545,13.1228,27.6521,131.0550,85.0473,72.4082,67.1072,63.0769,60.4874,58.1067,55.9103,53.8775,51.2747,48.6003,44.2920,37.6440,29.4453,21.9131,11.1580
1.942,0.0,1.0,0.0,2,38.8026,0.326401,0.0089299,9247.38,0.0,5.7674,13.3264,31.6772,128.7710,83.5627,71.1435,65.9350,61.9749,59.4308,57.0913,54.9332,52.9362,50.3784,47.7507,43.5176,36.9995,29.0103,21.6678,11.1275
2.044,0.0,1.0,0.0,2,43.6077,0.324658,0.00891894,12834.2,0.0,5.7823,13.6071,200.0000,126.1490,81.8585,69.6918,64.5895,60.7100,58.2176,55.9258,53.8117,51.8552,49.3498,46.7754,42.6288,36.2560,28.5031,21.3748,11.0819
2.162,0.0,1.0,0.0,3,49.4165,0.322345,0.00889653,12437.1,0.0,5.8144,14.0671,200.0000,122.6780,79.5993,67.7666,62.8048,59.0320,56.6082,54.3795,52.3235,50.4212,47.9848,45.4813,41.4490,35.2637,27.8179,20.9681,11.0046
2.282,0.0,1.0,0.0,3,54.8183,0.319756,0.00886839,8506.12,0.0,5.8795,14.7199,200.0000,118.7880,77.0668,65.6090,60.8043,57.1508,54.8041,52.6463,50.6556,48.8136,46.4546,44.0307,40.1265,34.1437,27.0338,20.4890,10.8954
2.382,0.0,1.0,0.0,3,59.2952,0.316378,0.0139373,9023.74,0.0,5.9723,15.4813,200.0000,115.2120,74.7427,63.6290,58.9689,55.4258,53.1496,51.0566,49.1259,47.3395,45.0514,42.7007,38.9143,33.1120,26.2985,20.0254,10.7710
2.483,0.0,1.0,0.0,3,63.3237,0.310819,0.0250961,10694.7,0.0,6.0963,16.4826,200.0000,111.4380,72.2778,61.5270,57.0192,53.5921,51.3904,49.3662,47.4990,45.7711,43.5583,41.2849,37.6232,32.0124,25.5033,19.5150,10.6221
2.583,0.0,1.0,0.0,3,68.157,0.301325,0.0370004,11249.5,0.0,6.2655,17.8497,200.0000,107.4470,69.6582,59.2895,54.9430,51.6387,49.5160,47.5644,45.7644,44.0988,41.9658,39.7744,36.2452,30.8377,24.6377,18.9468,10.4395
2.701,0.0,1.0,0.0,3,73.8266,0.283592,0.0520492,12053.6,0.0,6.5412,20.2423,200.0000,102.6510,66.4198,56.5030,52.3488,49.1920,47.1648,45.3013,43.5828,41.9928,39.9573,37.8665,34.5000,29.3445,23.5116,18.1887,10.1709
2.802,0.0,1.0,0.0,3,78.9571,0.26254,0.0653255,12080.6,0.0,6.8459,23.4193,200.0000,98.5183,63.5851,54.0541,50.0654,47.0358,45.0912,43.3039,41.6560,40.1319,38.1810,36.1778,32.9535,28.0186,22.4885,17.4837,9.8992
2.903,0.0,1.0,0.0,3,83.6897,0.234891,0.0787388,12636.0,0.0,7.2278,27.3520,200.0000,94.7507,60.8286,51.6353,47.7959,44.8828,43.0142,41.2979,39.7161,38.2540,36.3835,34.4637,31.3764,26.6569,21.4094,16.7232,9.5829
3.007,0.0,1.0,0.0,3,89.0358,0.198242,0.0926099,12563.4,0.0,7.7190,31.3327,200.0000,91.3668,58.0948,49.1866,45.4794,42.6722,40.8739,39.2238,37.7046,36.3012,34.5077,32.6689,29.7159,25.2115,20.2282,15.8717,9.2028
3.118,0.0,1.0,0.0,3,94.4164,0.149734,0.106303,12812.2,0.0,8.3501,35.0516,200.0000,89.2539,55.6671,46.8897,43.2633,40.5273,38.7791,37.1781,35.7068,34.3500,32.6189,30.8479,28.0112,23.7022,18.9605,14.9177,8.7438
3.226,0.0,1.0,0.0,3,100.108,0.0905457,0.117868,12558.3,0.0,9.0938,37.7938,200.0000,90.0273,54.1337,45.1719,41.5176,38.7788,37.0370,35.4475,33.9913,32.6525,30.9497,29.2141,26.4472,22.2751,17.7262,13.9243,8.2282
3.338,0.0,1.0,0.0,3,105.586,0.0204697,0.126077,12505.9,0.0,9.9352,39.1445,200.0000,96.6735,54.1728,44.4455,40.5711,37.7015,35.8915,34.2496,32.7540,31.3857,29.6552,27.9021,25.1300,21.0017,16.5694,12.9214,7.6592
3.448,0.0,1.0,0.0,3,111.236,-0.0596975,0.131357,12119.0,0.0,10.8270,39.3321,200.0000,114.4760,56.2505,44.8793,40.5214,37.3537,35.3813,33.6091,32.0083,30.5553,28.7330,26.9041,24.0471,19.8694,15.4839,11.9489,7.0365
3.555,0.0,1.0,0.0,3,116.588,-0.14831,0.137768,12089.0,0.0,11.6688,39.4389,130.2460,148.7110,59.1878,45.5266,40.5463,37.0097,34.8420,32.9167,31.1952,29.6469,27.7242,25.8155,22.8749,18.6629,14.3501,10.9513,6.3524
3.668,0.0,1.0,0.0,3,121.778,-0.244538,0.14608,12242.9,0.0,12.5153,40.4793,117.9330,162.1800,59.4909,44.3227,39.0264,35.3372,33.1049,31.1401,29.3976,27.8417,25.9242,24.0367,21.1595,17.1018,13.0223,9.8596,5.6483
3.778,0.0,1.0,0.0,3,126.805,-0.341139,0.140953,12585.1,0.0,13.3945,42.4620,117.5870,160.5520,55.6161,40.6847,35.5972,32.0911,29.9843,28.1391,26.5098,25.0606,23.2818,21.5385,18.8958,15.1986,11.5163,8.6850,4.9450
3.885,0.12239191476049803,1.0,0.0,3,131.746,-0.435363,0.131617,12984.6,0.0,14.1603,43.3502,110.7760,161.9280,54.8507,38.5548,33.2891,29.7397,27.6374,25.8145,24.2189,22.8107,21.0962,19.4307,16.9331,13.4933,10.1285,7.5817,4.2679
3.996,0.03334117826171999,1.0,0.0,3,136.55,-0.520624,0.0985895,13493.2,0.0,14.3891,39.5104,82.4759,174.7430,99.9660,52.3635,41.7670,35.4886,32.0503,29.2213,26.8532,24.8419,22.4868,20.2919,17.1606,13.1352,9.4869,6.8966,3.7196
4.107,0.010925237292800408,1.0,0.0,3,141.463,-0.593971,0.0813639,13871.5,0.0,14.7750,38.6191,74.8778,176.4970,146.8620,64.5828,47.1485,38.1444,33.5684,29.9748,27.0780,24.6935,21.9858,19.5407,16.1762,12.0522,8.4966,6.0701,3.1961
4.217,0.003579981756104838,1.0,0.0,3,146.369,-0.657879,0.0746576,14276.0,0.0,15.2473,39.1414,74.0267,173.5800,146.5010,66.1756,45.6447,35.9037,31.1570,27.5207,24.6462,22.3169,19.7114,17.3937,14.2581,10.4965,7.3236,5.1943,2.7085
4.327,0.0011730884218404331,1.0,0.0,3,151.26,-0.717035,0.0724497,14686.9,0.0,15.7510,40.2004,75.4399,168.5850,141.8530,58.9254,39.6994,30.8865,26.6613,23.4546,20.9378,18.9101,16.6543,14.6585,11.9745,8.7788,6.1034,4.3183,2.2445
4.436,0.047814471683599924,1.0,0.0,4,155.548,-0.774687,0.0698372,12182.2,0.0,16.2309,41.1449,76.5230,163.5540,137.3140,51.5966,33.6659,25.8190,22.1357,19.3734,17.2251,15.5068,13.6081,11.9396,9.7120,7.0841,4.9041,3.4597,1.7912
4.548,0.03939926635608203,1.0,0.0,4,156.921,-0.823016,0.0410893,12159.0,0.0,16.1457,38.1845,65.2802,169.6340,147.7670,132.8610,92.9992,44.9317,32.8185,25.8511,21.3254,18.1494,15.0197,12.5489,9.5948,6.5333,4.2833,2.9163,1.4437
4.657,0.01291035159956096,1.0,0.0,4,160.499,-0.857001,0.0280497,12379.4,0.0,16.2184,37.2740,61.7639,169.1740,147.4430,135.2310,125.9590,80.9712,44.4054,30.5923,23.3353,18.8623,14.8729,11.9795,8.7813,5.7330,3.6469,2.4378,1.1807
4.766,0.004230464012144134,1.0,0.0,4,164.024,-0.882094,0.0244819,12641.0,0.0,16.3759,37.3524,61.4044,164.1710,142.9120,131.2460,122.7390,100.6530,44.9037,28.8992,21.3068,16.8747,13.0702,10.3939,7.5135,4.8411,3.0520,2.0293,0.9768
4.876,0.1059090490912494,1.0,0.0,4,167.496,-0.902309,0.0138499,12903.5,0.0,16.3699,36.5311,58.7299,106.4210,140.8350,130.4260,123.5030,115.5420,104.9550,42.3228,25.9649,18.7279,13.4726,10.2025,7.0142,4.3225,2.6470,1.7309,0.8177
4.986,0.04729465206382061,1.0,0.0,4,170.835,-0.905102,-0.0250532,13180.4,0.0,15.7751,32.7382,49.1957,77.9209,149.5750,139.3580,134.4490,129.9160,126.3850,122.5170,118.1600,112.9850,101.1420,30.6471,12.7252,5.8720,3.1056,1.8868,0.8262
5.098,0.015497511588272738,1.0,0.0,4,174.266,-0.885586,-0.0402658,13402.7,0.0,15.3926,31.1353,45.7818,69.9551,149.6620,138.9580,133.8890,129.7460,126.7050,123.4700,119.9850,116.1670,109.9380,99.5716,23.2366,8.3906,4.0773,2.3899,1.0124
5.205,0.005078224597245211,1.0,0.0,4,177.69,-0.852298,-0.0443294,13646.5,0.0,15.0645,30.2705,44.2685,67.0579,144.8810,134.3890,129.4260,125.3940,122.5320,119.5110,116.2920,112.8210,107.3450,99.4044,34.7793,11.3960,5.3918,3.1276,1.3128
5.317,0.0016640326360253105,1.0,0.0,4,181.087,-0.812957,-0.0455429,13896.0,0.0,14.7282,29.5368,43.1266,65.1632,138.7510,128.6650,123.8950,120.0220,117.2890,114.4190,111.3820,108.1350,103.1020,96.1552,46.2446,14.6595,6.8781,3.9771,1.6646
5.428,0.0005452702141727737,1.0,0.0,4,184.457,-0.770969,-0.0459638,14142.9,0.0,14.3816,28.8221,42.0598,63.4962,132.1670,122.5470,117.9990,114.3050,111.6920,108.9610,106.0880,103.0400,98.3781,92.1583,57.6247,18.0492,8.4436,4.8768,2.0392
5.537,0.00017867414378013453,1.0,0.0,4,187.799,-0.727564,-0.0459951,14388.1,0.0,14.0287,28.1135,41.0241,61.9285,125.3060,116.1850,111.8720,108.3680,105.8750,103.2800,100.5650,97.7050,93.3843,87.7721,68.6358,21.4786,10.0457,5.8017,2.4258
5.646,5.854794343387449e-05,1.0,0.0,4,191.108,-0.683234,-0.0459756,14634.3,0.0,13.6689,27.3934,39.9744,60.3463,118.3070,109.6950,105.6240,102.3110,99.9399,97.4839,94.9286,92.2556,88.2635,83.1982,70.1418,24.9672,11.6789,6.7452,2.8205
5.757,1.9184990104411992e-05,1.0,0.0,4,194.391,-0.638109,-0.0459756,14874.7,0.0,13.3025,26.6591,38.9027,58.7296,111.1930,103.0990,99.2725,96.1512,93.9071,91.5934,89.1999,86.7132,83.0406,78.4768,67.8625,28.5239,13.3427,7.7061,3.2222
5.869,0.014020752877401163,1.0,0.0,5,196.168,-0.592216,-0.0465327,13447.9,0.0,12.9233,25.8759,37.7323,57.9720,104.1430,96.5494,92.9600,90.0269,87.9165,85.7518,83.5258,81.2296,77.8749,73.7860,64.9022,32.3774,15.0857,8.6999,3.6331
5.977,0.043090012126066814,1.0,0.0,5,197.622,-0.537301,-0.0752486,13530.4,0.0,12.1644,23.3084,32.8415,47.0302,106.2910,97.7866,93.8093,90.5995,88.4458,86.3987,84.4439,82.4834,79.6722,76.3503,69.7187,53.0900,20.7506,10.9486,4.2583
6.086,0.014119735173469575,1.0,0.0,5,200.227,-0.461617,-0.0883608,13698.0,0.0,11.4375,21.5083,29.8881,42.0214,103.3310,94.6840,90.6628,87.4277,85.2624,83.2080,81.2561,79.3998,76.8741,73.9294,68.1994,55.5030,26.7446,13.4115,5.0320
6.196,0.00462675482164251,1.0,0.0,5,202.833,-0.372823,-0.0919805,13864.9,0.0,10.7103,20.0393,27.7453,39.4982,96.8748,88.6646,84.8527,81.7890,79.7398,77.7965,75.9513,74.1971,71.8666,69.2063,64.1147,53.4206,32.1110,15.8548,5.8874
6.307,0.0015160950199558179,1.0,0.0,5,205.411,-0.278061,-0.0931303,14032.8,0.0,9.9615,18.6086,25.7350,39.7280,89.4572,81.8448,78.3123,75.4741,73.5760,71.7765,70.0680,68.4441,66.3000,63.9043,59.3840,50.2489,34.8607,18.3367,6.7864
6.416,0.05452668647535787,1.0,0.0,5,207.943,-0.179116,-0.101693,14204.1,0.0,9.1258,16.8496,23.1279,104.4890,84.1811,76.7949,73.3812,70.6448,68.8180,67.0883,65.4482,63.8912,61.8396,59.6544,55.6568,47.8070,35.5268,21.6117,7.7973
6.527,0.017867304624245267,1.0,0.0,5,210.426,-0.0659725,-0.119898,14373.5,0.0,8.1309,14.6584,20.1389,103.4110,81.7710,74.0920,70.5770,67.7741,65.9106,64.1515,62.4885,60.9141,58.8459,56.6578,52.9776,46.1292,35.8005,24.4771,9.0763
6.636,0.005854758379272689,1.0,0.0,5,212.914,0.0615787,-0.124837,14533.6,0.0,7.1304,12.9297,18.9005,95.3372,74.9648,67.7893,64.5136,61.9060,60.1742,58.5411,56.9984,55.5390,53.6238,51.5998,48.2130,42.3053,33.6916,24.4975,10.3812
6.746,0.01744903818275132,1.0,0.0,5,215.376,0.196645,-0.126921,14694.4,0.0,6.1243,12.0276,20.4330,85.5878,67.1345,60.6558,57.7019,55.3520,53.7922,52.3217,50.9333,49.6203,47.8979,46.0783,43.0358,37.9530,30.8249,23.3553,11.2837
6.855,0.11036364389272395,1.0,0.0,5,217.502,0.328979,-0.124201,14855.3,0.0,5.1808,10.3749,17.5901,105.0880,75.7203,66.4944,62.4532,59.3087,57.2549,55.3426,53.5577,51.8884,49.7249,47.4714,43.7751,37.9459,31.0579,24.0010,12.1710
6.967,0.036163958830767784,1.0,0.0,5,219.685,0.426657,-0.0786946,14981.3,0.0,4.5961,9.9155,22.0449,123.3620,81.1888,69.3943,64.4208,60.6284,58.1868,55.9385,53.8614,51.9367,49.4684,46.9282,42.8275,36.5219,29.4745,23.1714,12.4361
7.077,0.037068664670290984,1.0,0.0,6,219.452,0.466303,-0.0084573,13711.0,0.0,4.5806,11.9920,200.0000,120.1310,76.1923,64.4651,59.5899,55.8997,53.5366,51.3688,49.3734,47.5307,45.1759,42.7627,38.8884,32.9818,26.4522,20.9244,11.9843
7.185,0.11754528752276097,1.0,0.0,6,221.053,0.440999,0.0236095,13911.8,0.0,4.9761,15.1627,55.8473,200.0000,100.5380,78.7767,70.6413,64.7962,61.1856,57.9604,55.0621,52.4436,49.1761,45.9149,40.8567,33.5386,25.9547,19.9129,11.4788
7.297,0.03851723981545832,1.0,0.0,6,222.816,0.362642,0.0761684,14069.5,0.0,6.0749,18.9150,50.2079,200.0000,125.4680,90.0594,78.2959,70.2752,65.4891,61.3178,57.6502,54.4004,50.4272,46.5503,40.7044,32.5891,24.5783,18.4668,10.4545
7.407,0.012621329142729381,1.0,0.0,6,224.929,0.221678,0.130202,14103.9,0.0,7.6642,23.3436,58.9976,200.0000,121.4550,84.7792,73.0361,65.1504,60.4907,56.4570,52.9315,49.8240,46.0453,42.3799,36.8931,29.3550,22.0024,16.4509,9.2443
7.516,0.004135757133489564,1.0,0.0,6,227.016,0.068384,0.127041,14121.4,0.0,9.1362,27.5154,67.9140,195.7750,112.0750,76.9443,65.9385,58.6121,54.3070,50.5946,47.3607,44.5185,41.0730,37.7417,32.7750,25.9903,19.4153,14.4787,8.1041
7.625,0.0013552048975018604,1.0,0.0,6,228.932,-0.079809,0.126392,14266.2,0.0,10.5806,31.7929,78.1038,187.5720,97.6349,66.7898,57.1719,50.7815,47.0308,43.7991,40.9860,38.5151,35.5217,32.6295,28.3210,22.4424,16.7534,12.4868,6.9835
7.736,0.04971225003690716,1.0,0.0,6,230.858,-0.227247,0.122995,14381.8,0.0,11.9729,35.5538,85.2875,180.1460,87.2239,58.4841,49.7541,44.0124,40.6642,37.7921,35.3014,33.1211,30.4888,27.9548,24.1970,19.1024,14.2074,10.5589,5.8801
7.846,0.06821683978459374,1.0,0.0,6,232.536,-0.356657,0.0761823,14509.7,0.0,12.4992,32.2168,61.2656,183.7340,169.3880,118.6130,83.0211,65.7643,57.2671,50.7177,45.5158,41.2846,36.5345,32.2939,26.5337,19.5885,13.7001,9.7332,5.0866
7.956,0.022353294060615675,1.0,0.0,6,234.34,-0.449024,0.0558546,14599.5,0.0,13.0439,31.9313,56.8312,131.1930,168.0890,158.0700,126.2690,86.1083,70.1724,59.2176,51.2247,45.1359,38.7008,33.2836,26.3757,18.6678,12.6085,8.7492,4.4345
8.067,0.007324727397782544,1.0,0.0,6,236.197,-0.519466,0.0509198,14707.4,0.0,13.6031,32.9101,57.7537,128.0580,161.3840,152.2550,135.6950,86.1678,68.3536,56.6469,48.3669,42.2016,35.8148,30.5385,23.9389,16.7404,11.2000,7.7242,3.8848
8.175,0.0024001666737053845,1.0,0.0,6,238.04,-0.582104,0.0492693,14820.1,0.0,14.1380,34.0718,59.5200,130.3230,153.7130,144.7500,127.9440,78.8220,61.8623,50.9119,43.2579,37.6070,31.7961,27.0282,21.1056,14.6971,9.8008,6.7450,3.3834
8.288,0.0007864866156397805,1.0,0.0,6,239.865,-0.642442,0.0487246,14932.6,0.0,14.6684,35.3049,61.5823,156.3540,145.6550,136.6280,112.6000,68.6155,53.6507,44.0475,37.3626,32.4416,27.3939,23.2617,18.1409,12.6147,8.4031,5.7790,2.8963
8.396,0.0002577159342128433,1.0,0.0,6,241.67,-0.702241,0.0485205,15036.4,0.0,15.1991,36.5646,63.7442,148.1370,137.3940,128.1860,94.7837,57.5154,44.9071,36.8351,31.2248,27.0994,22.8719,19.4142,15.1329,10.5174,7.0031,4.8149,2.4124
8.506,0.07523336078122911,1.0,0.0,6,243.427,-0.761292,0.0419317,15142.5,0.0,15.6133,36.9959,63.3841,140.8150,130.6720,122.5340,113.2190,58.5163,43.1413,34.1666,28.2847,24.1321,20.0199,16.7591,12.8438,8.7669,5.7582,3.9249,1.9457
8.617,0.04644720420159315,1.0,0.0,6,244.982,-0.79788,-0.000231445,15257.7,0.0,15.2520,33.1114,51.8275,88.3486,130.8330,125.9860,122.8770,119.6840,116.9760,113.6330,108.6360,70.4210,41.2002,27.9505,17.4428,9.9698,5.8392,3.7275,1.7154
8.726,0.015219819872778043,1.0,0.0,6,246.675,-0.800734,-0.0131016,15347.8,0.0,15.0834,31.9725,48.9532,80.1142,124.6460,120.3510,117.6810,115.0390,112.9130,110.5010,107.6500,103.9480,72.1620,39.1654,21.0934,10.9833,6.1288,3.8179,1.7134
8.837,0.004987230575911909,1.0,0.0,6,248.388,-0.78669,-0.0164779,15451.1,0.0,14.9168,31.4278,47.8576,77.5657,116.9240,112.8490,110.3500,107.9070,105.9680,103.8090,101.3350,98.3410,91.2602,47.1369,24.0079,12.1316,6.6741,4.1293,1.8406
8.945,0.0016342157151148142,0.95886572265625,0.0,6,250.066,-0.766614,-0.0175877,15539.8,0.0,14.7334,30.9800,47.0925,76.0891,108.8090,104.9050,102.5350,100.2400,98.4355,96.4491,94.2125,91.5913,86.4558,53.7701,26.8251,13.4137,7.3439,4.5334,2.0161
9.050,0.0005354998055288223,0.33501812000000003,0.5527527420043945,6,247.027,-0.746199,-0.0179274,14969.7,0.0,14.5583,30.5934,46.4800,75.0317,101.1620,97.4097,95.1534,92.9850,91.2946,89.4504,87.4014,85.0528,80.7950,59.2463,29.3624,14.6344,8.0003,4.9351,2.1932
9.150,0.00017547257627568448,0.10977873756160003,0.8638755066811981,6,234.889,-0.726349,-0.0179071,13989.6,0.0,14.3931,30.2473,45.9557,99.8710,93.8415,90.2374,88.0895,86.0406,84.4554,82.7403,80.8565,78.7360,75.0799,63.8297,31.6465,15.7759,8.6251,5.3208,2.3647
9.271,4.5999083035213035e-05,0.02877783737934808,0.9247456001972062,6,217.73,-0.703846,-0.0183547,12857.8,0.0,14.1994,29.8164,45.2691,91.4503,85.6351,82.2189,80.2056,78.3030,76.8448,75.2830,73.5910,71.7250,68.6587,63.5535,34.5465,17.1465,9.3560,5.7662,2.5604
9.388,1.2058383623182885e-05,0.007543937401971823,0.9321127026890123,6,200.763,-0.682651,-0.0188712,11779.4,0.0,14.0158,29.4039,44.6065,83.6191,78.0295,74.8013,72.9196,71.1577,69.8195,68.3999,66.8809,65.2350,62.6245,58.8251,37.3939,18.4652,10.0524,6.1888,2.7451
9.489,3.951291145644568e-06,0.0024719974078781268,0.9331163339795165,6,187.283,-0.66599,-0.0191673,10896.7,0.0,13.8730,29.0892,44.1087,77.5145,72.1161,69.0412,67.2648,65.6138,64.3687,63.0576,61.6676,60.1802,57.8744,54.7200,39.5870,19.4903,10.5964,6.5197,2.8901
9.608,1.0358072660838495e-06,0.0006480192884908036,0.9332952375424206,6,171.675,-0.647188,-0.0194725,9903.09,0.0,13.7125,28.7370,43.6213,70.6880,65.5237,62.6298,60.9755,59.4513,58.3110,57.1203,55.8708,54.5508,52.5500,49.9460,42.0283,20.6483,11.2107,6.8932,3.0537
9.709,3.3941332495035575e-07,0.00021234296045266653,0.933891544404321,5,159.186,-0.63256,-0.0194615,9909.18,0.0,13.5908,28.4826,72.5056,65.3820,60.4126,57.6647,56.1073,54.6821,53.6227,52.5235,51.3788,50.1808,48.3921,46.1318,40.5798,21.5022,11.6748,7.1787,3.1803
9.812,1.1121895831973258e-07,6.958054128112978e-05,0.93509774882238,5,147.102,-0.618908,-0.0197318,8956.64,0.0,13.4737,28.2236,67.4290,60.4629,55.6933,53.0905,51.6280,50.2986,49.3166,48.3039,47.2567,46.1702,44.5693,42.5933,38.1683,22.3597,12.1256,7.4517,3.2994
9.914,3.6444228262209966e-08,2.28001517670006e-05,0.9440332835212863,5,135.39,-0.606217,-0.0200591,8088.82,0.0,13.3638,27.9774,62.6992,55.9017,51.3317,48.8702,47.4985,46.2599,45.3503,44.4176,43.4595,42.4730,41.0360,39.2954,35.6102,23.1781,12.5508,7.7077,3.4104
10.029,9.553635773568769e-09,5.976922984808606e-06,0.9531415342668923,4,122.081,-0.592204,-0.0201262,7605.07,0.0,13.2464,27.8728,57.4386,50.8510,46.5155,44.2156,42.9464,41.8088,40.9789,40.1333,39.2708,38.3897,37.1211,35.6118,32.5548,24.0187,13.0020,7.9836,3.5321
10.147,0.08790184297607712,1.5668144989296674e-06,0.2651360255011961,4,109.782,-0.579514,-0.020167,7966.63,0.0,13.1403,60.6719,52.6422,46.2729,42.1672,40.0215,38.8485,37.8044,37.0475,36.2806,35.5034,34.7150,33.5908,32.2726,29.6839,23.7073,13.4095,8.2331,3.6421
10.249,0.08907612015581891,0.139668970445025,0.04456141180598603,3,104.068,-0.569297,-0.0225387,9595.68,0.0,13.0257,57.0062,49.0700,42.9026,38.9956,36.9792,35.8855,34.9175,34.2192,33.5151,32.8049,32.0884,31.0742,29.8973,27.6326,22.7852,13.9075,8.4958,3.7399
10.369,0.04373099572241801,0.4142910454789656,0.00524260553756245,3,103.408,-0.552892,-0.0366662,9634.66,0.0,12.7190,53.3816,45.6436,39.7731,36.1316,34.2807,33.2857,32.4110,31.7838,31.1547,30.5235,29.8905,29.0011,27.9806,26.0550,22.1584,15.5283,9.2286,3.9409
10.494,0.20543245175249725,0.4855415954197879,0.0006167872988886848,3,105.405,-0.525395,-0.0669554,9908.2,0.0,12.1573,50.5899,43.1194,37.5781,34.2077,32.5177,31.6165,30.8284,30.2660,29.7042,29.1433,28.5833,27.8011,26.9100,25.2504,21.9945,16.8775,10.8863,4.3263
10.612,0.21892865430651998,0.4656502245834749,7.256440892695488e-05,3,107.294,-0.46963,-0.139316,10116.2,0.0,11.0436,50.0846,42.9789,37.7806,34.6549,33.0994,32.2734,31.5530,31.0402,30.5290,30.0195,29.5119,28.8047,28.0016,26.5135,23.6229,19.1494,13.9002,5.2855
10.727,0.1494344462280217,0.4294916155982104,8.537130145847315e-06,3,109.014,-0.376531,-0.201436,10218.1,0.0,9.9705,48.7806,41.9595,37.0428,34.1199,32.6755,31.9113,31.2466,30.7744,30.3044,29.8369,29.3718,28.7251,27.9928,26.6410,24.0345,20.0429,15.3681,6.7030
10.827,0.1453301643977169,0.4130027168960966,1.4348354636125584e-06,3,110.337,-0.271645,-0.242155,10306.3,0.0,9.2743,46.9560,40.3331,35.6296,32.8648,31.5076,30.7923,30.1716,29.7313,29.2939,28.8593,28.4277,27.8288,27.1523,25.9083,23.5250,19.9126,15.7117,7.6154
10.928,0.14645155289062511,0.4040683943350129,2.411527963693627e-07,3,111.592,-0.156189,-0.215305,10402.3,0.0,8.7352,44.9813,38.5438,34.0420,31.4258,30.1502,29.4801,28.8999,28.4893,28.0819,27.6779,27.2773,26.7222,26.0966,24.9498,22.7672,19.4886,15.7018,8.2283
11.029,0.2309535472969813,0.40176120958069705,4.0530550485798796e-08,3,112.758,-0.0628408,-0.166984,10529.6,0.0,8.3610,43.0612,36.7937,32.4762,29.9943,28.7918,28.1622,27.6183,27.2339,26.8530,26.4757,26.1022,25.5856,25.0045,23.9427,21.9319,18.9356,15.4956,8.6078
11.129,0.3507881628159467,0.17068098815540284,6.811969620148204e-09,3,113.097,0.00864474,-0.135038,10386.2,0.0,8.0157,41.9822,35.8418,31.6533,29.2619,28.1079,27.5046,26.9842,26.6167,26.2530,25.8930,25.5368,25.0447,24.4917,23.4825,21.5772,18.7475,15.5038,8.9310
11.229,0.3905539554143731,0.055928746198762404,1.1448877340583087e-09,3,112.128,0.0629508,-0.125172,10204.0,0.0,7.6187,41.9810,35.8997,31.7635,29.4063,28.2695,27.6756,27.1632,26.8016,26.4436,26.0894,25.7389,25.2547,24.7106,23.7178,21.8434,19.0571,15.8538,9.2879
11.350,0.40975844990189775,0.014661385243528372,1.3469489702422595e-10,3,110.157,0.112073,-0.133504,9970.25,0.0,7.1216,42.9359,36.8548,32.7082,30.3393,29.1953,28.5971,28.0807,27.7160,27.3548,26.9973,26.6434,26.1542,25.6042,24.5996,22.6983,19.8603,16.5760,9.7536
11.468,0.4246813034794081,0.003843394173279502,1.5846719940003164e-11,3,107.672,0.14901,-0.148621,9719.54,0.0,6.6987,44.1844,38.0703,33.8828,31.4821,30.3202,29.7119,29.1864,28.8150,28.4470,28.0825,27.7215,27.2221,26.6602,25.6326,23.6824,20.7578,17.3499,10.1884
11.572,0.4378259839882574,0.001259403402700227,2.663358220316332e-12,3,105.35,0.173479,-0.16276,9500.02,0.0,6.4047,45.6226,39.1268,34.8965,32.4637,31.2839,30.6658,30.1313,29.7534,29.3788,29.0075,28.6397,28.1305,27.5572,26.5076,24.5113,21.5060,17.9850,10.5223
11.690,0.40475588987068023,0.00033014504559744824,3.133414312619962e-13,3,102.402,0.198359,-0.179962,9232.39,0.0,6.1028,48.5989,40.4734,36.1078,33.6351,32.4332,31.8026,31.2572,30.8713,30.4885,30.1089,29.7326,29.2114,28.6240,27.5473,25.4944,22.3901,18.7306,10.9002
11.809,0.35378614017679316,0.0170274635115831,3.68643060465426e-14,3,99.5079,0.221297,-0.195443,8995.82,0.0,5.8392,16.3981,42.9008,37.3269,34.7253,33.5033,32.8615,32.3060,31.9127,31.5225,31.1354,30.7514,30.2193,29.6191,28.5177,26.4133,23.2183,19.4311,11.2554
11.910,0.3492549705962995,0.17534562760285055,6.1957839172424136e-15,3,97.6741,0.241105,-0.203556,9213.02,0.0,5.6443,13.5167,44.8899,38.8867,35.6409,34.2463,33.5554,32.9785,32.5800,32.1855,31.7940,31.4056,30.8671,30.2596,29.1440,27.0098,23.7624,19.9001,11.5126
12.029,0.35320728473276547,0.3160163846710716,7.289277820796528e-16,3,97.0195,0.267721,-0.186663,9299.09,0.0,5.5136,13.9656,45.0598,39.6825,36.0776,34.3963,33.5712,32.8862,32.4167,31.9628,31.5238,31.0990,30.5271,29.9040,28.8007,26.7007,23.5146,19.7384,11.5556
12.150,0.34735270921733036,0.3976781432838384,8.575762463388908e-17,3,97.7054,0.297531,-0.139264,9338.83,0.0,5.5062,49.7775,43.3353,38.2869,34.9872,33.2381,32.3470,31.6105,31.1074,30.6224,30.1545,29.7029,29.0966,28.4385,27.2952,25.2845,22.3040,18.8094,11.3165
12.250,0.3342586154757606,0.4652579689131231,1.4413283972217738e-17,3,98.9405,0.322718,-0.09085,9381.21,0.0,5.5587,47.7115,41.4316,36.6232,33.5553,31.9479,31.0674,30.3054,29.7861,29.2865,28.8055,28.3422,27.7215,27.0495,25.8865,23.8827,21.1118,17.8978,11.0653
12.353,0.3166895956888628,0.5192017585972022,2.4224406372106354e-18,3,100.552,0.343527,-0.0537876,9536.11,0.0,5.5984,46.2016,40.1377,35.6113,32.7909,31.3456,30.5615,29.8675,29.3672,28.8630,28.3548,27.8492,27.1731,26.4443,25.1908,23.0534,20.3002,17.2859,10.9096
12.469,0.3004728804298959,0.56439763166508,2.849977185271941e-19,3,102.808,0.357371,-0.0291569,9811.45,0.0,5.6296,45.2720,39.4720,35.2612,32.7047,31.4176,30.7276,30.1222,29.6890,29.2553,28.8210,28.3857,27.7738,27.0714,25.7463,23.2062,19.9947,16.9243,10.8194
12.571,0.3099728342525374,0.5862458100846384,4.789956655286552e-20,3,104.816,0.358497,-0.0146151,10043.2,0.0,5.7162,44.6837,39.0534,35.0459,32.6539,31.4615,30.8269,30.2729,29.8781,29.4838,29.0896,28.6957,28.1448,27.5165,26.3432,24.0146,20.3391,16.7824,10.7205
12.672,0.3206101248506706,0.5963158473610343,8.050480150540108e-21,3,106.822,0.350342,-0.00181603,10259.2,0.0,5.8861,44.0758,38.5659,34.7132,32.4447,31.3238,30.7307,30.2144,29.8469,29.4804,29.1150,28.7510,28.2435,27.6671,26.5976,24.4983,21.1460,17.0460,10.5688
12.773,0.3181589053922083,0.6007540268632636,1.3530441989012762e-21,3,108.789,0.333138,0.0110276,10463.1,0.0,6.1537,43.3807,37.9499,34.2138,32.0392,30.9739,30.4118,29.9234,29.5764,29.2313,28.8880,28.5466,28.0720,27.5346,26.5403,24.6064,21.5679,17.7476,10.3637
12.892,0.30683074238329683,0.6081775347117933,1.591842969565363e-22,3,111.122,0.300423,0.0285676,10695.2,0.0,6.3696,42.3389,36.9627,33.3301,31.2440,30.2302,29.6972,29.2353,28.9082,28.5833,28.2608,27.9408,27.4969,26.9955,26.0712,24.2900,21.5321,18.1338,10.3531
13.011,0.2969097557356083,0.6219873252532383,1.8727873352639546e-23,3,113.558,0.262657,-0.0014267,10940.3,0.0,6.2477,40.7796,35.4448,31.9060,29.9018,28.9342,28.4279,27.9905,27.6814,27.3752,27.0718,26.7711,26.3546,25.8850,25.0236,23.3787,20.8643,17.8228,10.7025
13.132,0.30219937785413914,0.6322431989068099,2.20331557206469e-24,3,115.97,0.263287,-0.0772536,11270.7,0.0,5.8662,39.0830,33.7594,30.2929,28.3551,27.4269,26.9434,26.5270,26.2332,25.9424,25.6546,25.3699,24.9764,24.5342,23.7267,22.1958,19.8861,17.1385,10.8561
13.250,0.3299036204219317,0.6367836205092268,2.5921787373783868e-25,3,118.276,0.305723,-0.105679,11545.6,0.0,5.8261,37.5493,32.1784,28.7419,26.8448,25.9437,25.4758,25.0734,24.7901,24.5103,24.2339,23.9609,23.5845,23.1627,22.3955,20.9494,18.7961,16.2750,10.6597
13.351,0.3802375268546906,0.6395418348934635,4.356674803911855e-26,3,119.985,0.317372,-0.0453568,11612.3,0.0,6.1073,36.9199,31.3973,27.9070,25.9983,25.0959,24.6285,24.2274,23.9456,23.6675,23.3932,23.1227,22.7505,22.3337,21.5769,20.1592,18.0672,15.6485,10.3780
13.469,0.38382138724363246,0.632542768047562,5.125584340054258e-27,3,121.983,0.286337,0.0314465,11722.4,0.0,7.1065,35.2147,29.5909,26.1035,24.2226,23.3400,22.8851,22.4959,22.2231,21.9543,21.6895,21.4288,21.0704,20.6704,19.9474,18.6041,16.6455,14.4204,9.7158
13.573,0.3655643724020911,0.6288580282963251,8.614569600329191e-28,3,123.67,0.226135,0.0899458,11840.6,0.0,8.5886,33.4249,27.7470,24.2894,22.4489,21.5926,21.1526,20.7771,20.5141,20.2556,20.0015,19.7517,19.4092,19.0280,18.3417,17.0738,15.2479,13.2035,8.9948
13.689,0.3388200285948142,0.5353436632665869,1.0134954989091294e-28,3,125.584,0.116873,0.148044,11880.8,0.0,11.4447,31.1041,25.3568,21.9431,20.1593,19.3373,18.9174,18.5604,18.3112,18.0668,17.8270,17.5918,17.2700,16.9128,16.2726,15.1019,13.4409,11.6165,7.9802
13.811,0.3399155969077609,0.14033712926335615,1.1923673195116017e-29,3,125.351,-0.0255597,0.195716,11471.3,0.0,16.7805,28.4774,22.6788,19.3381,17.6304,16.8540,16.4596,16.1255,15.8929,15.6654,15.4428,15.2250,14.9281,14.6000,14.0153,12.9570,11.4790,9.8902,6.8260
13.915,0.3585145269598777,0.04598567051701655,2.0040117539031495e-30,3,123.877,-0.16104,0.208073,11249.3,0.0,82.2012,27.1516,21.0854,17.6736,15.9629,15.1933,14.8049,14.4772,14.2499,14.0281,13.8115,13.6002,13.3127,12.9960,12.4345,11.4281,10.0464,8.5889,5.8658
14.029,0.4055590236916147,0.012054867612012785,2.3576997883495166e-31,3,121.459,-0.33304,0.196845,10977.0,0.0,148.5350,26.5814,19.8439,16.1524,14.3473,13.5488,13.1490,12.8134,12.5815,12.3559,12.1366,11.9233,11.6346,11.3181,10.7619,9.7805,8.4645,7.1194,4.7201
14.133,0.45351067029991865,0.00395013901910435,3.962586034279033e-32,3,119.046,-0.477193,0.173642,10733.5,0.0,28.3223,26.8189,19.1994,15.0967,13.1392,12.2867,11.8639,11.5111,11.2687,11.0339,10.8065,10.5864,10.2900,9.9671,9.4043,8.4276,7.1552,5.9006,3.7706
14.255,0.49455232930668147,0.0010355052430240908,4.661942843468939e-33,3,115.776,-0.644304,0.13604,10419.2,0.0,24.3785,27.9921,18.8498,13.9599,11.6984,10.7407,10.2734,9.8875,9.6244,9.3715,9.1282,8.8944,8.5822,8.2458,7.6698,6.7017,5.5025,4.3888,2.6467
14.374,0.5315817433357335,0.00027145148642730726,5.484729135912775e-34,3,112.191,-0.79958,0.0913111,10085.6,0.0,22.7537,30.9698,19.1499,12.9295,10.1205,8.9755,8.4305,7.9887,7.6924,7.4112,7.1446,6.8919,6.5601,6.2100,5.6284,4.7046,3.6567,2.7767,1.5519
14.494,0.570004149801951,7.115937845800005e-05,6.452728981110022e-35,3,108.431,-0.939627,0.0420892,9722.91,0.0,21.5719,43.7083,20.5416,11.9830,7.9031,6.3107,5.5946,5.0420,4.6878,4.3651,4.0719,3.8059,3.4749,3.1482,2.6561,1.9926,1.3872,0.9712,0.4906
14.614,0.5298583444804604,1.8654004106493965e-05,7.591571118986129e-36,3,104.245,-1.06388,-0.0157293,9364.91,0.0,-1.0000,-1.0000,-1.0000,-1.0000,-1.0000,-1.0000,-1.0000,-1.0000,-1.0000,-1.0000,-1.0000,-1.0000,-1.0000,-1.0000,-1.0000,-1.0000,-1.0000,-1.0000,-1.0000
14.729,0.23995767850484453,4.890035252492754e-06,8.931407505775994e-37,3,99.5987,-1.17417,-0.0886024,8924.88,0.0,-1.0000,-1.0000,-1.0000,-1.0000,-1.0000,-1.0000,-1.0000,-1.0000,-1.0000,-1.0000,-1.0000,-1.0000,-1.0000,-1.0000,-1.0000,-1.0000,-1.0000,-1.0000,-1.0000
14.831,0.07862933209246746,1.6023667515368256e-06,1.501101659495771e-37,3,95.9668,-1.26132,-0.134152,8647.23,0.0,-1.0000,-1.0000,-1.0000,-1.0000,-1.0000,-1.0000,-1.0000,-1.0000,-1.0000,-1.0000,-1.0000,-1.0000,-1.0000,-1.0000,-1.0000,-1.0000,-1.0000,-1.0000,-1.0000
14.932,0.02576525954005974,5.250635371435869e-07,2.5229015591145426e-38,3,92.5337,-1.34009,-0.177079,8304.69,0.0,-1.0000,-1.0000,-1.0000,-1.0000,-1.0000,-1.0000,-1.0000,-1.0000,-1.0000,-1.0000,-1.0000,-1.0000,-1.0000,-1.0000,-1.0000,-1.0000,-1.0000,-1.0000,-1.0000
15.049,0.006754208196869419,1.3764225588096846e-07,2.9681684552826686e-39,2,86.8061,-1.43285,-0.261963,10018.2,0.0,-1.0000,-1.0000,-1.0000,-1.0000,-1.0000,-1.0000,-1.0000,-1.0000,-1.0000,-1.0000,-1.0000,-1.0000,-1.0000,-1.0000,-1.0000,-1.0000,-1.0000,-1.0000,-1.0000
15.169,0.0017705751535601368,3.608209152566059e-08,3.4920205059555065e-40,2,82.4405,-1.52301,-0.305456,9094.5,0.0,-1.0000,-1.0000,-1.0000,-1.0000,-1.0000,-1.0000,-1.0000,-1.0000,-1.0000,-1.0000,-1.0000,-1.0000,-1.0000,-1.0000,-1.0000,-1.0000,-1.0000,-1.0000,-1.0000
15.288,-0.32171573038982676,9.45870380090277e-09,4.1083272050515947e-41,2,77.0821,-1.60807,-0.368381,8447.07,0.0,-1.0000,-1.0000,-1.0000,-1.0000,-1.0000,-1.0000,-1.0000,-1.0000,-1.0000,-1.0000,-1.0000,-1.0000,-1.0000,-1.0000,-1.0000,-1.0000,-1.0000,-1.0000,-1.0000
15.408,-0.6449289726686228,2.4795424491838563e-09,4.833405873471151e-42,2,72.6442,-1.68962,-0.418781,8040.02,0.0,-1.0000,-1.0000,-1.0000,-1.0000,-1.0000,-1.0000,-1.0000,-1.0000,-1.0000,-1.0000,-1.0000,-1.0000,-1.0000,-1.0000,-1.0000,-1.0000,-1.0000,-1.0000,-1.0000
15.528,-0.734969996830238,6.499971757988528e-10,5.686453676080074e-43,2,69.6098,-1.75018,-0.483673,7699.55,0.0,-1.0000,-1.0000,-1.0000,-1.0000,-1.0000,-1.0000,-1.0000,-1.0000,-1.0000,-1.0000,-1.0000,-1.0000,-1.0000,-1.0000,-1.0000,-1.0000,-1.0000,-1.0000,-1.0000
15.647,-0.760230848396588,1.7039285965261448e-10,6.690055885371449e-44,2,66.4662,-1.7874,-0.547294,7422.71,0.0,-1.0000,-1.0000,-1.0000,-1.0000,-1.0000,-1.0000,-1.0000,-1.0000,-1.0000,-1.0000,-1.0000,-1.0000,-1.0000,-1.0000,-1.0000,-1.0000,-1.0000,-1.0000,-1.0000
15.748,-0.47018067818832154,5.5834332250968713e-11,1.1243976926543796e-44,2,65.6021,-1.80061,-0.565386,7204.03,0.0,-1.0000,-1.0000,-1.0000,-1.0000,-1.0000,-1.0000,-1.0000,-1.0000,-1.0000,-1.0000,-1.0000,-1.0000,-1.0000,-1.0000,-1.0000,-1.0000,-1.0000,-1.0000,-1.0000
15.849,-0.282272721954964,1.8295793991997424e-11,1.8897752020442156e-45,2,63.7698,-1.79744,-0.604734,7128.06,0.0,-1.0000,-1.0000,-1.0000,-1.0000,-1.0000,-1.0000,-1.0000,-1.0000,-1.0000,-1.0000,-1.0000,-1.0000,-1.0000,-1.0000,-1.0000,-1.0000,-1.0000,-1.0000,-1.0000
15.969,-0.6111015194899051,4.796132620238173e-12,2.223301627453e-46,2,62.1644,-1.77408,-0.637889,6958.85,0.0,-1.0000,-1.0000,-1.0000,-1.0000,-1.0000,-1.0000,-1.0000,-1.0000,-1.0000,-1.0000,-1.0000,-1.0000,-1.0000,-1.0000,-1.0000,-1.0000,-1.0000,-1.0000,-1.0000
16.089,-0.7177360109887273,1.2572773895997156e-12,2.6156921316821804e-47,2,61.7364,-1.72853,-0.64593,6797.88,0.0,-1.0000,-1.0000,-1.0000,-1.0000,-1.0000,-1.0000,-1.0000,-1.0000,-1.0000,-1.0000,-1.0000,-1.0000,-1.0000,-1.0000,-1.0000,-1.0000,-1.0000,-1.0000,-1.0000
16.208,-0.7422426516465562,3.2958772401922775e-13,3.077335636002769e-48,2,60.9396,-1.66176,-0.665459,6779.38,0.0,-1.0000,-1.0000,-1.0000,-1.0000,-1.0000,-1.0000,-1.0000,-1.0000,-1.0000,-1.0000,-1.0000,-1.0000,-1.0000,-1.0000,-1.0000,-1.0000,-1.0000,-1.0000,-1.0000
16.315,-0.6904824506216821,1.0799930540662057e-13,5.1720780034298546e-49,2,60.7023,-1.59208,-0.667044,6818.51,0.0,-1.0000,-1.0000,-1.0000,-1.0000,-1.0000,-1.0000,-1.0000,-1.0000,-1.0000,-1.0000,-1.0000,-1.0000,-1.0000,-1.0000,-1.0000,-1.0000,-1.0000,-1.0000,-1.0000
16.433,-0.23209426219846144,2.8311369916513147e-14,6.084898050255191e-50,2,60.6489,-1.48798,-0.657415,6785.64,0.0,-1.0000,-1.0000,-1.0000,-1.0000,-1.0000,-1.0000,-1.0000,-1.0000,-1.0000,-1.0000,-1.0000,-1.0000,-1.0000,-1.0000,-1.0000,-1.0000,-1.0000,-1.0000,-1.0000
16.549,-0.5525112389586324,7.421655755394423e-15,7.15882170714473e-51,2,60.2985,-1.36349,-0.661692,6776.04,0.0,-1.0000,-1.0000,-1.0000,-1.0000,-1.0000,-1.0000,-1.0000,-1.0000,-1.0000,-1.0000,-1.0000,-1.0000,-1.0000,-1.0000,-1.0000,-1.0000,-1.0000,-1.0000,-1.0000
16.649,-0.6648192478945838,2.4319281579276446e-15,1.2031831643198148e-51,2,60.0799,-1.24504,-0.637492,6819.51,0.0,-1.0000,-1.0000,-1.0000,-1.0000,-1.0000,-1.0000,-1.0000,-1.0000,-1.0000,-1.0000,-1.0000,-1.0000,-1.0000,-1.0000,-1.0000,-1.0000,-1.0000,-1.0000,-1.0000
16.749,-0.6666398079969508,7.968942187897306e-16,2.022189944272312e-52,2,60.2356,-1.12011,-0.552621,6869.34,0.0,-1.0000,-1.0000,-1.0000,-1.0000,-1.0000,-1.0000,-1.0000,-1.0000,-1.0000,-1.0000,-1.0000,-1.0000,-1.0000,-1.0000,-1.0000,-1.0000,-1.0000,-1.0000,-1.0000
16.849,-0.5869893573073607,2.611262976130189e-16,3.3986946393384745e-53,2,59.8172,-1.00236,-0.421221,6842.33,0.0,-1.0000,-1.0000,-1.0000,-1.0000,-1.0000,-1.0000,-1.0000,-1.0000,-1.0000,-1.0000,-1.0000,-1.0000,-1.0000,-1.0000,-1.0000,-1.0000,-1.0000,-1.0000,-1.0000
16.970,-0.12975398156866122,6.845269216146722e-17,3.9985302562353216e-54,2,59.3708,-0.886195,-0.308044,6787.87,0.0,12.7415,18.9593,22.8473,26.7229,29.6227,31.2704,32.2100,33.0690,33.7044,34.3589,35.0331,35.7278,36.7356,37.9402,40.3615,45.9170,57.7682,81.8014,1.4863
17.079,-0.0301349982707939,2.243057816746958e-17,6.720329801654706e-55,2,59.019,-0.796798,-0.286652,6778.06,0.0,12.2762,18.5997,22.5338,26.4286,29.3612,31.0342,31.9896,32.8643,33.5124,34.1805,34.8692,35.5793,36.6109,37.8460,40.3332,46.0652,58.3848,83.6124,2.5489
17.188,0.21270739801291533,7.350051853916434e-18,1.1294858297641064e-55,2,58.6318,-0.70923,-0.304997,6731.99,0.0,11.5643,17.2512,20.7338,24.1743,26.7669,28.2471,29.0934,29.8685,30.4427,31.0351,31.6462,32.2767,33.1929,34.2904,36.5043,41.6224,52.6972,75.6449,3.7751
17.297,0.0696999601808721,0.029176025390625002,1.8983268340845336e-56,2,58.3578,-0.612014,-0.334129,6713.78,0.0,10.7480,15.6597,18.6216,21.5378,23.7323,24.9854,25.7015,26.3578,26.8443,27.3462,27.8638,28.3979,29.1745,30.1057,31.9850,36.3406,45.8260,65.7395,5.3379
17.408,0.01158514583048614,0.316308472265625,3.1905179100458753e-57,2,59.0841,-0.511384,-0.342798,6922.86,0.0,10.0353,14.5223,17.1871,19.8109,21.7884,22.9191,23.5658,24.1589,24.5987,25.0526,25.5213,26.0049,26.7086,27.5529,29.2602,33.2299,41.9413,60.4833,6.8451
17.519,-0.5262898291723366,0.41322704808262495,5.362303451414103e-58,2,60.5166,-0.414964,-0.309493,7216.3,0.0,9.5511,14.1689,16.8789,19.5767,21.6284,22.8078,23.4848,24.1066,24.5684,25.0456,25.5389,26.0491,26.7927,27.6866,29.5000,33.7459,43.1733,63.5400,7.6618
17.629,-0.24483147119169124,0.4835564090375895,9.012423410791684e-59,2,62.3593,-0.337795,-0.234777,7488.76,0.0,9.4189,14.7685,17.9425,21.1765,23.6790,25.1329,25.9716,26.7447,27.3208,27.9175,28.5359,29.1765,30.1126,31.2423,33.5455,38.9884,51.2318,77.9039,7.5938
17.739,-0.08022637648009338,0.6386853773946872,1.5147180026517586e-59,2,65.2933,-0.271558,-0.200474,7949.02,0.0,9.1506,14.6325,17.9208,21.3144,23.9674,25.5181,26.4160,27.2453,27.8642,28.5064,29.1728,29.8645,30.8768,32.1013,34.6064,40.5652,54.1051,83.8798,7.9223
17.849,-0.03876934774616888,0.7198159283709411,2.5457865470568106e-60,2,69.111,-0.206639,-0.187699,8655.0,0.0,8.7507,13.9727,17.1278,20.4045,22.9811,24.4935,25.3709,26.1830,26.7897,27.4201,28.0749,28.7550,29.7527,30.9614,33.4416,39.3780,53.0209,83.4641,8.5574
17.957,-0.5243330191955037,0.74732237325234,4.278703449638382e-61,2,73.19,-0.146473,-0.137659,9813.36,0.0,8.5549,14.0777,17.5178,21.1659,24.0812,25.8089,26.8163,27.7520,28.4529,29.1825,29.9419,30.7328,31.8958,33.3086,36.2218,43.2499,59.5624,96.0726,8.7219
18.071,-0.17441767029598262,0.7597163394079517,7.191216887807229e-62,2,77.1652,-0.104088,-0.0338844,11218.8,0.0,8.8482,15.9792,20.7943,26.1581,30.5892,33.2608,34.8311,36.2963,37.3977,38.5475,39.7477,41.0003,42.8460,45.0950,49.7450,60.9771,86.7772,29.2285,8.1242
18.179,-0.05715318220258758,0.7711969633784476,1.2086278223337612e-62,2,80.98,-0.0751177,0.05076,12516.4,0.0,9.3328,18.8169,25.8726,34.1376,41.1488,45.4160,47.9317,50.2810,52.0477,53.8921,55.8162,57.8229,60.7775,64.3701,71.7658,89.4273,132.9880,17.9596,7.6385
18.287,-0.018727954744143897,0.7814296119754747,2.0313407809963527e-63,2,84.308,-0.0616798,0.147416,13875.9,0.0,10.2614,24.1390,35.7759,49.9506,62.0258,69.3222,73.5974,77.5701,80.5450,83.6389,86.8544,90.1947,95.0870,100.9970,113.8540,42.3166,19.9787,13.4669,7.1047
18.398,0.11322544599854537,0.7564815251739986,3.414074450620571e-64,3,86.4726,-0.0692774,0.274554,11910.8,0.0,12.2929,37.4421,61.2096,89.5994,114.0150,131.7090,141.3170,146.6100,38.0026,33.2845,30.2722,28.0289,25.6122,23.4807,20.5329,16.7339,13.0998,10.2908,6.4481
18.511,0.457967686913357,0.34184949116901586,5.738034929157995e-65,3,86.3199,-0.104024,0.373514,8879.36,0.0,15.0037,58.1876,99.6523,40.7833,23.6584,20.5634,19.2982,18.3408,17.7259,17.1600,16.6364,16.1501,15.5244,14.8774,13.8228,12.1677,10.2508,8.5359,5.8897
18.621,0.18078695442235085,0.11201724126626311,9.643915305435844e-66,3,86.6722,-0.170957,0.397786,8091.46,0.0,16.6594,68.5056,121.7150,24.8625,18.5458,16.6508,15.8189,15.1689,14.7423,14.3434,13.9694,13.6178,13.1594,12.6782,11.8799,10.5924,9.0523,7.6339,5.3888
18.728,0.4885495486641159,0.036705809618129095,1.6208528453846024e-66,2,86.8578,-0.269702,0.363047,9963.85,0.0,16.8961,63.1571,109.0350,26.6300,18.4951,16.3408,15.4218,14.7133,14.2528,13.8251,13.4268,13.0545,12.5723,12.0698,11.2437,9.9307,8.3891,6.9944,4.8183
18.839,0.48112794463034336,0.01202775969566854,2.7241673772379016e-67,2,86.3008,-0.370283,0.191601,9821.04,0.0,14.0091,35.8530,55.1889,78.8817,99.6068,114.3860,124.2530,131.3400,134.8990,137.9130,34.9941,28.9852,24.7734,21.7402,18.0943,13.9600,10.4009,7.8513,4.5843
18.952,0.15765600489647089,0.003941256297076668,4.578508110923741e-68,2,84.926,-0.431641,0.0387666,9628.62,0.0,12.3159,24.7529,34.1323,45.2885,54.8876,60.7831,64.2753,67.5461,70.0124,72.5920,75.2890,78.1071,82.2653,87.3573,98.7534,129.7530,17.0006,10.1464,4.6884
19.060,0.015808759303030266,0.0012914708634260824,7.695098582029533e-69,2,83.6348,-0.451093,-0.045975,9511.42,0.0,11.5657,21.0161,27.5887,35.1094,41.4764,45.3768,47.6904,49.8620,51.5026,53.2214,55.0232,56.9112,59.7065,63.1331,70.2802,87.9760,132.7660,13.2707,4.9448
19.171,-0.3052024754123447,0.21514217159440246,1.2933152186817038e-69,2,83.1751,-0.445193,-0.0236734,9715.34,0.0,11.7523,21.9940,29.3355,37.8982,45.2398,49.7657,52.4572,54.9869,56.8999,58.9061,61.0092,63.2154,66.4833,70.4889,78.8450,101.7150,28.3015,12.1528,4.8728
19.282,-0.1000087471431171,0.4667601637411788,2.17367488803834e-70,2,84.9255,-0.447787,0.0163533,10154.8,0.0,12.2212,24.1284,33.1099,43.8906,53.2808,59.1014,62.5680,65.8272,68.2922,70.8768,73.5853,76.4233,80.6731,86.1532,98.7868,126.8890,18.3048,10.4404,4.6494
19.387,-0.03277086626385661,0.6988626520953344,3.6532953843260385e-71,2,88.3966,-0.455983,0.0228297,10989.4,0.0,12.3751,24.7238,34.1750,45.6298,55.6701,61.9116,65.6337,69.1353,71.7843,74.5626,77.5097,80.7047,85.6587,92.1397,107.4360,129.2670,17.0245,10.0344,4.5491
19.497,-0.010738357457340534,0.8331089193073492,6.140093552436773e-72,2,93.0506,-0.463811,0.0188081,12246.9,0.0,12.4023,24.7243,34.1786,45.6820,55.8076,62.1213,65.8917,69.4431,72.1320,74.9963,78.1043,81.4866,86.7576,93.7024,110.2260,128.2530,16.9923,9.9771,4.4996
19.609,-0.0035187449716213466,0.8912447791161322,1.0319655233580486e-72,2,98.2122,-0.468597,0.0117843,13856.5,0.0,12.3688,24.5071,33.8119,45.1607,55.1881,61.4599,65.2134,68.7531,71.4617,74.3961,77.5882,81.0725,86.5250,93.7464,110.0790,126.2770,17.4206,10.0764,4.4891
19.721,-0.0011530223523008828,0.9183631321895241,1.7344244551078724e-73,3,103.608,-0.469149,0.00526303,12149.7,0.0,12.3065,24.2553,33.4144,44.6183,54.5600,60.7996,64.5412,68.0937,70.8741,73.8972,77.1958,80.8094,86.4872,94.0582,109.4340,124.1820,17.9985,10.2508,4.5126
19.829,-0.00037782236440195326,0.9312804596714882,2.9150471816998015e-74,3,106.456,-0.466293,-0.0066045,10639.3,0.0,12.1563,23.6648,32.4267,43.1373,52.6663,58.6657,62.2710,65.7211,68.4326,71.3837,74.6069,78.1407,83.7017,91.1310,106.2090,120.7560,19.5416,10.6968,4.5914
19.941,-0.00012380483236723206,0.9371711607126533,4.899319798282856e-75,3,111.257,-0.457944,-0.0197209,11010.3,0.0,11.9518,22.9491,31.2532,41.3857,50.4177,56.1219,59.5567,62.8663,65.4706,68.3057,71.4030,74.8007,80.1504,87.3019,102.2900,116.8900,21.9442,11.3545,4.7273
20.051,-4.0568367470094604e-05,0.9415484471141972,8.234286784973998e-76,3,115.971,-0.442083,-0.0333551,11481.3,0.0,11.6871,22.1287,29.9450,39.4609,47.9564,53.3367,56.5847,59.7325,62.2105,64.9080,67.8559,71.0902,76.1828,82.9918,97.9166,112.7140,25.7427,12.2819,4.9375
20.162,-1.32934426526006e-05,0.9499398666347552,1.3839365799505797e-76,3,120.72,-0.417597,-0.0471004,11885.7,0.0,11.3599,21.2153,28.5302,37.4136,45.3557,50.3989,53.4533,56.4287,58.7713,61.3213,64.1077,67.1652,71.9795,78.4181,93.1937,108.2950,32.3736,13.5401,5.2339
20.268,-4.355995288404165e-06,0.9820191900301265,2.32598220992294e-77,3,125.519,-0.383631,-0.0608681,12387.8,0.0,10.9664,20.2076,27.0103,35.2505,42.6258,47.3222,50.1788,52.9723,55.1715,57.5652,60.1823,63.0523,67.5737,73.6199,88.0829,103.6370,59.1802,15.2181,5.6280
20.379,-1.427372536104277e-06,1.0,3.909278300217486e-78,3,130.465,-0.339437,-0.0745967,12874.5,0.0,10.5032,19.1041,25.3858,32.9748,39.7747,44.1152,46.7696,49.3739,51.4238,53.6551,56.0944,58.7696,62.9838,68.6202,82.4729,98.7369,113.6460,17.4345,6.1315
20.487,-4.677214326306494e-07,1.0,6.57032403917553e-79,3,135.467,-0.284276,-0.0882667,13318.2,0.0,9.9667,17.9016,23.6531,30.5834,36.7984,40.7758,43.2261,45.6331,47.5276,49.5896,51.8444,54.3163,58.2115,63.4198,76.2513,93.5756,108.6100,20.3612,6.7572
20.599,-1.532629590444112e-07,1.0,1.1042743612642311e-79,3,140.459,-0.21759,-0.101772,13754.6,0.0,9.3547,16.5987,21.8115,28.0769,33.6992,37.3085,39.5501,41.7525,43.4858,45.3730,47.4356,49.6978,53.2611,58.0265,69.7673,88.1345,103.3190,24.2552,7.5171
20.709,-5.022120641967267e-08,1.0,1.8559539189767937e-80,3,145.436,-0.138743,-0.115186,14188.0,0.0,8.6643,15.1935,19.8595,25.4532,30.4760,33.7161,35.7423,37.7325,39.2991,41.0043,42.8678,44.9123,48.1330,52.4393,63.0486,82.3837,97.7604,29.5457,8.4250
20.818,-1.645648491959834e-08,1.0,3.1193017516242984e-81,3,150.394,-0.0471242,-0.128497,14620.7,0.0,7.8928,13.6835,17.7947,22.7106,27.1276,29.9982,31.8012,33.5718,34.9652,36.4821,38.1407,39.9598,42.8246,46.6567,56.0954,76.2784,91.9129,36.2090,9.4956
20.927,-0.10198722330858598,1.0,5.24261045395496e-82,3,155.254,0.0546315,-0.121527,15094.9,0.0,7.1683,12.5691,16.4741,21.2264,25.6031,28.5658,30.4542,32.3294,33.8201,35.4577,37.2645,39.2693,42.4733,46.8502,58.1063,74.3240,88.6174,37.3978,10.4206
21.039,-0.033419173333757456,1.0,8.811255389962102e-83,4,156.275,0.150192,-0.101718,12126.9,0.0,6.5483,11.7937,15.7266,20.6991,25.6234,29.1183,31.4122,33.7437,35.6361,37.7566,40.1492,42.8685,47.3655,53.8288,63.4555,74.1315,86.7013,35.2664,11.0807
21.152,-0.010950794718005644,1.0,1.4809076933909307e-83,4,159.942,0.239354,-0.102574,12333.9,0.0,5.8607,10.5783,14.1449,18.8013,23.5408,26.9689,29.2489,31.5909,33.5105,35.6819,38.1567,41.0040,45.7933,52.4416,59.9949,69.8270,81.8969,36.8401,11.9587
21.260,-0.09952574988522733,0.98822998046875,2.4889615602821373e-84,4,163.503,0.330215,-0.105885,12602.2,0.0,5.1499,9.2861,12.4759,16.7413,21.1637,24.4147,26.6017,28.8690,30.7435,32.8808,35.3409,38.2017,43.0907,49.0097,55.6222,64.8659,76.5488,38.5069,12.8870
21.371,-0.2505304478500475,0.53295695,0.3841835494995117,4,164.195,0.411153,-0.0600351,12221.2,0.0,4.7066,9.1316,12.9887,18.8574,26.0094,32.1391,36.7717,41.8748,44.6632,46.9031,48.8607,50.6378,52.9168,55.3090,59.3765,66.4796,76.4874,32.3158,12.8467
21.477,-0.07398414453390358,0.174639333376,0.7804519819720002,4,154.885,0.465939,-0.035003,11053.4,0.0,4.3810,8.9393,13.2404,20.4713,30.6273,39.1867,42.4073,44.8023,46.3683,47.8462,49.2539,50.6039,52.4133,54.3858,57.8667,64.2012,73.4633,30.0932,12.8982
21.588,-0.024243124480869523,0.057225816760647676,0.8606903740277587,4,143.039,0.504131,-0.0430577,9868.71,0.0,4.0375,8.1297,11.9093,18.0886,26.4154,33.6247,36.6515,38.9162,40.4028,41.8103,43.1547,44.4473,46.1850,48.0859,51.4573,57.6469,66.8266,31.7141,13.3500
21.698,-0.02583231634434445,0.01875175563612903,0.8742620392683141,3,130.901,0.537438,-0.0503781,10758.6,0.0,3.7413,7.4453,10.8031,16.1644,23.1469,29.0722,31.7546,33.8169,35.1878,36.4957,37.7527,38.9675,40.6093,42.4157,45.6427,51.6356,60.6682,36.5110,13.7557
21.807,-0.3132504062624937,0.006144575286846761,0.3371465538255678,3,119.525,0.568442,-0.0516923,10449.6,0.0,3.4864,6.9236,10.0295,14.9682,21.3631,26.1962,28.3858,30.1565,31.3623,32.5294,33.6640,34.7707,36.2801,37.9566,40.9858,46.7023,55.4896,66.5736,14.0536
21.917,-0.1956742031941689,0.0020134544299939467,0.056664221301463175,3,112.08,0.597011,-0.0466903,10160.5,0.0,3.2704,6.5466,9.5443,14.3872,20.6966,24.3047,26.0752,27.5676,28.6076,29.6292,30.6347,31.6256,32.9913,34.5247,37.3319,42.7295,51.2104,62.1450,14.2308
22.030,-0.06411852290266526,0.0006597687476204165,0.009523555674136914,3,108.903,0.61786,-0.0206721,9876.81,0.0,3.1776,6.6451,10.0525,16.1059,21.8392,24.5809,26.0204,27.2688,28.1547,29.0360,29.9128,30.7854,32.0001,33.3787,35.9373,40.9543,49.0189,59.6373,14.0208
22.139,-0.33152002309465317,0.14728594888259525,0.0016006240021521913,3,107.958,0.621772,0.024461,9896.73,0.0,3.2908,7.5059,12.3385,19.1843,23.7015,26.0135,27.2554,28.3458,29.1261,29.9074,30.6895,31.4722,32.5683,33.8210,36.1669,40.8328,48.4670,58.6879,13.4366
22.249,-0.480704383132111,0.2510597534798488,0.00026901687604171884,3,107.455,0.59266,0.113873,9979.19,0.0,3.9282,11.2167,18.0610,24.3483,28.4606,30.5763,31.7164,32.7194,33.4385,34.1595,34.8822,35.6063,36.6219,37.7847,39.9679,44.3293,51.5059,61.1580,12.2063
22.362,-0.21205668600442934,0.11635991627027686,4.521366635633169e-05,3,107.02,0.523565,0.195513,9800.45,0.0,5.1389,15.2559,22.0652,28.0114,31.8692,33.8539,34.9240,35.8659,36.5416,37.2193,37.8989,38.5801,39.5362,40.6316,42.6907,46.8125,53.6147,23.4598,11.0004
22.469,-0.13810706175857593,0.038128817363444326,7.599060904508668e-06,3,106.073,0.417195,0.26208,9644.17,0.0,6.8334,17.9662,24.5127,30.1150,33.7438,35.6131,36.6221,37.5109,38.1488,38.7890,39.4314,40.0757,40.9806,42.0182,43.9712,47.8897,54.3835,19.1467,9.8704
22.580,-0.12604695916779235,0.10347807431115344,1.2771741662207719e-06,3,105.131,0.277484,0.312128,9610.09,0.0,8.3095,19.5570,25.7033,30.9343,34.3337,36.0905,37.0405,37.8784,38.4803,39.0850,39.6922,40.3016,41.1584,42.1420,43.9968,47.7325,53.9616,16.8531,8.8514
22.687,-0.14668000385326818,0.3327274180465287,2.1465466211672517e-07,3,105.332,0.127354,0.285811,9790.81,0.0,9.4822,20.3992,26.1009,30.9568,34.1299,35.7766,36.6690,37.4572,38.0242,38.5942,39.1672,39.7429,40.5533,41.4852,43.2465,46.8099,52.7970,15.2686,7.9207
22.799,-0.3811938350211487,0.4883977668298615,3.6077009061958e-08,3,106.562,-0.0153961,0.273068,10062.3,0.0,10.6645,21.5906,27.0571,31.6810,34.7008,36.2687,37.1190,37.8704,38.4110,38.9549,39.5018,40.0515,40.8256,41.7165,43.4020,46.8195,52.5846,13.1052,6.9519
22.911,-0.269373873282105,0.555032623594184,6.063462913043282e-09,3,108.131,-0.155861,0.284779,10366.4,0.0,12.0991,23.6117,29.0943,33.6556,36.6102,38.1392,38.9671,39.6981,40.2237,40.7522,41.2834,41.8171,42.5683,43.4322,45.0655,48.3729,17.2085,10.3982,5.8921
23.020,-0.08826843079708016,0.5782905705680922,1.0190862117951847e-09,3,110.262,-0.294149,0.274981,10524.5,0.0,13.1829,24.6510,29.9530,34.3391,37.1770,38.6457,39.4412,40.1436,40.6489,41.1569,41.6676,42.1809,42.9035,43.7348,45.3074,48.4956,12.6564,8.5637,4.9405
23.128,-0.028923799403587226,0.5863258459606274,1.7127781961641671e-10,3,112.751,-0.422131,0.220542,10649.5,0.0,13.5104,23.8871,28.6752,32.6787,35.2945,36.6565,37.3965,38.0515,38.5233,38.9985,39.4768,39.9582,40.6372,41.4199,42.9055,45.9368,12.2191,7.6681,4.1817
23.241,-0.009477750588567464,0.5947579094543785,2.8786663142931163e-11,3,115.285,-0.523473,0.145186,10866.4,0.0,13.3828,22.3765,26.5571,30.1062,32.4561,33.6897,34.3629,34.9605,35.3920,35.8274,36.2665,36.7094,37.3354,38.0593,39.4394,42.2806,47.2055,7.4794,3.6414
23.351,-0.0309840862149614,0.6105887756762607,4.838174474432441e-12,3,117.854,-0.583611,0.0625589,11114.2,0.0,12.9502,20.6002,24.1933,27.2900,29.3680,30.4682,31.0715,31.6086,31.9974,32.3905,32.7879,33.1894,33.7585,34.4187,35.6838,38.3137,42.9520,8.6745,3.4193
23.459,-0.3495171384706506,0.6340754370448471,8.131519839178604e-13,3,120.268,-0.603556,0.0192592,11449.3,0.0,12.6857,19.7050,23.0187,25.8943,27.8363,28.8690,29.4364,29.9423,30.3090,30.6803,31.0559,31.4359,31.9752,32.6018,33.8056,36.3212,40.7990,10.8716,3.4001
23.569,-0.4031123107840928,0.6449082513202304,1.366664539370748e-13,3,122.199,-0.601673,0.0214932,11821.6,0.0,12.6945,19.7516,23.0852,25.9783,27.9320,28.9707,29.5415,30.0504,30.4193,30.7926,31.1704,31.5526,32.0950,32.7251,33.9357,36.4649,40.9656,10.6939,3.4081
23.680,-0.23827301099847448,0.627651488917613,2.2969530913204167e-14,3,124.027,-0.585073,0.0203102,12046.3,0.0,12.5636,19.5848,22.9140,25.8088,27.7661,28.8074,29.3798,29.8903,30.2604,30.6350,31.0141,31.3977,31.9421,32.5747,33.7905,36.3317,40.9595,12.0952,3.5591
23.789,-0.3171420150890004,0.6025410898885234,3.860489060582224e-15,3,125.805,-0.554494,-0.00188899,12134.7,0.0,12.1466,18.8029,21.9891,24.7779,26.6733,27.6850,28.2420,28.7393,29.1001,29.4657,29.8359,30.2108,30.7433,31.3629,32.5554,35.0569,40.0910,50.9777,3.9274
23.900,-0.2830016271167616,0.5833517639440463,6.488323964120544e-16,3,127.448,-0.509436,-0.0333509,12196.9,0.0,11.5648,17.7154,20.6963,23.3286,25.1306,26.0967,26.6299,27.1067,27.4532,27.8045,28.1606,28.5216,29.0352,29.6337,30.7886,33.3195,38.8599,51.4896,4.5108
24.011,-0.20994417723781417,0.5746438896029351,1.0904926086497398e-16,3,129.169,-0.447806,-0.0702171,12276.3,0.0,10.8517,16.4208,19.1588,21.6019,23.2890,24.1983,24.7016,25.1525,25.4807,25.8140,26.1522,26.4956,26.9849,27.5566,28.7027,31.3760,37.4055,52.0595,5.3709
24.119,-0.25235490819599943,0.5711203859169648,1.832790927357618e-17,3,130.895,-0.366513,-0.107936,12399.8,0.0,10.0295,15.0014,17.4855,19.7276,21.2906,22.1382,22.6089,23.0315,23.3396,23.6540,23.9786,24.3140,24.8030,25.3912,26.5873,29.4185,36.0266,53.5204,6.5985
24.229,-0.26088699793510256,0.570906966338521,3.080371711609949e-18,3,132.512,-0.264126,-0.13712,12558.3,0.0,9.1443,13.5983,15.8647,17.9352,19.3931,20.2040,20.6707,21.1007,21.4209,21.7527,22.0966,22.4532,22.9754,23.6071,24.9040,28.0416,35.7628,59.3856,8.2112
24.342,-0.25567062439744664,0.5729392126985565,5.177180735702842e-19,3,134.087,-0.141116,-0.162245,12716.6,0.0,8.1613,12.1075,14.1580,16.0705,17.5280,18.3806,18.8757,19.3344,19.6778,20.0352,20.4073,20.7952,21.3665,22.0632,23.5130,27.1335,36.7918,75.1630,10.3720
24.448,-0.24325999904724283,0.573243732935813,8.701287662495767e-20,3,135.653,0.00168419,-0.187921,12859.0,0.0,7.0610,10.4561,12.2872,14.1724,15.6737,16.5687,17.0940,17.5848,17.9546,18.3417,18.7473,19.1728,19.8046,20.5835,22.2348,26.5473,39.5685,131.2930,13.1269
24.557,-0.22807186874930055,0.5728375493771573,1.4624254174356638e-20,3,137.235,0.163921,-0.215018,12993.1,0.0,5.8461,8.6871,10.4163,12.2759,13.8065,14.7410,15.2975,15.8227,16.2221,16.6434,17.0885,17.5594,18.2665,19.1514,21.0768,26.4468,46.4293,200.0000,15.0540
24.669,-0.2128088480600208,0.5768561054455319,2.4578983990841207e-21,3,138.856,0.345648,-0.242604,13133.8,0.0,4.5382,7.0043,8.6117,10.4164,11.9660,12.9423,13.5351,14.1026,14.5393,15.0051,15.5030,16.0364,16.8501,17.8908,20.2459,27.5544,70.1563,122.2280,16.2296
24.779,-0.20178800412596384,0.5800100543355169,4.1309898393406824e-22,3,140.52,0.531813,-0.208882,13277.7,0.0,3.3507,5.4593,6.9151,8.6424,10.2112,11.2437,11.8881,12.5179,13.0115,13.5467,14.1288,14.7645,15.7591,17.0770,20.2647,32.4377,200.0000,75.0750,16.8607
24.888,-0.2038070098326521,0.5840642942140372,6.942954622979885e-23,3,142.197,0.681894,-0.15267,13431.1,0.0,2.3668,4.0995,5.3879,7.0327,8.6500,9.7856,10.5257,11.2734,11.8772,12.5504,13.3055,14.1585,15.5566,17.5392,23.0617,62.5941,177.8560,56.6965,17.0650
24.998,-0.21094843721102594,0.5868625062874306,1.1669023834842294e-23,3,143.866,0.792797,-0.0951101,13589.6,0.0,1.6123,3.0038,4.1460,5.7669,7.5724,8.9894,9.9891,11.0680,11.9944,13.0911,14.4098,16.0253,19.0116,24.1617,49.1504,200.0000,94.2911,45.9095,16.8930
25.109,-0.22217739657043553,0.5877794244196404,1.9612128359219448e-24,3,145.494,0.862947,-0.0361178,13745.8,0.0,1.1231,2.2874,3.3827,5.2167,7.7773,10.3220,12.5084,15.3574,18.3433,22.7726,30.0250,44.0604,127.5470,191.4460,200.0000,130.0500,64.8150,38.3832,16.4109
25.220,-0.20167052054563392,0.6050147746844527,3.296210413334013e-25,3,147.104,0.890845,0.0240991,13921.7,0.0,0.9494,2.1637,3.5540,6.6887,14.3317,33.5297,117.5510,185.3600,191.8390,196.9860,200.0000,200.0000,200.0000,167.6270,120.9830,77.8386,49.0234,32.5767,15.6713
25.329,-0.09494727111151284,0.7332921124623515,5.539940841690475e-26,3,149.314,0.877113,0.0722046,14242.7,0.0,1.1270,2.8745,5.3896,14.7619,177.1170,194.6660,200.0000,200.0000,200.0000,156.1180,139.3160,125.7870,110.7450,97.4457,79.5719,58.3087,40.5226,28.6632,14.8923
25.439,-0.04374400506207678,0.9014327180054132,9.310978572629183e-27,3,152.825,0.827479,0.104524,14729.4,0.0,1.6444,4.5977,9.8845,58.6554,193.2590,200.0000,146.6200,126.0890,114.6340,105.0940,97.0264,90.1157,81.9542,74.2796,63.2142,48.7846,35.5044,25.9560,14.1114
25.549,0.06271398625600869,0.9747333656141388,1.564896168701787e-27,4,155.668,0.755078,0.0989586,12168.8,0.0,2.3186,6.3737,13.3283,63.3081,186.7400,196.8730,152.1030,129.3430,116.8630,106.5870,97.9786,90.6633,82.0931,74.1013,62.6919,48.0111,34.6930,25.2293,13.6139
25.661,0.020550119016368926,0.999619896822566,2.630120990737094e-28,4,158.054,0.684125,0.076454,12207.1,0.0,2.9111,7.5089,14.2936,41.4687,171.3020,184.1730,189.4620,193.5640,149.3120,132.2970,118.7710,107.7620,95.3949,84.3476,69.3311,51.2090,35.8306,25.4633,13.3124
25.771,0.00673386299928377,1.0,4.420444349131834e-29,4,161.665,0.620897,0.0700288,12472.1,0.0,3.4680,8.7955,16.3689,43.6414,163.6970,177.1780,182.6010,186.7900,189.5350,138.9900,123.6160,111.3120,97.7088,85.7485,69.7727,50.9127,35.2567,24.8776,12.8838
25.879,0.10810654042385531,1.0,7.429440817585875e-30,4,165.221,0.562475,0.0611399,12738.6,0.0,3.9620,9.8251,17.7667,43.0386,153.9270,168.9540,174.6730,179.0450,181.8980,184.5640,134.2910,119.4060,103.3770,89.6415,71.7944,51.4288,35.0737,24.4945,12.5166
25.991,0.07939121683568891,1.0,1.2486661182116582e-30,4,168.52,0.522553,0.00940168,13052.8,0.0,4.0899,9.0464,14.4167,25.4565,47.4484,83.7018,137.7980,150.7030,156.1280,160.6070,164.5130,168.0180,172.4310,176.9400,115.4440,69.6314,42.0791,27.3150,12.7995
26.101,0.026014913932718542,1.0,2.098633144878334e-31,4,171.973,0.511779,-0.0172966,13259.5,0.0,4.0729,8.5685,13.0309,21.0716,33.6706,48.1068,62.3926,84.3145,112.5790,138.5130,145.6450,150.8640,156.7880,162.4500,171.2180,86.6479,47.4997,29.3392,13.0556
26.209,0.008524566997473212,1.0,3.5271727265970165e-32,4,175.476,0.522058,-0.0245385,13490.3,0.0,3.9595,8.2246,12.3686,19.6165,30.4383,42.0977,52.9257,68.3108,86.2217,116.8750,134.8200,141.2060,147.8260,153.9020,163.1000,93.6848,49.6730,30.2125,13.2440
26.321,0.002793330113732022,1.0,5.928119201591605e-33,4,178.953,0.541986,-0.0264832,13742.1,0.0,3.7874,7.8407,11.7570,18.5544,28.5820,39.2253,48.9643,62.5669,78.0650,103.7790,127.3690,134.2060,140.9950,147.1370,156.3780,96.8342,50.8522,30.7969,13.4449
26.429,0.000915318411667709,1.0,9.963389942115014e-34,4,182.4,0.56559,-0.0270468,13995.7,0.0,3.5903,7.4254,11.1250,17.5322,26.9517,36.9076,45.9799,58.5914,72.8758,96.3803,120.9290,127.8730,134.6450,140.7440,149.9160,98.8972,51.7884,31.3244,13.6588
26.539,0.00029993153713527487,1.0,1.6745469475712703e-34,4,185.819,0.590744,-0.0272319,14247.4,0.0,3.3818,6.9920,10.4728,16.4968,25.3428,34.6799,43.1767,54.9702,68.3027,90.1824,114.6890,121.6280,128.3260,134.3490,143.4160,100.6820,52.6733,31.8465,13.8810
26.649,-0.03928438861828651,1.0,2.8144110547830345e-35,4,189.205,0.616103,-0.0233318,14498.1,0.0,3.1841,6.6277,9.9854,15.8863,24.7648,34.4226,43.4785,56.4919,71.8619,98.7321,112.0080,117.7050,123.7450,129.3680,138.0060,98.2628,52.4041,31.9576,14.0446
26.758,-0.012872708462440124,1.0,4.730180659773845e-36,4,192.551,0.6353,-0.0108305,14746.1,0.0,3.0616,6.5166,10.0150,16.5008,27.1636,40.1970,54.0429,77.3761,101.5070,108.5670,113.4530,117.4850,122.3260,127.1360,134.8530,88.3050,49.7289,31.1181,14.0287
26.867,-0.00421812910897238,1.0,7.950014634881901e-37,4,195.88,0.646928,-0.00692213,14988.5,0.0,2.9754,6.3788,9.8680,16.4555,27.6341,41.9211,57.9051,86.9172,99.3935,104.8190,109.0740,112.7260,117.2120,121.7400,129.1040,85.9297,49.1288,30.9752,14.0724
26.977,-0.0013821965464280695,1.0,1.3361589596846014e-37,5,196.31,0.654611,-0.00589085,13438.7,0.0,2.9136,6.2583,9.6988,16.2264,27.4003,41.8621,58.2870,86.6484,94.4282,99.3122,103.2760,106.7300,111.0130,115.3720,122.5150,85.6788,49.1114,31.0247,14.1233
27.091,-0.00045291816433354977,1.0,2.2456823635419096e-38,5,199.03,0.66079,-0.00547886,13608.3,0.0,2.8626,6.1536,9.5432,15.9872,27.0571,41.4578,57.9150,82.5787,88.9752,93.4548,97.1781,100.4590,104.5620,108.7650,115.7020,127.2320,49.1966,31.1026,14.1701
27.201,-0.00014841222408881757,1.0,3.774318348404887e-39,5,201.706,0.666531,-0.00552726,13794.9,0.0,2.8141,6.0486,9.3796,15.7107,26.5821,40.7161,56.8566,77.6094,83.1655,87.3065,90.8134,93.9341,97.8653,101.9180,108.6540,119.9570,49.3782,31.2146,14.2198
27.308,-4.863171758942374e-05,1.0,6.343496848164094e-40,5,204.362,0.672282,-0.00554264,13972.0,0.0,2.7655,5.9440,9.2172,15.4379,26.1184,40.0014,55.8516,72.4506,77.2924,81.0947,84.3767,87.3280,91.0760,94.9676,101.4840,112.5350,49.5523,31.3237,14.2691
27.418,-1.593564121970237e-05,1.0,1.0661515152709394e-40,5,206.991,0.678106,-0.00554335,14146.7,0.0,2.7163,5.8384,9.0534,15.1635,25.6540,39.2899,54.8579,67.1197,71.3417,74.8084,77.8586,80.6322,84.1858,87.9045,94.1829,104.9550,49.7250,31.4329,14.3188
27.527,-5.2217909148720725e-06,0.99274755859375,1.7918808517158687e-41,5,209.59,0.684007,-0.00554335,14313.1,0.0,2.6665,5.7314,8.8874,14.8855,25.1837,38.5697,53.7024,61.6336,65.3066,68.4425,71.2546,73.8418,77.1892,80.7222,86.7430,97.2051,49.8999,31.5434,14.3691
27.640,-1.7110764469852805e-06,0.74538106296875,0.5010308253479003,5,207.925,0.689923,-0.00554335,13908.5,0.0,2.6166,5.6241,8.7210,14.6068,24.7121,37.8475,50.2513,56.0472,59.2286,62.0397,64.6088,67.0019,70.1308,73.4649,79.2066,89.3260,50.3925,31.6542,14.4196
27.749,-5.606855301481367e-07,0.2920002792136,0.7948976416853623,5,197.794,0.695646,-0.00554335,12898.6,0.0,2.5683,5.5202,8.5601,14.3372,24.2560,37.1489,45.9984,50.5759,53.3259,55.8292,58.1591,60.3568,63.2624,66.3901,71.8387,81.5905,95.5390,31.7614,14.4685
27.858,-1.8372543451894143e-07,0.09568265149271245,0.8480686033458226,5,184.623,0.701041,-0.00555313,11846.9,0.0,2.5228,5.4222,8.4079,14.0820,23.8230,36.0970,41.6543,45.3877,47.7655,49.9859,52.0877,54.0950,56.7790,59.6991,64.8485,74.2181,87.8922,31.8634,14.5146
27.969,-6.020315038316672e-08,0.03135329124113201,0.8581814995088148,5,171.273,0.706089,-0.00588727,10863.2,0.0,2.4794,5.3256,8.2533,13.8083,23.3175,33.2762,37.3479,40.4529,42.5131,44.4784,46.3679,48.1937,50.6627,53.3786,58.2292,67.2103,80.5932,32.0398,14.5626
28.080,-1.9727368317556073e-08,0.010273846473894135,0.8615636188827005,5,158.208,0.710901,-0.00637245,9904.44,0.0,2.4376,5.2312,8.1003,13.5312,22.7900,30.0548,33.2408,35.8436,37.6257,39.3574,41.0465,42.6976,44.9555,47.4686,52.0176,60.5988,73.6706,33.5339,14.6109
28.192,-0.006174432962750381,0.00336653401256563,0.831599458759844,4,145.516,0.715561,-0.00647426,9995.14,0.0,2.3981,5.1454,7.9660,13.3027,21.8538,26.9118,29.4727,31.6598,33.1953,34.7119,36.2113,37.6938,39.7441,42.0542,46.2958,54.4616,67.1972,83.2134,14.6522
28.300,-0.10094566041007405,0.0011031458652375056,0.18492117320051504,4,135.03,0.72002,-0.00696278,9902.34,0.0,2.3593,5.0577,7.8237,13.0449,19.9497,23.8011,25.8914,27.7321,29.0508,30.3720,31.6946,33.0167,34.8658,36.9754,40.9084,48.6502,61.0344,76.9867,14.6975
28.408,-0.033077874003173066,0.00036147883712102586,0.031079701579810562,3,128.258,0.724012,-0.00504589,11718.3,0.0,2.3301,5.0129,7.7800,12.8830,18.0545,21.0961,22.8138,24.3603,25.4867,26.6292,27.7857,28.9536,30.6058,32.5144,36.1308,43.4227,55.4144,71.2476,14.7031
28.519,-0.03361814232110388,0.2030028829790978,0.0052235654445187615,3,126.792,0.725341,0.00341213,11625.4,0.0,2.3386,5.1125,8.0340,12.4492,16.5574,19.0504,20.4880,21.8019,22.7704,23.7615,24.7734,25.8042,27.2770,28.9975,32.3073,39.1412,50.6997,66.3380,14.7020
28.627,-0.2618629297306105,0.35672318000709075,0.0008779246442602682,3,127.082,0.71507,0.0421635,11789.8,0.0,2.5265,5.8593,9.0512,13.4152,17.3149,19.6537,21.0001,22.2304,23.1374,24.0668,25.0169,25.9860,27.3723,28.9952,32.1305,38.6483,49.7884,65.0208,14.3962
28.739,-0.22827915584717334,0.3938743074840985,0.00014755279496082326,3,127.562,0.673462,0.112556,11921.2,0.0,3.0873,7.5155,11.6987,17.0479,21.4710,24.0033,25.4310,26.7198,27.6607,28.6173,29.5890,30.5746,31.9754,33.6021,36.7149,43.0968,53.8466,68.3861,13.4816
28.850,-0.07480251378800176,0.40096119596701435,2.4799198249065565e-05,3,128.381,0.61355,0.119239,11951.8,0.0,3.6699,8.8272,13.4228,18.9617,23.3680,25.8508,27.2426,28.4947,29.4070,30.3334,31.2731,32.2253,33.5770,35.1451,38.1429,44.2842,54.6362,68.6296,12.8979
28.958,-0.024511287718052416,0.43324701742884625,4.168001249720449e-06,3,129.524,0.555185,0.0878458,12038.3,0.0,4.0620,9.0620,13.1610,17.9714,21.8214,24.0196,25.2610,26.3843,27.2071,28.0459,28.9002,29.7686,31.0069,32.4522,35.2376,41.0261,50.9814,64.7199,12.8244
29.068,-0.04264638614919752,0.5693307791554594,7.005159700405159e-07,3,131.231,0.515091,0.0440333,12292.2,0.0,4.2188,8.7068,12.1365,16.0955,19.3028,21.1646,22.2276,23.1971,23.9118,24.6443,25.3940,26.1605,27.2605,28.5547,31.0786,36.4355,45.9269,59.4485,13.1202
29.180,-0.2599431270168409,0.7159823253386609,1.1773571908470952e-07,3,133.649,0.494982,0.0345217,12747.7,0.0,4.3469,8.8003,12.1244,15.9128,18.9661,20.7382,21.7505,22.6741,23.3551,24.0535,24.7690,25.5014,26.5535,27.7923,30.2128,35.3735,44.5886,57.7876,13.1002
29.288,-0.27622925498426004,0.7764920668825974,1.9787842306567132e-08,3,136.235,0.478363,0.0636125,13264.8,0.0,4.6190,9.6740,13.4811,17.7543,21.1188,23.0372,24.1225,25.1064,25.8283,26.5657,27.3178,28.0840,29.1793,30.4620,32.9476,38.1697,47.3286,60.0121,12.5233
29.400,-0.21116624549662905,0.7899922778979646,3.3257426564647392e-09,3,138.867,0.457996,0.0901182,13674.0,0.0,4.9299,10.6385,14.9354,19.6519,23.2704,25.2978,26.4349,27.4604,28.2092,28.9708,29.7450,30.5310,31.6505,32.9558,35.4703,40.7025,49.6525,61.9503,11.9970
29.511,-0.18912379893351783,0.790384841496605,5.589575682720286e-10,3,141.598,0.433163,0.100481,13952.8,0.0,5.2054,11.2899,15.7961,20.6454,24.3064,26.3395,27.4751,28.4966,29.2414,29.9986,30.7676,31.5480,32.6587,33.9512,36.4295,41.5385,50.1620,63.1989,11.6653
29.620,-0.17954038692854293,0.7892786720491075,9.394399849947986e-11,3,144.458,0.405261,0.0967404,14150.0,0.0,5.4284,11.5880,16.0387,20.7643,24.3096,26.2780,27.3784,28.3689,29.0911,29.8243,30.5683,31.3226,32.3951,33.6424,36.0295,40.9393,49.2040,63.6515,11.4825
29.730,-0.17003053316282074,0.7897655071320515,1.5789167827807582e-11,3,147.422,0.377385,0.0834721,14325.9,0.0,5.5914,11.6090,15.8402,20.2950,23.6447,25.5090,26.5507,27.4881,28.1721,28.8672,29.5725,30.2875,31.3040,32.4868,34.7548,39.4267,47.3691,63.5953,11.4154
29.838,-0.1761449308823677,0.7903105332520306,2.65368543681962e-12,3,150.434,0.353695,0.065832,14525.6,0.0,5.6891,11.4557,15.4085,19.5563,22.6781,24.4177,25.3908,26.2668,26.9060,27.5563,28.2172,28.8881,29.8423,30.9529,33.0883,37.5049,45.3841,63.8333,11.4440
29.951,-0.232921636997628,0.7898867836610254,4.4600491136627367e-13,3,153.335,0.338301,0.0509676,14785.7,0.0,5.7310,11.2677,14.9995,18.8916,21.8132,23.4405,24.3522,25.1728,25.7718,26.3811,27.0005,27.6298,28.5266,29.5710,31.5797,35.7502,44.0921,66.5051,11.5197
30.058,-0.2630516894999827,0.7871864625981698,7.496004545332964e-14,4,155.68,0.333187,0.0420035,12181.7,0.0,5.7201,11.0990,14.6785,18.3806,21.1481,22.6864,23.5482,24.3241,24.8903,25.4660,26.0512,26.6455,27.4925,28.4804,30.3799,34.4509,44.3354,75.6532,11.6118
30.169,-0.27158290937235435,0.7848785842829182,1.2598534839341113e-14,4,155.605,0.336698,0.0332677,12081.1,0.0,5.6437,10.8262,14.2289,17.7258,20.3330,21.7809,22.5916,23.3225,23.8559,24.3983,24.9496,25.5094,26.3071,27.2379,29.0935,33.7476,46.3876,100.0810,11.7851
30.278,-0.2730866016153331,0.7850635008259517,2.1174357504480615e-15,4,157.368,0.348934,0.02209,12184.2,0.0,5.4778,10.3434,13.4988,16.7325,19.1457,20.4884,21.2407,21.9192,22.4154,22.9210,23.4454,23.9963,24.8158,25.8285,27.9845,33.6733,51.3796,170.4530,12.1351
30.393,-0.26913480255184363,0.7870290063881478,3.5587742657780577e-16,4,159.163,0.373657,-0.00177395,12296.7,0.0,5.1561,9.4847,12.2587,15.1098,17.2519,18.4601,19.1709,19.8426,20.3539,20.8938,21.4649,22.0697,22.9792,24.1196,26.6093,33.6161,60.5256,200.0000,12.8871
30.500,-0.2630470034431881,0.7888852800476432,5.981231908493183e-17,4,160.936,0.415752,-0.0265604,12422.0,0.0,4.7098,8.4679,10.8640,13.3423,15.3752,16.6622,17.4459,18.1979,18.7777,19.3972,20.0605,20.7725,21.8615,23.2593,26.4432,36.5104,101.4420,96.1877,14.0057
30.611,-0.2559034905048639,0.8141339207535118,1.0052656468604495e-17,4,162.747,0.479944,-0.0555417,12575.0,0.0,4.0987,7.2074,9.2193,11.6049,13.7997,15.2587,16.1755,17.0759,17.7847,18.5564,19.3996,20.3246,21.7815,23.7299,28.5292,48.0629,184.2430,62.7815,15.0633
30.720,-0.24751843893043382,0.8668573523712607,1.6895499726783576e-18,4,164.75,0.571361,-0.0896108,12766.6,0.0,3.2968,5.8156,7.7289,10.2290,12.7528,14.5653,15.7647,16.9918,17.9938,19.1231,20.4051,21.8733,24.3268,27.9098,38.5846,139.4220,133.3700,48.7091,15.5341
30.827,-0.23973598531692455,0.9360557976937647,2.8396266390805157e-19,4,167.059,0.684659,-0.077315,12996.7,0.0,2.4908,4.7584,6.6894,9.5477,12.9063,15.6816,17.7188,19.9948,22.0170,24.4963,27.6071,31.6258,39.7268,56.1847,140.6390,193.9970,76.7263,40.1802,15.5416
30.939,-0.13562146563314983,0.9838379376164179,4.7725604923026226e-20,4,169.731,0.759839,-0.0206528,13249.7,0.0,1.9970,4.1764,6.3182,10.1234,15.9500,22.4303,28.6462,37.8237,49.0537,69.7758,118.3850,137.4770,153.0460,167.1780,189.4460,104.1880,56.2646,34.5098,15.2509
31.048,-0.04444044185867054,1.0,8.021242419413018e-21,4,172.985,0.790196,0.0156479,13393.7,0.0,1.8088,4.0511,6.5366,11.8396,23.2518,44.9876,89.7738,132.4540,143.7270,153.1220,161.5140,169.2570,179.3430,190.1040,200.0000,78.1830,48.1254,31.5617,14.9581
31.158,-0.014562243988249162,1.0,1.3481302134307463e-21,4,176.464,0.786707,0.0271814,13567.4,0.0,1.8611,4.2694,7.0607,13.4926,30.0279,77.7915,126.4820,141.3200,150.0800,158.0410,165.4600,172.4810,181.8030,191.9070,111.8210,72.0447,45.7311,30.5294,14.7649
31.268,-0.004771756110069485,1.0,2.2658024497130556e-22,4,179.912,0.766288,0.0303308,13810.4,0.0,2.0461,4.7255,7.8712,15.2898,35.5257,102.7640,126.4700,139.5200,147.6110,155.0980,162.1530,168.8790,177.8670,187.6640,107.4100,69.7616,44.6259,29.9293,14.5528
31.379,-0.001563609042147569,1.0,3.808134177232733e-23,4,183.329,0.73957,0.0313383,14063.5,0.0,2.2825,5.2829,8.8201,17.2261,40.6230,104.9140,123.4650,135.5080,143.1580,150.3100,157.0950,163.5960,172.3230,181.8740,106.9280,68.2590,43.7705,29.3983,14.3191
31.489,-0.0005123634109309154,1.0,6.400331111675054e-24,4,186.72,0.710432,0.0317412,14311.9,0.0,2.5389,5.8816,9.8289,19.2386,45.6459,103.6040,119.6260,130.8450,138.1060,144.9510,151.4860,157.7750,166.2510,175.5650,193.2650,66.9413,42.9668,28.8753,14.0739
31.597,-0.00016789124249384237,1.0,1.0757036499392265e-24,4,190.081,0.680133,0.0317703,14559.0,0.0,2.8047,6.4976,10.8591,21.2584,50.4606,101.0250,115.2730,125.7620,132.6580,139.2100,145.5000,151.5810,159.8080,168.8840,186.0050,65.7432,42.2007,28.3616,13.8243
31.709,-5.501460234038227e-05,1.0,1.807935124452858e-25,4,193.412,0.649162,0.0317486,14804.9,0.0,3.0762,7.1263,11.9091,23.3112,55.3148,97.9499,110.7430,120.5410,127.0750,133.3330,139.3750,145.2410,153.2120,162.0400,178.5830,64.5403,41.4264,27.8404,13.5697
31.818,-1.802718489489646e-05,1.0,3.0385965636679197e-26,4,196.712,0.617638,0.0317463,15048.7,0.0,3.3525,7.7665,12.9790,25.4051,60.2815,94.5581,106.1020,115.2360,121.4110,127.3700,133.1570,138.8020,146.5050,155.0760,171.0480,63.3076,40.6349,27.3084,13.3103
31.930,-5.907147946359672e-06,1.0,5.106969244556673e-27,5,196.996,0.585859,0.0317731,13491.3,0.0,3.6313,8.4128,14.0599,27.5247,65.2225,90.9434,101.3990,109.8990,115.7200,121.3800,126.9090,132.3270,139.7550,148.0570,163.4730,62.0531,39.8323,26.7700,13.0485
32.039,-1.935654239063137e-06,1.0,8.5832832093264e-28,5,199.692,0.553776,0.0317745,13653.6,0.0,3.9126,9.0645,15.1492,29.6575,66.5067,87.0983,96.5903,104.4860,109.9590,115.3190,120.5870,125.7730,132.9180,140.9430,155.8130,60.8821,39.0263,26.2283,12.7845
32.149,-6.342751810562088e-07,1.0,1.4425924089914882e-28,5,202.34,0.52126,0.0317742,13835.8,0.0,4.1977,9.7250,16.2531,31.8185,65.6324,83.0556,91.6738,98.9899,104.1170,109.1760,114.1760,119.1250,125.9770,133.7120,148.0490,60.3965,38.2096,25.6795,12.5170
32.259,-2.0783929132849855e-07,1.0,2.4245650617919945e-29,5,204.966,0.488307,0.031776,14011.4,0.0,4.4867,10.3945,17.3720,34.0093,63.7724,78.8383,86.6572,93.4129,98.1984,102.9530,107.6820,112.3860,118.9340,126.3660,140.1840,61.2446,37.3817,25.1231,12.2458
32.369,-6.810477898252241e-08,1.0,4.074966499353806e-30,5,207.566,0.454906,0.0317776,14186.3,0.0,4.7796,11.0731,18.5061,36.2299,61.2922,74.4594,81.5404,87.7550,92.2016,96.6515,101.1030,105.5560,111.7880,118.9040,132.2180,65.5290,36.5425,24.5592,11.9710
32.480,-2.2316573976992944e-08,1.0,6.848796195463941e-31,5,210.143,0.421113,0.0317797,14354.0,0.0,5.0759,11.7596,19.6537,37.9119,58.3651,69.9305,76.3246,82.0161,86.1268,90.2696,94.4402,98.6342,104.5390,111.3240,124.1180,155.4160,35.7313,23.9886,11.6929
32.590,-7.312694960781048e-09,1.0,1.1510771765716245e-31,5,212.692,0.386883,0.0317807,14520.0,0.0,5.3760,12.4550,20.8159,37.9129,55.0892,65.2623,71.0132,76.1974,79.9759,83.8100,87.6936,91.6216,97.1854,103.6230,115.8680,145.1960,35.3998,23.4107,11.4113
32.698,-2.3962238847487336e-09,1.0,1.9346154106639292e-32,5,215.211,0.352261,0.0317809,14684.7,0.0,5.6796,13.1583,21.9469,36.8895,51.5252,60.4619,65.6074,70.2988,73.7483,77.2720,80.8635,84.5174,89.7275,95.7996,107.4620,134.8520,35.8987,22.8441,11.1264
32.809,-0.08980445324535088,1.0,3.251508120702866e-33,5,217.662,0.314996,0.0443401,14856.5,0.0,6.0883,14.4997,23.7494,37.8920,51.4194,59.7132,64.5169,68.9174,72.1647,75.4921,78.8955,82.3684,87.3370,93.1528,104.3880,132.5110,34.8156,21.7761,10.6946
32.918,-0.029427123239436574,1.0,5.464809698465306e-34,5,220.028,0.256978,0.0737721,15016.2,0.0,6.8265,16.7549,27.0705,42.0921,55.8902,64.2014,68.9846,73.3533,76.5712,79.8641,83.2286,86.6586,91.5633,97.3008,109.0430,143.8460,30.8455,19.8398,9.9590
33.024,-0.009642679743098579,1.0,9.18470566021064e-35,6,219.715,0.179754,0.0820591,13710.1,0.0,7.5137,17.6849,27.5979,41.4887,54.1633,61.8550,66.3103,70.3974,73.4196,76.5223,79.7025,82.9550,87.6223,93.1058,104.7830,140.2320,30.5158,19.1150,9.3762
33.125,-0.0031597132982185425,1.0,1.5436734803116028e-35,6,221.546,0.109619,0.0608653,13807.9,0.0,7.9593,17.8814,26.9951,39.3929,50.7069,57.6531,61.7108,65.4575,68.2413,71.1122,74.0670,77.1016,81.4776,86.6492,97.6483,131.1980,31.9754,18.9982,8.9845
33.245,-0.14695272990910446,1.0,1.816116412851798e-36,6,223.601,0.047938,0.0555872,13955.0,0.0,8.4555,18.7161,27.9032,40.1498,51.1978,57.9599,61.9089,65.5560,68.2673,71.0642,73.9443,76.9042,81.1903,86.6108,99.0620,139.4230,30.5944,18.1253,8.5219
33.365,-0.11662428430185226,1.0,2.1366427985560116e-37,6,225.019,-0.0263672,0.104561,14099.4,0.0,9.6164,23.1072,35.8481,52.4579,66.5559,74.8246,79.9336,85.0272,89.0899,93.5687,98.5291,104.0540,112.9320,125.1600,157.1450,38.2412,21.6192,14.6518,7.5757
33.486,-0.030572356384024762,1.0,2.513738886073162e-38,6,226.931,-0.132563,0.10514,14154.9,0.0,10.6001,25.1949,38.5419,55.4304,69.6936,79.3745,85.7519,92.2522,97.5426,103.4850,110.2070,117.8730,130.6090,149.0410,200.0000,31.2294,18.8784,12.9464,6.7404
33.605,-0.008014359791933786,1.0,2.957388662076215e-39,6,229.001,-0.241379,0.08209,14267.2,0.0,11.3001,25.4954,37.7467,52.9476,66.3488,75.8949,82.2285,88.7203,94.0325,100.0280,106.8510,114.6800,127.8080,147.0780,200.0000,32.0682,17.8443,11.9062,6.0069
33.724,-0.14500823912948418,1.0,3.4793381870460467e-40,6,230.98,-0.328379,0.069682,14400.4,0.0,11.9147,26.1335,37.9842,52.5034,66.8396,77.5040,84.7391,92.2932,98.5785,105.7930,114.1540,123.9600,140.9280,167.0990,200.0000,30.3515,16.4103,10.8175,5.3725
33.846,-0.0928721403199595,1.0,4.0934065836778033e-41,6,232.371,-0.423157,0.114097,14538.5,0.0,13.3947,31.3568,46.8265,70.9413,103.2480,133.8800,159.1020,190.5410,200.0000,200.0000,200.0000,200.0000,200.0000,200.0000,25.9862,17.1252,11.6432,8.2842,4.4394
33.965,-0.024345874352035463,1.0,4.815851911631099e-42,6,234.25,-0.543808,0.107082,14598.1,0.0,14.3851,32.8781,49.7340,79.5933,125.1830,175.6970,200.0000,200.0000,200.0000,200.0000,200.0000,200.0000,74.1374,29.2753,19.8361,13.5595,9.2878,6.6104,3.5278
34.085,-0.006382124886139984,1.0,5.665801615514871e-43,6,236.23,-0.658941,0.0812758,14709.9,0.0,14.9953,32.7581,49.8928,80.8918,129.7890,186.3110,200.0000,200.0000,200.0000,200.0000,200.0000,200.0000,62.3322,30.4274,17.5438,11.3312,7.4941,5.2119,2.6927
34.204,-0.00167303574615228,1.0,6.665758942637092e-44,6,238.192,-0.744321,0.0516462,14828.9,0.0,15.2668,32.4715,49.5593,80.6469,130.1450,188.0750,200.0000,200.0000,200.0000,200.0000,200.0000,200.0000,66.2035,33.8526,17.6716,9.9710,6.2191,4.1818,2.0708
34.304,-0.0005482203532991792,1.0,1.1203141054890161e-44,6,239.806,-0.786715,0.0259598,14930.3,0.0,15.2361,32.2025,49.1765,80.1048,129.4760,187.4560,200.0000,200.0000,200.0000,200.0000,200.0000,200.0000,71.4718,36.9710,19.4124,9.9716,5.7516,3.7250,1.7686
34.426,-0.00014371267629526002,1.0,1.3180383419667726e-45,6,241.727,-0.800199,-0.00556645,15047.1,0.0,15.0701,31.8512,48.6395,79.2285,128.0560,185.3930,200.0000,200.0000,200.0000,200.0000,200.0000,198.6900,79.4655,41.0968,21.5763,11.0784,6.1405,3.8128,1.7090
34.543,-3.767341581474464e-05,1.0,1.550658928940489e-46,6,243.629,-0.782108,-0.0147335,15165.6,0.0,14.9037,31.4987,48.1001,78.3464,126.6210,200.0000,200.0000,200.0000,200.0000,200.0000,199.9820,191.6230,87.5270,45.2437,23.7476,12.1917,6.7571,4.1956,1.8767
34.645,-1.2344824894175525e-05,1.0,2.6061924618702795e-47,6,245.198,-0.765429,-0.0147352,15267.0,0.0,14.7642,31.2038,47.6495,77.6121,125.4340,200.0000,200.0000,200.0000,200.0000,198.9830,193.4170,185.6080,94.2377,48.7100,25.5662,13.1251,7.2744,4.5168,2.0204
34.763,-3.236121777058749e-06,1.0,3.0661593694657657e-48,6,247.073,-0.745285,-0.014736,15374.7,0.0,14.5957,30.8476,47.1057,76.7261,124.0010,200.0000,200.0000,198.9260,195.1470,190.7780,185.4790,178.2720,102.3360,52.8945,27.7622,14.2524,7.8991,4.9047,2.1939
34.864,-0.060830120565758906,1.0,5.153294052261112e-49,6,248.567,-0.731812,0.00165001,15474.0,0.0,14.7192,32.0698,50.3684,86.4239,152.5590,195.4120,190.0520,184.3900,179.4270,172.9430,155.0740,84.2380,51.3843,35.5469,22.5360,13.0286,7.6799,4.9189,2.2719
34.985,-0.015946251125590304,1.0,6.062798919544677e-50,6,250.335,-0.740902,0.0230327,15572.0,0.0,15.1244,34.3932,56.3614,105.5330,187.9900,177.8620,170.4350,160.5180,108.6710,67.5009,48.9573,38.4088,29.5107,23.3364,16.7679,10.7438,6.7478,4.4768,2.1496
35.086,-0.0052252675688334305,1.0,1.018974614407874e-50,6,251.832,-0.765237,0.0266076,15657.8,0.0,15.3935,35.2697,58.2538,110.9980,178.9930,168.4350,160.3820,146.6840,78.7796,52.9452,39.8727,31.9793,25.0421,20.0701,14.6313,9.5025,6.0231,4.0175,1.9411
35.205,0.038346576273279476,1.0,1.19881344410472e-51,6,253.604,-0.801376,0.0248931,15761.7,0.0,15.6803,35.7969,58.9004,111.2800,170.0320,159.7660,152.0400,139.9040,73.7202,47.8793,35.4544,28.1511,21.8521,17.4046,12.6024,8.1327,5.1325,3.4147,1.6449
35.324,0.021811218266508822,1.0,1.410392028854762e-52,6,255.312,-0.826856,0.00507084,15864.6,0.0,15.5806,34.1714,54.0093,93.8174,166.4560,158.3290,152.9480,147.1820,141.9240,134.0310,75.2961,46.1262,29.9088,21.3386,13.8860,8.1864,4.8803,3.1447,1.4618
35.444,0.019122686839789935,1.0,1.6593121180273394e-53,6,257.002,-0.83217,-0.00632113,15965.2,0.0,15.4491,33.1576,51.3475,85.7885,159.9050,152.6840,148.0780,143.3890,139.4710,134.7640,128.3910,90.4593,43.1305,26.9943,15.8706,8.7114,4.9919,3.1509,1.4332
35.544,0.020490210324148616,1.0,2.78880587676855e-54,6,258.387,-0.82337,-0.0160275,16045.5,0.0,15.2297,32.1129,48.9360,79.4145,154.2820,147.7050,143.6070,139.5470,136.2780,132.5720,128.1930,122.5150,77.6811,38.3947,19.7133,10.0030,5.5137,3.4146,1.5234
35.664,0.023596159095219865,1.0,3.2810022259594316e-55,6,260.005,-0.796649,-0.0292544,16146.3,0.0,14.8180,30.5306,45.5937,71.4613,147.6200,141.7650,138.2000,134.7550,132.0600,129.1180,125.8540,122.1390,115.5960,84.8574,30.0907,13.1498,6.8082,4.0974,1.7783
35.785,0.028184079224652315,1.0,3.8600663088190126e-56,6,261.575,-0.749613,-0.0449955,16245.0,0.0,14.2207,28.5443,41.7073,63.0904,91.6374,135.9700,132.8800,129.9480,127.7010,125.3030,122.7270,119.9320,115.5240,109.3390,60.5406,19.4851,9.1771,5.3140,2.2270
35.885,-0.028620529810228428,1.0,6.487613445232115e-57,6,262.876,-0.694052,-0.0509051,16322.6,0.0,13.6954,27.2314,39.4863,59.0210,84.4035,129.3900,126.5150,123.8100,121.7550,119.5800,117.2700,114.7990,110.9990,105.9680,90.6438,25.7794,11.6278,6.6262,2.7390
36.004,-0.014686965176492522,0.9574708496093749,7.632612342181132e-58,6,264.355,-0.631672,-0.0308793,16401.8,0.0,13.4368,27.6083,41.1325,64.2157,121.0540,115.9120,112.8760,110.0160,107.8340,105.5170,103.0360,100.3530,96.1349,90.2117,56.7765,24.2409,12.4426,7.4605,3.2265
36.104,-0.00481262474903307,0.7874362081562499,1.2828131563503833e-58,6,265.072,-0.592655,-0.0268844,16388.1,0.0,13.1650,27.2352,40.8146,64.3471,112.2140,107.1820,104.2320,101.4670,99.3673,97.1462,94.7811,92.2383,88.2809,82.8474,56.9506,25.6879,13.4628,8.1460,3.5532
36.205,-0.0015770008777631565,0.6108318779386399,2.15602407187809e-59,6,265.019,-0.558961,-0.0257934,16329.8,0.0,12.8998,26.7369,40.1330,63.4467,103.8380,99.0003,96.1901,93.5742,91.6018,89.5282,87.3379,85.0064,81.4393,76.7239,60.1341,27.4989,14.4907,8.7893,3.8427
36.323,-0.0004134013181003449,0.16444351181034683,0.6092384683227539,6,259.065,-0.521105,-0.0252965,15630.5,0.0,12.5925,26.1224,39.2398,101.9710,93.9468,89.3790,86.7570,84.3388,82.5315,80.6476,78.6777,76.6071,73.5029,69.5601,59.8044,29.7065,15.6925,9.5287,4.1704
36.425,-0.000135463343915121,0.05388484995001445,0.8358744583639252,6,245.881,-0.49131,-0.0256635,14676.3,0.0,12.3416,25.5855,38.4122,93.8433,86.1221,81.7994,79.3444,77.0983,75.4323,73.7083,71.9209,70.0610,67.3159,63.9240,56.3709,31.6744,16.7018,10.1333,4.4316
36.545,-3.5510902827285477e-05,0.014125590105296588,0.8800505954215887,6,228.477,-0.457503,-0.0264205,13548.3,0.0,12.0531,24.9549,37.4232,84.6480,77.3137,73.2902,71.0339,68.9893,67.4861,65.9436,64.3594,62.7292,60.3607,57.5096,51.6018,34.0457,17.8846,10.8327,4.7298
36.664,-9.308970110755924e-06,0.0037029386925628684,0.8844243569245827,6,211.417,-0.425482,-0.0269744,12466.9,0.0,11.7821,24.3706,37.1214,76.0099,69.0748,65.3471,63.2826,61.4297,60.0788,58.7032,57.3028,55.8756,53.8295,51.4165,46.6370,35.4357,18.9971,11.4923,5.0119
36.765,-3.0503633258925016e-06,0.0012133789507790007,0.884775851387553,6,197.678,-0.400268,-0.0273266,11604.2,0.0,11.5699,23.9170,79.1142,69.2366,62.6434,59.1597,57.2505,55.5501,54.3188,53.0726,51.8123,50.5373,48.7267,46.6214,42.5626,33.9496,19.8688,12.0102,5.2339
36.866,0.02158786857725787,0.00039760001459126295,0.8860113796986631,6,184.553,-0.376378,-0.0277224,10779.1,0.0,11.3682,23.5163,72.4435,62.8529,56.6111,53.3699,51.6117,50.0580,48.9400,47.8151,46.6844,45.5482,43.9483,42.1098,38.6399,31.6879,20.7047,12.5043,5.4446
36.984,0.15500529453800543,0.00010422845822501202,0.8850551677210567,5,169.557,-0.348923,-0.0304775,10803.7,0.0,11.1125,24.1172,65.1255,55.9363,50.1336,47.1822,45.6003,44.2145,43.2245,42.2347,41.2463,40.2602,38.8840,37.3202,34.4264,28.8759,20.8183,13.1706,5.7009
37.084,0.19688472489433861,3.415358119117194e-05,0.4449883488088976,5,157.955,-0.326682,-0.0308476,10248.1,0.0,10.9255,28.2063,59.1959,50.3504,44.9096,42.1917,40.7495,39.4952,38.6043,37.7182,36.8378,35.9641,34.7531,33.3883,30.8970,26.2424,19.7415,13.4981,5.8980
37.184,0.21009251907710186,1.119144548472322e-05,0.07478919178431143,5,149.963,-0.30509,-0.0320471,9955.95,0.0,10.7520,64.8705,53.6012,45.1315,40.0616,37.5745,36.2680,35.1395,34.3424,33.5533,32.7731,32.0025,30.9408,29.7531,27.6087,23.6834,18.3358,13.2012,6.0949
37.285,0.22538138681729056,3.6672128564341047e-06,0.012569819463189223,4,144.593,-0.280027,-0.0532234,10712.7,0.0,10.5886,60.9956,50.0255,41.9580,37.2137,34.9117,33.7101,32.6755,31.9473,31.2286,30.5197,29.8211,28.8610,27.7915,25.8701,22.3808,17.6572,13.0792,6.3904
37.404,0.253686617513601,9.61337847037062e-07,0.0014788266900247486,4,142.554,-0.225684,-0.111169,10520.8,0.0,9.7853,62.3745,51.9698,44.3587,39.8116,37.5799,36.4072,35.3926,34.6756,33.9657,33.2630,32.5678,31.6082,30.5331,28.5836,24.9759,19.9261,14.8289,7.1187
37.524,0.29071059110916975,2.5200894857368354e-07,0.00017398248125472164,4,140.082,-0.161329,-0.147306,10329.1,0.0,8.9611,22.9809,54.0702,46.8740,42.5588,40.4175,39.2851,38.3010,37.6030,36.9096,36.2210,35.5375,34.5899,33.5224,31.5694,27.8878,22.5547,16.9173,7.9812
37.624,0.31567979017057457,8.257829226862463e-08,2.9241235624481064e-05,3,137.955,-0.100124,-0.173676,12490.5,0.0,8.2930,18.2483,55.4936,48.4883,44.3555,42.3071,41.2211,40.2753,39.6027,38.9329,38.2660,37.6031,36.6819,35.6401,33.7224,30.0636,24.6341,18.6797,8.7766
37.743,0.32155562857586295,2.1647403848466333e-08,3.4402021299845734e-06,3,135.065,-0.0178744,-0.194718,12152.5,0.0,7.5352,15.2658,56.4803,49.5756,45.5694,43.6065,42.5702,41.6701,41.0313,40.3953,39.7622,39.1322,38.2559,37.2631,35.4295,31.8955,26.5427,20.4662,9.7372
37.844,0.3127145024656079,7.0934212930654485e-09,5.781947719865073e-07,3,132.511,0.0569134,-0.211753,11918.3,0.0,6.8840,13.2162,57.4400,50.5342,46.5685,44.6381,43.6232,42.7434,42.1199,41.5008,40.8860,40.2751,39.4268,38.4677,36.7006,33.2889,28.0530,21.9492,10.6034
37.966,0.31683424555257245,1.8594978314493487e-09,6.80240367294406e-08,3,129.501,0.153395,-0.229956,11645.3,0.0,6.0897,11.1097,18.4352,51.7262,47.7537,45.8316,44.8241,43.9532,43.3371,42.7259,42.1195,41.5183,40.6854,39.7461,38.0201,34.7138,29.6507,23.6147,11.6883
38.084,0.32982827662117375,0.054700342284331196,8.002959897181959e-09,3,126.597,0.256538,-0.245111,11461.4,0.0,5.2838,9.2618,13.5514,52.9966,48.9709,47.0318,46.0185,45.1434,44.5252,43.9126,43.3060,42.7052,41.8736,40.9370,39.2220,35.9529,30.9920,25.0852,12.7918
38.184,0.3353980929543239,0.22845690151910464,1.3450574699193718e-09,3,124.984,0.347645,-0.251825,11611.2,0.0,4.6088,7.8998,11.0564,53.8942,49.8090,47.8481,46.8249,45.9428,45.3200,44.7034,44.0931,43.4892,42.6545,41.7154,39.9986,36.7385,31.8227,26.0144,13.6585
38.305,0.2078102052848714,0.4323312993511992,1.5824466627854424e-10,3,124.89,0.462799,-0.232701,11790.1,0.0,3.8360,6.6446,9.2887,53.1927,49.1181,47.1721,46.1593,45.2878,44.6734,44.0658,43.4650,42.8712,42.0518,41.1318,39.4542,36.2862,31.5544,26.0331,14.3015
38.425,0.12481297087498755,0.6121507811371208,1.8617326743004455e-11,3,126.637,0.579219,-0.19144,12004.3,0.0,3.0856,5.5655,8.0311,51.1874,47.2039,45.3127,44.3319,43.4890,42.8959,42.3104,41.7323,41.1618,40.3755,39.4944,37.8937,34.8890,30.4484,25.3368,14.5999
38.545,0.10073479460621289,0.7670851180422844,2.1903098739877314e-12,3,129.746,0.68312,-0.142027,12368.7,0.0,2.4061,4.5885,6.9736,49.0694,45.1881,43.3569,42.4097,41.5977,41.0274,40.4651,39.9107,39.3641,38.6119,37.7712,36.2485,33.4070,29.2481,24.5186,14.7065
38.665,0.2321440923896264,0.8478569768090766,2.576877663647826e-13,3,133.431,0.76163,-0.105254,12837.2,0.0,1.8605,3.6965,5.7909,48.4440,44.5431,42.7109,41.7655,40.9562,40.3884,39.8291,39.2785,38.7361,37.9906,37.1585,35.6549,32.8613,28.8021,24.2277,14.8447
38.785,0.16803798373236745,0.8741254583911385,3.031670802505031e-14,3,137.17,0.81569,-0.0867053,13268.6,0.0,1.4578,2.9230,4.5140,49.7040,45.6134,43.6968,42.7092,41.8647,41.2726,40.6897,40.1158,39.5510,38.7756,37.9110,36.3501,33.4588,29.2775,24.5977,15.1093
38.904,0.08238653685681524,0.8826981457269865,3.566730382439144e-15,3,141.132,0.843518,-0.048981,13717.0,0.0,1.2777,2.7065,4.4205,49.1417,44.9863,43.0480,42.0513,41.2003,40.6045,40.0185,39.4421,38.8755,38.0983,37.2331,35.6750,32.8011,28.6755,24.1017,14.9621
39.023,0.101776361185825,0.8841696055259551,4.1962226276358287e-16,3,145.402,0.839881,0.00494242,13944.3,0.0,1.3790,3.2884,6.8541,46.6793,42.6108,40.7251,39.7589,38.9359,38.3604,37.7952,37.2402,36.6954,35.9495,35.1207,33.6327,30.9048,27.0259,22.7754,14.4130
39.125,0.1213650339294824,0.8858477412606199,7.052591370267536e-17,3,148.824,0.810733,0.0412133,14270.7,0.0,1.6978,4.5734,52.5792,44.8945,40.8659,39.0087,38.0599,37.2528,36.6894,36.1367,35.5947,35.0633,34.3367,33.5306,32.0873,29.4540,25.7391,21.7072,13.8828
39.225,0.11677087984771278,0.8860121327781549,1.185329031600865e-17,3,152.171,0.758431,0.0684969,14626.6,0.0,2.2431,7.0998,51.1540,43.3958,39.3650,37.5170,36.5753,35.7756,35.2182,34.6723,34.1375,33.6136,32.8982,32.1061,30.6918,28.1236,24.5295,20.6678,13.2858
39.344,0.12788275892294132,0.7833012832849966,1.394527752388102e-18,3,156.015,0.667763,0.0976853,14858.1,0.0,3.2193,62.9871,49.1386,41.3017,37.2797,35.4490,34.5195,33.7323,33.1847,32.6490,32.1252,31.6128,30.9145,30.1431,28.7707,26.2948,22.8663,19.2304,12.4138
39.464,0.1687391520803555,0.23070363160546217,1.6406479554070782e-19,3,156.809,0.553022,0.122379,14410.3,0.0,4.5110,61.8720,46.9595,39.0366,35.0260,33.2153,32.2999,31.5266,30.9900,30.4660,29.9543,29.4548,28.7755,28.0271,26.7006,24.3249,21.0728,17.6723,11.4267
39.565,0.17542048257484716,0.11305521795760284,2.757437018652676e-20,3,155.334,0.446565,0.124666,14140.3,0.0,5.6418,64.0094,46.5543,38.2725,34.1181,32.2535,31.3138,30.5217,29.9729,29.4378,28.9160,28.4074,27.7169,26.9578,25.6168,23.2300,19.9967,16.6615,10.6631
39.665,0.17793748480928218,0.28090480100784726,4.6344243972495544e-21,3,154.169,0.337055,0.118207,14218.1,0.0,6.7369,69.5747,47.0398,38.0875,33.6944,31.7334,30.7481,29.9194,29.3461,28.7880,28.2445,27.7155,26.9987,26.2124,24.8281,22.3810,19.1038,15.7749,9.9305
39.784,0.17889169796740073,0.4336165046397761,5.45235395912013e-22,3,154.028,0.206182,0.124709,14338.7,0.0,8.2016,75.7539,46.2994,36.4110,31.9150,29.9266,28.9325,28.0992,27.5242,26.9655,26.4228,25.8957,25.1833,24.4044,23.0396,20.6489,17.4936,14.3449,8.9517
39.884,0.17776232678111412,0.5036894679591118,9.163771299093203e-23,3,154.628,0.096756,0.129982,14452.9,0.0,9.4601,85.0346,45.9471,34.8190,30.2568,28.2572,27.2625,26.4311,25.8588,25.3038,24.7660,24.2446,23.5419,22.7757,21.4391,19.1175,16.0931,13.1213,8.1331
39.984,0.17585702784794796,0.5727679199389668,1.5401550422385948e-23,3,155.627,-0.0137431,0.129991,14622.2,0.0,10.6757,108.8510,47.0367,33.6701,28.8204,26.7855,25.7783,24.9393,24.3633,23.8062,23.2675,22.7466,22.0461,21.2848,19.9639,17.6906,14.7725,11.9548,7.3322
40.085,0.17593871294687186,0.6501023830212257,2.5885385794904062e-24,3,157.073,-0.124766,0.126641,14852.3,0.0,11.8411,199.5380,50.4881,33.1054,27.5170,25.3933,24.3651,23.5119,22.9282,22.3651,21.8218,21.2978,20.5955,19.8352,18.5237,16.2906,13.4722,10.8044,6.5380
40.204,0.17775905656910101,0.7116013012040912,3.0453897533846687e-25,4,157.667,-0.256821,0.120539,11696.5,0.0,13.1721,200.0000,61.8260,33.4949,26.3426,23.8227,22.6723,21.7565,21.1482,20.5741,20.0248,19.4970,18.7924,18.0342,16.7371,14.5618,11.8806,9.4108,5.5918
40.304,0.1799598639677193,0.7376524518785565,5.1183865585136124e-26,4,158.878,-0.362381,0.109001,12206.4,0.0,14.0687,93.3577,106.2850,37.1071,26.7499,23.4941,22.0678,20.9577,20.2326,19.5575,18.9273,18.3379,17.5739,16.7781,15.4608,13.2905,10.6799,8.3420,4.8498
40.424,0.18289293468631007,0.7571634084858774,6.021730602225681e-27,4,160.716,-0.482745,0.102099,12343.3,0.0,15.1591,63.0389,200.0000,47.5382,28.1602,23.4112,21.4846,20.0445,19.1303,18.2972,17.5349,16.8348,15.9456,15.0404,13.6000,11.4343,9.0312,6.9536,3.9650
40.525,0.18495113338916633,0.7725062685832772,1.0120722623160702e-27,4,162.3,-0.577454,0.0939515,12469.2,0.0,15.6363,51.0204,152.1610,103.4010,34.4250,25.8326,22.8032,20.6840,19.3981,18.2641,17.2565,16.3555,15.2433,14.1463,12.4705,10.0993,7.7060,5.8373,3.2660
40.626,0.13864403105164952,0.8170174497924932,1.7009898512746193e-28,4,163.997,-0.666477,0.0847108,12621.1,0.0,15.7499,43.2294,90.1807,200.0000,70.2514,36.7157,29.2710,24.8636,22.4510,20.4666,18.8059,17.3956,15.7447,14.2064,12.0124,9.1928,6.6384,4.8252,2.6019
40.745,0.036695161190663614,0.9387343145459033,2.0011975501260772e-29,4,166.842,-0.758254,0.0603666,12858.1,0.0,15.9080,39.3739,71.0303,170.7950,200.0000,86.6858,47.2605,33.8105,28.1008,24.0424,21.0098,18.6577,16.1316,13.9721,11.1737,7.9904,5.4418,3.7969,1.9379
40.865,0.04449865604235283,0.9864173443241961,2.3543889057478293e-30,4,170.381,-0.820528,0.0475752,13076.0,0.0,16.2383,38.9788,67.7791,146.5630,200.0000,200.0000,60.1460,35.7546,27.7257,22.6429,19.1362,16.5711,13.9542,11.8227,9.1944,6.3743,4.2363,2.9091,1.4553
40.984,0.06633478157680653,1.0,2.769915003723264e-31,4,173.844,-0.85898,0.0106142,13433.3,0.0,15.9441,35.3515,56.4702,100.1900,188.5230,200.0000,200.0000,200.0000,200.0000,79.7176,43.7505,30.1498,21.0091,15.6050,10.5316,6.3907,3.8763,2.5213,1.1841
41.084,0.021736581227087964,1.0,4.6553961467576914e-32,4,176.869,-0.86837,-0.0107706,13599.7,0.0,15.6856,33.3903,51.3207,84.5720,139.2630,200.0000,200.0000,200.0000,200.0000,200.0000,200.0000,118.1830,41.7897,24.0371,13.3843,7.1041,4.0016,2.5043,1.1292
41.204,0.005698114349193747,1.0,5.477027012698956e-33,4,180.514,-0.860582,-0.0175753,13828.3,0.0,15.5173,32.6289,49.6001,80.1434,127.9080,182.4990,200.0000,200.0000,200.0000,200.0000,200.0000,200.0000,69.1615,32.1055,16.0207,8.0120,4.3868,2.7080,1.2044
41.304,0.001867158109943807,1.0,9.205239300243135e-34,4,183.49,-0.846902,-0.0189219,14075.5,0.0,15.3832,32.2697,48.9501,78.7999,125.0460,177.2620,200.0000,200.0000,200.0000,200.0000,200.0000,200.0000,85.4617,37.1765,18.0578,8.9125,4.8508,2.9861,1.3244
41.425,0.0004894642955731094,1.0,1.0829871984343047e-34,4,187.065,-0.827469,-0.0195141,14333.4,0.0,15.2126,31.8785,48.3120,77.6470,122.9120,173.7540,200.0000,200.0000,200.0000,200.0000,200.0000,200.0000,101.9250,42.9240,20.5893,10.1015,5.4834,3.3713,1.4934
41.544,0.0001283101282987172,1.0,1.2741236090859755e-35,4,190.604,-0.806657,-0.0197008,14596.3,0.0,15.0367,31.4995,47.7235,76.6625,121.2600,171.2700,200.0000,200.0000,200.0000,200.0000,200.0000,200.0000,116.3580,48.4768,23.1588,11.3405,6.1508,3.7802,1.6739
41.665,3.363573027273892e-05,1.0,1.4989936848535601e-36,4,194.109,-0.785133,-0.0199919,14857.0,0.0,14.8534,31.0995,47.0962,75.5950,119.4280,168.4560,200.0000,200.0000,200.0000,200.0000,200.0000,200.0000,133.2020,54.5367,25.8872,12.6388,6.8459,4.2048,1.8608
41.784,-0.008622835627935883,1.0,1.763551080293365e-37,5,196.281,-0.76299,-0.0198455,13460.2,0.0,14.6712,30.7260,46.5412,74.7338,118.1380,166.7500,200.0000,200.0000,200.0000,200.0000,200.0000,200.0000,144.7390,59.7867,28.4714,13.9214,7.5457,4.6360,2.0522
41.905,-0.015283982329712124,1.0,2.0748002104543412e-38,5,198.017,-0.744048,-0.0108349,13542.1,0.0,14.6410,31.1629,47.8920,78.9066,129.8930,192.2130,200.0000,200.0000,200.0000,200.0000,200.0000,200.0000,81.5371,46.8313,26.0537,13.8218,7.7836,4.8706,2.1957
42.006,-0.015441813865462568,1.0,3.487116713710611e-39,5,200.337,-0.734229,-0.00454426,13698.0,0.0,14.6490,31.5447,49.0000,82.3351,140.0660,200.0000,200.0000,200.0000,200.0000,200.0000,200.0000,123.5310,63.4710,40.8051,24.4489,13.5877,7.8373,4.9635,2.2655
42.106,-0.016800707507737277,1.0,5.8607970607334254e-40,5,202.635,-0.730396,0.00235391,13851.8,0.0,14.7176,32.1096,50.4958,86.8581,154.0230,200.0000,200.0000,200.0000,200.0000,200.0000,145.9900,81.6737,50.5207,35.1879,22.4344,13.0238,7.6951,4.9349,2.2823
42.224,-0.019145291965658784,1.0,6.895169133982267e-41,5,205.362,-0.734579,0.0117199,14032.2,0.0,14.8940,33.0959,52.9821,94.4172,179.2520,200.0000,200.0000,200.0000,200.0000,135.8850,77.8924,54.5962,38.4866,28.7849,19.5539,11.9296,7.2598,4.7308,2.2262
42.325,-0.021495161419769572,1.0,1.1588710763483998e-41,5,207.607,-0.74655,0.0206897,14180.6,0.0,15.1363,34.2531,55.8506,103.4390,200.0000,200.0000,200.0000,200.0000,127.1200,73.5057,51.7033,39.8781,30.2092,23.6580,16.8258,10.6808,6.6667,4.4071,2.1075
42.446,-0.024761495701446576,1.0,1.363400232613129e-42,5,210.267,-0.772785,0.0330145,14356.1,0.0,15.5648,36.1571,60.6042,119.4590,200.0000,200.0000,200.0000,87.6118,56.1360,41.3011,32.6700,27.0245,21.7625,17.8039,13.2814,8.8201,5.6784,3.8230,1.8674
42.566,0.08091974390648998,1.0,1.6040267396670207e-43,5,212.861,-0.807498,0.0171325,14537.6,0.0,15.6068,35.0605,56.7432,103.4360,200.0000,200.0000,200.0000,200.0000,137.4070,67.4197,44.6705,33.4022,24.6871,19.0193,13.3010,8.3181,5.1417,3.3800,1.6061
42.683,0.021212625346622906,1.0,1.8871214189508538e-44,5,215.397,-0.819045,-0.011296,14697.6,0.0,15.2637,32.4609,49.8488,82.0171,134.7100,200.0000,200.0000,200.0000,200.0000,200.0000,200.0000,176.3350,59.0920,33.5811,18.5646,9.8123,5.5155,3.4482,1.5531
42.783,0.006950953073581394,1.0,3.171684968830701e-45,5,217.534,-0.810686,-0.0164447,14839.2,0.0,15.1176,31.8528,48.5074,78.6262,126.1060,180.9430,200.0000,200.0000,200.0000,200.0000,200.0000,199.1970,85.8855,41.7832,21.2939,10.7635,5.9223,3.6644,1.6335
42.884,-0.0013238110405988492,1.0,5.330650927113759e-46,5,219.658,-0.795373,-0.0177908,14978.2,0.0,14.9703,31.4667,47.8171,77.2163,123.1230,175.4850,200.0000,200.0000,200.0000,200.0000,199.7920,194.6090,103.3510,47.5150,23.6114,11.7836,6.4457,3.9773,1.7681
42.985,-0.019356235659983432,1.0,8.959225013200095e-47,6,219.41,-0.780981,-0.00634766,13684.7,0.0,15.0171,32.2288,49.9069,83.3746,140.4430,200.0000,200.0000,199.5830,196.3850,192.4130,186.7220,118.3310,56.3495,35.2528,20.7198,11.3710,6.5152,4.1123,1.8703
43.104,-0.005074121040850697,1.0,1.0540438635779783e-47,6,221.464,-0.774266,0.000444412,13801.5,0.0,15.0618,32.7408,51.3098,87.6699,153.5870,197.4740,193.7040,189.6320,185.9880,181.0820,147.6850,75.6788,44.9812,30.7376,19.2936,11.0735,6.5007,4.1548,1.9146
43.205,-0.0016626879826659564,1.0,1.7715315215155082e-48,6,223.147,-0.773898,0.00148582,13908.7,0.0,15.0744,32.8335,51.5523,88.4043,155.8920,190.7190,186.9450,182.8660,179.2020,174.2030,132.8410,71.6342,43.5489,30.0775,19.0432,10.9986,6.4796,4.1490,1.9157
43.323,-0.00043586367852798443,1.0,2.084189119747781e-49,6,225.147,-0.775479,0.00190639,14030.5,0.0,15.0942,32.9031,51.7013,88.7910,156.9960,182.7290,178.9960,174.9740,171.3650,166.4440,126.6950,69.5885,42.6687,29.5917,18.7993,10.8849,6.4217,4.1150,1.9015
43.425,-0.00014282381018004993,1.0,3.5028966535600955e-50,6,226.792,-0.777328,0.00186324,14133.6,0.0,15.1093,32.9332,51.7445,88.8517,181.5360,176.1000,172.4250,168.4810,164.9600,160.2000,126.1640,69.1697,42.3753,29.3758,18.6558,10.7990,6.3701,4.0816,1.8859
43.544,-3.7440404895839005e-05,1.0,4.1211228839469174e-51,6,228.746,-0.779664,0.00184846,14254.3,0.0,15.1289,32.9751,51.8089,88.9576,173.4280,168.0610,164.4560,160.6070,157.1900,152.6170,125.0150,68.4965,41.9504,29.0771,18.4639,10.6870,6.3037,4.0390,1.8662
43.644,-1.2268471876268523e-05,1.0,6.926371231049585e-52,6,230.354,-0.781629,0.00184846,14356.7,0.0,15.1456,33.0115,51.8661,89.0559,166.6000,161.2940,157.7510,153.9850,150.6560,146.2400,123.9000,67.8856,41.5763,28.8177,18.2992,10.5917,6.2475,4.0030,1.8495
43.745,-4.020132864415669e-06,1.0,1.1641152128025038e-52,6,231.946,-0.783588,0.00184846,14461.3,0.0,15.1623,33.0478,51.9231,89.1538,159.7080,154.4710,150.9920,147.3120,144.0760,139.8190,122.7880,67.2765,41.2032,28.5592,18.1350,10.4966,6.1915,3.9670,1.8329
43.845,-1.3173171370117262e-06,1.0,1.956528438157169e-53,6,233.524,-0.785592,0.00184846,14565.2,0.0,15.1793,33.0849,51.9815,89.2539,152.7530,147.5880,144.1790,140.5870,137.4470,133.3530,121.6510,66.6536,40.8218,28.2948,17.9671,10.3995,6.1341,3.9303,1.8160
43.965,-3.45326783564802e-07,1.0,2.3018361422075278e-54,6,235.41,-0.787988,0.00184846,14682.9,0.0,15.1997,33.1293,52.0512,89.3737,144.3190,139.2510,135.9300,132.4510,129.4300,125.5360,117.9320,65.9086,40.3654,27.9785,17.7663,10.2832,6.0656,3.8864,1.7957
44.066,-1.131566804385143e-07,1.0,3.868696004208192e-55,6,236.98,-0.790035,0.00185204,14767.4,0.0,15.2172,33.1676,52.1117,89.4787,137.2170,132.2370,128.9940,125.6140,122.6950,118.9720,112.3420,65.2603,39.9713,27.7063,17.5939,10.1836,6.0069,3.8488,1.7783
44.185,-2.9663344836873895e-08,1.0,4.551482161990897e-56,6,238.838,-0.79249,0.00187755,14867.3,0.0,15.2384,33.2155,52.1895,89.6203,128.6020,123.7360,120.5910,117.3360,114.5450,111.0290,105.2300,64.4119,39.4720,27.3669,17.3820,10.0625,5.9360,3.8035,1.7575
44.304,-7.77606786891747e-09,1.0,5.35477324876067e-57,6,240.654,-0.794947,0.00193715,14979.7,0.0,15.2602,33.2669,52.2758,89.7875,119.8800,115.1400,112.1010,108.9750,106.3180,103.0120,97.8800,63.4537,38.9310,27.0075,17.1619,9.9386,5.8641,3.7578,1.7366
44.424,-2.0384495354295014e-09,0.9901123046875,6.299837179434441e-58,6,242.443,-0.797476,0.00201797,15083.2,0.0,15.2830,33.3216,52.3696,118.1640,111.0510,106.4500,103.5240,100.5370,98.0187,94.9283,90.3780,62.4112,38.3529,26.6273,16.9313,9.8097,5.7896,3.7106,1.7150
44.524,-6.679591437695389e-10,0.7652140742187499,0.11799819946289061,6,243.161,-0.799645,0.0020752,15014.9,0.0,15.3023,33.3674,52.4470,110.6220,103.6200,99.1457,96.3222,93.4586,91.0630,88.1592,84.0556,61.5619,37.8738,26.3092,16.7366,9.7002,5.7260,3.6703,1.6966
44.644,-1.7510148178432202e-10,0.23768137827199992,0.7042481535090637,6,234.906,-0.802205,0.00203133,14123.8,0.0,15.3234,33.4106,52.5107,101.6290,94.7853,90.4807,87.7903,85.0859,82.8475,80.1783,76.5846,60.9122,37.4416,25.9980,16.5329,9.5796,5.6540,3.6239,1.6749
44.745,-5.7377253551086656e-11,0.07788343403216894,0.8288847335286765,6,222.234,-0.804109,0.00209904,13195.2,0.0,15.3406,33.4525,52.5831,94.4233,87.7241,83.5635,80.9842,78.4106,76.2990,73.8138,70.5787,60.1166,37.0022,25.7096,16.3583,9.4822,5.5978,3.5883,1.6587
44.865,-1.504110275489606e-11,0.020416674930928896,0.8520272763448713,6,206.273,-0.806223,0.00286627,12143.7,0.0,15.3704,33.5670,52.8374,86.1806,79.6489,75.6482,73.1892,70.7538,68.7723,66.4670,63.5434,57.2230,35.7400,25.0128,16.0112,9.3226,5.5177,3.5417,1.6396
44.983,-3.942934840579473e-12,0.005352108833093424,0.8541993111789848,6,190.783,-0.808332,0.00334525,11159.3,0.0,15.3958,33.6535,53.0802,78.4979,72.1587,68.3312,66.0010,63.7134,61.8708,59.7571,57.1571,53.0633,34.8383,24.4885,15.7335,9.1862,5.4456,3.4983,1.6209
45.084,-1.2920208885610816e-12,0.025282831756803056,0.8238098395396665,6,178.396,-0.810047,0.00335169,10400.8,0.0,15.4105,33.6860,80.7270,72.5306,66.3718,62.7001,60.4847,58.3281,56.6085,54.6628,52.3355,49.0845,34.5199,24.2660,15.5913,9.1035,5.3967,3.4670,1.6064
45.186,0.00614109026520163,0.22221007284131922,0.6004029061938341,6,167.611,-0.811504,0.00261521,10025.2,0.0,15.4115,33.6404,75.0025,66.9729,61.0183,57.5174,55.4270,53.4126,51.8254,50.0584,48.0081,45.3931,35.0362,24.4630,15.6287,9.0867,5.3736,3.4477,1.5953
45.286,0.10715578182122876,0.3359205583873935,0.5056014235973181,5,158.467,-0.812364,0.000862837,10433.2,0.0,15.3917,33.4846,69.6608,61.7890,56.0641,52.7500,50.7947,48.9324,47.4849,45.9017,44.1196,41.9997,36.8668,25.3098,15.9425,9.1734,5.3930,3.4494,1.5908
45.405,0.1894667608898746,0.36758560885790487,0.09080901212344834,5,150.762,-0.811326,-0.00411868,10146.9,0.0,15.3067,32.9872,63.7432,56.1285,50.7320,47.6760,45.9042,44.2450,42.9796,41.6273,40.1593,38.5245,35.7241,28.6563,17.2444,9.6115,5.5525,3.5193,1.6076
45.524,0.10423511609786959,0.3832042860671966,0.010683589467311575,5,147.892,-0.79929,-0.0417407,9980.39,0.0,14.6682,29.6495,60.4607,53.5529,48.8506,46.2934,44.8591,43.5564,42.5949,41.6039,40.5795,39.5163,37.9492,36.0110,31.6072,14.9885,7.2149,4.2132,1.7789
45.645,0.06178240082914414,0.4508130664761742,0.0012569136172397395,5,148.289,-0.75903,-0.0761383,10030.1,0.0,13.9082,27.0846,56.8240,50.4367,46.2483,44.0296,42.8076,41.7140,40.9180,40.1086,39.2850,38.4459,37.2428,35.8219,32.9920,26.0914,10.8784,5.7214,2.2200
45.764,0.16028759275298424,0.5118318678420802,0.00014787463015463812,5,149.051,-0.689509,-0.117077,10118.7,0.0,12.9157,24.6279,53.5719,47.5307,43.7955,41.8574,40.8038,39.8702,39.1966,38.5171,37.8316,37.1401,36.1613,35.0269,32.8508,28.2674,19.3286,8.7506,3.0064
45.864,0.1938648947110889,0.5385123496576177,2.485328909009003e-05,5,149.695,-0.60252,-0.16835,10201.5,0.0,11.7892,21.5991,52.1854,46.0095,42.6347,40.9066,39.9746,39.1535,38.5637,37.9715,37.3768,36.7796,35.9396,34.9742,33.1494,29.4500,23.1843,14.4593,4.1216
45.985,0.2176918802745812,0.5953045505292714,2.9239646081600026e-06,5,150.538,-0.455943,-0.234147,10306.6,0.0,10.2547,18.4421,51.1197,44.2154,41.0169,39.4880,38.6690,37.9507,37.4369,36.9227,36.4080,35.8931,35.1720,34.3479,32.8049,29.7405,24.7786,18.4548,6.2326
46.085,0.24113932865037477,0.6302055318361816,4.914307316934516e-07,5,151.381,-0.295509,-0.2887,10390.9,0.0,8.8493,16.4628,50.5308,42.8496,39.3974,37.9088,37.1629,36.5130,36.0493,35.5861,35.1236,34.6619,34.0171,33.2827,31.9149,29.2276,24.9582,19.6374,8.4764
46.185,0.26132260629449855,0.6502659420314549,8.259476307571841e-08,5,152.282,-0.0995572,-0.329252,10471.7,0.0,7.5741,15.2549,50.2600,41.6108,37.8389,36.2334,35.4412,34.7814,34.3281,33.8889,33.4634,33.0464,32.4654,31.8058,30.5827,28.2003,24.4691,19.8869,9.9487
46.285,0.2781096808019563,0.6839448059942421,1.3881701830135995e-08,5,153.125,0.0858574,-0.273988,10518.8,0.0,6.5005,14.1580,52.5356,41.8385,37.4021,35.5531,34.6491,33.9004,33.3881,32.8935,32.4157,31.9541,31.3334,30.6584,29.4831,27.3326,23.9997,19.9391,10.9324
46.405,0.27559503188029805,0.7325372323006796,1.6331683386136702e-09,5,154.359,0.251789,-0.186808,10621.7,0.0,5.6577,101.0930,55.5769,41.8443,36.5542,34.4135,33.3802,32.5308,31.9528,31.3974,30.8634,30.3494,29.6617,28.9180,27.6337,25.4281,22.4895,19.0313,11.3358
46.523,0.2561041016577539,0.7787175703023543,1.9214062186955975e-10,5,155.81,0.345714,-0.0970166,10727.8,0.0,5.3559,115.6880,64.2478,43.9271,37.0296,34.3659,33.1051,32.0803,31.3891,30.7294,30.0990,29.4962,28.6954,27.8367,26.3710,23.9039,20.7912,17.7316,11.2036
46.624,0.23553389895093776,0.8047591519523005,3.2293074317616905e-11,5,157.142,0.36586,-0.0214524,10799.1,0.0,5.6549,132.2640,83.1135,48.7542,39.1603,35.6847,34.0809,32.7964,31.9395,31.1285,30.3599,29.6306,28.6701,27.6507,25.9355,23.1161,19.6743,16.4580,10.7383
46.725,0.21257602578512452,0.8283179222711049,5.427497000561873e-12,5,158.558,0.332729,0.0540342,10867.6,0.0,6.6680,51.5080,100.8580,60.0589,44.3092,39.2069,36.9480,35.1800,34.0204,32.9372,31.9231,30.9720,29.7354,28.4429,26.3123,22.9259,18.9747,15.4490,9.9842
46.825,0.1664438271754446,0.9129554511447956,9.121994208844341e-13,5,160.201,0.2457,0.130259,10979.9,0.0,8.0976,35.3823,115.7070,83.5921,55.7412,46.8130,43.1396,40.3739,38.6093,36.9953,35.5134,34.1481,32.4080,30.6299,27.7861,23.4766,18.7484,14.7760,9.0421
46.945,0.08096781108309849,0.9820704508161513,1.0731934966763283e-13,5,162.863,0.0823704,0.161629,11244.3,0.0,9.4261,32.5466,127.6540,91.4349,70.3972,55.1656,49.3572,45.2001,42.6388,40.3552,38.3065,36.4584,34.1558,31.8618,28.3118,23.1930,17.9096,13.7158,8.0009
47.064,0.06340272011255527,1.0,1.2626014169047336e-14,5,165.894,-0.0637889,0.131524,11499.2,0.0,10.4933,32.1134,133.9290,93.0094,75.8214,63.8267,55.2462,49.3509,45.8596,42.8325,40.1833,37.8454,34.9992,32.2345,28.0893,22.3810,16.7983,12.5735,7.0770
47.185,0.025696513769985684,1.0,1.4854379409742502e-15,5,169.022,-0.184799,0.104842,11684.7,0.0,11.2977,31.6182,138.7500,94.1069,77.3539,68.4227,62.6500,56.0420,50.9674,46.7388,43.1611,40.0950,36.4723,33.0642,28.1478,21.7320,15.8223,11.5706,6.2932
47.304,0.016372596871344125,1.0,1.7476028831767957e-16,5,172.194,-0.286534,0.0960476,11868.6,0.0,12.1364,33.0739,133.0780,88.7559,72.5822,64.3434,59.2458,53.9229,49.0860,44.6382,40.9322,37.7971,34.1406,30.7468,25.9283,19.7734,14.2334,10.3216,5.5475
47.426,0.10733188455823664,1.0,2.0560373160286687e-17,5,175.169,-0.37129,0.0573365,12098.0,0.0,12.3646,30.3775,145.3640,95.7633,75.9484,68.7647,64.9050,61.3396,58.6491,55.7967,52.7182,49.2912,43.4107,37.4240,29.7481,21.1276,14.3093,9.9475,5.0535
47.545,0.028136409545634383,1.0,2.418907341934568e-18,5,178.129,-0.423343,0.0205981,12291.1,0.0,12.3341,27.9064,47.0187,104.9520,80.1776,71.5276,67.6534,64.5878,62.4156,60.1943,57.9158,55.5695,52.1411,47.9385,38.3211,24.3167,15.1743,10.0296,4.7953
47.645,0.009219738679913474,1.0,4.0654575695894295e-19,5,180.724,-0.444828,0.0116431,12385.0,0.0,12.4050,27.5610,153.7980,101.4250,76.6568,68.0532,64.2262,61.2236,59.2202,57.2010,55.1503,53.0642,50.0734,46.5299,39.3263,24.9670,15.1903,9.8975,4.6569
47.763,0.17160061717661346,1.0,4.782970176046268e-20,5,183.668,-0.454415,-0.0122588,12554.3,0.0,12.1926,25.8843,157.8940,104.3040,77.6138,67.8600,63.6137,60.3208,58.1751,56.1807,54.3227,52.5196,49.9778,47.0460,41.4584,29.7281,16.7097,10.4268,4.6873
47.865,0.0669884875052327,1.0,8.038737974880963e-21,5,185.789,-0.434304,-0.0626023,12815.0,0.0,11.4751,22.4061,34.1192,125.2560,94.9934,81.5837,75.0555,70.0602,66.8866,63.9927,61.3434,58.9089,55.8150,52.6636,47.5915,38.0323,23.1980,12.7707,5.1312
47.986,0.017560630068571722,1.0,9.457494840067708e-22,5,188.665,-0.369607,-0.0841964,12925.1,0.0,10.7551,20.4036,32.4192,128.3410,97.6361,83.9369,77.1934,71.6449,67.9770,64.6695,61.6733,58.9469,55.5180,52.0662,46.6526,38.2941,26.5438,15.4445,5.8629
48.106,0.029487744605570666,1.0,1.1126648104391258e-22,5,191.53,-0.281288,-0.090865,13066.2,0.0,10.0055,19.5190,44.1016,122.2430,92.2617,79.0575,72.6106,67.3353,63.7922,60.5649,57.6525,55.0114,51.7021,48.3845,43.2090,35.6358,26.1683,17.2278,6.7377
48.226,0.08617392520588271,1.0,1.309039022833527e-23,5,194.038,-0.165036,-0.150851,13207.4,0.0,8.6910,16.4348,27.3782,152.0070,116.9580,101.7960,94.1494,87.7474,83.3529,79.1166,75.0447,71.1443,65.9808,60.5122,51.8561,40.3549,29.5920,20.5510,8.3828
48.344,0.02258997744917092,1.0,1.5400713199734165e-24,5,196.667,-0.00590134,-0.151267,13347.0,0.0,7.6329,15.1665,27.0716,165.7910,124.0530,108.6160,100.7830,94.1932,89.6506,85.2547,81.0131,76.9325,71.5011,65.7103,56.0758,42.0754,29.7777,21.2236,9.5747
48.465,0.0059218270484354615,1.0,1.8118785072355252e-25,5,199.219,0.121089,-0.0882648,13558.8,0.0,7.0256,15.7817,30.2559,159.6280,118.3350,103.4250,95.9098,89.6181,85.2986,81.1322,77.1256,73.2835,68.1897,62.7822,53.8310,40.3834,28.3460,20.1891,10.0258
48.565,0.12088106424053133,1.0,3.045224207110747e-26,5,201.175,0.182587,-0.0619281,13773.1,0.0,6.6888,15.4541,26.7971,200.0000,131.8720,114.3380,106.4720,99.8406,95.2577,90.8119,86.5103,82.3596,76.8133,70.8673,60.8830,45.3437,30.2302,20.7310,10.2788
48.666,0.0396103071303373,1.0,5.118108324891032e-27,5,203.159,0.216803,-0.0370539,13925.9,0.0,6.5636,14.6007,23.3988,42.7749,155.4820,130.2990,119.9710,112.2070,107.2550,102.5440,97.9591,93.5064,87.5087,81.0121,69.9230,52.1591,33.7266,21.9973,10.3617
48.784,0.010383604352375139,1.0,6.021403263151052e-28,5,205.595,0.215395,0.00442189,14252.8,0.0,6.6872,14.6480,23.1237,42.9515,154.1430,127.5870,116.9890,109.0790,104.0630,99.4762,95.0790,90.8191,85.0957,78.9146,68.4069,51.6322,34.0924,22.1151,10.2677
48.886,0.07608113604481129,1.0,1.0120172464377973e-28,5,207.966,0.208332,-0.00104744,14187.0,0.0,6.7105,14.5457,22.7453,44.4261,152.2180,124.5380,113.8370,105.8920,100.8730,96.3158,92.0855,88.0008,82.5281,76.6342,66.6514,50.7723,34.0860,22.3365,10.2638
49.004,0.06970336358992302,1.0,1.1906281702616044e-29,5,210.189,0.225539,-0.0582102,14409.1,0.0,6.2202,12.2275,17.6165,27.0898,48.4890,200.0000,183.1180,148.6310,136.7340,127.8370,120.0570,113.1770,104.7840,96.6143,84.2144,64.2938,42.2294,26.5888,11.0613
49.105,0.022840398181145975,1.0,2.001088765758679e-30,5,212.242,0.276047,-0.077513,14502.8,0.0,5.7174,10.9317,15.5656,23.3594,36.8374,200.0000,200.0000,191.4940,168.6310,144.2310,132.1510,123.3790,112.9860,103.0800,88.5686,68.0266,45.1086,28.5162,11.7733
49.208,0.007484341675997913,1.0,3.3632298886106122e-31,5,214.353,0.348493,-0.0830129,14593.5,0.0,5.1234,9.8573,14.1521,21.4962,34.5884,200.0000,200.0000,195.2180,176.7210,149.6370,133.1500,123.1570,112.3650,102.1540,87.3218,67.2700,45.4259,29.3001,12.4182
49.324,0.001961975264312797,1.0,3.9568063316514996e-32,5,216.802,0.44101,-0.0713981,14782.2,0.0,4.4528,8.7712,12.8253,20.1143,35.3717,200.0000,200.0000,189.3780,171.8880,146.6490,128.5160,118.2830,107.7660,97.8774,83.5481,64.5918,44.6035,29.5416,13.0136
49.425,0.0006429000546100172,1.0,6.650204401606676e-33,5,218.801,0.504674,-0.0560001,14983.7,0.0,3.9987,8.0574,12.0054,19.5239,42.2309,200.0000,200.0000,183.0560,166.0590,142.0460,123.6450,113.5150,103.3280,93.8187,80.0500,61.9747,43.5188,29.4016,13.3563
49.545,0.04830019188919569,1.0,7.82389897644624e-34,6,219.269,0.570719,-0.0678838,13392.0,0.0,3.4275,6.7536,9.8402,15.1915,24.3904,200.0000,200.0000,200.0000,200.0000,197.6190,183.1810,168.1970,140.7610,112.8740,91.9433,67.8580,47.0385,31.5781,14.1129
49.645,0.015827006878251643,1.0,1.3149627009713195e-34,6,220.642,0.631063,-0.0688098,13760.6,0.0,2.9422,5.7748,8.3710,12.7537,19.6421,30.7278,200.0000,200.0000,200.0000,200.0000,200.0000,190.6020,171.1560,145.2670,100.4390,71.5275,48.5870,32.7349,14.6612
49.765,0.004148954891092399,1.0,1.5470404680657474e-35,6,222.603,0.70079,-0.0528157,13864.6,0.0,2.4194,4.8585,7.1689,11.2425,18.2066,119.4340,200.0000,200.0000,200.0000,200.0000,200.0000,189.9820,170.7210,148.4710,100.4850,70.3129,47.4752,32.5231,15.0196
49.866,0.0013595295387131574,1.0,2.6001109146781016e-36,6,224.189,0.746211,-0.0373557,13970.1,0.0,2.0810,4.2806,6.4445,10.4761,18.3524,116.4090,200.0000,200.0000,200.0000,200.0000,200.0000,186.2050,167.2310,146.6950,99.6452,68.6624,46.2858,31.9809,15.1701
49.967,0.0004454906392455274,1.0,4.370006414299486e-37,6,225.755,0.776347,-0.0212587,14065.3,0.0,1.8617,3.9351,6.0706,10.3604,21.2969,114.5480,200.0000,200.0000,200.0000,200.0000,197.6500,181.5600,163.0020,143.8150,99.0436,66.8430,45.0290,31.1931,15.1812
50.087,0.00011678269813437954,1.0,5.141268846359202e-38,6,227.59,0.790466,-0.0013612,14177.9,0.0,1.7785,3.9014,6.2439,11.6325,43.3862,115.1810,200.0000,200.0000,200.0000,200.0000,190.7730,175.2410,157.3280,139.4920,99.1508,64.5007,43.4505,30.0993,15.0084
50.204,0.03539758694134474,1.0,6.048651385053139e-39,6,229.354,0.781255,0.00898522,14290.4,0.0,1.8763,4.2059,6.8948,13.8301,42.6766,94.4533,200.0000,200.0000,200.0000,200.0000,200.0000,185.8190,165.1230,146.5010,114.2990,65.9066,43.4679,29.7393,14.7876
50.325,0.009279265031151876,1.0,7.116177868001166e-40,6,231.058,0.761566,0.0163476,14393.7,0.0,2.0612,4.6989,7.8404,15.3591,36.5255,75.1179,93.3910,200.0000,200.0000,200.0000,200.0000,200.0000,180.9890,158.1810,127.1770,71.2571,44.4160,29.8557,14.5555
50.446,0.0024325036523262776,1.0,8.372112099924691e-41,6,232.756,0.727769,0.029288,14462.5,0.0,2.3807,5.4859,9.1160,17.6104,40.3164,70.0115,85.8101,200.0000,200.0000,200.0000,200.0000,200.0000,180.4670,157.1720,126.5130,74.2285,43.8397,29.3575,14.2494
50.564,0.0006376662374354197,1.0,9.849706164440401e-42,6,234.375,0.689525,0.0286443,14576.8,0.0,2.7133,6.2438,10.3600,19.9465,44.1624,66.5108,81.4456,200.0000,200.0000,200.0000,200.0000,200.0000,176.3280,153.4300,123.4410,77.8524,43.0678,28.7567,13.9425
50.666,0.00020895047268283833,1.0,1.6554401150574988e-42,6,235.695,0.658243,0.0285565,14673.5,0.0,2.9864,6.8709,11.3983,21.9357,44.9020,63.5531,79.0531,200.0000,200.0000,200.0000,200.0000,200.0000,172.0280,149.6690,120.3960,79.1888,42.6981,28.2308,13.6855
50.784,5.477511271096998e-05,1.0,1.9476087409639968e-43,6,237.266,0.620648,0.0285947,14768.9,0.0,3.3150,7.6277,12.6549,24.3438,44.1740,59.8737,78.2371,200.0000,200.0000,200.0000,200.0000,200.0000,166.5780,144.9360,116.5960,79.4012,42.7654,27.6107,13.3747
50.885,1.7948708933130643e-05,1.0,3.27334601093819e-44,6,238.557,0.589109,0.0286099,14844.0,0.0,3.5907,8.2622,13.7081,25.5120,42.7114,57.1363,196.5610,200.0000,200.0000,200.0000,200.0000,200.0000,162.0420,140.9920,113.4260,78.8452,43.3843,27.2958,13.1143
51.006,4.7051463545666e-06,1.0,3.851058848408671e-45,6,240.076,0.551024,0.0286261,14937.3,0.0,3.9236,9.0284,14.7724,25.6457,40.2659,54.5336,189.6200,198.9320,200.0000,200.0000,200.0000,200.0000,156.5690,136.2330,109.6010,77.5171,44.9669,27.2663,12.7999
51.125,1.2334258859715067e-06,1.0,4.530732224564317e-46,6,241.57,0.512687,0.0286424,15027.8,0.0,4.2485,9.5433,15.0816,24.8329,37.4192,53.2380,182.6000,191.4650,198.2310,200.0000,200.0000,200.0000,151.0630,131.4470,105.7540,75.6255,46.1754,27.6811,12.5797
51.226,4.0416899431514327e-07,1.0,7.614801649825249e-47,6,242.789,0.487269,0.0157463,15084.3,0.0,4.4060,9.6262,14.8483,23.6196,35.4101,54.5815,176.7020,185.2170,191.7620,198.8020,200.0000,200.0000,146.4290,127.4180,102.5180,73.6918,46.5299,28.4281,12.5375
51.345,1.0595047684574892e-07,1.0,8.958737993002909e-48,6,244.172,0.477305,-0.000994984,15189.0,0.0,4.4167,9.3588,14.0805,21.7120,33.7619,159.3690,169.5740,177.6920,183.9730,190.7290,198.0150,200.0000,140.8080,122.5370,98.5998,71.0121,46.3340,29.3151,12.6678
51.467,0.004470850887563052,1.0,1.0539865661387993e-48,6,245.501,0.490173,-0.0179656,15367.7,0.0,4.2380,8.7294,12.8662,20.0913,33.3876,152.9520,162.2920,170.0330,176.0400,182.5030,189.4730,197.0110,135.7220,117.7790,94.7577,68.2330,45.6102,29.6997,13.0111
51.584,0.03123781908674933,1.0,1.2400046551966362e-49,6,246.789,0.533829,-0.0554226,15592.7,0.0,3.7448,7.3627,10.6886,16.3333,25.3375,41.0867,141.5580,149.9010,155.0950,160.3100,165.9010,171.9100,181.1170,192.9630,107.6340,73.7048,48.3763,31.5743,13.8003
51.685,0.010236008558346018,1.0,2.084075823988987e-50,6,247.89,0.596893,-0.0590094,15832.6,0.0,3.2418,6.4505,9.4486,14.6347,23.1557,39.5693,131.8030,140.3420,145.5070,150.3730,155.4990,161.0000,169.4110,180.2040,110.0870,74.1927,48.2742,31.9647,14.2503
51.804,0.002683308227519059,1.0,2.4518943661648035e-51,6,249.668,0.663467,-0.0425189,15780.5,0.0,2.7465,5.6036,8.3778,13.4479,22.8741,75.9880,124.4300,132.2390,137.0810,141.6630,146.4740,151.6360,159.5260,169.6450,107.9080,72.5221,47.0921,31.6816,14.5802
51.906,0.0008792664399934452,1.0,4.1208988612131845e-52,6,251.177,0.703481,-0.0282767,15721.6,0.0,2.4519,5.1206,7.8133,13.0394,24.6462,104.7210,118.4340,125.6360,130.1970,134.5420,139.1040,143.9990,151.4790,161.0720,106.6650,71.0342,46.0888,31.1691,14.7101
52.024,0.00023049442164564172,1.0,4.8481963012287e-53,6,252.866,0.730474,-0.0107663,15743.8,0.0,2.2665,4.8834,7.6742,13.6583,32.5179,101.4150,111.2980,117.8020,122.0220,126.0820,130.3560,134.9400,141.9450,150.9280,171.3490,69.1475,44.8505,30.3341,14.6824
52.125,7.552841208484387e-05,1.0,8.148363523475077e-54,6,254.199,0.73435,0.00405663,15806.6,0.0,2.2673,5.0285,8.1440,15.6992,40.1709,97.0001,105.3320,111.2910,115.2290,119.0530,123.0890,127.4170,134.0340,142.5170,161.8020,67.5153,43.7947,29.6211,14.5060
52.244,-0.0016140604617024307,1.0,9.586468201733192e-55,6,255.742,0.715398,0.0233104,15883.4,0.0,2.4781,5.7310,9.7032,19.6514,51.6185,91.8279,98.7013,104.0060,107.5930,111.1500,114.9400,119.0060,125.2250,133.2040,151.3660,64.9710,42.2776,28.6506,14.1039
52.346,-0.0005288953320906524,1.0,1.6111977106652976e-55,6,256.969,0.678859,0.038233,15958.2,0.0,2.8354,6.6629,11.3097,22.9821,61.0244,86.7334,92.7626,97.5962,100.9130,104.2470,107.8090,111.6330,117.4810,124.9860,142.0790,63.0680,41.0900,27.8671,13.7308
52.463,-0.00013864673793557197,1.0,1.895557994620616e-56,6,258.42,0.624217,0.0382387,16074.9,0.0,3.3179,7.7968,13.2344,26.8943,67.4280,80.0596,85.2754,89.5935,92.6012,95.6565,98.9255,102.4340,107.8000,114.6880,130.3730,61.0132,39.7518,26.9597,13.2838
52.565,-4.5431763086728225e-05,1.0,3.185864321558869e-57,6,259.672,0.57836,0.0382449,16136.5,0.0,3.7228,8.7484,14.8500,30.1784,64.4799,74.3538,78.9738,82.8847,85.6391,88.4632,91.4864,94.7310,99.6941,106.0640,120.5700,59.7727,38.6286,26.1981,12.9087
52.666,-0.03267345074202826,1.0,5.3544821652439905e-58,6,260.866,0.528595,0.0523531,16205.6,0.0,4.2270,10.2612,18.0798,40.5434,64.9968,72.7452,76.7616,80.3014,83.0079,85.9100,89.0292,92.3909,97.5608,104.2460,119.6860,53.6237,35.4371,24.4836,12.3416
52.783,-0.008565149071318256,1.0,6.299494722587903e-59,6,262.276,0.449584,0.0639922,16287.2,0.0,5.0004,12.4888,22.7860,48.4930,61.9746,68.4825,72.0625,75.5025,78.1752,81.0508,84.1525,87.5079,92.6940,99.4480,115.2530,144.6020,32.2086,22.5695,11.5831
52.885,-0.002806628047689567,1.0,1.0587560780253489e-59,6,263.454,0.372981,0.0659882,16348.1,0.0,5.7093,14.3312,26.3159,46.1507,57.0584,62.7514,66.0336,69.2122,71.6837,74.3441,77.2156,80.3242,85.1332,91.4040,106.1140,138.0990,30.2910,21.2751,10.9518
53.003,-0.061294272974027286,1.0,1.2456159382360427e-60,6,264.815,0.275929,0.07152,16427.1,0.0,6.6350,16.8932,29.9455,42.6612,51.4896,56.4355,59.4544,62.3846,64.6671,67.1281,69.7894,72.6761,77.1540,83.0146,96.8597,129.7600,27.8436,19.5145,10.1287
53.124,-0.1553974938098034,0.6071703125,1.4654546951753221e-61,6,264.887,0.137615,0.153023,16355.0,0.0,8.7543,25.4176,37.6160,50.2801,62.3490,70.9386,76.5879,82.3383,87.0133,92.2583,98.8860,124.4240,123.1550,121.5190,117.7730,31.2023,19.4683,14.6510,8.4620
53.244,-0.0407365206172771,0.15916605439999998,0.7217359281921386,6,256.12,-0.0878006,0.196325,15378.2,0.0,11.6259,27.9613,39.3016,54.2884,70.7465,83.4926,116.1390,115.0140,114.1380,113.1970,112.1830,111.0870,109.3940,107.1950,101.9480,23.1196,14.9419,11.0114,6.5827
53.346,-0.013348543075869362,0.052155532705792,0.8793602372852372,6,241.393,-0.305029,0.201892,14361.5,0.0,12.8009,27.2948,37.8631,52.8869,69.7644,109.5640,108.3860,107.2480,106.3690,105.4270,104.4160,103.3270,101.6590,99.5048,94.4282,25.5665,13.3337,9.2249,5.0797
53.464,-0.0034992404760806986,0.013672259965627136,0.9074370434133044,6,222.738,-0.486701,0.0944325,13270.7,0.0,13.1765,25.9613,36.1617,50.9408,67.8373,101.1340,99.9656,98.8477,97.9887,97.0740,96.0976,95.0536,93.4678,91.4408,86.7787,40.6876,13.2582,8.2553,4.0506
53.565,-0.0011466311192021236,0.004480126145536699,0.910500554207519,6,210.972,-0.545331,0.0272672,12173.4,0.0,12.9469,24.6765,34.3758,48.4325,64.5082,94.9161,93.7961,92.7325,91.9201,91.0596,90.1463,89.1756,87.7132,85.8667,81.7394,55.0225,16.1793,8.6368,3.8026
53.665,-0.0003757280851401519,0.0014680477353694657,0.9099094553429233,6,200.826,-0.545345,-0.0242952,10851.4,0.0,12.4342,23.4708,32.7048,46.0954,61.4212,88.9875,87.9148,86.9031,86.1350,85.3254,84.4708,83.5676,82.2169,80.5307,76.8498,64.2364,20.1517,10.2174,4.0064
53.785,-9.849486315097998e-05,0.0003848399055406932,0.91020761152287,5,191.916,-0.489845,-0.0757449,9389.03,0.0,11.6835,22.0132,30.6327,43.0939,84.0190,82.3126,81.3056,80.3635,79.6531,78.9089,78.1284,77.3086,76.0932,74.5956,71.4078,62.3766,24.9867,12.6017,4.7465
53.903,-2.5819837405850495e-05,0.00010088347219805948,0.9070650083758227,5,181.965,-0.401011,-0.0899089,6440.19,0.0,10.9491,20.5452,28.5050,39.9346,77.6074,76.0016,75.0652,74.1963,73.5454,72.8675,72.1610,71.4240,70.3384,69.0172,66.2651,59.1870,30.1388,15.0150,5.6089
54.004,-8.46064432114909e-06,3.3057496169860134e-05,0.8989167903168553,5,166.736,-0.331222,-0.0906237,7319.17,0.0,10.3975,19.4907,27.0225,37.8199,72.5574,71.0198,70.1314,69.3120,68.7012,68.0679,67.4109,66.7288,65.7296,64.5233,62.0472,55.9826,33.8517,16.8131,6.2677
54.104,-2.7723839311541335e-06,1.0832280344939768e-05,0.8886705135825871,4,154.643,-0.266797,-0.0900939,8006.13,0.0,9.8987,18.5694,25.7589,36.0780,67.8315,66.3536,65.5069,64.7304,64.1541,63.5590,62.9441,62.3085,61.3823,60.2720,58.0213,52.7032,36.9487,18.3931,6.8671
54.205,-9.084547665605865e-07,3.549521623429863e-06,0.8755802423779817,4,143.583,-0.206755,-0.0886481,7418.38,0.0,9.4409,17.7465,24.6534,34.6002,63.3866,61.9646,61.1563,60.4188,59.8739,59.3132,58.7362,58.1419,57.2804,56.2542,54.1973,49.4751,38.3157,19.7832,7.4166
54.326,-2.3814596632525838e-07,9.304857964523979e-07,0.8417818552522996,4,130.576,-0.140529,-0.0869034,6724.86,0.0,8.9359,16.8383,23.4335,33.6615,58.4780,57.1239,56.3609,55.6688,55.1599,54.6384,54.1040,53.5560,52.7660,51.8315,49.9812,45.8531,37.2146,21.2851,8.0191
54.444,-6.242853619636853e-08,2.4392126862521744e-07,0.8332719897471227,3,118.483,-0.0803955,-0.0858377,7187.83,0.0,8.4723,15.9889,22.2758,56.3770,54.0441,52.7596,52.0417,51.3940,50.9198,50.4358,49.9416,49.4371,48.7131,47.8621,46.1951,42.5643,35.4953,22.6775,8.5693
54.545,-2.0456582740826042e-08,7.992812130311126e-08,0.832661219422756,3,108.878,-0.0347101,-0.085502,5962.92,0.0,8.1163,15.3244,21.3574,52.9499,50.6914,49.4647,48.7833,48.1711,47.7245,47.2699,46.8071,46.3361,45.6627,44.8748,43.3435,40.0638,33.9426,23.7717,8.9915
54.665,-5.362570426011102e-09,2.09526774308828e-08,0.8303365138932233,2,97.7754,0.0150601,-0.0853885,5902.14,0.0,7.7267,14.5910,20.3377,49.2099,47.0432,45.8830,45.2429,44.6705,44.2544,43.8323,43.4040,42.9696,42.3508,41.6303,40.2418,37.3182,32.0671,24.1552,9.4538
54.784,-1.4057656617562545e-09,5.49261867244134e-09,0.31427129685420063,2,87.0686,0.0595307,-0.0853008,5763.37,0.0,7.3784,13.9349,19.8598,45.8519,43.7757,42.6776,42.0755,41.5393,41.1508,40.7578,40.3603,39.9582,39.3876,38.7259,37.4599,34.8325,30.2500,23.7131,9.8669
54.906,0.12952553071529868,1.4398570292684626e-09,0.03697370380359985,2,78.3066,0.0993333,-0.0868991,8943.83,0.0,7.0566,13.2972,45.8713,42.9130,40.9284,39.8897,39.3233,38.8207,38.4577,38.0914,37.7219,37.3491,36.8217,36.2120,35.0527,32.6758,28.6217,23.0410,10.2571
55.023,0.15894624925543743,3.774498810805519e-10,0.0043499192787897194,2,77.0578,0.147509,-0.131296,8810.83,0.0,6.4453,11.4543,16.3966,41.6383,39.8417,38.9021,38.3914,37.9393,37.6134,37.2851,36.9544,36.6213,36.1511,35.6083,34.5754,32.4628,28.8723,23.9359,11.3158
55.125,0.12215921661885085,1.2368277703247524e-10,0.0007310909331861883,2,76.3579,0.201272,-0.167935,8726.3,0.0,5.8777,10.0044,13.7451,40.4835,38.8395,37.9726,37.5019,37.0858,36.7863,36.4849,36.1816,35.8766,35.4466,34.9511,34.0110,32.0922,28.8367,24.3614,12.4226
55.243,0.11165952365517579,3.242269790240118e-11,8.601211719842187e-05,2,75.5777,0.279968,-0.204257,8646.87,0.0,5.1687,8.4812,11.5257,38.7977,37.2997,36.5143,36.0858,35.7057,35.4323,35.1575,34.8815,34.6042,34.2141,33.7655,32.9172,31.1975,28.2943,24.3196,13.4574
55.345,0.11277436342744226,1.062426964865882e-11,1.4456056537538765e-05,2,74.9676,0.356294,-0.233858,8575.76,0.0,4.5346,7.3061,9.9073,37.3325,35.9449,35.2195,34.8251,34.4757,34.2237,33.9698,33.7141,33.4572,33.0962,32.6818,31.9004,30.3245,27.6840,24.0791,14.0885
55.463,0.11828712686722381,2.7850885427780175e-12,1.7007405955848983e-06,2,74.264,0.460174,-0.268484,8490.65,0.0,3.7257,6.0151,8.1971,35.5050,34.2442,33.5821,33.2233,32.9064,32.6782,32.4487,32.2179,31.9857,31.6586,31.2818,30.5713,29.1471,26.7850,23.5812,14.5999
55.564,0.13020482678303938,9.126178136975008e-13,2.858434718999539e-07,2,73.7176,0.556583,-0.296891,8435.11,0.0,3.0492,5.0428,6.9432,33.9400,32.7766,32.1651,31.8326,31.5395,31.3289,31.1174,30.9048,30.6914,30.3910,30.0458,29.3932,28.0816,25.9237,23.0223,14.8454
55.664,0.13456378384363352,2.990466051923971e-13,4.804171232222526e-08,2,73.2544,0.652035,-0.264348,8311.36,0.0,2.4404,4.1417,5.7653,32.4218,31.3498,30.7901,30.4855,30.2155,30.0210,29.8258,29.6301,29.4336,29.1577,28.8412,28.2444,27.0422,25.0652,22.4327,14.9879
55.765,0.13756155346968846,9.799159158944469e-14,8.074370589996401e-09,2,72.7889,0.732561,-0.222462,8331.2,0.0,1.9234,3.3800,4.8127,30.8579,29.8654,29.3509,29.0719,28.8252,28.6475,28.4687,28.2888,28.1078,27.8536,27.5624,27.0152,25.9184,24.1084,21.7165,14.9794
55.865,0.18760311203066624,3.2109884732029236e-14,1.3570594650606953e-09,2,72.4441,0.798621,-0.184424,8249.26,0.0,1.4836,2.6966,3.9134,29.4071,28.4969,28.0257,27.7709,27.5461,27.3845,27.2221,27.0589,26.8949,26.6641,26.3986,25.8969,24.8944,23.2444,21.0569,14.9317
55.965,0.3764404815197243,1.052176702899134e-14,2.2808098429275109e-10,2,71.9789,0.852946,-0.155501,8129.41,0.0,1.1036,2.0440,2.9757,28.1493,27.3408,26.9154,26.6841,26.4804,26.3341,26.1873,26.0399,25.8919,25.6839,25.4451,24.9942,24.0831,22.5777,20.5662,14.9240
56.084,0.4491541774905886,2.758218096047906e-15,2.6833499721057873e-11,2,71.1187,0.910215,-0.162318,8117.68,0.0,0.6679,1.1927,1.6388,2.3762,4.1069,26.1545,25.9652,25.7971,25.6756,25.5531,25.4294,25.3047,25.1283,24.9241,24.5345,23.7424,22.4120,20.5787,15.2258
56.184,0.3558762934219667,9.038129057129779e-16,4.509906298118198e-12,2,70.4146,0.955571,-0.174289,8017.11,0.0,0.3266,0.5633,0.7457,0.9941,1.2684,1.4922,1.6611,1.8622,2.0618,2.3697,24.8333,24.7290,24.5815,24.4109,24.0852,23.4130,22.2418,20.5940,15.4874
56.285,0.3118606227294006,2.961614129440286e-16,7.579799515247256e-13,2,69.6658,0.997821,-0.176218,7912.36,0.0,0.0159,0.0269,0.0348,0.0446,0.0540,0.0604,0.0645,0.0686,0.0718,0.0754,0.0794,0.0839,0.0910,0.1009,0.1271,0.2817,21.8019,20.3606,15.6364
56.388,0.26487045016396993,9.70461717934993e-17,1.2739369045276068e-13,2,68.9767,1.03456,-0.166985,7821.08,0.0,-1.0000,-1.0000,-1.0000,-1.0000,-1.0000,-1.0000,-1.0000,-1.0000,-1.0000,-1.0000,-1.0000,-1.0000,-1.0000,-1.0000,-1.0000,-1.0000,-1.0000,-1.0000,-1.0000
56.507,0.1913736851666179,2.5440071658635082e-17,1.498774028807684e-14,2,68.0626,1.07005,-0.116004,7817.27,0.0,-1.0000,-1.0000,-1.0000,-1.0000,-1.0000,-1.0000,-1.0000,-1.0000,-1.0000,-1.0000,-1.0000,-1.0000,-1.0000,-1.0000,-1.0000,-1.0000,-1.0000,-1.0000,-1.0000
56.608,0.1507656839190663,8.336202681101544e-18,2.5189895102170744e-15,2,67.6213,1.09016,-0.0523885,7749.34,0.0,-1.0000,-1.0000,-1.0000,-1.0000,-1.0000,-1.0000,-1.0000,-1.0000,-1.0000,-1.0000,-1.0000,-1.0000,-1.0000,-1.0000,-1.0000,-1.0000,-1.0000,-1.0000,-1.0000
56.727,0.12199736183429806,2.185285515634683e-18,2.9635659688752856e-16,2,66.9202,1.08735,0.0767857,7666.26,0.0,-1.0000,-1.0000,-1.0000,-1.0000,-1.0000,-1.0000,-1.0000,-1.0000,-1.0000,-1.0000,-1.0000,-1.0000,-1.0000,-1.0000,-1.0000,-1.0000,-1.0000,-1.0000,-1.0000
56.827,0.19075794616940106,7.160743577631729e-19,4.980865323888692e-17,2,66.4965,1.04641,0.209816,7620.28,0.0,-1.0000,-1.0000,-1.0000,-1.0000,-1.0000,-1.0000,-1.0000,-1.0000,-1.0000,-1.0000,-1.0000,-1.0000,-1.0000,-1.0000,-1.0000,-1.0000,-1.0000,-1.0000,-1.0000
56.928,0.32594133270268977,2.3464324555183653e-19,8.371340349859725e-18,2,66.1196,0.960731,0.366943,7545.35,0.0,0.6498,39.8700,46.0849,50.4680,21.1171,20.0891,19.6846,19.3778,19.1685,18.9651,18.7674,18.5752,18.3150,18.0295,17.5267,16.6333,15.4184,14.1537,12.1137
57.043,0.3809122472197409,6.151031896194064e-20,9.84879820820647e-19,2,65.5384,0.793395,0.570301,7420.59,0.0,6.2214,33.5495,39.3376,43.4535,45.9306,47.1728,47.8370,48.4188,48.8346,21.3503,20.3854,19.7473,19.0752,18.4897,17.6900,16.5650,15.0839,13.5616,10.9810
57.145,0.3877062705150096,2.015570131744871e-20,1.6552875148532612e-19,2,64.7847,0.636312,0.48671,7439.2,0.0,7.4154,28.2551,33.5966,37.4402,39.7662,40.9370,41.5629,42.1122,42.5055,42.8995,43.2941,43.6893,44.2433,44.8784,46.0750,17.8804,15.3101,13.4491,10.2727
57.253,0.2585512121275439,6.604620207701592e-21,2.782041726213876e-20,2,64.3965,0.503903,0.44319,7359.83,0.0,8.8703,25.6348,30.4832,34.0436,36.2226,37.3235,37.9147,38.4341,38.8062,39.1790,39.5527,39.9274,40.4539,41.0584,42.1985,44.5072,15.0950,12.8984,9.5788
57.370,0.013438835110994099,1.7313615597277263e-21,3.273044270473365e-21,2,64.1383,0.360269,0.400437,7348.99,0.0,10.1644,23.0672,27.3209,30.5288,32.5194,33.5343,34.0804,34.5606,34.9055,35.2519,35.5998,35.9492,36.4406,37.0054,38.0734,40.2491,43.9904,12.2452,8.8061
57.487,-0.06998083583146356,4.538660447132651e-22,3.85070385376921e-22,2,63.9272,0.21774,0.419879,7328.66,0.0,11.7571,22.6375,26.4746,29.4344,31.2963,32.2507,32.7659,33.2208,33.5480,33.8769,34.2077,34.5401,35.0083,35.5472,36.5709,38.6660,42.3024,10.8783,7.8233
57.592,-0.02293132028525398,1.487228255316427e-22,6.471877967029911e-23,2,63.8423,0.0952452,0.43113,7310.26,0.0,12.4057,22.0218,25.5479,28.3109,30.0669,30.9713,31.4615,31.8948,32.2068,32.5208,32.8368,33.1547,33.6028,34.1201,35.1049,37.1287,40.6681,9.9700,7.0066
57.705,-0.04183941402583418,3.898679637616695e-23,7.614099709431022e-24,2,63.7921,-0.0535159,0.436212,7313.81,0.0,12.6675,20.9660,24.1308,26.6554,28.2785,29.1201,29.5777,29.9831,30.2754,30.5699,30.8667,31.1656,31.5878,32.0761,33.0083,34.9348,38.3353,9.3607,6.0436
57.806,-0.2637997302590215,0.046945166015625,1.2797017381640717e-24,2,63.8407,-0.18248,0.463504,7346.22,0.0,12.9658,20.5800,23.5510,25.9491,27.5018,28.3118,28.7528,29.1438,29.4259,29.7103,29.9974,30.2871,30.6970,31.1717,32.0789,33.9619,37.3084,8.6141,5.1745
57.910,-0.4310133470342957,0.08313160528125,2.1507947113323554e-25,2,64.1771,-0.321928,0.486681,7405.68,0.0,13.2393,20.3603,23.1930,25.5019,27.0085,27.7962,28.2258,28.6075,28.8834,29.1620,29.4434,29.7274,30.1295,30.5953,31.4875,33.3477,36.6753,7.7463,4.3601
58.023,-0.2733536824900506,0.088768257784848,2.5303884699354025e-26,2,64.5383,-0.477033,0.403379,7578.84,0.0,13.7631,20.7146,23.5282,25.8412,27.3589,28.1556,28.5907,28.9775,29.2575,29.5404,29.8263,30.1151,30.5245,30.9994,31.9102,33.8155,37.4885,6.1778,3.4794
58.126,-0.2136084765001171,0.09128108075781399,4.252823901420431e-27,2,64.9126,-0.579244,0.358043,7632.91,0.0,14.2949,21.3943,24.3011,26.7035,28.2851,29.1172,29.5722,29.9768,30.2698,30.5660,30.8655,31.1682,31.5975,32.0958,33.0603,35.2394,8.3601,4.9041,2.8418
58.247,-0.36067304646199516,0.1389921048216764,5.003404791782123e-28,2,65.6052,-0.683655,0.262383,7538.32,0.0,14.3653,21.1437,23.9733,26.3330,27.8964,28.7220,29.1747,29.5778,29.8697,30.1649,30.4639,30.7705,31.2143,31.7432,32.8027,35.2255,7.2058,4.1124,2.2422
58.349,-0.4619536080027427,0.1927803332985919,8.409222433548217e-29,2,66.3145,-0.757159,0.210974,7637.96,0.0,14.5713,21.3018,24.1489,26.5373,28.1269,28.9732,29.4518,29.8886,30.2115,30.5437,30.8857,31.2379,31.7487,32.3594,33.5884,36.4294,5.3106,3.3059,1.7725
58.467,-0.19865326595895927,0.2205600791766011,9.89336610084514e-30,2,67.6826,-0.828773,0.151927,7847.15,0.0,14.7004,21.3254,24.1724,26.5807,28.2876,29.2574,29.8109,30.3176,30.6931,31.0803,31.4799,31.8923,32.4925,33.2129,34.6723,38.0975,3.9557,2.5048,1.2961
58.585,-0.14261636742814934,0.3076523174112959,1.1639446283983297e-30,2,69.4316,-0.874422,0.071552,8134.7,0.0,14.4492,20.6536,23.3697,25.7612,27.5452,28.5639,29.1470,29.6820,30.0791,30.4893,30.9132,31.3515,31.9907,32.7599,34.3253,38.0375,3.9749,2.1727,1.0114
58.686,-0.2550652780996607,0.4662113004318334,1.9562417369490734e-31,2,71.6816,-0.891623,0.0155961,8578.36,0.0,14.2083,20.1327,22.7780,25.2769,27.1658,28.2508,28.8740,29.4471,29.8734,30.3145,30.7712,31.2443,31.9358,32.7707,34.4787,38.5781,48.4700,2.1832,0.9181
58.786,-0.14699851347389678,0.5976818005661281,3.287855487290308e-32,2,74.8822,-0.893129,-0.0274552,9218.08,0.0,13.9664,19.7039,22.4248,25.1296,27.1990,28.3979,29.0899,29.7287,30.2051,30.6995,31.2127,31.7458,32.5278,33.4763,35.4321,40.2117,52.2723,2.5228,0.9467
58.905,-0.04600086607733166,0.708055432693232,3.868129102242175e-33,2,79.9419,-0.867272,-0.0999454,10109.9,0.0,13.3329,18.5548,21.2545,23.9674,26.0601,27.2795,27.9858,28.6392,29.1276,29.6353,30.1633,30.7129,31.5209,32.5041,34.5424,39.5871,52.7218,6.8162,1.2873
59.027,-0.42247502285381905,0.7649876614729345,4.550815207496897e-34,2,85.5456,-0.808213,-0.151695,10770.3,0.0,12.6529,17.6395,20.4533,23.3276,25.5797,26.9066,27.6802,28.3992,28.9388,29.5016,30.0890,30.7027,31.6093,32.7195,35.0456,40.9502,56.3401,81.6902,2.0181
59.143,-0.11074929239099154,0.7873405079510359,5.353988583468026e-35,2,90.9637,-0.726941,-0.159145,11957.8,0.0,12.1092,17.6104,20.9944,24.5998,27.5406,29.3240,30.3820,31.3775,32.1325,32.9273,33.7651,34.6493,35.9728,37.6219,41.1832,50.5575,68.2618,97.1551,2.9420
59.244,-0.053673538560367606,0.7952411868641455,8.998448612234712e-36,2,95.7507,-0.640587,-0.183665,12588.7,0.0,11.4300,17.2444,20.9534,25.0325,28.4640,30.5930,31.8735,33.0907,34.0219,35.0098,36.0596,37.1772,38.8686,41.0084,45.6795,55.8583,73.7453,163.0180,4.0920
59.364,-0.277816517300169,0.8008230904549396,1.0586584807808019e-36,2,101.311,-0.517907,-0.198648,13136.8,0.0,10.7758,17.2994,21.7299,26.9033,31.5254,34.5279,36.3866,38.1916,39.5983,41.1073,42.6579,44.2344,46.4818,49.1023,54.1434,64.5956,82.9720,26.7334,5.4070
59.484,-0.07282793311113549,0.8002067611929696,1.2455011160538058e-37,2,106.869,-0.39782,-0.115855,13222.2,0.0,10.6962,19.3835,26.2429,35.5700,44.2000,48.8977,51.4820,53.7823,55.4453,57.1236,58.8160,60.5211,62.9278,65.7028,70.9631,82.8761,39.0714,16.8766,5.8216
59.604,-0.019091405697485502,0.8005270691749199,1.4653196080261418e-38,3,111.521,-0.308462,-0.0968569,12149.0,0.0,10.1671,18.8957,26.0365,35.9910,44.2069,48.6867,51.1600,53.3666,54.9648,56.5802,58.2114,59.8574,62.1845,64.8730,69.9840,83.3353,38.1777,17.8381,6.5300
59.724,0.10116298237948679,0.7827352805217902,1.7239338656466758e-39,3,114.65,-0.24024,-0.0850852,10943.5,0.0,9.7319,18.3856,25.6349,35.4390,43.0687,47.2684,49.5993,51.6857,53.2011,54.7361,56.2894,57.8600,60.0858,62.6649,67.5880,81.9031,121.1080,18.6798,7.0735
59.824,0.04733252794131023,0.7118600775807552,2.8974156479923688e-40,3,118.037,-0.185486,-0.110503,11277.0,0.0,9.1101,16.6247,22.6158,30.5251,36.9347,40.5639,42.6078,44.4546,45.8057,47.1822,48.5832,50.0077,52.0395,54.4116,58.9886,68.9502,134.1500,22.2836,7.8216
59.944,0.011577606865535502,0.7271190970054545,3.4087805357065427e-41,3,121.864,-0.110694,-0.124371,11598.3,0.0,8.4425,15.1339,20.3395,26.9415,32.3026,35.4001,37.1655,38.7737,39.9578,41.1710,42.4125,43.6815,45.5031,47.6464,51.8292,60.7454,137.4550,26.3431,8.6913
60.065,-0.2730228705657598,0.7930900894247729,4.010396212453391e-42,3,125.782,-0.0343392,-0.0895761,12191.9,0.0,8.0858,15.1794,20.9684,27.6844,33.0412,36.1253,37.8803,39.4779,40.6536,41.8577,43.0893,44.3480,46.1541,48.2784,52.4231,61.9018,123.3400,25.1104,9.0387
60.184,-0.07157130738159054,0.8358309044959177,4.7181910399892915e-43,3,129.697,0.0179728,-0.015323,13039.1,0.0,8.2080,17.2154,24.3512,32.2621,38.3824,41.8324,43.7739,45.5282,46.8119,48.1202,49.4525,50.8079,52.7430,55.1772,61.2358,126.0360,92.2872,20.1744,8.7732
60.284,-0.02345248600279959,0.8528624008633473,7.929863680910004e-44,3,133.374,0.0385091,0.0317265,13380.0,0.0,8.4302,18.5731,26.3138,34.7425,41.1541,44.7323,46.7363,48.5415,49.8819,51.3527,52.9903,54.8451,57.9687,62.9760,125.2260,106.4790,77.2285,18.2794,8.5453
60.385,-0.007684910613397369,0.8593844437024015,1.3327721888505447e-44,3,137.163,0.0370293,0.0521838,13885.5,0.0,8.6301,18.6965,26.1587,34.2429,40.4048,43.8544,45.7995,47.7045,49.2472,50.9910,53.0065,55.4210,60.1036,123.8570,116.4190,97.0197,70.5034,18.1251,8.3741
60.505,-0.11286842883648847,0.8634753162349224,1.5679931524607778e-45,3,142.064,0.00976658,0.0880691,13946.8,0.0,9.0312,19.2823,26.7299,34.7177,40.7821,44.6116,47.2510,50.1599,52.8426,56.6340,119.5610,117.3240,114.0270,109.9660,101.0420,83.6657,58.0321,17.3276,8.0030
60.623,-0.029587781408912432,0.8652416139240875,1.8447282639385805e-46,3,146.433,-0.0398089,0.0890357,14787.3,0.0,9.3925,19.6745,26.9917,34.7774,41.5655,47.4360,53.3054,113.1990,111.0010,108.7110,106.3140,103.7890,99.9825,95.0879,86.3542,73.0837,47.7524,16.7356,7.6533
60.725,-0.009695324212072424,0.867018786113145,3.100434793201573e-47,3,150.694,-0.0776126,0.0748512,14668.3,0.0,9.5794,19.5944,26.5936,34.1874,42.8172,110.1120,106.7530,103.6420,101.3010,98.8394,96.2320,93.4391,89.2451,84.8057,77.6086,66.4271,43.5337,16.7510,7.4435
60.846,-0.06898470902446827,0.8661705132918442,3.647630529853719e-48,3,155.569,-0.113239,0.0405118,14926.5,0.0,9.5531,18.6591,24.8561,32.2402,42.9949,102.3210,98.9643,95.8514,93.5047,91.0317,88.4014,85.5850,81.8055,77.8887,71.5073,61.5221,43.2272,18.3204,7.3936
60.963,-0.05823755258075021,0.8672748057707522,4.291400842067602e-49,4,157.241,-0.136791,0.0369942,12101.6,0.0,9.7163,18.8466,25.3717,37.9939,92.7864,86.1003,82.0921,78.4158,75.9779,73.6922,71.5455,69.5255,66.8898,64.1236,59.5386,51.2380,35.4041,17.9582,7.2187
61.084,-0.015266624983728183,0.869768867543343,5.048790176684114e-50,4,160.854,-0.149386,0.0117623,12312.5,0.0,9.5917,18.1210,25.6661,93.4090,81.3680,74.1528,70.4635,67.5345,65.5928,63.7644,62.0397,60.4104,58.2753,56.0226,52.2624,44.9454,32.2758,19.1939,7.3008
61.184,-0.005002567674668052,0.8740302863447277,8.485501649952992e-51,4,163.832,-0.140933,-0.0241211,12540.5,0.0,9.2251,17.2519,25.6677,86.9674,75.0062,68.0582,64.7175,62.0618,60.2999,58.6396,57.0725,55.5912,53.6485,51.5973,48.1697,41.7791,31.1746,20.1353,7.6768
61.304,-0.001311393100508182,0.8795831735085522,9.983107836153198e-52,4,167.382,-0.0962321,-0.0708593,12801.7,0.0,8.5432,16.5704,27.6816,79.5399,67.8005,61.3388,58.3439,55.9620,54.3810,52.8910,51.4842,50.1539,48.4092,46.5663,43.4854,38.0716,29.4743,20.3985,8.5090
61.405,-0.00042971729117452105,0.8820770349984074,1.6778609340222682e-52,4,170.335,-0.0252787,-0.108707,13025.1,0.0,8.0086,16.5245,89.3303,73.2854,61.7765,55.8168,53.0952,50.9304,49.4936,48.1390,46.8602,45.6509,44.0647,42.3891,39.5876,34.8671,27.6772,20.0127,9.0677
61.523,-0.00011264780957765365,0.8867850956219975,1.973986610267859e-53,4,173.834,0.0586116,-0.067252,13403.5,0.0,7.6405,17.8023,81.2700,65.4816,54.3029,49.0660,46.6780,44.7782,43.5171,42.3281,41.2056,40.1439,38.7512,37.2798,34.8195,30.7962,25.0713,18.9169,9.3638
61.625,0.12020107655082009,0.8891442772427911,3.3176792958771914e-54,4,176.827,0.100637,-0.0459502,13528.9,0.0,7.4654,19.8886,77.3400,62.2557,51.9297,46.5891,44.1570,42.2345,40.9643,39.7712,38.6485,37.5903,36.2070,34.7518,32.3324,28.4333,23.5440,18.2434,9.4867
61.743,0.08375579489629817,0.8937450034291592,3.903216514806558e-55,4,180.038,0.133634,-0.0491059,13827.6,0.0,7.1949,22.3489,78.0341,64.2946,55.4193,50.7236,48.1222,45.7753,44.0610,42.4392,40.9356,39.5379,37.7387,35.8794,32.8612,28.1797,22.8888,18.1322,9.7343
61.846,0.037504615059118986,0.8971501771767919,6.560135996435382e-56,4,182.91,0.146973,-0.0166495,13968.8,0.0,7.3713,27.9463,74.3516,61.2121,52.9283,48.6461,46.3152,44.2444,42.7448,41.2259,39.6857,38.1871,36.2741,34.3155,31.1761,26.4012,21.1383,16.6975,9.4990
61.965,0.1706399868840302,0.898374750498958,7.717934398446265e-57,4,186.191,0.126019,0.028721,14208.1,0.0,8.1152,29.3074,71.0672,58.6694,51.0618,47.2204,45.1631,43.3588,42.0677,40.7749,39.4808,38.1854,36.3700,34.2932,30.6605,25.3207,19.7211,15.2116,8.9054
62.084,0.20781903210790217,0.8986957650479239,9.080072640428048e-58,4,188.94,0.0577386,0.064697,14461.8,0.0,8.8466,24.0636,72.6591,61.0213,53.9978,50.4974,48.6380,47.0169,45.8631,44.7132,43.5678,42.4272,40.8396,39.0406,35.7201,29.3590,21.2189,15.3777,8.2578
62.186,0.20995463597574238,0.8575555657909038,1.5260878086767422e-58,4,190.851,-0.0135658,0.015906,14436.5,0.0,8.7405,19.5866,75.6299,64.5326,57.8746,54.5697,52.8179,51.2929,50.2088,49.1292,48.0549,46.9861,45.5003,43.8185,40.7191,34.7863,25.9982,17.3788,8.2401
62.304,0.16204157830656252,0.2897212462386907,0.136468505859375,4,191.262,-0.0295343,-0.0341867,14198.6,0.0,8.4519,17.3072,73.1646,62.6071,56.3631,53.2928,51.6738,50.2695,49.2741,48.2853,47.3037,46.3298,44.9800,43.4582,40.6704,35.3939,27.6863,19.5434,8.5313
62.424,0.15161635396385556,0.07594868637399535,0.8645442831939698,4,180.24,0.00816194,-0.0824683,12758.1,0.0,7.8000,15.3485,70.4886,60.4011,54.5121,51.6397,50.1319,48.8279,47.9056,46.9914,46.0856,45.1887,43.9485,42.5544,40.0116,35.2360,28.3190,20.9591,9.3571
62.545,0.24670406394497846,0.019909492440824638,0.21655952380671492,4,167.601,0.0753601,-0.100396,12264.7,0.0,7.1922,15.5672,64.6768,55.0815,49.5906,46.9464,45.5678,44.3809,43.5446,42.7182,41.9020,41.0964,39.9865,38.7448,36.4965,32.3294,26.4095,20.1880,9.9585
62.663,0.23299859349299867,0.0052191539864075345,0.025478011416336203,4,163.065,0.169229,-0.139635,11999.9,0.0,6.3811,13.3480,65.5944,56.1610,50.7638,48.1641,46.8082,45.6404,44.8175,44.0040,43.2005,42.4069,41.3132,40.0887,37.8690,33.7429,27.8383,21.5429,10.8562
62.764,0.21992313766531707,0.0017102123782660207,0.004282089378743626,4,160.781,0.2456,-0.156569,11844.8,0.0,5.7018,11.2390,20.4499,58.7718,53.3615,50.7458,49.3788,48.1998,47.3678,46.5446,45.7305,44.9257,43.8150,42.5693,40.3045,36.0697,29.9400,23.2932,11.7279
62.884,0.22738615836177437,0.0004483219136881678,0.000503783533319809,4,158.166,0.3371,-0.168472,11645.9,0.0,4.9518,9.3506,14.4976,60.9614,55.5778,52.9677,51.6013,50.4215,49.5882,48.7631,47.9464,47.1383,46.0221,44.7686,42.4848,38.1944,31.9262,25.0250,12.6871
62.984,0.10312866060648622,0.00014690612467733883,8.467089844506028e-05,4,156.217,0.413488,-0.167201,11503.4,0.0,4.3773,8.1594,12.1925,61.5867,56.2668,53.6877,52.3374,51.1715,50.3479,49.5321,48.7246,47.9254,46.8212,45.5806,43.3192,39.0659,32.8319,25.9209,13.3375
63.104,0.02703455960602672,0.05744337579352242,9.961446531162898e-06,3,154.66,0.501952,-0.134441,14018.5,0.0,3.8062,7.3685,11.4308,59.1326,54.0087,51.5379,50.2480,49.1361,48.3518,47.5761,46.8090,46.0508,45.0046,43.8313,41.6977,37.7026,31.8857,25.4667,13.6412
63.206,0.04667082676123409,0.12048812936439642,0.015295558497662242,3,153.613,0.563338,-0.0853046,13984.0,0.0,3.4744,7.2838,12.9855,54.9789,50.1241,47.8027,46.5961,45.5590,44.8291,44.1085,43.3973,42.6957,41.7298,40.6494,38.6930,35.0569,29.8211,24.1010,13.5119
63.326,0.1529517821972269,0.07901077534035032,0.7130521953178194,3,146.118,0.608972,-0.0511673,12762.8,0.0,3.2065,7.1542,16.2251,52.3263,47.6716,45.4588,44.3119,43.3281,42.6367,41.9551,41.2831,40.6210,39.7107,38.6943,36.8587,33.4620,28.5996,23.3117,13.4693
63.445,0.21284010699325379,0.021020600690820797,0.20542704671803502,3,134.722,0.625607,-0.0291117,12087.9,0.0,3.1352,7.3535,58.7605,50.5870,46.0550,43.9089,42.7989,41.8478,41.1802,40.5224,39.8745,39.2366,38.3604,37.3835,35.6217,32.3716,27.7381,22.7150,13.3513
63.564,0.25226446023430144,0.005510424347494527,0.024168286619330105,3,131.31,0.636869,-0.053499,11848.6,0.0,2.9677,6.5120,12.5515,53.0000,48.3217,46.0963,44.9425,43.9525,43.2567,42.5704,41.8939,41.2271,40.3102,39.2862,37.4359,34.0091,29.0950,23.7357,13.7209
63.685,0.27537140331418297,0.013303167258274604,0.0028433747524775673,3,129.057,0.656049,-0.0868705,11655.8,0.0,2.7242,5.5396,8.8763,56.3953,51.5396,49.2159,48.0072,46.9679,46.2362,45.5137,44.8002,44.0962,43.1264,42.0412,40.0740,36.4097,31.1076,25.2685,14.2892
63.803,0.2959195638217935,0.15180274821212814,0.0003345201962542334,3,127.296,0.690587,-0.128231,11671.5,0.0,2.3640,4.4432,6.4082,10.6075,55.7549,53.3267,52.0590,50.9661,50.1951,49.4323,48.6779,47.9322,46.9028,45.7479,43.6458,39.7003,33.9187,27.4552,15.1409
63.907,0.19477923214377374,0.25044667375290014,5.622280938444901e-05,3,126.683,0.732522,-0.150299,11749.9,0.0,2.0064,3.6246,5.0138,7.3005,11.7475,55.8092,54.5166,53.4009,52.6128,51.8325,51.0600,50.2956,49.2394,48.0525,45.8874,41.8052,35.7764,28.9661,15.8219
64.029,0.05106020703109741,0.35031683385990525,6.6145573012710406e-06,3,127.171,0.796572,-0.139862,11830.2,0.0,1.5358,2.7856,3.8426,5.5033,8.0057,55.4873,54.2171,53.1209,52.3470,51.5809,50.8227,50.0727,49.0364,47.8724,45.7501,41.7517,35.8500,29.1771,16.1905
64.146,0.013385126911960001,0.429762153751621,7.781960519372368e-07,3,128.696,0.862923,-0.0904878,11961.7,0.0,1.0752,2.0707,2.9830,4.5880,7.9673,51.7725,50.5789,49.5514,48.8275,48.1120,47.4052,46.7069,45.7442,44.6654,42.7055,39.0375,33.6776,27.6772,15.9948
64.264,0.003508830709208843,0.48180382901743996,9.155398731436398e-08,3,130.666,0.904816,-0.0320571,12122.1,0.0,0.7858,1.6540,2.5770,4.7568,49.5293,47.4045,46.3029,45.3576,44.6930,44.0374,43.3911,42.7537,41.8770,40.8974,39.1248,35.8317,31.0723,25.7999,15.5460
64.366,0.0824564386696959,0.5104428283018096,1.5387478647925155e-08,3,132.413,0.910287,0.0116298,12410.2,0.0,0.7734,1.7765,3.0719,50.3749,46.1427,44.1449,43.1129,42.2291,41.6090,40.9982,40.3967,39.8046,38.9913,38.0844,36.4485,33.4255,29.0900,24.3222,15.0689
64.487,0.1696271567136856,0.5289476271260997,1.810321475449747e-09,3,134.6,0.8904,0.0293938,12612.4,0.0,0.9637,2.3288,4.4373,48.8026,44.6528,42.7004,41.6933,40.8319,40.2279,39.6335,39.0486,38.4731,37.6834,36.8036,35.2189,32.2983,28.1266,23.5586,14.7274
64.603,0.18847181770009988,0.5399526952028443,2.129825112651873e-10,3,136.654,0.859459,0.0258452,12809.9,0.0,1.2329,2.9954,5.9723,49.1160,44.6882,42.7119,41.6927,40.8209,40.2098,39.6084,39.0166,38.4344,37.6356,36.7457,35.1433,32.1922,27.9825,23.3837,14.5391
64.707,0.1890880099374601,0.547464962835943,3.5795970668340036e-11,3,138.339,0.830523,0.0270192,13017.1,0.0,1.4907,3.6846,8.1155,49.5574,44.5132,42.3982,41.3615,40.4872,39.8744,39.2715,38.6783,38.0950,37.2947,36.4036,34.7999,31.8493,27.6486,23.0724,14.3140
64.827,0.18473763981911054,0.5654179020926654,4.2113601531595375e-12,3,140.4,0.792095,0.0271718,13227.4,0.0,1.8324,4.6229,66.7626,51.1942,45.0506,42.5409,41.3245,40.3222,39.6391,38.9816,38.3484,37.7383,36.9208,36.0257,34.4162,31.4588,27.2585,22.6992,14.0292
64.943,0.17822292962896105,0.6120903499793047,4.954623106590664e-13,3,142.656,0.750718,0.0307342,13479.6,0.0,2.2102,5.7751,75.4953,54.0125,46.2745,43.2218,41.7641,40.5731,39.7667,38.9947,38.2549,37.5456,36.6000,35.5824,33.8365,30.8477,26.6843,22.1843,13.6865
65.055,0.17120956783572727,0.6873809729124685,8.32723505524693e-14,3,145.09,0.709974,0.0346338,13777.1,0.0,2.5879,7.0438,90.6271,58.7216,48.6207,44.8114,43.0254,41.5820,40.6125,39.6902,38.8116,37.9740,36.8649,35.6804,33.6698,30.3166,26.0970,21.6629,13.3457
65.167,0.16478592411102908,0.7402223155633326,1.3995583957353514e-14,3,147.974,0.663619,0.0392806,14102.1,0.0,3.0246,8.7061,125.4200,67.6085,53.1039,48.0024,45.6748,43.8224,42.5926,41.4328,40.3376,39.3017,37.9424,36.5062,34.1038,30.1932,25.4824,21.0613,12.9570
65.272,0.16710395619207075,0.7706549077387927,2.3522377957124054e-15,3,151.057,0.61143,0.0448233,14468.0,0.0,3.5259,11.0304,200.0000,85.8802,61.6130,54.0319,50.7176,48.1414,46.4600,44.8954,43.4359,42.0715,40.3041,38.4645,35.4495,30.7014,25.2278,20.4023,12.5179
65.381,0.16597534285890522,0.7912027099334725,3.9534060632538406e-16,3,154.286,0.553022,0.0509755,14785.0,0.0,4.0984,14.0900,150.5880,135.4360,79.7632,66.2171,60.7326,56.6372,54.0390,51.6726,49.5085,47.5217,44.9995,42.4332,38.3528,32.2237,25.5735,20.0451,12.0292
65.494,0.1572639132825373,0.8120878801628753,6.644489570510733e-17,4,157.179,0.488141,0.0582697,12166.9,0.0,4.7524,14.8281,40.8127,192.1710,130.3530,95.1188,83.1540,74.9197,69.9765,65.6499,61.8317,58.4375,54.2732,50.1946,44.0162,35.3817,26.7923,20.1950,11.4894
65.602,0.10113076295140931,0.8441546772748959,1.116739362115739e-17,4,158.105,0.418921,0.0673019,12147.3,0.0,5.3935,14.2618,28.1134,94.8891,187.6600,196.6190,152.6470,125.2930,111.0850,99.7780,90.5664,82.9176,74.1587,66.1815,55.0980,41.3412,29.3260,21.0431,11.1460
65.713,0.041771899301642795,0.8965372628525629,1.876903845907923e-18,4,161.16,0.351909,0.0530097,12317.5,0.0,5.8155,14.1395,24.9597,56.2672,166.7370,181.0020,186.2290,190.1790,192.7360,153.0900,131.4720,115.2120,98.2186,84.0632,66.2085,46.5406,31.2645,21.6185,10.9087
65.829,0.03634970669796231,0.9370277502134028,3.154512293817446e-19,4,164.411,0.306956,0.0345866,12665.3,0.0,6.0951,14.2077,23.9031,47.5368,118.0680,168.1480,174.7370,179.4140,182.3640,185.0680,187.5690,150.8140,122.1210,100.3550,75.2495,50.2295,32.4560,21.9001,10.7254
65.937,0.011911071890788289,0.9627807531899277,5.3017888122189814e-20,4,167.889,0.277961,0.0231678,12946.6,0.0,6.2737,14.2706,23.3927,43.8293,92.9105,156.8890,165.0330,170.3280,173.5730,176.5070,179.1980,181.6890,145.1850,114.8700,82.5848,52.9432,33.2635,22.0728,10.6011
66.044,0.003903020037173506,0.9784144932990255,8.910716456696443e-21,4,171.501,0.258125,0.0179149,13172.9,0.0,6.4109,14.4250,23.3838,42.7719,85.8072,148.7380,157.7550,163.2880,166.6320,169.6380,172.3850,174.9220,178.1880,122.7260,86.1575,54.0625,33.4904,22.0431,10.4893
66.155,0.007745827332343516,0.9941867947579747,1.4976241148769715e-21,4,175.138,0.24279,0.0150983,13441.2,0.0,6.5244,14.5965,23.5255,42.5118,83.0765,142.3600,151.5560,157.0940,160.4300,163.4270,166.1650,168.6950,171.9540,127.0370,87.9233,54.4922,33.4900,21.9441,10.3897
66.269,0.08510632531146231,1.0,2.5170568498737266e-22,4,178.642,0.236959,-0.0182346,13814.6,0.0,6.3597,13.3572,20.2835,32.7142,52.0645,74.0475,95.6054,128.3120,139.3250,144.6790,148.8590,152.4180,156.7420,161.0470,167.9030,71.5341,39.0533,24.0752,10.6927
66.378,0.02788764067805997,1.0,4.2304174475827726e-23,4,182.217,0.255847,-0.0498274,14054.4,0.0,6.0219,11.9942,17.4158,26.0871,37.4086,47.8427,56.2230,66.4122,76.2966,89.6447,108.6640,129.5210,138.1110,144.5360,153.5050,104.2450,47.4098,27.0977,11.2295
66.482,0.009138222097386692,1.0,7.110062604152367e-24,4,185.874,0.297283,-0.0597828,14271.2,0.0,5.6361,11.0525,15.8518,23.3005,32.6255,40.8431,47.1971,54.6441,61.5915,70.5690,82.6174,99.6373,125.4680,133.9770,144.1080,157.8840,52.2049,28.9902,11.7296
66.591,0.0029944126168716715,1.0,1.1949882218798887e-24,4,189.472,0.351175,-0.0619591,14572.0,0.0,5.1938,10.1514,14.5216,21.2621,29.6287,36.9363,42.5451,49.0736,55.1200,62.8712,73.1656,87.4993,116.4230,126.3150,136.8010,150.7490,55.1700,30.4322,12.2469
66.702,0.0009812091262965093,1.0,2.008416704513529e-25,4,193.08,0.410652,-0.062878,14826.5,0.0,4.7139,9.2005,13.1471,19.2183,26.7275,33.2622,38.2627,44.0663,49.4258,56.2744,65.3320,77.8726,106.5040,118.9390,129.6680,143.6800,57.9570,31.8777,12.7993
66.815,-0.01288088629818266,1.0,3.3755459552758887e-26,4,196.687,0.472967,-0.0627382,15026.0,0.0,4.2160,8.2304,11.7628,17.1990,23.9264,29.7839,34.2683,39.4754,44.2860,50.4361,58.5750,69.8526,95.6459,111.8380,122.6770,136.6500,60.4603,33.2691,13.3626
66.924,-0.0077757359217384935,1.0,5.673280087032186e-27,5,197.185,0.534264,-0.0575078,13498.5,0.0,3.7429,7.3658,10.5934,15.6361,22.0072,27.6760,32.0946,37.3132,42.2206,48.6187,57.3074,69.7837,97.6220,107.2730,117.2260,130.6200,60.8241,34.0084,13.8368
67.040,-0.00696908876478527,1.0,9.535081842274996e-28,5,200.108,0.592438,-0.0543631,13684.9,0.0,3.2847,6.4957,9.3781,13.9242,19.7434,24.9936,29.1342,34.0795,38.7860,45.0044,53.6023,66.2676,92.8316,101.4510,110.9690,124.0120,61.8601,34.9077,14.3110
67.143,-0.007276694371594837,1.0,1.6025612052311584e-28,5,202.992,0.648122,-0.0514806,13879.9,0.0,2.8432,5.6483,8.1842,12.2193,17.4490,22.2309,26.0450,30.6518,35.0879,41.0291,49.3969,62.0582,87.3729,95.3283,104.4720,117.1870,62.8642,35.7662,14.7641
67.255,-0.048872232267709204,1.0,2.6934246176320077e-29,5,205.837,0.70105,-0.0457175,14077.7,0.0,2.4282,4.8684,7.1067,10.7341,15.5603,20.1015,23.8154,28.4134,32.9620,39.2481,48.5013,63.4701,83.5839,90.1868,98.6215,110.7770,62.6187,36.1905,15.1417
67.361,-0.030069524789482948,1.0,4.526838754854115e-30,5,208.586,0.741768,-0.02084,14295.3,0.0,2.1469,4.4884,6.7881,10.8709,17.1148,24.0481,30.6875,40.4712,52.4111,72.1204,78.3907,82.3124,86.6518,90.7960,97.3185,107.8050,55.7416,34.1753,15.0973
67.473,-0.009853181883017773,1.0,7.6082578952833105e-31,5,211.388,0.76566,-0.0119136,14470.1,0.0,1.9652,4.1746,6.4042,10.5175,17.2233,25.3256,33.8215,47.8854,65.7617,71.6268,75.3697,78.4289,82.1051,85.7788,91.7498,101.6300,53.9837,33.7086,15.1639
67.587,-0.003228690639427263,1.0,1.2787199044602661e-31,5,214.201,0.780294,-0.00962764,14621.6,0.0,1.8466,3.9391,6.0659,10.0308,16.6114,24.7622,33.5530,48.6838,61.6380,66.0458,69.3202,72.0964,75.5005,78.9513,84.6314,94.1710,53.8165,33.7550,15.2539
67.692,-0.004631681862008775,0.9658963320312499,2.1491445434263695e-32,5,216.908,0.791469,-0.00883371,14786.8,0.0,1.7540,3.7471,5.7780,9.5779,15.9253,23.8580,32.5027,47.6028,56.0057,59.7321,62.6771,65.2307,68.4063,71.6612,77.0762,86.2954,54.4334,33.8862,15.3372
67.808,-0.002761862255583035,0.43615447258,0.5549374145507813,5,215.115,0.800608,-0.006728,14243.9,0.0,1.6806,3.6043,5.5777,9.3069,15.6454,23.7654,32.8752,46.5486,50.7656,53.7986,56.3604,58.6469,61.5462,64.5639,69.6571,78.4814,90.8121,33.8461,15.3825
67.915,-0.0009050070239094491,0.1429190975750144,0.8793628068189697,5,202.434,0.807857,-0.00622303,13115.9,0.0,1.6203,3.4783,5.3873,9.0036,15.1765,23.1331,32.1255,41.7323,44.9538,47.5450,49.8172,51.8865,54.5496,57.3567,62.1555,70.6086,82.6604,33.9315,15.4365
68.026,-0.005666522306282148,0.046831729893380705,0.9401592397606677,5,187.383,0.814053,-0.00668651,11992.9,0.0,1.5674,3.3617,5.2026,8.6821,14.5983,22.1811,30.6934,36.6268,39.2417,41.4815,43.5027,45.3754,47.8188,50.4257,54.9397,63.0267,74.7940,34.1352,15.4967
68.138,-0.14727120122533127,0.01534582125146299,0.946624412334046,5,172.591,0.818652,-0.00142986,10964.0,0.0,1.5366,3.3283,5.1985,8.8255,15.2858,24.1539,30.1064,33.3292,35.3024,37.1185,38.8242,40.4458,42.6072,44.9573,49.1064,56.7183,68.0776,35.5489,15.4539
68.242,-0.04825782721751655,0.005028518707679393,0.8564685238066666,5,158.543,0.819498,0.00229805,10020.8,0.0,1.5351,3.3489,5.2659,9.0562,16.0532,24.0399,27.2067,29.6056,31.1976,32.7180,34.1823,35.6006,37.5233,39.6480,43.4664,50.6347,61.6069,75.4082,15.4036
68.358,-0.021819886808983474,0.0016477450101323832,0.7165038104871044,4,145.658,0.818796,0.000156101,10283.6,0.0,1.5378,3.3410,5.2331,8.9325,15.6208,20.8310,23.1682,25.0977,26.4291,27.7299,29.0052,30.2583,31.9806,33.9103,37.4370,44.2075,54.8415,68.5561,15.4306
68.465,-0.1752530880329602,0.0005399330849201793,0.12042279542856768,4,135.903,0.817905,0.00103253,10015.2,0.0,1.5467,3.3660,5.2806,9.0411,14.8214,18.1181,19.8711,21.4006,22.4907,23.5787,24.6646,25.7479,27.2598,28.9812,32.1890,38.5160,48.7553,62.3210,15.4095
68.572,-0.20613568480778838,0.00017692527326664437,0.020239459227679373,4,130.783,0.81076,0.0358116,9654.18,0.0,1.6665,3.8951,6.5724,11.7052,16.2600,18.8248,20.2493,21.5216,22.4429,23.3734,24.3121,25.2580,26.5929,28.1305,31.0392,36.9063,46.6461,59.8362,14.9261
68.687,-0.10664345398967585,5.7974873544014024e-05,0.0034016459123960728,3,129.484,0.774611,0.104188,11717.8,0.0,2.1475,5.8564,9.9686,15.3382,19.6074,21.9752,23.2891,24.4634,25.3150,26.1763,27.0464,27.9247,29.1667,30.6009,33.3247,38.8587,48.1375,60.8337,14.0384
68.791,-0.10255579056307526,1.8997206562902513e-05,0.000571714628496408,3,128.017,0.705156,0.149814,11586.5,0.0,2.9075,7.4451,11.6540,16.6738,20.5755,22.7434,23.9506,25.0332,25.8201,26.6175,27.4249,28.2416,29.3994,30.7412,33.3019,38.5489,47.4577,59.8057,13.4916
68.902,-0.19429758465680225,6.225004646531895e-06,9.608807761139128e-05,3,126.492,0.622165,0.142422,11460.8,0.0,3.6679,8.8613,13.1887,18.0465,21.7386,23.7821,24.9197,25.9404,26.6829,27.4360,28.1989,28.9713,30.0674,31.3395,33.7737,38.7852,47.3692,59.3721,12.8927
69.015,-0.2432660712345675,2.0398095225755716e-06,1.6149523204146536e-05,3,124.794,0.540495,0.164721,11294.7,0.0,4.5537,10.9697,15.9295,21.1383,24.9364,27.0001,28.1403,29.1589,29.8974,30.6446,31.3999,32.1630,33.2435,34.4945,36.8806,41.7755,50.1180,61.7289,11.9454
69.123,-0.26950786421284034,6.684047843575633e-07,2.7142503649209086e-06,3,122.955,0.453512,0.187222,11103.5,0.0,5.5276,13.2127,18.7215,24.1925,28.0547,30.1242,31.2610,32.2730,33.0052,33.7447,34.4912,35.2442,36.3089,37.5392,39.8794,44.6585,52.7598,63.9801,11.0130
69.234,-0.288861856159451,0.011286635038504737,4.561840588322572e-07,3,120.908,0.359365,0.222788,10930.1,0.0,6.7220,16.1254,22.3393,28.1617,32.1383,34.2385,35.3846,36.4007,37.1337,37.8724,38.6164,39.3651,40.4209,41.6373,43.9422,48.6177,56.4737,23.0529,9.9735
69.347,-0.30303300879532497,0.03106137527254223,7.667085476793747e-08,3,118.941,0.256429,0.250153,10762.7,0.0,8.0005,18.8968,25.5473,31.5266,35.5217,37.6103,38.7453,39.7492,40.4719,41.1991,41.9302,42.6652,43.6999,44.8900,47.1395,51.6833,59.2748,17.8490,9.0083
69.453,-0.2651774024142708,0.056680634808681636,1.2886070560847255e-08,3,117.111,0.144484,0.273656,10635.3,0.0,9.3785,21.5987,28.5342,34.5678,38.5320,40.5894,41.7039,42.6879,43.3952,44.1060,44.8200,45.5370,46.5455,47.7038,49.8886,54.2886,61.9942,14.6643,8.0538
69.565,-0.17640106581184262,0.0810557334609838,2.1657618791615986e-09,3,115.647,0.0238953,0.289245,10538.8,0.0,10.7704,23.9554,30.9873,36.9637,40.8477,42.8544,43.9394,44.8961,45.5832,46.2733,46.9661,47.6614,48.6386,49.7602,51.8734,56.2125,18.6742,12.3083,7.1164
69.671,-0.1387151975610449,0.12728727633424516,3.6399959903068997e-10,3,114.71,-0.104714,0.286945,10506.9,0.0,11.9718,25.3987,32.2537,38.0212,41.7583,43.6877,44.7307,45.6506,46.3113,46.9748,47.6410,48.3097,49.2495,50.3283,52.4295,57.3266,15.0838,10.5627,6.2173
69.781,-0.0816523998033657,0.27362990877170545,6.117741260908807e-11,3,114.532,-0.239169,0.269202,10603.8,0.0,12.9511,26.0687,32.5729,38.0356,41.5819,43.4168,44.4097,45.2859,45.9157,46.5487,47.1846,47.8330,48.7776,49.9132,52.2200,57.6671,12.7835,9.0872,5.3292
69.893,-0.0885731056834067,0.4620816481156874,1.0282087737209433e-11,3,115.838,-0.372295,0.231223,10835.1,0.0,13.5627,25.7715,31.7391,36.7848,40.0858,41.8020,42.7333,43.5566,44.1550,44.7733,45.4127,46.0741,47.0393,48.2021,50.5726,56.2154,11.3848,7.9160,4.4961
70.004,-0.1553062301897645,0.5815847269545484,1.7281104859927896e-12,3,118.055,-0.4941,0.197138,11122.6,0.0,14.1061,25.5854,31.1185,35.8138,38.9015,40.5174,41.4292,42.2683,42.8928,43.5394,44.2092,44.9034,45.9187,47.1456,49.6592,55.7127,9.7609,6.6922,3.7003
70.111,-0.24244392531075196,0.6533724567659664,2.9044352938080814e-13,3,120.634,-0.60534,0.1903,11436.6,0.0,14.9226,26.3765,31.7745,36.3261,39.5121,41.3693,42.4453,43.4409,44.1852,44.9590,45.7639,46.6017,47.8339,49.3337,52.4440,12.4317,7.2635,5.1593,2.8918
70.221,-0.1188187964008272,0.6959193815549468,4.8814843983032423e-14,3,123.345,-0.71138,0.188993,11853.2,0.0,15.7559,27.2838,32.5990,37.5192,41.4245,43.7470,45.1086,46.3792,47.3358,48.3365,49.3843,50.4824,52.1114,54.1169,58.3584,7.2710,5.0335,3.6932,2.1105
70.331,-0.03893454320462305,0.7211611266197999,8.20431082822826e-15,3,126.589,-0.80795,0.150139,12024.1,0.0,15.9501,26.6588,31.7336,36.9689,41.2011,43.7513,45.2581,46.6721,47.7419,48.8656,50.0475,51.2920,53.1490,55.4536,8.8408,5.2807,3.6104,2.6060,1.4410
70.443,-0.012758071117290881,0.736265931486401,1.3788985209003242e-15,3,129.962,-0.87942,0.0830657,12254.7,0.0,15.6067,24.9835,29.7432,34.8005,38.9163,41.4082,42.8850,44.2737,45.3262,46.4336,47.6002,48.8307,50.6711,52.9619,57.9002,4.5744,2.7605,1.8711,0.9529
70.554,-0.027063965396350594,0.7492371868357138,2.317514744077175e-16,3,133.286,-0.908147,0.00648135,12605.5,0.0,14.9392,22.9976,27.4382,32.1751,36.0434,38.3915,39.7851,41.0970,42.0923,43.1403,44.2453,45.4120,47.1589,49.3370,54.0451,66.9577,2.9873,1.7469,0.7788
70.663,-0.2593783489891902,0.7625197523198267,3.8950470303705087e-17,3,136.415,-0.891567,-0.0371478,13054.1,0.0,14.3794,22.0561,26.7601,31.9203,36.2504,38.9319,40.5429,42.0730,43.2427,44.4827,45.7996,47.2006,49.3188,51.9950,57.9179,75.1987,5.8273,2.4390,0.9640
70.771,-0.2679410141307122,0.7751288103307858,6.5464055439437144e-18,3,139.108,-0.848056,-0.0338128,13515.4,0.0,14.0962,23.0725,29.3009,36.7268,43.5069,47.9873,50.7913,53.5372,55.6930,58.0342,60.5857,63.3770,67.7559,73.5794,87.7682,143.3180,43.4405,3.5153,1.3503
70.883,-0.08779891151035177,0.7964604722410669,1.1002543797706205e-18,3,141.836,-0.784851,-0.0445598,13995.4,0.0,13.7488,24.5821,32.9803,44.1775,55.7465,64.2248,69.9161,75.8059,80.6673,86.2020,92.5601,99.9386,112.5090,131.4250,192.0710,200.0000,13.6272,5.5453,1.9453
70.992,-0.028769947323712065,0.8751925835595777,1.849197536080482e-19,3,145.328,-0.69701,-0.0754407,14349.2,0.0,13.4259,25.7185,36.2296,51.8620,70.3457,85.7130,97.0483,109.7670,121.1170,135.0960,152.7370,175.6900,200.0000,200.0000,200.0000,38.9150,13.6075,7.1748,2.7891
71.103,-0.009427336339033969,0.9263140530464274,3.107946298890466e-20,3,149.667,-0.618089,-0.0562375,14595.5,0.0,13.0188,25.6705,36.9761,54.7066,77.2254,97.3730,113.1500,131.8660,149.5500,172.7260,200.0000,200.0000,200.0000,200.0000,168.7970,34.7782,15.0158,8.4274,3.4394
71.212,-0.0030891495715746507,0.9484700654647533,5.223525344545206e-21,3,154.288,-0.562647,-0.0499075,14911.8,0.0,12.6445,25.1815,36.5604,54.7553,78.5020,100.3800,117.9440,139.2950,159.9970,187.9430,200.0000,200.0000,200.0000,200.0000,131.8360,36.3437,16.5188,9.4395,3.9110
71.323,-0.0010122525316135817,0.9562120226139903,8.779179046577128e-22,4,157.275,-0.518337,-0.0491164,12225.2,0.0,12.2947,24.5158,35.6299,53.4458,76.7810,98.3624,115.7480,136.9510,157.5830,185.5530,200.0000,200.0000,200.0000,200.0000,139.6430,39.5934,18.1034,10.3675,4.3035
71.433,-0.045418240836746636,0.9619127176795274,1.4755166223582183e-22,4,159.563,-0.478544,-0.0453814,12259.1,0.0,12.0132,24.0984,35.1933,53.1942,77.1817,99.7923,118.3130,141.2770,164.0350,195.5500,200.0000,200.0000,200.0000,200.0000,128.0720,40.7834,19.1567,11.0815,4.6400
71.544,-0.04490542551098513,0.9660771569854775,2.4799007871974582e-23,4,162.926,-0.448253,-0.0179904,12578.0,0.0,12.0736,25.3690,38.5389,62.1992,99.0926,141.0980,182.3880,200.0000,200.0000,200.0000,200.0000,200.0000,200.0000,129.1130,63.9094,31.8334,17.3978,10.7307,4.7683
71.654,-0.014714609831439606,0.9714729460041263,4.1679692530427695e-24,4,166.38,-0.433513,-0.00296051,12804.8,0.0,12.1279,26.1936,40.8008,68.9150,118.2940,184.6650,200.0000,200.0000,200.0000,200.0000,200.0000,200.0000,127.2670,83.5902,50.8799,28.5791,16.5789,10.5306,4.8211
71.762,-0.0048216833495661315,0.9764048486966321,7.005105923588985e-25,4,169.853,-0.429457,0.00174635,13037.8,0.0,12.1506,26.4783,41.5936,71.3922,126.1020,200.0000,200.0000,200.0000,200.0000,200.0000,200.0000,178.3100,108.9800,75.4615,47.8787,27.6957,16.3308,10.4617,4.8328
71.874,-0.00157996919998583,0.9780209345709123,1.177348152577601e-25,4,173.282,-0.430325,0.00313061,13314.5,0.0,12.1749,26.6019,41.8942,72.2622,128.7940,200.0000,200.0000,200.0000,200.0000,200.0000,196.1860,166.0670,104.2230,73.1180,46.9002,27.3497,16.2014,10.4042,4.8188
71.981,-0.034035960577295105,0.9813288041370716,1.9787690400371738e-26,4,176.715,-0.433343,0.00567406,13561.7,0.0,12.2319,26.8586,42.4992,73.9883,134.1770,200.0000,200.0000,199.6130,197.1880,194.0530,189.2700,147.0200,96.2137,68.9818,45.0828,26.6664,15.9279,10.2740,4.7812
72.093,-0.01500234926052806,0.9827982268365106,3.325717125590478e-27,4,180.12,-0.44248,0.0189416,13811.7,0.0,12.4784,28.1367,45.7089,83.9888,170.2070,196.7830,193.7500,190.1370,186.4610,176.6130,120.9150,91.9312,68.8394,53.4927,37.7390,23.7838,14.7752,9.7407,4.6436
72.202,-0.004915969805689835,0.9832797272666628,5.589532772979917e-28,4,183.498,-0.459708,0.0240008,14070.6,0.0,12.6943,28.9258,47.5017,89.3568,194.2760,190.0040,186.6390,182.4730,177.5990,135.0820,99.0692,78.2226,60.4288,47.9672,34.6058,22.2565,14.0138,9.3110,4.4783
72.313,-0.0016108649859284453,0.985274653765115,9.394327731547349e-29,4,186.868,-0.481825,0.0256039,14314.9,0.0,12.9084,29.5130,48.6372,92.2117,188.1580,183.7450,180.2700,175.8910,170.2210,121.4420,90.5800,72.2299,56.2759,44.9401,32.6332,21.1156,13.3501,8.8914,4.2885
72.422,-0.0005278482385890329,0.9872550133895028,1.5789046618411632e-29,4,190.219,-0.506298,0.0262882,14558.8,0.0,13.1311,30.0656,49.6229,94.4015,182.0290,177.5470,174.0290,169.5530,163.1990,112.6950,84.6160,67.7426,52.9630,42.3992,30.8713,20.0263,12.6834,8.4560,4.0833
72.533,-0.025396360173727102,0.9879039376312223,2.653665065156443e-30,4,193.537,-0.533195,0.0325271,14808.0,0.0,13.4543,31.2211,52.2706,102.7550,174.9640,169.9290,165.8250,159.6110,117.6900,86.1226,67.9120,56.0620,45.0600,36.8109,27.4156,18.1773,11.6890,7.8643,3.8382
72.641,-0.028428280853389398,0.9904130126736239,4.460014875008435e-31,5,196.299,-0.568577,0.0462281,13457.5,0.0,13.9703,33.4302,57.9211,124.0440,166.2780,159.5250,151.2330,89.9707,69.0412,56.0148,47.1264,40.6756,34.1379,28.8447,22.3572,15.4441,10.2358,7.0166,3.5026
72.752,-0.032164324997701145,0.992855491071018,7.495947000426678e-32,5,196.987,-0.617172,0.0624205,13485.8,0.0,14.6656,36.4841,66.2367,165.1540,156.0540,122.2710,70.1493,51.0986,42.7999,36.8222,32.3120,28.7881,24.9777,21.6992,17.4213,12.5143,8.5541,5.9830,3.0633
72.862,0.03904086945206579,0.9960667232516511,1.259843812361712e-32,5,199.689,-0.681247,0.0729758,13659.0,0.0,15.4321,39.4408,74.1507,157.2940,145.6550,65.1887,44.1776,34.4635,29.7877,26.2308,23.4344,21.1782,18.6648,16.4383,13.4396,9.8628,6.8629,4.8585,2.5272
72.973,0.03783062337125291,0.997118979812601,2.1174194954363296e-33,5,202.325,-0.743285,0.0424129,13848.2,0.0,15.4618,36.6769,62.9151,131.2790,147.0150,140.2320,120.8850,61.7174,45.7331,36.3274,30.1325,25.7443,21.3866,17.9228,13.7537,9.4010,6.1810,4.2157,2.0915
73.082,0.012396338666292155,0.9974637832424931,3.55874694597984e-34,5,204.977,-0.787828,0.0305993,14017.1,0.0,15.6565,36.1801,60.3016,117.3040,142.3280,136.9620,132.3850,96.8435,58.2079,41.6098,32.3797,26.5028,21.1351,17.1651,12.6994,8.3654,5.3547,3.5927,1.7477
73.193,0.004062032254170613,0.9986609871804001,5.981185992108317e-35,5,207.636,-0.821806,0.0276629,14185.0,0.0,15.9045,36.5225,60.4659,115.8300,135.9810,130.8500,126.6260,104.7210,56.4642,38.6546,29.3871,23.7058,18.6583,15.0087,10.9858,7.1623,4.5518,3.0409,1.4719
73.302,0.08254527953507787,0.9995263671875,1.005257929693645e-35,5,210.216,-0.849278,0.0112779,14370.8,0.0,15.8716,35.2373,56.3611,100.2610,131.4300,127.4230,124.5370,121.1780,117.6250,80.1885,45.2095,31.4801,22.0911,16.4774,11.1644,6.7967,4.1307,2.6898,1.2647
73.413,0.02704843719805432,1.0,1.6895370024361094e-36,5,212.741,-0.855475,-0.0158075,14542.8,0.0,15.5011,32.6982,49.8456,80.9409,127.5490,124.6810,122.7590,120.7660,119.1060,117.1670,114.7880,111.5120,62.5522,31.1674,16.0644,8.1679,4.5064,2.7920,1.2462
73.524,0.008863231901058439,1.0,2.8396048399943695e-37,5,215.317,-0.841149,-0.0231116,14702.3,0.0,15.2738,31.8050,47.9340,76.3045,121.3280,118.7040,116.9790,115.2220,113.7860,112.1560,110.2570,107.9340,102.8450,46.4467,20.4158,9.6371,5.1449,3.1390,1.3802
73.633,0.002904303829338829,1.0,4.772523854578537e-38,5,217.875,-0.817169,-0.0252841,14864.2,0.0,15.0437,31.2078,46.8798,74.2090,114.5640,112.0390,110.4020,108.7530,107.4190,105.9240,104.2120,102.1840,98.2793,59.7867,24.6434,11.3399,5.9907,3.6377,1.5921
73.743,0.0009516822787977474,0.994514990234375,8.021180842390145e-39,5,220.393,-0.789538,-0.0258449,15029.1,0.0,14.8070,30.6871,46.0589,72.8057,107.5730,105.1160,103.5430,101.9730,100.7150,99.3164,97.7358,95.8983,92.5524,70.9913,28.7292,13.1294,6.9168,4.1949,1.8338
73.852,0.0003118472491164458,0.9396528829375,1.3481198641805118e-39,6,220.186,-0.760723,-0.0260719,13715.3,0.0,14.5655,30.1747,45.2744,71.5245,100.5100,98.1211,96.6117,95.1194,93.9335,92.6268,91.1664,89.4969,86.5799,80.2107,32.8321,14.9620,7.8735,4.7727,2.0854
73.962,0.00010218610659047696,0.44704686293096,0.544451692199707,6,217.729,-0.731625,-0.0260294,13218.8,0.0,14.3253,29.6794,44.5340,70.3625,93.4105,91.0932,89.6481,88.2323,87.1172,85.8989,84.5518,83.0346,80.4705,76.0543,36.7890,16.7742,8.8289,5.3523,2.3389
74.072,3.348434340756749e-05,0.14648831604521698,0.823037304043991,6,205.621,-0.703547,-0.0260156,12232.4,0.0,14.0932,29.1992,43.8144,90.0000,86.5511,84.3129,82.9345,81.5965,80.5520,79.4201,78.1814,76.8057,74.5464,71.0422,40.6256,18.5265,9.7519,5.9121,2.5836
74.182,1.0972149647791715e-05,0.0480012914016967,0.8717960994477536,6,191.513,-0.677275,-0.0258582,11269.2,0.0,13.8780,28.7610,43.1670,83.5032,80.0998,77.9422,76.6293,75.3661,74.3882,73.3367,72.1968,70.9464,68.9402,66.0237,44.0677,20.1356,10.6071,6.4328,2.8121
74.292,3.5953539965883896e-06,0.015729063166507972,0.8805674519832563,6,177.671,-0.652974,-0.0254243,10362.1,0.0,13.6825,28.3773,42.6188,77.4139,74.0655,71.9879,70.7377,69.5450,68.6290,67.6510,66.5998,65.4593,63.6639,61.1684,46.9230,21.5549,11.3793,6.9077,3.0224
74.401,1.1781255976020835e-06,0.005154099418401332,0.8820416532038982,5,164.245,-0.630695,-0.0251368,10642.8,0.0,13.5018,28.0164,42.0949,71.7490,68.4711,66.4772,65.2903,64.1672,63.3111,62.4034,61.4357,60.3962,58.7873,56.6287,49.4905,22.8710,12.0911,7.3445,3.2155
74.511,3.860481958222507e-07,0.0016888952974217486,0.8822894222030515,5,151.166,-0.610304,-0.0250514,9380.09,0.0,13.3341,27.6724,41.5834,66.5026,63.3078,61.4003,60.2766,59.2218,58.4235,57.5825,56.6927,55.7459,54.3020,52.4199,47.4716,24.1127,12.7529,7.7479,3.3927
74.622,1.265002728070351e-07,0.0005534172110591586,0.8823310647387391,5,138.464,-0.591725,-0.0246108,8455.38,0.0,13.1857,27.3855,41.2053,61.6396,58.5304,56.7058,55.6412,54.6497,53.9041,53.1233,52.3028,51.4368,50.1325,48.4704,44.4837,25.1484,13.3294,8.1060,3.5528
74.733,4.145160939340926e-08,0.00018134375171986508,0.8628207143565481,4,126.411,-0.574903,-0.0244101,8424.75,0.0,13.0489,27.1107,61.1199,57.1799,54.1649,52.4238,51.4174,50.4870,49.7915,49.0674,48.3114,47.5193,46.3393,44.8640,41.5272,26.1311,13.8637,8.4346,3.6984
74.841,1.3582863366032347e-08,5.942272056356538e-05,0.31951502651586017,4,115.487,-0.559691,-0.0242613,8376.36,0.0,12.9247,26.8596,57.0077,53.0932,50.1759,48.5167,47.5661,46.6933,46.0446,45.3727,44.6753,43.9495,42.8787,41.5608,38.7006,27.0252,14.3484,8.7324,3.8302
74.952,4.450832667781479e-09,1.9471637074269105e-05,0.053700890506520625,4,108.804,-0.545779,-0.023948,8048.48,0.0,12.8132,26.6425,53.1484,49.2742,46.4567,44.8773,43.9801,43.1619,42.5569,41.9333,41.2895,40.6236,39.6496,38.4666,35.9783,27.7903,14.7770,8.9994,3.9499
75.063,1.458448848578635e-09,6.3804660364964996e-06,0.739791416717968,3,101.061,-0.532863,-0.0238603,8486.24,0.0,12.7072,26.4261,49.4886,45.6721,42.9605,41.4618,40.6177,39.8527,39.2900,38.7127,38.1197,37.5099,36.6249,35.5625,33.3844,27.6274,15.1901,9.2528,4.0618
75.172,4.77904518702247e-10,2.0907511108391728e-06,0.31070684075886307,3,91.3003,-0.521179,-0.0234798,8083.37,0.0,12.6149,27.3588,46.1059,42.3560,39.7485,38.3264,37.5322,36.8164,36.2924,35.7570,35.2098,34.6499,33.8428,32.8836,30.9570,26.3200,15.5386,9.4729,4.1618
75.283,1.5659975268835232e-10,6.8509732399978e-07,0.052220498726342116,3,86.081,-0.510643,-0.0228909,7808.93,0.0,12.5346,47.1764,42.9605,39.2854,36.7813,35.4330,34.6860,34.0162,33.5281,33.0315,32.5260,32.0111,31.2734,30.4044,28.6880,24.7895,15.8309,9.6634,4.2507
75.392,0.03599891753910757,0.0018825487114411282,0.00877669922093632,2,85.0769,-0.500546,-0.0233935,9711.96,0.0,12.4449,44.1468,39.9156,36.3352,33.9449,32.6746,31.9764,31.3537,30.9018,30.4440,29.9799,29.5094,28.8392,28.0560,26.5325,23.2202,16.2007,9.8784,4.3407
75.501,0.23944636073378997,0.03141621535864003,0.0014750998380627673,2,84.1211,-0.482614,-0.0623005,9628.15,0.0,11.8647,42.2905,38.3144,35.0244,32.8688,31.7384,31.1208,30.5718,30.1748,29.7740,29.3695,28.9613,28.3836,27.7141,26.4316,23.7506,18.8773,11.6674,4.6913
75.612,0.17613914748008713,0.028786418573719164,0.00024792002978320937,2,83.2867,-0.441181,-0.133369,9529.13,0.0,10.8788,41.3104,37.7312,34.8103,32.9203,31.9381,31.4044,30.9318,30.5911,30.2478,29.9019,29.5534,29.0612,28.4926,27.4094,25.1886,21.3489,15.7999,5.5256
75.722,0.1204214443724976,0.009432733638236298,4.166791940566401e-05,2,82.4211,-0.376785,-0.181497,9417.32,0.0,10.0358,39.6369,36.2855,33.6006,31.8859,31.0022,30.5241,30.1020,29.7986,29.4934,29.1866,28.8782,28.4439,27.9440,26.9971,25.0704,21.8125,17.3051,6.5849
75.831,0.23947860733656007,0.00309091815857727,7.00312721450995e-06,2,81.4437,-0.292464,-0.23234,9299.27,0.0,9.1134,38.0044,34.8590,32.3839,30.8218,30.0223,29.5914,29.2120,28.9397,28.6664,28.3921,28.1169,27.7301,27.2861,26.4487,24.7598,21.9343,18.1062,8.0816
75.943,0.3030711929938623,0.0010128320622026,1.1770155909426875e-06,2,80.3629,-0.183655,-0.309205,9163.29,0.0,7.9909,36.9455,34.0550,31.8058,30.3967,29.6784,29.2921,28.9524,28.7089,28.4647,28.2198,27.9743,27.6297,27.2348,26.4914,24.9985,22.5175,19.1525,9.9366
76.051,0.3424057419516204,0.00033188481014254795,1.9782101036973747e-07,2,79.1799,-0.0460324,-0.402878,9026.64,0.0,6.7667,11.5876,33.5314,31.4939,30.2238,29.5782,29.2313,28.9265,28.7081,28.4891,28.2697,28.0499,27.7414,27.3880,26.7235,25.3913,23.1822,20.1849,11.5850
76.162,0.3786689625216249,0.00010875201458751013,3.324777721284179e-08,2,77.9191,0.122512,-0.503,8878.66,0.0,5.5548,8.7637,33.0075,31.1569,30.0067,29.4230,29.1097,28.8347,28.6377,28.4404,28.2427,28.0447,27.7670,27.4491,26.8516,25.6547,23.6715,20.9776,12.9888
76.272,0.35712029431146886,3.563586014003532e-05,5.5879539161623195e-09,2,76.6024,0.304794,-0.50434,8721.64,0.0,4.3968,6.5898,9.3952,30.7672,29.7215,29.1915,28.9072,28.6577,28.4791,28.3002,28.1210,27.9415,27.6900,27.4020,26.8613,25.7795,23.9893,21.5542,14.1695
76.381,0.25449676916017644,1.1677158650686774e-05,9.39167414689401e-10,2,75.387,0.477746,-0.489073,8589.7,0.0,3.3112,4.8297,6.2065,30.1845,29.2252,28.7402,28.4804,28.2526,28.0896,27.9264,27.7630,27.5995,27.3703,27.1080,26.6159,25.6325,24.0083,21.8035,15.0428
76.491,0.23514566414400426,3.826371346657042e-06,1.5784586738684764e-10,2,74.3294,0.638853,-0.444352,8484.0,0.0,2.3237,3.4194,4.3039,5.7946,28.2414,27.7927,27.5529,27.3428,27.1926,27.0424,26.8921,26.7418,26.5315,26.2911,25.8411,24.9448,23.4717,21.4848,15.4276
76.602,0.3162943446409983,1.25382536287258e-06,2.652915493170748e-11,2,73.3315,0.783202,-0.37948,8379.27,0.0,1.4290,2.1476,2.6849,3.4326,4.4604,26.6958,26.4734,26.2789,26.1400,26.0012,25.8625,25.7239,25.5301,25.3091,24.8959,24.0764,22.7393,20.9500,15.5619
76.713,0.33374648094043885,4.1085349490608694e-07,4.458755069372077e-12,2,72.3316,0.907343,-0.321802,8254.72,0.0,0.6249,0.9508,1.1770,1.4525,1.7195,1.9114,2.0413,2.1789,2.2968,2.4386,2.6172,2.8636,24.7221,24.5174,24.1355,23.3803,22.1543,20.5262,15.6735
76.823,0.3255678010777935,1.3462847321082655e-07,7.49382964509365e-13,2,71.4231,1.00664,-0.240053,8160.67,0.0,-1.0000,-1.0000,-1.0000,-1.0000,-1.0000,-1.0000,-1.0000,-1.0000,-1.0000,-1.0000,-1.0000,-1.0000,-1.0000,-1.0000,-1.0000,-1.0000,-1.0000,-1.0000,-1.0000
76.933,0.30245416894141164,4.411505810172365e-08,1.25948794845089e-13,2,70.6904,1.06831,-0.119356,8042.6,0.0,-1.0000,-1.0000,-1.0000,-1.0000,-1.0000,-1.0000,-1.0000,-1.0000,-1.0000,-1.0000,-1.0000,-1.0000,-1.0000,-1.0000,-1.0000,-1.0000,-1.0000,-1.0000,-1.0000
77.043,0.27511009624731164,1.4455622238772807e-08,2.116821394961411e-14,2,69.8734,1.09047,-0.0437172,7917.62,0.0,-1.0000,-1.0000,-1.0000,-1.0000,-1.0000,-1.0000,-1.0000,-1.0000,-1.0000,-1.0000,-1.0000,-1.0000,-1.0000,-1.0000,-1.0000,-1.0000,-1.0000,-1.0000,-1.0000
77.151,0.25080485100871824,4.736818295201073e-09,3.5577417185116425e-15,2,68.9578,1.08044,0.0649678,7896.05,0.0,-1.0000,-1.0000,-1.0000,-1.0000,-1.0000,-1.0000,-1.0000,-1.0000,-1.0000,-1.0000,-1.0000,-1.0000,-1.0000,-1.0000,-1.0000,-1.0000,-1.0000,-1.0000,-1.0000
77.262,0.22936489982980807,1.5521606189714874e-09,5.979496506302518e-16,2,68.3368,1.03907,0.175797,7826.26,0.0,-1.0000,-1.0000,-1.0000,-1.0000,-1.0000,-1.0000,-1.0000,-1.0000,-1.0000,-1.0000,-1.0000,-1.0000,-1.0000,-1.0000,-1.0000,-1.0000,-1.0000,-1.0000,-1.0000
77.372,0.20665928471885944,5.08611991624577e-10,1.0049739778142643e-16,2,67.7497,0.96192,0.284233,7765.53,0.0,0.4910,41.0807,29.9628,25.2976,23.2123,22.3151,21.8704,21.4989,21.2432,20.9950,20.7541,20.5202,20.2040,19.8580,19.2500,18.1747,16.7212,15.2141,12.5650
77.481,0.17938192537817876,1.6666197741554136e-10,1.6890597645124342e-17,2,67.2246,0.851711,0.379931,7697.01,0.0,3.0504,44.5782,30.6830,25.2788,22.9368,21.9426,21.4526,21.0447,20.7647,20.4935,20.2308,19.9763,19.6330,19.2584,18.6025,17.4503,15.9064,14.3179,11.6225
77.593,0.15365264783279856,0.003764648492111797,2.838802746216048e-18,2,66.7148,0.712928,0.472532,7650.2,0.0,7.1733,47.8625,30.9892,24.9313,22.3854,21.3184,20.7956,20.3619,20.0648,19.7778,19.5003,19.2319,18.8708,18.4776,17.7919,16.5949,15.0050,13.3831,10.6149
77.702,0.18448473788454087,0.1421218031428952,4.771175775565313e-19,2,66.7393,0.551326,0.508431,7737.23,0.0,9.8451,52.9167,31.5999,24.7076,21.9172,20.7655,20.2049,19.7417,19.4253,19.1204,18.8264,18.5426,18.1616,17.7482,17.0303,15.7860,14.1505,12.4994,9.6768
77.811,0.20482634694377,0.24093023612573888,8.018915125992621e-20,2,67.3884,0.394674,0.467834,7879.33,0.0,11.6314,61.6203,32.7480,24.6978,21.5897,20.3309,19.7231,19.2233,18.8832,18.5563,18.2419,17.9394,17.5345,17.0966,16.3401,15.0405,13.3532,11.6714,8.8085
77.923,0.2183812412373822,0.3471250100080571,1.3477390652255802e-20,2,68.6799,0.249318,0.422791,8114.88,0.0,12.6979,82.3253,35.4020,25.3145,21.6837,20.2517,19.5679,19.0093,18.6311,18.2690,17.9221,17.5894,17.1460,16.6688,15.8502,14.4601,12.6846,10.9453,8.0172
78.033,0.22925241449768885,0.4225329291388151,2.2651450469246325e-21,2,70.5693,0.115156,0.375192,8416.42,0.0,13.3127,153.5830,40.5524,26.7287,22.2546,20.5548,19.7555,19.1084,18.6732,18.2587,17.8636,17.4865,16.9867,16.4523,15.5436,14.0238,12.1236,10.3031,7.2962
78.142,0.23912491183913587,0.4646729183452069,3.8070292803662304e-22,2,72.8718,-0.00674113,0.320958,8791.37,0.0,13.4855,200.0000,53.5512,30.1783,23.9809,21.7674,20.7516,19.9405,19.4007,18.8907,18.4082,17.9511,17.3501,16.7137,15.6459,13.8992,11.7807,9.8143,6.6656
78.251,0.24932688237374884,0.4903595687583574,6.398474111511522e-23,2,75.4787,-0.113884,0.262537,9136.77,0.0,13.3837,96.8301,100.1790,38.0027,27.7587,24.4829,23.0392,21.9121,21.1741,20.4858,19.8422,19.2393,18.4565,17.6395,16.2956,14.1669,11.6941,9.4974,6.1366
78.366,0.2598778000330015,0.5123729746626136,1.0753915439217416e-23,2,78.2768,-0.203431,0.199533,9567.31,0.0,13.0590,54.8278,200.0000,61.8428,36.9476,30.7814,28.2726,26.3946,25.2011,24.1127,23.1160,22.2001,21.0359,19.8499,17.9609,15.1158,12.0186,9.4358,5.7360
78.473,0.2701354752469389,0.5314208763374453,1.807410567869271e-24,2,81.1821,-0.272439,0.130379,9983.78,0.0,12.5328,38.1965,96.6684,200.0000,72.1202,50.3865,43.4198,38.7391,35.9725,33.5771,31.4830,29.6369,27.3918,25.2135,21.9522,17.4701,13.0968,9.7937,5.5046
78.581,0.14441897773016496,0.5506565533051291,3.037714941417884e-25,2,84.2473,-0.318313,0.0651552,10359.5,0.0,11.9925,30.0395,55.0121,138.8010,200.0000,190.0610,115.2890,85.7765,72.5216,62.8196,55.4108,49.5686,43.1979,37.6714,30.3966,21.9622,15.0840,10.5841,5.4416
78.694,0.0572509827442642,0.5824930514963996,5.105487502041038e-26,2,87.6388,-0.3441,0.0283191,10701.5,0.0,11.7423,27.0021,44.7705,86.0531,194.4110,200.0000,200.0000,200.0000,200.0000,138.9850,106.2550,86.0080,67.9018,54.7420,40.1674,26.2492,16.7091,11.1734,5.4144
78.808,0.018760002025640495,0.6103585692080902,8.580792844680372e-27,2,91.269,-0.357072,0.01429,11118.1,0.0,11.6833,26.0955,41.9900,75.6210,146.7240,200.0000,200.0000,200.0000,200.0000,200.0000,167.6140,121.5450,87.7787,66.6355,45.9212,28.3562,17.3868,11.3777,5.3791
78.915,0.006147277463761877,0.632915784239357,1.4421738534054303e-27,2,95.0411,-0.364253,0.00958889,11604.8,0.0,11.6887,25.8637,41.2321,72.8594,135.9990,200.0000,200.0000,200.0000,200.0000,200.0000,200.0000,141.0740,97.1865,71.7052,48.0905,29.0338,17.5555,11.3995,5.3435
79.026,0.0020143398793254917,0.6486603344139276,2.4238615954185067e-28,2,98.9056,-0.369255,0.00775975,12106.3,0.0,11.7097,25.8170,41.0129,71.9625,132.4790,200.0000,200.0000,200.0000,200.0000,200.0000,200.0000,150.1160,101.1320,73.6706,48.8351,29.2085,17.5617,11.3683,5.3110
79.132,0.0006600588916573771,0.6800576023651308,4.073784183419884e-29,2,102.913,-0.373407,0.00709694,12602.4,0.0,11.7373,25.8443,41.0045,71.7671,131.4790,200.0000,200.0000,200.0000,200.0000,200.0000,200.0000,153.1530,102.2750,74.1403,48.9306,29.1641,17.4986,11.3148,5.2795
79.248,0.0002162880976182893,0.755447171627381,6.8468090770738e-30,2,107.206,-0.37729,0.0068795,13467.3,0.0,11.7679,25.9006,41.0769,71.8348,131.3950,200.0000,200.0000,200.0000,200.0000,200.0000,200.0000,153.5640,102.2450,73.9980,48.7651,29.0320,17.4074,11.2516,5.2479
79.351,7.087328382756103e-05,0.8089217749019852,1.1507432015837938e-30,2,112.116,-0.381194,0.00681275,14276.1,0.0,11.8005,25.9689,41.1799,71.9969,131.6280,200.0000,200.0000,200.0000,200.0000,200.0000,200.0000,153.0210,101.7900,73.6312,48.5014,28.8648,17.3035,11.1832,5.2153
79.465,2.32237576446152e-05,0.8442887664967575,1.9340540989018817e-31,3,117.043,-0.385203,0.00677269,11883.9,0.0,11.8343,26.0412,41.2914,72.1810,131.9280,200.0000,200.0000,200.0000,200.0000,200.0000,200.0000,152.2780,101.2420,73.2121,48.2124,28.6866,17.1946,11.1120,5.1818
79.571,7.60996090498751e-06,0.8748606855837825,3.2505647240243934e-32,3,119.027,-0.389271,0.00676554,11607.9,0.0,11.8689,26.1171,41.4111,72.3882,132.2990,200.0000,200.0000,200.0000,200.0000,200.0000,200.0000,151.3180,100.5930,72.7387,47.8981,28.4985,17.0814,11.0387,5.1475
79.687,2.493631989346307e-06,0.8986721639052189,5.4632241316677986e-33,3,123.484,-0.393454,0.00676268,11977.9,0.0,11.9046,26.1955,41.5352,72.6043,132.6910,200.0000,200.0000,200.0000,200.0000,200.0000,200.0000,150.2990,99.9107,72.2446,47.5715,28.3039,16.9646,10.9632,5.1123
79.796,8.171133302689977e-07,0.9185742891997121,9.18204079809407e-34,3,127.948,-0.397785,0.0067622,12475.3,0.0,11.9416,26.2769,41.6643,72.8300,133.1030,200.0000,200.0000,200.0000,200.0000,200.0000,200.0000,149.2290,99.1985,71.7288,47.2322,28.1018,16.8435,10.8849,5.0758
79.901,2.6775169606254513e-07,0.9309641516005867,1.5432255969356705e-34,3,132.581,-0.402268,0.00676077,12823.9,0.0,11.9799,26.3610,41.7977,73.0627,133.5280,200.0000,200.0000,200.0000,200.0000,200.0000,200.0000,148.1240,98.4637,71.1968,46.8814,27.8929,16.7182,10.8039,5.0380
80.014,8.773687576577478e-08,0.9401168781183552,2.5936992607697816e-35,3,137.143,-0.406911,0.00675934,13343.0,0.0,12.0196,26.4482,41.9357,73.3034,133.9660,200.0000,200.0000,200.0000,200.0000,200.0000,200.0000,146.9850,97.7028,70.6465,46.5181,27.6767,16.5885,10.7200,4.9989
80.122,2.874961945092908e-08,0.9467617290905727,4.3592303475757726e-36,3,141.873,-0.411712,0.00675743,13664.4,0.0,12.0606,26.5383,42.0785,73.5527,134.4200,200.0000,200.0000,200.0000,200.0000,200.0000,200.0000,145.8040,96.9171,70.0766,46.1427,27.4529,16.4543,10.6333,4.9584
80.236,9.420675301680442e-09,0.9520065494040238,7.326558445170603e-37,3,146.471,-0.416673,0.00675314,14196.4,0.0,12.1029,26.6312,42.2254,73.8081,134.8820,200.0000,200.0000,200.0000,200.0000,200.0000,200.0000,144.6030,96.1123,69.4922,45.7565,27.2224,16.3159,10.5438,4.9166
80.348,3.086966882854647e-09,0.9559011389212105,1.231374677879823e-37,3,151.171,-0.421793,0.00675171,14580.3,0.0,12.1466,26.7274,42.3778,74.0742,135.3660,200.0000,200.0000,200.0000,200.0000,200.0000,200.0000,143.3420,95.2712,68.8835,45.3553,26.9837,16.1728,10.4513,4.8735
80.451,1.0115373081738106e-09,0.9603411285610772,2.0695714211126187e-38,3,155.927,-0.427072,0.0067479,14878.2,0.0,12.1917,26.8263,42.5342,74.3465,135.8610,200.0000,200.0000,200.0000,200.0000,200.0000,200.0000,142.0550,94.4112,68.2605,44.9436,26.7382,16.0254,10.3560,4.8290
80.563,3.314605451423942e-10,0.9628802431162689,3.4783286874639785e-39,4,157.681,-0.432483,0.00674885,11692.5,0.0,12.2379,26.9281,42.6958,74.6293,136.3780,200.0000,200.0000,200.0000,200.0000,200.0000,200.0000,140.7090,93.5170,67.6138,44.5185,26.4854,15.8740,10.2581,4.7834
80.673,1.0861299143225974e-10,0.964097760173714,5.84602702502071e-40,4,160.834,-0.437956,0.0067622,12350.5,0.0,12.2848,27.0320,42.8617,74.9231,136.9280,200.0000,200.0000,200.0000,200.0000,200.0000,200.0000,139.2750,92.5815,66.9440,44.0816,26.2273,15.7199,10.1588,4.7372
80.785,3.5590305032522866e-11,0.9650990599130976,9.82541762095231e-41,4,164.278,-0.44355,0.00675934,12573.1,0.0,12.3326,27.1370,43.0278,75.2124,137.4550,200.0000,200.0000,200.0000,200.0000,200.0000,200.0000,137.9050,91.6683,66.2822,43.6446,25.9669,15.5637,10.0578,4.6900
80.895,1.1662231153057092e-11,0.9675067576085739,1.6513579395534543e-41,4,167.615,-0.449263,0.00675696,12893.5,0.0,12.3813,27.2442,43.1976,75.5088,137.9930,200.0000,200.0000,200.0000,200.0000,200.0000,200.0000,136.5030,90.7318,65.6042,43.1977,25.7007,15.4041,9.9546,4.6419
81.003,3.821479904233748e-12,0.9687775869894274,2.7754372890074906e-42,4,171.005,-0.455091,0.00675696,13125.0,0.0,12.4311,27.3537,43.3713,75.8121,138.5480,200.0000,200.0000,200.0000,200.0000,200.0000,200.0000,135.0580,89.7729,64.9105,42.7408,25.4288,15.2411,9.8493,4.5928
81.117,1.2522225350193144e-12,0.9691940123609455,4.66467745163489e-43,4,174.369,-0.461032,0.006756,13351.2,0.0,12.4819,27.4654,43.5482,76.1211,139.1120,200.0000,200.0000,200.0000,200.0000,200.0000,200.0000,133.5910,88.7964,64.2040,42.2750,25.1517,15.0750,9.7419,4.5427
81.226,4.103282802751289e-13,0.9693304666266845,7.83992339296276e-44,4,177.66,-0.46709,0.00675457,13628.5,0.0,12.5336,27.5791,43.7285,76.4360,139.6850,200.0000,200.0000,200.0000,200.0000,200.0000,200.0000,132.0970,87.8008,63.4836,41.8006,24.8692,14.9056,9.6324,4.4916
81.336,1.3445637088055423e-13,0.969375179960482,1.3176559246552512e-44,4,180.951,-0.473261,0.00675457,13863.4,0.0,12.5863,27.6951,43.9123,76.7572,140.2730,200.0000,200.0000,200.0000,200.0000,200.0000,200.0000,130.5670,86.7841,62.7491,41.3166,24.5813,14.7330,9.5209,4.4396
81.445,4.405866361014001e-14,0.9701427613132007,2.2145843125680807e-45,4,184.221,-0.479543,0.0067541,14084.7,0.0,12.6400,27.8132,44.0995,77.0842,140.8700,200.0000,200.0000,200.0000,200.0000,200.0000,199.2720,129.0130,85.7514,62.0013,40.8242,24.2883,14.5574,9.4074,4.3867
81.551,1.4437142891770678e-14,0.9728051632302346,3.722051854133173e-46,4,187.446,-0.485935,0.00675267,14339.3,0.0,12.6946,27.9332,44.2898,77.4166,141.4760,200.0000,200.0000,200.0000,200.0000,200.0000,194.8030,127.4330,84.7003,61.2410,40.3236,23.9902,14.3786,9.2919,4.3328
81.666,0.0031644527132859805,0.9758535458872832,6.255652551241626e-47,4,190.655,-0.492426,0.00663679,14588.8,0.0,12.7485,28.0456,44.4581,77.6768,141.8330,200.0000,200.0000,200.0000,200.0000,200.0000,190.4930,126.4320,83.8987,60.6075,39.8749,23.7085,14.2046,9.1776,4.2786
81.775,0.0039709272168495496,0.977454783666345,1.0513875242871802e-47,4,193.861,-0.498066,0.00386971,14815.4,0.0,12.7610,27.9223,44.0337,76.1549,136.4030,200.0000,200.0000,200.0000,200.0000,200.0000,192.1740,141.2490,89.8084,63.4225,40.9098,23.9570,14.2262,9.1476,4.2427
81.886,0.0013011934304172604,0.979306139371163,1.7670670120694642e-48,4,197.042,-0.501901,0.00250548,15039.5,0.0,12.7761,27.8820,43.8596,75.4838,133.9850,200.0000,200.0000,200.0000,200.0000,200.0000,189.0710,149.7490,92.8982,64.7968,41.3614,24.0326,14.2069,9.1134,4.2160
81.993,0.00042637506327912786,0.9821354400460176,2.969909527185149e-49,5,197.278,-0.504577,0.00206107,13488.5,0.0,12.7932,27.8954,43.8450,75.3399,133.3440,200.0000,200.0000,200.0000,200.0000,194.9820,184.1710,152.3370,93.6927,65.0751,41.3931,23.9886,14.1598,9.0760,4.1952
82.104,0.0001397145807353046,0.983062545291154,4.991526942340082e-50,5,199.864,-0.506805,0.00208062,13661.0,0.0,12.8124,27.9383,43.9140,75.4636,133.5810,200.0000,200.0000,200.0000,197.2540,188.8890,178.4950,151.4960,93.2139,64.7547,41.1957,23.8769,14.0949,9.0347,4.1762
82.212,0.009366198579095344,0.9833663391378803,8.389259331990976e-51,5,202.421,-0.50697,-0.00415308,13831.3,0.0,12.7343,27.4417,42.6556,71.7658,122.3540,200.0000,200.0000,200.0000,196.8760,188.6170,180.2490,169.2550,115.9420,74.9482,45.0853,25.1234,14.5117,9.1972,4.2010
82.324,0.003069115950397962,0.9834658863055755,1.4099828159277235e-51,5,204.956,-0.502593,-0.00718815,13990.9,0.0,12.6593,27.1262,41.9450,69.8878,117.1990,200.0000,200.0000,200.0000,193.3280,185.0930,177.3080,168.0310,132.7560,81.9064,47.6868,26.0124,14.8572,9.3626,4.2513
82.433,0.0010056879146264042,0.983498505921486,2.3697581187297258e-52,5,207.457,-0.495429,-0.00795967,14154.7,0.0,12.5893,26.9379,41.5992,69.1443,115.4850,200.0000,200.0000,196.2550,187.4730,179.4560,171.9750,163.3750,139.4530,84.8831,48.9762,26.5645,15.1281,9.5192,4.3159
82.542,0.0003295438158647802,0.9835091947172275,3.9828524701490505e-53,5,209.929,-0.487101,-0.00824911,14321.5,0.0,12.5157,26.7659,41.3135,68.6077,114.4180,200.0000,200.0000,189.5710,181.0750,173.3200,166.1240,158.0400,140.2170,86.9886,50.0184,27.0712,15.3996,9.6847,4.3884
82.655,0.00010798491758257119,0.9835126972218161,6.69398014657951e-54,5,212.366,-0.478338,-0.00820667,14491.0,0.0,12.4424,26.6114,41.0779,68.2253,113.8050,200.0000,195.3210,182.4690,174.2930,166.8300,159.9190,152.2690,136.7810,88.3699,50.8379,27.5236,15.6595,9.8489,4.4632
82.763,0.014485400086519705,0.9835138449225197,1.1250572432356184e-54,5,214.78,-0.468281,-0.0124901,14650.4,0.0,12.3060,26.1142,40.0236,65.6182,107.1600,200.0000,192.4790,179.5050,171.2740,163.7770,156.9200,150.1860,138.4490,102.4580,55.6854,29.1451,16.3039,10.1689,4.5692
82.873,0.020112807556357026,0.9849839397510862,1.8908837087061035e-55,5,217.163,-0.452351,-0.0215266,14807.8,0.0,12.0667,25.1966,38.0664,60.8502,95.5359,200.0000,195.2570,181.3840,172.6390,164.7090,157.4880,150.8840,141.7570,127.8800,68.0768,32.7031,17.5896,10.7685,4.7503
82.983,0.02402419445207332,0.9881009143307609,3.1780082492223484e-56,5,219.518,-0.426284,-0.0329149,14964.5,0.0,11.7230,24.0043,35.6588,55.4016,83.4510,112.2670,200.0000,186.4580,176.8450,168.1870,160.3490,153.2200,144.2590,134.2980,93.3125,38.6168,19.6020,11.6975,5.0366
83.094,0.02778642495486163,0.9930390247954037,5.341278464468001e-57,6,219.68,-0.387158,-0.0466102,13414.3,0.0,11.2581,22.5390,32.8631,49.5463,71.6504,92.3528,200.0000,195.8190,184.8110,174.9870,166.1670,158.2040,148.2760,138.3780,119.3850,48.7086,22.6824,13.0782,5.4605
83.201,0.03211657437081531,1.0,8.97708671523137e-58,6,221.363,-0.332168,-0.0627692,13799.5,0.0,10.6564,20.8023,29.7293,43.4664,60.4643,75.2626,86.5908,100.6920,198.4730,186.7420,176.3320,167.0340,155.5700,144.2790,127.0060,67.4929,27.4179,15.0856,6.0587
83.312,0.036761802147435005,1.0,1.5087789642289366e-58,6,223.278,-0.258807,-0.0794724,13923.0,0.0,9.9247,18.9008,26.5096,37.7111,50.7816,61.5079,69.3388,78.0463,85.7452,200.0000,190.3260,179.1340,165.5280,152.3330,132.5870,98.0643,34.3140,17.8259,6.8551
83.424,0.0327031630511965,1.0,2.535804805179574e-59,6,225.16,-0.164979,-0.0989688,14039.0,0.0,9.0365,16.7463,23.0277,31.8672,41.6109,49.1833,54.4873,60.1749,65.0297,70.7425,77.5620,86.6167,182.1500,165.7600,141.8970,109.9650,45.4448,21.7311,7.9052
83.532,-0.03027622287445892,1.0,4.2619271360653106e-60,6,227.065,-0.0549541,-0.0934537,14150.0,0.0,8.2203,15.3492,21.2206,29.5838,38.9419,46.3181,51.5393,57.1896,62.0546,67.8298,74.7966,185.3460,169.8960,155.1450,133.4860,104.2940,48.9974,24.0354,8.8871
83.643,-0.009920912711502698,1.0,7.163020937584968e-61,6,228.939,0.0497103,-0.0822123,14263.5,0.0,7.4749,14.1794,19.8297,28.0921,37.6500,45.4272,51.0681,57.3036,62.7851,69.4768,175.8260,165.2880,152.5110,140.1550,121.7290,96.1791,49.6379,25.5173,9.7398
83.753,-0.003250884677305204,1.0,1.2038889289799057e-61,6,230.8,0.146748,-0.0795677,14375.8,0.0,6.7267,12.8087,17.9632,25.5497,34.3994,41.6595,46.9590,52.8499,58.0577,64.9413,166.0790,156.3060,144.4280,132.9080,115.6710,91.9187,53.1282,27.5899,10.6071
83.863,-0.02949705949418437,1.0,2.023376122936528e-62,6,232.636,0.240828,-0.0772331,14488.2,0.0,5.9970,11.4577,16.1090,22.9950,31.0887,37.7783,42.6899,48.1782,53.0556,60.9798,156.8290,147.7470,136.6830,125.9290,109.7910,87.5414,56.4036,29.5852,11.4460
83.972,-0.0905934271417043,1.0,3.4006882498194224e-63,6,234.154,0.316751,-0.0257199,14620.7,0.0,5.6540,11.7203,17.5945,27.8207,42.9772,150.3620,136.8270,126.8560,120.5900,114.9220,109.7710,105.0700,99.1381,93.1452,83.7033,68.0446,43.2459,26.2349,11.4718
84.081,-0.029685654205793666,1.0,5.715536741471504e-64,6,235.811,0.348354,0.00158041,14694.1,0.0,5.5382,12.0648,18.9464,32.5009,139.8910,118.1710,109.1610,102.3490,97.9908,93.9951,90.3191,86.9261,82.5930,78.1548,70.9756,57.7680,38.6242,24.7357,11.4231
84.192,-0.00972739517015447,1.0,9.606102601391156e-65,6,237.574,0.350718,0.00844973,14791.8,0.0,5.5565,12.2673,19.5137,34.4031,123.3460,104.9630,97.2586,91.4030,87.6419,84.1842,80.9949,78.0441,74.2659,70.3845,64.0916,52.8114,37.2828,24.2974,11.3656
84.302,0.0003050074943937832,1.0,1.6144976642158116e-65,6,239.325,0.341895,0.0105588,14898.1,0.0,5.6441,12.5128,19.9858,170.2820,111.1560,94.7911,87.9122,82.6759,79.3088,76.2109,73.3509,70.7033,67.3107,63.8221,58.1950,48.5172,35.6172,23.9957,11.2680
84.413,0.015596864237362956,1.0,2.7134862242475156e-66,6,241.046,0.333793,-0.00076801,15005.6,0.0,5.6486,12.2504,19.1658,174.2990,108.7890,91.6540,84.5723,79.2287,75.8138,72.6865,69.8123,67.1616,63.7794,60.3191,54.7757,46.0543,34.7490,24.3875,11.3263
84.522,0.016542974700505343,1.0,4.560556297092799e-67,6,242.746,0.335496,-0.00854093,15110.0,0.0,5.5910,11.9550,19.5712,172.0520,103.5180,86.3944,79.4102,74.1753,70.8458,67.8072,65.0233,62.4635,59.2081,55.8895,50.5986,42.5972,32.8240,23.8194,11.4301
84.633,0.02005888728394784,1.0,7.664926968523868e-68,6,244.41,0.347808,-0.0180243,15226.8,0.0,5.4387,12.0889,22.8649,174.2480,99.3852,81.8753,74.8613,69.6512,66.3588,63.3679,60.6397,58.1409,54.9761,51.7656,46.6789,39.0817,30.5598,22.7392,11.5290
84.960,0.02197115212578754,1.0,2.6290699502036876e-68,6,245.1,0.355982,-0.0221503,15257.4,0.0,5.4074,12.4526,26.8955,176.4530,97.9620,80.2009,73.1476,67.9310,64.6440,61.6648,58.9524,56.4726,53.3386,50.1660,45.1540,37.7010,29.5568,22.1779,11.4702
85.060,0.02449329556640624,0.587643898142616,5.222059666870575e-160,6,245.1,0.355982,-0.0221503,15257.4,0.0,5.4074,12.4526,26.8955,176.4530,97.9620,80.2009,73.1476,67.9310,64.6440,61.6648,58.9524,56.4726,53.3386,50.1660,45.1540,37.7010,29.5568,22.1779,11.4702
85.160,0.02449329556640624,3.789222334547987e-66,5e-324,6,245.1,0.355982,-0.0221503,15257.4,0.0,5.4074,12.4526,26.8955,176.4530,97.9620,80.2009,73.1476,67.9310,64.6440,61.6648,58.9524,56.4726,53.3386,50.1660,45.1540,37.7010,29.5568,22.1779,11.4702
85.260,0.02449329556640624,1.226038334705613e-185,5e-324,6,245.1,0.355982,-0.0221503,15257.4,0.0,5.4074,12.4526,26.8955,176.4530,97.9620,80.2009,73.1476,67.9310,64.6440,61.6648,58.9524,56.4726,53.3386,50.1660,45.1540,37.7010,29.5568,22.1779,11.4702
85.360,0.02449329556640624,8.372810762203326e-281,5e-324,6,245.1,0.355982,-0.0221503,15257.4,0.0,5.4074,12.4526,26.8955,176.4530,97.9620,80.2009,73.1476,67.9310,64.6440,61.6648,58.9524,56.4726,53.3386,50.1660,45.1540,37.7010,29.5568,22.1779,11.4702
85.460,0.02449329556640624,1e-323,5e-324,6,245.1,0.355982,-0.0221503,15257.4,0.0,5.4074,12.4526,26.8955,176.4530,97.9620,80.2009,73.1476,67.9310,64.6440,61.6648,58.9524,56.4726,53.3386,50.1660,45.1540,37.7010,29.5568,22.1779,11.4702
85.560,0.02449329556640624,1e-323,5e-324,6,245.1,0.355982,-0.0221503,15257.4,0.0,5.4074,12.4526,26.8955,176.4530,97.9620,80.2009,73.1476,67.9310,64.6440,61.6648,58.9524,56.4726,53.3386,50.1660,45.1540,37.7010,29.5568,22.1779,11.4702
85.660,0.02449329556640624,1e-323,5e-324,6,245.1,0.355982,-0.0221503,15257.4,0.0,5.4074,12.4526,26.8955,176.4530,97.9620,80.2009,73.1476,67.9310,64.6440,61.6648,58.9524,56.4726,53.3386,50.1660,45.1540,37.7010,29.5568,22.1779,11.4702
85.760,0.02449329556640624,1e-323,5e-324,6,245.1,0.355982,-0.0221503,15257.4,0.0,5.4074,12.4526,26.8955,176.4530,97.9620,80.2009,73.1476,67.9310,64.6440,61.6648,58.9524,56.4726,53.3386,50.1660,45.1540,37.7010,29.5568,22.1779,11.4702
85.860,0.02449329556640624,1e-323,5e-324,6,245.1,0.355982,-0.0221503,15257.4,0.0,5.4074,12.4526,26.8955,176.4530,97.9620,80.2009,73.1476,67.9310,64.6440,61.6648,58.9524,56.4726,53.3386,50.1660,45.1540,37.7010,29.5568,22.1779,11.4702
85.960,0.02449329556640624,1e-323,5e-324,6,245.1,0.355982,-0.0221503,15257.4,0.0,5.4074,12.4526,26.8955,176.4530,97.9620,80.2009,73.1476,67.9310,64.6440,61.6648,58.9524,56.4726,53.3386,50.1660,45.1540,37.7010,29.5568,22.1779,11.4702
86.060,0.02449329556640624,1e-323,5e-324,6,245.1,0.355982,-0.0221503,15257.4,0.0,5.4074,12.4526,26.8955,176.4530,97.9620,80.2009,73.1476,67.9310,64.6440,61.6648,58.9524,56.4726,53.3386,50.1660,45.1540,37.7010,29.5568,22.1779,11.4702
86.160,0.02449329556640624,1e-323,5e-324,6,245.1,0.355982,-0.0221503,15257.4,0.0,5.4074,12.4526,26.8955,176.4530,97.9620,80.2009,73.1476,67.9310,64.6440,61.6648,58.9524,56.4726,53.3386,50.1660,45.1540,37.7010,29.5568,22.1779,11.4702
86.260,0.02449329556640624,1e-323,5e-324,6,245.1,0.355982,-0.0221503,15257.4,0.0,5.4074,12.4526,26.8955,176.4530,97.9620,80.2009,73.1476,67.9310,64.6440,61.6648,58.9524,56.4726,53.3386,50.1660,45.1540,37.7010,29.5568,22.1779,11.4702
86.360,0.02449329556640624,1e-323,5e-324,6,245.1,0.355982,-0.0221503,15257.4,0.0,5.4074,12.4526,26.8955,176.4530,97.9620,80.2009,73.1476,67.9310,64.6440,61.6648,58.9524,56.4726,53.3386,50.1660,45.1540,37.7010,29.5568,22.1779,11.4702
86.461,0.02449329556640624,1e-323,5e-324,6,245.1,0.355982,-0.0221503,15257.4,0.0,5.4074,12.4526,26.8955,176.4530,97.9620,80.2009,73.1476,67.9310,64.6440,61.6648,58.9524,56.4726,53.3386,50.1660,45.1540,37.7010,29.5568,22.1779,11.4702
86.561,0.02449329556640624,1e-323,5e-324,6,245.1,0.355982,-0.0221503,15257.4,0.0,5.4074,12.4526,26.8955,176.4530,97.9620,80.2009,73.1476,67.9310,64.6440,61.6648,58.9524,56.4726,53.3386,50.1660,45.1540,37.7010,29.5568,22.1779,11.4702
86.661,0.02449329556640624,1e-323,5e-324,6,245.1,0.355982,-0.0221503,15257.4,0.0,5.4074,12.4526,26.8955,176.4530,97.9620,80.2009,73.1476,67.9310,64.6440,61.6648,58.9524,56.4726,53.3386,50.1660,45.1540,37.7010,29.5568,22.1779,11.4702
86.761,0.02449329556640624,1e-323,5e-324,6,245.1,0.355982,-0.0221503,15257.4,0.0,5.4074,12.4526,26.8955,176.4530,97.9620,80.2009,73.1476,67.9310,64.6440,61.6648,58.9524,56.4726,53.3386,50.1660,45.1540,37.7010,29.5568,22.1779,11.4702
86.861,0.02449329556640624,1e-323,5e-324,6,245.1,0.355982,-0.0221503,15257.4,0.0,5.4074,12.4526,26.8955,176.4530,97.9620,80.2009,73.1476,67.9310,64.6440,61.6648,58.9524,56.4726,53.3386,50.1660,45.1540,37.7010,29.5568,22.1779,11.4702
86.961,0.02449329556640624,1e-323,5e-324,6,245.1,0.355982,-0.0221503,15257.4,0.0,5.4074,12.4526,26.8955,176.4530,97.9620,80.2009,73.1476,67.9310,64.6440,61.6648,58.9524,56.4726,53.3386,50.1660,45.1540,37.7010,29.5568,22.1779,11.4702
87.061,0.02449329556640624,1e-323,5e-324,6,245.1,0.355982,-0.0221503,15257.4,0.0,5.4074,12.4526,26.8955,176.4530,97.9620,80.2009,73.1476,67.9310,64.6440,61.6648,58.9524,56.4726,53.3386,50.1660,45.1540,37.7010,29.5568,22.1779,11.4702
87.161,0.02449329556640624,1e-323,5e-324,6,245.1,0.355982,-0.0221503,15257.4,0.0,5.4074,12.4526,26.8955,176.4530,97.9620,80.2009,73.1476,67.9310,64.6440,61.6648,58.9524,56.4726,53.3386,50.1660,45.1540,37.7010,29.5568,22.1779,11.4702
87.262,0.02449329556640624,1e-323,5e-324,6,245.1,0.355982,-0.0221503,15257.4,0.0,5.4074,12.4526,26.8955,176.4530,97.9620,80.2009,73.1476,67.9310,64.6440,61.6648,58.9524,56.4726,53.3386,50.1660,45.1540,37.7010,29.5568,22.1779,11.4702
87.362,0.02449329556640624,1e-323,5e-324,6,245.1,0.355982,-0.0221503,15257.4,0.0,5.4074,12.4526,26.8955,176.4530,97.9620,80.2009,73.1476,67.9310,64.6440,61.6648,58.9524,56.4726,53.3386,50.1660,45.1540,37.7010,29.5568,22.1779,11.4702
87.462,0.02449329556640624,1e-323,5e-324,6,245.1,0.355982,-0.0221503,15257.4,0.0,5.4074,12.4526,26.8955,176.4530,97.9620,80.2009,73.1476,67.9310,64.6440,61.6648,58.9524,56.4726,53.3386,50.1660,45.1540,37.7010,29.5568,22.1779,11.4702
87.562,0.02449329556640624,1e-323,5e-324,6,245.1,0.355982,-0.0221503,15257.4,0.0,5.4074,12.4526,26.8955,176.4530,97.9620,80.2009,73.1476,67.9310,64.6440,61.6648,58.9524,56.4726,53.3386,50.1660,45.1540,37.7010,29.5568,22.1779,11.4702
87.662,0.02449329556640624,1e-323,5e-324,6,245.1,0.355982,-0.0221503,15257.4,0.0,5.4074,12.4526,26.8955,176.4530,97.9620,80.2009,73.1476,67.9310,64.6440,61.6648,58.9524,56.4726,53.3386,50.1660,45.1540,37.7010,29.5568,22.1779,11.4702
87.762,0.02449329556640624,1e-323,5e-324,6,245.1,0.355982,-0.0221503,15257.4,0.0,5.4074,12.4526,26.8955,176.4530,97.9620,80.2009,73.1476,67.9310,64.6440,61.6648,58.9524,56.4726,53.3386,50.1660,45.1540,37.7010,29.5568,22.1779,11.4702
87.862,0.02449329556640624,1e-323,5e-324,6,245.1,0.355982,-0.0221503,15257.4,0.0,5.4074,12.4526,26.8955,176.4530,97.9620,80.2009,73.1476,67.9310,64.6440,61.6648,58.9524,56.4726,53.3386,50.1660,45.1540,37.7010,29.5568,22.1779,11.4702
87.962,0.02449329556640624,1e-323,5e-324,6,245.1,0.355982,-0.0221503,15257.4,0.0,5.4074,12.4526,26.8955,176.4530,97.9620,80.2009,73.1476,67.9310,64.6440,61.6648,58.9524,56.4726,53.3386,50.1660,45.1540,37.7010,29.5568,22.1779,11.4702
88.062,0.02449329556640624,1e-323,5e-324,6,245.1,0.355982,-0.0221503,15257.4,0.0,5.4074,12.4526,26.8955,176.4530,97.9620,80.2009,73.1476,67.9310,64.6440,61.6648,58.9524,56.4726,53.3386,50.1660,45.1540,37.7010,29.5568,22.1779,11.4702
88.163,0.02449329556640624,1e-323,5e-324,6,245.1,0.355982,-0.0221503,15257.4,0.0,5.4074,12.4526,26.8955,176.4530,97.9620,80.2009,73.1476,67.9310,64.6440,61.6648,58.9524,56.4726,53.3386,50.1660,45.1540,37.7010,29.5568,22.1779,11.4702
88.263,0.02449329556640624,1e-323,5e-324,6,245.1,0.355982,-0.0221503,15257.4,0.0,5.4074,12.4526,26.8955,176.4530,97.9620,80.2009,73.1476,67.9310,64.6440,61.6648,58.9524,56.4726,53.3386,50.1660,45.1540,37.7010,29.5568,22.1779,11.4702
88.363,0.02449329556640624,1e-323,5e-324,6,245.1,0.355982,-0.0221503,15257.4,0.0,5.4074,12.4526,26.8955,176.4530,97.9620,80.2009,73.1476,67.9310,64.6440,61.6648,58.9524,56.4726,53.3386,50.1660,45.1540,37.7010,29.5568,22.1779,11.4702
88.464,0.02449329556640624,1e-323,5e-324,6,245.1,0.355982,-0.0221503,15257.4,0.0,5.4074,12.4526,26.8955,176.4530,97.9620,80.2009,73.1476,67.9310,64.6440,61.6648,58.9524,56.4726,53.3386,50.1660,45.1540,37.7010,29.5568,22.1779,11.4702
88.564,0.024493295566406188,1e-323,5e-324,6,245.1,0.355982,-0.0221503,15257.4,0.0,5.4074,12.4526,26.8955,176.4530,97.9620,80.2009,73.1476,67.9310,64.6440,61.6648,58.9524,56.4726,53.3386,50.1660,45.1540,37.7010,29.5568,22.1779,11.4702
88.664,0.02449329556640624,1e-323,5e-324,6,245.1,0.355982,-0.0221503,15257.4,0.0,5.4074,12.4526,26.8955,176.4530,97.9620,80.2009,73.1476,67.9310,64.6440,61.6648,58.9524,56.4726,53.3386,50.1660,45.1540,37.7010,29.5568,22.1779,11.4702
88.764,0.02449329556640624,1e-323,5e-324,6,245.1,0.355982,-0.0221503,15257.4,0.0,5.4074,12.4526,26.8955,176.4530,97.9620,80.2009,73.1476,67.9310,64.6440,61.6648,58.9524,56.4726,53.3386,50.1660,45.1540,37.7010,29.5568,22.1779,11.4702
88.864,0.02449329556640624,1e-323,5e-324,6,245.1,0.355982,-0.0221503,15257.4,0.0,5.4074,12.4526,26.8955,176.4530,97.9620,80.2009,73.1476,67.9310,64.6440,61.6648,58.9524,56.4726,53.3386,50.1660,45.1540,37.7010,29.5568,22.1779,11.4702
88.964,0.02449329556640624,1e-323,5e-324,6,245.1,0.355982,-0.0221503,15257.4,0.0,5.4074,12.4526,26.8955,176.4530,97.9620,80.2009,73.1476,67.9310,64.6440,61.6648,58.9524,56.4726,53.3386,50.1660,45.1540,37.7010,29.5568,22.1779,11.4702
89.064,0.02449329556640624,1e-323,5e-324,6,245.1,0.355982,-0.0221503,15257.4,0.0,5.4074,12.4526,26.8955,176.4530,97.9620,80.2009,73.1476,67.9310,64.6440,61.6648,58.9524,56.4726,53.3386,50.1660,45.1540,37.7010,29.5568,22.1779,11.4702
89.164,0.02449329556640624,1e-323,5e-324,6,245.1,0.355982,-0.0221503,15257.4,0.0,5.4074,12.4526,26.8955,176.4530,97.9620,80.2009,73.1476,67.9310,64.6440,61.6648,58.9524,56.4726,53.3386,50.1660,45.1540,37.7010,29.5568,22.1779,11.4702
89.264,0.02449329556640624,1e-323,5e-324,6,245.1,0.355982,-0.0221503,15257.4,0.0,5.4074,12.4526,26.8955,176.4530,97.9620,80.2009,73.1476,67.9310,64.6440,61.6648,58.9524,56.4726,53.3386,50.1660,45.1540,37.7010,29.5568,22.1779,11.4702
89.364,0.02449329556640624,1e-323,5e-324,6,245.1,0.355982,-0.0221503,15257.4,0.0,5.4074,12.4526,26.8955,176.4530,97.9620,80.2009,73.1476,67.9310,64.6440,61.6648,58.9524,56.4726,53.3386,50.1660,45.1540,37.7010,29.5568,22.1779,11.4702
89.464,0.02449329556640624,1e-323,5e-324,6,245.1,0.355982,-0.0221503,15257.4,0.0,5.4074,12.4526,26.8955,176.4530,97.9620,80.2009,73.1476,67.9310,64.6440,61.6648,58.9524,56.4726,53.3386,50.1660,45.1540,37.7010,29.5568,22.1779,11.4702
89.565,0.02449329556640624,1e-323,5e-324,6,245.1,0.355982,-0.0221503,15257.4,0.0,5.4074,12.4526,26.8955,176.4530,97.9620,80.2009,73.1476,67.9310,64.6440,61.6648,58.9524,56.4726,53.3386,50.1660,45.1540,37.7010,29.5568,22.1779,11.4702
89.665,0.02449329556640624,1e-323,5e-324,6,245.1,0.355982,-0.0221503,15257.4,0.0,5.4074,12.4526,26.8955,176.4530,97.9620,80.2009,73.1476,67.9310,64.6440,61.6648,58.9524,56.4726,53.3386,50.1660,45.1540,37.7010,29.5568,22.1779,11.4702
89.765,0.02449329556640624,1e-323,5e-324,6,245.1,0.355982,-0.0221503,15257.4,0.0,5.4074,12.4526,26.8955,176.4530,97.9620,80.2009,73.1476,67.9310,64.6440,61.6648,58.9524,56.4726,53.3386,50.1660,45.1540,37.7010,29.5568,22.1779,11.4702
89.865,0.02449329556640624,1e-323,5e-324,6,245.1,0.355982,-0.0221503,15257.4,0.0,5.4074,12.4526,26.8955,176.4530,97.9620,80.2009,73.1476,67.9310,64.6440,61.6648,58.9524,56.4726,53.3386,50.1660,45.1540,37.7010,29.5568,22.1779,11.4702
89.965,0.02449329556640624,1e-323,5e-324,6,245.1,0.355982,-0.0221503,15257.4,0.0,5.4074,12.4526,26.8955,176.4530,97.9620,80.2009,73.1476,67.9310,64.6440,61.6648,58.9524,56.4726,53.3386,50.1660,45.1540,37.7010,29.5568,22.1779,11.4702
90.065,0.02449329556640624,1e-323,5e-324,6,245.1,0.355982,-0.0221503,15257.4,0.0,5.4074,12.4526,26.8955,176.4530,97.9620,80.2009,73.1476,67.9310,64.6440,61.6648,58.9524,56.4726,53.3386,50.1660,45.1540,37.7010,29.5568,22.1779,11.4702
90.165,0.02449329556640624,1e-323,5e-324,6,245.1,0.355982,-0.0221503,15257.4,0.0,5.4074,12.4526,26.8955,176.4530,97.9620,80.2009,73.1476,67.9310,64.6440,61.6648,58.9524,56.4726,53.3386,50.1660,45.1540,37.7010,29.5568,22.1779,11.4702
90.265,0.02449329556640624,1e-323,5e-324,6,245.1,0.355982,-0.0221503,15257.4,0.0,5.4074,12.4526,26.8955,176.4530,97.9620,80.2009,73.1476,67.9310,64.6440,61.6648,58.9524,56.4726,53.3386,50.1660,45.1540,37.7010,29.5568,22.1779,11.4702
90.366,0.02449329556640624,1e-323,5e-324,6,245.1,0.355982,-0.0221503,15257.4,0.0,5.4074,12.4526,26.8955,176.4530,97.9620,80.2009,73.1476,67.9310,64.6440,61.6648,58.9524,56.4726,53.3386,50.1660,45.1540,37.7010,29.5568,22.1779,11.4702
90.466,0.02449329556640624,1e-323,5e-324,6,245.1,0.355982,-0.0221503,15257.4,0.0,5.4074,12.4526,26.8955,176.4530,97.9620,80.2009,73.1476,67.9310,64.6440,61.6648,58.9524,56.4726,53.3386,50.1660,45.1540,37.7010,29.5568,22.1779,11.4702
90.566,0.02449329556640624,1e-323,5e-324,6,245.1,0.355982,-0.0221503,15257.4,0.0,5.4074,12.4526,26.8955,176.4530,97.9620,80.2009,73.1476,67.9310,64.6440,61.6648,58.9524,56.4726,53.3386,50.1660,45.1540,37.7010,29.5568,22.1779,11.4702
90.666,0.02449329556640624,1e-323,5e-324,6,245.1,0.355982,-0.0221503,15257.4,0.0,5.4074,12.4526,26.8955,176.4530,97.9620,80.2009,73.1476,67.9310,64.6440,61.6648,58.9524,56.4726,53.3386,50.1660,45.1540,37.7010,29.5568,22.1779,11.4702
90.766,0.02449329556640624,1e-323,5e-324,6,245.1,0.355982,-0.0221503,15257.4,0.0,5.4074,12.4526,26.8955,176.4530,97.9620,80.2009,73.1476,67.9310,64.6440,61.6648,58.9524,56.4726,53.3386,50.1660,45.1540,37.7010,29.5568,22.1779,11.4702
90.866,0.02449329556640624,1e-323,5e-324,6,245.1,0.355982,-0.0221503,15257.4,0.0,5.4074,12.4526,26.8955,176.4530,97.9620,80.2009,73.1476,67.9310,64.6440,61.6648,58.9524,56.4726,53.3386,50.1660,45.1540,37.7010,29.5568,22.1779,11.4702
90.966,0.02449329556640624,1e-323,5e-324,6,245.1,0.355982,-0.0221503,15257.4,0.0,5.4074,12.4526,26.8955,176.4530,97.9620,80.2009,73.1476,67.9310,64.6440,61.6648,58.9524,56.4726,53.3386,50.1660,45.1540,37.7010,29.5568,22.1779,11.4702
91.066,0.02449329556640624,1e-323,5e-324,6,245.1,0.355982,-0.0221503,15257.4,0.0,5.4074,12.4526,26.8955,176.4530,97.9620,80.2009,73.1476,67.9310,64.6440,61.6648,58.9524,56.4726,53.3386,50.1660,45.1540,37.7010,29.5568,22.1779,11.4702
91.166,0.02449329556640624,1e-323,5e-324,6,245.1,0.355982,-0.0221503,15257.4,0.0,5.4074,12.4526,26.8955,176.4530,97.9620,80.2009,73.1476,67.9310,64.6440,61.6648,58.9524,56.4726,53.3386,50.1660,45.1540,37.7010,29.5568,22.1779,11.4702
91.266,0.02449329556640624,1e-323,5e-324,6,245.1,0.355982,-0.0221503,15257.4,0.0,5.4074,12.4526,26.8955,176.4530,97.9620,80.2009,73.1476,67.9310,64.6440,61.6648,58.9524,56.4726,53.3386,50.1660,45.1540,37.7010,29.5568,22.1779,11.4702
91.366,0.02449329556640624,1e-323,5e-324,6,245.1,0.355982,-0.0221503,15257.4,0.0,5.4074,12.4526,26.8955,176.4530,97.9620,80.2009,73.1476,67.9310,64.6440,61.6648,58.9524,56.4726,53.3386,50.1660,45.1540,37.7010,29.5568,22.1779,11.4702
91.467,0.02449329556640624,1e-323,5e-324,6,245.1,0.355982,-0.0221503,15257.4,0.0,5.4074,12.4526,26.8955,176.4530,97.9620,80.2009,73.1476,67.9310,64.6440,61.6648,58.9524,56.4726,53.3386,50.1660,45.1540,37.7010,29.5568,22.1779,11.4702
91.567,0.02449329556640624,1e-323,5e-324,6,245.1,0.355982,-0.0221503,15257.4,0.0,5.4074,12.4526,26.8955,176.4530,97.9620,80.2009,73.1476,67.9310,64.6440,61.6648,58.9524,56.4726,53.3386,50.1660,45.1540,37.7010,29.5568,22.1779,11.4702
91.667,0.02449329556640624,1e-323,5e-324,6,245.1,0.355982,-0.0221503,15257.4,0.0,5.4074,12.4526,26.8955,176.4530,97.9620,80.2009,73.1476,67.9310,64.6440,61.6648,58.9524,56.4726,53.3386,50.1660,45.1540,37.7010,29.5568,22.1779,11.4702
91.767,0.02449329556640624,1e-323,5e-324,6,245.1,0.355982,-0.0221503,15257.4,0.0,5.4074,12.4526,26.8955,176.4530,97.9620,80.2009,73.1476,67.9310,64.6440,61.6648,58.9524,56.4726,53.3386,50.1660,45.1540,37.7010,29.5568,22.1779,11.4702
91.867,0.02449329556640624,1e-323,5e-324,6,245.1,0.355982,-0.0221503,15257.4,0.0,5.4074,12.4526,26.8955,176.4530,97.9620,80.2009,73.1476,67.9310,64.6440,61.6648,58.9524,56.4726,53.3386,50.1660,45.1540,37.7010,29.5568,22.1779,11.4702
91.967,0.02449329556640624,1e-323,5e-324,6,245.1,0.355982,-0.0221503,15257.4,0.0,5.4074,12.4526,26.8955,176.4530,97.9620,80.2009,73.1476,67.9310,64.6440,61.6648,58.9524,56.4726,53.3386,50.1660,45.1540,37.7010,29.5568,22.1779,11.4702
92.067,0.02449329556640624,1e-323,5e-324,6,245.1,0.355982,-0.0221503,15257.4,0.0,5.4074,12.4526,26.8955,176.4530,97.9620,80.2009,73.1476,67.9310,64.6440,61.6648,58.9524,56.4726,53.3386,50.1660,45.1540,37.7010,29.5568,22.1779,11.4702
92.168,0.02449329556640624,1e-323,5e-324,6,245.1,0.355982,-0.0221503,15257.4,0.0,5.4074,12.4526,26.8955,176.4530,97.9620,80.2009,73.1476,67.9310,64.6440,61.6648,58.9524,56.4726,53.3386,50.1660,45.1540,37.7010,29.5568,22.1779,11.4702
92.268,0.02449329556640624,1e-323,5e-324,6,245.1,0.355982,-0.0221503,15257.4,0.0,5.4074,12.4526,26.8955,176.4530,97.9620,80.2009,73.1476,67.9310,64.6440,61.6648,58.9524,56.4726,53.3386,50.1660,45.1540,37.7010,29.5568,22.1779,11.4702
92.368,0.02449329556640624,1e-323,5e-324,6,245.1,0.355982,-0.0221503,15257.4,0.0,5.4074,12.4526,26.8955,176.4530,97.9620,80.2009,73.1476,67.9310,64.6440,61.6648,58.9524,56.4726,53.3386,50.1660,45.1540,37.7010,29.5568,22.1779,11.4702
92.468,0.02449329556640624,1e-323,5e-324,6,245.1,0.355982,-0.0221503,15257.4,0.0,5.4074,12.4526,26.8955,176.4530,97.9620,80.2009,73.1476,67.9310,64.6440,61.6648,58.9524,56.4726,53.3386,50.1660,45.1540,37.7010,29.5568,22.1779,11.4702
92.568,0.02449329556640624,1e-323,5e-324,6,245.1,0.355982,-0.0221503,15257.4,0.0,5.4074,12.4526,26.8955,176.4530,97.9620,80.2009,73.1476,67.9310,64.6440,61.6648,58.9524,56.4726,53.3386,50.1660,45.1540,37.7010,29.5568,22.1779,11.4702
92.668,0.02449329556640624,1e-323,5e-324,6,245.1,0.355982,-0.0221503,15257.4,0.0,5.4074,12.4526,26.8955,176.4530,97.9620,80.2009,73.1476,67.9310,64.6440,61.6648,58.9524,56.4726,53.3386,50.1660,45.1540,37.7010,29.5568,22.1779,11.4702
92.768,0.02449329556640624,1e-323,5e-324,6,245.1,0.355982,-0.0221503,15257.4,0.0,5.4074,12.4526,26.8955,176.4530,97.9620,80.2009,73.1476,67.9310,64.6440,61.6648,58.9524,56.4726,53.3386,50.1660,45.1540,37.7010,29.5568,22.1779,11.4702
92.868,0.02449329556640624,1e-323,5e-324,6,245.1,0.355982,-0.0221503,15257.4,0.0,5.4074,12.4526,26.8955,176.4530,97.9620,80.2009,73.1476,67.9310,64.6440,61.6648,58.9524,56.4726,53.3386,50.1660,45.1540,37.7010,29.5568,22.1779,11.4702
92.968,0.02449329556640624,1e-323,5e-324,6,245.1,0.355982,-0.0221503,15257.4,0.0,5.4074,12.4526,26.8955,176.4530,97.9620,80.2009,73.1476,67.9310,64.6440,61.6648,58.9524,56.4726,53.3386,50.1660,45.1540,37.7010,29.5568,22.1779,11.4702
93.068,0.02449329556640624,1e-323,5e-324,6,245.1,0.355982,-0.0221503,15257.4,0.0,5.4074,12.4526,26.8955,176.4530,97.9620,80.2009,73.1476,67.9310,64.6440,61.6648,58.9524,56.4726,53.3386,50.1660,45.1540,37.7010,29.5568,22.1779,11.4702
93.168,0.02449329556640624,1e-323,5e-324,6,245.1,0.355982,-0.0221503,15257.4,0.0,5.4074,12.4526,26.8955,176.4530,97.9620,80.2009,73.1476,67.9310,64.6440,61.6648,58.9524,56.4726,53.3386,50.1660,45.1540,37.7010,29.5568,22.1779,11.4702
93.268,0.02449329556640623,1e-323,5e-324,6,245.1,0.355982,-0.0221503,15257.4,0.0,5.4074,12.4526,26.8955,176.4530,97.9620,80.2009,73.1476,67.9310,64.6440,61.6648,58.9524,56.4726,53.3386,50.1660,45.1540,37.7010,29.5568,22.1779,11.4702
93.369,0.02449329556640624,1e-323,5e-324,6,245.1,0.355982,-0.0221503,15257.4,0.0,5.4074,12.4526,26.8955,176.4530,97.9620,80.2009,73.1476,67.9310,64.6440,61.6648,58.9524,56.4726,53.3386,50.1660,45.1540,37.7010,29.5568,22.1779,11.4702
93.469,0.02449329556640624,1e-323,5e-324,6,245.1,0.355982,-0.0221503,15257.4,0.0,5.4074,12.4526,26.8955,176.4530,97.9620,80.2009,73.1476,67.9310,64.6440,61.6648,58.9524,56.4726,53.3386,50.1660,45.1540,37.7010,29.5568,22.1779,11.4702
93.569,0.02449329556640624,1e-323,5e-324,6,245.1,0.355982,-0.0221503,15257.4,0.0,5.4074,12.4526,26.8955,176.4530,97.9620,80.2009,73.1476,67.9310,64.6440,61.6648,58.9524,56.4726,53.3386,50.1660,45.1540,37.7010,29.5568,22.1779,11.4702
93.669,0.02449329556640624,1e-323,5e-324,6,245.1,0.355982,-0.0221503,15257.4,0.0,5.4074,12.4526,26.8955,176.4530,97.9620,80.2009,73.1476,67.9310,64.6440,61.6648,58.9524,56.4726,53.3386,50.1660,45.1540,37.7010,29.5568,22.1779,11.4702
93.769,0.02449329556640624,1e-323,5e-324,6,245.1,0.355982,-0.0221503,15257.4,0.0,5.4074,12.4526,26.8955,176.4530,97.9620,80.2009,73.1476,67.9310,64.6440,61.6648,58.9524,56.4726,53.3386,50.1660,45.1540,37.7010,29.5568,22.1779,11.4702
93.869,0.02449329556640624,1e-323,5e-324,6,245.1,0.355982,-0.0221503,15257.4,0.0,5.4074,12.4526,26.8955,176.4530,97.9620,80.2009,73.1476,67.9310,64.6440,61.6648,58.9524,56.4726,53.3386,50.1660,45.1540,37.7010,29.5568,22.1779,11.4702
93.969,0.02449329556640624,1e-323,5e-324,6,245.1,0.355982,-0.0221503,15257.4,0.0,5.4074,12.4526,26.8955,176.4530,97.9620,80.2009,73.1476,67.9310,64.6440,61.6648,58.9524,56.4726,53.3386,50.1660,45.1540,37.7010,29.5568,22.1779,11.4702
94.069,0.02449329556640624,1e-323,5e-324,6,245.1,0.355982,-0.0221503,15257.4,0.0,5.4074,12.4526,26.8955,176.4530,97.9620,80.2009,73.1476,67.9310,64.6440,61.6648,58.9524,56.4726,53.3386,50.1660,45.1540,37.7010,29.5568,22.1779,11.4702
94.169,0.02449329556640624,1e-323,5e-324,6,245.1,0.355982,-0.0221503,15257.4,0.0,5.4074,12.4526,26.8955,176.4530,97.9620,80.2009,73.1476,67.9310,64.6440,61.6648,58.9524,56.4726,53.3386,50.1660,45.1540,37.7010,29.5568,22.1779,11.4702
94.269,0.02449329556640624,1e-323,5e-324,6,245.1,0.355982,-0.0221503,15257.4,0.0,5.4074,12.4526,26.8955,176.4530,97.9620,80.2009,73.1476,67.9310,64.6440,61.6648,58.9524,56.4726,53.3386,50.1660,45.1540,37.7010,29.5568,22.1779,11.4702
94.369,0.02449329556640624,1e-323,5e-324,6,245.1,0.355982,-0.0221503,15257.4,0.0,5.4074,12.4526,26.8955,176.4530,97.9620,80.2009,73.1476,67.9310,64.6440,61.6648,58.9524,56.4726,53.3386,50.1660,45.1540,37.7010,29.5568,22.1779,11.4702
94.470,0.02449329556640624,1e-323,5e-324,6,245.1,0.355982,-0.0221503,15257.4,0.0,5.4074,12.4526,26.8955,176.4530,97.9620,80.2009,73.1476,67.9310,64.6440,61.6648,58.9524,56.4726,53.3386,50.1660,45.1540,37.7010,29.5568,22.1779,11.4702
94.570,0.02449329556640624,1e-323,5e-324,6,245.1,0.355982,-0.0221503,15257.4,0.0,5.4074,12.4526,26.8955,176.4530,97.9620,80.2009,73.1476,67.9310,64.6440,61.6648,58.9524,56.4726,53.3386,50.1660,45.1540,37.7010,29.5568,22.1779,11.4702
94.670,0.02449329556640624,1e-323,5e-324,6,245.1,0.355982,-0.0221503,15257.4,0.0,5.4074,12.4526,26.8955,176.4530,97.9620,80.2009,73.1476,67.9310,64.6440,61.6648,58.9524,56.4726,53.3386,50.1660,45.1540,37.7010,29.5568,22.1779,11.4702
94.770,0.02449329556640624,1e-323,5e-324,6,245.1,0.355982,-0.0221503,15257.4,0.0,5.4074,12.4526,26.8955,176.4530,97.9620,80.2009,73.1476,67.9310,64.6440,61.6648,58.9524,56.4726,53.3386,50.1660,45.1540,37.7010,29.5568,22.1779,11.4702
94.885,0.02449329556640624,1e-323,5e-324,6,245.1,0.355982,-0.0221503,15257.4,0.0,5.4074,12.4526,26.8955,176.4530,97.9620,80.2009,73.1476,67.9310,64.6440,61.6648,58.9524,56.4726,53.3386,50.1660,45.1540,37.7010,29.5568,22.1779,11.4702
94.985,0.02449329556640624,1e-323,5e-324,6,245.1,0.355982,-0.0221503,15257.4,0.0,5.4074,12.4526,26.8955,176.4530,97.9620,80.2009,73.1476,67.9310,64.6440,61.6648,58.9524,56.4726,53.3386,50.1660,45.1540,37.7010,29.5568,22.1779,11.4702
95.085,0.02449329556640624,1e-323,5e-324,6,245.1,0.355982,-0.0221503,15257.4,0.0,5.4074,12.4526,26.8955,176.4530,97.9620,80.2009,73.1476,67.9310,64.6440,61.6648,58.9524,56.4726,53.3386,50.1660,45.1540,37.7010,29.5568,22.1779,11.4702
95.185,0.02449329556640624,1e-323,5e-324,6,245.1,0.355982,-0.0221503,15257.4,0.0,5.4074,12.4526,26.8955,176.4530,97.9620,80.2009,73.1476,67.9310,64.6440,61.6648,58.9524,56.4726,53.3386,50.1660,45.1540,37.7010,29.5568,22.1779,11.4702
95.286,0.02449329556640624,1e-323,5e-324,6,245.1,0.355982,-0.0221503,15257.4,0.0,5.4074,12.4526,26.8955,176.4530,97.9620,80.2009,73.1476,67.9310,64.6440,61.6648,58.9524,56.4726,53.3386,50.1660,45.1540,37.7010,29.5568,22.1779,11.4702
95.386,0.02449329556640624,1e-323,5e-324,6,245.1,0.355982,-0.0221503,15257.4,0.0,5.4074,12.4526,26.8955,176.4530,97.9620,80.2009,73.1476,67.9310,64.6440,61.6648,58.9524,56.4726,53.3386,50.1660,45.1540,37.7010,29.5568,22.1779,11.4702
95.486,0.02449329556640624,1e-323,5e-324,6,245.1,0.355982,-0.0221503,15257.4,0.0,5.4074,12.4526,26.8955,176.4530,97.9620,80.2009,73.1476,67.9310,64.6440,61.6648,58.9524,56.4726,53.3386,50.1660,45.1540,37.7010,29.5568,22.1779,11.4702
