time,steer,accel,brake,gear,speedX,trackPos,angle,rpm,damage,track_0,track_1,track_2,track_3,track_4,track_5,track_6,track_7,track_8,track_9,track_10,track_11,track_12,track_13,track_14,track_15,track_16,track_17,track_18
0.120,0.0,0.0,0.0,1,-0.00913045,0.333439,0.00822276,5235.99,0.0,5.7030,12.6267,22.4550,140.4860,90.9268,77.3570,71.6721,67.3518,64.5773,62.0267,59.6744,57.4982,54.7119,51.8501,47.2417,40.0655,31.0431,22.7658,11.2227
0.239,0.0,0.0,0.0,1,-0.00913045,0.333439,0.00822276,5235.99,0.0,5.7030,12.6267,22.4550,140.4860,90.9268,77.3570,71.6721,67.3518,64.5773,62.0267,59.6744,57.4982,54.7119,51.8501,47.2417,40.0655,31.0431,22.7658,11.2227
0.358,0.0,0.0,0.0,1,-0.00913045,0.333439,0.00822276,5235.99,0.0,5.7030,12.6267,22.4550,140.4860,90.9268,77.3570,71.6721,67.3518,64.5773,62.0267,59.6744,57.4982,54.7119,51.8501,47.2417,40.0655,31.0431,22.7658,11.2227
0.462,0.0,0.0,0.0,1,-0.00913045,0.333439,0.00822276,5235.99,0.0,5.7030,12.6267,22.4550,140.4860,90.9268,77.3570,71.6721,67.3518,64.5773,62.0267,59.6744,57.4982,54.7119,51.8501,47.2417,40.0655,31.0431,22.7658,11.2227
0.582,0.0,0.47673249023437503,0.0,1,-0.00913045,0.333439,0.00822276,5393.83,0.0,5.7030,12.6267,22.4550,140.4860,90.9268,77.3570,71.6721,67.3518,64.5773,62.0267,59.6744,57.4982,54.7119,51.8501,47.2417,40.0655,31.0431,22.7658,11.2227
0.700,0.0,0.9103673728574999,0.0,1,-0.00913045,0.333439,0.00822276,6155.21,0.0,5.7030,12.6267,22.4550,140.4860,90.9268,77.3570,71.6721,67.3518,64.5773,62.0267,59.6744,57.4982,54.7119,51.8501,47.2417,40.0655,31.0431,22.7658,11.2227
0.802,0.0,1.0,0.0,1,-0.00913045,0.333439,0.00822276,7094.43,0.0,5.7030,12.6267,22.4550,140.4860,90.9268,77.3570,71.6721,67.3518,64.5773,62.0267,59.6744,57.4982,54.7119,51.8501,47.2417,40.0655,31.0431,22.7658,11.2227
0.921,0.0,1.0,0.0,1,-0.00913045,0.333439,0.00822276,8460.45,0.0,5.7030,12.6267,22.4550,140.4860,90.9268,77.3570,71.6721,67.3518,64.5773,62.0267,59.6744,57.4982,54.7119,51.8501,47.2417,40.0655,31.0431,22.7658,11.2227
1.041,0.0,1.0,0.0,1,0.137316,0.333426,0.00864571,5264.23,0.0,5.7056,12.6438,22.5364,139.8630,90.6660,77.1685,71.5104,67.2092,64.4462,61.9060,59.5629,57.3949,54.6185,51.7661,47.1723,40.0127,31.0056,22.7432,11.2179
1.160,0.0,1.0,0.0,1,4.44609,0.333357,0.00884455,5235.99,0.0,5.7074,12.6558,22.6206,139.4370,90.4562,77.0055,71.3656,67.0775,64.3226,61.7896,59.4529,57.2909,54.5216,51.6767,47.0942,39.9505,30.9642,22.7208,11.2152
1.280,0.0,1.0,0.0,1,9.66357,0.333,0.00884789,5235.99,0.0,5.7104,12.6748,22.8153,138.8860,90.1003,76.7027,71.0851,66.8138,64.0698,61.5470,59.2194,57.0659,54.3076,51.4740,46.9094,39.7997,30.8668,22.6717,11.2121
1.381,0.0,1.0,0.0,1,13.887,0.332516,0.0088374,5235.99,0.0,5.7145,12.7025,23.0948,138.1620,89.6264,76.2987,70.7102,66.4612,63.7315,61.2218,58.9066,56.7641,54.0206,51.2016,46.6611,39.5964,30.7353,22.6048,11.2082
1.483,0.0,1.0,0.0,1,18.2408,0.331842,0.00883263,5235.99,0.0,5.7203,12.7462,23.5255,137.1380,88.9609,75.7317,70.1846,65.9673,63.2578,60.7667,58.4684,56.3420,53.6187,50.8209,46.3140,39.3119,30.5501,22.5094,11.2025
1.604,0.0,1.0,0.0,1,23.4109,0.330818,0.00882643,8040.46,0.0,5.7290,12.8239,24.2872,135.5790,87.9474,74.8683,69.3843,65.2147,62.5361,60.0734,57.8015,55.6991,53.0069,50.2407,45.7852,38.8774,30.2656,22.3601,11.1940
1.725,0.0,1.0,0.0,2,29.098,0.329527,0.00881451,11547.0,0.0,5.7400,12.9414,25.4946,133.6180,86.6715,73.7813,68.3766,64.2674,61.6277,59.2005,56.9614,54.8895,52.2362,49.5103,45.1195,38.3280,29.9027,22.1656,11.1822
1.844,0.0,1.0,0.0,2,34.3978,0.327964,0.00880307,7243.73,0.0,5.7533,13.1158,27.5868,131.2390,85.1251,72.4640,67.1553,63.1193,60.5266,58.1428,55.9435,53.9086,51.3026,48.6252,44.3126,37.6595,29.4562,21.9201,11.1598
1.964,0.0,1.0,0.0,2,39.7607,0.326145,0.00879353,10284.7,0.0,5.7688,13.3671,33.8660,128.4610,83.3198,70.9269,65.7305,61.7798,59.2419,56.9085,54.7560,52.7640,50.2134,47.5928,43.3715,36.8758,28.9269,21.6208,11.1218
2.086,0.0,1.0,0.0,2,45.5916,0.32402,0.00877732,14514.9,0.0,5.7883,13.7342,200.0000,125.2130,81.2091,69.1286,64.0636,60.2129,57.7393,55.4650,53.3668,51.4251,48.9392,46.3848,42.2706,35.9534,28.2957,21.2536,11.0614
2.206,0.0,1.0,0.0,3,51.2181,0.321648,0.00875109,7886.12,0.0,5.8300,14.2503,200.0000,121.5960,78.8555,67.1233,62.2046,58.4651,56.0630,53.8543,51.8168,49.9316,47.5173,45.0368,41.0419,34.9173,27.5772,20.8232,10.9743
2.326,0.0,1.0,0.0,3,56.4854,0.319018,0.00873249,7636.18,0.0,5.9081,14.9808,200.0000,117.5620,76.2335,64.8904,60.1346,56.5194,54.1968,52.0615,50.0916,48.2690,45.9351,43.5371,39.6748,33.7568,26.7609,20.3197,10.8535
2.445,0.0,1.0,0.0,2,61.1776,0.313711,0.0204203,9080.22,0.0,6.0388,16.0294,200.0000,113.1250,73.3494,62.4338,57.8576,54.3786,52.1438,50.0891,48.1937,46.4401,44.1942,41.8868,38.1705,32.4766,25.8411,19.7338,10.6885
2.565,0.0,1.0,0.0,2,65.1768,0.304197,0.034164,10885.2,0.0,6.2191,17.4817,200.0000,108.4210,70.2958,59.8337,55.4476,52.1134,49.9716,48.0022,46.1858,44.5049,42.3525,40.1411,36.5796,31.1227,24.8498,19.0879,10.4874
2.666,0.0,1.0,0.0,2,69.9238,0.29156,0.046319,14271.0,0.0,6.4236,19.2037,200.0000,104.3930,67.6346,57.5570,53.3332,50.1230,48.0607,46.1652,44.4164,42.7987,40.7271,38.5989,35.1717,29.9216,23.9516,18.4884,10.2817
2.767,0.0,1.0,0.0,3,74.8484,0.273768,0.0591787,7996.4,0.0,6.6894,21.7350,200.0000,100.2060,64.8380,55.1572,51.1019,48.0204,46.0415,44.2223,42.5445,40.9926,39.0055,36.9645,33.6781,28.6454,22.9784,17.8250,10.0356
2.868,0.06286922389233399,0.993476146484375,0.0,3,79.0996,0.250287,0.0708287,7964.86,0.0,7.0094,25.0958,200.0000,97.8117,62.7132,53.2164,49.2523,46.2455,44.3168,42.5458,40.9138,39.4054,37.4758,35.4959,32.3121,27.4468,22.0262,17.1565,9.7615
2.988,0.05240116480895794,0.9786630773502499,0.0,3,84.0508,0.218882,0.0629602,8312.3,0.0,7.2391,24.4774,172.0890,127.2800,71.5795,58.7752,53.6693,49.8855,47.4979,45.3316,43.3574,41.5512,39.2659,36.9503,33.2875,27.8290,21.9647,17.0111,9.5809
3.100,0.03759003899391887,0.9471785222642549,0.0,3,88.4262,0.18915,0.0638217,8893.17,0.0,7.5288,25.0414,108.1510,158.8240,78.1951,62.4117,56.3599,51.9594,49.2191,46.7566,44.5322,42.5128,39.9797,37.4374,33.4651,27.6553,21.5547,16.6085,9.3445
3.206,0.03359434768656268,0.876100237472426,0.0,3,92.9578,0.156616,0.0663008,9114.82,0.0,7.8621,25.5258,84.8137,180.8640,86.7530,66.8103,59.5282,54.3528,51.1794,48.3595,45.8376,43.5687,40.7500,37.9510,33.6370,27.4540,21.1181,16.1216,9.0747
3.316,0.029182844610932665,0.8474138109712145,0.0,3,97.137,0.120684,0.0732298,9557.63,0.0,8.2770,26.3265,75.9723,185.6400,94.5856,70.2487,61.7868,55.9033,52.3476,49.2207,46.4496,43.9771,40.9320,37.9369,33.3758,26.9523,20.5052,15.5142,8.7480
3.428,0.02726937433460729,0.8715824599227975,0.0,3,101.424,0.0795949,0.0815516,9908.77,0.0,8.7672,27.0293,70.2507,188.3360,104.6860,74.3148,64.3718,57.6338,53.6290,50.1481,47.0948,44.3953,41.1023,37.8965,33.0772,26.4152,19.8713,14.9002,8.3760
3.536,0.1404990712788641,0.9062626697643772,0.0,3,105.584,0.0369797,0.0609321,10573.4,0.0,8.9261,24.0769,48.8832,200.0000,177.0830,128.8410,100.2520,83.9635,75.2385,68.1608,62.3046,57.3791,51.6673,46.3974,38.9664,29.5614,21.1779,15.3045,8.1860
3.647,0.04603873567665819,0.9192936672533911,0.0,3,109.95,0.000485738,0.0329346,11060.2,0.0,8.8602,21.0522,36.1805,75.8593,198.1700,186.4100,178.9420,170.6960,162.3280,139.3750,115.9420,99.2603,82.6274,69.3578,53.3289,36.5268,24.0530,16.4214,8.1565
3.757,0.015085972906527356,0.9220939457605911,0.0,3,114.468,-0.0287863,0.0171263,11412.5,0.0,8.8830,19.9552,32.2959,58.8698,117.2130,194.0430,188.0010,182.4150,177.9280,172.8220,166.6900,158.1760,124.5680,95.9664,67.1114,41.9684,25.9414,17.0532,8.1034
3.868,0.004943371602010883,0.9222586113343305,0.0,3,119.052,-0.0449797,0.00511803,11698.2,0.0,8.9127,19.5491,30.9009,53.6860,96.9819,195.4550,189.1870,184.0190,180.1340,175.8770,171.1010,165.5220,154.5570,117.5840,76.5434,45.1377,26.9127,17.3428,8.0625
3.978,-0.012331611440300731,0.9223125689495334,0.0,3,123.567,-0.0520337,0.00248703,12054.6,0.0,8.9491,19.5294,30.7195,52.8658,93.8264,192.5170,186.2990,181.2020,177.4690,173.4050,168.8970,163.7330,154.3150,123.3690,78.7377,45.7449,27.0405,17.3451,8.0238
4.090,-0.009193517081737743,0.9283461579840081,0.0,3,128.031,-0.0565547,0.00764428,12455.2,0.0,9.0345,19.9143,31.6289,55.4726,102.0350,185.9360,180.0140,175.0300,171.1840,166.9670,162.2290,156.6720,145.4860,110.4410,73.1542,43.7276,26.2819,17.0099,7.9449
4.197,-0.0030125316773438235,0.9496735374075748,0.0,3,132.54,-0.0621896,0.0108338,12897.8,0.0,9.1122,20.2126,32.3013,57.3591,108.1200,180.1820,174.4930,169.5290,165.6390,161.3550,156.5050,150.7260,137.8430,103.3590,69.8472,42.4301,25.7527,16.7570,7.8728
4.309,-0.000987146380032024,0.9661715950502141,0.0,3,137.159,-0.0693875,0.0120864,13353.1,0.0,9.1858,20.4266,32.7239,58.4022,111.2120,175.1330,169.6220,164.7020,160.8460,156.6000,151.7920,146.0570,133.0950,100.2620,68.2533,41.7139,25.4129,16.5701,7.8028
4.417,-0.0003234681258088936,0.9746677020160541,0.0,3,141.861,-0.0777393,0.0126076,13790.3,0.0,9.2624,20.6186,33.0657,59.1372,113.1000,170.2350,164.8780,160.0340,156.2430,152.0790,147.3780,141.8030,129.6840,98.4424,67.2140,41.1806,25.1266,16.3976,7.7288
4.527,0.09706026021994277,0.9774517063466206,0.0,3,146.485,-0.0819844,-0.0141912,14273.7,0.0,9.0534,19.1528,29.2730,47.7550,77.3715,112.3320,170.5700,165.6920,162.3900,159.1660,155.7560,152.0840,146.3440,138.3420,99.0784,51.1087,28.3907,17.6475,7.9026
4.637,0.031804706068870855,0.9783639688856606,0.0,3,151.08,-0.0680352,-0.0503889,14728.1,0.0,8.6385,17.1904,24.9429,37.3207,53.4406,68.2569,80.1287,94.5301,108.4650,168.4040,164.8690,161.4920,157.0090,151.8630,140.3730,77.9642,35.3060,20.1483,8.3386
4.749,0.010421766084647604,0.9763664635275782,0.0,4,155.244,-0.0340511,-0.0649175,12159.9,0.0,8.2560,16.0642,22.9002,33.3563,46.1893,57.2682,65.6908,75.4069,84.3233,95.6394,110.4730,162.4670,157.7740,152.7600,143.0950,101.2800,40.2424,21.9913,8.7847
4.856,0.0027670409668673268,0.9748445459718418,0.0,4,156.586,0.0134382,-0.0673856,12088.8,0.0,7.8598,15.2367,21.6586,31.4149,43.2801,53.4283,61.0849,69.8557,77.8467,87.9097,100.9690,158.8220,154.2030,149.2700,140.1570,110.5270,42.9494,23.2829,9.2426
4.969,-0.049246011279876906,0.9743458440271782,0.0,4,160.017,0.0627422,-0.0505572,12330.4,0.0,7.5795,15.0792,21.8749,32.7193,46.8317,59.7924,70.1700,82.7503,94.9136,154.3550,151.1130,148.0170,143.9060,139.3660,129.7740,89.1130,40.3025,22.9890,9.5104
5.078,-0.016136932976190062,0.9741824293739507,0.0,4,163.39,0.102004,-0.0345244,12580.4,0.0,7.3698,15.0497,22.3057,34.5257,51.7337,69.0076,83.9891,149.9020,146.7420,143.7230,140.8360,138.0730,134.2440,129.5490,119.3290,75.5345,37.9948,22.5869,9.6911
5.188,-0.005287750197637961,0.9596334793166312,0.0,4,166.737,0.132444,-0.0296558,12808.3,0.0,7.1525,14.7268,21.9798,34.4163,52.4177,71.0884,87.7922,142.9430,139.9700,137.1290,134.4100,131.8020,128.0630,123.4830,113.5730,73.5470,37.9979,22.8477,9.9072
5.296,-0.0017326899847620071,0.7759473977212237,0.0,4,169.639,0.158802,-0.0283722,12908.3,0.0,6.9436,14.3280,21.4248,33.6530,51.4874,70.1552,87.0052,137.1670,134.3240,131.6070,129.0070,126.5090,122.9240,118.5600,109.2700,74.2319,38.6097,23.2836,10.1240
5.407,-0.0005677678542068145,0.5705531464102905,0.0,4,171.198,0.183782,-0.0279935,12914.6,0.0,6.7398,13.9165,20.8211,32.7354,50.1512,68.4311,85.7560,131.6200,128.8960,126.2910,123.7990,121.4060,117.9900,113.8600,105.2160,75.5281,39.3606,23.7568,10.3381
5.518,-0.00018604617046648897,0.5279245698594739,0.0,4,172.183,0.208388,-0.0279645,12964.9,0.0,6.5368,13.4981,20.1959,31.7547,48.6537,66.3950,130.0080,126.1450,123.5340,121.0380,118.6490,116.3590,113.1150,109.2190,101.1960,77.0744,40.1723,24.2483,10.5527
5.626,-6.096360913845911e-05,0.5735925867234274,0.0,4,173.18,0.233014,-0.027982,13062.5,0.0,6.3334,13.0775,19.5662,30.7632,47.1318,64.3139,124.3470,120.6520,118.1540,115.7670,113.4820,111.2940,108.2200,104.5520,97.1099,77.4093,40.9949,24.7439,10.7680
5.737,-1.997655544249028e-05,0.6715946860050327,0.0,4,174.569,0.257794,-0.0279862,13215.2,0.0,6.1287,12.6549,18.9337,29.7685,45.6071,62.2324,118.6430,115.1170,112.7340,110.4560,108.2760,106.1890,103.2820,99.8374,92.9393,76.0072,41.8198,25.2415,10.9844
5.848,-0.004632631351749896,0.7477272951476291,0.0,4,176.449,0.282712,-0.0274061,13394.8,0.0,5.9262,12.2489,18.3420,28.8798,44.3381,60.6333,112.7180,109.3730,107.1130,104.9520,102.8840,100.9030,98.1593,94.9265,88.5321,73.6438,42.5139,25.6940,11.1952
5.956,-0.004574206288741406,0.7851128269489751,0.0,4,178.588,0.306751,-0.0246225,13576.2,0.0,5.7428,11.9269,17.9342,28.4373,44.1114,109.9720,106.1400,103.0150,100.9030,98.8823,96.9486,95.0946,92.5023,89.4656,83.5238,70.2191,42.6655,25.9455,11.3716
6.068,-0.003220098389194784,0.8065159312908902,0.0,4,180.86,0.329125,-0.0226827,13755.2,0.0,5.5677,11.6025,17.4978,27.8854,43.5803,103.3420,99.7612,96.8402,94.8648,92.9754,91.1665,89.4297,86.9971,84.1641,78.6809,66.8236,42.9505,26.2293,11.5428
6.178,-0.04609286816154634,0.8175604860685238,0.0,4,183.173,0.348164,-0.010998,13936.8,0.0,5.4712,11.6418,17.8866,29.4553,50.2260,94.2957,91.1345,88.5510,86.8014,85.1259,83.5090,81.8878,79.5943,76.9377,71.8456,61.1304,41.0313,25.6671,11.5675
6.289,-0.015103711039175505,0.8243433763249339,0.0,4,185.503,0.355601,0.00371277,14113.6,0.0,5.4883,12.0054,18.9271,32.7152,90.6084,84.9108,82.1775,79.9389,78.4186,76.9138,75.4014,73.8815,71.7413,69.2773,64.6053,55.0485,38.4491,24.7165,11.4602
6.396,-0.00494918403331703,0.8269514938041543,0.0,4,187.855,0.353179,0.00797875,14284.8,0.0,5.5328,12.2036,19.3949,34.0593,82.9973,77.8399,75.3631,73.3332,71.9373,70.5411,69.1430,67.7434,65.7821,63.5390,59.3338,50.9672,37.4619,24.3742,11.3916
6.507,0.07149116123716268,0.8282879967397453,0.0,4,190.117,0.35285,-0.018742,14469.6,0.0,5.3912,11.3128,17.1653,27.6463,81.9173,76.4249,73.8061,71.6687,70.2225,68.8387,67.5134,66.2272,64.4327,62.3897,58.5881,51.1491,39.5540,26.3721,11.7006
6.616,0.023426223714193464,0.8293282857716797,0.0,4,192.376,0.374291,-0.0419898,14628.8,0.0,5.0997,10.2864,15.0901,22.9772,80.1771,74.4126,71.6837,69.4658,67.9698,66.5419,65.1776,63.8729,62.1394,60.2609,56.8027,50.1206,39.9366,28.4129,12.1834
6.726,0.007676304986666915,0.828584948931664,0.0,4,194.66,0.413263,-0.0482381,14790.6,0.0,4.7549,9.4946,13.8145,21.6565,74.3928,68.9393,66.3630,64.2717,62.8625,61.5182,60.2348,59.0082,57.3798,55.6353,52.5323,46.6247,37.8430,28.1390,12.6149
6.838,0.002515371618031015,0.8298848781753028,0.0,4,196.927,0.460183,-0.0501043,14954.9,0.0,4.3673,8.6947,12.7043,80.4964,67.5190,62.5403,60.1899,58.2826,56.9978,55.7724,54.6028,53.4852,52.0017,50.4129,47.6539,42.4989,35.0061,26.8845,13.0606
6.948,0.13598981158981516,0.8313287999273581,0.0,5,197.118,0.516209,-0.0797746,13129.2,0.0,3.8133,7.3441,11.0046,80.8081,66.3550,60.9638,58.4474,56.4187,55.0586,53.7665,52.5377,51.3676,49.8205,48.1713,45.3787,40.6225,33.8479,26.5303,13.7221
7.057,0.04456114146175062,0.8320187879570716,0.0,5,198.533,0.602898,-0.107462,13519.9,0.0,3.0890,6.0424,9.1603,89.8496,70.4627,63.6580,60.5558,58.0882,56.4502,54.9061,53.4482,52.0696,50.2612,48.3508,45.1566,39.9607,33.4900,26.5896,14.2662
7.166,0.014601794834186443,0.8313037211252733,0.0,5,200.273,0.670457,-0.0456952,13595.8,0.0,2.7047,5.8694,10.2784,85.0523,65.7197,59.0652,56.0536,53.6679,52.0891,50.6042,49.2053,47.8851,46.1574,44.3373,41.3052,36.4028,30.5382,24.6430,14.0078
7.276,0.04907584050189121,0.8319141951352046,0.0,5,201.973,0.677924,0.0226585,13737.3,0.0,2.8348,7.3623,159.3770,77.3954,59.2964,53.1360,50.3595,48.1651,46.7153,45.3535,44.0722,42.8645,41.2859,39.6254,36.8648,32.4164,27.1298,22.1864,13.2935
7.386,0.0695852278511597,0.8300346434619039,0.0,5,203.504,0.625854,0.0589356,13906.8,0.0,3.4416,10.8773,200.0000,86.9121,62.1828,54.4848,51.1235,48.5124,46.8090,45.2246,43.7470,42.3661,40.5781,38.7178,35.6704,30.8754,25.3539,20.4916,12.5466
7.496,0.02280168746226801,0.8288164082195967,0.0,5,205.192,0.523341,0.11397,13992.4,0.0,4.7345,23.0281,200.0000,88.1320,59.9581,51.7386,48.2258,45.5284,43.7831,42.1698,40.6742,39.2838,37.4944,35.6453,32.6441,27.9899,22.7313,18.1860,11.3306
7.606,0.09530538502872973,0.8288027168953974,0.0,5,206.876,0.360593,0.177632,14168.5,0.0,7.0291,34.3797,200.0000,82.5531,54.3160,46.4218,43.0933,40.5554,38.9216,37.4171,36.0272,34.7394,33.0879,31.3882,28.6446,24.4262,19.7119,15.6804,9.7537
7.717,0.06546895056421416,0.8284127305222838,0.0,5,208.45,0.146859,0.180183,14278.1,0.0,8.9972,33.9331,174.9920,118.6860,62.4729,50.5498,45.8911,42.4729,40.3308,38.3972,36.6431,35.0449,33.0321,31.0028,27.8138,23.1089,18.1159,14.0505,8.3674
7.827,0.021452865720881696,0.8292261018969169,0.0,5,210.186,-0.0485721,0.158302,14265.8,0.0,10.7217,36.4838,123.0830,158.0410,64.5961,49.8924,44.5019,40.6642,38.3079,36.2124,34.3367,32.6481,30.5488,28.4624,25.2433,20.6225,15.8788,12.1317,7.0499
7.938,0.13225857387176226,0.8290333403195818,0.0,5,211.778,-0.218732,0.136128,14406.4,0.0,12.0945,37.6458,99.8338,182.0680,70.7387,50.7519,44.1159,39.5924,36.8937,34.5418,32.4742,30.6423,28.4028,26.2178,22.9236,18.3512,13.8387,10.3968,5.8851
8.048,0.056521757758299054,0.8284883012059207,0.0,5,213.218,-0.3553,0.0893815,14509.0,0.0,12.6828,33.9010,67.8952,189.2450,169.4220,84.5837,64.8207,53.8251,48.0120,43.3352,39.4913,36.2763,32.5686,29.1670,24.4015,18.4218,13.1396,9.4654,5.0407
8.156,0.08980449988458317,0.828309702789156,0.0,5,214.82,-0.456709,0.0708073,14596.5,0.0,13.3376,33.8955,63.2488,185.6660,171.5580,119.9720,79.2640,61.1255,52.5419,46.0753,41.0288,36.9812,32.4970,28.5464,23.2577,16.9969,11.7854,8.3232,4.3155
8.270,0.11971236228038021,0.8287330546599507,0.0,5,216.046,-0.522234,0.0136845,14728.6,0.0,13.0970,29.2176,46.9566,84.3531,179.2520,173.6880,169.9400,165.9100,162.2790,157.2090,127.9200,92.0766,66.1397,50.0397,34.3714,21.1650,12.9548,8.4691,3.9996
8.378,0.03922734687203498,0.8289922473509727,0.0,5,217.489,-0.539653,-0.0194799,14791.4,0.0,12.8172,26.8604,40.7091,65.4337,103.5940,173.3910,170.8160,168.2580,166.2140,163.9390,161.3600,158.3480,152.7640,114.3680,54.8991,26.9438,14.6282,8.9944,3.9845
8.488,0.012854017023028425,0.8288603358619667,0.0,5,219.1,-0.523919,-0.0281914,14885.7,0.0,12.5812,25.9692,38.8423,61.0388,93.4463,127.4130,165.4870,163.1930,161.3830,159.4000,157.2040,154.7290,150.5640,143.5210,68.6495,30.4389,15.8467,9.5603,4.1585
8.597,0.0034435861445059543,0.8252693064177493,0.0,5,220.713,-0.49471,-0.0303472,14991.6,0.0,12.3150,25.3264,37.7618,59.0290,89.6889,121.3350,158.9080,156.7230,155.0100,153.1460,151.0980,148.8170,145.0700,139.2850,76.8391,33.0627,17.0192,10.2172,4.4238
8.709,-0.011291592999199539,0.5117367053113431,0.05999908447265625,5,221.502,-0.461242,-0.0303953,14878.8,0.0,12.0387,24.7561,36.9090,57.6893,87.6387,118.5420,151.9370,149.8230,148.1740,146.3880,144.4360,142.2790,138.7810,133.5860,82.0285,35.2710,18.1513,10.8956,4.7171
8.818,-0.014807195265177705,0.16768588359642086,0.24110687388610838,5,217.471,-0.431783,-0.0177088,14413.0,0.0,11.9395,25.0999,38.1470,61.6147,98.2802,145.1790,142.8490,140.5840,138.8070,136.8690,134.7270,132.3150,128.2350,120.9390,65.4617,32.6955,17.8911,11.0414,4.9092
8.930,-0.00485202174449343,0.05494731033687519,0.5931395763736281,5,209.121,-0.412406,-0.0112031,13649.9,0.0,11.8526,25.2110,38.7214,63.7266,104.7160,137.3180,134.9450,132.6380,130.8260,128.8440,126.6430,124.1420,119.8000,108.7320,60.1874,31.8357,17.9017,11.1939,5.0427
9.032,-0.0015899104852356073,0.018005134651187263,0.7817190320776782,5,197.008,-0.399841,-0.00993323,12688.6,0.0,11.7618,25.0760,38.5955,63.7633,134.7660,130.9620,128.6370,126.3850,124.6230,122.7020,120.5790,118.1800,114.0700,105.7060,60.1722,32.1501,18.1696,11.3896,5.1439
9.132,-0.0005209818678020038,0.005899922522501043,0.8173154040127992,5,184.63,-0.390051,-0.00990832,11779.9,0.0,11.6798,24.9024,38.3298,63.3292,129.1130,125.3920,123.1300,120.9510,119.2540,117.4110,115.3870,113.1210,109.3120,102.5950,61.1283,32.6674,18.4637,11.5746,5.2276
9.232,-0.0001707153384413606,0.0019332866121731418,0.8244745388806538,5,172.511,-0.381389,-0.00974399,10957.9,0.0,11.6089,24.7586,38.1191,63.0125,123.7970,120.1520,117.9500,115.8370,114.1980,112.4270,110.4920,108.3400,104.7840,98.9625,61.8270,33.0830,18.7107,11.7332,5.3010
9.337,-5.5940002100465035e-05,0.0006334993570768952,0.817324960957191,5,160.756,-0.373586,-0.00942391,10139.3,0.0,11.5470,24.6410,37.9583,62.8081,118.8030,115.2300,113.0830,111.0310,109.4460,107.7390,105.8830,103.8340,100.4890,95.2800,62.2755,33.4057,18.9168,11.8698,5.3661
9.450,-1.4664335910624307e-05,0.0001660680554615656,0.7230672865362424,4,147.63,-0.365203,-0.00931966,10285.1,0.0,11.4777,24.4978,37.7443,62.4740,113.2840,109.8000,107.7200,105.7410,104.2190,102.5880,100.8250,98.8929,95.7871,91.1753,63.0002,33.8216,19.1601,12.0249,5.4373
9.550,-0.01013689991937049,5.441718041364581e-05,0.3331993948002947,4,137.611,-0.358941,-0.00880069,9992.85,0.0,11.4308,24.4211,37.6591,62.4324,108.9740,105.5550,103.5220,101.5960,100.1190,98.5411,96.8419,94.9897,92.0404,87.7750,63.0812,33.9995,19.2998,12.1246,5.4881
9.670,-0.003942953706511459,1.4265137342354766e-05,0.13108152652659424,4,129.525,-0.352251,-0.00815856,9529.88,0.0,11.3817,24.3450,37.5825,62.4294,104.1130,100.7700,98.7923,96.9263,95.5008,93.9837,92.3571,90.5940,87.8153,83.9014,63.0765,34.1617,19.4398,12.2277,5.5417
9.771,-0.0012920270705496747,4.6744002043428095e-06,0.21725565792992624,3,123.981,-0.347375,-0.00749713,11108.1,0.0,11.3481,24.3027,37.5594,62.5198,100.2450,96.9621,95.0290,93.2105,91.8253,90.3554,88.7848,87.0899,84.4390,80.7721,62.8777,34.2212,19.5229,12.2955,5.5797
9.871,-0.00042337143047771735,1.5317074589590522e-06,0.2555654041558218,3,119.566,-0.343174,-0.00609177,10684.5,0.0,11.3284,24.3239,37.6826,63.0039,96.4270,93.1943,91.2980,89.5189,88.1671,86.7361,85.2111,83.5709,81.0200,77.5344,61.8885,34.0263,19.5146,12.3231,5.6076
9.971,-0.0001387303503389384,5.019099001517023e-07,0.3470801191451702,3,114.186,-0.339695,-0.00514156,10141.7,0.0,11.3097,24.3268,37.7489,63.3072,92.8039,89.6290,87.7740,86.0388,84.7240,83.3357,81.8607,80.2806,77.8387,74.5485,61.3034,33.9301,19.5280,12.3536,5.6319
10.071,-4.5459161199063334e-05,1.644658360817098e-07,0.4230519550876194,3,107.728,-0.336896,-0.00432163,9471.01,0.0,11.2952,24.3329,37.8123,63.7124,89.3696,86.2539,84.4405,82.7493,81.4712,80.1253,78.6998,77.1785,74.8423,71.7358,60.7936,33.8379,19.5334,12.3760,5.6511
10.172,-1.4896057941709071e-05,5.389216516725467e-08,0.5049928978166738,3,100.34,-0.334647,-0.00359809,8763.63,0.0,11.2843,24.3424,37.8749,91.4538,86.1518,83.0948,81.3226,79.6742,78.4319,77.1271,75.7492,74.2842,72.0478,69.1100,60.2322,33.7465,19.5318,12.3916,5.6661
10.272,-4.881140266339228e-06,1.7659384682006014e-08,0.19447107222960303,3,93.5597,-0.332887,-0.00309366,8404.13,0.0,11.2751,24.3456,37.9133,88.4099,83.1779,80.1799,78.4483,76.8423,75.6351,74.3703,73.0387,71.6279,69.4870,66.7063,59.0646,33.6931,19.5363,12.4060,5.6782
10.391,-1.2795616339792307e-06,4.629301738079785e-09,0.02287932717674057,3,91.5503,-0.331254,-0.00258541,8315.64,0.0,11.2670,24.3513,37.9563,84.9161,79.7708,76.8440,75.1610,73.6052,72.4393,71.2216,69.9439,68.5960,66.5641,63.9581,57.2983,33.6327,19.5366,12.4178,5.6892
10.492,-4.192867562223143e-07,1.5169295935339837e-09,0.003845328518594788,3,90.876,-0.330137,-0.00224078,8262.23,0.0,11.2614,24.3551,37.9853,82.0383,76.9701,74.1048,72.4634,70.9504,69.8196,68.6415,67.4090,66.1134,64.1710,61.7047,55.6840,33.5925,19.5372,12.4260,5.6968
10.610,-1.0991350742314238e-07,3.976539913673726e-10,0.00045239905488415834,3,90.2304,-0.329011,-0.00183159,8205.88,0.0,11.2564,24.3632,38.0255,78.5995,73.6286,70.8394,69.2490,67.7881,66.6998,65.5695,64.3911,63.1576,61.3201,59.0134,53.6239,33.5351,19.5320,12.4320,5.7040
10.719,-3.60164581124153e-08,0.01637622083342826,7.603470915438048e-05,3,89.7378,-0.32825,-0.0015074,8169.38,0.0,11.2536,24.3721,38.0613,75.7443,70.8589,68.1353,66.5884,65.1716,64.1192,63.0288,61.8955,60.7133,58.9614,56.7820,51.8418,33.4834,19.5241,12.4343,5.7086
10.837,-9.441498395420996e-09,0.1581700717841582,8.945407497303709e-06,3,89.6817,-0.327526,-0.00143003,8229.89,0.0,11.2484,24.3642,38.0543,72.3466,67.5729,64.9328,63.4408,62.0794,61.0715,60.0307,58.9529,57.8334,56.1848,54.1556,49.7008,33.4981,19.5380,12.4449,5.7143
10.951,-2.475032155369242e-09,0.22510288607903634,1.0524182466502841e-06,3,90.1952,-0.326799,-0.00143003,8308.15,0.0,11.2422,24.3509,38.0335,68.9340,64.2794,61.7267,60.2914,58.9869,58.0245,57.0339,56.0119,54.9549,53.4079,51.5230,47.4966,33.5343,19.5591,12.4584,5.7205
11.071,-6.488148293371146e-10,0.2572030526089279,1.238159543001593e-07,3,90.9633,-0.326072,-0.00143003,8394.92,0.0,11.2360,24.3376,38.0498,65.4834,60.9556,58.4941,57.1173,55.8710,54.9548,54.0150,53.0490,52.0541,50.6068,48.8603,45.2165,33.5706,19.5802,12.4718,5.7267
11.191,-1.7008291462174859e-10,0.2712438092887398,1.4566823207459446e-08,3,91.8623,-0.325338,-0.00143003,8486.01,0.0,11.2298,24.3241,68.4794,61.9868,57.5944,55.2281,53.9118,52.7253,51.8563,50.9679,50.0582,49.1253,47.7761,46.1626,42.8657,33.6071,19.6016,12.4854,5.7329
11.312,-4.4586215570603666e-11,0.27125804300156237,1.7137721835343965e-09,3,92.7993,-0.324608,-0.00143003,8570.95,0.0,11.2236,24.3107,64.8081,58.4398,54.1921,51.9256,50.6721,49.5470,48.7262,47.8899,47.0368,46.1657,44.9130,43.4279,40.4490,33.0429,19.6228,12.4989,5.7391
11.430,-1.168800889454033e-11,0.26206759928397655,2.0162358362063825e-10,3,93.7072,-0.323861,-0.00143003,8653.73,0.0,11.2173,24.2970,61.0693,54.8413,50.7484,48.5866,47.3981,46.3363,45.5645,44.7811,43.9850,43.1754,42.0179,40.6569,37.9720,31.7719,19.6445,12.5128,5.7454
11.551,-3.0639414036503803e-12,0.13364656124669874,2.3720812989384475e-11,3,94.3134,-0.323146,-0.00143009,8640.57,0.0,11.2112,24.2838,57.2637,51.1931,47.2660,45.2139,44.0929,43.0959,42.3743,41.6443,40.9054,40.1572,39.0933,37.8521,35.4406,30.1570,19.6653,12.5260,5.7515
11.652,0.04726914911412101,0.043793305189318246,3.986757039125849e-12,3,94.1175,-0.322046,-0.00501847,8577.72,0.0,11.1621,24.0918,54.2955,48.3901,44.6222,42.6718,41.6123,40.6738,39.9969,39.3143,38.6257,37.9310,36.9475,35.8076,33.6194,28.9935,20.0380,12.6792,5.7817
11.772,0.06967508141767033,0.011480152195548644,4.69037978896117e-13,3,93.5507,-0.313535,-0.0293137,8509.52,0.0,10.8329,22.7441,52.0011,46.3909,42.8677,41.0640,40.0909,39.2330,38.6166,37.9971,37.3747,36.7493,35.8690,34.8554,32.9341,29.0076,22.1714,13.8346,6.0034
11.872,0.0592618429421344,0.00376181627143738,7.883121311307039e-14,3,93.0095,-0.297167,-0.0494617,8457.56,0.0,10.5005,21.9688,50.0508,44.6680,41.3297,39.6349,38.7248,37.9254,37.3527,36.7785,36.2030,35.6263,34.8170,33.8898,32.1455,28.6436,22.8291,15.1461,6.2820
11.975,0.0689193890133829,0.0012326719558246007,1.3249161987913745e-14,3,92.4555,-0.272481,-0.0692713,8406.13,0.0,10.1211,21.8060,48.0535,42.8835,39.7158,38.1204,37.2674,36.5201,35.9862,35.4522,34.9182,34.3842,33.6370,32.7839,31.1890,28.0290,22.9321,16.4851,6.6494
12.091,0.028545726521764247,0.00032313755718768415,1.558750658716064e-15,3,91.8039,-0.231969,-0.0908466,8347.43,0.0,9.6205,52.2043,45.5003,40.5694,37.5920,36.1059,35.3154,34.6252,34.1333,33.6425,33.1529,32.6646,31.9835,31.2088,29.7690,26.9531,22.5205,17.1032,7.1998
12.211,0.13970861006406549,8.470857179140826e-05,1.8338545624728623e-16,3,91.1461,-0.183059,-0.108447,8287.97,0.0,9.1065,49.2096,42.6847,37.9801,35.1819,33.7980,33.0656,32.4284,31.9755,31.5245,31.0756,30.6290,30.0078,29.3039,28.0032,25.4872,21.6042,16.9700,7.8249
12.311,0.22621890064551073,2.7757304804608662e-05,3.08215936314814e-17,3,90.4904,-0.127686,-0.160066,8225.81,0.0,8.3462,48.6303,42.2937,37.7599,35.0774,33.7552,33.0563,32.4488,32.0174,31.5882,31.1613,30.7369,30.1469,29.4789,28.2460,25.8670,22.2035,17.8216,8.8083
12.431,0.16271191133859897,7.276410910699334e-06,3.626129669150155e-18,3,89.7094,-0.033528,-0.230278,8155.56,0.0,7.3998,48.3097,42.1763,37.8161,35.2477,33.9845,33.3176,32.7384,32.3273,31.9184,31.5120,31.1080,30.5467,29.9115,28.7400,26.4819,23.0051,18.8259,9.9029
12.551,0.1593639123093125,1.907467461774366e-06,4.2661052944584667e-19,3,88.9713,0.0864671,-0.251987,8090.4,0.0,6.6119,47.3015,41.3392,37.1399,34.6820,33.4773,32.8425,32.2919,31.9014,31.5133,31.1277,30.7447,30.2130,29.6120,28.5056,26.3779,23.1134,19.1941,10.6586
12.652,0.15791910031487882,6.250389378742242e-07,7.170043168396346e-20,3,88.3852,0.18066,-0.22327,8037.2,0.0,6.0373,46.3795,40.5441,36.4663,34.0921,32.9321,32.3216,31.7925,31.4175,31.0452,30.6755,30.3085,29.7995,29.2246,28.1672,26.1386,23.0357,19.3172,11.1324
12.753,0.1537798161566795,2.0481275916262577e-07,1.205069155312374e-20,2,87.8451,0.262812,-0.193516,10052.0,0.0,5.5424,45.4118,39.6905,35.7235,33.4263,32.3069,31.7188,31.2096,30.8490,30.4912,30.1361,29.7837,29.2953,28.7442,27.7319,25.7944,22.8401,19.3081,11.4813
12.871,0.14480587889165955,5.3690435937927374e-08,1.4177518105334552e-21,2,86.963,0.344607,-0.154926,9916.46,0.0,5.0701,44.1289,38.5306,34.6871,32.4759,31.4027,30.8399,30.3531,30.0087,29.6671,29.3284,28.9927,28.5278,28.0038,27.0427,25.2084,22.4237,19.1076,11.7345
12.973,0.13746596874994946,1.759328204814004e-08,2.382815467963579e-22,2,86.0632,0.397901,-0.121567,9816.22,0.0,4.7856,43.0001,37.4934,33.7445,31.6003,30.5627,30.0194,29.5501,29.2183,28.8895,28.5637,28.2409,27.7941,27.2910,26.3697,24.6161,21.9638,18.8178,11.8248
13.092,0.12901483683465864,4.611973329227623e-09,2.803358569904472e-23,2,85.0267,0.443595,-0.078705,9701.16,0.0,4.5995,41.4746,36.0724,32.4349,30.3698,29.3749,28.8549,28.4063,28.0895,27.7758,27.4653,27.1579,26.7330,26.2552,25.3816,23.7242,21.2312,18.2912,11.7811
13.210,0.1447952468299365,1.209001136417046e-09,3.298123323906912e-24,2,84.0297,0.468716,-0.033662,9589.86,0.0,4.6033,39.8011,34.4997,30.9725,28.9862,28.0334,27.5368,27.1090,26.8072,26.5086,26.2133,25.9212,25.5179,25.0650,24.2387,22.6772,20.3418,17.6065,11.5915
13.311,0.2998569402497492,3.961654923811377e-10,5.543155870490348e-25,2,83.1041,0.477056,-0.014739,9479.37,0.0,4.6273,39.1962,33.9188,30.4256,28.4656,27.5273,27.0385,26.6178,26.3211,26.0278,25.7378,25.4512,25.0555,24.6114,23.8020,22.2746,19.9965,17.3362,11.5076
13.413,0.3704545759854186,1.2981550854345122e-10,9.316382071533127e-26,2,82.047,0.48262,-0.0257595,9346.15,0.0,4.5129,39.9122,34.5641,31.0137,29.0178,28.0611,27.5626,27.1332,26.8305,26.5311,26.2350,25.9423,25.5381,25.0842,24.2566,22.6938,20.3595,17.6298,11.6405
13.513,0.3509801861913551,4.2537945839518094e-11,1.565804334762573e-26,2,80.9143,0.490667,-0.0503912,9208.01,0.0,4.3144,41.5387,35.8140,32.1703,30.1125,29.1236,28.6077,28.1630,27.8492,27.5387,27.2315,26.9276,26.5076,26.0357,25.1743,23.5442,21.1009,18.2323,11.9079
13.635,0.25343910926884256,1.1151067274154632e-11,1.8421531418048197e-27,2,79.5871,0.506707,-0.0780624,9056.76,0.0,4.0494,44.6110,37.3770,33.5664,31.4432,30.4199,29.8852,29.4238,29.0980,28.7754,28.4560,28.1399,27.7027,27.2110,26.3121,24.6064,22.0387,19.0076,12.2765
13.752,0.18085750764185632,2.9231853795159917e-12,2.167274749801953e-28,2,78.4574,0.529333,-0.0825816,8945.81,0.0,3.8373,46.0816,38.5661,34.0806,31.9184,30.8865,30.3471,29.8816,29.5529,29.2273,28.9049,28.5856,28.1442,27.6475,26.7393,25.0147,22.4153,19.3413,12.4919
13.853,0.15406348579029283,9.578693851598003e-13,3.642538671992143e-29,2,77.682,0.550357,-0.0673296,8874.09,0.0,3.7159,45.9944,38.9094,33.9082,31.5751,30.5479,30.0157,29.5565,29.2323,28.9113,28.5936,28.2791,27.8444,27.3556,26.4622,24.7674,22.2177,19.2082,12.5109
13.971,0.08672883433886962,2.510997121033307e-13,4.2854103222120364e-30,2,76.9228,0.569821,-0.028954,8797.75,0.0,3.6961,44.7298,38.0242,32.9202,30.4574,29.3880,28.8557,28.4098,28.0985,27.7904,27.4857,27.1843,26.7681,26.3005,25.4476,23.8349,21.4205,18.5870,12.3229
14.073,0.06825619076702016,8.22803536620194e-14,7.202489128541769e-31,2,76.3474,0.572416,0.0166565,8735.27,0.0,3.8743,42.9082,36.3844,31.4018,28.9547,27.8961,27.3700,26.9300,26.6266,26.3320,26.0432,25.7579,25.3643,24.9228,24.1190,22.6050,20.3522,17.7276,11.9786
14.174,0.13111203663962895,2.6961626287970515e-14,1.210522347834015e-31,2,75.7595,0.560847,0.0544323,8668.58,0.0,4.1856,41.4154,35.0973,30.2470,27.7542,26.6818,26.1502,25.7061,25.4003,25.1036,24.8157,24.5361,24.1580,23.7375,22.9734,21.5388,19.4157,16.9578,11.6228
14.294,0.14716158053305128,7.0678285616337425e-15,1.4241674370032406e-32,2,75.0536,0.53336,0.0868098,8588.36,0.0,4.6773,40.1735,34.1188,29.5517,26.8905,25.7499,25.1871,24.7184,24.3963,24.0843,23.7820,23.4889,23.0935,22.6616,21.9051,20.5347,18.5185,16.1995,11.2176
14.413,0.21827798487543668,1.8527888504609157e-15,1.6755187479599422e-33,2,74.3227,0.494681,0.109836,8505.14,0.0,5.2875,39.2542,33.4366,29.1680,26.5453,25.2833,24.6646,24.1513,23.7997,23.4599,23.1315,22.8138,22.3863,21.9208,21.1089,19.6914,17.7453,15.5270,10.8099
14.536,0.2791331605701427,4.8569748041522625e-16,1.971231051787393e-34,2,73.531,0.452555,0.10903,8413.07,0.0,5.7641,39.3412,33.7318,29.7106,27.2955,26.0859,25.4403,24.8755,24.4723,24.0695,23.6716,23.2881,22.7744,22.2184,21.2566,19.6005,17.4436,15.2125,10.5302
14.654,0.35182840670082766,1.2732268030596907e-16,2.3191336201173502e-35,2,72.6649,0.414558,0.0895436,8310.34,0.0,6.0052,40.1948,34.7299,30.8796,28.6005,27.4703,26.8705,26.3479,25.9759,25.6053,25.2357,24.8669,24.3519,23.7656,22.6744,20.5795,17.8664,15.2500,10.3928
14.773,0.37311400751757406,3.3376876706127955e-17,2.7284375127318622e-36,2,71.7456,0.386677,0.0550954,8203.14,0.0,5.9858,41.6613,36.2693,32.5164,30.3152,29.2307,28.6567,28.1574,27.8026,27.4493,27.0978,26.7479,26.2603,25.7064,24.6788,22.6745,19.4948,16.0063,10.4247
14.894,0.26262530730192335,8.749547967251206e-18,3.209979449353909e-37,2,70.9255,0.370978,0.0242157,8113.31,0.0,5.8826,42.9550,37.5875,33.8885,31.7337,30.6771,30.1190,29.6341,29.2899,28.9475,28.6069,28.2684,27.7975,27.2633,26.2743,24.3527,21.3262,17.5153,10.5308
15.012,0.16895684940288347,2.2936415023271e-18,3.7765087223703805e-38,2,70.2713,0.362594,0.0238698,8047.28,0.0,5.9278,42.8835,37.5562,33.9253,31.8277,30.8029,30.2634,29.7957,29.4642,29.1347,28.8072,28.4816,28.0291,27.5170,26.5721,24.7449,21.8913,18.3346,10.5970
15.114,0.1475220280232136,7.5158044748254425e-19,6.347178209687898e-39,2,69.7928,0.354359,0.03913,7996.39,0.0,5.9457,42.0982,36.8244,33.2662,31.2246,30.2329,29.7116,29.2600,28.9401,28.6224,28.3071,27.9943,27.5603,27.0702,26.1669,24.4262,21.7308,18.4054,10.6866
15.235,0.1362330274667886,1.9702230482486404e-19,7.467391691915716e-40,2,69.2518,0.338885,0.0437033,7934.68,0.0,5.8719,40.8892,35.6828,32.2137,30.2415,29.2873,28.7877,28.3560,28.0506,27.7475,27.4469,27.1488,26.7357,26.2699,25.4148,23.7765,21.2607,18.1923,10.8952
15.335,0.17880864852888445,6.456026884501145e-20,1.2550445216602745e-40,2,68.8065,0.332731,0.010479,7883.12,0.0,5.7222,39.8692,34.7123,31.3100,29.3899,28.4647,27.9809,27.5634,27.2684,26.9762,26.6869,26.4003,26.0035,25.5564,24.7368,23.1733,20.7886,17.9072,11.1171
15.452,0.2776885932994236,1.692408711610668e-20,1.4765473292880966e-41,2,68.2139,0.344195,-0.0520337,7813.22,0.0,5.2964,39.6633,34.4699,31.0732,29.1674,28.2525,27.7753,27.3640,27.0735,26.7857,26.5008,26.2188,25.8288,25.3901,24.5879,23.0618,20.7467,17.9666,11.4681
15.553,0.2714006626764242,5.545684866205838e-21,2.4816330963345042e-42,2,67.7213,0.374167,-0.115786,7757.57,0.0,4.8382,40.0663,34.7803,31.3401,29.4162,28.4952,28.0148,27.6007,27.3085,27.0193,26.7333,26.4502,26.0593,25.6198,24.8163,23.2894,20.9816,18.2210,11.7964
15.655,0.24872683795823253,0.007636212890625,4.170880745009402e-43,2,67.2965,0.422793,-0.174755,7715.04,0.0,4.4489,40.3702,34.9896,31.5056,29.5649,28.6366,28.1532,27.7370,27.4436,27.1534,26.8664,26.5825,26.1901,25.7492,24.9441,23.4190,21.1184,18.3785,12.0407
15.756,0.2538579295408499,0.01764214439625,7.009999268137303e-44,2,66.9228,0.475832,-0.146938,7680.87,0.0,4.1200,40.6571,35.1748,31.6422,29.6804,28.7445,28.2579,27.8388,27.5434,27.2513,26.9624,26.6768,26.2827,25.8401,25.0334,23.5057,21.2105,18.4870,12.2293
15.872,0.24899457065177882,0.02545804558186056,8.247194038970855e-45,2,66.5437,0.528588,-0.114095,7642.64,0.0,3.7892,41.0127,35.3979,31.7994,29.8089,28.8616,28.3691,27.9454,27.6470,27.3522,27.0608,26.7730,26.3761,25.9306,25.1185,23.5849,21.2889,18.5780,12.4008
15.972,0.2426346188808868,0.03873485214188906,1.3861059021298316e-45,2,66.2795,0.564041,-0.0881774,7621.03,0.0,3.5734,41.2457,35.5192,31.8658,29.8520,28.8946,28.3977,27.9708,27.6703,27.3733,27.0800,26.7901,26.3904,25.9421,25.1262,23.5891,21.2933,18.5938,12.4896
16.095,0.23436393557450305,0.07034511532988336,1.6307397327967257e-46,2,66.1208,0.596476,-0.0605426,7619.6,0.0,3.3843,41.5058,35.6380,31.9146,29.8693,28.8999,28.3973,27.9654,27.6615,27.3614,27.0651,26.7726,26.3695,25.9180,25.0971,23.5524,21.2553,18.5674,12.5451
16.213,0.22614201586890906,0.10252472569428694,1.9185489882380202e-47,2,66.157,0.618915,-0.0334501,7643.71,0.0,3.2717,41.6883,35.6788,31.8855,29.8103,28.8287,28.3201,27.8836,27.5767,27.2738,26.9751,26.6803,26.2743,25.8196,24.9934,23.4434,21.1461,18.4725,12.5401
16.314,0.250756835255362,0.12208712828737894,3.224505284531641e-48,2,66.301,0.630589,-0.0141804,7669.4,0.0,3.2313,41.8634,35.7247,31.8665,29.7626,28.7690,28.2549,27.8142,27.5043,27.1985,26.8969,26.5994,26.1898,25.7315,24.9002,23.3427,21.0419,18.3749,12.5069
16.416,0.27202210723649906,0.13311128949408332,5.41942603171233e-49,2,66.5249,0.637663,0.000304699,7713.28,0.0,3.2140,42.2055,35.9108,31.9691,29.8251,28.8148,28.2922,27.8442,27.5294,27.2191,26.9131,26.6115,26.1966,25.7324,24.8906,23.3165,20.9977,18.3213,12.4780
16.536,0.2773678889402622,0.14222445282626198,6.37590053204924e-50,2,66.7849,0.641336,0.0156791,7750.76,0.0,3.2279,42.6775,36.1803,32.1283,29.9317,28.8978,28.3638,27.9064,27.5853,27.2688,26.9569,26.6494,26.2265,25.7537,24.8974,23.2999,20.9537,18.2584,12.4300
16.637,0.27610119579686954,0.14781743487398452,1.071597602421516e-50,2,67.0426,0.640832,0.0237696,7780.81,0.0,3.2625,43.2082,36.4929,32.3351,30.0861,29.0294,28.4842,28.0172,27.6894,27.3663,27.0480,26.7345,26.3034,25.8219,24.9508,23.3266,20.9491,18.2280,12.3880
16.754,0.2731602292063,0.1533628200538558,1.2607238632728895e-51,2,67.3664,0.636938,0.0318257,7827.77,0.0,3.3241,44.2369,36.9438,32.6458,30.3267,29.2391,28.6781,28.1979,27.8610,27.5291,27.2024,26.8807,26.4386,25.9450,25.0523,23.3917,20.9678,18.2065,12.3338
16.855,0.270872140155427,0.15616553629712246,2.1188985970027457e-52,2,67.6528,0.631583,0.03709,7861.62,0.0,3.3911,45.4953,37.3506,32.9281,30.5473,29.4315,28.8565,28.3647,28.0199,27.6804,27.3461,27.0169,26.5646,26.0599,25.1481,23.4548,20.9892,18.1904,12.2832
16.974,0.26850622483347864,0.16238120053457286,2.4928630103877604e-53,2,68.023,0.623226,0.0402982,7905.95,0.0,3.4802,47.7554,38.0275,33.3446,30.8809,29.7279,29.1343,28.6269,28.2710,27.9207,27.5760,27.2366,26.7707,26.2511,25.3135,23.5738,21.0492,18.1960,12.2262
17.086,0.2669038564471249,0.17218099757241884,4.189754861558709e-54,2,68.4023,0.614513,0.0420491,7962.27,0.0,3.5640,50.8150,39.0667,33.7887,31.2418,30.0518,29.4393,28.9158,28.5488,28.1878,27.8326,27.4831,27.0036,26.4690,25.5043,23.7180,21.1318,18.2209,12.1788
17.191,0.26574393209394215,0.1805151286595302,7.041720995821722e-55,2,68.8366,0.605386,0.0417706,8017.19,0.0,3.6457,55.3207,40.6628,34.4497,31.6605,30.4298,29.7966,29.2557,28.8769,28.5042,28.1377,27.7771,27.2824,26.7309,25.7368,23.8990,21.2448,18.2684,12.1390
17.304,0.264908389088817,0.18720044345290487,1.1835020477677569e-55,2,69.3094,0.59638,0.0393683,8078.49,0.0,3.7161,62.3394,43.1203,35.5970,32.3282,30.9390,30.2541,29.6838,29.2910,28.9050,28.5255,28.1522,27.6401,27.0698,26.0425,24.1449,21.4114,18.3573,12.1153
17.415,0.26453685846393393,0.18943776904502288,1.9891118916832694e-56,2,69.8025,0.588189,0.0361649,8137.83,0.0,3.7716,73.8703,46.8201,37.3833,33.4563,31.8173,31.0156,30.3512,29.8965,29.4575,29.0333,28.6233,28.0720,27.4722,26.4081,24.4447,21.6227,18.4809,12.1076
17.524,0.2646523170847357,0.19664910292629809,3.343100356352071e-57,2,70.324,0.581383,0.0303189,8202.54,0.0,3.8058,152.4150,52.6360,40.1619,35.2714,33.2788,32.3141,31.5196,30.9785,30.4578,29.9567,29.4740,28.8273,28.1272,26.9157,24.8249,21.9015,18.6575,12.1241
17.632,0.26513658025214204,0.20905920656251437,5.6187487689209254e-58,2,70.901,0.576552,0.0231778,8281.99,0.0,3.8133,121.2680,62.3245,44.5157,38.1151,35.5920,34.3875,33.4037,32.7377,32.1001,31.4893,30.9035,30.1229,29.2830,27.8420,25.3958,22.2571,18.8948,12.1694
17.741,0.2683026171076106,0.2168181165095297,9.4434310559254e-59,2,71.5426,0.574336,0.014837,8363.35,0.0,3.7904,90.8248,155.6500,51.5754,42.5887,39.2116,37.6306,36.3538,35.4968,34.6818,33.9060,33.1665,32.1879,31.1434,29.3719,26.4214,22.7535,19.1971,12.2472
17.856,0.2648072396063833,0.22403926119909268,1.5871574575693817e-59,2,72.2297,0.575296,0.00432843,8448.26,0.0,3.7338,13.8340,124.4380,64.0224,49.9563,45.0518,42.8214,41.0498,39.8750,38.7686,37.7246,36.7381,35.4450,34.0803,31.8015,28.1024,23.6628,19.5863,12.3642
17.962,0.26803813065307874,0.22945485112534367,2.6675355389368603e-60,2,72.9433,0.579933,-0.00703079,8537.64,0.0,3.6410,11.2220,95.3887,137.6520,63.1851,55.0528,51.5501,48.8389,47.0748,45.4370,43.9126,42.4903,40.6521,38.7436,35.6266,30.7446,25.1569,20.2656,12.5235
18.074,0.2409001369654678,0.2437235468667526,4.483326980291182e-61,2,73.7248,0.589001,-0.0198978,8640.29,0.0,3.5076,9.6756,59.7990,107.7580,132.4630,145.5280,75.0169,63.6489,60.0739,57.2824,54.7493,52.4347,49.5107,46.5523,41.8825,34.9456,27.5220,21.4301,12.7351
18.181,0.08894815812389449,0.3600615974622975,7.535127655775389e-62,2,75.0988,0.598923,-0.0137103,8869.32,0.0,3.4418,9.4904,27.7953,88.6615,112.0850,124.1290,130.7430,136.6620,140.9720,145.3550,149.8150,64.2806,58.5260,54.2339,47.7575,38.6170,29.4192,22.2827,12.7674
18.291,0.029146532454037744,0.4575833787876956,1.2664289051061697e-62,2,77.3608,0.599548,0.0179908,9222.21,0.0,3.5561,10.4007,26.7008,81.3664,104.0120,115.5610,121.8950,127.5580,131.6790,135.8690,140.1340,144.4730,64.2955,56.9374,49.5395,39.4999,29.6679,22.2185,12.5162
18.400,0.009550735754539087,0.5152353004674021,2.1284870608119396e-63,2,80.2117,0.58472,0.0591781,9639.48,0.0,3.8756,11.6568,28.7797,78.3314,100.1080,111.2880,117.4300,122.9270,126.9310,131.0040,135.1500,139.3720,145.4190,57.4019,49.2395,39.0481,29.1711,21.7546,12.1772
18.513,0.003129585092047368,0.5654063931009083,3.577348203106627e-64,2,83.4159,0.551238,0.103478,10095.4,0.0,4.3697,13.0771,31.8608,76.6914,97.5699,108.4150,114.3910,119.7500,123.6570,127.6350,131.6880,135.8180,141.7380,56.8065,48.0893,38.0591,28.3757,21.1287,11.7994
18.622,0.10219669637650894,0.6357336344694307,6.012449124961309e-65,2,86.9752,0.504123,0.10122,10672.1,0.0,4.7074,13.0288,27.5466,66.4325,86.2948,96.4551,102.0360,107.0330,110.6730,114.3770,118.1480,121.9890,127.4920,133.9700,54.4521,40.7365,29.5229,21.5160,11.6457
18.731,0.03348781346865445,0.7000721407023179,1.0105123244322472e-65,2,91.0132,0.46286,0.0781323,11380.8,0.0,4.9601,12.8516,24.6150,56.9702,75.9178,85.4327,90.6418,95.2982,98.6875,102.1340,105.6410,109.2130,114.3280,120.3480,132.1760,44.1133,30.9464,22.0324,11.5467
18.842,0.010973286717408689,0.7379795492215856,1.698368063673278e-66,2,95.4403,0.426359,0.0671889,12016.5,0.0,5.2305,13.1693,24.2774,52.5383,70.2683,79.2515,84.1821,88.5955,91.8110,95.0832,98.4155,101.8110,106.6770,112.4090,123.6850,45.8969,31.3355,22.0393,11.3656
18.951,0.003595726591560479,0.7613155175951792,2.8544472046156782e-67,2,100.13,0.392579,0.0620877,12516.2,0.0,5.5064,13.6872,24.8233,50.2953,66.6592,75.1478,79.8342,84.0415,87.1134,90.2440,93.4366,96.6939,101.3680,106.8830,117.7540,47.6013,31.1535,21.7813,11.1463
19.062,0.0011782476895225377,0.7763545113837134,4.797469416797572e-68,2,104.786,0.359914,0.0596139,13303.9,0.0,5.7863,14.2953,25.7294,48.7753,63.8316,71.8456,76.3014,80.3170,83.2559,86.2568,89.3226,92.4556,96.9591,102.2820,112.8040,50.8894,30.6956,21.3979,10.9087
19.175,0.00038608820290274515,0.7913295826183402,8.063106848811678e-69,2,109.714,0.327251,0.0577275,13820.3,0.0,6.0687,14.9238,26.7086,47.2514,61.0916,68.6329,72.8571,76.6783,79.4830,82.3528,85.2899,88.2964,92.6270,97.7567,107.9260,130.6620,30.1648,20.9799,10.6646
19.282,0.014168263265764671,0.8137497584917527,1.355166368079779e-69,2,114.641,0.294744,0.0527779,14626.6,0.0,6.3269,15.3743,27.1215,44.8579,57.4521,64.4558,68.4074,71.9960,74.6373,77.3457,80.1236,82.9724,87.0838,91.9663,101.6770,123.5000,29.9780,20.7162,10.4496
19.392,0.004642656506925767,0.8511699193000775,2.277628114831685e-70,3,118.363,0.263756,0.0462357,11961.1,0.0,6.5573,15.6915,27.0729,42.0877,53.4210,59.8464,63.4987,66.8299,69.2892,71.8173,74.4154,77.0858,80.9495,85.5496,94.7333,115.5000,30.4285,20.5533,10.2601
19.502,0.0015213056841894353,0.8882272380624994,3.828009572597613e-71,3,121.217,0.235299,0.0442435,11804.3,0.0,6.7959,16.1881,27.0435,40.1530,50.4657,56.4126,59.8175,62.9365,65.2467,67.6269,70.0792,72.6054,76.2700,80.6457,89.4185,109.3920,31.1051,20.1918,10.0473
19.613,0.0017149850680951944,0.9079973580089449,6.433735688664808e-72,3,125.613,0.20753,0.0421044,12211.5,0.0,7.0263,16.6555,26.5016,38.0471,47.3905,52.8596,56.0130,58.9138,61.0694,63.2966,65.5968,67.9720,71.4264,75.5653,83.9017,103.0300,33.1546,19.8665,9.8407
19.721,0.00969086703596148,0.9154167930223711,1.0813179571938945e-72,3,130.024,0.180377,0.0386283,12634.2,0.0,7.2397,16.9038,25.4803,35.6129,43.9848,48.9515,51.8350,54.4991,56.4857,58.5434,60.6749,62.8813,66.1004,69.9711,77.8079,95.9527,39.8853,19.9477,9.6503
19.832,0.012195286822787994,0.9200706419250705,1.8173710906557787e-73,3,134.459,0.15492,0.0329062,13044.2,0.0,7.4188,16.5910,24.0034,32.7840,40.1518,44.5765,47.1629,49.5631,51.3590,53.2251,55.1636,57.1761,60.1224,63.6794,70.9252,87.8829,125.0770,20.7997,9.4926
19.942,0.013206472709783744,0.9276115233366321,3.054455592065167e-74,3,138.904,0.132371,0.0263764,13467.6,0.0,7.5634,15.8894,22.2651,29.8005,36.1938,40.0739,42.3565,44.4839,46.0817,47.7468,49.4819,51.2893,53.9441,57.1648,63.7706,79.4257,114.0590,22.7674,9.3766
20.051,-0.06309072689712603,0.9351015486544476,5.133623513583926e-75,3,143.41,0.112638,0.0260836,13864.1,0.0,7.5924,15.1240,20.7348,27.3524,33.0120,36.4768,38.5262,40.4443,41.8893,43.3999,44.9784,46.6272,49.0583,52.0210,58.1403,72.8351,105.9690,25.6819,9.4213
20.160,-0.09442586053337525,0.9386943098380894,8.628081039280505e-76,3,147.707,0.0934448,0.0371816,14416.3,0.0,7.8009,15.7605,21.8410,29.1496,35.4892,39.3998,41.7215,43.8989,45.5425,47.2625,49.0623,50.9444,53.7233,57.1145,64.1313,81.0266,120.6980,23.4469,9.1884
20.272,-0.0309414659795764,0.9403534608227451,1.4501215802718745e-76,3,152.112,0.0802752,0.037214,14778.5,0.0,7.9297,16.1776,22.6137,30.4883,37.4147,41.7214,44.2874,46.6998,48.5244,50.4365,52.4394,54.5370,57.6382,61.4290,69.2903,88.2722,138.4870,22.2774,9.0496
20.383,-0.010138899572187594,0.9408971314173972,2.4372193399629404e-77,4,156.097,0.0727692,0.0153257,12185.1,0.0,7.8411,15.6587,21.7172,29.1647,35.7801,39.9284,42.4135,44.7584,46.5364,48.4050,50.3675,52.4279,55.4840,59.2337,67.0554,86.1391,137.3700,23.5882,9.1679
20.491,-0.003322314611814431,0.9410752813978528,4.0962345446757144e-78,4,157.405,0.0779215,-0.0148137,12123.8,0.0,7.5930,14.6759,20.0589,26.6513,32.5393,36.2588,38.4986,40.6206,42.2356,43.9376,45.7310,47.6197,50.4325,53.9018,61.1978,79.2782,129.5410,26.7735,9.4995
20.604,-0.10960930800849936,0.9411336575834485,6.884541399236475e-79,4,160.7,0.101125,-0.0303605,12368.9,0.0,7.3101,13.9499,18.9873,25.1917,30.7865,34.3514,36.5093,38.5619,40.1290,41.7847,43.5349,45.3836,48.1464,51.5691,58.8160,77.0030,128.3490,29.1384,9.8608
20.711,-0.03591677804822507,0.9411527862919444,1.1570848729696744e-79,4,163.899,0.131452,-0.0265105,12616.6,0.0,7.0980,13.7084,18.8386,25.2902,31.2178,35.0394,37.3678,39.5911,41.2939,43.0977,45.0089,47.0319,50.0636,53.8305,61.8379,82.0661,132.4180,28.6818,10.0741
20.824,-0.013082898713654893,0.9411590543871443,1.9447125460001314e-80,4,167.15,0.167142,-0.0414103,12834.4,0.0,6.7246,12.8137,17.5188,23.4562,28.9592,32.5386,34.7318,36.8354,38.4521,40.1709,41.9978,43.9386,46.8589,50.5087,58.3321,78.4598,128.3320,31.7044,10.5613
20.932,-0.18033252860084667,0.9411611083165794,3.268478376062422e-81,4,170.244,0.210381,-0.0372308,13104.4,0.0,6.4067,12.3505,17.0467,23.1046,28.8384,32.6209,34.9565,37.2072,38.9446,40.7964,42.7717,44.8759,48.0539,52.0399,60.6250,84.1681,128.5000,31.6500,10.8900
21.043,-0.11757633752712544,0.9411617813481767,5.493331606648114e-82,4,172.93,0.241793,0.00817269,13402.0,0.0,6.4251,13.3116,19.2707,27.5151,35.7074,41.2253,44.6555,47.9681,50.5257,53.2525,56.1545,59.2406,63.8844,69.8809,84.8483,116.3680,94.6468,25.9509,10.6184
21.155,-0.03852741428088847,0.9397389647777955,9.232642431293484e-83,4,175.926,0.251612,0.0226352,13541.8,0.0,6.4384,13.7140,20.2657,29.6366,39.1692,45.6532,49.6960,53.6033,56.6213,59.8404,63.3888,67.3910,73.9351,83.1834,103.2160,118.6700,51.8144,24.5327,10.5348
21.263,-0.012624663111561536,0.940695773353388,1.5517302134274958e-83,4,179.081,0.249547,0.0110494,13718.8,0.0,6.3854,13.3862,19.6062,28.4672,37.5254,43.7367,47.6317,51.4140,54.3476,57.5886,61.2452,65.4043,72.2835,82.1773,99.9041,113.9660,57.1295,25.3086,10.6323
21.372,-0.008088209121677733,0.9410093003874381,2.607992969707592e-84,4,182.214,0.252004,-0.00626594,13941.0,0.0,6.2609,12.8035,18.4729,26.4421,34.5762,40.1884,43.7285,47.1846,49.8949,52.9281,56.3587,60.2708,66.7664,76.1613,93.8214,107.7550,67.0178,26.8779,10.8403
21.482,-0.022434902752345106,0.9403591072384557,4.38325378418755e-85,4,185.304,0.266118,-0.0172208,14170.7,0.0,6.0824,12.2671,17.5645,24.9804,32.5759,37.8526,41.2009,44.5086,47.2059,50.2560,53.7325,57.7287,64.4490,74.3543,89.5931,102.5070,70.1786,28.2156,11.0854
21.592,-0.026668043375338443,0.9401460519473972,7.366934635084016e-86,4,188.361,0.289866,-0.0249727,14395.8,0.0,5.8464,11.6901,16.6704,23.6480,30.8419,35.8817,39.1342,42.5020,45.2907,48.4751,52.1455,56.4216,63.7477,74.8242,85.7581,97.5207,70.2166,29.5215,11.3834
21.702,-0.0644868896160309,0.9348132594739981,1.2381607041185708e-86,4,191.278,0.31636,-0.0115827,14632.5,0.0,5.7025,11.6776,16.9570,24.6162,32.7816,39.0438,43.4872,48.3043,52.4607,57.4038,63.3818,70.2846,75.7626,80.0658,86.2838,95.7305,57.4057,28.3543,11.4439
21.811,-0.021131063989381006,0.9280467807394397,2.080976695412082e-87,4,194.182,0.335546,-0.00798399,14823.3,0.0,5.5641,11.4899,16.8104,24.6712,33.7077,41.3158,46.9864,53.4083,59.1935,65.3037,68.9418,71.7398,75.0095,78.2202,83.3656,91.7599,52.7642,28.1959,11.5608
21.922,-0.006924227048040368,0.9228539628626995,3.4974975319790873e-88,4,197.068,0.354589,-0.0188249,15024.8,0.0,5.3510,10.8856,15.7786,23.0250,31.8101,39.3636,45.0860,51.6662,57.5504,61.5154,64.3672,66.7592,69.6711,72.6059,77.4078,85.4101,53.8192,29.3066,11.8578
22.032,-0.002268930719101868,0.9207668803008493,5.8782441019972524e-89,5,197.207,0.382634,-0.0327972,13463.7,0.0,5.0544,10.0852,14.4438,21.0646,29.2121,36.2653,41.6393,47.8517,52.8331,56.0419,58.5601,60.7340,63.4277,66.1787,70.7351,78.4435,88.9061,30.6426,12.2867
22.143,-0.007131892405535299,0.6483054850869823,9.879564862226785e-90,5,199.23,0.423859,-0.0472062,13472.7,0.0,4.6575,9.1249,13.0299,19.0270,26.4272,32.8521,37.7588,43.4436,47.4462,50.1734,52.4228,54.4068,56.9008,59.4778,63.7954,71.2087,81.4668,32.0380,12.8444
22.251,-0.0612405189322458,0.21243674135330232,0.04043467712402343,5,198.65,0.471898,-0.0337508,13258.0,0.0,4.3309,8.8294,13.0680,20.1806,30.1422,39.8181,43.9076,46.6661,48.4123,50.0338,51.5603,53.0111,54.9399,57.0260,60.6748,67.2377,76.7049,30.2650,12.9569
22.362,-0.020067293243718302,0.0696112714066501,0.4246301863233948,5,193.796,0.504216,-0.0109962,12716.3,0.0,4.1614,8.8547,13.6046,22.4040,35.5760,40.9047,43.2680,45.1866,46.4921,47.7530,48.9755,50.1642,51.7789,53.5622,56.7560,62.6794,71.5123,28.6379,12.9064
22.473,-0.006575650650101614,0.022810221414531106,0.7330618515494062,5,182.621,0.518614,-0.00456697,11778.8,0.0,4.0662,8.7556,13.5999,22.8505,33.1176,37.0117,38.9211,40.5243,41.6372,42.7266,43.7949,44.8439,46.2833,47.8905,50.8086,56.3328,64.7906,28.3693,12.9451
22.582,-0.005397755687837797,0.007474453353113553,0.7576961413335122,5,169.974,0.526115,-0.00568897,10839.8,0.0,3.9984,8.5916,13.3193,22.2288,29.1905,32.2894,33.8826,35.2491,36.2111,37.1623,38.1036,39.0355,40.3252,41.7794,44.4534,49.6173,57.7373,32.4494,13.0238
22.693,-0.20671916917962693,0.002449228874748249,0.7778417116042945,5,157.665,0.530584,0.00138443,9966.88,0.0,3.9886,8.6860,13.6354,21.2836,26.2477,28.7244,30.0416,31.1917,32.0114,32.8296,33.6462,34.4610,35.5987,36.8941,39.3082,44.0702,51.7737,61.9550,12.9695
22.802,-0.1743053497631617,0.0008025633176775062,0.31055087731283965,4,146.655,0.529299,0.0123774,10664.7,0.0,4.0444,8.9989,14.1330,19.7202,23.5743,25.5998,26.7011,27.6749,28.3757,29.0804,29.7888,30.5004,31.5016,32.6518,34.8220,39.1926,46.4671,56.3866,12.8189
22.911,-0.12356692850538657,0.00026298394793656523,0.05219428594996896,4,139.807,0.52096,0.025367,10307.3,0.0,4.1719,9.4178,13.5763,17.8665,20.9672,22.6478,23.5756,24.4041,25.0049,25.6127,26.2273,26.8484,27.7281,28.7469,30.6917,34.6880,41.5355,51.1763,12.6367
23.024,-0.15276543118815872,8.61745800598537e-05,0.008772293639611285,3,138.01,0.492768,0.079662,12505.7,0.0,4.6848,10.2233,14.0275,17.8671,20.6492,22.1671,23.0088,23.7626,24.3107,24.8665,25.4298,26.0002,26.8102,27.7516,29.5580,33.3062,39.8269,49.1735,12.2077
23.133,-0.23911691771579055,2.8237686394012863e-05,0.0014743593920094691,3,136.227,0.433104,0.121124,12311.8,0.0,5.2417,10.8545,14.5114,18.1409,20.7620,22.1935,22.9883,23.7010,24.2196,24.7459,25.2797,25.8208,26.5902,27.4856,29.2079,32.7990,39.0988,48.2235,11.8084
23.240,-0.31071340679663756,9.252925077590135e-06,0.0002477955830150315,3,133.825,0.376985,0.128813,12067.6,0.0,5.7818,11.8416,15.6608,19.3733,22.0203,23.4572,24.2529,24.9651,25.4828,26.0077,26.5395,27.0782,27.8435,28.7331,30.4418,33.9964,40.2148,49.2059,11.2067
23.354,-0.33129655166368466,3.0319984894247352e-06,4.164700363733635e-05,3,131.038,0.33106,0.146625,11791.7,0.0,6.3049,12.9537,17.0343,20.9198,23.6506,25.1219,25.9337,26.6587,27.1848,27.7175,28.2566,28.8019,29.5753,30.4729,32.1923,35.7529,41.9448,50.8463,10.5986
23.464,-0.34912582555493743,9.935252650146975e-07,6.9996119013271205e-06,3,127.998,0.291608,0.163993,11500.6,0.0,6.7826,13.9927,18.3153,22.3585,25.1657,26.6685,27.4950,28.2319,28.7657,29.3055,29.8512,30.4024,31.1834,32.0883,33.8178,37.3863,43.5600,52.3869,10.0841
23.574,-0.3675358698825606,3.2555835884001606e-07,1.176424772256049e-06,3,124.816,0.256292,0.179175,11204.7,0.0,7.2199,14.9352,19.4635,23.6355,26.5025,28.0291,28.8668,29.6124,30.1519,30.6970,31.2475,31.8032,32.5896,33.4997,35.2363,38.8088,44.9634,53.7235,9.6501
23.680,-0.3749946029432346,1.0667896302469647e-07,1.9772171147307416e-07,3,121.591,0.223106,0.191776,10910.9,0.0,7.6270,15.7850,20.4798,24.7491,27.6593,29.2027,30.0479,30.7994,31.3427,31.8912,32.4447,33.0032,33.7928,34.7058,36.4456,40.0164,46.1482,54.8459,9.2736
23.792,-0.24542967438848795,3.495656260393254e-08,3.323108804727958e-08,3,118.502,0.190321,0.201267,10631.6,0.0,8.0102,16.5360,21.3521,25.6862,28.6223,30.1747,31.0236,31.7777,32.3226,32.8724,33.4270,33.9861,34.7764,35.6895,37.4278,40.9899,47.0930,56.2695,8.9375
23.902,-0.1560632455426705,1.1454566434056612e-08,5.585148968106281e-09,3,115.773,0.156398,0.204055,10389.2,0.0,8.3447,17.0733,21.9270,26.2664,29.1964,30.7433,31.5888,32.3395,32.8818,33.4289,33.9806,34.5369,35.3228,36.2308,37.9587,41.4979,47.5592,58.2390,8.6498
24.012,-0.20146094386138516,3.753432329111671e-09,9.386959870696225e-10,3,113.39,0.120013,0.197571,10188.4,0.0,8.6105,17.3176,22.1011,26.3695,29.2519,30.7746,31.6071,32.3466,32.8809,33.4200,33.9638,34.5122,35.2872,36.1828,37.8882,41.3851,47.5870,60.4532,8.4113
24.124,-0.24881408345010805,1.2299247056033122e-09,1.5776663454679148e-10,3,111.185,0.0798429,0.186205,10010.2,0.0,8.8573,17.4377,22.1000,26.2592,29.0724,30.5605,31.3748,32.0985,32.6216,33.1497,33.6826,34.2201,34.9802,35.8591,37.5343,40.9756,47.8283,63.4748,8.1759
24.233,-0.26452937754181616,4.0302172753209333e-10,2.6515838268279246e-11,3,109.133,0.0349433,0.175408,9844.49,0.0,9.1447,17.6291,22.1823,26.2388,28.9848,30.4390,31.2351,31.9430,32.4549,32.9718,33.4936,34.0201,34.7649,35.6267,37.2705,40.8443,48.9207,68.8317,7.8956
24.341,-0.27211233850402733,1.3206215967771633e-10,4.456516937749693e-12,3,107.219,-0.0151272,0.168949,9686.34,0.0,9.5132,18.0140,22.5087,26.4975,29.1948,30.6230,31.4050,32.1005,32.6034,33.1112,33.6240,34.1414,34.8740,35.7464,37.5260,41.7695,51.8490,79.7925,7.5397
24.450,-0.27703282982878874,4.3274128483194086e-11,7.490068017275912e-13,3,105.406,-0.0704937,0.169749,9531.04,0.0,9.9936,18.6759,23.1853,27.1590,29.8364,31.2518,32.0340,32.7552,33.2937,33.8528,34.4336,35.0375,35.9241,37.0008,39.2257,44.6903,58.6552,106.5910,7.0930
24.561,-0.27970818341210213,1.4180066421373038e-11,1.2588557316635626e-13,3,103.652,-0.131303,0.178436,9376.41,0.0,10.6004,19.6385,24.2345,28.2440,31.1266,32.8365,33.8374,34.7704,35.4723,36.2058,36.9733,37.7769,38.9676,40.4315,43.5194,51.4872,74.7254,15.6749,6.5623
24.672,-0.28614247994577446,4.6465241649555174e-12,2.1157588282069498e-14,3,101.927,-0.19803,0.193386,9223.23,0.0,11.3320,20.8663,25.6031,30.2989,34.1892,36.5757,38.0012,39.3494,40.3764,41.4615,42.6100,43.8273,45.6593,47.9592,52.9914,67.2341,123.0670,12.7050,5.9680
24.782,-0.1585166425645923,0.06512841797027256,3.555955862567421e-15,3,100.35,-0.271194,0.209314,9145.77,0.0,12.1414,22.1935,27.8083,34.3339,40.1365,43.8918,46.2109,48.4590,50.2083,52.0927,54.1284,56.3342,59.7506,64.2128,74.7130,111.3440,200.0000,10.5013,5.3421
24.894,-0.051942733435565616,0.4346213737504989,5.976495018217065e-16,3,100.596,-0.349144,0.193417,9491.22,0.0,12.5957,22.7324,29.4131,37.6756,45.5207,50.8712,54.2901,57.6919,60.4008,63.3817,66.6775,70.3405,76.2116,84.2650,105.1530,200.0000,28.1372,9.5076,4.8156
25.001,-0.024679092984166137,0.6027895657349386,1.0044695177117421e-16,3,102.939,-0.423285,0.137954,9754.74,0.0,12.5430,22.1454,28.9616,37.5763,45.9520,51.7779,55.5499,59.3420,62.3900,65.7733,69.5501,73.7932,80.6955,90.3726,116.6640,200.0000,31.1596,9.7828,4.4520
25.115,0.019388588095567576,0.6527433739625247,1.688211918418125e-17,3,105.852,-0.475047,0.0687225,10055.5,0.0,12.2192,21.2225,27.8436,36.2668,44.5162,50.2894,54.0428,57.8287,60.8807,64.2779,68.0822,72.3709,79.3819,89.2828,116.6130,200.0000,38.1551,11.8128,4.3108
25.220,0.006353252547155583,0.673272927295665,2.8373777712853436e-18,3,108.916,-0.489819,-0.01138,10355.2,0.0,11.6123,19.9703,26.1284,33.9182,41.4993,46.7769,50.1957,53.6344,56.3993,59.4696,62.8984,66.7523,73.0256,81.8293,105.7980,200.0000,51.2777,15.0859,4.5705
25.334,0.002081833794651941,0.7049656939099935,4.768780820199277e-19,3,112.083,-0.461014,-0.0911319,10679.7,0.0,10.9375,18.7756,24.5373,31.8088,38.8674,43.7705,46.9422,50.1286,52.6881,55.5274,58.6949,62.2506,68.0289,76.1176,98.0198,200.0000,63.8888,18.3737,5.3496
25.444,0.000682175297831548,0.7569546624866766,8.014889924508925e-20,3,115.49,-0.385761,-0.160987,11051.5,0.0,10.2484,17.5814,22.9676,29.7595,36.3467,40.9190,43.8752,46.8439,49.2276,51.8710,54.8190,58.1268,63.4991,71.0130,91.3206,198.1580,76.0933,21.7048,6.3040
25.551,0.0002235352015934416,0.8007510346630092,1.3470625496122155e-20,3,119.163,-0.289993,-0.161155,11445.1,0.0,9.5389,16.3613,21.3711,27.6870,33.8108,38.0604,40.8076,43.5661,45.7808,48.2366,50.9749,54.0472,59.0360,66.0117,84.8543,191.3240,88.2619,25.1132,7.2885
25.662,7.324801485813894e-05,0.8301412474758749,2.264008027133251e-21,3,123.035,-0.191071,-0.161158,11838.0,0.0,8.8074,15.1065,19.7321,25.5635,31.2176,35.1413,37.6777,40.2246,42.2693,44.5367,47.0649,49.9015,54.5075,60.9479,78.3444,182.7680,100.5660,28.6127,8.3041
25.771,0.008441505179274339,0.8442848929572697,3.805118291202855e-22,3,127.002,-0.088603,-0.162926,12218.7,0.0,8.0395,13.7616,17.9529,23.2233,28.3191,31.8471,34.1241,36.4076,38.2389,40.2674,42.5266,45.0581,49.1612,54.8830,70.2489,160.3180,117.6070,32.5716,9.3790
25.881,0.0027661124171446155,0.8493049827086131,6.39526231202464e-23,3,130.991,0.0183826,-0.165376,12585.1,0.0,7.2367,12.3531,16.0877,20.7675,25.2748,28.3854,30.3887,32.3944,34.0005,35.7769,37.7523,39.9617,43.5342,48.4980,61.7258,136.3690,138.7150,36.9264,10.5159
25.994,0.0009063997168499476,0.8526440575152083,1.0748517367819815e-23,3,134.968,0.129763,-0.166255,12952.8,0.0,6.4116,10.9337,14.2305,18.3565,22.3251,25.0608,26.8213,28.5829,29.9927,31.5513,33.2834,35.2196,38.3477,42.6884,54.2247,118.4870,157.0160,41.1809,11.6804
26.104,-0.1233554090344545,0.8535876196103335,1.8065033140094765e-24,3,138.904,0.243372,-0.154529,13329.7,0.0,5.6219,9.7166,12.7527,16.6180,20.4067,23.0600,24.7859,26.5273,27.9317,29.4954,31.2471,33.2227,36.4540,41.0214,53.6525,140.3330,135.9290,42.3493,12.6477
26.212,-0.06286428046841006,0.853896806037664,3.036190119855727e-25,3,142.678,0.344175,-0.107975,13750.5,0.0,5.0500,9.2464,12.6075,17.2494,22.2498,26.0544,28.6780,31.4545,33.7947,36.5141,39.7127,43.5291,50.3034,61.1993,103.1370,192.7320,79.6229,36.3654,12.8673
26.325,-0.020599367423888605,0.8541953878242967,5.1029247344415215e-26,3,146.587,0.425894,-0.0853282,14048.9,0.0,4.5040,8.5060,11.8569,16.7203,22.2925,26.7848,30.0198,33.5732,36.6777,40.4182,45.0122,50.7887,61.9217,82.6390,167.9730,196.2020,69.1103,35.0914,13.2791
26.430,-0.006750000717459817,0.8547751021041405,8.576485601175866e-27,3,150.515,0.494317,-0.0784618,14375.1,0.0,3.9904,7.6104,10.6857,15.2244,20.5378,24.9122,28.1139,31.6817,34.8435,38.7095,43.5442,49.7633,62.2101,87.1329,167.7510,193.0420,68.6498,35.7984,13.8042
26.543,-0.08348305927510973,0.8559062249887348,1.4414499349896283e-27,3,154.356,0.554468,-0.0607637,14748.0,0.0,3.5702,6.9908,10.0147,14.6945,20.5305,25.6526,29.5998,34.2115,38.4995,44.0203,51.3941,61.7410,85.9876,150.9030,172.9480,193.0820,62.9642,34.8601,14.0705
26.650,-0.027355728863267953,0.8558913713355586,2.4226449057370683e-28,4,157.661,0.599185,-0.0343486,12184.3,0.0,3.2900,6.7204,9.9631,15.4275,23.1298,30.8704,37.5908,46.4455,55.8473,70.0280,93.8708,142.3460,158.7230,167.3470,178.7930,109.3940,55.0817,32.7584,14.0607
26.761,-0.008963925233915641,0.8562720040904858,4.071739293072291e-29,4,158.691,0.628898,-0.0258296,12158.2,0.0,3.0706,6.3639,9.5520,15.0995,23.3160,32.0805,40.1396,51.4593,64.4473,86.2136,130.1950,150.0800,158.8020,165.9890,176.2970,101.6000,53.5293,32.4654,14.1930
26.874,-0.002937299020649477,0.8563967298316204,6.8433722298666e-30,4,161.552,0.651385,-0.0234824,12358.7,0.0,2.8910,6.0161,9.0619,14.4114,22.4526,31.1889,39.3708,51.1112,64.9522,89.0829,136.2620,146.6270,154.6710,161.5300,171.5190,100.5610,53.5911,32.6708,14.3534
26.984,-0.018751227139961416,0.8564375999624753,1.1501655706736797e-30,4,164.367,0.671327,-0.0218596,12568.8,0.0,2.7299,5.6969,8.6024,13.7391,21.5419,30.1323,38.2865,50.1755,64.4847,90.2209,133.6130,142.4090,150.0240,156.6480,166.3940,100.1340,53.7745,32.8976,14.5021
27.095,-0.014714180579622557,0.8558486485369539,1.9330832746312534e-31,4,167.146,0.686837,-0.0109082,12774.4,0.0,2.6288,5.5945,8.5967,14.1608,23.3026,34.4675,46.3171,66.2598,95.7021,131.1460,138.5490,143.8090,149.7280,155.3660,164.0900,91.1513,51.3159,32.1063,14.4720
27.203,-0.0048215426923307195,0.856258004683839,3.248933059672749e-32,4,169.906,0.696349,-0.00638235,12978.0,0.0,2.5603,5.4944,8.5076,14.2113,23.9341,36.4420,50.5452,76.4435,119.2400,130.1310,135.9850,140.6070,146.0220,151.3010,159.6080,88.0975,50.4704,31.8536,14.4867
27.311,-0.0015799231094229301,0.8571450721935503,5.460481793391989e-33,4,172.645,0.702459,-0.0051105,13180.5,0.0,2.5119,5.4033,8.3851,14.0637,23.8498,36.6396,51.3384,79.1266,117.3400,125.8180,131.2490,135.6410,140.8480,145.9650,154.0750,87.4585,50.3413,31.8483,14.5202
27.421,-0.0005177092044957058,0.8574357464751324,9.177431750153916e-34,4,175.363,0.707237,-0.0046736,13381.6,0.0,2.4726,5.3232,8.2670,13.8852,23.6042,36.3771,51.1563,79.3930,113.1530,120.7910,125.9620,130.1960,135.2510,140.2450,148.2010,87.3794,50.3763,31.8965,14.5546
27.530,-0.00016964295212915288,0.8581333383737214,1.5424509542483686e-34,4,178.057,0.711564,-0.00463438,13581.4,0.0,2.4362,5.2451,8.1463,13.6842,23.2676,35.8685,50.4578,78.3584,108.2960,115.4120,120.3800,124.4830,129.4070,134.2920,142.1080,87.5718,50.4945,31.9736,14.5909
27.642,-5.5588602553680817e-05,0.857488526849551,2.5923973188052334e-35,4,180.727,0.715836,-0.00465226,13778.1,0.0,2.4001,5.1672,8.0250,13.4797,22.9175,35.3242,49.6846,77.1354,103.2730,109.9170,114.6850,118.6550,123.4450,128.2170,135.8880,87.8036,50.6249,32.0551,14.6276
27.754,-1.821527328479013e-05,0.8573977037593109,4.357042173715956e-36,4,183.367,0.720155,-0.00465453,13973.2,0.0,2.3636,5.0886,7.9029,13.2745,22.5685,34.7857,48.9262,75.9553,98.1686,104.3520,108.9110,112.7420,117.3890,122.0420,129.5580,88.0263,50.7529,32.1360,14.6644
27.861,-5.96878074996003e-06,0.8571510990991009,7.3228807813644085e-37,4,185.982,0.724517,-0.00465453,14166.3,0.0,2.3268,5.0093,7.7797,13.0676,22.2167,34.2435,48.1637,74.7714,92.9701,98.7094,103.0530,106.7380,111.2360,115.7620,123.1120,89.0832,50.8815,32.2175,14.7016
27.971,-1.9558500761469026e-06,0.8578232213715433,1.2307565729239164e-37,4,188.57,0.728954,-0.00465453,14358.1,0.0,2.2893,4.9286,7.6544,12.8572,21.8588,33.6919,47.3878,73.5670,87.6762,92.9863,97.1094,100.6420,104.9830,109.3740,116.5480,128.3520,51.0125,32.3004,14.7394
28.082,-6.40892952951817e-07,0.8584485385696523,2.0685325721132264e-38,4,191.132,0.733463,-0.00465453,14550.3,0.0,2.2512,4.8466,7.5271,12.6433,21.4953,33.1315,46.5996,72.3434,82.2903,87.1843,91.0805,94.4534,98.6290,102.8790,109.8630,121.4580,51.1455,32.3847,14.7779
28.191,-2.100078028232514e-07,0.8571099366497535,3.4765826939506994e-39,4,193.664,0.738019,-0.00465453,14742.7,0.0,2.2127,4.7638,7.3984,12.4272,21.1279,32.5652,45.8031,69.6615,76.8155,81.3048,84.9678,88.1739,92.1747,96.2729,103.0540,114.4200,51.2799,32.4698,14.8167
28.303,-6.881535682912302e-08,0.8539893680257662,5.843092533722939e-40,4,196.17,0.742642,-0.00465453,14915.1,0.0,2.1737,4.6797,7.2679,12.2079,20.7550,31.9905,44.9948,65.4278,71.2531,75.3481,78.7712,81.8029,85.6185,89.5549,96.1178,107.2300,51.4163,32.5561,14.8561
28.412,-2.2549416125767034e-08,0.8213121501771831,9.820485621428145e-41,5,197.395,0.747317,-0.00465453,13453.7,0.0,2.1342,4.5947,7.1358,11.9861,20.3780,31.4094,44.1774,60.7353,65.6118,69.3222,72.4989,75.3476,78.9667,82.7302,89.0569,99.8908,51.5543,32.6435,14.8960
28.524,-7.388992676091342e-09,0.5019695653700593,1.6505290183934286e-41,5,197.748,0.751981,-0.00462651,13320.4,0.0,2.0948,4.5103,7.0050,11.7675,20.0094,30.8475,43.3975,55.8415,59.9650,63.3016,66.2267,68.8846,72.2960,75.8745,81.9472,92.4757,51.7468,32.7279,14.9353
28.631,-2.421225120101611e-09,0.16448538718046102,0.5386410749816894,5,192.846,0.756597,-0.00462759,12640.8,0.0,2.0558,4.4263,6.8746,11.5484,19.6367,30.2727,42.5884,50.8255,54.3303,57.3094,59.9815,62.4432,65.6376,69.0207,74.8220,85.0186,99.3467,32.8142,14.9747
28.741,-7.933870473548958e-10,0.05389857167129346,0.767740013077153,5,181.062,0.761021,-0.004776,11638.2,0.0,2.0182,4.3440,6.7451,11.3253,19.2414,29.6314,40.3509,45.8947,48.8960,51.5489,53.9786,56.2480,59.2255,62.4118,67.9355,77.7870,91.8821,32.9113,15.0146
28.851,-2.599770676772523e-10,0.017661483965249438,0.7272917587000255,5,168.431,0.765254,-0.00530422,10782.1,0.0,1.9814,4.2606,6.6095,11.0788,18.7679,28.7926,36.7990,41.1245,43.7154,46.0777,48.2824,50.3686,53.1361,56.1293,61.3775,70.8815,84.7324,33.0419,15.0588
28.962,-8.518928553648202e-11,0.005787315065732936,0.7135774908261195,5,156.473,0.769472,-0.00577247,9978.1,0.0,1.9449,4.1785,6.4769,10.8401,18.3168,27.9632,33.1988,36.6904,38.9234,41.0151,43.0028,44.9088,47.4663,50.2642,55.2305,64.3738,77.9586,33.6176,15.1019
29.074,-0.020611523397898027,0.0018963874007393682,0.7408938465381752,4,144.926,0.773627,-0.00561357,10142.1,0.0,1.9102,4.1051,6.3648,10.6580,18.0245,26.1663,29.8478,32.7030,34.6178,36.4551,38.2316,39.9581,42.3035,44.9007,49.5742,58.3364,71.6271,36.2436,15.1349
29.180,-0.1426459721018673,0.0006214082234742761,0.7841351402073489,4,133.245,0.77734,-0.00493431,9140.47,0.0,1.8801,4.0455,6.2799,10.5388,17.8896,23.9006,26.7315,29.0952,30.7353,32.3417,33.9201,35.4740,37.6114,40.0082,44.3848,52.7546,65.7309,81.9982,15.1562
29.292,-0.11312687430860488,0.0002036230466680508,0.703012994351319,3,121.813,0.780574,-0.00508595,10351.9,0.0,1.8525,3.9851,6.1844,10.3735,17.1030,21.3679,23.6356,25.6136,27.0214,28.4241,29.8220,31.2151,33.1548,35.3573,39.4426,47.4224,60.0853,76.3037,15.1861
29.403,-0.06212052077962802,6.672319993218689e-05,0.6436131406952453,3,111.322,0.78361,-0.00581288,9416.07,0.0,1.8256,3.9218,6.0785,10.1721,15.5697,18.8396,20.6840,22.3422,23.5464,24.7642,25.9938,27.2337,28.9819,30.9928,34.7857,42.3680,54.7126,70.8736,15.2232
29.511,-0.11567282344787053,2.1863858153778995e-05,0.33345003479981394,3,101.463,0.786609,-0.00667226,8971.4,0.0,1.7987,3.8580,5.9708,9.7907,13.8687,16.4504,17.9593,19.3462,20.3702,21.4195,22.4920,23.5856,25.1471,26.9679,30.4646,37.6373,49.6510,65.7475,15.3617
29.623,-0.22995469858589795,7.164349039830301e-06,0.05604294734880473,3,94.8538,0.789281,-0.00394392,8612.69,0.0,1.7810,3.8395,5.9412,9.1653,12.4213,14.5274,15.7839,16.9556,17.8316,18.7386,19.6751,20.6392,22.0313,23.6755,26.8885,33.6559,45.3259,61.3251,15.6429
29.730,-0.17747371079980406,2.347613893371593e-06,0.009419138160913613,3,92.4033,0.782631,0.0385983,8395.02,0.0,1.9200,4.4077,6.8521,10.4368,13.9025,16.0808,17.3626,18.5492,19.4313,20.3405,21.2757,22.2350,23.6162,25.2418,28.4042,35.0361,46.4407,62.0705,15.2609
29.842,-0.19787304993717197,7.692661205800036e-07,0.0015830745507047508,3,91.5017,0.75425,0.0849172,8316.53,0.0,2.2596,5.3679,8.4423,12.7816,16.7267,19.1018,20.4705,21.7209,22.6417,23.5844,24.5473,25.5295,26.9334,28.5738,31.7366,38.2859,49.4166,64.5630,14.5934
29.950,-0.32109387749299534,2.520731223916556e-07,0.00026606733973694744,3,90.4917,0.709794,0.126441,8223.6,0.0,2.7956,7.0992,11.4073,17.0555,21.7202,24.3720,25.8587,27.1961,28.1707,29.1595,30.1610,31.1745,32.6114,34.2763,37.4465,43.9024,54.6753,69.0935,13.6067
30.063,-0.23868939155035981,8.259932074529769e-08,4.4717937789588774e-05,3,89.3905,0.646261,0.188054,8119.69,0.0,3.6729,10.3164,16.7485,24.0676,29.4290,32.3061,33.8804,35.2773,36.2847,37.2988,38.3189,39.3442,40.7876,42.4456,45.5692,51.8249,62.0757,32.4605,12.3709
30.171,-0.16489337897608908,2.706614542181915e-08,7.515743804296185e-06,3,88.4239,0.563389,0.229365,8036.23,0.0,4.7707,13.8830,21.7748,29.7679,35.2610,38.1356,39.6938,41.0681,42.0551,43.0461,44.0404,45.0368,46.4348,48.0358,51.0427,57.0321,66.6491,23.1335,11.3530
30.282,-0.13993575676762707,8.869034531821699e-09,1.2631710611880601e-06,2,87.684,0.46467,0.249503,10013.6,0.0,5.9677,16.9212,25.3594,33.3699,38.7319,41.5133,43.0155,44.3383,45.2873,46.2394,47.1942,48.1513,49.4946,51.0323,53.9111,59.6015,68.6336,19.8224,10.4660
30.390,-0.05526836960561603,2.906205235387334e-09,2.1230116025387726e-07,2,86.6521,0.357624,0.251012,9887.19,0.0,7.1034,18.9668,27.3147,35.0174,40.1374,42.7905,44.2250,45.4895,46.3975,47.3092,48.2233,49.1387,50.4222,51.8905,54.6363,60.0546,68.6445,17.9275,9.6757
30.504,-0.01811033935236826,0.09261035251480533,3.568145600386915e-08,2,85.7693,0.254252,0.230277,9872.82,0.0,7.9377,19.5651,27.3051,34.4469,39.2363,41.7352,43.0913,44.2898,45.1518,46.0173,46.8859,47.7571,48.9810,50.3824,53.0103,58.2202,66.5649,17.2072,9.0572
30.611,-0.005934395998984032,0.4378546950776764,5.996982310570288e-09,2,86.9857,0.161107,0.198834,10328.5,0.0,8.5081,19.4192,26.4137,32.9248,37.3514,39.6828,40.9541,42.0811,42.8930,43.7099,44.5312,45.3568,46.5191,47.8535,50.3664,55.3872,63.5129,17.1707,8.5707
30.724,-0.0019445828809470875,0.589790357342428,1.0079128169375485e-09,2,89.9952,0.0800107,0.163343,10895.6,0.0,8.8887,18.9650,25.2379,31.1294,35.1907,37.3504,38.5339,39.5863,40.3463,41.1125,41.8848,42.6626,43.7604,45.0247,47.4168,52.2398,60.1518,17.7171,8.1896
30.833,-0.1928475736710752,0.6302764476533418,1.693999071426938e-10,2,93.5603,0.0106468,0.14008,11437.5,0.0,9.2682,18.9111,24.7532,30.2374,34.0403,36.0735,37.1906,38.1842,38.9026,39.6280,40.3601,41.0984,42.1408,43.3432,45.6255,50.2479,57.9002,17.8313,7.8057
30.944,-0.32492879410948516,0.6263189101951719,2.8471042393472553e-11,2,96.8283,-0.0604019,0.171655,12060.3,0.0,10.2355,21.1134,27.4427,33.2022,37.1129,39.1725,40.2936,41.2863,42.0017,42.7216,43.4451,44.1720,45.1948,46.3703,48.5846,53.0154,61.1379,14.3308,7.0553
31.053,-0.18316919562645917,0.615604459789629,4.785128095070933e-12,2,99.8787,-0.142935,0.216885,12567.9,0.0,11.5438,24.1907,31.1576,37.2396,41.2254,43.2829,44.3931,45.3693,46.0690,46.7705,47.4736,48.1775,49.1629,50.2884,52.4081,57.2468,17.6128,11.3187,6.2088
31.164,-0.14131635224213204,0.6035718904776156,8.042364789385718e-13,2,102.903,-0.23833,0.243478,12868.6,0.0,12.8010,26.6133,33.8324,39.9044,43.7888,45.7701,46.8318,47.7627,48.4285,49.1019,49.7976,50.5172,51.5671,52.8315,55.4079,61.5338,13.0598,9.3249,5.4076
31.274,-0.12635438538416863,0.5871650601185802,1.3516802501520577e-13,2,105.918,-0.346218,0.252581,13069.8,0.0,13.9226,28.2223,35.3429,41.1901,44.8807,46.8022,47.9064,48.9241,49.6826,50.4688,51.2843,52.1306,53.3705,54.8720,57.9596,15.6754,10.4392,7.7394,4.6062
31.382,-0.092780715024075,0.5653930730715312,2.271768996430563e-14,2,108.861,-0.463768,0.247293,13210.1,0.0,14.8736,29.0866,35.8850,41.3929,45.0612,47.1946,48.4311,49.5756,50.4315,51.3215,52.2474,53.2116,54.6298,56.3568,59.9410,11.7664,8.3842,6.3108,3.7837
31.494,-0.032820166624762726,0.5505759338247043,3.818162152300848e-15,2,111.786,-0.583273,0.218369,13387.7,0.0,15.4172,28.7663,35.0118,40.1254,43.8762,46.0779,47.3587,48.5472,49.4380,50.3660,51.3334,52.3429,53.8317,55.6509,59.4488,9.6104,6.8225,5.0910,2.9900
31.601,-0.010754512199602249,0.545192096995679,6.417185129372036e-16,2,114.615,-0.690475,0.170237,13675.8,0.0,15.5399,27.5367,33.1063,37.8248,41.4279,43.5475,44.7821,45.9289,46.7890,47.6856,48.6210,49.5978,51.0397,52.8038,56.4944,8.4213,5.6596,4.0921,2.2925
31.712,-0.003524038557565665,0.5620584135310441,1.0785363046935582e-16,2,117.453,-0.772735,0.11363,14023.3,0.0,15.3742,25.9349,30.8292,35.1595,38.5306,40.5153,41.6718,42.7463,43.5525,44.3931,45.2703,46.1864,47.5394,49.1954,52.6623,8.3428,4.8972,3.3546,1.7556
31.822,-0.001154756954543117,0.5952222052427275,1.812695967298464e-17,2,120.477,-0.82228,0.0517629,14432.7,0.0,14.9553,24.1078,28.3589,32.3266,35.4330,37.2623,38.3285,39.3192,40.0625,40.8376,41.6466,42.4915,43.7395,45.2672,48.4663,56.5767,4.8988,3.0387,1.4468
31.931,-0.10843005989931001,0.649875189557687,3.0465981122385286e-18,2,123.834,-0.835524,-0.00369799,14951.5,0.0,14.3984,22.3551,26.1150,29.8498,32.7851,34.5184,35.5303,36.4716,37.1785,37.9164,38.6872,39.4930,40.6845,42.1454,45.2131,53.0410,6.9668,3.3524,1.4137
32.044,-0.11924771758203465,0.6791892583642629,5.120417447239296e-19,3,124.618,-0.822628,-0.0207474,11851.9,0.0,14.0923,21.5564,25.4872,29.6207,32.9500,34.9508,36.1311,37.2375,38.0737,38.9514,39.8736,40.8437,42.2895,44.0809,47.9111,58.1289,91.0028,3.9228,1.5545
32.153,-0.03907509209728112,0.6889921600089267,8.605885603575085e-20,3,127.496,-0.789029,-0.0577847,12092.6,0.0,13.4709,20.3628,24.4057,28.7506,32.3245,34.5053,35.8037,37.0288,37.9601,38.9425,39.9802,41.0779,42.7257,44.7871,49.2699,61.7545,107.9750,5.9383,1.9348
32.260,-0.012804126178437075,0.6972505095854751,1.4463911933928652e-20,3,130.464,-0.722741,-0.126525,12353.6,0.0,12.4304,18.5212,22.2883,26.3640,29.7381,31.8069,33.0422,34.2103,35.0998,36.0395,37.0339,38.0878,39.6733,41.6630,46.0139,58.3076,106.2100,49.8956,2.8039
32.373,-0.026887375243396353,0.7138737579184684,2.430949678735389e-21,3,133.481,-0.609006,-0.206181,12633.7,0.0,11.1310,16.5308,19.9276,23.6132,26.6731,28.5531,29.6771,30.7409,31.5517,32.4088,33.3165,34.2792,35.7291,37.5511,41.5449,52.9032,98.2197,99.0293,4.6028
32.482,-0.16853746668200806,0.7293875338540986,4.0856971250505676e-22,3,136.443,-0.444923,-0.260822,12979.3,0.0,9.9334,15.1822,18.5711,22.3419,25.5505,27.5584,28.7725,29.9311,30.8203,31.7666,32.7754,33.8529,35.4911,37.5760,42.2517,56.3987,128.4550,60.4736,6.8254
32.590,-0.0552263570823604,0.7407987090464361,6.866831158072489e-23,3,139.447,-0.260696,-0.231517,13281.0,0.0,8.8939,14.1695,17.7228,21.8389,25.4865,27.8410,29.2926,30.6980,31.7903,32.9659,34.2345,35.6074,37.7306,40.4977,46.9824,69.3158,164.3300,44.3901,8.4333
32.700,-0.049923211312478316,0.7457907979334611,1.1541083127372432e-23,3,142.623,-0.0931605,-0.213847,13527.0,0.0,7.7984,12.6423,15.9679,19.8918,23.4356,25.7573,27.2023,28.6113,29.7135,30.9063,32.2015,33.6127,35.8145,38.7204,45.6955,71.6469,169.7910,46.3092,10.0585
32.814,-0.11358267770792364,0.7505904161668365,1.9397098412174857e-24,3,145.676,0.0587615,-0.17916,13852.6,0.0,6.8720,11.5525,14.9051,19.0282,22.9189,25.5592,27.2407,28.9094,30.2352,31.6910,33.2967,35.0766,37.9192,41.7981,51.7500,99.1541,186.9780,41.8310,11.1492
32.925,-0.03721877183133242,0.752163155069549,3.260070330134229e-25,3,148.78,0.189552,-0.145876,14114.7,0.0,6.0603,10.5814,13.9778,18.3601,22.7206,25.8136,27.8430,29.9050,31.5784,33.4529,35.5668,37.9689,41.9399,47.6431,63.9914,135.4290,114.6750,38.6489,11.9591
33.027,-0.04889584500447226,0.7546075160125648,5.479200203856599e-26,3,151.837,0.299828,-0.134013,14370.8,0.0,5.2827,9.3568,12.4756,16.5791,20.7543,23.7731,25.7805,27.8421,29.5316,31.4420,33.6193,36.1236,40.3351,46.5453,65.4817,138.2520,103.5860,39.7266,12.8635
33.127,-0.09083675426306545,0.7566432888938722,9.208891782621788e-27,3,154.578,0.39021,-0.100104,14666.3,0.0,4.7256,8.7440,12.0107,16.5966,21.6365,25.5423,28.2724,31.1949,33.6852,36.6106,40.0958,44.3180,51.9892,64.8246,110.2760,158.4690,76.4426,36.3539,13.1794
33.249,-0.02381231010953703,0.7573753963706703,1.0834169093336707e-27,3,157.953,0.47438,-0.071285,14943.1,0.0,4.1734,8.0434,11.3831,16.4040,22.4256,27.5036,31.2918,35.5862,39.4578,44.2785,50.4453,58.6131,75.8062,104.1390,131.5600,170.6140,64.2359,34.3682,13.5069
33.366,-0.006242254221354475,0.760557649499943,1.2746291596619704e-28,4,159.091,0.540269,-0.0647434,12127.3,0.0,3.6711,7.1450,10.1875,14.8436,20.5618,25.5017,29.2593,33.5962,37.5782,42.6347,49.2679,58.3508,78.6635,104.0400,129.1790,167.0280,64.0925,35.0443,14.0051
33.470,-0.002045461863253434,0.7636858450412662,2.142269228643874e-29,4,161.23,0.589378,-0.0631567,12273.6,0.0,3.2835,6.4060,9.1509,13.3702,18.5832,23.1148,26.5792,30.5968,34.3036,39.0358,45.2866,53.9258,73.5887,99.0836,123.9650,161.4490,65.4237,35.9529,14.4255
33.587,-0.11658892685704321,0.7704877977093727,2.5203583248072316e-30,4,163.726,0.644634,-0.0493466,12481.6,0.0,2.8770,5.7346,8.3319,12.4924,17.9360,22.9649,27.0120,31.9429,36.7363,43.2261,52.5058,66.8654,90.5562,105.3630,126.7980,162.1980,61.9021,35.4278,14.6981
33.688,-0.050820492510915916,0.7784189220221572,4.235966236503516e-31,4,165.739,0.674595,-0.0126379,12647.1,0.0,2.7269,5.7851,8.8644,14.5267,23.7067,34.7152,46.1613,64.8937,82.4293,92.6851,101.0390,108.4910,118.0400,128.1530,145.7160,178.9330,51.3853,32.0401,14.3924
33.806,-0.01332228718878154,0.7831267362227013,4.983571917584022e-32,4,168.279,0.687284,0.00272727,12817.2,0.0,2.6608,5.8092,9.1418,15.7458,27.9896,45.8814,69.2300,84.9750,93.1746,100.4800,107.2460,113.6450,122.1660,131.4480,147.9550,87.9045,48.0756,30.8512,14.2782
33.909,-0.004365447066019936,0.7872677658004548,8.375889321883466e-33,4,170.415,0.687218,0.00573677,12974.6,0.0,2.6694,5.8621,9.2769,16.1542,29.3084,49.5334,71.4715,83.8351,91.1933,97.9551,104.3250,110.4150,118.5910,127.5660,143.6420,176.8530,47.4116,30.5852,14.2351
34.029,-0.00114437575567473,0.8157554415104944,9.854150028302678e-34,4,173.031,0.682634,0.00661916,13183.5,0.0,2.7109,5.9636,9.4533,16.5156,30.1526,51.4570,69.1722,79.8067,86.5167,92.8124,98.8183,104.6110,112.4480,121.1090,136.7350,168.8050,47.0927,30.4256,14.1840
34.129,-0.00037498904761949553,0.8475926649491587,1.6561869952568317e-34,4,175.366,0.677537,0.00684816,13376.0,0.0,2.7551,6.0635,9.6158,16.8140,30.7481,52.5543,66.4200,75.9558,82.1849,88.1141,93.8276,99.3760,106.9300,115.3270,130.5710,161.6240,46.9011,30.3137,14.1379
34.248,-9.830112889916503e-05,0.8640684077323073,1.9484874380497102e-35,4,178.28,0.670944,0.00680918,13605.9,0.0,2.8113,6.1868,9.8105,17.1520,31.3574,51.7277,62.5926,71.0076,76.6905,82.1894,87.5487,92.7986,100.0020,108.0690,122.8340,152.6600,46.7251,30.1979,14.0829
34.367,-0.046385289550980396,0.869177699848453,2.2923759859911037e-36,4,181.21,0.662208,0.016764,13834.4,0.0,2.9155,6.5448,10.5844,19.2631,38.2231,56.1884,64.7316,71.9431,76.9901,81.9701,86.8946,91.7734,98.5361,106.1850,120.3360,150.0440,44.5987,29.2152,13.8737
34.486,-0.037711250477545956,0.8687856330115729,2.696957423758673e-37,4,184.101,0.639727,0.0383931,14047.4,0.0,3.1815,7.4788,12.6996,25.8316,50.8441,64.5767,71.8954,78.2931,82.8577,87.4173,91.9718,96.5206,102.8770,110.1250,123.6590,156.0140,40.3598,27.2063,13.4088
34.591,-0.03878241560480101,0.8693862836471072,4.5327763421112027e-38,4,186.484,0.605938,0.0545591,14218.9,0.0,3.5422,8.6441,15.3270,34.1047,56.5736,68.9398,75.6952,81.6685,85.9628,90.2764,94.6044,98.9458,105.0390,112.0170,125.1990,160.8210,37.3751,25.5828,12.9404
34.707,-0.04242798398870996,0.8702633491122623,5.3327660387304085e-39,4,189.31,0.546085,0.0748956,14429.6,0.0,4.1757,10.7263,20.3036,41.9728,62.1747,73.5449,79.8351,85.4379,89.4871,93.5704,97.6835,101.8210,107.6510,114.3550,128.1740,64.7306,33.8215,23.4608,12.2376
34.826,-0.04814708474074138,0.8698909228115599,6.273945916905939e-40,4,192.093,0.463256,0.0975811,14635.9,0.0,5.0728,13.8872,26.8465,48.5370,67.5718,78.3112,84.2805,89.6168,93.4837,97.3915,101.3360,105.3130,110.9450,117.9740,133.9570,50.4481,30.1462,21.1542,11.3631
34.928,-0.053208001600196134,0.8703508087587669,1.0544620902543815e-40,4,194.375,0.374455,0.118896,14802.4,0.0,6.0709,17.3941,31.9619,53.8676,72.3629,82.7579,88.5404,93.7147,97.4683,101.2650,105.1080,109.1780,115.4520,123.5910,142.5000,42.3547,26.9674,19.1489,10.4922
35.047,-0.061251049821500564,0.8686790451456332,1.2405641045633774e-41,4,197.055,0.240899,0.147491,14999.8,0.0,7.6334,21.7521,38.1062,60.4966,78.6625,88.7911,94.4199,99.4835,103.3800,107.6020,112.1930,117.2020,125.0340,135.3990,160.4150,34.1927,23.0704,16.6515,9.2739
35.169,0.025010343504092557,0.8625007675794069,1.4595112633777676e-42,5,197.516,0.0832214,0.14152,13452.0,0.0,9.0005,23.7008,38.9355,59.0164,75.5084,84.8537,90.0912,94.9259,98.7115,102.8200,107.2940,112.1830,119.8450,130.0160,154.7160,32.3457,21.1778,15.0396,8.1860
35.286,0.0065563114875368395,0.855480253950711,1.7171004062513096e-43,5,199.671,-0.0538076,0.106634,13591.6,0.0,9.8930,23.7918,36.8401,53.7014,67.9081,76.1632,80.8540,85.1144,88.3599,91.8694,95.6769,99.8215,106.2810,114.7900,135.1500,35.4460,20.7328,14.1413,7.3478
35.388,0.0021483721482360714,0.852973478598944,2.885930652786577e-44,5,201.426,-0.143311,0.0835819,13707.4,0.0,10.4399,23.8374,35.7181,50.8006,63.6164,71.1597,75.4801,79.4247,82.4304,85.6796,89.2016,93.0334,99.0005,106.8520,125.5920,40.2260,20.4067,13.4888,6.7803
35.508,0.0005631828684271969,0.8524574885582167,3.395268553696881e-45,5,203.503,-0.222921,0.0569884,13842.6,0.0,10.8374,23.4972,34.1368,47.4044,58.7542,65.5173,69.4237,73.0152,75.7712,78.7502,81.9797,85.4919,90.9587,98.1503,115.3020,177.7790,20.7028,13.0676,6.2945
35.629,-0.04006760819125902,0.8533597619743551,3.994499500738843e-46,5,205.516,-0.277288,0.0477327,13983.6,0.0,11.2023,23.8344,34.2078,46.9877,57.8829,64.3834,68.2119,71.9596,74.9061,78.1101,81.6072,85.4390,91.4626,99.4979,119.1930,197.9330,19.9367,12.4192,5.9015
35.747,-0.010503483081689406,0.8542528422242553,4.699488717624243e-47,5,207.518,-0.319199,0.0343708,14113.7,0.0,11.4072,23.7124,33.5745,45.6015,55.8527,62.1004,66.0195,69.8902,72.9519,76.3007,79.9779,84.0337,90.4689,99.1660,121.0450,200.0000,20.0070,12.1211,5.6279
35.848,-0.018661893290895487,0.8553495908712939,7.898430687711064e-48,5,209.184,-0.340129,0.0151465,14225.7,0.0,11.3674,22.9521,31.9956,42.9298,52.2791,58.1579,61.8860,65.5745,68.4969,71.6979,75.2188,79.1098,85.2973,93.6893,114.9520,200.0000,21.7794,12.4458,5.5575
35.968,-0.180693156731511,0.8548404205712393,9.29242471978519e-49,5,210.972,-0.352091,0.0278864,14379.2,0.0,11.6115,23.8552,33.5348,45.2543,56.0753,63.7661,68.8194,73.9597,78.1357,82.8182,88.1051,94.1206,104.0820,118.4300,159.8150,200.0000,19.5787,11.7261,5.3878
36.068,-0.059209533597781513,0.8539986226846586,1.5617778226542971e-49,5,212.301,-0.374054,0.0520023,14469.1,0.0,12.0890,25.6988,36.7119,50.9950,66.7234,78.9904,87.6052,96.8647,104.7850,114.1270,125.3060,138.9250,163.8840,200.0000,200.0000,36.2886,16.4629,10.5381,5.0861
36.188,-0.015521423975456838,0.8536673860387972,1.8374159905745547e-50,5,214.191,-0.412994,0.0393224,14559.8,0.0,12.2650,25.5121,36.0718,51.0738,68.4078,82.4971,92.7075,103.9850,113.8920,125.8960,140.7390,159.5660,196.3650,200.0000,200.0000,40.8120,16.3099,10.2094,4.8249
36.307,-0.004068848166622157,0.8526393922301294,2.161701538751058e-51,5,216.102,-0.440114,0.014441,14682.7,0.0,12.1933,24.4413,34.2970,48.7836,65.6840,79.5499,89.6716,100.9240,110.8720,123.0050,138.1330,157.5180,196.0610,200.0000,200.0000,52.2362,17.8159,10.4684,4.7133
36.408,-0.08332969492130125,0.8520425850303438,3.633171776178903e-52,5,217.65,-0.443029,-0.00104776,14792.9,0.0,12.0391,23.6942,33.5216,48.2850,65.9738,80.8762,91.9847,104.5680,115.9050,130.0100,148.0350,171.8810,200.0000,200.0000,200.0000,53.4484,19.6725,10.9481,4.7628
36.526,-0.037924479745641594,0.8527691225039445,4.274390262956717e-53,5,219.352,-0.439763,0.0116389,14921.1,0.0,12.1576,25.0286,37.3091,58.2985,88.5296,119.6980,147.4240,184.9360,200.0000,200.0000,200.0000,200.0000,200.0000,200.0000,79.7426,34.2314,17.6055,10.5688,4.7295
36.627,-0.012427093523051838,0.8520850950464676,7.183967714951357e-54,5,220.865,-0.435613,-0.00273773,15016.2,0.0,11.9926,25.0619,37.8896,60.6412,95.3822,133.8840,170.6780,200.0000,200.0000,200.0000,200.0000,200.0000,200.0000,148.1900,68.6164,33.1238,17.8535,10.9406,4.8350
36.748,-0.0032576880045069013,0.8518391041402362,8.451866176963123e-55,6,220.671,-0.414855,-0.0181508,13738.3,0.0,11.7933,24.7731,37.6240,60.6957,96.6314,137.4870,177.5850,200.0000,200.0000,200.0000,200.0000,200.0000,197.4850,137.7910,67.9883,33.8121,18.4662,11.3859,5.0578
36.848,-0.01570144263500432,0.8528645653790475,1.4205051483621922e-55,6,221.941,-0.395682,-0.0167184,13784.3,0.0,11.6496,24.5338,37.3452,60.4867,96.8959,138.8390,200.0000,200.0000,200.0000,200.0000,200.0000,200.0000,190.8860,134.7340,68.3232,34.4474,18.9312,11.7072,5.2157
36.968,-0.02031323329899682,0.8526457813611,1.6712101019966357e-56,6,223.402,-0.379114,-0.00465289,13877.0,0.0,11.6481,25.0775,38.9469,65.4196,111.2230,171.7050,200.0000,200.0000,200.0000,196.1000,191.0840,184.5880,148.9230,95.5935,57.2121,31.7725,18.3190,11.5994,5.2931
37.068,-0.020462669285181524,0.8524301786207803,2.808802818425745e-57,6,224.603,-0.37497,0.00467983,13952.6,0.0,11.7220,25.6892,40.5732,70.3771,126.7500,200.0000,198.6390,193.6910,189.5580,184.6550,178.3490,166.9490,109.1960,77.6527,50.3893,29.6427,17.6490,11.3645,5.2789
37.187,-0.03888741982909362,0.8523150657287408,3.3045284278497056e-58,6,226.022,-0.383144,0.0183313,14040.6,0.0,11.9576,26.9285,43.6904,80.0621,199.1380,190.7960,185.2270,179.2720,173.9270,166.4820,136.8020,103.4500,77.1337,59.7682,42.0439,26.4287,16.3908,10.7954,5.1408
37.308,-0.03257553270102417,0.8522077895747702,3.8877446500809007e-59,6,227.401,-0.410999,0.0377573,14125.2,0.0,12.4516,29.2289,49.5551,100.4080,184.8930,174.6070,166.9930,156.3890,121.7510,93.6204,76.0538,64.0422,52.4514,43.4684,32.9164,22.1916,14.4430,9.7887,4.8194
37.426,-0.034134132899423526,0.8550350783215385,4.5738927033736794e-60,6,228.768,-0.461945,0.0557512,14208.4,0.0,13.1587,32.2043,57.2997,132.1570,169.6440,155.5960,123.7970,84.3156,68.6772,57.9359,50.1035,44.1395,37.8388,32.5367,25.7782,18.2405,12.3175,8.5462,4.3309
37.528,0.01668181693659814,0.8552384843081516,7.687341466560145e-61,6,229.908,-0.522077,0.0676971,14274.2,0.0,13.8864,35.0087,64.6462,175.6150,156.6730,119.1750,75.4271,57.0965,48.6549,42.3907,37.5581,33.7169,29.4972,25.8103,20.9191,15.1938,10.4807,7.3757,3.8065
37.646,0.034661810744147585,0.8546911270742261,9.044080361993347e-62,6,231.214,-0.592075,0.034466,14356.9,0.0,13.9999,32.6253,54.8733,109.0530,160.9280,150.9510,143.5590,132.7220,95.1003,71.0275,56.6835,47.1626,38.1877,31.3708,23.5137,15.6895,10.1350,6.8376,3.3480
37.746,0.011357982144642283,0.8531967725040575,1.520038586440222e-62,6,232.321,-0.630458,0.0243778,14413.2,0.0,14.1849,32.3478,53.1650,100.1930,156.6800,147.8590,141.8000,134.8080,126.8540,90.9626,66.9897,53.0203,41.0434,32.6265,23.5748,15.1839,9.5698,6.3619,3.0619
37.847,0.0037217835891563836,0.8543048191953795,2.554728852230081e-63,6,233.424,-0.658544,0.0219023,14477.3,0.0,14.3918,32.6503,53.3752,99.4104,150.0570,141.5480,135.7890,129.3110,122.5690,93.5476,66.8995,52.0706,39.7427,31.2839,22.3693,14.2692,8.9354,5.9178,2.8359
37.967,0.000975643237195811,0.8537476536169035,3.005612947360169e-64,6,234.726,-0.687618,0.0210324,14552.8,0.0,14.6308,33.1327,54.0630,100.2860,141.4470,133.1430,127.5640,121.3440,115.0000,89.1211,62.9917,48.7130,36.9820,29.0046,20.6600,13.1330,8.2049,5.4267,2.5966
38.087,0.02226045561405146,0.8527568088941246,3.536073576439766e-65,6,235.961,-0.708152,0.00205618,14626.8,0.0,14.5240,31.6693,49.7761,85.5300,137.4740,130.5460,126.1900,121.8030,118.1780,113.8780,108.2170,89.7616,55.2020,38.3393,24.3859,14.1320,8.3416,5.3467,2.4713
38.187,0.007294306095612382,0.8526834038728017,5.943078859922316e-66,6,236.967,-0.711215,-0.00413072,14702.8,0.0,14.4605,31.1629,48.4419,81.5070,131.5310,125.0400,121.0310,117.0730,113.8860,110.2600,105.9230,100.0310,67.8509,43.8748,26.3991,14.7129,8.4991,5.3868,2.4606
38.287,0.002390198221410265,0.8353043212185397,9.988532639871437e-67,6,237.971,-0.707603,-0.00583225,14756.5,0.0,14.4057,30.9463,47.9635,80.2596,124.5070,118.2490,114.4200,110.6760,107.6930,104.3480,100.4510,95.5215,73.6019,46.4220,27.4391,15.1138,8.6763,5.4816,2.4957
38.406,0.0006265761225533725,0.23778241598151287,0.4311581268310547,6,235.581,-0.700206,-0.00643867,14282.5,0.0,14.3347,30.7591,47.6236,79.6446,115.7320,109.7100,106.0620,102.5260,99.7380,96.6493,93.1235,88.8559,77.4334,48.3720,28.4021,15.5769,8.9220,5.6304,2.5604
38.506,0.0002053164638382891,0.07791654206882213,0.8224407142414857,6,224.291,-0.69348,-0.00662556,13354.5,0.0,14.2754,30.6211,47.3948,118.2080,108.5500,102.7210,99.2178,95.8472,93.2098,90.3152,87.0587,83.2250,75.2920,49.7070,29.1251,15.9521,9.1305,5.7599,2.6183
38.607,6.727809887053058e-05,0.025531692505111635,0.894826771761756,6,210.478,-0.686857,-0.00700665,12428.4,0.0,14.2142,30.4684,47.1277,111.2310,101.7860,96.1552,92.8003,89.5958,87.1083,84.4034,81.4029,77.9568,71.5476,51.3091,29.9347,16.3504,9.3451,5.8910,2.6759
38.707,2.204568743789546e-05,0.008366225000074981,0.905522248298553,6,196.87,-0.680423,-0.00745171,11554.7,0.0,14.1538,30.3139,46.8531,104.6620,95.4371,90.0039,86.7941,83.7511,81.4070,78.8808,76.1143,73.0031,67.5896,53.0071,30.7675,16.7508,9.5578,6.0200,2.7321
38.808,7.223930859649585e-06,0.00274144460802457,0.9090727514688034,6,183.756,-0.674109,-0.00776789,10686.9,0.0,14.0962,30.1729,46.6102,98.4639,89.4574,84.2165,81.1454,78.2548,76.0446,73.6820,71.1242,68.2977,63.5983,54.5225,31.5351,17.1288,9.7617,6.1448,2.7870
38.927,1.8937101312719808e-06,0.0007186532553259929,0.9088821340486861,5,168.577,-0.666794,-0.00806597,10724.5,0.0,14.0305,30.0157,46.3439,91.5173,82.7738,77.7581,74.8470,72.1297,70.0697,67.8876,65.5542,63.0215,58.9748,52.7973,32.3984,17.5588,9.9954,6.2883,2.8504
39.046,4.964247486521622e-07,0.00018839063896417704,0.8956880267338598,5,154.034,-0.659884,-0.00808257,9540.54,0.0,13.9721,29.8899,46.3168,85.0574,76.5720,71.7710,69.0105,66.4539,64.5314,62.5118,60.3754,58.0908,54.5462,49.6216,33.0791,17.9255,10.2035,6.4190,2.9096
39.146,1.626684616383405e-07,6.173184457578154e-05,0.8613915573745954,5,142.459,-0.654438,-0.00847518,8695.4,0.0,13.9209,29.7588,48.3683,80.1279,71.8666,67.2456,64.6098,62.1849,60.3733,58.4832,56.5008,54.4047,51.2193,47.0159,33.8236,18.2751,10.3869,6.5294,2.9574
39.247,5.3303201509651425e-08,2.0228290830592095e-05,0.5879066113965811,4,131.787,-0.649262,-0.00882453,9382.9,0.0,13.8726,29.6364,86.9555,75.5351,67.4940,63.0469,60.5299,58.2289,56.5207,54.7496,52.9063,50.9770,48.0934,44.4244,34.5266,18.6058,10.5606,6.6341,3.0027
39.367,1.3973114456546062e-08,5.302725071494733e-06,0.11484949255420124,4,122.35,-0.643345,-0.00896609,9011.06,0.0,13.8209,29.5183,81.6097,70.3564,62.5730,58.3257,55.9439,53.7822,52.1888,50.5483,48.8552,47.1016,44.5231,41.3450,34.1312,18.9433,10.7462,6.7489,3.0538
39.486,3.6629681160968107e-09,1.3900775611419151e-06,0.013511927949509221,4,116.646,-0.637475,-0.00934467,8623.91,0.0,13.7664,29.3949,76.5485,65.4828,57.9656,53.9197,51.6718,49.6464,48.1641,46.6480,45.0957,43.5032,41.1948,38.4201,32.6214,19.3194,10.9435,6.8678,3.1053
39.587,1.2002813922826031e-09,4.555006152349827e-07,0.002270949730474015,3,115.887,-0.632481,-0.00960708,10517.9,0.0,13.7209,29.6834,72.3681,61.4741,54.1885,50.3144,48.1792,46.2675,44.8763,43.4618,42.0223,40.5568,38.4547,35.9722,31.0100,19.6309,11.1086,6.9679,3.1489
39.713,3.1464656529853077e-10,1.194067532801593e-07,0.00026717496484053745,3,114.591,-0.626304,-0.0103649,10395.0,0.0,13.6588,31.1830,67.3756,56.7178,49.7322,46.0751,44.0802,42.3079,41.0277,39.7346,38.4286,37.1102,35.2416,33.0744,28.9103,20.0950,11.3377,7.1011,3.2043
39.827,0.10229327661096278,3.130176393187408e-08,3.14328674385244e-05,3,113.31,-0.61747,-0.0248667,10278.4,0.0,13.3958,32.4854,63.9197,53.6886,47.1072,43.7123,41.8775,40.2603,39.0986,37.9328,36.7634,35.5903,33.9445,32.0608,28.5346,21.6419,12.5060,7.6010,3.3297
39.948,0.11643489175205993,8.2055696041572e-09,3.6980454212749574e-06,3,111.952,-0.589752,-0.0778823,10151.8,0.0,12.5510,27.0077,64.5883,55.1577,49.1321,46.0417,44.3780,42.9146,41.8666,40.8167,39.7650,38.7128,37.2406,35.5606,32.4329,26.3658,17.5163,9.8061,3.7872
40.068,0.030522708263451992,2.151040838312185e-09,4.3507134576757744e-07,3,110.674,-0.536216,-0.112675,10040.0,0.0,11.7849,25.0254,63.1951,54.3115,48.6915,45.8288,44.2937,42.9474,41.9854,41.0237,40.0624,39.1025,37.7629,36.2396,33.4170,27.9892,20.0785,12.4448,4.4658
40.187,0.00800134483501436,5.638824495185095e-10,5.1185708758209716e-08,3,109.477,-0.467549,-0.122772,9935.64,0.0,11.2042,26.7941,59.3550,50.7996,45.4825,42.8064,41.3813,40.1375,39.2519,38.3697,37.4913,36.6173,35.4021,34.0289,31.5064,26.7407,19.9590,13.3633,5.1931
40.287,0.0026218806755375058,1.8477300105822524e-10,8.602782070992307e-09,3,108.509,-0.406089,-0.125421,9847.31,0.0,10.8924,66.5940,55.6049,47.3024,42.2338,39.7130,38.3796,37.2212,36.3993,35.5833,34.7737,33.9707,32.8588,31.6085,29.3307,25.0909,19.1769,13.4279,5.7433
40.406,0.1068760395071831,4.84371335894074e-11,1.0121087078701739e-09,3,107.342,-0.332392,-0.116135,9743.52,0.0,10.6202,62.6746,51.9209,43.9620,39.1914,36.8469,35.6146,34.5490,33.7958,33.0495,32.3114,31.5819,30.5756,29.4482,27.4083,23.6538,18.4789,13.4170,6.2095
40.506,0.18652007142508875,1.5871879934577018e-11,1.701051105317401e-10,3,106.279,-0.275973,-0.122988,9640.88,0.0,10.0948,62.5677,52.1010,44.4757,39.8976,37.6424,36.4552,35.4273,34.7000,33.9787,33.2645,32.5578,31.5817,30.4861,28.4968,24.8076,19.6377,14.4431,6.7587
40.607,0.21863955836417462,5.200897616962197e-12,2.8589565927069563e-11,3,105.108,-0.216385,-0.147196,9529.81,0.0,9.4022,26.8682,53.7127,46.3961,41.9984,39.8168,38.6627,37.6605,36.9499,36.2438,35.5427,34.8468,33.8831,32.7977,30.8132,27.0825,21.7141,16.1146,7.4826
40.727,0.23951664641786818,1.3633841049009382e-12,3.363533841753807e-12,3,103.589,-0.133813,-0.184855,9386.96,0.0,8.4754,18.1866,56.3439,49.2545,45.0605,42.9776,41.8718,40.9080,40.2221,39.5385,38.8575,38.1800,37.2380,36.1715,34.2055,30.4445,24.8429,18.6909,8.5827
40.827,0.2515445722983633,4.467537034939395e-13,5.653091327835624e-13,3,102.259,-0.053168,-0.218976,9264.96,0.0,7.6569,14.7053,58.8131,51.7958,47.6930,45.6724,44.6027,43.6719,43.0101,42.3501,41.6923,41.0368,40.1233,39.0862,37.1642,33.4368,27.7323,21.1884,9.7032
40.927,0.12350644483110267,1.463922535608941e-13,9.501150594693335e-14,3,101.003,0.0386518,-0.248269,9150.36,0.0,6.8358,12.2161,19.3938,53.9801,49.9189,47.9294,46.8802,45.9683,45.3208,44.6767,44.0361,43.3986,42.5113,41.5053,39.6432,36.0147,30.3524,23.6110,10.9312
41.047,0.04621039891031434,3.837585091746702e-14,1.1178008663150762e-14,3,99.8236,0.15854,-0.244677,9059.1,0.0,5.9867,10.5738,15.8178,53.6717,49.7033,47.7714,46.7556,45.8750,45.2509,44.6310,44.0154,43.4038,42.5542,41.5935,39.8225,36.3993,31.0775,24.6645,11.9787
41.167,0.02228025217318099,1.0059999062908474e-14,1.3150815412110243e-15,3,98.8575,0.276107,-0.208225,8979.9,0.0,5.2730,9.7104,15.4688,51.0027,47.2018,45.3635,44.4008,43.5684,42.9794,42.3952,41.8160,41.2420,40.4466,39.5491,37.9013,34.7448,29.9109,24.1435,12.4959
41.267,0.009949698289417521,3.296460492933849e-15,2.210257546313369e-16,3,98.0992,0.360183,-0.169143,8913.36,0.0,4.7926,9.3370,19.0436,48.2587,44.6215,42.8728,41.9600,41.1725,40.6163,40.0654,39.5199,38.9800,38.2335,37.3933,35.8555,32.9315,28.5097,23.2961,12.6736
41.368,0.11221227395113553,0.06004614257812608,3.714779858088879e-17,3,97.4048,0.426771,-0.129228,8882.85,0.0,4.4290,9.2556,51.8188,45.5793,42.1043,40.4437,39.5793,38.8355,38.3110,37.7922,37.2792,36.7721,36.0721,35.2864,33.8531,31.1454,27.0972,22.3793,12.7077
41.487,0.2954938358430277,0.2929345110000003,4.3704013552429865e-18,3,97.5222,0.49702,-0.134636,9045.96,0.0,3.8608,7.8072,52.4725,46.1440,42.6393,40.9701,40.1027,39.3569,38.8317,38.3126,37.7996,37.2928,36.5938,35.8101,34.3831,31.6951,27.6964,23.0515,13.3085
41.588,0.10313294153154332,0.35875521806448013,7.345333557756888e-19,3,98.3776,0.556729,-0.136952,9165.55,0.0,3.3902,6.7112,11.5352,46.6227,43.0800,41.3969,40.5234,39.7731,39.2449,38.7232,38.2079,37.6992,36.9981,36.2127,34.7839,32.0994,28.1207,23.5196,13.7834
41.707,0.027035681824844893,0.3889412821811701,8.641711477365404e-20,3,99.8504,0.619069,-0.0948974,9291.86,0.0,3.0151,6.4086,50.4829,44.2434,40.8372,39.2288,38.3964,37.6825,37.1809,36.6864,36.1987,35.7176,35.0555,34.3149,32.9728,30.4643,26.7817,22.5720,13.7285
41.828,0.00708724177629214,0.4116702269917257,1.0166887136005625e-20,3,101.472,0.654807,-0.0319834,9450.34,0.0,2.8987,7.2940,46.5366,40.6346,37.4537,35.9629,35.1942,34.5366,34.0754,33.6214,33.1744,32.7344,32.1297,31.4550,30.2363,27.9742,24.6881,20.9789,13.2894
41.928,0.18220657885162064,0.46757958826189866,1.7087487209484657e-21,3,102.964,0.658831,0.0138085,9627.57,0.0,3.0120,9.8758,43.8363,38.1484,35.1139,33.6997,32.9728,32.3520,31.9172,31.4897,31.0693,30.6560,30.0892,29.4576,28.3196,26.2181,23.1888,19.8011,12.8606
42.046,0.29920595818704565,0.5371320531165771,2.0103257827086604e-22,3,104.811,0.648965,0.0151612,9957.3,0.0,3.1101,10.8232,44.6124,38.6442,35.4741,34.0006,33.2445,32.5993,32.1479,31.7042,31.2682,30.8398,30.2529,29.5996,28.4242,26.2603,23.1579,19.7148,12.7605
42.147,0.12797637906010725,0.573366073743365,3.378754542998447e-23,3,106.713,0.635916,0.0172079,10133.5,0.0,3.2368,11.6594,45.5243,39.2683,35.9556,34.4190,33.6314,32.9599,32.4903,32.0289,31.5759,31.1310,30.5217,29.8441,28.6266,26.3907,23.1994,19.6806,12.6612
42.248,0.15609375505134407,0.5892990344973508,5.6786727604174906e-24,3,108.85,0.614311,0.0458541,10271.2,0.0,3.5486,54.9838,44.4897,38.2026,34.8974,33.3709,32.5898,31.9251,31.4608,31.0053,30.5581,30.1194,29.5190,28.8524,27.6577,25.4709,22.3700,18.9780,12.2942
42.366,0.2028576836907183,0.5954519455523986,6.680901715903573e-25,3,111.248,0.57524,0.0626035,10570.1,0.0,3.9958,55.2529,44.3198,37.8224,34.4294,32.8685,32.0717,31.3945,30.9221,30.4589,30.0047,29.5595,28.9509,28.2763,27.0698,24.8706,21.7740,18.4186,11.9114
42.467,0.08149783697309489,0.5974953653936099,1.1228591513919136e-25,3,113.361,0.533087,0.0776314,10725.8,0.0,4.4890,55.1075,43.8449,37.2048,33.7597,32.1810,31.3770,30.6945,30.2187,29.7527,29.2961,28.8491,28.2388,27.5633,26.3569,24.1674,21.1037,17.8118,11.5134
42.568,0.16417850569411557,0.597808064535303,1.887189375744389e-26,3,115.465,0.479493,0.102877,10899.8,0.0,5.1987,53.6359,42.2641,35.6417,32.2382,30.6873,29.8993,29.2316,28.7670,28.3125,27.8678,27.4327,26.8395,26.1838,25.0162,22.9068,19.9771,16.8568,10.9619
42.688,0.15288875388652354,0.5993766285195425,2.2202594286695165e-27,3,117.834,0.403167,0.112812,11163.9,0.0,6.0746,53.6619,41.7695,34.9117,31.4173,29.8335,29.0310,28.3525,27.8810,27.4203,26.9701,26.5301,25.9312,25.2705,24.0975,21.9892,19.0875,16.0330,10.3683
42.808,0.2078198085716136,0.600427507219127,2.6121130152354e-28,3,120.173,0.316927,0.120224,11390.7,0.0,7.0661,53.6831,41.2143,34.0973,30.5047,28.8859,28.0684,27.3787,26.9002,26.4331,25.9773,25.5326,24.9282,24.2630,23.0856,20.9819,18.1154,15.1362,9.7191
42.928,0.22485685342464548,0.6010884887649507,3.073124841294297e-29,3,122.271,0.226615,0.110122,11653.9,0.0,7.9169,55.5922,42.0940,34.4162,30.5633,28.8350,27.9646,27.2314,26.7235,26.2284,25.7459,25.2758,24.6379,23.9371,22.7007,20.5054,17.5465,14.5175,9.1445
43.046,0.09357360877393306,0.5988508802519242,3.615500644534328e-30,3,124.516,0.135803,0.109739,11810.1,0.0,8.8818,56.3182,41.9850,33.8991,29.8775,28.0848,27.1849,26.4288,25.9059,25.3970,24.9018,24.4201,23.7678,23.0530,21.7962,19.5808,16.6297,13.6547,8.4969
43.150,0.20085947996458925,0.5978471634722005,6.0765719332688455e-31,3,126.395,0.0576159,0.119428,11952.7,0.0,9.8712,55.6132,40.7217,32.5033,28.4639,26.6767,25.7833,25.0340,24.5170,24.0148,23.5270,23.0534,22.4132,21.7131,20.4867,18.3398,15.5092,12.6902,7.8794
43.268,0.1730922918885779,0.5970904425243815,7.149026113771465e-32,3,128.428,-0.0369822,0.109554,12193.1,0.0,10.7361,58.6966,41.3595,32.5017,28.1805,26.2806,25.3344,24.5429,23.9980,23.4695,22.9572,22.4607,21.7911,21.0609,19.7874,17.5774,14.7060,11.9004,7.2454
43.387,0.15089595818383467,0.5947161058713614,8.41075773259099e-33,3,130.593,-0.131128,0.109675,12342.7,0.0,11.7564,61.4500,40.8109,31.5189,27.0417,25.0914,24.1246,23.3188,22.7655,22.2302,21.7125,21.2118,20.5384,19.8067,18.5372,16.3554,13.5646,10.8881,6.5546
43.487,0.2613654254090852,0.5909552356813027,1.4135960521165678e-33,3,132.209,-0.208767,0.103565,12515.6,0.0,12.4739,67.5659,41.0515,31.1991,26.4923,24.4562,23.4510,22.6156,22.0435,21.4910,20.9577,20.4429,19.7522,19.0042,17.7131,15.5133,12.7417,10.1320,6.0089
43.587,0.1520797370629709,0.5891205299874243,2.375830884792316e-34,3,133.725,-0.282529,0.0872526,12686.7,0.0,12.9273,85.3964,43.3882,31.9677,26.8265,24.6115,23.5214,22.6176,21.9999,21.4045,20.8307,20.2779,19.5383,18.7399,17.3683,15.0554,12.1920,9.5574,5.5281
43.708,0.16405640074141714,0.5884607305723983,2.7951412776493117e-35,3,135.751,-0.36615,0.0853239,12811.6,0.0,13.7552,121.2400,44.8382,31.0731,25.6991,23.4085,22.2884,21.3638,20.7342,20.1290,19.5476,18.9894,18.2452,17.4457,16.0819,13.8123,11.0594,8.5851,4.9027
43.827,0.18702478074192008,0.5899818599114208,3.288455761741639e-36,3,137.61,-0.444469,0.0751052,13006.2,0.0,14.3376,200.0000,51.6558,31.3624,25.3363,22.8792,21.6843,20.7020,20.0354,19.3967,18.7850,18.1995,17.4222,16.5913,15.1849,12.8795,10.1505,7.7669,4.3417
43.948,0.054629079183712,0.5900417964814945,3.868835319131422e-37,3,139.657,-0.517747,0.0747628,13141.0,0.0,15.0688,175.2900,63.3840,31.2165,23.9925,21.4588,20.2413,19.2464,18.5741,17.9326,17.3209,16.7378,15.9675,15.1492,13.7766,11.5635,9.0060,6.8279,3.7778
44.068,0.202931434397704,0.5910360159155948,4.5516460646049267e-38,3,141.695,-0.592365,0.0808249,13329.4,0.0,15.9724,101.1400,93.0298,30.6798,21.9330,19.2129,18.0177,17.0542,16.4074,15.7940,15.2124,14.6610,13.9371,13.1738,11.9078,9.9049,7.6470,5.7668,3.1833
44.186,0.10026962974620593,0.5915243305124277,5.3549660785470505e-39,3,143.544,-0.663518,0.062283,13538.5,0.0,16.2393,63.6169,200.0000,43.8396,24.3579,19.9452,18.1924,16.8959,16.0789,15.3383,14.6641,14.0476,13.2601,12.4377,11.0929,9.0218,6.7823,5.0009,2.6731
44.286,0.17765488409754926,0.5930445539504373,9.000091488214028e-40,3,145.209,-0.719299,0.0617602,13657.2,0.0,16.6573,54.5302,164.0870,78.1189,26.5406,19.9672,17.6417,16.0124,15.0228,14.1493,13.3728,12.6780,11.8198,10.9729,9.6772,7.7670,5.7643,4.2138,2.2340
44.386,0.2363379073803693,0.5916423062353544,1.512645376424132e-40,3,146.635,-0.769698,0.0449698,13832.7,0.0,16.4555,44.7292,91.8938,200.0000,60.0422,29.5543,23.2609,19.6101,17.6348,16.0220,14.6806,13.5475,12.2276,11.0044,9.2705,7.0608,5.0672,3.6204,1.8624
44.486,0.09381984668370878,0.5927745110634509,2.5423030841560386e-41,3,148.1,-0.811684,0.0272937,13967.3,0.0,16.0287,37.9046,64.7950,134.0080,200.0000,200.0000,100.2480,48.3451,35.2954,27.7949,22.9250,19.5084,16.1424,13.4857,10.3099,7.0194,4.6016,3.1328,1.5492
44.587,0.05983423584113214,0.5921275510040216,4.272848793541055e-42,3,149.832,-0.843773,0.0148187,14039.7,0.0,15.8820,35.5116,57.2024,103.2460,200.0000,200.0000,200.0000,200.0000,153.8680,63.2580,39.8148,29.0508,21.0764,16.0456,11.0890,6.8639,4.2151,2.7607,1.3064
44.688,0.14445657800210968,0.5917273227098728,7.181376967304451e-43,3,151.462,-0.853874,-0.0155771,14222.7,0.0,15.4912,32.6908,49.8526,81.0054,130.4220,187.9700,200.0000,200.0000,200.0000,200.0000,200.0000,200.0000,62.2119,31.2541,16.1734,8.2406,4.5510,2.8209,1.2597
44.807,0.03786842518378504,0.5935574583000819,8.448818188264017e-44,3,153.474,-0.833815,-0.0547194,14367.3,0.0,14.7745,29.2014,42.1409,62.5266,88.5823,112.0520,130.5360,152.5850,173.5370,200.0000,200.0000,200.0000,200.0000,200.0000,66.0637,14.7934,6.4704,3.6475,1.4941
44.928,0.009926980451378145,0.5993465763486165,9.93995011031073e-45,3,155.609,-0.788476,-0.0656877,14531.5,0.0,14.2698,27.7333,39.4997,57.4587,79.4369,98.3550,112.7030,129.2170,144.3370,163.4790,188.4910,200.0000,200.0000,200.0000,200.0000,22.4805,8.8592,4.8293,1.9254
45.047,0.002602298363446072,0.6147734807853317,1.1694251905279475e-45,3,157.758,-0.732032,-0.0682535,14757.4,0.0,13.7885,26.6949,37.9086,54.9045,75.5090,93.0754,106.2950,121.4010,135.1320,152.3770,174.6830,200.0000,200.0000,200.0000,200.0000,29.8331,11.4258,6.1761,2.4463
45.167,-0.03632894357255654,0.6660599738782399,1.3758170424042253e-46,3,160.184,-0.673154,-0.0610948,15019.4,0.0,13.4038,26.2325,37.5643,55.0852,76.9064,96.0326,110.7550,127.9380,143.8970,164.4200,191.7870,200.0000,200.0000,200.0000,200.0000,32.1276,13.2683,7.3385,2.9596
45.286,-0.01640602688763801,0.6884907867298373,1.6186349922181471e-47,4,160.611,-0.621781,-0.0479517,12199.1,0.0,13.1462,26.2625,38.2257,57.4742,82.8194,106.3960,125.4850,148.8820,171.7750,200.0000,200.0000,200.0000,200.0000,200.0000,103.8120,30.6030,14.1138,8.1084,3.3749
45.408,-0.025429606623185476,0.7046119381715065,1.9043078819947284e-48,4,162.641,-0.578726,-0.0408325,12348.6,0.0,12.8809,26.0305,38.2463,58.3688,85.7848,112.2780,134.4650,162.6080,191.2110,200.0000,200.0000,200.0000,200.0000,200.0000,87.2304,31.1091,15.0626,8.8163,3.7300
45.528,-0.032292145605578325,0.7160784743419063,2.2403991800879788e-49,4,164.697,-0.545371,-0.0229993,12509.0,0.0,12.8214,26.7037,40.2525,64.0954,100.0460,139.2580,176.1260,200.0000,200.0000,200.0000,200.0000,200.0000,200.0000,132.2080,58.2897,27.5502,14.7159,8.9807,3.9495
45.647,-0.021614796697738723,0.7210434810466347,2.6358072313817067e-50,4,166.772,-0.525384,-0.0107083,12666.7,0.0,12.8069,27.2654,41.9112,69.0789,113.7860,168.5050,200.0000,200.0000,200.0000,200.0000,200.0000,200.0000,150.1860,86.5061,48.2085,25.6009,14.4241,9.0281,4.0711
45.748,-0.021419264705465024,0.7228960083381112,4.430001213783235e-51,4,168.506,-0.517063,-0.00251722,12793.4,0.0,12.8404,27.7556,43.2678,73.1894,125.9540,197.3030,200.0000,200.0000,200.0000,200.0000,200.0000,194.0090,106.7260,70.4941,43.0904,24.2742,14.1039,8.9658,4.1082
45.868,-0.022559385333906674,0.7238377754285358,5.211852128003839e-52,4,170.569,-0.516063,0.00793934,12947.3,0.0,12.9676,28.6004,45.4502,79.8030,147.1090,200.0000,200.0000,200.0000,200.0000,200.0000,174.2330,114.3610,77.2218,56.3267,37.3821,22.3794,13.4632,8.7179,4.0741
45.988,0.029830213845021367,0.7227293805831881,6.131691910075236e-53,4,172.61,-0.524661,0.0150504,13098.1,0.0,13.1364,29.3862,47.3578,85.5607,167.1310,200.0000,200.0000,200.0000,200.0000,189.5060,119.9600,87.7602,63.7951,48.6281,33.6476,20.8492,12.8118,8.3942,3.9740
46.106,0.03310661996346927,0.7247819387123493,7.213874215284415e-54,4,174.596,-0.528644,-0.0121198,13259.0,0.0,12.8166,27.2159,41.7375,68.5032,112.0690,164.5940,200.0000,200.0000,200.0000,200.0000,200.0000,200.0000,161.1480,89.7585,49.0473,25.7498,14.4262,9.0044,4.0489
46.208,0.01084837722962961,0.7247233698960126,1.212435839362852e-54,4,176.269,-0.519192,-0.0218048,13372.5,0.0,12.6186,26.3363,39.7713,63.5287,99.6302,139.3940,177.1560,200.0000,200.0000,200.0000,200.0000,200.0000,200.0000,132.1710,60.1137,28.7910,15.4654,9.4624,4.1717
46.328,0.002843837000484025,0.7250878072967702,1.4264186406520017e-55,4,178.263,-0.498648,-0.0249124,13517.0,0.0,12.4111,25.7633,38.7226,61.3548,95.0678,131.2840,164.8200,200.0000,200.0000,200.0000,200.0000,200.0000,200.0000,160.6920,67.0171,30.9772,16.3946,9.9635,4.3642
46.447,-0.08420277550917513,0.7252797173747545,1.6781672665406735e-56,4,180.158,-0.480394,0.00117064,13673.1,0.0,12.5763,27.3757,42.9584,73.5859,129.5020,200.0000,200.0000,200.0000,200.0000,200.0000,200.0000,167.4090,101.1030,69.6073,43.9573,25.3402,14.9129,9.5435,4.4039
46.547,-0.02759156547884651,0.7248864820081096,2.82049572487491e-57,4,181.716,-0.484313,0.0253568,13778.9,0.0,12.9267,29.5395,48.6541,92.1312,200.0000,200.0000,200.0000,200.0000,186.0640,122.0370,90.7984,72.2977,56.2572,44.8845,32.5607,21.0491,13.2998,8.8546,4.2689
46.668,-0.007232963340886739,0.7265231849082839,3.318285015358083e-58,4,183.636,-0.507946,0.0326591,13918.3,0.0,13.2346,30.7200,51.4478,101.2110,200.0000,200.0000,200.0000,194.1660,123.3730,90.4145,71.3573,58.9388,47.3970,38.7351,28.8614,19.1443,12.3147,8.2868,4.0453
46.786,-0.0018960779420334132,0.7286463285502222,3.9039291377186318e-59,4,185.549,-0.540253,0.0342274,14059.6,0.0,13.5408,31.5387,53.0156,105.2180,200.0000,200.0000,200.0000,164.4560,108.1840,80.6086,64.2391,53.3993,43.1995,35.4643,26.5614,17.7094,11.4335,7.7110,3.7741
46.888,0.014334807016454492,0.7305087371424619,6.561333701763704e-60,4,187.134,-0.568569,0.0301855,14175.7,0.0,13.7304,31.7007,52.7854,102.4560,200.0000,200.0000,200.0000,196.9650,120.6400,85.7692,66.5408,54.3584,43.2728,35.0987,25.9294,17.0560,10.9067,7.3133,3.5551
46.988,0.004697229563151808,0.733680477986842,1.1027633552554262e-60,4,188.714,-0.594068,0.0257952,14289.7,0.0,13.8890,31.7678,52.3751,99.3925,200.0000,200.0000,200.0000,197.0860,142.7020,94.4306,70.5663,56.3337,43.9341,35.1088,25.5135,16.5205,10.4500,6.9619,3.3589
47.108,0.0012313505466028675,0.7367730910807577,1.2973900598244566e-61,4,190.598,-0.62151,0.0244303,14431.0,0.0,14.1078,32.1756,52.8881,99.6960,200.0000,200.0000,198.7380,191.4410,144.6180,92.9650,68.5032,54.2362,41.9965,33.3908,24.1322,15.5460,9.7994,6.5151,3.1359
47.227,0.0060659489445636615,0.7392188631570242,1.526366431482875e-62,4,192.467,-0.647584,0.0234358,14576.3,0.0,14.3197,32.5908,53.4545,100.2820,200.0000,197.6650,192.3590,185.3680,143.7590,90.2331,65.7556,51.7273,39.8350,31.5508,22.7087,14.5732,9.1625,6.0825,2.9227
47.346,0.009276439818683695,0.7389188455228098,1.795754842975288e-63,4,194.314,-0.670138,0.015573,14713.4,0.0,14.3975,32.2416,52.0145,94.1823,199.4940,193.1770,188.6690,183.4190,177.7870,127.0950,81.4566,59.9380,43.7597,33.4480,23.2073,14.4138,8.8705,5.8168,2.7564
47.448,0.003039703799786273,0.7388471831602893,3.0181251645885667e-64,4,195.838,-0.684512,0.0129602,14823.1,0.0,14.4825,32.2614,51.7734,92.7289,194.2190,188.1350,183.8580,179.0000,174.1320,146.0620,87.2914,62.2493,44.4163,33.4657,22.8949,14.0506,8.5820,5.6038,2.6430
47.568,0.003629699226172423,0.7397625739511208,3.5507940748868027e-65,4,197.643,-0.699044,0.012114,14958.1,0.0,14.5947,32.4565,51.9990,92.8127,187.3650,181.3850,177.2140,172.5190,167.8970,149.0640,86.6509,61.0809,43.2279,32.4082,22.0654,13.4873,8.2174,5.3583,2.5233
47.686,0.0009515038739457436,0.7390613760452175,4.1774737211635757e-66,5,197.652,-0.712176,0.0110586,13413.2,0.0,14.6917,32.6033,52.1257,92.6452,180.5000,174.6420,170.5920,166.0800,161.7290,153.1210,87.2902,60.5774,42.4123,31.5916,21.3774,13.0004,7.8958,5.1396,2.4157
47.786,0.00872895819222079,0.7388938875618718,7.021080083159623e-67,5,198.814,-0.722035,0.0091145,13489.3,0.0,14.7470,32.6002,51.9238,91.5831,174.9620,169.2750,165.3880,161.1240,157.1380,150.7900,93.4848,62.7823,43.0117,31.6329,21.1526,12.7399,7.6921,4.9908,2.3374
47.887,0.03880602931002691,0.7393208799356491,1.1800329295766384e-67,5,199.925,-0.725488,-0.0109036,13566.1,0.0,14.4842,30.8253,47.3678,78.0268,128.4020,167.8590,164.8720,161.8280,159.3140,156.3880,152.7980,147.7400,87.7695,50.3327,27.9756,14.8332,8.3508,5.2248,2.3551
48.008,0.010172767747447695,0.7394274636092257,1.3882969413176196e-68,5,201.275,-0.711961,-0.0235262,13650.0,0.0,14.1964,29.5403,44.4927,70.7498,110.2070,163.1550,160.5770,158.0100,155.9530,153.6540,151.0320,147.9320,141.9390,85.9574,37.3507,17.5478,9.3497,5.6993,2.5037
48.108,0.003333412535483661,0.7414247279942211,2.3333106692725226e-69,5,202.407,-0.691588,-0.0257034,13728.3,0.0,13.9985,29.0185,43.5636,68.8860,106.4210,157.6480,155.1700,152.7210,150.7710,148.6090,146.1710,143.3460,138.2140,103.2120,41.9651,19.2117,10.1282,6.1445,2.6869
48.228,-0.027905540907798166,0.7415462731921921,2.7451166692924304e-70,5,203.753,-0.665938,-0.0148063,13823.0,0.0,13.9312,29.4395,44.9502,73.2005,118.2660,148.6880,146.0290,143.3820,141.2520,138.8550,136.0820,132.6960,124.8200,69.5407,36.4569,18.7044,10.3635,6.4339,2.8775
48.347,-0.007315270115733843,0.7423072726459439,3.229602310255852e-71,5,205.089,-0.650903,-0.00569868,13913.6,0.0,13.9292,29.9302,46.3992,77.6752,144.2890,139.8550,137.0400,134.2150,131.9120,129.2670,126.0810,121.7850,87.3850,55.2290,32.6918,18.0239,10.3521,6.5420,2.9792
48.467,-0.0019176541692189325,0.7415065722898733,3.7995948219929086e-72,5,206.43,-0.643462,-0.00388217,13999.8,0.0,13.8914,29.9504,46.5773,78.4333,136.6640,132.2650,129.4860,126.7050,124.4420,121.8460,118.7220,114.4960,82.9623,53.8298,32.4700,18.1267,10.4806,6.6457,3.0371
48.568,-0.0006283769181696598,0.7428589400141957,6.385979017323481e-73,5,207.531,-0.639372,-0.00342989,14072.1,0.0,13.8631,29.9147,46.5586,78.5184,130.4100,126.0830,123.3660,120.6590,118.4660,115.9630,112.9770,109.0250,82.4681,53.8352,32.6191,18.2652,10.5779,6.7130,3.0706
48.688,-0.00016472523883666733,0.7430368803773313,7.513040454090904e-74,5,208.836,-0.635261,-0.00328422,14161.0,0.0,13.8303,29.8522,46.4732,78.4120,122.9000,118.6800,116.0510,113.4480,111.3540,108.9830,106.1910,102.6140,82.9475,54.2523,32.9188,18.4508,10.6910,6.7867,3.1051
48.806,-4.318173300959932e-05,0.7431208716883853,8.839016963833408e-75,5,210.132,-0.631314,-0.00323033,14244.3,0.0,13.7977,29.7847,46.3726,78.2561,115.3330,111.2330,108.7000,106.2090,104.2200,101.9870,99.3943,96.1715,83.6745,54.7663,33.2481,18.6421,10.8039,6.8590,3.1386
48.907,-1.4149790272585503e-05,0.7425205386411,1.4855735811114812e-75,5,211.197,-0.628067,-0.0031631,14309.4,0.0,13.7711,29.7312,46.2947,78.1421,108.9690,104.9770,102.5290,100.1350,98.2356,96.1189,93.6898,90.7394,83.4541,55.1568,33.5071,18.7957,10.8956,6.9181,3.1660
49.027,-3.7092826212166543e-06,0.7410806036909076,1.747762462441847e-76,5,212.454,-0.624182,-0.00308466,14392.3,0.0,13.7393,29.6669,46.2010,107.5220,101.2680,97.4157,95.0748,92.8042,91.0158,89.0415,86.8074,84.1635,78.7233,55.6254,33.8174,18.9796,11.0053,6.9887,3.1988
49.127,-1.2154577293202732e-06,0.7020596496393116,2.9374643706260127e-77,5,213.448,-0.620922,-0.00302887,14443.8,0.0,13.7125,29.6121,46.1202,100.9240,94.7957,91.0705,88.8250,86.6617,84.9697,83.1168,81.0443,78.6412,74.0959,56.0308,34.0822,19.1353,11.0978,7.0482,3.2264
49.228,-3.9828118874366715e-07,0.2462419059938096,0.06964599609375,5,212.95,-0.617666,-0.00307202,14208.4,0.0,13.6844,29.5490,46.0184,94.2822,88.3011,84.7145,82.5711,80.5212,78.9299,77.2017,75.2917,73.1200,69.2611,56.5721,34.3972,19.3066,11.1954,7.1096,3.2542
49.328,-1.3050877992752486e-07,0.08068854775605153,0.5008785264953614,5,207.094,-0.614386,-0.00311899,13561.1,0.0,13.6560,29.4851,45.9151,87.6908,81.8727,78.4326,76.3953,74.4615,72.9718,71.3676,69.6154,67.6589,64.3440,57.1236,34.7167,19.4799,11.2940,7.1716,3.2823
49.447,-3.421209360532107e-08,0.021152018662962374,0.7461091367553521,5,193.986,-0.610449,-0.00245214,12478.5,0.0,13.6317,29.4697,45.9451,80.0245,74.4036,71.1341,69.2181,67.4151,66.0380,64.5687,62.9833,61.2440,58.4128,53.8587,34.7244,19.5697,11.3731,7.2307,3.3136
49.547,-1.1210618832591607e-08,0.006931093475479512,0.7531718069382025,5,182.101,-0.607475,-0.0017755,11650.4,0.0,13.6157,29.4727,46.0050,73.9856,68.5390,65.4138,63.5984,61.9024,60.6162,59.2542,57.7986,56.2230,53.7265,50.0826,34.6421,19.6088,11.4231,7.2715,3.3366
49.667,-2.9387964632508936e-09,0.0018169445680361013,0.7464414014611035,5,168.381,-0.604309,-0.00157452,10707.3,0.0,13.5916,29.4318,74.5834,67.2357,62.0203,59.0778,57.3873,55.8225,54.6463,53.4123,52.1087,50.7194,48.5804,45.6904,34.8189,19.7342,11.5042,7.3258,3.3628
49.787,-7.703878600624424e-10,0.0004763011168432557,0.7522848865034857,4,155.206,-0.60127,-0.00191379,11011.2,0.0,13.5613,29.3473,68.0998,60.9992,56.0308,53.2757,51.7109,50.2757,49.2068,48.0952,46.9340,45.7138,43.8797,41.5274,35.1486,19.9415,11.6113,7.3894,3.3898
49.888,-2.5244069398526115e-10,0.00015607434996719804,0.8074236590887521,4,144.507,-0.598567,-0.00282431,9909.92,0.0,13.5261,29.2209,63.1260,56.2002,51.4483,48.8516,47.3910,46.0620,45.0792,44.0648,43.0142,41.9219,40.3076,38.3024,33.6884,20.2292,11.7408,7.4593,3.4159
50.007,0.06972042623275576,4.091395439780117e-05,0.8315237473230154,4,131.606,-0.594833,-0.0036304,8661.34,0.0,13.4837,29.3479,57.5431,50.8351,46.3408,43.9273,42.5851,41.3745,40.4868,39.5777,38.6450,37.6856,36.2906,34.6053,31.0532,20.5555,11.8957,7.5466,3.4505
50.126,0.08592618327445695,1.0725347661657189e-05,0.6739545697493181,3,119.292,-0.590492,-0.00427389,9730.84,0.0,13.4385,61.4756,52.3894,45.9127,41.6743,39.4372,38.2068,37.1065,36.3058,35.4917,34.6633,33.8191,32.6078,31.1747,28.3034,20.8886,12.0604,7.6419,3.4897
50.247,0.2323430714284056,2.8115855374174626e-06,0.38735052165190137,3,108.33,-0.585806,-0.00452757,9488.55,0.0,13.3955,56.1530,47.6223,41.3864,37.4003,35.3322,34.2069,33.2087,32.4875,31.7591,31.0232,30.2793,29.2235,27.9945,25.6138,20.3966,12.2132,7.7351,3.5306
50.367,0.3669070262550288,7.370402791207634e-07,0.04557140152182455,3,100.851,-0.580557,-0.0105166,9153.86,0.0,13.2726,51.7007,43.5645,37.6052,33.8845,31.9868,30.9651,30.0657,29.4203,28.7724,28.1221,27.4694,26.5517,25.4973,23.5046,19.4592,12.7353,7.9740,3.5971
50.487,0.3716123747241767,1.9321068692983343e-07,0.005361429817641137,3,97.5929,-0.560873,-0.0756173,8856.06,0.0,12.3470,52.1831,43.4865,37.9592,34.5588,32.8433,31.9257,31.1218,30.5472,29.9725,29.3978,28.8232,28.0195,27.1023,25.3893,22.0100,16.6568,10.4055,4.0431
50.607,0.383622520826242,5.0649022314534256e-08,0.0006307668566156621,3,96.0308,-0.502425,-0.185094,8704.54,0.0,10.9246,58.6583,46.5073,40.7982,37.6800,36.1099,35.2710,34.5365,34.0119,33.4875,32.9633,32.4396,31.7073,30.8723,29.3142,26.2439,21.3610,15.3829,5.2850
50.727,0.4175587432881892,1.327733730562127e-08,7.420908991397603e-05,3,94.21,-0.398842,-0.306976,8533.0,0.0,9.4546,16.4547,53.4130,44.9519,41.1848,39.5670,38.7657,38.0855,37.5995,37.1135,36.6275,36.1416,35.4618,34.6859,33.2359,30.3669,25.7504,19.8938,7.6852
50.828,0.39736394768757227,4.350717888305977e-09,1.2472321741841948e-05,3,92.4864,-0.277597,-0.411069,8374.03,0.0,8.2564,12.8640,20.2008,51.4784,45.9917,43.7067,42.5900,41.6652,41.0325,40.4217,39.8319,39.2620,38.4958,37.6628,36.2126,33.4863,29.0599,23.3175,9.9935
50.928,0.1445433771990156,1.4256432376401025e-09,2.0962231151513763e-06,3,90.8348,-0.126254,-0.4999,8220.68,0.0,7.1186,10.3586,13.3171,62.7852,54.0020,50.5191,48.8523,47.4889,46.5649,45.6795,44.8306,44.0159,42.9292,41.7586,39.7475,36.3245,31.8521,26.2690,12.2634
51.048,-0.19246266599463654,3.737238208879271e-10,2.4661855327444435e-07,3,89.5463,0.0670624,-0.486307,8111.85,0.0,5.9153,8.5237,10.6744,14.5286,61.2590,56.3737,54.0881,52.2431,51.0051,49.8280,48.7077,47.6402,46.2277,44.7205,42.1653,37.9123,32.6300,27.3015,13.9197
51.168,-0.050452933114498,9.796945730284477e-11,2.90144261741851e-08,3,89.0215,0.253734,-0.379906,8098.31,0.0,4.9479,7.8492,10.7109,63.5242,53.1994,49.2465,47.3820,45.8697,44.8513,43.8804,42.9539,42.0688,40.8943,39.6369,37.4951,33.9022,29.3910,24.8205,13.7907
51.286,-0.013225933698366962,2.5682105415196942e-11,3.4135182249667034e-09,3,88.359,0.411102,-0.279073,8039.47,0.0,4.1233,7.3079,12.1696,56.5669,47.7365,44.3214,42.7039,41.3888,40.5016,39.6546,38.8452,38.0710,37.0422,35.9389,34.0550,30.8820,26.8755,22.8914,13.6562
51.387,0.036269554530216186,8.415512302451734e-12,5.737100080701538e-10,2,87.8201,0.508417,-0.200059,10055.2,0.0,3.6259,7.2198,76.5959,52.7115,44.5353,41.3683,39.8674,38.6466,37.8228,37.0362,36.2843,35.5649,34.6088,33.5832,31.8313,28.8787,25.1473,21.5063,13.4494
51.507,0.21047937607339556,0.10443134765845608,6.749640873944554e-11,2,86.9598,0.594274,-0.156116,10019.3,0.0,3.0851,6.4724,94.1237,59.5673,48.5355,44.4626,42.5691,41.0462,40.0271,39.0602,38.1417,37.2682,36.1150,34.8876,32.8139,29.3827,25.1553,21.1673,13.6051
51.608,0.1282403467756443,0.3121791167350979,1.1344121416838614e-11,2,87.6148,0.651169,-0.12105,10285.1,0.0,2.7233,6.0053,106.1560,70.0533,54.4457,49.0321,46.5751,44.6256,43.3339,42.1180,40.9715,39.8887,38.4703,36.9745,34.4792,30.4351,25.5921,21.1552,13.6560
51.726,0.08690468195489824,0.43256860112740547,1.3346245405696467e-12,2,89.6066,0.69581,-0.0547643,10608.5,0.0,2.5195,6.7440,111.9990,80.1339,59.2176,52.4271,49.4183,47.0626,45.5169,44.0727,42.7206,41.4519,39.8023,38.0775,35.2334,30.7105,25.4291,20.7129,13.3470
51.847,0.18088350748223028,0.4899354000926926,1.5701724257347838e-13,2,92.2004,0.707062,0.0138545,10955.4,0.0,2.6120,10.7744,119.7930,90.2859,66.9182,57.8156,53.9188,50.9237,48.9845,47.1911,45.5277,43.9808,41.9889,39.9294,36.5844,31.3913,25.5151,20.4289,12.8562
51.967,0.06324220310222178,0.5153925020843988,1.847292157152716e-14,2,95.023,0.686259,0.0754368,11340.4,0.0,3.0356,11.9558,135.0250,100.3160,82.9199,70.7911,64.6643,60.1210,57.2529,54.6500,52.2773,50.1057,47.3576,44.5720,40.1639,33.5909,26.5238,20.6989,12.4547
52.069,0.020723205112536034,0.5281622857861408,3.1047439285265697e-15,2,97.5047,0.635852,0.153447,11597.5,0.0,3.8128,14.2270,69.3769,100.2030,83.8203,73.1908,66.4436,61.4283,58.2908,55.4623,52.8994,50.5666,47.6319,44.6769,40.0407,33.2173,25.9977,20.1355,11.9635
52.187,0.005432463881020647,0.542833533229497,3.652700184472225e-16,2,100.499,0.542079,0.173302,12016.4,0.0,4.7818,17.4281,132.9160,97.1517,81.2406,71.2076,64.6400,59.6092,56.4747,53.6574,51.1114,48.7997,45.8993,42.9871,38.4354,31.7742,24.7746,19.1272,11.3049
52.287,0.0017801097645328459,0.5609407175592666,6.13909320004247e-17,2,103.075,0.461885,0.17195,12367.9,0.0,5.6084,20.3081,128.5720,93.6911,78.0585,68.2292,61.8572,57.0001,53.9775,51.2632,48.8123,46.5884,43.8003,41.0033,36.6365,30.2563,23.5655,18.1770,10.7272
52.407,0.08926238147814691,0.5881667618232315,7.222581758917966e-18,2,106.344,0.364237,0.166694,12776.0,0.0,6.5771,23.2353,124.9290,90.4165,75.2694,65.9981,59.9246,55.0511,52.0332,49.3325,46.9018,44.7026,41.9538,39.2059,34.9343,28.7342,22.2837,17.1265,10.0480
52.507,0.029249497162759173,0.6095598888111114,1.2138993162213429e-18,2,109.193,0.28628,0.148827,13206.3,0.0,7.2039,23.5590,128.6260,91.5674,76.9052,68.8033,63.8803,58.9153,55.2675,52.0487,49.1878,46.6284,43.4674,40.3488,35.5814,28.8302,22.0096,16.6988,9.5975
52.608,0.009584475230292927,0.63866998085,2.0402005807732111e-19,2,112.264,0.211633,0.140531,13592.9,0.0,7.8693,24.9062,127.3150,89.7911,75.3721,67.7424,63.2274,58.8459,55.3161,51.9015,48.8876,46.2079,42.9198,39.6986,34.8176,27.9938,21.2028,15.9847,9.0966
52.728,0.012385768446254282,0.6616658253349424,2.4002755812738756e-20,2,116.176,0.123768,0.13632,14068.5,0.0,8.6978,27.0925,122.4780,85.6738,71.7296,64.4420,60.1925,56.1418,52.9540,49.6150,46.6491,44.0209,40.8074,37.6715,32.9427,26.3770,19.8949,14.9489,8.4638
52.849,0.06787540694073113,0.6760852987728532,2.8239002186129024e-21,2,120.126,0.0404437,0.110156,14674.3,0.0,9.2105,26.2113,128.9830,88.3857,73.4135,66.8909,63.2243,59.8713,57.3704,54.7554,51.9912,49.0189,44.7917,40.7529,34.8755,27.1132,19.8696,14.6014,7.9977
52.966,0.01779313067707102,0.6959589987021358,3.3222903681958943e-22,3,123.937,-0.0304418,0.0860984,11887.2,0.0,9.6051,25.4372,134.6460,91.0982,74.2727,67.9763,64.6668,61.6941,59.5189,57.2928,55.0073,52.6501,49.1962,44.9346,37.4636,28.1346,19.9734,14.3401,7.6015
53.067,0.005830453060262633,0.7093922646165909,5.583773421826839e-23,3,125.016,-0.0808691,0.0811168,11908.6,0.0,10.0160,26.1623,130.9840,87.7264,71.2149,65.1059,61.9556,59.1443,57.1003,55.0220,52.9045,50.7416,47.6208,43.8802,36.6778,27.3155,19.2498,13.7488,7.2365
53.168,0.10899726506671654,0.7182107627383144,9.38464799006437e-24,3,127.842,-0.127696,0.073579,12069.2,0.0,10.3583,26.5153,128.5860,85.2133,68.6999,62.6843,59.7002,57.0547,55.1432,53.2117,51.2581,49.2796,46.4617,43.1583,36.6254,26.9086,18.7421,13.2773,6.9123
53.286,0.053125156955449324,0.7252915019528977,1.1040944513830832e-24,3,130.989,-0.169392,0.0325028,12519.4,0.0,10.2615,23.8109,42.9739,96.6081,74.9041,67.2209,63.7508,61.0052,59.1896,57.4483,55.7031,53.9516,51.4885,48.6574,43.2997,32.3488,20.8009,13.9942,6.8296
53.388,0.017408051431161635,0.7276686541255505,1.8556515444395483e-25,3,133.837,-0.189187,0.013806,12605.7,0.0,10.2328,22.8336,39.7150,99.7383,76.3815,67.8912,64.1082,61.1372,59.1835,57.3550,55.6402,54.0048,51.7233,49.1203,44.2615,34.7169,21.9737,14.3680,6.7869
53.488,0.0057042702929630444,0.7320932848963604,3.118793550739549e-26,3,136.535,-0.199415,0.00958889,12959.6,0.0,10.2764,22.7387,144.4400,95.6925,72.8062,64.5585,60.8961,58.0250,56.1395,54.3768,52.7252,51.1740,49.0599,46.6644,42.2460,33.8175,22.1073,14.3551,6.7290
53.607,0.04293599342539275,0.7346400370758714,3.669229424509573e-27,3,139.897,-0.203548,-0.00771839,13136.4,0.0,10.1345,21.6952,146.4530,96.7456,72.9160,63.9556,60.0372,56.9911,55.0028,53.1525,51.4263,49.8124,47.7219,45.5164,41.5161,34.0329,23.6550,15.0151,6.8109
53.707,0.018523840764397698,0.7374451032083965,6.1668738937732396e-28,3,142.527,-0.196702,-0.0207103,13519.5,0.0,9.9504,20.9795,147.2380,96.8813,72.6399,63.1303,59.0172,55.8428,53.7814,51.8704,50.0943,48.4394,46.3039,44.0905,40.3752,33.5636,24.2570,15.7552,6.9619
53.808,0.07052720369490947,0.7393054293880774,1.0364664953264685e-28,3,145.32,-0.18181,-0.0327314,13608.4,0.0,9.7153,20.6321,147.5050,96.4248,71.9095,62.0272,57.7355,54.4480,52.3245,50.3641,48.5489,46.8635,44.6968,42.4610,38.8389,32.6343,24.2579,16.4873,7.1814
53.908,0.20826466814398387,0.7434929429456352,1.741989238695196e-29,3,147.647,-0.151576,-0.0767739,14101.0,0.0,9.1003,18.4225,59.0295,113.7270,85.8143,73.8095,68.0158,63.3062,60.2040,57.3947,54.8399,52.5067,49.5610,46.5828,41.8860,34.9186,26.5066,18.4407,7.8221
54.026,0.0590248103870565,0.7486777827855406,2.0494329194325112e-30,3,150.617,-0.0729461,-0.144139,14198.0,0.0,8.0473,15.3240,25.3013,148.1780,114.6520,100.0050,92.6523,86.5145,82.3108,78.2650,74.3825,70.6675,65.7545,60.5536,52.2268,40.9777,30.2955,21.5184,9.1712
54.128,0.019341249867630673,0.7509340796131659,3.444481907690222e-31,3,153.19,0.0230014,-0.150968,14495.2,0.0,7.4113,14.6585,26.1995,153.1620,117.3160,102.5450,95.1128,88.8959,84.6305,80.5191,76.5685,72.7822,67.7644,62.4408,53.6323,41.2927,29.9860,21.6559,9.8363
54.249,0.005070192605300174,0.7524065508661137,4.0523985195784704e-32,3,156.335,0.128237,-0.102788,14738.1,0.0,6.8757,14.8267,29.7542,148.9940,113.3660,98.9660,91.7537,85.7420,81.6289,77.6731,73.8800,70.2531,65.4586,60.3849,52.0169,39.8203,28.7151,20.8505,10.2403
54.349,0.009821725056654762,0.7527582660878082,6.810866191855535e-33,3,158.902,0.186256,-0.058534,14977.5,0.0,6.6802,16.0657,33.0948,142.8610,108.3430,94.3867,87.4399,81.6742,77.7429,73.9733,70.3693,66.9318,62.4014,57.6246,49.7780,38.1381,27.4422,19.8945,10.2755
54.467,0.0915320938792517,0.7599333769678224,8.01291596605612e-34,4,159.479,0.222143,-0.0393403,12204.2,0.0,6.5026,15.6342,28.0900,173.7110,122.5750,107.0880,99.5954,93.3113,88.9897,84.8145,80.7918,76.9265,71.7869,66.3100,57.1831,43.1006,29.3713,20.4604,10.3834
54.588,0.023994589217882556,0.8348159423593529,9.427115504905366e-35,4,161.86,0.23599,-0.0114492,12380.1,0.0,6.5683,15.1716,25.2745,58.4802,136.7540,116.8930,108.5170,101.9480,97.4149,93.0149,88.7553,84.6423,79.1399,73.2299,63.2693,47.6174,31.5687,21.1741,10.2968
54.689,0.007862546994915755,0.8709841247110627,1.584415302909445e-35,4,164.166,0.223177,0.0248005,12581.2,0.0,6.7613,15.4325,25.3875,200.0000,134.9510,114.7080,106.2370,99.7453,95.3246,91.0398,86.8982,82.9044,77.5706,71.8523,62.2364,47.1501,31.5857,21.0340,10.1309
54.806,0.0020611195194351955,0.8832748119976318,1.8640487597199333e-36,4,167.105,0.197807,0.0225198,12771.2,0.0,6.9654,15.8226,25.9554,200.0000,128.7270,109.1550,100.9930,94.7654,90.5515,86.4805,82.5563,78.7836,73.7636,68.4030,59.4353,45.4426,30.9570,20.7247,9.9424
54.907,0.07469063866995354,0.8881446134422589,3.1329067504612917e-37,4,169.415,0.181756,0.00680083,13089.0,0.0,6.9907,15.3839,24.6377,200.0000,136.6430,113.7280,104.4170,97.4516,93.0271,88.9058,84.9309,81.1040,76.0016,70.5420,61.3778,46.9952,32.0043,21.3408,9.9600
55.026,0.019579702783496297,0.8890695749055825,3.685833462850206e-38,4,172.382,0.180563,-0.0186256,13191.5,0.0,6.8272,14.3339,22.2550,44.5572,176.3950,127.3940,115.0890,106.1350,100.5560,95.5410,91.0094,86.8946,81.5480,75.7974,66.0695,50.6040,34.2790,22.6528,10.2093
55.127,0.006415877008096066,0.8892905116644362,6.194780301012343e-39,4,174.808,0.193088,-0.0238918,13354.7,0.0,6.6890,14.0301,22.0475,47.3234,180.9720,125.9370,113.3030,104.1750,98.5158,93.4458,88.8781,84.7433,79.5291,73.9881,64.6385,49.8092,34.1053,22.7826,10.3745
55.249,0.019402951076472837,0.8862832547022619,7.288097076338011e-40,4,177.671,0.215504,-0.0259917,13552.3,0.0,6.5048,13.9387,22.4990,200.0000,174.3800,119.9850,107.7600,98.9551,93.5058,88.6320,84.2468,80.2807,75.3222,70.1472,61.4597,47.7577,33.2163,22.5578,10.5262
55.370,0.032263186847950896,0.8796491742394198,8.574373329340908e-41,4,180.418,0.245219,-0.0402473,13762.1,0.0,6.1933,12.9972,20.4237,42.2720,200.0000,160.0010,124.5440,111.6960,104.3360,97.8917,92.2052,87.1490,80.9453,74.8681,65.5230,50.8772,35.1953,23.7073,10.8971
55.488,0.008457600853069241,0.8773670769599435,1.0087664478236289e-41,4,183.09,0.277603,-0.0338958,14048.2,0.0,5.9621,12.6424,20.0728,44.0113,200.0000,174.0150,131.7750,113.5460,105.4050,98.4190,92.3086,86.9189,80.3599,73.9925,64.4514,50.3074,35.1093,23.8584,11.1042
55.608,0.07865294767943323,0.8795471493975874,1.1868036382000214e-42,4,185.86,0.303569,-0.0257605,14186.7,0.0,5.7919,12.4601,20.0991,110.7040,200.0000,180.3310,148.4740,115.5370,105.6290,98.1614,91.6952,86.0344,79.1992,72.6193,62.8606,49.2038,34.6614,23.7851,11.2340
55.727,0.05655052123487734,0.8754580075410561,1.3962626123059436e-43,4,188.363,0.336522,-0.0585998,14386.7,0.0,5.3493,10.8129,16.2583,27.5464,131.2890,200.0000,200.0000,200.0000,197.5940,181.8020,166.0950,146.1860,111.8750,96.9572,79.3862,58.3612,39.9994,26.6163,11.9154
55.830,0.018530474798244607,0.8591493474891784,2.3466985725025993e-44,4,190.518,0.378123,-0.0607412,14508.8,0.0,5.0028,10.0570,15.0173,24.8593,88.1851,200.0000,200.0000,200.0000,200.0000,200.0000,188.7270,173.7710,150.9110,111.6380,85.9704,61.1531,41.3283,27.5301,12.3098
55.946,0.0048576527855110335,0.7818870629544532,2.7608674035635833e-45,4,192.797,0.430979,-0.0486653,14615.7,0.0,4.6268,9.4736,14.3763,24.6883,86.8632,200.0000,200.0000,200.0000,200.0000,200.0000,191.4180,175.6710,155.6050,124.0290,86.0331,60.5299,40.6907,27.5404,12.6127
56.049,0.001591755664756255,0.7565726941951652,4.640189845169315e-46,4,194.415,0.467392,-0.0356339,14698.8,0.0,4.3827,9.1701,14.2058,25.8013,91.4757,200.0000,200.0000,200.0000,200.0000,200.0000,188.5060,172.8420,153.6960,126.7860,84.4603,59.2074,39.7211,27.2074,12.7559
56.167,0.0004172691969818637,0.7302978021127223,5.459136950943247e-47,4,196.169,0.496531,-0.0190252,14802.8,0.0,4.2087,9.0738,14.5030,29.3680,93.4876,200.0000,200.0000,200.0000,200.0000,200.0000,183.4340,168.1250,149.8790,126.1390,82.3745,57.3847,38.4642,26.5391,12.7902
56.269,0.0001367307704670171,0.7154190716869219,9.175171473450316e-48,4,197.44,0.507228,-0.00468857,14930.8,0.0,4.1779,9.2659,15.3057,33.4113,94.0004,200.0000,200.0000,200.0000,200.0000,196.3580,178.4610,163.5680,146.0250,124.2180,80.6571,55.7449,37.3649,25.7998,12.7014
56.386,0.0918903377252843,0.7137289339251714,1.0794497486799562e-48,5,198.535,0.509171,-0.0138505,13472.1,0.0,4.1236,8.9751,14.4917,27.4378,59.6948,92.6254,115.7970,200.0000,200.0000,200.0000,200.0000,200.0000,183.4770,158.8970,122.4150,63.5923,40.1793,26.7511,12.8314
56.488,0.030110625865821156,0.7179377107404751,1.8142311926064028e-49,5,198.213,0.521774,-0.0310853,13424.8,0.0,3.9507,8.3123,12.8570,21.4834,36.1996,55.1539,70.7918,83.8049,93.0295,107.7070,200.0000,200.0000,200.0000,200.0000,164.7440,89.5737,45.8362,28.9341,13.1614
56.590,0.009866649883712275,0.724777088821064,3.049178365413581e-50,5,199.137,0.541631,-0.0253194,13444.9,0.0,3.8071,8.0360,12.2661,19.9642,32.2271,46.5880,59.5062,71.2421,79.6400,88.2974,102.5490,200.0000,200.0000,200.0000,178.7890,107.2960,47.9770,29.7737,13.3110
56.707,-0.026539939400852877,0.7295742917344089,3.5873278551254246e-51,5,200.208,0.560268,-0.0154966,13530.7,0.0,3.6747,7.7559,11.8290,19.2254,30.9649,44.6459,55.5965,65.8037,73.3433,81.2316,93.5646,200.0000,200.0000,200.0000,178.2070,109.8600,48.6350,30.1135,13.4493
56.807,-0.04590996943127147,0.7344584976655311,6.029221926109302e-52,5,201.003,0.566393,0.0118572,13645.9,0.0,3.7237,8.2767,13.2534,23.6315,44.3784,62.9945,74.1497,90.5654,200.0000,200.0000,200.0000,200.0000,200.0000,174.1500,135.1640,83.8805,42.8616,27.9085,13.1365
56.928,-0.01203502302659123,0.739365036068283,7.093319303848334e-53,5,202.068,0.550957,0.0265142,13704.9,0.0,3.9154,8.9693,14.8112,28.2084,52.4453,70.6425,200.0000,200.0000,200.0000,200.0000,200.0000,200.0000,169.2310,146.8060,117.6410,73.9205,40.0168,26.5483,12.8248
57.047,-0.003154909076282732,0.7444785478588339,8.345219227784527e-54,5,203.169,0.521875,0.0298735,13772.5,0.0,4.1839,9.6532,16.0622,30.8069,52.6629,71.5605,200.0000,200.0000,200.0000,200.0000,200.0000,182.5120,158.8820,138.4850,111.6660,72.9582,39.2510,25.8189,12.5444
57.168,0.06107639742463819,0.7481832235124062,9.818066969296219e-55,5,204.256,0.489186,0.0252139,13842.3,0.0,4.4479,10.1612,16.7311,30.2422,48.3338,64.5807,198.2970,200.0000,200.0000,200.0000,200.0000,200.0000,162.2760,140.5010,112.3060,76.0285,40.3772,25.6714,12.3292
57.269,0.021980357101705445,0.7482105556336702,1.650122515529616e-55,5,205.128,0.47104,0.00558346,13898.7,0.0,4.5137,9.9092,15.6463,25.8359,38.7619,48.7881,57.1877,73.6566,194.2640,200.0000,200.0000,200.0000,200.0000,169.5440,129.3980,87.2838,46.6620,27.2006,12.4131
57.388,0.005762018732069472,0.7505168203960328,1.9413526382954376e-56,5,206.183,0.464028,-0.000717465,13976.8,0.0,4.5446,9.8233,15.0420,23.6697,34.1446,42.2903,48.9597,59.2326,182.5090,189.5130,195.9400,200.0000,200.0000,200.0000,134.4970,89.6561,51.0397,28.4558,12.4433
57.507,-0.05440265302962538,0.7567105415221476,2.2839819654281995e-57,5,207.249,0.463613,0.000888522,14052.7,0.0,4.5404,9.6472,14.5394,22.3978,31.7438,39.6357,46.9826,61.2994,178.7060,185.0740,191.3830,198.1520,200.0000,200.0000,127.9410,86.2202,51.6155,29.3998,12.5248
57.628,-0.02912019812913571,0.7608652367905319,2.687081942506623e-58,5,208.225,0.457016,0.0190303,14126.3,0.0,4.6808,10.2747,15.8910,25.3100,39.8162,170.5760,180.3720,189.2070,196.0860,200.0000,200.0000,200.0000,134.2900,117.8630,95.9145,69.7074,44.3914,27.4971,12.2399
57.749,-0.007633685218364152,0.7632039273363422,3.1613250345396175e-59,5,209.256,0.44342,0.0128748,14198.1,0.0,4.7675,10.3403,15.8299,25.3432,47.3910,170.4850,179.8690,189.0010,196.1310,200.0000,200.0000,134.7480,119.5560,105.9280,87.3137,64.5508,42.5671,27.4042,12.1998
57.866,0.0774008971260234,0.764419344780783,3.7192672898855145e-60,5,210.301,0.439997,-0.012131,14281.1,0.0,4.6798,9.7147,14.4036,22.9013,41.3578,157.8980,166.7020,174.7890,181.0800,187.8560,195.1750,200.0000,126.9900,111.1350,90.0931,65.4511,43.6780,28.4148,12.4902
57.970,0.025362725970255344,0.7653186750383919,6.250972534110584e-61,5,211.175,0.462524,-0.0473951,14329.2,0.0,4.3471,8.5582,12.3921,18.9156,29.5951,132.5620,146.8020,154.8760,160.0620,165.4810,171.2920,177.5400,187.1190,199.4550,104.9870,72.2156,47.2767,30.4956,13.1479
58.088,0.006648686436746617,0.7665940178898891,7.354206676655762e-62,5,212.347,0.521393,-0.0624126,14402.3,0.0,3.8388,7.6158,11.1470,17.3087,27.9023,108.0070,137.9170,145.9010,150.9210,155.9400,161.3170,167.0910,175.9300,187.2860,105.9250,71.9731,47.0655,30.8913,13.6344
58.208,0.0017429132572745053,0.7673138413663521,8.652150613018739e-63,5,213.602,0.583079,-0.0470536,14471.4,0.0,3.3898,6.8832,10.2708,16.5112,28.9163,120.7410,132.3480,139.6770,144.4000,149.2120,154.3680,159.9050,168.3830,179.2800,102.6680,69.8650,45.7828,30.6605,13.9497
58.327,0.00045689425291496795,0.768366600881141,1.0179168674710417e-63,5,214.876,0.629364,-0.0321792,14558.2,0.0,3.0548,6.3542,9.6834,16.2282,33.0341,116.3390,126.2100,133.0110,137.4670,142.0470,146.9540,152.2230,160.2910,170.6590,100.0620,68.0743,44.6018,30.2317,14.1331
58.430,0.0001497151087951767,0.7686179166048572,1.7108128791585794e-64,5,215.935,0.654978,-0.0195869,14646.3,0.0,2.8777,6.1184,9.5170,16.6889,41.4377,112.2910,121.0890,127.4660,131.7040,136.0930,140.7950,145.8450,153.5760,163.5120,97.8018,66.5455,43.6039,29.6734,14.1715
58.547,3.9246917480002795e-05,0.7682118239585888,2.0127542442012777e-65,5,217.226,0.669388,-0.00444252,14725.7,0.0,2.7987,6.1221,9.8015,18.5306,51.6046,107.0530,114.8340,120.7330,124.7170,128.8720,133.3240,138.1060,145.4270,154.8350,95.2122,64.7308,42.4141,28.8670,14.0824
58.647,0.028148566664763598,0.7680311133653754,3.3828360582290875e-66,5,218.278,0.667679,0.0063321,14797.9,0.0,2.8440,6.3590,10.4302,20.9353,56.3413,101.4050,108.6520,114.2400,118.0210,121.9220,126.1010,130.5860,137.4470,146.2570,166.3320,63.9653,41.7366,28.3315,13.9237
58.768,0.00986338370808779,0.7679074110726779,3.979872794145939e-67,5,219.51,0.655828,0.0097267,14867.4,0.0,2.9559,6.6606,10.9900,20.9804,46.5721,88.9006,96.6910,102.2910,105.9960,109.5590,113.1380,116.9640,122.7930,130.2350,147.0150,67.3332,42.7191,28.5101,13.7836
58.890,0.0025856268587729652,0.767272639508861,4.6822805435847555e-68,5,220.695,0.634496,0.0219991,14938.6,0.0,3.1769,7.2369,11.8807,22.3338,47.7201,82.0469,89.0505,94.2382,97.7014,101.0450,104.3420,107.8250,113.1270,119.8860,135.0880,67.4016,42.4236,28.1807,13.5509
59.007,0.0006778065672661801,0.7684329000614109,5.50865623672203e-69,6,221.56,0.60505,0.0232064,13742.4,0.0,3.4318,7.8069,12.7982,23.9836,50.8629,76.4983,82.5012,87.1785,90.3540,93.4468,96.5016,99.7146,104.6040,110.8350,124.8440,66.4782,41.7705,27.7194,13.3139
59.127,-0.027745390819431823,0.7687370554036984,6.4808789759411e-70,6,221.219,0.573514,0.0338342,13723.7,0.0,3.7478,8.7217,14.6471,29.0047,64.1867,75.0728,79.8970,83.9344,86.7615,89.5934,92.5997,95.8224,100.7440,107.0470,121.3440,60.9918,39.1940,26.4185,12.9220
59.247,-0.033592248196679136,0.7679720007923722,7.624689306404945e-71,6,222.081,0.527758,0.0509116,13772.4,0.0,4.2277,10.2280,17.9486,39.7951,66.4308,74.4465,78.5677,82.1813,84.9347,87.8859,91.0569,94.4726,99.7226,106.5060,122.1480,53.3764,35.6094,24.5579,12.3509
59.368,-0.054257190603062756,0.7672895713163406,8.970370722092353e-72,6,222.902,0.460596,0.0715992,13823.2,0.0,4.9433,12.5885,23.5540,52.6239,66.9644,73.8377,77.7889,81.6241,84.6113,87.8327,91.3161,95.0948,100.9570,108.6290,127.9630,45.5850,31.5971,22.3347,11.5939
59.488,-0.1130218773366343,0.7535564362894007,1.0553551450834434e-72,6,223.4,0.357703,0.125565,13876.4,0.0,6.2869,18.8364,42.5505,62.1931,75.5475,84.5874,90.3813,96.1599,100.7710,105.8550,111.4890,117.7790,145.1490,143.3590,44.3794,33.2212,24.7776,18.4547,10.3104
59.606,-0.029628007012534662,0.22159549843464865,1.2416147746392208e-73,6,222.503,0.199263,0.159412,13625.8,0.0,8.2001,28.0385,48.2337,65.4017,81.6021,93.2513,100.9680,108.8680,138.3660,137.4040,136.3520,135.1970,133.3810,40.3081,31.8899,25.8947,19.9575,15.2601,8.8792
59.709,0.01896399452541389,0.07261241292706566,2.0867819517361386e-74,6,220.605,0.04002,0.167112,13462.2,0.0,9.9370,31.8477,47.6113,63.8891,80.3468,92.3391,100.3570,132.2900,131.3800,130.3890,129.3090,128.1270,126.2720,34.7100,27.1230,21.8747,16.9700,13.0463,7.6578
59.828,0.0599443320392701,0.019034908374352705,2.4550780983980504e-75,6,217.774,-0.141045,0.112876,13271.5,0.0,10.9899,27.4539,38.2631,49.2688,59.1481,65.8169,70.0492,74.2381,77.5581,81.1952,85.1971,89.6211,96.6622,124.3190,121.3490,24.8758,16.2701,11.9855,6.5883
59.929,0.019642558722628024,0.006237358776107895,4.126249759977604e-76,6,215.362,-0.255244,0.0880205,13123.7,0.0,11.7274,25.1170,33.5625,42.3271,50.0166,55.0779,58.2374,61.3256,63.7459,66.3703,69.2255,72.3432,77.2221,83.6877,118.3870,112.1040,16.3953,10.9766,5.8296
60.047,-0.15894998759455917,0.0016350861790040282,4.854491580116052e-77,6,212.55,-0.367147,0.103796,12953.1,0.0,12.4117,24.0514,31.4480,39.7438,47.4236,52.5571,55.7943,58.9825,61.4983,64.2432,67.2502,70.5579,75.7863,82.8147,110.1920,103.8700,17.2863,9.9018,4.8969
60.155,-0.08968203873098515,0.0005357850391360399,8.158943998701049e-78,6,209.501,-0.47481,0.143617,12773.2,0.0,13.6183,27.4369,37.9027,52.7846,69.4009,105.8130,104.6360,103.5030,102.6300,101.6970,100.6980,99.6255,97.9875,95.8801,90.9567,23.8440,11.2925,7.5879,3.9860
60.269,-0.02350960836109537,0.00014045283329927805,0.6751560507202149,6,201.942,-0.582537,0.0818145,11987.5,0.0,13.8814,27.4874,39.0996,56.7698,98.6219,96.4103,95.0628,93.7705,92.7734,91.7103,90.5730,89.3498,87.4709,85.0154,78.8360,24.1423,10.5453,6.7398,3.3179
60.386,-0.006162902774210986,3.6818867532405944e-05,0.8793512282175302,6,189.916,-0.624831,0.0119187,10565.5,0.0,13.4458,25.9506,36.7363,52.9625,92.1054,90.0381,88.7946,87.6135,86.7100,85.7522,84.7370,83.6569,82.0186,79.9333,75.0958,35.8195,13.2734,7.2829,3.1767
60.506,-0.0016155679848427647,9.651845210415025e-06,0.9039252488405809,5,179.859,-0.606982,-0.0454515,9283.56,0.0,12.7821,24.4069,34.2997,48.9302,86.1014,84.1871,83.0499,81.9795,81.1674,80.3117,79.4108,78.4613,77.0391,75.2617,71.3501,51.3962,17.4093,9.1059,3.5360
60.607,-0.0005293893172732771,3.162716638548795e-06,0.9073454248551072,5,174.491,-0.557683,-0.0822371,6234.02,0.0,12.2523,23.2411,32.5016,46.0423,81.2105,79.4016,78.3372,77.3421,76.5918,75.8053,74.9806,74.1168,72.8345,71.2494,67.8570,57.5434,20.9199,10.7533,4.1042
60.708,-0.00017347029148410744,1.036358988119669e-06,0.9085202446825952,5,163.533,-0.499211,-0.0862029,5235.99,0.0,11.7530,22.1687,30.8740,43.4825,76.4696,74.7526,73.7512,72.8212,72.1235,71.3959,70.6362,69.8442,68.6772,67.2494,64.2550,56.1769,24.4436,12.3675,4.6686
60.827,-4.5474196090809855e-05,2.7167529058164257e-07,0.9090641872315064,4,147.83,-0.434628,-0.088198,5878.7,0.0,11.2279,21.1188,29.3518,41.2205,71.0843,69.4492,68.5049,67.6335,66.9836,66.3091,65.6085,64.8815,63.8178,62.5295,59.8740,53.2070,28.0479,14.0746,5.2832
60.946,-1.1920787660029259e-05,7.12180473742341e-08,0.9122810745948495,4,135.023,-0.375492,-0.087355,5235.99,0.0,10.7727,20.2866,28.2194,39.8013,66.0153,64.4424,63.5418,62.7158,62.1026,61.4690,60.8137,60.1373,59.1533,57.9710,55.5681,49.8063,30.7686,15.4942,5.8300
61.047,-3.906203700438387e-06,2.3336729763589037e-08,0.9152240426400178,4,124.594,-0.330005,-0.0856574,5235.99,0.0,10.4313,19.6908,27.4386,64.7581,62.0738,60.5483,59.6809,58.8887,58.3029,57.6996,57.0779,56.4387,55.5128,54.4069,52.1826,47.0071,32.5593,16.5103,6.2420
61.148,-1.2799848285596504e-06,7.646979608932855e-09,0.917228173657543,3,114.598,-0.287985,-0.0840471,5235.99,0.0,10.1155,19.1383,26.7132,61.0767,58.4405,56.9637,56.1292,55.3705,54.8113,54.2372,53.6478,53.0439,52.1726,51.1378,49.0758,44.3983,33.5480,17.4339,6.6208
61.248,-4.1942542862242626e-07,2.505762278255118e-09,0.9175650079576584,3,105.03,-0.249294,-0.0828512,5235.99,0.0,9.8215,18.6138,26.0137,57.6965,55.1181,53.6916,52.8903,52.1646,51.6317,51.0860,50.5277,49.9574,49.1378,48.1693,46.2558,42.0084,33.0746,18.2948,6.9707
61.368,-1.0994985956079731e-07,6.568705466709096e-10,0.9166038075407662,3,93.9757,-0.207201,-0.0821422,5235.99,0.0,9.4963,18.0157,25.1966,54.0333,51.5332,50.1678,49.4058,48.7188,48.2162,47.7032,47.1802,46.6477,45.8858,44.9903,43.2369,39.4294,31.9829,19.2668,7.3554
61.488,-2.8822695984705647e-08,1.7219467258649893e-10,0.913157832953095,2,83.3359,-0.169643,-0.0822252,5235.99,0.0,9.2002,17.4519,24.6907,50.7879,48.3702,47.0644,46.3400,45.6897,45.2154,44.7328,44.2423,43.7443,43.0344,42.2042,40.5913,37.1516,30.7463,20.1861,7.7046
61.607,-7.555696816214677e-09,4.5139800250515177e-11,0.6851383965385127,2,73.2366,-0.136555,-0.0831078,5235.99,0.0,8.9332,16.9242,26.5020,47.9499,45.6134,44.3640,43.6746,43.0580,42.6096,42.1546,41.6932,41.2260,40.5622,39.7893,38.2976,35.1631,29.5248,20.9689,8.0200
61.728,-1.9806805861897805e-09,1.1833127796871052e-11,0.22674895838989662,2,63.2443,-0.107723,-0.084318,5235.99,0.0,8.6977,16.4497,48.8100,45.4870,43.2263,42.0280,41.3699,40.7831,40.3576,39.9267,39.4907,39.0503,38.4262,37.7021,36.3129,33.4279,28.3702,21.1140,8.2997
61.846,-5.192235315861338e-10,3.1019834531829648e-12,0.026676788205612943,2,56.395,-0.082212,-0.0867174,6466.13,0.0,8.4803,15.9840,46.6684,43.4017,41.2134,40.0622,39.4327,38.8729,38.4679,38.0585,37.6450,37.2280,36.6385,35.9567,34.6551,31.9767,27.3729,20.9902,8.5613
61.967,-1.3611133346411545e-10,8.131663503511951e-13,0.003138497455602157,2,55.949,-0.0555823,-0.0870498,6425.83,0.0,8.2693,15.6738,44.5572,41.3413,39.2205,38.1132,37.5100,36.9751,36.5890,36.1995,35.8067,35.4113,34.8536,34.2105,32.9886,30.4962,26.2873,20.6076,8.8132
62.087,-3.568076939961708e-11,2.131666797464637e-13,0.00036924108715413815,2,55.6698,-0.0286583,-0.0871466,6395.67,0.0,8.0577,15.6957,42.4395,39.2807,37.2298,36.1670,35.5904,35.0805,34.7132,34.3433,33.9711,33.5970,33.0707,32.4654,31.3207,29.0056,25.1588,20.0857,9.0655
62.206,-9.35349961349322e-12,5.5880366095456973e-14,4.3440844662597194e-05,2,55.4268,-0.00179235,-0.0872539,6367.44,0.0,7.8466,16.4464,40.3192,37.2250,35.2467,34.2294,33.6797,33.1948,32.8464,32.4962,32.1443,31.7914,31.2959,30.7277,29.6579,27.5122,23.9996,19.4572,9.3175
62.308,-3.064954753349458e-12,1.831087836215934e-14,7.301102762442712e-06,2,55.2361,0.0205422,-0.0873283,6346.25,0.0,7.6711,42.2113,38.5487,35.5142,33.5985,32.6198,32.0927,31.6288,31.2961,30.9622,30.6272,30.2918,29.8217,29.2838,28.2748,26.2645,23.0120,18.8656,9.5268
62.428,0.11870282482821998,4.8000868973698975e-15,8.589674388986225e-07,2,55.0056,0.0479432,-0.0925897,6318.88,0.0,7.4239,40.2296,36.5902,33.6471,31.8137,30.8837,30.3849,29.9470,29.6335,29.3195,29.0051,28.6904,28.2502,27.7478,26.8092,24.9520,21.9811,18.2410,9.7862
62.529,0.28609211612185836,1.5728924745301682e-15,1.443666574556915e-07,2,54.7415,0.079163,-0.129002,6289.82,0.0,6.9743,39.4100,35.9838,33.1933,31.4508,30.5696,30.0977,29.6838,29.3877,29.0913,28.7948,28.4980,28.0824,27.6074,26.7188,24.9637,22.1466,18.5793,10.2935
62.646,0.13042399607065466,4.1232432484323645e-16,1.698459288300465e-08,2,54.5339,0.132183,-0.178819,6265.93,0.0,6.3651,38.5241,35.3858,32.7957,31.1600,30.3337,29.8918,29.5046,29.2278,28.9509,28.6740,28.3971,28.0095,27.5668,26.7387,25.0957,22.4506,19.0678,10.9388
62.747,0.04273733503243212,1.3511043476463172e-16,2.8546005258465923e-09,2,54.3993,0.181311,-0.194422,6250.41,0.0,6.0395,37.1550,34.0976,31.6032,30.0384,29.2499,28.8291,28.4610,28.1983,27.9357,27.6734,27.4113,27.0450,26.6273,25.8477,24.3075,21.8377,18.6946,11.1007
62.868,0.20469969591358955,3.541838981093962e-17,3.358408972653257e-10,2,54.2166,0.241466,-0.185953,6229.72,0.0,5.7645,35.4148,32.4271,30.0339,28.5484,27.8025,27.4057,27.0593,26.8124,26.5660,26.3201,26.0748,25.7325,25.3430,24.6182,23.1946,20.9264,18.0623,11.1376
62.987,0.45753652899672903,0.006588134765625008,3.9511345722368314e-11,2,53.8913,0.304412,-0.201265,6194.48,0.0,5.2037,34.8885,32.2489,30.0697,28.6949,27.9986,27.6254,27.2980,27.0636,26.8295,26.5958,26.3627,26.0374,25.6672,24.9781,23.6241,21.4579,18.6810,11.7278
63.088,0.26267354151134736,0.05138534296875,6.640671875558444e-12,2,53.8957,0.361602,-0.211241,6212.08,0.0,4.7260,34.3013,31.9575,29.9656,28.6891,28.0363,27.6867,27.3799,27.1605,26.9408,26.7209,26.5008,26.1925,25.8399,25.1802,23.8825,21.8046,19.1238,12.2159
63.207,0.21282646708647213,0.07953903590969999,7.812684054875752e-13,2,54.2097,0.428162,-0.199074,6263.14,0.0,4.2641,33.1543,31.0230,29.2022,28.0346,27.4344,27.1103,26.8250,26.6209,26.4168,26.2126,26.0083,25.7225,25.3959,24.7846,23.5695,21.6182,19.1072,12.5297
63.309,0.20747606090538445,0.09066622433376549,1.3130778091029678e-13,2,54.5409,0.479309,-0.179318,6300.18,0.0,3.9388,32.0922,30.0429,28.3489,27.2563,26.6971,26.3957,26.1304,25.9399,25.7488,25.5570,25.3647,25.0958,24.7890,24.2155,23.0786,21.2384,18.8746,12.6564
63.427,0.22075599843451782,0.09245888796175063,1.5448229116315508e-14,2,55.0236,0.534403,-0.153936,6361.33,0.0,3.5922,30.8581,28.8355,27.2924,26.2862,25.7717,25.4952,25.2521,25.0779,24.9031,24.7280,24.5525,24.3061,24.0237,23.4928,22.4419,20.7423,18.5407,12.7477
63.527,0.3359268196972298,0.08908266668855643,2.596383867579148e-15,2,55.3433,0.576204,-0.138442,6393.69,0.0,3.3078,30.0314,27.9294,26.5167,25.5983,25.1212,24.8642,24.6386,24.4770,24.3151,24.1529,23.9905,23.7627,23.5018,23.0119,22.0310,20.4380,18.3585,12.8478
63.648,0.37289407947444725,0.08729910610765493,3.054619656368193e-16,2,55.7522,0.625487,-0.136305,6445.07,0.0,2.9230,29.5415,27.1159,25.7955,24.9911,24.5741,24.3480,24.1481,24.0041,23.8592,23.7134,23.5668,23.3601,23.1232,22.6787,21.7905,20.3239,18.3792,13.0843
63.766,0.38096176349718697,0.08873646851211009,3.5937294795206155e-17,2,56.1497,0.674521,-0.129781,6492.48,0.0,2.5445,7.0536,26.4947,25.0010,24.2615,23.8972,23.6999,23.5257,23.4003,23.2742,23.1474,23.0199,22.8403,22.6336,22.2417,21.4442,20.1187,18.3290,13.2837
63.868,0.3798601980906478,0.08696691795517322,6.039981136230298e-18,2,56.5001,0.714631,-0.124779,6530.26,0.0,2.2376,5.7260,26.1972,24.4894,23.6500,23.2750,23.0862,22.9271,22.8154,22.7032,22.5903,22.4769,22.3173,22.1337,21.7861,21.0799,19.8799,18.2373,13.4338
63.970,0.328594390878738,0.08735082162867616,1.015139629566226e-18,2,56.8599,0.751963,-0.108552,6566.41,0.0,1.9662,5.0409,25.9499,24.0224,23.0774,22.6549,22.4421,22.2626,22.1382,22.0168,21.8985,21.7830,21.6261,21.4535,21.1424,20.5155,19.4550,17.9686,13.5007
64.088,0.305652549806902,0.09307184183190267,1.1943016227883695e-19,2,57.3225,0.789535,-0.0737394,6624.95,0.0,1.7211,4.8668,25.6430,23.4552,22.3899,21.9146,21.6753,21.4735,21.3336,21.1971,21.0640,20.9340,20.7575,20.5630,20.2185,19.6022,18.6837,17.4093,13.4276
64.209,0.3216830040347317,0.1209409776395573,1.405083916194289e-20,2,57.7692,0.814781,-0.0299018,6676.74,0.0,1.5783,56.2265,25.4840,22.9966,21.7987,21.2664,20.9988,20.7735,20.6173,20.4650,20.3164,20.1716,19.9747,19.7580,19.3740,18.6864,17.7456,16.6553,13.2223
64.309,0.34145576376686376,0.16863691220918012,2.3615245379477415e-21,2,58.3038,0.82491,0.0111515,6750.69,0.0,1.5606,52.0445,25.4583,22.6633,21.3473,20.7656,20.4737,20.2282,20.0582,19.8926,19.7311,19.5738,19.3601,19.1250,18.7088,17.9642,16.9443,15.8820,12.9208
64.427,0.3460281327729417,0.20435560041728829,2.778310003650138e-22,2,59.0438,0.822025,0.0756599,6905.77,0.0,1.7495,47.0249,53.4731,22.5002,21.0024,20.3458,20.0177,19.7422,19.5518,19.3666,19.1862,19.0106,18.7724,18.5108,18.0487,17.2244,16.0981,14.9241,12.4344
64.528,0.3325790965007234,0.224578532207237,4.6695056231347876e-23,2,59.8218,0.799185,0.147781,6981.99,0.0,2.3724,43.2182,49.4348,22.5643,20.7184,19.9971,19.6379,19.3371,19.1296,18.9278,18.7317,18.5410,18.2828,17.9996,17.5006,16.6138,15.4075,14.1515,11.8677
64.647,0.3023584608175817,0.26273395224693397,5.493626670561846e-24,2,61.0439,0.736022,0.281118,7135.97,0.0,7.2949,39.0352,44.9140,49.0623,20.5967,19.5955,19.1921,18.8594,18.6304,18.4083,18.1927,17.9836,17.7009,17.3917,16.8487,15.8895,14.5948,13.2539,10.9986
64.748,0.2654634656018233,0.2889710716285253,9.233138345213295e-25,2,62.0578,0.642506,0.435195,7373.47,0.0,10.4074,35.8509,41.3964,45.3508,47.7318,19.9293,19.0923,18.5638,18.2523,17.9791,17.7356,17.5104,17.2069,16.8757,16.2962,15.2787,13.9164,12.5158,10.1425
64.850,0.22233917901323846,0.31550624778248515,1.5518135616799983e-25,2,63.4698,0.506856,0.524619,7466.14,0.0,11.4759,32.1960,37.3616,41.0894,43.3479,44.4852,45.0934,45.6273,46.0096,20.2945,18.9299,18.2233,17.5218,16.9378,16.1487,15.0028,13.4965,11.9690,9.3575
64.968,0.20172340462248115,0.3333704096624418,1.8256931371809012e-26,2,65.1266,0.337143,0.48885,7683.18,0.0,13.4088,29.6031,34.2805,37.7224,39.8310,40.8977,41.4706,41.9739,42.3344,42.6957,43.0581,43.4217,43.9327,17.3832,15.5519,13.9877,12.4790,10.9683,8.3890
65.081,0.20181608800462722,0.3413851088069389,3.0684424556599407e-27,2,66.8136,0.189374,0.445602,7962.23,0.0,13.7073,26.9497,31.1475,34.2962,36.2458,37.2386,37.7724,38.2421,38.5794,38.9181,39.2582,39.5996,40.0797,40.6313,41.6750,13.7978,11.7143,10.1758,7.5690
65.187,0.12645160343593043,0.3444631232351077,5.157131235227663e-28,2,68.6551,0.0493278,0.403101,8209.26,0.0,13.5958,24.4662,28.1685,31.0047,32.7835,33.6937,34.1855,34.6193,34.9311,35.2443,35.5591,35.8753,36.3208,36.8343,37.8085,39.8005,11.2198,9.3917,6.7858
65.306,0.040427852866737245,0.34897887348730505,8.667590467047132e-29,2,70.6491,-0.0860448,0.381851,8466.26,0.0,13.5848,22.6708,25.9367,28.4895,30.1108,30.9458,31.3981,31.7981,32.0861,32.3760,32.6679,32.9615,33.3756,33.8532,34.7625,36.6330,11.3933,8.4331,5.9627
65.412,-0.01962061226148204,0.34949333867057014,1.4567619297966117e-29,2,72.8247,-0.221386,0.37408,8633.98,0.0,13.4941,21.1893,24.0764,26.3751,27.8530,28.6192,29.0354,29.4043,29.6704,29.9387,30.2091,30.4816,30.8667,31.3116,32.1606,33.9186,37.0249,7.6866,5.0968
65.525,-0.023802888030451812,0.3522670553405724,2.4483797754091657e-30,2,75.01,-0.360696,0.37956,8897.79,0.0,13.3116,19.9166,22.4863,24.5668,25.9196,26.6253,27.0101,27.3518,27.5987,27.8480,28.0995,28.3534,28.7126,29.1285,29.9247,31.5831,34.5431,7.4021,4.1770
65.630,-0.19418309603485262,0.35064459720962377,4.1149918885301845e-31,2,77.4355,-0.501853,0.322207,9181.74,0.0,12.8800,18.4929,20.7574,22.6204,23.8452,24.4883,24.8403,25.1535,25.3802,25.6093,25.8408,26.0748,26.4064,26.7913,27.5304,29.0796,31.8745,36.2813,3.5053
65.739,-0.5030413234658372,0.3519139579417745,6.916066867052683e-32,2,78.1098,-0.591839,0.151998,11838.9,0.0,12.4763,17.4301,19.4934,21.2171,22.3599,22.9646,23.2964,23.5919,23.8061,24.0228,24.2420,24.4638,24.7787,25.1452,25.8515,27.3389,30.0501,34.4093,3.2424
65.851,-0.3659734748668529,0.35211908175398565,1.1623833583455444e-32,2,79.9716,-0.630172,0.150971,10343.3,0.0,12.9849,18.5560,20.9164,22.8998,24.2222,24.9221,25.3063,25.6491,25.8976,26.1494,26.4042,26.6622,27.0287,27.4552,28.2769,30.0115,33.3484,40.0612,2.8836
65.956,-0.30110640581288206,0.353421101412271,1.9536177103713567e-33,2,81.8562,-0.64312,0.0926501,9932.95,0.0,12.8091,18.3600,20.7698,22.8161,24.1896,24.9199,25.3214,25.6798,25.9400,26.2038,26.4711,26.7420,27.1273,27.5761,28.4433,30.3867,34.5253,43.3311,2.9188
66.070,-0.42328347274060735,0.353329731588898,3.2834452858211396e-34,2,83.6896,-0.634526,-0.0167392,9894.64,0.0,12.0816,16.9761,19.1627,21.0442,22.3196,23.0011,23.3772,23.7137,23.9584,24.2068,24.4587,24.7143,25.0783,25.5033,26.3345,28.2281,32.2914,41.0858,3.3782
66.181,-0.1548528525120672,0.3523119477751751,5.51848649187959e-35,2,85.6446,-0.608055,-0.0859392,10068.0,0.0,11.5432,16.0676,18.1378,19.9405,21.1713,21.8331,22.1991,22.5271,22.7657,23.0081,23.2544,23.5070,23.8732,24.3104,25.1885,27.2093,31.6276,41.6058,3.9892
66.291,-0.06337256932919617,0.35212902631259435,9.274920246902027e-36,2,87.8317,-0.552637,-0.167368,10294.8,0.0,10.7702,14.7390,16.6015,18.2417,19.3727,19.9836,20.3224,20.6268,20.8509,21.0815,21.3190,21.5635,21.9183,22.3425,23.1963,25.1712,29.5393,39.6728,5.2926
66.399,-0.338354634091582,0.3551410397327359,1.558835845896824e-36,2,89.7978,-0.465407,-0.222489,10535.1,0.0,9.9637,13.5268,15.2405,16.7684,17.8305,18.4164,18.7503,19.0556,19.2817,19.5147,19.7549,20.0026,20.3627,20.7944,21.6668,23.7039,28.3087,39.5597,7.3267
66.508,-0.28593743695531315,0.3567755358214979,2.6199354061987923e-37,2,91.4876,-0.362896,-0.23312,10812.3,0.0,9.2675,12.7140,14.4098,15.9596,17.1187,17.7830,18.1641,18.5142,18.7744,19.0434,19.3218,19.6100,20.0308,20.5382,21.5742,24.0489,29.9530,46.5151,9.2370
66.618,-0.26379499028304043,0.3590519009373634,4.40332543719831e-38,2,93.302,-0.250673,-0.24702,11003.9,0.0,8.4875,11.7376,13.4038,15.0608,16.3330,17.0718,17.4989,17.8934,18.1880,18.4939,18.8117,19.1421,19.6272,20.2165,21.4342,24.4259,32.0770,56.3725,11.5483
66.726,-0.30011720189803653,0.3609784140085302,7.400669062299199e-39,2,94.9614,-0.13142,-0.2524,11215.9,0.0,7.6902,10.7967,12.5737,14.4002,15.8399,16.6917,17.1895,17.6531,18.0015,18.3653,18.7456,19.1435,19.7324,20.4553,21.9762,25.8760,37.0507,67.7553,12.8049
66.839,-0.13500637653776404,0.36122871138981516,1.2438304493006267e-39,2,96.7461,-0.00666046,-0.262481,11385.5,0.0,6.8336,9.8721,11.7371,13.7154,15.3222,16.2937,16.8689,17.4095,17.8190,18.2496,18.7031,19.1811,19.8956,20.7842,22.6966,27.8835,45.2222,76.7457,13.6599
66.947,-0.20039872814812398,0.36142517414821457,2.0905058361395634e-40,2,98.4743,0.127724,-0.280139,11581.7,0.0,5.9328,8.9071,10.7960,12.8646,14.5975,15.6694,16.3128,16.9236,17.3903,17.8848,18.4098,18.9680,19.8114,20.8762,23.2291,30.0657,52.0711,83.2632,14.4165
67.057,-0.1988821540412882,0.3639004319242619,3.5135131587997643e-41,2,100.178,0.259725,-0.238223,11719.3,0.0,5.2010,8.2330,10.2612,12.5953,14.6498,15.9692,16.7799,17.5629,18.1702,18.8225,19.5248,20.2833,21.4527,22.9704,26.4992,38.2491,61.5648,151.6230,14.5276
67.167,-0.1634128517523997,0.36401431150169217,5.905161565994764e-42,2,101.816,0.371567,-0.196625,12043.4,0.0,4.5340,7.4812,9.5459,12.0303,14.3207,15.8459,16.8053,17.7484,18.4913,19.3007,20.1858,21.1576,22.6899,24.7422,29.8136,44.1739,66.3855,133.7450,14.8186
67.278,-0.25799044832173806,0.3641660728741245,9.924805043967405e-43,2,103.353,0.462009,-0.134199,12252.8,0.0,4.0585,7.1868,9.5809,12.7299,15.9326,18.2476,19.7866,21.3669,22.6618,24.1257,25.7939,27.7122,30.9220,34.7688,41.7002,54.9562,77.8103,105.9730,14.4720
67.388,-0.2234509462424187,0.36572166141564316,1.668061983739602e-43,2,104.846,0.522254,-0.0705684,12408.4,0.0,3.7956,7.3232,10.3721,14.9646,20.4864,25.1547,28.5582,31.6379,33.8189,35.9870,38.1437,40.2904,43.2808,46.6792,53.0017,65.4710,132.1370,36.6547,13.9339
67.496,-0.20181282653887825,0.36541220916892797,2.803511776071149e-44,2,106.334,0.552415,-0.0107301,12598.9,0.0,3.7578,7.9999,12.2966,20.2662,30.8583,36.7225,39.8888,42.6738,44.6691,46.6683,48.6703,50.6743,53.4815,56.6905,62.7013,140.2710,105.4490,29.8342,13.3163
67.607,-0.08080053162050962,0.36651549535672434,4.711862242042781e-45,2,107.948,0.552616,0.0396115,12711.2,0.0,3.9559,9.3247,15.8823,28.9976,39.4624,44.9903,47.9887,50.6340,52.5334,54.4399,56.3522,58.2695,60.9849,64.6509,77.5423,119.5310,86.9702,25.8447,12.6821
67.717,-0.026476718201408594,0.36678064517474146,7.919226870201304e-46,2,109.682,0.530252,0.0579717,12883.7,0.0,4.2386,10.4296,18.6350,31.2440,40.8393,45.9943,48.8128,51.3109,53.1111,54.9229,56.7452,58.6896,61.9348,66.9907,130.1450,109.8990,78.7473,24.5464,12.2930
67.826,-0.09515515243984693,0.3670843732171093,1.3309844600747333e-46,2,111.403,0.496553,0.0685908,13079.4,0.0,4.5978,11.6180,20.3319,31.6927,40.4619,45.2498,47.8887,50.2391,51.9391,53.6573,55.5257,57.6760,61.4260,68.2774,124.0280,103.9990,74.7262,23.8321,11.9104
67.936,-0.26792936900666403,0.36860693593140736,2.2369855820476046e-47,2,112.841,0.445317,0.123488,13321.0,0.0,5.4148,15.6236,26.4471,38.7972,47.7777,52.8360,56.4309,60.7959,65.9092,125.4210,122.9030,120.2430,116.2150,111.0010,100.9030,85.4825,32.2423,20.3870,10.9935
68.046,-0.08779509563610366,0.37019759732850355,3.759701667747409e-48,2,114.376,0.364824,0.179172,13481.5,0.0,6.6888,20.3580,32.9227,45.9717,59.8351,118.4020,114.0910,109.9010,106.5630,103.1510,99.9589,96.9656,93.0753,89.0102,82.3104,64.8096,24.6882,17.3873,9.9646
68.158,-0.07566328671953258,0.375213815489479,6.31893059298307e-49,2,116.075,0.260483,0.20494,13638.9,0.0,8.0122,22.9222,35.3935,49.0196,114.6220,106.3270,101.0820,96.6932,93.7931,91.0687,88.5046,86.0873,82.9270,79.6020,73.0545,50.5934,21.9412,15.6969,9.0566
68.266,-0.14175258042850641,0.3763485493877175,1.0620226647626647e-49,2,117.673,0.132926,0.24464,13842.7,0.0,9.5668,26.4770,39.4658,113.7590,97.0540,88.4601,84.4931,81.3154,79.1951,77.1883,75.2841,73.3348,70.3405,66.4848,57.5213,27.4414,18.3492,13.5642,8.0198
68.378,-0.04644948555481297,0.37555936141336727,1.7849414926666108e-50,2,119.336,-0.00853348,0.247544,14038.1,0.0,11.0820,29.3745,44.2966,99.1602,82.2436,75.7584,72.7203,70.1734,68.2164,66.1190,63.8642,61.4384,57.7003,52.8077,39.9683,21.6821,15.4945,11.6676,6.9952
68.486,-0.015220567426601116,0.3786753911573072,2.9999511667247727e-51,2,121.08,-0.148912,0.227695,14211.3,0.0,12.1905,30.1524,49.0337,89.9446,74.9696,69.2724,66.4990,63.8687,61.8451,59.6849,57.3799,54.9143,51.1436,46.2568,33.7062,19.3285,13.7429,10.2797,6.0742
68.598,-0.004987475534348655,0.3803530064713014,5.042017925914326e-52,2,122.83,-0.279462,0.199488,14382.5,0.0,13.0059,30.0936,108.3670,83.2993,69.6081,64.3808,61.6774,59.0996,57.1302,55.0492,52.8439,50.5087,46.9924,42.5567,32.3933,17.8497,12.3552,9.0915,5.2347
68.707,0.023954269388389012,0.38221131925426605,8.474119528084208e-53,2,124.534,-0.394368,0.166991,14584.6,0.0,13.5611,29.9495,102.8740,77.7089,64.9498,60.0633,57.4616,55.0051,53.1433,51.1931,49.1452,47.0013,43.8251,39.9274,31.7268,17.0542,11.2505,8.0813,4.4979
68.817,0.014862053099794728,0.3823564464994879,1.4242452690851127e-53,2,126.211,-0.486781,0.121648,14765.8,0.0,13.6993,28.9938,100.0010,75.5540,62.6364,57.7568,55.3957,53.2100,51.5657,49.8513,48.0675,46.2137,43.5047,40.2465,33.7137,19.7845,10.9987,7.5085,3.9436
68.926,0.0015836112062915144,0.38385565023270224,2.3937290237513488e-54,2,127.854,-0.554536,0.0845448,14963.2,0.0,13.7558,29.1005,94.9203,70.5696,58.3892,53.8000,51.5830,49.5481,48.0281,46.4572,44.8328,43.1630,40.7471,37.8917,32.3506,21.4794,10.9674,7.0877,3.5280
69.037,0.004127448390677992,0.38516760267137684,4.023140370218893e-55,3,128.481,-0.598916,0.0489075,11711.5,0.0,13.6536,30.0260,89.1875,64.9074,53.6792,49.4514,47.3759,45.4746,44.0680,42.6257,41.1464,39.6397,37.4847,34.9790,30.2459,21.4285,11.7254,7.0003,3.2783
69.148,0.02971384090048549,0.38559750324648173,6.761692020226894e-56,3,129.765,-0.619212,0.0101907,12006.6,0.0,13.3679,31.8530,83.9110,59.8850,49.3989,45.4636,43.5381,41.7914,40.5079,39.2028,37.8738,36.5298,34.6278,32.4435,28.3941,21.0542,12.7737,7.4981,3.2314
69.257,0.14705448906827356,0.3884971074419321,1.1364375778395342e-56,3,131.04,-0.60739,-0.0573881,12134.5,0.0,12.7548,29.9445,84.8548,62.2360,49.9417,45.4935,43.4419,41.7992,40.6953,39.5849,38.4546,37.3029,35.6700,33.7797,30.2297,23.5277,15.1629,9.1472,3.5897
69.368,0.05750655212349189,0.3883329138071973,1.910010637074905e-57,3,132.269,-0.548953,-0.121714,12259.5,0.0,12.0612,27.5452,86.4073,66.9441,52.3720,46.9812,44.5480,42.6232,41.3508,40.1550,39.0294,37.9680,36.5682,34.9694,31.9177,25.9281,17.7157,11.0285,4.3301
69.477,0.01884374699982582,0.39158597802446743,3.2101548777317935e-58,3,133.592,-0.476245,-0.107897,12388.7,0.0,11.6488,30.1859,83.1907,64.5400,50.2131,44.7208,42.2667,40.3364,39.0656,37.8752,36.7578,35.7072,34.3376,32.8999,30.2852,25.1750,18.0544,11.8522,4.9283
69.588,0.05778124032061385,0.3942918229665575,5.395307303003826e-59,3,134.933,-0.41392,-0.0838164,12496.1,0.0,11.4306,45.5981,78.4334,60.0900,46.2298,41.0172,38.7006,36.8837,35.6902,34.5740,33.5280,32.5458,31.2675,29.9295,27.6642,23.3745,17.4124,12.0031,5.3461
69.697,0.18598900367469,0.39312448204968153,9.06789298415853e-60,3,136.089,-0.359272,-0.0908273,12622.8,0.0,10.9403,37.5126,79.7856,63.3271,51.1255,44.1892,41.1642,38.8437,37.3434,35.9573,34.6730,33.4797,31.9447,30.3595,27.7886,23.7697,18.3061,12.9581,5.8664
69.808,0.11508812611631307,0.39518145996553966,1.5240407738475245e-60,3,137.138,-0.29974,-0.107322,12728.2,0.0,10.3257,30.0990,83.0084,68.1831,58.1859,52.6319,49.4143,46.3732,44.0498,41.8876,39.9306,38.1510,35.9150,33.6659,30.1430,24.9700,19.4663,14.1858,6.4948
69.916,0.07871832946910205,0.396194308848383,2.561455328605534e-61,3,138.292,-0.237926,-0.0975745,12826.0,0.0,9.9597,28.5237,82.5491,68.5710,59.4513,54.5867,51.8760,49.4183,47.6026,45.7255,43.7720,41.7214,38.8031,35.9069,31.5137,25.3619,19.2281,14.3848,6.9467
70.027,0.06470407836247832,0.39510316206093815,4.305037970787322e-62,3,139.496,-0.184671,-0.0727094,12912.0,0.0,9.8357,27.8253,80.6711,67.3241,58.8099,54.3692,51.9380,49.7683,48.1911,46.5874,44.9540,43.2866,40.8834,38.0103,32.7545,25.6219,18.8876,13.9418,7.1862
70.138,0.05342328457861533,0.36373244125350324,0.2562313842773437,3,139.769,-0.151085,-0.0347493,12780.4,0.0,10.1007,27.2479,78.0876,65.2816,57.2661,53.1550,50.9309,48.9653,47.5491,46.1219,44.6832,43.2320,41.1769,38.7899,34.1737,26.0373,18.6542,13.4811,7.1507
70.247,0.04952798887461833,0.24744941861557293,0.4710658072906494,3,132.356,-0.150185,0.0242364,11916.1,0.0,10.5151,27.2741,74.3507,61.9885,54.3836,50.5375,48.4756,46.6660,45.3706,44.0729,42.7729,41.4708,39.6450,37.5542,33.6247,25.9376,18.2070,12.9681,6.8003
70.357,0.036947693505620875,0.19926105752320095,0.07917203023133947,3,128.892,-0.186503,0.0586516,11774.6,0.0,10.7143,26.5012,71.6108,59.6863,52.4637,48.8543,46.9340,45.2580,44.0639,42.8728,41.6855,40.5022,38.8535,36.9825,33.5226,26.8728,18.4264,12.8301,6.5311
70.467,0.02669735210889411,0.07493136332920249,0.4650760201473484,3,125.86,-0.222474,0.0478074,11164.5,0.0,10.9067,27.3166,67.6614,56.1401,49.2773,45.8900,44.1012,42.5485,41.4472,40.3532,39.2670,38.1895,36.6967,35.0151,31.9436,26.1981,18.3365,12.5956,6.3035
70.577,0.021639051163439293,0.024553509135713074,0.4539237106478152,3,115.42,-0.250973,0.0396835,10290.4,0.0,11.0625,30.9116,63.5744,52.4385,45.9175,42.7382,41.0713,39.6317,38.6150,37.6088,36.6136,35.6301,34.2741,32.7564,30.0117,24.9776,18.1691,12.3866,6.1178
70.687,0.02407156173272016,0.00804569387359046,0.0762909580485783,3,111.065,-0.272512,0.0304963,10040.3,0.0,11.1426,75.2664,59.8873,49.1174,42.9129,39.9225,38.3648,37.0255,36.0833,35.1538,34.2373,33.3346,32.0950,30.7146,28.2374,23.7569,17.7927,12.3217,5.9930
70.796,0.05207019980801993,0.002636412968498122,0.012822221319224555,3,109.678,-0.287566,0.018264,9949.75,0.0,11.1305,71.7332,56.6013,46.1814,40.2717,37.4534,35.9941,34.7442,33.8678,33.0056,32.1580,31.3252,30.1854,28.9213,26.6664,22.6293,17.3088,12.3695,5.9378
70.908,0.08781126197399432,0.0008638998015174645,0.0021550307371220713,3,108.734,-0.292196,-0.00794346,9863.22,0.0,10.9090,69.9116,54.9845,44.8160,39.1029,36.3948,34.9971,33.8025,32.9661,32.1443,31.3375,30.5460,29.4643,28.2666,26.1352,22.3323,17.3234,12.6248,6.0542
71.018,0.1162532483797215,0.00028308268696124276,0.00036219601598810663,3,107.852,-0.281128,-0.0467413,9779.16,0.0,10.6025,69.6217,54.8320,44.7990,39.1797,36.5206,35.1489,33.9770,33.1569,32.3512,31.5603,30.7844,29.7241,28.5501,26.4605,22.7271,17.7859,13.0986,6.3660
71.127,0.2106482066299609,9.276053486346003e-05,6.087428440712109e-05,3,106.887,-0.247046,-0.0934947,9690.67,0.0,10.1278,71.3613,56.6394,46.6084,40.9634,38.2819,36.8956,35.7093,34.8780,34.0602,33.2564,32.4669,31.3862,30.1872,28.0460,24.1933,19.0307,14.0567,6.8052
71.236,0.14832060824797902,3.0395772064058582e-05,1.023114098030484e-05,3,105.835,-0.198043,-0.126341,9585.92,0.0,9.4101,25.2119,61.1075,50.9606,45.1741,42.3988,40.9562,39.7168,38.8453,37.9858,37.1387,36.3042,35.1578,33.8800,31.5814,27.3861,21.6261,15.9242,7.4910
71.346,0.04860169691069777,9.960086589950716e-06,1.7195478645598348e-06,3,104.933,-0.140476,-0.131905,9517.53,0.0,8.8965,21.8634,62.3867,52.3209,46.5701,43.8078,42.3703,41.1344,40.2649,39.4069,38.5605,37.7261,36.5790,35.2988,32.9914,28.7605,22.8946,16.9945,8.0531
71.458,0.015925804043697443,3.2637211737950503e-06,0.49292335571583534,3,101.476,-0.0839933,-0.103788,8907.85,0.0,8.6640,24.1842,59.7223,49.9306,44.3974,41.7580,40.3896,39.2160,38.3920,37.5800,36.7805,35.9937,34.9140,33.7119,31.5527,27.6177,22.2013,16.7581,8.3027
71.568,0.005218567469038779,1.0694561542291623e-06,0.2282292923355902,3,93.3396,-0.0441259,-0.0653742,8372.37,0.0,8.6587,69.9078,55.8295,46.3914,41.1419,38.6627,37.3842,36.2915,35.5264,34.7742,34.0353,33.3098,32.3170,31.2154,29.2463,25.6885,20.8448,16.0004,8.3201
71.678,0.0017100201882546268,3.50439392617812e-07,0.03835849716284266,3,91.2812,-0.022124,-0.0284122,8284.06,0.0,8.8143,65.8591,52.0580,42.9851,38.0208,35.7000,34.5094,33.4954,32.7872,32.0926,31.4118,30.7448,29.8343,28.8272,27.0351,23.8220,19.4878,15.1697,8.2141
71.786,0.0005603394152872761,1.1483198017300463e-07,0.3546580698447215,3,88.4367,-0.0171878,0.0092389,7864.88,0.0,9.1690,61.6468,48.1594,39.4863,34.8263,32.6714,31.5719,30.6390,29.9892,29.3534,28.7315,28.1237,27.2961,26.3835,24.7667,21.8891,18.0407,14.2199,7.9855
71.898,0.1595660901005529,3.7628143263090154e-08,0.13805230245309918,2,83.1021,-0.0255852,0.0282027,9408.51,0.0,9.4737,59.4862,46.1471,37.6726,33.1646,31.0922,30.0381,29.1454,28.5245,27.9177,27.3250,26.7463,25.9595,25.0933,23.5624,20.8481,17.2352,13.6573,7.7950
72.007,0.2739633382379921,1.232998998444938e-08,0.02320245047329238,2,81.3233,-0.0307426,0.00100153,9264.48,0.0,9.2022,62.6462,48.9939,40.1702,35.4100,33.2046,32.0786,31.1224,30.4562,29.8042,29.1663,28.5426,27.6932,26.7563,25.0958,22.1395,18.1877,14.2741,7.9358
72.116,0.2925385443312433,4.0402911181043725e-09,0.003899635851046251,2,80.2742,-0.0223808,-0.046913,9149.49,0.0,8.6349,68.3878,54.3601,45.0456,39.9026,37.4845,36.2406,35.1792,34.4370,33.7081,32.9930,32.2915,31.3328,30.2707,28.3765,24.9670,20.3465,15.7336,8.3558
72.228,0.2204562235577157,1.3239225935804408e-09,0.0006554117974853434,2,79.4319,0.00315094,-0.0936945,9057.75,0.0,8.0178,21.5014,59.9433,50.2863,44.8472,42.2565,40.9142,39.7635,38.9555,38.1595,37.3759,36.6047,35.5464,34.3683,32.2518,28.3912,23.0547,17.6316,8.9656
72.337,0.14753292318499092,4.3382295546443884e-10,0.0001101550608033617,2,78.7256,0.0438232,-0.123252,8987.91,0.0,7.4725,17.0423,63.7446,53.9661,48.3980,45.7260,44.3359,43.1407,42.2996,41.4693,40.6502,39.8424,38.7312,37.4903,35.2493,31.1201,25.3186,19.3128,9.6001
72.448,0.04834358826925783,1.421551060465873e-10,1.8513761069221005e-05,2,78.1654,0.0920156,-0.122156,8935.84,0.0,7.0922,15.8912,64.0921,54.4009,48.8850,46.2382,44.8609,43.6766,42.8432,42.0203,41.2085,40.4078,39.3060,38.0751,35.8512,31.7472,25.9582,19.9218,10.0078
72.556,0.015841227004070407,4.658138514934573e-11,3.1116078229039745e-06,2,77.6554,0.136373,-0.100169,8880.21,0.0,6.8726,16.2527,62.0517,52.5690,47.2132,44.6554,43.3277,42.1879,41.3867,40.5966,39.8178,39.0507,37.9963,36.8202,34.7000,30.8028,25.3319,19.6368,10.1605
72.666,0.08113416658803363,1.5263788285737607e-11,5.229679267954711e-07,2,77.151,0.171199,-0.0745671,8824.63,0.0,6.7504,17.3835,59.5899,50.3407,45.1648,42.7066,41.4345,40.3445,39.5795,38.8259,38.0842,37.3543,36.3529,35.2377,33.2326,29.5641,24.4449,19.1321,10.1971
72.776,0.25526769308783875,0.04085998828625163,8.789521945651485e-08,2,76.6989,0.204497,-0.0872162,8800.26,0.0,6.3929,15.2819,61.3335,52.0365,46.8084,44.3174,43.0258,41.9177,41.1393,40.3720,39.6160,38.8714,37.8485,36.7080,34.6532,30.8781,25.5731,20.0188,10.6011
72.889,0.12166601439626987,0.09822911814913894,1.4772549534056455e-08,2,76.6667,0.246154,-0.112686,8843.17,0.0,5.9102,12.8190,64.5482,55.1432,49.8065,47.2488,45.9182,44.7743,43.9693,43.1745,42.3902,41.6166,40.5518,39.3618,37.2098,33.2276,27.5641,21.5487,11.2265
72.998,0.05643540015401033,0.15902022915385985,2.4828224001888688e-09,2,77.1604,0.289862,-0.103653,8939.06,0.0,5.6049,12.2576,63.9725,54.6863,49.4321,46.9177,45.6109,44.4878,43.6977,42.9178,42.1485,41.3900,40.3462,39.1800,37.0722,33.1744,27.6313,21.7304,11.4936
73.106,0.07490204396906083,0.2013685299391368,4.172879607997432e-10,2,77.9874,0.329131,-0.0872148,9066.6,0.0,5.3684,12.1027,62.5670,53.4432,48.3083,45.8585,44.5873,43.4961,42.7289,41.9722,41.2263,40.4911,39.4805,38.3524,36.3160,32.5586,27.2296,21.5599,11.6361
73.217,0.07887477739314337,0.22275193012483133,7.013358757161285e-11,2,79.0337,0.363359,-0.0731538,9205.88,0.0,5.1561,11.9380,61.4107,52.4295,47.3974,45.0030,43.7621,42.6977,41.9501,41.2130,40.4867,39.7713,38.7884,37.6920,35.7151,32.0735,26.9186,21.4349,11.7629
73.328,0.17192104143920495,0.23294222941642972,1.1787352063160974e-11,2,80.1405,0.393495,-0.0656684,9347.13,0.0,4.9420,11.5459,60.9310,52.0393,47.0688,44.7068,43.4833,42.4343,41.6975,40.9714,40.2561,39.5517,38.5841,37.5051,35.5600,31.9791,26.9107,21.5116,11.9264
73.437,0.18712867370950534,0.2364033612976757,1.9811002612554646e-12,2,81.2294,0.426247,-0.07842,9489.97,0.0,4.6135,10.2515,62.6125,53.6632,48.6374,46.2421,44.9994,43.9327,43.1829,42.4435,41.7144,40.9959,40.0081,38.9051,36.9137,33.2346,27.9978,22.3805,12.3352
73.548,0.10797112627704086,0.23804196788314738,3.32963520909206e-13,2,82.4045,0.462382,-0.0814594,9616.03,0.0,4.3054,9.3704,63.2872,54.3576,49.3365,46.9411,45.6977,44.6300,43.8792,43.1385,42.4080,41.6880,40.6976,39.5914,37.5923,33.8934,28.6121,22.9210,12.6647
73.656,0.17743895253727676,0.24136775805157473,5.596117895921025e-14,2,83.5504,0.498263,-0.0795577,9749.71,0.0,4.0203,8.6849,63.4353,54.5585,49.5687,47.1883,45.9525,44.8915,44.1453,43.4092,42.6831,41.9674,40.9828,39.8829,37.8948,34.2137,28.9499,23.2604,12.9331
73.770,0.1272894869426461,0.24672666430209,9.405395347674468e-15,2,84.6937,0.536798,-0.0875309,9894.5,0.0,3.6801,7.7150,13.9116,55.7544,50.7435,48.3484,47.1039,46.0345,45.2820,44.5392,43.8062,43.0834,42.0883,40.9759,38.9625,35.2257,29.8586,24.0231,13.3424
73.878,0.0809351652039737,0.25215244999913383,1.5807647960836482e-15,2,85.9261,0.574067,-0.0757826,10024.0,0.0,3.4161,7.2636,13.2949,55.0141,50.0865,47.7356,46.5151,45.4669,44.7298,44.0024,43.2849,42.5775,41.6041,40.5164,38.5492,34.9020,29.6697,23.9794,13.5000
73.990,0.18970783095182364,0.2739733597375912,2.6567913927777873e-16,2,87.1488,0.608186,-0.0721048,10199.1,0.0,3.1493,6.6785,11.8392,55.0394,50.1482,47.8155,46.6046,45.5646,44.8333,44.1117,43.3999,42.6981,41.7325,40.6535,38.7019,35.0827,29.8859,24.2224,13.7298
74.097,0.14153215068503888,0.31154048895631387,4.465269293841627e-17,2,88.6049,0.644737,-0.0832198,10421.4,0.0,2.8235,5.7920,9.4327,56.5327,51.5730,49.2149,47.9892,46.9357,46.1943,45.4624,44.7400,44.0272,43.0459,41.9483,39.9601,36.2630,30.9293,25.0810,14.1629
74.208,0.16912095427913093,0.33473784913995486,7.504778102159625e-18,2,90.3224,0.682648,-0.0801452,10621.5,0.0,2.5260,5.1597,8.2433,56.9111,51.7181,49.3769,48.1600,47.1142,46.3782,45.6515,44.9343,44.2267,43.2524,42.1626,40.1884,36.5156,31.2113,25.3816,14.4288
74.322,0.30516123122601846,0.3541270273124304,1.2613280556299685e-18,2,91.9798,0.724196,-0.0986646,10895.5,0.0,2.1573,4.2208,6.3156,12.3042,54.1657,51.5324,50.2437,49.1708,48.4181,47.6743,46.9395,46.2140,45.2139,44.0938,42.0604,38.2627,32.7410,26.6210,15.0105
74.426,0.11140864435024174,0.36243206696598723,2.1199140630972888e-19,2,93.8214,0.774132,-0.117029,11095.2,0.0,1.7373,3.2676,4.6614,7.2027,57.7752,54.5332,52.9629,51.6693,50.7878,49.9397,49.1232,48.3365,47.2824,46.1323,44.0450,40.1306,34.3993,27.9879,15.6776
74.541,0.03650638458068721,0.37194037056278967,3.5629395658476135e-20,2,95.8374,0.825152,-0.100264,11285.6,0.0,1.3617,2.6018,3.7402,5.7905,57.6299,54.1865,52.5273,51.1645,50.2382,49.3484,48.4933,47.6709,46.5710,45.3828,43.3259,39.5329,33.9918,27.8002,15.8477
74.646,0.011962412099399584,0.3809695612510149,5.988232528320085e-21,2,97.8887,0.866306,-0.0657728,11514.9,0.0,1.0714,2.1448,3.2009,5.3481,55.1643,51.8038,50.1871,48.8607,47.9597,47.0949,46.2642,45.4656,44.3984,43.2462,41.2604,37.6996,32.5322,26.7924,15.6969
74.760,0.0039198431967312555,0.3896821351276076,1.0064422410347568e-21,2,99.9575,0.890319,-0.025771,11738.4,0.0,0.9115,1.9491,3.1021,6.4055,51.9863,48.7966,47.2631,46.0053,45.1512,44.3316,43.5444,42.7879,41.7771,40.6862,38.8066,35.4982,30.7455,25.5022,15.3696
74.872,0.06866686495036116,0.41229996977298944,1.6915274745071157e-22,2,102.037,0.894103,0.014249,12091.3,0.0,0.9161,2.1292,3.7798,56.3826,48.8219,45.7973,44.3445,43.1534,42.3450,41.5693,40.8246,40.1092,39.1535,38.1225,36.3470,33.2715,28.9157,24.1415,14.9291
74.977,0.23974614470019215,0.44792064550146315,2.8429502264041093e-23,2,104.233,0.885955,0.0151121,12356.7,0.0,0.9878,2.3081,4.1529,60.1610,50.9489,47.3698,45.6712,44.2887,43.3553,42.4635,41.6108,40.7948,39.7095,38.5447,36.5537,33.1938,28.8101,24.0431,14.8605
75.087,0.12252648975197183,0.47501734610229446,4.778146445517387e-24,2,106.573,0.879204,-0.000622574,12737.6,0.0,1.0296,2.3272,3.9936,71.0477,57.5789,52.6415,50.3527,48.5147,47.2861,46.1216,45.0165,43.9663,42.5811,41.1085,38.6243,34.5241,29.4903,24.5237,14.9904
75.199,0.08311354985699043,0.4927116937364248,8.0306307309810745e-25,2,109.223,0.871712,0.0107834,13000.4,0.0,1.1068,2.5742,4.6397,78.3778,61.2503,55.2665,52.5434,50.3793,48.9439,47.5915,46.3153,45.1092,43.5277,41.8583,39.0695,34.5396,29.0983,24.0695,14.8061
75.307,0.20657178350221517,0.4999794963191766,1.349708106955989e-25,2,111.834,0.86025,0.0165674,13329.9,0.0,1.2137,2.8760,5.4105,93.9633,68.9642,60.9199,57.3670,54.5899,52.7700,51.0713,49.4822,47.9926,46.0573,44.0360,40.7079,35.4276,29.2808,23.8088,14.6574
75.416,0.08668120512285586,0.5059841075257429,2.268454415360931e-26,2,114.445,0.847741,0.0120365,13640.0,0.0,1.3167,3.1017,5.8281,138.9890,88.1596,74.5919,68.9515,64.6819,61.9477,59.4396,57.1309,54.9988,52.2743,49.4821,44.9993,38.1650,30.6095,24.2156,14.6159
75.528,0.028403697294657408,0.5112118840727854,3.8125913358971164e-27,2,117.198,0.828721,0.0387961,13913.7,0.0,1.5261,3.8979,10.3686,200.0000,98.2474,80.7980,73.8250,68.6519,65.3852,62.4196,59.7158,57.2408,54.1081,50.9317,45.9037,38.4028,30.3332,23.6785,14.1890
75.640,0.08250517779362466,0.5200973300948453,6.407822258242285e-28,2,119.986,0.791955,0.0780474,14190.1,0.0,1.9444,5.8783,29.3155,200.0000,101.4790,82.0411,74.4551,68.8921,65.4075,62.2629,59.4111,56.8132,53.5422,50.2454,45.0666,37.4303,29.3319,22.7422,13.5362
75.749,0.17921978249731177,0.5289736220317288,1.0769626869427807e-28,2,122.606,0.740178,0.080938,14582.1,0.0,2.4445,7.3801,18.9194,182.3100,200.0000,119.3650,103.1270,92.1704,85.6764,80.0430,75.1100,70.7549,65.4502,60.2952,52.5609,41.9013,31.4658,23.5615,13.2699
75.859,0.05872673832871913,0.5335266038111068,1.810051187944732e-29,2,125.283,0.68199,0.0880281,14925.2,0.0,2.9711,7.9113,15.7543,55.8924,183.7520,193.4900,197.6720,143.1150,127.3940,114.7930,104.4670,95.8528,85.9420,76.8725,64.2035,48.3663,34.4317,24.7696,13.1657
75.974,0.019243577615554685,0.5343619701930735,3.0421530315787114e-30,3,127.686,0.627291,0.0725371,11905.1,0.0,3.4194,8.7290,16.3858,45.0715,172.9540,184.6820,189.4020,193.0370,153.1160,134.7210,120.2810,108.6440,95.6953,84.2363,68.8219,50.4633,35.0892,24.8292,12.9066
76.076,0.02074883983923683,0.5359623651584913,5.112946600174341e-31,3,128.616,0.581369,0.0668566,12048.9,0.0,3.8156,9.5989,17.6761,45.4309,166.6090,179.0270,183.8920,187.6190,190.0480,142.0250,125.6530,112.6730,98.4485,86.0489,69.6409,50.4945,34.7816,24.4537,12.6045
76.191,0.04874984527257736,0.5358166751588844,8.593329350913016e-32,3,130.747,0.542918,0.0481469,12255.6,0.0,4.0795,9.8057,17.0772,37.0816,126.5880,167.5330,173.5710,177.9680,180.7700,183.3530,185.7530,141.2220,119.0840,101.0080,78.6623,54.6174,36.3400,24.9732,12.5048
76.303,0.01597434929891815,0.5362508104598133,1.4442808640079508e-32,3,132.902,0.514265,0.0332867,12393.1,0.0,4.2659,9.9157,16.6307,32.8314,79.8077,155.5640,163.5290,168.7520,171.9610,174.8670,177.5350,180.0070,145.0060,118.2340,88.2804,58.6793,37.8015,25.4602,12.4418
76.413,0.005234474778269499,0.5395568784620967,2.4274028481381635e-33,3,134.978,0.492467,0.028578,12633.8,0.0,4.4351,10.2045,16.9293,32.5833,73.8702,148.7610,157.5230,162.9780,166.2870,169.2660,171.9910,174.5110,177.7550,124.1170,91.1592,59.6269,37.9801,25.4071,12.3171
76.523,0.03399906240706209,0.5434185213719599,4.079735966865811e-34,3,137.101,0.473783,0.0248768,12799.7,0.0,4.5804,10.4564,17.2045,32.5017,70.2851,142.3810,151.8860,157.5030,160.8750,163.8970,166.6550,169.2020,172.4780,129.1720,93.5254,60.3512,38.0858,25.3382,12.2056
76.632,0.04026693239537111,0.5460105666300389,6.85681223951137e-35,3,139.147,0.463059,0.00137776,13035.8,0.0,4.5624,9.9352,15.5964,26.7353,47.1128,76.2653,113.8850,141.2520,146.6370,150.8410,154.4170,157.5820,161.5260,165.5250,123.4110,71.2315,41.9496,26.8557,12.3974
76.742,0.013194668407315207,0.5521319416920811,1.1524244330946758e-35,3,141.264,0.463743,-0.0112227,13210.5,0.0,4.5001,9.5715,14.7003,24.1920,39.7488,58.6841,78.7040,112.2190,134.2840,140.3510,144.8090,148.5230,152.9830,157.3890,164.3690,79.3191,44.5988,27.8864,12.5620
76.851,0.004323628943709047,0.558357211841161,1.9368797447022218e-36,3,143.382,0.471779,-0.0152419,13448.1,0.0,4.4153,9.3232,14.2253,23.1367,37.3069,53.8626,70.5902,96.9530,126.0330,133.6070,138.4560,142.3650,146.9810,151.4960,158.6030,82.7402,45.7597,28.3836,12.6832
76.962,0.0014167667322745807,0.5649161923479866,3.255313786921024e-37,3,145.586,0.48317,-0.0170634,13603.7,0.0,4.3125,9.0764,13.8085,22.3435,35.7390,51.1214,66.3778,89.8581,119.1630,128.0060,133.0100,136.9750,141.6220,146.1500,153.2680,84.8201,46.5449,28.7633,12.8055
77.073,0.00046424612283173467,0.5684884761898382,5.471205881678166e-38,3,147.759,0.496192,-0.0178955,13831.5,0.0,4.2005,8.8275,13.4121,21.6519,34.5088,49.1598,63.5742,85.5328,113.4370,122.9630,127.9660,131.9070,136.5190,141.0130,148.0830,86.2454,47.1552,29.0903,12.9290
77.177,0.0001521241695295028,0.5691033800497612,9.195455725336492e-39,3,149.928,0.510082,-0.0182031,14054.8,0.0,4.0834,8.5769,13.0250,21.0092,33.4404,47.5674,61.4246,82.4575,109.0010,118.2000,123.1040,126.9770,131.5160,135.9470,142.9360,87.3023,47.6684,29.3882,13.0532
77.293,4.984804787142747e-05,0.5711420201840808,1.5454802437573044e-39,3,152.133,0.524489,-0.0184181,14205.6,0.0,3.9625,8.3198,12.6303,20.3603,32.3782,46.0084,59.3519,79.5532,104.7520,113.4330,118.2160,122.0080,126.4650,130.8250,137.7230,88.3176,48.1769,29.6883,13.1807
77.401,1.6334208326509353e-05,0.5736185788926695,2.597488645682902e-40,3,154.289,0.539276,-0.0187143,14401.3,0.0,3.8382,8.0545,12.2219,19.6860,31.2666,44.3663,57.1546,76.4475,100.2580,108.5510,113.2200,116.9330,121.3070,125.5960,132.4010,89.4286,48.7188,30.0037,13.3126
77.507,0.02852974216118443,0.5733458789002999,4.365599166799253e-41,3,156.404,0.556722,-0.0292504,14609.1,0.0,3.6560,7.5327,11.2493,17.6317,26.8920,36.5241,45.1655,56.9684,70.0504,90.9403,102.5640,107.3940,112.4870,117.2190,124.4880,135.7880,52.1179,31.3670,13.6132
77.618,0.009348625911376914,0.5737082783793003,7.337262519639505e-42,3,158.511,0.581797,-0.0381478,14794.8,0.0,3.4206,6.9432,10.2390,15.7185,23.2871,30.7165,37.0274,45.1523,53.5504,65.7923,85.2985,97.2982,103.6500,108.9500,116.7150,128.4720,55.6789,32.8093,13.9647
77.726,0.0030633577386399873,0.5738812403780791,1.2331737116758114e-42,3,160.593,0.612507,-0.0410298,14984.2,0.0,3.1610,6.3859,9.3802,14.3093,21.0183,27.4943,32.9121,39.7772,46.7462,56.6811,71.9857,89.6793,96.8958,102.4200,110.3150,122.1540,57.7218,33.7685,14.2803
77.842,-0.0006037490494836986,0.574975453675214,2.0725950572135362e-43,4,160.917,0.645898,-0.0418561,12158.0,0.0,2.8864,5.8233,8.5443,13.0109,19.0655,24.8827,29.7290,35.8436,42.0206,50.7747,64.1422,83.1014,90.8953,96.4766,104.3520,116.1330,59.2049,34.5633,14.5891
77.946,-0.017807455016716066,0.5673905972852941,3.4834105126587913e-44,4,162.484,0.678909,-0.0365666,12266.4,0.0,2.6302,5.3528,7.9108,12.1877,18.1443,24.0476,29.1068,35.6811,42.5496,52.6978,69.2098,81.4872,87.5258,92.5345,99.9051,111.2200,58.5620,34.6424,14.7969
78.060,-0.01856602272171502,0.22447255091844517,5.854568048625631e-45,4,163.071,0.707721,-0.0289338,12149.7,0.0,2.4113,4.9709,7.4270,11.6498,17.7881,24.1874,29.9410,37.8188,46.5764,60.6182,75.1368,79.9323,84.7256,89.1270,95.9060,106.6450,57.0741,34.3746,14.9286
78.166,-0.03152177915658908,0.07355516548495612,9.839772519325098e-46,4,162.295,0.729782,-0.016928,12019.4,0.0,2.2550,4.7472,7.2238,11.6933,18.7147,26.7878,34.8055,47.1660,63.2043,71.8584,75.9055,79.1153,82.9185,86.6871,92.7725,102.7820,54.2465,33.5320,14.9326
78.276,-0.02098013168409361,0.024102556626110418,0.3712884521484375,4,159.824,0.741673,-0.00237304,11636.4,0.0,2.1868,4.7282,7.3726,12.4771,21.4904,33.7023,48.3784,65.4271,69.6582,72.8994,75.6715,78.1533,81.2968,84.5548,90.0077,99.2837,50.8295,32.3207,14.8138
78.386,-0.01927056028110629,0.00789792575524386,0.7951838568603515,4,149.162,0.744428,0.00528019,10472.7,0.0,2.1801,4.7834,7.5634,13.1482,23.7784,39.9915,58.6526,64.7274,67.7989,70.4496,72.8351,75.0331,77.8769,80.8766,85.9806,94.8242,49.1219,31.6635,14.7244
78.497,-0.00631457719291291,0.0025879923114783083,0.7000400258591404,3,136.996,0.74288,0.00592726,12159.0,0.0,2.1948,4.8216,7.6330,13.3011,24.1644,40.9239,55.9009,60.9555,63.7443,66.2036,68.4444,70.5261,73.2382,76.1173,81.0504,89.6803,48.9331,31.5771,14.7020
78.606,-0.002069160654573702,0.0008480333206252121,0.667400044467923,3,125.935,0.740265,0.00271338,10828.1,0.0,2.2099,4.8248,7.5925,13.0766,23.2427,38.0953,51.3601,56.2463,58.9474,61.3343,63.5127,65.5398,68.1858,71.0006,75.8389,84.3512,49.7764,31.8213,14.7267
78.716,-0.0006780225632907106,0.0002778835585024695,0.3318349265418391,3,115.556,0.738325,0.0007984,10283.0,0.0,2.2222,4.8337,7.5800,12.9674,22.7676,36.6646,47.8672,52.3589,54.9113,57.1875,59.2768,61.2291,63.7875,66.5194,71.2374,79.5963,91.4700,31.9620,14.7384
78.829,-0.00022217443353910005,9.105688445008922e-05,0.05577149610388689,3,109.983,0.737245,0.00202959,9950.4,0.0,2.2341,4.8711,7.6558,13.1537,23.2760,37.9047,45.8244,49.6579,51.9660,54.0666,56.0193,57.8600,60.2905,62.9040,67.4517,75.5894,87.2871,31.8287,14.7112
78.937,-7.280211838209231e-05,2.983751989660523e-05,0.13290104220564902,3,108.513,0.736127,0.00189322,9779.29,0.0,2.2433,4.8899,7.6834,13.1948,23.3282,37.5917,43.1877,46.6075,48.7347,50.6974,52.5387,54.2859,56.6073,59.1177,63.5151,71.4555,82.9992,31.8207,14.7037
79.049,-2.385579815144401e-05,9.777158519719601e-06,0.5204929591388452,3,101.629,0.734992,0.0011298,8881.99,0.0,2.2512,4.9000,7.6886,13.1683,23.1686,35.8853,40.4259,43.5145,45.4837,47.3217,49.0602,50.7200,52.9379,55.3498,59.6020,67.3498,78.7417,31.8702,14.7053
79.159,-7.817067938265175e-06,3.2037793037417185e-06,0.11120641900086417,3,96.171,0.734167,0.000641521,8686.66,0.0,2.2571,4.9083,7.6947,13.1565,23.0769,34.0757,37.9051,40.6972,42.5171,44.2349,45.8728,47.4464,49.5613,51.8748,55.9809,63.5327,74.7643,31.9011,14.7055
79.271,-2.561496822010733e-06,1.0498144022500863e-06,0.01869046284147524,3,94.8556,0.733639,0.000248607,8614.22,0.0,2.2607,4.9124,7.6958,13.1404,22.9923,32.1664,35.4560,37.9786,39.6555,41.2554,42.7933,44.2801,46.2908,48.5036,52.4590,59.8068,70.8671,32.2843,14.7068
79.381,-8.393512786364769e-07,3.4400318332930827e-07,0.0031413060897667435,3,94.2069,0.733292,-0.000112359,8561.23,0.0,2.2628,4.9136,7.6927,13.1188,22.9036,30.1696,33.0196,35.2924,36.8306,38.3134,39.7504,41.1488,43.0520,45.1604,48.9580,56.0895,66.9641,33.7508,14.7091
79.488,-2.750386269836007e-07,0.05180167522296311,0.0005279593145070966,3,93.7281,0.733103,-0.00046951,8545.58,0.0,2.2636,4.9120,7.6852,13.0901,22.6236,28.1053,30.5839,32.6242,34.0275,35.3942,36.7294,38.0376,39.8300,41.8295,45.4612,52.3625,63.0354,76.5408,14.7128
79.599,-0.05854827052641238,0.24516929090581052,8.873412198920772e-05,3,94.0854,0.732637,0.00245064,8675.23,0.0,2.2742,4.9627,7.8057,13.4313,22.2094,26.5129,28.6465,30.4534,31.7165,32.9594,34.1847,35.3942,37.0637,38.9412,42.3842,49.0171,59.4396,72.8342,14.6660
79.709,-0.051158785476634806,0.330466338869016,1.4913543882726143e-05,3,95.1745,0.725204,0.0246379,8828.46,0.0,2.3914,5.4563,8.9729,16.8162,24.0177,27.4600,29.2677,30.8349,31.9466,33.0524,34.1525,35.2469,36.7696,38.4968,41.6993,47.9632,57.9767,71.0448,14.2911
79.816,-0.016763710824983694,0.3632066142174742,2.5065193203697827e-06,3,96.5916,0.710425,0.0349466,8961.48,0.0,2.5477,5.9434,10.0079,17.6832,23.4094,26.3712,27.9650,29.3652,30.3677,31.3716,32.3764,33.3815,34.7886,36.3957,39.4026,45.3655,55.0618,67.9287,14.0317
79.930,-0.005493132763130657,0.37975659998740696,4.212707021745495e-07,3,98.125,0.692173,0.0381405,9132.69,0.0,2.7176,6.3848,10.7898,16.9994,21.7291,24.2891,25.6938,26.9415,27.8423,28.7500,29.6639,30.5831,31.8781,33.3677,36.1816,41.8477,51.2431,63.9541,13.8409
80.040,-0.40177168599844276,0.3965760430744985,7.080296691447654e-08,3,99.571,0.665993,0.0740005,9322.26,0.0,3.0695,7.8379,12.7410,18.4874,22.8081,25.1610,26.4585,27.6148,28.4517,29.2970,30.1499,31.0101,32.2250,33.6268,36.2863,41.6845,50.7340,63.1178,13.2494
80.151,-0.13165254606796972,0.40720886591965166,1.1899854649316072e-08,3,101.082,0.612921,0.13978,9471.35,0.0,3.8599,10.3753,15.9600,21.9085,26.1893,28.4875,29.7487,30.8701,31.6803,32.4977,33.3218,34.1522,35.3240,36.6749,39.2359,44.4303,53.1457,65.0824,12.2935
80.257,-0.04313990629555232,0.4157662695439264,2.000008570910552e-09,3,102.839,0.53646,0.169542,9599.53,0.0,4.6651,11.4738,16.7437,22.2132,26.1578,28.2883,29.4620,30.5084,31.2663,32.0322,32.8056,33.5861,34.6900,35.9662,38.3952,43.3560,51.7711,63.4331,11.7672
80.369,-0.11580184328364533,0.4238800197197788,3.361414405129365e-10,3,104.618,0.452941,0.148638,9719.73,0.0,5.2816,11.9755,16.7971,21.7426,25.3349,27.2908,28.3736,29.3419,30.0449,30.7569,31.4775,32.2063,33.2400,34.4387,36.7305,41.4525,49.5691,60.9858,11.4001
80.479,-0.2578788290998919,0.43260282908052705,5.6495291907009255e-11,3,106.219,0.377834,0.140339,9958.87,0.0,5.9146,12.8917,17.6611,22.4489,25.9003,27.7766,28.8151,29.7441,30.4189,31.1025,31.7946,32.4948,33.4881,34.6408,36.8479,41.4095,49.2883,60.4370,10.8701
80.586,-0.27992216626220257,0.4378644708143571,9.495163710811043e-12,3,107.654,0.300871,0.160286,10086.3,0.0,6.7606,14.6946,19.8659,24.8763,28.4067,30.3048,31.3500,32.2823,32.9578,33.6411,34.3318,35.0296,36.0178,37.1626,39.3488,43.8458,51.5624,62.4144,10.0440
80.696,-0.09172489544079854,0.44302347081207355,1.595852164876012e-12,3,109.257,0.220338,0.159153,10249.0,0.0,7.4812,15.8024,20.9955,25.9315,29.3793,31.2278,32.2451,33.1520,33.8090,34.4735,35.1451,35.8237,36.7843,37.8969,40.0212,44.3921,51.9006,62.4837,9.4074
80.808,-0.16137810914253306,0.4455346652907003,2.682148733507114e-13,3,111.036,0.145684,0.127527,10365.9,0.0,7.8751,15.7460,20.5070,25.0315,28.2137,29.9301,30.8778,31.7248,32.3395,32.9620,33.5922,34.2297,35.1341,36.1841,38.1963,42.3643,49.6053,59.9570,9.0725
80.920,-0.374287869169419,0.4480245198255816,4.507887376405406e-14,3,112.426,0.077179,0.133243,10571.5,0.0,8.5163,16.8082,21.6755,26.2274,29.4009,31.1049,32.0437,32.8816,33.4892,34.1042,34.7262,35.3551,36.2466,37.2806,39.2598,43.3520,50.4457,60.5739,8.4622
81.026,-0.1226466489694352,0.4502257859845715,7.576406313524568e-15,3,113.922,0.00776164,0.138732,10703.0,0.0,9.1635,17.8499,22.8068,27.3784,30.5379,32.2275,33.1566,33.9848,34.5848,35.1918,35.8053,36.4253,37.3036,38.3214,40.2672,44.2839,51.2318,24.4998,7.8570
81.137,-0.2258008415411014,0.4528294210982994,1.2733666091140743e-15,3,115.592,-0.0577405,0.117921,10799.5,0.0,9.5202,17.9333,22.6422,26.9750,29.9748,31.5823,32.4676,33.2576,33.8304,34.4100,34.9964,35.5893,36.4301,37.4056,39.2742,43.1448,49.8830,60.5202,7.4718
81.247,-0.35769494388747125,0.4548872677523657,2.1401472599380247e-16,3,116.903,-0.119445,0.118468,10989.7,0.0,10.0382,18.6574,23.3844,27.6914,30.6569,32.2419,33.1138,33.8914,34.4549,35.0250,35.6015,36.1842,37.0102,37.9680,39.8018,43.5973,50.2001,19.8216,6.9626
81.359,-0.1642842539594548,0.4574905888033452,3.5969454997778384e-17,3,118.292,-0.180498,0.124108,11118.5,0.0,10.6001,19.5317,24.3300,28.6543,31.6116,33.1870,34.0521,34.8229,35.3811,35.9455,36.5160,37.0923,37.9086,38.8545,40.6633,44.4008,51.3588,16.1056,6.4306
81.466,-0.3502842487856197,0.45929384231095516,6.0453863014766126e-18,3,119.749,-0.239466,0.114834,11224.1,0.0,10.9881,19.8681,24.5628,28.7733,31.6480,33.1792,34.0200,34.7691,35.3117,35.8602,36.4148,36.9751,37.7690,38.6893,40.4495,44.1198,51.9828,14.9222,6.0052
81.579,-0.37961818284222415,0.46591871093595383,1.0160480756891742e-18,3,120.832,-0.29772,0.119129,11391.3,0.0,11.5090,20.6311,25.3675,29.5775,32.4362,33.9545,34.7875,35.5289,36.0655,36.6078,37.1558,37.7091,38.4928,39.4010,41.2160,45.5001,55.4326,12.8471,5.5101
81.687,-0.12439328615374001,0.47352570023074336,1.7076720008107953e-19,3,122.171,-0.356468,0.122585,11493.0,0.0,12.0212,21.3461,26.1048,30.3003,33.1356,34.6379,35.4610,36.2017,36.7530,37.3243,37.9166,38.5310,39.4305,40.5189,42.7540,48.1649,61.5013,11.1834,5.0220
81.797,-0.04076119200685753,0.4811111748891099,2.870084331762704e-20,3,123.917,-0.409796,0.0876061,11549.0,0.0,12.0620,20.7307,25.1276,29.0218,31.6686,33.1132,33.9483,34.7201,35.2965,35.8951,36.5173,37.1642,38.1143,39.2690,41.6567,47.5330,62.6260,11.5516,4.7459
81.907,-0.30968326750121955,0.49274939650641353,4.823750736393577e-21,3,125.533,-0.446764,0.053816,11758.0,0.0,11.9992,20.0572,24.1291,27.7509,30.3429,31.8631,32.7473,33.5679,34.1828,34.8233,35.4911,36.1878,37.2152,38.4706,41.0910,47.6824,65.6076,12.7270,4.5916
82.018,-0.14550064841829963,0.49960635076284654,8.1072778626566855e-22,3,126.978,-0.472689,0.0520255,11944.9,0.0,12.1759,20.2338,24.2781,28.2073,31.3706,33.2711,34.3920,35.4425,36.2364,37.0696,37.9450,38.8657,40.2378,41.9374,45.5703,55.2531,86.3242,11.8885,4.3791
82.127,-0.10633870753669669,0.5108627941742195,1.362590190376709e-22,3,128.752,-0.485338,0.0191204,12034.1,0.0,11.9520,19.4196,23.3570,27.5823,31.0712,33.2062,34.4794,35.6824,36.5978,37.5643,38.5863,39.6686,41.2954,43.3343,47.7826,60.2772,107.9360,17.7947,4.4223
82.238,-0.3181466985237318,0.5230548934418833,2.2901053329661353e-23,3,130.322,-0.480492,-0.00311929,12235.1,0.0,11.7114,18.8780,23.2382,28.1442,32.3656,35.0296,36.6488,38.2000,39.3946,40.6695,42.0331,43.4946,45.7264,48.5844,55.0659,75.3067,197.2520,20.7883,4.5795
82.348,-0.13598078652621642,0.5293645063892863,3.8489800331161834e-24,3,131.775,-0.462357,-0.00944549,12440.7,0.0,11.5182,19.2442,24.6511,31.2064,37.2989,41.3824,43.9618,46.5056,48.5153,50.7106,53.1184,55.7705,59.9699,65.6298,79.7901,140.8300,126.0430,17.0830,4.7822
82.456,-0.14382757412950434,0.5388980911411414,6.46898074165837e-25,3,133.575,-0.428021,-0.0460542,12540.2,0.0,10.9883,19.1654,25.2998,33.2036,41.0556,46.6175,50.2635,53.9653,56.9673,60.3278,64.1149,68.4148,75.5148,85.6939,114.7550,200.0000,50.7345,17.2878,5.3407
82.567,-0.14952012273374343,0.5457641167395042,1.0872415932505224e-25,3,135.249,-0.374086,-0.0742949,12711.2,0.0,10.7170,20.0034,27.6475,38.5291,50.6961,60.2789,67.0587,74.3921,80.7032,88.1919,97.2206,108.3180,128.9400,164.8330,200.0000,131.7150,32.4459,15.8965,5.8730
82.676,-0.04899475381739305,0.5553565463200758,1.827326945776153e-26,3,137.157,-0.313575,-0.0551809,12840.2,0.0,10.5787,20.8935,30.1344,44.6729,63.2190,79.8901,92.9967,108.6040,123.4100,142.9020,169.7210,200.0000,200.0000,200.0000,200.0000,61.5243,26.8052,15.0904,6.1745
82.787,-0.016054600930883355,0.5665681881762874,3.07118839776598e-27,3,139.216,-0.272687,-0.0431774,13039.3,0.0,10.3615,20.8593,30.5520,46.3926,67.7259,88.0738,104.9150,126.0220,147.1860,176.9100,200.0000,200.0000,200.0000,200.0000,163.8540,55.2993,26.3682,15.3413,6.4561
82.900,-0.005260771633031858,0.6526426439797309,5.161746340125284e-28,3,141.519,-0.241071,-0.0389484,13298.6,0.0,10.1436,20.5624,30.2895,46.4168,68.6008,90.2729,108.6040,132.0940,156.2490,191.2360,200.0000,200.0000,200.0000,200.0000,147.5580,54.7776,26.8384,15.7834,6.7059
83.007,-0.07058637138861654,0.7737936798605282,8.675347073848566e-29,3,144.556,-0.216496,-0.0180753,13758.5,0.0,10.1407,21.3044,32.3597,52.2141,83.1551,118.3560,152.9290,200.0000,200.0000,200.0000,200.0000,200.0000,200.0000,183.9580,90.9036,45.2415,24.7165,15.2420,6.7718
83.119,-0.023129742176621865,0.8213018380166979,1.4580655827017284e-29,3,148.151,-0.206295,0.00379341,14127.6,0.0,10.2748,22.4790,35.4445,61.2832,109.7100,181.7190,200.0000,200.0000,200.0000,200.0000,200.0000,200.0000,142.3370,100.4510,64.7572,37.9058,22.5036,14.4682,6.7094
83.226,-0.0075791539164354535,0.8399653581563116,2.450570824846795e-30,3,151.959,-0.207915,0.0117642,14483.4,0.0,10.3722,23.0502,36.9035,65.7760,124.9210,200.0000,200.0000,200.0000,200.0000,200.0000,200.0000,162.6830,114.7310,85.8327,58.3223,35.5895,21.6610,14.1163,6.6434
83.336,-0.0024835371553375693,0.8447257469981602,4.11867438532001e-31,3,155.81,-0.216151,0.0141661,14843.9,0.0,10.4687,23.3769,37.6061,67.6913,131.1960,200.0000,200.0000,200.0000,200.0000,200.0000,200.0000,148.7660,107.3210,81.4143,56.0689,34.6027,21.2093,13.8763,6.5589
83.449,-0.0008138054550610146,0.8466711312138572,6.92225603940734e-32,4,158.191,-0.227327,0.0150725,12193.0,0.0,10.5748,23.6570,38.1265,68.8889,134.5920,200.0000,200.0000,200.0000,200.0000,200.0000,194.3650,142.5600,103.6500,79.0164,54.6810,33.8855,20.8239,13.6442,6.4597
83.557,-0.0047588386543268935,0.8482783681511568,1.1634235725431917e-32,4,160.029,-0.239726,0.0156214,12242.7,0.0,10.6877,23.9361,38.6193,69.9422,137.3270,200.0000,200.0000,200.0000,200.0000,197.3860,187.3710,137.9450,100.7510,77.0286,53.4584,33.2098,20.4406,13.4048,6.3527
83.666,-0.02044764758905608,0.8483171291132711,1.9553659983733427e-33,4,162.875,-0.254357,0.0218169,12455.1,0.0,10.8836,24.6869,40.3496,75.1205,156.8680,200.0000,200.0000,196.9790,193.6510,188.1890,146.4960,113.9530,86.9303,68.4039,48.8936,31.1782,19.5194,12.9258,6.1934
83.777,-0.025951832742788145,0.8498733361647116,3.286383633466077e-34,4,165.688,-0.274975,0.0326526,12657.0,0.0,11.1898,25.9734,43.4979,85.5681,200.0000,195.8780,192.2270,187.4930,180.2260,133.2490,105.1590,86.8557,69.8450,57.0796,42.5290,28.2097,18.1457,12.2105,5.9606
83.888,-0.03072663280516307,0.8506543287788277,5.523424972766437e-35,4,168.453,-0.304946,0.0456759,12875.1,0.0,11.6153,27.7593,48.0251,102.4520,193.0750,187.1420,181.6910,147.7870,112.8930,91.3342,76.6946,66.1041,55.4013,46.7576,36.1906,24.9628,16.5255,11.3201,5.6458
83.998,-0.021089298606495836,0.8499690823292464,9.28322035172855e-36,4,171.205,-0.34654,0.0595891,13072.2,0.0,12.1723,30.0701,54.1178,129.1790,184.7910,176.0250,131.0660,93.0778,77.1187,65.8356,57.4360,50.9410,43.9836,38.0511,30.3837,21.6900,14.7510,10.2826,5.2419
84.107,0.030206843505248444,0.8511675778820225,1.5602308445150175e-36,4,173.945,-0.397198,0.0577876,13269.0,0.0,12.6046,31.0011,55.4917,130.2940,179.4870,171.0270,128.6500,89.6949,73.7503,62.6228,54.4163,48.1149,41.4075,35.7226,28.4218,20.2067,13.6970,9.5271,4.8433
84.216,0.00989817847979981,0.8508073712172561,2.6222799803763898e-37,4,176.651,-0.445712,0.048185,13473.0,0.0,12.9038,31.0186,54.0264,117.3460,175.6710,169.0970,161.9980,108.2350,84.3063,69.0466,58.4678,50.7036,42.7598,36.2716,28.2501,19.6167,13.0531,8.9707,4.4921
84.326,0.0032434351242608015,0.8506893386973455,4.4072659630185985e-38,4,179.335,-0.489954,0.0454776,13670.3,0.0,13.2592,31.6735,54.7683,116.6760,170.3290,164.0700,157.8420,109.2150,83.2893,67.3153,56.4855,48.6610,40.7615,34.3878,26.6029,18.3396,12.1360,8.3111,4.1438
84.437,0.0010628088215177793,0.8513072164887212,7.407291904045359e-39,4,181.994,-0.532337,0.0448148,13868.0,0.0,13.6265,32.5013,56.1015,118.9690,164.5190,158.2760,152.0250,102.5650,77.7701,62.6337,52.4323,45.0917,37.7063,31.7659,24.5327,16.8818,11.1559,7.6332,3.8018
84.546,0.0264918889094787,0.8516060576833991,1.2449435503129035e-39,4,184.627,-0.574353,0.0437772,14063.4,0.0,13.9842,33.2754,57.2821,120.6160,158.6760,152.5010,146.3540,97.0284,72.8777,58.3568,48.6642,41.7355,34.8026,29.2543,22.5317,15.4603,10.1944,6.9657,3.4635
84.657,0.027057118690657977,0.8526451440754461,2.092376625010897e-40,4,187.202,-0.609493,0.0233609,14260.1,0.0,13.9875,31.8298,52.1978,97.8895,155.7730,151.4840,148.2590,144.3230,139.5950,100.3070,73.0330,57.4236,44.2031,35.0002,25.1835,16.1566,10.1561,6.7413,3.2388
84.766,0.008866076652554806,0.8520444697950172,3.5166573936558156e-41,4,189.774,-0.632431,0.0151498,14449.0,0.0,14.0663,31.4729,50.7309,91.6934,150.7160,146.9200,144.1730,141.0620,138.0630,133.0340,92.3770,67.6566,49.2220,37.5393,25.9886,16.1107,9.9028,6.4893,3.0727
84.881,0.0029052359975091585,0.8523295158468062,5.910446081517329e-42,4,192.328,-0.648374,0.0129072,14642.8,0.0,14.1710,31.5642,50.6491,90.6960,144.8200,141.1530,138.5360,135.6230,132.9030,128.8540,97.5286,69.5010,49.5654,37.3338,25.5337,15.6661,9.5672,6.2466,2.9459
84.987,0.0009519877316638012,0.8519410447370565,9.933686729206175e-43,4,194.868,-0.661672,0.0123798,14819.3,0.0,14.2776,31.7681,50.9229,90.9903,138.6360,135.0140,132.4550,129.6310,127.0190,123.2350,96.1846,68.0544,48.2887,36.2597,24.7254,15.1324,9.2269,6.0192,2.8359
85.096,0.03367228042241159,0.8518137505238136,1.6695547285776822e-43,4,197.365,-0.67323,0.00614518,15007.9,0.0,14.2859,31.3974,49.7252,86.7198,133.0010,129.6770,127.3830,124.9260,122.7730,120.0210,115.6750,83.0908,54.7541,39.4035,25.8368,15.3214,9.1653,5.9167,2.7559
85.207,0.011033732848815831,0.8528562575060182,2.8060206323205103e-44,5,197.404,-0.676549,-0.00596983,13454.5,0.0,14.1418,30.3716,47.0616,78.7160,127.8770,125.0150,123.0980,121.1090,119.4540,117.5230,115.1570,111.9210,81.8906,51.5395,30.4185,16.7386,9.6042,6.0663,2.7611
85.316,0.0036155335798999716,0.8544100829908221,4.716078876741081e-45,5,199.435,-0.67156,-0.0092128,13580.9,0.0,14.0548,30.0042,46.2366,76.5554,121.8040,119.0740,117.2710,115.4240,113.9060,112.1670,110.1040,107.4860,96.3331,57.2630,32.5384,17.4826,9.9081,6.2196,2.8129
85.426,0.0011847380434616226,0.8549192405256826,7.926313768138736e-46,5,201.449,-0.662786,-0.0099805,13710.7,0.0,13.9705,29.7823,45.8355,75.7137,115.4340,112.7680,111.0280,109.2610,107.8230,106.1890,104.2820,101.9290,96.4740,60.1333,33.8359,18.0720,10.2114,6.4005,2.8904
85.538,0.0003882149620815044,0.8509540031417057,1.3321755550110774e-46,5,203.434,-0.652692,-0.0102394,13839.8,0.0,13.8821,29.5799,45.5044,75.1077,108.9420,106.3340,104.6520,102.9580,101.5900,100.0500,98.2735,96.1311,91.7048,62.4135,35.0000,18.6558,10.5306,6.5972,2.9777
85.649,0.0001272102787748674,0.38022710774947416,0.11658645629882812,5,204.08,-0.64217,-0.0101941,13652.0,0.0,13.7944,29.3953,45.2238,74.6547,102.3560,99.8064,98.1800,96.5570,95.2565,93.8044,92.1483,90.1884,86.4086,64.2181,36.0333,19.2133,10.8472,6.7961,3.0677
85.756,4.168426414894855e-05,0.12459281866734769,0.7212271559555054,5,195.504,-0.631788,-0.0101884,12699.3,0.0,13.7072,29.2100,44.9391,74.1859,95.8716,93.3874,91.8210,90.2714,89.0397,87.6758,86.1376,84.3496,81.0784,66.0700,37.0751,19.7697,11.1616,6.9932,3.1567
85.867,1.3659099676327463e-05,0.04082657482091649,0.7926594613643811,5,182.236,-0.621977,-0.0104721,11694.1,0.0,13.6210,29.0112,44.6122,93.4251,89.7731,87.3635,85.8610,84.3875,83.2258,81.9500,80.5272,78.9013,76.0522,68.4097,38.2444,20.3478,11.4751,7.1856,3.2418
85.976,4.475813781938983e-06,0.013378052037317918,0.6465305607362087,5,169.663,-0.61266,-0.0110391,10937.2,0.0,13.5353,28.7988,44.2438,87.7111,84.1078,81.7786,80.3418,78.9450,77.8523,76.6620,75.3486,73.8712,71.3724,66.9774,39.5646,20.9551,11.7911,7.3753,3.3236
86.087,1.466634660065766e-06,0.004383720091588336,0.49296158613663577,5,158.414,-0.603653,-0.0114854,10286.8,0.0,13.4538,28.6021,43.9093,82.3524,78.8043,76.5539,75.1798,73.8548,72.8259,71.7134,70.4976,69.1481,66.9274,63.4465,40.7941,21.5285,12.0921,7.5570,3.4024
86.196,4.805868454103502e-07,0.0014364573996116657,0.27738743830346874,4,150.035,-0.594838,-0.011967,11001.0,0.0,13.3736,28.4066,43.5744,77.3040,73.8205,71.6500,70.3377,69.0823,68.1142,67.0747,65.9488,64.7140,62.7283,59.8219,42.0485,22.1032,12.3908,7.7363,3.4798
86.307,1.5747869750406355e-07,0.00047069836070475065,0.30406351960356437,4,144.421,-0.585996,-0.0124086,10517.5,0.0,13.2937,28.2143,43.2481,72.4420,69.0311,66.9419,65.6909,64.5034,63.5939,62.6239,61.5820,60.4515,58.6691,56.1814,43.2959,22.6760,12.6892,7.9157,3.5574
86.416,5.1602619598131545e-08,0.00015423843883573268,0.35140407933596246,4,137.828,-0.577141,-0.0131801,10005.3,0.0,13.2095,27.9965,42.8599,67.7803,64.4554,62.4526,61.2651,60.1466,59.2955,58.3940,57.4333,56.4018,54.8039,52.6556,44.8241,23.3243,13.0109,8.1039,3.6363
86.526,1.6909146389915745e-08,5.0540851637692876e-05,0.46070106085398543,3,130.499,-0.56827,-0.01381,11769.6,0.0,13.1272,27.7903,42.5006,63.3190,60.0843,58.1672,57.0412,55.9883,55.1924,54.3545,53.4684,52.5255,51.0866,49.2070,44.1670,23.9515,13.3261,8.2897,3.7150
86.637,5.540789089047591e-09,1.65612262646392e-05,0.5184177688443602,3,121.583,-0.559558,-0.0144871,10613.3,0.0,13.0457,27.5840,63.1513,59.1109,55.9719,54.1401,53.0741,52.0845,51.3409,50.5628,49.7455,48.8830,47.5837,45.9260,41.9281,24.5879,13.6416,8.4745,3.7926
86.747,1.815605768699115e-09,5.426782622396973e-06,0.5018329699846228,3,112.306,-0.551091,-0.0155242,9795.55,0.0,12.9618,27.3556,59.2221,55.2123,52.1756,50.4295,49.4226,48.4940,47.8004,47.0786,46.3253,45.5364,44.3614,42.8917,39.5641,25.3032,13.9773,8.6648,3.8697
86.856,5.949376982873261e-10,1.7782481297070402e-06,0.12437257410125307,3,105.807,-0.54273,-0.0164245,9536.76,0.0,12.8807,27.1406,55.5421,51.5747,48.6402,46.9764,46.0252,45.1535,44.5060,43.8355,43.1399,42.4162,41.3487,40.0348,37.1832,25.9932,14.3032,8.8505,3.9454
86.967,1.94949184974791e-10,5.826963471424029e-07,0.020903298529197603,3,104.005,-0.53407,-0.0171273,9432.23,0.0,12.7997,26.9361,51.9454,48.0324,45.2036,43.6221,42.7257,41.9092,41.3058,40.6842,40.0428,39.3796,38.4100,37.2327,34.7588,26.6620,14.6267,9.0376,4.0230
87.077,6.388094893253952e-11,1.9093793903162257e-07,0.0035132173838022416,3,102.96,-0.525092,-0.0177668,9348.17,0.0,12.7169,26.7726,48.3570,44.5133,41.7976,40.3008,39.4599,38.6986,38.1391,37.5654,36.9765,36.3713,35.4936,34.4410,32.2871,26.6320,14.9576,9.2299,4.1033
87.187,2.093250934621455e-11,6.256654386188209e-08,0.0005904664456956429,3,102.061,-0.515847,-0.0183719,9267.22,0.0,12.6325,48.9950,44.7635,41.0056,38.4114,37.0025,36.2183,35.5125,34.9966,34.4701,33.9326,33.3832,32.5927,31.6553,29.7803,25.3369,15.2965,9.4272,4.1858
87.297,0.15339950046793338,2.050180509266152e-08,9.923969552806672e-05,3,101.168,-0.504455,-0.031741,9187.82,0.0,12.3791,45.8170,41.6594,38.0870,35.6793,34.3926,33.6821,33.0470,32.5854,32.1169,31.6413,31.1583,30.4689,29.6611,28.0821,24.6020,16.8205,10.0653,4.3449
87.408,0.31243847734656677,6.718031492763328e-09,1.6679215627402175e-05,3,100.051,-0.473502,-0.103062,9078.17,0.0,11.3916,44.3050,40.6220,37.5193,35.4675,34.3871,33.7957,33.2694,32.8884,32.5031,32.1135,31.7194,31.1601,30.5106,29.2644,26.6545,21.8875,13.9429,5.0094
87.517,0.28592759511259486,2.2013645595486873e-09,2.8032757704974844e-06,3,98.7356,-0.407905,-0.201558,8950.09,0.0,10.1245,17.0527,40.1640,37.5307,35.8059,34.9043,34.4130,33.9773,33.6627,33.3453,33.0253,32.7025,32.2460,31.7180,30.7097,28.6235,24.9669,19.5729,6.4448
87.627,0.29615342197160055,7.213431388729139e-10,4.7114655874751223e-07,3,97.2698,-0.303686,-0.301567,8813.66,0.0,8.8364,13.3523,39.4072,37.1427,35.6698,34.9030,34.4862,34.1171,33.8510,33.5829,33.3128,33.0407,32.6567,32.2133,31.3697,29.6379,26.6403,22.3086,8.9814
87.737,0.29879846679865013,2.3636971974587644e-10,7.918560212869439e-08,3,95.7106,-0.160061,-0.399525,8671.52,0.0,7.5128,10.5256,13.5645,36.3746,35.0969,34.4345,34.0753,33.7576,33.5287,33.2983,33.0665,32.8331,32.5040,32.1246,31.4041,29.9313,27.4032,23.7868,12.1878
87.847,0.13073367645245668,7.74536297663288e-11,1.3308724149769667e-08,3,94.2709,0.0210275,-0.490326,8540.12,0.0,6.1392,8.1784,9.9582,35.2156,34.0876,33.5052,33.1899,32.9115,32.7112,32.5098,32.3074,32.1038,31.8171,31.4871,30.8618,29.5887,27.4176,24.3399,14.3035
87.956,0.042838811099941,2.5380005401830616e-11,2.236797267851788e-09,3,93.2089,0.235585,-0.549316,8459.43,0.0,4.7173,6.3169,7.6812,10.2307,32.2560,31.7283,31.4437,31.1929,31.0129,30.8322,30.6507,30.4686,30.2125,29.9184,29.3633,28.2410,26.3491,23.7073,15.2148
88.067,0.014037421621228665,8.316520170071857e-12,3.7593851680785e-10,3,92.4849,0.467827,-0.492437,8406.54,0.0,3.3704,4.8947,6.2444,30.5230,29.5604,29.0728,28.8112,28.5817,28.4174,28.2528,28.0879,27.9229,27.6915,27.4266,26.9293,25.9340,24.2857,22.0380,15.1045
88.178,0.06081499397700046,2.725157329329146e-12,6.318398651989535e-11,3,91.8401,0.655898,-0.342737,8350.17,0.0,2.3239,3.8348,5.5604,27.6040,26.7105,26.2633,26.0249,25.8165,25.6678,25.5192,25.3707,25.2224,25.0152,24.7788,24.3375,23.4639,22.0433,20.1541,14.5881
88.286,0.4392751431337429,8.929795536745746e-13,1.0619332614398814e-11,3,90.9344,0.784609,-0.224215,8264.99,0.0,1.5573,2.8852,5.0207,25.5473,24.7222,24.3128,24.0955,23.9060,23.7711,23.6366,23.5024,23.3686,23.1819,22.9696,22.5747,21.7986,20.5520,18.9228,14.2649
88.397,0.5921754926501331,2.9261154014808457e-13,1.7847912325020088e-12,3,89.571,0.862195,-0.148101,8134.23,0.0,1.0471,2.0775,3.9099,24.3500,23.5723,23.1884,22.9852,22.8083,22.6825,22.5572,22.4324,22.3080,22.1349,21.9382,21.5733,20.8590,19.7196,18.2445,14.1084
88.507,0.610948014707957,9.588294947572436e-14,2.999698624466126e-13,3,87.7545,0.891892,-0.0802272,7965.28,0.0,0.8687,1.9446,24.7622,23.3823,22.6316,22.2625,22.0675,21.8980,21.7776,21.6577,21.5384,21.4197,21.2545,21.0671,20.7201,20.0436,18.9722,17.5970,13.8167
88.616,0.5162251257034397,3.141892488420535e-14,5.041593478140218e-14,2,85.6562,0.872204,-0.00453216,9671.91,0.0,1.1148,27.5055,24.1671,22.4255,21.5709,21.1888,20.9963,20.8314,20.7145,20.5982,20.4825,20.3675,20.2077,20.0268,19.6923,19.0432,18.0225,16.7276,13.2602
88.727,0.47370090817269145,1.029535330605641e-14,8.473406158710266e-15,2,82.9188,0.811306,0.050718,9343.22,0.0,1.7971,29.0234,24.4367,22.1370,21.0257,20.5313,20.2826,20.0730,19.9278,19.7861,19.6479,19.5132,19.3300,19.1283,18.7709,18.1237,17.1270,15.8749,12.6063
88.838,0.45848757467441326,3.3735813713285653e-15,1.4241253730944345e-15,2,79.9088,0.718584,0.0849115,9007.67,0.0,2.9353,33.0977,26.0537,22.7928,21.2718,20.6053,20.2722,19.9925,19.7993,19.6112,19.4281,19.2498,19.0081,18.7426,18.2736,17.4371,16.2941,15.0434,11.8799
88.947,0.45696707217726873,1.1054551437569443e-15,2.393527514559816e-16,2,76.6244,0.604163,0.0994546,8654.88,0.0,4.5475,43.4250,30.1848,24.9685,22.6962,21.7295,21.2526,20.8554,20.5826,20.3183,20.0622,19.8140,19.4791,19.1134,18.4728,17.3463,15.8345,14.2770,11.1055
89.059,0.46381190055746985,3.622355415062755e-16,4.0228016937206837e-17,2,73.0953,0.477532,0.0969617,8283.41,0.0,6.5699,83.4209,41.3200,30.5669,26.5196,24.8964,24.1158,23.4756,23.0407,22.6234,22.2226,21.8374,21.3226,20.7670,19.8096,18.1719,16.0589,13.9664,10.3271
89.169,0.42910089726837797,1.1869734224077636e-16,6.7611228066363544e-18,2,69.3804,0.346496,0.0788304,7897.23,0.0,7.5440,113.8450,93.0721,47.7732,37.0736,33.3697,31.6900,30.3576,29.4752,28.6447,27.8618,27.1226,26.1544,25.1337,23.4316,20.6747,17.3759,14.3564,9.5896
89.280,0.11136840310009583,3.88947451054576e-17,1.1363419101113723e-18,2,65.7442,0.217576,0.0494949,7512.09,0.0,7.7812,25.8299,80.8267,200.0000,89.6031,68.1054,60.3937,54.9576,51.6419,48.7071,46.0911,43.7450,40.8400,37.9656,33.5554,27.2765,20.8931,15.8948,9.1744
89.391,-0.3114954113504258,1.2745030076156346e-17,1.9098498483241837e-19,2,62.8994,0.0947163,0.0185835,7182.32,0.0,7.8284,17.6387,28.6332,52.5288,106.0730,200.0000,200.0000,200.0000,200.0000,200.0000,200.0000,182.3070,136.1720,105.6390,74.4016,46.8186,29.0565,19.1450,9.1211
89.499,-0.10207081639130752,4.176291455354911e-18,3.209884640078456e-20,2,60.7812,-0.00150959,-0.0883916,6944.34,0.0,7.8369,14.7366,20.4774,28.7498,38.1417,45.6470,51.0158,56.8785,61.9710,68.0708,75.5089,84.7792,102.3910,134.3000,200.0000,177.3790,49.6135,24.8762,9.3328
89.613,-0.033446565115103646,1.3684871840906973e-18,5.3948531145798604e-21,2,58.8672,-0.0556791,-0.18825,6738.45,0.0,7.6596,12.7508,16.3549,20.7361,24.8192,27.5622,29.2973,31.0106,32.3654,33.8467,35.4730,37.2664,40.1106,43.9522,53.6059,95.9294,200.0000,39.6573,10.0766
89.722,-0.4305194672705168,4.484258804828397e-19,9.067129629674374e-22,2,57.5745,-0.0685906,-0.270292,6580.6,0.0,7.3675,11.3236,13.8916,16.7636,19.2201,20.7632,21.6984,22.5925,23.2798,24.0121,24.7940,25.6305,26.9046,28.5309,32.1965,43.4452,105.4270,91.1917,11.3442
89.826,-0.7569679512906735,1.469401925166169e-19,1.5239124768593724e-22,2,57.5332,-0.0499024,-0.242237,6590.74,0.0,7.3585,11.6039,14.4325,17.6752,20.5185,22.3389,23.4554,24.5322,25.3663,26.2612,27.2237,28.2617,29.8594,31.9280,36.7161,52.5934,192.1040,63.8676,11.0296
89.941,-0.34223334152792784,4.814936228384504e-20,2.5612396998575473e-23,2,57.8851,-0.0218232,-0.119238,6646.12,0.0,7.7982,14.0705,18.9935,25.6446,32.6240,37.8097,41.3250,44.9924,48.0421,51.5396,55.5909,60.3383,68.5421,81.1688,124.0960,200.0000,65.1548,27.8443,9.4973
90.053,-0.1121430213518714,1.5777583033170345e-20,4.30467556355058e-24,2,57.7081,-0.00113924,-0.0718988,6627.34,0.0,7.9447,15.2982,21.6352,31.1468,42.5300,52.1088,59.2422,67.3162,74.5838,83.6178,95.1507,110.3830,142.2900,200.0000,200.0000,119.2590,43.7114,23.3375,9.1571
90.162,-0.03674702523658122,0.055528564453125,7.234868219659459e-25,2,57.5123,0.0153109,-0.056505,6628.29,0.0,7.9207,15.6115,22.4797,33.2424,46.8964,59.0984,68.6441,79.9571,90.6359,104.6150,123.7040,151.3280,200.0000,200.0000,200.0000,92.8347,39.9889,22.4254,9.1463
90.271,-0.012041265229522934,0.5293505296875,1.2159643016781654e-25,2,58.9522,0.0305106,-0.0520294,7030.43,0.0,7.8298,15.5408,22.5027,33.5613,47.8597,60.8998,71.2783,83.7852,95.8015,111.8510,134.3740,168.2710,200.0000,200.0000,200.0000,88.2207,39.4426,22.4061,9.2370
90.380,-0.003945681790410075,0.7389122944586249,2.0436712018304926e-26,2,62.2736,0.0460165,-0.0504296,7709.73,0.0,7.7157,15.3531,22.2760,33.3276,47.7179,60.9418,71.5360,84.3851,96.8155,113.5510,137.2950,173.6090,200.0000,200.0000,200.0000,87.5546,39.6366,22.6172,9.3594
90.493,-0.0012929210090815734,0.8076959388513273,3.434798188916509e-27,2,66.5687,0.0623706,-0.0497611,8777.1,0.0,7.5880,15.1151,21.9493,32.8822,47.1606,60.3243,70.8997,83.7621,96.2422,113.1020,137.1370,174.1600,200.0000,200.0000,200.0000,88.1045,40.0893,22.9178,9.4987
90.600,-0.00042366435625585,0.830987893133428,5.772865316111976e-28,2,71.3956,0.0798028,-0.0494073,10577.8,0.0,7.4493,14.8472,21.5700,32.3369,46.4207,59.4275,69.8927,82.6392,95.0271,111.7940,135.7590,172.8170,200.0000,200.0000,200.0000,89.1149,40.6577,23.2654,9.6508
90.706,-0.00013882633625791693,0.8417840112594617,9.7024547367894e-29,2,76.42,0.0984245,-0.0492471,12274.5,0.0,7.2996,14.5525,21.1463,31.7118,45.5421,58.3251,68.6166,81.1611,93.3610,109.8870,133.5360,170.1700,200.0000,200.0000,200.0000,90.4529,41.3179,23.6535,9.8155
90.820,-4.549061386499421e-05,0.8455927379345004,1.6306915676121947e-29,2,81.55,0.118269,-0.0491179,13833.6,0.0,7.1398,14.2368,20.6910,31.0370,44.5880,57.1206,67.2165,79.5285,91.5099,107.7510,131.0140,167.1060,200.0000,200.0000,200.0000,91.9245,42.0307,24.0702,9.9914
90.934,-1.4906364351281302e-05,0.8465697268038771,2.7407033176858158e-30,3,86.6591,0.139348,-0.0489929,12020.1,0.0,6.9699,13.9008,20.2058,30.3168,43.5674,55.8297,65.7132,77.7730,89.5153,105.4430,128.2790,163.7540,200.0000,200.0000,200.0000,93.4983,42.7900,24.5133,10.1784
91.037,-0.004945846159072191,0.8476427962040944,4.606300066034552e-31,3,90.395,0.161465,-0.0488208,8838.34,0.0,6.7918,13.5494,19.6994,29.5672,42.5093,54.4962,64.1650,75.9709,87.4755,103.0960,125.5180,160.4240,200.0000,200.0000,200.0000,95.0894,43.5742,24.9744,10.3740
91.150,-0.011416266413167276,0.8494174566945327,7.741808520984271e-32,3,94.5857,0.183659,-0.0447906,9298.55,0.0,6.6364,13.3252,19.4753,29.4728,42.8328,55.4652,65.8410,78.7422,91.5666,109.3910,135.8470,179.1960,200.0000,200.0000,200.0000,91.8687,43.3294,25.1036,10.5255
91.259,-0.0037408821782666532,0.8505049461940395,1.3011657581218266e-32,3,98.9283,0.205379,-0.0415652,9778.7,0.0,6.4790,13.0775,19.1955,29.2485,42.8953,56.0281,66.9857,80.8306,94.8411,114.7380,145.2150,197.7550,200.0000,200.0000,200.0000,89.8187,43.2845,25.2879,10.6810
91.368,-0.005762514097369728,0.8504757947532379,2.186869289675355e-33,3,103.332,0.226912,-0.0400847,10123.8,0.0,6.3120,12.7714,18.7838,28.7133,42.2929,55.4716,66.5515,80.6615,95.0676,115.7490,147.9460,200.0000,200.0000,200.0000,200.0000,89.7779,43.6762,25.6126,10.8544
91.479,-0.0018882606194261125,0.8541119279559909,3.6754712151573694e-34,3,107.663,0.248358,-0.0385092,10543.7,0.0,6.1458,12.4675,18.3764,28.1881,41.7151,54.9648,66.1976,80.6292,95.5108,117.1400,151.4480,200.0000,200.0000,200.0000,200.0000,89.6315,44.0340,25.9242,11.0253
91.587,-0.03070134179455792,0.857015578193244,6.177364471314991e-35,3,112.0,0.268685,-0.030659,10920.4,0.0,6.0236,12.3812,18.4522,28.8226,43.7462,59.1171,72.7759,91.2363,111.4370,143.1410,200.0000,200.0000,200.0000,200.0000,194.4630,83.2957,42.8056,25.6792,11.1110
91.699,-0.032082346776396986,0.8584489213029872,1.0382296466939104e-35,3,116.299,0.284676,-0.0176132,11294.5,0.0,5.9656,12.5433,19.0662,30.8038,49.1546,70.1202,90.8034,122.4200,162.9640,200.0000,200.0000,200.0000,200.0000,200.0000,147.7310,73.8537,40.4300,24.9561,11.0980
91.809,-0.03391395674873977,0.8597919976106878,1.7449525671984555e-36,3,120.53,0.29404,-0.00363332,11703.2,0.0,5.9686,12.8746,20.0306,33.7578,57.7232,89.6472,127.2080,200.0000,200.0000,200.0000,200.0000,200.0000,200.0000,194.1590,117.4060,65.6528,37.9937,24.1028,11.0204
91.921,-0.022541795968477045,0.8602320968551952,2.9327417796904443e-37,3,124.773,0.295175,0.0112974,12025.1,0.0,6.0494,13.4310,21.4833,38.2197,72.3114,130.8060,200.0000,200.0000,200.0000,200.0000,200.0000,200.0000,189.7380,141.5410,95.9132,58.3961,35.4925,23.1124,10.8678
92.027,0.01178069827350452,0.8608581835756354,4.929059109125731e-38,3,128.919,0.288862,0.0160543,12445.5,0.0,6.1335,13.7486,22.2020,40.2837,79.4086,154.7340,200.0000,200.0000,200.0000,200.0000,200.0000,200.0000,169.1820,129.6370,90.1700,56.1238,34.5867,22.6975,10.7649
92.140,0.0070987130680744605,0.8610633396721892,8.284269644707617e-39,3,133.12,0.280182,0.0128052,12727.3,0.0,6.1876,13.7793,22.1064,39.5687,75.8007,140.1200,200.0000,200.0000,200.0000,200.0000,200.0000,200.0000,180.8890,136.1690,93.0765,57.0792,34.8475,22.7488,10.7262
92.247,0.002326106298146639,0.8611305652219079,1.3923371991860092e-39,3,137.164,0.2719,0.0105197,13188.5,0.0,6.2442,13.8420,22.1071,39.2078,73.7206,131.9510,200.0000,200.0000,200.0000,200.0000,200.0000,200.0000,189.9320,140.9930,95.0994,57.6810,34.9760,22.7466,10.6807
92.360,0.0007622185117766906,0.8611525936900397,2.340101130671926e-40,3,141.301,0.264344,0.00974673,13473.3,0.0,6.3040,13.9533,22.2512,39.3436,73.5289,130.2820,200.0000,200.0000,200.0000,200.0000,200.0000,200.0000,192.5040,142.1810,95.4509,57.6722,34.8888,22.6606,10.6253
92.472,0.00024976376193898604,0.8633357787753523,3.933007970320307e-41,3,145.302,0.25712,0.00956219,13919.9,0.0,6.3647,14.0825,22.4492,39.6650,74.0232,130.8480,200.0000,200.0000,200.0000,200.0000,200.0000,200.0000,192.3040,141.8600,95.1257,57.4227,34.7183,22.5429,10.5665
92.581,8.184258951216694e-05,0.8692177683797324,6.610206495717341e-42,3,149.355,0.249878,0.00956887,14278.5,0.0,6.4268,14.2201,22.6689,40.0542,74.7531,132.1510,200.0000,200.0000,200.0000,200.0000,200.0000,200.0000,191.1640,141.0240,94.5698,57.0890,34.5171,22.4126,10.5055
92.689,2.681817973134686e-05,0.8864642861551707,1.1109774057352135e-42,3,153.523,0.242487,0.00956505,14542.6,0.0,6.4901,14.3600,22.8918,40.4473,75.4849,133.4360,200.0000,200.0000,200.0000,200.0000,200.0000,200.0000,190.0520,140.2010,94.0151,56.7531,34.3137,22.2803,10.4434
92.800,8.787781134367739e-06,0.9138767989279513,1.8672197258191733e-43,4,157.081,0.234907,0.00956076,12189.4,0.0,6.5550,14.5035,23.1204,40.8506,76.2354,134.7560,200.0000,200.0000,200.0000,200.0000,200.0000,200.0000,188.9130,139.3560,93.4466,56.4085,34.1049,22.1446,10.3798
92.911,2.8795801221096205e-06,0.9430950693945861,3.1382361931842854e-44,4,158.388,0.227254,0.00954407,12175.1,0.0,6.6204,14.6478,23.3497,41.2530,76.9760,136.0360,200.0000,200.0000,200.0000,200.0000,200.0000,200.0000,187.8220,138.5370,92.8870,56.0662,33.8962,22.0084,10.3156
93.020,9.435808144128804e-07,0.9657100544485929,5.2744335698848294e-45,4,161.79,0.219469,0.00954216,12425.2,0.0,6.6871,14.7953,23.5847,41.6679,77.7491,137.3980,200.0000,200.0000,200.0000,200.0000,200.0000,200.0000,186.6400,137.6630,92.2999,55.7113,33.6815,21.8689,10.2502
93.127,3.091925612668127e-07,0.9853164878292149,8.864740500905432e-46,4,165.226,0.211522,0.00954169,12723.0,0.0,6.7552,14.9460,23.8248,42.0920,78.5401,138.7960,200.0000,200.0000,200.0000,200.0000,200.0000,200.0000,185.4260,136.7670,91.6989,55.3484,33.4620,21.7265,10.1834
93.237,1.0131621847590918e-07,0.994537504778752,1.4898969359871766e-46,4,168.75,0.203405,0.00954073,12963.6,0.0,6.8248,15.0998,24.0699,42.5251,79.3473,140.2200,200.0000,200.0000,200.0000,200.0000,200.0000,200.0000,184.1880,135.8520,91.0857,54.9780,33.2380,21.5810,10.1152
93.348,3.319929847018592e-08,0.9997816960502764,2.504069780313648e-47,4,172.263,0.19512,0.00953883,13227.5,0.0,6.8957,15.2567,24.3201,42.9667,80.1701,141.6730,200.0000,200.0000,200.0000,200.0000,200.0000,200.0000,182.9290,134.9220,90.4608,54.6001,33.0094,21.4325,10.0456
93.456,1.087874612271052e-08,1.0,4.208590079773149e-48,4,175.74,0.186664,0.00953835,13508.5,0.0,6.9682,15.4170,24.5755,43.4177,81.0117,143.1570,200.0000,200.0000,200.0000,200.0000,200.0000,200.0000,181.6370,133.9700,89.8213,54.2142,32.7760,21.2809,9.9745
93.569,3.5647475294897835e-09,1.0,7.073377347074731e-49,4,179.22,0.17804,0.00953787,13745.6,0.0,7.0420,15.5804,24.8360,43.8779,81.8700,144.6730,200.0000,200.0000,200.0000,200.0000,200.0000,200.0000,180.3210,132.9970,89.1691,53.8204,32.5379,21.1263,9.9020
93.681,1.1680964704632124e-09,1.0,1.1888225307228501e-49,4,182.663,0.16925,0.00953692,13988.5,0.0,7.1173,15.7470,25.1014,44.3467,82.7442,146.2160,200.0000,200.0000,200.0000,200.0000,200.0000,200.0000,178.9800,132.0070,88.5053,53.4192,32.2952,20.9687,9.8281
93.789,3.8276185144138543e-10,1.0,1.9980540273858948e-50,4,186.043,0.160294,0.00953549,14266.3,0.0,7.1941,15.9167,25.3719,44.8244,83.6349,147.7880,200.0000,200.0000,200.0000,200.0000,200.0000,200.0000,177.6130,130.9980,87.8285,53.0104,32.0480,20.8081,9.7529
93.900,1.2542340348031317e-10,1.0,3.358129403827474e-51,4,189.418,0.151174,0.00953549,14509.4,0.0,7.2722,16.0896,25.6475,45.3113,84.5433,149.3930,200.0000,200.0000,200.0000,200.0000,200.0000,199.7200,176.2170,129.9690,87.1381,52.5937,31.7961,20.6446,9.6762
94.007,4.109874085242902e-11,1.0,5.644008089012837e-52,4,192.766,0.141893,0.00953549,14740.4,0.0,7.3517,16.2655,25.9279,45.8065,85.4671,151.0250,200.0000,200.0000,200.0000,200.0000,200.0000,194.4860,174.3500,128.9220,86.4361,52.1698,31.5398,20.4781,9.5982
94.120,1.3467235402523941e-11,1.0,9.485884395203876e-53,4,196.072,0.13245,0.00953453,14981.9,0.0,7.4326,16.4444,26.2131,46.3104,86.4069,152.6850,200.0000,200.0000,200.0000,200.0000,197.6730,189.1480,171.2130,127.8570,85.7218,51.7386,31.2790,20.3089,9.5188
94.227,4.412943696699045e-12,1.0,1.5942925903019155e-53,5,196.452,0.122907,0.00955551,13449.7,0.0,7.5145,16.6264,26.5042,46.8283,87.3870,154.4570,200.0000,200.0000,200.0000,199.4250,191.8860,183.7170,167.4290,126.7310,84.9770,51.2947,31.0126,20.1365,9.4384
94.340,1.4460333905343432e-12,1.0,2.6795275565204295e-54,5,199.141,0.113284,0.00956219,13615.0,0.0,7.5970,16.8091,26.7958,47.3448,88.3555,157.3000,200.0000,200.0000,200.0000,193.3750,186.0710,178.2530,163.3250,125.6290,84.2417,50.8526,30.7459,19.9636,9.3575
94.449,4.738362214102936e-13,1.0,4.5034819642438856e-55,5,201.787,0.103523,0.00956076,13792.4,0.0,7.6806,16.9941,27.0906,47.8656,89.3260,200.0000,200.0000,200.0000,194.8990,187.2500,180.1830,172.7110,158.9570,124.5310,83.5046,50.4072,30.4765,19.7886,9.2754
94.560,1.55266653031725e-13,1.0,7.569002137304697e-56,5,204.409,0.0936328,0.00956076,13959.5,0.0,7.7654,17.1816,27.3895,48.3935,90.3115,200.0000,200.0000,196.4800,188.4390,181.0440,174.2150,167.0820,154.3630,123.4150,82.7562,49.9555,30.2034,19.6113,9.1923
94.666,5.0877776865435655e-14,1.0,1.2721221892168005e-56,5,206.992,0.0836146,0.00956076,14133.6,0.0,7.8512,17.3715,27.6922,48.9284,91.3098,200.0000,200.0000,189.6580,181.8960,174.7580,168.1690,161.3700,149.5800,122.2840,81.9981,49.4979,29.9267,19.4316,9.1081
94.779,1.6671629923265953e-14,1.0,2.1380557634166773e-57,5,209.54,0.0734717,0.00956076,14311.0,0.0,7.9381,17.5638,27.9987,49.4699,92.3204,200.0000,194.3890,182.7510,175.2720,168.3930,162.0460,155.5750,144.6300,121.1400,81.2306,49.0345,29.6466,19.2497,9.0229
94.888,5.462959693255787e-15,1.0,3.59343032157441e-58,5,212.068,0.0632048,0.00956124,14477.3,0.0,8.0261,17.7584,28.3091,50.0186,93.3442,200.0000,186.9520,175.7590,168.5660,161.9510,155.8460,149.6990,139.5310,119.9790,80.4532,48.5654,29.3629,19.0656,8.9366
94.996,1.7901026322860565e-15,1.0,6.039478341470112e-59,5,214.566,0.0528157,0.00956171,14640.5,0.0,8.1151,17.9554,28.6231,50.5733,94.3801,193.5470,179.4260,168.6840,161.7800,155.4310,149.5730,143.7410,134.2940,118.4700,79.6666,48.0907,29.0760,18.8793,8.8492
95.107,5.86580830547495e-16,1.0,1.015055124850882e-59,5,217.034,0.0423039,0.00956219,14802.3,0.0,8.2051,18.1547,28.9408,51.1347,95.4283,185.3350,171.8130,161.5260,154.9160,148.8360,143.2260,137.7050,128.9320,115.4920,78.8707,47.6103,28.7856,18.6908,8.7609
95.219,1.9221080655380315e-16,1.0,1.7060031483368773e-60,5,219.471,0.0316744,0.00956267,14963.6,0.0,8.2962,18.3562,29.2621,51.7025,96.4882,177.0290,164.1130,154.2880,147.9740,142.1660,136.8080,131.5900,123.4490,111.7280,78.0659,47.1246,28.4920,18.5001,8.6715
95.327,0.015831873462812562,1.0,2.8672794914097897e-61,6,219.681,0.0210748,0.00852793,13414.3,0.0,8.3782,18.4998,29.4321,51.7948,95.8995,169.6480,157.2020,147.7410,141.6640,136.0770,130.9230,126.0160,118.5520,108.3850,78.2822,47.0074,28.3309,18.3636,8.5912
95.439,0.011612455888614419,1.0,4.819036641212433e-62,6,221.384,0.0155322,-0.00250942,13799.9,0.0,8.3326,18.0119,28.0788,47.4978,81.7447,172.1890,158.7520,148.6270,142.1630,136.2480,130.8160,125.8090,119.2870,111.2570,90.5398,51.0409,29.6568,18.8530,8.6388
95.547,0.0038051695455811724,1.0,8.099354882885738e-63,6,223.335,0.0178281,-0.00580436,13923.3,0.0,8.2860,17.8010,27.5910,46.1735,78.0063,166.9210,153.6430,143.6670,137.3110,131.5030,126.1750,121.2720,115.0230,107.8420,91.5408,52.5980,30.1980,19.0798,8.6871
95.659,0.0012468779566960385,1.0,1.3612585751666057e-63,6,225.269,0.0239779,-0.00675804,14038.9,0.0,8.2264,17.6416,27.2991,45.5466,76.5839,159.1440,146.4130,136.8560,130.7710,125.2130,120.1170,115.4280,109.4600,102.9050,88.8786,53.3513,30.5215,19.2495,8.7481
95.767,0.000408576968850158,1.0,2.2878672872825144e-64,6,227.176,0.031594,-0.00713093,14155.1,0.0,8.1592,17.4854,27.0402,45.0618,180.2490,150.7010,138.6190,129.5530,123.7810,118.5100,113.6780,109.2320,103.5750,97.5519,85.2455,53.9213,30.8043,19.4141,8.8164
95.877,0.00013388250115281978,1.0,3.845218549735722e-65,6,229.059,0.0397434,-0.00709182,14270.0,0.0,8.0909,17.3402,26.8174,44.6959,169.5910,141.7980,130.4320,121.9020,116.4720,111.5140,106.9680,102.7850,97.4630,91.9126,81.0261,54.3291,31.0418,19.5652,8.8858
95.987,4.387061797775598e-05,1.0,6.462658816540828e-66,6,230.919,0.048032,-0.00708086,14383.6,0.0,8.0211,17.1911,26.5873,44.3140,158.8880,132.8510,122.2030,114.2120,109.1250,104.4800,100.2200,96.3022,91.3159,86.1902,76.5407,54.7568,31.2875,19.7205,8.9565
96.096,0.002570832428598951,1.0,1.0861790672960173e-66,6,232.755,0.0565711,-0.00794918,14496.0,0.0,7.9424,16.9949,26.2451,43.6249,149.0940,124.5250,114.4930,106.9700,102.1840,97.8142,93.8100,90.1275,85.4427,80.6652,72.1184,54.4436,31.6766,19.9327,9.0374
96.207,0.0008424103702033041,1.0,1.8255411584044162e-67,6,234.568,0.0662348,-0.0088709,14607.0,0.0,7.8539,16.7771,25.8684,43.0054,139.1880,116.1140,106.7090,99.6618,95.1804,91.0912,87.3454,83.9014,79.5221,75.0583,67.4669,52.6509,32.1112,20.1704,9.1286
96.318,0.007064173431889467,1.0,3.0681870249303022e-68,6,236.357,0.0770626,-0.0103639,14717.0,0.0,7.7515,16.5130,25.3975,45.5846,129.6750,107.9690,99.1448,92.5417,88.3470,84.5223,81.0210,77.8036,73.7151,69.5511,62.7453,50.1444,32.6774,20.4666,9.2354
96.429,0.014726306696936541,1.0,5.15670193280036e-69,6,238.121,0.0913312,-0.0163043,14826.2,0.0,7.5876,15.9911,24.3577,200.0000,124.3150,102.6680,93.9669,87.4928,83.3962,79.6718,76.2715,73.1548,69.2048,65.1934,58.8293,47.9370,33.3641,21.1151,9.4150
96.537,0.021913906943158413,1.0,8.666868938457566e-70,6,239.854,0.113637,-0.0265058,14933.8,0.0,7.3294,15.1726,22.9433,200.0000,123.1820,100.1420,91.0808,84.4112,80.2224,76.4352,72.9948,69.8560,65.8973,61.8998,55.6045,45.8731,33.3057,22.1785,9.7103
96.646,0.025743877710340396,1.0,1.456640662486563e-70,6,241.558,0.148627,-0.0390971,15038.1,0.0,6.9575,14.1330,22.2048,200.0000,125.3620,99.5597,89.7333,82.6126,78.1876,74.2179,70.6369,67.3906,63.3244,59.2493,52.8956,43.6184,32.6067,22.7140,10.1510
96.757,0.02972548075213059,1.0,2.4481759614411674e-71,6,243.234,0.199492,-0.0534514,15143.3,0.0,6.4576,13.4478,22.7483,200.0000,131.7700,101.1540,90.0224,82.1276,77.2929,73.0010,69.1658,65.7180,61.4385,57.1926,50.6558,41.3026,31.4003,22.5820,10.6919
97.028,0.03283241665196586,1.0,8.397243547743204e-72,6,243.9,0.224776,-0.0597699,15188.1,0.0,6.2648,13.3504,23.5591,200.0000,136.2800,102.7170,90.8135,82.4642,77.3893,72.9077,68.9220,65.3539,60.9450,56.5920,49.9318,40.4882,30.8091,22.3843,10.8310
97.128,0.03585550372631883,3.428827542996061e-33,1.0764160236989628e-123,6,243.9,0.224776,-0.0597699,15188.1,0.0,6.2648,13.3504,23.5591,200.0000,136.2800,102.7170,90.8135,82.4642,77.3893,72.9077,68.9220,65.3539,60.9450,56.5920,49.9318,40.4882,30.8091,22.3843,10.8310
97.228,0.035779175566406266,1.4274801829880301e-74,7.741823041163966e-190,6,243.9,0.224776,-0.0597699,15188.1,0.0,6.2648,13.3504,23.5591,200.0000,136.2800,102.7170,90.8135,82.4642,77.3893,72.9077,68.9220,65.3539,60.9450,56.5920,49.9318,40.4882,30.8091,22.3843,10.8310
97.328,0.035779175566406266,7.976353928659307e-117,2.2469255693853536e-257,6,243.9,0.224776,-0.0597699,15188.1,0.0,6.2648,13.3504,23.5591,200.0000,136.2800,102.7170,90.8135,82.4642,77.3893,72.9077,68.9220,65.3539,60.9450,56.5920,49.9318,40.4882,30.8091,22.3843,10.8310
97.428,0.035779175566406266,7.550384075341851e-157,2.38e-321,6,243.9,0.224776,-0.0597699,15188.1,0.0,6.2648,13.3504,23.5591,200.0000,136.2800,102.7170,90.8135,82.4642,77.3893,72.9077,68.9220,65.3539,60.9450,56.5920,49.9318,40.4882,30.8091,22.3843,10.8310
97.529,0.035779175566406266,3.694996538828712e-194,5e-324,6,243.9,0.224776,-0.0597699,15188.1,0.0,6.2648,13.3504,23.5591,200.0000,136.2800,102.7170,90.8135,82.4642,77.3893,72.9077,68.9220,65.3539,60.9450,56.5920,49.9318,40.4882,30.8091,22.3843,10.8310
97.629,0.035779175566406266,1.0778023641498866e-230,5e-324,6,243.9,0.224776,-0.0597699,15188.1,0.0,6.2648,13.3504,23.5591,200.0000,136.2800,102.7170,90.8135,82.4642,77.3893,72.9077,68.9220,65.3539,60.9450,56.5920,49.9318,40.4882,30.8091,22.3843,10.8310
97.729,0.035779175566405766,3.3757019746478904e-268,5e-324,6,243.9,0.224776,-0.0597699,15188.1,0.0,6.2648,13.3504,23.5591,200.0000,136.2800,102.7170,90.8135,82.4642,77.3893,72.9077,68.9220,65.3539,60.9450,56.5920,49.9318,40.4882,30.8091,22.3843,10.8310
97.829,0.03577917556640624,9.846665702410293e-305,5e-324,6,243.9,0.224776,-0.0597699,15188.1,0.0,6.2648,13.3504,23.5591,200.0000,136.2800,102.7170,90.8135,82.4642,77.3893,72.9077,68.9220,65.3539,60.9450,56.5920,49.9318,40.4882,30.8091,22.3843,10.8310
97.930,0.03577917556640624,1e-323,5e-324,6,243.9,0.224776,-0.0597699,15188.1,0.0,6.2648,13.3504,23.5591,200.0000,136.2800,102.7170,90.8135,82.4642,77.3893,72.9077,68.9220,65.3539,60.9450,56.5920,49.9318,40.4882,30.8091,22.3843,10.8310
98.030,0.03577917556640624,1e-323,5e-324,6,243.9,0.224776,-0.0597699,15188.1,0.0,6.2648,13.3504,23.5591,200.0000,136.2800,102.7170,90.8135,82.4642,77.3893,72.9077,68.9220,65.3539,60.9450,56.5920,49.9318,40.4882,30.8091,22.3843,10.8310
98.130,0.035779175566406266,1e-323,5e-324,6,243.9,0.224776,-0.0597699,15188.1,0.0,6.2648,13.3504,23.5591,200.0000,136.2800,102.7170,90.8135,82.4642,77.3893,72.9077,68.9220,65.3539,60.9450,56.5920,49.9318,40.4882,30.8091,22.3843,10.8310
98.230,0.03578011137455196,1e-323,5e-324,6,243.9,0.224776,-0.0597699,15188.1,0.0,6.2648,13.3504,23.5591,200.0000,136.2800,102.7170,90.8135,82.4642,77.3893,72.9077,68.9220,65.3539,60.9450,56.5920,49.9318,40.4882,30.8091,22.3843,10.8310
98.330,0.035779175566406266,1e-323,5e-324,6,243.9,0.224776,-0.0597699,15188.1,0.0,6.2648,13.3504,23.5591,200.0000,136.2800,102.7170,90.8135,82.4642,77.3893,72.9077,68.9220,65.3539,60.9450,56.5920,49.9318,40.4882,30.8091,22.3843,10.8310
98.430,0.035779175566406266,1e-323,5e-324,6,243.9,0.224776,-0.0597699,15188.1,0.0,6.2648,13.3504,23.5591,200.0000,136.2800,102.7170,90.8135,82.4642,77.3893,72.9077,68.9220,65.3539,60.9450,56.5920,49.9318,40.4882,30.8091,22.3843,10.8310
98.530,0.035779175566406266,1e-323,5e-324,6,243.9,0.224776,-0.0597699,15188.1,0.0,6.2648,13.3504,23.5591,200.0000,136.2800,102.7170,90.8135,82.4642,77.3893,72.9077,68.9220,65.3539,60.9450,56.5920,49.9318,40.4882,30.8091,22.3843,10.8310
98.631,0.035779175566406266,1e-323,5e-324,6,243.9,0.224776,-0.0597699,15188.1,0.0,6.2648,13.3504,23.5591,200.0000,136.2800,102.7170,90.8135,82.4642,77.3893,72.9077,68.9220,65.3539,60.9450,56.5920,49.9318,40.4882,30.8091,22.3843,10.8310
98.731,0.035779175566406266,1e-323,5e-324,6,243.9,0.224776,-0.0597699,15188.1,0.0,6.2648,13.3504,23.5591,200.0000,136.2800,102.7170,90.8135,82.4642,77.3893,72.9077,68.9220,65.3539,60.9450,56.5920,49.9318,40.4882,30.8091,22.3843,10.8310
98.831,0.035779175566406266,1e-323,5e-324,6,243.9,0.224776,-0.0597699,15188.1,0.0,6.2648,13.3504,23.5591,200.0000,136.2800,102.7170,90.8135,82.4642,77.3893,72.9077,68.9220,65.3539,60.9450,56.5920,49.9318,40.4882,30.8091,22.3843,10.8310
98.931,0.035779175566406266,1e-323,5e-324,6,243.9,0.224776,-0.0597699,15188.1,0.0,6.2648,13.3504,23.5591,200.0000,136.2800,102.7170,90.8135,82.4642,77.3893,72.9077,68.9220,65.3539,60.9450,56.5920,49.9318,40.4882,30.8091,22.3843,10.8310
99.031,0.035779175566406266,1e-323,5e-324,6,243.9,0.224776,-0.0597699,15188.1,0.0,6.2648,13.3504,23.5591,200.0000,136.2800,102.7170,90.8135,82.4642,77.3893,72.9077,68.9220,65.3539,60.9450,56.5920,49.9318,40.4882,30.8091,22.3843,10.8310
99.131,0.035779175566406266,1e-323,5e-324,6,243.9,0.224776,-0.0597699,15188.1,0.0,6.2648,13.3504,23.5591,200.0000,136.2800,102.7170,90.8135,82.4642,77.3893,72.9077,68.9220,65.3539,60.9450,56.5920,49.9318,40.4882,30.8091,22.3843,10.8310
99.231,0.035779175566406266,1e-323,5e-324,6,243.9,0.224776,-0.0597699,15188.1,0.0,6.2648,13.3504,23.5591,200.0000,136.2800,102.7170,90.8135,82.4642,77.3893,72.9077,68.9220,65.3539,60.9450,56.5920,49.9318,40.4882,30.8091,22.3843,10.8310
99.332,0.035779175566406266,1e-323,5e-324,6,243.9,0.224776,-0.0597699,15188.1,0.0,6.2648,13.3504,23.5591,200.0000,136.2800,102.7170,90.8135,82.4642,77.3893,72.9077,68.9220,65.3539,60.9450,56.5920,49.9318,40.4882,30.8091,22.3843,10.8310
99.432,0.035779175566406266,1e-323,5e-324,6,243.9,0.224776,-0.0597699,15188.1,0.0,6.2648,13.3504,23.5591,200.0000,136.2800,102.7170,90.8135,82.4642,77.3893,72.9077,68.9220,65.3539,60.9450,56.5920,49.9318,40.4882,30.8091,22.3843,10.8310
99.532,0.035779175566406266,1e-323,5e-324,6,243.9,0.224776,-0.0597699,15188.1,0.0,6.2648,13.3504,23.5591,200.0000,136.2800,102.7170,90.8135,82.4642,77.3893,72.9077,68.9220,65.3539,60.9450,56.5920,49.9318,40.4882,30.8091,22.3843,10.8310
99.632,0.035779175566406266,1e-323,5e-324,6,243.9,0.224776,-0.0597699,15188.1,0.0,6.2648,13.3504,23.5591,200.0000,136.2800,102.7170,90.8135,82.4642,77.3893,72.9077,68.9220,65.3539,60.9450,56.5920,49.9318,40.4882,30.8091,22.3843,10.8310
99.732,0.035779175566406266,1e-323,5e-324,6,243.9,0.224776,-0.0597699,15188.1,0.0,6.2648,13.3504,23.5591,200.0000,136.2800,102.7170,90.8135,82.4642,77.3893,72.9077,68.9220,65.3539,60.9450,56.5920,49.9318,40.4882,30.8091,22.3843,10.8310
99.832,0.03577917556657525,1e-323,5e-324,6,243.9,0.224776,-0.0597699,15188.1,0.0,6.2648,13.3504,23.5591,200.0000,136.2800,102.7170,90.8135,82.4642,77.3893,72.9077,68.9220,65.3539,60.9450,56.5920,49.9318,40.4882,30.8091,22.3843,10.8310
99.932,0.035779175566406266,1e-323,5e-324,6,243.9,0.224776,-0.0597699,15188.1,0.0,6.2648,13.3504,23.5591,200.0000,136.2800,102.7170,90.8135,82.4642,77.3893,72.9077,68.9220,65.3539,60.9450,56.5920,49.9318,40.4882,30.8091,22.3843,10.8310
100.032,0.035779175566406266,1e-323,5e-324,6,243.9,0.224776,-0.0597699,15188.1,0.0,6.2648,13.3504,23.5591,200.0000,136.2800,102.7170,90.8135,82.4642,77.3893,72.9077,68.9220,65.3539,60.9450,56.5920,49.9318,40.4882,30.8091,22.3843,10.8310
100.133,0.03577917556640623,1e-323,5e-324,6,243.9,0.224776,-0.0597699,15188.1,0.0,6.2648,13.3504,23.5591,200.0000,136.2800,102.7170,90.8135,82.4642,77.3893,72.9077,68.9220,65.3539,60.9450,56.5920,49.9318,40.4882,30.8091,22.3843,10.8310
100.233,0.03577917556640624,1e-323,5e-324,6,243.9,0.224776,-0.0597699,15188.1,0.0,6.2648,13.3504,23.5591,200.0000,136.2800,102.7170,90.8135,82.4642,77.3893,72.9077,68.9220,65.3539,60.9450,56.5920,49.9318,40.4882,30.8091,22.3843,10.8310
100.333,0.03577917556640624,1e-323,5e-324,6,243.9,0.224776,-0.0597699,15188.1,0.0,6.2648,13.3504,23.5591,200.0000,136.2800,102.7170,90.8135,82.4642,77.3893,72.9077,68.9220,65.3539,60.9450,56.5920,49.9318,40.4882,30.8091,22.3843,10.8310
100.433,0.03662887924640625,1e-323,5e-324,6,243.9,0.224776,-0.0597699,15188.1,0.0,6.2648,13.3504,23.5591,200.0000,136.2800,102.7170,90.8135,82.4642,77.3893,72.9077,68.9220,65.3539,60.9450,56.5920,49.9318,40.4882,30.8091,22.3843,10.8310
100.533,0.004802199654236163,1e-323,5e-324,6,243.9,0.224776,-0.0597699,15188.1,0.0,6.2648,13.3504,23.5591,200.0000,136.2800,102.7170,90.8135,82.4642,77.3893,72.9077,68.9220,65.3539,60.9450,56.5920,49.9318,40.4882,30.8091,22.3843,10.8310
100.634,0.03577917556640624,1e-323,5e-324,6,243.9,0.224776,-0.0597699,15188.1,0.0,6.2648,13.3504,23.5591,200.0000,136.2800,102.7170,90.8135,82.4642,77.3893,72.9077,68.9220,65.3539,60.9450,56.5920,49.9318,40.4882,30.8091,22.3843,10.8310
100.734,0.03577917556640624,1e-323,5e-324,6,243.9,0.224776,-0.0597699,15188.1,0.0,6.2648,13.3504,23.5591,200.0000,136.2800,102.7170,90.8135,82.4642,77.3893,72.9077,68.9220,65.3539,60.9450,56.5920,49.9318,40.4882,30.8091,22.3843,10.8310
100.834,0.035779175566406266,1e-323,5e-324,6,243.9,0.224776,-0.0597699,15188.1,0.0,6.2648,13.3504,23.5591,200.0000,136.2800,102.7170,90.8135,82.4642,77.3893,72.9077,68.9220,65.3539,60.9450,56.5920,49.9318,40.4882,30.8091,22.3843,10.8310
100.934,0.035779175566406266,1e-323,5e-324,6,243.9,0.224776,-0.0597699,15188.1,0.0,6.2648,13.3504,23.5591,200.0000,136.2800,102.7170,90.8135,82.4642,77.3893,72.9077,68.9220,65.3539,60.9450,56.5920,49.9318,40.4882,30.8091,22.3843,10.8310
101.035,0.035779175566406266,1e-323,5e-324,6,243.9,0.224776,-0.0597699,15188.1,0.0,6.2648,13.3504,23.5591,200.0000,136.2800,102.7170,90.8135,82.4642,77.3893,72.9077,68.9220,65.3539,60.9450,56.5920,49.9318,40.4882,30.8091,22.3843,10.8310
101.135,0.035779175566406266,1e-323,5e-324,6,243.9,0.224776,-0.0597699,15188.1,0.0,6.2648,13.3504,23.5591,200.0000,136.2800,102.7170,90.8135,82.4642,77.3893,72.9077,68.9220,65.3539,60.9450,56.5920,49.9318,40.4882,30.8091,22.3843,10.8310
101.235,0.035779175566406266,1e-323,5e-324,6,243.9,0.224776,-0.0597699,15188.1,0.0,6.2648,13.3504,23.5591,200.0000,136.2800,102.7170,90.8135,82.4642,77.3893,72.9077,68.9220,65.3539,60.9450,56.5920,49.9318,40.4882,30.8091,22.3843,10.8310
101.336,0.03577917556640624,1e-323,5e-324,6,243.9,0.224776,-0.0597699,15188.1,0.0,6.2648,13.3504,23.5591,200.0000,136.2800,102.7170,90.8135,82.4642,77.3893,72.9077,68.9220,65.3539,60.9450,56.5920,49.9318,40.4882,30.8091,22.3843,10.8310
101.436,0.035779175566406266,1e-323,5e-324,6,243.9,0.224776,-0.0597699,15188.1,0.0,6.2648,13.3504,23.5591,200.0000,136.2800,102.7170,90.8135,82.4642,77.3893,72.9077,68.9220,65.3539,60.9450,56.5920,49.9318,40.4882,30.8091,22.3843,10.8310
101.536,0.035779175566406266,1e-323,5e-324,6,243.9,0.224776,-0.0597699,15188.1,0.0,6.2648,13.3504,23.5591,200.0000,136.2800,102.7170,90.8135,82.4642,77.3893,72.9077,68.9220,65.3539,60.9450,56.5920,49.9318,40.4882,30.8091,22.3843,10.8310
101.636,0.035779175566406266,1e-323,5e-324,6,243.9,0.224776,-0.0597699,15188.1,0.0,6.2648,13.3504,23.5591,200.0000,136.2800,102.7170,90.8135,82.4642,77.3893,72.9077,68.9220,65.3539,60.9450,56.5920,49.9318,40.4882,30.8091,22.3843,10.8310
101.737,0.035779175566406266,1e-323,5e-324,6,243.9,0.224776,-0.0597699,15188.1,0.0,6.2648,13.3504,23.5591,200.0000,136.2800,102.7170,90.8135,82.4642,77.3893,72.9077,68.9220,65.3539,60.9450,56.5920,49.9318,40.4882,30.8091,22.3843,10.8310
101.837,0.03577917556639793,1e-323,5e-324,6,243.9,0.224776,-0.0597699,15188.1,0.0,6.2648,13.3504,23.5591,200.0000,136.2800,102.7170,90.8135,82.4642,77.3893,72.9077,68.9220,65.3539,60.9450,56.5920,49.9318,40.4882,30.8091,22.3843,10.8310
101.937,0.03577917556640624,1e-323,5e-324,6,243.9,0.224776,-0.0597699,15188.1,0.0,6.2648,13.3504,23.5591,200.0000,136.2800,102.7170,90.8135,82.4642,77.3893,72.9077,68.9220,65.3539,60.9450,56.5920,49.9318,40.4882,30.8091,22.3843,10.8310
102.037,0.03577917556640624,1e-323,5e-324,6,243.9,0.224776,-0.0597699,15188.1,0.0,6.2648,13.3504,23.5591,200.0000,136.2800,102.7170,90.8135,82.4642,77.3893,72.9077,68.9220,65.3539,60.9450,56.5920,49.9318,40.4882,30.8091,22.3843,10.8310
