time,steer,accel,brake,gear,speedX,trackPos,angle,rpm,damage,track_0,track_1,track_2,track_3,track_4,track_5,track_6,track_7,track_8,track_9,track_10,track_11,track_12,track_13,track_14,track_15,track_16,track_17,track_18
0.118,0.0,0.0,0.0,1,-0.00913045,0.333439,0.00822276,5235.99,0.0,5.7030,12.6267,22.4550,140.4860,90.9268,77.3570,71.6721,67.3518,64.5773,62.0267,59.6744,57.4982,54.7119,51.8501,47.2417,40.0655,31.0431,22.7658,11.2227
0.237,0.0,0.0,0.0,1,-0.00913045,0.333439,0.00822276,5235.99,0.0,5.7030,12.6267,22.4550,140.4860,90.9268,77.3570,71.6721,67.3518,64.5773,62.0267,59.6744,57.4982,54.7119,51.8501,47.2417,40.0655,31.0431,22.7658,11.2227
0.339,0.0,0.0,0.0,1,-0.00913045,0.333439,0.00822276,5235.99,0.0,5.7030,12.6267,22.4550,140.4860,90.9268,77.3570,71.6721,67.3518,64.5773,62.0267,59.6744,57.4982,54.7119,51.8501,47.2417,40.0655,31.0431,22.7658,11.2227
0.458,0.0,0.0,0.0,1,-0.00913045,0.333439,0.00822276,5235.99,0.0,5.7030,12.6267,22.4550,140.4860,90.9268,77.3570,71.6721,67.3518,64.5773,62.0267,59.6744,57.4982,54.7119,51.8501,47.2417,40.0655,31.0431,22.7658,11.2227
0.579,0.0,0.0,0.0,1,-0.00913045,0.333439,0.00822276,5235.99,0.0,5.7030,12.6267,22.4550,140.4860,90.9268,77.3570,71.6721,67.3518,64.5773,62.0267,59.6744,57.4982,54.7119,51.8501,47.2417,40.0655,31.0431,22.7658,11.2227
0.679,0.0,0.5607037265625,0.0,1,-0.00913045,0.333439,0.00822276,5477.08,0.0,5.7030,12.6267,22.4550,140.4860,90.9268,77.3570,71.6721,67.3518,64.5773,62.0267,59.6744,57.4982,54.7119,51.8501,47.2417,40.0655,31.0431,22.7658,11.2227
0.799,0.0,0.8713808782428749,0.0,1,-0.00913045,0.333439,0.00822276,6254.29,0.0,5.7030,12.6267,22.4550,140.4860,90.9268,77.3570,71.6721,67.3518,64.5773,62.0267,59.6744,57.4982,54.7119,51.8501,47.2417,40.0655,31.0431,22.7658,11.2227
0.917,0.0,0.9541192732429752,0.0,1,-0.00913045,0.333439,0.00822276,7350.13,0.0,5.7030,12.6267,22.4550,140.4860,90.9268,77.3570,71.6721,67.3518,64.5773,62.0267,59.6744,57.4982,54.7119,51.8501,47.2417,40.0655,31.0431,22.7658,11.2227
1.018,0.0,0.9724153207265727,0.0,1,0.184163,0.333445,0.00867432,5249.36,0.0,5.7056,12.6444,22.5400,139.8260,90.6510,77.1581,71.5016,67.2016,64.4395,61.8997,59.5570,57.3895,54.6138,51.7620,47.1692,40.0102,31.0039,22.7422,11.2178
1.118,0.0,0.9821738921394333,0.0,1,2.60609,0.333445,0.0089032,5235.99,0.0,5.7069,12.6546,22.5992,139.4440,90.4798,77.0304,71.3903,67.1021,64.3469,61.8137,59.4767,57.3141,54.5447,51.6993,47.1157,39.9688,30.9755,22.7262,11.2153
1.219,0.0,0.9862389558199995,0.0,1,7.00317,0.333247,0.00891417,5235.99,0.0,5.7087,12.6653,22.7083,139.1210,90.2749,76.8566,71.2296,66.9512,64.2024,61.6751,59.3435,57.1860,54.4228,51.5837,47.0108,39.8830,30.9202,22.6983,11.2135
1.320,0.0,0.9885121579962225,0.0,1,11.2392,0.33286,0.00892609,5235.99,0.0,5.7121,12.6868,22.9246,138.5200,89.8882,76.5283,70.9256,66.6658,63.9289,61.4125,59.0909,56.9426,54.1914,51.3646,46.8111,39.7200,30.8148,22.6449,11.2101
1.441,0.0,0.9901338944270117,0.0,1,16.2976,0.332174,0.00891798,5235.99,0.0,5.7179,12.7283,23.3375,137.4930,89.2195,75.9582,70.3974,66.1686,63.4523,60.9545,58.6503,56.5177,53.7871,50.9813,46.4617,39.4337,30.6292,22.5498,11.2044
1.543,0.0,0.9915292249164682,0.0,1,20.6174,0.331394,0.00891369,5264.92,0.0,5.7246,12.7827,23.8706,136.3170,88.4548,75.3069,69.7934,65.6013,62.9079,60.4315,58.1468,56.0329,53.3254,50.5436,46.0627,39.1064,30.4155,22.4386,11.1979
1.660,0.0,0.9925598625271275,0.0,1,25.8783,0.330241,0.00890654,10909.8,0.0,5.7344,12.8774,24.8123,134.5790,87.3251,74.3445,68.9012,64.7624,62.1036,59.6588,57.4032,55.3161,52.6434,49.8970,45.4733,38.6213,30.0963,22.2696,11.1883
1.783,0.0,0.9928300379929362,0.0,2,31.5986,0.328814,0.00889414,7403.25,0.0,5.7465,13.0193,26.3515,132.4320,85.9274,73.1539,67.7974,63.7246,61.1080,58.7022,56.4828,54.4291,51.7991,49.0967,44.7436,38.0182,29.6960,22.0522,11.1723
1.902,0.0,0.9929008628702453,0.0,2,37.0865,0.327112,0.00888365,10501.8,0.0,5.7611,13.2278,29.3357,129.8610,84.2565,71.7306,66.4779,62.4844,59.9186,57.5595,55.3831,53.3694,50.7902,48.1405,43.8721,37.2943,29.2101,21.7815,11.1430
2.002,0.0,0.992917780135947,0.0,2,42.0338,0.325448,0.00887364,13787.9,0.0,5.7752,13.4768,200.0000,127.3430,82.6195,70.3361,65.1854,61.2692,58.7533,56.4399,54.3058,52.3311,49.8020,47.2037,43.0183,36.5817,28.7262,21.5048,11.1037
2.123,0.0,0.9929238639465826,0.0,3,47.6831,0.323226,0.00885027,7957.31,0.0,5.7994,13.8862,200.0000,123.9920,80.4383,68.4777,63.4624,59.6495,57.1996,54.9472,52.8692,50.9466,48.4844,45.9544,41.8796,35.6257,28.0693,21.1189,11.0354
2.243,0.0,0.9929254587810379,0.0,3,53.042,0.32074,0.00882262,7567.24,0.0,5.8520,14.4663,200.0000,120.2350,77.9930,66.3938,61.5305,57.8329,55.4574,53.2734,51.2586,49.3943,47.0067,44.5535,40.6025,34.5466,27.3173,20.6641,10.9378
2.344,0.0,0.9929258397239955,0.0,3,57.3855,0.317769,0.00955317,6953.79,0.0,5.9317,15.1452,200.0000,116.7230,75.7216,64.4621,59.7408,56.1512,53.8452,51.7248,49.7687,47.9589,45.6409,43.2594,39.4235,33.5451,26.6078,20.2210,10.8242
2.462,0.0,0.992925976719232,0.0,2,60.1422,0.312551,0.022448,10154.4,0.0,6.0628,16.2197,200.0000,112.3090,72.8572,62.0234,57.4804,54.0265,51.8077,49.7677,47.8857,46.1441,43.9140,41.6223,37.9313,32.2754,25.6953,19.6397,10.6603
2.564,0.0,0.9929260094419828,0.0,2,64.8622,0.304405,0.03384,13498.2,0.0,6.2149,17.4446,200.0000,108.4290,70.3314,59.8714,55.4853,52.1509,50.0088,48.0390,46.2221,44.5407,42.3878,40.1757,36.6127,31.1529,24.8723,19.1026,10.4919
2.665,0.0,0.9929260201645739,0.0,3,69.6672,0.291924,0.0459102,12892.0,0.0,6.4171,19.1418,200.0000,104.4570,67.6974,57.6154,53.3894,50.1771,48.1136,46.2167,44.4666,42.8477,40.7744,38.6446,35.2144,29.9593,23.9802,18.5073,10.2881
2.782,0.0,0.992926024020647,0.0,3,75.4609,0.270152,0.061353,8514.42,0.0,6.7411,22.2778,200.0000,99.4454,64.3432,54.7358,50.7113,47.6531,45.6893,43.8839,42.2190,40.6788,38.7069,36.6815,33.4201,28.4259,22.8092,17.7079,9.9899
2.883,0.0,0.9929260249417106,0.0,3,79.9427,0.245427,0.0750553,8618.27,0.0,7.0931,26.2059,200.0000,95.0029,61.3623,52.1753,48.3292,45.4078,43.5322,41.8083,40.2189,38.7486,36.8665,34.9338,31.8227,27.0601,21.7443,16.9652,9.6914
2.984,0.0,0.9929260252435246,0.0,3,84.5941,0.213214,0.0898045,8753.03,0.0,7.5437,30.4748,200.0000,90.1725,58.1322,49.4031,45.7516,42.9788,41.1989,39.5637,38.0561,36.6617,34.8774,33.0452,30.0968,25.5854,20.5725,16.1330,9.3362
3.094,0.0,0.992926025342423,0.0,3,89.438,0.169462,0.106827,9191.04,0.0,8.1566,35.3619,200.0000,84.4036,54.3420,46.1654,42.7469,40.1517,38.4861,36.9561,35.5455,34.2412,32.5722,30.8587,28.1020,23.8850,19.2031,15.1401,8.8883
3.206,0.02845294571228027,0.9929260253748301,0.0,3,94.4612,0.11526,0.124024,9848.3,0.0,8.9158,40.2340,198.9770,78.8701,50.5728,42.9155,39.7191,37.2944,35.7392,34.3112,32.9951,31.7788,30.2228,28.6262,26.0589,22.1354,17.7845,14.0694,8.3745
3.314,0.03499334644799999,0.9933115253854493,0.0,3,99.546,0.0527166,0.122514,10357.3,0.0,9.5477,38.6743,200.0000,92.9160,53.9869,44.6715,40.9174,38.1202,36.3486,34.7369,33.2645,31.9141,30.2016,28.4614,25.6987,21.5591,17.0810,13.3689,7.9190
3.427,0.011466619764080636,0.993805275716429,0.0,3,104.663,-0.0166931,0.124838,10760.5,0.0,10.3067,38.1916,200.0000,112.0900,57.2508,46.0333,41.6885,38.5137,36.5300,34.7431,33.1253,31.6537,29.8040,27.9429,25.0262,20.7404,16.2149,12.5470,7.3900
3.535,0.0037573819642939426,0.9932141381373844,0.0,3,109.716,-0.0934296,0.135561,11204.2,0.0,11.1801,39.4316,150.5530,124.8650,57.2000,45.0387,40.4617,37.1630,35.1210,33.2941,31.6502,30.1631,28.3049,26.4477,23.5617,19.3745,15.0206,11.5415,6.7660
3.646,0.0012312189220598391,0.994375707612983,0.0,3,114.792,-0.179774,0.151186,11570.7,0.0,12.0814,41.4172,143.1330,130.2700,54.7055,42.4370,37.9126,34.6826,32.6959,30.9267,29.3413,27.9125,26.1342,24.3646,21.6301,17.6958,13.6455,10.4382,6.0777
3.755,0.000403445816380568,0.9942684322612473,0.0,3,119.804,-0.276123,0.156704,11982.9,0.0,13.0197,43.9996,145.2580,125.8040,50.0483,38.4939,34.2821,31.2913,29.4583,27.8301,26.3744,25.0653,23.4394,21.8255,19.3391,15.7778,12.1314,9.2579,5.3700
3.865,0.00013220112511158453,0.9937514052739904,0.0,3,124.794,-0.374734,0.155201,12358.8,0.0,13.9969,47.0000,197.7710,113.6090,43.9894,33.6960,29.9646,27.3216,25.7045,24.2698,22.9885,21.8373,20.4091,18.9929,16.8142,13.7004,10.5201,8.0195,4.6436
3.975,4.3319664676564015e-05,0.9931964858708061,0.0,3,129.706,-0.475719,0.154648,12773.8,0.0,15.0137,50.2965,192.2080,96.8820,37.1246,28.3940,25.2357,23.0007,21.6341,20.4222,19.3403,18.3686,17.1636,15.9692,14.1328,11.5100,8.8338,6.7313,3.8952
4.084,1.4194987721216496e-05,0.9934001498807706,0.0,3,134.598,-0.579792,0.154426,13201.2,0.0,16.0676,53.7768,186.2620,78.1849,29.8331,22.8031,20.2621,18.4646,17.3658,16.3917,15.5221,14.7412,13.7729,12.8134,11.3383,9.2324,7.0844,5.3974,3.1225
4.197,4.651413576488221e-06,0.9930813865035558,0.0,3,139.467,-0.687364,0.15435,13629.4,0.0,17.1599,57.4143,180.0240,58.3071,22.2158,16.9771,15.0842,13.7453,12.9269,12.2014,11.5538,10.9723,10.2513,9.5368,8.4386,6.8708,5.2718,4.0162,2.3232
4.305,1.52417520074366e-06,0.9929769341201101,0.0,3,144.323,-0.798598,0.154319,14056.3,0.0,18.2903,61.1886,173.5440,37.5976,14.3167,10.9398,9.7197,8.8568,8.3293,7.8618,7.4444,7.0697,6.6050,6.1446,5.4369,4.4267,3.3964,2.5874,1.4967
4.416,0.07635594470517702,0.9929427071631026,0.0,3,149.143,-0.91262,0.147244,14494.3,0.0,19.2638,62.5972,169.8450,20.9145,6.7778,5.0692,4.4695,4.0508,3.7971,3.5735,3.3751,3.1978,2.9790,2.7635,2.4345,1.9697,1.5015,1.1379,0.6527
4.526,0.1881676796079299,0.9929314916738303,0.0,3,153.633,-1.01593,0.0927652,15085.3,0.0,-1.0000,-1.0000,-1.0000,-1.0000,-1.0000,-1.0000,-1.0000,-1.0000,-1.0000,-1.0000,-1.0000,-1.0000,-1.0000,-1.0000,-1.0000,-1.0000,-1.0000,-1.0000,-1.0000
4.635,0.21884688943800773,0.9940662462698057,0.0,4,153.889,-1.08492,0.0236146,12329.5,0.0,-1.0000,-1.0000,-1.0000,-1.0000,-1.0000,-1.0000,-1.0000,-1.0000,-1.0000,-1.0000,-1.0000,-1.0000,-1.0000,-1.0000,-1.0000,-1.0000,-1.0000,-1.0000,-1.0000
4.746,0.22208847686784636,0.9932996529683149,0.0,4,156.459,-1.11291,-0.0474634,12502.3,0.0,-1.0000,-1.0000,-1.0000,-1.0000,-1.0000,-1.0000,-1.0000,-1.0000,-1.0000,-1.0000,-1.0000,-1.0000,-1.0000,-1.0000,-1.0000,-1.0000,-1.0000,-1.0000,-1.0000
4.855,0.12146334508342463,0.9939158306752824,0.0,4,159.087,-1.09844,-0.0992255,12712.2,0.0,-1.0000,-1.0000,-1.0000,-1.0000,-1.0000,-1.0000,-1.0000,-1.0000,-1.0000,-1.0000,-1.0000,-1.0000,-1.0000,-1.0000,-1.0000,-1.0000,-1.0000,-1.0000,-1.0000
4.964,0.04392667480493658,0.9949444565831765,0.0,4,162.149,-1.04201,-0.136453,12694.0,0.0,-1.0000,-1.0000,-1.0000,-1.0000,-1.0000,-1.0000,-1.0000,-1.0000,-1.0000,-1.0000,-1.0000,-1.0000,-1.0000,-1.0000,-1.0000,-1.0000,-1.0000,-1.0000,-1.0000
5.075,0.023594176780550372,0.9935874249238001,0.0,4,165.615,-0.947248,-0.15216,12779.4,0.0,14.4936,25.1192,33.0256,43.1277,53.0695,60.0556,64.6103,69.2146,72.9337,77.0815,81.7360,86.9959,95.6228,154.5190,143.5210,123.5660,5.5287,1.7733,0.5349
5.186,0.020977930198856996,0.9938956824771558,0.0,4,169.055,-0.825035,-0.159831,13018.1,0.0,13.5083,23.2046,30.3385,39.3495,48.1051,54.1921,58.1316,62.0912,65.2729,68.8039,72.7445,77.1702,84.3668,94.8532,142.2240,123.5290,21.1701,6.1413,1.7928
5.296,0.02028510551059271,0.9943821923122395,0.0,4,172.484,-0.687409,-0.169189,13260.3,0.0,12.4063,21.0870,27.3896,35.2453,42.7674,47.9334,51.2497,54.5615,57.2073,60.1276,63.3672,66.9811,72.8032,80.8495,141.6930,123.3400,46.6092,11.5982,3.2452
5.404,-0.10234406823400773,0.9950972739643745,0.0,4,175.857,-0.542173,-0.155598,13520.8,0.0,11.4497,19.7646,25.9200,33.7440,41.3993,46.7524,50.2308,53.7377,56.5637,59.7082,63.2281,67.1943,73.6737,82.9132,132.2510,115.4590,51.0441,15.6873,4.6639
5.515,-0.04781412783091965,0.9940230001232713,0.0,4,179.095,-0.412201,-0.114385,13783.1,0.0,10.8188,19.6431,26.6290,36.1550,46.2616,53.8455,59.0229,64.4562,68.9995,74.2379,83.6467,131.7270,127.3310,122.6740,114.8590,98.1398,37.1589,16.3639,5.6721
5.625,-0.01566773340763575,0.9948289879303935,0.0,4,182.422,-0.304125,-0.0992779,13999.7,0.0,10.1133,18.7338,25.7531,35.6245,46.4966,54.9394,60.8497,67.1847,72.8787,127.3750,124.2850,121.3500,117.4810,113.3710,106.2920,89.9129,37.9779,18.1335,6.5903
5.736,-0.005134002883014082,0.9961110549525313,0.0,4,185.753,-0.208294,-0.0952512,14238.1,0.0,9.4012,17.5107,24.1660,33.6080,44.1209,52.3682,58.1856,64.4618,123.4560,120.4160,117.5310,114.7900,111.1740,107.3290,100.6930,85.7608,41.6906,20.2857,7.4613
5.844,-0.0016823100647060545,0.9943551958774703,0.0,4,189.058,-0.116328,-0.094087,14477.0,0.0,8.6940,16.2195,22.4097,31.2146,41.0497,48.7887,54.2601,60.2231,117.2100,114.3340,111.6050,109.0110,105.5880,101.9490,95.7213,82.2821,46.0658,22.5332,8.3163
5.956,-0.0005512593620028799,0.9952028730851293,0.0,4,192.331,-0.0246653,-0.0936847,14717.1,0.0,7.9828,14.9009,20.5961,28.7041,37.7709,44.9130,49.9664,55.7188,111.1130,108.3910,105.8070,103.3500,100.1100,96.6631,90.8144,78.7335,50.6683,24.8293,9.1745
6.066,-0.00018063666774110373,0.9968359133900351,0.0,4,195.576,0.0679353,-0.0936687,14961.4,0.0,7.2615,13.5548,18.7357,26.1119,34.3609,40.8588,45.4567,51.1753,105.0360,102.4620,100.0200,97.6977,94.6342,91.3764,85.8754,75.0220,53.7080,27.1849,10.0453
6.176,-5.9191023285404864e-05,0.9968891530371466,0.0,5,195.947,0.161377,-0.0937221,13414.5,0.0,6.5332,12.1944,16.8545,23.4884,30.9061,36.7484,40.8819,47.0610,98.9119,96.4881,94.1873,92.0005,89.1152,86.0470,80.8692,71.1182,53.5961,29.5700,10.9250
6.285,-1.9395714510161466e-05,0.9969065986047121,0.0,5,198.597,0.25543,-0.093737,13573.6,0.0,5.8004,10.8265,14.9635,20.8527,27.4374,32.6235,36.3249,95.1335,92.7365,90.4639,88.3066,86.2562,83.5510,80.6742,75.8196,67.0433,52.2139,31.9667,11.8099
6.394,-6.355587730689709e-06,0.996453028058917,0.0,5,201.197,0.350738,-0.0937428,13753.0,0.0,5.0579,9.4405,13.0479,18.1830,23.9245,28.4464,31.9787,88.7111,86.4759,84.3567,82.3449,80.4330,77.9104,75.2277,70.7008,62.7943,50.0946,34.0421,12.7066
6.505,-2.082598987592404e-06,0.9962577204218459,0.0,5,203.768,0.447297,-0.0937487,13925.1,0.0,4.3057,8.0364,11.1072,15.4784,20.3657,24.2628,28.1807,82.2060,80.1346,78.1707,76.3065,74.5347,72.1971,69.7111,65.5160,58.3868,47.4615,34.3675,13.6150
6.615,-6.824260362542788e-07,0.9971815657653303,0.0,5,206.318,0.545099,-0.0937567,14094.3,0.0,3.5438,6.6142,9.1415,12.7390,16.7611,20.4959,78.4690,75.6192,73.7137,71.9071,70.1923,68.5624,66.4119,64.1252,60.2662,53.8318,44.4336,33.5488,14.5352
6.725,-2.2361736355980207e-07,0.9966169164074834,0.0,5,208.837,0.644111,-0.0937643,14259.0,0.0,2.7724,5.1745,7.1517,9.9659,13.4063,18.1986,71.5491,68.9505,67.2130,65.5658,64.0021,62.5160,60.5552,58.4699,54.9512,49.1370,41.0826,31.9808,15.4490
6.835,-7.327493769127595e-08,0.9972992671059041,0.0,5,211.332,0.744312,-0.0937718,14422.3,0.0,1.9918,3.7176,5.1533,7.4622,11.3883,67.4633,64.5452,62.2008,60.6334,59.1474,57.7367,56.3961,54.6272,52.7461,49.5717,44.3291,37.4570,29.8593,15.8462
6.944,0.08644449327200592,0.9965816976733877,0.0,5,213.758,0.845001,-0.0862988,14554.7,0.0,1.2200,2.3628,3.4190,5.3018,9.5465,64.8087,61.7794,59.3610,57.7515,56.2310,54.7928,53.4302,51.6389,49.7422,46.5604,41.3564,35.0030,28.3539,15.9453
7.054,0.1045523738260459,0.9966853828811156,0.0,5,215.864,0.909166,-0.055267,14724.4,0.0,0.7335,1.4752,2.1892,3.5073,6.3447,69.8132,65.8434,62.7323,60.6894,58.7798,56.9909,55.3118,53.1272,50.8416,47.0698,41.0634,34.0376,27.6562,16.0158
7.166,0.06011732766313122,0.996936202199984,0.0,5,218.011,0.928439,-0.00840855,14904.5,0.0,0.6037,1.3161,2.1084,4.0777,84.5454,73.1445,68.2543,64.4919,62.0542,59.7986,57.7053,55.7578,53.2486,50.6529,46.4334,39.8745,32.4409,25.9963,15.5513
7.275,0.05479600910181733,0.9966509609868907,0.0,6,218.999,0.889946,0.0513836,13738.4,0.0,0.9908,2.5191,5.2618,136.5300,86.8208,73.5098,67.9704,63.7756,61.0882,58.6224,56.3521,54.2550,51.5747,48.8268,44.4137,37.6819,30.2344,23.9274,14.5765
7.385,0.021419614102883504,0.9958873857243093,0.0,6,219.851,0.7854,0.114665,13793.5,0.0,2.0986,7.5150,69.1013,151.6780,88.1780,72.9727,66.8435,62.2765,59.3838,56.7521,54.3477,52.1425,49.3457,46.5036,41.9913,35.2294,27.9137,21.8487,13.2133
7.494,0.012041927332826618,0.9956371773822666,0.0,6,221.824,0.605078,0.191596,13983.9,0.0,4.2350,16.9787,132.8060,138.8320,79.2745,65.3250,59.7353,55.5825,52.9576,50.5732,48.3977,46.4051,43.8814,41.3207,37.2635,31.2023,24.6700,19.2739,11.6195
7.604,0.10485108713617063,0.996375882472121,0.0,6,223.89,0.393129,0.162429,13956.5,0.0,6.2409,21.6254,77.4846,185.9640,90.3810,70.5281,63.1475,57.8587,54.5975,51.6880,49.0764,46.7195,43.7814,40.8528,36.3172,29.7703,23.0043,17.6275,10.2922
7.716,0.03982174784878039,0.9968347851059646,0.0,6,225.661,0.215799,0.126216,14077.9,0.0,7.6823,23.0697,56.6020,192.4680,129.4030,88.4340,75.6760,67.2034,62.2323,57.9500,54.2230,50.9501,46.9857,43.1559,37.4523,29.6727,22.1465,16.5040,9.2282
7.825,0.01304879033508836,0.9969851583210224,0.0,6,227.59,0.0672181,0.115575,14185.1,0.0,9.0146,26.1088,59.7131,187.2250,139.9750,89.0832,74.6314,65.3634,60.0429,55.5273,51.6470,48.2771,44.2414,40.3900,34.7386,27.1885,20.0528,14.8077,8.1682
7.934,0.004275827617001754,0.9964787705067576,0.0,6,229.521,-0.0690343,0.11269,14298.8,0.0,10.2939,29.5343,66.4004,179.8080,130.3160,80.9517,67.3606,58.7407,53.8256,49.6730,46.1185,43.0418,39.3699,35.8784,30.7772,24.0033,17.6438,12.9954,7.1417
8.045,0.0014011031935391347,0.9963128373477793,0.0,6,231.427,-0.201706,0.111769,14417.0,0.0,11.5581,33.0628,73.9395,171.7660,114.1960,70.3518,58.4074,50.8598,46.5658,42.9435,39.8469,37.1694,33.9776,30.9461,26.5235,20.6621,15.1712,11.1650,6.1284
8.157,0.12274263539092765,0.9965972827296203,0.0,6,233.205,-0.327881,0.0856171,14547.6,0.0,12.3706,32.7169,64.5092,169.5430,154.0250,96.0821,72.1192,59.2079,52.4992,47.1593,42.8084,39.1952,35.0572,31.2878,26.0502,19.5480,13.8679,9.9517,5.2716
8.264,0.04022030676489917,0.9965399038548419,0.0,6,234.874,-0.42075,0.0470938,14652.0,0.0,12.6658,30.3692,52.7397,113.6470,158.3410,150.7270,144.4410,117.2720,90.6074,73.8269,62.2945,53.8819,45.3194,38.3598,29.7966,20.6311,13.6977,9.4004,4.6991
8.375,0.013179390120722162,0.9972740316326546,0.0,6,236.697,-0.481718,0.036946,14751.4,0.0,13.0643,30.6118,51.7964,104.4400,152.6380,146.0380,141.2090,134.7730,110.2120,84.1878,68.1101,57.1925,46.7150,38.6335,29.1835,19.6259,12.7498,8.6315,4.2439
8.485,0.004318622554758238,0.9960915535135132,0.0,6,238.537,-0.5285,0.0339178,14846.2,0.0,13.4330,31.2665,52.5192,104.0490,145.2840,138.9720,134.4560,128.7900,112.3130,83.4236,66.3594,55.0942,44.5193,36.5158,27.3215,18.1979,11.7404,7.9145,3.8717
8.595,0.0014151262387431794,0.996185954083433,0.0,6,240.342,-0.570531,0.032975,14949.5,0.0,13.7885,32.0279,53.6780,105.7840,137.4260,131.2480,126.8570,121.3920,106.2780,78.1586,61.8096,51.1203,41.1601,33.6692,25.1134,16.6756,10.7346,7.2268,3.5297
8.704,0.000463708565911365,0.9971580493715594,0.0,6,242.107,-0.611244,0.032623,15066.7,0.0,14.1406,32.8206,54.9610,108.4590,129.3580,123.2810,118.9690,113.5750,97.6199,71.5125,56.4261,46.5992,37.4685,30.6178,22.8105,15.1288,9.7309,6.5477,3.1962
8.815,0.0001519480228778361,0.9963381558680725,0.0,6,243.855,-0.651745,0.032669,15179.5,0.0,14.4968,33.6506,56.3571,129.6860,121.1130,115.1130,110.8480,105.4200,87.2818,63.9720,50.4914,41.7060,33.5402,27.4115,20.4249,13.5487,8.7154,5.8649,2.8630
8.925,0.02414581902813661,0.9972079228523499,0.0,6,245.587,-0.692316,0.0312676,15292.3,0.0,14.8307,34.3211,57.2920,121.4630,113.0460,107.2270,103.1260,97.9867,81.9069,59.0517,46.1716,37.9064,30.3135,24.6704,18.2948,12.0787,7.7441,5.2008,2.5328
9.029,0.0529265763790398,0.992975349972758,0.0870574951171875,6,246.965,-0.719406,1.44839e-05,15365.3,0.0,14.5899,31.6888,49.6227,84.6616,110.4560,106.1170,103.4180,100.7310,98.5432,96.0130,92.8839,88.0689,56.7224,38.5839,24.1299,13.8129,8.0969,5.1709,2.3809
9.151,0.01387438443830701,0.6532474988932586,0.7272836623626708,6,240.46,-0.719629,-0.0128673,14608.6,0.0,14.4073,30.5524,46.7968,76.6378,103.3370,99.4832,97.1523,94.8998,93.1328,91.1907,89.0079,86.4548,81.4728,54.6869,29.5568,15.4208,8.6132,5.3681,2.4102
9.269,0.0036370866341955536,0.3878025490686243,0.832181802938887,6,226.589,-0.70649,-0.0123698,13600.4,0.0,14.3042,30.3611,46.5417,100.8940,94.7419,91.0419,88.8251,86.6997,85.0451,83.2423,81.2408,78.9465,74.7715,56.3389,30.6742,16.0706,8.9943,5.6112,2.5219
9.369,0.001191800548293199,0.47942213927880684,0.7704839965171555,6,214.87,-0.694484,-0.0120445,12947.0,0.0,14.2081,30.1749,46.2810,93.9805,87.9800,84.4180,82.3014,80.2861,78.7280,77.0432,75.1925,73.1065,69.4873,58.0397,31.7494,16.6787,9.3470,5.8350,2.6242
9.469,0.00039052920366471555,0.44624614034887944,0.6832842067814547,6,204.365,-0.68289,-0.0120217,12349.9,0.0,14.1112,29.9703,45.9690,87.4033,81.5729,78.1580,76.1463,74.2448,72.7853,71.2198,69.5190,67.6330,64.4910,58.7391,32.9411,17.3081,9.7006,6.0560,2.7237
9.569,0.00012796860945685402,0.17234356026952083,0.7221450156291204,6,193.607,-0.671849,-0.0120063,11564.0,0.0,14.0188,29.7750,45.6705,81.1151,75.4647,72.1996,70.2928,68.5036,67.1404,65.6896,64.1295,62.4252,59.6764,55.4114,34.0791,17.9083,10.0376,6.2665,2.8185
9.688,3.3546203157457545e-05,0.045178830263293265,0.7813113780031986,6,179.697,-0.659413,-0.012107,10602.3,0.0,13.9132,29.5452,45.3105,73.9980,68.5760,65.4932,63.7121,62.0556,60.8044,59.4849,58.0827,56.5752,54.2191,50.9115,35.4322,18.6039,10.4233,6.5060,2.9256
9.789,1.0992419850635689e-05,0.014804199100675935,0.7980253005422084,5,168.101,-0.649704,-0.0124629,10837.5,0.0,13.8270,29.3432,75.8168,68.4590,63.2375,60.3090,58.6322,57.0843,55.9235,54.7085,53.4293,52.0707,49.9927,47.2285,36.6681,19.1960,10.7395,6.6987,3.0101
9.889,3.6019961366563027e-06,0.00485103996130949,0.794172040576338,5,156.788,-0.640504,-0.0125786,9938.07,0.0,13.7483,29.1701,70.4378,63.2276,58.2070,55.4288,53.8522,52.4072,51.3310,50.2123,49.0442,47.8168,45.9724,43.6092,37.2393,19.7209,11.0279,6.8770,3.0895
9.989,1.1803020940595372e-06,0.0015895887745218935,0.8174724106921846,5,145.592,-0.63179,-0.0130088,9122.22,0.0,13.6695,28.9804,65.3956,58.3517,53.5382,50.9105,49.4328,48.0879,47.0930,46.0657,45.0015,43.8942,42.2554,40.2157,35.4797,20.2782,11.3197,7.0529,3.1658
10.108,3.094091121451434e-07,0.00041670115970826723,0.8325849159240892,4,132.424,-0.62199,-0.0133212,9239.02,0.0,13.5833,28.7829,59.7487,52.9164,48.3498,45.8967,44.5318,43.2996,42.3950,41.4679,40.5157,39.5349,38.1051,36.3714,32.6757,20.8774,11.6392,7.2475,3.2511
10.209,0.03436997148458998,0.00013654463601320502,0.5617370516716566,4,121.954,-0.614383,-0.0132858,8582.62,0.0,13.5201,29.9161,55.3639,48.7156,44.3519,42.0389,40.7629,39.6184,38.7834,37.9323,37.0638,36.1758,34.8951,33.3680,30.2525,21.2906,11.8713,7.3925,3.3164
10.328,0.1856382616323456,3.579435706304561e-05,0.06608780239211873,4,113.583,-0.605587,-0.0150841,8393.67,0.0,13.4229,58.6942,50.5700,44.1674,40.0571,37.9138,36.7436,35.7023,34.9478,34.1840,33.4101,32.6254,31.5064,30.1949,27.6198,21.6389,12.2530,7.6027,3.3984
10.430,0.16850779271988856,1.1729094922418786e-05,0.011107376948043394,3,110.153,-0.59362,-0.0410886,10020.4,0.0,12.9993,56.2850,48.4241,42.3542,38.5316,36.5677,35.5052,34.5667,33.8912,33.2111,32.5262,31.8365,30.8626,29.7370,27.5854,23.0775,14.5520,8.5119,3.5991
10.548,0.10884512189219715,3.07471185934255e-06,0.0013067717905603572,3,109.01,-0.556075,-0.0961671,9884.51,0.0,12.0980,54.8283,47.3818,41.7464,38.2628,36.4970,35.5497,34.7180,34.1223,33.5254,32.9273,32.3281,31.4877,30.5254,28.7163,25.0907,19.0967,11.4180,4.1883
10.650,0.18178107075066874,1.007521582069367e-06,0.00021962913483947926,3,107.99,-0.502364,-0.144279,9792.27,0.0,11.2477,53.6800,46.5351,41.2046,37.9492,36.3126,35.4388,34.6738,34.1275,33.5813,33.0354,32.4900,31.7274,30.8576,29.2336,26.0283,20.9044,14.5746,4.9922
10.768,0.18865384755986797,2.641157376099921e-07,2.5839148084729904e-05,3,106.666,-0.404268,-0.222286,9666.33,0.0,9.9641,21.1629,46.5916,41.5971,38.5743,37.0632,36.2589,35.5563,35.0554,34.5553,34.0561,33.5582,32.8632,32.0725,30.6013,27.7177,23.1599,17.5523,6.6959
10.870,0.1563269800102183,8.654544490004222e-08,4.342785618600554e-06,3,105.575,-0.292308,-0.28532,9567.75,0.0,8.8531,17.2445,46.4053,41.6427,38.7780,37.3514,36.5935,35.9322,35.4613,34.9915,34.5231,34.0562,33.4052,32.6654,31.2916,28.6085,24.3875,19.1922,8.4148
10.989,0.16359054864389241,2.2687369107876672e-08,5.109243852427367e-07,3,104.313,-0.122919,-0.352093,9458.02,0.0,7.6365,14.6127,45.6097,41.0828,38.3812,37.0421,36.3322,35.7139,35.2740,34.8357,34.3992,33.9645,33.3591,32.6722,31.3993,28.9238,25.0519,20.2982,9.9798
11.109,0.17348652018691507,5.947357687415222e-09,6.010974299942274e-08,3,103.103,0.055486,-0.317863,9348.97,0.0,6.5289,12.4755,44.6912,40.3691,37.8085,36.5445,35.8758,35.2942,34.8810,34.4696,34.0602,33.6529,33.0862,32.4439,31.2562,28.9541,25.3706,20.9811,11.1787
11.209,0.170317542516237,1.94883016701222e-09,1.010264450591298e-08,3,102.128,0.188636,-0.289692,9261.01,0.0,5.6879,10.8819,43.9721,39.7982,37.3389,36.1284,35.4890,34.9336,34.5391,34.1467,33.7564,33.3683,32.8287,32.2177,31.0895,28.9074,25.5212,21.3795,11.9758
11.329,0.1830263850365663,5.108741353012514e-10,1.1885660234761562e-09,3,100.994,0.328968,-0.25344,9160.5,0.0,4.7970,9.2892,43.0164,38.9983,36.6456,35.4917,34.8834,34.3553,33.9807,33.6082,33.2380,32.8702,32.3593,31.7814,30.7159,28.6602,25.4822,21.6050,12.6923
11.431,0.20197485285444608,1.6740323665551405e-10,1.9976229156563758e-10,3,100.043,0.430132,-0.226373,9074.34,0.0,4.1352,8.0594,42.3752,38.4657,36.1866,35.0715,34.4842,33.9749,33.6137,33.2548,32.8983,32.5443,32.0528,31.4972,30.4736,28.5026,25.4623,21.7585,13.1791
11.548,0.20603748718995482,4.3883754069823075e-11,2.3501833840405697e-11,3,98.9017,0.534236,-0.19837,8970.72,0.0,3.4335,6.7130,41.7942,37.9903,35.7823,34.7044,34.1373,33.6458,33.2975,32.9516,32.6082,32.2673,31.7941,31.2596,30.2758,28.3844,25.4728,21.9299,13.6659
11.653,0.20089642883823836,1.4379828533599623e-11,3.9499532135569866e-12,3,97.965,0.607785,-0.175627,8886.48,0.0,2.9313,5.7690,41.3124,37.5823,35.4245,34.3728,33.8201,33.3414,33.0023,32.6656,32.3314,31.9998,31.5397,31.0202,30.0649,28.2305,25.4117,21.9863,13.9701
11.769,0.19422504395601606,3.76958577111194e-12,4.64708045621766e-13,3,96.8829,0.681244,-0.14667,8790.85,0.0,2.4277,4.8608,9.4922,36.9853,34.8815,33.8586,33.3217,32.8569,32.5278,32.2013,31.8773,31.5559,31.1104,30.6076,29.6840,27.9133,25.1996,21.9101,14.2058
11.889,0.186897488299859,9.881742923823688e-13,5.4672436859355155e-14,3,95.8643,0.739078,-0.115475,8701.8,0.0,2.0322,4.1893,8.1350,36.2508,34.1972,33.2014,32.6792,32.2275,31.9080,31.5911,31.2768,30.9652,30.5336,30.0469,29.1536,27.4445,24.8334,21.6793,14.3077
11.993,0.18022753040561537,3.2380495212785455e-13,9.188796462951818e-15,3,95.0692,0.775286,-0.087832,8632.87,0.0,1.7886,3.8201,8.2887,35.5631,33.5196,32.5454,32.0351,31.5942,31.2825,30.9734,30.6671,30.3635,29.9431,29.4694,28.6009,26.9427,24.4167,21.3761,14.2968
12.110,0.18290742927905215,8.488352537060431e-14,1.0810527150698185e-15,3,94.1761,0.80384,-0.0528069,8554.87,0.0,1.6093,3.6534,39.5988,34.8728,32.6194,31.6296,31.1322,30.7040,30.4015,30.1017,29.8048,29.5107,29.1038,28.6457,27.8072,26.2099,23.7870,20.8848,14.1728
12.228,0.25659973920101403,2.225170687475169e-14,1.271847708752491e-16,3,93.25,0.817314,-0.0265683,8471.02,0.0,1.5361,3.6949,39.6492,34.9537,32.3254,31.1845,30.6168,30.1415,29.8136,29.4950,29.1853,28.8842,28.4766,28.0277,27.2087,25.6519,23.2983,20.4908,14.0381
12.351,0.29150865333624243,5.833151446974908e-15,1.4963161108702182e-17,3,92.2208,0.820912,-0.0196831,8375.73,0.0,1.5157,3.6987,40.3003,36.1023,33.4677,32.1107,31.4002,30.8086,30.4022,30.0086,29.6274,29.2579,28.7595,28.2153,27.2624,25.5874,23.2309,20.4303,14.0135
12.470,0.30276823541054343,1.5291256529157907e-15,1.7604009412777032e-18,3,91.1059,0.820264,-0.0235547,8273.34,0.0,1.5149,3.6473,41.0923,37.2321,34.8698,33.6732,33.0317,32.4681,32.0637,31.6577,31.2502,30.8414,30.2667,29.6069,28.3834,26.2466,23.4495,20.5598,14.0557
12.588,0.3095886385793869,4.0085111515795706e-16,2.0710941034038053e-19,3,89.9313,0.819448,-0.0323758,8166.85,0.0,1.5082,3.5354,41.8209,38.1843,35.9953,34.8982,34.3129,33.8009,33.4354,33.0698,32.7039,32.3378,31.8249,31.2388,30.1406,27.9451,24.4279,20.8673,14.1419
12.692,0.20890102258186163,1.3135089341495938e-16,3.480887859590776e-20,3,88.9909,0.820478,-0.0397258,8082.72,0.0,1.4884,3.4131,42.2749,38.7640,36.6725,35.6312,35.0775,34.5944,34.2501,33.9062,33.5625,33.2193,32.7396,32.1928,31.1726,29.1504,25.8461,21.6066,14.2262
12.811,0.11676850512198875,0.18774000585937503,4.0952297579299525e-21,3,88.6128,0.821829,-0.0204294,8167.22,0.0,1.5057,3.6328,41.5878,38.1960,36.1985,35.2114,34.6889,34.2336,33.9095,33.5862,33.2640,32.9427,32.4948,31.9858,31.0401,29.1790,26.1863,22.2601,14.0682
12.913,0.08923778950127816,0.338498889260625,6.882852654152873e-22,3,89.3681,0.816269,0.0268009,8288.21,0.0,1.6345,4.7395,39.7470,36.4711,34.5628,33.6253,33.1303,32.7002,32.3948,32.0909,31.7884,31.4871,31.0676,30.5917,29.7101,27.9909,25.2597,21.7479,13.6575
13.014,0.07673543043630851,0.4013197789235466,1.1568010455834735e-22,3,90.6461,0.793739,0.0813825,8429.27,0.0,1.9655,7.2708,37.5722,34.4243,32.6106,31.7258,31.2599,30.8559,30.5695,30.2849,30.0022,29.7214,29.3313,28.8894,28.0732,26.4924,24.0130,20.8835,13.2557
13.131,0.062455481022930026,0.42823962173550917,1.3609648621185008e-23,3,92.4192,0.736434,0.149068,8606.37,0.0,2.7107,9.4809,34.7559,31.7716,30.0753,29.2551,28.8249,28.4528,28.1895,27.9282,27.6691,27.4122,27.0562,26.6546,25.9160,24.4954,22.3015,19.5873,12.8161
13.249,0.07229676981622185,0.43846000638460836,1.6011615506337952e-24,3,94.2979,0.65797,0.146224,8796.25,0.0,3.4402,35.9737,31.6682,28.8662,27.2965,26.5441,26.1514,25.8125,25.5733,25.3363,25.1017,24.8695,24.5483,24.1870,23.5260,22.2654,20.3447,18.0149,12.3579
13.368,0.1600936112162193,0.43872261577306176,1.8837505527051538e-25,3,96.1663,0.589882,0.112134,9006.87,0.0,3.9480,33.1244,28.9656,26.3139,24.8494,24.1526,23.7906,23.4794,23.2602,23.0434,22.8290,22.6172,22.3247,21.9964,21.3978,20.2666,18.5638,16.5358,11.7773
13.473,0.2583514123983317,0.23510003298651685,3.166019553931552e-26,3,97.2548,0.549763,0.0647128,8988.15,0.0,4.5230,31.3088,27.2000,24.6206,23.2126,22.5461,22.2007,21.9043,21.6959,21.4902,21.2872,21.0869,20.8110,20.5018,19.9394,18.8811,17.3056,15.4514,11.2223
13.591,0.33111008533128444,0.061630063047217465,3.7247903450049316e-27,3,96.8007,0.498605,0.113459,8832.71,0.0,5.6111,30.4802,26.2271,23.5952,22.1718,21.5025,21.1569,20.8609,20.6530,20.4481,20.2460,20.0467,19.7725,19.4659,18.9100,17.8708,16.3373,14.5576,10.6110
13.708,0.3491294599416338,0.016155951247449774,4.382178592994853e-28,3,95.5393,0.420477,0.1358,8684.41,0.0,6.8739,30.5104,25.9574,23.1700,21.6747,20.9753,20.6151,20.3068,20.0906,19.8776,19.6679,19.4614,19.1776,18.8609,18.2883,17.2235,15.6645,13.8791,10.0189
13.812,0.3520693982999344,0.005293982104764342,7.36512756124645e-29,3,94.2803,0.344993,0.14055,8560.11,0.0,7.9698,30.8037,25.9356,22.9781,21.4023,20.6675,20.2896,19.9668,19.7406,19.5181,19.2992,19.0839,18.7885,18.4593,17.8655,16.7642,15.1651,13.3520,9.5151
13.913,0.3561326337848737,0.0017347320560891794,1.2378569892186909e-29,3,92.9143,0.265639,0.136008,8429.5,0.0,8.9547,31.3917,26.1418,22.9713,21.2915,20.5108,20.1101,19.7684,19.5293,19.2944,19.0635,18.8366,18.5253,18.1788,17.5548,16.4031,14.7441,12.8822,9.0248
14.032,0.3641943162257832,0.00045474960011144183,1.4563263692458982e-30,3,91.1875,0.17129,0.121796,8270.18,0.0,9.8872,32.4754,26.6827,23.2020,21.3677,20.5186,20.0839,19.7137,19.4550,19.2009,18.9514,18.7064,18.3708,17.9978,17.3279,16.0984,14.3422,12.3986,8.4726
14.150,0.3754814189980255,0.00011920987917161381,1.713353410154107e-31,3,89.4007,0.0832475,0.0993979,8109.94,0.0,10.4692,34.0848,27.6471,23.7844,21.7559,20.8198,20.3414,19.9345,19.6504,19.3715,19.0979,18.8295,18.4624,18.0549,17.3250,15.9917,14.1036,12.0431,7.9905
14.270,0.38946805958558317,3.125015456556353e-05,2.0157431535122055e-32,2,87.5924,0.00596555,0.0693398,10023.7,0.0,10.7036,36.3630,29.1716,24.8427,22.5708,21.5238,20.9894,20.5351,20.2181,19.9072,19.6024,19.3035,18.8951,18.4424,17.6331,16.1607,14.0930,11.8665,7.6085
14.373,0.40263602641427326,1.0240050648043858e-05,3.3878595181079646e-33,2,85.9528,-0.0475909,0.0387275,9716.58,0.0,10.6690,38.8877,30.9874,26.1999,23.6810,22.5197,21.9271,21.4233,21.0717,20.7270,20.3892,20.0581,19.6058,19.1048,18.2103,16.5859,14.3189,11.9019,7.3892
14.489,0.42193956994815046,2.684367837080809e-06,3.9857828444588395e-34,2,83.5917,-0.0960948,-0.00927478,9436.0,0.0,10.3062,44.1631,34.3886,28.9146,26.0086,24.6637,23.9757,23.3904,22.9820,22.5816,22.1888,21.8036,21.2773,20.6939,19.6517,17.7610,15.1304,12.3525,7.3100
14.591,0.4404959629489837,8.796136528546395e-07,6.698905226681973e-35,2,81.5301,-0.121472,-0.0591939,9205.93,0.0,9.8145,54.0180,38.7812,32.3601,29.0525,27.5120,26.7215,26.0475,25.5762,25.1135,24.6594,24.2139,23.6042,22.9273,21.7152,19.5099,16.4340,13.1948,7.4374
14.692,0.392064400332398,0.18933951674742677,1.1258850014484395e-35,2,79.8548,-0.131716,-0.117137,9587.01,0.0,9.2338,78.5676,47.5955,37.3947,33.2385,31.4711,30.5608,29.7827,29.2377,28.7014,28.1738,27.6551,26.9438,26.1524,24.7304,22.1239,18.4572,14.5759,7.7758
14.813,0.38101267720735055,0.4270721483563625,1.3245924453540749e-36,2,79.9376,-0.122871,-0.167808,10239.8,0.0,8.6790,122.4170,67.5200,46.6868,39.5107,36.7250,35.4036,34.3283,33.6024,32.9090,32.2460,31.6115,30.7680,29.8581,28.2233,25.2054,20.9093,16.3108,8.2880
14.934,0.3875700386952003,0.5445070856337303,1.5583697660346156e-37,2,81.6596,-0.092474,-0.202307,10839.4,0.0,8.1629,20.7541,137.9210,64.1501,49.9994,45.0728,42.8337,41.0555,39.8768,38.7667,37.7196,36.7302,35.4336,34.0655,31.7816,28.0760,23.2639,18.0546,8.9062
15.048,0.1072403471756681,0.5934327365501185,1.8334064460420656e-38,2,84.1443,-0.04275,-0.240203,11403.7,0.0,7.5401,15.2487,86.2878,132.2330,84.9148,65.9013,60.7108,56.8050,54.3141,52.0363,49.9454,48.0196,45.5658,43.0590,39.0516,32.9823,26.3283,20.3631,9.7886
15.152,-0.09477389654712161,0.5992536270033678,3.0814062138628995e-39,2,86.7917,0.010884,-0.25765,11719.7,0.0,7.0453,13.2536,28.3663,98.5354,123.8360,136.5280,143.4470,149.6120,154.0890,73.8186,68.5752,64.7220,60.0090,55.4080,48.4667,38.8226,29.2938,22.0136,10.5219
15.272,-0.024844408336448645,0.6266905795159209,3.625243596547563e-40,2,90.6305,0.0863037,-0.242042,11809.7,0.0,6.5600,12.3470,22.5300,73.8480,101.1500,113.1500,119.5560,125.2130,129.2970,133.4230,137.5980,141.8280,147.8500,70.7296,58.5018,44.2197,31.5750,22.7638,11.0533
15.391,-0.006512812578949994,0.8044474869953715,4.2650628389022434e-41,2,95.2098,0.170483,-0.210371,12750.3,0.0,6.0747,11.8045,20.6750,48.9484,85.5618,97.3655,103.4990,108.8590,112.7040,116.5740,120.4760,124.4170,130.0130,136.5350,74.0600,49.4484,33.5747,23.3792,11.4426
15.491,-0.002134118425870334,0.9207192314448933,7.168291113343003e-42,2,99.7856,0.238959,-0.184845,14436.7,0.0,5.6686,11.3145,18.8374,36.6656,71.1077,83.5281,89.5977,94.8052,98.5032,102.2010,105.9110,109.6420,114.9180,121.0420,132.8720,56.8078,36.3725,24.4073,11.7477
15.613,-0.0005594463406313529,0.9767757581453901,8.43342281193691e-43,3,103.791,0.31185,-0.151694,10285.5,0.0,5.2476,10.7802,16.8132,28.4665,49.0680,66.6774,73.2023,78.4736,82.1165,85.7030,89.2600,92.8051,97.7760,103.5020,114.4710,137.8270,41.1605,26.1788,12.0018
15.732,-0.00014665550151846536,0.9921645402807651,9.921837604015656e-44,3,109.116,0.372535,-0.0979512,11125.6,0.0,5.0002,10.5258,16.0588,26.1148,42.0990,58.3275,65.0440,70.2600,73.8145,77.2903,80.7215,84.1302,88.8966,94.3734,104.8430,127.1000,43.6505,27.0723,12.0960
15.851,-0.0222661470956299,0.9982239980442359,1.167294272274838e-44,3,114.717,0.407192,-0.0365318,11593.7,0.0,4.9148,10.2532,15.4777,24.7070,38.7090,52.9754,59.4422,64.4377,67.8387,71.1640,74.4466,77.7088,82.2727,87.5203,97.5636,118.9590,45.3534,27.7343,12.2211
15.951,-0.1227861087208866,1.0,1.961871483412321e-45,3,119.333,0.411709,0.0133988,11919.9,0.0,5.0601,11.2818,18.1210,32.5143,55.3677,65.2288,70.2513,74.6214,77.7508,80.8984,84.0721,87.2785,91.8336,97.1495,107.4900,129.9670,38.3271,25.0446,11.8214
16.070,-0.0321876416845281,1.0,2.3081221815197617e-46,3,124.597,0.398018,0.0621936,12563.6,0.0,5.4578,13.5698,24.6186,52.1968,69.8270,78.7333,83.6175,87.9880,91.1711,94.4099,97.7073,101.0670,105.8810,111.5490,122.6960,46.1728,31.2634,21.8608,11.1888
16.189,-0.008437797141748934,1.0,2.7154826653361846e-47,3,130.13,0.361117,0.0861189,12832.3,0.0,5.9554,15.7726,31.1629,58.1118,74.3777,83.0955,87.9499,92.3266,95.5311,98.8034,102.1470,105.5640,110.4770,116.2830,127.7580,39.5441,28.0378,20.1305,10.6712
16.309,0.03975805116929211,1.0,3.194738200941368e-48,3,135.532,0.305999,0.0853288,13364.1,0.0,6.4631,17.0795,33.6263,55.9339,70.8317,78.9993,83.5819,87.7307,90.7771,93.8955,97.0877,100.3570,105.0660,110.6460,121.7130,38.6332,26.9725,19.3498,10.2458
16.411,0.013027918207153637,1.0,5.3693964943221576e-49,3,140.075,0.256574,0.0732133,13738.7,0.0,6.8258,17.4559,32.5069,51.2372,64.6271,72.0854,76.2950,80.1185,82.9336,85.8200,88.7805,91.8162,96.1985,101.4020,111.7520,42.9394,27.0324,19.1425,9.9605
16.530,0.0034151905904960824,1.0,6.317041281605076e-50,3,145.494,0.199034,0.0660202,14207.8,0.0,7.2935,18.3091,31.9579,47.5884,59.4584,66.2053,70.0446,73.5486,76.1367,78.7980,81.5342,84.3474,88.4194,93.2693,102.9580,124.8900,26.4780,18.5783,9.5640
16.631,0.0011190896526937562,1.0,1.0617051281993655e-50,3,149.978,0.152887,0.0633823,14623.3,0.0,7.6906,19.1781,31.4193,45.1661,55.9615,62.1899,65.7583,69.0280,71.4503,73.9471,76.5197,79.1712,83.0180,87.6135,96.8324,117.8450,26.1330,17.9762,9.2173
16.731,0.00036670329739469005,1.0,1.7844078089646736e-51,3,154.472,0.107482,0.0618092,15008.2,0.0,8.0883,19.9131,30.5880,42.7962,52.6136,58.3530,61.6622,64.7060,66.9679,69.3054,71.7197,74.2133,77.8408,82.1885,90.9488,111.0720,26.4097,17.3338,8.8665
16.850,9.612906919223364e-05,1.0,2.099337943168849e-52,4,156.223,0.0537379,0.0616013,12101.5,0.0,8.5734,20.0870,29.3462,40.0534,48.8379,54.0431,57.0650,59.8574,61.9397,64.0979,66.3339,68.6493,72.0285,76.0947,84.3362,103.4590,28.0854,16.7906,8.4378
16.971,2.5199658714328896e-05,1.0,2.4698500967587195e-53,4,160.225,-0.000434081,0.0612223,12363.7,0.0,9.0495,19.6430,27.7214,37.1009,44.9088,49.5889,52.3236,54.8617,56.7613,58.7360,60.7870,62.9175,66.0384,69.8089,77.4993,95.5489,34.1459,16.9406,8.0067
17.079,-0.07918638181630122,1.0,4.15107705762238e-54,4,163.813,-0.0518958,0.0676967,12633.9,0.0,9.3185,19.1678,26.5151,35.0686,42.2622,46.6121,49.1673,51.5473,53.3337,55.1952,57.1339,59.1529,62.1185,65.7154,73.0930,90.5912,132.2770,17.4372,7.6841
17.188,-0.04503888269276558,1.0,6.976715210745934e-55,4,167.278,-0.101954,0.061228,12922.9,0.0,9.6676,19.7871,27.4137,36.4002,44.0416,48.6941,51.4367,53.9973,55.9228,57.9323,60.0280,62.2133,65.4294,69.3380,77.3778,96.5408,37.8814,16.5563,7.3328
17.298,-0.014758341080765427,1.0,1.1725765254700696e-55,4,170.814,-0.134126,0.0334927,13152.6,0.0,9.7061,19.3599,26.5876,35.1499,42.5018,47.0133,49.6852,52.1876,54.0744,56.0476,58.1105,60.2666,63.4482,67.3272,75.3475,94.6422,143.9830,17.0992,7.2419
17.409,-0.004836013205345215,1.0,1.9707493663575461e-56,4,174.337,-0.143809,-0.000657384,13405.8,0.0,9.4983,18.3097,24.8027,32.4943,39.1458,43.2582,45.7058,48.0065,49.7464,51.5708,53.4834,55.4878,58.4554,62.0897,69.6546,88.0917,137.2170,18.9337,7.4033
17.518,-0.15449240641139975,1.0,3.3122384600371283e-57,4,177.755,-0.129387,-0.015612,13683.5,0.0,9.2721,17.7088,23.9529,31.4198,37.9505,42.0230,44.4583,46.7562,48.4983,50.3295,52.2540,54.2754,57.2777,60.9664,68.6880,87.6964,136.3740,20.1663,7.6378
17.631,-0.11443690643888746,1.0,5.566879179784402e-58,4,180.726,-0.1138,0.0202152,14020.3,0.0,9.4730,19.1426,26.7734,36.2854,44.8239,50.2074,53.4407,56.4962,58.8157,61.2553,63.8187,66.5129,70.5120,75.4222,85.7919,117.7030,37.3136,17.4823,7.4758
17.739,-0.03749868550189464,1.0,9.356253837463646e-59,4,183.983,-0.111827,0.0273387,14182.3,0.0,9.5366,19.6166,27.7934,38.2071,47.7024,53.7385,57.3759,60.8206,63.4391,66.1963,69.0977,72.1473,76.6837,82.5247,96.3320,126.2440,32.1435,16.8907,7.4302
17.852,-0.012287569265260836,1.0,1.5725055824625153e-59,4,187.405,-0.115067,0.00868481,14374.3,0.0,9.4039,18.9442,26.5967,36.3479,45.3051,51.0431,54.5186,57.8216,60.3412,63.0005,65.8056,68.7635,73.2341,79.1120,93.1840,121.4770,36.8767,17.7725,7.5357
17.958,-0.004026390696840671,1.0,2.6429101324447495e-60,4,190.797,-0.10731,-0.0147622,14614.7,0.0,9.1449,17.9269,24.8374,33.5952,41.6690,46.8749,50.0440,53.0679,55.3819,57.8314,60.4242,63.1666,67.3282,72.8130,85.9942,114.6400,54.9476,19.4205,7.7852
18.068,-0.0013193677035407507,1.0,4.44193905959989e-61,4,194.157,-0.0797017,-0.0382636,14860.6,0.0,8.7386,16.6872,22.8241,30.5498,37.6845,42.3109,45.1404,47.8506,49.9312,52.1410,54.4866,56.9773,60.7545,65.7308,77.7018,107.0490,125.8690,21.9809,8.2329
18.179,-0.002254420983314983,1.0,7.4655669774695355e-62,5,196.013,-0.029658,-0.0608686,13438.8,0.0,8.1802,15.2523,20.6200,27.3313,33.5358,37.5781,40.0619,42.4486,44.2866,46.2461,48.3321,50.5553,53.9266,58.3532,69.0103,98.9104,118.4290,25.7868,8.9088
18.291,-0.14595362990683766,1.0,1.2547378419033047e-62,5,197.466,0.0359395,-0.0540007,13536.0,0.0,7.7124,14.5864,19.9327,26.7759,33.2445,37.5240,40.1754,42.7370,44.7187,46.8395,49.1516,51.7093,55.7799,61.3065,75.3414,98.9199,115.2710,26.5653,9.4340
18.397,-0.06077808924467256,1.0,2.1088378908868846e-63,5,199.896,0.0908101,-0.025173,13717.1,0.0,7.4701,14.7765,20.8096,28.9333,36.9372,42.3831,45.9560,49.6253,52.6316,56.0306,59.9035,64.3564,71.8432,81.2816,90.2496,101.4960,59.9116,24.4913,9.6124
18.512,-0.019915764283694303,1.0,3.544323843213587e-64,5,202.531,0.131571,-0.027447,13853.9,0.0,7.1256,14.1070,19.9192,27.8398,35.7740,41.5387,45.4579,49.5579,52.9756,56.9039,61.4661,66.8315,74.7861,80.0489,86.9310,96.9119,58.0394,25.5638,9.9937
18.623,-0.006525997640480949,1.0,5.9569450832890755e-65,5,205.181,0.173238,-0.0413526,14020.3,0.0,6.7028,13.0534,18.2697,25.3380,32.5464,37.9495,41.6496,45.5423,48.8040,52.5739,56.9803,62.1981,69.2663,74.0274,80.5052,90.1092,62.9952,28.0619,10.5217
18.728,-0.002138438906832797,1.0,1.0011837601483949e-65,5,207.804,0.227371,-0.0576909,14193.0,0.0,6.1780,11.8007,16.3388,22.4309,28.8213,33.6511,36.9655,40.4592,43.3915,46.7867,50.7630,55.4822,62.2970,66.9593,73.2604,82.6414,94.4297,31.1531,11.2156
18.838,-0.007631916414897221,0.94018955078125,1.6826895456814076e-66,5,210.321,0.298264,-0.0739463,14332.2,0.0,5.5369,10.3820,14.2282,19.4211,24.9781,29.1852,32.0758,35.1252,37.6878,40.6576,44.1387,48.2764,54.8505,59.5277,65.6990,74.8740,86.5342,34.2806,12.0968
18.947,-0.05055833061290852,0.66138302684375,0.49195955200195307,5,209.393,0.382716,-0.0763725,13975.4,0.0,4.8637,9.1226,12.5757,17.4621,22.8855,27.1272,30.1130,33.3275,36.0825,39.3370,43.2407,47.6599,51.7560,55.2475,60.5079,68.8753,79.9523,35.2446,12.9191
19.060,-0.06704779396192537,0.22867249023616001,0.831224572843689,5,198.521,0.466761,-0.0724443,12884.5,0.0,4.2185,8.0572,11.3253,16.1610,21.8405,26.5315,29.9737,33.8183,37.2329,41.1630,44.0112,46.2730,48.9731,51.6766,56.1119,63.6272,74.0278,34.9806,13.5254
19.172,-0.0712695138883312,0.0749314016005849,0.8924641922781513,5,184.548,0.543846,-0.0686629,11814.1,0.0,3.6301,7.0237,9.9694,14.4292,19.8280,24.4237,27.8781,31.8211,35.1888,37.7383,39.8099,41.6329,43.9284,46.3103,50.3333,57.3548,67.3508,35.6568,14.1006
19.282,-0.12835673490855962,0.024553521676479655,0.8690984251799779,5,170.813,0.609411,-0.067107,10793.6,0.0,3.1126,6.0363,8.5833,12.4556,17.1697,21.2057,24.2535,27.7475,30.4311,32.5106,34.3000,35.9179,37.9939,40.1815,43.9327,50.6046,60.3160,72.0443,14.6733
19.390,-0.23109952577802428,0.008045697982948855,0.33890172400456925,4,159.097,0.666728,-0.0638068,11643.1,0.0,2.6635,5.1912,7.4099,10.8141,15.0097,18.6474,21.4228,24.5011,26.3955,28.0392,29.5350,30.9305,32.7641,34.7348,38.1813,44.4585,53.8327,65.4566,15.1388
19.501,-0.23808617508667423,0.002636414315052681,0.056959212753447966,4,151.533,0.714338,-0.0430511,11176.5,0.0,2.3260,4.6835,6.8609,10.4209,15.2184,19.6900,22.0539,23.8887,25.1184,26.2991,27.4407,28.5504,30.0599,31.7332,34.7545,40.4674,49.3128,60.6202,15.2156
19.608,-0.18858926103853188,0.0008639002427564626,0.6318977564695032,4,144.837,0.73425,0.0304381,10173.6,0.0,2.3269,5.3752,8.9555,16.7089,22.5268,25.2949,26.7461,28.0036,28.8954,29.7822,30.6641,31.5414,32.7621,34.1470,36.7153,41.7455,49.8178,60.4234,14.2874
19.720,-0.20547473502569633,0.00028308283154643765,0.8153754111239212,3,133.72,0.727401,0.0698363,11348.5,0.0,2.4931,6.3200,11.5688,18.1468,22.5673,24.8466,26.0744,27.1541,27.9278,28.7032,29.4800,30.2578,31.3482,32.5956,34.9350,39.5985,47.2528,57.5368,13.7327
19.833,-0.24800323301757876,9.276058224113668e-05,0.30054200341034165,3,122.919,0.707942,0.0621507,10792.0,0.0,2.6478,6.5764,10.5575,15.1334,18.5542,20.4175,21.4460,22.3634,23.0280,23.6996,24.3780,25.0624,26.0302,27.1485,29.2752,33.6125,40.9521,51.1341,13.8527
19.940,-0.18655502800018342,3.0395787588775667e-05,0.050512094513176134,3,115.928,0.681769,0.0522925,10499.7,0.0,2.8533,6.3909,9.2301,12.4871,15.0575,16.5181,17.3426,18.0887,18.6353,19.1929,19.7610,20.3393,21.1653,22.1313,24.0000,27.9238,34.8307,44.7998,14.5644
20.052,-0.358680841018143,9.960091677090008e-06,0.008489567724829512,3,113.864,0.640302,0.0943467,10311.8,0.0,3.2859,7.1353,10.0582,13.2969,15.8071,17.2248,18.0234,18.7457,19.2745,19.8138,20.3633,20.9226,21.7216,22.6563,24.4658,28.2740,35.0096,44.7941,14.1755
20.158,-0.5430084058417595,3.263722840748854e-06,0.0014268416475120963,3,111.756,0.594067,0.134168,10099.8,0.0,3.8631,8.7025,12.2838,16.0661,18.8756,20.4241,21.2863,22.0604,22.6240,23.1962,23.7766,24.3651,25.2016,26.1749,28.0445,31.9289,38.6871,48.3524,13.0645
20.271,-0.35908906786179606,1.0694567004565846e-06,0.00023980927569735807,3,109.108,0.542484,0.195709,9838.35,0.0,4.6675,11.1789,15.7808,20.3129,23.5029,25.2119,26.1509,26.9870,27.5920,28.2031,28.8202,29.4428,30.3233,31.3412,33.2795,37.2469,44.0118,53.4963,11.8163
20.382,-0.1991832185831213,3.504395716056136e-07,4.030474496645498e-05,3,106.329,0.483106,0.253342,9571.04,0.0,5.6497,14.1166,19.6566,24.7524,28.1897,29.9939,30.9759,31.8454,32.4718,33.1025,33.7371,34.3755,35.2750,36.3105,38.2707,42.2435,48.9257,58.1545,10.7788
20.493,-0.1603108326253445,1.1483203882372748e-07,6.77401848651209e-06,3,103.564,0.415183,0.297472,9317.67,0.0,6.7359,16.9901,23.1534,28.5472,32.0880,33.9240,34.9181,35.7954,36.4260,37.0596,37.6961,38.3351,39.2339,40.2660,42.2133,46.1373,52.6832,21.2853,9.9321
20.601,-0.15738256722201469,3.762816248175902e-08,1.1385092870280869e-06,3,100.935,0.337742,0.329882,9086.24,0.0,7.8984,19.6138,26.1283,31.6392,35.1983,37.0309,38.0200,38.8913,39.5168,40.1445,40.7743,41.4061,42.2936,43.3114,45.2277,49.0764,55.4648,16.9312,9.1730
20.708,-0.07142040569649923,1.2329996282022795e-08,1.9134925587081062e-07,3,98.6258,0.250114,0.350872,8884.71,0.0,9.0877,21.8358,28.4825,33.9882,37.5109,39.3176,40.2912,41.1480,41.7625,42.3789,42.9971,43.6169,44.4869,45.4839,47.3594,51.1194,57.4362,14.5532,8.4495
20.818,-0.04486262000437106,4.04029318169323e-09,3.2160069434207145e-08,3,96.7558,0.151758,0.357727,8727.04,0.0,10.2089,23.4371,30.0205,35.4177,38.8589,40.6218,41.5714,42.4068,43.0060,43.6069,44.2096,44.8137,45.6616,46.6334,48.4611,52.1253,20.0352,12.9018,7.7406
20.931,-0.10447822599417489,1.3239232697772376e-09,5.405142869807196e-09,3,95.3131,0.0423705,0.348487,8616.09,0.0,11.1770,24.3105,30.6586,35.8554,39.1737,40.8760,41.7936,42.6015,43.1810,43.7626,44.3459,44.9310,45.7525,46.6946,48.4680,52.1690,17.0850,11.6386,7.0282
21.040,-0.38376844072089233,0.06117553754319818,9.084423621284953e-10,3,93.9289,-0.0783011,0.334143,8572.5,0.0,12.1287,25.0095,31.0840,36.0566,39.2392,40.8748,41.7573,42.5349,43.0930,43.6533,44.2156,44.7798,45.5726,46.4823,48.2421,52.2995,14.7349,10.3397,6.2514
21.148,-0.12575324265542198,0.24289210561090518,1.5268190780293624e-10,3,93.4836,-0.209727,0.323635,8668.33,0.0,13.1887,25.9321,31.7815,36.5567,39.6141,41.1868,42.0359,42.7842,43.3215,43.8611,44.4065,44.9685,45.7856,46.7651,48.7461,53.3763,12.1225,8.8148,5.3785
21.257,-0.04200693161155622,0.3688228011822064,2.5661248244439498e-11,3,94.4082,-0.344255,0.284208,8781.67,0.0,13.7756,25.6314,31.0365,35.4836,38.3522,39.8344,40.6366,41.3457,41.8665,42.4039,42.9585,43.5312,44.3649,45.3662,47.3965,52.1721,10.7574,7.6878,4.5561
21.368,0.011332379517165885,0.4550828496320104,4.312885992442947e-12,3,95.9795,-0.46316,0.219272,8973.08,0.0,13.8475,24.3287,29.1405,33.1596,35.7847,37.1514,37.8941,38.5537,39.0404,39.5426,40.0610,40.5963,41.3757,42.3117,44.2100,48.6764,10.6991,7.0349,3.8821
21.479,0.0037133941201849168,0.5400110188705421,7.248667487498862e-13,3,98.0604,-0.552859,0.147651,9230.57,0.0,13.6549,22.7995,27.0357,30.6269,33.0025,34.2491,34.9292,35.5344,35.9807,36.4412,36.9165,37.4072,38.1216,38.9794,40.7185,44.8078,54.2027,6.8423,3.4045
21.590,-0.23007096408176808,0.6342215743353742,1.2182835446239338e-13,3,100.678,-0.611347,0.0899518,9586.35,0.0,13.4520,21.6470,25.4643,28.7326,30.9142,32.0655,32.7008,33.2824,33.7138,34.1591,34.6190,35.0942,35.7865,36.6187,38.3091,42.3001,51.5588,6.9592,3.1028
21.699,-0.296235197214645,0.6877330848532155,2.0475691534494455e-14,3,103.249,-0.654101,0.0936685,10080.2,0.0,13.8158,22.1435,25.9911,29.2733,31.6034,32.9492,33.7245,34.4392,34.9718,35.5238,36.0964,36.6905,37.5608,38.6147,40.7814,46.0411,59.0927,5.9319,2.7454
21.810,-0.09707034942329486,0.7090338909165768,3.441349476202483e-15,3,106.163,-0.689404,0.0946918,10412.4,0.0,14.0941,22.4966,26.3593,30.0230,32.8881,34.5740,35.5561,36.4683,37.1526,37.8660,38.6103,39.3875,40.5351,41.9392,44.8772,52.3114,10.6633,5.1932,2.4581
21.920,-0.03180801209902525,0.7160137390474188,5.783876064653514e-16,3,109.459,-0.71262,0.0515153,10563.0,0.0,13.8080,21.5415,25.2705,29.0983,32.1392,33.9486,35.0096,35.9999,36.7458,37.5261,38.3432,39.1997,40.4706,42.0358,45.3477,53.9584,79.6195,5.4919,2.3647
22.029,-0.010422849404608595,0.7276086124798081,9.720960501863162e-17,3,112.863,-0.712584,-0.020097,10792.3,0.0,13.1312,19.8130,23.2861,26.9047,29.7939,31.5192,32.5331,33.4809,34.1956,34.9443,35.7292,36.5530,37.7774,39.2884,42.4978,50.9185,76.6915,8.0699,2.5509
22.140,-0.11056311489167167,0.7868823741217585,1.6338018315481414e-17,3,116.376,-0.674819,-0.095319,11184.5,0.0,12.2639,18.0009,21.2203,24.5903,27.2927,28.9116,29.8649,30.7571,31.4307,32.1371,32.8784,33.6573,34.8166,36.2502,39.3051,47.3864,72.7328,200.0000,3.1839
22.250,-0.05964880742370295,0.8821553370553428,2.7459307382829617e-18,3,120.237,-0.599171,-0.14202,11745.2,0.0,11.4252,16.8222,20.1119,23.6330,26.5178,28.2731,29.3163,30.2994,31.0459,31.8326,32.6627,33.5399,34.8549,36.4969,40.0557,49.8833,85.2221,200.0000,4.2508
22.359,-0.019545721216598984,0.9458376979556697,4.615085791832173e-19,3,124.67,-0.48355,-0.205759,12258.6,0.0,10.2753,15.2797,18.4313,21.8546,24.6997,26.4491,27.4955,28.4862,29.2414,30.0401,30.8862,31.7837,33.1360,34.8363,38.5668,49.2021,92.0215,125.9290,6.2556
22.469,-0.09631934730669264,0.9756409035067388,7.756574690332333e-20,3,129.379,-0.321269,-0.277758,12740.5,0.0,8.9954,13.5354,16.4246,19.5947,22.2555,23.9035,24.8938,25.8343,26.5534,27.3158,28.1255,28.9869,30.2895,31.9354,35.5789,46.2156,93.1680,110.1790,8.6284
22.579,-0.13669726786409767,0.9872620366517131,1.3036475082041554e-20,3,133.765,-0.134489,-0.232432,13452.3,0.0,7.9990,12.7326,15.9177,19.6041,22.8678,24.9730,26.2703,27.5258,28.5015,29.5511,30.6835,31.9086,33.8024,36.2691,42.0434,61.8614,200.0000,52.4454,9.8875
22.689,-0.044792960733707525,0.9920578933106583,2.1910403670387243e-21,3,138.13,0.0305039,-0.165069,14113.6,0.0,7.1489,12.2074,15.9014,20.5323,24.9947,28.0755,30.0601,32.0476,33.6393,35.4002,37.3586,39.5496,43.0934,48.0195,61.1592,135.6480,139.3960,37.2978,10.6365
22.798,-0.014677757373221283,0.9926415558706615,3.682481544881984e-22,3,142.741,0.168738,-0.118051,14536.5,0.0,6.3498,11.4746,15.5053,20.9632,26.7056,30.9824,33.8864,36.9203,39.4466,42.3475,45.7127,49.6630,56.5065,67.0830,103.4350,200.0000,76.8391,33.0866,11.3304
22.907,-0.1051219785416001,0.9942558475276982,6.189146732483152e-23,3,147.507,0.278359,-0.0809423,14827.6,0.0,5.6825,10.7989,15.1225,21.4645,28.8301,34.8469,39.2241,44.0756,48.3518,53.5515,60.0094,68.2443,84.4861,116.0810,191.3970,200.0000,59.8558,30.9214,11.8436
23.018,-0.03444636992851152,0.993843656508501,1.0402098913284437e-23,4,150.705,0.355919,-0.0409189,12190.5,0.0,5.2546,10.6175,15.5983,23.8005,34.9708,45.7599,54.7914,66.2418,77.8735,94.4688,120.0650,164.7020,185.0070,194.3170,200.0000,100.2350,48.5053,28.3846,12.0066
23.131,-0.011287386498174654,0.9945819881928306,1.7482807643557152e-24,4,153.027,0.400521,-0.0292988,11858.4,0.0,4.9440,10.1858,15.2102,23.8372,36.3505,49.3619,61.0310,76.9631,94.6140,122.7830,168.1740,178.8890,187.5120,194.8410,200.0000,90.6087,46.9008,28.2240,12.2479
23.239,-0.003698650807721871,0.9966324618285267,2.9383354806526506e-25,4,156.692,0.428989,-0.0268766,12105.0,0.0,4.7200,9.7648,14.6336,23.0714,35.4889,48.6302,60.6200,77.3110,96.2494,127.4890,166.7810,175.5960,183.6290,190.6460,200.0000,90.1075,47.2262,28.5758,12.4648
23.350,-0.0012119738966743028,0.9961659313419716,4.9384604423329107e-26,4,160.308,0.452265,-0.0261103,12366.3,0.0,4.5309,9.3859,14.0819,22.2445,34.3133,47.1596,58.9470,75.4632,94.3560,125.8810,162.5380,170.9180,178.7380,185.6200,195.7220,90.8469,47.7970,28.9707,12.6577
23.461,-0.00039713960646223554,0.9960130586321373,8.300070465428924e-27,4,163.881,0.474288,-0.0258466,12626.4,0.0,4.3498,9.0149,13.5306,21.3878,33.0242,45.4349,56.8453,72.8699,91.2527,122.0520,157.5480,165.7610,173.4620,180.2570,190.2580,91.9729,48.4529,29.3855,12.8460
23.568,-0.00013013470624554535,0.9963484653025788,1.3949928431246394e-27,4,167.423,0.496285,-0.0258852,12889.0,0.0,4.1677,8.6368,12.9624,20.4876,31.6297,43.5097,54.4289,69.7586,87.3369,116.7700,152.0620,160.2610,167.9000,174.6350,184.5610,93.3825,49.1861,29.8276,13.0382
23.681,-4.2642540542540296e-05,0.9957882639384741,2.3445644714395826e-28,4,170.94,0.51863,-0.0258996,13148.0,0.0,3.9828,8.2534,12.3866,19.5769,30.2220,41.5710,52.0010,66.6420,83.4279,111.5280,146.4810,154.6550,162.2240,168.8930,178.7360,94.7912,49.9245,30.2744,13.2331
23.790,-1.3973107684979604e-05,0.9964253905148591,3.9405095071485063e-29,4,174.429,0.541416,-0.0259017,13405.4,0.0,3.7942,7.8626,11.8002,18.6499,28.7908,39.6020,49.5377,63.4845,79.4741,106.2410,140.7830,148.9310,156.4240,163.0250,172.7780,96.2155,50.6742,30.7288,13.4317
23.897,-4.5787079262141164e-06,0.9972365079014089,6.622814328664496e-30,4,177.895,0.564654,-0.0259017,13661.6,0.0,3.6019,7.4642,11.2022,17.7049,27.3319,37.5952,47.0274,60.2675,75.4468,100.8570,134.9520,143.0800,150.4950,157.0230,166.6820,97.6660,51.4381,31.1921,13.6342
24.008,-1.5003510132618417e-06,0.9963638651591337,1.1130964042186418e-30,4,181.332,0.588351,-0.0259017,13914.2,0.0,3.4059,7.0579,10.5925,16.7412,25.8442,35.5489,44.4676,56.9870,71.3402,95.3673,128.9790,137.0980,144.4340,150.8850,160.4450,99.1452,52.2171,31.6645,13.8407
24.121,-4.916350200256404e-07,0.9972163472728449,1.8707811265702715e-31,4,184.743,0.612499,-0.0259017,14166.1,0.0,3.2061,6.6439,9.9711,15.7591,24.3281,33.4635,41.8591,53.6440,67.1552,89.7728,122.8600,130.9840,138.2390,144.6110,154.0650,100.6520,53.0110,32.1459,14.0511
24.229,-1.6109896336200182e-07,0.9965545265024908,3.144221839426655e-32,4,188.125,0.637091,-0.0259017,14415.1,0.0,3.0026,6.2222,9.3383,14.7590,22.7842,31.3398,39.2026,50.2397,62.8934,84.0757,116.5840,124.7370,131.9080,138.1980,147.5410,102.1870,53.8195,32.6362,14.2654
24.342,-5.278890831446075e-08,0.997278823181836,5.284493645524379e-33,4,191.478,0.662137,-0.0259017,14661.9,0.0,2.7954,5.7928,8.6938,13.7404,21.2117,29.1769,36.4970,46.7724,58.5528,78.2731,110.1380,118.3520,125.4400,131.6440,140.8690,103.7510,54.6429,33.1355,14.4837
24.451,-1.7297869476482498e-08,0.997516160717724,8.881648470032825e-34,4,194.802,0.687609,-0.0259017,14907.2,0.0,2.5846,5.3561,8.0384,12.7045,19.6125,26.9772,33.7454,43.2461,54.1383,72.3719,103.5010,111.8270,118.8320,124.9460,134.0470,147.8790,55.4803,33.6433,14.7056
24.560,-0.013970570747528369,0.9968410017939838,1.4927386583584167e-34,5,195.671,0.712154,-0.0205228,13032.0,0.0,2.3938,5.0074,7.5769,12.1444,19.1444,26.9384,34.4229,45.4889,59.0549,84.1599,102.7210,108.5690,114.6070,120.1810,128.7240,142.0060,54.7029,33.5611,14.8357
24.668,-0.010499556877000096,0.9968908204053525,2.508845863102991e-35,5,198.044,0.731334,-0.0132596,13542.2,0.0,2.2501,4.7682,7.2986,11.9390,19.4270,28.3492,37.5608,52.4942,73.3242,95.1105,101.2170,105.7210,110.8900,115.9010,123.8220,136.4550,53.2926,33.1882,14.8896
24.779,-0.01327176599391789,0.9973890199679258,4.216617242117197e-36,5,200.709,0.744548,-0.0077709,13727.5,0.0,2.1509,4.6040,7.1121,11.8285,19.7754,29.8301,40.9458,60.7701,85.8123,92.9330,97.6511,101.5200,106.1630,110.7860,118.2440,130.3700,52.2569,32.8942,14.9194
24.891,-0.015447812109349516,0.9975522700005899,7.086868598826375e-37,5,203.353,0.751547,-0.000716686,13906.5,0.0,2.1067,4.5693,7.1459,12.1611,21.1536,33.6237,49.0649,78.5025,85.8029,90.4612,94.2618,97.5843,101.7200,105.9420,112.8990,124.4510,50.7179,32.3471,14.8730
24.998,-0.017689606529958147,0.9976057637712933,1.191090005404749e-37,5,205.977,0.751146,0.00735986,14075.7,0.0,2.1273,4.6865,7.4393,13.0334,23.9234,41.1721,66.9295,79.6176,83.9544,87.5527,90.7250,93.6080,97.2967,101.1440,107.6060,118.5660,48.8453,31.5979,14.7508
25.109,-0.020175673237959185,0.9972377926100774,2.0018649720837618e-38,5,208.563,0.742085,0.016772,14246.7,0.0,2.2261,4.9973,8.0818,14.7091,29.1889,57.6175,72.6606,78.2269,81.4955,84.4304,87.1283,89.6470,92.9369,96.4319,102.4070,112.7550,46.6032,30.6184,14.5403
25.218,-0.023003729692676965,0.8632990224605951,3.364534458581179e-39,5,211.0,0.722754,0.0273895,14349.7,0.0,2.4197,5.5532,9.1881,17.5766,39.2228,66.0860,71.8439,75.9618,78.6072,81.0753,83.4048,85.6189,88.5595,91.7300,97.2392,106.9740,44.0562,29.4203,14.2336
25.331,-0.026164783791758888,0.2828858236798878,0.6091459991455078,5,206.885,0.691924,0.0385647,13599.0,0.0,2.7210,6.3989,10.8704,22.1343,54.6605,65.5142,69.7444,73.0751,75.3014,77.4267,79.4652,81.4295,84.0702,86.9533,92.0330,101.1780,41.3556,28.0599,13.8334
25.440,-0.02930242912214605,0.09269602670342562,0.8135869039772644,5,194.336,0.652625,0.047647,12527.2,0.0,3.0987,7.4394,12.9386,27.9926,55.5232,63.0888,66.5720,69.4220,71.3682,73.2496,75.0748,76.8490,79.2555,81.9079,86.6341,95.2822,38.9979,26.7825,13.4000
25.550,-0.031670422692807315,0.03037463403017851,0.8467708342156189,5,180.681,0.609319,0.0513735,11516.1,0.0,3.4994,8.4751,14.8917,33.1364,52.9012,59.1599,62.2032,64.7447,66.5009,68.2133,69.8867,71.5231,73.7576,76.2381,80.6982,88.9733,37.4455,25.8392,13.0049
25.658,-0.03278393604204159,0.009953160079008894,0.8234282633644316,5,167.43,0.565872,0.0517122,10596.5,0.0,3.8900,9.4287,16.5830,36.0557,49.3286,54.7321,57.4468,59.7470,61.3511,62.9258,64.4737,65.9956,68.0854,70.4199,74.6524,82.6091,36.5870,25.1205,12.6499
25.769,-0.03318252342751869,0.003261451494689634,0.7146617361118436,5,154.889,0.524447,0.0519557,9859.45,0.0,4.2623,10.3371,18.1933,35.5374,45.8840,50.6033,53.0340,55.1187,56.5845,58.0322,59.4630,60.8769,62.8289,65.0229,69.0332,76.6719,37.2734,24.4412,12.3126
25.878,-0.03377087243749573,0.0010687124257798993,0.5934976216638548,4,143.581,0.485466,0.0520966,10214.7,0.0,4.6124,11.1900,19.7020,34.0320,42.5887,46.7451,48.9284,50.8201,52.1600,53.4908,54.8127,56.1251,57.9464,60.0057,63.7998,71.1222,82.4994,23.8079,11.9962
25.992,-0.03633728409735219,0.0003501956876795574,0.1285607056368136,4,134.414,0.448835,0.0530248,9889.07,0.0,4.9459,12.0255,21.0929,32.2999,39.5730,43.2549,45.2200,46.9376,48.1621,49.3844,50.6043,51.8207,53.5170,55.4459,59.0280,66.0311,77.1073,23.2981,11.6906
26.098,-0.03942738690676177,0.00011475212293883739,0.021607197796379266,3,129.177,0.412667,0.0595099,11715.3,0.0,5.3088,13.1122,21.8206,31.0460,37.3615,40.6458,42.4203,43.9818,45.1012,46.2235,47.3478,48.4731,50.0495,51.8513,55.2211,61.8887,72.6136,22.9635,11.3329
26.208,-0.043806839800195195,3.7601975644598234e-05,0.3257442536672312,3,126.929,0.370026,0.0775778,11307.7,0.0,5.8135,14.7842,22.6821,30.7689,36.4084,39.3841,41.0027,42.4343,43.4644,44.4996,45.5393,46.5834,48.0509,49.7338,52.8991,59.2209,69.5313,22.2245,10.8191
26.318,-0.05023043243699671,1.2321415379221951e-05,0.782537790174545,3,117.364,0.321064,0.0932344,9624.71,0.0,6.3829,15.6525,22.7553,29.9593,35.0506,37.7667,39.2537,40.5737,41.5261,42.4860,43.4529,44.4261,45.7973,47.3754,50.3595,56.3730,66.3157,22.0945,10.2958
26.429,-0.059932928527456644,4.037481391463449e-06,0.1693716076568428,3,107.945,0.271313,0.0996416,9706.14,0.0,6.8847,15.6287,21.8992,28.2680,32.8432,35.3147,36.6766,37.8907,38.7699,39.6587,40.5564,41.4623,42.7429,44.2229,47.0378,52.7703,62.3984,23.6395,9.9073
26.540,-0.06735153809520747,1.323001902354743e-06,0.028466286098885567,3,105.252,0.215224,0.119654,9541.04,0.0,7.3671,15.9169,21.7872,27.6990,31.9590,34.2708,35.5482,36.6896,37.5178,38.3558,39.2032,40.0595,41.2727,42.6780,45.3583,50.8516,60.1706,24.4217,9.5145
26.649,-0.07263300850664695,0.05338314836501336,0.004784328704639698,3,104.124,0.153634,0.113825,9482.75,0.0,7.7977,16.2684,21.8881,27.4910,31.5254,33.7182,34.9319,36.0170,36.8048,37.6028,38.4106,39.2278,40.3864,41.7296,44.2983,49.5832,58.6149,24.7782,9.1356
26.758,-0.32748772495237993,0.2102922834156226,0.0008041021253887941,3,103.748,0.0957731,0.120179,9567.21,0.0,8.3584,17.2902,23.0478,28.6791,32.6852,34.8500,36.0452,37.1124,37.8861,38.6692,39.4611,40.2616,41.3959,42.7095,45.2173,50.3669,59.1560,21.5177,8.6159
26.870,-0.10731117771239584,0.2658358293358812,0.0001351454442140946,3,104.075,0.0308317,0.13839,9625.1,0.0,9.1019,18.8737,24.9730,30.7851,34.8456,37.0192,38.2139,39.2776,40.0473,40.8248,41.6100,42.4024,43.5230,44.8180,47.2831,52.3284,60.8448,17.8825,7.9624
26.981,-0.03516372671279787,0.2843119107286565,2.2713894809062882e-05,3,104.767,-0.0342089,0.119071,9681.18,0.0,9.4739,18.9297,24.6775,30.1343,33.9557,36.0080,37.1376,38.1450,38.8749,39.6132,40.3592,41.1126,42.1791,43.4141,45.7716,50.6197,58.8492,17.8092,7.5777
27.088,-0.04509371245928867,0.28902593823569117,3.817524300559198e-06,3,105.527,-0.0871048,0.0844277,9754.77,0.0,9.5821,18.2749,23.4531,28.3894,31.8787,33.7657,34.8088,35.7417,36.4193,37.1056,37.8005,38.5038,39.5017,40.6606,42.8833,47.4928,55.4292,20.1058,7.3909
27.201,-0.39988881504276597,0.3014715467848213,6.416113091949844e-07,3,106.068,-0.129562,0.0840894,9847.94,0.0,9.9285,18.7427,23.9020,28.7750,32.2007,34.0494,35.0700,35.9820,36.6440,37.3146,37.9936,38.6807,39.6561,40.7891,42.9620,47.4527,55.1448,18.5892,7.0413
27.309,-0.4165450057218947,0.3271362179348252,1.0783561273640104e-07,3,106.264,-0.180092,0.129397,9946.19,0.0,10.8193,21.0101,26.8191,32.1443,35.7988,37.7454,38.8139,39.7645,40.4515,41.1451,41.8450,42.5509,43.5486,44.6997,46.8857,51.3259,58.7152,13.7423,6.3538
27.418,-0.13649346747495045,0.34086471268975854,1.8123931432606922e-08,3,106.822,-0.244846,0.161147,9982.76,0.0,11.7444,23.0462,29.2705,34.8317,38.5830,40.5559,41.6298,42.5806,43.2657,43.9556,44.6494,45.3465,46.3276,47.4556,49.5842,53.8536,61.4574,11.2221,5.6912
27.528,-0.04472617942219176,0.3473901525698051,3.0460891558782456e-09,3,107.81,-0.317702,0.145211,10010.0,0.0,12.1629,23.1456,29.0731,34.3614,37.9235,39.7953,40.8156,41.7188,42.3693,43.0240,43.6828,44.3454,45.2788,46.3515,48.3761,52.4450,60.2886,10.4248,5.1998
27.640,-0.014655874473063796,0.35051625245969875,5.119562044284568e-10,3,108.9,-0.383041,0.105282,10099.9,0.0,12.2169,22.2215,27.5659,32.3694,35.6316,37.3572,38.3005,39.1375,39.7416,40.3509,40.9651,41.5839,42.4569,43.4628,45.3698,49.2328,56.7610,10.4999,4.8576
27.753,-0.017270904964911668,0.3784066499809941,8.604447927829075e-11,3,110.046,-0.427485,0.0578923,10222.6,0.0,12.0381,20.9490,25.6820,29.9710,32.9134,34.4823,35.3431,36.1094,36.6639,37.2243,37.7905,38.3621,39.1704,40.1048,41.8853,45.5285,52.5603,11.5733,4.7075
27.860,-0.2291490680708663,0.5034713477063971,1.4461495632302327e-11,3,111.556,-0.451305,0.0359014,10486.1,0.0,11.9894,20.4241,24.8768,28.9065,31.6747,33.1514,33.9630,34.6864,35.2103,35.7397,36.2744,36.8144,37.5788,38.4641,40.1537,43.6324,50.8854,12.2844,4.6095
27.972,-0.27183490848486924,0.6392945830133072,2.430543570921052e-12,3,113.534,-0.470742,0.0555577,10911.0,0.0,12.3338,21.1884,25.7978,29.9054,32.6913,34.1656,34.9727,35.6903,36.2086,36.7313,37.2585,37.7898,38.5405,39.4078,41.1191,45.1292,54.2743,10.6230,4.3564
28.083,-0.1760740786596411,0.7310399493524256,4.085014579647013e-13,3,116.156,-0.49267,0.0752329,11344.2,0.0,12.7068,21.9835,26.7143,30.8588,33.6321,35.0883,35.8824,36.5950,37.1247,37.6729,38.2404,38.8284,39.6877,40.7252,42.8477,47.9418,60.2341,9.3114,4.0957
28.189,-0.13869676969202088,0.7695976237288028,6.865684004012737e-14,3,119.2,-0.516006,0.0794423,11706.4,0.0,12.9263,22.2468,26.9068,30.9425,33.6611,35.2138,36.1124,36.9433,37.5640,38.2089,38.8794,39.5768,40.6018,41.8479,44.4278,50.7927,67.2456,8.6753,3.8901
28.300,-0.10143003718118257,0.7829489915309541,1.1539155105544207e-14,3,122.489,-0.537789,0.0694913,11989.3,0.0,12.9785,21.9968,26.4350,30.3194,33.2753,35.0189,36.0361,36.9821,37.6922,38.4332,39.2069,40.0155,41.2107,42.6752,45.7471,53.5666,75.5241,8.5145,3.7466
28.412,-0.08379050614692365,0.788197366169863,1.9393857985888147e-15,3,125.934,-0.553472,0.0463507,12220.5,0.0,12.8217,21.2157,25.3080,29.2659,32.4300,34.3213,35.4334,36.4733,37.2578,38.0797,38.9418,39.8469,41.1925,42.8542,46.3869,55.6779,84.3142,9.0560,3.7005
28.520,-0.13193655893099424,0.7930342824777907,3.259525711688222e-16,3,129.386,-0.557231,0.0159919,12488.2,0.0,12.5089,20.1577,24.0652,28.2040,31.5809,33.6294,34.8448,35.9885,36.8560,37.7694,38.7321,39.7484,41.2696,43.1654,47.2606,58.4718,97.6375,10.8599,3.7901
28.628,-0.09702497952234568,0.8071133584479474,5.478284863634396e-17,3,132.738,-0.544517,-0.00790453,12843.8,0.0,12.1568,19.2871,23.4694,28.0806,31.9693,34.3865,35.8420,37.2267,38.2867,39.4120,40.6086,41.8834,43.8146,46.2609,51.6998,67.7688,141.5080,18.3565,4.0129
28.741,-0.03179314528988223,0.8432700263899734,9.20735337031033e-18,3,136.424,-0.508275,-0.0545288,13151.2,0.0,11.4703,18.0820,22.3428,27.1696,31.3513,34.0040,35.6215,37.1748,38.3735,39.6553,41.0289,42.5043,44.7637,47.6683,54.3030,75.4553,166.9730,26.0499,4.6095
28.852,-0.04195848434272924,0.8720421968568415,1.5474798809480571e-18,3,140.416,-0.434366,-0.127514,13488.9,0.0,10.4103,16.4154,20.4160,25.0021,29.0232,31.5974,33.1762,34.6987,35.8782,37.1436,38.5045,39.9721,42.2310,45.1555,51.9245,74.3648,169.4580,34.6202,5.9752
28.958,-0.067835131250738,0.8938785429254248,2.6008494359094e-19,3,144.426,-0.31196,-0.188432,13929.9,0.0,9.3903,15.2661,19.3131,24.1029,28.4427,31.2930,33.0699,34.8048,36.1632,37.6349,39.2346,40.9796,43.7066,47.3136,56.0089,88.8313,186.1440,34.2230,7.5768
29.071,-0.02222821580824183,0.9079939588364281,4.3712476469329275e-20,3,148.606,-0.157095,-0.187046,14315.4,0.0,8.4024,14.0052,17.9776,22.8138,27.3282,30.3648,32.2874,34.1869,35.6900,37.3343,39.1405,41.1337,44.2974,48.5761,59.3564,107.0930,195.4990,35.1055,8.9785
29.179,-0.020482915166982182,0.9198142944158957,7.346755920200172e-21,3,152.914,-0.0105427,-0.178967,14692.9,0.0,7.3790,12.4073,16.0101,20.4419,24.6252,27.4645,29.2731,31.0681,32.4944,34.0607,35.7884,37.7039,40.7634,44.9392,55.6581,106.8160,193.0580,39.0438,10.4165
29.288,-0.05258047649491673,0.9306175468223257,1.2347692675080433e-21,4,156.666,0.127798,-0.156061,12183.5,0.0,6.4734,11.1684,14.6418,19.0536,23.3669,26.3811,28.3388,30.3120,31.9015,33.6696,35.6481,37.8767,41.5155,46.6455,60.7516,130.4250,200.0000,38.7446,11.4962
29.400,-0.01722957053785431,0.9368394921177396,2.0752767079007686e-22,4,157.862,0.251019,-0.138447,12156.0,0.0,5.6320,9.9216,13.1820,17.4398,21.7350,24.8177,26.8569,28.9425,30.6451,32.5631,34.7402,37.2322,41.3946,47.4680,65.5275,139.1870,105.8350,39.1012,12.4530
29.510,-0.027928209003531594,0.9418252659490159,3.4879175629688227e-23,4,161.15,0.365039,-0.133013,12387.2,0.0,4.7943,8.5023,11.3454,15.0926,18.9128,21.6798,23.5218,25.4155,26.9688,28.7267,30.7322,33.0414,36.9311,42.6812,60.3213,135.2210,109.3860,41.5123,13.4911
29.619,-0.06565782145327723,0.9473215336149235,5.862143048081701e-24,4,164.324,0.469267,-0.103502,12654.6,0.0,4.1016,7.5546,10.3437,14.2310,18.4657,21.7209,23.9826,26.3913,28.4338,30.8214,33.6497,37.0525,43.1697,53.2212,94.5409,151.2640,83.3712,38.9834,13.9871
29.729,-0.02151475493380988,0.9489057068536881,9.852503820910915e-25,4,167.544,0.555439,-0.0821203,12872.0,0.0,3.4971,6.6348,9.2795,13.1478,17.6239,21.2671,23.9101,26.8322,29.4016,32.5178,36.3760,41.2765,50.8791,69.3227,115.7080,158.7920,73.4995,37.7974,14.4307
29.838,-0.03573062643671082,0.9515706583499415,1.6559103171804977e-25,4,170.779,0.628492,-0.0745756,13108.9,0.0,2.9414,5.6416,7.9549,11.4028,15.4916,18.9009,21.4213,24.2554,26.7895,29.9175,33.8754,39.0436,49.6559,72.0502,114.7280,155.9830,72.6706,38.4356,14.9756
29.949,-0.041730721547181396,0.9563606498906088,2.7830884700852624e-26,4,173.945,0.688884,-0.0488068,13359.6,0.0,2.5200,5.0273,7.3093,10.9710,15.7738,20.2224,23.8109,28.1929,32.4633,38.2619,46.5866,59.5469,88.9799,106.0520,128.7010,165.0280,63.3558,36.3134,15.0846
30.060,-0.013674322836580396,0.9583157343186547,4.677536791672301e-27,4,177.158,0.733102,-0.0354792,13584.3,0.0,2.1885,4.4619,6.6043,10.1999,15.2371,20.2631,24.5975,30.2675,36.2375,45.1454,59.8664,82.2375,97.6807,110.6460,130.9030,165.4520,60.0783,35.6332,15.2566
30.170,-0.0066692482203719134,0.9594382513840368,7.861536085763634e-28,4,180.37,0.767303,-0.0316083,13818.2,0.0,1.9149,3.9297,5.8486,9.1149,13.7898,18.5735,22.7983,28.4691,34.6241,44.1787,61.0228,80.4954,94.1680,106.4140,125.9730,159.8130,59.9440,35.8814,15.4934
30.279,-0.11790324452367647,0.9615001695728962,1.3212883699342944e-28,4,183.444,0.792061,-0.0037123,14084.7,0.0,1.7579,3.7913,5.8978,9.9371,16.9840,26.3615,37.3804,58.9508,75.9417,85.4612,93.3891,100.5300,109.7420,119.5550,136.6940,169.2820,52.6357,33.3866,15.2629
30.389,-0.038634535165518305,0.9632600376750217,2.2206893633485695e-29,4,186.477,0.78986,0.0336716,14305.1,0.0,1.8463,4.2951,7.2104,14.2652,34.8938,74.2352,86.7776,96.2120,102.4870,108.4990,114.3090,119.9590,127.6550,136.2030,151.6920,71.2754,44.6120,30.0636,14.7009
30.500,-0.01265976448303704,0.965916303051601,3.732312612979942e-30,4,189.624,0.762087,0.0447564,14511.4,0.0,2.1155,5.0452,8.7073,18.4573,55.8113,80.2014,90.2446,98.4530,104.0930,109.5920,114.9760,120.2620,127.5270,135.6660,150.7540,65.5796,42.0433,28.7652,14.3252
30.609,-0.004148351625801577,0.9673152647308236,6.272897808635388e-31,4,192.772,0.721136,0.0476117,14744.7,0.0,2.4874,5.9714,10.3845,22.4612,59.6449,78.4235,87.3855,94.9206,100.1740,105.3420,110.4370,115.4680,122.4230,130.2590,144.8870,64.8679,40.6200,27.8952,13.9559
30.718,-0.0013593318607426608,0.9687148386032463,1.0542859346973498e-31,4,195.9,0.674948,0.0485104,14979.6,0.0,2.9023,6.9820,12.1715,26.5002,59.2142,75.0798,83.1688,90.1130,95.0128,99.8703,104.6900,109.4770,116.1280,123.6650,137.7560,67.0032,39.3953,27.0856,13.5703
30.834,-0.00044542586412815515,0.9691734509697617,1.7719383704458362e-32,5,196.25,0.62676,0.0488704,13422.3,0.0,3.3339,8.0269,14.0070,30.5780,57.5239,71.2457,78.5554,84.9418,89.4979,94.0488,98.5934,103.1310,109.4720,116.7010,130.2420,166.1380,38.2750,26.2827,13.1756
30.938,-0.0001459571471575139,0.9693237290700215,2.9780968192083168e-33,5,198.806,0.577766,0.0488659,13578.2,0.0,3.7715,9.0805,15.8452,33.7779,55.1026,67.0917,73.6875,79.5418,83.7607,88.0052,92.2712,96.5551,102.5770,109.4850,122.4870,156.2440,37.5884,25.4914,12.7788
31.048,-0.10046140707866807,0.9709164780572895,5.005287324043419e-34,5,201.275,0.525434,0.0633774,13762.6,0.0,4.3083,10.7437,19.5639,39.1025,58.1132,69.0667,75.1774,80.6457,84.6100,88.6160,92.6594,96.7347,102.4870,109.1160,121.9740,158.5020,34.9744,23.7854,12.1958
31.160,-0.03291919387153795,0.9730586947329376,8.412386405519774e-35,5,203.683,0.451808,0.0951645,13922.8,0.0,5.1658,14.0411,26.8776,48.2231,67.0268,77.6708,83.5963,88.8970,92.7409,96.6277,100.5520,104.5100,110.1050,117.0010,132.6480,51.0745,30.1524,21.0994,11.2967
31.269,-0.010786961447825556,0.973760656293214,1.4138697831757085e-35,5,206.153,0.355185,0.104471,14073.1,0.0,6.1458,16.7927,29.7215,49.3278,66.5057,76.3756,81.9188,86.9058,90.5369,94.2210,97.9528,101.7290,107.2080,114.2310,130.3030,49.1963,28.2509,19.5624,10.4649
31.380,-0.0035346715272234776,0.9739906750572852,2.3762909445834136e-36,5,208.61,0.246679,0.107135,14230.1,0.0,7.1872,18.4632,30.5932,47.9972,63.3503,72.3391,77.4418,82.0652,85.4495,88.8979,92.4057,95.9675,101.1880,107.9050,123.3170,55.7884,27.2967,18.4491,9.6260
31.490,-0.0011582411660405892,0.9750072097152711,3.993832190561344e-37,5,211.037,0.136134,0.09592,14389.2,0.0,8.0342,19.3398,30.4672,45.8099,59.4286,67.5380,72.1916,76.4370,79.5626,82.7620,86.0300,89.3637,94.2480,100.5280,114.9510,161.6490,27.0564,17.6728,8.9172
31.599,-0.12150757501931943,0.9760932374795,6.712433762676454e-38,5,213.346,0.0412191,0.0944759,14568.6,0.0,8.8886,21.1072,32.7258,48.2360,61.7333,69.7159,74.2879,78.4561,81.5243,84.6665,88.0026,91.6202,97.2275,104.5610,121.8540,182.6170,24.4817,16.1484,8.1760
31.708,-0.03981560218233059,0.9779188258072825,1.1281587424930317e-38,5,215.561,-0.0571493,0.10752,14721.2,0.0,9.9341,23.9223,37.0565,54.0054,68.2637,76.5401,81.3678,86.1259,89.8888,94.0026,98.5194,103.5000,111.3990,122.0690,148.8800,34.9024,20.5732,14.0578,7.3162
31.819,-0.013046776523106086,0.9794581966999053,1.8960963985080386e-39,5,217.902,-0.157883,0.0927271,14857.3,0.0,10.6797,24.7478,37.3214,53.1958,66.5388,74.4352,79.3713,84.2747,88.1737,92.4584,97.1880,102.4370,110.8300,122.3050,151.8640,33.8677,19.2124,12.9388,6.6116
31.930,-0.004275167731091402,0.9821852661914999,3.1867692169724607e-40,5,220.249,-0.244787,0.0698183,15010.9,0.0,11.1798,24.7042,36.1954,50.4618,62.5204,69.9054,74.6096,79.2914,83.0199,87.1237,91.6614,96.7057,104.7930,115.8900,144.6910,38.9542,18.7731,12.2380,6.0451
32.038,-0.03356691438634278,0.9830788723225057,5.356003022965616e-41,6,219.988,-0.307953,0.0471053,13719.6,0.0,11.4592,24.3008,34.7721,47.5952,58.4883,65.4817,69.9630,74.4325,77.9986,81.9306,86.2863,91.1383,98.9408,109.6930,137.8530,200.0000,18.9921,11.8813,5.6527
32.148,-0.1697689880070418,0.9850657809763886,9.001834280698312e-42,6,221.558,-0.361028,0.0749535,13862.9,0.0,12.2715,27.0693,39.3848,54.4101,69.3792,80.5455,88.1365,96.0744,102.6900,110.2930,119.1220,129.4980,147.5040,175.4100,200.0000,26.2872,15.1531,10.1264,5.0860
32.260,-0.05562990199014746,0.986704694954093,1.5129382875569653e-42,6,223.118,-0.434743,0.095561,13946.0,0.0,13.2187,29.9555,43.9416,63.4287,86.8835,106.7330,121.5840,138.4630,153.7210,172.7730,197.2330,200.0000,200.0000,200.0000,34.7439,18.7735,12.1817,8.4692,4.4171
32.370,-0.018228806284131517,0.9877236092863072,2.5427953798969916e-43,6,224.978,-0.521144,0.0820944,14029.4,0.0,13.7897,30.3436,44.0605,65.0804,91.6790,115.3850,133.8880,155.7690,176.3760,200.0000,200.0000,200.0000,200.0000,200.0000,32.4912,16.7985,10.7203,7.3706,3.7825
32.478,-0.005973215243184215,0.9880574871346871,4.2736761949928734e-44,6,226.862,-0.597089,0.0591924,14138.3,0.0,14.1146,29.8214,43.1289,64.1879,91.2881,115.8770,135.3630,158.7450,181.1080,200.0000,200.0000,200.0000,200.0000,200.0000,48.2711,16.1738,9.7679,6.5354,3.2455
32.590,-0.053195685871355355,0.9901922730874191,7.182767580924522e-45,6,228.726,-0.649879,0.0390365,14247.9,0.0,14.2749,29.3517,42.8263,64.6378,93.6087,120.8180,143.0320,170.4890,197.6020,200.0000,200.0000,200.0000,200.0000,200.0000,49.5442,16.2555,9.1771,5.9682,2.8716
32.699,-0.017431162346325725,0.9920302294359105,1.2072077473259846e-45,6,230.552,-0.684926,0.0293595,14361.0,0.0,14.4330,29.9095,44.7293,70.2723,107.5430,146.5780,181.8320,200.0000,200.0000,200.0000,200.0000,200.0000,200.0000,95.5871,35.3249,15.6416,8.5709,5.5005,2.6070
32.811,-0.005711843277644013,0.9926324909721841,2.0289540609307827e-46,6,232.393,-0.70168,0.00640556,14471.5,0.0,14.2691,29.6910,44.7190,71.1078,110.7600,153.8220,194.1340,200.0000,200.0000,200.0000,200.0000,200.0000,200.0000,83.3797,36.2200,17.0145,9.0651,5.5614,2.5240
32.920,-0.0018716568052183902,0.9928298400323902,3.4100630902063676e-47,6,234.223,-0.691811,-0.0201691,14583.6,0.0,14.0481,29.3006,44.2226,70.5692,110.5080,154.3620,200.0000,200.0000,200.0000,200.0000,200.0000,200.0000,194.6850,86.1672,38.8224,18.5179,9.9298,6.0706,2.6743
33.025,-0.005610623537090213,0.9928945073724386,5.731293035709842e-48,6,235.97,-0.66593,-0.0216468,14694.3,0.0,13.8396,28.8925,43.6421,69.7409,109.4420,153.2270,200.0000,200.0000,200.0000,200.0000,200.0000,200.0000,188.6990,91.1736,41.6307,19.9729,10.7366,6.5713,2.8981
33.144,-0.013600897657466976,0.9929177631312656,6.742808943582272e-49,6,237.922,-0.642002,-0.00927174,14814.5,0.0,13.8054,29.4687,45.4069,75.1680,124.7050,200.0000,200.0000,200.0000,200.0000,196.1700,190.4500,182.1580,105.3070,62.5239,35.5014,19.0659,10.8029,6.7805,3.0663
33.245,-0.004456742144398779,0.9929233180134781,1.1332638991478723e-49,6,239.538,-0.630775,-0.00551859,14914.1,0.0,13.7619,29.5804,45.8713,76.8358,130.0100,200.0000,200.0000,196.2940,192.2000,187.3560,181.1770,170.7340,91.7340,58.1373,34.4800,19.0338,10.9394,6.9155,3.1504
33.364,-0.0011683082127012735,0.9929253156679502,1.3332736447084806e-50,6,241.464,-0.622659,-0.00457016,15027.9,0.0,13.7062,29.5131,45.8422,77.0224,131.0100,197.1460,192.4090,187.5690,183.5430,178.7890,172.7420,162.5940,90.2091,57.9735,34.7264,19.2961,11.1289,7.0477,3.2166
33.465,-0.00038283123513795325,0.9929257928286989,2.2408330146615435e-51,6,243.047,-0.617322,-0.00435808,15123.9,0.0,13.6640,29.4339,45.7360,76.8971,130.9510,189.8850,185.2250,180.4830,176.5550,171.9410,166.1290,156.8600,90.7185,58.4762,35.1036,19.5339,11.2748,7.1430,3.2614
33.584,-0.00010035691130400363,0.9929259644259114,2.636317633419159e-52,6,244.923,-0.611259,-0.00441864,15234.5,0.0,13.6120,29.3185,45.5519,76.5723,130.3540,181.1920,176.6450,172.0440,168.2570,163.8440,158.3730,150.2100,92.3769,59.4943,35.6927,19.8536,11.4567,7.2574,3.3133
33.686,-3.2884952696095914e-05,0.9929260054137076,4.43085904648758e-53,6,246.465,-0.606229,-0.00442398,15325.3,0.0,13.5694,29.2265,45.4086,76.3301,129.9380,173.8700,169.4190,164.9390,161.2690,157.0220,151.8200,144.3910,93.5917,60.2722,36.1575,20.1114,11.6053,7.3514,3.3561
33.804,-8.620593039565367e-06,0.9929260201537959,5.2128613596021746e-54,6,248.286,-0.600148,-0.00442398,15432.1,0.0,13.5180,29.1159,45.2367,76.0412,129.8450,165.0060,160.6780,156.3460,152.8220,148.7750,143.8930,137.2240,95.0369,61.2029,36.7158,20.4219,11.7845,7.4650,3.4080
33.904,-2.8247959272047797e-06,0.9929260236746208,8.761256087083376e-55,6,249.78,-0.595047,-0.00442398,15518.5,0.0,13.4749,29.0230,45.0924,75.7987,164.2870,157.5570,153.3360,149.1340,145.7330,141.8570,137.2380,131.1300,96.2494,61.9838,37.1843,20.6825,11.9348,7.5602,3.4514
34.023,-7.405033035411698e-07,0.9929260249407847,1.0307530173892722e-55,6,251.539,-0.58886,-0.00442374,15622.0,0.0,13.4227,28.9105,44.9176,75.5049,155.1090,148.5430,144.4560,140.4160,137.1700,133.5020,129.1930,123.6940,97.7190,62.9305,37.7522,20.9984,12.1171,7.6757,3.5042
34.125,-2.426481225043705e-07,0.9929260252432213,1.7323865963261498e-56,6,252.979,-0.583706,-0.00442332,15704.3,0.0,13.3791,28.8167,44.7719,75.2602,147.3860,140.9670,137.0000,133.1000,129.9870,126.4940,122.4420,117.4050,98.9426,63.7187,38.2253,21.2616,12.2690,7.7719,3.5481
34.244,-6.360874942578571e-08,0.992926025351984,2.0381355067117517e-57,6,254.669,-0.577456,-0.00442296,15804.7,0.0,13.3263,28.7030,44.5953,74.9634,138.0280,131.7990,127.9830,124.2600,121.3110,118.0330,114.2850,109.7600,99.0927,64.6747,38.7990,21.5807,12.4532,7.8886,3.6014
34.346,-2.0843315011841466e-08,0.992926025377963,3.425494346130441e-58,6,256.045,-0.572237,-0.00442293,15892.7,0.0,13.2823,28.6081,44.4478,74.7154,130.1530,124.0950,120.4130,116.8440,114.0360,110.9390,107.4410,103.3120,94.8728,65.4735,39.2781,21.8473,12.6070,7.9860,3.6458
34.465,-5.46394997046417e-09,0.9929260253873057,4.030059843279002e-59,6,257.667,-0.565923,-0.00442293,16000.3,0.0,13.2289,28.4932,44.2693,74.4153,120.6070,114.7720,111.2610,107.8850,105.2520,102.3770,99.1759,95.4908,88.6691,66.4400,39.8579,22.1698,12.7931,8.1039,3.6997
34.585,-1.4323417010573595e-09,0.9090270703116298,0.13493911743164064,6,258.915,-0.559601,-0.00442293,16006.5,0.0,13.1755,28.3781,44.0906,74.1867,110.9560,105.3650,102.0350,98.8626,96.4109,93.7616,90.8539,87.5834,81.9302,67.4076,40.4384,22.4926,12.9794,8.2219,3.7536
34.705,-3.754797828819805e-10,0.27553529231977186,0.7807071345845031,6,248.645,-0.553336,-0.00442305,14963.4,0.0,13.1226,28.2641,43.9134,110.4460,101.3890,96.0594,92.9210,89.9592,87.6921,85.2678,82.6447,79.7562,75.0116,66.9742,41.0137,22.8126,13.1641,8.3389,3.8069
34.805,-1.2303721525476736e-10,0.09028740458734286,0.858450821766844,6,234.909,-0.548393,-0.00435916,14007.6,0.0,13.0816,28.1793,43.7866,102.5810,93.7745,88.6669,85.6881,82.8992,80.7813,78.5359,76.1328,73.5283,69.3875,63.2615,41.4273,23.0527,13.3057,8.4296,3.8488
34.925,-3.225346775574574e-11,0.023668301388144405,0.8726087066730406,6,217.97,-0.542965,-0.00379196,12907.9,0.0,13.0431,28.1262,43.7474,93.5909,85.0875,80.2405,77.4463,74.8545,72.9039,70.8557,68.6899,66.3800,62.8169,57.9752,41.5655,23.2185,13.4290,8.5167,3.8929
35.045,-8.455053051362211e-12,0.006204503199093726,0.8715002100053023,6,201.434,-0.538371,-0.00326037,11863.8,0.0,13.0112,28.0854,43.7245,85.1784,76.9979,72.4172,69.8067,67.4087,65.6201,63.7595,61.8142,59.7695,56.6929,52.7385,41.6484,23.3475,13.5295,8.5889,3.9299
35.145,-2.770551783870369e-12,0.0020330916082790325,0.8703104658327006,6,188.271,-0.535151,-0.00294125,11012.7,0.0,12.9880,28.0523,45.5840,78.6127,70.7164,66.3609,63.9030,61.6634,60.0054,58.2938,56.5201,54.6762,51.9502,48.5636,40.7144,23.4477,13.6031,8.6407,3.9560
35.264,-7.26283526830914e-13,0.0005329627665606986,0.865563910724976,6,173.216,-0.531914,-0.00261965,10052.3,0.0,12.9648,28.0190,82.2191,71.2353,63.6923,59.6078,57.3304,55.2751,53.7673,52.2239,50.6406,49.0142,46.6527,43.8089,37.8566,23.5478,13.6768,8.6927,3.9823
35.366,-2.3798858607195393e-13,0.0001746412393466097,0.8207390226120213,5,161.268,-0.529674,-0.00256047,10185.2,0.0,12.9466,27.9829,76.2751,65.5095,58.2716,54.4134,52.2843,50.3778,48.9894,47.5780,46.1413,44.6786,42.5821,40.1080,35.1838,23.6488,13.7384,8.7327,4.0011
35.484,-6.23872799072463e-14,4.578115304727765e-05,0.44454475652738523,5,148.171,-0.527314,-0.0021576,9617.7,0.0,12.9318,28.6910,69.5260,59.0434,52.1761,48.5857,46.6291,44.8930,43.6397,42.3754,41.0995,39.8128,37.9932,35.8868,31.8623,23.5153,13.7809,8.7662,4.0196
35.586,0.023041125677748305,1.5001568230531942e-05,0.07471463722955765,5,140.639,-0.525686,-0.00191441,9337.06,0.0,12.9212,31.5585,64.1885,53.9671,47.4192,44.0528,42.2377,40.6394,39.4937,38.3452,37.1938,36.0411,34.4269,32.5831,29.1468,22.4959,13.8124,8.7902,4.0324
35.704,0.04373707731743612,3.932571102224566e-06,0.008790102355420229,4,135.451,-0.522786,-0.00953254,10006.8,0.0,12.7998,71.2493,58.8293,49.0185,42.8939,39.8050,38.1588,36.7219,35.6989,34.6802,33.6664,32.6582,31.2589,29.6809,26.7980,21.4563,14.3781,9.0456,4.0884
35.806,0.05300176051151317,1.2886248987769458e-06,0.0014773525028754777,4,134.282,-0.513084,-0.029301,9923.55,0.0,12.4787,67.9051,55.8011,46.4178,40.6581,37.7877,36.2680,34.9484,34.0131,33.0842,32.1628,31.2505,29.9897,28.5747,26.0123,21.3274,15.1477,9.8122,4.2582
35.924,0.07824339248116916,3.3780528546498363e-07,0.00017380904461079716,3,132.969,-0.485786,-0.0589756,12062.0,0.0,12.0302,64.3797,52.6817,43.7985,38.4380,35.7973,34.4084,33.2075,32.3588,31.5186,30.6882,29.8679,28.7380,27.4753,25.2019,21.0784,15.6275,10.7214,4.6451
36.024,0.12167137526359707,1.1069203594116584e-07,2.9212086127736684e-05,3,131.749,-0.444659,-0.0970152,11929.3,0.0,11.6136,62.5962,51.3014,42.8324,37.7583,35.2686,33.9622,32.8336,32.0367,31.2485,30.4700,29.7014,28.6431,27.4611,25.3334,21.4665,16.2951,11.4938,5.1610
36.144,0.14795541513777016,2.9017253069760974e-08,3.436772720842093e-06,3,129.844,-0.375584,-0.118694,11753.1,0.0,10.9600,62.1428,51.3326,43.3523,38.5610,36.2053,34.9659,33.8945,33.1372,32.3870,31.6446,30.9108,29.8989,28.7659,26.7155,22.9486,17.7837,12.7894,5.8361
36.245,0.15862378378530936,0.015548007555248485,5.776183911919307e-07,3,128.216,-0.316394,-0.129476,11616.1,0.0,10.3720,62.2345,51.7130,44.1126,39.5419,37.2864,36.0976,35.0672,34.3382,33.6153,32.8989,32.1894,31.2089,30.1086,28.1087,24.3967,19.1964,13.9983,6.4396
36.346,0.16613838413978774,0.04588850158445382,9.70803230076278e-08,3,126.733,-0.254377,-0.139714,11507.2,0.0,9.7806,62.3640,52.0246,44.7306,40.3779,38.2232,37.0857,36.0981,35.3982,34.7035,34.0144,33.3312,32.3850,31.3206,29.3794,25.7440,20.5540,15.2046,7.0714
36.466,0.17707400499612488,0.07214691567185506,1.1421402921524404e-08,3,125.133,-0.175369,-0.150062,11386.1,0.0,9.0685,62.5053,52.2793,45.2327,41.1066,39.0725,37.9976,37.0638,36.4009,35.7419,35.0872,34.4376,33.5371,32.5215,30.6614,27.1488,22.0391,16.5961,7.8603
36.586,0.18949371956750727,0.09609751035875777,1.343716632314425e-09,3,123.714,-0.0912628,-0.159444,11280.8,0.0,8.3394,20.3866,52.5742,45.6706,41.6936,39.7534,38.7331,37.8481,37.2203,36.5965,35.9767,35.3613,34.5073,33.5431,31.7717,28.4013,23.4163,17.9497,8.6881
36.705,0.19658265373821554,0.15239584473986117,1.5808691807515981e-10,3,122.553,-0.00245984,-0.167575,11229.2,0.0,7.5960,17.1393,52.9525,46.1107,42.2187,40.3358,39.3491,38.4964,37.8934,37.2951,36.7018,36.1136,35.2990,34.3812,32.6959,29.4798,24.6598,19.2335,9.5436
36.824,0.20068565207398825,0.26006865046411115,1.859876782462448e-11,3,122.079,0.0902125,-0.166387,11277.4,0.0,6.8879,15.0852,52.8197,46.0176,42.1904,40.3516,39.3913,38.5633,37.9791,37.4007,36.8279,36.2609,35.4772,34.5962,32.9863,29.9337,25.3590,20.1227,10.3236
36.926,0.20047608756422947,0.32920465475907995,3.1258949082846372e-12,3,122.259,0.167915,-0.157069,11342.5,0.0,6.3390,13.9408,52.2280,45.4671,41.6965,39.8944,38.9563,38.1489,37.5800,37.0172,36.4608,35.9108,35.1519,34.3005,32.7486,29.8237,25.4784,20.4947,10.8662
37.044,0.15509667150564518,0.3948712953296643,3.677584100647793e-13,3,122.98,0.2574,-0.143155,11457.4,0.0,5.7128,12.7239,51.5729,44.8299,41.1057,39.3361,38.4177,37.6290,37.0740,36.5259,35.9847,35.4504,34.7143,33.8903,32.3930,29.5873,25.4589,20.7603,11.4327
37.145,0.11016735462994637,0.4416072737098744,6.180915597958745e-14,3,124.0,0.324155,-0.120013,11565.3,0.0,5.2980,12.4861,50.3117,43.6302,39.9728,38.2439,37.3496,36.5826,36.0435,35.5118,34.9876,34.4710,33.7603,32.9654,31.5254,28.8416,24.9257,20.5121,11.6949
37.245,0.10921271086108028,0.48058479332425164,1.0388264845489264e-14,3,125.306,0.377628,-0.0861315,11694.4,0.0,5.0295,13.6582,48.3905,41.8263,38.2691,36.5981,35.7358,34.9978,34.4802,33.9706,33.4687,32.9744,32.2953,31.5377,30.1699,27.6335,23.9665,19.8763,11.7351
37.345,0.13718978436072246,0.5119723805452407,1.745955672581381e-15,3,126.75,0.41366,-0.0535102,11852.2,0.0,4.8934,57.2948,46.7767,40.2820,36.7959,35.1669,34.3292,33.6137,33.1124,32.6192,32.1341,31.6572,31.0031,30.2747,28.9625,26.5426,23.0719,19.2365,11.6652
37.449,0.1397308214750098,0.5338510764539395,2.934427698907527e-16,3,128.278,0.431197,-0.022836,12015.0,0.0,4.9096,56.1762,45.5419,39.0516,35.5984,33.9936,33.1703,32.4680,31.9768,31.4942,31.0202,30.5547,29.9170,29.2077,27.9336,25.5951,22.2662,18.6206,11.4992
37.565,0.13013723858146606,0.5525958987734414,3.452324843487717e-17,3,130.19,0.425893,0.0180522,12212.6,0.0,5.1994,54.7846,43.9789,37.4783,34.0576,32.4783,31.6705,30.9832,30.5033,30.0325,29.5708,29.1178,28.4983,27.8108,26.5799,24.3334,21.1657,17.7353,11.1314
37.665,0.1293950794511748,0.5648368623913312,5.802322364449808e-18,3,131.857,0.39739,0.0551693,12369.6,0.0,5.7200,53.1428,42.2420,35.7754,32.4087,30.8635,30.0760,29.4074,28.9413,28.4844,28.0369,27.5985,27.0000,26.3374,25.1541,23.0059,20.0023,16.7824,10.6652
37.785,0.14375170451938377,0.5733723729703382,6.826374238551557e-19,3,133.845,0.334955,0.0901151,12561.6,0.0,6.6430,51.4473,40.3358,33.8546,30.5245,29.0081,28.2384,27.5863,27.1325,26.6887,26.2547,25.8303,25.2521,24.6134,23.4767,21.4275,18.5925,15.5924,9.9937
37.905,0.1484619607823013,0.5773880246055613,8.031161027913521e-20,3,135.794,0.246983,0.117222,12760.8,0.0,7.8745,49.8785,38.4700,31.9326,28.6215,27.1267,26.3709,25.7325,25.2894,24.8568,24.4346,24.0225,23.4621,22.8445,21.7502,19.7921,17.1147,14.3208,9.2106
38.025,0.1765350749953093,0.5771140414784502,9.44858063772998e-21,3,137.66,0.138632,0.135406,12960.8,0.0,9.3482,48.5910,36.7503,30.0889,26.7670,25.2811,24.5335,23.9042,23.4685,23.0441,22.6305,22.2276,21.6810,21.0807,20.0218,18.1425,15.6068,13.0027,8.3459
38.146,0.1805823715125887,0.5775195758674517,1.1116160634482946e-21,3,139.432,0.0158285,0.144291,13149.1,0.0,10.9416,47.7879,35.3127,28.4194,25.0392,23.5428,22.7943,22.1665,21.7330,21.3115,20.9019,20.5038,19.9654,19.3760,18.3420,16.5239,14.1085,11.6737,7.4314
38.265,0.17535574423300582,0.5779933139618222,1.3078051824862844e-22,3,141.172,-0.116758,0.150519,13306.5,0.0,12.6717,46.8697,33.6715,26.5260,23.0925,21.5921,20.8467,20.2239,19.7954,19.3801,18.9775,18.5875,18.0618,17.4890,16.4896,14.7526,12.4859,10.2488,6.4592
38.384,0.1680484923681831,0.5754822476545829,1.5386197191432888e-23,3,142.89,-0.25622,0.156213,13461.1,0.0,14.5433,45.6013,31.6269,24.2483,20.7939,19.3097,18.5782,17.9706,17.5545,17.1526,16.7646,16.3901,15.8872,15.3417,14.3976,12.7795,10.7108,8.7173,5.4383
38.505,0.16101765935637907,0.561404370282288,1.810170713374888e-24,3,144.558,-0.401015,0.160967,13597.9,0.0,16.5321,43.9792,29.1372,21.5440,18.1128,16.6708,15.9686,15.3898,14.9955,14.6166,14.2523,13.9022,13.4347,12.9311,12.0679,10.6130,8.7982,7.0953,4.3803
38.605,0.17498746278477523,0.520976829757225,3.0423539179691756e-25,3,145.771,-0.524799,0.163484,13666.1,0.0,18.2330,42.4395,26.7255,18.9467,15.5726,14.1918,13.5279,12.9850,12.6176,12.2666,11.9309,11.6100,11.1841,10.7284,9.9549,8.6737,7.1152,5.6890,3.4781
38.706,0.20019529115823897,0.3809783379654725,5.113284229930793e-26,3,146.472,-0.649555,0.161222,13601.4,0.0,19.7754,41.2946,24.3163,16.2016,12.8761,11.5655,10.9476,10.4482,10.1133,9.7955,9.4938,9.2074,8.8303,8.4308,7.7622,6.6800,5.4037,4.2722,2.5752
38.826,0.24462205957187916,0.10326358542762085,6.015727763671278e-27,3,145.379,-0.795385,0.146342,13238.9,0.0,21.0002,42.2904,22.1748,12.9735,9.5590,8.3148,7.7508,7.3062,7.0138,6.7406,6.4851,6.2458,5.9358,5.6135,5.0879,4.2731,3.3657,2.6044,1.5238
38.945,0.28169876937297084,0.02706992933833824,7.077443556681623e-28,3,142.993,-0.92896,0.110581,12898.9,0.0,21.1016,56.4221,22.9146,10.1599,5.9088,4.6530,4.1455,3.7723,3.5394,3.3305,3.1426,2.9729,2.7618,2.5523,2.2310,1.7779,1.3276,0.9860,0.5451
39.064,0.31437385677929397,0.0070962195564693385,8.326541570000364e-29,3,139.803,-1.04526,0.0537047,12586.8,0.0,-1.0000,-1.0000,-1.0000,-1.0000,-1.0000,-1.0000,-1.0000,-1.0000,-1.0000,-1.0000,-1.0000,-1.0000,-1.0000,-1.0000,-1.0000,-1.0000,-1.0000,-1.0000,-1.0000
39.167,0.3428283018247508,0.002325289224263873,1.399441841669961e-29,3,136.827,-1.12546,0.0139105,12246.9,0.0,-1.0000,-1.0000,-1.0000,-1.0000,-1.0000,-1.0000,-1.0000,-1.0000,-1.0000,-1.0000,-1.0000,-1.0000,-1.0000,-1.0000,-1.0000,-1.0000,-1.0000,-1.0000,-1.0000
39.286,0.3319089306252503,0.0006095606184054287,1.6464293323062928e-30,3,133.093,-1.21076,-0.0350378,11837.6,0.0,-1.0000,-1.0000,-1.0000,-1.0000,-1.0000,-1.0000,-1.0000,-1.0000,-1.0000,-1.0000,-1.0000,-1.0000,-1.0000,-1.0000,-1.0000,-1.0000,-1.0000,-1.0000,-1.0000
39.405,0.09977965999405664,0.00015979265875127273,1.9370076451650305e-31,3,129.351,-1.27898,-0.0748138,11506.8,0.0,-1.0000,-1.0000,-1.0000,-1.0000,-1.0000,-1.0000,-1.0000,-1.0000,-1.0000,-1.0000,-1.0000,-1.0000,-1.0000,-1.0000,-1.0000,-1.0000,-1.0000,-1.0000,-1.0000
39.505,-0.12312436010433189,5.2360858419617046e-05,3.2555287492288673e-32,3,125.826,-1.32415,-0.132341,11079.5,0.0,-1.0000,-1.0000,-1.0000,-1.0000,-1.0000,-1.0000,-1.0000,-1.0000,-1.0000,-1.0000,-1.0000,-1.0000,-1.0000,-1.0000,-1.0000,-1.0000,-1.0000,-1.0000,-1.0000
39.626,-0.11927596899895247,1.3726084869552093e-05,3.83009701818027e-33,3,121.741,-1.37302,-0.179806,10717.9,0.0,-1.0000,-1.0000,-1.0000,-1.0000,-1.0000,-1.0000,-1.0000,-1.0000,-1.0000,-1.0000,-1.0000,-1.0000,-1.0000,-1.0000,-1.0000,-1.0000,-1.0000,-1.0000,-1.0000
39.726,-0.039084349521576744,4.49776349005483e-06,6.4372440584555805e-34,3,118.723,-1.40783,-0.207708,10300.9,0.0,-1.0000,-1.0000,-1.0000,-1.0000,-1.0000,-1.0000,-1.0000,-1.0000,-1.0000,-1.0000,-1.0000,-1.0000,-1.0000,-1.0000,-1.0000,-1.0000,-1.0000,-1.0000,-1.0000
39.845,-0.08396900850399201,1.1790617123369333e-06,7.573353262332406e-35,3,114.983,-1.44383,-0.238085,10024.6,0.0,-1.0000,-1.0000,-1.0000,-1.0000,-1.0000,-1.0000,-1.0000,-1.0000,-1.0000,-1.0000,-1.0000,-1.0000,-1.0000,-1.0000,-1.0000,-1.0000,-1.0000,-1.0000,-1.0000
39.946,-0.3707216124354162,3.863549418985663e-07,1.272853482800208e-35,3,111.116,-1.45781,-0.312768,9832.91,0.0,-1.0000,-1.0000,-1.0000,-1.0000,-1.0000,-1.0000,-1.0000,-1.0000,-1.0000,-1.0000,-1.0000,-1.0000,-1.0000,-1.0000,-1.0000,-1.0000,-1.0000,-1.0000,-1.0000
40.065,-0.4577461695558659,1.0128062988905777e-07,1.4974993939796168e-36,3,107.656,-1.4349,-0.38235,9552.82,0.0,-1.0000,-1.0000,-1.0000,-1.0000,-1.0000,-1.0000,-1.0000,-1.0000,-1.0000,-1.0000,-1.0000,-1.0000,-1.0000,-1.0000,-1.0000,-1.0000,-1.0000,-1.0000,-1.0000
40.184,-0.4448423298842774,2.6550109441637163e-08,1.7617930620230798e-37,3,105.662,-1.36931,-0.415737,9359.14,0.0,-1.0000,-1.0000,-1.0000,-1.0000,-1.0000,-1.0000,-1.0000,-1.0000,-1.0000,-1.0000,-1.0000,-1.0000,-1.0000,-1.0000,-1.0000,-1.0000,-1.0000,-1.0000,-1.0000
40.287,-0.49446834796361083,8.699939861835666e-09,2.9610455993421906e-38,3,104.642,-1.28175,-0.419654,9259.1,0.0,-1.0000,-1.0000,-1.0000,-1.0000,-1.0000,-1.0000,-1.0000,-1.0000,-1.0000,-1.0000,-1.0000,-1.0000,-1.0000,-1.0000,-1.0000,-1.0000,-1.0000,-1.0000,-1.0000
40.404,-0.5062290866066814,2.280637035141049e-09,3.483640537170095e-39,3,104.44,-1.14876,-0.333831,9447.21,0.0,-1.0000,-1.0000,-1.0000,-1.0000,-1.0000,-1.0000,-1.0000,-1.0000,-1.0000,-1.0000,-1.0000,-1.0000,-1.0000,-1.0000,-1.0000,-1.0000,-1.0000,-1.0000,-1.0000
40.506,-0.18281827464327738,7.473191436750191e-10,5.854954650821779e-40,3,103.757,-1.03274,-0.208842,9363.1,0.0,-1.0000,-1.0000,-1.0000,-1.0000,-1.0000,-1.0000,-1.0000,-1.0000,-1.0000,-1.0000,-1.0000,-1.0000,-1.0000,-1.0000,-1.0000,-1.0000,-1.0000,-1.0000,-1.0000
40.624,-0.047924713788087304,1.959052295995442e-10,6.888295597145316e-41,3,102.376,-0.919304,-0.140611,9269.16,0.0,14.4087,25.3169,33.5792,44.3308,55.1326,62.8580,67.9560,73.1595,77.4000,82.1689,87.5711,93.7414,104.0150,118.9330,162.7930,200.0000,7.0401,2.5504,0.8056
40.725,0.17724747382439612,6.419422563517864e-11,1.157715841012213e-41,3,101.353,-0.847328,-0.131034,9210.94,0.0,13.9696,24.8343,33.1922,44.2457,55.5590,63.7816,69.2690,74.9211,79.5658,84.8313,90.8505,97.7971,109.5370,126.9800,181.1630,200.0000,11.6952,4.5977,1.5050
40.826,0.1508422642392781,2.103516385613534e-11,1.9457730139892268e-42,3,100.342,-0.770081,-0.195307,9103.4,0.0,12.7821,21.1196,26.9702,34.0211,40.5323,44.8741,47.6075,50.2963,52.4156,54.7257,57.2535,60.0308,64.4135,70.2912,84.8522,145.3500,97.6142,10.1521,2.4792
40.945,0.03954239451674132,0.32098145508363923,2.289182493228186e-43,3,99.8412,-0.654645,-0.239262,9265.88,0.0,11.6178,18.3724,22.8860,28.0752,32.6384,35.5663,37.3646,39.1007,40.4468,41.8922,43.4482,45.1278,47.7163,51.0736,58.8705,84.9831,200.0000,22.4696,3.9896
41.047,-0.2528838082834202,0.7608650098424319,3.8474290163686125e-44,3,102.044,-0.546803,-0.230506,9827.63,0.0,10.9192,17.4131,21.7916,26.8687,31.3727,34.2822,36.0769,37.8151,39.1666,40.6216,42.1921,43.8924,46.5232,49.9541,58.0043,85.8372,200.0000,26.9401,5.1612
41.165,-0.16958957435034888,0.9334852412807593,4.5264617634675095e-45,3,105.958,-0.433692,-0.136968,10803.3,0.0,10.7927,19.0473,25.3361,33.5693,41.8981,47.8904,51.8612,55.9276,59.2516,63.0007,67.2618,72.1471,80.3249,92.2980,128.1900,200.0000,46.9266,17.5674,5.6262
41.266,-0.05557111172312231,0.9593370610503792,7.607624285859844e-46,3,109.714,-0.361356,-0.0672996,11447.6,0.0,10.8466,21.0293,29.8958,43.3689,59.7595,73.7826,84.3656,96.4914,107.5420,121.4610,139.5320,163.9340,200.0000,200.0000,200.0000,69.8660,27.0494,14.6676,5.8239
41.367,-0.01820954188943272,0.9556393357431132,1.278613413724464e-46,3,113.675,-0.310205,-0.0169852,11832.8,0.0,10.9333,23.0143,35.0174,56.6740,90.6827,129.7630,168.5550,200.0000,200.0000,200.0000,200.0000,200.0000,200.0000,155.3310,78.3808,39.4191,21.6385,13.3741,5.9551
41.487,-0.004773522149063451,0.9572414258415427,1.5042758951126951e-47,3,118.613,-0.27863,0.0257964,12128.5,0.0,11.1406,25.4816,42.0112,79.7255,174.3490,200.0000,200.0000,200.0000,200.0000,167.8020,125.3970,100.1060,78.0723,62.3897,45.3387,29.3578,18.5703,12.3717,5.9691
41.604,-0.0012513501902440892,0.9731301939920554,1.7697655478411347e-48,3,123.752,-0.278325,0.0512633,12363.9,0.0,11.4486,27.7202,48.6927,108.2560,200.0000,200.0000,200.0000,128.0940,101.8260,84.5038,72.2229,63.0627,53.5595,45.6977,35.8504,25.0918,16.7988,11.5904,5.8324
41.704,0.006826264043781911,0.9881334191548167,2.974444956256595e-49,3,128.118,-0.297487,0.0602379,12650.2,0.0,11.7374,29.0421,52.3713,125.7750,200.0000,200.0000,137.9170,98.5487,81.8645,70.0162,61.1680,54.3089,46.9451,40.6530,32.5025,23.2362,15.8211,11.0371,5.6322
41.807,0.056029849528091466,0.9945193947261503,4.999149637980459e-50,3,132.518,-0.324577,0.0441213,12998.8,0.0,11.7700,28.0287,48.2934,101.9260,200.0000,200.0000,200.0000,151.9810,114.5200,91.8797,76.7187,65.8567,54.9684,46.2397,35.6461,24.4823,16.1551,11.0437,5.4942
41.925,0.01468788887469201,0.9968159281485919,5.881449557587631e-51,3,137.721,-0.352353,0.0225801,13518.4,0.0,11.7432,26.6791,43.6774,81.6077,171.8530,200.0000,200.0000,200.0000,200.0000,172.1070,124.1430,97.0919,74.4038,58.7301,42.1180,26.9389,16.8993,11.2039,5.3755
42.044,0.0038503419411672624,0.9983591127154594,6.919466590006272e-52,3,142.992,-0.371425,0.0143507,13938.8,0.0,11.8076,26.3764,42.4472,76.4639,148.4380,200.0000,200.0000,200.0000,200.0000,200.0000,163.4410,118.6040,85.7010,65.0795,44.8638,27.7109,16.9941,11.1218,5.2587
42.146,0.0012616800472816886,1.0,1.1629547497823541e-52,3,147.364,-0.382597,0.0118749,14331.0,0.0,11.8736,26.3924,42.2636,75.3632,143.2600,200.0000,200.0000,200.0000,200.0000,200.0000,179.8250,126.3270,89.1911,66.7707,45.3988,27.7180,16.8757,10.9998,5.1777
42.265,0.000330741854314611,1.0,1.368204633571442e-53,3,152.604,-0.393218,0.0105283,14785.1,0.0,11.9483,26.4874,42.3037,75.0300,141.0850,200.0000,200.0000,200.0000,200.0000,200.0000,189.0900,130.1270,90.5913,67.2520,45.3640,27.5159,16.6853,10.8514,5.0954
42.390,8.670199265744938e-05,1.0,1.6096790693504664e-54,4,155.214,-0.40251,0.0101388,11511.9,0.0,12.0232,26.6329,42.5037,75.2688,141.1000,200.0000,200.0000,200.0000,200.0000,200.0000,190.0380,129.9430,90.0764,66.7015,44.8865,27.1739,16.4584,10.6969,5.0192
42.504,2.2728407163194412e-05,1.0,1.8937713283001306e-55,4,158.72,-0.411293,0.00990391,12228.2,0.0,12.0956,26.7808,42.7202,75.5824,141.4280,200.0000,200.0000,200.0000,200.0000,200.0000,189.6050,129.1320,89.2788,66.0090,44.3567,26.8217,16.2336,10.5466,4.9466
42.605,7.447644459235544e-06,1.0,3.1828614714740296e-56,4,161.868,-0.418553,0.00964236,12475.4,0.0,12.1546,26.8974,42.8845,75.7954,141.5380,200.0000,200.0000,200.0000,200.0000,200.0000,189.9330,128.7700,88.7641,65.5147,43.9536,26.5432,16.0522,10.4242,4.8868
42.725,1.952355309121843e-06,1.0,3.74460469257448e-57,4,165.62,-0.427227,0.00934815,12750.6,0.0,12.2252,27.0381,43.0842,76.0609,141.7110,200.0000,200.0000,200.0000,200.0000,200.0000,190.1450,128.2410,88.0989,64.8953,43.4584,26.2054,15.8337,10.2772,4.8153
42.844,5.117982301544364e-07,1.0,4.405489974766949e-58,4,169.342,-0.435871,0.00911808,13023.8,0.0,12.2964,27.1831,43.2960,76.3665,142.0300,200.0000,200.0000,200.0000,200.0000,200.0000,189.6890,127.3990,87.2836,64.1945,42.9271,25.8549,15.6108,10.1287,4.7437
42.945,1.677060440570057e-07,1.0,7.404307000590812e-59,4,172.422,-0.443088,0.00897169,13246.5,0.0,12.3564,27.3077,43.4823,76.6515,142.4010,200.0000,200.0000,200.0000,200.0000,200.0000,188.8120,126.4660,86.4933,63.5494,42.4566,25.5525,15.4213,10.0033,4.6837
43.066,4.39631332132797e-08,1.0,8.711093143125086e-60,4,176.08,-0.451768,0.00884366,13524.0,0.0,12.4291,27.4615,43.7163,77.0258,142.9570,200.0000,200.0000,200.0000,200.0000,200.0000,187.2220,125.1010,85.4281,62.7114,41.8626,25.1786,15.1897,9.8509,4.6113
43.185,1.1524671593061995e-08,1.0,1.0248513971955233e-60,4,179.711,-0.460513,0.00878644,13790.3,0.0,12.5032,27.6222,43.9672,77.4508,143.6830,200.0000,200.0000,200.0000,200.0000,196.0860,184.8380,123.3740,84.1906,61.7785,41.2249,24.7878,14.9513,9.6954,4.5380
43.304,3.021123510091643e-09,1.0,1.2057274202865613e-61,4,183.311,-0.469396,0.00877738,14048.8,0.0,12.5791,27.7894,44.2327,77.9156,144.5360,200.0000,200.0000,198.2770,194.7150,190.0400,180.5640,121.3840,82.8240,60.7717,40.5508,24.3813,14.7057,9.5360,4.4633
43.406,9.899617517868295e-10,1.0,2.0264660752756242e-62,4,186.287,-0.476926,0.00878024,14257.7,0.0,12.6436,27.9321,44.4599,78.3169,145.2830,200.0000,196.9330,192.9750,189.4740,184.9040,176.1550,119.6490,81.6424,59.9061,39.9738,24.0348,14.4968,9.4006,4.4000
43.525,2.595125334604066e-10,1.0,2.384117072901019e-63,4,189.809,-0.486126,0.00878024,14527.3,0.0,12.7224,28.1061,44.7369,78.8048,146.1880,194.0260,190.3890,186.5000,183.0750,178.6340,170.5770,117.5440,80.2064,58.8524,39.2707,23.6120,14.2418,9.2352,4.3226
43.644,6.802965357144482e-11,1.0,2.8048898950973204e-64,4,193.298,-0.495467,0.00878024,14793.4,0.0,12.8024,28.2827,45.0181,79.3001,147.1070,187.3020,183.7170,179.9010,176.5550,172.2480,164.7760,115.4070,78.7484,57.7826,38.5569,23.1828,13.9830,9.0673,4.2440
43.744,2.229195688229104e-11,1.0,4.714178446690066e-65,4,196.187,-0.503402,0.00878024,15004.4,0.0,12.8703,28.4328,45.2570,79.7209,147.8880,181.5980,178.0600,174.3070,171.0300,166.8370,159.8010,113.5920,77.5099,56.8738,37.9505,22.8182,13.7630,8.9247,4.1773
43.845,7.304628431189126e-12,1.0,7.923119715351993e-66,5,196.349,-0.511382,0.00879455,13451.9,0.0,12.9388,28.5849,45.5004,80.1541,148.7070,175.8480,172.3580,168.6700,165.4630,161.3830,154.7360,111.7060,76.2362,55.9446,37.3339,22.4491,13.5410,8.7810,4.1101
43.965,1.914864515465642e-12,1.0,9.321471113914467e-67,5,199.159,-0.521034,0.00879645,13623.5,0.0,13.0214,28.7676,45.7914,80.6673,174.0380,168.8830,165.4530,161.8470,158.7270,154.7890,148.5860,109.4920,74.7265,54.8376,36.5955,22.0054,13.2734,8.6075,4.0289
44.066,6.274628044277816e-13,1.0,1.5666596501156044e-67,5,201.455,-0.52921,0.00879645,13791.9,0.0,13.0914,28.9223,46.0375,81.1009,168.0960,162.9950,159.6200,156.0860,153.0410,149.2240,143.3680,107.6230,73.4509,53.9015,35.9708,21.6297,13.0468,8.4605,3.9601
44.184,1.6448560940391636e-13,1.0,1.8431594117645076e-68,5,204.198,-0.539125,0.00879645,13979.5,0.0,13.1763,29.1098,46.3360,81.6268,160.8620,155.8320,152.5260,149.0810,146.1300,142.4620,137.0010,105.3560,71.9040,52.7663,35.2132,21.1742,12.7721,8.2823,3.8767
44.286,5.3898644489475324e-14,1.0,3.097798023352608e-69,5,206.494,-0.547502,0.00879645,14106.0,0.0,13.2480,29.2683,46.5882,82.0711,154.7450,149.7800,146.5350,143.1680,140.2980,136.7570,131.6100,103.4410,70.5970,51.8071,34.5732,20.7893,12.5399,8.1318,3.8062
44.407,1.4129206261049018e-14,1.0,3.64452839649411e-70,5,209.199,-0.557674,0.00879645,14285.6,0.0,13.3351,29.4606,46.8944,82.6105,147.2980,142.4180,139.2510,135.9830,133.2140,129.8280,125.0420,101.1160,69.0102,50.6426,33.7961,20.3220,12.2580,7.9490,3.7207
44.527,3.703886646096433e-15,1.0,4.287751213191356e-71,5,211.881,-0.567979,0.00879884,14463.6,0.0,13.4234,29.6557,47.2052,83.1588,139.7340,134.9480,131.8630,128.6980,126.0350,122.8080,118.3680,98.7510,67.3981,49.4605,33.0077,19.8482,11.9723,7.7638,3.6340
44.646,9.709516609543032e-16,1.0,5.044496424807498e-72,5,214.533,-0.578428,0.00882411,14639.4,0.0,13.5132,29.8556,47.5257,83.7315,132.0470,127.3630,124.3650,121.3100,118.7550,115.6900,111.5790,96.2698,65.7248,48.2410,32.1990,19.3644,11.6814,7.5755,3.5460
44.764,2.5452915220920484e-16,1.0,5.934799598821774e-73,5,217.152,-0.589001,0.00889778,14813.7,0.0,13.6047,30.0622,47.8614,84.3469,124.2330,119.6590,116.7540,113.8120,111.3690,108.4680,104.6680,93.5932,63.9541,46.9652,31.3622,18.8682,11.3847,7.3839,3.4568
44.865,8.340411259591223e-17,1.0,9.974617685739759e-74,5,219.31,-0.597965,0.00899458,14959.8,0.0,13.6828,30.2406,48.1544,84.8951,117.6240,113.1480,110.3250,107.4810,105.1350,102.3720,98.8231,91.2168,62.4025,45.8564,30.6405,18.4431,11.1315,7.2209,3.3811
44.984,2.1863887692342817e-17,1.0,1.1735037961095969e-74,6,219.571,-0.608853,0.00900674,13696.8,0.0,13.7762,30.4477,48.4854,85.5730,109.6240,105.2820,102.5670,99.8509,97.6291,95.0426,91.8015,86.4693,60.6936,44.6042,29.8061,17.9420,10.8294,7.0251,3.2895
45.085,7.164358719026894e-18,1.0,1.9723078301213994e-75,6,221.326,-0.617958,0.00910759,13800.6,0.0,13.8556,30.6293,48.7840,109.6100,102.9000,98.6759,96.0536,93.4476,91.3308,88.8897,85.8890,81.3938,59.1267,43.4827,29.0752,17.5110,10.5726,6.8596,3.2126
45.185,2.3476170650507328e-18,0.891701134765625,0.283305912322998,6,221.299,-0.627147,0.00920224,13674.0,0.0,13.9356,30.8120,49.0839,102.7020,96.1134,92.0183,89.4955,87.0057,84.9985,82.7070,79.9441,76.0853,57.5641,42.3610,28.3419,17.0775,10.3139,6.6928,3.1351
45.304,6.154137279006593e-19,0.304531902272,0.7634360930546452,6,212.009,-0.637935,0.00919199,12710.6,0.0,14.0279,31.0153,49.4068,94.5279,88.1105,84.1834,81.7882,79.4455,77.5756,75.4683,72.9864,69.7478,55.9133,41.1432,27.5254,16.5847,10.0159,6.4994,3.0444
45.405,2.0165877035848806e-19,0.09978901373648895,0.8374324718904071,6,199.913,-0.646313,0.00913835,11820.1,0.0,14.0989,31.1689,49.6464,88.0342,81.7730,77.9908,75.7038,73.4841,71.7274,69.7690,67.5048,64.6788,54.6950,40.2320,26.9068,16.2075,9.7865,6.3500,2.9741
45.524,5.286363669685549e-20,0.026159091216938157,0.8516587301840185,6,185.057,-0.655509,0.00966644,10817.1,0.0,14.1852,31.3927,50.0539,80.6384,74.5611,70.9436,68.7772,66.6923,65.0572,63.2544,61.2068,58.7443,52.5581,38.7981,26.0334,15.7233,9.5095,6.1757,2.8952
45.625,1.7322356472825605e-20,0.008571811009966294,0.8537695568909147,6,172.989,-0.66256,0.00986242,10019.7,0.0,14.2485,31.5449,50.6998,74.8849,68.9762,65.5029,63.4405,61.4707,59.9386,58.2657,56.3941,54.2072,49.7981,37.8649,25.4380,15.3787,9.3066,6.0459,2.8354
45.744,4.5409518152123954e-21,0.002247048825396604,0.8452772868355977,5,159.022,-0.670212,0.00931907,9912.47,0.0,14.3062,31.6385,76.2698,68.5107,62.8277,59.5398,57.6095,55.7843,54.3801,52.8662,51.2045,49.3257,45.9875,37.3856,25.0315,15.0917,9.1178,5.9179,2.7726
45.866,0.004293458014355468,0.0005890503672847673,0.287548969016724,5,146.304,-0.676777,0.00935531,9583.86,0.0,14.3629,31.7663,70.1545,62.5538,57.0911,53.9788,52.1712,50.4780,49.1881,47.8128,46.3264,44.6864,41.9585,36.6163,24.5219,14.7872,8.9348,5.7995,2.7173
45.985,0.08585495928586406,0.00015441601948149803,0.03382984865584856,4,138.341,-0.682471,0.00722647,10331.5,0.0,14.3805,31.6723,64.5543,57.1507,51.9478,49.0349,47.3642,45.8168,44.6514,43.4245,42.1212,40.7188,38.5120,35.3080,24.7543,14.7643,8.8623,5.7317,2.6751
46.104,0.06438457916866411,0.12551711517051098,0.003980047864511929,4,135.213,-0.680802,-0.0207984,10048.7,0.0,13.9745,29.2177,61.0746,54.2230,49.5616,47.0300,45.6119,44.3254,43.3770,42.4009,41.3934,40.3500,38.8174,36.9340,32.7591,18.9246,10.2130,6.2622,2.7666
46.204,0.05123381556526676,0.18809379400219803,0.00066892664458852,4,134.77,-0.664766,-0.0438173,10047.2,0.0,13.5457,27.3394,58.0928,51.6413,47.3548,45.0715,43.8094,42.6770,41.8506,41.0084,40.1493,39.2715,38.0079,36.5063,33.4757,25.4179,12.2002,7.0864,2.9779
46.304,0.08139606862837309,0.23411570723114022,0.00011242650115599257,4,134.56,-0.634835,-0.0652447,10053.0,0.0,13.0490,26.0272,54.9476,48.8347,44.8699,42.7921,41.6556,40.6440,39.9110,39.1690,38.4175,37.6560,36.5722,35.3059,32.8395,27.3856,15.2474,8.3235,3.3222
46.406,0.10190916647458943,0.26531789822675,1.8895522049287677e-05,4,134.498,-0.589047,-0.0954792,10066.0,0.0,12.3614,24.4471,52.3715,46.5542,42.9118,41.0305,40.0106,39.1087,38.4589,37.8045,37.1454,36.4816,35.5441,34.4608,32.3939,28.1034,20.2654,10.5397,3.8740
46.526,0.12987510636046382,0.3040397005815031,2.223039273576646e-06,4,134.582,-0.508837,-0.138395,10096.8,0.0,11.3461,22.6878,49.7124,44.0541,40.7591,39.0816,38.1798,37.3870,36.8188,36.2490,35.6778,35.1053,34.3016,33.3806,31.6478,28.1719,22.4314,14.9229,4.8888
46.645,0.18545698003829647,0.3266194508473625,2.6153834749701885e-07,4,134.731,-0.395227,-0.193649,10132.9,0.0,10.0864,20.4597,48.0149,42.0522,39.0595,37.5552,36.7515,36.0480,35.5455,35.0432,34.5411,34.0395,33.3381,32.5382,31.0455,28.1021,23.4042,17.5631,6.5051
46.746,0.2097768000915427,0.3343391460286637,4.395675006382398e-08,4,134.829,-0.269935,-0.247334,10154.1,0.0,8.8798,18.4996,47.4172,40.8312,37.8146,36.4310,35.6947,35.0518,34.5936,34.1364,33.6803,33.2253,32.5906,31.8688,30.5276,27.9049,23.7767,18.7080,8.3057
46.864,0.23215604660412392,0.34774245344028804,5.171467688258827e-09,4,134.915,-0.0796674,-0.303749,10179.2,0.0,7.5614,17.1470,47.4012,39.7719,36.3880,34.9372,34.2191,33.6197,33.2049,32.7923,32.3814,31.9724,31.4029,30.7571,29.5618,27.2422,23.6333,19.2434,9.8273
46.965,0.2375909691417237,0.35962318073706356,8.691685743656612e-10,4,134.933,0.077383,-0.261187,10179.6,0.0,6.6253,15.9639,49.3700,40.0638,36.1087,34.4433,33.6256,32.9464,32.4808,32.0305,31.5950,31.1734,30.6057,29.9870,28.8838,26.7560,23.4653,19.4771,10.7141
47.085,0.2275317956615048,0.36743233565363675,1.0225681360554566e-10,4,135.058,0.226437,-0.192194,10190.2,0.0,5.8307,89.3811,51.8891,40.1978,35.5216,33.6011,32.6682,31.8983,31.3731,30.8672,30.3797,29.9095,29.2789,28.5951,27.4093,25.3590,22.4432,18.9444,11.1912
47.204,0.210933235913695,0.38100199352571196,1.203041186387884e-11,4,135.27,0.325796,-0.120387,10203.3,0.0,5.3969,107.8800,57.9213,41.7624,35.8824,33.5539,32.4402,31.5296,30.9125,30.3215,29.7548,29.2111,28.4860,27.7052,26.3641,24.0829,21.1624,18.0788,11.2632
47.305,0.19358005746644372,0.3998874305041303,2.0219513219621172e-12,4,135.526,0.368135,-0.0593009,10219.2,0.0,5.3805,120.4030,68.8692,44.9704,37.3284,34.4368,33.0794,31.9814,31.2434,30.5411,29.8719,29.2335,28.3878,27.4842,25.9492,23.3860,20.1880,17.1312,11.0505
47.425,0.17060507612167097,0.4673610245664497,2.3788055107752115e-13,4,136.096,0.368809,0.0182488,10288.4,0.0,5.9358,142.0230,92.0281,52.4349,40.8647,36.8369,35.0064,33.5529,32.5893,31.6818,30.8258,30.0171,28.9572,27.8389,25.9721,22.9432,19.3105,15.9772,10.4736
47.525,0.14986044656262806,0.5212988663893092,3.998058421959899e-14,4,136.889,0.32573,0.087245,10358.6,0.0,7.1156,45.9932,103.3670,64.2990,46.0469,40.3583,37.8733,35.9426,34.6828,33.5109,32.4179,31.3963,30.0733,28.6967,26.4412,22.8912,18.8018,15.1992,9.7344
47.645,0.12287898725627998,0.5860947614370091,4.703675752851602e-15,4,138.211,0.218059,0.174226,10470.2,0.0,8.4480,35.1236,116.6480,84.7041,57.2864,47.6231,43.7033,40.7732,38.9133,37.2183,35.6674,34.2432,32.4341,30.5926,27.6626,23.2570,18.4706,14.4867,8.7915
47.766,0.04118716466733838,0.7806313755327683,5.533827486472381e-16,4,140.187,0.075697,0.162344,10790.1,0.0,9.5041,32.9204,125.9600,90.2514,69.4286,54.4969,48.7901,44.7015,42.1804,39.9315,37.9128,36.0911,33.8204,31.5571,28.0523,22.9937,17.7665,13.6132,7.9475
47.866,0.0011885971926114073,0.9319853711658275,9.300703856514132e-17,4,142.912,-0.0311472,0.152546,11070.9,0.0,10.4606,34.7360,123.7800,87.6419,68.3956,53.4800,47.4285,43.1620,40.5595,38.2556,36.2021,34.3603,32.0796,29.8227,26.3597,21.4288,16.4151,12.4889,7.2092
47.985,0.019976347751159928,0.9905312407170197,1.0942185080150311e-17,4,146.705,-0.154757,0.150931,11388.5,0.0,11.6888,38.5561,115.3410,81.1765,61.6987,47.3562,41.9256,38.1078,35.7836,33.7291,31.8999,30.2612,28.2341,26.2309,23.1620,18.8026,14.3822,10.9291,6.2969
48.085,0.03721288063291259,1.0,1.839053046420863e-18,4,149.977,-0.255282,0.139258,11636.0,0.0,12.5089,39.3978,113.5350,78.6590,60.8310,46.7989,40.8557,36.7750,34.3290,32.1905,30.3049,28.6300,26.5771,24.5682,21.5287,17.2880,13.0777,9.8494,5.5965
48.206,0.05227241261732799,1.0,2.1636275185836812e-19,4,153.843,-0.367835,0.117261,11957.5,0.0,13.2473,38.5824,115.5400,77.5838,61.8519,51.1600,43.3591,38.0662,35.0162,32.4209,30.1858,28.2411,25.9078,23.6765,20.3941,15.9939,11.8191,8.7406,4.8320
48.324,0.07574141139029432,1.0,2.5454861393385152e-20,4,157.653,-0.463798,0.0846431,12232.5,0.0,13.6211,35.9264,123.9140,80.1276,64.7580,56.8691,52.0291,47.0192,42.4191,38.0546,34.5067,31.5662,28.2051,25.1492,20.9123,15.6673,11.0991,7.9567,4.2091
48.424,0.045023235430865394,1.0,4.278198554386243e-21,4,160.733,-0.52495,0.0539815,12499.9,0.0,13.6987,33.3835,133.6820,84.8474,67.0434,60.2075,56.3374,52.7372,49.9934,47.0412,43.7665,39.8913,34.1130,29.2458,23.0833,16.2647,10.9465,7.5784,3.8299
48.526,0.028335871922954718,1.0,7.190368310356959e-22,4,163.942,-0.568114,0.036245,12629.9,0.0,13.8156,32.3221,135.8170,85.2106,65.8946,59.1759,55.6921,52.5287,50.1855,47.7533,45.2062,42.5033,38.3056,32.4752,24.4788,16.4260,10.6542,7.2058,3.5388
48.644,0.04647980110287729,1.0,8.45939641345186e-23,4,167.721,-0.600731,0.0155498,12844.7,0.0,13.7989,30.9024,138.0840,85.9455,64.5001,57.3858,54.1800,51.3935,49.3682,47.3090,45.2101,43.0642,39.9608,36.2184,28.0979,17.4496,10.7380,7.0411,3.3364
48.764,0.04711866164794141,1.0,9.952395286461982e-24,4,171.306,-0.611476,-0.00971157,13216.7,0.0,13.5429,29.1743,143.4410,89.4876,64.9053,56.8508,53.3356,50.6057,48.8058,47.0132,45.2123,43.4023,40.8518,37.9105,32.3008,20.7722,11.7496,7.3684,3.3292
48.868,0.05547167968939869,1.0,1.6726990757956653e-24,4,174.389,-0.601608,-0.0303453,13347.5,0.0,13.1958,28.0805,147.7940,92.5346,65.7350,56.6589,52.7862,49.8150,47.8938,46.1185,44.4683,42.8523,40.6000,38.0435,33.3197,24.3249,13.4185,8.0556,3.4879
48.986,0.12861287606461272,1.0,1.967913735682843e-25,4,177.848,-0.561554,-0.0801843,13545.9,0.0,12.3042,24.8288,177.6470,112.1830,81.0989,67.5656,61.3985,56.8656,54.0218,51.4527,49.1204,46.9937,44.3135,41.6089,37.2872,29.4819,18.9660,10.5740,4.0585
49.086,0.1301395772538398,1.0,3.307472615562154e-26,4,180.351,-0.490431,-0.127354,13957.0,0.0,11.3027,22.0107,47.7526,134.2740,100.7120,85.3208,77.6420,71.2784,66.9558,62.8314,59.0272,55.6601,51.5496,47.5456,41.5211,33.1643,23.1231,14.1530,4.9993
49.204,0.08656505206345558,1.0,3.8912084574827185e-27,4,183.598,-0.351394,-0.177987,14094.1,0.0,9.9839,19.2393,34.5388,165.7090,123.6910,107.1060,98.6189,91.4425,86.4781,81.6610,77.0058,72.5222,66.5560,60.2124,50.1393,37.5121,26.4943,17.5409,6.6934
49.306,0.07972553529090311,1.0,6.539954054491206e-28,4,186.376,-0.206277,-0.181824,14158.3,0.0,8.9656,17.3276,28.9943,65.2068,143.8470,124.5940,115.7510,108.2020,102.9320,97.7757,92.7436,87.8470,81.2421,74.0848,61.9287,43.5677,28.8191,19.5447,8.0144
49.424,0.0473560106889985,1.0,7.694190545568362e-29,4,189.519,-0.0430578,-0.152983,14461.1,0.0,7.9094,15.7671,25.1533,44.5585,171.0530,142.7800,131.3270,122.7320,117.2410,111.9430,106.7460,101.6600,94.7445,87.1659,74.0252,52.6182,32.2262,20.9480,9.2516
49.527,0.04968897926897727,1.0,1.2931626049936747e-29,4,192.207,0.0685933,-0.11721,14696.9,0.0,7.2628,15.0557,23.2173,38.4918,200.0000,154.4620,140.5100,130.2370,123.7850,117.9490,112.6410,107.5660,100.6520,93.0537,79.8007,57.8364,34.9885,21.9812,9.8731
49.644,0.04727181502789303,1.0,1.5213928731490085e-30,4,195.43,0.162486,-0.074077,14970.6,0.0,6.7731,13.8637,20.5884,31.9708,53.5926,187.3370,158.0030,144.2880,135.9590,128.5470,121.9110,115.9350,108.5020,100.8490,87.4282,64.7466,39.9044,23.9900,10.3245
49.744,0.038889836106746234,1.0,2.557005001901539e-31,5,195.572,0.205059,-0.0493158,13444.3,0.0,6.4359,12.8291,18.6404,27.9506,42.6732,200.0000,185.2740,156.4760,145.7930,136.9300,129.0920,122.1130,113.5330,105.1120,91.6866,68.9375,43.3967,25.9560,10.7692
49.845,0.03670146741066485,1.0,4.297558306695917e-32,5,197.853,0.248715,-0.0697082,13535.2,0.0,5.9733,11.5395,16.3598,23.6508,33.6816,47.2546,200.0000,200.0000,174.1330,154.3750,143.0450,134.1640,123.4500,113.1450,97.8776,74.6364,47.7953,28.7600,11.4188
49.964,0.009621069472901327,1.0,5.0560343722446816e-33,5,200.516,0.322054,-0.0782054,13726.1,0.0,5.3509,10.2090,14.3382,20.6033,29.2856,40.0332,200.0000,200.0000,191.2120,165.1160,147.1650,136.4380,124.8870,113.8900,97.7948,75.1788,49.4093,30.5771,12.2092
50.084,8.878229697424468e-05,1.0,5.948373878602148e-34,5,203.191,0.407221,-0.0785092,13888.0,0.0,4.6775,8.9202,12.5844,18.4557,27.0634,39.3722,200.0000,200.0000,184.2650,159.0340,141.3180,130.8040,119.6920,109.1300,93.6833,72.5102,48.9116,31.2813,12.9963
50.186,0.0007041936419912712,1.0,9.99743197776663e-35,5,205.406,0.481003,-0.0783442,13989.7,0.0,4.0958,7.8775,11.2691,16.8873,25.6591,42.3506,200.0000,195.2130,177.5620,152.8210,135.8970,125.7210,115.0380,104.8980,90.0633,70.0187,48.1401,31.5314,13.5682
50.287,2.5477681057699156e-05,1.0,1.680268392503237e-35,5,207.539,0.554067,-0.0709642,14154.5,0.0,3.5511,6.9677,10.1197,15.5426,24.7153,200.0000,200.0000,188.9850,171.7440,147.8170,131.0320,121.0230,110.6810,100.9100,86.6188,67.5165,47.1982,31.5546,14.0125
50.404,-0.00106564517736681,1.0,1.976818961096134e-36,5,210.015,0.625671,-0.0523141,14424.3,0.0,3.0297,6.1095,9.0714,14.4879,25.2676,200.0000,200.0000,180.1320,163.1120,139.7500,124.1780,114.6630,104.8590,95.6256,82.1133,64.1257,45.6419,31.1966,14.3584
50.506,-0.0003491906117195563,1.0,3.3224396279142725e-37,5,212.233,0.669281,-0.0366185,14479.3,0.0,2.7150,5.6132,8.5166,14.1904,29.1406,200.0000,192.6080,172.7340,155.9270,133.1640,118.4890,109.3690,99.9982,91.2099,78.3424,61.2051,44.1244,30.6540,14.5005
50.625,-9.153822371861135e-05,1.0,3.908816997844863e-38,5,214.756,0.701742,-0.0180057,14650.1,0.0,2.4919,5.3208,8.3216,14.8561,200.0000,200.0000,183.8920,164.5180,148.1620,126.2910,112.1590,103.3620,94.4137,86.1103,73.9558,57.7706,42.1193,29.7647,14.5058
50.725,0.0038663356681331346,1.0,6.569548728277863e-39,5,216.832,0.711884,-0.00243837,14790.5,0.0,2.4444,5.3764,8.6720,16.9007,200.0000,200.0000,176.7200,157.7680,141.8400,120.7620,106.9720,98.4125,89.7796,81.8737,70.3033,54.9040,40.2700,28.8222,14.3728
50.846,0.007521763756079092,1.0,7.729008383331623e-40,5,219.289,0.705083,0.0115258,14950.6,0.0,2.5380,5.7488,9.5944,21.4890,200.0000,199.7200,175.3140,157.3730,143.2790,126.3950,107.2690,96.8318,87.2483,79.2578,67.7267,52.5496,38.4379,27.7961,14.1295
50.947,0.0024647315475919964,1.0,1.2990144389865462e-40,6,220.121,0.685201,0.0252187,13713.0,0.0,2.7487,6.4266,11.1833,40.2615,200.0000,195.6200,171.1990,153.7250,140.4430,125.1400,105.8910,94.1347,84.0642,76.0749,64.8538,50.1636,36.5856,26.6563,13.7924
51.064,0.07425074025262446,1.0,1.5282774973232818e-41,6,221.072,0.644475,0.0326278,13769.1,0.0,3.1302,7.4707,13.4440,50.6291,200.0000,200.0000,181.2790,161.5380,149.6370,137.2650,123.5230,106.7730,88.0243,77.2788,64.8094,49.3005,35.4062,25.6325,13.3732
51.186,0.02623197428895023,1.0,1.798003192825868e-42,6,222.884,0.603195,0.0250913,13879.5,0.0,3.4669,8.1551,14.4422,37.2558,107.1390,200.0000,200.0000,200.0000,183.4060,167.8050,154.6620,143.2680,126.7740,104.6600,73.5467,52.8596,36.4425,25.6366,13.1298
51.306,0.013727138393768816,1.0,2.115332776327706e-43,6,224.695,0.5616,0.033775,13984.9,0.0,3.8677,9.3207,16.6191,38.5712,91.5423,200.0000,200.0000,200.0000,198.4230,179.5200,163.9170,150.8190,135.4660,117.8400,79.7371,53.2801,36.0277,25.0193,12.6931
51.406,0.008725194963276416,1.0,3.555239797173976e-44,6,226.191,0.518412,0.044522,14047.8,0.0,4.2997,10.3993,18.2434,40.4135,84.7022,200.0000,200.0000,200.0000,200.0000,184.7410,167.7120,153.5700,137.3700,121.3220,87.9318,53.0233,35.4356,24.4346,12.2867
51.525,0.004887414233259381,1.0,4.1827040689772115e-45,6,227.901,0.456288,0.0471093,14172.5,0.0,4.8472,11.6227,20.1851,43.4738,79.8980,200.0000,200.0000,200.0000,200.0000,185.1740,167.4070,152.7630,136.1110,120.7930,92.3437,52.4619,34.4352,23.6325,11.8138
51.645,0.004309019008929795,1.0,4.920909510111001e-46,6,229.598,0.39679,0.0447466,14278.8,0.0,5.3637,12.7913,22.0754,45.2431,76.6717,200.0000,200.0000,200.0000,200.0000,182.8310,164.8180,150.0480,133.3350,118.2960,93.0839,52.3407,33.3286,22.8024,11.3556
51.745,0.005564857552496113,1.0,8.270572613643559e-47,6,230.993,0.349286,0.0426356,14357.2,0.0,5.7728,13.7006,23.5154,45.2977,74.2359,200.0000,200.0000,200.0000,200.0000,181.2400,162.9470,148.0160,131.2030,116.1470,92.9431,53.2300,32.5125,22.1453,10.9906
51.864,0.003936415466886539,1.0,9.730245974225513e-48,6,232.623,0.29505,0.0398032,14463.2,0.0,6.2347,14.7025,24.9377,44.2628,71.5919,200.0000,200.0000,200.0000,200.0000,200.0000,161.3290,146.0900,129.0430,113.8760,92.2361,56.2954,31.9997,21.4096,10.5764
51.985,0.005686517263197754,1.0,1.1447537086216577e-48,6,234.224,0.24394,0.0370528,14567.7,0.0,6.6669,15.6034,25.4830,42.5154,69.9627,196.5790,200.0000,200.0000,200.0000,200.0000,159.6470,144.1010,126.8280,111.5640,90.7884,58.8903,32.0988,20.8553,10.1849
52.104,0.03029343577759746,1.0,1.3467912906562943e-49,6,235.795,0.196657,0.0317604,14671.6,0.0,7.0434,15.9260,24.9534,39.5824,66.0503,186.2090,196.1880,200.0000,200.0000,200.0000,200.0000,146.5180,127.9830,111.8360,90.4808,61.2690,33.5037,20.8590,9.8529
52.204,0.016005134445203135,1.0,2.2635521222060344e-50,6,237.086,0.166901,0.0127956,14724.6,0.0,7.1230,15.2586,22.9233,34.6984,53.1636,168.7780,180.0180,188.3660,194.6990,200.0000,200.0000,200.0000,146.2510,124.8990,98.1003,67.3534,38.0182,22.0859,9.8467
52.305,0.005244562455004163,1.0,3.804352051791683e-51,6,238.331,0.159587,-0.00541431,14795.0,0.0,7.0572,14.6540,21.5187,32.1271,49.8017,159.5490,171.1140,179.2140,185.1300,191.4660,198.2660,200.0000,200.0000,127.2380,98.8822,68.1169,40.1825,23.3178,9.9684
52.426,0.0013748305802046112,1.0,4.475782145412398e-52,6,239.758,0.177277,-0.0230926,14932.0,0.0,6.7940,13.7227,19.8011,30.0628,49.2378,152.7170,163.3760,171.0610,176.6820,182.7010,189.1580,196.1030,200.0000,124.5970,96.5576,66.6770,41.1619,24.8895,10.3134
52.546,0.00036040358761715754,1.0,5.265712936256232e-53,6,241.21,0.219065,-0.0399531,15076.1,0.0,6.3509,12.5548,18.2945,28.6501,52.2624,146.5360,156.1850,163.4270,168.7930,174.5360,180.6990,187.3270,197.4960,120.7580,93.5298,64.5590,41.2639,25.8699,10.8827
52.664,0.04301120738688481,1.0,6.195058612376094e-54,6,242.733,0.28509,-0.0645016,15200.6,0.0,5.7114,11.3045,16.6070,26.3310,49.3616,134.1150,144.3350,151.5110,156.3590,161.5120,167.0280,172.9480,182.0030,193.6240,96.9118,65.4055,42.1670,26.9776,11.6150
52.784,0.011275129949227532,1.0,7.288424506874353e-55,6,244.383,0.36672,-0.0639094,15293.0,0.0,5.0765,10.0996,14.8764,23.6056,42.6568,105.9910,129.5890,137.3120,142.1300,146.6890,151.4570,156.5590,164.3280,174.2430,105.9010,68.6271,43.4314,28.1372,12.2828
52.904,0.002955707665410302,1.0,8.574758548092611e-56,6,246.151,0.436249,-0.0470942,15318.5,0.0,4.5869,9.3647,14.1045,23.4134,48.0257,111.0920,122.7260,129.7390,134.2250,138.5140,143.0120,147.8240,155.1510,164.5010,103.5920,67.0664,42.4178,28.0449,12.6698
53.004,0.0009685262878016477,1.0,1.4411596691779251e-56,6,247.554,0.480357,-0.0328353,15399.1,0.0,4.2838,8.9544,13.7825,24.0529,52.1394,107.2950,116.8910,123.3670,127.5860,131.6520,135.9260,140.4970,147.4600,156.3420,101.9300,65.8446,41.6362,27.7220,12.8623
53.107,0.0778171382553306,1.0,2.4221570559873392e-57,6,248.913,0.511444,-0.0300534,15487.3,0.0,4.0374,8.4716,13.0743,22.8623,44.2509,83.3323,104.2150,111.2250,115.5390,119.5680,123.4210,127.3820,133.3910,141.0200,158.0490,70.2094,43.0152,28.1359,13.0923
53.224,0.020399295890805386,1.0,2.849643554798545e-58,6,250.468,0.550939,-0.0399717,15570.1,0.0,3.6757,7.5649,11.4406,18.6916,30.4032,44.3471,58.7299,82.0199,93.0287,98.3202,102.7410,106.7530,111.9920,117.8000,130.3480,87.6837,48.6273,30.2779,13.5687
53.325,0.006684441277499109,1.0,4.789395922549914e-59,6,251.778,0.586095,-0.030432,15644.6,0.0,3.4179,7.1415,10.8415,17.4768,27.7926,39.4924,50.9460,68.2851,83.0469,88.7635,93.2152,97.1691,102.2730,107.7720,119.0030,150.7170,50.3051,30.9998,13.7630
53.447,-0.01856932814450127,1.0,5.634676408920748e-60,6,253.322,0.616725,-0.0186642,15731.1,0.0,3.1932,6.7014,10.1695,16.3825,26.0253,36.9378,47.5959,63.6854,75.2108,80.2564,84.3405,88.0120,92.7853,97.9555,108.1750,136.9650,51.1567,31.5084,13.9817
53.564,-0.06506428815295213,1.0,6.629140448331171e-61,6,254.6,0.626197,0.0256039,15895.9,0.0,3.2563,7.4449,12.2691,23.2611,50.7483,72.6889,78.2681,82.6999,85.7325,88.6986,91.6332,94.7143,99.4064,105.3930,118.8770,169.1500,41.8970,27.9042,13.4586
53.664,-0.021320265941959356,1.0,1.1141596351510202e-61,6,255.839,0.599416,0.0437452,15919.4,0.0,3.5581,8.4658,14.5722,30.6776,64.1882,73.4492,77.9245,81.7429,84.4517,87.2995,90.3532,93.6355,98.6664,105.1410,119.9650,59.1829,38.3111,26.1766,13.0148
53.765,-0.006986224743861241,1.0,1.8725680987983196e-62,6,257.107,0.551385,0.0482156,15980.3,0.0,4.0043,9.6263,16.7679,36.4284,61.1703,68.8599,72.8165,76.2599,78.7877,81.4943,84.4005,87.5282,92.3302,98.5258,112.7720,153.2510,36.5298,25.1060,12.5726
53.887,-0.16392706470212848,0.788413984375,2.2030576425552353e-63,6,258.215,0.475289,0.0814864,15991.5,0.0,4.8644,12.7189,24.6722,50.8786,63.6821,70.2049,74.1205,77.9366,80.9196,84.1467,87.6487,91.4624,97.4087,105.2480,148.0890,45.4765,30.8596,22.0494,11.6116
54.005,-0.08120516388799477,0.20667799552000005,2.5918752858898097e-64,6,255.956,0.334609,0.155318,15661.2,0.0,6.7758,22.7636,45.1052,62.4990,77.6697,88.5061,95.6510,102.9390,108.8740,139.4430,138.4840,137.4340,135.7890,133.6040,37.8719,29.2311,22.4479,17.1135,9.9107
54.105,-0.02660930810281813,0.06772424557199362,0.37266490173339845,6,251.86,0.159245,0.181397,15237.0,0.0,8.8821,30.8160,47.5128,64.8048,82.8270,96.3245,106.1490,131.5150,130.5320,129.4600,128.2870,126.9990,124.9650,122.2240,29.0194,23.2680,18.2577,14.1717,8.4506
54.226,-0.006975470463305156,0.017753504631224694,0.8177153974393159,6,237.27,-0.0804354,0.188916,14114.9,0.0,11.5403,32.1646,45.7476,62.6051,80.7733,94.6023,123.7310,122.4650,121.4720,120.3940,119.2200,117.9350,115.9230,113.2270,23.8949,18.2483,14.2236,11.0938,6.6690
54.346,-0.0018285777291326666,0.004653974718047766,0.8849192343493684,6,219.953,-0.315621,0.189181,12977.4,0.0,13.8152,31.2987,43.0941,58.9929,76.1392,89.3653,115.9280,114.7210,113.7800,112.7670,111.6710,110.4810,108.6360,106.2080,22.0065,14.7147,10.7586,8.2527,4.9625
54.464,-0.0004793506802257538,0.0012200115484879137,0.8958823225051427,6,202.397,-0.535359,0.18898,11870.7,0.0,14.6823,29.7887,40.6286,55.6041,71.7467,109.9320,108.7440,107.5960,106.7080,105.7560,104.7350,103.6330,101.9420,99.7516,94.5446,12.7787,8.4181,6.0495,3.4010
54.566,-0.000157073630896375,0.00039977338420851946,0.8964888540833319,6,186.023,-0.667694,0.108273,11085.3,0.0,14.7979,28.5152,38.9390,53.3823,69.0040,104.2740,103.1130,102.0000,101.1420,100.2270,99.2495,98.2009,96.6015,94.5509,89.7944,13.1347,7.4417,5.0149,2.5829
54.684,-0.15729790673374144,0.00010479819402995811,0.8956882886631662,6,172.486,-0.737311,0.0402958,9807.29,0.0,14.6074,27.4292,37.6920,52.1127,67.9788,97.5967,96.4319,95.3213,94.4703,93.5661,92.6029,91.5749,90.0174,88.0330,83.4953,23.7160,7.4766,4.6086,2.1603
54.785,-0.07355906265931239,3.4340272219736675e-05,0.8950562641778156,5,162.546,-0.74767,-0.00287754,9403.82,0.0,14.2249,26.5349,36.6111,50.8987,67.3077,92.4667,91.3134,90.2194,89.3843,88.4999,87.5611,86.5642,85.0611,83.1590,78.8747,37.7967,9.0663,5.0077,2.1634
54.905,-0.019283066921762786,9.002096320770651e-06,0.8936395745829472,5,152.465,-0.71978,-0.0509856,7361.17,0.0,13.5387,25.1254,34.5849,47.9271,89.0665,87.2413,86.1529,85.1276,84.3496,83.5299,82.6650,81.7511,80.3847,78.6776,74.9418,61.1332,13.8077,6.6359,2.5297
55.005,-0.08454775946059509,2.949806922390127e-06,0.8830377619976657,4,145.568,-0.671572,-0.0860141,6082.69,0.0,12.9602,23.9326,32.8273,45.2745,84.9640,83.2246,82.1953,81.2309,80.5027,79.7389,78.9368,78.0928,76.8379,75.2867,71.9591,62.0720,18.1492,8.5684,3.0923
55.107,-0.23178144119400637,9.66592732328797e-07,0.3093891120727661,4,138.83,-0.607844,-0.105587,5235.99,0.0,12.4047,22.7845,31.1354,42.7246,81.0464,79.3890,78.4152,77.5077,76.8254,76.1126,75.3674,74.5870,73.4315,72.0156,69.0280,60.9294,22.6974,10.4992,3.7429
55.225,-0.0795116405767616,2.5338648522360016e-07,0.036399319646248866,4,126.564,-0.533587,-0.104836,8640.32,0.0,11.8390,21.7673,29.7661,40.8840,76.3390,74.7294,73.7926,72.9243,72.2745,71.5982,70.8939,70.1595,69.0782,67.7629,65.0256,57.9908,26.8020,12.4466,4.4475
55.326,-0.026054374384193245,8.30296834780693e-08,0.3524802308514313,3,121.587,-0.47825,-0.0884851,10934.0,0.0,11.5665,21.7470,30.2160,42.4168,71.7470,70.0744,69.1066,68.2123,67.5444,66.8505,66.1289,65.3798,64.2818,62.9481,60.1875,53.1167,25.9449,13.0037,4.8773
55.445,-0.006829997918569955,2.1765733345674998e-08,0.10591564563879063,3,115.414,-0.420321,-0.0808194,10383.0,0.0,11.1853,21.2602,29.7761,43.1026,67.1281,65.4719,64.5202,63.6447,62.9931,62.3181,61.6202,60.8984,59.8445,58.5716,55.9670,49.5180,27.1162,14.0148,5.3698
55.546,-0.002238053717957003,7.132195502710783e-09,0.017801242562511543,3,113.623,-0.377021,-0.0777672,10294.2,0.0,10.8726,20.7570,29.1665,66.4109,63.5803,61.9628,61.0388,60.1920,59.5640,58.9156,58.2475,57.5588,56.5571,55.3539,52.9168,47.0699,28.4698,14.8844,5.7503
55.664,-0.0005866923538401207,1.869662257862615e-09,0.6897175706335513,3,107.543,-0.328554,-0.0764225,9043.66,0.0,10.5020,20.0887,28.2686,62.3193,59.5561,58.0005,57.1183,56.3138,55.7195,55.1085,54.4813,53.8372,52.9051,51.7930,49.5669,44.4122,30.3764,15.9596,6.1879
55.786,-0.00015379788040506458,4.901207429251373e-10,0.22745000881329186,3,97.4357,-0.284632,-0.075949,8686.21,0.0,10.1589,19.4459,27.3782,58.5823,55.8985,54.4074,53.5673,52.8049,52.2439,51.6692,51.0813,50.4797,49.6132,48.5857,46.5498,41.9711,31.6822,16.9728,6.5891
55.906,-4.0317191560905254e-05,1.284822120333672e-10,0.026759266086874976,3,93.3137,-0.244471,-0.07529,8472.92,0.0,9.8469,18.8667,26.5820,55.1032,52.4998,51.0704,50.2702,49.5471,49.0170,48.4758,47.9240,47.3611,46.5538,45.6020,43.7327,39.6276,31.2742,17.8806,6.9536
56.024,-1.0568909864541946e-05,3.368084099127501e-11,0.003148200895854754,3,92.3612,-0.205624,-0.0748256,8395.9,0.0,9.5433,18.2975,26.1724,51.6873,49.1712,47.8058,47.0463,46.3630,45.8638,45.3559,44.8397,44.3149,43.5652,42.6861,40.9741,37.2929,30.2748,18.7667,7.3072
56.147,-2.770576307530484e-06,8.829230380816796e-12,0.5122943359342667,3,89.2563,-0.167599,-0.0743898,7773.67,0.0,9.2458,17.7384,51.8048,48.3096,45.8871,44.5879,43.8698,43.2266,42.7585,42.2837,41.8026,41.3150,40.6214,39.8123,38.2491,34.9515,28.9633,19.6325,7.6531
56.265,-7.262899555612712e-07,2.3145297689488383e-12,0.3025353254927593,2,79.922,-0.132592,-0.0745066,8631.16,0.0,8.9677,17.2019,48.6337,45.1968,42.8699,41.6357,40.9576,40.3527,39.9139,39.4703,39.0220,38.5690,37.9269,37.1815,35.7516,32.7842,27.5847,20.1314,7.9760
56.384,-1.9039255411065387e-07,6.067400917513243e-13,0.035592978508897644,2,75.394,-0.100658,-0.0754569,8611.43,0.0,8.7077,16.7274,45.7594,42.3942,40.1621,38.9903,38.3500,37.7810,37.3696,36.9546,36.5363,36.1148,35.5192,34.8308,33.5185,30.8322,26.2507,19.9985,8.2788
56.486,-6.238783213097908e-08,1.9881659326507393e-13,0.005982111897990427,2,74.5653,-0.0745125,-0.075909,8528.81,0.0,8.4976,16.7262,43.3959,40.0964,37.9442,36.8238,36.2145,35.6746,35.2852,34.8933,34.4992,34.1028,33.5442,32.9007,31.6802,29.2077,25.0741,19.5964,8.5240
56.606,0.18981038559537816,5.211857702487953e-14,0.0007037894826866759,2,73.7865,-0.0405874,-0.092625,8439.82,0.0,8.1140,16.4596,41.1321,37.9883,35.9653,34.9217,34.3568,33.8580,33.4991,33.1382,32.7753,32.4111,31.8992,31.3114,30.2028,27.9716,24.2975,19.5138,9.0132
56.725,0.2768279726972687,1.3662572255610018e-14,8.280012884860473e-05,2,72.936,0.0132243,-0.163747,8343.71,0.0,7.2832,13.1816,40.6076,37.8365,36.0190,35.0828,34.5772,34.1314,33.8110,33.4892,33.1659,32.8412,32.3843,31.8591,30.8663,28.8621,25.5348,21.1216,10.4137
56.844,0.1523637582522747,3.581561341374632e-15,9.741352358909496e-06,2,72.2198,0.0934625,-0.228318,8263.03,0.0,6.4081,10.8911,39.6743,37.2454,35.6307,34.7884,34.3308,33.9278,33.6385,33.3481,33.0566,32.7641,32.3531,31.8812,30.9910,29.1950,26.1957,22.1683,11.7883
56.946,0.07120352766716787,1.1736060203416396e-15,1.637229090961919e-06,2,71.692,0.174587,-0.259229,8209.94,0.0,5.7271,9.7941,38.2200,35.9663,34.4638,33.6846,33.2618,32.8879,32.6186,32.3482,32.0772,31.8055,31.4242,30.9872,30.1649,28.5142,25.7734,22.1003,12.4507
57.066,0.01866557755678205,3.0765377659643886e-16,1.9261836532257882e-07,2,71.1271,0.27942,-0.272641,8144.55,0.0,5.0225,9.2828,35.8947,33.7440,32.3325,31.6067,31.2148,30.8693,30.6211,30.3717,30.1215,29.8710,29.5202,29.1193,28.3680,26.8720,24.4221,21.1816,12.6943
57.185,0.17367795157119353,8.064959161209687e-17,2.266135806183608e-08,2,70.5923,0.382423,-0.241247,8061.77,0.0,4.4531,9.1593,33.6749,31.6363,30.3171,29.6434,29.2813,28.9630,28.7348,28.5060,28.2767,28.0468,27.7245,27.3569,26.6708,25.3142,23.1200,20.2528,12.7679
57.286,0.2831143184541494,2.64272581794519e-17,3.808694449452791e-09,2,70.1196,0.457954,-0.221816,8027.27,0.0,3.9576,8.2697,32.4817,30.6054,29.3954,28.7707,28.4352,28.1407,27.9298,27.7186,27.5071,27.2953,26.9983,26.6585,26.0206,24.7564,22.7213,20.0720,13.0482
57.405,0.3201614532209582,6.9277471681942376e-18,4.480890932836714e-10,2,69.5459,0.542317,-0.221163,7926.93,0.0,3.3309,6.5997,31.4692,29.8607,28.7959,28.2469,27.9500,27.6879,27.4995,27.3101,27.1197,26.9283,26.6592,26.3511,25.7735,24.6214,22.7330,20.2672,13.5676
57.506,0.33039934933051385,2.270084192073888e-18,7.531033390818667e-11,2,69.0013,0.608742,-0.218174,7887.9,0.0,2.8456,5.4718,30.5045,29.1069,28.1709,27.6776,27.4103,27.1746,27.0053,26.8352,26.6644,26.4928,26.2513,25.9738,25.4493,24.3891,22.6440,20.3202,13.9243
57.627,0.3347521397040158,5.950889504470172e-19,8.860185473964254e-12,2,68.4364,0.68644,-0.218837,7824.38,0.0,2.2725,4.2039,7.3666,28.1451,27.3637,26.9522,26.7273,26.5275,26.3831,26.2372,26.0900,25.9414,25.7312,25.4880,25.0283,24.0990,22.5343,20.4063,14.3436
57.747,0.33284032505567324,1.5599899782598287e-19,1.0423919608264206e-12,2,67.8954,0.762041,-0.211639,7755.29,0.0,1.7270,3.1264,4.7130,27.1068,26.3199,25.9670,25.7786,25.6114,25.4906,25.3688,25.2458,25.1219,24.9466,24.7439,24.3571,23.5593,22.1914,20.2925,14.6392
57.867,0.2288689586205112,4.089420128609445e-20,1.2263637179926756e-13,2,67.4645,0.833558,-0.189215,7717.25,0.0,1.2219,2.2106,3.2045,26.1981,25.2777,24.8662,24.6591,24.4845,24.3635,24.2456,24.1306,24.0185,23.8664,23.6959,23.3716,22.7053,21.5513,19.9015,14.7713
57.968,0.17194700444073002,1.3400211877427432e-20,2.0611495008302896e-14,2,67.2467,0.885217,-0.143673,7703.95,0.0,0.8695,1.6397,2.4379,25.2073,24.2188,23.7769,23.5543,23.3666,23.2364,23.1095,22.9856,22.8648,22.7007,22.5201,22.2007,21.6117,20.6146,19.1836,14.6302
58.086,0.19434539219176072,0.079361499609375,2.4249217762318273e-15,2,67.2012,0.92703,-0.0610274,7750.1,0.0,0.5912,1.2575,2.1614,23.7284,22.7069,22.2506,22.0208,21.8270,21.6927,21.5616,21.4337,21.3089,21.1393,20.9526,20.6219,20.0310,19.1785,17.9967,14.1928
58.186,0.3064283447041087,0.16530168595762498,4.075566029312832e-16,2,67.6598,0.940128,0.00551527,7813.87,0.0,0.5170,1.2653,25.0028,22.7717,21.6888,21.2062,20.9633,20.7586,20.6166,20.4782,20.3431,20.2113,20.0322,19.8349,19.4854,18.8598,18.0066,17.0018,13.7848
58.287,0.3350575727730461,0.21175424004834456,6.849803825466076e-17,2,68.2531,0.935685,0.059776,8058.18,0.0,0.5909,1.8656,24.6837,22.1927,20.9970,20.4666,20.2000,19.9756,19.8201,19.6685,19.5207,19.3765,19.1807,18.9651,18.5832,17.8994,16.9633,15.9952,13.3201
58.405,0.3270999050224607,0.23572773944073322,8.058725702622587e-18,2,69.2052,0.903525,0.158783,8136.99,0.0,1.0363,47.9959,25.1884,21.4404,20.1175,19.5347,19.2427,18.9973,18.8276,18.6622,18.5011,18.3442,18.1312,17.8969,17.4827,16.7424,15.7289,14.6742,12.5432
58.510,0.3032536023305138,0.24226738284743946,1.3544300288397783e-18,2,70.0898,0.841817,0.272577,8261.36,0.0,2.6361,43.8038,49.9111,20.9442,19.4705,18.8368,18.5204,18.2551,18.0718,17.8935,17.7200,17.5512,17.3224,17.0711,16.6277,15.8378,14.7600,13.6365,11.7110
58.627,0.25709967315237514,0.24456955682478415,1.593473384629711e-19,2,71.3194,0.705814,0.473877,8294.93,0.0,14.6121,39.9121,45.5811,20.5192,18.2643,17.6026,17.2740,16.9990,16.8094,16.6253,16.4463,16.2725,16.0371,15.7792,15.3252,14.5197,13.4263,12.2893,10.4423
58.749,0.1993580093351402,0.2468129387792762,1.8747055022830086e-20,2,72.4772,0.494902,0.591397,8481.25,0.0,15.2407,34.8918,40.0590,43.8074,46.0853,17.7550,17.0699,16.6167,16.3436,16.1012,15.8831,15.6828,15.4139,15.1203,14.6064,13.7034,12.4933,11.2480,9.1409
58.850,0.1805077552820188,0.24795527901356823,3.150817537687053e-21,2,73.4513,0.310897,0.56746,8591.37,0.0,16.4901,32.7863,37.5294,41.0266,43.1714,17.2950,16.0907,15.4425,15.0833,14.7804,14.5171,14.2837,13.9957,13.7084,13.2190,12.3620,11.2191,10.0484,8.0559
58.964,0.1790576229454839,0.24944306600548283,3.706905324913442e-22,2,74.6992,0.0994226,0.52444,8811.86,0.0,16.5226,29.8101,34.0203,37.1868,39.1521,40.1534,40.6924,41.1674,15.8341,14.4950,13.8621,13.3992,12.8939,12.4479,11.8197,10.9489,9.8492,8.7341,6.8277
59.066,0.1833349848463533,0.2486484628530516,6.230195779582022e-23,2,75.8268,-0.0689658,0.48582,8965.47,0.0,16.1887,27.3662,31.1200,33.9941,35.7967,36.7207,37.2197,37.6597,37.9758,38.2936,38.6132,38.9346,39.3876,12.2866,11.0630,9.8309,8.7205,7.6587,5.8466
59.166,0.1581607926741259,0.24954458729206294,1.0471090046743505e-23,2,76.9674,-0.229955,0.452143,9215.44,0.0,15.7668,25.1651,28.4801,31.0642,32.7039,33.5482,34.0058,34.4103,34.7015,34.9947,35.2897,35.5865,36.0051,36.4884,37.4085,8.9766,7.5422,6.5448,4.8893
59.270,0.15519689844342827,0.24851156723886317,1.759876104156181e-24,2,78.2558,-0.38234,0.407029,9263.54,0.0,15.0345,22.7730,25.6300,27.8989,29.3543,30.1101,30.5205,30.8839,31.1457,31.4097,31.6760,31.9444,32.3239,32.7626,33.5997,35.3322,6.8586,5.5328,3.9880
59.385,0.04374007536668921,0.24639466471976454,2.070476637778706e-25,2,79.867,-0.550542,0.369142,9343.35,0.0,14.1862,20.3350,22.7186,24.6506,25.9077,26.5651,26.9239,27.2425,27.4727,27.7051,27.9396,28.1764,28.5114,28.9000,29.6449,31.1977,33.9793,4.8018,2.9492
59.489,-0.09927253180984719,0.24525675217287246,3.4798500851146716e-26,2,81.3831,-0.678413,0.273099,9533.68,0.0,13.6208,18.8637,20.9693,22.7030,23.8421,24.4416,24.7698,25.0617,25.2730,25.4866,25.7024,25.9205,26.2297,26.5889,27.2798,28.7286,31.3498,4.9675,2.3010
59.606,-0.5911909514293996,0.24631394033848047,4.094008826636561e-27,2,81.6706,-0.749033,0.0628783,11517.6,0.0,12.9340,17.4088,19.2794,20.8453,21.8869,22.4386,22.7413,23.0112,23.2068,23.4047,23.6051,23.8081,24.0965,24.4324,25.0803,26.4469,28.9493,32.9947,2.1229
59.731,-0.5671993396351571,0.2401703926698406,4.816560444449649e-28,2,81.8,-0.752177,0.118269,9615.12,0.0,13.6283,19.2122,21.5856,23.5843,24.9183,25.6257,26.0142,26.3606,26.6119,26.8664,27.1242,27.3853,27.7565,28.1887,29.0220,30.8541,34.7139,4.8077,1.9586
59.844,-0.3126216558633799,0.2368636985097927,5.666635197290567e-29,2,81.6604,-0.741036,0.0839612,9781.47,0.0,13.4984,19.3185,21.8548,24.0125,25.4626,26.2341,26.6597,27.0468,27.3327,27.6269,27.9297,28.2413,28.6933,29.2332,30.3188,32.8232,38.3290,5.5753,2.1042
59.944,-0.3135375780867057,0.23676977407143887,9.523913776086258e-30,2,82.4699,-0.719494,-0.0035804,9710.51,0.0,12.8021,18.0869,20.4485,22.4809,23.8584,24.5994,25.0195,25.4032,25.6869,25.9790,26.2799,26.5898,27.0398,27.5782,28.6632,31.1799,36.7822,49.9766,2.5008
60.047,-0.13761883665180172,0.2381620340208541,1.6006841883468172e-30,2,83.4302,-0.692573,-0.0660766,9729.1,0.0,12.2728,17.1981,19.4463,21.4012,22.7551,23.5203,23.9566,24.3559,24.6517,24.9566,25.2712,25.5957,26.0677,26.6338,27.7796,30.4622,36.5651,51.7122,2.9655
60.148,-0.06840616146095692,0.24088908569857848,2.690269915354496e-31,2,84.6735,-0.651158,-0.138965,9852.56,0.0,11.6036,16.0134,18.0691,19.8775,21.1845,21.9282,22.3531,22.7422,23.0307,23.3285,23.6358,23.9532,24.4153,24.9704,26.0967,28.7479,34.8577,50.5147,3.7679
60.267,-0.31769826049637456,0.25529739293449316,3.1650756527154117e-32,2,86.0012,-0.574058,-0.192432,10020.1,0.0,10.8421,14.8606,16.7795,18.5700,19.9192,20.6924,21.1360,21.5435,21.8464,22.1596,22.4836,22.8191,23.3089,23.8996,25.1056,27.9866,34.8608,54.0523,5.1431
60.387,-0.20514045837284556,0.31683288524216974,3.723679854663155e-33,2,87.5107,-0.482853,-0.205141,10278.2,0.0,10.2030,14.1169,16.1522,18.1943,19.7674,20.6831,21.2131,21.7033,22.0695,22.4501,22.8459,23.2576,23.8627,24.5986,26.1227,29.8863,39.6379,65.7221,6.5259
60.505,-0.2373437504646131,0.39139229260329833,4.380872112212656e-34,2,89.666,-0.378518,-0.228676,10581.0,0.0,9.4207,13.1800,15.3464,17.5726,19.3267,20.3645,20.9709,21.5355,21.9598,22.4030,22.8661,23.3507,24.0677,24.9478,26.7992,31.5442,45.1241,73.6421,8.4602
60.607,-0.19876624051671316,0.45031860612774877,7.362931758995811e-35,2,91.8354,-0.282585,-0.237731,10902.0,0.0,8.7568,12.6033,14.9555,17.4430,19.4574,20.6728,21.3915,22.0663,22.5771,23.1139,23.6787,24.2736,25.1620,26.2653,28.6344,35.0221,53.4166,81.7409,9.6214
60.707,-0.13351290343997946,0.4852945414809407,1.237487940734426e-35,2,94.3566,-0.17657,-0.260396,11253.4,0.0,7.9955,11.8631,14.2940,16.9296,19.1161,20.4587,21.2611,22.0203,22.5989,23.2104,23.8579,24.5444,25.5780,26.8765,29.7209,37.7960,57.9405,87.2730,10.7062
60.824,-0.23812169168146566,0.5079844374382297,1.455892187394645e-36,2,97.3816,-0.037776,-0.248269,11716.5,0.0,7.2472,11.3641,14.0908,17.1994,19.9097,21.6373,22.6940,23.7110,24.4974,25.3398,26.2442,27.2178,28.7125,30.6414,35.0777,46.8537,66.9735,151.8190,11.2833
60.925,-0.12896846301206547,0.519062348272259,2.4469179993541797e-37,2,100.047,0.0648789,-0.206497,12027.5,0.0,6.7029,10.9475,13.8863,17.3823,20.5666,22.6668,23.9797,25.2641,26.2716,27.3650,28.5557,29.8570,31.8960,34.6031,40.3650,52.1461,71.9390,131.8700,11.6783
61.046,-0.041574542395055196,0.523660417725483,2.878774557060199e-38,2,103.335,0.173536,-0.173026,12440.0,0.0,6.0600,10.2562,13.2869,17.0446,20.6221,23.0675,24.6324,26.1913,27.4340,28.8027,30.3176,32.0028,34.5043,37.4198,43.0109,54.4929,74.2022,115.6860,12.2496
61.166,-0.07745023181519606,0.525945174044229,3.386849478635754e-39,2,106.724,0.27123,-0.155143,12668.4,0.0,5.4125,9.3480,12.2634,15.9716,19.6026,22.1432,23.7948,25.4605,26.8033,28.2978,29.9031,31.5466,33.9044,36.6698,42.0179,53.1384,73.0001,109.0920,12.9420
61.284,-0.1315228660451057,0.5285694900640253,3.984594543120179e-40,2,109.874,0.356281,-0.121172,13220.1,0.0,4.9052,8.8287,11.8979,16.0295,20.3466,23.5420,25.6785,27.6883,29.1789,30.7117,32.2836,33.8913,36.1965,38.8999,44.1311,55.0340,80.1508,97.4528,13.2009
61.386,-0.20740796272634576,0.5307122423010547,6.696908048622085e-41,2,112.453,0.410966,-0.0722841,13554.2,0.0,4.6728,8.9928,12.7124,18.2897,24.6846,28.7317,31.0561,33.1737,34.7298,36.3195,37.9397,39.5882,41.9389,44.6797,49.9475,60.8333,127.5530,36.4460,12.9408
61.506,-0.2389344147539415,0.5301561597332677,7.878845350123401e-42,2,115.331,0.446744,-0.00318557,14021.5,0.0,4.6796,10.1027,15.7304,24.8870,32.7054,37.1523,39.6440,41.8833,43.5135,45.1671,46.8420,48.5366,50.9390,53.7223,59.1457,131.9420,98.7774,28.0521,12.3153
61.624,-0.1677149061113678,0.5302224110246176,9.26938276596668e-43,2,118.151,0.445065,0.0686433,14426.2,0.0,5.0683,12.8087,21.8675,33.1222,41.7201,46.4121,48.9996,51.3055,52.9741,54.7215,56.7042,59.0170,63.1740,72.7711,123.1110,102.8340,72.4222,22.8923,11.5001
61.726,-0.14165259636733002,0.5316393714414217,1.5579051614760202e-43,2,120.541,0.412923,0.12305,14670.7,0.0,5.7279,16.3794,27.2842,39.5476,48.4380,53.5857,57.3521,62.0754,68.5692,125.1010,122.5550,119.8600,115.7710,110.4450,100.3630,84.9782,31.0520,19.8875,10.7508
61.843,-0.06644137975905487,0.53380545498089,1.832859843424923e-44,2,123.611,0.336769,0.165965,14905.9,0.0,6.8542,19.7839,31.4177,43.7355,54.5802,121.3240,117.3560,113.5810,110.6540,107.4700,104.0290,100.7540,96.5119,92.0975,84.8645,69.9316,25.7880,17.6041,9.8508
61.945,-0.0217715113194471,0.536051060941263,3.0804875388442684e-45,3,124.553,0.248265,0.185213,11683.4,0.0,7.8922,21.4314,32.7394,44.6404,119.4450,112.1930,107.8000,103.4900,100.1680,97.0361,94.1008,91.3448,87.7578,84.0031,77.7836,61.8436,23.8450,16.3370,9.1029
62.065,-0.00570727106332514,0.5435462548662614,3.624162784574893e-46,3,127.232,0.12343,0.180135,11927.8,0.0,8.8588,21.9217,32.0941,43.4088,113.3080,105.9960,101.5380,97.1544,94.0753,91.1921,88.4870,85.9440,82.6303,79.1566,73.3782,59.0787,23.4955,15.4709,8.3215
62.166,-0.20100860774488194,0.5586670063258266,6.091130392035023e-47,3,129.435,0.0229823,0.171715,12160.6,0.0,9.7263,23.1606,33.1527,47.6418,103.1800,94.8020,90.0101,86.2110,83.6952,81.3282,79.0970,76.9908,74.2331,71.3263,65.7661,50.7207,21.3874,14.1967,7.6155
62.286,-0.07726881543067432,0.5824188759719026,7.166153994925285e-48,3,132.026,-0.10066,0.191533,12493.8,0.0,11.1697,26.5882,39.5211,96.3504,80.0063,73.5114,70.4795,68.0350,66.3960,64.7507,63.0129,61.1781,58.4401,55.0564,47.8914,28.7595,16.5641,11.7515,6.5858
62.404,-0.020255556352258685,0.5998329177290285,8.43090851348965e-49,3,134.959,-0.227578,0.177292,12697.9,0.0,12.1710,27.6919,106.2350,82.4407,68.9096,63.7422,61.2910,59.0821,57.4108,55.6669,53.8437,51.9461,49.1591,45.7906,38.9659,23.8568,14.4763,10.2684,5.7061
62.504,-0.006637340705508125,0.6101450571220731,1.4169827938622056e-49,3,137.487,-0.326548,0.149434,12900.6,0.0,12.6774,27.9109,99.7293,75.5509,63.3599,58.6839,56.3726,54.2276,52.6244,50.9598,49.2395,47.4619,44.8875,41.8308,35.8495,23.8636,13.6349,9.4238,5.0743
62.625,-0.0017399390419047217,0.6207623260104588,1.667066087150947e-50,3,140.528,-0.425545,0.110459,13188.3,0.0,13.0070,28.5264,92.5132,68.4421,57.4603,53.2379,51.0578,49.0494,47.5653,46.0377,44.4753,42.8774,40.5953,37.9350,32.8971,23.4453,13.2799,8.7221,4.4602
62.725,0.08210591032640882,0.6313525396121071,2.801837972674596e-51,3,143.08,-0.485661,0.0691463,13423.6,0.0,12.9745,28.9579,88.0341,64.3134,53.7672,49.7387,47.7263,45.8890,44.5381,43.1585,41.7506,40.3240,38.2960,35.9575,31.5870,23.5321,14.2271,8.6565,4.1362
62.846,0.16398159505866688,0.6492198379565762,3.2963343564719353e-52,3,145.991,-0.510161,-0.0275024,13730.7,0.0,12.0869,25.0126,92.3697,72.0813,57.9221,52.7038,50.3009,48.3784,47.0972,45.8854,44.7370,43.6007,41.9716,40.0565,36.3749,29.0401,18.9700,11.1993,4.3418
62.946,0.06980509636691147,0.6605277354078608,5.5401491529223815e-53,3,148.433,-0.474117,-0.111092,13938.0,0.0,11.1965,22.0582,95.4958,78.0424,64.5041,57.4778,54.3360,51.8636,50.2355,48.7102,47.2782,45.9315,44.1754,42.3334,39.2095,32.8604,23.0670,14.1309,5.1597
63.065,0.05562036111919514,0.6703122529832581,6.517930076921656e-54,3,151.496,-0.370496,-0.144331,14369.9,0.0,10.4457,21.3607,91.7802,75.1712,62.9200,55.7535,52.4564,49.8833,48.1988,46.6278,45.1593,43.7838,41.9983,40.1350,37.0710,31.7808,23.6214,15.5846,6.1745
63.186,0.06058338590078029,0.6734940055585433,7.66827955619756e-55,3,154.735,-0.261393,-0.134555,14571.6,0.0,9.7002,20.5742,89.2637,73.6858,62.7958,56.4619,52.7614,49.8426,47.9521,46.2032,44.5806,43.0713,41.1273,39.1166,35.8496,30.7741,23.9738,16.7632,7.1095
63.304,0.05947069490432415,0.6765507313431388,9.021654215070871e-56,3,157.892,-0.16089,-0.117903,14866.7,0.0,9.0658,20.8615,86.2691,71.5607,61.6646,56.2029,53.0660,50.1341,47.9891,46.0154,44.2008,42.5270,40.3910,38.2049,34.7017,29.3767,23.3902,17.2056,7.8629
63.404,0.056597246456905184,0.6772808623965197,1.5162694239269613e-56,4,159.536,-0.0886269,-0.0986503,12177.2,0.0,8.6688,23.4633,83.5043,69.4413,60.2213,55.2796,52.5153,50.0007,48.1361,46.2004,44.2109,42.3581,40.0155,37.6431,33.8936,28.3132,22.3274,17.0141,8.2989
63.526,0.10745337160890145,0.6782963628295732,1.7838758145558307e-57,4,161.172,-0.0200526,-0.0789812,12241.9,0.0,8.3064,23.9334,81.8561,68.6446,60.2309,55.8521,53.4593,51.3275,49.7803,48.2100,46.6142,44.9894,42.6571,39.8899,35.2046,28.5572,21.8267,16.5758,8.6642
63.645,0.049757029141303866,0.5852821111907206,0.21740844726562497,4,162.762,0.0266953,-0.0463789,12205.6,0.0,8.2706,23.4138,79.8764,67.3950,59.6227,55.6561,53.5175,51.6329,50.2787,48.9175,47.5491,46.1733,44.2337,41.9964,37.7334,29.7252,21.8399,16.0806,8.7015
63.745,0.023177507712928695,0.20142274219497533,0.7484563863464355,4,155.515,0.0326207,0.0166237,11256.0,0.0,8.9015,24.8271,75.0170,62.9524,55.5713,51.8550,49.8685,48.1288,46.8859,45.6429,44.4000,43.1578,41.4204,39.4383,35.7385,28.5336,20.7455,15.1551,8.2306
63.846,0.009929115196406848,0.06600220416244952,0.7390250016513411,4,143.048,-0.00832049,0.096811,10284.6,0.0,9.5721,26.5095,69.6543,57.9861,50.9790,47.4998,45.6558,44.0509,42.9104,41.7751,40.6456,39.5227,37.9629,36.2000,32.9609,26.8269,19.4625,14.1849,7.6784
63.965,0.0066753550601492215,0.017302081807961164,0.3510001232048011,3,135.34,-0.0855336,0.0978286,12097.5,0.0,10.2625,31.2442,63.7043,52.5205,45.9561,42.7509,41.0689,39.6151,38.5882,37.5713,36.5652,35.5705,34.1983,32.6617,29.8803,24.7726,18.1408,13.1779,7.1000
64.085,0.0327813904931812,0.004535636933466171,0.8045287908203611,3,123.78,-0.155427,0.0939619,10683.2,0.0,10.8722,73.4101,58.0667,47.3784,41.2538,38.3137,36.7859,35.4744,34.5532,33.6453,32.7516,31.8723,30.6667,29.3271,26.9313,22.6272,16.9611,12.2745,6.5783
64.185,0.04760032755386069,0.001486237510358195,0.5926609972569672,3,112.806,-0.206617,0.0938017,9651.07,0.0,11.3516,68.4473,53.3759,43.1139,37.3601,34.6393,33.2373,32.0407,31.2040,30.3827,29.5774,28.7883,27.7114,26.5219,24.4130,20.6811,15.8485,11.5346,6.1804
64.286,0.05941220314118032,0.0004870103073941733,0.11019660753944724,3,106.116,-0.252563,0.0882413,9588.94,0.0,11.7055,64.4411,49.6252,39.7435,34.3096,31.7732,30.4755,29.3730,28.6049,27.8535,27.1189,26.4013,25.4256,24.3524,22.4617,19.1498,14.9028,11.0018,5.8495
64.386,0.07111081708860938,0.0001595835375269227,0.6891979217161178,3,99.9533,-0.291158,0.0698525,8493.51,0.0,11.8448,62.1654,47.5178,37.8766,32.6389,30.2132,28.9771,27.9298,27.2018,26.4907,25.7966,25.1198,24.2015,23.1936,21.4234,18.3376,14.3951,10.7616,5.6352
64.505,0.1521866026735637,4.183386686145762e-05,0.21751869383531452,2,90.0243,-0.328318,0.0635196,10055.3,0.0,12.3791,57.8373,43.4792,34.2679,29.3814,27.1525,26.0257,25.0760,24.4183,23.7782,23.1554,22.5501,21.7316,20.8373,19.2760,16.5799,13.1660,10.0160,5.3694
64.625,0.26035698196072515,1.0966497194529948e-05,0.02559085681103092,2,85.9969,-0.350415,0.0162808,9792.22,0.0,12.3002,58.8426,44.3565,35.0082,30.0234,27.7428,26.5882,25.6141,24.9391,24.2817,23.6418,23.0195,22.1775,21.2570,19.6488,16.8688,13.3484,10.1083,5.3635
64.726,0.2979873554185212,3.593501800703573e-06,0.0043010553042299665,2,84.9067,-0.347034,-0.0343536,9664.97,0.0,11.7204,63.3456,48.5647,38.7927,33.4615,30.9856,29.7221,28.6507,27.9053,27.1766,26.4651,25.7708,24.8280,23.7924,21.9714,18.7905,14.7184,10.9651,5.5847
64.844,0.3302253904446529,9.420149360436376e-07,0.0005060148554873515,2,83.6299,-0.322497,-0.103949,9506.58,0.0,10.6556,72.2715,57.2285,46.9020,41.0599,38.2768,36.8364,35.6028,34.7378,33.8866,33.0499,32.2278,31.1024,29.8536,27.6236,23.6192,18.2943,13.2602,6.2164
64.944,0.30852607512530233,3.0867945424277914e-07,8.504591676175918e-05,2,82.4934,-0.281446,-0.16788,9367.99,0.0,9.7236,22.0492,65.4916,54.9301,48.8065,45.8380,44.2857,42.9471,42.0027,41.0688,40.1457,39.2339,37.9772,36.5707,34.0249,29.3254,22.7783,16.2736,7.0786
65.054,0.12009177920118408,1.0114808356627385e-07,1.4293667230148869e-05,2,81.4504,-0.216414,-0.222082,9259.94,0.0,8.8304,16.8420,72.6827,62.1228,55.9039,52.8550,51.2503,49.8602,48.8759,47.8990,46.9303,45.9699,44.6402,43.1434,40.4077,35.2524,27.7723,19.8999,8.2262
65.163,0.034245993145411574,0.04966176947232902,2.4023366513711206e-06,2,80.8488,-0.134148,-0.228373,9275.47,0.0,8.1823,15.1581,26.7271,63.6710,57.5423,54.5358,52.9525,51.5803,50.6082,49.6433,48.6861,47.7369,46.4221,44.9409,42.2304,37.1066,29.6086,21.5647,9.1067
65.273,-0.07338733611715352,0.11414047526131776,4.037607209959443e-07,2,80.8732,-0.0515862,-0.186976,9332.56,0.0,7.8125,15.4860,69.8020,59.6568,53.7552,50.8840,49.3789,48.0785,47.1597,46.2498,45.3489,44.4577,43.2266,41.8443,39.3286,34.6229,27.8549,20.7096,9.4174
65.384,-0.0240829079331589,0.1777807735898786,6.786006437778835e-08,2,81.3528,0.0147502,-0.140492,9440.18,0.0,7.5923,16.6503,64.9822,55.1510,49.5185,46.8051,45.3907,44.1730,43.3153,42.4680,41.6312,40.8055,39.6682,38.3965,36.0957,31.8405,25.8271,19.5729,9.5172
65.492,-0.012986536133666413,0.2777733601399314,1.1405241019974889e-08,2,82.4645,0.0652224,-0.101281,9652.12,0.0,7.4511,18.3913,61.0321,51.5158,46.1390,43.5719,42.2399,41.0969,40.2938,39.5021,38.7219,37.9536,36.8982,35.7217,33.6032,29.7187,24.2956,18.7017,9.5620
65.602,0.25267442971225923,0.3825566555100277,1.9168788582271795e-09,2,84.2665,0.105183,-0.0871537,9980.98,0.0,7.2191,18.5095,59.8883,50.5313,45.2715,42.7675,41.4702,40.3581,39.5772,38.8078,38.0501,37.3045,36.2810,35.1409,33.0903,29.3376,24.1071,18.7040,9.7638
65.712,0.16389872110481313,0.45526887190877585,3.2216982970224207e-10,2,86.6142,0.149511,-0.10935,10405.6,0.0,6.7100,15.3323,62.8072,53.3694,48.0207,45.4602,44.1295,42.9860,42.1817,41.3881,40.6054,39.8337,38.7725,37.5877,35.4491,31.5075,25.9477,20.1218,10.3625
65.823,0.05370633293162517,0.49650445121269265,5.4147083278055824e-11,2,89.5286,0.196929,-0.105235,10743.6,0.0,6.3500,14.3931,62.8238,53.4833,48.1964,45.6669,44.3526,43.2234,42.4292,41.6455,40.8725,40.1105,39.0625,37.8922,35.7791,31.8817,26.3725,20.5700,10.7214
65.932,0.07625447237610916,0.5207608324796251,9.100500286542843e-12,2,92.6627,0.238992,-0.0792063,11110.0,0.0,6.1568,14.9372,60.4285,51.3233,46.2153,43.7846,42.5250,41.4448,40.6861,39.9384,39.2019,38.4765,37.4803,36.3698,34.3694,30.6954,25.5307,20.1066,10.8001
66.043,0.21859525250717532,0.5395558685712986,1.5295210831592558e-12,2,95.7777,0.27571,-0.0763791,11568.6,0.0,5.8679,14.0886,60.5204,51.4817,46.4145,44.0036,42.7545,41.6833,40.9308,40.1892,39.4586,38.7392,37.7510,36.6493,34.6642,31.0149,25.8745,20.4552,11.0736
66.154,0.14768749402116294,0.5525783330290681,2.570666084465761e-13,2,98.8841,0.315056,-0.0936011,12037.1,0.0,5.4524,12.1687,62.7812,53.6700,48.5305,46.0754,44.8003,43.7052,42.9352,42.1754,41.4260,40.6874,39.6716,38.5372,36.4879,32.7022,27.3238,21.5961,11.5855
66.264,0.07222291939866717,0.5615754384794651,4.3205184881616056e-14,2,102.21,0.356295,-0.088959,12361.8,0.0,5.1389,11.4281,62.7056,53.6757,48.5884,46.1596,44.8986,43.8157,43.0543,42.3031,41.5623,40.8321,39.8277,38.7062,36.6803,32.9363,27.6103,21.9178,11.8751
66.372,0.10370822444476424,0.5678756529622011,7.26149542305321e-15,2,105.551,0.394739,-0.0725148,12718.8,0.0,4.9003,11.2343,61.3671,52.4956,47.5236,45.1568,43.9300,42.8774,42.1377,41.4086,40.6899,39.9820,39.0090,37.9234,35.9646,32.3524,27.2258,21.7482,12.0067
66.484,0.11084477575997166,0.5689025701345292,1.220439535752553e-15,2,108.858,0.428171,-0.0611423,13104.9,0.0,4.6745,10.9155,60.5477,51.7932,46.9037,44.5809,43.3778,42.3464,41.6220,40.9081,40.2047,39.5121,38.5605,37.4993,35.5860,32.0613,27.0640,21.7214,12.1529
66.592,0.1237490821026322,0.5704738750410575,2.0511927277393165e-16,2,112.126,0.456059,-0.051195,13494.3,0.0,4.4852,10.6524,59.8385,51.1831,46.3639,44.0784,42.8957,41.8821,41.1706,40.4695,39.7792,39.0995,38.1661,37.1256,35.2507,31.8002,26.9121,21.6842,12.2686
66.703,0.17686363002250963,0.5705068852328287,3.447439617511471e-17,2,115.284,0.479834,-0.0496743,13900.0,0.0,4.2914,10.1176,59.9722,51.3429,46.5392,44.2613,43.0824,42.0721,41.3629,40.6641,39.9759,39.2983,38.3678,37.3303,35.4606,32.0181,27.1368,21.9059,12.4427
66.812,0.19310076782991187,0.5705177020124682,5.79411176515153e-18,2,118.308,0.503134,-0.0577744,14317.8,0.0,4.0632,9.2605,61.0894,52.4093,47.5634,45.2610,44.0683,43.0456,42.3272,41.6191,40.9214,40.2341,39.2897,38.2361,36.3355,32.8287,27.8397,22.4720,12.7194
66.923,0.19603139424542113,0.5711913538766956,9.738163643690178e-19,2,121.241,0.528774,-0.0690635,14698.6,0.0,3.8089,8.3508,62.5546,53.8055,48.9021,46.5668,45.3555,44.3159,43.5852,42.8644,42.1538,41.4535,40.4905,39.4151,37.4725,33.8791,28.7449,23.1929,13.0546
67.036,0.1963348006438728,0.5725505258070656,1.6366931635950087e-19,2,124.131,0.55793,-0.0767711,15066.3,0.0,3.5442,7.5588,14.1811,54.9032,49.9664,47.6111,46.3883,45.3382,44.5996,43.8709,43.1521,42.4433,41.4682,40.3787,38.4082,34.7558,29.5189,23.8298,13.3814
67.143,0.1992976673353928,0.5715728621558342,2.7507902000541314e-20,3,124.803,0.591565,-0.0848468,11866.5,0.0,3.2470,6.7370,11.4576,56.0921,51.1239,48.7493,47.5152,46.4548,45.7085,44.9717,44.2448,43.5276,42.5405,41.4366,39.4379,35.7249,30.3804,24.5448,13.7541
67.253,0.19922657564693338,0.5705959466430988,4.623253089230978e-21,3,126.984,0.629845,-0.0900291,12086.3,0.0,2.9256,5.9458,9.5833,57.0871,52.0559,49.6729,48.4335,47.3679,46.6178,45.8770,45.1457,44.4242,43.4304,42.3185,40.3036,36.5537,31.1385,25.1978,14.1309
67.368,0.19651266022727268,0.5708781747178856,7.770301467070506e-22,3,129.181,0.671111,-0.0903266,12254.3,0.0,2.5953,5.2165,8.1680,58.2204,52.5880,50.1882,48.9519,47.8888,47.1402,46.4010,45.6710,44.9507,43.9584,42.8477,40.8344,37.0837,31.6563,25.6815,14.4697
67.475,0.1922266020691266,0.5716272099009317,1.3059545675705402e-22,3,131.356,0.714423,-0.0914958,12427.0,0.0,2.2481,4.4620,6.8020,60.5022,53.7810,50.9997,49.6442,48.5235,47.7577,47.0171,46.2877,45.5676,44.5755,43.4648,41.4502,37.6929,32.2434,26.2219,14.8364
67.583,0.18729201516060046,0.5732956908590873,2.194917841715807e-23,3,133.504,0.758836,-0.0902475,12626.5,0.0,1.8980,3.7370,5.5933,10.3356,55.7153,52.3944,50.7938,49.4791,48.5854,47.7268,46.9016,46.1079,45.0465,43.8996,41.8874,38.1408,32.6981,26.6658,15.1776
67.694,0.18202707935824156,0.5752654558088306,3.6889984165717574e-24,3,135.651,0.803355,-0.0876802,12817.4,0.0,1.5489,3.0326,4.4764,7.5153,58.9174,54.8118,52.8619,51.2740,50.2015,49.1766,48.1963,47.2578,46.0094,44.6691,42.3768,38.4967,33.0751,27.0508,15.5001
67.802,0.17635286875861522,0.5768987521375625,6.200099638732153e-25,3,137.799,0.846995,-0.0844367,13001.3,0.0,1.2069,2.3529,3.4344,5.4677,64.2670,58.9141,56.4232,54.4187,53.0767,51.8031,50.5929,49.4417,47.9213,46.3025,43.5661,39.0343,33.4009,27.3941,15.8045
67.916,0.1354085877320699,0.5814244780223115,1.042050746281713e-25,3,139.909,0.889011,-0.0813683,13218.1,0.0,0.8766,1.7021,2.4596,3.7724,6.1754,66.0629,62.6334,59.9213,58.1286,56.4442,54.8589,53.3639,51.4093,49.3525,45.9312,40.4132,33.8474,27.7243,16.0969
68.022,0.0962269541019345,0.589235088973976,1.7513746892756755e-26,3,142.178,0.928257,-0.0648459,13363.9,0.0,0.5742,1.1348,1.6555,2.5545,4.0563,73.8926,69.2565,65.6621,63.3205,61.1446,59.1177,57.2251,54.7770,52.2328,48.0720,41.5413,34.0462,27.4674,16.1777
68.138,0.09398643337726019,0.5971809289549924,2.9435354402656282e-27,3,144.528,0.955221,-0.0413645,13614.3,0.0,0.3658,0.7467,1.1157,1.7844,2.9779,84.0330,77.6253,72.7808,69.6811,66.8394,64.2251,61.8122,58.7306,55.5744,50.5116,42.8036,34.2967,27.1094,16.0739
68.243,0.10423552250807624,0.6021955026593468,4.947200014454443e-28,3,146.869,0.96634,-0.0205978,13816.1,0.0,0.2803,0.5917,0.9099,1.5329,2.8739,104.3640,93.9907,86.4831,81.8221,77.6432,73.8760,70.4626,66.1896,61.9101,55.2427,45.5325,35.3890,27.2489,15.8951
68.356,0.08390178471293587,0.6054589828582898,8.314759064293583e-29,3,149.183,0.961544,0.00315684,14033.9,0.0,0.3279,0.7255,1.1714,2.2327,200.0000,143.3000,123.3890,110.0300,102.1400,95.3127,89.3472,84.0903,77.7005,71.5038,62.2316,49.5000,37.0896,27.7243,15.5732
68.463,0.03446728495104483,0.6092102955967544,1.3974615559358227e-29,3,151.613,0.935926,0.0426032,14177.3,0.0,0.5702,1.3924,2.5883,14.4474,192.2100,200.0000,155.3790,133.8430,121.7960,111.7460,103.2360,95.9361,87.3056,79.1793,67.4451,52.1117,37.9681,27.7802,15.1211
68.579,0.01129423993275837,0.6118625628642695,2.348713637061337e-30,3,154.028,0.877657,0.0976359,14404.4,0.0,1.1563,3.1661,6.5793,29.9195,185.0840,194.5680,198.6690,140.6540,126.8800,115.5710,106.1200,98.1053,88.7340,80.0138,67.5952,51.6683,37.2708,27.0694,14.5806
68.687,0.0015914536544475132,0.6117904956931138,3.947483009808989e-31,3,156.389,0.802094,0.0943519,14579.1,0.0,1.8631,5.0520,10.3405,42.6870,179.7230,189.1380,193.2170,140.7460,126.4320,114.7680,105.0820,96.9104,87.4060,78.6094,66.1607,50.3291,36.1454,26.1679,14.0317
68.797,0.008181865011745608,0.6155330350193445,6.634534694585968e-32,3,158.746,0.728257,0.0911977,14773.3,0.0,2.5485,6.8476,13.8214,52.6460,174.3850,183.6970,187.7430,140.7420,125.8780,113.8620,103.9460,95.6267,86.0013,77.1411,64.6818,48.9694,35.0170,25.2715,13.4921
68.908,0.006662881242348801,0.6210149488995137,1.1150662461190634e-32,4,160.648,0.656371,0.086395,12208.7,0.0,3.2042,8.4928,16.7986,57.6386,168.3240,177.6950,181.7580,144.2690,128.0860,115.1760,104.6370,95.8718,85.8188,76.6473,63.8813,47.9971,34.0890,24.4820,12.9829
69.012,0.008825620247367855,0.6269629167366426,1.8740918398523104e-33,4,161.194,0.58721,0.0836713,12216.5,0.0,3.8367,10.0923,19.7448,64.3433,163.1500,172.3290,176.3290,179.4860,127.1900,113.9510,103.2150,94.3344,84.2026,75.0096,62.2913,46.5928,32.9603,23.6046,12.4694
69.129,0.08850198471182624,0.630146751525013,3.1497861552397788e-34,4,162.958,0.523598,0.0636994,12350.1,0.0,4.3266,10.7979,19.6827,48.9118,149.7590,161.2840,165.9010,169.4670,171.8060,173.9990,126.3290,112.7700,98.0494,85.3342,68.6737,49.4663,33.8884,23.7385,12.1777
69.236,0.029000330350371223,0.6327335363678414,5.293845591111497e-35,4,164.684,0.47606,0.0379836,12502.0,0.0,4.6247,10.8616,18.4251,37.3843,98.7811,146.1680,152.3940,156.8430,159.6640,162.2600,164.6730,166.9320,131.7350,108.6320,82.3172,55.5353,36.1623,24.5166,12.0750
69.342,0.009502828249209642,0.6358038224626392,8.897366284981096e-36,4,166.488,0.4432,0.028516,12609.5,0.0,4.8653,11.1928,18.5664,35.7228,80.9193,136.7890,143.9250,148.7450,151.7430,154.4770,157.0030,159.3570,162.4120,120.1220,88.2054,57.6820,36.7357,24.5725,11.9112
69.453,0.003113886760701016,0.6417355598258077,1.4953803515167728e-36,4,168.295,0.418079,0.0254995,12748.5,0.0,5.0686,11.5861,19.0893,36.1729,78.8168,130.8960,138.0120,142.7970,145.7710,148.4840,150.9920,153.3300,156.3690,159.5600,89.4043,57.8272,36.5510,24.3398,11.7374
69.565,0.02567470936562151,0.6502237363687207,2.5132857567942403e-37,4,170.112,0.396281,0.0222747,12926.5,0.0,5.2408,11.8988,19.4670,36.3203,76.2261,124.8480,131.9680,136.7240,139.6760,142.3700,144.8600,147.1840,150.2050,153.3840,91.1041,58.2003,36.4809,24.1748,11.5925
69.675,0.030486786473726858,0.6588508881520524,4.22407937144408e-38,4,171.982,0.381327,0.00583523,13051.8,0.0,5.2805,11.5985,18.3582,31.9794,58.0601,98.2301,119.1420,125.3840,128.9100,132.0070,134.8050,137.3750,140.6760,144.1140,109.7510,64.9228,38.7985,25.0331,11.6531
69.787,0.009989910191710815,0.6715547648890394,7.099410199586066e-39,4,173.912,0.37713,-0.00411064,13171.4,0.0,5.2636,11.3437,17.6341,29.6726,50.6010,78.3058,107.2250,115.8410,119.8920,123.3010,126.3110,129.0390,132.5070,136.0890,142.0080,70.1495,40.5259,25.6865,11.7337
69.899,0.0032734937716197995,0.6827243348900905,1.1931978722444303e-39,4,175.87,0.380226,-0.00693685,13319.1,0.0,5.2229,11.1967,17.3208,28.8823,48.4989,73.5655,100.4100,109.5080,113.5670,116.9620,119.9510,122.6580,126.0980,129.6540,135.5380,72.0236,41.1759,25.9602,11.7937
70.004,0.060465225431434365,0.6864988249005348,2.005407663881214e-40,4,177.811,0.389452,-0.0228933,13474.6,0.0,5.0660,10.5532,15.9101,25.3412,39.5715,55.1055,69.7240,90.8193,100.4830,105.1750,108.8580,112.0160,115.8900,119.7930,126.1230,84.1102,44.9501,27.4380,12.0693
70.118,0.019813245069372414,0.6868682747871573,3.370488660685157e-41,4,179.736,0.414005,-0.0419639,13615.5,0.0,4.7762,9.6342,14.1338,21.5175,31.5208,41.1261,49.1240,59.2092,69.3912,83.8102,94.1730,98.8800,103.8320,108.4390,115.5400,126.6630,50.8958,29.7044,12.5351
70.227,0.006492404144331952,0.6883446095635056,5.664780292013544e-42,4,181.674,0.451427,-0.0478414,13751.6,0.0,4.4472,8.8858,12.9354,19.4534,28.0401,36.0323,42.5061,50.4449,58.2166,68.8252,83.4964,90.0333,95.5810,100.4550,107.7700,119.0810,54.1254,31.1045,12.9499
70.334,0.002127430990014694,0.6898162186930196,9.520796236787163e-43,4,183.598,0.49505,-0.0495499,13899.1,0.0,4.0872,8.1444,11.8300,17.7300,25.4426,32.5606,38.2839,45.2512,52.0178,61.1695,74.2357,82.9113,88.6675,93.5743,100.8670,112.1200,56.3427,32.2281,13.3642
70.441,0.000697116586808015,0.6905167851819537,1.6001602235168188e-43,4,185.497,0.541283,-0.0502051,14055.9,0.0,3.7108,7.3866,10.7203,16.0460,22.9875,29.3733,34.4939,40.7105,46.7303,54.8442,66.3739,76.1620,82.0127,86.8866,94.0884,105.2160,58.3222,33.3001,13.7875
70.557,0.00022843116316525032,0.6907463468090476,2.689389287664718e-44,4,187.405,0.588787,-0.0504225,14176.7,0.0,3.3259,6.6181,9.6023,14.3664,20.5699,26.2708,30.8381,36.3777,41.7372,48.9529,59.1904,69.4825,75.3930,80.2065,87.2867,98.2518,60.2013,34.3522,14.2159
70.664,7.485232354598923e-05,0.6877044406567637,4.520056575778091e-45,4,189.272,0.637009,-0.0504273,14315.9,0.0,2.9358,5.8419,8.4761,12.6813,18.1569,23.1889,27.2201,32.1096,36.8398,43.2081,52.2432,62.7281,68.7168,73.4587,80.4001,91.1782,62.4925,35.3955,14.6474
70.772,-0.0153436630179642,0.6646664051769083,7.596859086910239e-46,4,191.049,0.68562,-0.0494998,14435.1,0.0,2.5448,5.0713,7.3667,11.0418,15.8471,20.2829,23.8505,28.1941,32.4137,38.1224,46.2756,56.3717,62.2458,66.8449,73.5843,84.1130,97.8421,36.3300,15.0669
70.883,-0.043789747578489004,0.6013884579608693,0.10525721740722656,4,192.183,0.728279,-0.0290859,14439.9,0.0,2.2414,4.6194,6.9003,10.8196,16.5117,22.4393,27.7633,35.0439,43.1263,51.4479,55.3029,58.2620,61.7456,65.2015,70.8262,80.2599,93.1237,34.8054,15.1108
70.992,-0.022132724206181776,0.5481857062327425,0.6664625632566834,4,187.166,0.754904,-0.0154112,13793.1,0.0,2.0484,4.3239,6.5957,10.7224,17.2762,24.9206,32.6311,43.6521,47.8298,50.8112,53.3269,55.5735,58.4242,61.3950,66.4183,75.1533,87.4319,33.8612,15.1257
71.104,-0.016397732438744143,0.41130143948397,0.832038905517537,4,176.47,0.771064,-0.0135286,12837.3,0.0,1.9168,4.0600,6.2119,10.1534,16.5008,24.0433,31.8070,40.0520,43.1693,45.6967,47.9210,49.9518,52.5704,55.3361,60.0750,68.4518,80.4511,33.9776,15.2355
71.214,-0.10595026768930269,0.15520675569010728,0.8628357466542875,4,164.218,0.783044,-0.0111893,11714.2,0.0,1.8207,3.8727,5.9482,9.7899,16.0879,23.7563,31.6944,36.4548,38.8977,41.0359,42.9862,44.8051,47.1903,49.7458,54.1893,62.1871,73.8774,34.0441,15.3018
71.327,-0.17127142843589943,0.05085814970453436,0.869274223068604,4,151.085,0.790714,-0.00398857,10644.0,0.0,1.7688,3.8129,5.9285,9.9797,17.0303,26.3503,31.0839,34.0697,35.9517,37.7040,39.3614,40.9448,43.0638,45.3760,49.4724,57.0153,68.3041,34.9529,15.2557
71.432,-0.056122221669875516,0.01666519849518182,0.8102125496525856,3,138.207,0.794855,-0.00419027,12147.6,0.0,1.7335,3.7353,5.8058,9.7667,16.6478,24.3904,27.6298,30.0665,31.6786,33.2159,34.6947,36.1258,38.0640,40.2037,44.0450,51.2449,62.2448,76.0525,15.2941
71.545,-0.025384723728327774,0.005460852242901179,0.18326358700795192,3,127.663,0.798098,-0.00652296,11489.1,0.0,1.7021,3.6518,5.6532,9.4390,15.8849,21.5510,24.0419,26.0675,27.4541,28.8024,30.1192,31.4090,33.1763,35.1499,38.7431,45.6057,56.3207,70.0617,15.3579
71.658,-0.1648782497737845,0.0017894120629538585,0.030801111068426486,3,120.99,0.800292,0.00192326,10963.6,0.0,1.6979,3.7012,5.8159,9.9887,16.6505,20.3387,22.2414,23.8799,25.0378,26.1868,27.3274,28.4599,30.0334,31.8160,35.1162,41.5659,51.8925,65.4344,15.2467
71.763,-0.0755724018236337,0.0005863545447887203,0.005176742737270439,3,119.532,0.785637,0.0547034,10828.2,0.0,1.9272,4.7046,8.3453,15.5309,21.0375,23.9336,25.5010,26.8818,27.8725,28.8662,29.8620,30.8594,32.2576,33.8571,36.8555,42.8204,52.5602,65.5468,14.3866
71.876,-0.08145335944331829,0.00019213665723636787,0.0008700551518530427,3,118.401,0.750124,0.0838858,10732.0,0.0,2.3231,6.1144,10.7865,16.7716,21.3652,23.8644,25.2397,26.4631,27.3471,28.2386,29.1371,30.0417,31.3174,32.7862,35.5642,41.1719,50.4993,63.1617,13.8306
71.981,-0.2606309895499307,6.295933984321302e-05,0.0001462301693719409,3,117.147,0.690569,0.1398,10611.4,0.0,3.0857,8.4711,13.5469,19.3286,23.6204,25.9480,27.2301,28.3723,29.1985,30.0327,30.8743,31.7228,32.9211,34.3039,36.9266,42.2505,51.1828,63.4164,13.0095
72.092,-0.08540356265572129,2.0630516479824045e-05,2.4576904566342108e-05,3,115.851,0.598654,0.204328,10486.6,0.0,4.2095,11.2229,16.9950,22.9842,27.2424,29.5185,30.7659,31.8738,32.6740,33.4808,34.2939,35.1129,36.2683,37.5999,40.1230,45.2395,53.8273,65.5800,11.9790
72.204,-0.09239202525917128,6.760207640108742e-06,4.1306403504651184e-06,3,114.724,0.497272,0.178997,10403.2,0.0,5.0541,12.2059,17.5400,22.9713,26.8562,28.9490,30.1009,31.1275,31.8708,32.6220,33.3804,34.1458,35.2281,36.4792,38.8607,43.7305,52.0012,63.4741,11.4384
72.311,-0.36646117931771427,0.04507860971608951,6.942367237026725e-07,3,113.5,0.39991,0.191475,10321.7,0.0,6.0750,14.2755,19.9315,25.4384,29.2898,31.3463,32.4742,33.4775,34.2029,34.9352,35.6741,36.4193,37.4723,38.6887,41.0023,45.7251,53.7313,64.8253,10.5474
72.424,-0.1931761340975786,0.0875254486755182,1.1668036615270817e-07,3,112.371,0.295433,0.225042,10252.8,0.0,7.3697,17.2506,23.5310,29.3289,33.2629,35.3360,36.4669,37.4695,38.1924,38.9207,39.6541,40.3922,41.4331,42.6324,44.9046,49.5150,57.2670,20.6398,9.4704
72.534,-0.08975220294043049,0.12749784292824382,1.9610469139285663e-08,3,111.722,0.184818,0.236798,10225.0,0.0,8.5604,19.3800,25.8110,31.5824,35.4509,37.4788,38.5825,39.5597,40.2637,40.9725,41.6857,42.4031,43.4140,44.5780,46.7809,51.2439,58.7356,17.1208,8.5622
72.645,-0.25375083168848706,0.17032316699885192,3.295931548239742e-09,3,111.427,0.0702693,0.224617,10229.4,0.0,9.5076,20.3915,26.5725,32.0754,35.7611,37.6951,38.7484,39.6815,40.3542,41.0318,41.7140,42.4005,43.3684,44.4836,46.5972,50.8899,58.1279,15.4784,7.7842
72.755,-0.2175886721533944,0.20430127661218378,5.539472153126536e-10,3,111.245,-0.0471681,0.229079,10235.6,0.0,10.6470,22.0694,28.2548,33.6664,37.2614,39.1419,40.1646,41.0699,41.7223,42.3791,43.0402,43.7053,44.6425,45.7220,47.7668,51.9173,58.9265,13.0853,6.8871
72.864,-0.14767485240090786,0.22854372942965537,9.310190847759771e-11,3,111.437,-0.165314,0.223593,10271.5,0.0,11.6435,23.2260,29.2732,34.5096,37.9756,39.7870,40.7720,41.6439,42.2721,42.9046,43.5412,44.1817,45.0846,46.1246,48.0952,52.0985,21.0485,11.2582,6.0402
72.972,-0.1300345107227002,0.24946047488450943,1.564763775782985e-11,3,111.87,-0.279669,0.204706,10314.1,0.0,12.3966,23.7056,29.4640,34.4359,37.7310,39.4554,40.3942,41.2258,41.8253,42.4293,43.0374,43.6495,44.5130,45.5085,47.3976,51.2453,16.9092,9.8940,5.2697
73.084,-0.11154028307281753,0.27460163028515605,2.6298984779584634e-12,3,112.476,-0.38539,0.182073,10375.6,0.0,12.9951,23.9176,29.3737,34.0801,37.2055,38.8446,39.7379,40.5298,41.1012,41.6770,42.2573,42.8418,43.6670,44.6192,46.4285,50.2312,14.5768,8.6900,4.5603
73.193,-0.15256580909598444,0.33795734893058993,4.42007037190479e-13,3,113.341,-0.478513,0.154369,10506.1,0.0,13.4019,23.8055,28.9344,33.3643,36.3163,37.8683,38.7155,39.4675,40.0104,40.5581,41.1104,41.6670,42.4535,43.3622,45.0986,49.0533,13.2363,7.7169,3.9434
73.303,-0.2703287951212968,0.4091926512069507,7.42881227406038e-14,3,114.469,-0.561835,0.146565,10677.4,0.0,13.9759,24.3391,29.3613,33.6769,36.5466,38.0545,38.8774,39.6076,40.1349,40.6667,41.2034,41.7534,42.5541,43.5158,45.4660,50.0539,10.2778,6.4369,3.3246
73.415,-0.09737569420784654,0.45070925185374355,1.2485604789013283e-14,3,115.937,-0.639977,0.141206,10837.7,0.0,14.5269,24.8781,29.8162,34.0378,36.8383,38.3210,39.1658,39.9427,40.5205,41.1185,41.7376,42.3789,43.3163,44.4480,46.7631,52.3188,7.9531,5.2284,2.7359
73.524,-0.03190806747802716,0.47679849163180965,2.0984555968894625e-15,3,117.769,-0.70576,0.0953786,10986.7,0.0,14.4560,23.8938,28.3942,32.2701,34.8773,36.3447,37.1896,37.9681,38.5480,39.1489,39.7718,40.4181,41.3644,42.5096,44.8618,50.5590,7.7720,4.7206,2.3180
73.636,-0.10976264027691479,0.49931124770666135,3.5268743216921197e-16,3,119.7,-0.74488,0.0405185,11158.3,0.0,14.1200,22.5333,26.5613,30.0627,32.5216,33.9436,34.7641,35.5210,36.0856,36.6712,37.2791,37.9104,38.8360,39.9584,42.2709,47.9133,10.9204,4.7699,2.1107
73.743,-0.35065235612857026,0.5249543018360188,5.927617672467945e-17,3,121.419,-0.762406,0.0297648,11402.3,0.0,14.1297,22.3530,26.2805,29.9082,32.7373,34.4002,35.3684,36.2673,36.9414,37.6438,38.3765,39.1413,40.2701,41.6503,44.5356,51.8190,71.8147,4.5671,1.9849
73.854,-0.20363871537000988,0.5450349572662515,9.962547022116875e-18,3,122.898,-0.77236,0.0412652,11710.8,0.0,14.3207,22.7391,27.0706,31.6706,35.4136,37.6796,39.0224,40.2850,41.2420,42.2488,43.3094,44.4281,46.1010,48.1834,52.6716,64.8898,8.1419,4.1841,1.8795
73.962,-0.06672833425244484,0.5654086583126303,1.6744052780071834e-18,3,124.893,-0.775303,0.0227973,11810.8,0.0,14.1392,22.3825,27.2810,32.6973,37.2778,40.1310,41.8512,43.4893,44.7444,46.0777,47.4967,49.0097,51.3041,54.2148,60.7034,80.0143,172.3900,4.4016,1.8894
74.073,-0.21068636509809818,0.5847399548590076,2.8141729507466737e-19,3,127.11,-0.762592,-0.0226095,11965.9,0.0,13.5935,21.5116,26.6326,32.4543,37.5159,40.7354,42.7020,44.5928,46.0537,47.6172,49.2945,51.0983,53.8647,57.4285,65.5999,91.9460,200.0000,5.7178,2.0966
74.181,-0.14846755136546982,0.5993536489550746,4.729780478319933e-20,3,129.117,-0.731482,-0.0401052,12245.6,0.0,13.2069,21.9740,28.1768,35.7125,42.7312,47.4437,50.4239,53.3655,55.6913,58.2337,61.0244,64.1010,68.9783,75.5629,92.0932,164.2860,51.8983,7.5502,2.4252
74.293,-0.04864984723143716,0.6122377642364738,7.949342049912314e-21,3,131.448,-0.679372,-0.0797198,12415.3,0.0,12.6849,22.1194,29.1950,38.3088,47.3597,53.7689,57.9696,62.2338,65.6914,69.5614,73.9219,78.8721,87.0437,98.7543,132.1610,200.0000,29.0494,9.8783,3.0554
74.403,-0.012711729338258263,0.6247388459756327,1.3360459183287626e-21,3,133.976,-0.595905,-0.132934,12586.8,0.0,12.0508,21.3729,28.5217,37.9452,47.5534,54.5137,59.1480,63.9123,67.8206,72.2438,77.2906,83.1022,92.8930,107.3690,151.8000,200.0000,31.7224,12.2842,3.9934
74.514,-0.08637336759149797,0.6436438215336703,2.2454923749351517e-22,3,136.494,-0.506271,-0.114021,12875.3,0.0,11.5428,20.9675,28.4337,38.6217,49.4398,57.5638,63.1128,68.9390,73.8129,79.4347,85.9906,93.7338,107.2710,128.5040,200.0000,200.0000,31.0933,13.7224,4.7622
74.623,-0.028302825092382057,0.682285355877653,3.77399903455351e-23,3,139.21,-0.430661,-0.089938,13158.0,0.0,11.1806,20.9787,29.1055,40.7743,53.9626,64.4565,71.9385,80.0856,87.1428,95.5720,105.8150,118.5280,142.5180,185.4470,200.0000,105.9920,28.6538,14.2734,5.3314
74.734,-0.009274269726271753,0.7179057458827393,6.342960177374084e-24,3,142.199,-0.365747,-0.0819705,13450.3,0.0,10.7450,20.3897,28.5221,40.4210,54.1957,65.4128,73.5529,82.5557,90.4740,100.0810,111.9790,127.1000,156.7540,200.0000,200.0000,94.6835,29.9354,15.4034,5.8833
74.841,-0.003038992703904728,0.738363018873356,1.0660613170112627e-24,3,145.36,-0.305397,-0.079192,13733.3,0.0,10.2945,19.6130,27.5167,39.1606,52.7595,63.9290,72.0897,81.1690,89.2017,99.0072,111.2440,126.9440,158.2270,200.0000,200.0000,96.9944,32.0882,16.6872,6.4221
74.954,-0.10881840717640301,0.7577488057431713,1.7917292555008294e-25,3,148.549,-0.247861,-0.0674461,14089.6,0.0,9.9411,19.2694,27.3892,39.7228,54.7192,67.5424,77.2158,88.2943,98.3865,111.0940,127.5810,149.8270,198.2470,200.0000,200.0000,82.5023,31.8891,17.2837,6.8600
75.062,-0.03565761566356374,0.7959184431190474,3.0113593597202445e-26,3,151.911,-0.203479,-0.0364206,14435.4,0.0,9.8594,20.0702,29.6678,45.7221,68.0995,90.2968,109.3360,134.0980,159.9950,198.3070,200.0000,200.0000,200.0000,200.0000,143.1460,55.7999,27.7603,16.4274,7.0189
75.173,-0.011684287500636567,0.8248653366912494,5.0611916758818164e-27,3,155.513,-0.173745,-0.0246218,14806.3,0.0,9.7231,20.1936,30.3646,48.1477,74.6857,103.2590,129.7770,167.4280,200.0000,200.0000,200.0000,200.0000,200.0000,200.0000,109.7380,50.9005,26.9772,16.4053,7.1902
75.283,-0.0038287073282085903,0.8489574907144886,8.50634484965457e-28,4,158.791,-0.152541,-0.0208753,12216.4,0.0,9.5817,20.0306,30.2923,48.5074,76.3577,107.2740,136.8710,180.4650,200.0000,200.0000,200.0000,200.0000,200.0000,197.4870,103.9430,50.2819,27.1261,16.6298,7.3459
75.392,-0.02077412501340114,0.9075226698541986,1.4296613788814434e-28,4,159.963,-0.135276,-0.0189555,12274.3,0.0,9.4556,19.8341,30.0849,48.4263,76.8357,108.9030,140.1370,187.1300,200.0000,200.0000,200.0000,200.0000,199.2880,191.9550,102.0610,50.3556,27.4031,16.8678,7.4806
75.503,-0.04531406883989129,0.9645555538484488,2.4028318794860425e-29,4,163.23,-0.12625,0.00638932,12587.1,0.0,9.6182,21.1489,33.5098,58.4938,106.6160,181.4800,200.0000,200.0000,198.3110,195.9400,192.9000,188.3920,145.4140,104.8460,68.8635,40.8905,24.4797,15.8096,7.3671
75.613,-0.014848514077455577,0.9867933998225596,4.0384395398521925e-30,4,166.719,-0.132288,0.0217769,12835.0,0.0,9.8240,22.2817,36.4152,67.7831,141.4830,197.0530,194.4620,191.4870,188.7190,184.8830,170.7050,132.7450,101.2400,79.6508,56.9227,36.2925,22.7188,15.0436,7.2075
75.722,-0.004865561092900643,0.9968586077382313,6.78740533462958e-31,4,170.264,-0.14933,0.0265562,13103.3,0.0,10.0220,22.9601,37.9180,72.2312,159.4680,190.9240,188.1020,184.8170,181.6440,176.6270,144.6900,116.0130,90.8232,72.7773,53.0451,34.4444,21.8296,14.5596,7.0339
75.832,-0.0015943470589216825,1.0,1.1407592145911934e-31,4,173.823,-0.171798,0.0280263,13366.2,0.0,10.2338,23.5187,38.9691,74.7896,188.9790,185.2000,182.3130,178.9470,175.6470,170.0110,135.2360,109.3000,86.1739,69.4040,50.8706,33.2089,21.1240,14.1196,6.8386
75.943,-0.0005224356442674569,1.0,1.9172740119634187e-32,4,177.363,-0.196685,0.0287225,13620.0,0.0,10.4589,24.0717,39.9484,76.9453,183.3150,179.4830,176.5750,173.1890,169.8460,163.8300,128.7350,104.4190,82.5890,66.6718,48.9944,32.0635,20.4305,13.6700,6.6287
76.053,-0.00017119171191356028,1.0,3.222362431906918e-33,4,180.866,-0.222898,0.0290028,13882.2,0.0,10.6912,24.6211,40.8862,78.8667,177.5730,173.7180,170.8150,167.4440,164.1120,157.9730,123.6100,100.4020,79.5126,64.2477,47.2616,30.9601,19.7410,13.2141,6.4107
76.164,-5.6096100159835435e-05,1.0,5.415824539305958e-34,4,184.341,-0.249969,0.0292117,14139.9,0.0,10.9303,25.1830,41.8392,80.7932,171.7160,167.8450,164.9530,161.6060,158.2970,152.0760,118.6470,96.4713,76.4708,61.8321,45.5193,29.8407,19.0370,12.7468,6.1862
76.273,-1.8381570100374873e-05,1.0,9.102376303211524e-35,4,187.789,-0.277763,0.0294191,14393.1,0.0,11.1757,25.7601,42.8181,82.7739,165.7360,161.8530,158.9740,155.6540,152.3700,146.0450,113.6290,92.4856,73.3789,59.3720,43.7412,28.6959,18.3159,12.2677,5.9558
76.384,-6.023272890490839e-06,1.0,1.5298363852807608e-35,4,191.204,-0.306248,0.0296046,14647.6,0.0,11.4271,26.3500,43.8174,84.7882,159.6350,155.7460,152.8840,149.5950,146.3410,139.9080,108.6190,88.4871,70.2645,56.8862,41.9379,27.5306,17.5801,11.7780,5.7199
76.493,-1.973706060756038e-06,1.0,2.571196012741375e-36,4,194.593,-0.335405,0.0297677,14894.6,0.0,11.6842,26.9523,44.8357,86.8333,153.4140,149.5230,146.6830,143.4290,140.2120,133.6610,103.6130,84.4756,67.1269,54.3745,40.1098,26.3455,16.8300,11.2782,5.4786
76.602,-6.467440019885385e-07,1.0,4.321409138614429e-37,5,196.476,-0.365168,0.0298745,13473.2,0.0,11.9460,27.5624,45.8620,88.8710,147.0830,143.1990,140.3870,137.1760,134.0050,127.4000,98.7002,80.5113,64.0059,51.8641,38.2726,25.1481,16.0693,10.7700,5.2328
76.713,-2.1192507457160432e-07,1.0,7.262992339269273e-38,5,198.078,-0.395132,0.0298955,13550.8,0.0,12.2085,28.1693,46.8739,90.8418,140.7190,136.8520,134.0750,130.9160,127.8060,121.3270,93.9906,76.6773,60.9639,49.4024,36.4587,23.9579,15.3095,10.2611,4.9857
76.823,-6.94436084356233e-08,1.0,1.2206911224609867e-38,5,200.807,-0.425525,0.0299694,13742.1,0.0,12.4754,28.7898,47.9145,92.8955,134.2480,130.3990,127.6580,124.5510,121.4980,115.0150,89.0973,72.7109,57.8284,46.8727,34.6010,22.7431,14.5358,9.7436,4.7348
76.933,-2.2755281612185043e-08,1.0,2.05161556952018e-39,5,203.515,-0.45638,0.0300128,13926.0,0.0,12.7460,29.4171,48.9635,94.9507,127.6730,123.8500,121.1500,118.1000,115.1120,108.6940,84.2165,68.7421,54.6827,44.3291,32.7284,21.5154,13.7526,9.2192,4.4803
77.042,-7.456450678680797e-09,1.0,3.4481502876925665e-40,5,206.213,-0.487686,0.0300342,14089.9,0.0,13.0203,30.0515,50.0218,97.0143,120.9910,117.2030,114.5480,111.5610,108.6440,102.3610,79.3237,64.7548,51.5152,41.7641,30.8370,20.2736,12.9595,8.6878,4.2222
77.153,-2.4433297583901236e-09,1.0,5.795306188524897e-41,5,208.867,-0.519416,0.0300347,14268.3,0.0,13.2980,30.6925,51.0888,119.1840,114.2020,110.4560,107.8510,104.9330,102.0930,96.0202,74.4098,60.7436,48.3246,39.1775,28.9271,19.0179,12.1568,8.1497,3.9607
77.263,-8.006302952292757e-10,1.0,9.740171111053795e-42,5,211.494,-0.551555,0.0300347,14441.6,0.0,13.5793,31.3417,52.1694,112.3120,107.3010,103.6040,101.0540,98.2085,95.4518,89.5990,69.4338,56.6814,45.0929,36.5575,26.9926,17.7461,11.3439,7.6047,3.6959
77.372,-2.623505351407291e-10,1.0,1.6370305586348117e-42,5,214.091,-0.584096,0.0300347,14614.2,0.0,13.8641,31.9990,53.2636,105.3090,100.2840,96.6457,94.1555,91.3881,88.7193,83.0973,64.3954,52.5684,41.8208,33.9048,25.0340,16.4584,10.5207,7.0529,3.4277
77.483,-8.59670233549141e-11,1.0,2.751357259897528e-43,5,216.66,-0.617039,0.0300347,14783.4,0.0,14.1524,32.6645,54.3712,98.1721,93.1497,89.5792,87.1541,84.4706,81.8953,76.5153,59.2947,48.4045,38.5082,31.2192,23.0510,15.1547,9.6874,6.4943,3.1562
77.593,-2.8169674212938253e-11,1.0,4.624206146709775e-44,5,219.199,-0.650364,0.0300347,14950.9,0.0,14.4441,33.3376,55.4917,90.8948,85.8927,82.4014,80.0475,77.4547,74.9793,69.8571,54.1350,44.1925,35.1573,28.5026,21.0452,13.8360,8.8444,5.9291,2.8815
77.702,0.00801834122280061,0.9962090820312499,7.771903270775122e-45,6,219.514,-0.683913,0.0294635,13403.7,0.0,14.7288,33.9530,56.4422,83.5349,78.5937,75.2130,72.9553,70.4913,68.1728,63.9774,49.6716,40.4377,32.0902,25.9684,19.1348,12.5551,8.0145,5.3683,2.6064
77.813,0.02599200015773105,0.850842778328125,0.3425830078125,6,220.067,-0.713757,0.0187842,13556.0,0.0,14.8227,33.4119,54.2607,76.8805,72.3454,69.3681,67.4652,65.5114,63.8524,61.8088,58.7583,47.4049,35.4586,27.5336,19.4104,12.2247,7.5911,5.0032,2.3845
77.923,0.008517058611685311,0.32766628660256003,0.8021124476074218,6,210.619,-0.734089,0.0130431,12630.4,0.0,14.9100,33.2192,74.9330,69.9390,65.6461,62.9120,61.2062,59.5012,58.1049,56.4817,54.4599,51.2025,37.3638,28.1655,19.2779,11.8354,7.2307,4.7221,2.2275
78.032,0.002790869765877043,0.10736968879392687,0.8884302454597602,6,196.719,-0.749153,0.0132729,11620.6,0.0,15.0430,33.5312,67.9888,62.9354,58.7517,56.1439,54.5360,52.9452,51.6574,50.1842,48.4029,45.8749,35.0586,26.4626,18.1356,11.1461,6.8141,4.4517,2.1008
78.142,0.0009145122048825893,0.03518289962399396,0.9056236367596953,6,182.615,-0.762457,0.0139891,10670.3,0.0,15.1686,33.8598,61.3898,56.3158,52.2557,49.7764,48.2652,46.7851,45.6006,44.2660,42.6931,40.6258,32.6549,24.7480,17.0273,10.4997,6.4324,4.2072,1.9880
78.253,0.032744033824952175,0.011528732548790341,0.8724667036011493,5,168.878,-0.774858,0.0141646,10807.9,0.0,15.2781,34.1162,55.1868,50.1450,46.2396,43.9042,42.4993,41.1395,40.0664,38.8778,37.5165,35.8457,30.8267,23.3851,16.1048,9.9389,6.0919,3.9857,1.8839
78.363,0.09103659856597283,0.0037777350815876194,0.23972829366306353,5,157.383,-0.786202,0.0132148,10367.3,0.0,15.3608,54.5595,49.3860,44.4305,40.7143,38.5413,37.2541,36.0259,35.0721,34.0359,32.8844,31.5534,28.9768,22.5773,15.4678,9.5039,5.8092,3.7948,1.7906
78.474,0.11154184874511047,0.001237888231534631,0.04029113431595109,5,149.889,-0.795081,0.00480383,9957.71,0.0,15.3055,49.3737,44.1836,39.4417,36.0149,34.0704,32.9451,31.8946,31.0974,30.2530,29.3509,28.3727,26.8094,24.4151,16.4930,9.7091,5.7830,3.7246,1.7305
78.583,0.12599368052267246,0.0004056312157092679,0.006771730944481901,4,148.199,-0.787127,-0.0461944,10918.3,0.0,14.5097,45.7577,41.0198,36.8982,34.0619,32.5204,31.6602,30.8830,30.3123,29.7274,29.1269,28.5091,27.6113,26.5290,24.2869,16.8266,7.8589,4.5363,1.8959
78.693,0.1450060933086943,0.00013291723676361287,0.001138124819839073,4,146.571,-0.746066,-0.103914,10818.7,0.0,13.4894,42.2735,37.9377,34.3267,31.9390,30.6769,29.9837,29.3653,28.9172,28.4636,28.0044,27.5394,26.8781,26.1068,24.6111,21.3725,14.4082,6.7495,2.4186
78.802,0.23859447988249838,4.355432014270066e-05,0.6198159474192321,4,141.347,-0.666899,-0.172314,9918.34,0.0,12.2285,39.0636,35.0972,31.9187,29.8819,28.8285,28.2573,27.7523,27.3885,27.0223,26.6536,26.2824,25.7586,25.1542,24.0076,21.6668,17.6415,11.9088,3.4735
78.912,0.3754988307786158,1.4271879624360153e-05,0.4478178108262073,3,130.716,-0.563266,-0.219557,11199.7,0.0,11.1327,35.3765,31.6020,28.6939,26.8831,25.9632,25.4692,25.0354,24.7247,24.4133,24.1014,23.7889,23.3507,22.8491,21.9071,20.0273,16.9722,13.0362,4.8877
79.024,0.5142355993015367,4.676609515310335e-06,0.07526473946556067,3,123.405,-0.443389,-0.241719,11127.7,0.0,10.8547,31.1787,27.5211,24.8223,23.1933,22.3811,21.9493,21.5726,21.3043,21.0367,20.7698,20.5037,20.1327,19.7111,18.9283,17.4001,15.0086,12.0952,5.9610
79.132,0.5867269191631275,1.5324314059768908e-06,0.012649744761976783,3,120.26,-0.308982,-0.21945,10867.5,0.0,10.8129,28.6044,25.1542,22.6824,21.2210,20.5010,20.1207,19.7902,19.5555,19.3221,19.0899,18.8591,18.5383,18.1752,17.5052,16.2120,14.2163,11.8113,6.6060
79.243,0.6120752581513735,5.021471231105076e-07,0.002126042602145438,3,117.546,-0.22387,-0.16459,10605.0,0.0,11.0680,26.9475,23.6579,21.3489,20.0015,19.3426,18.9958,18.6952,18.4821,18.2705,18.0604,17.8519,17.5625,17.2357,16.6347,15.4815,13.7176,11.6022,6.9257
79.356,0.624600909711042,1.6454356930085114e-07,0.00035732398014258384,3,114.387,-0.191726,-0.12136,10301.7,0.0,12.1476,25.6479,22.4381,20.2197,18.9394,18.3169,17.9902,17.7076,17.5076,17.3091,17.1123,16.9172,16.6469,16.3422,15.7833,14.7162,13.0962,11.1696,6.9047
79.462,0.6362819534541141,5.39176367885029e-08,6.005544134256408e-05,3,110.726,-0.210637,-0.0817817,9961.76,0.0,40.6224,24.3621,21.1561,18.9715,17.7242,17.1218,16.8067,16.5347,16.3426,16.1522,15.9637,15.7770,15.5188,15.2284,14.6972,13.6893,12.1745,10.3967,6.5357
79.573,0.6506791138710439,1.7667731222856628e-08,1.0093518026444745e-05,3,106.633,-0.274762,-0.0440028,9594.19,0.0,43.6617,23.0401,19.7662,17.5690,16.3285,15.7334,15.4233,15.1563,14.9681,14.7819,14.5979,14.4161,14.1651,13.8835,13.3708,12.4054,10.9744,9.3269,5.8682
79.683,0.6682353025100637,5.78936216710566e-09,1.6964175747045683e-06,3,102.231,-0.377877,-0.012553,9209.78,0.0,50.2305,21.6757,18.2629,16.0080,14.7515,14.1537,13.8436,13.5774,13.3903,13.2055,13.0233,12.8436,12.5963,12.3197,11.8187,10.8856,9.5290,8.0088,4.9711
79.793,0.6898080695168977,1.8970581949171827e-09,2.851169017805968e-07,3,97.6358,-0.510137,0.00900191,8820.69,0.0,67.0943,20.2630,16.6296,14.2657,12.9693,12.3592,12.0446,11.7756,11.5871,11.4017,11.2192,11.0399,10.7939,10.5201,10.0279,9.1246,7.8465,6.4702,3.9033
79.902,0.7154072729271369,6.216280293104623e-10,4.791959768226491e-08,3,92.9409,-0.661785,0.0205495,8426.46,0.0,155.8880,18.7856,14.8155,12.2694,10.9007,10.2665,9.9424,9.6671,9.4751,9.2871,9.1030,8.9229,8.6774,8.4061,7.9242,7.0609,5.8918,4.7085,2.7119
80.013,0.7446123561047643,2.0369507264445228e-10,8.053846782458263e-09,3,88.2124,-0.82415,0.0225131,8030.33,0.0,90.4742,17.2319,12.6865,9.8047,8.2959,7.6151,7.2732,6.9863,6.7884,6.5964,6.4103,6.2300,5.9873,5.7235,5.2668,4.4906,3.5318,2.6707,1.4318
80.124,0.7768124437668091,6.674680140413412e-11,1.3536100287277604e-09,2,83.5484,-0.989749,0.0153243,9494.25,0.0,44.2803,15.5101,9.7353,5.7312,3.5144,2.5575,2.1191,1.7867,1.5803,1.3998,1.2436,1.1096,0.9543,0.8145,0.6289,0.4226,0.2696,0.1792,0.0856
80.234,0.48847120518588766,2.1871591884106667e-11,2.2750123752827474e-10,2,78.5359,-1.15504,-0.00293142,8810.04,0.0,-1.0000,-1.0000,-1.0000,-1.0000,-1.0000,-1.0000,-1.0000,-1.0000,-1.0000,-1.0000,-1.0000,-1.0000,-1.0000,-1.0000,-1.0000,-1.0000,-1.0000,-1.0000,-1.0000
80.344,-0.09165494992026571,7.166883228584072e-12,3.8236132991377145e-11,2,73.9266,-1.32195,-0.0218738,8286.0,0.0,-1.0000,-1.0000,-1.0000,-1.0000,-1.0000,-1.0000,-1.0000,-1.0000,-1.0000,-1.0000,-1.0000,-1.0000,-1.0000,-1.0000,-1.0000,-1.0000,-1.0000,-1.0000,-1.0000
80.452,-0.3147560300438383,2.3484442963424284e-12,6.4263468718607585e-12,2,69.8415,-1.49536,-0.0380448,7826.42,0.0,-1.0000,-1.0000,-1.0000,-1.0000,-1.0000,-1.0000,-1.0000,-1.0000,-1.0000,-1.0000,-1.0000,-1.0000,-1.0000,-1.0000,-1.0000,-1.0000,-1.0000,-1.0000,-1.0000
80.565,0.36515863279845695,7.69538227025487e-13,1.0800761187536379e-12,2,65.9589,-1.6742,-0.0547245,7458.55,0.0,-1.0000,-1.0000,-1.0000,-1.0000,-1.0000,-1.0000,-1.0000,-1.0000,-1.0000,-1.0000,-1.0000,-1.0000,-1.0000,-1.0000,-1.0000,-1.0000,-1.0000,-1.0000,-1.0000
80.673,0.3730765982568632,2.5216228623171156e-13,1.8152839327892394e-13,2,62.7449,-1.85327,-0.0565861,7103.37,0.0,-1.0000,-1.0000,-1.0000,-1.0000,-1.0000,-1.0000,-1.0000,-1.0000,-1.0000,-1.0000,-1.0000,-1.0000,-1.0000,-1.0000,-1.0000,-1.0000,-1.0000,-1.0000,-1.0000
80.785,-0.1788979359527477,8.262853795240725e-14,3.0509477058388746e-14,2,59.0218,-2.03229,-0.0735081,6793.88,0.0,-1.0000,-1.0000,-1.0000,-1.0000,-1.0000,-1.0000,-1.0000,-1.0000,-1.0000,-1.0000,-1.0000,-1.0000,-1.0000,-1.0000,-1.0000,-1.0000,-1.0000,-1.0000,-1.0000
80.894,-0.6814754541724461,2.7075719316244805e-14,5.127727809203396e-15,2,56.4603,-2.20555,-0.0765551,6500.28,0.0,-1.0000,-1.0000,-1.0000,-1.0000,-1.0000,-1.0000,-1.0000,-1.0000,-1.0000,-1.0000,-1.0000,-1.0000,-1.0000,-1.0000,-1.0000,-1.0000,-1.0000,-1.0000,-1.0000
81.009,-0.3768153007034699,8.872171705547098e-15,8.618172128928148e-16,2,54.318,-2.37732,-0.0766724,6253.91,0.0,-1.0000,-1.0000,-1.0000,-1.0000,-1.0000,-1.0000,-1.0000,-1.0000,-1.0000,-1.0000,-1.0000,-1.0000,-1.0000,-1.0000,-1.0000,-1.0000,-1.0000,-1.0000,-1.0000
81.117,-0.17587166711175753,2.907233224473673e-15,1.4484561897089543e-16,2,52.9462,-2.53099,-0.113961,6077.81,0.0,-1.0000,-1.0000,-1.0000,-1.0000,-1.0000,-1.0000,-1.0000,-1.0000,-1.0000,-1.0000,-1.0000,-1.0000,-1.0000,-1.0000,-1.0000,-1.0000,-1.0000,-1.0000,-1.0000
81.225,-0.5717032682898018,9.526421829955333e-16,2.4344203180438402e-17,2,50.8775,-2.66518,-0.176199,5913.1,0.0,-1.0000,-1.0000,-1.0000,-1.0000,-1.0000,-1.0000,-1.0000,-1.0000,-1.0000,-1.0000,-1.0000,-1.0000,-1.0000,-1.0000,-1.0000,-1.0000,-1.0000,-1.0000,-1.0000
81.335,-0.6176081632780303,3.121617905239763e-16,4.091530228536283e-18,2,49.3816,-2.77706,-0.223764,5723.78,0.0,-1.0000,-1.0000,-1.0000,-1.0000,-1.0000,-1.0000,-1.0000,-1.0000,-1.0000,-1.0000,-1.0000,-1.0000,-1.0000,-1.0000,-1.0000,-1.0000,-1.0000,-1.0000,-1.0000
81.451,-0.19591279484625063,1.0228917551889655e-16,6.876634855100932e-19,2,48.5353,-2.86491,-0.252778,5603.16,0.0,-1.0000,-1.0000,-1.0000,-1.0000,-1.0000,-1.0000,-1.0000,-1.0000,-1.0000,-1.0000,-1.0000,-1.0000,-1.0000,-1.0000,-1.0000,-1.0000,-1.0000,-1.0000,-1.0000
81.560,-0.09848788970308661,3.3518117034032023e-17,1.1557560200968138e-19,2,47.8986,-2.93257,-0.273936,5541.13,0.0,-1.0000,-1.0000,-1.0000,-1.0000,-1.0000,-1.0000,-1.0000,-1.0000,-1.0000,-1.0000,-1.0000,-1.0000,-1.0000,-1.0000,-1.0000,-1.0000,-1.0000,-1.0000,-1.0000
81.668,-0.4394118213001349,1.0983216589711612e-17,1.942479142976715e-20,2,47.1524,-2.97747,-0.296901,5441.15,0.0,-1.0000,-1.0000,-1.0000,-1.0000,-1.0000,-1.0000,-1.0000,-1.0000,-1.0000,-1.0000,-1.0000,-1.0000,-1.0000,-1.0000,-1.0000,-1.0000,-1.0000,-1.0000,-1.0000
81.776,-0.1961513642176282,3.5989804121167014e-18,3.2647246956009648e-21,2,46.751,-3.00051,-0.315751,5391.38,0.0,-1.0000,-1.0000,-1.0000,-1.0000,-1.0000,-1.0000,-1.0000,-1.0000,-1.0000,-1.0000,-1.0000,-1.0000,-1.0000,-1.0000,-1.0000,-1.0000,-1.0000,-1.0000,-1.0000
81.888,-0.0642748790268324,1.1793139014424008e-18,5.487022795896541e-22,2,46.0468,-3.00295,-0.342686,5321.38,0.0,-1.0000,-1.0000,-1.0000,-1.0000,-1.0000,-1.0000,-1.0000,-1.0000,-1.0000,-1.0000,-1.0000,-1.0000,-1.0000,-1.0000,-1.0000,-1.0000,-1.0000,-1.0000,-1.0000
81.993,-0.021061592359512445,3.864375792246459e-19,9.222039213063316e-23,2,45.687,-2.98369,-0.350486,5270.66,0.0,-1.0000,-1.0000,-1.0000,-1.0000,-1.0000,-1.0000,-1.0000,-1.0000,-1.0000,-1.0000,-1.0000,-1.0000,-1.0000,-1.0000,-1.0000,-1.0000,-1.0000,-1.0000,-1.0000
82.109,-0.066705382625991,1.2662786596033196e-19,1.5499481305395515e-23,2,45.1678,-2.94433,-0.359678,5235.99,0.0,-1.0000,-1.0000,-1.0000,-1.0000,-1.0000,-1.0000,-1.0000,-1.0000,-1.0000,-1.0000,-1.0000,-1.0000,-1.0000,-1.0000,-1.0000,-1.0000,-1.0000,-1.0000,-1.0000
82.211,-0.32085318763247844,0.000941162109375,2.604997822997824e-24,2,44.9285,-2.88735,-0.348815,5235.99,0.0,-1.0000,-1.0000,-1.0000,-1.0000,-1.0000,-1.0000,-1.0000,-1.0000,-1.0000,-1.0000,-1.0000,-1.0000,-1.0000,-1.0000,-1.0000,-1.0000,-1.0000,-1.0000,-1.0000
82.326,-0.10513717252341052,0.011108423437499999,4.378219841112443e-25,2,44.6454,-2.82294,-0.315902,5235.99,0.0,-1.0000,-1.0000,-1.0000,-1.0000,-1.0000,-1.0000,-1.0000,-1.0000,-1.0000,-1.0000,-1.0000,-1.0000,-1.0000,-1.0000,-1.0000,-1.0000,-1.0000,-1.0000,-1.0000
82.433,-0.03445134869247116,0.0254749691295,7.358474086957683e-26,2,44.3816,-2.75639,-0.303892,5235.99,0.0,-1.0000,-1.0000,-1.0000,-1.0000,-1.0000,-1.0000,-1.0000,-1.0000,-1.0000,-1.0000,-1.0000,-1.0000,-1.0000,-1.0000,-1.0000,-1.0000,-1.0000,-1.0000,-1.0000
82.551,-0.011289017939548951,0.035352214056229556,1.2367387397949779e-26,2,44.1114,-2.69013,-0.300267,5235.99,0.0,-1.0000,-1.0000,-1.0000,-1.0000,-1.0000,-1.0000,-1.0000,-1.0000,-1.0000,-1.0000,-1.0000,-1.0000,-1.0000,-1.0000,-1.0000,-1.0000,-1.0000,-1.0000,-1.0000
82.661,-0.0036991853984314005,0.040540383423820305,2.07858679997342e-27,2,43.907,-2.6242,-0.298626,5235.99,0.0,-1.0000,-1.0000,-1.0000,-1.0000,-1.0000,-1.0000,-1.0000,-1.0000,-1.0000,-1.0000,-1.0000,-1.0000,-1.0000,-1.0000,-1.0000,-1.0000,-1.0000,-1.0000,-1.0000
82.762,-0.0012121490713580011,0.07584369471531743,3.493480834715326e-28,2,43.7537,-2.55869,-0.298329,5235.99,0.0,-1.0000,-1.0000,-1.0000,-1.0000,-1.0000,-1.0000,-1.0000,-1.0000,-1.0000,-1.0000,-1.0000,-1.0000,-1.0000,-1.0000,-1.0000,-1.0000,-1.0000,-1.0000,-1.0000
82.874,-0.00039719700770258977,0.1183798818061902,5.87149323890605e-29,2,43.7224,-2.49339,-0.298322,5235.99,0.0,-1.0000,-1.0000,-1.0000,-1.0000,-1.0000,-1.0000,-1.0000,-1.0000,-1.0000,-1.0000,-1.0000,-1.0000,-1.0000,-1.0000,-1.0000,-1.0000,-1.0000,-1.0000,-1.0000
82.984,-0.00013015351548398464,0.18338484271712738,9.8682186866294e-30,2,43.9408,-2.42787,-0.298437,5235.99,0.0,-1.0000,-1.0000,-1.0000,-1.0000,-1.0000,-1.0000,-1.0000,-1.0000,-1.0000,-1.0000,-1.0000,-1.0000,-1.0000,-1.0000,-1.0000,-1.0000,-1.0000,-1.0000,-1.0000
83.092,-4.264870395379209e-05,0.2721361214334233,1.6585515146618035e-30,2,44.4621,-2.36189,-0.296929,5235.99,0.0,-1.0000,-1.0000,-1.0000,-1.0000,-1.0000,-1.0000,-1.0000,-1.0000,-1.0000,-1.0000,-1.0000,-1.0000,-1.0000,-1.0000,-1.0000,-1.0000,-1.0000,-1.0000,-1.0000
83.202,-1.3975127311578593e-05,0.3897476130994292,2.7875275306920937e-31,2,45.3057,-2.29508,-0.297147,5475.95,0.0,-1.0000,-1.0000,-1.0000,-1.0000,-1.0000,-1.0000,-1.0000,-1.0000,-1.0000,-1.0000,-1.0000,-1.0000,-1.0000,-1.0000,-1.0000,-1.0000,-1.0000,-1.0000,-1.0000
83.318,-4.579369717458074e-06,0.45975147832917096,4.6849975208342026e-32,2,46.631,-2.22664,-0.295863,5759.35,0.0,-1.0000,-1.0000,-1.0000,-1.0000,-1.0000,-1.0000,-1.0000,-1.0000,-1.0000,-1.0000,-1.0000,-1.0000,-1.0000,-1.0000,-1.0000,-1.0000,-1.0000,-1.0000,-1.0000
83.425,-1.5005678690166615e-06,0.48879359293452773,7.874075333266045e-33,2,48.2696,-2.15614,-0.299116,5986.13,0.0,-1.0000,-1.0000,-1.0000,-1.0000,-1.0000,-1.0000,-1.0000,-1.0000,-1.0000,-1.0000,-1.0000,-1.0000,-1.0000,-1.0000,-1.0000,-1.0000,-1.0000,-1.0000,-1.0000
83.534,-4.917060793193795e-07,0.5020762673452861,1.3233958412620245e-33,2,50.0319,-2.08271,-0.295914,6227.86,0.0,-1.0000,-1.0000,-1.0000,-1.0000,-1.0000,-1.0000,-1.0000,-1.0000,-1.0000,-1.0000,-1.0000,-1.0000,-1.0000,-1.0000,-1.0000,-1.0000,-1.0000,-1.0000,-1.0000
83.647,-1.6112224807137428e-07,0.5110697926899535,2.2242313904090843e-34,2,51.5939,-2.00699,-0.299547,7118.5,0.0,-1.0000,-1.0000,-1.0000,-1.0000,-1.0000,-1.0000,-1.0000,-1.0000,-1.0000,-1.0000,-1.0000,-1.0000,-1.0000,-1.0000,-1.0000,-1.0000,-1.0000,-1.0000,-1.0000
83.754,-5.279653824802792e-08,0.5157033535748938,3.7382656978605486e-35,2,53.4183,-1.92955,-0.305611,8912.34,0.0,-1.0000,-1.0000,-1.0000,-1.0000,-1.0000,-1.0000,-1.0000,-1.0000,-1.0000,-1.0000,-1.0000,-1.0000,-1.0000,-1.0000,-1.0000,-1.0000,-1.0000,-1.0000,-1.0000
83.867,-1.730036965311379e-08,0.5201686456025463,6.282903158394226e-36,2,55.7232,-1.84726,-0.303483,10237.8,0.0,-1.0000,-1.0000,-1.0000,-1.0000,-1.0000,-1.0000,-1.0000,-1.0000,-1.0000,-1.0000,-1.0000,-1.0000,-1.0000,-1.0000,-1.0000,-1.0000,-1.0000,-1.0000,-1.0000
83.973,-5.668985127932327e-09,0.5216318324941673,1.0559675338313175e-36,2,57.5338,-1.7622,-0.312491,12389.2,0.0,-1.0000,-1.0000,-1.0000,-1.0000,-1.0000,-1.0000,-1.0000,-1.0000,-1.0000,-1.0000,-1.0000,-1.0000,-1.0000,-1.0000,-1.0000,-1.0000,-1.0000,-1.0000,-1.0000
84.084,-1.8576130467208653e-09,0.5234379516841888,1.7747646341102952e-37,2,59.989,-1.67305,-0.320041,13296.3,0.0,-1.0000,-1.0000,-1.0000,-1.0000,-1.0000,-1.0000,-1.0000,-1.0000,-1.0000,-1.0000,-1.0000,-1.0000,-1.0000,-1.0000,-1.0000,-1.0000,-1.0000,-1.0000,-1.0000
84.200,-6.087026431494932e-10,0.523690962461,2.9828469205491736e-38,2,62.0953,-1.57883,-0.332043,14581.5,0.0,-1.0000,-1.0000,-1.0000,-1.0000,-1.0000,-1.0000,-1.0000,-1.0000,-1.0000,-1.0000,-1.0000,-1.0000,-1.0000,-1.0000,-1.0000,-1.0000,-1.0000,-1.0000,-1.0000
84.303,0.004201489925662383,0.5233883690323454,5.0132708193669964e-39,3,64.021,-1.4798,-0.365004,9990.82,0.0,-1.0000,-1.0000,-1.0000,-1.0000,-1.0000,-1.0000,-1.0000,-1.0000,-1.0000,-1.0000,-1.0000,-1.0000,-1.0000,-1.0000,-1.0000,-1.0000,-1.0000,-1.0000,-1.0000
84.420,-0.09289791881903395,0.523289215217644,8.42580426611011e-40,3,66.414,-1.37462,-0.380618,9428.47,0.0,-1.0000,-1.0000,-1.0000,-1.0000,-1.0000,-1.0000,-1.0000,-1.0000,-1.0000,-1.0000,-1.0000,-1.0000,-1.0000,-1.0000,-1.0000,-1.0000,-1.0000,-1.0000,-1.0000
84.526,-0.030440790038621046,0.5226543807456426,1.4161249230051265e-40,3,67.6627,-1.26214,-0.423133,10942.9,0.0,-1.0000,-1.0000,-1.0000,-1.0000,-1.0000,-1.0000,-1.0000,-1.0000,-1.0000,-1.0000,-1.0000,-1.0000,-1.0000,-1.0000,-1.0000,-1.0000,-1.0000,-1.0000,-1.0000
84.634,0.008067894965676881,0.5216934284983571,2.3800811580947163e-41,3,70.456,-1.13985,-0.47005,9888.93,0.0,-1.0000,-1.0000,-1.0000,-1.0000,-1.0000,-1.0000,-1.0000,-1.0000,-1.0000,-1.0000,-1.0000,-1.0000,-1.0000,-1.0000,-1.0000,-1.0000,-1.0000,-1.0000,-1.0000
84.750,-0.2970711185984478,0.5205111686659667,4.00020240240979e-42,3,71.7458,-1.00112,-0.556996,10703.3,0.0,-1.0000,-1.0000,-1.0000,-1.0000,-1.0000,-1.0000,-1.0000,-1.0000,-1.0000,-1.0000,-1.0000,-1.0000,-1.0000,-1.0000,-1.0000,-1.0000,-1.0000,-1.0000,-1.0000
84.851,-0.5618827175864058,0.515463130998464,6.723140177730135e-43,2,76.1454,-0.847778,-0.538711,9710.58,0.0,11.4328,14.5011,16.2971,18.0619,19.3939,20.1582,20.5969,21.0002,21.3000,21.6102,21.9312,22.2636,22.7494,23.3354,24.5333,27.4017,34.2864,53.9178,3.7402
84.967,-0.16558544103171352,0.28402689626557664,1.129958169671104e-43,2,77.541,-0.680197,-0.45534,9099.15,0.0,10.6564,14.2348,16.3421,18.4657,20.1082,21.0672,21.6233,22.1382,22.5233,22.9239,23.3407,23.7749,24.4137,25.1920,26.8083,30.8257,41.4130,81.6871,5.9205
85.075,-0.29915327616645154,0.09306993336830416,1.8991206957662245e-44,2,77.9099,-0.515868,-0.414145,8982.18,0.0,9.7601,13.4043,15.5753,17.7997,19.5475,20.5794,21.1817,21.7421,22.1628,22.6020,23.0607,23.5402,24.2492,25.1184,26.9433,31.5979,44.7424,110.3260,8.0070
85.182,-0.25687359672438687,0.030497155766125904,3.1918521533742936e-45,2,77.2636,-0.374306,-0.326164,8849.7,0.0,9.1989,13.4877,16.1569,19.0230,21.3783,22.8147,23.6696,24.4760,25.0888,25.7351,26.4177,27.1396,28.2229,29.5775,32.5212,40.7042,70.8041,200.0000,8.4694
85.298,-0.0841723401746471,0.009993308001444138,5.364545914176176e-46,2,76.608,-0.25854,-0.270971,8769.17,0.0,8.6738,13.3232,16.3396,19.7112,22.5932,24.4029,25.4995,26.5476,27.3531,28.2113,29.1274,30.1073,31.5997,33.5038,37.7932,50.9361,122.7990,73.4067,9.0415
85.408,-0.027581592428428357,0.2062644509159132,9.016192317955899e-47,2,76.4262,-0.157213,-0.254796,8894.81,0.0,8.0502,12.5472,15.5074,18.8623,21.7699,23.6150,24.7404,25.8212,26.6553,27.5474,28.5035,29.5307,31.1039,33.1268,37.7496,52.5073,153.1350,65.8936,9.9925
85.514,-0.009037936206947404,0.5176539618386264,1.5153514428788482e-47,2,78.5011,-0.0590179,-0.250265,9450.17,0.0,7.3868,11.5615,14.3212,17.4617,20.1948,21.9345,22.9976,24.0202,24.8104,25.6565,26.5643,27.5410,29.0394,30.9707,35.4040,49.7415,155.6810,69.4815,11.0714
85.625,-0.2137127633547261,0.6934049049027811,2.5468511700464802e-48,2,82.2579,0.0399873,-0.23419,10314.4,0.0,6.7615,10.7445,13.4199,16.5108,19.2425,21.0020,22.0854,23.1332,23.9470,24.8220,25.7655,26.7856,28.3613,30.4114,35.2003,51.5294,200.0000,64.1514,11.9147
85.737,-0.13971589229326414,0.7596024661135433,4.28049276149712e-49,2,86.5581,0.12898,-0.170232,11386.8,0.0,6.3992,10.8641,14.1012,18.1301,21.9819,24.6238,26.3183,28.0093,29.3594,30.8487,32.5000,34.3406,37.3030,41.3915,52.1307,108.7860,172.8140,42.1574,11.7379
85.844,-0.0457821035866568,0.7794855458617108,7.194224184248208e-50,2,91.0631,0.205545,-0.113479,12498.4,0.0,6.0907,11.0715,15.0211,20.4163,26.1524,30.4649,33.4129,36.5104,39.1031,42.0957,45.5881,49.7165,56.9433,68.3023,109.1990,200.0000,75.4931,33.4242,11.6199
85.956,-0.0150018797032757,0.7853984896835903,1.2091332586465963e-50,2,95.8718,0.268565,-0.0648821,13091.8,0.0,5.8401,11.3639,16.2005,23.5990,32.6805,40.5217,46.4836,53.3619,59.6746,67.6872,78.1921,92.5649,124.6620,200.0000,200.0000,132.9280,52.8370,28.8771,11.5364
86.066,-0.004915815941169382,0.7857157384276439,2.0321902678073347e-51,2,100.747,0.314804,-0.0288079,13624.3,0.0,5.6536,11.6574,17.4202,27.3335,41.7542,56.8014,70.3423,88.8997,109.5560,142.7300,200.0000,200.0000,200.0000,200.0000,192.4420,84.6174,43.9120,26.4549,11.4923
86.175,-0.0016108145676023832,0.7858196944960952,3.415502183103788e-52,2,105.555,0.343441,0.00809973,14260.2,0.0,5.6168,12.3918,19.6985,34.6086,63.8734,110.8870,182.6410,200.0000,200.0000,200.0000,200.0000,200.0000,200.0000,155.8810,103.5620,62.0504,37.3476,24.1905,11.3083
86.284,-0.0005278317175119488,0.7915022373362305,5.740434519142536e-53,2,110.771,0.352773,0.0359289,14224.4,0.0,5.7003,13.3268,22.4938,45.0833,114.6280,200.0000,200.0000,200.0000,200.0000,200.0000,181.8220,152.1200,123.8200,102.1240,76.9024,51.5526,33.4137,22.5888,11.0875
86.394,-0.0001729598971943154,0.827199447270961,9.647948296322861e-54,3,115.444,0.343284,0.0531055,11857.8,0.0,5.8936,14.3325,25.3074,57.0955,200.0000,200.0000,200.0000,200.0000,181.6710,151.8390,130.4310,114.3210,97.4786,83.4440,65.7347,46.2185,31.0539,21.4755,10.8381
86.507,0.02551524849307487,0.8594787949598734,1.6215306701629838e-54,3,117.428,0.318216,0.0539772,11346.7,0.0,6.1245,14.9251,26.4195,60.0313,200.0000,200.0000,200.0000,200.0000,174.8480,146.6010,126.2190,110.8210,94.6650,81.1579,64.0561,45.1338,30.3758,21.0295,10.6275
86.616,0.09047811992897954,0.8701027732512013,2.7253065973429272e-55,3,121.508,0.294238,0.0185387,11857.5,0.0,6.1028,13.7493,22.3173,40.9338,82.6223,168.7610,200.0000,200.0000,200.0000,200.0000,200.0000,200.0000,161.1400,124.9840,88.0065,55.3694,34.3590,22.6371,10.7839
86.727,0.029647870338328018,0.8735840384577037,4.580422798154258e-56,3,125.729,0.285202,-0.0116819,12146.2,0.0,5.9956,12.7418,19.5546,32.1365,52.6849,77.5737,103.7430,147.2250,200.0000,200.0000,200.0000,200.0000,200.0000,200.0000,132.7260,69.9323,39.2485,24.5189,11.0350
86.832,0.009715014152463326,0.8775030899874453,7.698316596857863e-57,3,129.884,0.290149,-0.0223072,12562.1,0.0,5.8933,12.2890,18.5438,29.5816,46.2995,64.6368,81.9775,107.1470,137.2630,190.9450,200.0000,200.0000,200.0000,200.0000,163.0070,77.6421,41.6084,25.4303,11.1999
86.944,-0.02868552619509894,0.880866876589586,1.2938560704339013e-57,3,134.114,0.303031,-0.0243304,12867.3,0.0,5.7752,12.0003,18.0526,28.6465,44.4852,61.5777,77.4770,100.1120,126.5260,171.8930,200.0000,200.0000,200.0000,200.0000,171.9520,80.0332,42.4777,25.8479,11.3357
87.052,-0.020505883068210023,0.8910750538240005,2.174583897578258e-58,3,138.262,0.315278,-0.00978214,13333.5,0.0,5.7541,12.2710,18.8915,31.2249,51.6701,76.9499,104.1610,150.8640,200.0000,200.0000,200.0000,200.0000,200.0000,200.0000,131.5390,70.3641,39.7898,24.9497,11.2713
87.165,-0.00671936776379106,0.9020743525432985,3.6548231566597783e-59,3,142.544,0.322112,-0.00259906,13680.8,0.0,5.7372,12.3995,19.3265,32.6828,56.2185,88.0077,126.0650,200.0000,200.0000,200.0000,200.0000,200.0000,200.0000,193.3720,118.1100,66.4993,38.6265,24.5510,11.2478
87.273,-0.0022018024288390546,0.9085035949351381,6.14266127939809e-60,3,146.799,0.324881,-0.000319306,14124.6,0.0,5.7268,12.4305,19.4537,33.1520,57.8054,92.1913,135.0890,200.0000,200.0000,200.0000,200.0000,200.0000,200.0000,183.5840,114.4800,65.3978,38.2914,24.4393,11.2456
87.385,-0.0007214866198819815,0.9109958290820961,1.032397081228437e-60,3,151.107,0.325645,0.000400241,14497.2,0.0,5.7244,12.4424,19.4975,33.3091,58.3375,93.6176,138.2520,200.0000,200.0000,200.0000,200.0000,200.0000,200.0000,180.6920,113.3740,65.0536,38.1842,24.4024,11.2440
87.496,-0.00023641673560292767,0.9122943593673712,1.735149774420634e-61,3,155.413,0.325559,0.00060242,14853.2,0.0,5.7263,12.4513,19.5186,33.3686,58.5155,94.0702,139.2340,200.0000,200.0000,200.0000,200.0000,200.0000,200.0000,179.8530,113.0420,64.9426,38.1454,24.3865,11.2410
87.602,-7.746903592236733e-05,0.9136610238806252,2.9162662258687603e-62,4,156.998,0.325184,0.000572379,11642.4,0.0,5.7293,12.4571,19.5267,33.3788,58.5223,94.0559,139.1650,200.0000,200.0000,200.0000,200.0000,200.0000,200.0000,179.9260,113.0580,64.9403,38.1400,24.3817,11.2381
87.716,-2.5385053691041327e-05,0.9163315009458282,4.901368645817624e-63,4,159.89,0.324741,0.00055426,12250.9,0.0,5.7329,12.4646,19.5378,33.3958,58.5454,94.0781,139.1700,200.0000,200.0000,200.0000,200.0000,200.0000,200.0000,179.9390,113.0500,64.9281,38.1305,24.3748,11.2346
87.826,-8.318174393480424e-06,0.917206562870554,8.237730283025683e-64,4,163.012,0.324282,0.000552829,12509.7,0.0,5.7368,12.4731,19.5510,33.4182,58.5843,94.1398,139.2600,200.0000,200.0000,200.0000,200.0000,200.0000,199.5690,178.8360,113.0130,64.9061,38.1175,24.3665,11.2307
87.940,-2.7256993852556652e-06,0.9202716137089231,1.3845153286681266e-64,4,166.127,0.323824,0.000552829,12739.4,0.0,5.7407,12.4815,19.5643,33.4408,58.6241,94.2037,139.3540,200.0000,200.0000,200.0000,200.0000,200.0000,195.3270,176.6490,112.9740,64.8836,38.1043,24.3581,11.2268
88.045,-8.931571745605764e-07,0.92166146956764,2.32695491289252e-65,4,169.238,0.323363,0.000552829,12952.8,0.0,5.7446,12.4900,19.5776,33.4637,58.6637,94.2680,139.4490,200.0000,200.0000,200.0000,200.0000,200.0000,190.9850,173.9130,112.9340,64.8610,38.0910,24.3496,11.2229
88.156,-2.926697429600097e-07,0.9252807080822992,3.910913122098459e-66,4,172.309,0.322869,0.000552829,13200.9,0.0,5.7488,12.4991,19.5919,33.4881,58.7065,94.3367,139.5490,200.0000,200.0000,200.0000,200.0000,196.9260,186.5410,170.8040,112.8920,64.8368,38.0768,24.3405,11.2187
88.262,-9.590202137313598e-08,0.9301861328150328,6.573071684310882e-67,4,175.387,0.322376,0.000552829,13430.1,0.0,5.7530,12.5082,19.6062,33.5125,58.7492,94.4055,139.6500,200.0000,200.0000,200.0000,199.5450,192.0140,181.9970,167.4120,112.8500,64.8126,38.0626,24.3314,11.2145
88.375,-3.1425174363549196e-08,0.93594519668833,1.10473615798213e-67,4,178.475,0.321882,0.000552829,13648.5,0.0,5.7572,12.5173,19.6204,33.5369,58.7920,94.4732,139.7520,200.0000,200.0000,200.0000,194.3510,187.0160,177.3540,163.7870,112.8080,64.7887,38.0485,24.3223,11.2103
88.484,-1.02974011354478e-08,0.941937299394582,1.856730060720566e-68,4,181.553,0.321388,0.000552829,13882.3,0.0,5.7614,12.5265,19.6347,33.5612,58.8349,94.5421,139.8540,200.0000,200.0000,196.8000,189.0660,181.9310,172.6130,159.9600,112.7660,64.7645,38.0343,24.3132,11.2062
88.595,-3.3742524040635355e-09,0.9473582447343666,3.120606213053056e-69,4,184.629,0.320859,0.000552829,14123.9,0.0,5.7659,12.5362,19.6500,33.5873,58.8807,94.6157,200.0000,200.0000,199.3750,191.2040,183.6900,176.7580,167.7720,155.9500,112.7210,64.7386,38.0191,24.3035,11.2017
88.707,-1.1056750277635392e-09,0.9512141719001823,5.244802862278272e-70,4,187.712,0.320331,0.000552829,14347.2,0.0,5.7704,12.5460,19.6653,33.6135,58.9266,94.6894,200.0000,200.0000,193.4420,185.5140,178.2240,171.4980,162.8320,151.7750,112.6750,64.7127,38.0038,24.2938,11.1972
88.815,-3.623075930975565e-10,0.9543148305513767,8.814940170631091e-71,4,190.783,0.319802,0.000552829,14570.1,0.0,5.7749,12.5557,19.6806,33.6396,58.9724,94.7630,200.0000,195.7940,187.4120,179.7310,172.6680,166.1520,157.7950,147.4460,112.6300,64.6868,37.9886,24.2841,11.1927
88.924,-1.1872095210620731e-10,0.9549634246907002,1.4815269944779677e-71,4,193.827,0.319273,0.000552829,14803.2,0.0,5.7793,12.5655,19.6959,33.6658,59.0182,94.8367,200.0000,189.3930,181.2850,173.8550,167.0230,160.7200,152.6610,142.9730,112.5860,64.6608,37.9734,24.2743,11.1882
89.032,-3.890248158616202e-11,0.9565312294557736,2.49000241961912e-72,4,196.85,0.318712,0.000552829,15030.0,0.0,5.7841,12.5759,19.7121,33.6935,59.0669,94.9149,195.1310,182.8890,175.0590,167.8850,161.2870,155.2000,147.4290,138.3610,112.5380,64.6333,37.9572,24.2640,11.1835
89.144,-1.2747565166153569e-11,0.9588535048305679,4.184947066653856e-73,5,197.019,0.318148,0.000579055,13471.0,0.0,5.7891,12.5872,19.7309,33.7287,59.1382,95.0513,188.1190,176.3180,168.7710,161.8550,155.4950,149.6270,142.1360,133.6420,111.9440,64.5919,37.9363,24.2518,11.1784
89.255,-4.1771221536452015e-12,0.9596144680253805,7.033640534925137e-74,5,199.493,0.317574,0.000579055,13617.8,0.0,5.7939,12.5978,19.7475,33.7572,59.1883,95.1323,181.0770,169.7180,162.4530,155.7960,149.6750,144.0260,136.8160,128.8490,109.9420,64.5636,37.9198,24.2412,11.1735
89.362,-1.3687593873064595e-12,0.9598638204450568,1.1821439647048679e-74,5,201.922,0.316975,0.000578101,13785.0,0.0,5.7990,12.6089,19.7648,33.7866,59.2391,95.2127,173.9500,163.0370,156.0590,149.6640,143.7830,138.3570,131.4300,123.9490,107.1630,64.5350,37.9027,24.2303,11.1684
89.475,-4.4851507603258063e-13,0.9599455282459362,1.9868293614794713e-75,5,204.327,0.316376,0.000578101,13946.5,0.0,5.8041,12.6199,19.7821,33.8161,59.2911,180.5810,166.7350,156.2750,149.5860,143.4560,137.8200,132.6190,125.9790,118.9440,103.8900,64.5056,37.8855,24.2192,11.1634
89.582,-1.46969420114356e-13,0.9599723022581284,3.3392641078385476e-76,5,206.707,0.315776,0.000578101,14104.2,0.0,5.8092,12.6310,19.7995,33.8458,59.3430,172.6760,159.4360,149.4340,143.0370,137.1760,131.7860,126.8130,120.4640,113.8390,100.2590,64.4762,37.8682,24.2082,11.1583
89.692,-4.8158939583072176e-14,0.9613363490039435,5.612301186044247e-77,5,209.064,0.315177,0.000578101,14260.3,0.0,5.8143,12.6420,19.8168,33.8755,59.3950,164.6790,152.0520,142.5140,136.4140,130.8240,125.6830,120.9400,114.8850,108.6370,96.3452,64.4466,37.8509,24.1972,11.1532
89.802,-1.578072132258109e-14,0.9629895132009872,9.432594603384565e-78,5,211.402,0.314548,0.000578101,14416.6,0.0,5.8196,12.6537,19.8350,33.9066,59.4499,156.5910,144.5850,135.5150,129.7140,124.3990,119.5110,115.0010,109.2430,103.3400,92.1952,64.4158,37.8328,24.1856,11.1479
89.914,-5.1710267629833715e-15,0.9625132611075744,1.5853361749908444e-78,5,213.712,0.313914,0.000578578,14570.7,0.0,5.8250,12.6654,19.8534,33.9380,59.5049,148.4150,137.0350,128.4390,122.9410,117.9030,113.2700,108.9960,103.5390,97.9523,87.8428,64.3847,37.8146,24.1740,11.1425
90.024,-1.694442049694391e-15,0.963977507509105,2.6644745093071124e-79,5,216.002,0.31328,0.000578578,14723.5,0.0,5.8304,12.6771,19.8717,33.9693,59.7167,140.1500,129.4040,121.2860,116.0940,111.3370,106.9620,102.9260,97.7731,92.4975,83.3113,63.6197,37.7963,24.1623,11.1371
90.134,-5.552347708438581e-16,0.9630342746605836,4.4781823077924635e-80,5,218.268,0.312646,0.000578578,14871.6,0.0,5.8358,12.6888,19.8901,34.0007,156.1980,131.7980,121.6920,114.0580,109.1760,104.7020,100.5880,96.7921,91.9461,86.9852,78.6184,61.7121,37.7781,24.1506,11.1317
90.245,-1.8193932971011544e-16,0.9641482332301551,7.526481004706795e-81,5,220.507,0.312011,0.000578578,15020.7,0.0,5.8412,12.7005,19.9085,34.0322,146.1970,123.3580,113.9000,106.7550,102.1860,97.9982,94.1477,90.5947,86.0591,81.4156,73.7779,59.1101,37.7597,24.1389,11.1263
90.353,-5.961787955941063e-17,0.9645132551742323,1.2649756624610711e-81,6,220.191,0.311369,0.000604804,13725.7,0.0,5.8468,12.7133,19.9295,34.0712,136.1390,114.8750,106.0680,99.4157,95.1607,91.2617,87.6762,84.3679,80.1446,75.8207,68.8283,56.0350,37.7367,24.1253,11.1206
90.465,-1.9535586774027673e-17,0.9646328655648675,2.1260445958983228e-82,6,222.018,0.3107,0.000603374,13829.8,0.0,5.8524,12.7256,19.9487,34.3840,126.0620,106.3720,98.2168,92.0562,88.1165,84.5060,81.1860,78.1225,74.2117,70.2080,63.7858,52.6134,37.2659,24.1131,11.1150
90.572,-6.401421074113388e-18,0.9646720594976708,3.5732431523263115e-83,6,223.814,0.31003,0.00060242,13942.7,0.0,5.8581,12.7380,19.9680,184.5980,115.9010,97.7986,90.3008,84.6370,81.0144,77.6951,74.6427,71.8262,68.2306,64.5494,58.6481,48.8981,35.8945,24.1008,11.1093
90.683,-2.097617657565475e-18,0.9646849025655717,6.005549766114833e-84,6,225.591,0.309329,0.00060242,14051.4,0.0,5.8641,12.7509,20.0791,168.2830,105.6580,89.1551,82.3198,77.1564,73.8544,70.8282,68.0455,65.4779,62.2002,58.8444,53.4645,44.9352,33.8910,23.8246,11.1033
90.793,-6.873473540310549e-19,0.9646891109820616,1.0093527491909203e-84,6,227.344,0.308625,0.00060242,14161.0,0.0,5.8700,12.7953,22.0694,151.8400,95.3337,80.4433,74.2763,69.6175,66.6379,63.9074,61.3968,59.0800,56.1225,53.0946,48.2404,40.7593,31.4104,22.8594,11.0974
90.903,-2.252299809688961e-19,0.964690489995977,1.69641916556518e-85,6,229.069,0.307919,0.00060242,14280.1,0.0,5.8789,13.7384,200.0000,135.2700,84.9303,71.6649,66.1707,62.0203,59.3657,56.9334,54.6965,52.6328,49.9980,47.3005,42.9761,36.3955,28.5480,21.3480,11.0062
91.253,-1.153177502560748e-19,0.9646908179873153,5.818717737888568e-86,6,229.78,0.307638,0.00060242,14313.1,0.0,5.9412,14.6091,200.0000,128.6070,80.7473,68.1350,62.9114,58.9655,56.4418,54.1291,52.0026,50.0404,47.5354,44.9707,40.8594,34.6051,27.3113,20.6149,10.8663
91.353,-4.3709202547844463e-44,3.65649401465253e-25,5.364550944921508e-125,6,229.78,0.307638,0.00060242,14313.1,0.0,5.9412,14.6091,200.0000,128.6070,80.7473,68.1350,62.9114,58.9655,56.4418,54.1291,52.0026,50.0404,47.5354,44.9707,40.8594,34.6051,27.3113,20.6149,10.8663
91.453,-2.3191463096351083e-79,1.940082203742349e-60,2.2142157679298838e-181,6,229.78,0.307638,0.00060242,14313.1,0.0,5.9412,14.6091,200.0000,128.6070,80.7473,68.1350,62.9114,58.9655,56.4418,54.1291,52.0026,50.0404,47.5354,44.9707,40.8594,34.6051,27.3113,20.6149,10.8663
91.553,-1.7906205704478442e-113,1.497943914943177e-94,6.602828606307371e-236,6,229.78,0.307638,0.00060242,14313.1,0.0,5.9412,14.6091,200.0000,128.6070,80.7473,68.1350,62.9114,58.9655,56.4418,54.1291,52.0026,50.0404,47.5354,44.9707,40.8594,34.6051,27.3113,20.6149,10.8663
91.653,-3.1435413150755237e-146,2.6297299729512993e-127,2.9031371214768555e-288,6,229.78,0.307638,0.00060242,14313.1,0.0,5.9412,14.6091,200.0000,128.6070,80.7473,68.1350,62.9114,58.9655,56.4418,54.1291,52.0026,50.0404,47.5354,44.9707,40.8594,34.6051,27.3113,20.6149,10.8663
91.753,-1.3343336075853312e-181,1.1162369856427608e-162,5e-324,6,229.78,0.307638,0.00060242,14313.1,0.0,5.9412,14.6091,200.0000,128.6070,80.7473,68.1350,62.9114,58.9655,56.4418,54.1291,52.0026,50.0404,47.5354,44.9707,40.8594,34.6051,27.3113,20.6149,10.8663
91.853,-1.9927805768535623e-218,1.6670608995451042e-199,5e-324,6,229.78,0.307638,0.00060242,14313.1,0.0,5.9412,14.6091,200.0000,128.6070,80.7473,68.1350,62.9114,58.9655,56.4418,54.1291,52.0026,50.0404,47.5354,44.9707,40.8594,34.6051,27.3113,20.6149,10.8663
91.953,-2.817209642563008e-295,2.3567371618773776e-276,5e-324,6,229.78,0.307638,0.00060242,14313.1,0.0,5.9412,14.6091,200.0000,128.6070,80.7473,68.1350,62.9114,58.9655,56.4418,54.1291,52.0026,50.0404,47.5354,44.9707,40.8594,34.6051,27.3113,20.6149,10.8663
92.053,-1e-323,1e-323,5e-324,6,229.78,0.307638,0.00060242,14313.1,0.0,5.9412,14.6091,200.0000,128.6070,80.7473,68.1350,62.9114,58.9655,56.4418,54.1291,52.0026,50.0404,47.5354,44.9707,40.8594,34.6051,27.3113,20.6149,10.8663
92.153,-1e-323,1e-323,5e-324,6,229.78,0.307638,0.00060242,14313.1,0.0,5.9412,14.6091,200.0000,128.6070,80.7473,68.1350,62.9114,58.9655,56.4418,54.1291,52.0026,50.0404,47.5354,44.9707,40.8594,34.6051,27.3113,20.6149,10.8663
92.255,-1e-323,1e-323,5e-324,6,229.78,0.307638,0.00060242,14313.1,0.0,5.9412,14.6091,200.0000,128.6070,80.7473,68.1350,62.9114,58.9655,56.4418,54.1291,52.0026,50.0404,47.5354,44.9707,40.8594,34.6051,27.3113,20.6149,10.8663
92.356,-1e-323,1e-323,5e-324,6,229.78,0.307638,0.00060242,14313.1,0.0,5.9412,14.6091,200.0000,128.6070,80.7473,68.1350,62.9114,58.9655,56.4418,54.1291,52.0026,50.0404,47.5354,44.9707,40.8594,34.6051,27.3113,20.6149,10.8663
92.456,-1e-323,1e-323,5e-324,6,229.78,0.307638,0.00060242,14313.1,0.0,5.9412,14.6091,200.0000,128.6070,80.7473,68.1350,62.9114,58.9655,56.4418,54.1291,52.0026,50.0404,47.5354,44.9707,40.8594,34.6051,27.3113,20.6149,10.8663
92.556,-1e-323,1e-323,5e-324,6,229.78,0.307638,0.00060242,14313.1,0.0,5.9412,14.6091,200.0000,128.6070,80.7473,68.1350,62.9114,58.9655,56.4418,54.1291,52.0026,50.0404,47.5354,44.9707,40.8594,34.6051,27.3113,20.6149,10.8663
92.656,-1e-323,1e-323,5e-324,6,229.78,0.307638,0.00060242,14313.1,0.0,5.9412,14.6091,200.0000,128.6070,80.7473,68.1350,62.9114,58.9655,56.4418,54.1291,52.0026,50.0404,47.5354,44.9707,40.8594,34.6051,27.3113,20.6149,10.8663
92.756,-1e-323,1e-323,5e-324,6,229.78,0.307638,0.00060242,14313.1,0.0,5.9412,14.6091,200.0000,128.6070,80.7473,68.1350,62.9114,58.9655,56.4418,54.1291,52.0026,50.0404,47.5354,44.9707,40.8594,34.6051,27.3113,20.6149,10.8663
92.856,-1e-323,1e-323,5e-324,6,229.78,0.307638,0.00060242,14313.1,0.0,5.9412,14.6091,200.0000,128.6070,80.7473,68.1350,62.9114,58.9655,56.4418,54.1291,52.0026,50.0404,47.5354,44.9707,40.8594,34.6051,27.3113,20.6149,10.8663
92.957,-1e-323,1e-323,5e-324,6,229.78,0.307638,0.00060242,14313.1,0.0,5.9412,14.6091,200.0000,128.6070,80.7473,68.1350,62.9114,58.9655,56.4418,54.1291,52.0026,50.0404,47.5354,44.9707,40.8594,34.6051,27.3113,20.6149,10.8663
93.057,-1e-323,1e-323,5e-324,6,229.78,0.307638,0.00060242,14313.1,0.0,5.9412,14.6091,200.0000,128.6070,80.7473,68.1350,62.9114,58.9655,56.4418,54.1291,52.0026,50.0404,47.5354,44.9707,40.8594,34.6051,27.3113,20.6149,10.8663
93.157,-1e-323,1e-323,5e-324,6,229.78,0.307638,0.00060242,14313.1,0.0,5.9412,14.6091,200.0000,128.6070,80.7473,68.1350,62.9114,58.9655,56.4418,54.1291,52.0026,50.0404,47.5354,44.9707,40.8594,34.6051,27.3113,20.6149,10.8663
93.257,-1e-323,1e-323,5e-324,6,229.78,0.307638,0.00060242,14313.1,0.0,5.9412,14.6091,200.0000,128.6070,80.7473,68.1350,62.9114,58.9655,56.4418,54.1291,52.0026,50.0404,47.5354,44.9707,40.8594,34.6051,27.3113,20.6149,10.8663
93.357,-1e-323,1e-323,5e-324,6,229.78,0.307638,0.00060242,14313.1,0.0,5.9412,14.6091,200.0000,128.6070,80.7473,68.1350,62.9114,58.9655,56.4418,54.1291,52.0026,50.0404,47.5354,44.9707,40.8594,34.6051,27.3113,20.6149,10.8663
93.458,-1e-323,1e-323,5e-324,6,229.78,0.307638,0.00060242,14313.1,0.0,5.9412,14.6091,200.0000,128.6070,80.7473,68.1350,62.9114,58.9655,56.4418,54.1291,52.0026,50.0404,47.5354,44.9707,40.8594,34.6051,27.3113,20.6149,10.8663
93.558,-1e-323,1e-323,5e-324,6,229.78,0.307638,0.00060242,14313.1,0.0,5.9412,14.6091,200.0000,128.6070,80.7473,68.1350,62.9114,58.9655,56.4418,54.1291,52.0026,50.0404,47.5354,44.9707,40.8594,34.6051,27.3113,20.6149,10.8663
93.658,-1e-323,1e-323,5e-324,6,229.78,0.307638,0.00060242,14313.1,0.0,5.9412,14.6091,200.0000,128.6070,80.7473,68.1350,62.9114,58.9655,56.4418,54.1291,52.0026,50.0404,47.5354,44.9707,40.8594,34.6051,27.3113,20.6149,10.8663
93.758,-1e-323,1e-323,5e-324,6,229.78,0.307638,0.00060242,14313.1,0.0,5.9412,14.6091,200.0000,128.6070,80.7473,68.1350,62.9114,58.9655,56.4418,54.1291,52.0026,50.0404,47.5354,44.9707,40.8594,34.6051,27.3113,20.6149,10.8663
93.858,-1e-323,1e-323,5e-324,6,229.78,0.307638,0.00060242,14313.1,0.0,5.9412,14.6091,200.0000,128.6070,80.7473,68.1350,62.9114,58.9655,56.4418,54.1291,52.0026,50.0404,47.5354,44.9707,40.8594,34.6051,27.3113,20.6149,10.8663
93.958,-1e-323,1e-323,5e-324,6,229.78,0.307638,0.00060242,14313.1,0.0,5.9412,14.6091,200.0000,128.6070,80.7473,68.1350,62.9114,58.9655,56.4418,54.1291,52.0026,50.0404,47.5354,44.9707,40.8594,34.6051,27.3113,20.6149,10.8663
94.058,-1e-323,1e-323,5e-324,6,229.78,0.307638,0.00060242,14313.1,0.0,5.9412,14.6091,200.0000,128.6070,80.7473,68.1350,62.9114,58.9655,56.4418,54.1291,52.0026,50.0404,47.5354,44.9707,40.8594,34.6051,27.3113,20.6149,10.8663
94.159,-1e-323,1e-323,5e-324,6,229.78,0.307638,0.00060242,14313.1,0.0,5.9412,14.6091,200.0000,128.6070,80.7473,68.1350,62.9114,58.9655,56.4418,54.1291,52.0026,50.0404,47.5354,44.9707,40.8594,34.6051,27.3113,20.6149,10.8663
94.259,-1e-323,1e-323,5e-324,6,229.78,0.307638,0.00060242,14313.1,0.0,5.9412,14.6091,200.0000,128.6070,80.7473,68.1350,62.9114,58.9655,56.4418,54.1291,52.0026,50.0404,47.5354,44.9707,40.8594,34.6051,27.3113,20.6149,10.8663
94.359,-1e-323,1e-323,5e-324,6,229.78,0.307638,0.00060242,14313.1,0.0,5.9412,14.6091,200.0000,128.6070,80.7473,68.1350,62.9114,58.9655,56.4418,54.1291,52.0026,50.0404,47.5354,44.9707,40.8594,34.6051,27.3113,20.6149,10.8663
94.459,-1e-323,1e-323,5e-324,6,229.78,0.307638,0.00060242,14313.1,0.0,5.9412,14.6091,200.0000,128.6070,80.7473,68.1350,62.9114,58.9655,56.4418,54.1291,52.0026,50.0404,47.5354,44.9707,40.8594,34.6051,27.3113,20.6149,10.8663
94.559,-1e-323,1e-323,5e-324,6,229.78,0.307638,0.00060242,14313.1,0.0,5.9412,14.6091,200.0000,128.6070,80.7473,68.1350,62.9114,58.9655,56.4418,54.1291,52.0026,50.0404,47.5354,44.9707,40.8594,34.6051,27.3113,20.6149,10.8663
94.659,-1e-323,1e-323,5e-324,6,229.78,0.307638,0.00060242,14313.1,0.0,5.9412,14.6091,200.0000,128.6070,80.7473,68.1350,62.9114,58.9655,56.4418,54.1291,52.0026,50.0404,47.5354,44.9707,40.8594,34.6051,27.3113,20.6149,10.8663
94.759,-1e-323,1e-323,5e-324,6,229.78,0.307638,0.00060242,14313.1,0.0,5.9412,14.6091,200.0000,128.6070,80.7473,68.1350,62.9114,58.9655,56.4418,54.1291,52.0026,50.0404,47.5354,44.9707,40.8594,34.6051,27.3113,20.6149,10.8663
94.859,-1e-323,1e-323,5e-324,6,229.78,0.307638,0.00060242,14313.1,0.0,5.9412,14.6091,200.0000,128.6070,80.7473,68.1350,62.9114,58.9655,56.4418,54.1291,52.0026,50.0404,47.5354,44.9707,40.8594,34.6051,27.3113,20.6149,10.8663
94.960,-1e-323,1e-323,5e-324,6,229.78,0.307638,0.00060242,14313.1,0.0,5.9412,14.6091,200.0000,128.6070,80.7473,68.1350,62.9114,58.9655,56.4418,54.1291,52.0026,50.0404,47.5354,44.9707,40.8594,34.6051,27.3113,20.6149,10.8663
95.060,-1e-323,1e-323,5e-324,6,229.78,0.307638,0.00060242,14313.1,0.0,5.9412,14.6091,200.0000,128.6070,80.7473,68.1350,62.9114,58.9655,56.4418,54.1291,52.0026,50.0404,47.5354,44.9707,40.8594,34.6051,27.3113,20.6149,10.8663
95.160,-1e-323,1e-323,5e-324,6,229.78,0.307638,0.00060242,14313.1,0.0,5.9412,14.6091,200.0000,128.6070,80.7473,68.1350,62.9114,58.9655,56.4418,54.1291,52.0026,50.0404,47.5354,44.9707,40.8594,34.6051,27.3113,20.6149,10.8663
95.260,-1e-323,1e-323,5e-324,6,229.78,0.307638,0.00060242,14313.1,0.0,5.9412,14.6091,200.0000,128.6070,80.7473,68.1350,62.9114,58.9655,56.4418,54.1291,52.0026,50.0404,47.5354,44.9707,40.8594,34.6051,27.3113,20.6149,10.8663
95.360,-1e-323,1e-323,5e-324,6,229.78,0.307638,0.00060242,14313.1,0.0,5.9412,14.6091,200.0000,128.6070,80.7473,68.1350,62.9114,58.9655,56.4418,54.1291,52.0026,50.0404,47.5354,44.9707,40.8594,34.6051,27.3113,20.6149,10.8663
95.460,-1e-323,1e-323,5e-324,6,229.78,0.307638,0.00060242,14313.1,0.0,5.9412,14.6091,200.0000,128.6070,80.7473,68.1350,62.9114,58.9655,56.4418,54.1291,52.0026,50.0404,47.5354,44.9707,40.8594,34.6051,27.3113,20.6149,10.8663
95.560,-1e-323,1e-323,5e-324,6,229.78,0.307638,0.00060242,14313.1,0.0,5.9412,14.6091,200.0000,128.6070,80.7473,68.1350,62.9114,58.9655,56.4418,54.1291,52.0026,50.0404,47.5354,44.9707,40.8594,34.6051,27.3113,20.6149,10.8663
95.660,-1e-323,1e-323,5e-324,6,229.78,0.307638,0.00060242,14313.1,0.0,5.9412,14.6091,200.0000,128.6070,80.7473,68.1350,62.9114,58.9655,56.4418,54.1291,52.0026,50.0404,47.5354,44.9707,40.8594,34.6051,27.3113,20.6149,10.8663
95.760,-1e-323,1e-323,5e-324,6,229.78,0.307638,0.00060242,14313.1,0.0,5.9412,14.6091,200.0000,128.6070,80.7473,68.1350,62.9114,58.9655,56.4418,54.1291,52.0026,50.0404,47.5354,44.9707,40.8594,34.6051,27.3113,20.6149,10.8663
95.861,-1e-323,1e-323,5e-324,6,229.78,0.307638,0.00060242,14313.1,0.0,5.9412,14.6091,200.0000,128.6070,80.7473,68.1350,62.9114,58.9655,56.4418,54.1291,52.0026,50.0404,47.5354,44.9707,40.8594,34.6051,27.3113,20.6149,10.8663
95.961,-1e-323,1e-323,5e-324,6,229.78,0.307638,0.00060242,14313.1,0.0,5.9412,14.6091,200.0000,128.6070,80.7473,68.1350,62.9114,58.9655,56.4418,54.1291,52.0026,50.0404,47.5354,44.9707,40.8594,34.6051,27.3113,20.6149,10.8663
