time,steer,accel,brake,gear,speedX,trackPos,angle,rpm,damage,track_0,track_1,track_2,track_3,track_4,track_5,track_6,track_7,track_8,track_9,track_10,track_11,track_12,track_13,track_14,track_15,track_16,track_17,track_18
0.115,0.0,0.0,0.0,1,-0.00913045,0.333439,0.00822276,5235.99,0.0,5.7030,12.6267,22.4550,140.4860,90.9268,77.3570,71.6721,67.3518,64.5773,62.0267,59.6744,57.4982,54.7119,51.8501,47.2417,40.0655,31.0431,22.7658,11.2227
0.216,0.0,0.0,0.0,1,-0.00913045,0.333439,0.00822276,5235.99,0.0,5.7030,12.6267,22.4550,140.4860,90.9268,77.3570,71.6721,67.3518,64.5773,62.0267,59.6744,57.4982,54.7119,51.8501,47.2417,40.0655,31.0431,22.7658,11.2227
0.318,0.0,0.0,0.0,1,-0.00913045,0.333439,0.00822276,5235.99,0.0,5.7030,12.6267,22.4550,140.4860,90.9268,77.3570,71.6721,67.3518,64.5773,62.0267,59.6744,57.4982,54.7119,51.8501,47.2417,40.0655,31.0431,22.7658,11.2227
0.435,0.0,0.0,0.0,1,-0.00913045,0.333439,0.00822276,5235.99,0.0,5.7030,12.6267,22.4550,140.4860,90.9268,77.3570,71.6721,67.3518,64.5773,62.0267,59.6744,57.4982,54.7119,51.8501,47.2417,40.0655,31.0431,22.7658,11.2227
0.557,0.0,0.36867202148437506,0.0,1,-0.00913045,0.333439,0.00822276,5342.82,0.0,5.7030,12.6267,22.4550,140.4860,90.9268,77.3570,71.6721,67.3518,64.5773,62.0267,59.6744,57.4982,54.7119,51.8501,47.2417,40.0655,31.0431,22.7658,11.2227
0.657,0.0,0.7744623562031249,0.0,1,-0.00913045,0.333439,0.00822276,5857.59,0.0,5.7030,12.6267,22.4550,140.4860,90.9268,77.3570,71.6721,67.3518,64.5773,62.0267,59.6744,57.4982,54.7119,51.8501,47.2417,40.0655,31.0431,22.7658,11.2227
0.777,0.0,0.924932053654512,0.0,1,-0.00913045,0.333439,0.00822276,6816.51,0.0,5.7030,12.6267,22.4550,140.4860,90.9268,77.3570,71.6721,67.3518,64.5773,62.0267,59.6744,57.4982,54.7119,51.8501,47.2417,40.0655,31.0431,22.7658,11.2227
0.896,0.0,0.9557527253825834,0.0,1,-0.00913045,0.333439,0.00822276,8046.54,0.0,5.7030,12.6267,22.4550,140.4860,90.9268,77.3570,71.6721,67.3518,64.5773,62.0267,59.6744,57.4982,54.7119,51.8501,47.2417,40.0655,31.0431,22.7658,11.2227
0.996,0.0,0.9610299784260812,0.0,1,-0.0164475,0.33345,0.00871628,9269.51,0.0,5.7058,12.6460,22.5471,139.7670,90.6271,77.1409,71.4869,67.1886,64.4275,61.8889,59.5470,57.3803,54.6054,51.7547,47.1630,40.0057,31.0007,22.7402,11.2174
1.115,0.0,0.9637314047739016,0.0,1,2.56265,0.333393,0.00878065,5235.99,0.0,5.7067,12.6507,22.5786,139.6180,90.5522,77.0824,71.4346,67.1411,64.3828,61.8467,59.5071,57.3424,54.5701,51.7218,47.1343,39.9827,30.9853,22.7318,11.2162
1.239,0.0,0.9688529401386745,0.0,1,7.82353,0.333129,0.00877398,5235.99,0.0,5.7089,12.6641,22.7187,139.2230,90.2936,76.8620,71.2300,66.9485,64.1979,61.6691,59.3361,57.1777,54.4131,51.5733,46.9987,39.8720,30.9139,22.6960,11.2140
1.358,0.0,0.9755048788897126,0.0,1,12.7877,0.332624,0.00877207,5235.99,0.0,5.7132,12.6926,23.0068,138.4470,89.7902,76.4328,70.8323,66.5748,63.8397,61.3251,59.0051,56.8583,54.1095,51.2851,46.7364,39.6573,30.7751,22.6255,11.2098
1.458,0.0,0.977726032464581,0.0,1,16.9822,0.332017,0.00876873,5235.99,0.0,5.7184,12.7311,23.3866,137.5160,89.1850,75.9178,70.3550,66.1258,63.4092,60.9114,58.6070,56.4749,53.7446,50.9392,46.4208,39.3990,30.6073,22.5394,11.2047
1.559,0.0,0.9801479518648689,0.0,1,21.2678,0.331222,0.00876492,5235.99,0.0,5.7252,12.7884,23.9487,136.2950,88.3924,75.2424,69.7292,65.5376,62.8449,60.3694,58.0855,55.9725,53.2661,50.4858,46.0076,39.0595,30.3855,22.4238,11.1981
1.660,0.0,0.9820257851639551,0.0,1,25.5158,0.33027,0.00876015,7645.84,0.0,5.7333,12.8683,24.7418,134.8340,87.4425,74.4336,68.9792,64.8327,62.1690,59.7200,57.4607,55.3701,52.6930,49.9427,45.5124,38.6520,30.1174,22.2817,11.1901
1.780,0.0,0.9819857420353949,0.0,2,31.149,0.328888,0.00875014,12337.3,0.0,5.7451,13.0065,26.2284,132.7140,86.0646,73.2602,67.8915,63.8104,61.1885,58.7779,56.5541,54.4964,51.8615,49.1544,44.7939,38.0580,29.7233,22.0681,11.1748
1.881,0.0,0.9830134922470332,0.0,2,35.7101,0.327528,0.00874394,8325.75,0.0,5.7567,13.1707,28.4050,130.6200,84.7053,72.1023,66.8185,62.8014,60.2209,57.8485,55.6599,53.6348,51.0414,48.3768,44.0855,37.4699,29.3291,21.8493,11.1522
1.982,0.0,0.9833502654363828,0.0,2,40.4321,0.325952,0.00873726,11537.6,0.0,5.7701,13.3987,200.0000,128.1930,83.1287,70.7600,65.5744,61.6318,59.0994,56.7710,54.6231,52.6355,50.0904,47.4756,43.2640,36.7850,28.8655,21.5859,11.1170
2.103,0.0,0.9834713762794302,0.0,2,46.2255,0.323841,0.00872248,15412.6,0.0,5.7904,13.7738,200.0000,124.9460,81.0189,68.9633,63.9086,60.0660,57.5978,55.3285,53.2349,51.2978,48.8173,46.2688,42.1639,35.8629,28.2337,21.2172,11.0550
2.222,0.0,0.9835031247602699,0.0,3,51.7827,0.321456,0.00869721,7957.13,0.0,5.8352,14.3080,200.0000,121.2810,78.6352,66.9323,62.0259,58.2963,55.9005,53.6977,51.6655,49.7853,47.3778,44.9042,40.9200,34.8133,27.5047,20.7793,10.9648
2.341,0.0,0.9835114474340312,0.0,3,57.0504,0.318118,0.00866543,7618.59,0.0,5.9230,15.0773,200.0000,117.1850,75.9743,64.6662,59.9256,56.3219,54.0067,51.8785,49.9150,48.0984,45.7722,43.3822,39.5329,33.6352,26.6723,20.2619,10.8356
2.442,0.0,0.9835134353920584,0.0,2,61.0815,0.314247,0.019493,8845.49,0.0,6.0278,15.9439,200.0000,113.4860,73.5712,62.6197,58.0289,54.5389,52.2969,50.2357,48.3344,46.5752,44.3224,42.0080,38.2803,32.5691,25.9082,19.7771,10.7014
2.563,0.0,0.9835141503042907,0.0,2,64.6723,0.305092,0.0331994,10049.4,0.0,6.2041,17.3629,200.0000,108.7900,70.5245,60.0259,55.6248,52.2791,50.1302,48.1543,46.3317,44.6451,42.4857,40.2669,36.6938,31.2192,24.9212,19.1352,10.5031
2.681,0.0,0.9835143377142429,0.0,2,70.3191,0.289848,0.0477803,13893.5,0.0,6.4504,19.4446,200.0000,103.9490,67.3292,57.2930,53.0873,49.8905,47.8373,45.9498,44.2087,42.5979,40.5355,38.4168,35.0049,29.7785,23.8433,18.4155,10.2559
2.782,0.0,0.9835143824790781,0.0,3,75.2555,0.271446,0.06073,7579.74,0.0,6.7238,22.1067,200.0000,99.7157,64.5076,54.8732,50.8377,47.7711,45.8020,43.9918,42.3225,40.7782,38.8011,36.7704,33.5006,28.4936,22.8614,17.7447,10.0050
2.902,0.0524970035128125,0.9835143985774705,0.0,3,79.8262,0.243004,0.0676508,7939.95,0.0,7.0512,24.6832,200.0000,104.9660,65.1718,54.8311,50.5658,47.3503,45.2971,43.4177,41.6911,40.0994,38.0696,35.9939,32.6712,27.6289,22.0785,17.1656,9.7303
3.006,0.0172022181110784,0.9835144024227406,0.0,3,84.0276,0.215042,0.0713816,8237.43,0.0,7.3514,26.0796,200.0000,115.2290,67.4258,55.8870,51.2255,47.7484,45.5441,43.5377,41.7036,40.0208,37.8854,35.7141,32.2642,27.0882,21.4805,16.7007,9.4866
3.117,0.005636822830638171,0.9835144036827586,0.0,3,88.4269,0.180044,0.0838789,8995.63,0.0,7.8098,28.8608,200.0000,115.6850,65.8078,54.1797,49.5259,46.0707,43.8877,41.9051,40.0969,38.4410,36.3447,34.2180,30.8501,25.8218,20.4069,15.8968,9.1268
3.225,0.0018470741051435156,0.9835144040956413,0.0,3,93.3976,0.136813,0.0990344,9570.8,0.0,8.3980,31.9684,200.0000,112.8180,62.9565,51.6024,47.0862,43.7433,41.6357,39.7248,37.9843,36.3927,34.3802,32.3421,29.1208,24.3267,19.1839,14.9520,8.6946
3.335,0.0006052492427734272,0.9842673339184347,0.0,3,98.3788,0.0833944,0.11643,10180.8,0.0,9.1492,35.4150,200.0000,107.1280,59.1070,48.3225,44.0482,40.8898,38.9011,37.0995,35.4599,33.9617,32.0688,30.1536,27.1301,22.6384,17.8308,13.8850,8.1836
3.444,0.10299869255390326,0.9854552160721426,0.0,3,103.449,0.0202179,0.118994,10558.0,0.0,9.8369,35.1258,140.6680,134.8650,63.7537,50.4901,45.4583,41.8184,39.5595,37.5348,35.7099,34.0567,31.9875,29.9157,26.6889,21.9916,17.0874,13.1537,7.6973
3.557,0.033750611576063023,0.9841503694993947,0.0,3,108.314,-0.0463206,0.104472,11133.9,0.0,10.2413,31.5796,81.9875,182.2180,90.8036,64.4208,55.7905,49.9439,46.4697,43.4505,40.8026,38.4616,35.6063,32.8271,28.6496,22.8763,17.2067,12.9008,7.2798
3.665,0.011059400401244332,0.9846639594838117,0.0,3,113.281,-0.115339,0.103374,11511.4,0.0,10.7063,30.5201,67.8352,189.3980,129.9940,79.2789,65.6386,57.0578,52.1892,48.0895,44.5902,41.5685,37.9710,34.5592,29.5900,23.0197,16.8805,12.4109,6.8026
3.776,0.0036239443234797426,0.9851258952280304,0.0,3,118.24,-0.185276,0.0978532,11886.7,0.0,11.2058,30.7018,63.8648,190.3900,158.5280,90.2017,71.7504,60.8659,54.9198,50.0357,45.9525,42.4884,38.4369,34.6654,29.2922,22.3974,16.1609,11.7400,6.3254
3.885,0.09820999459227525,0.984042457645196,0.0,3,123.185,-0.249243,0.0878625,12220.4,0.0,11.6692,31.0572,61.8041,190.0010,162.7290,101.8780,77.4521,64.0295,56.9811,51.3341,46.7087,42.8509,38.4141,34.3551,28.6871,21.6051,15.3769,11.0600,5.8773
3.995,0.047814800677996754,0.9848258665055528,0.0,3,127.888,-0.301449,0.0505272,12721.0,0.0,11.6462,28.1497,49.3458,109.0830,178.7620,165.4840,155.2080,126.7490,100.2980,82.9867,70.7762,61.7021,52.3182,44.5782,34.9130,24.3903,16.3055,11.2396,5.6493
4.105,0.015667953886165976,0.9839441442334145,0.0,3,132.683,-0.338499,0.0261804,13107.6,0.0,11.6669,26.7072,44.0694,83.7912,184.3860,173.2520,166.6010,159.6280,153.3750,144.0470,113.7250,90.9910,71.1011,56.8976,41.4102,26.8521,17.0018,11.3333,5.4717
4.215,0.005134075129418867,0.9836552214792802,0.0,3,137.519,-0.362023,0.0158595,13470.1,0.0,11.7449,26.3165,42.4806,77.0133,184.0900,172.8960,166.9550,161.0010,156.0660,150.1330,141.8040,114.9280,84.1022,64.3796,44.7348,27.8199,17.1347,11.2412,5.3296
4.326,0.0016823337384079741,0.9845017093805806,0.0,3,142.334,-0.376947,0.0121649,13866.2,0.0,11.8286,26.3076,42.1520,75.2524,180.6910,169.5910,163.8980,158.2750,153.6980,148.3660,141.5670,126.2350,89.3837,67.0319,45.6525,27.9116,17.0082,11.0914,5.2236
4.435,0.0005512671194015249,0.9838379244267036,0.0,3,147.114,-0.387699,0.0109916,14287.6,0.0,11.9066,26.4193,42.2332,75.0428,175.9950,165.1490,159.5960,154.1400,149.7310,144.6500,138.3410,127.8290,90.3744,67.2887,45.5148,27.6702,16.8022,10.9359,5.1394
4.545,0.0001806392096854917,0.9836204153730171,0.0,3,151.881,-0.39684,0.0107203,14703.6,0.0,11.9817,26.5716,42.4541,75.3540,170.7390,160.2090,154.7690,149.4360,145.1440,140.2270,134.2020,124.9060,89.6229,66.6147,44.9860,27.3124,16.5714,10.7808,5.0640
4.657,5.919185622974192e-05,0.9851694466938052,0.0,4,156.059,-0.405554,0.0107028,12195.4,0.0,12.0562,26.7360,42.7153,75.8123,165.2100,155.0210,149.6860,144.4680,140.2840,135.5170,129.7330,121.2200,88.3662,65.6733,44.3456,26.9213,16.3333,10.6256,4.9909
4.766,1.9395987449361837e-05,0.9851951582770011,0.0,4,157.417,-0.414151,0.0107451,12155.0,0.0,12.1305,26.9029,42.9856,76.3048,159.5910,149.7450,144.5130,139.4130,135.3380,130.7180,125.1680,117.3060,86.9971,64.6733,43.6814,26.5236,16.0940,10.4707,4.9185
4.875,6.3556771674068865e-06,0.9850063158704577,0.0,4,160.917,-0.422876,0.0107505,12393.6,0.0,12.2054,27.0693,43.2519,76.7793,153.8790,144.3730,139.2510,134.2750,130.3150,125.8500,120.5410,113.2820,85.6901,63.7038,43.0280,26.1275,15.8540,10.3146,4.8453
4.985,2.0826282942158885e-06,0.9840032738813066,0.0,4,164.355,-0.431786,0.0107518,12652.2,0.0,12.2819,27.2390,43.5231,77.2610,148.0450,138.8770,133.8710,129.0240,125.1840,120.8780,115.8140,109.1060,84.3645,62.7189,42.3630,25.7239,15.6091,10.1553,4.7704
5.097,6.824356394486624e-07,0.9842769408323016,0.0,4,167.771,-0.440881,0.0107526,12900.7,0.0,12.3599,27.4120,43.7997,77.7524,142.0890,133.2560,128.3710,123.6600,119.9450,115.8030,110.9830,104.7840,83.0124,61.7140,41.6845,25.3120,15.3592,9.9927,4.6941
5.207,0.008618967722910336,0.9824089988313035,0.0,4,171.149,-0.448457,0.00486322,13151.1,0.0,12.3508,27.0768,42.7794,74.2539,138.0900,129.4260,124.8370,120.4720,117.0860,113.3950,109.2660,104.4240,94.2367,68.2639,44.3559,26.1199,15.5608,10.0231,4.6574
5.316,0.002824263343443259,0.9799883744870415,0.0,4,174.494,-0.452729,0.00195758,13394.7,0.0,12.3510,26.9259,42.3132,72.6812,132.8670,124.4680,120.0810,115.9400,112.7570,109.3250,105.5540,101.2720,93.5072,72.0489,45.7909,26.5211,15.6493,10.0288,4.6347
5.427,0.0009254546123794871,0.9779603796144137,0.0,4,177.8,-0.454873,0.00120912,13638.3,0.0,12.3600,26.9068,42.2255,72.3402,126.7650,118.7270,114.4920,110.5160,107.4780,104.2250,100.6840,96.7284,89.9085,72.9636,46.0914,26.5766,15.6425,10.0112,4.6200
5.536,0.00030325296738451034,0.978530650942051,0.0,4,181.075,-0.45614,0.000999972,13879.3,0.0,12.3681,26.9138,42.2205,72.2789,120.3640,112.7080,108.6210,104.8040,101.9020,98.8139,95.4811,91.8075,85.6903,73.1349,46.1198,26.5596,15.6215,9.9940,4.6102
5.647,0.03332548064775256,0.9787175174506912,0.0,4,184.312,-0.455066,-0.00956839,14122.2,0.0,12.2302,26.0920,40.1838,66.4612,117.0320,109.3910,105.6060,102.1290,99.5220,96.7905,93.9068,90.8301,86.0671,79.4773,54.3049,29.0976,16.4680,10.3303,4.6688
5.757,0.010920093498655557,0.9787787498682424,0.0,4,187.521,-0.444308,-0.0207897,14358.8,0.0,12.0083,25.1072,37.9747,60.8231,113.7580,106.0850,102.4260,99.2431,96.8819,94.4359,91.8907,89.2276,85.2475,80.1876,66.8812,32.9430,17.7790,10.9016,4.8164
5.866,0.0035782962376394527,0.9820364121630757,0.0,4,190.72,-0.425401,-0.0239734,14592.9,0.0,11.8151,24.5660,36.9755,58.7327,107.8090,100.4680,96.9736,93.9743,91.7626,89.4851,87.1322,84.6918,81.0961,76.6472,66.4663,35.1645,18.6958,11.3854,4.9969
5.975,0.0011725361111496958,0.9921360274750967,0.0,4,193.936,-0.402588,-0.0248293,14833.5,0.0,11.6165,24.1173,36.2532,59.5168,101.0270,94.1308,90.8471,88.0141,85.9361,83.8071,81.6208,79.3692,76.0875,72.1029,63.5453,36.8810,19.5272,11.8694,5.1999
6.087,0.055334117657901534,0.9930526588736647,0.0,5,196.62,-0.377739,-0.0281324,13473.8,0.0,11.3750,23.4818,35.1250,111.5140,94.7778,88.2441,85.1376,82.4890,80.5575,78.5896,76.5817,74.5294,71.5705,68.0427,60.8311,39.7602,20.7057,12.4934,5.4351
6.196,0.03737589053654118,0.9945110265097225,0.0,5,197.235,-0.339331,-0.0617051,13514.6,0.0,10.7237,20.9677,30.0036,44.4253,97.0868,89.6578,86.1652,83.3380,81.4367,79.6262,77.8722,76.1004,73.5811,70.6413,64.9220,52.2298,26.9299,14.8664,5.9865
6.306,0.012247331811013814,0.9934453985573308,0.0,5,199.831,-0.27895,-0.072826,13664.2,0.0,10.1412,19.5010,27.5505,40.8258,92.9428,85.5662,82.1131,79.3247,77.4531,75.6734,73.9791,72.3552,70.0797,67.4495,62.4250,51.9267,31.7669,16.9057,6.6173
6.417,0.004013205687833006,0.9930962135898911,0.0,5,202.404,-0.206263,-0.0757332,13831.4,0.0,9.5410,18.2687,25.7269,104.6280,86.1874,79.2799,76.0503,73.4442,71.6957,70.0338,68.4523,66.9456,64.8820,62.5156,58.0587,49.0927,34.1947,18.8167,7.3091
6.526,0.0013150472397891193,0.9934636676597605,0.0,5,204.954,-0.128432,-0.076702,13998.5,0.0,8.9179,17.0517,24.0384,95.6952,78.7697,72.4361,69.4760,67.0879,65.4859,63.9636,62.5149,61.1350,59.2749,57.1609,53.2299,45.5564,33.7222,20.7385,8.0348
6.635,0.08541054524603411,0.9937045437593752,0.0,5,207.355,-0.0409753,-0.106825,14189.0,0.0,8.0233,14.7125,20.4257,98.7736,79.1819,72.1029,68.8395,66.2273,64.4854,62.8374,61.2761,59.7949,57.8448,55.7761,52.2180,45.4354,35.2481,24.1501,9.1673
6.747,0.027987327466220464,0.9941222923990719,0.0,5,209.752,0.0760287,-0.134664,14334.2,0.0,6.9678,12.3950,17.4776,102.4560,79.6049,71.6819,68.0865,65.2340,63.3441,61.5653,59.8880,58.3041,56.2293,54.0412,50.3914,44.2540,35.3269,25.6585,10.6578
6.857,0.009170887464131122,0.9933180181639528,0.0,5,212.212,0.217068,-0.141925,14482.4,0.0,5.8795,11.0224,16.8578,95.4438,73.4476,65.9171,62.5158,59.8243,58.0446,56.3718,54.7969,53.3115,51.3686,49.3235,45.9198,40.4007,32.8615,24.8391,11.7467
6.966,0.05280492457612149,0.993536348582589,0.0,5,214.652,0.354768,-0.101484,14608.2,0.0,5.0772,10.5993,20.5209,87.3993,66.6863,59.6742,56.5200,54.0298,52.3860,50.8430,49.3920,48.0249,46.2392,44.3622,41.2449,36.2295,29.9011,23.2764,12.1095
7.076,0.12280824644760346,0.9940671782035427,0.0,5,216.63,0.441531,-0.0826967,14804.6,0.0,4.4587,9.4921,18.4515,118.9810,80.0402,68.8417,64.0780,60.4286,58.0716,55.8955,53.8808,52.0099,49.6050,47.1234,43.1033,36.8873,29.8909,23.5245,12.6068
7.184,0.0402418061959507,0.9939023020943618,0.0,5,218.74,0.489947,-0.0382524,14970.9,0.0,4.2418,9.9494,53.0510,155.7030,90.2453,74.6295,68.3412,63.6580,60.6927,57.9956,55.5320,53.2732,50.4089,47.4991,42.8808,35.9636,28.4850,22.2888,12.4862
7.296,0.013186435054289125,0.9938482754909054,0.0,6,218.952,0.480849,0.0343958,13369.3,0.0,4.6710,14.8648,93.6978,153.2460,84.6124,69.1853,63.0696,58.5503,55.7042,53.1259,50.7793,48.6349,45.9255,43.1840,38.8558,32.4250,25.5410,19.8903,11.6837
7.407,0.004320931038589461,0.9936137283034847,0.0,6,220.637,0.394853,0.111439,13802.7,0.0,6.0398,23.1514,132.7190,139.6040,75.5561,61.5056,55.9698,51.8914,49.3284,47.0101,44.9032,42.9801,40.5539,38.1027,34.2404,28.5194,22.4181,17.4274,10.4182
7.515,0.06424625828584998,0.9950803777404857,0.0,6,222.604,0.224037,0.179711,13988.3,0.0,8.1777,30.7683,156.6350,127.7110,66.9622,54.1375,49.1323,45.4618,43.1625,41.0875,39.2058,37.4916,35.3333,33.1579,29.7405,24.7014,19.3573,15.0087,8.9334
7.627,0.06722512570910733,0.9959283991155023,0.0,6,224.48,0.0341882,0.130527,14001.8,0.0,9.5145,29.0131,73.5103,195.4270,102.2660,71.5006,61.6289,54.9940,51.0713,47.6743,44.7043,42.0856,38.9004,35.8096,31.1811,24.8186,18.6086,13.9171,7.8236
7.737,0.02202832919236029,0.9953328803221678,0.0,6,226.341,-0.117618,0.111419,14111.0,0.0,10.7446,30.7011,68.5206,193.1470,127.2870,78.1637,64.8358,56.4261,51.6458,47.6156,44.1720,41.1958,37.6492,34.2825,29.3734,22.8722,16.7870,12.3502,6.7759
7.847,0.00721824290975262,0.9955232407239678,0.0,6,228.277,-0.24916,0.106128,14224.3,0.0,11.9304,33.5227,72.6766,186.4330,124.0820,72.1333,58.9795,50.8706,46.3254,42.5288,39.3101,36.5469,33.2765,30.1942,25.7379,19.9053,14.5157,10.6277,5.7903
7.955,0.059314384241355246,0.9965553914579297,0.0,6,230.186,-0.373528,0.100936,14340.4,0.0,13.0345,36.0450,76.1026,179.5900,120.7920,65.6314,52.7885,45.0774,40.8217,37.3029,34.3450,31.8240,28.8617,26.0909,22.1210,16.9881,12.3072,8.9670,4.8516
8.067,0.09666840876170728,0.9966767628604344,0.0,6,231.737,-0.475082,0.0451821,14481.5,0.0,13.1226,31.3259,54.1249,115.0690,172.3210,164.0940,156.8000,113.5970,86.4124,69.7306,58.4512,50.3160,42.1153,35.5079,27.4486,18.9074,12.5040,8.5598,4.2658
8.175,0.03167630418303624,0.996837002591607,0.0,6,233.466,-0.530752,0.0172908,14556.9,0.0,13.2194,29.7068,48.0944,87.7305,170.5730,164.8920,161.0480,156.8590,152.9720,146.8930,108.2270,81.0512,59.9752,46.2417,32.3642,20.2535,12.5248,8.2356,3.9146
8.285,0.010379691354697315,0.9969858849467177,0.0,6,235.316,-0.556405,0.0103379,14659.4,0.0,13.3452,29.5729,47.2142,83.6761,164.0980,158.8570,155.4000,151.7690,148.6110,144.5510,137.0630,95.7826,66.5429,49.3386,33.2425,20.1446,12.2083,7.9373,3.7257
8.395,0.003401217263107216,0.9974201707168405,0.0,6,237.159,-0.570536,0.00813597,14773.2,0.0,13.4362,29.6454,47.1286,82.8123,156.7150,151.6580,148.3620,144.9430,142.0230,138.3980,132.9760,100.7090,68.1732,49.7967,33.0907,19.8305,11.9371,7.7323,3.6148
8.505,0.0011145108727749725,0.9957539403686193,0.0,6,238.989,-0.580909,0.00737029,14873.2,0.0,13.5144,29.7732,47.2626,82.8057,149.0170,144.0850,140.8970,137.6170,134.8430,131.4550,126.6710,101.3070,67.9012,49.3228,32.6112,19.4652,11.6893,7.5619,3.5302
8.616,0.00036520292279090306,0.9965346121174891,0.0,6,240.784,-0.590033,0.00708437,14976.7,0.0,13.5885,29.9195,47.4691,83.0776,141.1620,136.3420,133.2510,130.0910,127.4400,124.2410,119.8780,100.2560,66.9395,48.5208,32.0196,19.0834,11.4497,7.4033,3.4543
8.725,0.00011966969374012312,0.9957287917767838,0.0,6,242.543,-0.598865,0.00713694,15092.0,0.0,13.6647,30.0905,47.7450,83.5771,133.1710,128.4590,125.4580,122.4100,119.8690,116.8340,112.7940,97.8865,65.4038,47.4263,31.3084,18.6647,11.2003,7.2427,3.3797
8.835,3.921336524476354e-05,0.9958698167394164,0.0,6,244.284,-0.607726,0.00714272,15202.8,0.0,13.7405,30.2577,48.0110,84.0445,125.1040,120.5110,117.6100,114.6810,112.2580,109.3930,105.6750,95.7017,63.9490,46.3734,30.6145,18.2516,10.9526,7.0826,3.3050
8.947,1.2849435523404115e-05,0.9966689574866718,0.0,6,246.009,-0.616634,0.00714231,15313.2,0.0,13.8166,30.4253,48.2769,84.5098,116.9520,112.4910,109.6950,106.8920,104.5920,101.9020,98.4966,92.4334,62.4975,45.3207,29.9195,17.8372,10.7039,6.9218,3.2300
9.048,4.210503032309061e-06,0.9570255464892327,0.0,6,247.535,-0.624944,0.00714171,15400.5,0.0,13.8876,30.5817,48.5249,84.9764,109.3150,104.9860,102.2950,99.6155,97.4341,94.9099,91.7846,86.9400,61.1438,44.3389,29.2712,17.4506,10.4719,6.7717,3.1600
9.149,1.3796976336270332e-06,0.8805767736517168,0.0,6,248.749,-0.633148,0.00714141,15456.9,0.0,13.9578,30.7361,48.7698,108.4920,101.7570,97.5696,94.9870,92.4350,90.3743,88.0157,85.1578,81.0942,59.8069,43.3693,28.6310,17.0689,10.2429,6.6236,3.0909
9.268,0.05383656809909647,0.3603080927521556,0.0,6,248.79,-0.637388,-0.0151775,15276.6,0.0,13.6875,28.9052,44.1081,101.5580,95.6416,92.1137,90.0183,88.0271,86.4936,84.8442,83.0477,81.0544,77.7403,71.9525,39.8413,20.3731,11.2704,6.9917,3.1246
9.388,0.014112933307769544,0.09445260466642107,0.6388723690795898,6,242.064,-0.612795,-0.0357382,14537.7,0.0,13.2211,26.9440,39.8666,61.5409,89.0677,86.0163,84.2461,82.5997,81.3593,80.0567,78.6824,77.2233,75.0010,72.1008,63.9395,26.9119,13.4424,7.9678,3.4095
9.488,0.004624525986289924,0.030950229497092856,0.8784945713685699,6,228.767,-0.577964,-0.038541,13582.4,0.0,12.9019,26.1715,38.5737,87.2825,82.2282,79.3551,77.7055,76.1834,75.0452,73.8586,72.6174,71.3134,69.3598,66.8885,60.9805,30.3134,14.8895,8.7652,3.7275
9.608,0.001212291740149986,0.00811341696128591,0.9251618090201782,6,211.586,-0.533441,-0.0379536,12461.0,0.0,12.5447,25.4717,37.5725,78.9994,74.1696,71.4736,69.9421,68.5406,67.5002,66.4230,65.3052,64.1416,62.4221,60.2969,55.5903,33.2781,16.4044,9.6711,4.1181
9.727,0.0003177950059298779,0.002126883575899334,0.9321616692408261,6,194.996,-0.491233,-0.0380392,11395.5,0.0,12.1984,24.7651,36.5259,71.3578,66.7761,64.2641,62.8526,61.5715,60.6272,59.6562,58.6562,57.6243,56.1184,54.2938,50.4594,36.3256,17.8973,10.5490,4.4911
9.848,8.330805403448192e-05,0.0005575497681205549,0.9351828916730003,6,179.032,-0.452029,-0.0384179,10372.5,0.0,11.8736,24.0905,35.5576,64.3027,59.9796,57.6508,56.3562,55.1904,54.3370,53.4651,52.5735,51.6607,50.3430,48.7724,45.5929,37.3677,19.3187,11.3761,4.8391
9.948,2.7298383146019034e-05,0.0001826979080177434,0.9385772063647116,5,166.256,-0.421627,-0.0386014,10701.4,0.0,11.6230,23.5749,65.0177,58.8284,54.7231,52.5433,51.3419,50.2668,49.4842,48.6885,47.8792,47.0555,45.8760,44.4861,41.7376,35.3566,20.4122,12.0145,5.1086
10.048,0.031357489539095534,5.9866450499254165e-05,0.9407276647260608,5,153.931,-0.393317,-0.0385513,9477.76,0.0,11.3921,23.1084,59.6886,53.7022,49.8151,47.7802,46.6681,45.6788,44.9624,44.2374,43.5037,42.7609,41.7048,40.4726,38.0811,32.8704,21.4051,12.6005,5.3584
10.168,0.1376815730524294,1.5693630799676484e-05,0.5668578846035282,5,139.728,-0.36208,-0.0389367,8832.15,0.0,11.1327,22.6942,53.7805,48.0581,44.4345,42.5689,41.5593,40.6672,40.0250,39.3785,38.7278,38.0728,37.1486,36.0812,34.0469,29.8330,22.1697,13.2663,5.6366
10.287,0.16620322852465236,4.113991152350392e-06,0.06669026326572049,4,130.773,-0.332808,-0.0410712,9660.15,0.0,10.8720,55.5647,48.3828,42.9479,39.5909,37.8907,36.9792,36.1790,35.6061,35.0321,34.4573,33.8817,33.0748,32.1511,30.4165,26.9485,21.2463,13.9740,5.9089
10.389,0.08718219998537488,1.3480726208021763e-06,0.011208632547069643,4,126.636,-0.305992,-0.0568928,9355.44,0.0,10.5016,51.8661,44.8824,39.7230,36.5965,35.0325,34.1996,33.4722,32.9534,32.4355,31.9185,31.4026,30.6825,29.8632,28.3392,25.3534,20.6515,14.9621,6.2546
10.489,0.07404245286678499,4.4173643638445706e-07,0.001883834872185995,4,125.669,-0.2674,-0.0876616,9289.9,0.0,9.9236,48.9856,42.2351,37.3520,34.4410,33.0001,32.2369,31.5726,31.1005,30.6303,30.1624,29.6968,29.0489,28.3146,26.9577,24.3348,20.2990,15.5392,6.8416
10.589,0.1535388198168338,1.447481954744589e-07,0.0003166161269683002,3,124.867,-0.211946,-0.126025,11325.3,0.0,9.2270,46.4536,39.9251,35.2925,32.5710,31.2354,30.5316,29.9209,29.4878,29.0575,28.6300,28.2055,27.6164,26.9511,25.7277,23.3840,19.8312,15.6948,7.6724
10.707,0.21018872135422031,3.7944870954456556e-08,3.724957072169355e-05,3,123.18,-0.112601,-0.203304,11145.6,0.0,8.3711,44.9852,38.6879,34.2830,31.7214,30.4718,29.8152,29.2465,28.8438,28.4442,28.0478,27.6546,27.1098,26.4955,25.3688,23.2201,19.9809,16.2117,8.6220
10.807,0.2346595731125462,1.2433775314356325e-08,6.260535351195035e-06,3,121.592,-0.0156225,-0.193628,10990.1,0.0,7.7646,44.3378,38.1812,33.9083,31.4367,30.2346,29.6037,29.0579,28.6717,28.2886,27.9088,27.5324,27.0111,26.4238,25.3474,23.2986,20.2146,16.6201,9.2263
10.908,0.24003710163051914,4.074299495008281e-09,1.0522081764753497e-06,3,119.893,0.0601953,-0.171337,10825.8,0.0,7.2987,43.7833,37.7268,33.5513,31.1469,29.9802,29.3686,28.8399,28.4661,28.0955,27.7283,27.3644,26.8608,26.2937,25.2554,23.2822,20.3165,16.8585,9.6518
11.028,0.2546137875568468,1.068053166819451e-09,1.2379123975414842e-07,3,117.739,0.126114,-0.147159,10624.2,0.0,6.9128,43.1873,37.2067,33.1120,30.7653,29.6296,29.0350,28.5214,28.1585,27.7990,27.4428,27.0902,26.6023,26.0533,25.0493,23.1446,20.2884,16.9614,9.9708
11.130,0.2631930695229127,3.499796617033977e-10,2.080559366547973e-08,3,115.883,0.163088,-0.128403,10454.1,0.0,6.7247,42.7033,36.7564,32.7067,30.3944,29.2775,28.6935,28.1894,27.8334,27.4808,27.1317,26.7861,26.3082,25.7708,24.7890,22.9296,20.1477,16.9136,10.1034
11.248,0.2660127294952426,9.17450684375755e-11,2.447757289150025e-09,3,113.634,0.189579,-0.107661,10250.5,0.0,6.6364,42.1391,36.2047,32.1877,29.9039,28.8034,28.2287,27.7331,27.3833,27.0369,26.6942,26.3551,25.8865,25.3600,24.3992,22.5831,19.8751,16.7375,10.1393
11.349,0.2694597434286026,3.006302402562474e-11,4.1139456758744487e-10,3,111.773,0.199438,-0.0918112,10084.3,0.0,6.6601,41.6834,35.7408,31.7371,29.4685,28.3778,27.8087,27.3182,26.9721,26.6297,26.2909,25.9560,25.4934,24.9740,24.0271,22.2402,19.5839,16.5172,10.0900
11.450,0.2973919963112751,9.851051712716716e-12,6.914308497442187e-11,3,109.926,0.200631,-0.0777009,9920.61,0.0,6.7514,41.2982,35.3012,31.2996,29.0396,27.9550,27.3897,26.9027,26.5593,26.2197,25.8839,25.5521,25.0940,24.5799,23.6435,21.8800,19.2663,16.2606,9.9918
11.552,0.3195294894955224,3.227992625223014e-12,1.1620878291651086e-11,3,108.079,0.195403,-0.0669038,9757.07,0.0,6.8807,41.3813,34.9616,30.9486,28.6883,27.6052,27.0412,26.5556,26.2134,25.8752,25.5408,25.2104,24.7545,24.2431,23.3126,21.5634,18.9781,16.0160,9.8726
11.671,0.3366701884429042,8.461988987464617e-13,1.3671847101344587e-12,3,105.87,0.183486,-0.0591942,9561.02,0.0,7.0496,42.5018,34.7707,30.7070,28.4326,27.3443,26.7780,26.2908,25.9475,25.6082,25.2730,24.9419,24.4852,23.9733,23.0425,21.2954,18.7207,15.7823,9.7298
11.788,0.34610480512581165,2.2182596411299242e-13,1.6084791396260893e-13,3,103.682,0.168557,-0.0571396,9366.6,0.0,7.2006,43.7834,35.3806,30.6836,28.3807,27.2797,26.7071,26.2145,25.8675,25.5246,25.1859,24.8514,24.3902,23.8734,22.9343,21.1733,18.5835,15.6373,9.6079
11.891,0.35290282386197597,7.268793192054536e-14,2.703370889969568e-14,3,101.885,0.155949,-0.0593011,9208.28,0.0,7.2939,44.6791,36.9134,31.1383,28.5120,27.3802,26.7994,26.2998,25.9479,25.6003,25.2568,24.9177,24.4503,23.9265,22.9747,21.1908,18.5702,15.5945,9.5342
12.007,0.3615309235432288,1.9054705225379444e-14,3.1804888183402974e-15,3,99.7676,0.142845,-0.0657307,9021.53,0.0,7.3520,45.6280,38.6172,32.9836,29.5055,28.0374,27.3200,26.7259,26.3195,25.9272,25.5484,25.1824,24.6903,24.1531,23.1804,21.3575,18.6804,15.6444,9.4902
12.111,0.3714058094390239,6.243845808252335e-15,5.345447556984537e-16,3,98.0389,0.135206,-0.0738605,8869.21,0.0,7.3453,46.3623,39.7604,34.6948,31.4407,29.7217,28.7879,28.0148,27.4900,26.9865,26.5031,26.0387,25.4183,24.7490,23.5964,21.6272,18.8879,15.7816,9.5008
12.211,0.3819082938994501,2.0459833944481255e-15,8.984093709023915e-17,3,96.3416,0.131844,-0.0846872,8719.76,0.0,7.2800,47.0903,40.7738,36.0696,33.1463,31.6462,30.8353,30.1183,29.6007,29.0783,28.5511,28.0189,27.2650,26.3924,24.8744,22.3501,19.2191,16.0213,9.5653
12.328,0.39425289384987394,5.363422709542094e-16,1.0569696407729546e-17,3,94.3457,0.134865,-0.100971,8543.8,0.0,7.1175,48.0094,41.9208,37.4990,34.8139,33.4607,32.7358,32.0999,31.6450,31.1894,30.7324,30.2741,29.6302,28.8915,27.4996,24.6701,20.3605,16.4796,9.7287
12.430,0.3946239181445157,1.7574863534627535e-16,1.776448875247105e-18,3,92.7182,0.144418,-0.117204,8399.73,0.0,6.9099,48.8464,42.8751,38.6060,36.0471,34.7692,34.0879,33.4922,33.0672,32.6427,32.2183,31.7939,31.1998,30.5212,29.2513,26.7201,22.5298,17.4544,9.9489
12.547,0.1310845474472759,0.022211425781250044,2.0899743372394664e-19,3,91.0582,0.165223,-0.135401,8272.45,0.0,6.6062,16.2294,43.8608,39.7074,37.2462,36.0271,35.3796,34.8147,34.4124,34.0111,33.6109,33.2121,32.6553,32.0211,30.8393,28.5111,24.7450,19.7815,10.2855
12.651,0.042953784507523365,0.07793466773437502,3.5126198685983716e-20,3,90.3384,0.189198,-0.129114,8264.32,0.0,6.4442,14.1065,43.6125,39.5369,37.1443,35.9645,35.3399,34.7965,34.4103,34.0256,33.6423,33.2603,32.7279,32.1231,31.0008,28.8035,25.2968,20.7733,10.5119
12.751,0.16796344090307955,0.11712701082945001,5.903660213153284e-21,3,90.1047,0.217115,-0.0973291,8259.91,0.0,6.3330,13.1147,42.1705,38.1994,35.8903,34.7593,34.1624,33.6438,33.2756,32.9093,32.5449,32.1827,31.6791,31.1084,30.0519,27.9982,24.7627,20.6734,10.7864
12.868,0.1476752699416886,0.13872817008000035,6.945597204172708e-22,3,90.0209,0.251945,-0.0846667,8258.13,0.0,5.8719,11.5338,40.9433,37.0797,34.8575,33.7749,33.2056,32.7123,32.3628,32.0158,31.6711,31.3286,30.8530,30.3150,29.3234,27.4095,24.4300,20.7250,11.6314
12.994,0.03871218596359403,0.1470691058549516,8.17142565473715e-23,3,90.2242,0.301065,-0.11692,8276.23,0.0,5.3438,11.4234,38.7383,35.0227,32.9101,31.8891,31.3539,30.8910,30.5636,30.2389,29.9170,29.5978,29.1557,28.6572,27.7410,25.9842,23.2847,19.9861,12.0675
13.112,0.13001169552614175,0.1557841348571154,9.613600568541709e-24,3,90.4888,0.362701,-0.132463,8300.95,0.0,4.8410,41.1208,35.7332,32.2130,30.2387,29.2919,28.7979,28.3718,28.0709,27.7731,27.4782,27.1864,26.7830,26.3293,25.4999,23.9207,21.5277,18.6554,11.9396
13.232,0.26956236119089005,0.18498234968548363,1.1310304932883639e-24,3,90.6831,0.440255,-0.146187,8345.56,0.0,4.4256,39.7621,34.3963,30.9378,29.0177,28.1012,27.6243,27.2139,26.9247,26.6388,26.3563,26.0770,25.6913,25.2580,24.4674,22.9722,20.7247,18.0591,11.9378
13.333,0.29640516645919096,0.2102146159543143,1.9009229500697533e-25,3,90.8453,0.491041,-0.0981109,8378.31,0.0,4.1778,39.6550,34.1819,30.6825,28.7503,27.8311,27.3539,26.9438,26.6549,26.3694,26.0873,25.8085,25.4240,24.9927,24.2074,22.7267,20.5122,17.9037,11.9884
13.448,0.2968130966492372,0.22382177997222774,2.2364168415275643e-26,3,91.1066,0.527099,-0.0475097,8411.16,0.0,4.0641,39.4696,33.8534,30.2960,28.3446,27.4203,26.9414,26.5300,26.2405,25.9548,25.6726,25.3942,25.0105,24.5808,23.8001,22.3323,20.1523,17.6060,11.9230
13.548,0.28813429123080797,0.22936401070504958,3.758745785555377e-27,3,91.3578,0.539023,-0.0128241,8435.03,0.0,4.1090,39.3475,33.5916,29.9726,27.9987,27.0665,26.5839,26.1700,25.8791,25.5921,25.3091,25.0301,24.6459,24.2159,23.4354,21.9730,19.8125,17.3078,11.7924
13.655,0.27903153035853395,0.23010791699658065,6.317324041782924e-28,3,91.6177,0.536586,0.0177109,8460.58,0.0,4.2786,39.2228,33.3123,29.6237,27.6229,26.6807,26.1939,25.7770,25.4843,25.1957,24.9112,24.6307,24.2448,23.8133,23.0318,21.5729,19.4275,16.9587,11.5984
13.773,0.26819888304580236,0.22917040979315162,7.432268561917195e-29,3,91.9253,0.517421,0.0496972,8493.26,0.0,4.6431,39.0260,32.9179,29.1403,27.1043,26.1496,25.6576,25.2364,24.9409,24.6499,24.3632,24.0808,23.6929,23.2598,22.4771,21.0206,18.8938,16.4675,11.2895
13.893,0.2710651155621913,0.2258752826704409,8.743989640409958e-30,3,92.2222,0.48309,0.0766258,8525.95,0.0,5.1749,38.7870,32.4677,28.5946,26.5213,25.5535,25.0553,24.6295,24.3312,24.0376,23.7487,23.4645,23.0746,22.6399,21.8554,20.4011,18.2927,15.9098,10.9112
14.012,0.31805694005185836,0.20605723291286007,1.0287216372045913e-30,3,92.3752,0.437188,0.0928941,8534.94,0.0,5.7916,38.8786,32.2772,28.2627,26.1276,25.1340,24.6237,24.1882,23.8834,23.5838,23.2892,22.9998,22.6028,22.1607,21.3644,19.8949,17.7778,15.4076,10.5214
14.114,0.3292680319190128,0.18544919931526097,1.7289724556497565e-31,3,92.3376,0.39393,0.0977232,8520.84,0.0,6.2974,39.4082,32.4360,28.2522,26.0367,25.0084,24.4811,24.0317,23.7175,23.4086,23.1051,22.8070,22.3984,21.9440,21.1271,19.6244,17.4703,15.0772,10.2154
14.235,0.33332516391888095,0.17215449568654978,2.0341188043473822e-32,3,92.1711,0.34001,0.0960461,8498.46,0.0,6.8622,40.9689,32.8895,28.4571,26.1199,25.0384,24.4848,24.0134,23.6840,23.3604,23.0428,22.7309,22.3041,21.8298,20.9790,19.4190,17.1976,14.7519,9.8700
14.350,0.3359272386312324,0.1290273196797549,2.3931204321266518e-33,3,91.8398,0.287297,0.0872294,8428.95,0.0,7.3252,44.3293,33.8006,28.9740,26.4816,25.3308,24.7426,24.2421,23.8925,23.5495,23.2129,22.8827,22.4311,21.9300,21.0324,19.3916,17.0701,14.5374,9.5703
14.451,0.3426054900811836,0.10145091039391207,4.0221175102752645e-34,3,91.3182,0.247543,0.065766,8367.85,0.0,7.4857,51.3114,36.2763,30.2198,27.4988,26.2523,25.6154,25.0735,24.6951,24.3239,23.9598,23.6027,23.1145,22.5731,21.6040,19.8359,17.3447,14.6463,9.4350
14.566,0.35429634814581773,0.09605853456367669,4.7319810296637466e-35,3,90.4983,0.209381,0.0311252,8296.07,0.0,7.4746,72.0532,42.8668,33.4753,29.6792,28.1136,27.3516,26.7222,26.2924,25.8760,25.4677,25.0672,24.5196,23.9122,22.8254,20.8454,18.0643,15.0736,9.4044
14.668,0.36593139728162094,0.10224582779332557,7.95304051655586e-36,3,89.748,0.188348,-0.00118238,8236.25,0.0,7.3385,128.6230,54.9905,39.0353,33.3473,31.1117,30.0458,29.1758,28.5872,28.0239,27.4844,26.9674,26.2786,25.5379,24.2681,22.0621,18.9758,15.6706,9.4947
14.787,0.37964977095647057,0.14141830371855355,9.356672637322806e-37,3,88.9082,0.178635,-0.0429204,8197.04,0.0,7.0483,74.2488,137.0610,54.2426,42.6353,38.5490,36.6840,35.1995,34.2138,33.2841,32.4060,31.5754,30.4855,29.3336,27.4065,24.2688,20.4862,16.7137,9.7631
14.888,0.36546687721547677,0.18708961382499562,1.5725759701548444e-37,3,88.4716,0.184618,-0.0712417,8202.61,0.0,6.7696,25.6389,99.5993,140.0320,58.6802,50.5679,47.1075,44.4529,42.7366,41.1508,39.6815,38.3163,36.5601,34.7463,31.8049,27.2489,22.1092,17.6650,10.0667
15.011,0.11058105575326832,0.24844610175778964,1.8501199031274728e-38,3,88.6018,0.207201,-0.0801166,8209.55,0.0,6.5020,19.1646,66.0046,107.2660,130.5280,142.8470,67.9033,60.7855,57.3546,54.2941,51.5476,49.0691,45.9799,42.9010,38.1337,31.2541,24.1466,18.5002,10.3485
15.132,0.012896439317465936,0.39956677052419404,2.1766475648304406e-39,3,89.6805,0.232693,-0.0412286,8346.43,0.0,6.5378,19.7129,55.3564,97.5697,119.5520,131.1550,137.5690,143.3270,62.9725,58.4254,55.0756,52.0928,48.4272,44.8302,39.3687,31.7102,24.0616,18.1666,10.2217
15.251,-0.00860724170207596,0.6404986799297943,2.5608040935473653e-40,3,92.0231,0.238145,0.017553,8714.0,0.0,6.9425,22.1054,60.5265,96.4122,117.6340,128.9410,135.2110,140.8490,59.1400,55.0784,51.9365,49.1374,45.6954,42.3156,37.1794,29.9684,22.7568,17.1917,9.8041
15.367,-0.007309911251624002,0.804202560170266,3.01276040801754e-41,3,95.7349,0.213502,0.0783269,9264.9,0.0,7.6943,24.9037,63.5758,96.0047,116.5630,127.6240,133.7790,59.8264,54.1774,50.8478,48.0057,45.4678,42.3397,39.2599,34.5644,27.9406,21.2792,16.1133,9.2328
15.470,0.11809597598798036,0.8626392941353427,5.063546417755079e-42,3,99.4293,0.171677,0.102653,9797.75,0.0,8.0586,23.8975,55.3376,86.0519,105.1720,115.4420,121.1540,126.2980,130.0620,133.9020,54.7904,50.4679,46.4225,42.5547,36.8223,29.0565,21.6012,16.0485,8.9326
15.571,0.0386976894117414,0.8865719583553942,8.510302464320963e-43,3,103.389,0.120257,0.0920159,10244.1,0.0,8.2587,22.2428,45.0558,74.4732,91.9895,101.3570,106.5630,111.2480,114.6750,118.1700,121.7370,125.3780,130.6060,50.1127,41.7167,31.6226,22.6383,16.3513,8.7396
15.690,0.010144367093151536,0.8956017339042414,1.0012285746248968e-43,3,108.263,0.0656019,0.076347,10724.5,0.0,8.6105,22.2033,42.2487,68.1278,84.2650,92.9566,97.7983,102.1630,105.3580,108.6200,111.9510,115.3550,120.2460,126.0220,43.9137,32.4189,22.6795,16.1155,8.4239
15.808,0.002659284967267116,0.8979688353857185,1.177935405760445e-44,3,113.215,0.0171768,0.070183,11083.9,0.0,8.9923,22.8155,42.2471,64.7244,79.7149,87.8893,92.4634,96.5971,99.6283,102.7280,105.8970,109.1380,113.8030,119.3210,44.6535,31.9245,22.1131,15.6060,8.0840
15.911,0.0008713944980740885,0.8985342424323173,1.9797560364615796e-45,3,117.251,-0.0210822,0.0683381,11473.8,0.0,9.3225,23.5414,42.4139,62.7027,76.8487,84.6482,89.0309,93.0009,95.9168,98.9022,101.9590,105.0900,109.6000,114.9440,45.6153,31.0175,21.4190,15.0845,7.7925
16.031,0.05828898919392813,0.9002810807606774,2.3291631793366838e-46,3,122.068,-0.0647092,0.0542638,11893.8,0.0,9.5673,23.3313,39.7985,57.3816,70.1095,77.2110,81.2207,84.8628,87.5436,90.2924,93.1116,96.0026,100.1750,105.1280,114.9760,31.9716,21.5292,14.9101,7.5384
16.149,0.015280108783253093,0.9046930894943019,2.740237188857816e-47,3,126.818,-0.0991042,0.0339314,12370.1,0.0,9.6595,22.4839,36.2261,51.0445,62.1417,68.4151,71.9766,75.2226,77.6182,80.0788,82.6071,85.2047,88.9610,93.4309,102.3480,37.2595,22.4312,15.1217,7.3976
16.249,0.005006986046096375,0.9105001323467429,4.6055166433133325e-48,3,130.839,-0.121008,0.026909,12685.8,0.0,9.7787,22.4194,34.7264,47.9106,58.0232,63.8028,67.1006,70.1152,72.3445,74.6396,77.0016,79.4320,82.9543,87.1550,95.5629,114.6580,22.5234,15.0302,7.2656
16.368,0.0013125513500678882,0.9237816033345295,5.418344275691702e-49,3,135.653,-0.142272,0.0236098,13156.3,0.0,9.9297,22.5646,33.2883,44.9517,54.0970,59.3862,62.4219,65.2065,67.2720,69.4030,71.6006,73.8674,77.1597,81.0985,89.0164,107.1350,22.3680,14.7970,7.1121
16.486,0.0003440774611121965,0.9443159139995269,6.37462785690853e-50,3,140.585,-0.161032,0.0219647,13626.1,0.0,10.0754,22.3267,31.7230,42.0906,50.3581,55.1910,57.9797,60.5475,62.4572,64.4317,66.4732,68.5835,71.6567,75.3450,82.7943,99.9862,23.0661,14.5378,6.9675
16.589,0.00011274730245724456,0.9571472258087399,1.0713837039106167e-50,3,144.784,-0.175909,0.0211827,14029.2,0.0,10.1962,21.8124,30.2672,39.6616,47.2383,51.7028,54.2903,56.6795,58.4609,60.3066,62.2183,64.1981,67.0881,70.5669,77.6222,94.0325,25.2223,14.3852,6.8491
16.690,3.69450360691899e-05,0.9649974756092579,1.8006745911625738e-51,3,149.034,-0.190528,0.0205499,14430.3,0.0,10.3156,21.0500,28.6517,37.1351,44.0411,48.1406,50.5270,52.7367,54.3879,56.1023,57.8816,59.7281,62.4301,65.6921,72.3384,87.9313,32.5414,14.7090,6.7317
16.808,9.684919535321715e-06,0.9714074814492383,2.118475649756857e-52,3,154.179,-0.20802,0.0201318,14893.3,0.0,10.2819,19.8628,26.5278,33.9879,40.1180,43.7863,45.9321,47.9260,49.4203,50.9752,52.5934,54.2765,56.7472,59.7415,65.8797,80.4472,112.9860,16.0596,6.6323
16.910,3.1735544333342203e-06,0.9741607488337863,3.56052202454635e-53,4,155.953,-0.21867,-0.00134689,11565.7,0.0,10.0309,18.6742,24.6131,31.2697,36.7749,40.0899,42.0361,43.8503,45.2126,46.6335,48.1151,49.6597,51.9328,54.6975,60.3955,74.0656,105.0620,18.4185,6.7934
17.014,-0.06648195609312078,0.9769000879278551,5.984169366655052e-54,4,158.953,-0.202621,-0.0375908,12246.5,0.0,9.6244,17.4274,22.7501,28.7316,33.7122,36.7295,38.5082,40.1709,41.4227,42.7309,44.0979,45.5269,47.6352,50.2090,55.5440,68.4959,98.4442,22.2639,7.2036
17.122,-0.1104678241552938,0.9781832145621996,1.0057593454537147e-54,4,162.207,-0.167526,-0.0266002,12578.0,0.0,9.4569,17.5380,23.2439,29.8209,35.4057,38.8283,40.8578,42.7615,44.1990,45.7050,47.2821,48.9336,51.3773,54.3683,60.5937,75.7953,112.6910,21.1474,7.4144
17.236,-0.03619809661920667,0.9786036694977416,1.6903797319040584e-55,4,165.545,-0.131053,-0.0248597,12791.9,0.0,9.1992,17.2808,23.1320,30.0174,35.9672,39.6533,41.8509,43.9200,45.4868,47.1319,48.8587,50.6715,53.3599,56.6610,63.5614,80.5263,126.8970,21.4178,7.7117
17.341,-0.011861392300181642,0.9787414441710198,2.8410212154111516e-56,4,168.992,-0.0902278,-0.0460208,13002.7,0.0,8.7225,16.1195,21.4625,27.7828,33.2939,36.7357,38.7982,40.7468,42.2271,43.7859,45.4260,47.1529,49.7234,52.8933,59.5664,76.1978,123.3220,24.8263,8.2658
17.452,-0.02935586275032977,0.9797277522853347,4.774904356741523e-57,4,172.415,-0.0343424,-0.0712436,13249.1,0.0,8.1173,14.6830,19.3848,24.9482,29.8279,32.8953,34.7418,36.4928,37.8272,39.2359,40.7231,42.2933,44.6399,47.5484,53.7235,69.3825,114.1880,30.8946,9.0382
17.563,-0.13660166119111555,0.9818880941657335,8.025181752375479e-58,4,175.691,0.0351435,-0.0668138,13533.7,0.0,7.6117,13.9470,18.5946,24.2178,29.2524,32.4611,34.4083,36.2639,37.6841,39.1882,40.7819,42.4700,45.0028,48.1581,54.9026,72.1954,121.9160,31.7718,9.6325
17.674,-0.05987236639030474,0.9812407215556026,1.3487922971217465e-58,4,178.815,0.0998764,-0.0437596,13791.7,0.0,7.2528,13.7776,18.8029,25.1306,30.9873,34.7946,37.1274,39.3648,41.0845,42.9127,44.8561,46.9207,50.0294,53.9133,62.2467,85.2564,127.9810,28.9646,9.9522
17.781,-0.019618977018775057,0.9809608268268398,2.2669152137725196e-59,4,182.131,0.157013,-0.0497535,13980.3,0.0,6.7655,12.8325,17.5446,23.5521,29.1971,32.9113,35.2037,37.4133,39.1194,40.9397,42.8823,44.9534,48.0860,52.0229,60.5368,85.9099,124.5310,31.2760,10.5372
17.890,-0.006428746389512211,0.982195773031494,3.8100043997874746e-60,4,185.462,0.218656,-0.0678809,14210.4,0.0,6.1801,11.5116,15.6062,20.8129,25.7265,28.9833,31.0046,32.9622,34.4801,36.1056,37.8474,39.7137,42.5515,46.1462,54.0186,77.6735,117.9550,36.6865,11.3397
18.007,-0.10514749323317162,0.98214115309446,6.403474394722809e-61,4,188.721,0.292979,-0.0745004,14464.5,0.0,5.5667,10.3356,14.0172,18.7451,23.2690,26.3040,28.2036,30.0546,31.4970,33.0490,34.7202,36.5200,39.2732,42.7895,50.5857,75.8549,113.3350,40.6606,12.1277
18.114,-0.07960294165524567,0.9819259876553678,1.0762319415210627e-61,4,191.697,0.363363,-0.0423439,14742.8,0.0,5.1592,10.0585,14.1062,19.6361,25.2344,29.1270,31.6074,34.0512,35.9711,38.0500,40.3000,42.7343,46.4747,51.4392,64.3599,96.9088,115.1220,34.9873,12.3007
18.224,-0.026084291921590907,0.9826084119317859,1.8088230241144505e-62,4,194.856,0.418711,-0.0372766,14922.9,0.0,4.7358,9.3422,13.2356,18.6945,24.3797,28.4168,31.0213,33.6083,35.6542,37.8816,40.3035,42.9726,47.3621,53.6339,71.3986,95.4576,111.3730,35.2855,12.7209
18.332,-0.13660899312129815,0.9821333099686825,3.0400888566291567e-63,5,195.607,0.467519,-0.0339692,13028.7,0.0,4.3539,8.6642,12.3751,17.6961,23.3860,27.5107,30.2039,32.9020,35.0493,37.4555,40.2198,43.4271,48.8935,57.1200,77.8911,92.5581,106.9610,35.7171,13.1039
18.442,-0.12557234387878696,0.982120685198038,5.109477341336624e-64,5,197.271,0.496282,0.0194547,13592.0,0.0,4.3396,9.4686,14.5112,22.7125,32.5294,41.1225,47.8825,55.9374,63.5825,70.4681,74.1195,76.9588,80.2875,83.5583,88.7935,97.2958,51.6865,29.1139,12.6110
18.555,-0.041147545642200904,0.4712025561256931,8.587498567584465e-65,5,198.709,0.493179,0.0336758,13385.6,0.0,4.4321,9.9477,15.6120,25.2680,39.3492,54.6326,64.8710,69.2630,71.7379,73.9255,75.9161,77.7599,80.1531,82.6791,86.9692,94.3421,45.0804,27.4755,12.3998
18.661,-0.013483227756036392,0.15440365359126712,1.4433008842539214e-65,5,197.852,0.473567,0.0269887,13196.8,0.0,4.5719,10.1348,15.7507,25.7273,41.7331,58.0511,62.7930,65.9625,67.9516,69.7860,71.5014,73.1213,75.2586,77.5495,81.5041,88.4428,43.8021,27.2413,12.3091
18.771,-0.004418184071098005,0.0505949892087864,0.4360168762207031,5,193.847,0.456106,0.0161712,12711.3,0.0,4.6716,10.1541,15.6495,25.9014,42.9578,55.0709,58.6124,61.2525,62.9737,64.5926,66.1285,67.5953,69.5512,71.6692,75.3697,81.9730,43.2834,27.1639,12.2879
18.883,-0.0014477505564173942,0.01657896606393513,0.768788508333435,5,182.298,0.448664,0.00355547,11697.4,0.0,4.6764,10.0170,15.4722,25.7279,42.9647,50.8471,53.7827,56.0777,57.6072,59.0644,60.4613,61.8062,63.6141,65.5888,69.0740,75.3885,43.2703,27.2342,12.3509
18.993,-0.0004743989023268517,0.005432595599830263,0.8261918846322215,5,169.015,0.452108,-0.00775034,10719.3,0.0,4.6134,9.8753,15.2555,25.3736,40.7128,46.4731,48.9819,51.0050,52.3756,53.6951,54.9707,56.2078,57.8829,59.7266,63.0122,69.0528,77.9333,27.3784,12.4182
19.104,-0.00015545103231446274,0.0017801529261523802,0.7829329479798249,5,156.293,0.458985,-0.00766594,9868.33,0.0,4.5559,9.7537,15.0698,25.0713,37.7738,42.3671,44.5295,46.3158,47.5431,48.7358,49.8980,51.0327,52.5801,54.2963,57.3844,63.1466,71.7897,27.5012,12.4759
19.212,-0.006300848596563727,0.0005833205108416119,0.4367011201262953,4,144.724,0.465119,-0.00755388,10460.9,0.0,4.5047,9.6462,14.9065,24.8084,34.7334,38.5251,40.4001,41.9792,43.0773,44.1534,45.2097,46.2477,47.6731,49.2656,52.1592,57.6398,66.0285,27.6076,12.5269
19.324,-0.24565467092704157,0.00019114246499257937,0.07339635725962645,4,136.774,0.469455,0.000759776,10087.8,0.0,4.5053,9.7992,15.3656,25.7748,32.7621,35.8870,37.4926,38.8686,39.8366,40.7932,41.7392,42.6751,43.9693,45.4270,48.1030,53.2541,61.3071,27.3196,12.4593
19.434,-0.10312077692934898,6.26335629287684e-05,0.01233572576462542,3,134.228,0.455269,0.0633933,12163.9,0.0,4.9454,12.3328,21.9448,30.9990,36.1831,38.7193,40.0574,41.2201,42.0459,42.8678,43.6857,44.4998,45.6329,46.9184,49.3010,53.9557,61.3664,22.8423,11.6347
19.543,-0.033790616184209074,2.0523765900498828e-05,0.0020732654292605944,3,132.764,0.411574,0.0982901,12020.0,0.0,5.5660,15.2699,24.2188,31.3993,35.8274,38.0521,39.2388,40.2765,41.0171,41.7571,42.4962,43.2342,44.2655,45.4409,47.6338,51.9655,58.9719,20.8351,10.9554
19.654,-0.02254271894766741,6.725227610275455e-06,0.0003484537206958282,3,131.231,0.348081,0.111758,11889.7,0.0,6.2701,16.6278,23.6111,29.5836,33.4254,35.3952,36.4560,37.3889,38.0576,38.7281,39.4001,40.0735,41.0181,42.0997,44.1313,48.1927,54.8832,20.7643,10.3492
19.764,-0.05169458706304509,2.2037225833350613e-06,5.856461683734784e-05,3,129.749,0.272856,0.128075,11755.9,0.0,7.1405,16.9392,22.7088,27.7850,31.1414,32.8894,33.8381,34.6764,35.2798,35.8865,36.4966,37.1097,37.9729,38.9655,40.8419,44.6369,51.0026,22.6452,9.6473
19.871,-0.1227846560799319,7.221158161072329e-07,9.842955151853052e-06,3,128.244,0.183697,0.162543,11616.2,0.0,8.1719,17.2731,22.3466,26.8445,29.8579,31.4415,32.3049,33.0704,33.6226,34.1792,34.7399,35.3046,36.1016,37.0210,38.7668,42.3282,48.3855,56.8784,8.8171
19.985,-0.22366079124738925,2.366229106220181e-07,1.6543054723719427e-06,3,126.564,0.0702254,0.208705,11453.0,0.0,9.1508,18.1887,23.0089,27.2502,30.0920,31.5876,32.4040,33.1284,33.6513,34.1787,34.7104,35.2461,36.0029,36.8768,38.5389,41.9401,47.7597,55.9895,7.9548
20.094,-0.28438824743457736,7.753659535262289e-08,2.7803912074155247e-07,3,124.57,-0.0428867,0.214519,11250.7,0.0,10.2127,19.7142,24.5736,28.7822,31.5797,33.0470,33.8467,34.5557,35.0672,35.5828,36.1023,36.6255,37.3642,38.2166,39.8367,43.1484,48.8093,15.7304,7.0506
20.201,-0.311831911896331,2.5407191565147465e-08,4.673003502303272e-08,3,122.234,-0.146835,0.231668,11021.4,0.0,11.3219,21.4799,26.4738,30.7248,33.5225,34.9827,35.7767,36.4797,36.9863,37.4966,38.0103,38.5274,39.2566,40.0974,41.6928,44.9458,50.4861,12.2404,6.1802
20.311,-0.330083629771139,8.32542853206752e-09,7.853916986321111e-09,3,119.648,-0.245325,0.250272,10773.7,0.0,12.4162,23.2119,28.3328,32.6243,35.4235,36.8782,37.6677,38.3658,38.8684,39.3742,39.8831,40.3949,41.1162,41.9469,43.5210,46.7223,52.1538,9.8558,5.3775
20.421,-0.3173435930263443,2.728076421387885e-09,1.3200078278909892e-09,3,116.9,-0.340232,0.267865,10517.3,0.0,13.4807,24.8458,30.0649,34.3816,37.1763,38.6235,39.4075,40.1001,40.5983,41.0993,41.6031,42.1095,42.8226,43.6430,45.1958,48.3467,11.7209,8.0311,4.6335
20.531,-0.16714271185779436,8.939360817603823e-10,2.2185371563363857e-10,3,114.225,-0.432916,0.281318,10270.1,0.0,14.4752,26.2702,31.5397,35.8538,38.6311,40.0653,40.8413,41.5262,42.0186,42.5136,43.0111,43.5109,44.2142,45.0231,46.5525,49.6507,8.9358,6.5641,3.9392
20.643,-0.054769323821562056,0.031999512011674974,3.728695398654564e-11,3,111.962,-0.52412,0.281263,10112.1,0.0,15.2454,27.1197,32.3304,36.5762,39.3039,40.7113,41.4726,42.1444,42.6274,43.1128,43.6005,44.0905,44.7802,45.5731,47.0722,10.1903,7.1520,5.4019,3.2983
20.754,-0.017946812029849456,0.21338057470536065,6.266818356518726e-12,3,110.845,-0.614364,0.254706,10274.1,0.0,15.5799,26.9281,31.8930,35.9542,38.5731,39.9277,40.6614,41.3094,41.7756,42.2445,42.7159,43.1897,43.8571,44.6251,46.0793,8.4696,5.9965,4.5099,2.7109
20.863,-0.005880811365941069,0.3853574275788276,1.0532641611801023e-12,3,111.589,-0.702385,0.186539,10416.7,0.0,15.3036,25.3262,29.7723,33.4631,35.8715,37.1261,37.8081,38.4120,38.8472,39.2857,39.7272,40.1719,40.7993,41.5231,42.8988,9.0311,5.4815,3.9032,2.1854
20.973,-0.0019270242683915692,0.4870311464784052,1.7702210756953982e-13,3,113.265,-0.773621,0.101134,10594.7,0.0,14.7813,23.3364,27.1927,30.4468,32.5992,33.7299,34.3474,34.8957,35.2919,35.6917,36.0953,36.5024,37.0783,37.7447,39.0173,41.7226,5.6672,3.5570,1.7736
21.082,-0.04467013060464936,0.5634016160780438,2.975210561921256e-14,3,115.396,-0.805588,0.0163412,10848.3,0.0,14.1186,21.3901,24.7176,27.5661,29.4736,30.4835,31.0373,31.5305,31.8876,32.2488,32.6140,32.9832,33.5066,34.1142,35.2798,37.7500,42.9458,3.9340,1.6466
21.192,-0.38272579520072514,0.6130384571814534,5.000436391421055e-15,3,117.589,-0.799186,-0.0213196,11197.4,0.0,13.7244,20.4664,23.5775,26.2582,28.0635,29.0227,29.5497,30.0196,30.3603,30.7051,31.0541,31.4071,31.9084,32.4909,33.6234,36.2114,41.8272,4.8307,1.7716
21.303,-0.37955525515402355,0.6311586760242187,8.404233443061368e-16,3,119.419,-0.772935,-0.0168283,11558.5,0.0,13.5818,20.3620,23.5028,26.2130,28.0396,29.0104,29.5455,30.0333,30.3945,30.7668,31.1508,31.5469,32.1229,32.8136,34.2108,37.4781,44.8913,5.5435,1.9977
21.412,-0.15560342073328332,0.6375781843346159,1.4124995147753244e-16,3,121.357,-0.732676,-0.0205624,11797.6,0.0,13.2659,19.9506,23.0701,25.7728,27.7040,28.8135,29.4508,30.0370,30.4730,30.9243,31.3915,31.8756,32.5831,33.4374,35.1857,39.3833,49.5239,7.1902,2.3699
21.523,-0.19926548930743537,0.636517918270892,2.3739879344828882e-17,3,123.596,-0.677444,-0.0529346,11909.8,0.0,12.6055,18.7856,21.7091,24.4195,26.5027,27.7137,28.4141,29.0615,29.5450,30.0472,30.5691,31.1119,31.9092,32.8781,34.8824,39.8169,52.5057,96.9425,2.9873
21.634,-0.20415348413180887,0.6356886152871308,3.989961521485391e-18,3,125.819,-0.605246,-0.0919409,12045.2,0.0,11.8054,17.3924,20.1793,23.0106,25.2284,26.5348,27.2964,28.0042,28.5354,29.0893,29.6674,30.2714,31.1635,32.2558,34.5440,40.3499,56.5106,132.2860,3.8809
21.743,-0.07006328224971191,0.637639517722912,6.705928329160498e-19,3,128.225,-0.51168,-0.137821,12184.5,0.0,10.8527,15.8127,18.5950,21.4962,23.8145,25.1997,26.0140,26.7754,27.3497,27.9514,28.5823,29.2447,30.2293,31.4449,34.0284,40.8169,61.6859,200.0000,5.2176
21.852,-0.2521767230048668,0.6415163870893188,1.127065374282005e-19,3,130.625,-0.38975,-0.188267,12397.3,0.0,9.7342,14.2260,16.9675,19.8905,22.2764,23.7241,24.5831,25.3917,26.0050,26.6508,27.3315,28.0502,29.1261,30.4673,33.3652,41.3049,69.1145,200.0000,7.3335
21.961,-0.20593694961145348,0.647644661987053,1.8942587745557657e-20,3,132.68,-0.242079,-0.206666,12684.8,0.0,8.6735,13.3716,16.4306,19.8615,22.8041,24.6567,25.7810,26.8569,27.6847,28.5673,29.5105,30.5204,32.0605,34.0293,38.4796,52.2483,131.2660,69.0294,9.0124
22.071,-0.05134482747985294,0.6654989333086675,3.1836807223958757e-21,3,135.084,-0.073599,-0.214061,12856.4,0.0,7.6578,12.4117,15.6747,19.5238,22.9994,25.2758,26.6925,28.0738,29.1541,30.3233,31.5927,32.9757,35.1332,37.9801,44.8116,70.2012,200.0000,47.3941,10.2789
22.184,-0.01182211046537555,0.6958392119509592,5.350812190130748e-22,3,137.923,0.0824834,-0.200037,13044.7,0.0,6.6047,10.8591,13.8274,17.3847,20.6503,22.8176,24.1778,25.5126,26.5626,27.7049,28.9521,30.3193,32.4702,35.3420,42.3940,70.7733,200.0000,49.5051,11.7555
22.292,-0.029451566874005197,0.7160661339877153,8.99311004795275e-23,3,140.894,0.226191,-0.191156,13326.4,0.0,5.6034,9.2991,11.9058,15.0631,17.9944,19.9574,21.1967,22.4184,23.3833,24.4368,25.5918,26.8636,28.8762,31.5865,38.3563,67.3575,200.0000,52.5529,13.1406
22.405,-0.009650689433274021,0.7407628984413446,1.5114720057594186e-23,3,143.986,0.363785,-0.182883,13631.2,0.0,4.6331,7.7572,9.9841,12.7096,15.2682,16.9971,18.0951,19.1824,20.0446,20.9896,22.0299,23.1806,25.0127,27.5020,33.8325,62.9160,200.0000,55.2208,14.4388
22.511,-0.13958258338216706,0.7679814541393848,2.540331000079855e-24,3,147.187,0.497348,-0.167107,13975.3,0.0,3.7011,6.3055,8.2019,10.5724,12.8495,14.4175,15.4258,16.4342,17.2408,18.1320,19.1220,20.2280,22.0132,24.4876,31.0468,67.1407,200.0000,54.8599,15.4993
22.620,-0.23030694555627393,0.7856570027361436,4.269534311834213e-25,3,150.113,0.610744,-0.100402,14430.5,0.0,3.0158,5.5781,7.6598,10.5804,13.7876,16.2713,18.0064,19.8629,21.4442,23.3010,25.5119,28.1887,33.0474,41.1634,76.3646,197.7350,88.8102,42.1742,15.2757
22.733,-0.07648462536787984,0.7953656667347045,7.175806317899763e-26,3,153.079,0.687638,-0.0352217,14760.4,0.0,2.5619,5.2255,7.7373,11.9568,17.8762,23.7920,28.9016,35.5964,42.6587,53.2218,70.7451,105.4840,173.2810,184.4230,197.4830,116.6010,58.4167,34.6691,14.8523
22.844,-0.02506248204054686,0.8076529333943779,1.2060377678494133e-26,3,156.514,0.728104,-0.00825429,14933.1,0.0,2.2883,4.8937,7.5534,12.5434,20.9182,31.4547,43.0262,63.4658,96.0755,163.1880,173.0000,179.2130,185.9580,192.2300,200.0000,91.2149,51.8870,32.6311,14.7860
22.953,-0.008212474115046395,0.8437856526677947,2.0269876764245088e-27,4,157.792,0.743192,-0.00236666,11700.8,0.0,2.1740,4.7005,7.3295,12.4044,21.3659,33.5086,48.1037,77.7474,138.9020,165.2130,172.0870,177.3460,183.3900,189.1840,198.1170,87.5097,50.8723,32.3483,14.8266
23.066,-0.002691063518018403,0.9144670771974329,3.406758187766672e-28,4,160.515,0.747419,-0.000277758,12312.1,0.0,2.1426,4.6512,7.2796,12.4073,21.6395,34.5238,50.6110,85.4754,151.6390,162.1180,168.3460,173.2860,179.0600,184.6530,193.3510,86.2258,50.4937,32.2297,14.8315
23.175,-0.0008818076935842703,0.9586663277154298,5.725738486179446e-29,4,163.781,0.74843,0.000187635,12595.9,0.0,2.1351,4.6388,7.2663,12.4045,21.6967,34.7537,51.2038,87.4278,148.0650,157.5130,163.4950,168.2930,173.9350,179.4250,187.9990,85.9492,50.4124,32.2048,14.8331
23.281,-0.00028895074503369365,0.975372186562667,9.623248673721797e-30,4,167.178,0.748466,0.000393152,12853.9,0.0,2.1352,4.6409,7.2723,12.4236,21.7576,34.9137,51.5556,88.4679,143.8070,152.6080,158.3910,163.0680,168.5940,173.9910,182.4530,85.8076,50.3648,32.1863,14.8304
23.391,-9.468338013264074e-05,0.9808463623897298,1.617379404592423e-30,4,170.598,0.748224,0.000365138,13111.9,0.0,2.1372,4.6450,7.2783,12.4327,21.7698,34.9247,51.5559,88.4079,139.0590,147.4230,153.0440,157.6180,163.0400,168.3530,176.7120,85.8152,50.3645,32.1845,14.8288
23.502,-3.102585000186372e-05,0.9835813024341167,2.718329565298486e-31,4,174.012,0.747914,0.000357032,13366.1,0.0,2.1398,4.6506,7.2870,12.4472,21.7941,34.9612,51.6052,88.4748,134.2260,142.1510,147.6010,152.0640,157.3780,162.6000,170.8490,85.8057,50.3574,32.1795,14.8263
23.612,-1.0166550528610703e-05,0.9835363254784865,4.568696500397166e-32,4,177.411,0.747584,0.000357032,13616.6,0.0,2.1426,4.6567,7.2966,12.4635,21.8227,35.0070,51.6729,88.5909,129.2880,136.7810,142.0540,146.4020,151.5990,156.7270,164.8580,85.7894,50.3479,32.1734,14.8234
23.725,-3.331375277215155e-06,0.9849446245390404,7.678608208217517e-33,4,180.783,0.747255,0.000357032,13865.9,0.0,2.1454,4.6628,7.3061,12.4797,21.8511,35.0526,51.7402,88.7063,124.2330,131.3080,136.3990,140.6260,145.7030,150.7300,158.7360,85.7733,50.3384,32.1674,14.8207
23.830,-1.0916250508378618e-06,0.9862057073033277,1.2905436815551181e-33,4,184.139,0.746927,0.000357032,14113.9,0.0,2.1482,4.6688,7.3156,12.4959,21.8794,35.0981,51.8072,88.8212,119.0650,125.7310,130.6340,134.7360,139.6870,144.6090,152.4810,85.7572,50.3290,32.1613,14.8179
23.943,-3.577036966585506e-07,0.9866189389035294,2.1690167655896875e-34,4,187.469,0.746595,0.000357032,14359.9,0.0,2.1510,4.6749,7.3252,12.5123,21.9081,35.1441,51.8752,88.9377,113.7850,120.0530,124.7630,128.7340,133.5520,138.3620,146.0920,85.7409,50.3194,32.1552,14.8151
24.054,-1.1721234732107385e-07,0.9876955087436585,3.645466477926588e-35,4,190.773,0.746252,0.000357032,14603.9,0.0,2.1539,4.6813,7.3351,12.5292,21.9378,35.1917,51.9455,89.0582,108.3950,114.2730,118.7840,122.6190,127.2970,131.9910,139.5690,85.7241,50.3095,32.1489,14.8122
24.164,-3.8408141970169486e-08,0.9880482791488719,6.126935509451218e-36,4,194.051,0.745903,0.000357032,14845.2,0.0,2.1569,4.6877,7.3452,12.5465,21.9680,35.2402,52.0170,89.1808,102.8970,108.3930,112.6990,116.3920,120.9240,125.4920,132.9090,85.7069,50.2995,32.1425,14.8092
24.271,-1.2585579960785135e-08,0.9881638749552524,1.0297540510734665e-36,5,196.78,0.74554,0.000357032,13482.2,0.0,2.1599,4.6944,7.3557,12.5644,21.9993,35.2904,52.0911,88.2307,97.2941,102.4140,106.5100,110.0550,114.4320,118.8680,126.1120,85.6891,50.2890,32.1358,14.8061
24.383,-4.124042841550073e-09,0.9882017533890871,1.7307076336391754e-37,5,197.47,0.745184,0.000384927,13508.7,0.0,2.1630,4.7013,7.3669,12.5848,22.0389,35.3626,52.2137,84.3284,91.6686,96.4198,100.2990,103.6900,107.9050,112.2020,119.2600,130.9200,50.2722,32.1266,14.8027
24.492,-1.351366358319128e-09,0.9882141653942861,2.908800319857363e-38,5,200.109,0.744805,0.000383139,13684.8,0.0,2.1662,4.7083,7.3778,12.6033,22.0711,35.4137,52.2881,79.7134,85.9490,90.3436,94.0044,97.2351,101.2810,105.4310,112.2940,123.7370,50.2617,32.1198,14.7995
24.601,-4.4281572829401183e-10,0.9882182325601496,4.888820697584271e-39,5,202.718,0.744411,0.000383139,13863.3,0.0,2.1696,4.7156,7.3892,12.6228,22.1052,35.4684,52.3690,74.7676,80.1448,84.1885,87.6245,90.6887,94.5559,98.5498,105.2020,116.4060,50.2503,32.1126,14.7961
24.712,-1.4510185784738179e-10,0.9882195652890599,8.216640946429886e-40,5,205.316,0.744021,0.000383139,14023.9,0.0,2.1729,4.7228,7.4005,12.6421,22.1390,35.5226,52.4489,69.5900,74.2552,77.9536,81.1588,84.0489,87.7272,91.5547,97.9799,108.9210,50.2391,32.1054,14.7928
24.823,-4.754697677943006e-11,0.9872788398882941,1.3809708438664711e-40,5,207.873,0.743616,0.000383139,14195.4,0.0,2.1763,4.7302,7.4122,12.6621,22.1740,35.5787,52.5317,64.2314,68.2821,71.6403,74.6086,77.3164,80.7945,84.4436,90.6227,101.2720,50.2275,32.0980,14.7894
24.931,-1.5580193351083642e-11,0.9521159618952212,2.3209976972863784e-41,5,210.353,0.743214,0.000383139,14344.2,0.0,2.1797,4.7377,7.4238,12.6819,22.2087,35.6345,51.5685,58.7194,62.2263,65.2494,67.9744,70.4908,73.7563,77.2136,83.1254,93.4506,50.2159,32.0905,14.7860
25.041,-5.105317757283088e-12,0.743741829096951,0.3240185852050781,5,210.565,0.742805,0.000383139,14149.3,0.0,2.1832,4.7452,7.4356,12.7021,22.2441,35.6912,47.7605,53.0897,56.1082,58.8018,61.2777,63.5938,66.6332,69.8835,75.5039,85.4685,52.9157,32.0830,14.7825
25.151,-1.672910522706522e-12,0.2798499475584889,0.7867153359640503,5,201.442,0.742415,0.000383139,13143.1,0.0,2.1865,4.7524,7.4469,12.7214,22.2778,35.7454,43.3190,47.5227,50.1088,52.4874,54.7158,56.8279,59.6332,62.6660,67.9762,77.5487,91.3688,32.0758,14.7792
25.261,-5.481793200804733e-13,0.09170123081596564,0.8882459456426751,5,187.912,0.742031,0.000364184,12033.5,0.0,2.1897,4.7592,7.4574,12.7384,22.3050,34.0948,38.8271,42.2331,44.4464,46.5349,48.5265,50.4393,53.0110,55.8238,60.8149,69.9766,83.4940,32.0705,14.7762
25.374,-1.7962739960396949e-13,0.030048659313775615,0.9079220377101409,5,174.127,0.741728,-5.24521e-06,10990.3,0.0,2.1915,4.7597,7.4531,12.7150,22.2133,30.8785,34.4059,37.2102,39.1049,40.9318,42.7023,44.4244,46.7681,49.3632,54.0334,62.7738,75.9680,32.8929,14.7791
25.483,-5.886030630222871e-14,0.009846344683937993,0.9110560599663223,5,160.569,0.741614,-0.000490069,10004.7,0.0,2.1914,4.7551,7.4395,12.6706,21.7943,27.4601,30.2155,32.5359,34.1516,35.7388,37.3005,38.8385,40.9575,43.3347,47.6779,55.9804,68.8273,37.5197,14.7853
25.594,-0.037204192625425535,0.0032264502260328015,0.7920717951784715,4,147.546,0.741728,-0.00066328,10168.7,0.0,2.1901,4.7506,7.4301,12.6472,20.0606,24.1627,26.3593,28.2801,29.6500,31.0180,32.3830,33.7438,35.6420,37.8007,41.8097,49.6557,62.1267,78.0986,14.7889
25.701,-0.2573663371744238,0.0010572432100664285,0.14809421935368283,4,137.508,0.741965,-0.00066793,10106.4,0.0,2.1880,4.7462,7.4231,12.5216,17.8728,21.0108,22.7775,24.3644,25.5181,26.6868,27.8681,29.0595,30.7424,32.6832,36.3519,43.7225,55.7915,71.6679,14.7909
25.813,-0.11340631870763518,0.00034643745507456733,0.024890195446773476,4,130.844,0.740342,0.00936842,9675.82,0.0,2.2242,4.9194,7.8175,12.2827,16.4727,19.0165,20.4821,21.8204,22.8059,23.8137,24.8416,25.8883,27.3822,29.1253,32.4728,39.3648,50.9794,66.6435,14.7532
25.925,-0.0465365445712468,0.00011352062527883423,0.004183295148739219,3,129.286,0.727404,0.0385565,11714.2,0.0,2.4076,5.5359,8.5227,12.6513,16.4014,18.6753,19.9921,21.1992,22.0911,23.0067,23.9444,24.9031,26.2766,27.8875,31.0085,37.5208,48.6946,64.0146,14.6076
26.033,-0.2787524821745417,0.02602080195411637,0.0007030864156486005,3,127.709,0.696775,0.0721467,11583.4,0.0,2.7410,6.2350,9.4218,13.6344,17.3365,19.5492,20.8243,21.9903,22.8505,23.7326,24.6354,25.5579,26.8796,28.4291,31.4324,37.7114,48.5302,63.4486,14.2875
26.141,-0.4091254123512671,0.038782222946824846,0.00011816773387806029,3,125.729,0.651446,0.127611,11400.3,0.0,3.3504,8.3103,12.9425,18.6611,23.2356,25.8092,27.2491,28.5426,29.4840,30.4390,31.4068,32.3863,33.7747,35.3830,38.4500,44.7061,55.1878,69.2511,13.1088
26.251,-0.21470146132162063,0.04546511779959057,1.986045103288559e-05,3,123.434,0.588989,0.19469,11185.5,0.0,4.2873,11.7953,18.5473,25.8611,31.1106,33.9111,35.4410,36.7969,37.7742,38.7582,39.7478,40.7419,42.1407,43.7480,46.7754,52.8475,62.7741,28.1902,11.8633
26.362,-0.14989340185660105,0.07832932425369483,3.3379460050970816e-06,3,121.32,0.507996,0.241929,11038.9,0.0,5.4455,15.6262,23.8301,31.8002,37.1845,39.9859,41.5010,42.8358,43.7938,44.7550,45.7191,46.6858,48.0428,49.5975,52.5105,58.2764,67.4458,21.1427,10.8430
26.473,-0.12239572661536713,0.20094446664332571,5.610085850766667e-07,3,119.942,0.408349,0.262165,11054.3,0.0,6.6775,18.6085,27.2162,35.1279,40.3541,43.0539,44.5118,45.7961,46.7166,47.6387,48.5622,49.4868,50.7816,52.2584,55.0154,60.4272,69.0936,18.2789,9.9710
26.584,-0.11444555155069262,0.37747555118905995,9.428871289383537e-08,3,120.091,0.291322,0.24955,11219.2,0.0,7.7641,19.8953,28.0017,35.3771,40.2697,42.8118,44.1852,45.3948,46.2627,47.1327,48.0038,48.8758,50.0975,51.4934,54.0989,59.2257,67.8577,16.9928,9.2071
26.691,-0.12789227213994347,0.5152748604886311,1.584710397606691e-08,3,121.497,0.163662,0.226796,11403.3,0.0,8.7824,20.6519,28.1103,34.8792,39.4105,41.7728,43.0530,44.1813,44.9912,45.8041,46.6195,47.4369,48.5824,49.8925,52.3464,57.1939,65.8326,15.9051,8.4148
26.805,-0.3224963507015686,0.6103436588630397,2.663422765257566e-09,3,123.387,0.0338338,0.227464,11726.7,0.0,10.0370,22.4828,29.8009,36.3090,40.6182,42.8503,44.0564,45.1175,45.8784,46.6414,47.4064,48.1722,49.2445,50.4696,52.7611,57.3530,24.1565,13.7537,7.4562
26.913,-0.2432135432715775,0.6595766562299908,4.4764146415683917e-10,3,125.352,-0.101515,0.25522,12083.5,0.0,11.7004,25.6365,33.2296,39.7028,43.8615,45.9837,47.1220,48.1206,48.8340,49.5470,50.2594,50.9712,51.9668,53.1429,55.5282,61.1404,15.6237,10.9572,6.3446
27.024,-0.07969621385923051,0.6890166041040684,7.523510088083998e-11,3,127.791,-0.243684,0.264443,12311.1,0.0,13.1791,27.7625,35.2336,41.4089,45.3117,47.2880,48.3496,49.3169,50.0365,50.7813,51.5526,52.3518,53.5201,54.9312,57.8197,19.1950,12.0279,8.8726,5.2969
27.134,-0.026114855357392653,0.7134450018484462,1.2644763405042775e-11,3,130.763,-0.386445,0.232025,12454.3,0.0,13.9465,27.5733,34.3591,39.9738,43.5410,45.4065,46.4788,47.4672,48.2039,48.9676,49.7597,50.5818,51.7861,53.2448,56.2444,16.7715,10.3384,7.5219,4.3784
27.241,-0.008557315803510424,0.7344904414088239,2.12520538548554e-12,3,133.918,-0.514809,0.176427,12708.0,0.0,14.1960,26.2348,32.1592,37.1257,40.3309,42.0822,43.0924,44.0241,44.7188,45.4393,46.1869,46.9633,48.1013,49.4807,52.3212,59.2424,9.5022,6.5582,3.5925
27.351,-0.0028040612424942955,0.7553218337002184,3.5718326913855483e-13,3,137.165,-0.611338,0.111855,13020.5,0.0,14.0884,24.4919,29.5766,33.9021,36.7570,38.3608,39.2862,40.1399,40.7765,41.4368,42.1222,42.8339,43.8774,45.1425,47.7488,54.1053,9.7791,6.0370,3.0228
27.462,-0.16837435736246786,0.7881164092481376,6.003179204411693e-14,3,140.501,-0.666887,0.0554591,13389.1,0.0,13.8285,22.9356,27.3561,31.1508,33.7800,35.3038,36.1846,36.9982,37.6055,38.2362,38.8913,39.5724,40.5722,41.7865,44.2953,50.4553,13.7050,6.0268,2.7211
27.572,-0.1885661089695397,0.8184146138886798,1.0089543288854735e-14,3,143.549,-0.694174,0.0553144,13936.1,0.0,14.0178,22.9781,27.2316,31.2074,34.3439,36.2009,37.2867,38.2979,39.0582,39.8522,40.6825,41.5513,42.8375,44.4169,47.7422,56.2821,10.9506,5.4700,2.4955
27.686,-0.06178934258713877,0.8422101885696676,1.6957495405578153e-15,3,146.834,-0.703969,0.0431198,14328.2,0.0,13.9062,22.3825,26.6815,31.2499,34.9735,37.2307,38.5692,39.8285,40.7834,41.7884,42.8476,43.9653,45.6378,47.7213,52.2180,64.5025,107.1220,5.5395,2.4448
27.795,-0.12072671806725362,0.8625889775592587,2.85004625281552e-16,3,150.57,-0.69087,-0.00526369,14566.1,0.0,13.2651,20.7581,25.0840,29.7970,33.7253,36.1460,37.5959,38.9698,40.0181,41.1276,42.3037,43.5524,45.4359,47.8074,53.0240,67.9985,129.8640,7.3097,2.6882
27.901,-0.07857957079483766,0.8851595389791179,4.790072737107044e-17,3,154.266,-0.646767,-0.0508596,14938.9,0.0,12.4947,19.5748,24.1399,29.2931,33.7416,36.5560,38.2692,39.9123,41.1790,42.5320,43.9804,45.5346,47.9110,50.9598,57.8975,79.7758,168.3290,15.1485,3.2538
28.016,-0.0257489537580524,0.9399614195295524,8.050675249255811e-18,4,155.278,-0.561572,-0.123694,11978.0,0.0,11.3247,17.9900,22.4653,27.6342,32.2008,35.1416,36.9519,38.7026,40.0621,41.5238,43.0997,44.8034,47.4345,50.8571,58.8488,86.0654,179.2050,24.2495,4.5206
28.125,-0.09077832951046985,0.9733479349045687,1.3530769891424242e-18,4,158.671,-0.418732,-0.211742,12225.6,0.0,10.0883,16.2682,20.4862,25.4347,29.8777,32.7750,34.5728,36.3221,37.6875,39.1628,40.7614,42.4996,45.2039,48.7586,57.2256,87.9364,181.9160,31.0631,6.4986
28.233,-0.04646734662199076,0.9865106767001539,2.274116495651672e-19,4,162.022,-0.246452,-0.185386,12524.6,0.0,9.0615,15.1307,19.4430,24.7040,29.6259,32.9426,35.0450,37.1242,38.7707,40.5733,42.5551,44.7439,48.2227,52.9359,64.8542,118.3810,197.3240,31.0302,8.0072
28.342,-0.01177951240671893,0.9908238439317313,3.8221075942417664e-20,4,165.512,-0.0906001,-0.170165,12744.2,0.0,8.0128,13.6046,17.6590,22.7057,27.5310,30.8408,32.9639,35.0827,36.7744,38.6407,40.7097,43.0164,46.7291,51.8533,65.3162,127.7300,198.9910,33.9440,9.4541
28.454,-0.1555167354843399,0.9954009931170497,6.423816233642137e-21,4,168.896,0.0529403,-0.14684,13035.8,0.0,7.0768,12.3421,16.2917,21.3800,26.4343,30.0141,32.3606,34.7429,36.6747,38.8372,41.2739,44.0406,48.6083,55.1561,73.8446,141.7330,100.9870,34.3867,10.5994
28.562,-0.0683763590435085,0.9969008333620949,1.0796507943882341e-21,4,172.091,0.170738,-0.0932962,13317.3,0.0,6.4626,12.0697,16.6891,23.2715,30.6402,36.4506,40.5649,45.0183,48.8539,53.4084,58.9043,65.6666,78.2536,100.2280,133.7260,174.8540,60.6169,29.7561,11.0074
28.675,-0.022405565331376866,0.9973923010135912,1.8145690901283053e-22,4,175.503,0.258599,-0.0712652,13505.4,0.0,5.8868,11.3460,16.0573,23.1406,31.6363,38.8013,44.1466,50.2065,55.6701,62.4733,71.1770,82.7058,104.5920,121.3750,144.4870,181.6180,54.8269,29.3361,11.5298
28.786,-0.10283229963421056,0.9975533451336335,3.049746269778642e-23,4,178.889,0.326078,-0.0552551,13756.6,0.0,5.4270,10.7173,15.4561,22.9097,32.4151,40.9566,47.6699,55.6621,63.2414,73.2167,86.9360,101.9610,115.8100,128.5510,148.9440,183.9520,51.8086,29.1602,11.9292
28.892,-0.04819138860653811,0.997606116070889,5.125708555616965e-24,4,182.139,0.369761,-0.0164525,14016.5,0.0,5.2619,11.0867,16.8832,27.3656,43.8892,62.9719,82.0148,100.4910,109.6290,117.6030,124.9000,131.7410,140.7790,150.5530,167.7820,77.8836,42.8516,26.5142,11.8188
29.005,-0.01579135421859041,0.9983763377391088,8.614778369425435e-25,4,185.503,0.388476,-0.00135434,14231.0,0.0,5.1819,11.2258,17.5359,29.7787,51.6000,81.5620,98.7071,109.8610,116.9900,123.6860,130.0670,136.2050,144.4820,153.5860,169.8990,69.1214,40.3262,25.6897,11.7976
29.114,-0.005174510950347705,0.9986287239753512,1.4478858005493332e-25,4,188.864,0.3928,0.00262338,14470.8,0.0,5.1658,11.2762,17.7419,30.5471,54.2634,84.6450,97.9751,107.8780,114.4240,120.6710,126.6880,132.5220,140.4450,149.2160,165.0450,67.1376,39.7041,25.4744,11.7874
29.224,0.013882245937665063,0.9990427149597431,2.433461664983264e-26,4,192.2,0.391846,0.00117058,14716.2,0.0,5.1664,11.2461,17.6476,30.2295,53.2001,80.4169,92.4071,101.6570,107.8570,113.8190,119.5950,125.2200,132.8910,141.4210,156.8880,67.8777,39.9465,25.5639,11.7964
29.334,0.004548934348854087,0.9988470824630086,4.089919020337372e-27,4,195.504,0.392394,-0.00376415,14959.1,0.0,5.1364,11.0768,17.2296,29.0247,49.5931,73.1273,84.2567,93.0156,98.9396,104.6670,110.2380,115.6840,123.1350,131.4500,146.5940,71.8037,40.9070,25.9447,11.8596
29.442,0.0014905948074325072,0.9986323916689785,6.873926897481021e-28,5,195.922,0.395872,-0.00522524,13413.5,0.0,5.0996,10.9674,17.0161,28.5293,48.3508,68.9860,78.8336,86.8737,92.4017,97.7964,103.0840,108.2810,115.4340,123.4600,138.1740,80.5096,41.2984,26.1217,11.9067
29.554,-0.006036631359125515,1.0,1.1553008936596353e-28,5,198.625,0.400858,-0.00542164,13581.1,0.0,5.0565,10.8708,16.8605,28.2506,47.8269,65.5340,74.1980,81.5107,86.6248,91.6653,96.6464,101.5740,108.4000,116.1090,130.3480,159.6730,41.4853,26.2302,11.9516
29.662,-0.04803279174241825,1.0,1.941714211973749e-29,5,201.227,0.40019,0.0173838,13778.5,0.0,5.1804,11.6437,18.8543,34.4067,60.3837,74.6117,82.1155,88.6436,93.2874,97.9161,102.5310,107.1320,113.5520,120.8580,134.4690,66.5030,37.3578,24.5680,11.6797
29.771,-0.01573938519815561,1.0,3.26343907606428e-30,5,203.837,0.381049,0.0332763,13943.7,0.0,5.4358,12.6346,21.1905,41.6884,65.4454,78.0975,84.9527,90.9920,95.3241,99.6680,104.0210,108.3810,114.4930,121.4850,134.6280,57.6770,34.4774,23.2210,11.3473
29.881,-0.005157481741731631,1.0,5.484862055141235e-31,5,206.451,0.348321,0.0373875,14110.4,0.0,5.7486,13.4831,22.8386,43.5921,63.8889,75.2617,81.5466,87.1422,91.1857,95.2623,99.3679,103.4980,109.3160,116.0070,128.6820,59.1789,33.1109,22.4295,11.0361
29.991,-0.0016900036171306205,1.0,9.218407656075874e-32,5,209.041,0.309708,0.0385407,14278.1,0.0,6.0968,14.3366,24.3535,43.2377,60.7738,70.9602,76.6876,81.8393,85.5894,89.3909,93.2399,97.1302,102.6390,109.0120,121.1430,152.7300,32.2092,21.7224,10.7086
30.101,-0.037659399682917614,1.0,1.549337774756672e-32,5,211.596,0.268409,0.0414079,14446.8,0.0,6.4816,15.3401,25.8902,42.5525,57.9817,67.1523,72.3791,77.1211,80.5945,84.1346,87.7353,91.3922,96.5963,102.6500,114.2580,144.5040,31.5662,20.8832,10.3435
30.213,-0.11316964513362344,1.0,2.603971998033539e-33,5,213.835,0.209484,0.0922527,14651.3,0.0,7.4231,19.7417,33.9272,54.0487,71.0819,80.7838,86.2225,91.1131,94.6738,98.2858,101.9460,105.6490,111.0280,117.8880,133.4120,40.4403,25.1729,17.6796,9.4339
30.321,-0.03708342931738573,1.0,4.376495737094969e-34,5,216.153,0.107472,0.127046,14773.0,0.0,8.7529,23.8416,40.0191,61.3594,78.6430,88.3387,93.7469,98.5975,102.1470,105.9380,110.0290,114.4580,121.3100,130.2440,151.2010,31.3869,21.1512,15.2126,8.4005
30.432,-0.012151498118720957,1.0,7.355576385335514e-35,5,218.61,-0.0275327,0.136004,14912.8,0.0,10.0107,25.6861,41.1352,60.8618,76.8999,85.9852,91.0825,95.7012,99.2561,103.0930,107.2480,111.7600,118.7710,127.9690,149.7970,28.7066,19.0487,13.5571,7.3693
30.542,-0.003981802903542483,1.0,1.23625172308334e-35,6,219.72,-0.164118,0.114129,13707.3,0.0,11.0048,26.5074,40.7031,58.4444,73.0091,81.3686,86.0948,90.4629,93.8661,97.5431,101.5280,105.8610,112.6030,121.4650,142.5810,27.4363,17.4801,12.1865,6.4454
30.650,-0.0013047571754328008,1.0,2.0777682709861698e-36,6,220.669,-0.276703,0.0894585,13754.0,0.0,11.7110,26.6667,39.5708,55.4320,68.5689,76.2022,80.5509,84.6513,87.8534,91.3155,95.0682,99.1505,105.5070,113.8710,133.8320,27.4402,16.3815,11.1145,5.6890
30.762,-0.0004275428312458201,1.0,3.4921051330464564e-37,6,222.654,-0.362559,0.0635517,13878.4,0.0,12.1358,26.2860,37.9121,52.0101,63.7749,70.6891,74.6657,78.4719,81.4449,84.6593,88.1439,91.9355,97.8399,105.6110,124.1660,30.0868,15.9038,10.4083,5.1257
30.871,-0.026228620446661376,1.0,5.86918109711118e-38,6,224.614,-0.419922,0.03876,13998.0,0.0,12.3172,25.5868,36.0761,48.6524,59.2050,65.4650,69.1241,72.6755,75.4515,78.4535,81.7117,85.2587,90.7875,98.0734,115.5150,179.8250,16.1344,10.0988,4.7702
30.983,-0.145116702816587,1.0,9.864332669914759e-39,6,226.242,-0.463247,0.0626194,14147.1,0.0,13.0018,27.8954,39.8692,54.1266,66.1850,74.3457,79.6031,84.8685,89.0847,93.7508,98.9393,104.7450,114.1350,127.1900,162.0190,23.0527,13.1667,8.7175,4.3156
31.093,-0.04755184117893923,1.0,1.6578983918325735e-39,6,227.871,-0.523992,0.078328,14227.3,0.0,13.7586,30.0911,43.2598,59.0145,74.8150,86.4860,94.3633,102.5530,109.3420,117.1030,126.0600,136.5120,154.4610,181.8140,200.0000,17.1383,10.8106,7.3937,3.7722
31.202,-0.023129152200327303,1.0,2.786429827153006e-40,6,229.739,-0.592868,0.0623726,14314.6,0.0,14.1248,29.9918,42.4292,57.9624,74.4800,86.9650,95.5330,104.5650,112.1480,120.9270,131.2080,143.4120,164.9060,199.0340,200.0000,15.9622,9.7468,6.5517,3.2702
31.311,-0.16481637538125948,1.0,4.683152610496057e-41,6,231.463,-0.653631,0.0640727,14439.4,0.0,14.6776,31.0998,44.0047,62.3845,83.6781,101.0290,113.6290,127.5710,139.8380,154.7300,173.1860,196.6580,200.0000,200.0000,23.8342,12.9502,8.1430,5.5249,2.7764
31.420,-0.08885471959213109,1.0,7.870974592460724e-42,6,232.773,-0.727626,0.099636,14552.6,0.0,15.9171,35.4036,53.7447,86.6333,137.7590,195.7340,200.0000,200.0000,200.0000,200.0000,200.0000,22.2606,17.0565,14.1641,11.0894,7.9711,5.5543,3.9710,2.1162
31.533,-0.029115914515949515,1.0,1.322874699754874e-42,6,234.494,-0.821538,0.0936436,14612.3,0.0,16.6477,37.1212,58.5013,101.0450,180.5490,200.0000,200.0000,200.0000,200.0000,19.0632,14.4965,12.3334,10.4220,8.9610,7.1905,5.2418,3.6686,2.6227,1.3924
31.641,-0.010563257755305087,1.0,2.223355507878017e-43,6,236.29,-0.911975,0.0718985,14716.5,0.0,17.0495,37.8296,60.3544,106.8150,199.9920,200.0000,200.0000,200.0000,33.0893,10.1913,8.1911,6.9910,5.8734,5.0048,3.9535,2.8167,1.9266,1.3529,0.6991
31.752,0.02043705233674163,1.0,3.736793602090584e-44,6,238.078,-0.974622,0.0300554,14813.5,0.0,16.8988,36.4720,56.7740,95.7759,164.0490,200.0000,200.0000,200.0000,200.0000,200.0000,5.4198,3.8067,2.8111,2.1973,1.5759,1.0173,0.6452,0.4313,0.2092
31.862,0.006696813309703497,1.0,6.280429007033644e-45,6,239.79,-0.993423,-0.00485483,14950.2,0.0,16.7610,35.7662,55.0943,91.1567,151.0990,200.0000,200.0000,200.0000,200.0000,200.0000,192.7840,4.5936,1.8190,1.0764,0.6195,0.3389,0.1946,0.1230,0.0560
31.973,0.002194411785323642,1.0,1.0555517032121449e-45,6,241.597,-0.983379,-0.0107257,15021.2,0.0,16.6519,35.4501,54.4907,89.8081,147.9180,200.0000,200.0000,200.0000,200.0000,198.4840,188.7920,14.8237,5.2644,3.0311,1.6888,0.8967,0.5052,0.3162,0.1426
32.081,0.000719064853814851,1.0,1.7740657475886523e-46,6,243.309,-0.970533,-0.0108738,15151.9,0.0,16.5416,35.2059,54.1020,89.1276,146.6910,200.0000,200.0000,200.0000,197.1140,191.1820,182.1560,26.8715,9.4065,5.3979,3.0015,1.5918,0.8963,0.5608,0.2528
32.192,0.0002356231712980504,1.0,2.981672301972248e-47,6,245.029,-0.957287,-0.0104836,15259.2,0.0,16.4367,35.0075,53.8321,88.7874,146.4110,200.0000,199.2820,193.8720,189.2230,183.4170,174.6560,36.7715,13.3579,7.7325,4.3221,2.2994,1.2967,0.8119,0.3663
32.302,7.720900077094514e-05,1.0,5.011296637924758e-48,6,246.751,-0.944287,-0.0100535,15337.5,0.0,16.3344,34.8171,53.5776,88.4829,146.2200,196.2510,191.1430,185.8200,181.2580,175.5800,167.0840,45.1747,17.0412,9.9566,5.5970,2.9877,1.6877,1.0577,0.4776
32.412,2.52998453726233e-05,1.0,8.422486259360141e-49,6,248.396,-0.931706,-0.00955132,15473.2,0.0,16.2367,34.6407,53.3511,88.2436,146.1920,187.9510,182.9110,177.6750,173.2000,167.6490,159.3970,51.8559,20.3680,12.0252,6.8038,3.6461,2.0637,1.2946,0.5851
32.522,8.290253331701203e-06,1.0,1.4155672656106594e-49,6,250.053,-0.919604,-0.00910592,15564.6,0.0,16.1421,34.4669,53.1231,87.9865,187.2200,179.5990,174.6370,169.5000,165.1240,159.7180,151.7710,57.7886,23.4582,13.9736,7.9508,4.2754,2.4240,1.5220,0.6885
32.631,2.7165502117318503e-06,1.0,2.379143903311835e-50,6,251.699,-0.90798,-0.00861174,15645.4,0.0,16.0521,34.3060,52.9192,87.7822,178.6940,171.1600,166.2790,161.2450,156.9720,151.7140,144.0680,62.4469,26.2200,15.7684,9.0270,4.8723,2.7678,1.7394,0.7876
32.741,8.901591733802926e-07,1.0,3.9986271582962015e-51,6,253.286,-0.896887,-0.00813749,15753.3,0.0,15.9662,34.1524,52.7244,87.5877,170.0900,162.6550,157.8650,152.9430,148.7810,143.6860,136.3760,66.4130,28.7338,17.4333,10.0375,5.4371,3.0942,1.9464,0.8822
32.852,2.9168735793325427e-07,1.0,6.720492664948426e-52,6,254.869,-0.886372,-0.00765017,15840.2,0.0,15.8853,34.0099,52.5480,87.4273,161.3970,154.0720,149.3790,144.5770,140.5340,135.6110,128.6540,69.5466,30.9631,18.9510,10.9744,5.9661,3.4016,2.1417,0.9716
32.962,9.558011344756877e-08,1.0,1.1295132021978822e-52,6,256.423,-0.876396,-0.00724006,15930.2,0.0,15.8077,33.8694,52.3674,87.2389,152.6370,145.4400,140.8570,136.1890,132.2780,127.5500,120.9940,72.6155,33.0660,20.3827,11.8599,6.4669,3.6929,2.3269,1.0565
33.063,3.131969157449934e-08,1.0,1.8983728389339804e-53,6,257.856,-0.867553,-0.00712389,16006.0,0.0,15.7350,33.7209,52.1482,86.9054,144.4990,137.4480,132.9850,128.4660,124.7040,120.1980,114.1090,76.9354,35.2490,21.7714,12.6848,6.9226,3.9548,2.4925,1.1319
33.182,8.210269228105556e-09,1.0,2.2334166612774386e-54,6,259.502,-0.857272,-0.00712523,16104.5,0.0,15.6484,33.5352,51.8608,86.4261,134.8580,128.0000,123.6960,119.3690,115.7990,111.5770,106.0530,82.9180,37.9874,23.4622,13.6697,7.4600,4.2619,2.6860,1.2198
33.283,2.6903410206656285e-09,1.0,3.753703382608992e-55,6,260.844,-0.848698,-0.00713202,16189.5,0.0,15.5760,33.3797,51.6198,86.0226,126.7400,120.0570,115.8940,111.7370,108.3330,104.3530,99.2799,87.9568,40.2816,24.8762,14.4925,7.9086,4.5180,2.8474,1.2931
33.403,7.052567565213707e-10,1.0,4.416194492605654e-56,6,262.424,-0.838315,-0.00713068,16294.4,0.0,15.4886,33.1924,51.3302,127.2590,116.8900,110.4360,106.4540,102.5110,99.3159,95.6315,91.0759,83.8702,43.0432,26.5824,15.4867,8.4512,4.8281,3.0428,1.3818
33.506,2.310985339769227e-10,0.898591748046875,7.422298083722325e-57,6,263.647,-0.829627,-0.00713092,16332.8,0.0,15.4154,33.0355,51.0875,118.7550,108.5880,102.3430,98.5223,94.7699,91.7561,88.3239,84.1838,78.2967,45.3567,28.0110,16.3190,8.9054,5.0875,3.2064,1.4561
33.624,6.058109409084643e-11,0.23556043519999995,0.6935651462860107,6,256.104,-0.819247,-0.00713107,15442.1,0.0,15.3279,32.8480,50.7977,108.5220,98.6340,92.6598,89.0459,85.5333,82.7449,79.6184,75.9542,71.1820,48.1202,29.7176,17.3132,9.4480,5.3975,3.4017,1.5448
33.744,1.5880970329350842e-11,0.06175075472506878,0.8411717261200122,6,239.919,-0.809447,-0.00690743,14310.0,0.0,15.2487,32.6918,50.5754,98.6507,89.0602,83.3628,79.9566,76.6805,74.1104,71.2714,68.0279,64.0536,50.2310,31.1382,18.1871,9.9410,5.6839,3.5837,1.6282
33.845,5.203876357521683e-12,0.020234487308310536,0.8582847926779358,6,225.697,-0.80198,-0.0063431,13395.8,0.0,15.1942,32.6092,50.4984,90.7830,81.4460,75.9761,72.7379,69.6509,67.2520,64.6324,61.6945,58.2266,50.4425,31.8689,18.7319,10.2804,5.8904,3.7179,1.6910
33.945,1.7052062048327052e-12,0.006630436801187196,0.861160985774326,6,211.684,-0.795371,-0.00584638,12517.4,0.0,15.1459,32.5356,53.5485,83.3152,74.2500,69.0172,65.9512,63.0559,60.8287,58.4250,55.7780,52.7546,47.0939,32.4999,19.2070,10.5784,6.0724,3.8364,1.7466
34.045,5.587619691995807e-13,0.002172661531013021,0.8328376506400773,6,198.183,-0.789544,-0.00547302,11668.5,0.0,15.1024,32.4646,88.4055,76.2491,67.4748,62.4882,59.5986,56.8969,54.8408,52.6484,50.2765,47.6453,43.1667,33.0984,19.6395,10.8450,6.2340,3.9413,1.7956
34.165,1.4647609765385488e-13,0.0005695501843858775,0.6686973846800763,6,183.364,-0.783463,-0.00509149,10856.9,0.0,15.0567,32.3895,80.1983,68.2554,59.8514,55.1685,52.4936,50.0239,48.1694,46.2202,44.1535,41.9289,38.4086,33.0333,20.0880,11.1221,6.4024,4.0506,1.8468
34.284,0.020604698751569644,0.00014930416353565147,0.1392404190948454,5,172.044,-0.778117,-0.00588232,11382.7,0.0,14.9999,33.0909,72.5309,60.8669,52.8764,48.5209,46.0733,43.8441,42.1941,40.4857,38.7095,36.8486,34.0549,30.4316,20.8382,11.4738,6.5855,4.1603,1.8939
34.404,0.08361015911799373,3.9139190645889814e-05,0.01638149606608947,5,168.947,-0.76551,-0.033529,11216.8,0.0,14.5028,32.0961,68.2334,57.3679,50.1474,46.3220,44.2180,42.3366,40.9693,39.5804,38.1682,36.7320,34.6747,32.2491,27.4109,15.8926,8.0395,4.7906,2.0599
34.523,0.11144954119782735,1.026010399267614e-05,0.0019272666306793598,4,166.907,-0.723856,-0.0868314,12315.6,0.0,13.5069,28.1986,66.6496,56.8243,50.4365,47.1175,45.3161,43.7227,42.5760,41.4214,40.2598,39.0922,37.4468,35.5534,31.9737,24.7783,13.5474,6.8368,2.5763
34.643,0.09848364992720825,2.6896247010560937e-06,0.000226740991832796,4,164.885,-0.637711,-0.144936,12165.6,0.0,12.2550,24.5481,65.2187,56.3022,50.5925,47.6591,46.0773,44.6860,43.6881,42.6875,41.6855,40.6821,39.2756,37.6693,34.6689,28.8016,19.9896,11.4189,3.6376
34.763,0.07837010439256807,7.050689776336485e-07,2.667585094813662e-05,4,162.73,-0.505286,-0.193837,12009.8,0.0,10.9751,22.2556,62.6671,54.4276,49.2450,46.6072,45.1925,43.9526,43.0666,42.1804,41.2946,40.4104,39.1759,37.7709,35.1652,30.1292,22.6346,14.9116,5.2971
34.884,0.09004688434029785,1.8482960207279513e-07,3.1383871881973256e-06,4,160.67,-0.337721,-0.205683,11862.0,0.0,9.8632,20.7823,59.5559,51.8569,47.1197,44.7308,43.4557,42.3419,41.5481,40.7560,39.9660,39.1792,38.0836,36.8414,34.5479,30.1543,23.6555,16.7775,6.8626
34.984,0.1250733337036288,6.05649640072135e-08,5.274687347203246e-07,4,158.93,-0.20705,-0.189958,11732.1,0.0,8.9932,19.2591,57.5716,50.2631,45.8584,43.6527,42.4784,41.4543,40.7253,39.9987,39.2748,38.5544,37.5526,36.4182,34.3274,30.3311,24.4079,18.0042,7.9624
35.103,0.14049968803049157,1.5876741924706978e-08,6.205616917111147e-08,4,156.777,-0.0677249,-0.179038,11566.2,0.0,8.0071,17.0766,55.9579,49.0053,44.9177,42.8960,41.8241,40.8907,40.2268,39.5656,38.9073,38.2520,37.3407,36.3096,34.4097,30.7735,25.3437,19.3257,9.1269
35.204,0.14315802982151898,5.2024907938879824e-09,1.0429780352588705e-08,3,155.096,0.0356102,-0.170152,14015.4,0.0,7.2712,15.4822,54.7377,47.9940,44.0944,42.1871,41.1822,40.3103,39.6911,39.0752,38.4627,37.8540,37.0081,36.0515,34.2890,30.9113,25.8400,20.1282,9.9435
35.304,0.14185145788360284,1.7047521833412138e-09,1.7529331838595838e-09,3,153.06,0.127986,-0.158049,13815.3,0.0,6.6295,14.2660,53.3899,46.8020,43.0462,41.2260,40.2718,39.4465,38.8621,38.2823,37.7071,37.1368,36.3466,35.4546,33.8152,30.6805,25.9600,20.5818,10.5969
35.423,0.1385729016663267,4.468905563497992e-10,2.0623083614789616e-10,3,150.399,0.223919,-0.14532,13572.9,0.0,5.9535,12.9581,52.1128,45.6277,41.9840,40.2340,39.3208,38.5336,37.9779,37.4276,36.8828,36.3437,35.5987,34.7614,33.2301,30.3261,25.9670,20.9459,11.2394
35.543,0.13567021435640583,0.10832790949214968,2.4262851641963836e-11,3,148.147,0.304275,-0.127277,13485.1,0.0,5.4121,12.1709,50.7323,44.3026,40.7369,39.0380,38.1550,37.3958,36.8613,36.3330,35.8109,35.2952,34.5840,33.7869,32.3362,29.6076,25.5649,20.9204,11.6689
35.663,0.13192491564881437,0.20623257674028506,2.854500232825404e-12,3,146.839,0.36817,-0.0973008,13459.3,0.0,5.0446,12.4523,48.7611,42.4061,38.9278,37.2835,36.4325,35.7029,35.1901,34.6843,34.1854,33.6935,33.0166,32.2600,30.8887,28.3300,24.5889,20.3537,11.8206
35.764,0.1305578852761191,0.24175803293375658,4.797558541309656e-13,3,146.302,0.405412,-0.0624717,13429.7,0.0,4.9097,15.3788,46.6272,40.3726,36.9890,35.4007,34.5818,33.8809,33.3892,32.9051,32.4285,31.9594,31.3151,30.5962,29.2977,26.8915,23.4110,19.5215,11.7255
35.883,0.14742999177569938,0.25302726270726167,5.644279648265398e-14,3,145.785,0.423642,-0.0166631,13391.9,0.0,5.0039,54.1351,44.0859,37.9367,34.6572,33.1308,32.3467,31.6777,31.2095,30.7494,30.2973,29.8530,29.2439,28.5661,27.3474,25.1056,21.9022,18.3737,11.4053
36.005,0.16589391630564276,0.2278974475051324,6.640438563387759e-15,3,145.15,0.408079,0.0255003,13312.2,0.0,5.4235,52.3763,42.1553,36.0084,32.7729,31.2785,30.5139,29.8633,29.4090,28.9633,28.5259,28.0969,27.5098,26.8583,25.6913,23.5592,20.5469,17.2742,10.9289
36.124,0.16461235535659188,0.15148884027566042,7.812409565440066e-16,3,144.156,0.358866,0.061571,13168.3,0.0,6.1697,51.3353,40.7685,34.5123,31.2596,29.7682,29.0081,28.3630,27.9133,27.4730,27.0415,26.6189,26.0419,25.4031,24.2631,22.1946,19.3049,16.2093,10.3314
36.225,0.16145704990380078,0.05002536318152841,1.313031675663512e-16,3,142.658,0.29598,0.0816702,12945.0,0.0,6.9862,50.9021,39.9193,33.4937,30.1861,28.6785,27.9128,27.2643,26.8131,26.3716,25.9397,25.5172,24.9415,24.3055,23.1741,21.1330,18.3097,15.3232,9.7611
36.343,0.18084292759711101,0.013113848805858582,1.544768636101365e-17,3,140.35,0.203402,0.0920725,12692.9,0.0,8.0650,51.1743,39.4765,32.7110,29.2662,27.7071,26.9182,26.2516,25.7889,25.3369,24.8954,24.4643,23.8781,23.2321,22.0874,20.0380,17.2389,14.3269,9.0431
36.443,0.20046486395172441,0.004297145976703741,2.5962926466955644e-18,3,138.241,0.119785,0.0907184,12485.9,0.0,8.9255,52.2211,39.7138,32.5248,28.8916,27.2559,26.4308,25.7351,25.2528,24.7823,24.3235,23.8762,23.2688,22.6012,21.4220,19.3247,16.4927,13.5916,8.4556
36.544,0.21586361864200806,0.001408088793646282,4.363589051301237e-19,3,136.044,0.0358823,0.0816497,12275.6,0.0,9.6726,54.1018,40.5782,32.8220,28.9227,27.1751,26.2959,25.5559,25.0437,24.5446,24.0587,23.5856,22.9445,22.2412,21.0030,18.8162,15.8992,12.9614,7.9020
36.664,0.23756618450572706,0.0003691220287216109,5.133718882965391e-20,3,133.321,-0.0592766,0.062826,12019.6,0.0,10.3623,57.5463,42.5415,33.9030,29.5699,27.6351,26.6639,25.8477,25.2838,24.7354,24.2021,23.6836,22.9821,22.2144,20.8688,18.5115,15.4155,12.3665,7.3081
36.765,0.25288450771761795,0.00012095390637149746,8.628241326599932e-21,3,130.995,-0.130108,0.0416422,11802.9,0.0,10.7418,61.7057,45.0912,35.5423,30.7398,28.5963,27.5216,26.6192,25.9960,25.3905,24.8024,24.2313,23.4593,22.6159,21.1416,18.5759,15.2495,12.0387,6.8936
36.883,0.24315607359713678,3.1707340831849824e-05,1.0151039638331553e-21,3,128.174,-0.200928,0.011557,11541.5,0.0,10.9701,71.1331,49.3672,38.5410,33.0460,30.5861,29.3515,28.3151,27.5997,26.9044,26.2291,25.5736,24.6886,23.7231,22.0383,19.1247,15.3995,11.8908,6.5170
36.984,0.218258089412984,1.0389861443780551e-05,1.7060852320143847e-22,3,125.877,-0.245871,-0.0150317,11332.5,0.0,11.0075,86.7974,53.9661,41.8340,35.6904,32.9250,31.5345,30.3656,29.5577,28.7725,28.0098,27.2691,26.2686,25.1767,23.2734,19.9895,15.8285,11.9822,6.3139
37.103,0.22166533198514038,0.07616156153046331,2.007192214612604e-23,3,123.308,-0.280759,-0.0456952,11202.7,0.0,10.9097,132.8050,63.4598,46.5149,39.5737,36.4231,34.8327,33.4925,32.5647,31.6616,30.7831,29.9291,28.7741,27.5123,25.3088,21.5058,16.7131,12.3607,6.2149
37.206,0.23102401939620018,0.2595288529041772,3.373487955099404e-24,3,122.229,-0.2925,-0.0645593,11367.8,0.0,10.7736,200.0000,76.6786,51.0552,42.6487,39.2232,37.4888,36.0247,35.0100,34.0208,33.0576,32.1201,30.8514,29.4627,27.0345,22.8345,17.5459,12.7860,6.2380
37.324,0.15173614819350623,0.4646390421625876,3.968874844294898e-25,3,122.628,-0.28598,-0.0658053,11557.6,0.0,10.6838,200.0000,95.4134,55.4521,44.4385,40.4605,38.6238,37.0986,36.0414,35.0114,34.0082,33.0320,31.7110,30.2660,27.7399,23.3770,17.9004,12.9972,6.3083
37.442,0.04315893069827849,0.6339294495686694,4.669341565564506e-26,3,124.732,-0.264937,-0.0499694,11798.2,0.0,10.6619,56.4167,115.1950,57.7673,44.5835,40.0529,38.0035,36.3805,35.3068,34.2896,33.3023,32.3428,31.0467,29.6315,27.1653,22.9270,17.6375,12.9088,6.3921
37.543,0.09077974090389744,0.7744170254721616,7.847762369244266e-27,3,127.404,-0.249842,-0.0253291,12134.2,0.0,10.8053,60.0045,125.0540,56.6877,42.7952,38.1572,36.0816,34.4474,33.3710,32.3621,31.4147,30.5088,29.2876,27.9586,25.6524,21.7165,16.8393,12.4798,6.3693
37.663,0.2276053267565624,0.9161220364909993,9.23281394979219e-28,3,131.27,-0.237423,-0.0383728,12881.5,0.0,10.5212,37.4283,200.0000,79.9086,52.2791,44.6101,41.3837,38.9265,37.3460,35.8914,34.5484,33.3047,31.7108,30.0714,27.4275,23.1383,17.8227,13.0927,6.5601
37.765,0.0973489496922966,0.9560448142298705,1.5517590405415736e-28,3,134.698,-0.223555,-0.0707879,13575.7,0.0,10.0403,27.1545,81.3343,200.0000,89.6280,67.3411,59.4701,53.9602,50.6150,47.6640,45.0412,42.6952,39.7981,36.9403,32.5723,26.3880,19.9735,14.3964,6.9032
37.885,0.025519443068137398,0.9720509305314752,1.8256289936067568e-29,3,139.228,-0.200357,-0.0897326,14131.3,0.0,9.6524,23.0747,44.9125,143.0110,200.0000,162.9200,119.7720,97.2515,85.7432,76.6756,69.3473,63.3018,56.4231,50.1980,41.6125,31.0567,21.9272,15.5369,7.2536
38.004,0.00668976888365381,0.9770371128832429,2.147834254688414e-30,3,144.212,-0.170914,-0.0821505,14403.0,0.0,9.4679,21.8026,37.4107,78.1187,200.0000,200.0000,200.0000,200.0000,171.1820,136.0690,112.9150,96.5021,80.1932,67.2220,51.6008,35.2815,23.2026,15.8277,7.4590
38.126,0.0017536827742365441,0.9783442106696648,2.526905522298373e-31,3,149.452,-0.141287,-0.051795,14552.9,0.0,9.4929,21.6579,35.6680,67.5221,146.7650,200.0000,200.0000,200.0000,200.0000,200.0000,160.7620,127.9630,99.5424,79.4029,57.5883,37.2206,23.5142,15.6537,7.4871
38.244,-0.007875920518668035,0.9786868585117885,2.972879077928813e-32,3,154.606,-0.126443,-0.00596619,14881.9,0.0,9.7222,22.1303,36.3028,68.1271,144.9710,200.0000,200.0000,200.0000,200.0000,200.0000,164.1250,129.1690,99.5097,78.8364,56.7585,36.4340,22.9110,15.2109,7.3098
38.344,-0.01753074657697964,0.9804627953440178,4.996517866274957e-33,4,156.233,-0.138357,0.0285151,11587.0,0.0,9.9469,22.8832,37.9581,73.0332,165.4330,200.0000,200.0000,200.0000,200.0000,181.3270,138.8510,112.5050,88.9012,71.7182,52.6624,34.4385,21.9326,14.6707,7.1114
38.463,-0.019465662379205752,0.9827144433195373,5.878353304493826e-34,4,159.606,-0.165718,0.0392761,12292.5,0.0,10.3040,24.2698,41.3025,84.4703,200.0000,200.0000,200.0000,200.0000,163.8810,127.4820,104.3190,88.2854,72.6599,60.4447,45.9773,31.1399,20.3352,13.8109,6.8167
38.563,-0.006378508248418141,0.983252273083821,9.879748398862773e-35,4,162.71,-0.194672,0.0446677,12452.9,0.0,10.6220,25.3266,43.7003,92.5770,200.0000,200.0000,200.0000,177.5730,134.4700,108.2120,90.5389,77.8332,65.0596,54.7928,42.3000,29.0964,19.2217,13.1495,6.5476
38.664,-0.0020901095828416566,0.9852370462503565,1.6604893133968662e-35,4,165.678,-0.227433,0.0456321,12761.5,0.0,10.9248,26.1065,45.1606,96.3118,200.0000,200.0000,200.0000,164.5210,125.6310,101.6170,85.3163,73.5269,61.6151,51.9973,40.2417,27.7538,18.3715,12.5839,6.2757
38.785,-0.0005479096864844431,0.9856600763460035,1.9535490723182793e-36,4,169.305,-0.269011,0.0456934,13014.2,0.0,11.2957,26.9965,46.7076,99.6538,200.0000,200.0000,200.0000,155.3290,118.6720,96.0196,80.6339,69.5025,58.2519,49.1653,38.0559,26.2507,17.3787,11.9048,5.9376
38.906,0.02627685458064622,0.9872406898973967,2.298330948091733e-37,4,172.892,-0.310408,0.0378761,13288.9,0.0,11.5654,27.1558,46.0538,93.3814,200.0000,200.0000,200.0000,200.0000,141.9630,109.2650,88.8155,74.8185,61.3013,50.8179,38.4956,25.9625,16.9016,11.4570,5.6418
39.024,0.006888319767188923,0.9876550382562131,2.703963377120444e-38,4,176.452,-0.344806,0.0287123,13567.1,0.0,11.7533,27.0503,44.8905,86.4598,196.3730,200.0000,200.0000,200.0000,196.7120,136.9340,105.0270,85.1838,67.3724,54.3861,39.9646,26.1531,16.6640,11.1498,5.4065
39.143,0.0018057316970499734,0.9871613134423868,3.181185873548432e-39,4,180.021,-0.373526,0.0263577,13801.6,0.0,11.9745,27.4215,45.2660,86.1425,189.7050,200.0000,200.0000,200.0000,200.0000,142.6260,107.1600,85.8243,67.1234,53.7486,39.1454,25.4001,16.0897,10.7281,5.1811
39.245,0.06231774898936433,0.9878732340325513,5.34661909767285e-40,4,182.946,-0.395313,0.0223014,14025.9,0.0,12.1127,27.5027,44.9986,83.9659,176.2730,200.0000,200.0000,200.0000,200.0000,162.6990,116.9490,91.2867,69.8406,55.0659,39.4428,25.2001,15.7970,10.4686,5.0202
39.346,0.020420279988834902,0.9881065161715364,8.986062717458759e-41,4,185.83,-0.40969,0.00476265,14254.0,0.0,12.0190,26.3443,41.6143,72.2049,130.1160,200.0000,200.0000,200.0000,200.0000,200.0000,200.0000,159.4420,102.8820,73.2137,47.5374,27.9778,16.6622,10.7307,4.9853
39.463,0.005353053877393136,0.9881904094190211,1.0572012926463058e-41,4,189.306,-0.415037,-0.00206327,14496.2,0.0,11.9823,25.9229,40.4432,68.5154,118.2240,185.8610,200.0000,200.0000,200.0000,200.0000,200.0000,200.0000,127.1480,84.4549,51.8445,29.2918,17.0466,10.8455,4.9738
39.584,0.0014032709556353463,0.9882124015304898,1.2437867487854524e-42,4,192.751,-0.413543,-0.00363517,14743.6,0.0,11.9509,25.7787,40.1069,67.5923,115.5760,179.4940,200.0000,200.0000,200.0000,200.0000,200.0000,200.0000,135.1680,87.9963,53.2097,29.7542,17.2188,10.9234,4.9944
39.704,0.0003678590613940723,0.9882181666305587,1.4633026720785973e-43,4,196.157,-0.409577,-0.0042696,14994.8,0.0,11.9099,25.6596,39.8775,67.0663,114.2670,176.6220,200.0000,200.0000,200.0000,200.0000,200.0000,200.0000,139.4790,90.0185,54.0873,30.1158,17.3881,11.0178,5.0314
39.804,0.00012054005723760961,0.9882195436852514,2.459372800962499e-44,5,196.414,-0.40562,-0.0043571,13437.8,0.0,11.8755,25.5812,39.7495,66.8320,113.8120,175.8050,200.0000,200.0000,200.0000,200.0000,200.0000,200.0000,140.9000,90.8235,54.5225,30.3401,17.5120,11.0945,5.0656
39.924,3.159885276449594e-05,0.9882200389035766,2.893427506604371e-45,5,199.168,-0.400578,-0.00460839,13608.6,0.0,11.8299,25.4711,39.5612,66.4610,113.0210,174.2630,200.0000,200.0000,200.0000,200.0000,200.0000,200.0000,143.5190,92.1834,55.1966,30.6625,17.6819,11.1969,5.1099
40.044,8.283449659096021e-06,0.9882201687220892,3.4040885272449763e-46,5,201.87,-0.395249,-0.00487518,13795.1,0.0,11.7818,25.3548,39.3623,66.0699,112.1900,172.6460,200.0000,200.0000,200.0000,200.0000,200.0000,200.0000,146.3530,93.6430,55.9158,31.0052,17.8620,11.3054,5.1567
40.162,2.1714566274340673e-06,0.9882202027532334,4.004876111418441e-47,5,204.55,-0.389601,-0.00509906,13969.3,0.0,11.7315,25.2360,39.1627,65.6873,111.4020,171.1580,200.0000,200.0000,200.0000,200.0000,200.0000,200.0000,149.0650,95.0662,56.6330,31.3543,18.0483,11.4185,5.2060
40.265,7.115429076775951e-07,0.9882202108819296,6.730995280460975e-48,5,206.753,-0.384678,-0.00525355,14118.4,0.0,11.6881,25.1355,38.9963,65.3756,110.7800,170.0130,200.0000,200.0000,200.0000,200.0000,200.0000,200.0000,151.2180,96.2187,57.2261,31.6488,18.2075,11.5158,5.2488
40.384,1.8652670399023548e-07,0.9882202138051825,7.918948637509535e-49,5,209.37,-0.378547,-0.00539732,14291.6,0.0,11.6347,25.0140,38.7981,65.0132,110.0790,168.7640,200.0000,200.0000,200.0000,200.0000,200.0000,200.0000,153.6290,97.5426,57.9251,32.0033,18.4017,11.6355,5.3019
40.504,4.889685629081629e-08,0.9882202145714958,9.316563882543595e-50,5,211.954,-0.372197,-0.00549078,14462.9,0.0,11.5801,24.8921,38.6028,64.6666,109.4360,167.6670,200.0000,200.0000,200.0000,200.0000,200.0000,200.0000,155.7990,98.7804,58.6019,32.3561,18.5981,11.7576,5.3566
40.606,1.6022521869374685e-08,0.9882202147545378,1.565834891739102e-50,5,214.083,-0.366779,-0.00552773,14602.5,0.0,11.5339,24.7912,38.4439,64.3927,108.9510,166.8800,200.0000,200.0000,200.0000,200.0000,200.0000,196.4480,157.3840,99.7296,59.1417,32.6456,18.7620,11.8604,5.4030
40.723,-0.012017664874334526,0.9882202148203636,1.842189091782136e-51,5,216.603,-0.361031,-0.00210953,14767.2,0.0,11.5244,24.9302,38.8913,65.8761,113.6390,178.5860,200.0000,200.0000,199.5770,196.4580,192.6230,187.3020,139.1200,92.3548,56.6696,32.0084,18.6245,11.8484,5.4333
40.825,-0.016445795505924437,0.9882202148360867,3.096167206558236e-52,5,218.673,-0.360389,0.00488639,14900.6,0.0,11.6001,25.4323,40.1829,69.7529,125.8040,200.0000,197.4320,193.9750,191.0390,187.4980,182.8320,171.8010,111.0750,79.1261,51.4224,30.2851,18.0436,11.6228,5.4009
40.944,-0.01970002654015956,0.9882202148417412,3.6426097568437005e-53,6,219.951,-0.368815,0.0151649,13721.4,0.0,11.7950,26.3917,42.5417,76.8968,150.3610,190.7160,187.0000,183.0030,179.4420,174.6880,158.5280,116.1250,84.4953,64.4459,44.6194,27.6620,17.0039,11.1429,5.2764
41.044,-0.022551579069141986,0.9882202148430917,6.122134218327208e-54,6,220.615,-0.385594,0.0258782,13753.1,0.0,12.0736,27.6204,45.5457,86.4680,187.6420,181.5110,177.1960,172.2570,167.1730,142.4690,106.5510,85.1018,66.3981,53.0762,38.5831,24.9909,15.8113,10.5349,5.0836
41.145,0.006716428803704804,0.9882202148435344,1.028947098074254e-54,6,222.249,-0.412826,0.0342712,13855.6,0.0,12.4211,28.9336,48.6416,96.5610,179.2840,172.5000,167.4930,161.0020,137.9320,102.8190,81.9605,68.1421,55.1353,45.2684,33.9091,22.6116,14.5999,9.8471,4.8200
41.264,0.017585501415358393,0.9882202148436935,1.2105459714133793e-55,6,224.184,-0.445405,0.015743,13979.5,0.0,12.4624,27.9177,45.0545,81.6388,174.9380,169.5520,165.9280,162.0540,158.6070,153.9760,136.0010,100.2580,73.2978,56.0750,38.9409,24.2042,14.9028,9.7751,4.6335
41.384,0.00460993368302771,0.9882202148437351,1.4241952299081268e-56,6,226.112,-0.465344,0.0103445,14098.1,0.0,12.5645,27.8433,44.4532,78.7850,167.8390,162.8050,159.4860,156.0250,153.0640,149.4030,144.0870,115.4170,80.1895,59.4596,40.0632,24.2786,14.7140,9.5665,4.4905
41.503,0.0012084664554036163,0.9882202148437461,1.6755514460346122e-57,6,228.026,-0.47915,0.00926304,14217.0,0.0,12.6689,28.0146,44.6329,78.7688,159.9210,155.0170,151.8140,148.5040,145.7050,142.3040,137.6350,116.9870,80.2876,59.1074,39.5613,23.8452,14.4038,9.3478,4.3792
41.622,0.0003167922304853256,0.988220214843749,1.9712695207452607e-58,6,229.923,-0.491195,0.00905728,14333.4,0.0,12.7694,28.2253,44.9507,79.2664,151.7750,146.9690,143.8550,140.6590,137.9760,134.7510,130.4440,115.1690,78.8474,57.9658,38.7471,23.3301,14.0838,9.1370,4.2788
41.725,0.00010380647808543147,0.9882202148437497,3.313112683516559e-59,6,231.481,-0.50097,0.0091095,14439.2,0.0,12.8538,28.4148,45.2570,79.8227,144.8820,140.1560,137.1140,134.0070,131.4130,128.3200,124.2610,112.7340,77.2286,56.7959,37.9776,22.8728,13.8100,8.9601,4.1964
41.843,2.7212245391227347e-05,0.9882202148437498,3.8978439410303964e-60,6,233.36,-0.512762,0.00912333,14541.1,0.0,12.9549,28.6392,45.6157,80.4596,136.5350,131.9150,128.9660,125.9740,123.4940,120.5650,116.8070,109.6250,75.3767,55.4393,37.0737,22.3300,13.4828,8.7480,4.0972
41.945,8.916908569797378e-06,0.9882202148437498,6.551106311689788e-61,6,234.901,-0.522667,0.00915146,14628.4,0.0,13.0401,28.8291,45.9207,81.0065,129.5060,124.9820,122.1150,119.2230,116.8400,114.0510,110.5350,104.7090,73.7910,54.2834,36.3071,21.8714,13.2070,8.5695,4.0137
42.045,2.921892600151204e-06,0.9882202148437498,1.101044437805703e-61,6,236.421,-0.532619,0.009202,14717.8,0.0,13.1260,29.0219,46.2324,81.5723,122.4070,117.9870,115.2060,112.4180,110.1360,107.4880,104.2080,99.2214,72.1586,53.1007,35.5274,21.4072,12.9287,8.3897,3.9299
42.163,7.659566137740371e-07,0.9198918457031249,0.09999847412109375,6,238.015,-0.544703,0.00928617,14759.0,0.0,13.2307,29.2581,46.6162,82.2765,113.7960,109.5130,106.8410,104.1840,102.0280,99.5525,96.5485,92.3159,70.1411,51.6456,34.5721,20.8404,12.5897,8.1708,3.8279
42.263,2.509886632014765e-07,0.32147616,0.6953887419891358,6,231.563,-0.554724,0.00931835,13958.8,0.0,13.3169,29.4508,46.9261,83.1872,106.6520,102.4920,99.9186,97.3761,95.3285,92.9998,90.2225,86.5054,68.5408,50.4783,33.7975,20.3768,12.3108,7.9902,3.7436
42.385,6.579517212628785e-08,0.08427304648704001,0.8355226303925347,6,216.57,-0.566126,0.00940061,12852.0,0.0,13.4157,29.6741,47.2894,104.9280,98.4594,94.4521,91.9967,89.5907,87.6701,85.5103,82.9835,79.7623,66.6451,49.1095,32.8979,19.8426,11.9911,7.7838,3.6474
42.503,1.7247809601873603e-08,0.022091673498298613,0.8497515943258638,6,200.895,-0.576752,0.0102651,11818.9,0.0,13.5187,29.9530,47.8141,97.0319,90.6964,86.8259,84.4743,82.1860,80.3727,78.3508,76.0181,73.1322,63.6063,47.1391,31.7465,19.2311,11.6522,7.5748,3.5551
42.604,5.651762250341943e-09,0.00723899957192249,0.8367678673406721,6,188.204,-0.585221,0.0108216,11010.2,0.0,13.5990,30.1643,48.2039,90.8714,84.6622,80.9127,78.6510,76.4639,74.7421,72.8371,70.6658,68.0454,61.4758,45.7242,30.8970,18.7679,11.3906,7.4116,3.4820
42.704,1.8519694541920477e-09,0.002372075379727561,0.7972795557190737,6,176.086,-0.593339,0.0110106,10264.8,0.0,13.6713,30.3360,48.4963,85.1047,79.0389,75.4190,73.2524,71.1714,69.5448,67.7606,65.7538,63.3919,58.5230,44.6744,30.2216,18.3746,11.1583,7.2627,3.4133
42.822,4.854826805997202e-10,0.0006218253283433018,0.6683577634835082,5,162.656,-0.602396,0.0108161,10431.7,0.0,13.7463,30.4906,48.7248,78.6729,72.7958,69.3387,67.2896,65.3384,63.8272,62.1873,60.3720,58.2947,54.4828,43.8353,29.6197,17.9915,10.9192,7.1048,3.3379
42.924,1.5908296477891632e-10,0.0002037597235915331,0.519689614589435,5,152.439,-0.609273,0.0104473,9841.42,0.0,13.8001,30.5875,49.1831,73.6714,67.9598,64.6403,62.6891,60.8446,59.4270,57.9020,56.2352,54.3664,51.1422,43.3706,29.2408,17.7292,10.7481,6.9892,3.2813
43.043,4.170264471900424e-11,5.341438898117885e-05,0.07162046238345844,5,143.132,-0.61678,0.0101864,9502.33,0.0,13.8607,30.7061,75.5935,67.9956,62.4836,59.3254,57.4871,55.7640,54.4513,53.0527,51.5443,49.8872,47.1676,42.4864,28.7723,17.4226,10.5539,6.8599,3.2191
43.163,0.016795919334569993,1.400226158508215e-05,0.008426075778951502,4,138.807,-0.62295,0.00224757,10254.5,0.0,13.8022,30.1065,70.5828,63.2735,58.0847,55.1705,53.4997,51.9546,50.7940,49.5766,48.2906,46.9191,44.8032,41.9220,31.4215,18.2297,10.7672,6.9037,3.1922
43.263,0.025365449295561348,4.588261076199719e-06,0.0014161705561683796,4,137.545,-0.622984,-0.00743413,10163.8,0.0,13.6702,29.2792,66.6711,59.6378,54.7471,52.0484,50.5208,49.1237,48.0858,47.0095,45.8889,44.7162,42.9652,40.7495,35.2242,19.7585,11.2747,7.1017,3.2231
43.383,0.03175314408941065,1.2027851115592993e-06,0.00016661104976265374,4,136.113,-0.61403,-0.0226405,10058.4,0.0,13.3957,27.9172,62.2333,55.5643,51.0458,48.6040,47.2419,46.0109,45.1067,44.1797,43.2273,42.2467,40.8193,39.0930,35.4568,23.3054,12.4698,7.6158,3.3518
43.484,0.03659714819104816,3.941286253557513e-07,2.8002319133609215e-05,3,135.069,-0.597602,-0.0374017,12235.6,0.0,13.0763,26.5784,58.6638,52.3048,48.0889,45.8475,44.6106,43.5021,42.6942,41.8719,41.0342,40.1798,38.9528,37.5005,34.5959,27.3871,14.1035,8.3259,3.5497
43.585,0.049049869829087184,0.0028236154761929564,4.7063497767857004e-06,3,133.587,-0.571844,-0.0553625,12101.3,0.0,12.6566,25.3258,55.2985,49.2526,45.3333,43.2813,42.1598,41.1620,40.4395,39.7084,38.9685,38.2192,37.1537,35.9105,33.4957,28.2117,16.7392,9.4186,3.8521
43.703,0.14235137870316997,0.018280745027266128,5.53697344889061e-07,3,131.853,-0.523554,-0.0950065,11951.8,0.0,11.8565,22.9999,52.5015,46.7771,43.2372,41.4137,40.4269,39.5552,38.9279,38.2967,37.6617,37.0228,36.1218,35.0827,33.1071,29.0441,21.8755,12.1955,4.4889
43.804,0.19429389626015006,0.024587597811784562,9.305991275550451e-08,3,130.341,-0.458604,-0.153936,11809.3,0.0,10.8424,19.5474,52.2053,46.2133,42.9915,41.3474,40.4624,39.6837,39.1251,38.5648,38.0026,37.4388,36.6469,35.7384,34.0265,30.5804,24.8421,17.1650,5.5027
43.924,0.23362219300901493,0.03539684241264745,1.0948405675772355e-08,3,128.376,-0.340821,-0.240085,11629.0,0.0,9.4097,15.5744,53.9777,46.5952,43.2048,41.7136,40.9251,40.2330,39.7377,39.2416,38.7450,38.2478,37.5510,36.7541,35.2598,32.2827,27.4252,21.1136,7.6252
44.044,0.2678625841840146,0.07925786087304605,1.2880689793489415e-09,3,126.351,-0.174611,-0.332375,11492.9,0.0,7.8383,12.2568,18.4815,48.6113,44.3032,42.4645,41.5563,40.7993,40.2788,39.7745,39.2856,38.8115,38.1714,37.4560,36.1177,33.4635,29.1639,23.6013,10.5607
44.145,0.21177936023722455,0.14892915139775473,2.1648575335917663e-10,3,124.963,0.00184806,-0.405291,11461.5,0.0,6.4844,10.0154,13.7533,51.3803,45.9816,43.7283,42.6262,41.7129,41.0879,40.4843,39.9012,39.3376,38.5797,37.7553,36.3192,33.7925,29.8556,24.7760,12.4098
44.263,0.055516688610026996,0.29962231901088804,2.546933239695377e-11,3,124.417,0.238249,-0.38665,11569.3,0.0,5.0348,7.9413,10.7798,54.4655,47.6274,44.8566,43.5185,42.4180,41.6692,40.9494,40.2570,39.5907,38.6989,37.7344,36.0679,33.2044,29.4489,24.9289,13.7626
44.363,0.049304228585989505,0.4445339211809878,4.2806306959560215e-12,3,125.312,0.413716,-0.29926,11662.3,0.0,4.0522,6.9379,10.3451,52.0884,45.2264,42.4715,41.1463,40.0589,39.3203,38.6113,37.9303,37.2756,36.4007,35.4562,33.8282,31.0423,27.4454,23.5059,13.9433
44.463,0.1874223969179008,0.568093064745711,7.194456010693287e-13,3,126.851,0.554965,-0.217838,11913.4,0.0,3.2316,6.0426,10.8641,51.8344,44.3875,41.4515,40.0498,38.9048,38.1297,37.3876,36.6766,35.9948,35.0863,34.1085,32.4312,29.5834,25.9471,22.3255,14.0040
44.583,0.20923071271647392,0.6722170551615746,8.464205552020545e-14,3,129.224,0.673878,-0.145382,12299.3,0.0,2.4895,5.0669,92.8300,59.4329,48.7004,44.7083,42.8469,41.3472,40.3423,39.3880,38.4807,37.6171,36.4756,35.2593,33.2011,29.7861,25.5631,21.5635,14.0681
44.685,0.1987410083502076,0.7474583932290948,1.422579027128093e-14,3,131.612,0.731054,-0.0876353,12592.8,0.0,2.1510,4.8392,108.8040,74.9274,57.2110,51.2076,48.5063,46.3732,44.9649,43.6428,42.3994,41.2280,39.6976,38.0886,35.4161,31.1151,26.0127,21.3828,13.8955
44.803,0.13815077975420503,0.7922334342065227,1.6736499996259303e-15,3,134.859,0.748302,-0.0114534,12858.5,0.0,2.1700,6.5912,130.3070,98.5685,78.7300,66.6809,61.6438,57.8305,55.3882,53.1477,51.0851,49.1803,46.7460,44.2510,40.2448,34.1363,27.3817,21.6643,13.3479
44.923,0.04020179033818632,0.8244117788766346,1.969032488059911e-16,3,138.614,0.701395,0.0985653,13044.1,0.0,2.9718,10.5156,40.6456,106.2320,90.1322,80.8560,74.8948,68.9600,65.1881,61.8119,58.7724,56.0219,52.5833,49.1450,43.7987,36.0352,27.9538,21.4895,12.6127
45.044,0.010538658126413516,0.8688633798774615,2.3165470318776052e-17,3,142.573,0.58231,0.158191,13597.2,0.0,4.2702,14.5239,48.9238,102.6360,86.9967,78.4069,73.1112,67.6808,63.7561,60.2661,57.1424,54.3305,50.8348,47.3610,42.0019,34.3103,26.4155,20.1803,11.7256
45.145,0.058566415007837797,0.9101422441151216,3.893420596476691e-18,3,146.124,0.47803,0.14955,14124.4,0.0,5.2737,17.2973,52.3245,99.8999,84.5587,76.5328,71.7308,67.0164,63.1826,59.5207,56.2642,53.3495,49.7479,46.1924,40.7530,33.0419,25.2419,19.1616,11.0223
45.264,0.023752920895814635,0.9489073155506894,4.5805703975488615e-19,3,150.78,0.361763,0.122874,14616.7,0.0,6.2256,18.4795,44.2925,102.2970,85.7191,78.6931,74.6877,70.9768,68.1704,65.1904,61.9719,58.4167,53.7703,49.2980,42.6669,33.6790,25.0454,18.6118,10.3629
45.364,0.00778335711914054,0.9649326757221499,7.698564667160373e-20,3,154.83,0.273557,0.112101,15016.6,0.0,6.9899,20.0166,44.8492,100.1470,83.3082,76.6064,72.8904,69.4961,66.9694,64.3362,61.5688,58.6238,54.0800,49.2654,42.2378,32.9174,24.1793,17.7997,9.7744
45.484,0.09129713588082748,0.9827482882976322,9.057284345267511e-21,4,156.341,0.176737,0.10146,12114.4,0.0,7.8176,21.6529,45.8345,96.5501,79.6952,73.2555,69.8225,66.7247,64.4480,62.1078,59.6925,57.1854,53.4734,48.8325,41.4255,31.8362,23.0797,16.8241,9.1092
45.606,0.036600411620343644,0.9902579926781194,1.0655804459363775e-21,4,160.032,0.0977369,0.0631005,12367.4,0.0,8.1886,20.4057,37.1257,105.1590,84.1557,76.5023,72.9826,70.1668,68.2022,66.2125,64.1954,62.1482,59.2244,55.7856,48.9525,35.7540,24.4686,17.1279,8.7785
45.706,0.011993222879754203,0.9920517644313912,1.79092105548527e-22,4,163.119,0.04807,0.0507485,12607.9,0.0,8.5206,20.6056,36.1434,103.8680,82.3264,74.4785,70.8937,68.0392,66.1428,64.3020,62.4468,60.5761,57.9290,54.8589,48.9465,36.5475,24.4436,16.8540,8.4742
45.824,0.025375608520152783,0.9926968431257276,2.1070007125678655e-23,4,166.875,0.000181039,0.0449025,12823.8,0.0,8.8918,21.2127,36.7959,97.9255,77.0768,69.5586,66.1362,63.4163,61.6119,59.9050,58.2150,56.5215,54.1453,51.4226,46.3007,36.0223,23.8509,16.3214,8.1301
45.944,0.06426707900110694,0.9949455384318506,2.478865268328968e-24,4,170.434,-0.0307564,0.000500854,13077.9,0.0,8.7506,19.0238,29.8313,110.4940,85.9478,75.8537,71.3760,67.8807,65.5924,63.4579,61.4626,59.5933,57.1665,54.6324,50.0879,41.2447,27.9050,17.8366,8.2202
46.063,0.016847229157666177,0.9943965907266791,2.9163601995363476e-25,4,173.975,-0.0311844,-0.0212978,13390.5,0.0,8.5693,17.9009,27.4483,112.5700,87.2958,76.5160,71.5165,67.6593,65.1550,62.8341,60.6774,58.6681,56.0757,53.3893,49.0124,41.2369,29.9067,19.0363,8.4015
46.164,0.005520500050384053,0.9944921189899432,4.901526587360739e-26,4,177.005,-0.0161451,-0.0262025,13557.8,0.0,8.4049,17.4083,28.4083,107.3520,82.6911,72.2879,67.4491,63.7268,61.3153,59.0839,57.0135,55.0874,52.6060,50.0392,45.8674,38.9398,29.1976,19.6192,8.5759
46.266,0.17460382338791608,0.9940415466912496,8.237995735377195e-27,4,179.868,0.0109928,-0.0600613,13712.1,0.0,7.9303,15.5794,24.8724,117.3780,90.7371,79.2425,73.6622,69.0998,66.0349,63.2148,60.6302,58.2528,55.2281,52.1435,47.2232,39.7972,30.6575,21.4903,9.1439
46.385,0.04577134467820188,0.993603952606456,9.691919602713918e-28,4,183.012,0.0837493,-0.111146,14095.3,0.0,7.0375,13.1646,20.1002,137.0040,107.5220,94.3164,87.7683,82.3427,78.6458,75.1021,71.7120,68.4765,64.2054,59.7043,52.7101,42.7787,32.7059,23.7272,10.4022
46.503,0.011998683379322554,0.9954917317395667,1.1402446493396902e-28,4,186.428,0.195418,-0.123786,14294.1,0.0,6.1860,12.3399,21.1273,135.1120,105.6290,92.5711,86.1106,80.7646,77.1266,73.6423,70.3130,67.1382,62.9517,58.5286,51.3199,41.1607,31.0981,23.1707,11.1510
46.604,0.19758035086401765,0.9953870607345462,1.9164091821452172e-29,4,189.152,0.290373,-0.106878,14388.1,0.0,5.5559,11.4336,20.6145,148.6260,114.7120,100.9320,94.0438,88.3050,84.3781,80.5996,76.9720,73.4978,68.8940,64.0023,55.8657,43.4947,31.7721,23.2918,11.6882
46.722,0.06082231047929704,0.9967349815866968,2.254636238702027e-30,4,191.98,0.391094,-0.104437,14739.5,0.0,4.7665,9.6597,15.9093,33.2622,149.1230,128.8900,120.2240,113.4820,108.8450,104.3250,99.9291,95.6630,89.9186,83.6933,73.0459,55.8035,37.5157,25.5979,12.5204
46.823,0.019930254697856052,0.9965850250163287,3.789367126386497e-31,4,194.667,0.455284,-0.0629357,14904.8,0.0,4.4199,9.6388,15.9319,30.4080,156.2080,133.0670,123.3550,115.9670,111.2170,106.7010,102.3040,98.0339,92.2776,86.0299,75.3144,57.8504,38.8925,25.9562,12.5480
46.924,0.006530745859393472,0.9972888169348505,6.368789329317788e-32,5,196.095,0.482616,-0.00862533,13458.5,0.0,4.4272,10.0659,16.4926,30.8697,152.1640,129.0880,119.4590,112.1560,107.4730,103.1110,98.8855,94.7893,89.2805,83.3195,73.1336,56.6094,38.6363,25.7563,12.3656
47.027,0.1081716654586748,0.9967665057832117,1.0704024225784403e-32,5,196.966,0.468616,0.01568,13811.5,0.0,4.5813,10.2616,16.5584,30.1659,151.8050,127.6050,117.6890,110.2130,105.4380,101.0670,96.9605,92.9854,87.6474,81.8802,72.0451,56.1152,38.7221,25.8899,12.2707
47.145,0.028356553069998847,0.9974049948295343,1.2593177461393094e-33,5,199.807,0.460992,-0.0192254,13715.9,0.0,4.4882,9.4099,14.2672,23.0403,48.9981,152.9410,136.9590,126.2620,119.6000,113.6140,108.2070,103.2980,97.1423,90.8965,80.2276,62.6096,42.9359,28.3034,12.6423
47.245,0.009291875309977222,0.9961344675338667,2.1165353359363376e-34,5,202.05,0.474526,-0.0268529,13812.5,0.0,4.3437,8.9866,13.4680,21.7203,200.0000,157.4420,137.3680,126.0360,119.0560,112.8180,107.2080,102.1370,95.8047,89.4812,79.1538,62.1384,43.0800,28.7280,12.8617
47.364,0.002435809361258669,0.9972393097946979,2.490082657375742e-35,5,204.675,0.502446,-0.0287955,13981.2,0.0,4.1054,8.4666,12.7969,21.5753,200.0000,150.4270,130.8880,119.9310,113.2050,107.2000,101.8090,96.9401,90.8687,84.8130,75.1724,59.4906,41.9449,28.5255,13.1230
47.483,0.04955434011466654,0.9975289375643211,2.9295573455759872e-36,5,207.245,0.535201,-0.0317081,14150.2,0.0,3.8331,8.0324,12.4235,22.1645,200.0000,145.2970,125.2820,114.5130,107.9650,102.1330,96.9066,92.1950,86.3295,80.4920,71.3947,56.9075,40.7040,28.1456,13.3001
47.584,0.04083377952037394,0.9975981181985767,4.923707030709562e-37,5,209.283,0.568522,-0.0474542,14298.8,0.0,3.5091,7.1537,10.7520,17.7271,40.0351,200.0000,176.0290,144.7200,128.4190,118.6010,111.1430,104.6330,96.7156,89.0322,77.5260,61.3791,43.6009,29.8202,13.7904
47.704,0.010704330298588907,0.9973145970345477,5.792692084559493e-38,5,211.776,0.61235,-0.0411447,14491.4,0.0,3.1702,6.5204,9.8668,16.4467,38.8013,200.0000,188.1720,166.2920,145.3960,125.3450,114.7370,107.1090,98.3310,89.9242,77.5374,60.8827,43.5889,30.0624,14.0779
47.804,0.0035075949522416134,0.9971423830937806,9.73577758651914e-39,5,213.89,0.64299,-0.0279344,14610.6,0.0,2.9556,6.2151,9.5986,16.7490,200.0000,200.0000,184.2890,163.4530,144.5750,122.8530,111.4830,103.6190,94.9830,86.7430,74.6422,58.4575,42.2951,29.5544,14.1504
47.926,0.09792472577044792,0.997503528811236,1.1454044972763904e-39,5,216.314,0.668828,-0.0307639,14776.4,0.0,2.7339,5.7115,8.7541,14.9339,200.0000,200.0000,200.0000,190.3770,176.6050,162.5710,146.2670,124.1800,105.8650,94.3792,79.4412,60.4395,43.2459,30.1906,14.4109
48.044,0.025670379312368298,0.9941259904473176,1.3475569370007007e-40,5,218.658,0.703822,-0.0445321,14904.0,0.0,2.4131,4.9128,7.3384,11.7855,20.2812,144.0980,200.0000,200.0000,200.0000,200.0000,193.9840,179.1880,160.9080,136.5870,94.6728,67.6440,46.1710,31.8703,14.9167
48.166,0.006729335914461475,0.9811910034835716,1.5853872608119545e-41,6,219.845,0.743612,-0.032121,13719.3,0.0,2.1127,4.3865,6.6617,11.0317,20.5493,117.4160,200.0000,200.0000,200.0000,200.0000,200.0000,183.8480,165.1010,144.8180,98.3330,67.5782,45.5485,31.5159,15.0678
48.286,0.0017640550339605887,0.9283073953546973,1.8651922584726567e-42,6,220.668,0.77006,-0.0146487,13697.9,0.0,1.9264,4.1237,6.4432,11.3374,30.3870,112.5500,200.0000,200.0000,200.0000,200.0000,196.9960,180.7210,162.0050,143.3300,99.7748,65.9380,44.2884,30.6212,15.0305
48.403,0.0004624364428225646,0.8762644150197367,2.194380040170497e-43,6,222.067,0.775823,0.00437277,13761.9,0.0,1.9141,4.2512,6.9018,13.4526,52.3319,111.9410,200.0000,200.0000,200.0000,200.0000,191.0820,175.2340,157.0210,139.5030,101.8330,63.8366,42.8423,29.6058,14.8068
48.503,0.00015153117358409797,0.8597840324980422,3.688094533514555e-44,6,223.073,0.762802,0.0206611,13807.8,0.0,2.0598,4.7394,8.0210,17.6802,67.2824,119.4430,200.0000,200.0000,200.0000,200.0000,185.4380,170.0580,152.3840,135.7120,102.2970,61.9834,41.5853,28.7375,14.4797
48.605,0.053307903778397545,0.8566801763002084,6.198580482477912e-45,6,223.933,0.733582,0.0320374,13914.6,0.0,2.3423,5.5422,9.6339,20.8291,64.0950,100.7210,200.0000,200.0000,200.0000,200.0000,189.5910,173.0810,154.2890,137.2810,107.7080,62.2894,41.1024,28.2245,14.1194
48.724,0.020810666214164247,0.8646954146204168,7.29256795183044e-46,6,224.969,0.693553,0.0222165,13974.8,0.0,2.6600,6.0387,9.8784,18.4255,38.6450,65.9130,80.2537,200.0000,200.0000,200.0000,200.0000,200.0000,192.8600,166.2050,132.0590,77.9539,44.2587,29.3262,14.0614
48.845,0.005455391284045872,0.8766108491452544,8.579633269648995e-47,6,226.065,0.665311,0.0162246,14052.3,0.0,2.8872,6.4740,10.4582,18.9894,37.4913,58.1205,70.1723,84.6804,200.0000,200.0000,200.0000,200.0000,200.0000,172.1190,134.9890,86.6431,44.8069,29.3132,13.9068
48.945,-0.002695218266856349,0.896012577422917,1.4419789636299065e-47,6,227.028,0.647528,0.0153219,14110.9,0.0,3.0377,6.7992,10.9633,19.8301,38.0779,55.0125,65.5037,79.3804,200.0000,200.0000,200.0000,200.0000,200.0000,170.2880,133.2740,88.2354,45.0591,29.0726,13.7704
49.065,-0.01886994368566679,0.9257557367209531,1.6964738309209486e-48,6,228.274,0.62249,0.0293862,14197.4,0.0,3.3017,7.6099,12.6482,24.4460,44.9946,61.1870,81.4736,200.0000,200.0000,200.0000,200.0000,200.0000,165.6840,144.3160,116.2660,78.7821,42.4603,27.5698,13.3799
49.186,-0.004946642517535436,0.9464537259094775,1.9958844973401864e-49,6,229.624,0.584205,0.0356604,14284.1,0.0,3.6610,8.5540,14.4285,27.4669,46.3135,64.9505,200.0000,200.0000,200.0000,200.0000,200.0000,171.1970,150.3890,132.0680,107.5570,74.7494,41.6591,26.6791,12.9876
49.305,0.013235681988414436,0.960851489743564,2.3481381522757563e-50,6,231.048,0.539075,0.0364472,14375.2,0.0,4.0618,9.5068,15.7954,27.9507,44.2858,68.0559,196.1730,200.0000,200.0000,200.0000,200.0000,163.6130,143.8830,126.4760,103.1360,73.1965,42.4838,26.3976,12.6084
49.433,0.026052237930210914,0.9677895876929618,2.762561054770905e-51,6,232.439,0.503386,0.0106675,14467.4,0.0,4.2541,9.2529,14.2296,22.5712,32.8828,41.7251,50.6298,178.9350,185.6160,191.9370,198.7030,200.0000,200.0000,157.4550,121.8390,83.9962,50.3340,29.0426,12.7123
49.543,0.00682943785997721,0.9724478168793088,3.2501254553274225e-52,6,233.864,0.497828,-0.0119203,14539.2,0.0,4.1988,8.7390,12.9731,19.6269,27.4641,34.3461,40.6381,51.4929,171.7250,178.0550,184.1130,190.6020,200.0000,200.0000,128.5340,86.3985,53.4629,31.5275,12.9942
49.645,0.0022378701979573323,0.9763387943850119,5.4624858527688e-53,6,235.033,0.517426,-0.0269483,14615.7,0.0,3.9781,8.0830,11.7870,17.4324,24.0853,30.3934,36.2208,46.3643,164.3160,170.5220,176.3230,182.4970,191.9290,200.0000,128.1100,85.6930,54.0936,32.9435,13.3819
49.763,0.0005866442451733269,0.9781611506652645,6.426559980923966e-54,6,236.456,0.563126,-0.0436223,14721.0,0.0,3.5473,7.0322,10.0787,14.6208,20.4503,26.2774,31.8730,42.7179,156.4650,162.3900,167.9220,173.7900,182.7550,194.2410,125.9790,84.1498,53.9611,33.9956,14.0495
49.864,0.0001922315862583958,0.9785964395999938,1.080111935993891e-54,6,237.689,0.618347,-0.057184,14800.2,0.0,3.0624,5.9583,8.4622,12.4012,17.7057,23.2251,28.8088,42.8433,150.1670,155.8240,161.1340,166.7660,175.3690,186.3920,123.7490,82.6675,53.3718,34.4513,14.7040
49.966,2.859833290390102e-05,0.9808186668750009,1.8153441308249326e-55,6,238.965,0.688868,-0.0689204,14895.7,0.0,2.4792,4.8415,6.9658,10.4083,15.2347,20.5267,26.3128,137.6510,143.8300,149.2220,154.3090,159.7030,167.9430,178.5010,121.5130,81.1810,52.4881,34.5975,15.2234
50.083,-0.013287588537961737,0.9824993329061552,2.1357342164742256e-56,6,240.61,0.767502,-0.0447567,14969.4,0.0,1.8925,3.8317,5.6738,8.8824,13.9821,21.0595,126.8440,135.4020,140.5430,145.3600,150.4120,155.8410,164.1570,174.8520,110.9150,75.7813,49.8096,33.6849,15.5169
50.203,-0.009235484830797943,0.9828628094222261,2.512669948339762e-57,6,242.122,0.817515,-0.0236257,15192.8,0.0,1.5147,3.1749,4.8420,7.9898,13.8990,111.2600,123.1180,130.3310,134.9540,139.5590,144.4990,149.8130,157.9660,168.4750,104.0360,71.9204,47.6930,32.6812,15.6097
50.325,-0.012924842670187195,0.983343592610055,2.956131067522247e-58,6,243.798,0.837687,-0.00126487,15263.7,0.0,1.3769,3.0065,4.7656,8.5216,19.1053,110.8290,119.2270,125.4790,129.7380,134.2630,139.1270,144.3680,152.4260,162.8430,96.3887,67.5582,45.2797,31.2631,15.4392
50.444,-0.019256609733300054,0.9834696270380452,3.4778586396292474e-59,6,245.499,0.825729,0.0250847,15287.4,0.0,1.5191,3.5042,5.8973,12.4591,84.0161,109.8240,116.5430,122.1230,126.3910,130.9790,135.9240,141.2670,149.5150,160.2370,86.3190,61.8173,42.1496,29.4319,14.9665
50.545,-0.025837655894670263,0.9834997316847016,5.845237015624875e-60,6,246.84,0.787175,0.0507366,15333.6,0.0,1.9081,4.6837,8.5559,23.3970,96.9842,109.3920,115.3700,121.0750,125.5200,130.3150,135.5000,141.1270,149.8580,161.2920,76.4887,56.0599,38.9660,27.5651,14.3227
50.663,-0.03527470787739494,0.9835105579596294,6.876862896512509e-61,6,248.356,0.699799,0.0868856,15406.5,0.0,2.8085,7.5450,15.2254,57.9191,99.7950,110.2700,116.6830,122.9600,127.8860,133.2330,139.0580,145.4280,155.4130,76.0302,63.6648,48.1955,34.4609,24.8689,13.2761
50.764,0.057771448241197725,0.9797936712728363,1.1557943470168575e-61,6,249.56,0.594567,0.0963027,15509.2,0.0,3.8258,10.4339,21.5473,75.5247,96.6106,106.7360,113.0880,119.3210,124.2230,129.5550,135.3760,141.7560,177.5990,68.6260,57.8606,44.1420,31.7853,23.0554,12.3959
50.884,0.015144438527740537,0.9755946153652713,1.3597804913218628e-62,6,251.009,0.472607,0.0747134,15616.1,0.0,4.8507,12.4540,23.5585,63.5387,83.2663,91.6516,96.6197,101.4480,105.2120,109.2760,113.6760,118.4530,125.8760,135.6130,61.6015,45.1681,31.5171,22.3553,11.6578
50.986,0.004962529616770019,0.957613062312892,2.2853830717646546e-63,6,252.227,0.383345,0.0711629,15669.3,0.0,5.6484,14.3678,26.8430,61.1760,77.1615,84.7353,89.2616,93.6540,97.0751,100.7630,104.7510,109.0770,115.7850,124.5620,160.9020,43.1995,29.9713,21.1751,10.9848
51.104,0.0013008973638585597,0.30122461860695077,0.330347900390625,6,250.837,0.282779,0.0700771,15268.9,0.0,6.5614,16.6432,30.9788,57.6704,70.6362,77.3824,81.4976,85.4895,88.5972,91.9467,95.5670,99.4919,105.5760,113.5310,153.1220,40.2824,27.8975,19.6859,10.1959
51.223,-0.007410480444261162,0.07896422642010051,0.8046767675372315,6,237.389,0.187272,0.0698745,14156.7,0.0,7.4333,18.8452,35.0535,53.5670,64.4071,70.4736,74.2184,77.8504,80.6780,83.7253,87.0189,90.5891,96.1228,103.3570,145.4410,37.3967,25.8387,18.2289,9.4384
51.324,-0.0785080637778505,0.025874997713338538,0.8187400653966427,6,223.539,0.109563,0.0850326,13252.3,0.0,8.2896,21.8880,38.4327,52.7141,62.6719,68.9359,72.8395,76.6498,79.6324,82.8631,86.3740,90.2026,96.1839,104.0910,137.7370,32.7438,22.9379,16.4504,8.7069
51.442,-0.020580417870980843,0.006782975400565416,0.5946597458370283,6,208.386,0.00754102,0.0989043,12440.6,0.0,9.3949,25.5445,38.4158,50.5398,60.1337,66.5057,70.5106,74.4452,77.5431,80.9164,84.6035,88.6496,95.0235,103.5750,129.4160,29.2911,19.9197,14.4852,7.8157
51.543,-0.006743791327963003,0.0022226453792572754,0.5755365005311692,6,197.654,-0.0821754,0.102349,11801.2,0.0,10.2875,26.0481,36.7632,47.4725,56.5924,62.6798,66.5146,70.2886,73.2647,76.5098,80.0624,83.9675,90.1338,98.5499,123.7850,115.8270,17.9709,13.0972,7.0998
51.663,-0.10685181657997128,0.0005826531503000191,0.4419417598307035,6,185.705,-0.190613,0.113247,11140.9,0.0,11.4726,25.8883,35.1684,45.0110,54.0507,60.1551,64.0301,67.8664,70.9075,74.2396,77.9067,81.9614,88.4150,119.3230,116.6310,108.7660,16.0796,11.2863,6.2063
51.764,-0.19667012405017498,0.00019092378429031026,0.07427715157474635,5,180.46,-0.298579,0.186219,11948.0,0.0,13.3415,29.4028,40.3547,55.0444,70.7733,82.6743,114.3900,113.2800,112.4180,111.4920,110.4970,109.4220,107.7650,105.6200,100.5350,17.3995,11.6846,8.6210,5.0963
51.864,-0.06444486624876132,6.256190563624887e-05,0.012483760865167622,5,177.538,-0.448898,0.252136,11773.1,0.0,14.9308,33.0031,48.2495,73.0514,106.9420,103.9780,102.1060,100.2590,98.7918,97.1731,95.3569,93.2758,89.6076,22.0768,15.7827,11.5614,8.5060,6.4486,3.8788
51.983,0.019023508341459716,1.6400228191108823e-05,0.0014687019820261056,5,174.88,-0.64564,0.200288,11628.5,0.0,16.1406,35.7368,55.3513,102.0310,96.2592,92.2773,89.6550,86.8981,84.4860,81.3348,61.9504,17.9556,14.4887,12.4698,10.2310,7.8226,5.8083,4.3825,2.5679
52.084,0.07422259304532954,5.374026773662539e-06,0.0002468447421191275,5,172.997,-0.76689,0.100207,11490.3,0.0,15.6977,31.7921,46.3805,69.9868,95.6103,92.7973,91.0563,89.3628,88.0356,86.5916,84.9997,83.2208,80.2563,75.3937,13.3096,7.6720,4.9889,3.4717,1.8157
52.205,0.01945700743127487,1.4087688745549926e-06,2.904103706557324e-05,4,170.934,-0.831237,0.0145757,12599.1,0.0,15.1158,29.0556,41.0260,58.9258,91.8654,89.5801,88.1970,86.8746,85.8595,84.7790,83.6234,82.3826,80.4759,77.9742,71.4820,11.3285,5.0461,3.0985,1.4181
52.305,0.006375672195080148,4.6162538481417995e-07,4.880927099610895e-06,4,169.077,-0.831743,-0.0315183,12462.5,0.0,14.6439,27.9301,39.2178,55.8786,87.2302,85.0686,83.7735,82.5446,81.6062,80.6140,79.5611,78.4387,76.7364,74.5534,69.3650,19.7978,6.6274,3.5704,1.4817
52.423,0.0016713442119070901,1.210123248767284e-07,0.369380820207872,4,166.467,-0.787252,-0.0741656,11397.5,0.0,14.0982,26.8645,37.6956,53.6568,81.3211,79.2435,78.0114,76.8507,75.9704,75.0449,74.0690,73.0361,71.4846,69.5282,65.0865,29.5835,9.8060,5.1019,1.9641
52.544,0.0004381328570861722,3.172265489248509e-08,0.794352108549009,3,156.134,-0.719909,-0.0804103,11679.9,0.0,13.5494,25.7688,36.1062,52.1618,75.6605,73.6779,72.5140,71.4259,70.6058,69.7485,68.8503,67.9065,66.5012,64.7570,60.9426,40.2523,13.0608,6.7609,2.5933
52.670,-0.03558898834415029,8.31590364413561e-09,0.7892760313132868,3,141.594,-0.657014,-0.0796159,11106.0,0.0,13.0627,24.8717,34.8788,73.5625,70.3190,68.4109,67.3010,66.2700,65.4980,64.6949,63.8578,62.9832,61.6911,60.1063,56.7284,45.9741,15.8962,8.2535,3.1727
52.783,-0.018616699705268934,2.1799642448882853e-09,0.4116257540696956,3,129.641,-0.599187,-0.07775,10814.5,0.0,12.6269,24.1069,33.8741,68.5492,65.3672,63.5268,62.4651,61.4851,60.7556,60.0000,59.2161,58.4013,57.2060,55.7544,52.7233,44.3943,18.3146,9.5756,3.6995
52.883,-0.006100320159422525,7.143306837649934e-10,0.06918194048649373,3,122.111,-0.554089,-0.0800498,11038.8,0.0,12.2468,23.3036,32.6646,64.8643,61.7852,60.0272,59.0204,58.0958,57.4104,56.7033,55.9729,55.2173,54.1145,52.7869,50.0622,43.1730,20.7354,10.7484,4.1269
52.984,-0.0019989529098395726,2.3407187845611304e-10,0.4171249859470377,3,115.595,-0.510686,-0.0802072,10137.2,0.0,11.9032,22.6446,31.7356,61.2503,58.2533,56.5627,55.6010,54.7221,54.0734,53.4064,52.7199,52.0127,50.9855,49.7577,47.2726,41.3001,22.7812,11.8018,4.5294
53.084,-0.0006550168894962312,7.670067313249912e-11,0.6183654775465659,3,107.5,-0.469605,-0.0803846,9144.11,0.0,11.5777,22.0198,30.8987,57.8494,54.9370,53.3128,52.3947,51.5597,50.9457,50.3166,49.6713,49.0091,48.0516,46.9144,44.6409,39.3806,24.7277,12.8015,4.9107
53.185,-0.00021463593435012504,2.513327657205731e-11,0.6327249698383509,3,99.0757,-0.431459,-0.0808595,8188.31,0.0,11.2727,21.4250,30.9523,54.7084,51.8823,50.3233,49.4474,48.6543,48.0733,47.4796,46.8728,46.2522,45.3587,44.3033,42.2166,37.5289,26.5850,13.7476,5.2668
53.304,-5.626552237427918e-05,6.588537653705393e-12,0.1517625859835922,2,90.2171,-0.389433,-0.0815685,10211.1,0.0,10.9351,20.7624,55.1090,51.2664,48.5428,47.0583,46.2299,45.4836,44.9389,44.3843,43.8194,43.2438,42.4190,41.4503,39.5564,35.4204,27.0481,14.8048,5.6609
53.424,-1.474966909728304e-05,1.7271456146929465e-12,0.01785471647838364,2,85.6388,-0.35002,-0.0820411,9759.44,0.0,10.6207,20.1517,51.8418,48.0542,45.4311,44.0177,43.2340,42.5312,42.0203,41.5016,40.9750,40.4403,39.6775,38.7859,37.0597,33.3754,26.4577,15.7897,6.0297
53.543,-3.866537255838166e-06,4.5276086001806777e-13,0.002100589538965357,2,84.4709,-0.311285,-0.0828756,9631.0,0.0,10.3086,19.5690,48.6474,44.9315,42.4145,41.0737,40.3350,39.6756,39.1979,38.7145,38.2252,37.7300,37.0265,36.2082,34.6378,31.3517,25.4954,16.7856,6.3953
53.644,-1.2669869279930502e-06,1.4836067861072044e-13,0.0003530460838139076,2,83.6067,-0.279098,-0.083598,9547.89,0.0,10.0495,19.4792,45.9962,42.3510,39.9264,38.6473,37.9462,37.3229,36.8726,36.4181,35.9593,35.4962,34.8405,34.0808,32.6324,29.6473,24.5035,17.3843,6.6999
53.764,-3.3213302125181013e-07,3.8891861733728696e-14,4.153551871462242e-05,2,82.6299,-0.240562,-0.084432,9435.27,0.0,9.7398,21.1860,42.8212,39.2748,36.9658,35.7618,35.1062,34.5260,34.1084,33.6880,33.2650,32.8394,32.2392,31.5471,30.2372,27.5821,23.1540,17.3551,7.0650
53.864,-1.0883334840379315e-07,1.2744085252908217e-14,6.98087463036659e-06,2,81.85,-0.208486,-0.08509,9338.97,0.0,9.4827,44.2992,40.1784,36.7265,34.5181,33.3779,32.7605,32.2163,31.8256,31.4333,31.0396,30.6445,30.0891,29.4512,28.2506,25.8489,21.9333,16.9648,7.3692
53.965,0.03468038257650207,4.175981855672965e-15,1.1732755991257128e-06,2,81.0912,-0.176332,-0.0869983,9265.47,0.0,9.2156,41.7076,37.5839,34.2423,32.1404,31.0661,30.4874,29.9793,29.6155,29.2512,28.8864,28.5212,28.0094,27.4240,26.3277,24.1605,20.6958,16.4021,7.6859
54.083,0.16284799526014543,1.0947085875735337e-15,1.3803470096154106e-07,2,80.1757,-0.130919,-0.118409,9155.87,0.0,8.6439,39.4552,35.5304,32.3940,30.4492,29.4645,28.9367,28.4737,28.1424,27.8108,27.4794,27.1483,26.6855,26.1578,25.1733,23.2347,20.1656,16.3828,8.3619
54.184,0.20811478784098605,3.5871410997609556e-16,2.319949219060621e-08,2,79.3816,-0.0783685,-0.165527,9069.12,0.0,8.0519,38.1553,34.5031,31.5722,29.7579,28.8440,28.3555,27.9277,27.6221,27.3165,27.0110,26.7056,26.2784,25.7909,24.8820,23.0970,20.2646,16.7502,9.0066
54.305,0.23913747041954075,9.403475164557359e-17,2.7293970567326302e-09,2,78.4427,0.00815829,-0.234667,8958.85,0.0,7.3171,36.8466,33.5686,30.9027,29.2332,28.3933,27.9454,27.5538,27.2743,26.9951,26.7162,26.4377,26.0486,25.6052,24.7784,23.1486,20.5523,17.2911,9.7701
54.425,0.2547017107924144,2.4650645935377248e-17,3.2111083432753725e-10,2,77.5256,0.105659,-0.230896,8831.09,0.0,6.6019,35.5555,32.6719,30.2793,28.7682,28.0010,27.5893,27.2280,26.9703,26.7129,26.4561,26.1999,25.8421,25.4348,24.6764,23.1853,20.8009,17.7691,10.4771
54.525,0.2567933075570423,8.077523660104416e-18,5.3969097925429194e-11,2,76.771,0.181813,-0.219812,8762.54,0.0,6.0822,34.2890,31.6911,29.5112,28.1185,27.4109,27.0320,26.6998,26.4621,26.2243,25.9862,25.7481,25.4145,25.0338,24.3255,22.9364,20.7231,17.8978,10.9225
54.643,0.27641520343746223,2.1174743623544123e-18,6.34941040182882e-12,2,75.9299,0.267153,-0.216485,8664.9,0.0,5.4500,32.9597,30.6787,28.7670,27.5369,26.9057,26.5650,26.2648,26.0493,25.8335,25.6177,25.4020,25.1002,24.7556,24.1110,22.8320,20.7777,18.1559,11.4735
54.744,0.32336457279345016,6.938539990562939e-19,1.0671454062353698e-12,2,75.2046,0.334885,-0.211604,8556.07,0.0,4.9546,32.0192,29.7274,28.0495,26.9440,26.3746,26.0680,25.7981,25.6044,25.4101,25.2152,25.0196,24.7450,24.4298,23.8361,22.6575,20.7455,18.2717,11.8692
54.844,0.340200875285989,2.273620784107664e-19,1.793551284259786e-13,2,74.447,0.399512,-0.207859,8488.17,0.0,4.4756,31.3585,28.7673,27.2725,26.3096,25.8069,25.5333,25.2908,25.1161,24.9409,24.7652,24.5892,24.3421,24.0589,23.5259,22.4555,20.6902,18.3705,12.2316
54.945,0.3463845781004081,7.450200585363992e-20,3.0144216434554225e-14,2,73.7105,0.462225,-0.209093,8401.33,0.0,3.9979,31.1491,28.0981,26.4848,25.6443,25.2095,24.9732,24.7641,24.6133,24.4615,24.3086,24.1547,23.9375,23.6869,23.2105,22.2481,20.6520,18.4989,12.5958
55.046,0.34909531219274453,2.441281727812073e-20,5.066338456155529e-15,2,72.9612,0.523022,-0.203917,8316.15,0.0,3.5498,31.2821,27.6739,25.7827,24.8537,24.4383,24.2290,24.0474,23.9166,23.7850,23.6525,23.5192,23.3314,23.1149,22.7040,21.8653,20.4366,18.4878,12.8830
55.164,0.3481817762444872,6.399673572555682e-21,5.960496530282417e-16,2,72.0887,0.593654,-0.196034,8229.57,0.0,3.0330,7.7555,27.7334,25.3949,24.2554,23.7468,23.4907,23.2748,23.1251,22.9790,22.8365,22.6975,22.5086,22.3005,21.9318,21.2285,20.0326,18.3401,13.1945
55.284,0.2864190776192391,1.6776360290040367e-21,7.012464562911962e-17,2,71.3023,0.66119,-0.177334,8142.88,0.0,2.5606,6.1931,28.4282,25.4838,24.0745,23.4500,23.1363,22.8723,22.6895,22.5112,22.3374,22.1679,21.9377,21.6843,21.2357,20.4324,19.3297,17.9249,13.3824
55.403,0.2619540337707135,4.397822191872341e-22,8.250094433620294e-18,2,70.635,0.720242,-0.131527,8083.45,0.0,2.1863,49.9615,56.9661,25.5838,23.9005,23.1621,22.7928,22.4828,22.2685,22.0599,21.8569,21.6591,21.3909,21.0962,20.5756,19.6467,18.3769,17.0511,13.2704
55.507,0.24857936049767493,1.4410783758327284e-22,1.386593371458563e-18,2,70.1662,0.757147,-0.0791515,8043.56,0.0,1.9974,45.3051,52.1122,25.8383,23.6869,22.8591,22.4470,22.1018,21.8637,21.6323,21.4073,21.1886,20.8924,20.5676,19.9953,18.9784,17.5954,16.1556,12.9398
55.623,0.2428471521211554,3.7777004975429485e-23,1.631313235587285e-19,2,69.6695,0.775033,0.0182297,7986.41,0.0,2.0973,40.1868,46.6836,51.1457,24.1021,22.6795,22.1733,21.7801,21.5096,21.2474,20.9930,20.7462,20.4129,20.0485,19.4089,18.2807,16.7602,15.1879,12.3088
55.725,0.22178052653701155,1.2378768990348734e-23,2.74174815505155e-20,2,69.277,0.755631,0.137371,7936.54,0.0,3.1783,36.4363,42.6003,46.8739,49.4119,50.6768,22.9112,21.9462,21.4519,21.0502,20.7090,20.4116,20.0430,19.6445,18.9482,17.7283,16.1002,14.4313,11.5720
55.830,0.18770300566383738,4.056275022757473e-24,4.6080561241951405e-21,2,68.9552,0.690652,0.300138,7899.2,0.0,6.5498,33.3665,39.1257,43.1766,45.5988,46.8106,47.4566,48.0226,48.4272,23.5459,21.4045,20.6038,19.8316,19.1995,18.3534,17.0660,15.3647,13.6378,10.6858
55.931,0.13968558828673286,1.329160199457169e-24,7.744759927934775e-22,2,68.6695,0.569826,0.479786,7792.35,0.0,8.5784,30.2180,35.5380,39.3393,41.6321,42.7828,43.3984,43.9382,44.3243,44.7108,45.0977,45.4849,46.0282,46.6508,18.7550,16.6392,14.8111,12.9872,9.8766
56.049,0.10771253935654412,3.4843137132650004e-25,9.111632607615984e-23,2,68.1929,0.401501,0.449396,7820.71,0.0,10.8912,27.8432,32.6053,36.0923,38.2216,39.2983,39.8754,40.3819,40.7449,41.1090,41.4740,41.8401,42.3540,42.9431,44.0548,15.9969,13.7358,11.9447,8.9071
56.151,0.05265430351706234,1.1417399175626753e-25,1.5313920923620186e-23,2,67.9114,0.269747,0.427584,7767.32,0.0,12.2873,26.0716,30.3842,33.6066,35.5969,36.6083,37.1524,37.6311,37.9742,38.3184,38.6639,39.0108,39.4988,40.0596,41.1191,43.2736,12.8445,11.0679,8.1336
56.267,-0.02830707725510915,2.9930026894954997e-26,1.8016674827429916e-24,2,67.6277,0.114978,0.425569,7742.79,0.0,13.4011,24.7926,28.6460,31.5891,33.4309,34.3733,34.8820,35.3304,35.6524,35.9759,36.3009,36.6278,37.0882,37.6184,38.6234,40.6774,11.5471,9.7396,7.1476
56.387,-0.007420530459963333,7.845976970351084e-27,2.1196437767723025e-25,2,67.4367,-0.0405838,0.430615,7711.57,0.0,13.9638,23.6685,27.1262,29.8193,31.5249,32.4038,32.8796,33.2997,33.6020,33.9060,34.2120,34.5201,34.9548,35.4564,36.4096,38.3688,10.3673,8.3517,6.1388
56.493,-0.0024315594211207847,2.5709697336446434e-27,3.562485295621208e-26,2,67.3327,-0.17066,0.432378,7709.08,0.0,14.0734,22.6116,25.7629,28.2551,29.8485,30.6741,31.1222,31.5185,31.8040,32.0915,32.3813,32.6733,33.0858,33.5626,34.4710,36.3465,9.8507,7.3625,5.3031
56.603,-0.0006374187128902869,6.739642898565414e-28,4.191228325445396e-27,2,67.2542,-0.32715,0.432747,7698.9,0.0,13.9271,21.2537,24.0625,26.3219,27.7824,28.5439,28.9585,29.3259,29.5909,29.8583,30.1281,30.4003,30.7856,31.2317,32.0842,33.8540,37.0017,6.5232,4.3018
56.710,-0.00020886936383988924,2.2084461850019146e-28,7.044197446576077e-28,2,67.2495,-0.457561,0.432207,7703.41,0.0,13.6317,20.0718,22.6135,24.6856,26.0373,26.7456,27.1321,27.4752,27.7232,27.9735,28.2264,28.4819,28.8439,29.2637,30.0683,31.7463,34.7557,6.3105,3.5377
56.826,-0.0590994463021746,5.789309167211418e-29,8.287427853922292e-29,2,67.477,-0.587737,0.2637,7511.49,0.0,13.1483,18.6783,20.9331,22.7988,24.0291,24.6774,25.0323,25.3479,25.5763,25.8072,26.0409,26.2773,26.6127,27.0024,27.7516,29.3231,32.1703,36.8610,2.9902
56.949,-0.5945923204934764,1.5176326623294697e-29,9.75007599586104e-30,2,67.5685,-0.661869,0.166182,7111.76,0.0,13.1463,18.5016,20.7381,22.6075,23.8481,24.5044,24.8646,25.1855,25.4180,25.6534,25.8914,26.1323,26.4743,26.8725,27.6398,29.2555,32.2055,37.6696,2.6132
57.063,-0.33442551272481524,3.978382966336965e-30,1.1470866908370557e-30,2,66.7913,-0.711208,0.123238,7653.56,0.0,13.3652,18.8977,21.2504,23.2316,24.5531,25.2541,25.6393,25.9828,26.2319,26.4840,26.7393,26.9978,27.3653,27.7934,28.6192,30.3777,34.0116,6.3229,2.2857
57.165,-0.17068101554987058,1.303636530409297e-30,1.9279086012898397e-31,2,66.785,-0.741723,0.0659878,7644.94,0.0,13.2825,18.6914,21.0292,23.0117,24.3421,25.0489,25.4378,25.7852,26.0373,26.2929,26.5519,26.8143,27.1874,27.6221,28.4750,30.4142,34.5418,7.1752,2.1377
57.268,-0.10481553747781441,0.027655107421875,3.240235986187834e-32,2,66.9061,-0.753654,-0.000562493,7684.52,0.0,12.9719,18.0660,20.3080,22.2252,23.5179,24.2079,24.5882,24.9282,25.1751,25.4255,25.6794,25.9368,26.3075,26.7493,27.6340,29.6559,34.0063,43.4809,2.1843
57.384,-0.6090747861522621,0.115722393526875,3.812105235390126e-33,2,67.1692,-0.747042,-0.0465148,7766.1,0.0,12.7025,17.6571,19.8790,21.7948,23.0956,23.7919,24.1826,24.5392,24.8027,25.0739,25.3529,25.6403,26.0571,26.5553,27.5575,29.8732,34.9812,46.7581,2.3653
57.485,-0.6213520134359795,0.1680818807077614,6.407005269120186e-34,2,67.4193,-0.739435,-0.0417121,7783.66,0.0,12.7559,17.9741,20.3416,22.4031,23.9016,24.7553,25.2433,25.6905,26.0221,26.3645,26.7181,27.0834,27.6154,28.2550,29.5538,32.6185,39.7196,58.1261,2.4115
57.605,-0.1628837022101614,0.2363728491143804,7.537777629067207e-35,2,68.6128,-0.729245,-0.0526059,7991.59,0.0,12.6863,18.0320,20.5150,22.9138,24.7414,25.7970,26.4054,26.9661,27.3840,27.8172,28.2665,28.7328,29.4158,30.2431,31.9440,36.0748,46.3348,71.1908,2.5317
57.724,-0.10400491043200966,0.32360016478324016,8.868120002821279e-36,2,70.5394,-0.701107,-0.112478,8259.51,0.0,12.1404,17.0305,19.4325,21.8305,23.6710,24.7397,25.3574,25.9281,26.3541,26.7965,27.2560,27.7337,28.4352,29.2870,31.0471,35.3696,46.4132,72.1199,3.0423
57.825,-0.5167447787824146,0.37536175707429714,1.4904649288741723e-36,2,72.3195,-0.663418,-0.135381,8534.77,0.0,11.7747,16.5489,19.1084,21.7078,23.7332,24.9218,25.6133,26.2548,26.7356,27.2364,27.7585,28.3032,29.1066,30.0881,32.1367,37.2893,51.2754,77.8953,3.5645
57.945,-0.15507958105233732,0.4199485988527345,1.7535170841711753e-37,2,74.8978,-0.613736,-0.140359,8934.04,0.0,11.4469,16.4957,19.4877,22.6301,25.1580,26.6758,27.5708,28.4093,29.0429,29.7077,30.4060,31.1404,32.2345,33.5893,36.4834,44.1857,62.5392,89.4122,4.1409
58.046,-0.0790511718296791,0.46081436624706407,2.9471361633664946e-38,2,77.5365,-0.560199,-0.178409,9223.18,0.0,10.8919,15.8318,18.8645,22.0929,24.7241,26.3190,27.2647,28.1544,28.8290,29.5390,30.2873,31.0769,32.2584,33.7301,36.9062,45.5810,64.1358,92.0375,5.0669
58.165,-0.39589232120584616,0.5114386169285953,3.467276224839047e-39,2,80.8578,-0.479583,-0.199391,9736.94,0.0,10.2732,15.5043,18.8421,22.5142,25.6042,27.5217,28.6752,29.7719,30.6108,31.5009,32.4468,33.4540,34.9784,36.9073,41.1870,51.7806,70.3782,164.6650,6.2320
58.283,-0.10378079665018533,0.5377881503430048,4.0792158057608915e-40,2,84.5434,-0.391059,-0.200683,10175.1,0.0,9.8683,15.8235,19.8627,24.5732,28.7763,31.5039,33.1913,34.8291,36.1050,37.4809,38.9689,40.5811,42.9297,45.6665,50.9230,61.7786,80.3915,34.1886,6.8502
58.404,-0.036626495950767356,0.5555566837585166,4.799156603319632e-41,2,88.503,-0.29225,-0.201549,10421.3,0.0,9.2929,15.2550,19.4073,24.3746,28.9262,31.9425,33.8337,35.6884,37.1462,38.6943,40.2728,41.8786,44.1688,46.8400,51.9785,62.6236,81.6483,32.7416,7.7035
58.523,-0.10336055300375546,0.5675264489634426,5.646159752239516e-42,2,92.0246,-0.199184,-0.170541,11395.8,0.0,8.8083,14.9489,19.3989,24.9353,30.2256,33.8529,36.1131,38.1668,39.6715,41.2054,42.7668,44.3538,46.6152,49.2509,54.3181,64.8132,87.3952,29.9601,8.3297
58.625,-0.03386918600827059,0.576327980858841,9.489500695588954e-43,2,95.3374,-0.129396,-0.143289,11646.1,0.0,8.4616,14.8198,19.6155,25.8290,32.0392,36.0406,38.3027,40.3484,41.8450,43.3690,44.9189,46.4931,48.7344,51.3448,56.3597,66.7409,151.2350,27.9022,8.7222
58.743,-0.06890694707956926,0.60235204096426,1.116430267335345e-43,2,99.4453,-0.05326,-0.131403,11941.8,0.0,7.9626,14.1489,18.9049,25.1909,31.4372,35.1869,37.3167,39.2492,40.6666,42.1134,43.5881,45.0892,47.2322,49.7360,54.5684,64.6492,145.7050,28.5635,9.3373
58.844,-0.26838206934952735,0.6273527675644187,1.8763843503105143e-44,2,102.543,0.000442108,-0.0882285,12731.4,0.0,7.8227,14.7133,20.4484,28.5516,35.4824,39.4172,41.6308,43.6279,45.0867,46.5712,48.0795,49.6107,51.7899,54.3273,59.2021,70.0819,127.8720,24.9085,9.3492
58.944,-0.08794343648445313,0.6632678767505087,3.153639177566882e-45,2,105.813,0.0366333,-0.0215715,13516.0,0.0,8.0037,16.7113,25.1479,35.4932,43.3118,47.6043,49.9829,52.1099,53.6535,55.2159,56.7961,58.3929,60.6538,63.3483,69.9826,135.0040,97.6336,20.3862,8.9922
59.044,-0.0288173052672256,0.6995067545723567,5.300321365736659e-46,2,109.591,0.0541464,0.023339,14007.4,0.0,8.2199,18.7042,28.8052,39.8467,47.9303,52.3077,54.7197,56.8698,58.4263,60.0516,61.8571,63.8980,67.3282,72.8291,135.4390,114.3080,29.0735,18.1988,8.7431
59.164,-0.22270010752769503,0.7304965900768658,6.235775083575524e-47,2,114.315,0.0500732,0.0669333,14887.1,0.0,8.6589,21.3624,32.2223,43.5693,51.7005,56.1065,58.8793,61.8163,64.3722,67.5880,72.3125,134.9810,131.4170,126.9790,116.9630,95.3530,24.1003,16.2350,8.3691
59.284,-0.0567660604323801,0.7443297047497348,7.33632702807577e-48,3,116.53,0.0126077,0.121105,11400.4,0.0,9.6096,25.0495,36.9891,48.8601,58.5722,69.0674,129.3820,125.8050,123.0710,120.1480,116.9810,113.4850,107.9700,102.1040,92.7104,34.1197,19.3598,13.8989,7.7165
59.384,-0.018601102682482308,0.7522876119492681,1.2330164836086948e-48,3,119.998,-0.0455067,0.146858,11614.3,0.0,10.5247,26.8042,38.7102,50.5575,66.5603,122.6240,118.2990,114.1010,110.7660,107.0170,103.2440,99.7345,95.2157,90.5438,82.9494,26.9676,17.2248,12.5166,7.1322
59.503,-0.004876167461596642,0.7599530544499539,1.4506315628007937e-49,3,124.096,-0.136509,0.153093,12143.2,0.0,11.3707,26.8834,37.7494,49.1781,123.6950,116.4140,112.0100,107.6990,104.2300,100.5320,97.0789,93.8624,89.7124,85.4122,78.3760,27.2614,16.1151,11.4568,6.4227
59.603,-0.0015978225538159877,0.7759818465696608,2.4380764675992943e-50,3,127.839,-0.222999,0.156351,12203.5,0.0,11.9248,26.6390,36.6344,47.9351,118.8770,111.5900,107.1700,102.8220,99.3097,95.8190,92.5724,89.5453,85.6358,81.5800,74.9356,55.5549,15.3962,10.6686,5.8039
59.704,-0.13260183866047934,0.7998315244526965,4.097675119094134e-51,3,131.128,-0.311189,0.142143,13045.8,0.0,12.4347,26.6267,36.0168,48.5534,112.1170,104.5160,99.8049,95.0770,91.7529,88.6601,85.7751,83.0782,79.5850,75.9495,69.7987,51.0823,14.4574,9.8266,5.2212
59.822,-0.04362607505621269,0.8155297620992525,4.820873800863057e-52,3,135.765,-0.411316,0.149303,13114.5,0.0,13.4415,28.5441,39.3867,108.4080,92.4513,83.1854,78.9815,75.6485,73.4417,71.3650,69.4078,67.5579,64.8690,61.4134,53.4523,18.8175,11.6015,8.1527,4.4303
59.923,-0.014295392274419774,0.8211164818978081,8.102442597110542e-53,3,139.547,-0.491748,0.132468,13406.5,0.0,13.9036,28.6194,41.5193,99.0325,81.7245,74.0548,70.5435,67.7436,65.8820,64.1245,62.3802,60.5184,57.6893,54.0908,45.9185,17.1203,10.4104,7.2420,3.8711
60.043,-0.0037474513123854983,0.825974315280619,9.532442691074581e-54,3,144.123,-0.57591,0.0961215,13768.6,0.0,14.0988,27.8925,44.4078,91.1052,74.1320,67.3217,64.1941,61.6961,60.0329,58.4394,56.7816,55.0238,52.3959,49.1245,42.0793,19.3253,9.7851,6.5230,3.3238
60.144,0.02446213033208252,0.8301678554280282,1.602117643088905e-54,3,147.919,-0.627384,0.0600182,14089.2,0.0,14.0319,27.2996,106.3480,85.4188,68.9831,62.6485,59.7394,57.4157,55.8684,54.3847,52.8494,51.2360,48.8528,45.9381,39.9065,25.4267,9.9971,6.2586,3.0123
60.264,0.03869874865718844,0.83667719143395,1.884875385917666e-55,3,152.41,-0.65166,-0.0105694,14485.8,0.0,13.3640,25.0748,104.5480,85.4836,69.7646,62.6771,59.4712,56.9323,55.2525,53.6728,52.1850,50.7811,48.8892,46.6209,42.0258,31.7946,15.6471,7.3243,3.0179
60.364,0.012680805959987506,0.8445894426359517,3.167910061111821e-56,3,156.185,-0.631123,-0.0610669,14805.7,0.0,12.6785,23.9845,100.9470,82.5980,67.7141,60.4773,57.2310,54.6719,52.9845,51.4018,49.9146,48.5147,46.6875,44.7237,40.8531,32.4991,19.5354,9.7329,3.3845
60.465,0.004155246496968706,0.8521830880941986,5.324306439710637e-57,4,158.615,-0.574451,-0.103391,12204.5,0.0,11.9825,23.7678,95.4850,77.3419,62.7906,55.9872,52.9425,50.5453,48.9661,47.4862,46.0964,44.7889,43.0838,41.2926,37.9520,30.9862,20.5362,11.8246,4.1250
60.583,0.17333316618256386,0.8560899326641155,6.263993283255167e-58,4,161.024,-0.46077,-0.154129,12363.3,0.0,11.0568,22.4275,92.8899,76.0409,63.4495,55.9754,52.5581,49.9005,48.1654,46.5502,45.0432,43.6339,41.8079,39.9067,36.7894,31.1857,22.4935,14.2466,5.3736
60.684,0.15289372237182752,0.8591153792135023,1.0527893511166961e-58,4,163.46,-0.350431,-0.183894,12669.7,0.0,9.9894,19.0600,96.9736,82.0978,71.9679,66.3466,63.1146,60.0979,57.7975,55.3428,52.9843,50.8222,48.0818,45.2983,40.8828,34.2738,26.4034,17.7293,6.6847
60.803,0.04008017195744036,0.8606264720466693,1.2385961436952821e-59,4,166.675,-0.206867,-0.183217,12819.1,0.0,8.9350,17.1621,41.6728,82.3907,73.3182,68.4759,65.7850,63.3552,61.5698,59.7356,57.8453,55.8886,53.0091,49.4746,43.6777,35.4469,27.1056,19.6116,8.0645
60.904,0.09308134373295156,0.8609874124383776,2.0817085387086608e-60,4,169.499,-0.089812,-0.153573,13000.2,0.0,8.2657,17.2388,45.1396,78.4410,69.8097,65.2701,62.7738,60.5393,58.9110,57.2526,55.5604,53.8298,51.3313,48.3410,42.5520,34.1405,25.8032,19.2696,8.8227
61.023,0.16080578484243085,0.862058376433746,2.4491092787053525e-61,4,172.453,0.0372429,-0.153773,13283.9,0.0,7.3105,15.6778,29.9901,80.4830,72.6914,68.6766,66.5007,64.5758,63.1885,61.7902,60.3807,58.9592,56.9483,54.6173,50.1390,40.5840,28.4621,20.2562,9.8975
61.143,0.04215427166173419,0.8568803829849729,2.88135257530406e-62,4,175.554,0.150213,-0.123471,13461.7,0.0,6.6458,14.8972,24.9351,79.6554,72.4337,68.7581,66.7814,65.0426,63.7958,62.5449,61.2900,60.0312,58.2626,56.2327,52.4027,44.6595,31.7692,21.3710,10.4057
61.244,0.01381311173811706,0.7809612845996409,4.842689273313534e-63,4,178.144,0.211413,-0.0513347,13518.8,0.0,6.6577,15.1442,24.8250,74.8664,67.9945,64.5335,62.6837,61.0637,59.9061,58.7485,57.5913,56.4346,54.8166,52.9708,49.5237,42.7228,31.9345,21.3094,10.2346
61.344,0.1030033868352962,0.5397553683469853,8.139107861658057e-64,4,179.862,0.217411,-0.00869352,13537.0,0.0,6.5835,14.0679,21.6976,72.8370,66.3344,63.0860,61.3576,59.8489,58.7739,57.7014,56.6316,55.5649,54.0776,52.3875,49.2518,43.1511,33.7325,23.0181,10.4211
61.463,0.027001719838551885,0.14149363127995213,0.2705841064453125,4,178.762,0.235136,-0.0362886,13128.7,0.0,6.2668,12.7599,18.8822,68.9269,62.8367,59.8253,58.2321,56.8468,55.8628,54.8838,53.9099,52.9418,51.5964,50.0742,47.2698,41.8894,33.7782,24.6638,10.8825
61.583,0.007078338845357346,0.037091706478251774,0.783810216293335,4,167.299,0.269151,-0.0428155,11865.7,0.0,5.9521,11.9897,18.8304,62.6673,56.9951,54.2265,52.7721,51.5134,50.6228,49.7395,48.8638,47.9962,46.7955,45.4440,42.9739,38.3087,31.4539,23.9313,11.2614
61.703,0.0018555440582773558,0.009723368303034833,0.8492125370868899,4,152.88,0.305121,-0.0396345,10680.3,0.0,5.6758,11.9476,65.0377,55.8712,50.6403,48.1235,46.8114,45.6817,44.8856,44.0988,43.3216,42.5541,41.4965,40.3123,38.1651,34.1701,28.4330,22.2601,11.5035
61.803,0.02610803554273898,0.0031861533255384536,0.8571973078159573,3,141.423,0.332922,-0.0388263,12139.2,0.0,5.4710,13.0716,59.5314,50.8250,45.9493,43.6301,42.4282,41.3975,40.6733,39.9595,39.2561,38.5635,37.6118,36.5503,34.6362,31.1109,26.1206,20.8107,11.4353
61.926,0.263441097660937,0.0008352309773699525,0.8220329662021273,3,128.089,0.358622,-0.0104936,10431.7,0.0,5.5455,18.1403,53.6629,45.4900,41.0114,38.9081,37.8253,36.9004,36.2529,35.6163,34.9908,34.3765,33.5350,32.6000,30.9236,27.8663,23.5961,19.0968,11.0771
62.044,0.3957020521976846,0.00021895078933166883,0.13930727117460082,3,116.41,0.347463,0.0474345,10512.5,0.0,6.0435,60.1746,48.1258,40.4968,36.4080,34.5119,33.5418,32.7167,32.1407,31.5759,31.0224,30.4800,29.7394,28.9193,27.4562,24.8105,21.1566,17.3377,10.4970
62.146,0.29631939521820366,7.174579464820124e-05,0.023413373066315163,3,111.29,0.316648,0.064439,10089.6,0.0,6.4816,58.2545,46.3002,38.8076,34.8237,32.9847,32.0460,31.2488,30.6930,30.1486,29.6154,29.0935,28.3815,27.5942,26.1925,23.6667,20.1954,16.5844,10.1366
62.263,0.13210659992108506,1.8807729592258063e-05,0.0027545599278789128,3,109.886,0.279508,0.037234,9953.46,0.0,6.6137,60.9039,48.5274,40.6586,36.4363,34.4784,33.4770,32.6254,32.0312,31.4486,30.8778,30.3187,29.5554,28.7108,27.2054,24.4895,20.7567,16.8872,10.0672
62.363,0.1066938807874888,6.162916832791122e-06,0.000462958887078609,3,108.963,0.252935,0.0319464,9879.69,0.0,6.8224,61.3492,48.8270,40.8448,36.5570,34.5682,33.5509,32.6857,32.0821,31.4903,30.9106,30.3427,29.5676,28.7099,27.1817,24.4268,20.6473,16.7423,9.9077
62.483,0.09052378976314875,1.6155716702151961e-06,5.446665010591129e-05,3,107.962,0.224556,0.0361239,9793.2,0.0,7.1298,60.7756,48.1973,40.2021,35.9194,33.9366,32.9235,32.0627,31.4623,30.8742,30.2981,29.7341,28.9648,28.1141,26.6003,23.8772,20.1546,16.3251,9.6603
62.604,0.0490042738727743,4.2351241991689236e-07,6.407946918310359e-06,3,107.063,0.192997,0.0560166,9717.25,0.0,7.6271,58.4699,46.0086,38.1857,34.0359,32.1261,31.1530,30.3278,29.7531,29.1908,28.6408,28.1030,27.3703,26.5616,25.1258,22.5544,19.0601,15.4848,9.2767
62.723,0.1464846500635558,1.1102123980669383e-07,7.538885469922956e-07,3,106.141,0.153207,0.0661961,9632.44,0.0,8.1344,57.1118,44.6483,36.8829,32.7898,30.9135,29.9598,29.1519,28.5900,28.0406,27.5037,26.9792,26.2654,25.4787,24.0847,21.5967,18.2342,14.8135,8.9086
62.823,0.1764916876910443,0.03177668091068986,1.2670604809299512e-07,3,105.393,0.120319,0.0541884,9581.6,0.0,8.3308,58.1915,45.4720,37.4970,33.2771,31.3393,30.3537,29.5186,28.9377,28.3696,27.8145,27.2721,26.5341,25.7205,24.2791,21.7088,18.2428,14.7342,8.7424
62.944,0.1928730978982478,0.05974974280315188,1.4906839852092782e-08,3,104.656,0.0885366,0.0299184,9534.79,0.0,8.3766,60.7008,47.5873,39.2483,34.7926,32.7360,31.6873,30.7975,30.1779,29.5716,28.9784,28.3986,27.6089,26.7377,25.1928,22.4347,18.7171,14.9707,8.6679
63.063,0.2079537082820198,0.08337219634301445,1.753774801758864e-09,3,104.025,0.0694745,0.00173348,9495.64,0.0,8.2675,63.8333,50.3516,41.6372,36.9231,34.7321,33.6112,32.6581,31.9934,31.3420,30.7040,30.0794,29.2277,28.2864,26.6134,23.6163,19.5654,15.4894,8.7238
63.164,0.21756521071336365,0.14135963762580397,2.9475693093161227e-10,3,103.698,0.065197,-0.0231074,9512.76,0.0,8.0706,66.7526,53.0177,44.0162,39.0922,36.7885,35.6060,34.5984,33.8944,33.2036,32.5261,31.8619,30.9547,29.9504,28.1606,24.9395,20.5619,16.1479,8.8814
63.264,0.22555411259497063,0.24756678465097343,4.953979738167607e-11,3,103.894,0.071921,-0.0435017,9614.28,0.0,7.8324,69.2658,55.3725,46.1694,41.0898,38.7001,37.4699,36.4196,35.6845,34.9625,34.2534,33.5575,32.6055,31.5497,29.6631,26.2521,21.5865,16.8592,9.1027
63.366,0.2282326083352926,0.3863377914163059,8.326153745938297e-12,3,104.759,0.0885569,-0.0573419,9800.98,0.0,7.5751,24.9660,57.1338,47.8208,42.6497,40.2076,38.9478,37.8706,37.1160,36.3740,35.6446,34.9282,33.9471,32.8573,30.9058,27.3639,22.4907,17.5239,9.3586
63.466,0.22904404247862273,0.48262248780379513,1.3993766600798496e-12,3,106.296,0.113158,-0.071637,10037.7,0.0,7.2574,19.8447,59.0261,49.6229,44.3706,41.8805,40.5930,39.4907,38.7176,37.9567,37.2080,36.4717,35.4621,34.3392,32.3237,28.6492,23.5582,18.3300,9.6921
63.583,0.2195843808621102,0.5668708300678381,1.6463526468173426e-13,3,108.683,0.151873,-0.0891526,10372.4,0.0,6.8137,16.5773,61.4227,51.9368,46.6017,44.0606,42.7433,41.6137,40.8202,40.0382,39.2680,38.5096,37.4681,36.3074,34.2180,30.3872,25.0290,19.4652,10.1854
63.687,0.17827890254711737,0.6306794679716292,2.767024893505908e-14,3,111.089,0.190988,-0.10291,10671.2,0.0,6.4080,14.5629,63.3808,53.8527,48.4666,45.8922,44.5551,43.4069,42.5996,41.8032,41.0179,40.2440,39.1800,37.9923,35.8496,31.9025,26.3369,20.4988,10.6581
63.805,0.1711239206395537,0.6770683427488297,3.255377116960767e-15,3,114.332,0.244765,-0.113156,11047.1,0.0,5.9173,12.7932,65.0643,55.5444,50.1434,47.5551,46.2089,45.0516,44.2372,43.4332,42.6398,41.8573,40.7804,39.5770,37.4013,33.3770,27.6594,21.5972,11.2261
63.906,0.16915370748441114,0.7010939713488115,5.47131232047596e-16,3,117.217,0.294257,-0.119025,11335.9,0.0,5.4932,11.5191,66.3014,56.7115,51.3172,48.7280,47.3803,46.2209,45.4045,44.5982,43.8022,43.0166,41.9350,40.7253,38.5352,34.4731,28.6707,22.4676,11.7138
64.024,0.1515058556220005,0.7196964264627628,6.436944231916762e-17,3,120.732,0.357891,-0.127348,11716.1,0.0,4.9534,10.0161,18.1769,58.2830,52.8937,50.3018,48.9509,47.7878,46.9683,46.1584,45.3582,44.5682,43.4795,42.2605,40.0500,35.9357,30.0180,23.6258,12.3566
64.126,0.1134703952340472,0.7334714726795681,1.0818572170582503e-17,3,123.742,0.413308,-0.124969,12077.3,0.0,4.5279,9.0717,15.4398,58.7006,53.2846,50.7176,49.3797,48.2277,47.4160,46.6137,45.8211,45.0385,43.9598,42.7518,40.5605,36.4783,30.5931,24.2040,12.7965
64.227,0.13080169134167538,0.7478622114645159,1.8182774247098013e-18,3,126.961,0.468559,-0.119802,12253.8,0.0,4.1129,8.2112,13.5340,59.2617,53.4022,50.8642,49.5429,48.4056,47.6042,46.8123,46.0299,45.2573,44.1926,43.0003,40.8375,36.8068,30.9883,24.6478,13.1956
64.349,0.14471343936166434,0.760842135702779,2.139185207396834e-19,3,130.735,0.533527,-0.112942,12640.5,0.0,3.6245,7.2172,11.5744,60.6837,53.8631,51.0459,49.6740,48.5397,47.7509,46.9714,46.2014,45.4411,44.3934,43.2203,41.0923,37.1257,31.3922,25.1203,13.6480
64.449,0.14348327307447156,0.7704741162614617,3.5953285780718586e-20,3,133.891,0.58559,-0.108342,12974.4,0.0,3.2277,6.4026,10.0525,63.0787,55.0623,51.8215,50.2578,48.9726,48.0985,47.2586,46.4510,45.6739,44.6314,43.4712,41.3665,37.4421,31.7625,25.5295,14.0179
64.563,0.13774745464199678,0.7803501530613696,4.229868118815761e-21,3,137.741,0.64478,-0.103272,13309.7,0.0,2.7738,5.4769,8.4185,68.1484,57.8766,53.8707,51.9668,50.4157,49.3677,48.3661,47.4078,46.4902,45.2692,43.9580,41.7146,37.8114,32.1876,25.9942,14.4365
64.666,0.1313895686642848,0.7917519233113995,7.109139347293649e-22,3,140.968,0.690656,-0.0961259,13621.4,0.0,2.4271,4.8017,7.3245,74.5239,61.3806,56.4584,54.1571,52.3002,51.0545,49.8703,48.7436,47.6701,46.2502,44.7354,42.1683,37.8981,32.3283,26.2114,14.7147
64.766,0.12401970018317614,0.8064687819494294,1.1948330500996436e-22,3,144.278,0.73221,-0.0856155,13916.2,0.0,2.1176,4.2266,6.4576,83.9088,66.3234,60.0867,57.2322,54.9565,53.4435,52.0154,50.6654,49.3874,47.7087,45.9328,42.9574,38.1013,32.2259,26.2340,14.9091
64.883,0.11376904623952712,0.8215914957347262,1.4057091351117298e-23,3,148.359,0.77397,-0.0693391,14257.1,0.0,1.8109,3.6832,5.7005,103.1170,75.6392,66.8042,62.9029,59.8540,57.8561,55.9915,54.2473,52.6125,50.4886,48.2706,44.6189,38.8264,32.0851,26.0295,15.0279
64.988,0.10445208767868075,0.835614976322355,2.3625753433822846e-24,3,151.907,0.799959,-0.0518583,14568.2,0.0,1.6271,3.3948,5.3849,134.0760,88.5075,75.7144,70.3133,66.1921,63.5379,61.0929,58.8333,56.7391,54.0523,51.2864,46.8190,39.9447,32.2545,25.6715,15.0086
65.096,0.0968105810616626,0.8479608486444343,3.9707803796226065e-25,3,155.801,0.81492,-0.0284913,14928.8,0.0,1.5383,3.3470,5.5922,200.0000,112.0630,90.8708,82.5656,76.4629,72.6348,69.1768,66.0378,63.1760,59.5694,55.9307,50.2071,41.7510,32.7614,25.4300,14.8373
65.209,0.0892493538933981,0.8590868948681832,6.673690584031715e-26,4,157.345,0.813084,-0.00111705,11667.4,0.0,1.5968,3.6948,6.8854,191.7700,160.2580,117.8780,103.3310,93.2750,87.2196,81.9085,77.2123,73.0309,67.8924,62.8499,55.1934,44.4567,33.7340,25.4695,14.5053
65.316,0.06577766233838869,0.8756047636322812,1.1216471764582108e-26,4,160.178,0.79254,0.027465,12269.8,0.0,1.8286,4.6060,9.8087,57.6587,194.5060,200.0000,147.0950,126.4490,114.9370,105.3530,97.2514,90.3131,82.1212,74.4205,63.3209,48.8539,35.5458,25.9813,14.1214
65.426,0.023775208885043204,0.8916472001970258,1.885152409473315e-27,4,163.367,0.744442,0.0742084,12466.9,0.0,2.3701,6.2334,12.1923,39.6878,181.4400,192.1520,196.6180,158.3740,139.9460,125.3690,113.5490,103.7740,92.6221,82.5050,68.5103,51.2392,36.2439,25.9545,13.7096
65.537,0.015120009523232208,0.9095592279980613,3.1683756546018013e-28,4,166.587,0.676221,0.0760361,12705.6,0.0,2.9825,7.6845,14.6057,42.1218,173.5030,184.8900,189.5270,193.1080,149.5320,132.3980,118.7950,107.7340,95.3210,84.2434,69.2020,51.0748,35.7132,25.3684,13.2546
65.653,0.03565880266947273,0.9250345182210297,5.325088962689248e-29,4,169.871,0.616011,0.057336,12938.1,0.0,3.4623,8.5063,15.2057,35.5590,155.8060,172.9160,178.4620,182.5940,185.2540,187.7180,146.8780,129.7660,111.5820,96.1935,76.4635,54.3056,36.7802,25.5687,12.9893
65.756,0.011684676458732824,0.934407701555667,8.949877019591821e-30,4,173.068,0.567849,0.0454389,13318.2,0.0,3.8456,9.1855,15.8815,33.8240,106.3910,162.7140,169.0730,173.6250,176.5070,179.1560,181.6110,183.9030,125.3630,105.7520,81.8028,56.3878,37.3108,25.5502,12.7382
65.873,0.003828834781997572,0.939889987130136,1.5042058306827975e-30,4,176.41,0.527645,0.0408003,13540.3,0.0,4.1821,9.8843,16.8858,34.8673,97.6985,155.7250,162.2610,166.8840,169.7990,172.4730,174.9500,177.2620,130.1740,108.6870,83.0332,56.4914,37.0135,25.1904,12.4645
65.976,0.04553544266605246,0.945332108014053,2.528118739628578e-31,4,179.744,0.49222,0.0318906,13773.5,0.0,4.4529,10.3188,17.2501,33.7919,80.3585,145.9810,153.4670,158.4660,161.5590,164.3710,166.9620,169.3700,172.4860,118.6630,88.1856,58.3450,37.4625,25.1816,12.2767
66.086,0.01492105385281207,0.9516344661696698,4.249009165693752e-32,4,183.041,0.46655,0.0158102,14058.9,0.0,4.5998,10.3056,16.6338,30.1490,59.2977,115.0520,140.0860,146.6300,150.3350,153.5850,156.5120,159.1930,162.6220,166.1710,102.8930,63.9737,39.3970,25.8441,12.2519
66.198,0.004889330926489459,0.9572489334369774,7.141309704781488e-33,4,186.361,0.450771,0.00998562,14355.6,0.0,4.7076,10.4248,16.6321,29.4356,55.1145,97.9571,131.3450,138.6290,142.5360,145.9080,148.9200,151.6640,155.1600,158.7710,109.1980,66.0569,39.9902,25.9845,12.1891
66.305,0.011837101067367066,0.9622524926180037,1.2002399220826248e-33,4,189.806,0.440578,0.00738161,14526.2,0.0,4.7823,10.5359,16.7253,29.3046,53.7987,92.6108,124.6810,132.0120,135.8980,139.2460,142.2330,144.9540,148.4240,152.0110,112.0810,66.9036,40.1785,25.9924,12.1345
66.417,0.041163907568794844,0.9638920588904425,2.0172432370442674e-34,4,193.122,0.438997,-0.0167583,14796.9,0.0,4.6825,9.8604,15.0085,24.3061,38.9299,55.7703,72.5242,98.4077,117.2190,123.0670,127.3310,130.8860,135.1660,139.4110,146.1840,82.0569,45.0882,27.8805,12.4202
66.530,0.013488589232142694,0.9644293119665952,3.3903807085003007e-35,5,195.965,0.454897,-0.0307658,13452.0,0.0,4.4894,9.2260,13.7478,21.4687,32.5727,44.0012,54.1495,67.8546,82.8378,105.7910,114.1000,118.8500,123.9800,128.7840,136.1730,95.6328,49.1174,29.4584,12.7432
66.638,0.004419940919588518,0.9646053590545889,5.698212856776455e-36,5,196.842,0.483801,-0.0350207,13445.0,0.0,4.2344,8.6399,12.7966,19.7845,29.5980,39.4180,47.9099,59.0507,70.8201,88.4572,104.9090,110.4020,115.8650,120.8270,128.3480,139.9030,51.3023,30.4617,13.0556
66.747,0.0014483262405307657,0.9669594817112577,9.57698634838419e-37,5,199.59,0.518566,-0.0363916,13636.1,0.0,3.9442,8.0294,11.8696,18.2938,27.2497,36.1350,43.7576,53.6728,64.0448,79.3932,97.3015,103.1410,108.6670,113.6220,121.0980,132.6000,52.9161,31.3159,13.3812
66.862,-0.04882245400797163,0.96591632007652,1.609604095572931e-37,5,202.311,0.555218,-0.0331467,13821.1,0.0,3.6550,7.4811,11.1096,17.2512,25.9656,34.7918,42.5113,52.7636,63.7512,80.5263,93.2081,98.0614,103.0840,107.7280,114.8620,126.0150,53.2060,31.7333,13.6566
66.971,-0.021592028430132144,0.965092621872049,2.7052616034294255e-38,5,204.973,0.583233,-0.0137208,13996.8,0.0,3.4888,7.3871,11.2990,18.4579,29.9699,43.6231,57.6468,80.2092,88.0692,92.3653,95.7923,98.7554,102.4140,106.1250,112.1950,122.1900,48.8473,30.3918,13.6224
67.080,-0.007075275875985701,0.959363972210033,4.5467331768838364e-39,5,207.624,0.59889,-0.00761921,14171.7,0.0,3.3779,7.2324,11.1751,18.5946,31.1118,46.9773,64.5541,80.6168,84.9385,88.3328,91.2528,93.8698,97.1799,100.6010,106.2910,115.8390,47.8584,30.1341,13.6716
67.186,-0.002318426399042995,0.5630841676637837,7.641694450388663e-40,5,209.613,0.608195,-0.00613052,14135.8,0.0,3.3044,7.0945,10.9901,18.3728,30.9848,47.2595,65.6783,75.7016,79.3700,82.4120,85.0917,87.5265,90.6389,93.8852,99.3374,108.6030,47.7891,30.1758,13.7304
67.300,-0.0007597019624384085,0.18451142006006863,1.2843395862768226e-40,5,209.069,0.61515,-0.00569469,13951.9,0.0,3.2471,6.9772,10.8165,18.1077,30.6099,46.8299,63.6150,70.1462,73.3681,76.1315,78.6082,80.8833,83.8180,86.9036,92.1322,101.1280,47.8946,30.2672,13.7837
67.410,-0.0002489391390518177,0.06046070212528328,0.594897275390625,5,202.95,0.621225,-0.00535709,13246.3,0.0,3.1969,6.8737,10.6623,17.8689,30.2618,46.4082,59.4538,64.5661,67.4006,69.9017,72.1803,74.2961,77.0504,79.9710,84.9665,93.6740,47.9964,30.3507,13.8308
67.516,-8.157237708449964e-05,0.019811762872412826,0.8035612962382325,5,189.923,0.626612,-0.00491554,12237.6,0.0,3.1528,6.7845,10.5319,17.6756,30.0074,46.1639,55.0586,59.2513,61.7479,64.0055,66.0937,68.0534,70.6283,73.3828,78.1402,86.5462,48.0533,30.4119,13.8706
67.630,-2.6729636523048836e-05,0.006491918458032235,0.8330046029059277,5,175.982,0.631256,-0.00463421,11260.8,0.0,3.1145,6.7055,10.4144,17.4943,29.7461,45.1051,50.6864,54.2288,56.4408,58.4816,60.3951,62.2087,64.6128,67.2067,71.7310,79.8350,49.7174,30.4734,13.9063
67.742,-8.758767295872643e-06,0.0021272718403280025,0.8242174666975575,5,162.574,0.635258,-0.00463087,10344.3,0.0,3.0807,6.6328,10.3016,17.3049,29.4246,42.1947,46.4484,49.4972,51.4670,53.3152,55.0689,56.7464,58.9891,61.4291,65.7271,73.5313,84.9136,30.5478,13.9403
67.845,-2.8700728675115475e-06,0.0006970644366386798,0.818019272993337,4,149.66,0.63874,-0.00469953,10558.4,0.0,3.0511,6.5682,10.2000,17.1305,29.1169,39.0119,42.4635,45.1122,46.8696,48.5427,50.1479,51.6966,53.7846,56.0753,60.1504,67.6538,78.7898,30.6191,13.9710
67.958,-9.40465477226184e-07,0.00022841407459776262,0.7777555528313749,4,137.084,0.641895,-0.00561363,9557.14,0.0,3.0217,6.4939,10.0686,16.8601,28.5133,35.6896,38.5934,40.9205,42.4964,44.0153,45.4867,46.9174,48.8619,51.0122,54.8749,62.0871,72.9785,30.7702,14.0108
68.071,-3.0817172757747594e-07,7.484672396419485e-05,0.26751175900411533,4,126.17,0.644969,-0.0060609,9214.84,0.0,2.9944,6.4299,9.9618,16.6574,27.3546,32.6540,35.1243,37.1698,38.5799,39.9543,41.2982,42.6151,44.4191,46.4305,50.0800,56.9945,67.6249,31.7875,14.0434
68.179,-0.0352066963999617,2.4525774508587368e-05,0.04496070133582166,3,119.433,0.647926,-0.0043934,10823.0,0.0,2.9744,6.4068,9.9546,16.7350,25.8795,30.0764,32.1834,33.9747,35.2288,36.4643,37.6833,38.8872,40.5497,42.4192,45.8477,52.4453,62.7824,36.8557,14.0450
68.285,-0.0562164409985132,8.036605790973909e-06,0.007556545073511545,3,117.619,0.644959,0.0197017,10660.5,0.0,3.0738,6.9417,11.2950,20.1971,27.1362,30.5026,32.2758,33.8154,34.9088,35.9970,37.0800,38.1579,39.6581,41.3607,44.5185,50.6962,60.5656,73.4170,13.6909
68.399,-0.05071933954082718,2.6334349855863304e-06,0.0012700285305050855,3,116.553,0.629244,0.0432331,10567.7,0.0,3.2913,7.8219,13.4460,21.7544,27.3718,30.2620,31.8165,33.1818,34.1590,35.1373,36.1164,37.0960,38.4677,40.0343,42.9650,48.7776,58.2273,70.7492,13.2637
68.505,-0.09163131135763708,0.0018831871427260772,0.0002134536951219897,3,115.54,0.59978,0.0672738,10478.4,0.0,3.6496,9.1909,15.4552,22.3183,27.1558,29.7112,31.1018,32.3316,33.2167,34.1068,35.0014,35.8998,37.1629,38.6131,41.3458,46.8300,55.8904,68.1011,12.7466
68.616,-0.1782115031606424,0.03098876049730348,3.58751625391528e-05,3,114.52,0.550615,0.120912,10400.5,0.0,4.3725,11.9310,18.3275,24.8008,29.3058,31.6880,32.9867,34.1368,34.9656,35.7999,36.6391,37.4831,38.6712,40.0374,42.6182,47.8217,56.4842,68.2464,11.8238
68.725,-0.1144001646397789,0.06724002008663141,6.029538567955413e-06,3,113.69,0.471636,0.179146,10353.4,0.0,5.5371,14.4333,20.9235,27.1762,31.4665,33.7291,34.9624,36.0546,36.8418,37.6343,38.4318,39.2339,40.3639,41.6640,44.1222,49.0917,57.4012,25.8659,10.8524
68.839,-0.105248758727819,0.11379275079761236,1.0133845471162664e-06,3,113.187,0.364388,0.221312,10342.6,0.0,6.6656,16.0712,22.3536,28.2687,32.3139,34.4497,35.6154,36.6490,37.3943,38.1453,38.9015,39.6626,40.7359,41.9723,44.3155,49.0714,57.0692,22.9581,10.0168
68.948,-0.26367594166738095,0.14628622772198663,1.703195408338309e-07,3,112.827,0.245938,0.217692,10332.1,0.0,7.7816,17.7393,23.9381,29.6441,33.5189,35.5619,36.6766,37.6650,38.3781,39.0967,39.8206,40.5494,41.5777,42.7631,45.0117,49.5823,57.2913,19.8394,9.1458
69.057,-0.29647112258223535,0.15924669024056556,2.862560522794197e-08,3,112.317,0.124706,0.248767,10318.6,0.0,9.2828,20.8347,27.4823,33.3518,37.2489,39.2840,40.3899,41.3681,42.0723,42.7808,43.4934,44.2098,45.2188,46.3797,48.5747,53.0147,60.4511,15.2709,8.0444
69.165,-0.1846680536812312,0.16303579334865353,4.811105470660208e-09,3,111.872,-0.00467682,0.272163,10282.4,0.0,10.8282,23.6465,30.5250,36.4220,40.2817,42.2836,43.3680,44.3253,45.0136,45.7053,46.4004,47.0984,48.0804,49.2085,51.3375,55.6302,19.3632,12.3186,6.9877
69.275,-0.14400425891967208,0.1655122113426118,8.086024964538613e-10,3,111.598,-0.140223,0.277934,10247.4,0.0,12.1976,25.5630,32.3799,38.1391,41.8832,43.8201,44.8683,45.7930,46.4576,47.1253,47.7960,48.4694,49.4165,50.5042,52.5562,56.6911,14.5837,10.2332,5.9983
69.389,-0.10539568615961066,0.16847103945962202,1.3590182157900048e-10,3,111.508,-0.278318,0.263426,10236.3,0.0,13.2446,26.4020,32.9114,38.3905,41.9549,43.8010,44.8007,45.6833,46.3180,46.9560,47.5970,48.2408,49.1468,50.1881,52.1547,56.1263,12.0466,8.6344,5.0683
69.495,-0.10681197928301168,0.17584199646012894,2.2841019152782614e-11,3,111.54,-0.4119,0.239804,10229.3,0.0,14.0627,26.7233,32.8583,38.0236,41.3938,43.1437,44.0927,44.9312,45.5347,46.1416,46.7519,47.3655,48.2294,49.2234,51.1036,54.9132,10.0047,7.2024,4.1826
69.605,-0.06960938882358228,0.22947610657193004,3.838890089008174e-12,3,111.79,-0.534462,0.208985,10288.6,0.0,14.6368,26.6137,32.3400,37.1758,40.3456,41.9967,42.8937,43.6874,44.2592,44.8348,45.4140,45.9967,46.8181,47.7644,49.5584,14.6046,8.3009,5.9314,3.3718
69.715,-0.06266339935644973,0.39828137708586503,6.452022572596038e-13,3,112.867,-0.638663,0.164599,10493.2,0.0,14.8478,25.8400,31.0723,35.5237,38.4642,40.0037,40.8425,41.5859,42.1222,42.6627,43.2074,43.7560,44.5306,45.4247,47.1247,50.6024,7.1634,4.9553,2.6956
69.827,-0.0701549880732855,0.5031277205497462,1.084391433776216e-13,3,114.77,-0.720163,0.120865,10711.0,0.0,14.9019,24.9992,29.7937,33.9001,36.6313,38.0681,38.8526,39.5493,40.0525,40.5603,41.0726,41.5893,42.3199,43.1647,44.7752,48.1087,6.2805,4.1646,2.1555
69.935,-0.06302306175755733,0.5643588426416158,1.8225366827476867e-14,3,117.082,-0.776976,0.0750481,10999.1,0.0,14.7665,23.9797,28.3572,32.1328,34.6622,35.9988,36.7306,37.3816,37.8525,38.3283,38.8090,39.2943,39.9814,40.7774,42.2995,45.5272,5.9545,3.6763,1.7832
70.044,-0.10904867738826757,0.5990765743068047,3.0631374026940373e-15,3,119.65,-0.806494,0.026592,11240.8,0.0,14.4389,22.7685,26.7408,30.1935,32.5236,33.7612,34.4407,35.0463,35.4850,35.9288,36.3776,36.8314,37.4750,38.2220,39.6550,42.8033,6.9718,3.6509,1.6173
70.157,-0.2649406572850875,0.6135429040563538,5.148215032707868e-16,3,122.105,-0.814732,0.0112602,11484.5,0.0,14.3338,22.3844,26.2232,29.5655,31.8255,33.0273,33.6876,34.2763,34.7030,35.1348,35.5717,36.0136,36.6428,37.3937,38.9089,42.4339,7.7839,3.6681,1.5718
70.266,-0.20545478328013295,0.6192710747386859,8.652605005472117e-17,3,124.235,-0.813174,0.0165521,11846.8,0.0,14.3721,22.4863,26.3475,29.7040,31.9705,33.1834,33.8739,34.5077,34.9784,35.4648,35.9677,36.4879,37.2469,38.1610,40.0235,44.4528,7.4000,3.6370,1.5768
70.377,-0.09833496854806052,0.6216841676453726,1.454243323269699e-17,3,126.614,-0.803576,-0.00124437,12031.6,0.0,14.1136,21.8823,25.5904,28.8245,31.1389,32.4765,33.2476,33.9585,34.4884,35.0378,35.6078,36.1994,37.0664,38.1166,40.2773,45.5311,58.6223,4.1168,1.6897
70.485,-0.08791255625139247,0.6254414328977856,2.444146753419383e-18,3,129.174,-0.777639,-0.0464199,12166.2,0.0,13.4936,20.4761,23.8379,26.8838,29.2132,30.5696,31.3548,32.0810,32.6237,33.1876,33.7740,34.3841,35.2810,36.3718,38.6315,44.2143,58.6979,5.9526,2.0150
70.597,-0.20876190408081213,0.6399859163100714,4.107877448471957e-19,3,131.583,-0.727823,-0.0793427,12433.1,0.0,12.8554,19.2521,22.4070,25.5687,28.0477,29.5090,30.3613,31.1535,31.7482,32.3685,33.0161,33.6928,34.6927,35.9174,38.4847,45.0095,63.2538,150.4470,2.5788
70.707,-0.11430663910837553,0.6663232881814842,6.904109627646819e-20,3,133.931,-0.656723,-0.0953558,12752.7,0.0,12.2258,18.2921,21.6844,25.2663,28.1627,29.9083,30.9398,31.9079,32.6403,33.4098,34.2191,35.0713,36.3432,37.9218,41.3073,50.4084,80.3962,200.0000,3.3455
70.816,-0.10175055181577662,0.7048297681963088,1.1603737051186012e-20,3,136.703,-0.561535,-0.138305,13016.7,0.0,11.2539,16.8376,20.2619,23.9666,27.0336,28.9140,30.0368,31.0985,31.9070,32.7612,33.6650,34.6228,36.0639,37.8723,41.8267,52.9992,96.5241,109.8870,4.6009
70.927,-0.2298142564890132,0.7293709660988165,1.9502400861928334e-21,3,139.495,-0.438675,-0.171062,13349.0,0.0,10.2042,15.7644,19.3920,23.4687,26.9722,29.1811,30.5229,31.8078,32.7969,33.8522,34.9804,36.1893,38.0343,40.3953,45.7431,62.3827,160.7250,46.9810,6.3279
71.036,-0.07530553556631985,0.7431379031712602,3.277768512864295e-22,3,142.38,-0.290534,-0.19587,13623.8,0.0,9.2563,15.1248,19.1902,24.0286,28.4381,31.3477,33.1669,34.9471,36.3438,37.8598,39.5109,41.3159,44.1449,47.9022,57.0330,92.4589,200.0000,33.9693,7.7704
71.146,-0.02467611789437169,0.7566781859236585,5.508945539571021e-23,3,145.619,-0.135307,-0.181406,13817.0,0.0,8.2761,13.8788,17.8802,22.7869,27.4025,30.5266,32.5128,34.4814,36.0436,37.7570,39.6447,41.7343,45.0657,49.5995,61.1689,115.0680,185.0910,34.6703,9.1352
71.255,-0.01753394625156912,0.7876919778853394,9.258884768357018e-24,3,148.981,0.00437323,-0.174946,14164.8,0.0,7.2905,12.3127,15.9305,20.4045,24.6521,27.5488,29.3996,31.2411,32.7074,34.3211,36.1050,38.0876,41.2651,45.6235,56.9256,113.2490,174.7430,38.6233,10.5126
71.364,-0.11759642861327665,0.838452545985343,1.556140763017764e-24,3,152.496,0.132633,-0.1404,14600.9,0.0,6.5126,11.4459,15.1838,20.0496,24.9401,28.4389,30.7483,33.1059,35.0275,37.1890,39.6381,42.4358,47.0954,53.8649,73.7888,200.0000,98.5117,35.7581,11.3038
71.476,-0.038533997727998495,0.8712165345653522,2.6154057804039564e-25,3,156.272,0.23914,-0.100355,15031.0,0.0,5.8952,10.9043,14.9745,20.6853,26.9572,31.8150,35.2088,38.8406,41.9340,45.5666,49.8923,55.1302,64.6390,80.5269,149.4960,200.0000,68.2919,32.4380,11.7508
71.585,-0.012626820375510547,0.8927707320932496,4.395712495124929e-26,4,157.133,0.3237,-0.088178,12095.7,0.0,5.2930,9.9561,13.8377,19.4336,25.7908,30.8743,34.5121,38.4863,41.9398,46.0779,51.1265,57.4223,69.3950,91.1255,200.0000,200.0000,65.6571,32.9501,12.3693
71.695,-0.09263863843814729,0.914973521695441,7.38787399055647e-27,4,160.321,0.396066,-0.0781444,12298.7,0.0,4.7670,9.0957,12.7755,18.2109,24.5804,29.8295,33.6746,37.9625,41.7650,46.4178,52.2419,59.7422,74.7833,105.0200,200.0000,190.3110,63.9820,33.4037,12.8918
71.805,-0.08506552303601209,0.9354327306204121,1.241679981592826e-27,4,163.308,0.449808,-0.0293782,12639.3,0.0,4.5372,9.3464,13.9552,21.8661,33.3352,45.2542,55.9379,70.5159,86.6544,112.3830,159.8610,200.0000,200.0000,200.0000,200.0000,93.8777,48.5726,29.2247,12.6800
71.916,-0.027874270588440442,0.9534653842790716,2.0868915450630627e-28,4,166.564,0.47563,-0.000436608,12836.8,0.0,4.4475,9.6516,15.1014,25.7249,44.8230,71.4144,104.5160,175.8760,200.0000,200.0000,200.0000,200.0000,200.0000,195.8850,127.7210,72.9092,42.6719,27.2294,12.5266
72.026,-0.009133840986420163,0.9658706015736911,3.507438619787489e-29,4,169.961,0.480532,0.0079028,13051.8,0.0,4.4431,9.7987,15.5704,27.3353,50.3764,87.2504,143.1980,200.0000,200.0000,200.0000,200.0000,199.6450,195.0480,172.4440,114.4180,68.4852,41.1954,26.6738,12.4646
72.135,-0.07389290314511766,0.9730993537236672,5.894952088276834e-30,4,173.345,0.474939,0.0152199,13320.5,0.0,4.5247,10.1252,16.3231,29.5119,57.7347,110.8900,200.0000,200.0000,199.0060,197.1740,194.9550,192.1690,186.0630,150.4540,104.1980,64.6143,39.7246,26.0344,12.3291
72.248,-0.15924270469136714,0.9769377899781713,9.907645974766876e-31,4,176.413,0.448941,0.0708815,13654.8,0.0,5.0459,12.8259,23.9391,64.4900,194.5180,188.6210,183.2440,162.7950,139.9620,122.7530,109.3210,98.5452,86.6052,76.0836,61.9953,45.3130,31.4231,22.1939,11.5085
72.361,-0.052180649473267185,0.9797390746294221,1.6651780589790692e-31,4,179.52,0.383553,0.121301,13869.2,0.0,6.0010,17.7170,42.0189,189.0760,161.2990,106.9900,90.7223,80.0813,73.8968,68.6036,64.0228,60.0197,55.1954,50.5600,43.7020,34.4345,25.5627,18.9707,10.5417
72.465,-0.017098555219400187,0.982277304271444,2.7986647637261215e-32,4,182.896,0.281321,0.136569,14039.9,0.0,7.1362,22.2490,59.2264,179.9470,115.2510,82.8427,72.0555,64.6949,60.3004,56.4688,53.0991,50.1124,46.4599,42.8947,37.5168,30.0469,22.6685,17.0364,9.6486
72.575,0.037547452690550695,0.9840501934699166,4.7037158683944934e-33,4,186.277,0.158052,0.138282,14267.6,0.0,8.3791,26.2932,71.0523,173.0250,101.5620,73.5218,64.1003,57.6460,53.7827,50.4081,47.4355,44.7972,41.5660,38.4070,33.6324,26.9817,20.3909,15.3455,8.7091
72.685,0.01936225586563965,0.9858659384899722,7.905535260010628e-34,4,189.617,0.0331442,0.121159,14512.7,0.0,9.4104,27.7695,65.7983,170.1990,120.7800,80.0389,67.8503,59.8807,55.2504,51.2883,47.8599,44.8644,41.2546,37.7869,32.6576,25.7281,19.0964,14.1701,7.8727
72.795,0.0063446240020528,0.987448765568144,1.3286833111499864e-34,4,192.937,-0.0850856,0.11519,14759.4,0.0,10.4814,30.3185,69.1794,164.6970,121.0180,76.7812,64.2685,56.2557,51.6599,47.7616,44.4135,41.5070,38.0279,34.7092,29.8424,23.3456,17.2107,12.7047,7.0046
72.906,0.022355498828305155,0.9879674263451195,2.2331180410497822e-35,4,196.24,-0.200562,0.115184,15003.9,0.0,11.5968,33.5442,76.5369,157.9490,105.7570,67.0956,56.1606,49.1585,45.1422,41.7356,38.8096,36.2698,33.2296,30.3296,26.0767,20.3995,15.0387,11.1013,6.1206
73.016,0.05679463263205904,0.9881373811085188,3.7532014915923695e-36,5,196.512,-0.305168,0.0780379,13477.5,0.0,12.0509,31.2160,59.7679,156.7780,147.5990,121.1980,86.2274,68.8547,60.1970,53.4769,48.1096,43.7246,38.7811,34.3490,28.3002,20.9627,14.7037,10.4673,5.4849
73.126,0.018610465220873108,0.9881930718853894,6.308005746919297e-37,5,199.167,-0.384434,0.0596816,13623.8,0.0,12.5161,30.9265,55.6748,152.1470,145.0390,138.2000,123.0850,87.4884,72.5149,61.9217,54.0323,47.9296,41.3902,35.8125,28.6014,20.4219,13.8910,9.6842,4.9375
73.235,0.006098277243575699,0.9882113206391544,1.0601865258847265e-37,5,201.821,-0.448298,0.055432,13803.0,0.0,13.0312,31.8677,56.6480,145.9800,139.1250,132.8010,125.4820,87.1815,70.9007,59.7472,51.6296,45.4570,38.9439,33.4692,26.4992,18.7364,12.6448,8.7699,4.4421
73.345,0.012745169979362383,0.9882173003907881,1.7818554940544597e-38,5,204.464,-0.506681,0.0536935,13970.1,0.0,13.5302,32.9503,58.2792,139.4850,132.6500,126.4550,119.4370,81.6927,65.8466,55.1527,47.4498,41.6379,35.5470,30.4602,24.0267,16.9175,11.3796,7.8754,3.9782
73.456,0.04268707719283747,0.9882192598358034,2.994764528857331e-39,5,207.002,-0.555454,0.0271808,14151.3,0.0,13.5723,31.1349,51.4905,98.3954,129.8770,125.8790,123.0090,119.6730,116.1640,98.1428,74.2980,59.7786,46.9418,37.6973,27.5426,17.9254,11.3783,7.5960,3.6736
73.565,0.013987701454548982,0.988219901906746,5.033300743650517e-40,5,209.56,-0.584616,0.013684,14314.3,0.0,13.6337,30.4149,48.8809,87.8097,124.6800,121.3210,119.0220,116.5680,114.4090,111.6190,106.8650,80.0556,57.5044,43.5063,29.8837,18.4016,11.2633,7.3633,3.4774
73.677,0.004583490012626611,0.9882201123005525,8.459468559853425e-41,5,212.116,-0.601405,0.010286,14481.6,0.0,13.7303,30.4232,48.5668,86.0558,118.2010,115.0040,112.8530,110.5960,108.6600,106.2700,102.9030,86.2273,59.8699,44.3760,29.8895,18.1081,10.9724,7.1331,3.3479
73.786,0.0015019180073374877,0.9882201812423951,1.4217828808545655e-41,5,214.648,-0.613369,0.00917118,14645.1,0.0,13.8172,30.5483,48.6609,85.8470,111.3900,108.2810,106.2160,104.0720,102.2560,100.0570,97.1120,87.1389,59.7387,43.9519,29.4007,17.7127,10.6965,6.9408,3.2510
73.896,0.0004921484926443479,0.9882202038332581,2.3895904878522685e-42,5,217.148,-0.62372,0.00878971,14811.3,0.0,13.9004,30.7092,48.8812,86.2501,104.4060,101.3690,99.3765,97.3270,95.6085,93.5555,90.8898,85.7172,58.7158,43.0862,28.7521,17.2884,10.4280,6.7622,3.1651
74.005,0.00016126721806969992,0.988220211235832,4.016184732933308e-43,5,219.621,-0.633663,0.0088374,14973.8,0.0,13.9862,30.9016,49.1920,101.5630,97.2744,94.3080,92.3843,90.4228,88.7927,86.8675,84.4265,80.4572,57.0942,41.9099,27.9756,16.8256,10.1503,6.5827,3.0814
74.115,5.284404201707927e-05,0.9425249109271324,6.750001680641013e-44,6,219.512,-0.643578,0.00887173,13672.6,0.0,14.0716,31.0924,49.4990,94.3390,90.0728,87.1874,85.3399,83.4730,81.9360,80.1431,77.9230,74.6610,55.4988,40.7486,27.2065,16.3659,9.8740,6.4039,2.9979
74.226,1.7315935688156536e-05,0.38874143781260273,0.15987991333007814,6,219.742,-0.653515,0.00887841,13453.7,0.0,14.1568,31.2810,49.7999,87.0592,82.8379,80.0461,78.2818,76.5158,75.0766,73.4195,71.4153,68.6821,53.9423,39.6075,26.4457,15.9088,9.5985,6.2252,2.9143
74.335,5.674085806295133e-06,0.12738279434243366,0.7530074663131714,6,210.129,-0.66327,0.00887936,12539.3,0.0,14.2403,31.4656,50.0938,79.8703,75.7160,73.0286,71.3526,69.6917,68.3525,66.8307,65.0317,62.7164,52.4230,38.4921,25.7010,15.4608,9.3282,6.0499,2.8322
74.445,1.859284437006789e-06,0.04174079405012866,0.8626026158947488,6,196.107,-0.67247,0.00911158,11562.3,0.0,14.3225,31.6616,50.4285,73.0299,68.9559,66.3759,64.7869,63.2274,61.9828,60.5858,58.9671,56.9717,50.6848,37.2753,24.9252,15.0120,9.0638,5.8808,2.7542
74.555,6.092503243183847e-07,0.013677623394346158,0.8811787408856082,6,182.054,-0.681187,0.00956601,10640.8,0.0,14.4038,31.8700,71.3685,66.5971,62.6155,60.1453,58.6419,57.1803,56.0252,54.7436,53.2850,51.5472,47.7936,35.9737,24.1233,14.5622,8.8046,5.7169,2.6797
74.665,1.996391462726483e-07,0.0044818836338593486,0.8772504672062301,5,168.453,-0.689514,0.00988644,10783.5,0.0,14.4799,32.0587,65.3886,60.5898,56.7187,54.3655,52.9500,51.5871,50.5209,49.3517,48.0441,46.5324,43.6845,34.8246,23.3990,14.1477,8.5623,5.5626,2.6089
74.776,6.541775545062139e-08,0.0014686236291430316,0.8579252329410757,5,155.376,-0.697397,0.00990694,9719.14,0.0,14.5477,32.2102,59.7934,55.0075,51.2653,49.0358,47.7106,46.4476,45.4698,44.4103,43.2453,41.9341,39.6605,33.9273,22.7990,13.7864,8.3441,5.4211,2.5426
74.885,0.0406440764433362,0.00048123859079758863,0.8028074440652015,5,142.708,-0.704803,0.0103947,8910.85,0.0,14.6185,32.3982,54.5437,49.7930,46.1839,44.0748,42.8355,41.6657,40.7689,39.8077,38.7660,37.6187,35.7304,32.4884,22.1061,13.3998,8.1221,5.2811,2.4792
74.997,0.1198322217906274,0.00015769226143255385,0.5540912158068997,4,131.302,-0.711824,0.0107352,9461.63,0.0,14.6838,54.5790,49.6515,44.9648,41.5015,39.5157,38.3625,37.2847,36.4666,35.5988,34.6716,33.6696,32.0852,29.7757,21.4894,13.0478,7.9169,5.1506,2.4194
75.106,0.16616515760218406,5.167260022621924e-05,0.5475288239585367,4,121.309,-0.718486,0.0107734,8659.56,0.0,14.7415,50.1034,45.0762,40.4805,37.1759,35.3170,34.2505,33.2637,32.5222,31.7440,30.9231,30.0512,28.7157,26.9282,20.9826,12.7425,7.7326,5.0310,2.3634
75.216,0.21254711017605868,1.6932077642127523e-05,0.18237779071956672,4,112.501,-0.724784,0.0109102,8255.19,0.0,14.7976,45.8582,40.7715,36.2863,33.1483,31.4163,30.4349,29.5360,28.8671,28.1719,27.4475,26.6894,25.5570,24.1200,20.4299,12.4447,7.5550,4.9166,2.3102
75.327,0.26957067362931825,5.548303201772347e-06,0.030652235286237575,3,106.662,-0.729033,0.000636752,9682.76,0.0,14.6807,42.1656,37.1501,32.8807,29.9814,28.4180,27.5462,26.7581,26.1791,25.5849,24.9739,24.3444,23.4290,22.3230,19.9898,13.2717,7.7963,4.9845,2.2978
75.435,0.3268529366432171,1.8180679931567628e-06,0.00515172118455795,3,104.772,-0.713915,-0.0762041,9494.18,0.0,13.5508,40.9081,36.4540,32.7804,30.3641,29.0903,28.3929,27.7726,27.3235,26.8692,26.4096,25.9444,25.2833,24.5128,23.0205,19.8015,12.9215,6.7943,2.6358
75.546,0.37385009277608766,5.95744519997608e-07,0.0008658497794886547,3,103.138,-0.661567,-0.181552,9334.22,0.0,12.1112,40.3509,36.4846,33.3522,31.3309,30.2815,29.7113,29.2064,28.8424,28.4755,28.1058,27.7333,27.2070,26.5988,25.4396,23.0594,18.9145,12.7990,3.5762
75.655,0.4318623037017258,1.9521356431281623e-07,0.0001455233724386582,3,101.161,-0.566955,-0.298841,9147.13,0.0,10.6361,39.8447,36.4780,33.7789,32.0529,31.1625,30.6805,30.2550,29.9489,29.6411,29.3316,29.0203,28.5819,28.0771,27.1204,25.1715,21.8471,17.2081,5.5568
75.765,0.47905140395347956,6.396758075402363e-08,2.4458113205765287e-05,3,98.8744,-0.430297,-0.416616,8934.21,0.0,9.2004,15.7178,36.1293,33.7589,32.2534,31.4798,31.0619,30.6934,30.4286,30.1626,29.8953,29.6269,29.2492,28.8151,27.9944,26.3314,23.5228,19.6160,8.6599
75.876,0.5047566299969156,2.096089686147846e-08,4.110675086492972e-06,3,96.1835,-0.253323,-0.542218,8697.81,0.0,7.7576,11.6516,35.7144,33.6137,32.2839,31.6022,31.2346,30.9107,30.6782,30.4447,30.2102,29.9750,29.6442,29.2642,28.5465,27.0955,24.6532,21.2661,11.1696
75.986,0.4932443201143346,6.868466683569262e-09,6.908811617868739e-07,3,93.3373,-0.0452086,-0.60076,8444.26,0.0,6.4303,9.2138,35.0074,33.1086,31.9130,31.3016,30.9722,30.6821,30.4740,30.2652,30.0556,29.8453,29.5499,29.2108,28.5714,27.2819,25.1193,22.1270,12.9449
76.095,0.4641466519206765,2.2506591628719758e-09,1.1611639686151992e-07,3,90.4145,0.149319,-0.586277,8188.7,0.0,5.2461,7.3723,9.7025,32.3624,31.2675,30.7094,30.4093,30.1454,29.9562,29.7664,29.5761,29.3854,29.1175,28.8103,28.2317,27.0673,25.1224,22.4446,14.1392
76.206,0.4231542107054376,7.374959944898891e-10,1.9515682820515653e-08,2,87.4837,0.321739,-0.563352,10028.6,0.0,4.2054,5.8901,7.4515,31.4909,30.4730,29.9562,29.6786,29.4348,29.2601,29.0850,28.9096,28.7338,28.4873,28.2048,27.6738,26.6087,24.8374,22.4109,14.8828
76.315,0.3428862800195125,2.416626874744469e-10,3.2800008116440657e-09,2,84.5846,0.469273,-0.522282,9479.3,0.0,3.3273,4.7169,5.9205,9.1416,29.5586,29.0354,28.7716,28.5433,28.3798,28.2161,28.0523,27.8882,27.6582,27.3951,26.9012,25.9139,24.2819,22.0632,15.2326
76.426,0.31105293770754777,7.918802943162677e-11,5.512697364130182e-10,2,81.4756,0.589191,-0.477444,9133.79,0.0,2.6122,3.7893,4.7702,6.6218,29.0540,28.4076,28.0822,27.8080,27.6178,27.4324,27.2514,27.0749,26.8350,26.5707,26.1000,25.1742,23.6523,21.5992,15.3511
76.536,0.3823581565783862,2.5948333484155458e-11,9.265190459893597e-11,2,78.3848,0.680568,-0.423818,8813.76,0.0,2.0725,3.1000,3.9457,5.4651,29.2098,28.3952,27.9868,27.6432,27.4055,27.1738,26.9481,26.7281,26.4294,26.1008,25.5194,24.4795,23.0103,21.0868,15.3104
76.645,0.4572182633845587,8.502749916088061e-12,1.557200560594317e-11,2,75.2021,0.742554,-0.370437,8488.15,0.0,1.7090,2.6517,3.4434,4.9711,30.3283,29.2583,28.7259,28.2801,27.9725,27.6737,27.3832,27.1009,26.7186,26.2994,25.5609,24.2495,22.4667,20.5622,15.1592
76.756,0.47392838649694985,2.7861810925037355e-12,2.6171869821908684e-12,2,71.9706,0.77818,-0.322439,8154.56,0.0,1.5081,2.4396,3.2691,36.6666,33.0742,31.5601,30.8163,30.1983,29.7746,29.3648,28.9682,28.5844,28.0674,27.5039,26.5196,24.7964,22.4988,20.1459,14.9436
76.864,0.41408887415127754,9.129758203916242e-13,4.3987061609681917e-13,2,68.7804,0.791783,-0.281689,7821.39,0.0,1.4492,2.4552,3.4535,45.0113,38.9376,36.5109,35.3459,34.3911,33.7432,33.1217,32.5251,31.9520,31.1867,30.3611,28.9401,26.5135,23.3898,20.3043,14.6931
76.978,0.3410187004085605,2.991639168259274e-13,7.39290544473924e-14,2,65.7534,0.788661,-0.250054,7500.51,0.0,1.5017,2.6756,4.1176,66.0385,52.3590,47.4878,45.2547,43.4730,42.2876,41.1682,40.1095,39.1068,37.7891,36.3943,34.0554,30.2331,25.6034,21.3121,14.4289
77.085,0.1735130148539709,9.803003226551988e-14,1.2425256180973242e-14,2,62.9864,0.774535,-0.225109,7201.55,0.0,1.6326,3.0832,9.9527,161.6170,94.5277,78.3422,71.8046,66.9282,63.8374,61.0239,58.4522,56.0926,53.0985,50.0543,45.2176,37.9619,30.1013,23.5763,14.2739
77.198,-0.06543661872326606,3.212248097276555e-14,2.088312806336173e-15,2,60.6926,0.75427,-0.203173,6944.52,0.0,1.8123,3.6858,7.0023,20.5605,200.0000,200.0000,200.0000,185.2710,161.7160,143.4850,128.9570,117.1080,103.7730,91.8380,75.5808,55.9085,39.1691,27.8609,14.5833
77.305,-0.06187166241923982,1.0525894565155816e-14,3.5098273336092067e-16,2,59.0514,0.731873,-0.173033,6755.35,0.0,2.0321,4.1589,6.2449,9.8786,15.2698,21.0327,26.3428,33.8192,42.4234,56.9056,86.4127,179.4940,200.0000,200.0000,200.0000,109.3200,57.6753,35.0013,15.3104
77.415,-0.0202741063415365,3.449125131110258e-15,5.898966799596995e-17,2,57.8037,0.710667,-0.132363,6616.17,0.0,2.2165,4.0352,5.4803,7.4589,9.5682,11.1579,12.2465,13.3920,14.3522,15.4620,16.7592,18.2954,20.9922,25.2502,40.7805,200.0000,105.8860,47.1965,16.4694
77.533,-0.15144179367949567,1.1302093229622094e-15,9.914393500082673e-18,2,56.9981,0.705431,-0.179492,6525.96,0.0,2.1502,3.6133,4.6609,5.9487,7.1634,7.9873,8.5119,9.0324,9.4459,9.8999,10.4005,10.9553,11.8411,13.0493,16.1468,30.8516,200.0000,67.5263,17.9674
77.637,-0.45317332156603773,3.7034699094825675e-16,1.6663121155588948e-18,2,56.7858,0.726043,-0.129903,6521.23,0.0,2.0735,3.6913,4.9381,6.5904,8.2853,9.5197,10.3447,11.1953,11.8951,12.6892,13.5981,14.6484,16.4267,19.0771,27.3709,200.0000,130.3460,51.6923,16.9900
77.751,-0.14849583401075922,0.09687193359375013,2.800570772619834e-19,2,56.893,0.744339,-0.06931,6574.24,0.0,2.0334,3.9305,5.5749,8.0601,11.0616,13.6106,15.5229,17.7020,19.6770,22.1497,25.3354,29.5940,38.7078,59.7473,200.0000,198.0770,74.9334,40.3619,15.9437
77.858,-0.048659114888645584,0.25353499910625005,4.706919297542157e-20,2,57.5182,0.758562,-0.05177,6712.4,0.0,1.9504,3.8727,5.6094,8.3703,11.9441,15.2073,17.8072,20.9436,23.9602,27.9945,33.6654,42.2216,65.5561,178.0410,200.0000,149.9940,67.1988,38.2013,15.7585
77.971,-0.01594461876671139,0.42932360631963595,7.910919263379104e-21,2,59.0865,0.771884,-0.0460222,6990.18,0.0,1.8524,3.7120,5.4165,8.1760,11.8423,15.2866,18.0995,21.5770,25.0119,29.7504,36.7071,47.9149,83.7059,200.0000,200.0000,139.7440,65.3467,37.7366,15.7775
78.082,-0.005224732677475989,0.5407635015063182,1.3295882005961262e-21,2,61.4644,0.785304,-0.0440238,7348.73,0.0,1.7466,3.5113,5.1371,7.7867,11.3405,14.7145,17.4958,20.9670,24.4316,29.2704,36.5027,48.4870,89.7522,200.0000,200.0000,137.2080,65.0532,37.7654,15.8623
78.191,-0.0456578121155229,0.6152594056579653,2.234638888741909e-22,2,64.4732,0.799042,-0.0421413,7813.38,0.0,1.6376,3.3024,4.8436,7.3712,10.7925,14.0744,16.8048,20.2444,23.7137,28.6205,36.0911,48.8442,96.6864,200.0000,200.0000,135.0190,64.8231,37.8155,15.9516
78.302,-0.05831304732253583,0.6628273289991271,3.7557575803085264e-23,2,68.0132,0.809841,-0.0274456,8372.96,0.0,1.5710,3.2470,4.8618,7.6543,11.7496,16.0656,19.9869,25.4203,31.5492,41.5767,60.9553,114.1840,200.0000,200.0000,200.0000,114.8060,59.9977,36.2574,15.7964
78.412,-0.05098613214325459,0.695445655650809,6.31230176522454e-24,2,72.0285,0.816667,-0.013049,9059.99,0.0,1.5357,3.2556,4.9851,8.1596,13.2902,19.4168,25.7571,36.0686,50.5193,84.3003,200.0000,200.0000,200.0000,200.0000,192.1250,100.0850,55.8601,34.8017,15.6201
78.515,-0.05040100035196923,0.715863386349907,1.0609085576812885e-24,2,76.4798,0.819202,0.00267905,9885.94,0.0,1.5382,3.3581,5.2842,9.0998,16.1706,26.4951,40.1946,73.4274,179.3770,200.0000,200.0000,200.0000,200.0000,200.0000,150.7030,87.6528,51.8461,33.2679,15.3953
78.628,-0.05241988884880378,0.7263200226422625,1.7830690128949415e-25,2,81.1117,0.816262,0.02165,10554.9,0.0,1.5939,3.6142,5.9052,10.9854,22.8982,50.1521,137.4490,200.0000,200.0000,200.0000,200.0000,200.0000,200.0000,167.0470,119.3130,76.0327,47.5798,31.4994,15.0884
78.738,-0.055977584332164494,0.7300852715819166,2.996804089972529e-26,2,85.7856,0.805769,0.0442583,11108.5,0.0,1.7262,4.1119,7.0874,14.9723,45.6082,200.0000,200.0000,200.0000,200.0000,200.0000,200.0000,175.6800,146.6880,123.4320,95.1872,65.4012,43.1684,29.5154,14.6870
78.849,-0.06071480094458299,0.7350852226513375,5.036728634016831e-27,2,90.4286,0.785245,0.0699679,11676.7,0.0,1.9644,4.9814,9.2687,24.6934,200.0000,200.0000,200.0000,200.0000,175.0150,153.2160,136.2550,122.6830,107.6810,94.4931,76.8804,56.0924,38.8397,27.4039,14.1909
78.956,-0.05230363038737408,0.7465824679458903,8.46522981519209e-28,2,94.9925,0.752163,0.101635,12379.7,0.0,2.3540,6.5233,13.8205,72.4098,200.0000,181.3530,146.2120,125.0320,113.3170,103.6170,95.4529,88.4878,80.2953,72.6244,61.6200,47.3676,34.3469,25.0416,13.5616
79.068,0.10966818417154027,0.7487431333308844,1.4227511750393345e-28,2,99.8401,0.708976,0.0967528,12686.1,0.0,2.7477,7.5036,15.5284,68.6991,200.0000,193.1230,152.9690,129.4410,116.6370,106.1450,97.3920,89.9790,81.3236,73.2808,61.8459,47.2133,34.0173,24.6852,13.2803
79.178,0.035936070589330314,0.7297966636017391,2.39121789988861e-29,2,104.455,0.666553,0.0677821,13176.1,0.0,3.0424,7.6719,14.1707,36.8016,200.0000,200.0000,200.0000,198.7630,169.4190,147.6350,130.8230,117.4570,102.7690,89.9339,72.9018,52.9583,36.5359,25.7144,13.2727
79.285,0.011775531610711758,0.7264403820571428,4.018919924342787e-30,2,109.031,0.629451,0.0534255,13526.7,0.0,3.3266,8.0961,14.3086,32.3653,135.6740,200.0000,200.0000,200.0000,200.0000,183.0840,157.4040,138.0510,117.7910,100.8880,79.5329,55.9637,37.6247,26.0300,13.1433
79.398,0.003858606198198029,0.7376103379081095,6.754598716842924e-31,2,113.535,0.597454,0.0480019,14084.7,0.0,3.5922,8.6314,15.0262,32.5933,110.7440,200.0000,200.0000,200.0000,200.0000,199.7500,169.0480,146.5370,123.5230,104.7430,81.5424,56.5956,37.6452,25.8653,12.9485
79.508,0.0012643880790255298,0.7528415324788544,1.1352454063397903e-31,2,118.144,0.567964,0.0457761,14645.9,0.0,3.8460,9.1936,15.9096,33.9638,107.8520,200.0000,200.0000,200.0000,200.0000,200.0000,172.6970,148.8880,124.8130,105.3620,81.5713,56.2799,37.2654,25.5303,12.7352
79.615,0.00041431468573508557,0.765629830159546,1.9080069544352857e-32,3,122.411,0.539237,0.0448319,11938.4,0.0,4.0975,9.7735,16.8711,35.7810,110.6800,200.0000,200.0000,200.0000,200.0000,200.0000,172.5170,148.3710,124.0760,104.5320,80.7333,55.5581,36.7154,25.1224,12.5126
79.726,0.00013576263622167283,0.78006466087168,3.2067872883193854e-33,3,124.058,0.510919,0.0448443,11888.8,0.0,4.3493,10.3746,17.9092,37.9859,117.5380,200.0000,200.0000,200.0000,200.0000,200.0000,169.3050,145.6140,121.7730,102.5950,79.2395,54.5321,36.0383,24.6595,12.2823
79.841,4.4486700637117755e-05,0.798005570496307,5.389647395478392e-34,3,127.827,0.482104,0.0448353,12189.6,0.0,4.6055,10.9855,18.9633,40.2192,124.4170,200.0000,200.0000,200.0000,200.0000,198.4060,166.1050,142.8580,119.4660,100.6490,77.7347,53.4950,35.3523,24.1898,12.0482
79.950,1.4577402064770743e-05,0.8189505708089798,9.058380377580533e-35,3,131.599,0.452486,0.0448324,12615.2,0.0,4.8689,11.6136,20.0475,42.5178,131.5180,200.0000,200.0000,200.0000,200.0000,194.4540,162.7940,140.0090,117.0830,98.6407,76.1832,52.4268,34.6462,23.7066,11.8074
80.057,4.776723108584077e-06,0.8402098441364364,1.5224419900599607e-35,3,135.564,0.422004,0.0448205,12920.9,0.0,5.1399,12.2597,21.1622,44.8783,138.7740,200.0000,200.0000,200.0000,200.0000,190.4240,159.4130,137.0970,114.6430,96.5831,74.5918,51.3301,33.9206,23.2097,11.5598
80.170,1.5652366282208308e-06,0.8713375964922524,2.558768252693776e-36,3,139.549,0.390624,0.0448028,13417.8,0.0,5.4189,12.9245,22.3086,47.3036,146.2050,200.0000,200.0000,200.0000,200.0000,186.2950,155.9470,134.1100,112.1410,94.4711,72.9570,50.2028,33.1744,22.6986,11.3049
80.277,5.128967383354019e-07,0.8979032180717063,4.30052180230243e-37,3,143.83,0.358308,0.0447904,13759.2,0.0,5.7062,13.6093,23.4900,49.8043,153.8820,200.0000,200.0000,200.0000,200.0000,182.0160,152.3580,131.0190,109.5520,92.2886,71.2692,49.0397,32.4050,22.1718,11.0423
80.385,1.680660032177445e-07,0.9209033639977366,7.227886993129694e-38,3,148.133,0.325027,0.0447504,14273.6,0.0,6.0018,14.3132,24.7023,52.3606,161.6070,200.0000,200.0000,200.0000,200.0000,177.7150,148.7360,127.8900,106.9250,90.0676,69.5472,47.8494,31.6158,21.6307,10.7721
80.496,5.507186793439052e-08,0.9463673076741534,1.2147909669353076e-38,3,152.633,0.29074,0.0447466,14709.4,0.0,6.3067,15.0401,25.9566,55.0177,169.7910,200.0000,200.0000,200.0000,200.0000,173.1310,144.8980,124.5890,104.1640,87.7408,67.7498,46.6123,30.7982,21.0712,10.4934
80.609,1.8045949684741086e-08,0.9644858659411666,2.041699178128172e-39,3,157.372,0.255439,0.0447184,14984.1,0.0,6.6204,15.7872,27.2438,57.7348,178.0380,200.0000,200.0000,200.0000,200.0000,168.5020,141.0090,121.2370,101.3530,85.3687,65.9130,45.3452,29.9591,20.4964,10.2067
80.716,5.913296792695959e-09,0.9795755683953514,3.4314838086800183e-40,4,158.531,0.219408,0.0447199,12236.9,0.0,6.9408,16.5512,28.5624,60.5298,186.6640,200.0000,200.0000,200.0000,200.0000,163.6610,136.9580,117.7550,98.4425,82.9173,64.0205,44.0434,29.0992,19.9080,9.9137
80.828,1.9376690930306118e-09,0.9853875370955387,5.767294837248508e-41,4,162.094,0.182898,0.044727,12474.3,0.0,7.2655,17.3258,29.8996,63.3667,195.4510,200.0000,200.0000,200.0000,197.1930,158.7350,132.8400,114.2160,95.4866,80.4282,62.1001,42.7229,28.2271,19.3117,9.6168
80.937,6.34935408404271e-10,0.9872920029992162,9.693092432963569e-42,4,165.623,0.145588,0.0447199,12719.6,0.0,7.5972,18.1165,31.2637,66.2545,200.0000,200.0000,200.0000,200.0000,191.0080,153.7530,128.6670,110.6260,92.4830,77.8972,60.1449,41.3770,27.3375,18.7029,9.3136
81.046,2.0805563462591152e-10,0.9889039021365331,1.629118045208187e-42,4,169.093,0.10748,0.0447122,13010.0,0.0,7.9359,18.9240,32.6564,69.2022,200.0000,200.0000,200.0000,200.0000,184.6930,148.6640,124.4050,106.9590,89.4164,75.3129,58.1480,40.0025,26.4290,18.0811,9.0038
81.156,0.00602226318255067,0.9890465892458492,2.7380586985814004e-43,4,172.571,0.0687043,0.0438444,13256.4,0.0,8.2729,19.6882,33.8983,71.4103,200.0000,200.0000,200.0000,200.0000,182.6300,146.2960,122.0290,104.6740,87.3019,73.3951,56.5387,38.8018,25.5891,17.4864,8.6955
81.268,0.0019733751996582035,0.9884910012078298,4.601855254705761e-44,4,176.026,0.0302794,0.0418522,13487.5,0.0,8.5955,20.3635,34.8811,72.5162,200.0000,200.0000,200.0000,200.0000,186.6500,147.7460,122.2710,104.2960,86.5036,72.4010,55.4744,37.8569,24.8605,16.9434,8.3982
81.377,0.0006466355854240001,0.9886944461195317,7.734338126583975e-45,4,179.407,-0.00772341,0.0412294,13770.7,0.0,8.9263,21.1175,36.1152,74.7800,200.0000,200.0000,200.0000,200.0000,183.2060,144.4440,119.2280,101.5140,84.0428,70.2409,53.7263,36.5982,24.0017,16.3444,8.0930
81.484,0.006258077736131737,0.9883756109481981,1.2999102089349687e-45,4,182.785,-0.0458224,0.0408723,14013.8,0.0,9.2602,21.8897,37.4020,77.2670,200.0000,200.0000,200.0000,200.0000,178.1280,140.1110,115.4740,98.2121,81.2244,67.8284,51.8295,35.2693,23.1123,15.7312,7.7849
81.595,0.005431669267775647,0.9914349455861304,2.1847590881570023e-46,4,186.148,-0.0828876,0.0365416,14243.7,0.0,9.5436,22.3423,37.7669,75.9685,200.0000,200.0000,200.0000,200.0000,193.7400,150.6200,121.5990,101.9610,83.1673,68.7068,51.8365,34.8162,22.5975,15.2897,7.5125
81.704,0.0017798493856647241,0.9910143912509132,3.671924599465473e-47,4,189.471,-0.117982,0.0348865,14490.9,0.0,9.8354,22.9415,38.6249,76.9470,200.0000,200.0000,200.0000,200.0000,191.4680,151.7260,121.3810,101.1560,82.0324,67.4675,50.6380,33.8338,21.8770,14.7680,7.2362
81.815,0.0005832210466946168,0.9907561152563492,6.17140367432162e-48,4,192.745,-0.152193,0.0344254,14752.9,0.0,10.1314,23.6080,39.7030,78.8860,200.0000,200.0000,200.0000,199.3410,186.0090,147.7930,117.9170,98.0958,79.4170,65.2330,48.8884,32.6164,21.0674,14.2123,6.9585
81.927,0.00535911479258714,0.9912738271284505,1.037227815543235e-48,4,196.01,-0.186034,0.0328919,14986.9,0.0,10.4119,24.1803,40.5178,79.8118,200.0000,200.0000,200.0000,194.5660,182.4690,148.5070,117.3790,97.0464,78.1134,63.8816,47.6353,31.6217,20.3520,13.6998,6.6903
82.038,0.005848268251641203,0.9914434709547006,1.743268789583515e-49,5,196.4,-0.218549,0.0305859,13435.6,0.0,10.6711,24.6586,41.0975,79.9408,200.0000,200.0000,200.0000,190.4680,179.7190,153.3200,119.2980,97.6394,77.8594,63.2317,46.7792,30.8131,19.7230,13.2326,6.4370
82.144,0.008084704708704038,0.9920547219530612,2.9299118546530136e-50,5,199.056,-0.248683,0.0270082,13593.8,0.0,10.8936,24.9807,41.2967,78.8464,200.0000,200.0000,198.5510,187.4130,178.0640,163.5380,126.1750,101.4220,79.5773,63.8671,46.6317,30.3300,19.2439,12.8436,6.2097
82.258,0.020368613925498137,0.991887586992704,4.9243028541153206e-51,5,201.642,-0.275248,0.0206138,13787.7,0.0,11.0510,25.0041,40.7633,75.4700,157.7470,200.0000,197.6220,186.4220,178.5350,168.6530,148.2300,114.2610,86.5145,67.7305,48.1542,30.5582,19.0699,12.6048,6.0268
82.368,0.00667438741110723,0.9916445877870192,8.27627580691162e-52,5,204.222,-0.295372,0.0140488,13954.7,0.0,11.1493,24.8908,40.0321,72.0224,139.4480,200.0000,196.9210,185.3950,177.9560,169.9410,159.5540,134.2290,96.7330,73.3354,50.4726,31.1322,19.0756,12.4780,5.8967
82.475,0.002187063266871617,0.9925061239166755,1.3909936748676362e-52,5,206.777,-0.310643,0.0122477,14120.2,0.0,11.2599,25.0470,40.1388,71.6826,136.6830,200.0000,191.4340,180.1280,172.8520,165.3620,156.0810,139.2800,98.7000,74.0553,50.4599,30.8630,18.8113,12.2689,5.7790
82.584,0.004127081235038492,0.9921860883256411,2.3378430693500365e-53,5,209.304,-0.323924,0.0116078,14283.2,0.0,11.3666,25.2520,40.4161,71.9913,137.6090,199.0740,184.7080,173.7640,166.7230,159.5660,150.8850,137.5430,98.2992,73.4696,49.8761,30.4123,18.5014,12.0541,5.6712
82.697,0.0013523619790974128,0.9922016878131711,3.929212846656606e-54,5,211.795,-0.336091,0.0103361,14448.0,0.0,11.4561,25.3867,40.5305,71.8304,200.0000,192.4540,178.4710,167.8290,160.9870,154.2110,146.2170,135.2270,99.5960,73.8452,49.7537,30.1498,18.2718,11.8794,5.5761
82.807,0.0004431419733106403,0.9926886744532448,6.603828031375758e-55,5,214.254,-0.347398,0.00990885,14616.2,0.0,11.5480,25.5687,40.7872,72.1638,200.0000,184.7960,171.3380,161.0990,154.5170,148.0370,140.5090,130.6510,98.9559,73.1662,49.1678,29.7316,17.9950,11.6911,5.4834
82.916,0.02128478715003318,0.9928482502354641,1.1099053772333238e-55,5,216.687,-0.358094,0.00782984,14781.2,0.0,11.6151,25.6119,40.6926,71.4195,200.0000,178.6990,165.5380,155.5390,149.1190,143.0020,136.1370,127.7160,102.7270,74.8722,49.6542,29.7094,17.8668,11.5672,5.4046
83.026,0.006974599053322872,0.9915738779184069,1.8654179675160475e-56,5,219.085,-0.364392,0.000664886,14938.9,0.0,11.5850,25.1935,39.4977,67.5390,200.0000,177.7370,164.1160,153.8250,147.2440,141.2130,135.3180,128.6600,116.4570,86.1193,54.1560,31.1245,18.2855,11.6913,5.3897
83.137,0.0022854366177928387,0.9924829537069285,3.1352079780042214e-57,6,220.138,-0.365536,-0.00142128,13733.7,0.0,11.5705,25.0625,39.1455,66.4604,200.0000,171.3870,158.0960,148.0710,141.6680,135.8060,130.2690,124.2290,113.9440,90.2090,55.7047,31.6024,18.4329,11.7412,5.3913
83.248,0.03659668925454335,0.9923953396613112,5.269344048631696e-58,6,221.034,-0.36346,-0.00691539,13776.6,0.0,11.4902,24.6335,38.1084,63.5498,200.0000,168.4960,155.0050,144.8780,138.4310,132.5430,127.1440,121.8250,113.3640,100.2260,60.7613,33.2100,18.9877,11.9717,5.4390
83.358,0.011992003134928767,0.9927521302908434,8.856186542535292e-59,6,222.947,-0.351976,-0.0189427,13896.7,0.0,11.2606,23.6209,35.8294,57.6749,92.7568,173.0060,158.0990,147.0370,140.0500,133.7070,127.9230,122.6280,115.6560,106.6970,76.4650,37.7318,20.5345,12.6402,5.6059
83.466,0.003929539587253459,0.9915423813349535,1.4884592722039066e-59,6,224.848,-0.33111,-0.0224469,14010.1,0.0,11.0496,23.0357,34.7528,55.4182,90.7793,168.1060,153.2940,142.3430,135.4430,129.1910,123.5000,118.2970,111.6940,103.8680,83.7856,40.3103,21.5881,13.1903,5.8075
83.575,0.0012876315319512136,0.9924726329064625,2.5016534987931066e-60,6,226.725,-0.305839,-0.0234512,14124.9,0.0,10.8295,22.5372,33.9486,53.9938,196.1050,160.2210,146.0110,135.5170,128.9100,122.9270,117.4820,112.5080,106.2260,99.1708,83.0685,42.2573,22.5233,13.7318,6.0333
83.688,0.0004219311003897737,0.9927774577414146,4.204529035421576e-61,6,228.582,-0.278845,-0.0238126,14238.5,0.0,10.6019,22.0498,33.1963,52.7477,185.5730,151.5280,138.0580,128.1130,121.8540,116.1870,111.0320,106.3220,100.3750,93.9643,80.3018,44.0614,23.4442,14.2820,6.2703
83.795,0.00013825838297572103,0.9928773427433317,7.066551949833041e-62,6,230.417,-0.25115,-0.023773,14349.7,0.0,10.3727,21.5745,32.4828,51.6193,174.3050,142.3370,129.6870,120.3470,114.4690,109.1470,104.3050,99.8815,94.2950,88.4420,76.6150,45.7352,24.3394,14.8287,6.5108
83.907,4.530450693348427e-05,0.9929100730607598,1.1876753862084395e-62,6,232.229,-0.22316,-0.023763,14459.9,0.0,10.1408,21.0924,31.7574,50.4677,163.0020,133.1090,121.2800,112.5460,107.0490,102.0720,97.5444,93.4078,88.1839,82.8235,72.5109,47.4401,25.2479,15.3825,6.7541
84.016,1.4845380831964125e-05,0.9916859934436748,1.9961260216005244e-63,6,234.013,-0.194945,-0.0237644,14568.3,0.0,9.9068,20.6058,31.0246,49.7611,151.6280,123.8210,112.8170,104.6920,99.5794,94.9493,90.7373,86.8895,82.0299,77.1033,68.0843,48.7286,26.1651,15.9412,6.9994
84.129,4.864534391018004e-06,0.9925196917222483,3.354889004504002e-64,6,235.775,-0.166514,-0.0237663,14676.1,0.0,9.6711,20.1155,30.2862,53.8537,140.1680,114.4620,104.2900,96.7791,92.0526,87.7727,83.8790,80.3219,75.8297,71.2865,63.3969,47.7664,27.0894,16.5043,7.2466
84.237,1.5940106292487797e-06,0.9927928779741713,5.638561949869877e-65,6,237.518,-0.137869,-0.0237682,14782.7,0.0,9.4336,19.6214,29.5423,200.0000,128.6220,105.0330,95.6986,88.8070,84.4696,80.5421,76.9691,73.7051,69.5830,65.4137,58.4923,45.5376,28.0207,17.0716,7.4957
84.346,5.223254029922401e-07,0.9928823956452013,9.476731069146301e-66,6,239.24,-0.109011,-0.0237702,14888.1,0.0,9.1943,19.1237,29.2051,200.0000,116.9910,95.5354,87.0450,80.7765,76.8310,73.2587,70.0089,67.0399,63.2906,59.4983,53.4013,42.5647,28.5443,17.6432,7.7466
84.456,1.7115558805249724e-07,0.9929117287956445,1.5927541907914188e-66,6,240.941,-0.0799441,-0.0237725,14992.3,0.0,8.9533,18.6507,31.1298,191.7930,105.2770,85.9692,78.3292,72.6879,69.1378,65.9231,62.9986,60.3269,56.9529,53.5404,48.1460,39.0774,27.6843,18.1937,7.9993
84.567,5.6084263093042297e-08,0.9929213406823817,2.6769419684631383e-67,6,242.62,-0.0506698,-0.0237744,15095.2,0.0,8.7106,18.9784,50.2409,170.3050,93.4803,76.3359,69.5515,64.5424,61.3899,58.5356,55.9388,53.5665,50.5704,47.5405,42.7596,35.2012,25.9016,18.0038,8.2539
84.676,1.83776913303281e-08,1.0,4.499136366395996e-68,6,244.302,-0.0211909,-0.0237778,15208.7,0.0,8.5818,21.0577,107.9950,148.6670,81.6022,66.6358,60.7132,56.3408,53.5889,51.0972,48.8303,46.7595,44.1442,41.4990,37.3256,31.0139,23.4757,16.9805,8.3912
84.920,1.4702153064262481e-08,1.0,3.149395456477197e-68,6,244.302,-0.0211909,-0.0237778,15208.7,0.0,8.5818,21.0577,107.9950,148.6670,81.6022,66.6358,60.7132,56.3408,53.5889,51.0972,48.8303,46.7595,44.1442,41.4990,37.3256,31.0139,23.4757,16.9805,8.3912
85.020,1.9610027603659775e-103,1.3338201226681046e-95,7.066565203532608e-220,6,244.302,-0.0211909,-0.0237778,15208.7,0.0,8.5818,21.0577,107.9950,148.6670,81.6022,66.6358,60.7132,56.3408,53.5889,51.0972,48.8303,46.7595,44.1442,41.4990,37.3256,31.0139,23.4757,16.9805,8.3912
85.121,3.084771953119569e-216,2.098177008249174e-208,5e-324,6,244.302,-0.0211909,-0.0237778,15208.7,0.0,8.5818,21.0577,107.9950,148.6670,81.6022,66.6358,60.7132,56.3408,53.5889,51.0972,48.8303,46.7595,44.1442,41.4990,37.3256,31.0139,23.4757,16.9805,8.3912
85.221,8.740111032023085e-262,5.944783048999987e-254,5e-324,6,244.302,-0.0211909,-0.0237778,15208.7,0.0,8.5818,21.0577,107.9950,148.6670,81.6022,66.6358,60.7132,56.3408,53.5889,51.0972,48.8303,46.7595,44.1442,41.4990,37.3256,31.0139,23.4757,16.9805,8.3912
85.321,6.618682745839369e-302,4.501845897610634e-294,5e-324,6,244.302,-0.0211909,-0.0237778,15208.7,0.0,8.5818,21.0577,107.9950,148.6670,81.6022,66.6358,60.7132,56.3408,53.5889,51.0972,48.8303,46.7595,44.1442,41.4990,37.3256,31.0139,23.4757,16.9805,8.3912
85.421,1e-323,1e-323,5e-324,6,244.302,-0.0211909,-0.0237778,15208.7,0.0,8.5818,21.0577,107.9950,148.6670,81.6022,66.6358,60.7132,56.3408,53.5889,51.0972,48.8303,46.7595,44.1442,41.4990,37.3256,31.0139,23.4757,16.9805,8.3912
85.521,1e-323,1e-323,5e-324,6,244.302,-0.0211909,-0.0237778,15208.7,0.0,8.5818,21.0577,107.9950,148.6670,81.6022,66.6358,60.7132,56.3408,53.5889,51.0972,48.8303,46.7595,44.1442,41.4990,37.3256,31.0139,23.4757,16.9805,8.3912
85.621,1e-323,1e-323,5e-324,6,244.302,-0.0211909,-0.0237778,15208.7,0.0,8.5818,21.0577,107.9950,148.6670,81.6022,66.6358,60.7132,56.3408,53.5889,51.0972,48.8303,46.7595,44.1442,41.4990,37.3256,31.0139,23.4757,16.9805,8.3912
85.721,1e-323,1e-323,5e-324,6,244.302,-0.0211909,-0.0237778,15208.7,0.0,8.5818,21.0577,107.9950,148.6670,81.6022,66.6358,60.7132,56.3408,53.5889,51.0972,48.8303,46.7595,44.1442,41.4990,37.3256,31.0139,23.4757,16.9805,8.3912
85.821,1e-323,1e-323,5e-324,6,244.302,-0.0211909,-0.0237778,15208.7,0.0,8.5818,21.0577,107.9950,148.6670,81.6022,66.6358,60.7132,56.3408,53.5889,51.0972,48.8303,46.7595,44.1442,41.4990,37.3256,31.0139,23.4757,16.9805,8.3912
85.922,1e-323,1e-323,5e-324,6,244.302,-0.0211909,-0.0237778,15208.7,0.0,8.5818,21.0577,107.9950,148.6670,81.6022,66.6358,60.7132,56.3408,53.5889,51.0972,48.8303,46.7595,44.1442,41.4990,37.3256,31.0139,23.4757,16.9805,8.3912
86.022,1e-323,1e-323,5e-324,6,244.302,-0.0211909,-0.0237778,15208.7,0.0,8.5818,21.0577,107.9950,148.6670,81.6022,66.6358,60.7132,56.3408,53.5889,51.0972,48.8303,46.7595,44.1442,41.4990,37.3256,31.0139,23.4757,16.9805,8.3912
86.122,1e-323,1e-323,5e-324,6,244.302,-0.0211909,-0.0237778,15208.7,0.0,8.5818,21.0577,107.9950,148.6670,81.6022,66.6358,60.7132,56.3408,53.5889,51.0972,48.8303,46.7595,44.1442,41.4990,37.3256,31.0139,23.4757,16.9805,8.3912
86.222,1e-323,1e-323,5e-324,6,244.302,-0.0211909,-0.0237778,15208.7,0.0,8.5818,21.0577,107.9950,148.6670,81.6022,66.6358,60.7132,56.3408,53.5889,51.0972,48.8303,46.7595,44.1442,41.4990,37.3256,31.0139,23.4757,16.9805,8.3912
86.322,1e-323,1e-323,5e-324,6,244.302,-0.0211909,-0.0237778,15208.7,0.0,8.5818,21.0577,107.9950,148.6670,81.6022,66.6358,60.7132,56.3408,53.5889,51.0972,48.8303,46.7595,44.1442,41.4990,37.3256,31.0139,23.4757,16.9805,8.3912
86.423,1e-323,1e-323,5e-324,6,244.302,-0.0211909,-0.0237778,15208.7,0.0,8.5818,21.0577,107.9950,148.6670,81.6022,66.6358,60.7132,56.3408,53.5889,51.0972,48.8303,46.7595,44.1442,41.4990,37.3256,31.0139,23.4757,16.9805,8.3912
86.523,1e-323,1e-323,5e-324,6,244.302,-0.0211909,-0.0237778,15208.7,0.0,8.5818,21.0577,107.9950,148.6670,81.6022,66.6358,60.7132,56.3408,53.5889,51.0972,48.8303,46.7595,44.1442,41.4990,37.3256,31.0139,23.4757,16.9805,8.3912
86.623,1e-323,1e-323,5e-324,6,244.302,-0.0211909,-0.0237778,15208.7,0.0,8.5818,21.0577,107.9950,148.6670,81.6022,66.6358,60.7132,56.3408,53.5889,51.0972,48.8303,46.7595,44.1442,41.4990,37.3256,31.0139,23.4757,16.9805,8.3912
86.723,1e-323,1e-323,5e-324,6,244.302,-0.0211909,-0.0237778,15208.7,0.0,8.5818,21.0577,107.9950,148.6670,81.6022,66.6358,60.7132,56.3408,53.5889,51.0972,48.8303,46.7595,44.1442,41.4990,37.3256,31.0139,23.4757,16.9805,8.3912
86.823,1e-323,1e-323,5e-324,6,244.302,-0.0211909,-0.0237778,15208.7,0.0,8.5818,21.0577,107.9950,148.6670,81.6022,66.6358,60.7132,56.3408,53.5889,51.0972,48.8303,46.7595,44.1442,41.4990,37.3256,31.0139,23.4757,16.9805,8.3912
86.923,1e-323,1e-323,5e-324,6,244.302,-0.0211909,-0.0237778,15208.7,0.0,8.5818,21.0577,107.9950,148.6670,81.6022,66.6358,60.7132,56.3408,53.5889,51.0972,48.8303,46.7595,44.1442,41.4990,37.3256,31.0139,23.4757,16.9805,8.3912
87.024,1e-323,1e-323,5e-324,6,244.302,-0.0211909,-0.0237778,15208.7,0.0,8.5818,21.0577,107.9950,148.6670,81.6022,66.6358,60.7132,56.3408,53.5889,51.0972,48.8303,46.7595,44.1442,41.4990,37.3256,31.0139,23.4757,16.9805,8.3912
87.124,1e-323,1e-323,5e-324,6,244.302,-0.0211909,-0.0237778,15208.7,0.0,8.5818,21.0577,107.9950,148.6670,81.6022,66.6358,60.7132,56.3408,53.5889,51.0972,48.8303,46.7595,44.1442,41.4990,37.3256,31.0139,23.4757,16.9805,8.3912
87.224,1e-323,1e-323,5e-324,6,244.302,-0.0211909,-0.0237778,15208.7,0.0,8.5818,21.0577,107.9950,148.6670,81.6022,66.6358,60.7132,56.3408,53.5889,51.0972,48.8303,46.7595,44.1442,41.4990,37.3256,31.0139,23.4757,16.9805,8.3912
87.324,1e-323,1e-323,5e-324,6,244.302,-0.0211909,-0.0237778,15208.7,0.0,8.5818,21.0577,107.9950,148.6670,81.6022,66.6358,60.7132,56.3408,53.5889,51.0972,48.8303,46.7595,44.1442,41.4990,37.3256,31.0139,23.4757,16.9805,8.3912
87.424,1e-323,1e-323,5e-324,6,244.302,-0.0211909,-0.0237778,15208.7,0.0,8.5818,21.0577,107.9950,148.6670,81.6022,66.6358,60.7132,56.3408,53.5889,51.0972,48.8303,46.7595,44.1442,41.4990,37.3256,31.0139,23.4757,16.9805,8.3912
87.524,1e-323,1e-323,5e-324,6,244.302,-0.0211909,-0.0237778,15208.7,0.0,8.5818,21.0577,107.9950,148.6670,81.6022,66.6358,60.7132,56.3408,53.5889,51.0972,48.8303,46.7595,44.1442,41.4990,37.3256,31.0139,23.4757,16.9805,8.3912
87.624,1e-323,1e-323,5e-324,6,244.302,-0.0211909,-0.0237778,15208.7,0.0,8.5818,21.0577,107.9950,148.6670,81.6022,66.6358,60.7132,56.3408,53.5889,51.0972,48.8303,46.7595,44.1442,41.4990,37.3256,31.0139,23.4757,16.9805,8.3912
87.724,1e-323,1e-323,5e-324,6,244.302,-0.0211909,-0.0237778,15208.7,0.0,8.5818,21.0577,107.9950,148.6670,81.6022,66.6358,60.7132,56.3408,53.5889,51.0972,48.8303,46.7595,44.1442,41.4990,37.3256,31.0139,23.4757,16.9805,8.3912
87.824,1e-323,1e-323,5e-324,6,244.302,-0.0211909,-0.0237778,15208.7,0.0,8.5818,21.0577,107.9950,148.6670,81.6022,66.6358,60.7132,56.3408,53.5889,51.0972,48.8303,46.7595,44.1442,41.4990,37.3256,31.0139,23.4757,16.9805,8.3912
87.924,1e-323,1e-323,5e-324,6,244.302,-0.0211909,-0.0237778,15208.7,0.0,8.5818,21.0577,107.9950,148.6670,81.6022,66.6358,60.7132,56.3408,53.5889,51.0972,48.8303,46.7595,44.1442,41.4990,37.3256,31.0139,23.4757,16.9805,8.3912
88.025,1e-323,1e-323,5e-324,6,244.302,-0.0211909,-0.0237778,15208.7,0.0,8.5818,21.0577,107.9950,148.6670,81.6022,66.6358,60.7132,56.3408,53.5889,51.0972,48.8303,46.7595,44.1442,41.4990,37.3256,31.0139,23.4757,16.9805,8.3912
88.125,1e-323,1e-323,5e-324,6,244.302,-0.0211909,-0.0237778,15208.7,0.0,8.5818,21.0577,107.9950,148.6670,81.6022,66.6358,60.7132,56.3408,53.5889,51.0972,48.8303,46.7595,44.1442,41.4990,37.3256,31.0139,23.4757,16.9805,8.3912
88.225,1e-323,1e-323,5e-324,6,244.302,-0.0211909,-0.0237778,15208.7,0.0,8.5818,21.0577,107.9950,148.6670,81.6022,66.6358,60.7132,56.3408,53.5889,51.0972,48.8303,46.7595,44.1442,41.4990,37.3256,31.0139,23.4757,16.9805,8.3912
88.325,1e-323,1e-323,5e-324,6,244.302,-0.0211909,-0.0237778,15208.7,0.0,8.5818,21.0577,107.9950,148.6670,81.6022,66.6358,60.7132,56.3408,53.5889,51.0972,48.8303,46.7595,44.1442,41.4990,37.3256,31.0139,23.4757,16.9805,8.3912
88.425,1e-323,1e-323,5e-324,6,244.302,-0.0211909,-0.0237778,15208.7,0.0,8.5818,21.0577,107.9950,148.6670,81.6022,66.6358,60.7132,56.3408,53.5889,51.0972,48.8303,46.7595,44.1442,41.4990,37.3256,31.0139,23.4757,16.9805,8.3912
88.525,1e-323,1e-323,5e-324,6,244.302,-0.0211909,-0.0237778,15208.7,0.0,8.5818,21.0577,107.9950,148.6670,81.6022,66.6358,60.7132,56.3408,53.5889,51.0972,48.8303,46.7595,44.1442,41.4990,37.3256,31.0139,23.4757,16.9805,8.3912
88.625,1e-323,1e-323,5e-324,6,244.302,-0.0211909,-0.0237778,15208.7,0.0,8.5818,21.0577,107.9950,148.6670,81.6022,66.6358,60.7132,56.3408,53.5889,51.0972,48.8303,46.7595,44.1442,41.4990,37.3256,31.0139,23.4757,16.9805,8.3912
88.725,1e-323,1e-323,5e-324,6,244.302,-0.0211909,-0.0237778,15208.7,0.0,8.5818,21.0577,107.9950,148.6670,81.6022,66.6358,60.7132,56.3408,53.5889,51.0972,48.8303,46.7595,44.1442,41.4990,37.3256,31.0139,23.4757,16.9805,8.3912
88.825,1e-323,1e-323,5e-324,6,244.302,-0.0211909,-0.0237778,15208.7,0.0,8.5818,21.0577,107.9950,148.6670,81.6022,66.6358,60.7132,56.3408,53.5889,51.0972,48.8303,46.7595,44.1442,41.4990,37.3256,31.0139,23.4757,16.9805,8.3912
88.925,1e-323,1e-323,5e-324,6,244.302,-0.0211909,-0.0237778,15208.7,0.0,8.5818,21.0577,107.9950,148.6670,81.6022,66.6358,60.7132,56.3408,53.5889,51.0972,48.8303,46.7595,44.1442,41.4990,37.3256,31.0139,23.4757,16.9805,8.3912
89.025,1e-323,1e-323,5e-324,6,244.302,-0.0211909,-0.0237778,15208.7,0.0,8.5818,21.0577,107.9950,148.6670,81.6022,66.6358,60.7132,56.3408,53.5889,51.0972,48.8303,46.7595,44.1442,41.4990,37.3256,31.0139,23.4757,16.9805,8.3912
89.126,1e-323,1e-323,5e-324,6,244.302,-0.0211909,-0.0237778,15208.7,0.0,8.5818,21.0577,107.9950,148.6670,81.6022,66.6358,60.7132,56.3408,53.5889,51.0972,48.8303,46.7595,44.1442,41.4990,37.3256,31.0139,23.4757,16.9805,8.3912
