time,steer,accel,brake,gear,speedX,trackPos,angle,rpm,damage,track_0,track_1,track_2,track_3,track_4,track_5,track_6,track_7,track_8,track_9,track_10,track_11,track_12,track_13,track_14,track_15,track_16,track_17,track_18
0.118,0.0,0.0,0.0,1,-0.00913045,0.333439,0.00822276,5235.99,0.0,5.7030,12.6267,22.4550,140.4860,90.9268,77.3570,71.6721,67.3518,64.5773,62.0267,59.6744,57.4982,54.7119,51.8501,47.2417,40.0655,31.0431,22.7658,11.2227
0.238,0.0,0.0,0.0,1,-0.00913045,0.333439,0.00822276,5235.99,0.0,5.7030,12.6267,22.4550,140.4860,90.9268,77.3570,71.6721,67.3518,64.5773,62.0267,59.6744,57.4982,54.7119,51.8501,47.2417,40.0655,31.0431,22.7658,11.2227
0.359,0.0,0.0,0.0,1,-0.00913045,0.333439,0.00822276,5235.99,0.0,5.7030,12.6267,22.4550,140.4860,90.9268,77.3570,71.6721,67.3518,64.5773,62.0267,59.6744,57.4982,54.7119,51.8501,47.2417,40.0655,31.0431,22.7658,11.2227
0.460,0.0,0.0,0.0,1,-0.00913045,0.333439,0.00822276,5235.99,0.0,5.7030,12.6267,22.4550,140.4860,90.9268,77.3570,71.6721,67.3518,64.5773,62.0267,59.6744,57.4982,54.7119,51.8501,47.2417,40.0655,31.0431,22.7658,11.2227
0.577,0.0,0.67539660234375,0.0,1,-0.00913045,0.333439,0.00822276,5590.5,0.0,5.7030,12.6267,22.4550,140.4860,90.9268,77.3570,71.6721,67.3518,64.5773,62.0267,59.6744,57.4982,54.7119,51.8501,47.2417,40.0655,31.0431,22.7658,11.2227
0.680,0.0,0.92970936099975,0.0,1,-0.00913045,0.333439,0.00822276,6316.67,0.0,5.7030,12.6267,22.4550,140.4860,90.9268,77.3570,71.6721,67.3518,64.5773,62.0267,59.6744,57.4982,54.7119,51.8501,47.2417,40.0655,31.0431,22.7658,11.2227
0.798,0.0,0.9970512897142935,0.0,1,-0.00913045,0.333439,0.00822276,7490.04,0.0,5.7030,12.6267,22.4550,140.4860,90.9268,77.3570,71.6721,67.3518,64.5773,62.0267,59.6744,57.4982,54.7119,51.8501,47.2417,40.0655,31.0431,22.7658,11.2227
0.898,0.0,1.0,0.0,1,-0.00913045,0.333439,0.00822276,8677.54,0.0,5.7030,12.6267,22.4550,140.4860,90.9268,77.3570,71.6721,67.3518,64.5773,62.0267,59.6744,57.4982,54.7119,51.8501,47.2417,40.0655,31.0431,22.7658,11.2227
0.999,0.0,0.996702880859375,0.0,1,-0.0164475,0.33345,0.00871628,10044.4,0.0,5.7058,12.6460,22.5471,139.7670,90.6271,77.1409,71.4869,67.1886,64.4275,61.8889,59.5470,57.3803,54.6054,51.7547,47.1630,40.0057,31.0007,22.7402,11.2174
1.116,0.0,0.9438776030468748,0.0,1,2.56725,0.333399,0.00876778,5235.99,0.0,5.7066,12.6501,22.5759,139.6370,90.5599,77.0878,71.4394,67.1452,64.3866,61.8501,59.5103,57.3453,54.5728,51.7243,47.1363,39.9842,30.9863,22.7326,11.2164
1.217,0.0,0.872750768044525,0.0,1,6.69931,0.333205,0.00875681,5235.99,0.0,5.7081,12.6596,22.6771,139.3550,90.3738,76.9287,71.2914,67.0060,64.2528,61.7216,59.3864,57.2259,54.4589,51.6163,47.0378,39.9037,30.9345,22.7065,11.2148
1.320,0.0,0.818769571282205,0.0,1,10.511,0.332847,0.00877064,5235.99,0.0,5.7113,12.6799,22.8803,138.7810,90.0065,76.6170,71.0029,66.7351,63.9933,61.4725,59.1471,56.9954,54.2397,51.4087,46.8486,39.7492,30.8347,22.6559,11.2117
1.442,0.0,0.7928527027598273,0.0,1,14.7422,0.33223,0.00876873,5235.99,0.0,5.7166,12.7175,23.2543,137.8310,89.3894,76.0913,70.5161,66.2772,63.5542,61.0508,58.7411,56.6042,53.8675,51.0558,46.5271,39.4860,30.6640,22.5686,11.2065
1.543,0.0,0.7909366455153402,0.0,1,18.2982,0.331545,0.00876873,5235.99,0.0,5.7224,12.7648,23.7185,136.7730,88.7025,75.5070,69.9741,65.7681,63.0660,60.5817,58.2899,56.1694,53.4537,50.6636,46.1696,39.1928,30.4728,22.4696,11.2007
1.661,0.0,0.7883438139707233,0.0,1,22.4762,0.330548,0.00876826,5235.99,0.0,5.7310,12.8447,24.5049,135.2350,87.7060,74.6584,69.1878,65.0290,62.3574,59.9009,57.6349,55.5379,52.8529,50.0943,45.6510,38.7660,30.1927,22.3218,11.1924
1.762,0.0,0.7814916708838016,0.0,1,25.9242,0.329564,0.00876826,5235.99,0.0,5.7394,12.9370,25.4558,133.7160,86.7203,73.8193,68.4104,64.2984,61.6565,59.2277,56.9871,54.9140,52.2590,49.5312,45.1379,38.3427,29.9127,22.1713,11.1831
1.881,0.0,0.7827938092127882,0.0,1,30.0394,0.328199,0.00876969,5235.99,0.0,5.7511,13.0883,27.2290,131.6060,85.3521,72.6548,67.3312,63.2838,60.6838,58.2936,56.0881,54.0476,51.4346,48.7500,44.4258,37.7530,29.5193,21.9554,11.1639
1.985,0.0,0.7864057425903463,0.0,1,33.6094,0.326879,0.00877112,5748.05,0.0,5.7624,13.2621,30.0626,129.5670,84.0300,71.5299,66.2886,62.3043,59.7443,57.3909,55.2198,53.2109,50.6383,47.9952,43.7382,37.1811,29.1342,21.7392,11.1385
2.104,0.0,0.7948374536262287,0.0,1,38.3877,0.325126,0.00877303,7760.68,0.0,5.7774,13.5387,200.0000,126.8560,82.2730,70.0339,64.9026,61.0014,58.4952,56.1909,54.0653,52.0985,49.5797,46.9918,42.8236,36.4173,28.6144,21.4406,11.0942
2.224,0.0,0.804436726865269,0.0,1,43.5815,0.323126,0.00876921,14209.6,0.0,5.8013,13.9239,200.0000,123.7770,80.2747,68.3330,63.3258,59.5194,57.0740,54.8259,52.7517,50.8328,48.3749,45.8501,41.7830,35.5432,28.0127,21.0858,11.0296
2.343,0.0,0.8156756585929941,0.0,2,48.8652,0.320867,0.00876873,6205.36,0.0,5.8508,14.4631,200.0000,120.2900,78.0132,66.4076,61.5420,57.8427,55.4662,53.2812,51.2656,49.4007,47.0120,44.5581,40.6059,34.5486,27.3193,20.6659,10.9388
2.463,0.0,0.8211529255493268,0.0,2,52.8127,0.317642,0.0106132,6505.08,0.0,5.9396,15.2193,200.0000,116.4240,75.5102,64.2780,59.5687,55.9883,53.6882,51.5734,49.6224,47.8176,45.5057,43.1305,39.3050,33.4433,26.5358,20.1762,10.8129
2.563,0.009219822511230467,0.8227422363471284,0.0,2,55.9813,0.313721,0.0204125,7674.19,0.0,6.0386,16.0285,200.0000,113.2080,73.3782,62.4525,57.8725,54.3910,52.1546,50.0987,48.2021,46.4473,44.2002,41.8917,38.1739,32.4778,25.8418,19.7342,10.6886
2.683,0.052561614216384,0.8250078783049817,0.0,2,61.0921,0.308492,0.0127263,8029.58,0.0,6.0343,15.6140,131.1970,138.6400,81.9428,68.0862,62.4693,58.2722,55.6086,53.1817,50.9616,48.9228,46.3337,43.6989,39.5074,33.2076,26.2526,19.9687,10.7193
2.804,0.013778711797139766,0.8250461406410061,0.0,2,66.1637,0.302836,0.0139484,9203.63,0.0,6.0926,15.8581,79.9643,160.2950,87.4207,71.2847,64.9123,60.2120,57.2560,54.5805,52.1478,49.9261,47.1218,44.2871,39.8169,33.1879,26.0836,19.8444,10.6625
2.922,0.0036120066253494077,0.824303241195321,0.0,2,71.8137,0.294044,0.0218956,10405.6,0.0,6.2248,16.7233,75.3008,173.3610,89.2657,71.8955,65.1517,60.2189,57.1344,54.3540,51.8356,49.5442,46.6618,43.7606,39.2102,32.5171,25.4400,19.4169,10.5182
3.029,0.001183582330994494,0.8254686235748827,0.0,2,76.5972,0.282277,0.0307382,11734.3,0.0,6.3935,17.8693,74.6713,180.0080,90.2293,71.9072,64.8965,59.8043,56.6352,53.7888,51.2186,48.8863,45.9624,43.0288,38.4482,31.7549,24.7348,18.9289,10.3449
3.139,0.0003878362582202758,0.8255794413855175,0.0,2,81.8565,0.265058,0.0398685,12484.1,0.0,6.6185,19.4184,72.8303,183.6570,92.1602,72.3950,64.9800,59.6442,56.3446,53.3947,50.7418,48.3437,45.3492,42.3581,37.7144,30.9863,24.0019,18.3746,10.1295
3.248,0.06686955695864048,0.8324312736969564,0.0,2,87.1022,0.24368,0.0342145,13181.5,0.0,6.7704,19.3983,54.6026,196.3030,114.8120,84.5226,74.1143,66.9151,62.5787,58.7745,55.4101,52.4139,48.7311,45.1165,39.6266,31.9253,24.2306,18.2974,10.0097
3.360,0.021911816424207312,0.8413896032025188,0.0,2,92.2806,0.221453,0.00916656,14049.5,0.0,6.7807,17.6081,36.9409,200.0000,186.5400,142.0700,113.7500,96.8697,87.5926,79.9427,73.5270,68.0695,61.6688,55.6939,47.1534,36.1459,26.1422,19.0233,10.0529
3.470,0.007180064005884253,0.8461336057242764,0.0,2,97.4103,0.20138,-0.0211579,14918.1,0.0,6.7396,15.8579,27.7790,61.2874,200.0000,196.2270,188.6600,180.3300,171.9860,151.1860,128.8440,112.2630,95.1345,81.0217,63.4172,44.2747,29.5838,20.3857,10.1726
3.580,0.0023527633734481516,0.8467469583612309,0.0,3,100.377,0.190763,-0.0474747,9902.86,0.0,6.6543,14.4617,22.8130,39.4772,70.7852,117.5240,200.0000,200.0000,197.9000,193.8830,189.4640,184.4870,175.9000,154.2000,99.5835,58.3696,34.6793,22.3054,10.3470
3.690,-0.12586093362532758,0.8469479417533081,0.0,3,104.504,0.196406,-0.0374759,10292.2,0.0,6.6720,14.3151,22.1616,37.0060,62.2865,94.7637,131.3230,200.0000,199.1050,195.3050,191.3960,187.1160,180.2260,169.8350,114.6040,62.8282,35.9786,22.7025,10.3226
3.799,-0.22532973212097857,0.847060481631849,0.0,3,108.387,0.189873,0.0568386,10762.4,0.0,7.3700,18.5225,34.0662,87.1880,190.4070,177.0700,166.9650,145.8370,123.8180,107.5830,95.1182,85.2478,74.4427,65.0339,52.5980,38.1073,26.2320,18.4347,9.4966
3.910,-0.07383604662140227,0.8400243372148742,0.0,3,112.067,0.147706,0.142446,11251.1,0.0,8.5292,27.1950,76.3892,174.6030,94.8924,69.8034,61.1912,55.2369,51.6515,48.5067,45.7261,43.2502,40.2074,37.2215,32.6875,26.3294,19.9793,15.0848,8.6043
4.018,0.0018787196239582783,0.84477217872482,0.0,3,115.987,0.0750581,0.184195,11475.9,0.0,9.8114,37.7826,191.2010,104.0670,56.5161,46.0411,41.9097,38.8644,36.9500,35.2179,33.6433,32.2059,30.3919,28.5587,25.6694,21.3872,16.8176,13.0776,7.8219
4.129,0.13608165516981613,0.8625611154932991,0.0,3,120.188,-0.014768,0.145666,11680.4,0.0,10.1990,32.9334,95.5377,162.4960,78.0067,58.0366,51.0766,46.2325,43.3030,40.7256,38.4405,36.4008,33.8878,31.4150,27.6471,22.3368,17.0019,12.8686,7.3685
4.239,0.04459123676604535,0.8728535614810943,0.0,3,124.234,-0.0964043,0.102474,12092.7,0.0,10.4243,28.9622,61.6181,178.9020,149.2950,92.1923,74.5341,63.8442,57.9163,52.9993,48.8553,45.3155,41.1471,37.2391,31.6244,24.3379,17.6667,12.8906,6.9890
4.349,0.01461165646349774,0.8776492272917499,0.0,3,128.371,-0.164596,0.0854482,12414.9,0.0,10.8473,28.6745,56.5000,180.9650,156.9620,119.9060,89.9110,73.7744,65.3968,58.7318,53.3034,48.7970,43.6376,38.9395,32.4138,24.3165,17.2466,12.3741,6.5533
4.460,0.004787947589958939,0.8835500167677106,0.0,3,132.499,-0.224067,0.079877,12777.4,0.0,11.3264,29.4855,56.8451,178.1740,155.1020,128.4800,92.7682,74.6291,65.4885,58.3466,52.6129,47.9086,42.5835,37.7901,31.2180,23.1993,16.3184,11.6397,6.1155
4.571,0.035576886853902735,0.9146159429319434,0.0,3,136.699,-0.278877,0.0697433,13211.9,0.0,11.6951,29.6395,55.1073,177.2120,155.2600,138.7150,108.0010,82.7828,70.9548,62.0884,55.1954,49.6834,43.5942,38.2444,31.1044,22.6839,15.7010,11.0753,5.7333
4.680,0.011657834284286846,0.9344888424143142,0.0,3,141.073,-0.327304,0.0575808,13646.5,0.0,11.9713,29.4286,52.6444,123.3800,155.6580,142.4120,131.3540,100.6110,82.6498,70.1347,60.9153,53.8417,46.3179,39.9458,31.7685,22.5753,15.2967,10.6371,5.4059
4.790,0.0038200391382751135,0.9421392238041975,0.0,3,145.541,-0.370671,0.0530222,14053.8,0.0,12.2997,29.9055,52.7925,119.0240,152.3200,139.8690,130.3180,106.1820,85.2729,71.2484,61.1894,53.6229,45.7148,39.1272,30.8176,21.6636,14.5533,10.0633,5.0781
4.899,0.001251750424829989,0.9437049386686593,0.0,3,150.019,-0.411624,0.0515034,14460.1,0.0,12.6458,30.6364,53.8512,168.1020,147.5520,135.3660,126.1400,103.6980,82.5526,68.5745,58.6484,51.2359,43.5378,37.1633,29.1711,20.4292,13.6836,9.4439,4.7541
5.009,0.00041017357920829066,0.9445568104748212,0.0,3,154.483,-0.452076,0.0509679,14861.8,0.0,13.0005,31.4557,55.2088,162.2210,142.2140,130.1500,120.9790,98.1112,77.8509,64.5302,55.1055,48.0861,40.8131,34.8035,27.2853,19.0829,12.7684,8.8063,4.4294
5.119,0.04074920257253497,0.9459939576876394,0.0,4,156.164,-0.489889,0.0367249,11581.2,0.0,13.1332,30.7582,52.0161,104.7440,141.8930,131.5510,124.7120,116.9540,107.6940,83.3590,67.3623,56.5202,46.1313,38.1288,28.7828,19.3431,12.5599,8.5003,4.1779
5.229,0.01335269869896826,0.9479346008363356,0.0,4,159.173,-0.517365,0.0222979,12236.6,0.0,13.1722,29.9081,48.9338,91.3074,141.1870,131.9580,126.2640,120.4830,115.5560,109.1850,93.3545,72.8675,55.7475,43.9536,31.4827,20.1141,12.6086,8.3557,4.0069
5.340,0.004375412309677919,0.9493234404708003,0.0,4,162.436,-0.537022,0.0186706,12488.1,0.0,13.2926,29.9557,48.6364,89.2600,136.6390,127.7390,122.3340,116.9400,112.4650,107.0210,98.7328,76.9148,57.4861,44.6146,31.4351,19.7884,12.2840,8.0949,3.8572
5.450,0.09263974167751027,0.9483268870047218,0.0,4,165.664,-0.552772,0.0127856,12724.8,0.0,13.3475,29.7226,47.6825,85.3411,132.7010,124.1570,119.1140,114.1850,110.2200,105.6570,99.9467,88.7523,63.2221,47.5868,32.5237,19.9434,12.1749,7.9476,3.7473
5.561,0.03847522164728657,0.9488963226930822,0.0,4,168.797,-0.555445,-0.0183886,12973.7,0.0,12.9622,27.2170,41.3202,66.6147,137.6600,128.4390,124.0430,120.2080,117.3030,114.2260,110.9320,107.3520,101.6050,92.6988,51.8916,25.7468,14.0466,8.6566,3.8435
5.670,0.012607560629382864,0.9523205130356942,0.0,4,171.979,-0.540776,-0.030584,13196.5,0.0,12.6918,26.0906,38.8880,60.7547,136.0250,126.5790,122.0910,118.4310,115.8090,113.0680,110.1860,107.1310,102.4670,96.2802,70.2551,30.1259,15.4879,9.2928,4.0215
5.778,0.004131245467036177,0.9543099267271612,0.0,4,175.167,-0.51562,-0.0339351,13427.5,0.0,12.4454,25.4398,37.7365,58.4900,130.8990,121.7160,117.3580,113.8110,111.3300,108.7510,106.0580,103.2290,98.9753,93.5169,78.5136,32.9796,16.6449,9.9089,4.2570
5.890,0.0013537265146384143,0.9581256283524562,0.0,4,178.345,-0.485889,-0.0349286,13662.6,0.0,12.1899,24.8762,36.8489,56.9829,124.7650,115.9860,111.8210,108.4310,106.0670,103.6200,101.0780,98.4246,94.4770,89.5124,77.4472,35.4015,17.7661,10.5513,4.5231
6.000,0.0004435891043167156,0.9609194633204078,0.0,4,181.509,-0.454155,-0.0352776,13900.5,0.0,11.9257,24.3228,36.0115,55.6434,118.2810,109.9500,105.9980,102.7810,100.5310,98.2118,95.8139,93.3255,89.6574,85.1210,74.8245,37.7372,18.9001,11.2153,4.8041
6.109,0.00014535527770250138,0.9634552518502063,0.0,4,184.665,-0.421411,-0.0352592,14133.5,0.0,11.6574,23.7762,35.2032,54.3967,111.5560,103.6990,99.9714,96.9373,94.8014,92.6091,90.3534,88.0258,84.6240,80.4789,71.5128,39.9926,20.0318,11.8874,5.0922
6.219,4.7630017397555655e-05,0.9642861790356506,0.0,4,187.801,-0.387972,-0.0352465,14363.0,0.0,11.3833,23.2177,34.3768,53.1239,104.7210,97.3456,93.8466,90.9958,88.9778,86.9153,84.8036,82.6368,79.4967,75.7225,67.8630,42.2977,21.1880,12.5739,5.3864
6.330,0.01119012682206958,0.964558457255777,0.0,4,190.906,-0.353908,-0.0356557,14595.9,0.0,11.0997,22.6237,33.4782,53.1268,97.8933,90.9903,87.7158,85.0449,83.1499,81.2218,79.2577,77.2540,74.3737,70.9564,64.0611,44.8626,22.4194,13.2916,5.6887
6.438,0.05183141249025576,0.964647677382948,0.0,4,193.911,-0.311365,-0.063398,14838.6,0.0,10.4841,20.4465,29.1993,42.7126,98.9954,91.3786,87.8001,84.9043,82.9574,81.1039,79.3341,77.5725,75.0686,72.1482,66.4740,53.9559,28.3928,15.5911,6.2519
6.548,0.016984117244807008,0.9646769130342194,0.0,5,196.428,-0.247613,-0.0804438,13451.2,0.0,9.8284,18.6911,26.1883,37.3175,97.0219,89.1212,85.4344,82.4626,80.4706,78.5783,76.7787,75.0654,72.7830,70.1755,65.1973,54.8199,35.0914,18.1636,6.9666
6.660,0.005565355538778361,0.9629924011755531,0.0,5,197.012,-0.169278,-0.0856036,13462.9,0.0,9.1711,17.3134,24.1270,34.9476,91.1799,83.6223,80.1035,77.2706,75.3735,73.5728,71.8615,70.2331,68.0822,65.7203,61.2699,52.2949,37.2774,20.4666,7.7389
6.771,0.0018236557029468934,0.9609707015797052,0.0,5,199.462,-0.0840336,-0.0868549,13623.7,0.0,8.4936,16.0060,22.2763,36.6591,84.0145,77.0205,73.7659,71.1466,69.3929,67.7286,66.1472,64.6428,62.6558,60.5150,56.5496,48.7639,36.5767,22.6798,8.5457
6.878,0.06424763815542914,0.9566851333998878,0.0,5,201.861,0.00479698,-0.0914159,13783.9,0.0,7.7679,14.5454,20.3321,95.4795,77.6451,71.0776,68.0277,65.5760,63.9361,62.3806,60.9036,59.4994,57.6460,55.6743,52.1575,45.4002,35.2581,24.2129,9.4258
6.989,0.04207680322917102,0.9559283579499752,0.0,5,204.116,0.110361,-0.126354,13944.9,0.0,6.7518,12.0771,16.7779,102.0770,80.1225,72.4075,68.8887,66.0890,64.2305,62.4781,60.8232,59.2583,57.2049,55.0356,51.4077,45.2385,36.1859,26.3079,10.8795
7.101,0.01378772688213476,0.9546247703486729,0.0,5,206.426,0.240642,-0.139184,14082.4,0.0,5.7068,10.4159,15.2615,98.4369,76.0320,68.3241,64.8364,62.0737,60.2457,58.5265,56.9069,55.3787,53.3786,51.2718,47.7625,42.0696,34.2728,25.8867,12.0831
7.209,0.06870737281739417,0.952286675216603,0.0,5,208.729,0.381152,-0.120983,14204.3,0.0,4.7851,9.5392,15.7070,91.8785,70.1829,62.8272,59.5168,56.9024,55.1763,53.5556,52.0313,50.5952,48.7189,46.7461,43.4690,38.1941,31.5445,24.5168,12.5777
7.320,0.15143228182530372,0.9505326844537264,0.0,5,210.457,0.489305,-0.111522,14393.9,0.0,3.9701,7.8823,12.4964,135.1920,89.0670,76.1503,70.7013,66.5454,63.8695,61.4050,59.1280,57.0180,54.3116,51.5260,47.0283,40.1108,32.3770,25.4154,13.3711
7.430,0.04962133010851552,0.949325475823047,0.0,5,212.362,0.569411,-0.0757871,14511.9,0.0,3.4469,7.2082,12.2471,200.0000,109.3970,88.6477,80.5239,74.5574,70.8159,67.4369,64.3702,61.5749,58.0529,54.5002,48.9139,40.6640,31.8987,24.7538,13.5706
7.539,0.016259917449958368,0.949682827386446,0.0,5,214.504,0.601629,-0.00734267,14669.0,0.0,3.4056,8.3497,27.9494,200.0000,108.2470,86.0638,77.6033,71.4672,67.6524,64.2290,61.1397,58.3381,54.8280,51.3092,45.8198,37.8101,29.4237,22.6794,13.0265
7.649,0.019393837625002356,0.9488587622373655,0.0,5,216.647,0.562354,0.0688843,14892.2,0.0,4.0881,13.6094,53.2968,199.9580,99.9932,78.9832,71.0415,65.3062,61.7509,58.5670,55.6993,53.1032,49.8563,46.6080,41.5540,34.2080,26.5526,20.4227,11.9859
7.760,0.05641830444716077,0.9500117696786899,0.0,6,217.716,0.446072,0.124626,13728.1,0.0,5.5299,17.7594,50.7994,200.0000,116.8290,86.5077,76.0074,68.7197,64.3205,60.4550,57.0318,53.9794,50.2228,46.5304,40.9126,33.0119,25.0945,18.9738,10.8464
7.868,0.018487150001245643,0.9503895871570631,0.0,6,218.554,0.288376,0.121228,13635.5,0.0,6.9268,20.4454,48.4661,200.0000,150.4180,99.7239,84.5490,74.6248,68.8579,63.9229,59.6521,55.9203,51.4232,47.1026,40.7111,32.0751,23.8093,17.6683,9.8171
7.979,0.0025626904256894224,0.9501278903883764,0.0,6,220.398,0.148394,0.117554,13717.9,0.0,8.2507,24.0535,55.6868,196.2770,144.3850,93.2984,78.5049,68.9497,63.4400,58.7499,54.7094,51.1925,46.9714,42.9334,36.9908,29.0198,21.4521,15.8686,8.7758
8.090,0.06064922059656491,0.9504276375912132,0.0,6,222.117,0.0208015,0.0936487,13847.6,0.0,9.2104,24.9240,50.8533,194.1400,178.0850,122.5090,95.7982,80.4607,72.2094,65.4976,59.9316,55.2414,49.7924,44.7553,37.6367,28.6005,20.5207,14.8459,7.9529
8.199,0.01987353660508239,0.9495846966452637,0.0,6,223.853,-0.0830167,0.0738378,13944.4,0.0,9.9509,25.4898,48.0677,134.4910,178.0400,165.5910,124.6100,97.6299,84.5599,74.5810,66.7134,60.3514,53.2492,46.9441,38.4325,28.2499,19.6845,13.9489,7.2647
8.309,0.0065121604747533975,0.9493084817560951,0.0,6,225.613,-0.169779,0.0687509,14049.2,0.0,10.6852,27.0110,50.0529,131.4440,171.8720,160.9870,127.4960,97.1491,83.0385,72.5119,64.3582,57.8569,50.6940,44.4176,36.0649,26.2498,18.1392,12.7807,6.6064
8.420,0.0021339047443671936,0.9486156279112121,0.0,6,227.364,-0.250048,0.0672957,14149.4,0.0,11.3994,28.7092,52.9436,136.7420,164.5210,153.7290,119.6220,90.3162,76.8715,66.9154,59.2464,53.1582,46.4777,40.6473,32.9216,23.8918,16.4694,11.5849,5.9753
8.530,0.000699237906634242,0.949932099422696,0.0,6,229.091,-0.328547,0.0668133,14254.8,0.0,12.1085,30.4578,56.0792,168.4290,156.7910,145.7100,108.4910,81.6523,69.3961,60.3431,53.3830,47.8659,41.8202,36.5509,29.5791,21.4449,14.7706,10.3842,5.3521
8.641,0.06928046799537091,0.949610551120079,0.0,6,230.786,-0.405773,0.0595914,14360.9,0.0,12.7078,31.3930,56.4991,161.7740,150.9070,141.5860,119.1780,84.6364,70.1251,59.8656,52.2283,46.3224,39.9957,34.6013,27.6291,19.7237,13.4138,9.3505,4.7668
8.748,0.022701823752723137,0.9502581158597775,0.0,6,232.422,-0.468392,0.0364482,14463.5,0.0,12.9398,30.2868,51.1844,102.9010,148.5290,142.1540,137.5780,131.8010,115.0750,87.5311,70.6308,59.2041,48.2763,39.8726,30.0736,20.1932,13.1036,8.8649,4.3550
8.861,0.007438933607292317,0.9495291477643069,0.0,6,234.083,-0.513423,0.0300702,14558.6,0.0,13.2461,30.5749,50.8973,98.7308,141.9730,136.1020,132.0580,127.4110,122.3050,97.1029,75.2689,61.4552,48.8979,39.6469,29.2774,19.2506,12.3067,8.2506,4.0100
8.969,0.002437589764437546,0.949478511920658,0.0,6,235.724,-0.550429,0.0282926,14656.4,0.0,13.5444,31.1446,51.6357,99.2353,134.4390,128.7580,124.8910,120.5260,115.9840,95.3529,72.8822,58.9860,46.5629,37.5352,27.5392,17.9950,11.4541,7.6591,3.7112
9.070,0.08395459124897964,0.9502148492549112,0.0,6,237.163,-0.579649,0.0157215,14753.2,0.0,13.6196,30.5086,49.2336,89.2032,129.4850,124.5170,121.3050,117.9660,115.0790,111.3620,103.1710,76.0386,55.5817,42.5170,29.5223,18.3482,11.2965,7.4094,3.5120
9.189,0.02200819236837252,0.9487855601149544,0.0,6,238.828,-0.590089,-0.0125821,14854.7,0.0,13.3257,28.2734,43.3263,71.0138,125.1830,121.2570,118.8570,116.5260,114.6950,112.6830,110.4310,107.8300,103.0600,79.2197,42.9977,22.4872,12.5747,7.8415,3.5228
9.290,0.007211644475268305,0.8927711499947183,0.0,6,240.215,-0.579397,-0.0174734,14918.5,0.0,13.1735,27.7056,42.1228,68.0809,118.6540,114.9470,112.7090,110.5580,108.8870,107.0760,105.0870,102.8570,99.0912,92.0804,48.2381,24.1475,13.2272,8.1671,3.6330
9.390,0.002363111661655918,0.2925432504302693,0.13176269531249998,6,239.64,-0.561446,-0.0188026,14646.5,0.0,13.0071,27.2910,41.4057,66.6766,111.6340,108.0720,105.9400,103.9080,102.3400,100.6540,98.8211,96.7965,93.4849,88.2446,51.6063,25.5007,13.8868,8.5506,3.7932
9.510,0.000619475543433129,0.0766884578407925,0.7937997673919677,6,228.041,-0.537463,-0.0191694,13592.1,0.0,12.8028,26.8449,40.7054,65.4833,103.2380,99.8338,97.8172,95.9103,94.4502,92.8922,91.2155,89.3885,86.4783,82.2510,54.8222,26.9906,14.6741,9.0285,4.0022
9.611,0.00020298974607216766,0.02512927386527089,0.8784223235120133,6,214.734,-0.51811,-0.0185497,12653.0,0.0,12.6491,26.5520,40.3004,64.9418,96.5143,93.2286,91.2972,89.4819,88.0996,86.6331,85.0655,83.3727,80.7194,77.0226,56.4263,27.9524,15.2390,9.3883,4.1670
9.728,5.321254399434231e-05,0.006587488368137573,0.8948602890210182,6,198.5,-0.496736,-0.0179181,11614.9,0.0,12.4786,26.2235,39.8414,94.3899,88.9815,85.8413,84.0125,82.3057,81.0147,79.6540,78.2112,76.6687,74.2929,71.1108,58.2124,29.0160,15.8631,9.7856,4.3490
9.829,1.7436686416066087e-05,0.00215858818847132,0.8963170809156551,6,185.22,-0.480558,-0.01762,10816.7,0.0,12.3473,25.9613,39.4617,88.4187,83.1580,80.1417,78.3984,76.7809,75.5641,74.2886,72.9447,71.5195,69.3526,66.5275,58.5215,29.8636,16.3479,10.0909,4.4874
9.929,5.7136534048165355e-06,0.0007073261775982822,0.8971619147741132,6,172.456,-0.465735,-0.0173717,10012.4,0.0,12.2266,25.7189,39.1086,82.8274,77.7194,74.8259,73.1661,71.6347,70.4888,69.2938,68.0423,66.7247,64.7446,62.2197,55.9330,30.6434,16.7929,10.3709,4.6142
10.029,1.8722499476902822e-06,0.00023177664187540512,0.8978803677926965,5,160.345,-0.452133,-0.0173101,10040.1,0.0,12.1139,25.4845,38.7560,77.6140,72.6638,69.8927,68.3147,66.8667,65.7889,64.6704,63.5057,62.2878,60.4765,58.2098,52.9663,31.4052,17.2150,10.6329,4.7314
10.137,6.134988628591517e-07,7.594857000973275e-05,0.8971421901214615,5,148.337,-0.43963,-0.0170874,9173.91,0.0,12.0122,25.2806,38.4595,72.7412,67.9476,65.2943,63.7940,62.4246,61.4102,60.3624,59.2770,58.1490,56.4864,54.4379,49.9239,32.0540,17.5877,10.8681,4.8383
10.249,1.6082504590534944e-07,1.990946193663138e-05,0.8979215906778215,5,134.542,-0.426052,-0.0166388,8149.64,0.0,11.9040,25.0731,38.1710,67.3374,62.7291,60.2116,58.7994,57.5181,56.5742,55.6041,54.6050,53.5735,52.0675,50.2403,46.3766,32.6916,17.9725,11.1161,4.9532
10.370,4.215932083381192e-08,5.219145989916296e-06,0.8785064428527586,4,121.548,-0.413945,-0.0165448,7903.3,0.0,11.8040,24.8667,68.9703,62.4455,58.0232,55.6374,54.3094,53.1114,52.2334,51.3353,50.4153,49.4711,48.1040,46.4669,43.1099,33.3517,18.3428,11.3474,5.0572
10.490,1.105181300065879e-08,1.3681678063806174e-06,0.7486798280639098,4,109.025,-0.40317,-0.0165358,7047.78,0.0,11.7142,24.6778,64.3917,58.0226,53.7812,51.5204,50.2709,49.1498,48.3321,47.4993,46.6503,45.7835,44.5376,43.0617,40.1057,32.8061,18.6792,11.5557,5.1501
10.590,3.6214580840558727e-09,4.483212267948007e-07,0.19261371730499624,3,100.478,-0.395142,-0.0161592,9096.53,0.0,11.6514,24.5621,60.8780,54.6382,50.5401,48.3762,47.1870,46.1244,45.3522,44.5684,43.7721,42.9623,41.8045,40.4432,37.7587,31.5601,18.8940,11.6976,5.2174
10.690,1.1866793849834284e-09,1.4690589959612028e-07,0.032372587467450725,3,95.2878,-0.387728,-0.0159743,8663.21,0.0,11.5916,24.4440,57.5712,51.4668,47.5119,45.4429,44.3120,43.3057,42.5769,41.8395,41.0928,40.3363,39.2598,38.0028,35.5567,30.1661,19.1076,11.8343,5.2803
10.809,3.1108088069709593e-10,3.851050014372536e-08,0.003808602542958111,3,94.0155,-0.379358,-0.0154753,8545.11,0.0,11.5272,24.6418,53.6823,47.7503,43.9705,42.0154,40.9537,40.0136,39.3355,38.6519,37.9625,37.2669,36.2825,35.1416,32.9524,28.3262,19.3196,11.9778,5.3498
10.909,0.033095916958111746,1.2619120687095925e-08,0.0006401118293949698,3,93.427,-0.372481,-0.0164135,8492.83,0.0,11.4594,27.1015,50.5238,44.7558,41.1334,39.2779,38.2762,37.3927,36.7578,36.1196,35.4781,34.8331,33.9243,32.8773,30.8898,26.8075,19.5595,12.1453,5.4143
11.010,0.09653571155222272,4.135033466747593e-09,0.00010758359516641256,3,92.8501,-0.361509,-0.0355045,8441.14,0.0,11.1636,55.7969,48.5107,42.9767,39.5478,37.8075,36.8732,36.0522,35.4640,34.8744,34.2835,33.6914,32.8606,31.9083,30.1166,26.5181,20.5370,13.1287,5.6208
11.128,0.09906589867564822,1.083974213107081e-09,1.2657102387733275e-05,3,92.1469,-0.33409,-0.0743579,8376.51,0.0,10.5645,54.0367,47.0287,41.7922,38.5905,36.9800,36.1195,35.3662,34.8281,34.2902,33.7524,33.2148,32.4629,31.6051,30.0030,26.8358,21.7557,15.4158,6.1222
11.229,0.22273212983357019,3.5519667015092823e-10,2.127279198306332e-06,3,91.5251,-0.296638,-0.110287,8320.97,0.0,9.9660,52.7328,45.9434,40.9313,37.8963,36.3787,35.5708,34.8650,34.3617,33.8593,33.3578,32.8575,32.1592,31.3646,29.8860,26.9882,22.4104,16.7977,6.7524
11.349,0.15457840977060394,9.311267590004493e-11,2.502722704015417e-07,3,90.6352,-0.22364,-0.191584,8236.15,0.0,8.8583,16.9518,46.7018,41.9623,39.1042,37.6784,36.9203,36.2586,35.7871,35.3166,34.8472,34.3790,33.7260,32.9835,31.6035,28.9020,24.6355,19.3521,8.3252
11.469,0.0405218026509052,2.4408929311141378e-11,2.944428234047098e-08,3,89.955,-0.122033,-0.23182,8180.35,0.0,7.9145,15.6217,45.1426,40.6160,37.9130,36.5728,35.8621,35.2431,34.8028,34.3640,33.9270,33.4918,32.8856,32.1976,30.9230,28.4438,24.5673,19.8150,9.5998
11.590,0.010622547434118893,6.398654365339845e-12,3.464090373074071e-09,3,89.359,-0.00682004,-0.241826,8127.74,0.0,7.2062,48.0840,41.9938,37.6737,35.1325,33.8838,33.2248,32.6526,32.2465,31.8427,31.4414,31.0425,30.4885,29.8618,28.7062,26.4800,23.0548,18.9382,10.0999
11.709,0.3844012239744036,0.002823486329802369,4.0754676830179147e-10,3,88.6469,0.107491,-0.214376,8063.6,0.0,6.6529,45.5813,39.6582,35.5274,33.1269,31.9555,31.3397,30.8062,30.4283,30.0532,29.6808,29.3113,28.7991,28.2210,27.1591,25.1263,22.0322,18.3554,10.4368
11.810,0.42632949116073043,0.016426516406799638,6.849638534848209e-11,2,87.7098,0.195305,-0.231478,10057.6,0.0,5.8859,14.3446,41.0444,36.9648,34.5860,33.4224,32.8099,32.2788,31.9023,31.5283,31.1569,30.7881,30.2763,29.6982,28.6344,26.5908,23.4580,19.6906,11.3424
11.932,0.11175971813083851,0.006310712716944085,8.05853123986357e-12,2,86.6016,0.298843,-0.246054,9849.35,0.0,5.0466,10.1850,42.3622,38.3484,36.0014,34.8510,34.2449,33.7189,33.3459,32.9751,32.6067,32.2406,31.7323,31.1575,30.0983,28.0574,24.9089,21.0809,12.3532
12.051,0.12377021664545225,0.0016543154744705902,9.480781418387092e-13,2,85.4907,0.393806,-0.201043,9749.42,0.0,4.4949,9.6846,40.8978,37.0137,34.7596,33.6598,33.0814,32.5802,32.2251,31.8726,31.5225,31.1751,30.6933,30.1491,29.1482,27.2267,24.2796,20.7188,12.5978
12.172,0.3320306815055158,0.0004336688757396184,1.1154044530918233e-13,2,84.2638,0.477425,-0.17833,9601.85,0.0,3.9275,8.4384,40.4559,36.6600,34.4650,33.3958,32.8341,32.3476,32.0031,31.6612,31.3219,30.9852,30.5183,29.9913,29.0227,27.1656,24.3212,20.8861,12.9998
12.289,0.21397746338768192,0.00011368369376188654,1.3122621850179996e-14,2,83.0605,0.555612,-0.181517,9459.96,0.0,3.3156,6.6526,41.1487,37.3904,35.2148,34.1542,33.5967,33.1138,32.7717,32.4321,32.0950,31.7605,31.2964,30.7723,29.8085,27.9580,25.1155,21.6656,13.6359
12.394,0.3886090536192701,3.725187277189497e-05,2.205519054359752e-15,2,81.9723,0.618209,-0.182496,9333.63,0.0,2.8366,5.4750,10.0109,37.9010,35.7418,34.6887,34.1350,33.6554,33.3156,32.9781,32.6431,32.3105,31.8491,31.3279,30.3692,28.5267,25.6913,22.2384,14.1234
12.509,0.15790325410561995,9.765354935915635e-06,2.594771112263705e-16,2,80.7305,0.694269,-0.195772,9191.17,0.0,2.2397,4.0756,6.0086,39.0116,36.8572,35.8048,35.2510,34.7709,34.4306,34.0926,33.7568,33.4234,32.9605,32.4374,31.4740,29.6186,26.7519,23.2385,14.8542
12.611,0.051741738305329556,3.1999115054008357e-06,4.36103180838161e-17,2,79.9726,0.75392,-0.164297,9133.01,0.0,1.8399,3.4347,5.1244,38.1619,36.0612,35.0378,34.4999,34.0339,33.7038,33.3761,33.0508,32.7279,32.2800,31.7742,30.8437,29.0552,26.3014,22.9390,14.9364
12.728,0.013563786246312309,8.388376016717966e-07,5.13071031224288e-18,2,79.2181,0.807624,-0.0902624,9055.97,0.0,1.5243,3.1678,5.5358,35.6798,33.6910,32.7281,32.2237,31.7876,31.4792,31.1734,30.8702,30.5697,30.1535,29.6844,28.8241,27.1797,24.6707,21.6419,14.5416
12.828,0.10394367942768967,0.022174054167180317,8.6231848217866095e-19,2,78.6463,0.828443,-0.0268285,9008.36,0.0,1.4412,3.4362,37.1542,33.5321,31.6407,30.7300,30.2542,29.8436,29.5537,29.2665,28.9821,28.7005,28.3111,27.8730,27.0714,25.5464,23.2374,20.4764,14.0941
12.949,0.27579776026210046,0.11012277064622632,1.0145090710983729e-19,2,78.3115,0.834634,0.00263143,9041.27,0.0,1.4314,3.7154,36.6796,32.6982,30.7929,29.9020,29.4372,29.0364,28.7535,28.4736,28.1966,27.9224,27.5436,27.1175,26.3389,24.8613,22.6320,19.9788,13.8904
13.049,0.19794628830488203,0.16030035761035544,1.705085395795036e-20,2,78.5746,0.834047,0.0124824,9106.2,0.0,1.4518,3.9033,37.2801,32.7668,30.6244,29.6841,29.2139,28.8145,28.5326,28.2538,27.9778,27.7048,27.3275,26.9034,26.1289,24.6605,22.4482,19.8205,13.8125
13.173,0.11336461626814141,0.181681198820409,2.006015917298902e-21,2,79.1706,0.821704,0.0549189,9185.44,0.0,1.6404,5.8131,36.1737,31.6444,29.3925,28.4105,27.9207,27.5102,27.2267,26.9510,26.6829,26.4214,26.0607,25.6559,24.9176,23.5226,21.4327,18.9676,13.3969
13.292,0.16316896615395046,0.1890027377460773,2.3600576665429857e-22,2,79.8541,0.788009,0.10665,9268.72,0.0,2.0955,40.2242,34.4226,30.0580,27.7726,26.7816,26.2886,25.8760,25.5915,25.3150,25.0463,24.7851,24.4316,24.0441,23.3517,22.0494,20.1118,17.8458,12.8026
13.411,0.2253725195865307,0.1895727852462077,2.7765842441111573e-23,2,80.4566,0.736657,0.137922,9348.64,0.0,2.7488,39.0541,33.5009,29.4135,26.9780,25.9049,25.3737,24.9304,24.6253,24.3295,24.0424,23.7639,23.3875,22.9759,22.2532,20.9746,19.1250,16.9776,12.2607
13.529,0.2710219522226161,0.18365210063745688,3.2666235973543357e-24,2,80.9812,0.673978,0.157185,9409.6,0.0,3.5540,38.2728,32.9353,29.1049,26.8004,25.6482,25.0457,24.5447,24.2011,23.8688,23.5472,23.2360,22.8167,22.3597,21.5613,20.1632,18.2958,16.2243,11.7314
13.629,0.30562626947900995,0.13683639768063188,5.490214280073432e-25,2,81.193,0.616746,0.163004,9392.81,0.0,4.2743,37.9499,32.7536,29.0899,26.9200,25.8445,25.2733,24.7753,24.4207,24.0672,23.7149,23.3639,22.8821,22.3589,21.4507,19.8773,17.8101,15.7084,11.3196
13.733,0.31841276745129404,0.045995050791989456,9.227403140519418e-26,2,80.7929,0.558894,0.153111,9265.48,0.0,4.8961,38.2166,33.1119,29.5639,27.4862,26.4624,25.9214,25.4512,25.1173,24.7850,24.4541,24.1245,23.6653,23.1441,22.1786,20.3248,17.8706,15.4582,10.9935
13.851,0.3305225807859594,0.012057326594815284,1.0855947520789689e-26,2,79.7964,0.494275,0.129307,9112.56,0.0,5.4540,38.9716,33.9092,30.4363,28.4218,27.4351,26.9151,26.4641,26.1443,25.8264,25.5103,25.1958,24.7585,24.2633,23.3486,21.5791,18.8117,15.7369,10.7012
13.954,0.3408616487928982,0.003950944778589072,1.824559099819123e-27,2,78.8115,0.447675,0.103503,8990.41,0.0,5.7512,39.8259,34.7488,31.2955,29.3039,28.3319,27.8209,27.3782,27.0644,26.7524,26.4424,26.1343,25.7064,25.2225,24.3306,22.6093,19.9315,16.6179,10.5450
14.069,0.3518706067467313,0.0010357164680384538,2.1465755353462e-28,2,77.5636,0.403398,0.0674014,8840.78,0.0,5.7718,41.1037,35.9562,32.4830,30.4911,29.5219,29.0130,28.5724,28.2605,27.9508,27.6432,27.3377,26.9136,26.4345,25.5523,23.8544,21.2225,17.9756,10.6898
14.172,0.3483009757870691,0.0003393835722468405,3.607749502256358e-29,2,76.5107,0.377665,0.0350456,8719.79,0.0,5.5174,42.3297,37.0866,33.5679,31.5571,30.5808,30.0687,29.6256,29.3121,29.0008,28.6917,28.3849,27.9593,27.4787,26.5949,24.8957,22.2687,19.0334,11.2269
14.274,0.29959150910030385,0.025078357646453844,6.063544588442262e-30,2,75.5976,0.36989,-0.0434425,8650.28,0.0,5.1288,11.5149,38.0717,34.4995,32.4649,31.4792,30.9627,30.5161,30.2000,29.8863,29.5750,29.2662,28.8380,28.3549,27.4674,25.7627,23.1345,19.9057,12.0512
14.395,0.3038194639017613,0.077113111689997,7.133699572856438e-31,2,74.905,0.398995,-0.137939,8634.15,0.0,4.5210,8.7466,39.0234,35.3844,33.3205,32.3228,31.8005,31.3494,31.0303,30.7137,30.3998,30.0885,29.6571,29.1708,28.2782,26.5672,23.9381,20.7202,12.9017
14.513,0.3275422356305875,0.10953328251961257,8.392726210469872e-32,2,74.6016,0.468637,-0.228153,8630.66,0.0,3.7577,6.8452,39.9131,36.1981,34.0991,33.0867,32.5573,32.1003,31.7772,31.4569,31.1394,30.8247,30.3889,29.8979,28.9976,27.2750,24.6365,21.4198,13.6307
14.630,0.15031356109748537,0.1281387615628213,9.873958459355699e-33,2,74.6447,0.574456,-0.277854,8644.24,0.0,2.9887,5.4003,9.6803,36.6434,34.5194,33.4976,32.9640,32.5035,32.1782,31.8558,31.5365,31.2202,30.7825,30.2897,29.3873,27.6641,25.0348,21.8451,14.1727
14.752,0.1573510363029466,0.15111530126112424,1.1616613387847385e-33,2,75.0373,0.672751,-0.19775,8686.7,0.0,2.4135,4.7059,39.1662,35.4522,33.3779,32.3846,31.8667,31.4203,31.1054,30.7938,30.4856,30.1806,29.7590,29.2847,28.4174,26.7699,24.2723,21.2712,14.1667
14.876,0.26062310008275297,0.17962967773692115,1.366682948466857e-34,2,75.4843,0.745921,-0.136388,8762.71,0.0,1.9563,4.0618,38.4491,34.7463,32.6913,31.7105,31.2003,30.7613,30.4517,30.1455,29.8427,29.5433,29.1298,28.6655,27.8185,26.2136,23.7956,20.9121,14.1784
14.989,0.14782387941241584,0.19868792192816748,1.6078888220417729e-35,2,76.1519,0.797358,-0.0833919,8849.41,0.0,1.6249,3.6039,37.8999,34.1850,32.1346,31.1599,30.6534,30.2178,29.9110,29.6078,29.3083,29.0125,28.6044,28.1466,27.3120,25.7360,23.3742,20.5782,14.1368
15.093,0.09621297686185026,0.2069956578667969,2.7023787432056073e-36,2,76.8199,0.81881,-0.0225046,8937.17,0.0,1.5361,3.9360,36.4994,32.8559,30.8589,29.9128,29.4225,29.0013,28.7050,28.4123,28.1234,27.8381,27.4450,27.0045,26.2037,24.6963,22.4507,19.8128,13.8252
15.194,0.18964597028540983,0.215462790294792,4.541887953705665e-37,2,77.4698,0.819635,0.0316687,9025.54,0.0,1.6201,5.3065,35.1990,31.6116,29.6589,28.7369,28.2598,27.8507,27.5632,27.2797,26.9999,26.7239,26.3437,25.9182,25.1458,23.6979,21.5520,19.0510,13.4584
15.315,0.21883303269274024,0.22921097379278793,5.343485758655179e-38,2,78.2821,0.801196,0.0725465,9139.65,0.0,1.8809,40.1540,34.3417,30.7384,28.7892,27.8729,27.3996,26.9941,26.7093,26.4286,26.1519,25.8792,25.5041,25.0849,24.3254,22.9054,20.8146,18.3968,13.0771
15.416,0.222962620507179,0.23235721712679575,8.980796514571758e-39,2,78.9986,0.773191,0.0988076,9225.27,0.0,2.2290,39.6876,33.7723,30.1313,28.1725,27.2538,26.7800,26.3747,26.0903,25.8103,25.5344,25.2626,24.8890,24.4717,23.7165,22.3099,20.2476,17.8791,12.7362
15.534,0.2886757340242774,0.23546273977961174,1.0565817291428533e-39,2,79.7775,0.728336,0.118977,9347.61,0.0,2.7614,39.5268,33.4130,29.6781,27.6794,26.7455,26.2648,25.8539,25.5657,25.2821,25.0029,24.7280,24.3506,23.9296,23.1694,21.7571,19.6985,17.3517,12.3343
15.651,0.3068714560107316,0.23533567180053655,1.2430578385192756e-40,2,80.5049,0.677064,0.124482,9443.97,0.0,3.3289,40.2073,33.5837,29.6776,27.5962,26.6266,26.1280,25.7021,25.4038,25.1103,24.8216,24.5377,24.1481,23.7141,22.9311,21.4805,19.3777,16.9981,11.9836
15.752,0.3110115442589969,0.2333763144199748,2.0892073091993467e-41,2,81.0781,0.632545,0.123166,9505.7,0.0,3.8004,41.4784,33.9334,29.8504,27.6822,26.6737,26.1556,25.7136,25.4042,25.0999,24.8009,24.5070,24.1037,23.6546,22.8454,21.3508,19.1921,16.7649,11.7105
15.875,0.3118912970216746,0.23421529666105986,2.4579315071999395e-42,2,81.7266,0.579371,0.117345,9580.42,0.0,4.3370,44.1372,34.6596,30.2123,27.9224,26.8595,26.3143,25.8494,25.5243,25.2048,24.8909,24.5824,24.1595,23.6889,22.8425,21.2834,19.0426,16.5412,11.4068
15.994,0.31229238622072136,0.23594952300916686,2.8917318389056567e-43,2,82.3623,0.52837,0.108491,9661.07,0.0,4.8192,48.7695,36.1713,30.7682,28.3049,27.1795,26.6030,26.1119,25.7685,25.4312,25.0999,24.7746,24.3289,23.8335,22.9436,21.3085,18.9702,16.3786,11.1345
16.095,0.3130657417555423,0.23977859009026878,4.860133701648738e-44,2,82.8958,0.48867,0.0995433,9730.66,0.0,5.1674,55.3501,38.3584,31.6905,28.7905,27.5575,26.9486,26.4327,26.0721,25.7181,25.3705,25.0293,24.5623,24.0435,23.1126,21.4049,18.9732,16.2942,10.9365
16.209,0.3147330190239296,0.2442643859081234,5.717898698652723e-45,2,83.5495,0.445634,0.0855748,9808.98,0.0,5.5018,70.7104,42.9874,33.8184,30.0762,28.5267,27.7713,27.1467,26.7198,26.3082,25.9110,25.5275,25.0124,24.4530,23.4641,21.6544,19.0886,16.2817,10.7466
16.312,0.31770269853362926,0.24361754030249885,9.610072342825631e-46,2,84.0903,0.414487,0.0714385,9870.22,0.0,5.7031,140.0840,50.0136,36.9978,32.0989,30.1342,29.1894,28.4145,27.8881,27.3830,26.8978,26.4315,25.8085,25.1360,23.9771,21.9948,19.2959,16.3594,10.6360
16.428,0.3200390286847032,0.24667089171943327,1.1306154010610927e-46,2,84.7165,0.38398,0.0526835,9950.39,0.0,5.8493,101.2700,67.8899,44.0159,36.5020,33.6624,32.3299,31.2525,30.5286,29.8397,29.1833,28.5574,27.7283,26.8426,25.3384,22.8278,19.6976,16.5722,10.5685
16.530,0.3230611311394231,0.24812557678299887,1.900225304563379e-47,2,85.2389,0.365133,0.0356652,10010.9,0.0,5.8905,66.1019,127.7790,55.7169,43.3346,39.0357,37.0838,35.5349,34.5084,33.5421,32.6308,31.7701,30.6425,29.4532,27.4687,24.2517,20.3976,16.8649,10.5747
16.634,0.32669219846877906,0.2505779354846281,3.193708669379671e-48,2,85.7636,0.353043,0.0163977,10075.2,0.0,5.8558,27.4357,96.9342,136.2470,56.8975,49.1867,45.8829,43.3425,41.6972,40.1753,38.7634,37.4500,35.7586,34.0092,31.1670,26.7522,21.7531,17.4232,10.6477
16.750,0.3316492150687853,0.27229291442905734,3.75736631243849e-49,2,86.4374,0.348327,-0.00838548,10181.6,0.0,5.7181,18.1521,57.4045,98.6890,121.0370,132.8690,139.4180,145.3010,61.5388,57.4806,54.4107,51.6563,48.2434,44.8641,39.6746,32.2766,24.7436,18.8369,10.8340
16.853,0.25317327134077033,0.34532644610636354,6.315005561315372e-50,2,87.3524,0.3531,-0.0296477,10378.1,0.0,5.5326,14.4689,28.5375,69.7010,91.1064,101.6360,107.3630,112.4640,116.1660,119.9240,123.7400,127.6190,133.1620,139.6680,54.7365,41.0792,29.1459,20.9168,11.0813
16.969,0.06999133556171488,0.4714073875287315,7.429540892831921e-51,2,89.5556,0.364285,-0.0261071,10705.4,0.0,5.4410,12.6713,21.2970,42.2532,68.9213,79.1090,84.4395,89.1144,92.4761,95.8661,99.2909,102.7560,107.6840,113.4400,124.6470,53.2709,34.3538,23.1670,11.3379
17.079,0.02293476083686273,0.5894382532141648,1.248682937858261e-51,2,92.5796,0.3666,0.0091626,11196.2,0.0,5.4770,12.3572,20.0872,36.9589,61.4428,71.3762,76.5049,80.9840,84.1975,87.4329,90.6978,93.9983,98.6893,104.1650,114.8170,137.9610,36.1833,23.8652,11.3831
17.191,0.00751526243102318,0.7031470623600925,2.098661413658379e-52,2,96.4705,0.3585,0.0136773,11856.6,0.0,5.5193,12.3126,19.7877,35.5457,57.7466,67.1623,72.0582,76.3450,79.4262,82.5324,85.6701,88.8452,93.3624,98.6417,108.9290,131.3340,36.8373,24.0820,11.3728
17.299,0.0024626011933976755,0.764665053612905,3.5272202379356384e-53,2,100.882,0.351971,0.0113084,12730.7,0.0,5.5620,12.3491,19.7532,35.1433,55.2344,64.0337,68.6765,72.7650,75.7137,78.6934,81.7097,84.7670,89.1250,94.2289,104.2000,126.0020,37.0471,24.1252,11.3443
17.409,0.0008069451590525503,0.7907096732835017,5.928199053898428e-54,2,105.716,0.346301,0.00990265,13399.8,0.0,5.6026,12.4046,19.7876,35.0088,52.9653,61.1387,65.5205,69.4042,72.2166,75.0664,77.9582,80.8960,85.0931,90.0208,99.6770,120.8920,37.1244,24.1190,11.3123
17.522,0.0002644197897183397,0.8024077848040378,9.96352414988709e-55,2,110.686,0.341121,0.00890559,14055.6,0.0,5.6412,12.4656,19.8465,34.9769,50.7022,58.2624,62.3783,66.0510,68.7221,71.4375,74.1999,77.0136,81.0430,85.7870,95.1170,115.7280,37.1478,24.0938,11.2798
17.630,8.664507669490555e-05,0.807108396987087,1.6745695038715233e-55,2,115.713,0.336203,0.00798386,14718.1,0.0,5.6780,12.5241,19.9043,34.8187,48.3336,55.2967,59.1427,62.5980,65.1221,67.6968,70.3242,73.0064,76.8587,81.4081,90.3925,110.3640,37.5191,24.0681,11.2486
17.739,2.8391858731386645e-05,0.8118125041341037,2.8144489651568694e-56,3,120.446,0.331678,0.00696724,11920.8,0.0,5.7108,12.5714,19.9408,34.0315,45.8061,52.1868,55.7588,58.9896,61.3607,63.7873,66.2715,68.8146,72.4785,76.8202,85.4333,104.7140,39.0134,24.0558,11.2218
17.849,9.303444269100775e-06,0.8133539459640381,4.73024437573915e-57,3,122.156,0.327512,0.00669449,11751.4,0.0,5.7448,12.6395,20.0385,32.9767,43.3620,49.2005,52.5086,55.5203,57.7411,60.0218,62.3639,64.7690,68.2452,72.3799,80.6229,99.2212,42.7599,23.9991,11.1897
17.961,3.048552618098942e-06,0.814943264372871,7.950121722304789e-58,3,126.003,0.323533,0.00599926,12082.1,0.0,5.7748,12.6881,20.0891,31.5308,40.7171,46.0273,49.0697,51.8572,53.9218,56.0498,58.2423,60.5008,63.7765,67.6885,75.5305,93.3810,130.6980,23.9898,11.1638
18.069,-0.04338529760519996,0.8124688979322023,1.336176957867766e-58,3,129.784,0.319531,0.0074746,12428.9,0.0,5.8176,12.8192,20.2535,30.1468,38.3477,43.1906,45.9926,48.5751,50.4965,52.4839,54.5385,56.6615,59.7522,63.4589,70.9339,88.1160,124.4710,24.1868,11.1138
18.181,-0.030663093388871927,0.8066857498806741,2.2457126130883545e-59,3,133.481,0.309584,0.0272519,12760.5,0.0,6.0248,13.8229,21.5195,30.9910,38.9720,43.7429,46.5204,49.0905,51.0088,52.9975,55.0586,57.1942,60.3112,64.0614,71.6597,89.2655,127.1190,23.2718,10.8213
18.289,-0.010047682441665554,0.8060993197240243,3.7743691888175976e-60,3,137.141,0.290751,0.0365302,13099.9,0.0,6.2506,14.3648,21.4368,30.1273,37.5614,42.0596,44.6960,47.1464,48.9817,50.8899,52.8730,54.9328,57.9496,61.5934,69.0179,86.3860,124.3090,23.4949,10.5733
18.400,-0.0032924245824849686,0.8051542286027934,6.343582295645736e-61,3,140.792,0.265927,0.0391604,13429.3,0.0,6.4878,14.2359,20.5337,28.2497,34.9324,39.0237,41.4380,43.6927,45.3880,47.1561,48.9998,50.9207,53.7446,57.1712,64.1998,80.8404,117.6260,24.9018,10.3647
18.512,-0.05570202686619257,0.8071409766910633,1.066165876429179e-61,3,144.426,0.237733,0.0426013,13750.6,0.0,6.6596,13.8116,19.4288,26.2854,32.2799,35.9868,38.1885,40.2537,41.8123,43.4433,45.1492,46.9327,49.5640,52.7732,59.4038,75.3105,111.0420,27.2510,10.3235
18.620,-0.2245303415102046,0.8068508321952527,1.7919049885145213e-62,3,147.747,0.205519,0.0593316,14209.3,0.0,7.0116,14.8200,21.1245,28.9675,35.9092,40.2268,42.7973,45.2118,47.0355,48.9452,50.9436,53.0338,56.1202,59.8850,67.6664,86.3310,132.1380,24.1593,9.9307
18.730,-0.07357410230606384,0.8069439900687404,3.0116547141963564e-63,3,150.946,0.169701,0.0859553,14546.5,0.0,7.5478,16.7533,24.5776,34.5680,43.4993,49.0610,52.3695,55.4738,57.8158,60.2657,62.8269,65.5021,69.4463,74.2465,84.1328,108.1120,42.3498,20.4538,9.3619
18.842,-0.024108761843651,0.8078418910407249,5.061688078149816e-64,3,154.458,0.12676,0.077397,14740.1,0.0,7.8743,17.3435,25.4083,35.7852,45.1442,51.0061,54.5033,57.7912,60.2756,62.8781,65.6015,68.4494,72.6539,77.7784,88.3574,116.1450,38.0766,19.7309,9.0636
18.952,-0.007899959080927558,0.8088890449187248,8.507179152946396e-65,3,158.033,0.0858434,0.0516106,15000.3,0.0,8.0300,17.0657,24.5771,34.2094,42.9607,48.4879,51.8038,54.9326,57.3046,59.7960,62.4097,65.1507,69.2093,74.1768,84.4909,112.1310,44.3596,20.2673,8.9291
19.061,-0.0025886585916383422,0.8092321763014677,1.4298016002357012e-65,4,158.649,0.0591583,0.0232384,12131.8,0.0,8.0392,16.4567,23.2643,31.9305,39.8411,44.8760,47.9132,50.7911,52.9800,55.2858,57.7128,60.2659,64.0605,68.7274,78.4873,104.5370,145.5250,21.5023,8.9418
19.171,-0.0008482516473080518,0.8093446135929648,2.403067549516143e-66,4,161.286,0.0523504,-0.0039447,12307.4,0.0,7.8981,15.6410,21.7524,29.4733,36.5422,41.0714,43.8171,46.4295,48.4229,50.5293,52.7535,55.1012,58.6045,62.9356,72.0647,96.2859,139.2260,23.4671,9.1263
19.281,-0.0002779550997899024,0.8093814570446427,4.0388356304717825e-67,4,163.871,0.0666529,-0.0296705,12504.5,0.0,7.6055,14.6261,20.0506,26.8526,33.0919,37.1128,39.5618,41.9012,43.6924,45.5903,47.6013,49.7307,52.9227,56.8907,65.3301,87.6129,132.5700,26.4665,9.5067
19.390,-0.04649293506616165,0.8093935299068885,6.7880710441339266e-68,4,166.426,0.101738,-0.0513309,12691.3,0.0,7.1898,13.5191,18.3372,24.3523,29.8861,33.4724,35.6673,37.7709,39.3877,41.1057,42.9324,44.8730,47.7940,51.4476,59.2904,80.1252,126.2850,30.4380,10.0604
19.501,-0.19179809429648612,0.8097829859423892,1.1408711003875892e-68,4,168.719,0.144178,-0.0265616,12926.6,0.0,7.0097,13.7010,19.0620,26.0390,32.6722,37.0516,39.7541,42.3571,44.3634,46.5023,48.7797,51.2032,54.8581,59.4306,69.3675,103.1480,129.7310,27.4300,10.1476
19.608,-0.06284839953907258,0.809525102896102,1.917462058421421e-69,4,170.939,0.170611,0.00430029,13089.8,0.0,6.9997,14.3889,20.7070,29.3574,37.8826,43.6011,47.1494,50.5736,53.2167,56.0321,59.0296,62.2537,67.4053,74.4599,92.7004,115.5430,64.9540,24.3668,10.0327
19.719,-0.020594163560963302,0.8089587247794946,3.2226784815888824e-70,4,173.384,0.182327,0.000946697,13217.7,0.0,6.8831,14.1310,20.3608,28.9690,37.5520,43.3610,46.9845,50.4945,53.2084,56.1234,59.3589,62.9962,68.9159,77.2257,96.9556,112.8950,61.7425,24.7305,10.1612
19.831,-0.0472155744086252,0.8086526652482448,5.4163557240064355e-71,4,175.835,0.193736,-0.0118344,13390.6,0.0,6.7086,13.5507,19.3542,27.3370,35.3245,40.7676,44.1815,47.5012,50.0838,52.9364,56.1385,59.7564,65.6922,74.1201,92.8377,107.7430,69.3931,26.0708,10.3927
19.938,-0.08372270061881831,0.8059171217547949,9.103269065337617e-72,4,178.084,0.203796,0.0107791,13591.0,0.0,6.7754,14.2289,20.8924,30.4615,40.3316,47.2178,51.8864,56.8093,60.9461,65.7377,71.3522,78.0229,86.3951,91.6562,98.7065,108.9280,48.0977,23.9467,10.2269
20.049,-0.027434254538774384,0.8007922857378611,1.5299864318112933e-72,4,180.382,0.201696,0.0185372,13731.7,0.0,6.8485,14.6050,21.7025,32.1114,43.1746,51.9126,58.2129,65.1407,71.2008,77.9310,82.0841,85.1828,88.7511,92.2155,97.6996,106.4780,43.0455,23.1214,10.1224
20.159,-0.008989656527265591,0.6549344736124574,2.5714481959452408e-73,4,182.594,0.195897,0.00828808,13801.3,0.0,6.8304,14.3476,21.1227,30.9866,41.8877,50.8623,57.4434,64.7886,71.1887,75.5383,78.6519,81.2489,84.3931,87.5408,92.6425,100.9970,44.4858,23.6938,10.1727
20.273,-0.002945730650854389,0.21460892831333006,0.6374196853637695,4,178.51,0.197347,-0.00633651,12966.4,0.0,6.7241,13.8219,20.0718,29.0560,39.3758,47.9423,54.2518,61.3241,66.9731,70.6020,73.4073,75.8077,78.7579,81.7449,86.6366,94.7495,47.1900,24.8745,10.3356
20.384,-0.020479722877484462,0.07032305362971199,0.8732661419304657,4,166.17,0.210261,-0.0210422,11678.3,0.0,6.5264,13.1392,18.8325,27.0170,36.6212,44.5958,50.4718,57.0602,62.0614,65.3482,67.9665,70.2345,73.0457,75.9117,80.6390,88.5584,50.1834,26.4243,10.6092
20.490,-0.01730677413729411,0.02304345821338402,0.7855231525470072,4,153.322,0.232544,-0.0322283,10717.7,0.0,6.2794,12.4569,17.6976,25.3995,34.5559,42.2104,47.8811,54.2691,58.2509,61.0740,63.4345,65.5241,68.1517,70.8612,75.3788,83.0467,52.1695,27.6674,10.9351
20.602,-0.005671083749308534,0.007550880387361676,0.7516238923313392,4,141.386,0.26179,-0.0449269,9840.82,0.0,5.9730,11.6535,16.4367,23.5504,31.9779,38.9981,44.1845,50.0119,53.6202,56.2710,58.5122,60.5094,63.0335,65.6487,70.0324,77.5349,87.8152,29.1004,11.3545
20.713,-0.0018583007229734203,0.0024742724853306737,0.7980148253197239,3,129.785,0.296417,-0.0561917,10772.1,0.0,5.6381,10.8544,15.2856,21.8704,29.6481,36.1082,40.8696,46.1952,49.4300,51.9016,54.0199,55.9216,58.3397,60.8581,65.1047,72.4351,82.6035,30.4234,11.8170
20.821,-0.07925237267154846,0.0008107696079931552,0.6336694349739567,3,118.28,0.334462,-0.0659607,9824.24,0.0,5.2898,10.1227,14.2463,20.3655,27.5796,33.5603,37.9619,42.8280,45.7022,47.9894,49.9806,51.7837,54.0923,56.5113,60.6171,67.7686,77.8105,31.6163,12.2620
20.931,-0.14129576270981298,0.0002656729851471971,0.4742997979187389,3,108.14,0.374461,-0.0753611,9449.69,0.0,4.9413,9.4366,13.2628,18.9230,25.5689,31.0563,35.0820,39.4946,42.1221,44.2657,46.1525,47.8726,50.0869,52.4187,56.3988,63.3881,73.3126,32.8072,12.6818
21.043,-0.04629979552475151,8.705572377303353e-05,0.4291195295911341,3,99.2642,0.414664,-0.0776513,8752.66,0.0,4.6221,8.8256,12.4028,17.6930,23.9026,29.0280,32.7871,36.7922,39.1239,41.0948,42.8582,44.4815,46.5875,48.8207,52.6603,59.4677,69.2493,33.7844,13.0560
21.152,-0.015171516997550575,2.852641956594763e-05,0.5968095248864776,3,90.6971,0.451917,-0.0775827,7762.25,0.0,4.3282,8.2652,11.6161,16.5726,22.3916,27.1958,30.7199,34.3208,36.4024,38.2150,39.8616,41.3922,43.3935,45.5306,49.2325,55.8598,65.4952,34.7461,13.3987
21.259,-0.1842646401435652,9.34753716336972e-06,0.7872136482465961,2,81.2096,0.485729,-0.0776599,7705.27,0.0,4.0609,7.7540,10.8967,15.5443,20.9994,25.5019,28.8041,32.0220,33.9024,35.5784,37.1209,38.5673,40.4722,42.5200,46.0927,52.5494,62.0434,38.2521,13.7120
21.369,-0.17473302812898403,3.06300097769299e-06,0.6327760670746726,2,71.6853,0.515823,-0.0778735,6216.68,0.0,3.8226,7.2966,10.2516,14.6193,19.7422,23.9676,27.0650,29.9367,31.6527,33.2110,34.6617,36.0325,37.8499,39.8159,43.2693,49.5671,58.9269,70.4036,13.9932
21.479,-0.0572565186573055,1.003684160370439e-06,0.1607859606110625,2,63.3707,0.542344,-0.0782006,7194.55,0.0,3.6122,6.8918,9.6793,13.7962,18.6198,22.5942,25.5051,28.0715,29.6515,31.1085,32.4780,33.7813,35.5198,37.4113,40.7556,46.9067,56.1410,67.5879,14.2435
21.589,-0.018761816033625867,0.012235436309100671,0.027023296399901277,2,59.9311,0.56613,-0.0758098,6874.77,0.0,3.4315,6.5697,9.2510,13.2350,17.9398,21.8465,24.6367,26.8532,28.2787,29.6183,30.8936,32.1182,33.7652,35.5708,38.7894,44.7712,53.8524,65.2327,14.4228
21.703,-0.2673763302295684,0.2113510851135161,0.004541805425931408,2,59.9511,0.586355,-0.060952,6987.53,0.0,3.3142,6.4875,9.2916,13.6289,19.0338,23.5071,25.7313,27.5120,28.7197,29.8861,31.0184,32.1222,33.6268,35.2975,38.3168,44.0228,52.8256,63.9977,14.3622
21.810,-0.08761387588962496,0.305600152476247,0.0007633412379362916,2,60.9752,0.595814,-0.0303443,7145.56,0.0,3.3301,6.8486,10.2113,15.9624,23.2110,26.6705,28.3973,29.8611,30.8844,31.8916,32.8842,33.8637,35.2150,36.7337,39.5168,44.8710,53.2775,64.0848,13.9713
21.919,-0.028709314851512308,0.3461964798384166,0.00012829476185995253,2,62.3756,0.601628,-0.0194476,7332.17,0.0,3.3164,6.9505,10.5346,16.9343,23.5049,26.5016,28.0492,29.3806,30.3200,31.2506,32.1731,33.0881,34.3570,35.7914,38.4388,43.5860,51.7687,62.4143,13.8625
22.031,-0.009407468290543553,0.3815990765759523,2.156250062580222e-05,2,64.01,0.606616,-0.015745,7548.0,0.0,3.2866,6.9336,10.5707,17.1095,22.6483,25.3311,26.7447,27.9728,28.8452,29.7138,30.5787,31.4400,32.6397,34.0024,36.5339,41.5043,49.5049,60.0479,13.8524
22.138,-0.0030826392094453112,0.42658771353740804,3.62400948017858e-06,2,65.9113,0.611389,-0.0144647,7807.44,0.0,3.2508,6.8738,10.5012,16.6757,21.4107,23.8190,25.1091,26.2397,27.0480,27.8565,28.6651,29.4735,30.6045,31.8957,34.3102,39.1013,46.9191,57.3677,13.8752
22.253,-0.26307562651682703,0.46249293775318784,6.09087273333614e-07,2,68.0307,0.611569,0.0103194,8141.91,0.0,3.3305,7.3801,11.7821,17.8984,22.1077,24.3005,25.4869,26.5329,27.2837,28.0372,28.7932,29.5512,30.6155,31.8350,34.1273,38.7145,46.2825,56.5079,13.5357
22.362,-0.08620462129703388,0.47377648662421457,1.0236929802918053e-07,2,70.4611,0.597727,0.0474545,8412.49,0.0,3.5876,8.6094,14.0118,19.6596,23.5514,25.5947,26.7050,27.6865,28.3926,29.1026,29.8160,30.5326,31.5406,32.6983,34.8817,39.2757,46.5822,56.5335,12.9571
22.470,-0.07867216023546947,0.4779557549182726,1.7205207919764375e-08,2,73.0105,0.576528,0.062206,8725.84,0.0,3.8394,9.4711,14.4061,19.4284,22.9565,24.8336,25.8605,26.7720,27.4300,28.0932,28.7614,29.4342,30.3833,31.4771,33.5502,37.7581,44.8410,54.6181,12.6245
22.579,-0.36288215002143714,0.4797107175528695,2.8916792950747986e-09,2,75.4765,0.544806,0.101453,9138.63,0.0,4.3224,10.8342,15.7045,20.5082,23.8641,25.6514,26.6303,27.5001,28.1285,28.7624,29.4015,30.0454,30.9547,32.0041,33.9965,38.0551,44.9259,54.4731,12.0370
22.690,-0.46456806622983704,0.4809845024589743,4.860045391232214e-10,2,77.6805,0.488004,0.189789,9568.22,0.0,5.4424,13.8178,19.3702,24.4861,27.9350,29.7443,30.7288,31.6003,32.2282,32.8602,33.4962,34.1357,35.0368,36.0739,38.0366,42.0124,48.6916,57.8998,10.9273
22.801,-0.152229663942193,0.48309598809388166,8.16827828904398e-11,2,80.2003,0.399896,0.274756,9804.62,0.0,6.8213,16.8918,22.9014,28.1711,31.6397,33.4410,34.4172,35.2792,35.8990,36.5219,37.1479,37.7766,38.6612,39.6775,41.5959,45.4656,51.9308,21.8937,9.8735
22.911,-0.04988261628057781,0.4829385750192281,1.3728425320396222e-11,2,82.9679,0.290196,0.273177,9966.46,0.0,7.7570,17.7517,23.4273,28.3914,31.6721,33.3817,34.3098,35.1304,35.7211,36.3154,36.9130,37.5138,38.3598,39.3330,41.1738,44.9007,51.1660,20.4273,9.1861
23.023,-0.016345535702819738,0.4799430388248006,2.307336443598993e-12,2,85.7129,0.185312,0.22833,10235.9,0.0,8.3068,17.4650,22.5448,27.0425,30.0547,31.6375,32.5006,33.2657,33.8177,34.3741,34.9347,35.4992,36.2958,37.2147,38.9595,42.5187,48.5741,57.0692,8.7055
23.129,-0.005356105139099972,0.4205792935558607,3.8779403607568285e-13,2,88.1846,0.0972557,0.173601,10451.6,0.0,8.5753,16.7374,21.2001,25.2069,27.9303,29.3750,30.1666,30.8708,31.3801,31.8945,32.4139,32.9382,33.6799,34.5382,36.1758,39.5465,45.3664,53.6875,8.4154
23.239,-0.21918639178151153,0.38630480767800945,6.517654364324e-14,2,90.1396,0.0300624,0.1276,10661.4,0.0,8.7400,16.1689,20.1800,23.8105,26.3030,27.6343,28.3666,29.0196,29.4929,29.9718,30.4561,30.9458,31.6400,32.4454,33.9882,37.1882,42.7841,50.9199,8.2274
23.351,-0.4069811399146649,0.38710104297368014,1.0954221690119347e-14,2,91.5897,-0.0301208,0.136665,10936.8,0.0,9.3218,17.1159,21.2336,24.9174,27.4283,28.7644,29.4979,30.1512,30.6243,31.1027,31.5862,32.0747,32.7668,33.5690,35.1039,38.2808,43.8200,51.8505,7.6521
23.463,-0.21900600422371785,0.38992944358974047,1.841076039458359e-15,2,93.1107,-0.0933037,0.152893,11107.8,0.0,10.0026,18.3054,22.5886,26.3685,28.9212,30.2730,31.0135,31.6721,32.1485,32.6298,33.1158,33.6064,34.3008,35.1048,36.6402,39.8082,45.3064,53.2361,7.0224
23.572,-0.27967673832193995,0.39353216601298613,3.094296499517664e-16,2,94.6641,-0.158699,0.151385,11274.8,0.0,10.5301,18.9719,23.2473,26.9933,29.5144,30.8476,31.5774,32.2263,32.6956,33.1696,33.6482,34.1312,34.8148,35.6060,37.1169,40.2334,45.6428,53.4505,6.5041
23.679,-0.23600364014132152,0.3963028935966353,5.2005841267393375e-17,2,96.2049,-0.225442,0.150881,11453.3,0.0,11.0732,19.6641,23.9373,27.6559,30.1498,31.4665,32.1869,32.8272,33.2900,33.7575,34.2293,34.7055,35.3791,36.1588,37.6470,40.7156,46.0405,15.1973,5.9716
23.790,-0.1898868850320473,0.3982558720174954,8.740621741810807e-18,2,97.788,-0.291473,0.143553,11618.9,0.0,11.5319,20.1219,24.3330,27.9827,30.4266,31.7164,32.4220,33.0491,33.5024,33.9603,34.4224,34.8888,35.5487,36.3125,37.7709,40.7795,46.0073,13.3278,5.4806
23.899,-0.1285815478327036,0.3967424450801929,1.4690362961461424e-18,2,99.4766,-0.352554,0.121064,11770.7,0.0,11.7828,20.0682,24.0977,27.5929,29.9387,31.1789,31.8580,32.4621,32.8991,33.3405,33.7864,34.2367,34.8741,35.6126,37.0243,39.9446,45.0434,12.9367,5.0952
24.010,-0.23633144370253317,0.40548045502887764,2.469009302932822e-19,2,101.133,-0.402961,0.0936103,11982.8,0.0,11.8973,19.7869,23.6079,26.9311,29.1690,30.3551,31.0055,31.5846,32.0038,32.4277,32.8560,33.2889,33.9022,34.6134,35.9754,38.8021,43.7670,13.4667,4.8083
24.122,-0.341103397374082,0.4228767749569876,4.1496639354391946e-20,2,102.646,-0.445201,0.090452,12254.2,0.0,12.1915,20.1081,23.9124,27.2117,29.4304,30.6056,31.2499,31.8235,32.2387,32.6584,33.0826,33.5111,34.1184,34.8225,36.1709,38.9692,44.0657,11.8200,4.4703
24.232,-0.37049710038672673,0.4309112831022807,6.974340176292655e-21,2,104.048,-0.4842,0.0980463,12486.0,0.0,12.5689,20.6914,24.5584,27.8956,30.1324,31.3150,31.9628,32.5391,32.9561,33.3775,33.8032,34.2332,34.8422,35.5479,36.8983,39.7576,45.8694,9.9887,4.1169
24.338,-0.3321085136620187,0.43528480416883036,1.1721773534295066e-21,2,105.414,-0.521945,0.102939,12673.6,0.0,12.9117,21.1914,25.1008,28.4608,30.7069,31.8928,32.5419,33.1191,33.5366,33.9584,34.3845,34.8146,35.4286,36.1632,37.6465,41.1016,48.8680,8.7265,3.7901
24.450,-0.30326914286373907,0.43793013634879235,1.9700784779089716e-22,2,106.817,-0.558348,0.0998454,12829.3,0.0,13.1583,21.4501,25.3424,28.6813,30.9111,32.0910,32.7574,33.3690,33.8232,34.2926,34.7779,35.2798,36.0120,36.8939,38.6906,42.9618,53.0345,7.9221,3.5042
24.561,-0.2515401949128181,0.43754709551627224,3.3111108978216086e-23,2,108.301,-0.592006,0.0887942,12969.1,0.0,13.2972,21.4583,25.2774,28.5540,30.8846,32.2336,33.0119,33.7300,34.2655,34.8210,35.3976,35.9963,36.8742,37.9387,40.1316,45.4812,58.9193,7.4408,3.2641
24.671,-0.17613989487850176,0.4429947662431471,5.564984085968778e-24,2,109.928,-0.620013,0.0679548,13112.9,0.0,13.2914,21.1544,24.8346,28.2248,30.8658,32.4162,33.3182,34.1553,34.7826,35.4362,36.1177,36.8286,37.8774,39.1589,41.8347,48.5697,66.9180,7.3681,3.0954
24.783,-0.13910787283324175,0.4685543667994294,9.353068753287725e-25,2,111.802,-0.637196,0.0347164,13319.2,0.0,13.0900,20.4579,24.0380,27.7066,30.6251,32.3635,33.3836,34.3361,35.0537,35.8047,36.5915,37.4165,38.6411,40.1503,43.3472,51.6805,76.7041,8.1150,3.0518
24.892,-0.11781658902391813,0.496513437881587,1.5719702653650678e-25,2,113.963,-0.636788,-0.00637722,13584.9,0.0,12.7107,19.4972,23.1908,27.1117,30.2984,32.2262,33.3679,34.4411,35.2543,36.1095,37.0103,37.9600,39.3798,41.1461,44.9497,55.2802,90.4474,12.0574,3.1944
25.004,-0.10020188580605936,0.5215904940281634,2.64201042499907e-26,2,116.355,-0.612587,-0.0528831,13886.4,0.0,12.1523,18.5042,22.3321,26.4936,29.9550,32.0847,33.3590,34.5659,35.4861,36.4595,37.4908,38.5851,40.2344,42.3090,46.8639,59.8748,112.6370,40.0281,3.6113
25.111,-0.08255766272371429,0.5405520504268986,4.440426921295938e-27,2,118.934,-0.559376,-0.104721,14203.2,0.0,11.3994,17.4955,21.4178,25.7880,29.5119,31.8447,33.2561,34.6036,35.6384,36.7398,37.9144,39.1698,41.0792,43.5111,48.9724,65.5589,152.5030,35.7600,4.4378
25.219,-0.06366822914901762,0.553845924008886,7.463025526622082e-28,2,121.642,-0.472465,-0.162256,14525.2,0.0,10.4703,16.4293,20.3789,24.8846,28.8156,31.3226,32.8566,34.3333,35.4754,36.6990,38.0131,39.4278,41.6007,44.4056,50.8617,71.9134,200.0000,35.8210,5.8716
25.329,-0.0431022092242454,0.5669405624573568,1.2543107002593736e-28,2,124.46,-0.347114,-0.225794,14859.9,0.0,9.5326,15.2595,19.1368,23.6504,27.6707,30.2759,31.8861,33.4480,34.6640,35.9746,37.3912,38.9270,41.3075,44.4202,51.7599,77.5321,200.0000,37.3763,7.3889
25.441,-0.028012434583194478,0.5816926186622767,2.1081199939259293e-29,3,126.259,-0.204311,-0.212784,11910.8,0.0,8.5972,13.9522,17.6331,21.9813,25.9130,28.4913,30.0970,31.6634,32.8892,34.2163,35.6579,37.2293,39.6826,42.9229,50.7134,79.8553,200.0000,40.2713,8.8111
25.552,-0.025529704475074678,0.5994905157988798,3.54311727379131e-30,3,127.785,-0.069196,-0.201815,12009.2,0.0,7.6875,12.6162,16.0476,20.1514,23.9105,26.4009,27.9622,29.4930,30.6962,32.0043,33.4314,34.9946,37.4510,40.7254,48.7406,80.6357,200.0000,43.1482,10.1355
25.662,-0.024952872552275275,0.6136785444044769,5.954917202061056e-31,3,130.223,0.0613234,-0.192431,12248.6,0.0,6.7915,11.2555,14.3991,18.2008,21.7246,24.0812,25.5677,27.0322,28.1880,29.4494,30.8314,32.3522,34.7567,37.9905,46.0472,80.2287,200.0000,45.9008,11.3952
25.773,-0.03068809423687097,0.618713177617959,1.0008429341504017e-31,3,132.686,0.187933,-0.182529,12476.6,0.0,5.9152,9.9075,12.7547,16.2408,19.5151,21.7286,23.1346,24.5273,25.6318,26.8426,28.1757,29.6506,31.9997,35.1925,43.3189,80.7764,200.0000,47.9871,12.5705
25.881,-0.10785229459501054,0.6237435805262277,1.68211671942658e-32,3,135.095,0.30741,-0.158435,12720.5,0.0,5.1315,8.8290,11.5549,15.0052,18.3653,20.7057,22.2224,23.7483,24.9756,26.3387,27.8615,29.5736,32.3618,36.2772,46.9522,114.6230,153.8660,45.5244,13.3707
25.992,-0.13150010474000243,0.6242339370918343,2.827133570340253e-33,3,137.381,0.408604,-0.113143,12966.6,0.0,4.5351,8.2475,11.1930,15.2193,19.5033,22.7264,24.9309,27.2480,29.1884,31.4290,34.0449,37.1389,42.5592,51.0900,81.9186,193.6440,87.9021,38.9950,13.5714
26.099,-0.06705420010035244,0.6221719686937522,4.751563391670863e-34,3,139.679,0.484218,-0.0739461,13156.9,0.0,4.0859,7.8440,11.0680,15.8813,21.6012,26.3808,29.9202,33.9062,37.4757,41.8888,47.4841,54.8094,69.9191,102.1070,180.1040,200.0000,65.9266,34.9468,13.6389
26.212,-0.04636365209160575,0.6240577696859437,7.985952592381218e-35,3,142.04,0.537428,-0.0514697,13350.5,0.0,3.7377,7.4253,10.7592,16.0642,22.9402,29.2275,34.2429,40.3005,46.1342,53.9475,64.9528,81.6068,127.3290,171.6140,187.4200,130.5770,58.6381,33.3628,13.7723
26.322,-0.03901134124731604,0.625127466767565,1.342199052201511e-35,3,144.41,0.574342,-0.0345892,13559.9,0.0,3.4931,7.1325,10.5704,16.3588,24.5070,32.6831,39.7715,49.0964,58.9795,73.8513,98.7619,149.0480,168.7050,177.6370,189.3840,107.9890,54.2999,32.2749,13.8458
26.432,-0.03848816919176154,0.6261842331541457,2.25583394703508e-36,3,146.76,0.598482,-0.0190064,13773.5,0.0,3.3440,7.0138,10.6379,17.1210,27.1593,38.4849,49.5112,66.0906,86.8789,126.7600,158.8270,166.1680,173.4830,180.0630,189.8450,93.1301,50.6693,31.1859,13.8289
26.543,-0.036570832926145484,0.6285363190512004,3.791380114781859e-37,3,149.102,0.610798,-0.00292456,13990.2,0.0,3.2929,7.1123,11.0793,18.7159,32.1328,50.1754,71.6555,114.6030,152.5970,160.3980,165.9520,170.5310,175.9880,181.3440,144.8380,81.2399,47.1338,29.9403,13.7082
26.649,-0.028531647278989353,0.6299093943079473,6.372172558913871e-38,3,151.441,0.611594,0.0106487,14202.1,0.0,3.3314,7.3869,11.8006,20.9396,39.4122,70.6653,122.5210,152.9240,158.9970,163.8260,167.9650,171.6440,176.2380,180.9010,120.3050,73.0155,44.2916,28.8112,13.5315
26.759,-0.02834810896632923,0.6406292845455782,1.0709710419766542e-38,3,153.778,0.60215,0.0224944,14424.6,0.0,3.4544,7.8467,12.8437,23.9877,50.4661,112.9330,148.4370,156.2780,160.6840,164.5400,168.0080,171.1810,175.2340,179.4240,104.2880,66.6806,41.8207,27.7226,13.2989
26.871,-0.01490673160048676,0.7092176910692701,1.7999810302501627e-39,3,156.393,0.583101,0.0333208,14728.7,0.0,3.6615,8.5114,14.2766,28.1894,68.5609,142.0470,151.1170,157.0260,160.6620,163.9620,167.0000,169.8240,173.4810,123.5540,92.2631,61.3336,39.5145,26.6152,13.0070
26.981,0.0052870824407587474,0.7492555780095783,3.025228117541449e-40,3,159.387,0.557706,0.0338987,15040.4,0.0,3.8870,9.0469,15.1956,30.1018,73.9072,138.7770,147.0600,152.6570,156.1410,159.3210,162.2620,165.0050,168.5690,120.6680,90.2791,60.1280,38.7901,26.1487,12.7914
27.092,0.007198098673394075,0.7646520521771786,5.084500897151913e-41,4,159.856,0.531501,0.0306321,12191.0,0.0,4.1029,9.4820,15.8049,30.7505,71.7621,132.6640,141.0490,146.6540,150.1340,153.3090,156.2440,158.9820,162.5420,166.2840,91.6367,60.3701,38.6463,25.9302,12.6148
27.198,0.06732450649994777,0.771120205941793,8.545520657843222e-42,4,162.217,0.508653,0.0170695,12362.2,0.0,4.2422,9.5289,15.4200,28.1010,55.9204,110.9940,129.0940,135.9470,139.9320,143.4700,146.6860,149.6510,153.4710,157.4560,104.3170,65.2189,40.3065,26.4940,12.5883
27.312,0.022060894289902884,0.7752650714267567,1.4362456569637107e-42,4,164.554,0.498547,-0.00277793,12540.0,0.0,4.2432,9.1675,14.2845,24.1420,41.4839,64.8507,92.7391,119.3300,125.3790,130.0370,133.9960,137.5080,141.9030,146.3870,153.7100,75.4862,43.8185,27.8419,12.7511
27.418,0.007228913840915377,0.7760675988394946,2.4138980756589087e-43,4,166.912,0.49983,-0.00906932,12707.8,0.0,4.2061,8.9816,13.8440,22.9320,38.0837,56.9689,77.4852,108.7760,116.6760,121.8760,126.1120,129.7960,134.3500,138.9580,146.4410,79.7339,45.2137,28.3898,12.8435
27.530,0.0023687704873911505,0.7763305710221007,4.057038495759929e-44,4,169.248,0.506735,-0.0109267,12880.9,0.0,4.1405,8.8115,13.5396,22.3017,36.6957,54.2716,72.9211,102.3100,110.5930,115.8040,120.0170,123.6730,128.1890,132.7600,140.1910,81.4327,45.8412,28.6799,12.9271
27.638,0.0007761987133083322,0.777555171434397,6.818664599823712e-45,4,171.569,0.515852,-0.0115114,13053.5,0.0,4.0617,8.6344,13.2548,21.7943,35.7591,52.7043,70.5577,97.6284,105.2990,110.3100,114.3960,117.9570,122.3700,126.8500,134.1620,82.3565,46.2530,28.9043,13.0131
27.751,0.00025434479437687433,0.7780528234974982,1.1460129592923713e-45,4,173.868,0.525837,-0.0116236,13223.7,0.0,3.9774,8.4537,12.9749,21.3270,34.9734,51.5126,68.9149,93.3990,100.2420,104.9810,108.8990,112.3370,116.6200,120.9880,128.1520,82.9828,46.5837,29.1046,13.1003
27.860,8.334370222141419e-05,0.7786751812349102,1.926103980682689e-46,4,176.143,0.536133,-0.0115988,13392.7,0.0,3.8912,8.2707,12.6946,20.8677,34.2244,50.4166,67.4589,89.0988,95.1951,99.6463,103.3820,106.6870,110.8290,115.0730,122.0740,83.5241,46.8923,29.2988,13.1884
27.969,2.7310064343912998e-05,0.7803488341683055,3.237202960333396e-47,4,178.405,0.546593,-0.0115952,13560.9,0.0,3.8034,8.0843,12.4085,20.3977,33.4541,49.2830,65.9434,84.5972,90.0616,94.2309,97.7830,100.9510,104.9450,109.0610,115.8900,127.2940,47.2107,29.4980,13.2781
28.082,8.948961884213411e-06,0.7794742196521454,5.4407670154323394e-48,4,180.646,0.557192,-0.0115952,13726.8,0.0,3.7145,7.8953,12.1185,19.9209,32.6721,48.1310,64.4020,79.9470,84.8544,88.7448,92.1090,95.1352,98.9752,102.9550,109.6010,120.7980,47.5343,29.7001,13.3691
28.188,2.9323958302190503e-06,0.77783235252999,9.144297122837136e-49,4,182.854,0.567929,-0.0115952,13895.2,0.0,3.6245,7.7039,11.8246,19.4379,31.8799,46.9639,62.8403,75.1701,79.5766,83.1904,86.3625,89.2411,92.9193,96.7563,103.2060,114.1770,47.8620,29.9049,13.4613
28.301,9.608874656461783e-07,0.7646812673864021,1.5368820174352379e-49,4,185.021,0.578801,-0.0115952,14039.9,0.0,3.5333,7.5100,11.5271,18.9488,31.0777,45.7821,61.2591,70.2801,74.2294,77.5690,80.5444,83.2697,86.7782,90.4632,96.7025,107.4270,48.1939,30.1123,13.5547
28.411,3.1486360474293974e-07,0.6911385291815512,2.583037606703404e-50,4,186.899,0.589785,-0.0115952,14139.1,0.0,3.4411,7.3142,11.2265,18.4546,30.2673,44.5883,58.4934,65.2897,68.8176,71.8854,74.6597,77.2254,80.5554,84.0789,90.0930,100.5470,48.5292,30.3218,13.6489
28.519,1.031745060021665e-07,0.4525740466797107,0.04705810546875,4,187.956,0.600875,-0.0115952,14074.4,0.0,3.3481,7.1164,10.9230,17.9557,29.4490,43.3828,54.7095,60.2171,63.3543,66.1532,68.7225,71.1224,74.2648,77.6166,83.3890,93.5461,48.8677,30.5333,13.7442
28.629,3.3808222126789925e-08,0.1482994636160076,0.7305848519897461,4,180.674,0.611794,-0.0115956,13004.8,0.0,3.2565,6.9217,10.6241,17.4644,28.6432,42.1957,50.5967,55.1767,57.9560,60.4942,62.8585,65.0898,68.0386,71.2111,76.7279,86.5656,50.0424,30.7416,13.8379
28.738,1.1078278226506524e-08,0.04859476823769337,0.8924382402206451,4,167.626,0.622058,-0.0113664,11724.9,0.0,3.1711,6.7431,10.3538,17.0317,27.9645,40.8587,46.6081,50.4785,52.9383,55.2317,57.3981,59.4636,62.2195,65.2107,70.4665,79.9707,93.7052,30.9159,13.9228
28.852,3.630130209261658e-09,0.015923533656127364,0.9199234054586884,4,154.388,0.631417,-0.0107595,10520.0,0.0,3.0944,6.5873,10.1248,16.6853,27.4770,38.4888,42.8991,46.2093,48.3881,50.4565,52.4356,54.3416,56.9086,59.7205,64.7142,73.8770,87.3543,31.0375,13.9944
28.962,1.18952106697086e-09,0.005217823508439815,0.922386399497141,3,141.469,0.639822,-0.0103177,11942.9,0.0,3.0252,6.4451,9.9135,16.3589,26.9982,35.7448,39.3460,42.2165,44.1562,46.0253,47.8344,49.5929,51.9826,54.6235,59.3639,68.1910,81.4069,31.1562,14.0602
29.070,3.8978226322501147e-10,0.0017097764072455585,0.900769867539461,3,129.049,0.647317,-0.0101941,9860.99,0.0,2.9626,6.3131,9.7126,16.0334,26.4055,32.9356,35.9695,38.4837,40.2177,41.9101,43.5651,45.1873,47.4108,49.8897,54.3865,62.8858,75.8393,31.8086,14.1226
29.182,1.2772385201357176e-10,0.0005602595331262246,0.8845781451163611,3,117.202,0.65404,-0.0100296,8311.82,0.0,2.9066,6.1956,9.5344,15.7472,25.1238,30.2698,32.8698,35.0850,36.6388,38.1720,39.6855,41.1807,43.2470,45.5708,49.8310,58.0059,70.6932,33.9457,14.1779
29.288,-0.026275706522327136,0.0001835858438148013,0.765369168051367,2,106.031,0.660057,-0.00990272,8999.75,0.0,2.8564,6.0901,9.3740,15.4881,23.5179,27.7727,30.0285,31.9912,33.3871,34.7779,36.1621,37.5400,39.4587,41.6353,45.6675,53.5250,65.9455,81.7456,14.2276
29.400,-0.086875046803847,6.015740930123409e-05,0.14417124136858273,2,95.9254,0.665363,-0.00879121,10710.5,0.0,2.8148,6.0138,9.2739,15.3742,21.9926,25.6084,27.5859,29.3347,30.5926,31.8561,33.1233,34.3931,36.1743,38.2113,42.0241,49.5695,61.7162,77.4398,14.2570
29.509,-0.06499487467116755,1.9712379879828386e-05,0.0242308605368177,2,90.736,0.668145,0.00120056,10333.2,0.0,2.8193,6.1373,9.6312,15.8884,21.5354,24.7239,26.4958,28.0798,29.2275,30.3862,31.5548,32.7321,34.3928,36.3032,39.9101,47.1406,58.9642,74.4931,14.1377
29.621,-0.06215524964336423,6.459352639022165e-06,0.004072480730422952,2,89.4514,0.663085,0.0222987,10202.5,0.0,2.9248,6.6408,10.8252,16.9782,22.1502,25.0836,26.7241,28.1952,29.2645,30.3477,31.4434,32.5496,34.1141,35.9218,39.3510,46.2852,57.7479,72.9624,13.8073
29.729,-0.18108519990818622,2.116600672754783e-06,0.0006844618363621856,2,88.2707,0.645882,0.0596178,10065.8,0.0,3.2012,7.8946,12.8356,19.1700,24.2544,27.0973,28.6808,30.0988,31.1282,32.1704,33.2242,34.2883,35.7929,37.5309,40.8307,47.5120,58.5892,73.3422,13.2394
29.841,-0.1319491882900367,6.935677084482873e-07,0.00011503750083739254,2,87.1197,0.60819,0.11342,9935.12,0.0,3.7763,9.9839,15.8768,22.7856,28.0119,30.8640,32.4373,33.8388,34.8530,35.8771,36.9099,37.9502,39.4181,41.1101,44.3110,50.7655,61.4173,75.5244,12.4470
29.950,-0.11425083243414094,2.272682667043348e-07,1.9334352765740564e-05,2,86.0249,0.551071,0.154581,9815.03,0.0,4.5205,11.7867,18.1525,25.1732,30.3249,33.1071,34.6364,35.9963,36.9791,37.9707,38.9701,39.9762,41.3948,43.0288,46.1187,52.3453,62.6295,29.9252,11.7823
30.058,-0.11626835645491967,7.447126563367643e-08,3.2495246693380174e-06,2,84.964,0.47827,0.179021,9696.94,0.0,5.2926,13.4583,20.1108,27.1178,32.1530,34.8538,36.3355,37.6516,38.6018,39.5599,40.5254,41.4973,42.8672,44.4441,47.4265,53.4362,63.3794,26.0415,11.1421
30.168,-0.11950990412768323,2.440274432284309e-08,5.461476111756406e-07,2,83.9302,0.401137,0.184551,9580.74,0.0,6.0846,15.0883,21.9577,28.9244,33.8456,36.4701,37.9067,39.1820,40.1021,41.0292,41.9628,42.9026,44.2271,45.7509,48.6319,54.4377,64.0482,23.1960,10.4972
30.279,-0.1221979881315729,0.01738515448066626,9.179102901028992e-08,2,82.9624,0.322164,0.191043,9487.52,0.0,6.9034,16.7235,23.7810,30.7068,35.5250,38.0807,39.4764,40.7143,41.6070,42.5058,43.4103,44.3203,45.6024,47.0773,49.8631,55.4839,64.7498,20.7379,9.8398
30.392,-0.12462058994084443,0.05893491976397472,1.5427318245759428e-08,2,82.283,0.241211,0.196558,9448.61,0.0,7.7348,18.2857,25.4651,32.3189,37.0280,39.5148,40.8703,42.0712,42.9368,43.8083,44.6849,45.5661,46.8071,48.2345,50.9330,56.3726,65.2863,18.6480,9.1834
30.501,-0.12543390788886374,0.08397038435200924,2.5928693775647874e-09,2,81.8536,0.158264,0.20192,9421.65,0.0,8.5825,19.8018,27.0616,33.8292,38.4290,40.8480,42.1649,43.3302,44.1695,45.0142,45.8640,46.7184,47.9220,49.3069,51.9225,57.1722,65.7254,16.7601,8.5219
30.612,-0.12257914734239495,0.10457174562259139,4.3578355628731393e-10,2,81.5934,0.073691,0.205154,9409.86,0.0,9.4208,21.1771,28.4459,35.0927,39.5721,41.9201,43.1973,44.3276,45.1419,45.9615,46.7862,47.6156,48.7822,50.1222,52.6491,57.7037,65.9007,15.1013,7.8680
30.718,-0.12335219628184249,0.15591089577748574,7.324214230520887e-11,2,81.5783,-0.0120913,0.207299,9453.23,0.0,10.2490,22.4428,29.6767,36.1858,40.5413,42.8214,44.0616,45.1594,45.9493,46.7434,47.5414,48.3430,49.4707,50.7643,53.1984,58.0560,24.8474,13.5760,7.2171
30.831,-0.12344415384388902,0.2676404956096165,1.2309806857236455e-11,2,82.2263,-0.0985298,0.204831,9624.6,0.0,11.0165,23.4295,30.5375,36.8590,41.0759,43.2834,44.4820,45.5412,46.3033,47.0696,47.8388,48.6109,49.6959,50.9410,53.2805,57.9428,20.1283,12.2576,6.5868
30.940,-0.12253797473228137,0.37178231455448413,2.068909238495731e-12,2,83.7162,-0.18502,0.201793,9900.02,0.0,11.7596,24.3225,31.2899,37.4258,41.5105,43.6414,44.7978,45.8182,46.5516,47.2885,48.0287,48.7715,49.8141,51.0090,53.2550,57.7232,17.1363,10.9865,5.9590
31.051,-0.12088669028144876,0.44923258586446335,3.4772157571397754e-13,2,85.8593,-0.27146,0.197759,10235.5,0.0,12.4751,25.1195,31.9308,37.8859,41.8316,43.8837,44.9953,45.9767,46.6814,47.3888,48.0987,48.8107,49.8111,50.9567,53.1065,57.3809,14.7094,9.7577,5.3334
31.160,-0.10804659094743489,0.49527941068919235,5.84415652302482e-14,2,88.4233,-0.357573,0.192106,10597.8,0.0,13.1471,25.7807,32.4142,38.1766,41.9730,43.9436,45.0091,45.9487,46.6237,47.3016,47.9813,48.6626,49.6186,50.7139,52.7691,56.9335,12.6429,8.5831,4.7149
31.269,-0.100656127533466,0.5207735225290095,9.822273868247816e-15,2,91.2228,-0.442163,0.182433,10957.0,0.0,13.7314,26.1980,32.6104,38.1435,41.7748,43.6558,44.6738,45.5708,46.2144,46.8605,47.5088,48.1590,49.0716,50.1159,52.0754,56.3364,10.9218,7.5017,4.1159
31.381,-0.09436423140864465,0.5313214702060558,1.6508295690364105e-15,2,94.1098,-0.523788,0.169856,11306.0,0.0,14.2322,26.4274,32.5911,37.8748,41.3321,43.1225,44.0901,44.9433,45.5562,46.1713,46.7880,47.4062,48.2738,49.2679,51.2026,55.6854,9.3965,6.4890,3.5407
31.491,-0.058238366610547175,0.5364719134977454,2.7745492566794953e-16,2,97.0168,-0.600513,0.15257,11643.2,0.0,14.6069,26.3842,32.2466,37.2491,40.5212,42.2157,43.1329,43.9411,44.5214,45.1040,45.6887,46.2753,47.1056,48.0976,50.1020,54.7788,8.1142,5.5805,3.0046
31.599,-0.0190835479709441,0.5368510189586911,4.6631849357012276e-17,2,99.9443,-0.666922,0.118323,11963.3,0.0,14.6598,25.5840,30.9793,35.6013,38.6411,40.2231,41.0805,41.8375,42.3820,42.9294,43.4795,44.0370,44.8474,45.8193,47.7860,52.3897,7.5286,4.9792,2.5702
31.712,-0.006253296999118962,0.5375309063455089,7.837414921433055e-18,2,102.831,-0.715453,0.0729479,12295.1,0.0,14.4455,24.2975,29.1500,33.3400,36.1214,37.5783,38.3706,39.0720,39.5775,40.0867,40.5996,41.1248,41.8888,42.8054,44.6610,49.0096,7.8784,4.7458,2.2808
31.822,-0.12812408404696035,0.5402850414537963,1.3172343258452536e-18,2,105.661,-0.741574,0.0304739,12636.8,0.0,14.1336,23.0471,27.4246,31.2293,33.7750,35.1148,35.8460,36.4949,36.9635,37.4366,37.9218,38.4228,39.1520,40.0274,41.8018,45.9705,9.9960,4.8860,2.1547
31.930,-0.2603270453054236,0.5402764715242049,2.2138757314481177e-19,2,108.136,-0.755914,0.0373944,13084.9,0.0,14.3091,23.3078,27.6576,31.4002,33.8854,35.2233,35.9910,36.6967,37.2214,37.7643,38.3262,38.9080,39.7582,40.7840,42.8810,47.9038,8.3765,4.4839,2.0201
32.039,-0.08530396620568122,0.5407555383296765,3.7208609418448515e-20,2,110.723,-0.768847,0.0428541,13359.5,0.0,14.4597,23.4712,27.7558,31.4194,34.0868,35.6367,36.5330,37.3611,37.9795,38.6218,39.2892,39.9831,41.0023,42.2405,44.8004,51.0968,7.3691,4.1537,1.9024
32.151,-0.027952403646277622,0.5406474876904934,6.253650984958643e-21,2,113.496,-0.774103,0.00741029,13560.2,0.0,14.0938,22.2983,26.1892,29.6538,32.3141,33.8687,34.7706,35.6060,36.2311,36.8814,37.5584,38.2637,39.3018,40.5672,43.1974,49.7484,67.1040,4.5730,1.9255
32.260,-0.009159443626812251,0.5425410875164208,1.0510511210419995e-21,2,116.265,-0.758734,-0.0466172,13860.7,0.0,13.4178,20.5286,23.9153,27.0972,29.5675,31.0135,31.8534,32.6318,33.2146,33.8213,34.4532,35.1118,36.0822,37.2660,39.7308,45.8939,62.3910,6.4276,2.1859
32.369,-0.16018609197425882,0.5480194846511308,1.7665016191352886e-22,2,118.985,-0.712172,-0.0989401,14201.2,0.0,12.6162,18.7515,21.7402,24.7173,27.0397,28.4037,29.1975,29.9342,30.4865,31.0620,31.6621,32.2883,33.2121,34.3414,36.7002,42.6440,58.8838,129.4940,2.7971
32.482,-0.3001465116344314,0.5629517630117326,2.9689592712806793e-23,2,121.358,-0.64442,-0.0990719,14687.0,0.0,12.1162,18.0400,21.3157,24.7568,27.5257,29.1885,30.1690,31.0878,31.7821,32.5107,33.2760,34.0808,35.2800,36.7652,39.9382,48.3870,75.4132,188.6840,3.4844
32.589,-0.09835200893237048,0.5717615122193096,4.989929847241438e-24,2,123.82,-0.565888,-0.099282,15025.9,0.0,11.5396,17.6085,21.4117,25.5998,29.1275,31.3183,32.6367,33.8906,34.8501,35.8683,36.9507,38.1035,39.8491,42.0588,46.9662,61.4206,127.5900,41.8864,4.3013
32.702,-0.044685083265963065,0.5784325154490234,8.386575094258686e-25,3,124.366,-0.473031,-0.146597,11729.7,0.0,10.5594,16.3839,20.2004,24.5070,28.2233,30.5737,32.0043,33.3761,34.4335,35.5628,36.7717,38.0687,40.0515,42.5947,48.3797,66.6016,154.3920,39.9170,5.7132
32.813,-0.09465972928337203,0.5850170850217109,1.4095316760920573e-25,3,126.587,-0.35475,-0.198728,11909.4,0.0,9.5904,15.2933,19.1382,23.5964,27.5510,30.1056,31.6812,33.2073,34.3939,35.6712,37.0500,38.5427,40.8522,43.8639,50.9302,75.3560,172.3290,38.1472,7.3049
32.921,-0.031018100091575344,0.5881158788886642,2.368999888007921e-26,3,128.851,-0.212264,-0.207334,12107.7,0.0,8.6846,14.1721,17.9678,22.4787,26.5835,29.2887,30.9789,32.6318,33.9279,35.3341,36.8648,38.5373,41.1565,44.6313,53.0579,85.5133,183.0570,38.1289,8.6500
33.028,-0.12034051097811485,0.5912108834598624,3.981578111774913e-27,3,131.031,-0.081097,-0.193032,12310.5,0.0,7.8187,12.9497,16.5603,20.9237,24.9648,27.6658,29.3688,31.0460,32.3693,33.8132,35.3948,37.1345,39.8841,43.5798,52.7762,91.6186,186.5840,39.9126,9.8749
33.145,-0.23221310514695007,0.5953507815368272,4.684286832722068e-28,3,133.149,0.0453979,-0.127244,12598.4,0.0,7.2399,12.9314,17.3376,23.2039,29.2548,33.6826,36.6518,39.7220,42.2541,45.1347,48.4407,52.2736,58.7940,68.5835,99.7862,162.4590,76.3962,30.9062,10.2547
33.267,-0.06087327223564208,0.5958625997283151,5.511016615829187e-29,3,135.346,0.133113,-0.0682243,12770.1,0.0,6.9014,13.3618,18.9753,27.4840,37.8004,46.5966,53.2166,60.7824,67.6594,76.2977,87.4722,102.4910,122.9680,138.1640,160.7710,197.9280,48.3045,26.1133,10.3440
33.386,-0.015957563076940157,0.5984073494838044,6.48365593835688e-30,3,137.801,0.189233,-0.0515979,12930.1,0.0,6.5505,13.0104,18.8490,28.1357,40.1658,51.1594,59.9244,70.5053,80.6895,94.3210,110.7320,122.0140,134.5430,146.8260,167.0150,101.1880,45.3943,25.8183,10.6547
33.488,-0.0052289742690517504,0.6033503058257279,1.0897080535596409e-30,3,139.859,0.224687,-0.0481926,13114.3,0.0,6.2834,12.5476,18.2576,27.4378,39.5124,50.7311,59.8047,70.9142,81.7719,96.5643,110.9690,121.0950,132.8890,144.6990,164.3590,99.4183,45.7687,26.2770,10.9311
33.607,-0.001370744230786302,0.6199424633516295,1.282030627932382e-31,3,142.36,0.263255,-0.0470523,13358.8,0.0,5.9770,11.9576,17.4248,26.2469,37.9115,48.8119,57.6726,68.5761,79.2910,93.9828,107.1460,116.7910,128.2010,139.7170,159.0080,102.8640,46.8814,26.9988,11.2612
33.728,-0.0021042143324223523,0.7219539053159746,1.5082962134561684e-32,3,145.283,0.301041,-0.0466734,13721.5,0.0,5.6724,11.3551,16.5550,24.9561,36.0836,46.5022,54.9857,65.4428,75.7382,89.8786,102.3030,111.6270,122.7440,134.0230,152.9950,186.7720,48.1723,27.7704,11.5932
33.845,-0.01877233926681352,0.7904521697114008,1.774495412169048e-33,3,148.829,0.33706,-0.0378506,14128.0,0.0,5.4239,11.0149,16.2500,24.9630,37.0165,48.8691,58.9542,71.9599,85.4000,97.1598,106.1680,114.0410,124.0080,134.4720,152.5020,103.0300,46.9836,27.7058,11.8003
33.947,-0.011259842256661955,0.8143763044710318,2.9823944392325188e-34,3,152.032,0.363011,-0.0314227,14448.7,0.0,5.2429,10.7626,16.0222,24.9812,37.8173,50.9690,62.5979,78.2277,90.4401,99.5238,107.3840,114.5580,123.8730,133.8260,151.2190,94.2749,46.1834,27.6565,11.9468
34.065,-0.00977235074003289,0.8232376447717543,3.508757233812666e-35,3,155.974,0.389678,-0.0262376,14817.4,0.0,5.0480,10.4548,15.6827,24.7651,38.1836,52.4527,65.5331,81.9119,91.1079,98.9458,106.0610,112.7150,121.4990,131.0060,147.8090,94.1934,45.7686,27.7334,12.1138
34.165,-0.03661129528858148,0.8220986950325584,5.89716828286895e-36,4,158.823,0.408547,-0.0203723,12208.6,0.0,4.9195,10.2933,15.5786,24.9799,39.4025,55.4818,70.9431,84.5106,92.2248,99.2237,105.7700,111.9990,120.3310,129.4460,145.7190,90.0259,44.9673,27.5970,12.2030
34.266,-0.03322301377636237,0.8175918999976437,9.911370733017844e-37,4,159.573,0.419616,-0.000434339,12209.0,0.0,4.9226,10.6826,16.7148,28.4734,49.6127,75.5171,87.5757,96.8086,102.9860,108.9210,114.6700,120.2680,127.9030,136.3950,151.8010,70.3341,41.0517,26.1956,12.0511
34.387,-0.010690249592990739,0.8140780735329822,1.1660628553688164e-37,4,162.418,0.419471,0.0106017,12399.5,0.0,4.9790,11.0393,17.6336,31.2841,58.8604,81.5139,91.3595,99.4560,105.0360,110.4850,115.8260,121.0750,128.2960,136.3930,151.2140,64.4591,39.0197,25.3799,11.9189
34.507,-0.002802384789304964,0.814098107117605,1.371861288712859e-38,4,165.214,0.410745,0.0134733,12605.2,0.0,5.0687,11.3029,18.1575,32.5898,61.5958,79.9673,88.8368,96.3142,101.5360,106.6750,111.7470,116.7580,123.6870,131.4990,145.8860,63.3593,38.2884,25.0223,11.8125
34.625,-0.0023484242148475607,0.8141033588016123,1.6139810875577917e-39,4,167.981,0.398256,0.0156003,12808.2,0.0,5.1875,11.6175,18.7432,33.9422,61.8233,77.5784,85.6376,92.5633,97.4527,102.3000,107.1120,111.8910,118.5320,126.0600,140.0110,63.4796,37.5968,24.6549,11.6838
34.727,-0.0007695316467212488,0.8141046132214873,2.7126180138583812e-40,4,170.262,0.386237,0.0162277,12981.0,0.0,5.2946,11.8723,19.1789,34.8243,60.5933,74.7217,82.1875,88.6870,93.3132,97.9266,102.5270,107.1150,113.5180,120.8080,134.3930,66.1655,37.1717,24.4007,11.5763
34.844,-0.000201728103998095,0.8160340701970835,3.191367967124247e-41,4,172.982,0.370886,0.0163373,13187.4,0.0,5.4276,12.1733,19.6696,35.7322,58.3147,70.8015,77.6030,83.6095,87.9242,92.2557,96.5995,100.9540,107.0630,114.0570,127.1830,157.2040,36.7425,24.1232,11.4469
34.948,-6.610226511809577e-05,0.8174192042784303,5.363732142345723e-42,4,175.244,0.357768,0.0163181,13346.6,0.0,5.5407,12.4264,20.0778,36.4305,56.0834,67.3748,73.6529,79.2579,83.3134,87.4075,91.5335,95.6867,101.5420,108.2780,121.0030,149.7430,36.3990,23.8936,11.3376
35.068,-0.03622817709883712,0.8179643000426148,6.310377228148321e-43,4,177.917,0.339998,0.0249412,13549.5,0.0,5.7454,13.1175,21.5859,38.8975,56.4048,66.7004,72.5047,77.7281,81.5321,85.3886,89.2926,93.2379,98.8237,105.2830,117.5570,146.3960,34.8357,23.0341,11.0970
35.187,-0.03433021775790756,0.8171660315172462,7.424095705144218e-44,4,180.544,0.310706,0.042871,13746.4,0.0,6.1166,14.5244,24.9113,42.8350,59.4699,69.2374,74.7625,79.7498,83.3897,87.0878,90.8387,94.6376,100.0270,106.2760,118.2220,149.7620,32.0271,21.4992,10.6741
35.306,-0.03775294357547892,0.8188390944316819,8.734374356145122e-45,4,183.134,0.264448,0.0608392,13938.1,0.0,6.6585,16.4998,28.2357,45.9584,61.8974,71.2362,76.5292,81.3169,84.8170,88.3790,91.9972,95.6669,100.8840,106.9450,119.1300,154.2750,29.3962,19.8489,10.1319
35.425,-0.042861601417960346,0.8182160469769488,1.0275904086261176e-45,4,185.69,0.198773,0.0810159,14124.5,0.0,7.4238,18.9383,31.3774,49.0809,64.5756,73.6119,78.7342,83.3708,86.7636,90.2177,93.7307,97.2972,102.3720,108.4140,121.8920,50.2710,26.6351,18.1082,9.4390
35.526,-0.047886876293787246,0.8178631397421566,1.7270711997779162e-46,4,187.777,0.127178,0.100045,14283.7,0.0,8.2715,20.9883,34.0573,51.9188,67.2218,76.0957,81.1206,85.6677,88.9950,92.3838,95.8301,99.3303,104.5510,111.2540,126.5290,42.0071,24.2034,16.5974,8.7356
35.645,-0.055656177010658565,0.8164829582639429,2.031881995826721e-47,4,190.233,0.0182037,0.122678,14469.8,0.0,9.4060,23.5649,37.4946,55.7384,70.9852,79.7540,84.7072,89.1848,92.4587,95.8689,99.5470,103.5270,109.6790,117.6950,136.4640,34.2028,21.1634,14.7076,7.8074
35.746,-0.058455575619133844,0.8152698603733038,3.41498407038597e-48,4,192.235,-0.0832418,0.126073,14616.6,0.0,10.4020,25.8983,40.6705,59.3939,74.7214,83.4663,88.3985,93.0918,96.7711,100.7600,105.1010,109.8420,117.2610,127.0960,150.9030,28.5603,18.5462,13.0616,7.0051
35.867,-0.005895140971195974,0.8139286518870743,4.0176946089683905e-49,4,194.674,-0.204971,0.111558,14778.0,0.0,11.3489,27.0791,41.2672,58.8456,73.2355,81.4958,86.3958,91.2092,94.9982,99.1235,103.6320,108.5780,116.3690,126.7900,152.4680,26.1033,16.6886,11.6327,6.1415
35.987,-0.010509816322746949,0.8140589371296602,4.726777530505222e-50,4,197.092,-0.31159,0.0901679,14956.5,0.0,12.0341,27.3441,40.4500,56.4363,69.6057,77.3004,82.0306,86.6859,90.3567,94.3594,98.7412,103.5580,111.1650,121.3760,146.7190,25.3723,15.4533,10.5348,5.4097
36.105,-0.006764576933248929,0.8137846906242925,5.561006496864089e-51,5,197.457,-0.397354,0.0697099,13426.1,0.0,12.5215,27.3069,39.4461,54.0622,66.1549,73.4617,78.0644,82.6068,86.1968,90.1203,94.4256,99.1711,106.6910,116.8370,142.2810,25.4171,14.5189,9.6556,4.8176
36.206,-0.002467682071887009,0.8147531217206432,9.346383619279474e-52,5,199.063,-0.451324,0.0504939,13530.6,0.0,12.7360,26.8564,38.0928,51.5040,62.6503,69.6107,74.0178,78.3718,81.8172,85.5862,89.7266,94.2952,101.5460,111.3530,136.0610,27.7999,14.2698,9.2158,4.4612
36.306,-0.008043618635534686,0.8133763654254204,1.5708466948923012e-52,5,200.645,-0.487701,0.0296353,13639.3,0.0,12.7773,26.0778,36.3651,48.5501,58.7492,65.2985,69.4481,73.5487,76.7951,80.3474,84.2512,88.5611,95.4050,104.6690,128.0470,200.0000,14.6758,9.1016,4.2467
36.425,-0.028537311235839854,0.8130693714380813,1.8480854280738438e-53,5,202.502,-0.510905,0.0180924,13765.4,0.0,12.8274,25.7276,35.5488,47.1180,57.1500,63.9720,68.3425,72.6998,76.1764,80.0080,84.2524,88.9797,96.5782,107.0450,134.4300,200.0000,14.8389,8.9746,4.0992
36.526,-0.025630357080566255,0.8124105228047055,3.106077178963709e-54,5,204.02,-0.518845,0.0082435,13869.4,0.0,12.7726,25.2686,34.6747,45.7268,55.9182,63.0071,67.5965,72.2105,75.9190,80.0358,84.6311,89.7931,98.1906,109.9640,141.9490,200.0000,15.4478,9.0957,4.0721
36.626,-0.1039148313291287,0.8103860941751458,5.220383914684306e-55,5,205.478,-0.518229,0.00575522,13969.1,0.0,12.7374,25.1170,34.4126,45.6388,56.8060,64.8040,70.0867,75.4829,79.8836,84.8358,90.4507,96.8687,107.5680,123.1340,169.0990,200.0000,15.7175,9.1804,4.0876
36.745,-0.03949670177331911,0.8092725663339494,6.14172947178694e-56,5,207.083,-0.521398,0.020759,14080.9,0.0,12.9484,26.0475,36.1304,50.0686,65.4750,77.4795,85.9041,94.9538,102.6900,111.8080,122.7140,135.9890,160.2810,200.0000,200.0000,44.0810,14.2516,8.7020,4.0003
36.845,-0.012942279237081206,0.8066759130519335,1.0322404723232311e-56,5,208.534,-0.526169,0.00787488,14164.7,0.0,12.8287,25.3562,35.2516,49.5002,65.6824,78.6184,87.8743,97.9832,106.7660,117.2890,130.1240,146.1250,176.5390,200.0000,200.0000,48.9648,15.2050,8.9604,4.0112
36.946,-0.00424092606040677,0.8058250417044825,1.7348865618336543e-57,5,209.98,-0.520304,-0.0123831,14262.5,0.0,12.5415,24.2036,33.7202,47.5151,63.2958,75.9985,85.1353,95.1615,103.9120,114.4450,127.3640,143.5830,174.7630,200.0000,200.0000,60.2213,17.7622,9.7050,4.1466
37.065,-0.048912146146804274,0.8059313653575798,2.041076691131676e-58,5,211.689,-0.489309,-0.0357448,14380.8,0.0,12.0356,22.9198,32.0669,45.4557,60.9634,73.5979,82.7703,92.9179,101.8460,112.6830,126.1100,143.1830,176.6930,200.0000,200.0000,69.1874,21.9357,11.3002,4.5288
37.165,-0.05917793332058482,0.8041580312066218,3.4304375947850083e-59,5,212.972,-0.452616,-0.0229428,14480.6,0.0,11.8882,23.8226,34.7611,52.4704,75.9977,98.0996,116.1490,138.4630,160.5020,190.9040,200.0000,200.0000,200.0000,200.0000,135.2270,42.2757,19.7679,11.4154,4.7893
37.265,-0.019391425190489232,0.8039157634314108,5.765536465555163e-60,5,214.327,-0.416947,-0.0287884,14548.4,0.0,11.6915,24.1080,36.0270,56.5314,86.3624,117.4940,145.5130,183.9190,200.0000,200.0000,200.0000,200.0000,200.0000,195.9490,85.2974,37.5159,19.4708,11.7308,5.0962
37.385,-0.005083345765135609,0.8035789536545886,6.783095996360994e-61,5,215.988,-0.379126,-0.0245925,14654.7,0.0,11.4248,23.7289,35.6822,56.5837,87.7814,121.3790,152.5680,200.0000,200.0000,200.0000,200.0000,200.0000,199.3110,184.9040,82.4072,38.2367,20.2683,12.3263,5.4028
37.486,-0.03779977788094463,0.8033405112991606,1.1400349441083921e-61,5,217.352,-0.353474,-0.0216711,14754.1,0.0,11.2436,23.4720,35.4531,56.6510,88.8916,124.4420,158.2420,200.0000,200.0000,200.0000,200.0000,199.3340,191.9320,175.3550,80.6085,38.6629,20.7812,12.7184,5.6088
37.606,-0.032818871294742355,0.8037365547596321,1.3412397113940823e-62,5,218.902,-0.33835,0.00912935,14866.0,0.0,11.4614,25.3377,40.3577,71.1869,132.4080,200.0000,199.4120,194.2060,189.7960,184.4390,177.0980,149.3600,102.3430,75.2758,50.3408,30.3218,18.3086,11.8793,5.5637
37.707,-0.010754087745861174,0.8025714606698863,2.2542215829400349e-63,5,220.228,-0.345283,0.0179257,14950.5,0.0,11.6254,26.1586,42.4056,77.5688,155.6320,194.9090,189.4030,183.5460,178.3460,171.3280,147.4080,111.0580,82.5648,63.8539,44.8301,28.1314,17.4273,11.4707,5.4585
37.824,-0.0028191195780510317,0.8020881230639717,2.652069150113122e-64,6,220.934,-0.365587,0.0204994,13715.3,0.0,11.8324,26.7658,43.6248,80.7255,194.4130,186.0400,180.4480,174.4520,169.0330,161.2980,130.2610,100.3190,75.9034,59.3939,42.2052,26.7706,16.7011,11.0371,5.2761
37.926,-0.000923769103335762,0.8025131775718523,4.457332620595124e-65,6,221.235,-0.385976,0.0211448,13726.6,0.0,12.0172,27.2201,44.4261,82.4524,187.4910,179.1520,173.5950,167.6360,162.2360,154.4300,123.3520,95.4725,72.5318,56.9132,40.5597,25.7943,16.1199,10.6636,5.1034
38.046,0.02406793440433515,0.8033690882495207,5.244007254803958e-66,6,222.463,-0.405547,0.00335056,13805.5,0.0,11.9666,26.1580,41.2117,71.1411,126.9810,176.9740,172.5170,168.0320,164.3630,160.1240,154.9600,147.7150,108.0330,75.9417,48.7934,28.4895,16.8888,10.8499,5.0273
38.166,0.006309264596490035,0.8040379897857074,6.169522095204308e-67,6,223.691,-0.409367,-0.00424922,13877.6,0.0,11.9084,25.6573,39.8753,67.0670,114.2810,171.1420,167.0840,163.0710,159.8610,156.2640,152.1200,147.0890,135.4990,90.0039,54.0898,30.1214,17.3926,11.0211,5.0331
38.286,-0.024387766371930217,0.8027809648725095,7.258381049786916e-68,6,224.904,-0.405149,-0.00424415,13950.8,0.0,11.8728,25.5809,39.7569,66.8690,113.9470,163.1330,159.1820,155.2980,152.2070,148.7660,144.8390,140.1510,130.3680,90.6350,54.4718,30.3351,17.5163,11.0996,5.0690
38.405,-0.01629376324348327,0.8034392870836642,8.53941272126381e-69,6,226.067,-0.408486,0.0143552,14023.3,0.0,12.1267,27.0896,43.5953,78.5334,156.9190,149.7670,145.2310,140.6410,136.8360,132.3210,126.4130,111.5950,80.6399,61.2377,42.2164,26.0762,15.9918,10.4660,4.9486
38.507,-0.0053391403396245984,0.7973993059040749,1.4352190960628085e-69,6,227.028,-0.422543,0.0187591,14075.9,0.0,12.3036,27.7322,45.0345,82.6822,148.8610,141.5940,136.9700,132.2560,128.2970,123.4790,116.6220,95.6994,71.5696,55.5675,39.1689,24.6660,15.3156,10.0940,4.8105
38.626,0.10514501028699696,0.7930587155219179,1.688520914326934e-70,6,228.105,-0.444067,0.00967976,14142.5,0.0,12.3737,27.3843,43.6639,77.1842,142.5740,135.9350,131.8110,127.7270,124.4300,120.6700,116.1650,110.0470,84.7886,62.5959,42.0052,25.3713,15.3453,9.9658,4.6722
38.726,0.03445391697084317,0.769526079511597,2.837897100709278e-71,6,228.866,-0.44404,-0.0229841,14176.5,0.0,11.9809,24.9537,37.6155,59.8988,93.5015,137.0510,133.8740,130.8550,128.5350,126.0540,123.3810,120.4660,115.8300,109.1660,71.2588,33.6856,17.9945,10.9818,4.8297
38.845,0.009031887610404712,0.787223743415613,3.338757560013459e-72,6,229.773,-0.41611,-0.0328692,14234.4,0.0,11.6399,23.8359,35.4109,55.0224,82.8926,130.8880,127.9990,125.2810,123.2150,121.0310,118.7110,116.2310,112.4220,107.3890,92.4419,39.2816,19.9445,11.9032,5.1257
38.945,-0.06375648982951009,0.814523101242428,5.611449831114623e-73,6,230.666,-0.383854,-0.0265771,14301.7,0.0,11.4424,23.6840,35.5090,56.0257,127.7050,122.8130,119.9360,117.2380,115.1910,113.0320,110.7420,108.2970,104.5480,99.6024,84.7037,38.7308,20.3298,12.3095,5.3728
39.066,-0.016713381269867093,0.35174336885209506,6.601814611808043e-74,6,230.863,-0.359574,-0.00426731,14170.6,0.0,11.4875,24.7495,38.4633,64.6884,115.2070,109.9890,106.9170,104.0240,101.8190,99.4761,96.9652,94.2449,89.9453,83.7943,58.6659,32.6657,18.8605,11.9508,5.4575
39.185,-0.004381312619608039,0.09220741368436361,7.766968872646047e-75,6,228.881,-0.353071,0.00107989,13971.3,0.0,11.4936,25.0146,39.2469,67.2069,105.7080,100.5970,97.6082,94.8088,92.6837,90.4344,88.0359,85.4508,81.4024,75.7301,54.7984,31.5726,18.5750,11.8852,5.4835
39.286,-0.0014356685191931622,0.030214525316092266,0.6798548025512695,6,221.485,-0.353378,0.00273052,13235.1,0.0,11.5153,25.1413,39.5647,106.9390,98.3822,93.4386,90.5697,87.8988,85.8833,83.7619,81.5159,79.1168,75.4189,70.4318,53.5282,31.1427,18.4239,11.8231,5.4718
39.386,-0.0004704398603692154,0.009900695655577113,0.8558127048740204,6,208.575,-0.355426,0.00337005,12314.6,0.0,11.5401,25.2266,39.7458,99.8824,91.5469,86.7948,84.0601,81.5311,79.6348,77.6514,75.5677,73.3635,70.0217,65.6724,52.8933,30.8868,18.3112,11.7640,5.4511
39.505,-0.0001233229867566276,0.0025954079619356064,0.8701672850235117,6,192.605,-0.358605,0.00361955,11290.6,0.0,11.5701,25.3043,39.8866,91.9960,83.9505,79.4363,76.8653,74.5066,72.7517,70.9298,69.0331,67.0486,64.0930,60.3764,51.4676,30.6738,18.1998,11.6976,5.4228
39.606,-4.0410476300411724e-05,0.0008504632809670596,0.8656640380243216,6,179.867,-0.361428,0.00388393,10498.0,0.0,11.5972,25.3766,40.0202,85.8324,78.0333,73.7149,71.2764,69.0538,67.4104,65.7144,63.9609,62.1414,59.4657,56.1754,48.9120,30.4751,18.0976,11.6373,5.3975
39.726,-1.059336389929513e-05,0.00022294384632582889,0.8641828758716816,5,165.264,-0.364879,0.00416505,10668.4,0.0,11.6299,25.4620,40.4093,78.9247,71.4280,67.3424,65.0585,62.9929,61.4763,59.9218,58.3272,56.6874,54.3075,51.4439,45.4985,30.2433,17.9765,11.5651,5.3669
39.846,-2.776986786016823e-06,5.8443391651238096e-05,0.8651003313788816,5,151.228,-0.368247,0.00424582,9367.29,0.0,11.6596,25.5309,83.1190,72.5567,65.3691,61.5132,59.3789,57.4633,56.0665,54.6438,53.1948,51.7170,49.5961,47.0891,42.0942,30.0638,17.8745,11.5011,5.3380
39.949,-9.099630300419927e-07,1.91507305762777e-05,0.8663924110163819,5,139.771,-0.370966,0.00465015,8562.02,0.0,11.6875,25.6121,77.9706,67.5930,60.6593,56.9876,54.9714,53.1734,51.8691,50.5473,49.2085,47.8513,45.9193,43.6638,39.2807,29.6920,17.7645,11.4383,5.3129
40.067,-2.385413485473282e-07,5.0202491161877394e-06,0.8022437146644231,4,126.839,-0.37411,0.00489184,8505.41,0.0,11.7172,25.7150,72.2544,62.1182,55.4905,52.0346,50.1547,48.4903,47.2902,46.0808,44.8633,43.6373,41.9069,39.9118,36.1241,28.4245,17.6561,11.3733,5.2851
40.185,-6.253218327359082e-08,1.3160281843139188e-06,0.11811033814495314,4,116.762,-0.377158,0.00515398,8600.49,0.0,11.7463,26.6020,66.9676,57.0850,50.7604,47.5126,45.7621,44.2227,43.1192,42.0129,40.9053,39.7966,38.2434,36.4712,33.1672,26.7485,17.5489,11.3094,5.2580
40.305,-1.6392436652072187e-08,3.4498889234878797e-07,0.013895563172415594,4,111.345,-0.380298,0.00541899,8234.8,0.0,11.7762,29.8398,61.9320,52.3219,46.3048,43.2632,41.6389,40.2199,39.2083,38.1994,37.1943,36.1937,34.8016,33.2273,30.3360,24.8972,17.3727,11.2439,5.2301
40.426,0.23308298280993017,9.04367681958807e-08,0.27193185111362467,3,109.015,-0.379667,-0.0176694,9730.26,0.0,11.5054,32.3541,59.3864,50.2089,44.5389,41.6981,40.1895,38.8755,37.9418,37.0132,36.0900,35.1730,33.9018,32.4697,29.8542,24.9803,18.2601,12.0527,5.3592
40.545,0.09696086856564749,2.370745616194095e-08,0.39401298627329767,3,99.8703,-0.360858,-0.0698304,8606.54,0.0,10.8188,25.6456,59.8752,51.2395,45.8999,43.2226,41.7993,40.5592,39.6770,38.7987,37.9252,37.0572,35.8517,34.4906,31.9967,27.3015,20.6416,14.1141,5.8454
40.665,0.07134204792906419,6.214767388115849e-09,0.0463552338220672,3,95.1196,-0.32567,-0.0989009,8623.24,0.0,10.3038,25.1036,58.3101,50.0385,44.9607,42.4252,41.0808,39.9105,39.0793,38.2529,37.4315,36.6157,35.4841,34.2087,31.8746,27.4893,21.2502,15.0018,6.3834
40.766,0.0571545553537645,2.0364549777378014e-09,0.007790924148474836,3,94.0821,-0.280589,-0.119891,8547.86,0.0,9.8949,25.3069,56.7659,48.7778,43.9079,41.4872,40.2057,39.0927,38.3030,37.5181,36.7387,35.9658,34.8949,33.6887,31.4859,27.3568,21.4798,15.5190,6.9005
40.886,0.21851474667916346,5.338444536840983e-10,0.0009165944351439161,3,93.1255,-0.212931,-0.144209,8465.26,0.0,9.3816,24.3266,55.5499,47.9038,43.2684,40.9697,39.7552,38.7006,37.9525,37.2097,36.4726,35.7416,34.7291,33.5890,31.5083,27.6051,22.0197,16.2523,7.5049
41.005,0.12780494922716262,1.3994412046656426e-10,0.00010783641870024658,3,92.09,-0.132445,-0.178518,8369.03,0.0,8.4952,18.1020,57.9752,50.7173,46.3137,44.1103,42.9397,41.9191,41.1933,40.4707,39.7514,39.0358,38.0409,36.9160,34.8459,30.8980,25.0605,18.7307,8.5553
41.126,0.033503300610205324,3.6685511515587025e-11,1.2686846823665312e-05,3,91.253,-0.0475311,-0.169149,8298.26,0.0,7.9059,16.9267,56.7709,49.7696,45.5783,43.4900,42.3811,41.4157,40.7294,40.0461,39.3661,38.6899,37.7507,36.6888,34.7350,31.0095,25.4833,19.4138,9.2270
41.245,0.008782689235161664,0.015736230478366885,1.4925948419574004e-06,3,90.5063,0.0274874,-0.134152,8239.32,0.0,7.5517,17.9119,53.5692,46.8202,42.8344,40.8657,39.8250,38.9215,38.2808,37.6442,37.0121,36.3845,35.5146,34.5342,32.7385,29.3405,24.3529,18.9062,9.5206
41.345,0.03760645960662465,0.09275379370627626,2.5086041508778033e-07,3,90.1335,0.0759277,-0.0998975,8241.3,0.0,7.3989,21.4843,50.5574,44.0330,40.2248,38.3591,37.3771,36.5269,35.9255,35.3291,34.7379,34.1522,33.3420,32.4313,30.7706,27.6506,23.1181,18.1999,9.5892
41.465,0.285928119630951,0.1910439016692131,2.951347697466228e-08,3,90.0298,0.126659,-0.108708,8291.23,0.0,6.9279,17.8602,50.7819,44.3798,40.6866,38.8832,37.9345,37.1125,36.5304,35.9527,35.3794,34.8110,34.0235,33.1371,31.5164,28.4550,23.9602,19.0027,10.0877
41.586,0.13025373570315593,0.2511023969341742,3.4722310525920433e-09,3,90.4235,0.184551,-0.122035,8350.77,0.0,6.3818,14.9560,51.4363,45.0934,41.4695,39.7107,38.7882,37.9898,37.4243,36.8630,36.3060,35.7534,34.9877,34.1243,32.5409,29.5304,25.0550,20.0245,10.6963
41.686,0.14021295633939962,0.2969836513961402,5.835778730091447e-10,3,91.0556,0.232686,-0.110605,8426.58,0.0,6.0604,14.5580,50.3660,44.1378,40.6100,38.9081,38.0171,37.2474,36.7036,36.1648,35.6308,35.1015,34.3685,33.5429,32.0312,29.1609,24.8899,20.0685,10.9634
41.805,0.26203272333522926,0.35901359442096475,6.865735318165288e-11,3,91.8593,0.29166,-0.126112,8574.07,0.0,5.5092,12.2101,51.3304,45.0657,41.5411,39.8474,38.9628,38.1996,37.6609,37.1275,36.5996,36.0769,35.3540,34.5405,33.0535,30.2277,25.9856,21.1072,11.6010
41.906,0.08586288278248791,0.41287735196361175,1.1539241349240399e-11,3,93.0317,0.344983,-0.128148,8690.87,0.0,5.0790,10.9856,51.4358,45.1690,41.6643,39.9861,39.1111,38.3572,37.8257,37.3000,36.7797,36.2650,35.5538,34.7550,33.2973,30.5369,26.4006,21.6061,12.0433
42.025,0.12144488834198407,0.48638171508439904,1.3575802054967837e-12,3,94.9179,0.401537,-0.0934504,8891.32,0.0,4.7814,11.3093,48.8968,42.8285,39.4712,37.8738,37.0442,36.3308,35.8285,35.3323,34.8423,34.3586,33.6915,32.9433,31.5825,29.0245,25.2340,20.8752,12.0880
42.125,0.14676518611260603,0.5299846111801059,2.2816850513784443e-13,3,96.7181,0.441285,-0.0852423,9118.77,0.0,4.4931,10.7546,48.4011,42.3415,39.0102,37.4311,36.6122,35.9093,35.4150,34.9272,34.4456,33.9703,33.3156,32.5826,31.2523,28.7590,25.0863,20.8799,12.2939
42.246,0.08998519267771839,0.5568916870850726,2.6843796460962262e-14,3,99.2442,0.481184,-0.0632423,9353.51,0.0,4.2574,10.9540,47.0399,41.0485,37.7834,36.2432,35.4472,34.7649,34.2855,33.8129,33.3470,32.8878,32.2563,31.5506,30.2721,27.8890,24.4055,20.4525,12.3476
42.365,0.25812954710764,0.5718919366848543,3.158145809835749e-15,3,101.736,0.510038,-0.0501524,9639.33,0.0,4.0714,11.0646,46.4800,40.4467,37.1823,35.6493,34.8586,34.1816,33.7066,33.2388,32.7781,32.3245,31.7014,31.0057,29.7483,27.4140,24.0240,20.2076,12.4078
42.466,0.08458388999623148,0.576931747078518,5.307895662590945e-16,3,103.921,0.52958,-0.041694,9826.57,0.0,3.9419,11.1932,46.3867,40.2590,36.9610,35.4173,34.6219,33.9418,33.4651,32.9960,32.5345,32.0802,31.4564,30.7608,29.5059,27.1826,23.8254,20.0695,12.4475
42.585,0.19262788106186743,0.580099211921776,6.24468616808162e-17,3,106.612,0.537424,0.00305235,10026.0,0.0,4.0738,53.6800,43.8855,37.9197,34.7450,33.2680,32.5101,31.8634,31.4107,30.9657,30.5284,30.0987,29.5099,28.8548,27.6761,25.5063,22.3987,18.9591,12.0676
42.705,0.255642576858084,0.5826236356225221,7.346810829886347e-18,3,108.835,0.531244,0.00373149,10339.3,0.0,4.1384,55.3322,44.9512,38.6560,35.3192,33.7707,32.9770,32.3006,31.8276,31.3629,30.9063,30.4581,29.8441,29.1619,27.9364,25.6868,22.4824,18.9625,12.0097
42.806,0.12797933721112648,0.582859191045788,1.234778496178998e-18,3,110.85,0.51968,0.0137365,10503.1,0.0,4.2927,56.1893,45.3742,38.8488,35.4046,33.8107,32.9949,32.3003,31.8148,31.3382,30.8704,30.4113,29.7832,29.0858,27.8347,25.5455,22.3012,18.7627,11.8586
42.926,0.45977319152716495,0.5128051651681319,1.4527045529696293e-19,3,112.876,0.496699,0.0251523,10672.9,0.0,4.5560,57.3043,45.9214,39.0924,35.5063,33.8521,33.0069,32.2881,31.7862,31.2939,30.8110,30.3375,29.6902,28.9726,27.6877,25.3450,22.0465,18.4809,11.6311
43.045,0.14142625903605716,0.1356623972178348,1.7090923795232398e-20,3,112.904,0.470782,0.0183054,10342.1,0.0,4.7485,60.2138,47.9377,40.5766,36.7174,34.9402,34.0326,33.2612,32.7230,32.1955,31.6784,31.1714,30.4787,29.7111,28.3393,25.8445,22.3507,18.6055,11.5314
43.146,0.2950600721305289,0.0444538543203401,2.872471562264709e-21,3,111.978,0.447592,0.0257359,10186.0,0.0,4.9997,61.1367,48.3618,40.7349,36.7526,34.9235,33.9908,33.1989,32.6470,32.1061,31.5762,31.0572,30.3487,29.5644,28.1648,25.6278,22.0940,18.3342,11.3205
43.265,0.3273006573786372,0.011653311186951235,3.379434068288808e-22,3,110.086,0.424728,-0.00470352,9976.88,0.0,5.0217,19.9323,52.8012,44.2739,39.8018,37.7437,36.6937,35.8019,35.1800,34.5705,33.9733,33.3884,32.5901,31.7062,30.1287,27.2723,23.3050,19.1133,11.4420
43.366,0.10724987940983186,0.005700881228490181,5.679814838573e-23,3,108.549,0.414298,-0.0373032,9819.03,0.0,4.9310,13.5529,57.7698,48.3401,43.3624,41.0641,39.8901,38.8917,38.1950,37.5119,36.8425,36.1866,35.2904,34.2977,32.5253,29.3125,24.8516,20.1555,11.6932
43.486,0.2041443377778371,0.20757160844938632,6.682245359432749e-24,3,107.602,0.411535,-0.0369666,9931.59,0.0,4.9497,13.3082,59.5120,49.6218,44.4078,42.0034,40.7757,39.7324,39.0047,38.2913,37.5925,36.9079,35.9734,34.9385,33.0927,29.7538,25.1361,20.3042,11.6953
43.586,0.27159266090601664,0.3621656115316949,1.1230849775598621e-24,3,107.772,0.418241,-0.0375546,10068.3,0.0,4.8834,12.7905,61.2427,50.8772,45.4614,42.9655,41.6913,40.6091,39.8544,39.1147,38.3901,37.6805,36.7123,35.6404,33.7296,30.2776,25.5155,20.5521,11.7754
43.704,0.07119638650054683,0.4427686627724896,1.3212982452494022e-25,3,109.063,0.432845,-0.0354428,10207.6,0.0,4.7628,12.2381,63.6991,52.1388,46.5146,43.9252,42.6042,41.4824,40.7005,39.9346,39.1843,38.4498,37.4477,36.3394,34.3647,30.8033,25.9044,20.8199,11.8928
43.807,0.13880456258035465,0.4983911619797894,2.2207059607906705e-26,3,110.604,0.440519,-0.00978339,10355.5,0.0,4.8210,13.5981,62.1899,50.4155,44.8956,42.3664,41.0794,39.9881,39.2284,38.4848,37.7575,37.0462,36.0767,35.0059,33.1028,29.6833,25.0061,20.1781,11.7164
43.926,0.2725585399486165,0.58298631526603,2.612638355810616e-27,3,112.428,0.446776,-0.0290155,10730.3,0.0,4.6651,11.8556,70.6595,54.4335,47.9902,45.2407,43.8405,42.6522,41.8246,41.0147,40.2220,39.4463,38.3890,37.2210,35.1438,31.4107,26.3089,21.0613,11.9780
44.046,0.07144958589629014,0.6433245177540982,3.0737428992276315e-28,3,114.957,0.459501,-0.0474002,10999.9,0.0,4.4680,10.5088,85.2897,60.7953,52.0150,48.5574,46.9075,45.5601,44.6481,43.7682,42.9069,42.0639,40.9144,39.6437,37.3828,33.3163,27.7583,22.0568,12.2958
44.146,0.1893584810786448,0.6761091014151629,5.16603969073188e-29,3,117.459,0.471277,-0.0337864,11176.0,0.0,4.4255,10.7091,91.2788,62.1287,52.2919,48.5009,46.7079,45.2514,44.2693,43.3322,42.4372,41.5814,40.4358,39.1717,36.9262,32.8981,27.4160,21.8171,12.2605
44.265,0.09289712732740027,0.6928191970157515,6.077794035749151e-30,3,120.371,0.487335,-0.0417905,11521.5,0.0,4.2515,9.9011,122.0360,71.9622,57.9064,52.8021,50.4445,48.5554,47.2945,46.1010,44.9694,43.8955,42.4805,40.9784,38.4496,34.1716,28.3782,22.4798,12.4963
44.366,0.03044053068264252,0.7029031683062464,1.0214948435883599e-30,3,123.063,0.498904,-0.0267422,11695.1,0.0,4.2146,10.1397,143.6250,76.0934,59.5089,53.7091,51.0688,48.9701,47.5779,46.2660,45.0279,43.8576,42.3230,40.7028,37.9957,33.5957,27.9176,22.1620,12.4402
44.466,0.07760646166920548,0.7192753316749658,1.716826383618957e-31,3,125.815,0.500999,0.00367546,11924.3,0.0,4.3303,11.4381,149.1500,74.6446,57.5824,51.7223,49.0723,46.9739,45.5858,44.2806,43.0512,41.8914,40.3737,38.7755,36.1140,31.8136,26.5054,21.1732,12.1533
44.567,0.12997699571310525,0.7622354473238778,2.8854701029483806e-32,3,128.463,0.494963,0.000114918,12317.7,0.0,4.3642,11.3174,200.0000,92.2667,65.9231,57.7371,54.1649,51.3910,49.5817,47.8992,46.3303,44.8644,42.9666,40.9924,37.7593,32.6744,26.8218,21.3414,12.1562
44.685,0.03407268956421626,0.8173975924626457,3.3947267214177414e-33,3,132.138,0.483012,0.0065825,12689.3,0.0,4.4978,11.9010,200.0000,123.9340,77.8559,65.7050,60.6715,56.8684,54.4362,52.2073,50.1573,48.2658,45.8510,43.3786,39.4146,33.3840,26.7347,21.0891,12.0124
44.787,0.11424582090398053,0.8481307649731596,5.705517200686798e-34,3,135.511,0.464006,0.0302272,12980.8,0.0,4.7884,14.0476,122.0600,140.9830,81.6261,67.4845,61.7918,57.5529,54.8695,52.4288,50.1996,48.1558,45.5646,42.9324,38.7551,32.4996,25.7380,20.1370,11.6465
44.904,0.08024069094369306,0.8660466158624989,6.712483931436012e-35,3,139.411,0.433292,0.0221059,13516.2,0.0,5.0180,14.1469,38.2158,200.0000,135.7440,98.2503,85.6554,77.0277,71.8637,67.3535,63.3805,59.8544,55.5361,51.3143,44.9340,36.0470,27.2407,20.4998,11.4987
45.006,0.026293269608429336,0.8731960789139487,1.1281671743564504e-35,3,142.921,0.403149,0.0320067,13778.6,0.0,5.3472,14.8290,32.6295,200.0000,200.0000,133.8060,110.2570,95.5565,87.2548,80.2859,74.3531,69.2418,63.1702,57.4259,49.0836,38.0970,27.8759,20.4612,11.1828
45.127,0.0068926228682321,0.8811356828326932,1.3272773989586207e-36,3,147.261,0.353664,0.0678728,14088.1,0.0,6.0355,16.5443,34.4413,158.5450,200.0000,150.3130,119.6390,101.5260,91.6262,83.4912,76.6883,70.9155,64.1619,57.8736,48.9119,37.4077,26.9975,19.6152,10.5709
45.245,0.023691206365107336,0.9025194090029934,1.5615285871008278e-37,3,151.656,0.278635,0.0949407,14482.0,0.0,6.7958,18.4596,37.8839,158.9550,200.0000,149.5920,117.6230,99.1064,89.0960,80.9279,74.1369,68.4021,61.7256,55.5402,46.7766,35.6146,25.5981,18.5428,9.9511
45.365,0.014868397486814696,0.9346531467818057,1.837122767438253e-38,3,156.144,0.201367,0.0807188,15017.3,0.0,7.3971,19.3008,37.3293,115.6250,200.0000,194.4120,141.2650,114.0120,100.2110,89.3973,80.6953,73.5422,65.4308,58.1158,48.0662,35.7722,25.1943,17.9869,9.4618
45.466,0.0048720764884794395,0.951202619699962,3.087652235233472e-39,4,156.962,0.142958,0.0755863,12045.5,0.0,7.8906,20.3060,38.5320,110.4200,200.0000,200.0000,149.4080,118.0330,102.6460,90.8139,81.4333,73.8143,65.2729,57.6585,47.3315,34.9043,24.3890,17.3159,9.0414
45.586,0.001277185618995954,0.9599794466480018,3.6325919782298267e-40,4,160.461,0.0764109,0.0736749,12352.7,0.0,8.4845,21.7241,40.9429,114.3080,200.0000,200.0000,146.8160,114.9360,99.5101,87.7410,78.4667,70.9705,62.6053,55.1820,45.1653,33.1887,23.1198,16.3803,8.5290
45.705,0.08663493399415607,0.9642089438589687,4.273708136467609e-41,4,163.966,0.0116331,0.0639217,12621.2,0.0,8.9784,22.4200,40.8966,101.8610,200.0000,200.0000,177.2490,130.6690,110.0260,95.0215,83.6240,74.6729,64.9484,56.5434,45.5224,32.8057,22.4833,15.7534,8.0841
45.805,0.028388535171205063,0.9676969593799567,7.182821264961111e-42,4,166.842,-0.0323435,0.039758,12864.7,0.0,9.1298,21.5274,36.6798,75.2420,200.0000,200.0000,200.0000,200.0000,187.1290,146.0710,119.7950,101.5380,83.6919,69.7037,53.0940,36.0116,23.5414,15.9990,7.9030
45.906,0.009302355204900475,0.9697810744152492,1.2072167700020144e-42,4,169.791,-0.0649816,0.0308783,13042.6,0.0,9.3291,21.5713,35.9763,70.0892,164.1590,200.0000,200.0000,200.0000,200.0000,181.7130,141.6890,116.1210,92.7108,75.3616,55.8101,36.7986,23.5708,15.8208,7.6998
46.026,0.0024385566028334305,0.971831443487136,1.4202784577396702e-43,4,173.303,-0.0957809,0.0281558,13297.9,0.0,9.5712,22.0021,36.4668,70.0338,157.8730,200.0000,200.0000,200.0000,200.0000,192.7140,147.1310,118.9940,93.8730,75.6380,55.4666,36.2259,23.0505,15.4103,7.4653
46.146,0.0006392529820931669,0.9735073651246168,1.6709434027461451e-44,4,176.789,-0.123359,0.0273883,13559.1,0.0,9.8042,22.5007,37.2287,71.2167,158.9200,200.0000,200.0000,200.0000,200.0000,192.0710,145.6730,117.3380,92.2327,74.1222,54.1981,35.2999,22.4186,14.9709,7.2429
46.266,0.00016757633373783116,0.9762431334732276,1.9658482038968127e-45,4,180.257,-0.150233,0.0270085,13817.6,0.0,10.0347,23.0112,38.0409,72.6303,161.2790,200.0000,200.0000,200.0000,200.0000,188.8000,142.7080,114.7110,90.0037,72.2355,52.7421,34.3042,21.7655,14.5266,7.0234
46.386,4.3929130431370015e-05,0.9781360737312057,2.312800753402561e-46,4,183.712,-0.177166,0.0267174,14073.2,0.0,10.2665,23.5282,38.8702,74.1049,163.9420,200.0000,200.0000,200.0000,200.0000,184.8080,139.3190,111.8070,87.6006,70.2350,51.2240,33.2815,21.1012,14.0771,6.8027
46.505,1.151575796780106e-05,0.9796936263496931,2.7209869583705785e-47,4,187.148,-0.204291,0.0263879,14326.9,0.0,10.4994,24.0451,39.6951,75.5525,166.4470,200.0000,200.0000,200.0000,200.0000,180.9470,135.9900,108.9340,85.2101,68.2387,49.7045,32.2552,20.4336,13.6251,6.5805
46.605,3.773483570889051e-06,0.9816600680291424,4.5731627809334316e-48,4,189.993,-0.227038,0.0260992,14538.6,0.0,10.6945,24.4769,40.3819,76.7490,168.4720,200.0000,200.0000,200.0000,200.0000,177.7180,133.1970,106.5210,83.2023,66.5620,48.4285,31.3937,19.8733,13.2458,6.3941
46.725,9.891960772071394e-07,0.9827199011703065,5.3802802801403744e-49,4,193.386,-0.254522,0.0257604,14789.5,0.0,10.9301,24.9983,41.2112,78.1932,170.9220,200.0000,200.0000,200.0000,200.0000,173.6520,129.7230,103.5380,80.7338,64.5081,46.8716,30.3462,19.1938,12.7864,6.1687
46.825,3.2413977057923544e-07,0.983254061512361,9.042637066831931e-50,4,196.192,-0.277567,0.0254903,14995.7,0.0,11.1277,25.4357,41.9072,79.4077,173.0010,200.0000,200.0000,200.0000,200.0000,170.0670,126.7050,100.9680,78.6209,62.7580,45.5510,29.4616,18.6214,12.4001,5.9796
46.926,1.0621412002340389e-07,0.9834290951732454,1.5197960118224427e-50,5,196.436,-0.300638,0.0253847,13437.9,0.0,11.3274,25.8864,42.6398,80.7537,175.7070,200.0000,200.0000,200.0000,200.0000,165.3210,123.0380,97.9845,76.2561,60.8467,44.1451,28.5410,18.0347,12.0075,5.7892
47.026,3.480424284926899e-08,0.9834864502032441,2.5543211570699792e-51,5,198.71,-0.323709,0.0252008,13576.9,0.0,11.5261,26.3303,43.3533,82.0308,178.0870,200.0000,200.0000,200.0000,200.0000,161.0330,119.6240,95.1604,73.9872,58.9963,42.7712,27.6336,17.4532,11.6171,5.5992
47.145,9.12372343747877e-09,0.9835070762989543,3.00513329808126e-52,5,201.392,-0.35157,0.0249841,13763.2,0.0,11.7661,26.8661,44.2144,83.5712,180.9570,200.0000,200.0000,200.0000,200.0000,155.7390,115.4330,91.7056,71.2202,56.7442,41.1026,26.5339,16.7494,11.1450,5.3697
47.265,2.3917293567944344e-09,0.9835124833061881,3.535509273859622e-53,5,204.054,-0.379613,0.0248182,13935.5,0.0,12.0081,27.4091,45.0917,85.1603,184.0310,200.0000,200.0000,200.0000,200.0000,149.9990,110.9860,88.0838,68.3473,54.4215,39.3937,25.4148,16.0361,10.6678,5.1382
47.365,0.003314726137721875,0.9835137748266467,5.942130436575866e-54,5,206.246,-0.402813,0.023284,14079.8,0.0,12.1904,27.7358,45.4764,85.2532,180.9600,200.0000,200.0000,200.0000,200.0000,153.9020,111.9550,87.9812,67.6957,53.5856,38.5436,24.7206,15.5363,10.3113,4.9533
47.485,0.0008689355686469632,0.9835142392850315,6.990857037327141e-55,5,208.846,-0.429444,0.0220962,14251.0,0.0,12.4064,28.1573,46.0493,85.8440,179.8080,200.0000,200.0000,200.0000,197.5680,154.9420,111.0830,86.5809,66.1596,52.1198,37.2994,23.8113,14.9183,9.8832,4.7378
47.585,0.0002847328071342369,0.9835143502257941,1.1749533422635728e-55,5,210.982,-0.451042,0.0218701,14396.5,0.0,12.5909,28.5626,46.6895,86.9453,181.6650,200.0000,200.0000,197.5260,191.6980,150.6170,107.6670,83.7821,63.9340,50.3196,35.9756,22.9456,14.3673,9.5149,4.5594
47.686,9.330124624174674e-05,0.9835143865788633,1.974744082342387e-56,5,213.099,-0.472613,0.0219078,14534.8,0.0,12.7785,28.9906,47.3929,88.2709,200.0000,200.0000,196.7010,191.3340,185.5270,144.4500,103.3090,80.4128,61.3770,48.3146,34.5478,22.0383,13.8006,9.1401,4.3801
47.805,2.445836189479646e-05,0.9835143996522044,2.323266665434995e-57,5,215.604,-0.49873,0.0219226,14701.3,0.0,13.0054,29.5061,48.2372,89.8495,200.0000,193.6870,189.1440,183.8320,178.0600,137.2040,98.1458,76.4021,58.3208,45.9116,32.8317,20.9448,13.1163,8.6871,4.1632
47.905,8.014516025686906e-06,0.9835144027749093,3.904714284596596e-58,5,217.669,-0.52073,0.0219245,14836.8,0.0,13.1963,29.9394,48.9458,91.1702,193.5960,187.2780,182.7730,177.5110,171.7700,131.1700,93.8323,73.0454,55.7591,43.8954,31.3901,20.0253,12.5406,8.3058,3.9804
48.006,0.028335112587236297,0.9835144037981572,6.562653298121499e-59,5,219.707,-0.542786,0.0205996,14974.6,0.0,13.3692,30.2484,49.3114,91.2901,187.3500,181.1710,176.8110,171.7890,166.5280,133.1810,93.5573,72.1088,54.5939,42.7378,30.3832,19.2798,12.0311,7.9521,3.8021
48.106,0.023733218922985588,0.9835144041334551,1.1029851398152806e-59,6,219.458,-0.557656,0.000715971,13693.8,0.0,13.2266,28.7664,45.1034,77.1380,135.3650,179.5270,176.2760,172.8980,170.0420,166.6000,162.0350,146.0820,87.3568,59.8643,37.6620,21.6517,12.7225,8.1352,3.7507
48.225,0.006221520941347134,0.9835144042540355,1.2976509871412793e-60,6,221.431,-0.558907,-0.00714469,13804.6,0.0,13.1343,28.1463,43.5257,72.5312,121.6600,173.3830,170.4660,167.5000,165.0640,162.2540,158.8750,154.3990,117.5000,72.5472,42.2587,23.0587,13.1723,8.3015,3.7698
48.327,0.002038667982060629,0.9835144042828373,2.1809620140883482e-61,6,223.051,-0.552823,-0.00827289,13913.0,0.0,13.0685,27.9470,43.1347,71.6267,119.4380,167.1160,164.2870,161.4310,159.1020,156.4390,153.2850,149.2560,125.3990,75.8934,43.6260,23.6073,13.4279,8.4443,3.8262
48.447,0.0005344245794893015,0.983514404293195,2.565879999954801e-62,6,224.984,-0.542883,-0.00876403,14034.4,0.0,12.9786,27.7296,42.7636,70.9028,117.9330,159.3710,156.6270,153.8760,151.6470,149.1200,146.1640,142.4870,131.1980,78.6728,44.9541,24.2361,13.7595,8.6447,3.9132
48.566,0.00014009619696564346,0.9835144042959102,3.0187321611468247e-63,6,226.897,-0.532039,-0.00876117,14156.8,0.0,12.8874,27.5349,42.4636,70.4060,117.1080,151.4600,148.7930,146.1350,143.9940,141.5850,138.7950,135.3900,127.5130,80.5327,46.0183,24.8104,14.0857,8.8497,4.0060
48.667,4.590672182170205e-05,0.9835144042965588,5.0735831432394685e-64,6,228.492,-0.522833,-0.00874734,14247.0,0.0,12.8101,27.3705,42.2111,69.9903,116.4250,144.8080,142.2070,139.6300,137.5660,135.2550,132.6020,129.4140,122.6750,82.0842,46.9130,25.2954,14.3618,9.0234,4.0848
48.785,-0.020118849999361022,0.9835144042967922,5.9690198321898015e-65,6,230.371,-0.513567,-0.00157619,14363.6,0.0,12.8228,27.7669,43.3577,73.5732,139.7520,135.4880,132.8070,130.1410,127.9930,125.5620,122.7160,119.1390,103.8990,69.4167,42.8047,24.2600,14.1426,9.0059,4.1340
48.885,-0.02111541241899687,0.9835144042968478,1.00321316319614e-65,6,231.932,-0.513573,0.00847507,14438.4,0.0,12.9533,28.5991,45.4949,80.0457,131.3470,126.8390,123.9810,121.1020,118.7360,115.9750,112.5270,107.1210,76.5296,56.0348,37.3178,22.4028,13.4997,8.7495,4.0929
49.005,-0.023601229740252763,0.9835144042968678,1.1802702543686268e-66,6,233.751,-0.527239,0.0211239,14550.1,0.0,13.2417,29.9925,48.9488,90.8374,120.9160,116.0560,112.9150,109.6510,106.8270,103.1870,95.0398,73.5479,55.8679,43.8338,31.2357,19.8629,12.4124,8.2108,3.9294
49.107,-0.009938916927686028,0.9835144042968725,1.9836802165173516e-67,6,235.254,-0.550713,0.0297132,14640.4,0.0,13.5673,31.2923,52.0489,120.0010,112.3250,107.2020,103.8170,100.1570,96.7213,90.3998,70.1457,57.1746,45.4216,36.7863,27.1303,17.8167,11.3801,7.6255,3.7039
49.225,-0.0026054274390913254,0.9835144042968743,2.3337799379305e-68,6,237.049,-0.588667,0.0323946,14747.6,0.0,13.9391,32.3368,54.1218,110.8300,103.1430,98.0359,94.6436,90.9174,87.2580,76.1989,60.0344,49.5311,39.7901,32.4930,24.1890,16.0309,10.3055,6.9322,3.3825
49.326,0.0012890098805085543,0.9835144042968748,3.922383941679792e-69,6,238.525,-0.623722,0.0329287,14837.7,0.0,14.2548,33.1076,55.4816,103.2720,95.6711,90.6621,87.3411,83.6850,80.0482,68.5748,54.2145,44.8300,36.0890,29.5170,22.0129,14.6146,9.4069,6.3325,3.0927
49.426,0.06849269434444505,0.9362680664062498,6.592350690781226e-70,6,239.847,-0.65189,0.00318694,14919.8,0.0,14.0616,30.7278,48.3968,99.1459,92.7726,88.8643,86.4842,84.1636,82.3212,80.2619,77.8770,74.9032,63.5787,44.6265,28.6372,16.7050,9.8976,6.3566,2.9444
49.546,0.017954948866230204,0.24543705599999993,7.755834664197207e-71,6,239.071,-0.651826,-0.019423,14640.3,0.0,13.7517,28.8218,43.6856,92.4242,86.8168,83.5110,81.5643,79.7293,78.3274,76.8335,75.2265,73.4748,70.6732,66.5209,41.4749,20.3672,11.0605,6.8015,3.0135
49.666,0.004706782115589051,0.06433985160806398,0.6226152053833007,6,233.358,-0.628114,-0.0250537,14002.8,0.0,13.4815,27.9783,42.0429,84.0451,78.7672,75.7261,73.9626,72.3211,71.0828,69.7804,68.4024,66.9334,64.6782,61.6761,49.8679,23.0111,12.1702,7.3939,3.2377
49.785,0.001233854690908976,0.016866306059944318,0.9169495116814407,6,217.51,-0.597985,-0.0258117,12808.2,0.0,13.2225,27.4048,41.1344,75.5983,70.5798,67.7463,66.1239,64.6288,63.5114,62.3468,61.1282,59.8466,57.9220,55.4702,49.3514,25.0705,13.2099,8.0121,3.5028
49.905,0.00032344760409364255,0.004421400935778043,0.9521541102751028,6,200.818,-0.568067,-0.0258462,11703.9,0.0,12.9745,26.8892,40.5162,67.6553,62.9037,60.2741,58.7869,57.4296,56.4240,55.3849,54.3082,53.1889,51.5376,49.4988,44.9712,26.9459,14.1956,8.6093,3.7636
50.005,0.00010598731090940479,0.0014488046586357492,0.9578121326225303,6,187.496,-0.544128,-0.0266509,10819.6,0.0,12.7667,26.4218,68.2440,61.5279,57.0178,54.5637,53.1902,51.9467,51.0322,50.0936,49.1286,48.1343,46.6866,44.9367,41.2695,28.6781,15.0476,9.1097,3.9756
50.125,2.7783937631035e-05,0.00037979544843340975,0.9595981871220359,5,171.977,-0.516498,-0.0280192,10806.1,0.0,12.5220,25.8546,61.0350,54.7010,50.4908,48.2457,47.0048,45.8917,45.0799,44.2531,43.4103,42.5502,41.3144,39.8506,36.9213,29.6870,16.0786,9.7040,4.2226
50.226,0.0660708542449017,0.00012445137254265968,0.9605727649963681,5,159.662,-0.49429,-0.0284915,9702.1,0.0,12.3331,25.6495,55.4427,49.3617,45.4013,43.3245,42.1882,41.1764,40.4433,39.7011,38.9492,38.1873,37.1027,35.8353,33.3663,27.9063,16.8605,10.1650,4.4188
50.345,0.21656043882285753,3.2624180603822985e-05,0.5374481251954883,5,145.551,-0.468816,-0.028666,9080.56,0.0,12.1209,58.0010,49.1777,43.3949,39.7382,37.8589,36.8428,35.9459,35.3007,34.6517,33.9990,33.3425,32.4170,31.3499,29.3214,25.1472,17.7097,10.6830,4.6422
50.446,0.11362976678752865,1.0690291500260715e-05,0.09032890640160574,4,137.531,-0.44851,-0.0299866,10196.0,0.0,11.9384,52.4740,44.3391,38.8315,35.4348,33.7183,32.7993,31.9937,31.4175,30.8410,30.2642,29.6872,28.8796,27.9572,26.2320,22.8172,17.3625,11.1385,4.8264
50.564,0.2099409546939127,2.8023957750443452e-06,0.010627105509242516,4,131.696,-0.4212,-0.051831,9729.43,0.0,11.4799,47.6567,39.9272,34.7962,31.7166,30.1880,29.3777,28.6724,28.1708,27.6714,27.1743,26.6796,25.9916,25.2125,23.7746,21.0083,16.8252,12.1310,5.1870
50.666,0.11163217090272633,9.182890475665309e-07,0.0017860976229383898,4,130.297,-0.377808,-0.116477,9620.93,0.0,10.6016,47.4051,38.8996,34.0674,31.1998,29.7861,29.0395,28.3911,27.9309,27.4734,27.0187,26.5670,25.9399,25.2313,23.9281,21.4356,17.6885,13.4453,6.0198
50.785,0.11702960215971021,2.407239640852807e-07,0.0002101325992410786,3,129.024,-0.292512,-0.161627,11699.6,0.0,10.1946,44.4955,35.7300,31.1868,28.5607,27.2820,26.6112,26.0310,25.6207,25.2140,24.8110,24.4118,23.8596,23.2382,22.1031,19.9584,16.7919,13.2507,6.7551
50.905,0.2839235415753445,6.310434284117183e-08,2.4721890168113662e-05,3,126.923,-0.198964,-0.138236,11478.9,0.0,9.8229,45.2923,34.6513,29.8824,27.4154,26.2218,25.5976,25.0588,24.6784,24.3018,23.9292,23.5605,23.0512,22.4792,21.4369,19.4762,16.5950,13.3700,7.2643
51.026,0.2474154592940056,1.654242484975615e-08,2.908505656388404e-06,3,124.65,-0.136594,-0.117844,11254.2,0.0,9.4888,51.4809,35.8948,29.7295,27.0395,25.8827,25.2839,24.7675,24.4031,24.0425,23.6858,23.3331,22.8461,22.2995,21.3041,19.4335,16.6852,13.5972,7.6313
51.146,0.40999954002144584,4.336497419814478e-09,3.421827819684394e-07,3,121.948,-0.0997562,-0.104576,11005.0,0.0,9.2997,70.1060,40.4018,31.2253,27.5663,26.0654,25.3367,24.7356,24.3256,23.9307,23.5503,23.1834,22.6915,22.1567,21.1894,19.3728,16.7042,13.7002,7.8337
51.264,0.1601754925146233,1.1367867796198465e-09,4.025746211580492e-08,3,119.217,-0.0828756,-0.0969181,10743.8,0.0,9.2299,112.4810,53.9683,36.2058,30.3235,28.0713,27.0089,26.1472,25.5668,25.0136,24.4856,23.9812,23.3119,22.5954,21.3748,19.3272,16.6701,13.7136,7.9141
51.365,0.26684015360314334,3.725022919458313e-10,6.766071657803332e-09,3,117.064,-0.0814298,-0.0823476,10553.0,0.0,9.3919,141.8440,86.1704,44.7383,34.7698,31.3123,29.7431,28.4980,27.6730,26.8965,26.1643,25.4728,24.5670,23.6117,22.0180,19.4354,16.3425,13.4274,7.8246
51.485,0.22284916154995363,9.7649240819848e-11,7.960215644689043e-10,3,114.373,-0.0908356,-0.0658824,10313.2,0.0,9.6998,41.9408,119.7130,80.9630,49.7484,41.7253,38.4303,35.9519,34.3716,32.9269,31.6010,30.3800,28.8244,27.2357,24.6965,20.8526,16.6407,13.1064,7.6412
51.586,0.0730232132566888,3.1997703231847796e-11,1.337873443402888e-10,3,112.487,-0.106255,-0.0448659,10148.4,0.0,10.0451,30.9623,152.7700,107.1400,85.8497,65.8147,56.9884,51.0108,47.4593,44.3733,41.6670,39.2748,36.3571,33.5176,29.2499,23.3530,17.5634,13.1671,7.3888
51.706,0.019142597215961427,8.388005916009508e-12,1.5739947274290642e-11,3,110.714,-0.134706,0.00612992,10022.4,0.0,10.3231,26.5944,50.5387,127.7800,103.2540,93.8222,88.1619,82.3198,77.0786,69.4922,62.3485,56.5405,50.0231,44.2075,36.3119,26.7979,18.7367,13.3087,6.9532
51.826,0.005018117004580993,2.1988654228463966e-12,1.85178905687302e-12,3,109.364,-0.179308,0.0631911,9926.65,0.0,10.7041,26.6802,48.5552,129.1210,103.2230,93.7962,88.7571,83.8271,79.8244,75.0942,68.5283,61.1264,53.1032,46.1837,37.1320,26.7175,18.2873,12.8024,6.5625
51.927,0.0016443365800611,0.19079238281322053,3.112301867886485e-13,3,108.617,-0.213158,0.0623209,9977.97,0.0,11.0005,27.3595,49.6556,124.8840,99.6835,90.5345,85.6167,80.8309,76.9741,72.4752,66.4888,59.2431,51.3929,44.6409,35.8334,25.7350,17.5878,12.3001,6.2966
52.044,0.034280543876549004,0.6280024565251889,3.6615920245497706e-14,3,110.322,-0.250187,0.0607783,10432.4,0.0,11.3165,28.0379,50.6441,120.0930,95.6590,86.8209,82.0770,77.5004,73.8560,69.6898,64.4651,57.5659,49.8075,43.1664,34.5482,24.7283,16.8534,11.7649,6.0085
52.145,0.05472861998691758,0.7721797199541738,6.154037715660801e-15,3,113.141,-0.276187,0.0388247,10950.5,0.0,11.2749,26.5299,45.0981,127.8560,100.4070,90.3716,85.8205,81.9738,79.0627,75.9709,72.6351,68.9418,62.6327,52.7274,40.0544,27.0917,17.6740,11.9961,5.9166
52.245,0.017933474197313153,0.8227848037595836,1.034309118871111e-15,3,116.569,-0.294563,0.0224768,11267.5,0.0,11.2402,25.5308,41.7881,132.4850,103.5510,92.4696,87.4997,83.5825,80.9630,78.2680,75.4441,72.4565,67.8874,61.6989,45.9273,29.3634,18.4153,12.2070,5.8557
52.366,0.004701152659980459,0.8406859980342523,1.2168543352606733e-16,3,120.829,-0.308948,0.0152594,11702.0,0.0,11.2802,25.2447,40.7007,130.6030,101.7200,90.4863,85.4752,81.5370,78.9462,76.4488,73.8670,71.1750,67.1662,62.0773,48.7973,30.2650,18.6090,12.1965,5.7763
52.466,0.0015404737036223966,0.8459030483827389,2.0451670812726135e-17,3,124.452,-0.317384,0.0124566,11983.3,0.0,11.3203,25.1918,40.3876,126.9590,98.5105,87.4943,82.5911,78.7424,76.2127,73.8201,71.3854,68.8661,65.1610,60.5750,49.7731,30.5141,18.6101,12.1419,5.7214
52.587,0.029396624617761605,0.8471318071527447,2.406118619446417e-18,3,128.758,-0.32529,0.0096938,12338.7,0.0,11.3561,25.1330,40.0753,121.9750,94.1586,83.4971,78.7624,75.0507,72.6130,70.3304,68.0610,65.7313,62.3477,58.2540,49.4485,30.7887,18.6226,12.0945,5.6704
52.704,0.021998632048758494,0.8478213485792491,2.830774494592515e-19,3,132.934,-0.326552,-0.00980407,12795.3,0.0,11.1474,23.7718,36.5960,126.4060,97.7535,85.6871,80.3864,76.2701,73.5855,71.0886,68.7607,66.5854,63.6245,60.1393,53.2042,36.0350,20.3754,12.7756,5.7713
52.805,0.007208511749737185,0.8472999979399484,4.7576826930616394e-20,3,136.523,-0.320108,-0.0185731,12986.0,0.0,10.9991,23.0874,35.0406,125.6300,97.0233,84.7006,79.2391,75.0184,72.2752,69.7307,67.3643,65.1579,62.3065,59.1233,52.9444,39.1070,21.5032,13.2467,5.8793
52.905,0.0023620851301538806,0.8459907320749622,7.996237302228697e-21,3,139.928,-0.308621,-0.0216597,13401.5,0.0,10.8711,22.6948,34.3047,121.3720,93.2844,81.2642,75.9451,71.8420,69.1786,66.7106,64.4173,62.2811,59.5251,56.5759,50.9658,39.1987,22.2215,13.6003,5.9979
53.005,0.05056028188176717,0.8412398954300736,1.3439276033855771e-21,3,143.458,-0.294102,-0.0259498,13555.7,0.0,10.7066,22.1852,33.7484,117.5920,89.9534,78.1629,72.9373,68.9169,66.3121,63.9017,61.6648,59.5837,56.9025,54.1176,49.0230,38.7961,23.2124,14.0746,6.1514
53.106,0.023690420141817468,0.8392012662782765,2.2587391230101395e-22,3,146.703,-0.272752,-0.042475,14032.2,0.0,10.3687,20.8977,31.4509,120.6490,92.4503,80.1589,74.3313,69.8886,67.0330,64.4062,61.9820,59.7381,56.8636,53.9086,49.0889,40.0085,26.1968,15.3037,6.4506
53.225,0.006210301497656599,0.8380450540910025,2.657383990830199e-23,3,150.799,-0.23637,-0.0522707,14227.8,0.0,9.9830,19.8071,31.0660,118.3780,90.3743,78.2232,72.3419,67.7918,64.8828,62.2178,59.7674,57.5069,54.6217,51.6685,46.9356,38.9585,27.4417,16.6173,6.8467
53.326,0.10504436779006461,0.8354724451214146,4.4662652733883175e-24,3,153.967,-0.199227,-0.0612658,14656.7,0.0,9.6057,18.8641,31.9936,116.7390,88.8422,76.7775,70.9303,66.2549,63.2751,60.5562,58.0656,55.7758,52.8640,49.8963,45.1662,37.7801,27.6550,17.9148,7.2524
53.427,0.06386159627624838,0.836444013161135,7.506452044983745e-25,3,157.118,-0.1444,-0.101655,14874.0,0.0,8.8574,16.5799,25.8456,133.7610,103.5610,90.0254,83.3281,77.7925,74.0309,70.4341,67.0040,63.7624,59.7031,55.6634,49.4200,40.4356,30.4748,20.6906,8.1267
53.546,0.016740934294240856,0.8349113758704876,8.831265766402927e-26,4,158.382,-0.0528061,-0.12438,12011.8,0.0,8.0024,15.1346,24.4908,139.5930,108.6010,94.6663,87.7295,81.9708,78.0445,74.2783,70.6771,67.2416,62.7127,57.9714,50.7339,40.6668,30.6699,21.7739,9.2365
53.665,0.004388535479629476,0.8363181413099431,1.0389895861515383e-26,4,161.043,0.0558761,-0.127923,12318.7,0.0,7.2716,14.8774,30.4578,133.4310,103.2170,89.7618,83.1091,77.6121,73.8775,70.3072,66.9027,63.6648,59.4097,54.9370,47.9559,38.3032,28.8187,21.1874,9.9204
53.786,0.14654793560867824,0.8372892601793037,1.2223608582114236e-27,4,163.692,0.151801,-0.091843,12465.5,0.0,6.7527,14.8870,32.8212,135.5780,104.4250,90.8771,84.1684,78.6190,74.8462,71.2366,67.7920,64.5140,60.2029,55.6671,48.2442,37.8539,27.9867,20.6893,10.3266
53.907,0.03841666203220135,0.8401052999610684,1.438095326077158e-28,4,166.151,0.224588,-0.0759814,12697.1,0.0,6.2533,14.0923,26.7440,163.1890,120.3950,105.6790,98.2881,92.0981,87.8461,83.7415,79.7903,75.9974,70.9578,65.5925,56.6614,42.8925,29.9819,21.2923,10.7763
54.026,0.010070697451769391,0.8440506871904943,1.6919047701765156e-29,4,168.733,0.267909,-0.0283454,12884.5,0.0,6.1808,15.1002,27.5968,166.2920,119.6360,104.7740,97.4854,91.3874,87.2017,83.1642,79.2793,75.5518,70.6025,65.3353,56.5688,43.0267,29.6241,20.7712,10.6491
54.127,0.09845894817049579,0.8460644276160811,2.8435843472356693e-30,4,170.852,0.271759,0.00474232,13064.1,0.0,6.3669,15.2867,26.5886,192.0580,124.3300,107.8980,100.5240,94.3426,90.0925,85.9860,82.0291,78.2253,73.1639,67.7632,58.7382,44.7057,30.3497,20.8439,10.4292
54.247,0.025810422509206444,0.849393447297365,3.345448548679292e-31,4,173.359,0.245989,0.0194098,13349.6,0.0,6.5259,14.7289,23.9511,51.7543,139.4990,117.8890,108.9200,102.1360,97.6950,93.3885,89.2204,85.1969,79.8154,74.0338,64.2794,48.8727,32.8218,21.7413,10.3732
54.365,0.006766047398253414,0.8497104677233204,3.9358867630357006e-32,4,176.112,0.223414,0.00922221,13398.6,0.0,6.6512,14.7065,23.4472,52.6064,140.7520,117.5160,108.0330,100.9240,96.4012,92.1872,88.1159,84.1900,78.9430,73.3126,63.8231,48.8320,33.1204,21.9595,10.2866
54.466,0.11443029840042843,0.8504804912979527,6.615044882634103e-33,4,178.237,0.213979,0.00070494,13627.3,0.0,6.6743,14.5156,22.9976,54.3802,142.5770,117.4800,107.4950,100.0700,95.3731,91.1041,87.1141,83.2690,78.1357,72.6321,63.3647,48.7231,33.3065,22.2424,10.2937
54.566,0.049960195574412385,0.851335156372888,1.1117905934243136e-33,4,180.307,0.221408,-0.0357373,13778.0,0.0,6.3826,13.0095,19.5583,33.7540,200.0000,150.1740,131.0190,119.5510,112.5260,106.2880,100.7130,95.7005,89.4775,83.2562,72.7748,55.8073,37.5464,24.4976,10.7551
54.684,0.013096765508658759,0.8517388872165894,1.3080105152577708e-34,4,182.908,0.256588,-0.0524676,13894.1,0.0,6.0016,12.0224,17.9623,30.2021,200.0000,186.8770,145.9670,128.0840,119.5580,112.1240,105.5670,99.7429,92.6023,85.6127,74.8777,57.7631,39.1273,25.6321,11.2516
54.805,0.003433238497501842,0.8512664728348807,1.5388612910956148e-35,4,185.421,0.307917,-0.0529531,14125.9,0.0,5.6098,11.4667,17.4577,30.8404,200.0000,182.8800,142.3430,123.5900,115.1270,107.8350,101.4180,95.7297,88.7696,81.9737,71.6919,55.7907,38.4613,25.6863,11.5933
54.906,0.023184444387736404,0.8520745818029087,2.5863641719444007e-36,4,187.534,0.347341,-0.0408447,14271.7,0.0,5.3486,11.1529,17.3126,32.5385,200.0000,178.0050,137.8420,119.0980,110.8020,103.7090,97.4760,91.9565,85.2125,78.6356,68.7270,53.8566,37.6413,25.5237,11.7875
55.027,0.02385657081933877,0.8518363481565168,3.0428315846508687e-37,4,190.003,0.387548,-0.0445398,14494.2,0.0,5.0005,10.3361,15.8665,28.4005,200.0000,200.0000,181.1280,153.9360,127.4890,115.0030,106.6180,99.6523,91.3124,83.3547,71.6807,55.8570,39.0864,26.4813,12.1818
55.144,0.01903542140461099,0.8546437634323919,3.5798609310259014e-38,4,192.51,0.426025,-0.0378016,14661.3,0.0,4.7147,9.8466,15.2539,27.9414,200.0000,200.0000,189.9160,168.4660,148.8600,122.5520,109.9590,101.6860,92.5404,83.9293,71.4941,55.2406,38.9957,26.6608,12.4283
55.246,0.07179377809998794,0.8558631879327762,6.016672266775233e-39,4,194.57,0.45429,-0.0358713,14805.6,0.0,4.4899,9.3966,14.5695,26.6105,200.0000,200.0000,200.0000,183.0340,168.3800,151.0700,125.1350,109.1250,97.0511,87.2080,73.3079,55.6787,39.3531,27.0031,12.6465
55.347,0.023525385207804044,0.854839731843687,1.0112221078769133e-39,4,196.581,0.484182,-0.0422662,14950.9,0.0,4.2176,8.7119,13.3085,23.1043,120.8120,200.0000,200.0000,200.0000,198.1800,182.1600,168.0720,152.4910,120.4840,98.9217,80.4306,58.9911,40.9383,27.9781,12.9884
55.467,0.006167038579914583,0.8546103890863064,1.1896926976961098e-40,5,197.201,0.519969,-0.0320228,13135.9,0.0,3.9621,8.3226,12.9142,23.3308,108.6790,200.0000,200.0000,200.0000,200.0000,187.7000,172.7670,159.2440,137.1080,103.6690,80.9756,58.5697,40.2624,27.8288,13.1585
55.587,0.06697564634977438,0.8559733053678906,1.3996615619124961e-41,5,198.869,0.545436,-0.0202916,13528.0,0.0,3.7939,8.1365,12.8921,24.8465,100.2410,200.0000,200.0000,200.0000,200.0000,191.6850,175.6090,162.0310,143.2250,114.7440,81.1407,57.9449,39.4435,27.4191,13.2196
55.705,0.029560112925995252,0.8563305856936102,1.6466878309744326e-42,5,200.662,0.571096,-0.0349782,13646.0,0.0,3.5289,7.3535,11.2898,19.6146,43.4664,90.6801,112.0210,200.0000,200.0000,200.0000,200.0000,200.0000,190.8270,165.8760,126.8200,68.0755,43.2921,28.9330,13.6362
55.828,0.007749006242872098,0.8564242445873157,1.9373117662631102e-43,5,202.493,0.600469,-0.0268319,13743.2,0.0,3.3121,6.9948,10.8718,19.3836,39.0844,75.0201,94.6232,116.9520,200.0000,200.0000,200.0000,200.0000,200.0000,177.7070,139.2990,71.6305,44.2339,29.1384,13.7738
55.947,-0.008792757631687288,0.8561403967043473,2.279227919890887e-44,5,204.284,0.619985,-0.0105327,13843.4,0.0,3.2004,6.9656,11.1674,20.3384,40.4180,71.9975,88.8033,108.8240,200.0000,200.0000,200.0000,200.0000,200.0000,176.6710,138.6830,72.7339,43.9473,28.8806,13.7172
56.047,-0.024373426249388788,0.8563536047233304,3.830698364960614e-45,5,205.736,0.619837,0.0141322,13919.8,0.0,3.2829,7.4972,12.3834,23.5980,52.1440,81.0071,99.5885,200.0000,200.0000,200.0000,200.0000,200.0000,181.4580,157.4380,125.1970,67.2935,41.6826,27.8038,13.4339
56.165,-0.033283023686179775,0.8564302788878426,4.506778319392513e-46,5,207.372,0.589737,0.0429541,14055.8,0.0,3.6409,8.6472,14.8541,31.1057,69.2088,200.0000,200.0000,200.0000,200.0000,200.0000,185.9000,168.9230,149.7940,132.6500,105.0320,59.1792,38.1961,26.0706,12.9454
56.267,-0.04168555980799364,0.8564485933172182,7.574542321402997e-47,5,208.662,0.545856,0.0593716,14200.0,0.0,4.1043,10.1337,18.2259,43.1705,84.4974,200.0000,200.0000,200.0000,182.7080,165.8400,151.8330,140.0190,126.2780,112.6290,86.9831,52.2377,34.9234,24.3379,12.4029
56.385,-0.04402609009433669,0.8573963416871738,8.911373295707416e-48,5,210.235,0.470839,0.0823767,14298.8,0.0,4.9108,12.8716,25.0547,59.9722,200.0000,200.0000,170.5010,149.6920,137.7000,127.4960,118.7080,110.7880,99.8586,87.5943,65.6234,44.0639,30.6753,21.9384,11.5679
56.506,0.04483740437120021,0.8576447882358674,1.048414156866682e-48,5,211.814,0.372719,0.0859186,14393.5,0.0,5.8459,15.4738,30.3476,63.4556,200.0000,182.9100,154.7430,136.5070,125.9200,116.8650,109.0290,101.7080,91.6952,80.6768,61.6928,40.9991,28.3079,20.3113,10.7639
56.626,0.011753856531483909,0.8572506298985532,1.233448771412083e-49,5,213.373,0.27907,0.0692641,14490.1,0.0,6.5891,16.6786,29.9815,55.3640,200.0000,200.0000,200.0000,153.3080,139.3270,127.6930,117.8610,109.4400,99.4222,88.8099,70.4902,43.7389,28.2032,19.6666,10.1736
56.746,0.003081202966589318,0.8574183583428763,1.451140145078602e-50,5,214.915,0.195972,0.0659549,14591.7,0.0,7.3208,18.2077,30.9700,54.6045,198.2550,200.0000,200.0000,150.4120,136.2000,124.4510,114.5750,106.1600,96.2725,86.4304,69.6913,44.3346,27.2871,18.6366,9.5401
56.847,0.08843733781543572,0.8578565859430437,2.4389312418336063e-51,5,216.11,0.133067,0.0462834,14689.3,0.0,7.7211,17.9402,28.6206,46.7557,178.9280,198.5050,200.0000,200.0000,200.0000,147.2890,133.0270,121.2920,107.9720,95.9471,78.5795,51.7990,29.1004,18.8704,9.2005
56.965,0.023183317484289583,0.8586328135060782,2.8693782167048204e-52,5,217.538,0.087265,0.0103614,14740.4,0.0,7.7809,16.5418,24.6536,37.0540,58.0792,169.3890,180.2820,188.5330,194.8210,200.0000,200.0000,200.0000,143.8480,122.3910,95.6828,64.8538,35.6351,20.6425,9.1927
57.067,0.00759670947325201,0.8589110932984217,4.822563968815792e-53,5,218.705,0.0804036,-0.00760347,14849.3,0.0,7.7022,15.8882,23.1759,34.5130,54.2425,159.8820,171.3350,179.3760,185.2290,191.4910,198.2080,200.0000,151.2510,126.2120,97.3661,66.2961,38.0863,21.7724,9.3040
57.167,0.002489289760195219,0.8604253171301518,8.105283262388701e-54,5,219.888,0.0936432,-0.0217622,14940.4,0.0,7.4905,15.1165,21.7469,32.8051,53.6001,154.0610,164.9990,172.7570,178.3600,184.3540,190.7790,197.6840,200.0000,125.1900,96.1966,65.7161,39.3000,23.1363,9.5613
57.285,0.0006525523748966153,0.8603675206618915,9.535784705367683e-55,6,220.358,0.129359,-0.0375202,13716.1,0.0,7.0927,13.9983,20.2377,31.3319,56.0313,148.2180,158.2330,165.5860,170.9460,176.6790,182.8250,189.4270,199.5430,122.2080,93.7820,64.1022,39.8912,24.3936,10.0478
57.386,0.00021382836220612292,0.8609025592486135,1.6026793354311467e-55,6,220.492,0.173971,-0.0503586,13709.9,0.0,6.6537,13.1087,19.2183,30.5594,63.7870,143.4640,152.7560,159.7730,164.9420,170.4700,176.3960,182.7620,192.5150,119.3900,91.5831,62.5730,39.8981,25.0562,10.5865
57.487,0.003444430231327702,0.8596548435833357,2.693623159059129e-56,6,221.477,0.232432,-0.0638984,13781.3,0.0,6.1571,12.3063,18.2691,29.7781,67.9631,137.2250,146.1270,152.8720,157.7770,163.0200,168.6370,174.6690,183.9010,119.2830,90.9715,61.7820,39.9140,25.5862,11.0874
57.587,0.0011286708982014611,0.8595305995360124,4.5271724434306777e-57,6,222.446,0.290878,-0.0517362,13909.8,0.0,5.7496,11.7077,17.6670,29.8647,74.7043,132.0060,140.3240,146.7480,151.4440,156.4630,161.8390,167.6100,176.4410,117.4240,89.2401,60.4827,39.3937,25.7566,11.4560
57.705,0.07308860052578811,0.8599823898753933,5.326173107971758e-58,6,223.728,0.347758,-0.0542844,13954.0,0.0,5.2745,10.6710,15.9745,26.3310,52.5842,111.4100,123.5610,130.6320,135.1370,139.4180,143.8690,148.6240,155.8570,165.0680,103.7850,66.0802,41.3280,27.0018,11.9885
57.824,0.0191597380962322,0.8595270915802451,6.266189399797694e-59,6,224.987,0.407206,-0.0615457,13995.8,0.0,4.7610,9.4956,14.0044,22.2252,37.8357,59.7780,86.5862,110.2100,116.0230,120.8740,125.2720,129.4050,135.1590,142.4000,158.3910,77.2721,45.0665,28.6972,12.6102
57.926,0.006278262979373367,0.8586017865877646,1.0531584524239983e-59,6,226.057,0.45874,-0.0511697,14058.7,0.0,4.3870,8.8866,13.2769,21.5958,36.8013,56.9274,80.4048,102.9630,108.6760,113.3970,117.6620,121.6650,127.0940,133.8270,148.6720,78.8215,45.5268,28.8531,12.9219
58.044,-0.02002210642922265,0.8515608860401379,1.2390303876923099e-60,6,227.331,0.510508,-0.0320151,14118.9,0.0,4.0377,8.4421,12.9831,22.0461,38.3230,60.8592,88.3140,98.5429,103.2800,107.4740,111.3720,115.0860,120.2370,126.6950,140.9630,76.7875,44.8816,28.6193,13.1106
58.147,-0.014611051573190178,0.36018722113763235,2.0824383725944653e-61,6,227.358,0.534607,-0.0100678,13960.5,0.0,3.9209,8.5371,13.5642,23.8114,43.8759,75.9734,91.0141,97.2954,101.2130,104.8900,108.4140,111.8640,117.0100,123.5280,138.0130,71.5902,43.0603,27.8804,13.0280
58.267,-0.020279279924579865,0.09442091889790352,2.449967920973663e-62,6,225.28,0.534505,0.0164711,13753.5,0.0,4.0239,9.0670,14.7193,27.0061,54.5470,83.2855,89.8201,94.8079,98.1683,101.4270,104.6570,108.0770,113.2750,119.8850,134.6920,65.6242,40.7302,26.8376,12.7865
58.386,-0.03252650237292281,0.024751877363572018,0.08823394775390625,6,222.409,0.506421,0.038232,13525.3,0.0,4.3579,10.2406,17.3823,35.3220,74.9476,85.6374,90.6141,94.8153,97.8389,101.0650,104.5180,108.2250,113.8940,121.1710,137.7420,56.5906,36.8698,25.0049,12.3205
58.505,-0.03803225463707247,0.006488556139596225,0.7636377770462036,6,211.668,0.458769,0.0581619,12510.1,0.0,4.8847,12.0249,21.5485,50.7665,77.6885,86.0816,90.5039,94.7216,97.9925,101.5050,105.2880,109.3710,115.6670,123.8360,168.7010,48.7994,33.1013,23.0344,11.7168
58.627,-0.04271216944661947,0.0017009360606583125,0.7307238180607127,6,196.406,0.39869,0.0650927,11571.0,0.0,5.4696,13.6985,25.0814,58.1068,74.7244,82.2130,86.4977,90.6461,93.8702,97.3400,101.0840,105.1360,111.4020,119.5680,161.4660,45.0771,30.9563,21.7198,11.1656
58.746,-0.04456625653826836,0.0004458901826852126,0.7003405399964153,6,182.714,0.334833,0.0656483,10772.2,0.0,6.0544,15.1842,27.8514,56.2959,70.1228,76.9350,80.9537,84.8452,87.8703,91.1264,94.6405,98.4443,104.3280,111.9990,155.4580,42.8934,29.4848,20.7008,10.6507
58.847,-0.04484554252388478,0.00014610929506229047,0.7139792536612014,6,171.512,0.282038,0.0681769,10060.8,0.0,6.5538,16.5429,30.5964,54.7908,67.0293,73.4226,77.2972,81.0527,83.9746,87.1223,90.5218,94.2050,99.9090,107.3580,150.5310,40.6561,28.0673,19.7630,10.2068
58.965,-0.052846989341763746,3.8301675044809064e-05,0.6747633660208714,5,158.714,0.22057,0.0697262,10125.9,0.0,7.1276,18.0631,33.5818,52.3516,63.1824,69.1515,72.8238,76.3855,79.1580,82.1457,85.3748,88.8751,94.3000,101.3910,119.2720,38.8908,26.5771,18.7467,9.7044
59.085,-0.04911507251776731,1.0040554302946427e-05,0.6434063229565091,5,146.416,0.161989,0.0717685,9309.02,0.0,7.6813,19.5698,35.2712,49.9483,59.6905,65.3474,68.8467,72.2434,74.8893,77.7429,80.8286,84.1761,89.3691,96.1672,112.4450,39.6594,25.1226,17.7615,9.2222
59.185,-0.016094026962621993,3.290088833989485e-06,0.21440226743514035,4,137.356,0.115647,0.0721142,10103.9,0.0,8.1093,20.6789,34.9246,47.7438,56.7240,62.1070,65.4375,68.6708,71.1899,73.9065,76.8449,80.0329,84.9795,91.4563,106.7690,129.7880,24.0918,17.0394,8.8518
59.285,-0.005273690755111975,1.0780963091216743e-06,0.036034589087824045,4,131.246,0.0712561,0.0717294,9699.67,0.0,8.5126,21.6855,34.0442,45.4781,53.7886,58.8854,62.0383,65.0984,67.4824,70.0531,72.8331,75.8488,80.5274,86.6513,101.1230,126.7160,23.1641,16.3761,8.5024
59.405,-0.0013824663893080736,2.826164788583922e-07,0.004239433371593411,4,129.415,0.0189169,0.0729582,9568.47,0.0,9.0051,22.5717,32.8614,43.0138,50.6720,55.4967,58.4833,61.3834,63.6437,66.0819,68.7197,71.5827,76.0268,81.8490,95.6294,122.8520,22.3442,15.5313,8.0784
59.506,-0.0896780136806672,9.260776779231796e-08,0.0007125215667637046,3,128.354,-0.0255214,0.0799338,11624.5,0.0,9.4899,22.9414,32.2312,41.6644,49.0811,53.8861,56.8717,59.7793,62.0511,64.5073,67.1716,70.0709,74.5876,80.5349,94.7490,118.8320,21.7616,14.6162,7.6800
59.606,-0.07866886990743102,0.05140254011133835,0.00011975349972597584,3,127.043,-0.0823176,0.12275,11550.4,0.0,10.5557,25.1844,34.8780,45.1230,54.5562,60.9967,65.1154,69.2158,72.4826,76.0791,80.0576,84.4822,91.5795,119.7620,116.9440,108.5980,17.8556,12.5504,6.9842
59.727,-0.020622572233013593,0.09333571005307169,1.408887948926133e-05,3,125.821,-0.171857,0.149476,11469.2,0.0,11.7396,26.1257,35.6803,46.8139,57.8600,65.6792,70.8024,76.0021,80.2173,84.9343,116.4030,115.6310,114.4540,112.9550,109.5940,99.0272,15.6875,10.9184,6.1761
59.846,-0.005406083575451115,0.03179189637615242,1.6575425830321066e-06,3,124.545,-0.274855,0.155999,11312.4,0.0,12.3216,25.6443,34.5269,45.5776,56.6781,64.6158,69.8533,75.1987,79.5545,84.5580,111.7100,110.9320,109.7490,108.2490,104.9060,94.5609,15.2014,10.0242,5.3874
59.965,-0.0014171723728030573,0.008334054883630098,1.9500822735114436e-07,3,122.943,-0.378078,0.13233,11167.8,0.0,12.5414,24.7885,33.0949,43.8090,54.6288,62.4011,67.5461,72.8107,77.1105,108.0910,107.3770,106.6160,105.4630,104.0090,100.7970,91.2011,15.8226,9.6151,4.7901
60.066,-0.00046437904312010575,0.0027309031042679105,3.277503277090684e-08,3,121.522,-0.437489,0.0812136,11029.8,0.0,12.5222,23.8979,31.8044,42.1395,52.5946,60.1166,65.1011,70.2057,74.3782,104.6260,103.9310,103.1910,102.0770,100.6760,97.6085,88.7353,17.7891,9.6965,4.5087
60.185,-0.06580170245764717,0.0007158898633652072,3.85594983046442e-09,3,119.786,-0.478692,0.0528104,10867.0,0.0,12.6182,23.8800,32.4030,44.0487,56.4346,65.7490,72.1181,100.1130,99.4160,98.6771,97.8934,97.0617,95.8082,94.2302,90.7700,80.0488,17.9638,9.4840,4.2734
60.287,-0.021561901861321824,0.00023458279042751104,6.48069488006155e-10,3,118.375,-0.499772,0.0344474,10731.0,0.0,12.6336,23.9829,33.1134,46.0808,60.5378,97.3120,96.2615,95.2629,94.5003,93.6930,92.8374,91.9288,90.5580,88.8365,85.0320,71.2695,18.1890,9.4609,4.1643
60.406,-0.03351342787917107,6.149447101382945e-05,7.624472719443613e-11,3,116.75,-0.509239,0.00427216,10575.4,0.0,12.4223,23.5241,32.7577,46.1276,61.4006,92.6627,91.5894,90.5736,89.8001,88.9832,88.1189,87.2028,85.8283,84.1063,80.3196,66.5276,19.9678,10.1361,4.2037
60.527,-0.10043356380263568,1.6120406609449308e-05,8.970115909698218e-12,3,115.097,-0.508348,0.0138738,10410.4,0.0,12.5665,25.3072,37.0775,56.3275,87.3360,85.0965,83.7508,82.4736,81.4998,80.4676,79.3699,78.2010,76.4204,74.1255,68.5426,34.6352,16.5392,9.6281,4.1634
60.647,-0.02632805614947813,4.22586787022748e-06,1.0553251666600855e-12,3,113.573,-0.508369,0.0173513,10273.5,0.0,12.7490,27.1994,41.8902,84.6858,80.4413,77.7996,76.2100,74.6945,73.5295,72.2814,70.9377,69.4766,67.1642,63.9139,48.1458,25.8000,14.6024,9.1602,4.1435
60.766,0.11028983275202267,1.1077859069729125e-06,1.241579505323924e-13,3,112.217,-0.50528,-0.00181514,10159.5,0.0,12.7490,27.5922,43.0630,80.0400,75.6988,73.0264,71.4238,69.9009,68.7294,67.4765,66.1275,64.6563,62.3227,58.9906,43.7162,24.7314,14.4030,9.1669,4.2057
60.885,0.07884740362041823,2.9039942879750714e-07,1.4607058722185435e-14,3,110.845,-0.488407,-0.0580385,10044.2,0.0,11.9562,23.5095,33.7890,49.8246,76.2791,74.3325,73.1903,72.1232,71.3204,70.4820,69.6045,68.6837,67.3168,65.6270,61.9721,47.8942,20.3520,11.3614,4.6166
60.986,0.025836717218338644,9.515808482836714e-08,2.455008359437706e-15,3,109.747,-0.458068,-0.0822986,9956.59,0.0,11.4682,21.7518,30.4168,43.0850,74.6034,72.8973,71.9052,70.9856,70.2968,69.5793,68.8317,68.0538,66.9097,65.5135,62.6012,54.9026,25.6438,13.1783,5.0289
61.086,0.008466175498105206,3.118140123655934e-08,4.1261325497069536e-16,3,108.729,-0.417623,-0.0897248,9861.12,0.0,11.0806,20.7974,28.8602,40.4427,71.8354,70.2230,69.2912,68.4312,67.7896,67.1238,66.4323,65.7139,64.6629,63.3904,60.7675,54.2114,29.2581,14.5877,5.4521
61.205,-0.2056580094704738,8.17401724575661e-09,0.006012496490478565,3,107.282,-0.370258,-0.0575307,9722.08,0.0,11.0121,21.6701,31.1646,69.1121,66.0644,64.3044,63.2912,62.3575,61.6632,60.9454,60.2024,59.4322,58.3051,56.9439,54.1358,46.9435,24.9691,13.9600,5.6795
61.325,-0.05391201323462789,2.142769576871621e-09,0.0007073641996083128,3,105.984,-0.348502,-0.000608746,9607.69,0.0,11.4355,24.8081,39.5399,61.9227,58.2912,56.2105,55.0161,53.9194,53.1038,52.2583,51.3800,50.4678,49.1261,47.4814,43.9718,32.2351,18.8552,12.0279,5.5315
61.446,-0.014132710797378292,5.617141879594341e-10,8.322069071971838e-05,3,104.848,-0.348211,0.0166041,9512.01,0.0,11.6347,26.1092,61.8957,56.8930,53.1717,51.0649,49.8654,48.7664,47.9500,47.1066,46.2341,45.3286,43.9972,42.3728,38.9097,28.2706,17.4490,11.4610,5.4410
61.567,0.031082528602613315,1.472500040884379e-10,0.6355027997116578,3,99.8036,-0.355688,0.0139138,8545.64,0.0,11.6668,26.0391,58.0754,53.1705,49.6030,47.6129,46.4897,45.4676,44.7126,43.9367,43.1387,42.3164,41.1191,39.6777,36.7096,28.4953,17.4531,11.4141,5.3927
61.687,0.038012218251446274,3.8600705071759464e-11,0.8766718325887212,2,89.6717,-0.361953,0.00670451,7759.77,0.0,11.6348,25.5989,54.7631,50.0136,46.6309,44.7700,43.7283,42.7867,42.0953,41.3874,40.6633,39.9221,38.8530,37.5802,35.0301,28.9099,17.8504,11.5344,5.3781
61.807,0.044004068933261316,1.0118943230331311e-11,0.8819132928715615,2,79.4968,-0.367074,0.00407379,5235.99,0.0,11.6476,25.5974,51.5932,46.9390,43.6868,41.9198,40.9379,40.0548,39.4094,38.7511,38.0804,37.3972,36.4179,35.2627,32.9844,27.8436,17.9219,11.5281,5.3488
61.925,0.16964753862222753,2.6526202541719713e-12,0.27542711511011175,2,69.4629,-0.371465,0.00297325,5235.99,0.0,11.6720,27.2589,48.7143,44.1393,40.9980,39.3103,38.3786,37.5444,36.9372,36.3199,35.6932,35.0573,34.1505,33.0886,31.0198,26.5297,17.8883,11.4844,5.3175
62.025,0.05933426601048153,8.692106048870716e-13,0.04629103523655649,2,62.5055,-0.374095,9.22044e-05,7159.32,0.0,11.6607,51.7862,46.6799,42.1877,39.1431,37.5209,36.6297,35.8345,35.2574,34.6722,34.0794,33.4795,32.6275,31.6349,29.7172,25.6536,18.0548,11.5319,5.3105
62.127,0.10103124743089466,2.848229310093956e-13,0.007780134292208051,2,61.8282,-0.372451,-0.0104001,7091.48,0.0,11.5264,50.1366,45.1189,40.7725,37.8595,36.3191,35.4756,34.7257,34.1831,33.6344,33.0796,32.5187,31.7247,30.8046,29.0404,25.3707,18.8745,11.9262,5.3812
62.245,0.13849129414651692,7.4664622426527e-14,0.0009153250193439852,2,61.3046,-0.358562,-0.0527056,7035.07,0.0,10.9653,49.1652,44.5865,40.6010,37.9569,36.5645,35.8044,35.1290,34.6406,34.1475,33.6504,33.1493,32.4411,31.6218,30.0582,26.8466,21.3391,13.9795,5.7539
62.346,0.045380827265930665,2.446610347672437e-14,0.00015383867600114357,2,60.9925,-0.338708,-0.0717223,6999.1,0.0,10.6252,47.7993,43.3958,39.5861,37.0863,35.7751,35.0615,34.4294,33.9733,33.5134,33.0498,32.5825,31.9237,31.1641,29.7216,26.7803,21.8281,15.3053,6.0612
62.466,0.01189631158280013,6.413642229802432e-15,1.809896639285854e-05,2,60.633,-0.312486,-0.0786823,6959.91,0.0,10.3549,45.6648,41.2956,37.6051,35.2175,33.9756,33.3026,32.7083,32.2808,31.8507,31.4181,30.9830,30.3704,29.6668,28.3388,25.6610,21.2551,15.6391,6.3527
62.567,0.018678875771419717,2.1016222858616605e-15,3.0418932816477355e-06,2,60.3471,-0.290032,-0.0807584,6925.47,0.0,10.1598,43.7604,39.3905,35.7854,33.4813,32.2921,31.6503,31.0850,30.6793,30.2719,29.8630,29.4526,28.8759,28.2154,26.9748,24.4975,20.4930,15.5055,6.5762
62.685,0.33621187300729927,5.509276725049192e-16,3.5787570269257453e-07,2,59.8308,-0.254299,-0.12402,6867.77,0.0,9.5366,42.7173,38.6796,35.3165,33.1819,32.0865,31.4952,30.9739,30.5995,30.2240,29.8476,29.4704,28.9410,28.3346,27.1942,24.9215,21.2438,16.6159,7.2845
62.806,0.1573299364420567,1.4442238378112954e-16,4.2103718546078714e-08,2,59.5115,-0.19811,-0.179742,6830.76,0.0,8.7440,41.9491,38.3303,35.2564,33.2896,32.2845,31.7431,31.2667,30.9248,30.5818,30.2377,29.8925,29.4074,28.8510,27.8046,25.7160,22.3131,17.9553,8.4066
62.926,0.22588229772832902,3.785946137392042e-17,4.953460383227615e-09,2,59.1816,-0.130086,-0.215488,6795.05,0.0,8.0668,40.5786,37.2093,34.3408,32.5002,31.5627,31.0592,30.6169,30.3000,29.9824,29.6642,29.3454,28.8982,28.3861,27.4240,25.5031,22.3822,18.3769,9.2409
63.026,0.538825519236947,1.2405788303006244e-17,8.325280866090655e-10,2,58.6181,-0.0579212,-0.285137,6727.27,0.0,7.2826,14.6552,37.3821,34.8319,33.1617,32.2974,31.8292,31.4175,31.1225,30.8269,30.5308,30.2341,29.8179,29.3414,28.4460,26.6540,23.7027,19.8270,10.3710
63.144,0.14124987691485022,3.2521029689032686e-18,9.794609686146994e-11,2,58.3541,0.0525874,-0.362185,6700.11,0.0,6.3610,11.2268,37.1488,34.9707,33.5067,32.7368,32.3198,31.9515,31.6865,31.4200,31.1520,30.8824,30.5027,30.0655,29.2417,27.5930,24.8704,21.2210,11.6862
63.247,0.09267603148569542,1.065649100850223e-18,1.6461800499507255e-11,2,58.1723,0.147849,-0.338291,6677.06,0.0,5.8077,10.6277,35.7874,33.7205,32.3416,31.6174,31.2244,30.8780,30.6291,30.3790,30.1279,29.8757,29.5208,29.1130,28.3423,26.8011,24.2756,20.9169,12.0721
63.365,0.28360341391997324,2.793535178932808e-19,1.936714366966529e-12,2,57.8802,0.255239,-0.323193,6645.71,0.0,5.1126,9.3145,34.5789,32.7239,31.4731,30.8195,30.4635,30.1479,29.9201,29.6907,29.4603,29.2292,28.9044,28.5317,27.8288,26.4117,24.0816,20.9974,12.6805
63.466,0.12327742712739839,9.153856074327026e-20,3.255035836560646e-13,2,57.7721,0.341799,-0.304811,6626.83,0.0,4.5587,8.3533,33.4825,31.7886,30.6337,30.0310,29.7035,29.4136,29.2046,28.9941,28.7822,28.5687,28.2675,27.9208,27.2682,25.9569,23.7836,20.9113,13.0780
63.567,0.33736433370069185,2.9995355584354807e-20,5.470738730507479e-14,2,57.6192,0.421632,-0.285404,6614.58,0.0,4.0488,7.4999,32.3531,30.8012,29.7450,29.1875,28.8852,28.6180,28.4257,28.2321,28.0374,27.8415,27.5654,27.2472,26.6436,25.4268,23.4121,20.7309,13.3778
63.687,0.13697240608748415,7.863102494305107e-21,6.436269409054745e-15,2,57.5127,0.515402,-0.272052,6601.3,0.0,3.4102,6.2248,31.2285,29.8169,28.8976,28.4099,28.1424,27.9041,27.7317,27.5582,27.3838,27.2085,26.9616,26.6775,26.1396,25.0460,23.2103,20.7347,13.8281
63.806,0.13676731535670017,2.061265140267118e-21,7.572206597058819e-16,2,57.5276,0.595516,-0.220279,6602.97,0.0,2.9451,5.8016,29.5344,28.1692,27.3193,26.8726,26.6286,26.4119,26.2553,26.0973,25.9378,25.7772,25.5513,25.2920,24.8028,23.8149,22.1594,19.9380,13.7512
63.907,0.45380342275564794,6.754353611627293e-22,1.2726607627676762e-16,2,57.3578,0.654733,-0.204101,6573.94,0.0,2.5354,4.9946,28.7044,27.2600,26.4949,26.0951,25.8771,25.6838,25.5442,25.4035,25.2615,25.1184,24.9162,24.6824,24.2368,23.3348,21.8257,19.7659,13.9254
64.024,0.22768996655571908,1.770613273166425e-22,1.4972726607885435e-17,2,57.352,0.725113,-0.197242,6585.29,0.0,2.0224,3.8676,28.1639,26.4863,25.6623,25.2947,25.1070,24.9410,24.8213,24.7006,24.5790,24.4564,24.2833,24.0834,23.7028,22.9209,21.5785,19.7247,14.2232
64.125,0.43025678254442334,5.801945573511742e-23,2.5164661609873047e-18,2,57.2806,0.778489,-0.175729,6571.21,0.0,1.6507,3.1898,6.1306,25.7591,24.8567,24.4534,24.2503,24.0792,23.9606,23.8450,23.7323,23.6223,23.4684,23.2908,22.9533,22.2624,21.0724,19.3952,14.2924
64.227,0.3302552707107308,1.9011815255283273e-23,4.2294246767713636e-19,2,57.1983,0.831159,-0.171838,6567.34,0.0,1.2576,2.3588,3.6598,25.6333,24.5781,24.1065,23.8690,23.6687,23.5298,23.3943,23.2621,23.1331,22.9579,22.7650,22.4235,21.8037,20.7694,19.2822,14.5245
64.348,0.18488779857972507,4.983833298280978e-24,4.975875837974741e-20,2,57.2753,0.883372,-0.116004,6576.74,0.0,0.9052,1.8157,3.0121,24.6743,23.5532,23.0530,22.8011,22.5888,22.4415,22.2979,22.1577,22.0210,21.8352,21.6305,21.2680,20.6194,19.7026,18.4423,14.3200
64.469,0.5014403757803475,1.3064819961445687e-24,5.8540681646189035e-21,2,56.9537,0.920168,-0.073612,6547.01,0.0,0.6400,1.3382,2.2564,24.4301,23.1459,22.5756,22.2889,22.0474,21.8801,21.7170,21.5579,21.4027,21.1919,20.9597,20.5485,19.8121,18.8043,17.7042,14.1683
64.588,0.24331611756293503,3.4248641639732173e-25,6.887252654992492e-22,2,56.9416,0.948875,-0.0374444,6533.21,0.0,0.4220,0.9151,1.5632,24.7256,23.1992,22.5268,22.1899,21.9068,21.7110,21.5202,21.3343,21.1533,20.9075,20.6373,20.1594,19.3053,18.1360,16.9193,13.9406
64.705,0.564470793933291,8.97807591400595e-26,8.102783876072119e-23,2,56.5348,0.961271,0.0168144,6490.47,0.0,0.3378,0.8335,50.5659,26.7403,23.4793,22.6770,22.2805,21.9481,21.7187,21.4957,21.2788,21.0678,20.7820,20.4683,19.9153,18.9317,17.5917,16.1958,13.5149
64.807,0.40234388171665103,0.000941162109375,1.361834886051441e-23,2,56.3349,0.961308,0.0529363,6461.35,0.0,0.3518,1.0340,44.4683,49.1010,51.8320,53.1883,24.5584,23.5980,23.0883,22.6730,22.3206,22.0138,21.6412,21.2498,20.5634,19.3534,17.7244,16.0413,13.1397
64.909,0.3139036821674891,0.00540121640625,2.2888358929866564e-24,2,56.2921,0.939779,0.163433,6470.74,0.0,0.6469,33.7516,40.3156,44.8115,47.4683,48.7898,49.4929,50.1078,50.5468,50.9855,51.4237,24.3351,22.8437,21.8863,20.7452,19.3312,17.5195,15.6666,12.5090
65.015,0.47981531894566626,0.01580749168575,3.846846485342674e-25,2,56.0569,0.883069,0.312475,6441.74,0.0,2.0863,29.4312,35.7241,40.0544,42.6214,43.9010,44.5819,45.1777,45.6034,46.0290,46.4546,46.8799,47.4751,48.1559,49.4335,20.0575,17.6316,15.5162,11.9030
65.121,0.16543337452011592,0.03179887504746156,6.465394887915431e-26,2,56.1596,0.779806,0.413048,6420.92,0.0,3.6315,24.6286,30.5768,34.6985,37.1530,38.3796,39.0336,39.6055,40.0140,40.4229,40.8322,41.2417,41.8153,42.4710,43.7022,46.1747,18.8341,15.7569,11.4644
65.233,0.054209208162751585,0.0641444002974272,1.0866389188119466e-26,2,56.2425,0.669372,0.392041,6480.73,0.0,5.1756,23.0965,28.4721,32.3070,34.6218,35.7838,36.4059,36.9514,37.3414,37.7318,38.1225,38.5140,39.0635,39.6931,40.8774,43.2648,47.3047,15.1274,10.8445
65.347,-0.020855439588360426,0.11619065544883594,1.8263140308472386e-27,2,56.5596,0.561476,0.389349,6552.67,0.0,6.8204,22.3627,27.1989,30.7529,32.9285,34.0277,34.6181,35.1368,35.5084,35.8807,36.2537,36.6278,37.1536,37.7573,38.8958,41.2007,45.1301,14.2544,10.1549
65.452,-0.03133240886272019,0.20106907858684955,3.0694859916449546e-28,2,57.2703,0.450804,0.394126,6659.16,0.0,8.6405,21.8334,26.2059,29.4994,31.5419,32.5816,33.1415,33.6343,33.9877,34.3423,34.6981,35.0556,35.5586,36.1370,37.2305,39.4552,43.2769,13.3901,9.4165
65.567,-0.12781790804053067,0.26067524926508884,5.158885106157674e-29,2,58.3914,0.336381,0.402013,6829.02,0.0,10.1437,21.2976,25.2664,28.3204,30.2371,31.2198,31.7503,32.2179,32.5538,32.8912,33.2305,33.5718,34.0526,34.6063,35.6556,37.8014,41.5161,12.6481,8.6460
65.672,-0.17690565309928358,0.2848119172416843,8.670538197919202e-30,2,59.672,0.210796,0.439714,7039.98,0.0,11.4964,21.5575,25.2593,28.1536,29.9891,30.9336,31.4447,31.8965,32.2218,32.5490,32.8783,33.2096,33.6765,34.2147,35.2387,37.3409,41.0084,11.1975,7.7215
65.786,-0.05796844440757324,0.2946063565417551,1.4572573549242802e-30,2,61.263,0.0744068,0.461381,7190.06,0.0,12.1826,21.1968,24.6184,27.3331,29.0713,29.9708,30.4593,30.8916,31.2030,31.5167,31.8324,32.1504,32.5995,33.1185,34.1079,36.1477,39.7337,10.2625,6.8003
65.894,-0.0189950998634736,0.2990942730209773,2.4492124364212384e-31,2,62.9035,-0.0682288,0.468403,7431.12,0.0,12.3684,20.3273,23.4407,25.9489,27.5704,28.4150,28.8747,29.2822,29.5762,29.8726,30.1713,30.4725,30.8988,31.3922,32.3350,34.2883,37.7509,10.0961,5.8857
66.002,-0.1972046499857142,0.30228155318038885,4.1163913418931757e-32,2,64.7155,-0.215746,0.467025,7601.43,0.0,12.3111,19.3023,22.1176,24.4190,25.9212,26.7083,27.1379,27.5193,27.7948,28.0729,28.3536,28.6372,29.0389,29.5047,30.3971,32.2556,35.5796,41.1419,5.1168
66.110,-0.19610432757481883,0.3053016486430248,6.918418928319861e-33,2,66.2628,-0.352097,0.364107,8048.2,0.0,12.4735,18.9687,21.6373,23.8422,25.2940,26.0568,26.4737,26.8447,27.1132,27.3847,27.6591,27.9365,28.3296,28.7858,29.6611,31.4943,34.7950,40.6971,4.4577
66.220,-0.09331489111342757,0.30738302157109637,1.1627786692827191e-33,2,68.4146,-0.453669,0.254836,8016.68,0.0,12.4449,18.4615,20.9880,23.0977,24.4960,25.2347,25.6397,26.0005,26.2618,26.5261,26.7933,27.0636,27.4472,27.8934,28.7524,30.5566,33.8520,40.1270,4.0106
66.329,-0.5309435539056964,0.3424197216334169,1.9542821094634663e-34,2,70.2422,-0.523478,0.143105,8255.58,0.0,12.2172,17.7091,20.0665,22.0576,23.3880,24.0940,24.4818,24.8275,25.0782,25.3321,25.5894,25.8500,26.2204,26.6517,27.4834,29.2390,32.5199,39.0004,3.8007
66.438,-0.32437673169031855,0.369291936181713,3.284561941375248e-35,2,72.1422,-0.569469,0.0877759,8526.01,0.0,12.2445,17.6396,19.9971,22.0043,23.3524,24.0703,24.4654,24.8183,25.0744,25.3339,25.5968,25.8632,26.2422,26.6841,27.5381,29.3574,33.1311,41.0302,3.5885
66.550,-0.2647018783399906,0.3898461382886487,5.520363254869379e-36,2,74.556,-0.592312,0.0201413,8809.4,0.0,12.0175,17.1257,19.4017,21.3572,22.6809,23.3877,23.7774,24.1259,24.3793,24.6364,24.8972,25.1617,25.5383,25.9778,26.8318,28.7680,32.9252,41.9341,3.6369
66.663,-0.6220455771277901,0.4082216322037994,9.278074522458966e-37,2,76.8313,-0.593907,-0.0252145,9165.12,0.0,11.8077,16.7788,19.0351,20.9914,22.3227,23.0369,23.4314,23.7846,24.0413,24.3026,24.5713,24.8479,25.2490,25.7284,26.6926,28.9187,33.8220,45.0877,3.8075
66.769,-0.296455543961035,0.420731662096791,1.5593659849896787e-37,2,79.2102,-0.582174,-0.0464299,9503.96,0.0,11.6632,16.6728,18.9863,21.0083,22.4022,23.1869,23.6350,24.0455,24.3498,24.6639,24.9880,25.3228,25.8101,26.3955,27.5829,30.3775,36.8128,53.2741,4.0058
66.879,-0.2939786986173262,0.4280685463483765,2.620826410972153e-38,2,81.9686,-0.556001,-0.0852121,9759.32,0.0,11.2959,16.1104,18.3752,20.4021,21.9153,22.7839,23.2827,23.7412,24.0822,24.4350,24.8002,25.1784,25.7312,26.3983,27.7622,31.0317,38.8970,60.6705,4.4899
66.991,-0.6153776236717571,0.431142804001811,4.4048229489208986e-39,2,84.3176,-0.517443,-0.102574,10076.4,0.0,10.9686,15.7352,18.0560,20.3548,22.1273,23.1598,23.7578,24.3109,24.7244,25.1541,25.6009,26.0660,26.7497,27.5815,29.3055,33.5696,44.6640,71.9773,5.0163
67.102,-0.23112238691076134,0.4321772822184384,7.403185930251356e-40,2,86.6918,-0.472863,-0.101407,10360.6,0.0,10.7069,15.6159,18.3455,21.1876,23.4554,24.8090,25.6044,26.3477,26.9081,27.4950,28.1103,28.7560,29.7154,30.8992,33.4123,39.9987,58.1977,86.3782,5.4745
67.208,-0.27752744859076983,0.4331682971498379,1.2442534592973453e-40,2,89.3129,-0.419716,-0.126283,10589.5,0.0,10.2220,15.1497,18.1503,21.3729,24.0219,25.6375,26.5993,27.5065,28.1960,28.9232,29.6912,30.5036,31.7227,33.2474,36.5611,45.7771,66.0355,96.3205,6.2995
67.318,-0.4728229421229266,0.43547624971943394,2.0912167890410485e-41,2,91.5164,-0.360114,-0.128366,10945.7,0.0,9.8254,15.3412,18.9786,23.1080,26.6931,28.9710,30.3615,31.6978,32.7297,33.8338,35.0177,36.2903,38.2407,40.7514,46.3851,58.3164,78.1453,45.0919,6.9629
67.429,-0.15493462167484057,0.4361783086799391,3.5147080573412905e-42,2,93.8433,-0.298346,-0.124185,11230.6,0.0,9.5625,16.1071,20.8064,26.5993,32.0799,35.8069,38.1837,40.5451,42.3977,44.2788,46.1718,48.0747,50.7530,53.8303,59.6323,71.2857,96.0428,27.0189,7.2671
67.540,-0.08446411400763343,0.4399395995944924,5.907169831973509e-43,2,96.3893,-0.22951,-0.138758,11414.5,0.0,9.2431,16.2771,21.6207,28.5955,35.6273,40.5654,43.3830,45.8871,47.6948,49.5164,51.3504,53.1951,55.7935,58.7817,64.4241,75.7858,153.8920,24.1204,7.6728
67.650,-0.08235074657069123,0.4385609392451233,9.928180336597874e-44,2,98.8577,-0.166856,-0.117014,11713.6,0.0,8.9206,16.1418,21.8318,29.5516,37.5889,42.4549,45.1405,47.5336,49.2648,51.0122,52.7743,54.5498,57.0552,59.9428,65.4117,76.6199,143.8220,23.4738,8.0663
67.761,-0.0400405263179423,0.438621172009342,1.6686292691720048e-44,2,101.291,-0.112695,-0.0972737,12035.6,0.0,8.6430,16.0540,22.1119,30.6683,39.0154,43.6532,46.2207,48.5135,50.1750,51.8546,53.5508,55.2622,57.6812,60.4749,65.7808,77.5448,133.3550,22.9278,8.3828
67.870,-0.2917928464700481,0.44206673915964617,2.804465212697389e-45,2,103.672,-0.0680357,-0.0676816,12230.5,0.0,8.5068,16.4834,23.4229,33.5464,41.8090,46.3387,48.8436,51.0799,52.7004,54.3388,55.9936,57.6635,60.0247,62.7530,67.9390,84.5796,116.5580,21.4346,8.5025
67.980,-0.12406033906970534,0.44983662244720785,4.713464682980501e-46,2,105.84,-0.0449228,-0.0130609,12665.5,0.0,8.7529,18.5550,28.3203,40.1581,48.7516,53.3689,55.9026,58.1550,59.7822,61.4236,63.0782,64.7447,67.2379,70.6246,80.4272,132.5880,29.6917,18.2970,8.2120
68.090,-0.04065209190636104,0.45827508553725105,7.921920092685328e-47,2,108.303,-0.0421747,0.0205504,12871.6,0.0,9.0306,20.4302,31.5723,43.4442,51.9196,56.4534,58.9380,61.1457,62.7748,64.5716,66.5907,68.9082,72.9431,80.4797,137.2490,114.2820,25.3380,16.6613,7.9654
68.198,-0.013320877475876385,0.4618849882319714,1.331437109977623e-47,2,110.808,-0.0538376,0.0302874,13124.7,0.0,9.2257,21.2729,31.8383,42.9117,50.8872,55.1851,57.5497,59.7097,61.4367,63.3757,65.5978,68.2296,73.1995,139.4230,131.2510,108.2010,24.3682,16.0343,7.7959
68.310,-0.0043649851312951736,0.46403916044385235,2.237746350739391e-48,2,113.293,-0.0717295,0.0336444,13415.9,0.0,9.4160,21.5229,31.1955,41.3333,48.7289,52.7528,54.9782,57.0969,58.8077,60.7367,62.9615,65.6231,70.8023,135.3600,127.3280,105.0530,24.4795,15.5929,7.6245
68.419,-0.06138201933114312,0.4646712524848665,3.7609802916876944e-49,2,115.762,-0.0924254,0.0374243,13705.7,0.0,9.6369,21.5212,30.3876,39.6755,46.5246,50.2837,52.4007,54.4979,56.2003,58.1299,60.3743,63.0980,68.6623,131.1250,123.2270,101.7220,25.2915,15.1615,7.4283
68.529,-0.08080142545660397,0.464342290467366,6.321079576239509e-50,2,118.13,-0.123773,0.0716588,14015.3,0.0,10.2994,23.0783,32.2111,41.5929,48.4483,52.8124,55.8495,59.2608,62.5380,67.9359,127.9480,125.5540,121.9970,117.5600,107.4260,87.8078,21.4609,13.6037,6.9549
68.641,-0.02647701109361999,0.46709111142784654,1.0623838443785743e-50,2,120.513,-0.170011,0.0920045,14367.1,0.0,10.8945,23.6963,32.5808,41.6339,48.7707,54.3641,58.9841,125.8320,123.5760,121.2210,118.7520,116.1490,112.2200,107.1610,96.4054,80.0458,19.9933,12.6382,6.4752
68.749,-0.20425716740217106,0.4629216165645518,1.7855485272470702e-51,2,122.914,-0.23039,0.11856,14533.3,0.0,11.5009,24.5121,33.3234,42.3006,51.6768,121.8470,118.2810,114.9550,112.4340,109.7650,106.9100,103.8150,98.9255,93.4942,84.8093,70.8414,18.0430,11.5502,5.9189
68.860,-0.07209755752434341,0.46418458695649734,3.000971409744151e-52,3,124.868,-0.306235,0.134144,11890.0,0.0,12.2795,26.0663,35.2001,46.5859,114.1330,106.8920,102.4950,98.1633,94.7173,91.4221,88.3554,85.4937,81.7953,77.9555,71.6747,55.3305,15.1216,10.0996,5.2931
68.971,-0.08402747769889325,0.46520680428203004,5.0437326483569955e-53,3,125.751,-0.382099,0.126333,11715.8,0.0,12.8462,26.7003,35.8868,56.0340,102.7230,94.2307,88.9789,84.7899,82.0385,79.4659,77.0553,74.7923,71.8476,68.7658,62.7408,43.4939,13.5225,9.0718,4.7383
69.080,-0.1535651307158421,0.4664001042990106,8.477001462093604e-54,3,127.478,-0.461023,0.14091,11932.8,0.0,13.7592,28.7174,41.7088,99.0024,81.6349,74.0831,70.6184,67.8527,66.0120,64.2708,62.4972,60.5987,57.7159,54.0441,45.6723,17.4722,10.7952,7.5614,4.0797
69.190,-0.05032022203296714,0.4688255408641998,1.424729635734072e-54,3,129.342,-0.546286,0.144999,12076.5,0.0,14.5818,30.7650,105.8790,80.8541,66.5262,61.1677,58.5267,56.0136,54.0902,52.0451,49.8723,47.5579,44.0395,39.5188,28.1982,13.0776,8.7282,6.2407,3.4188
69.301,-0.01648893035576267,0.468679145808506,2.394543098778255e-55,3,131.285,-0.629791,0.122966,12216.1,0.0,14.9642,32.0756,97.0051,71.0015,59.0016,54.2801,51.5607,48.9947,47.0505,45.0034,42.8525,40.5870,37.2043,32.9869,23.5371,11.5081,7.5152,5.2947,2.8347
69.409,0.016117205625408453,0.46974099343603126,4.024508586116614e-56,3,133.194,-0.698958,0.085447,12393.3,0.0,14.9822,32.8687,91.2225,65.4542,54.3375,49.9015,47.3425,44.9577,43.1717,41.3117,39.3836,37.3819,34.4638,30.9673,24.0055,11.6590,6.9020,4.6645,2.3755
69.520,0.009640899684396341,0.4724998205259937,6.763991580686193e-57,3,135.079,-0.743587,0.0439803,12565.2,0.0,14.7656,34.4191,85.9618,60.5426,50.0919,45.9455,43.5845,41.4119,39.8000,38.1419,36.4392,34.6978,32.2032,29.2931,23.8074,14.1320,6.9671,4.4034,2.0985
69.629,0.08901780120509159,0.47323517673683263,1.1368240649659285e-57,3,136.92,-0.760323,-0.000430409,12730.6,0.0,14.4260,106.1220,81.0094,55.9534,46.0527,42.1963,40.0454,38.0898,36.6503,35.1852,33.6944,32.1855,30.0529,27.6124,23.1386,15.4828,8.2715,4.7008,2.0482
69.740,0.13295181577996842,0.4754141792756253,1.9106602059882357e-58,3,138.487,-0.732779,-0.0965331,12892.2,0.0,13.4416,30.5492,87.6031,65.8779,51.2204,46.1160,43.8001,41.9629,40.7459,39.5893,38.4208,37.2256,35.5076,33.5014,29.6593,22.1964,12.9640,7.0973,2.5502
69.849,0.04356565099478006,0.47810689404628687,3.211246608204428e-59,3,140.164,-0.652629,-0.13588,13078.5,0.0,12.7392,29.2476,87.5513,68.3054,52.7947,46.7811,44.1132,42.0231,40.6510,39.3685,38.1673,37.0400,35.5699,33.9109,30.7200,24.3823,15.7600,9.2219,3.4050
69.960,0.014275592517969532,0.4813037486817123,5.397142174409181e-60,3,141.977,-0.567843,-0.116763,13205.9,0.0,12.3063,36.5780,83.3988,64.7427,49.6992,43.7349,41.1146,39.0726,37.7372,36.4927,35.3304,34.2423,32.8309,31.3577,28.6788,23.4397,16.2531,10.2937,4.1196
70.071,0.17141923662230385,0.48528019049302346,9.07097685252951e-61,3,143.707,-0.494532,-0.100374,13388.5,0.0,11.9329,41.8423,80.2632,62.5132,48.2019,41.8895,39.1647,37.0614,35.6953,34.4289,33.2515,32.1546,30.7389,29.2712,26.8752,22.5246,16.4429,11.0247,4.7066
70.181,0.07901874972789653,0.48805290969575393,1.5245590796046348e-61,3,145.307,-0.423477,-0.112874,13549.7,0.0,11.2586,33.8426,82.8089,67.0499,55.9338,49.2811,45.2115,42.0486,40.0507,38.2369,36.5830,35.0688,33.1520,31.2081,28.1306,23.5382,17.9871,12.5003,5.4196
70.290,0.030266215387337137,0.4918542301834796,2.56232644509151e-62,3,147.057,-0.355893,-0.0917667,13682.2,0.0,10.9853,34.4337,80.1797,65.1784,54.9943,49.2601,45.8811,42.6139,40.2975,38.2228,36.3537,34.6616,32.5449,30.4269,27.1310,22.3388,17.3083,12.6173,5.8765
70.400,0.18769774941405035,0.49337090156839764,4.306502056265302e-63,3,148.737,-0.304512,-0.0656474,13852.2,0.0,10.9363,33.9400,77.7316,63.4552,54.0743,49.0087,46.1499,43.5230,41.5510,39.4719,37.2872,35.2775,32.8062,30.3794,26.6918,21.5146,16.3370,12.2689,6.1322
70.511,0.12047695874264601,0.4961643199946825,7.237938005965096e-64,3,150.145,-0.264137,-0.0686124,14009.4,0.0,10.6813,27.7416,81.0251,67.8608,59.5102,55.1785,52.8169,50.7167,49.1950,47.6533,46.0894,44.5007,42.2277,39.5453,34.1588,25.3554,17.8121,12.6937,6.4581
70.620,0.09563124794313399,0.35698956968835754,1.2164802406625538e-64,3,151.554,-0.23892,-0.0287469,13981.0,0.0,10.8126,25.7821,79.6003,67.0577,59.2498,55.2654,53.1175,51.2246,49.8644,48.4972,47.1229,45.7411,43.7928,41.5456,37.2626,28.3198,18.7093,12.7993,6.3734
70.731,0.13538674933690614,0.116978342195481,0.3759472045898437,3,149.399,-0.241139,-0.0202048,13371.4,0.0,10.3249,21.6098,82.1918,70.3620,63.0888,59.4154,57.4485,55.7238,54.4902,53.2554,52.0197,50.7831,49.0513,47.0720,43.3648,36.0037,24.2052,14.8602,6.5733
70.840,0.04436353002271741,0.03833146317061521,0.838499380848999,3,138.618,-0.225045,-0.0514463,11861.1,0.0,9.8989,19.6658,32.7100,69.0420,62.1389,58.6828,56.8416,55.2331,54.0863,52.9414,51.7990,50.6593,49.0693,47.2611,43.9036,37.3681,27.3490,16.8155,6.9419
70.950,0.01453704151784404,0.012560453851747195,0.7054049187285979,3,125.729,-0.197642,-0.047005,10961.2,0.0,9.7165,19.5745,74.4711,63.4494,56.8670,53.6096,51.8861,50.3877,49.3235,48.2648,47.2121,46.1660,44.7134,43.0716,40.0537,34.3068,25.8720,17.1305,7.1522
71.060,0.0047634977645671355,0.004115809518140522,0.15217089178177995,3,116.983,-0.171308,-0.038852,10524.4,0.0,9.5742,20.4836,68.5088,57.8608,51.6177,48.5671,46.9648,45.5787,44.5982,43.6263,42.6637,41.7106,40.3933,38.9135,36.2194,31.1890,24.0484,16.8401,7.3216
71.169,0.0015609029474933588,0.0013486684629042862,0.7259670274311778,3,109.806,-0.146966,-0.0435632,9341.98,0.0,9.3347,21.5859,64.3612,54.0749,48.1356,45.2631,43.7628,42.4699,41.5583,40.6572,39.7670,38.8880,37.6773,36.3229,33.8730,29.3539,23.0479,16.7224,7.5753
71.279,0.18234967593084245,0.0004419316819244764,0.5878613463850748,3,99.5816,-0.123759,-0.0428737,8322.91,0.0,9.1604,25.8917,59.8915,49.9805,44.3543,41.6634,40.2666,39.0676,38.2253,37.3948,36.5767,35.7713,34.6656,33.4340,31.2204,27.1850,21.6427,16.1225,7.7736
71.390,0.2561328345132653,0.00014481217353301244,0.10699337855114852,3,91.873,-0.100475,-0.0527733,8316.51,0.0,9.0188,71.2080,56.9942,47.3763,41.9834,39.4240,38.1010,36.9685,36.1746,35.3933,34.6251,33.8701,32.8358,31.6868,29.6297,25.9040,20.8264,15.7746,7.9492
71.499,0.08392960721330678,4.745205302329752e-05,0.01798237713309153,3,89.6998,-0.0672557,-0.0878537,8146.81,0.0,8.6611,71.8774,57.7442,48.1732,42.8004,40.2479,38.9273,37.7964,37.0032,36.2223,35.4541,34.6988,33.6635,32.5124,30.4488,26.7008,21.5630,16.4057,8.3079
71.610,0.027502053691656363,1.5549088734674132e-05,0.26241833999487585,2,87.9922,-0.0322406,-0.070402,10015.6,0.0,8.5145,70.1807,56.2058,46.8236,41.5940,39.1200,37.8430,36.7510,35.9858,35.2333,34.4937,33.7671,32.7723,31.6676,29.6906,26.1103,21.2158,16.2965,8.4582
71.720,0.009011872953681957,5.095125396578019e-06,0.21263325529185484,2,81.8546,-0.00868988,-0.0410197,9221.96,0.0,8.5747,67.0483,53.2923,44.1951,39.1874,36.8366,35.6281,34.5972,33.8766,33.1689,32.4746,31.7937,30.8631,29.8322,27.9940,24.6842,20.1920,15.6895,8.4175
71.830,0.03884336258183067,1.6695706899506852e-06,0.035737271216902046,2,79.7562,0.00192642,-0.0106857,9099.34,0.0,8.7775,63.7325,50.2159,41.4258,36.6535,34.4319,33.2946,32.3273,31.6525,30.9911,30.3432,29.7090,28.8440,27.8882,26.1898,23.1498,19.0530,14.9594,8.2749
71.939,0.1844405377107844,5.470849236830406e-07,0.006006363173424727,2,78.8565,0.00638962,-0.00866205,9008.58,0.0,8.7562,63.6255,50.1157,41.3383,36.5769,34.3616,33.2278,32.2635,31.5908,30.9317,30.2862,29.6543,28.7924,27.8402,26.1483,23.1209,19.0414,14.9637,8.2963
72.051,0.07236553610536982,1.7926878779245873e-07,0.0010094894585574938,2,78.2211,0.0133603,-0.0156825,8941.44,0.0,8.6199,64.5678,50.9970,42.1413,37.3209,35.0733,33.9217,32.9416,32.2575,31.5868,30.9296,30.2860,29.4078,28.4368,26.7099,23.6141,19.4330,15.2462,8.4038
72.160,0.1113178676304607,5.8742796383832874e-08,0.00016966489329975798,2,77.648,0.0170949,-0.000748936,8879.84,0.0,8.7377,62.9734,49.5205,40.8161,36.1109,33.9261,32.8090,31.8595,31.1976,30.5492,29.9143,29.2932,28.4463,27.5110,25.8505,22.8821,18.8857,14.8890,8.3248
72.269,0.3219544506847182,1.9248839519054353e-08,2.851557861689033e-05,2,76.8819,0.0243924,-0.0305646,8782.23,0.0,8.3745,66.5346,52.8356,43.8190,38.8748,36.5593,35.3702,34.3568,33.6485,32.9534,32.2718,31.6034,30.6905,29.6797,27.8784,24.6376,20.2391,15.8186,8.6069
72.380,0.10549803440036842,6.307459733603732e-09,4.7926132981407585e-06,2,76.3141,0.0438461,-0.0610994,8723.97,0.0,7.9355,70.2877,56.4227,47.1535,41.9993,39.5642,38.3080,37.2341,36.4818,35.7419,35.0148,34.3006,33.3227,32.2367,30.2928,26.7676,21.9283,17.0178,9.0162
72.490,0.2341143308806135,2.066828405507271e-09,8.054945170185175e-07,2,75.7585,0.0672874,-0.0614622,8665.14,0.0,7.7302,70.5813,56.7582,47.5167,42.3757,39.9452,38.6909,37.6182,36.8667,36.1275,35.4010,34.6872,33.7095,32.6234,30.6780,27.1463,22.2858,17.3344,9.2136
72.600,0.16504455961803444,6.772583319166225e-10,1.3537946347530226e-07,2,75.1678,0.0996526,-0.0942777,8592.6,0.0,7.2150,17.9218,60.7473,51.3050,45.9835,43.4462,42.1303,41.0014,40.2083,39.4267,38.6565,37.8983,36.8570,35.6964,33.6075,29.7794,24.4340,18.9067,9.7876
72.711,0.05408180129563752,0.00376464865942401,2.2753226426294058e-08,2,74.7181,0.137136,-0.0958627,8552.51,0.0,6.8953,16.6193,61.3177,51.9217,46.6224,44.0938,42.7818,41.6560,40.8648,40.0847,39.3160,38.5587,37.5184,36.3583,34.2681,30.4305,25.0511,19.4541,10.1202
72.820,0.2054173737713904,0.06373128171334505,3.824134765467242e-09,2,74.4501,0.172653,-0.0893787,8563.59,0.0,6.6439,16.0880,60.9753,51.6760,46.4427,43.9484,42.6550,41.5454,40.7658,39.9974,39.2403,38.4946,37.4703,36.3282,34.2708,30.4935,25.1953,19.6664,10.3535
72.929,0.06731116503740922,0.2119996089699539,6.427223300320793e-10,2,75.0246,0.210055,-0.0908139,8735.09,0.0,6.3268,14.9290,61.5166,52.2612,47.0487,44.5627,43.2731,42.1664,41.3886,40.6216,39.8658,39.1211,38.0980,36.9568,34.8991,31.1141,25.7857,20.1940,10.6812
73.040,0.03942539826478052,0.3685407388985245,1.0802234200849157e-10,2,76.6887,0.242594,-0.0694364,9053.58,0.0,6.1845,15.5414,59.5510,50.4945,45.4319,43.0279,41.7837,40.7176,39.9692,39.2320,38.5062,37.7918,36.8112,35.7189,33.7537,30.1508,25.1000,19.8103,10.7322
73.150,0.13666433073336576,0.4489323511972685,1.815531502136718e-11,2,79.1698,0.2713,-0.0667241,9484.16,0.0,5.9597,14.8617,59.5741,50.5731,45.5451,43.1584,41.9231,40.8646,40.1217,39.3898,38.6692,37.9600,36.9865,35.9019,33.9502,30.3704,25.3441,20.0641,10.9398
73.261,0.04478216789470929,0.4816026958090709,3.0513637956411813e-12,2,82.1398,0.298528,-0.0557802,9844.37,0.0,5.7933,14.8434,58.7208,49.8364,44.8918,42.5495,41.3385,40.3015,39.5740,38.8576,38.1525,37.4588,36.5071,35.4474,33.5418,30.0508,25.1543,20.0065,11.0510
73.372,0.24359709210893657,0.4959537998783413,5.128427131334136e-13,2,85.1764,0.31907,-0.0388039,10216.5,0.0,5.7170,15.6189,57.1896,48.4653,43.6385,41.3599,40.1840,39.1782,38.4732,37.7794,37.0971,36.4264,35.5068,34.4840,32.6474,29.2909,24.5974,19.6693,11.0483
73.480,0.13112741074265633,0.5010418696597598,8.619347479633282e-14,2,88.1157,0.341338,-0.0546206,10648.9,0.0,5.4367,13.5892,59.1113,50.2740,45.3551,43.0243,41.8191,40.7868,40.0624,39.3490,38.6467,37.9558,37.0075,35.9513,34.0510,30.5651,25.6625,20.4829,11.3860
73.589,0.04296782995215362,0.5049317768032351,1.448653730901966e-14,2,91.2322,0.363438,-0.0442031,10941.8,0.0,5.3049,13.6219,58.2851,49.5518,44.7076,42.4167,41.2332,40.2202,39.5097,38.8103,38.1221,37.4451,36.5164,35.4826,33.6239,30.2184,25.4349,20.3808,11.4574
73.700,0.3213687522751807,0.506545239935384,2.4347523255269346e-15,2,94.1925,0.380965,-0.0357917,11298.3,0.0,5.1994,13.6582,57.6409,48.9888,44.2031,41.9435,40.7771,39.7791,39.0794,38.3908,37.7135,37.0475,36.1342,35.1178,33.2915,29.9486,25.2572,20.3001,11.5130
73.815,0.10530611274553121,0.5081581582845267,4.09208823351312e-16,2,97.0685,0.401197,-0.0497182,11703.5,0.0,4.9547,12.1537,59.3325,50.5768,45.7087,43.4028,42.2103,41.1890,40.4724,39.7666,39.0718,38.3881,37.4497,36.4042,34.5225,31.0674,26.1954,21.0211,11.8178
73.925,0.08814560569315684,0.5082048043691737,6.8775726940655e-17,2,100.083,0.4198,-0.0342172,11952.5,0.0,4.8728,12.5219,57.9664,49.3503,44.5848,42.3343,41.1724,40.1781,39.4810,38.7948,38.1197,37.4558,36.5453,35.5317,33.7098,30.3714,25.6767,20.6980,11.8062
74.038,0.4168495387916516,0.5078526596706908,1.1559136426915886e-17,2,102.74,0.437105,-0.0431903,12363.2,0.0,4.6812,11.5093,59.1128,50.4277,45.6081,43.3274,42.1485,41.1390,40.4308,39.7334,39.0469,38.3716,37.4447,36.4122,34.5542,31.1429,26.3302,21.2086,12.0362
74.139,0.1365932568712484,0.5081046985833919,1.942744059271753e-18,2,105.315,0.460964,-0.0701917,12749.9,0.0,4.3626,9.7747,62.2137,53.3325,48.3575,45.9896,44.7619,43.7087,42.9686,42.2387,41.5194,40.8108,39.8367,38.7495,36.7872,33.1646,28.0108,22.4776,12.5233
74.249,0.04475887841157068,0.5092715054443059,3.265169940418036e-19,2,108.164,0.488485,-0.0650686,12959.3,0.0,4.1559,9.3359,62.0374,53.1753,48.2400,45.8926,44.6760,43.6325,42.8993,42.1764,41.4640,40.7622,39.7976,38.7213,36.7788,33.1933,28.0909,22.6058,12.6873
74.368,0.34553691883740345,0.5113479365133652,5.487771118860594e-20,2,110.918,0.513531,-0.0483936,13265.4,0.0,4.0127,9.3353,60.7709,51.8942,47.0650,44.7751,43.5901,42.5745,41.8616,41.1591,40.4673,39.7862,38.8506,37.8075,35.9275,32.4650,27.5514,22.2777,12.7007
74.479,0.16549804075824034,0.5124138414460745,9.223296919469e-21,2,113.372,0.540749,-0.071102,13675.1,0.0,3.7031,8.0368,16.7963,54.4319,49.4708,47.1104,45.8858,44.8347,44.0957,43.3669,42.6482,41.9400,40.9659,39.8780,37.9123,34.2753,29.0762,23.4516,13.1802
74.585,0.05423039799566019,0.5116246874869247,1.550159513255155e-21,2,116.088,0.570499,-0.0685037,13935.4,0.0,3.4680,7.4962,14.5694,54.8533,49.6054,47.2572,46.0391,44.9935,44.2585,43.5336,42.8187,42.1141,41.1450,40.0628,38.1073,34.4874,29.3085,23.6944,13.3889
74.689,0.017770216815217933,0.5116371522050904,2.6053530939279397e-22,2,118.946,0.594648,-0.0343993,14111.1,0.0,3.3792,7.8814,64.1937,52.0427,46.8850,44.6484,43.4920,42.5015,41.8063,41.1216,40.4472,39.7834,38.8720,37.8559,36.0250,32.6528,27.8612,22.6965,13.1872
74.810,0.33352671304293563,0.5138352737533141,4.378816944964688e-23,2,121.549,0.605957,-0.0187767,14469.6,0.0,3.3357,8.0921,64.8698,51.3986,45.8489,43.5421,42.4093,41.4432,40.7656,40.0986,39.4421,38.7964,37.9103,36.9232,35.1468,31.8817,27.2556,22.2802,13.1052
74.920,0.10929003332990914,0.5221917671128609,7.359477639402152e-24,2,124.028,0.614398,-0.0309528,14882.6,0.0,3.2229,7.5174,73.5370,55.1391,48.0901,45.2437,43.8709,42.7430,41.9760,41.2391,40.5306,39.8491,38.9354,37.9225,36.0974,32.7363,27.9607,22.8104,13.3058
75.026,0.035812158121544625,0.5468673822319173,1.2369074068543199e-24,3,125.868,0.618399,-0.0115445,11878.8,0.0,3.2526,8.0080,76.6962,55.2895,47.5017,44.4181,42.9432,41.7373,40.9202,40.1375,39.3870,38.6671,37.7070,36.6730,34.8920,31.6645,27.0970,22.1884,13.1267
75.140,0.30700221421974283,0.5723367284191296,2.0788702787000556e-25,3,127.41,0.614099,0.000874217,11989.6,0.0,3.3332,8.5646,85.0498,57.5074,48.2928,44.7522,43.0796,41.7220,40.8070,39.9343,39.1011,38.3048,37.2476,36.1151,34.1843,30.9334,26.4949,21.7381,12.9648
75.243,0.10059848555552534,0.5915232054183804,3.493957277411184e-26,3,129.711,0.607363,-0.00579864,12265.2,0.0,3.3683,8.4890,116.1640,67.1208,53.7025,48.8666,46.6395,44.8578,43.6701,42.5469,41.4831,40.4743,39.1464,37.7384,35.3717,31.4882,26.7438,21.8995,12.9842
75.349,0.03296411174683454,0.6041438747327449,5.872293996144977e-27,3,132.32,0.593962,0.0188205,12425.3,0.0,3.5796,9.9939,141.0990,71.1324,54.9663,49.4015,46.8831,44.8879,43.5675,42.3257,41.1558,40.0518,38.6068,37.0846,34.5487,30.4487,25.5540,20.9696,12.6338
75.459,0.25922204838318713,0.6129807086224258,9.869564519320864e-28,3,134.803,0.566973,0.0382473,12691.2,0.0,3.9083,12.4546,200.0000,80.9758,59.0141,52.0120,48.9291,46.5237,44.9494,43.4814,42.1093,40.8242,39.1562,37.4160,34.5548,30.0260,24.7705,20.1063,12.2471
75.572,0.11669690672940276,0.6178821670388964,1.6587777087622578e-28,3,137.116,0.53476,0.0286362,12979.8,0.0,4.1592,12.9654,127.3380,139.5470,81.6183,67.6431,61.9983,57.7878,55.1191,52.6898,50.4693,48.4319,45.8467,43.2183,39.0421,32.7772,25.9902,20.3563,12.0956
75.687,0.0382392423970907,0.6223870562296805,2.787907695116727e-29,3,139.721,0.496297,0.0484645,13104.6,0.0,4.6189,14.9294,50.6094,200.0000,106.2980,82.1754,73.3210,67.0137,63.1398,59.6936,56.6080,53.8297,50.3750,46.9406,41.6400,34.0277,26.2084,20.0286,11.6292
75.790,0.0817512925401826,0.6268101851165917,4.685636463182684e-30,3,142.362,0.439987,0.0921313,13310.2,0.0,5.4476,17.5357,50.4597,192.5890,116.6040,86.5181,76.0709,68.8112,64.4254,60.5696,57.1533,54.1057,50.3532,46.6630,41.0452,33.1371,25.2038,19.0651,10.9062
75.894,0.11094245031424006,0.6285531901050059,1.1250213148101623e-30,3,144.295,0.379826,0.103678,13558.2,0.0,5.9503,16.9332,37.5231,173.3180,195.5700,124.5780,103.0000,89.4559,81.7822,75.3264,69.8201,65.0686,59.4153,54.0577,46.2613,35.9648,26.3562,19.3681,10.6086
76.000,0.03635362211897018,0.6293125788648583,1.89082332380144e-31,3,146.827,0.305749,0.0791537,13782.0,0.0,6.4185,16.6763,32.0626,96.8580,181.1420,190.1210,194.0600,127.0580,111.3350,99.0817,89.2644,81.2229,72.1347,63.9663,52.7873,39.1785,27.5277,19.6200,10.2976
76.104,0.01191235489594415,0.6318578509205617,3.177906760313081e-32,3,149.4,0.246655,0.0678508,14012.6,0.0,6.8742,17.3373,32.0309,83.2497,172.6730,182.4680,186.6630,148.4810,126.5860,110.3260,97.7736,87.7920,76.8220,67.2332,54.5067,39.6009,27.3239,19.2324,9.9279
76.204,0.1349989154847537,0.6687716612839371,7.630154131511707e-33,3,151.474,0.206221,0.0559203,14262.7,0.0,7.1460,17.4961,31.1455,71.9388,163.9710,175.1240,179.6860,183.2190,185.5360,129.4900,112.0300,98.7253,84.6609,72.8182,57.7130,40.8535,27.5964,19.1512,9.7077
76.321,0.03204131786659527,0.7710788275943664,8.97680003418221e-34,3,155.213,0.166729,0.0160686,14729.9,0.0,7.1870,16.1105,26.0170,47.2085,93.0712,151.0920,159.5070,164.8660,168.1350,171.0850,173.7880,176.2900,179.5130,117.3250,81.6120,50.8002,31.3073,20.5459,9.7447
76.438,0.010499299038525938,0.8230354422573719,1.5087307817450043e-34,4,157.47,0.152514,0.00422018,12156.6,0.0,7.2217,15.8125,24.9528,43.2099,77.5784,129.0500,148.7980,155.3460,159.0790,162.3600,165.3160,168.0230,171.4800,175.0530,93.4902,54.8567,32.6125,20.9831,9.7384
76.552,0.0034404103089441793,0.8486695837970206,2.535723824878829e-35,4,159.446,0.148236,0.000653442,12210.6,0.0,7.2322,15.7273,24.6563,42.1592,73.9542,118.9430,142.3260,149.1510,152.9600,156.2850,159.2700,161.9980,165.4800,169.0760,97.8494,56.2320,33.0348,21.1211,9.7368
76.670,0.07444620428355911,0.8591229741405111,2.9832537227316937e-36,4,163.085,0.14881,-0.00677044,12490.3,0.0,7.1742,15.3847,23.8062,39.7175,66.7523,101.3670,131.6110,139.9360,144.1150,147.6630,150.8010,153.6440,157.2480,160.9550,109.4090,59.8617,34.2444,21.5969,9.8147
76.784,0.024394532219636646,0.8615789649944876,5.013954531795157e-37,4,166.072,0.160137,-0.0287965,12744.6,0.0,6.9298,14.2892,21.3534,33.5058,51.1851,69.6340,86.2372,108.9950,126.4240,132.6440,137.1070,140.8050,145.2340,149.6080,156.5470,74.6543,38.7440,23.3421,10.1403
76.897,0.007993600317730536,0.8603297518900187,8.426953381588121e-38,4,169.054,0.183864,-0.0368694,13006.0,0.0,6.6833,13.5947,20.0833,30.9196,45.9882,60.8940,73.6468,90.1877,107.4330,122.2140,127.9040,132.1420,136.9900,141.6510,148.9170,83.3702,41.3661,24.4521,10.4372
77.009,0.002619342952113942,0.8521923394274463,1.4163180548435154e-38,4,172.105,0.214952,-0.039636,13137.4,0.0,6.4123,12.9839,19.1081,29.2376,43.1225,56.6326,68.0179,82.5524,97.4333,114.5980,120.9940,125.4250,130.3820,135.0990,142.4130,88.4205,43.1372,25.3251,10.7434
77.122,0.0008583062985486964,0.8427901631273356,2.3804057547754966e-39,4,174.998,0.249691,-0.0404685,13357.2,0.0,6.1238,12.3829,18.2029,27.8020,40.9043,53.5917,64.2372,77.7666,91.5471,108.4630,115.0010,119.4180,124.3360,129.0060,136.2530,91.8739,44.5873,26.1215,11.0605
77.229,0.0002812498079084368,0.8393237579973153,4.000747952051177e-40,4,177.843,0.286241,-0.040983,13550.2,0.0,5.8228,11.7641,17.2813,26.3650,38.7317,50.6718,60.6637,73.3276,86.1868,102.5100,109.0720,113.4370,118.2840,122.8880,130.0440,95.1589,46.0300,26.9318,11.3904
77.336,9.215993705543656e-05,0.8389408160518101,6.724057083012415e-41,4,180.63,0.32391,-0.0413817,13764.2,0.0,5.5134,11.1319,16.3439,24.9133,36.5566,47.7733,57.1403,68.9877,80.9894,96.5803,103.1080,107.4010,112.1640,116.6900,123.7410,134.8200,47.4894,27.7575,11.7290
77.445,3.019896817432545e-05,0.8380624039476071,1.1301122739418969e-41,4,183.392,0.362515,-0.0418237,13965.5,0.0,5.1965,10.4845,15.3841,23.4280,34.3335,44.8130,53.5454,64.5639,75.6977,90.5074,97.0236,101.2450,105.9190,110.3650,117.3040,128.2640,49.0019,28.6092,12.0768
77.554,9.895597891362966e-06,0.8382564408693018,1.8993796988141462e-42,4,186.123,0.402029,-0.0422614,14168.5,0.0,4.8724,9.8236,14.4059,21.9178,32.0799,41.8214,49.9210,60.1182,70.3966,84.3463,90.8472,94.9882,99.5670,103.9250,110.7420,121.5690,50.5538,29.4822,12.4330
77.675,3.2425895170418172e-06,0.8378381478878028,3.1922874597969363e-43,4,188.819,0.442454,-0.042631,14375.0,0.0,4.5415,9.1509,13.4128,20.3907,29.8133,38.8276,46.3086,55.7100,65.1656,78.1753,84.6125,88.6570,93.1270,97.3865,104.0680,114.7410,52.1255,30.3700,12.7966
77.780,-0.014758331174704556,0.8350658277373751,5.365277533680709e-44,4,191.478,0.482734,-0.0387023,14583.8,0.0,4.2287,8.5756,12.6366,19.3754,28.6567,37.7370,45.4275,55.2970,65.4614,75.7320,80.3877,83.8872,87.9435,91.9083,98.2410,108.5340,52.3599,30.8111,13.0980
77.884,-0.016708222721589686,0.817484518870483,9.017421950857169e-45,4,194.084,0.519088,-0.0310796,14745.2,0.0,3.9595,8.1328,12.1133,18.9021,28.6479,38.6566,47.5264,59.4768,69.2243,73.7900,77.1975,80.0854,83.6198,87.1937,93.0514,102.8100,51.3739,30.7893,13.3099
78.004,-0.017959964027279257,0.4721883271434799,1.5155581072805646e-45,4,195.93,0.548919,-0.0229099,14694.2,0.0,3.7428,7.7965,11.7538,18.7204,29.2307,40.7028,51.4967,63.4780,67.6392,70.8356,73.5742,76.0280,79.1399,82.3683,87.7803,97.0104,50.1133,30.5886,13.4548
78.109,-0.019638243317152613,0.1547266710383755,0.5997455543518067,4,191.176,0.570507,-0.0140627,13900.6,0.0,3.5942,7.6054,11.6265,18.9741,30.7597,44.6894,56.7420,62.0823,64.9587,67.4795,69.7671,71.8870,74.6427,77.5621,82.5536,91.2605,48.5382,30.1789,13.5176
78.210,-0.021977708990058315,0.0507008355658549,0.8148658687732773,4,178.432,0.583604,-0.00596363,12730.5,0.0,3.5124,7.5434,11.6888,19.5512,33.0018,49.6971,55.6554,59.3688,61.6741,63.7941,65.7762,67.6501,70.1279,72.7938,77.4251,85.6644,47.0204,29.6997,13.5182
78.311,-0.023654543175821635,0.02076706224777417,0.8494357895382647,4,167.398,0.589242,-0.00260002,11835.2,0.0,3.4764,7.5133,11.7106,19.8035,34.0642,48.6220,53.0888,56.2835,58.3413,60.2678,62.0919,63.8324,66.1538,68.6718,73.0869,81.0394,46.7006,29.5116,13.5204
78.411,-0.02485735098822698,0.006804950957350639,0.8572348298554597,4,154.021,0.59292,-0.00196201,10770.7,0.0,3.4474,7.4597,11.6402,19.7266,34.0588,45.3558,49.0409,51.8464,53.6981,55.4550,57.1354,58.7515,60.9234,63.2976,67.4986,75.1645,86.3812,29.5247,13.5430
78.520,-0.02588959898596026,0.0022298463297046574,0.8565456450791489,3,140.875,0.595001,-0.0019973,12189.2,0.0,3.4297,7.4208,11.5788,19.6202,33.8681,42.0171,45.1599,47.6512,49.3268,50.9346,52.4860,53.9888,56.0228,58.2625,62.2606,69.6498,80.6390,29.5663,13.5611
78.631,-0.03088125583370618,0.0007306760453176222,0.8224596262632767,3,128.397,0.596415,-0.00280458,10684.7,0.0,3.4150,7.3777,11.4952,19.4261,32.5849,38.7244,41.4587,43.6893,45.2125,46.6882,48.1233,49.5228,51.4294,53.5433,57.3496,64.4729,75.2377,29.6626,13.5842
78.743,-0.03660258751937408,0.00023942792652967846,0.7147624626648774,3,116.188,0.597721,-0.00457985,9855.41,0.0,3.3979,7.3165,11.3644,19.0934,30.4861,35.5262,37.9366,39.9464,41.3363,42.6942,44.0241,45.3289,47.1177,49.1141,52.7392,59.6082,70.1539,30.0089,13.6196
78.854,-0.04173117377251451,7.845574296524504e-05,0.6304111642399786,3,105.225,0.599254,-0.00558931,8958.45,0.0,3.3816,7.2676,11.2688,18.8712,28.4938,32.7407,34.8720,36.6822,37.9486,39.1956,40.4250,41.6386,43.3128,45.1936,48.6382,55.2489,65.5618,31.5265,13.6466
78.965,-0.09148344830804021,2.5708377854851495e-05,0.10623567065188938,3,97.0799,0.600996,-0.00507147,8792.15,0.0,3.3686,7.2467,11.2464,18.8652,26.7475,30.3905,32.2829,33.9147,35.0680,36.2117,37.3466,38.4733,40.0368,41.8051,45.0711,51.4204,61.4866,74.4972,13.6543
79.071,-0.09441966298200863,8.424121255477738e-06,0.01785502916646305,3,93.6278,0.598951,0.0165941,8500.84,0.0,3.4609,7.7664,12.5555,21.3279,27.6271,30.7784,32.4545,33.9177,34.9605,36.0013,37.0395,38.0750,39.5203,41.1649,44.2264,50.2498,59.9401,72.6428,13.3479
79.180,-0.030939435165944586,0.023268287759802997,0.0030008947520074446,3,93.021,0.585915,0.0389454,8466.32,0.0,3.6589,8.6116,14.6293,22.6643,28.1170,30.9348,32.4536,33.7890,34.7457,35.7042,36.6643,37.6254,38.9723,40.5119,43.3954,49.1263,58.4669,70.8742,12.9621
79.293,-0.010138234115176722,0.11571513847063225,0.0005043603809698912,3,92.8742,0.566089,0.0462052,8499.73,0.0,3.8645,9.2470,15.2429,21.9646,26.7364,29.2654,30.6441,31.8645,32.7434,33.6275,34.5165,35.4098,36.6668,38.1105,40.8333,46.3060,55.3642,67.5959,12.7150
79.403,-0.0033220965548611077,0.18430513813655677,8.476784922960962e-05,3,93.2026,0.543646,0.0481998,8564.46,0.0,4.0733,9.7534,14.9449,20.6125,24.7699,27.0229,28.2645,29.3711,30.1721,30.9815,31.7986,32.6229,33.7880,35.1334,37.6900,42.8954,51.6666,63.7383,12.5106
79.515,-0.05481015678781759,0.21950522094583694,1.4246932420020492e-05,3,93.7814,0.520163,0.0500433,8627.37,0.0,4.2916,9.8749,14.3016,19.1158,22.7297,24.7250,25.8353,26.8312,27.5559,28.2911,29.0363,29.7912,30.8630,32.1076,34.4916,39.4141,47.8740,59.7647,12.4159
79.625,-0.2123138677578485,0.24603342587765684,2.394481931832844e-06,3,94.3353,0.485532,0.0956771,8726.44,0.0,4.8316,10.9498,15.4936,20.2797,23.8184,25.7614,26.8411,27.8090,28.5128,29.2265,29.9498,30.6821,31.7220,32.9298,35.2440,40.0262,48.2668,59.8983,11.8796
79.734,-0.0695710081868918,0.25221290877284064,4.0244057828314625e-07,3,95.1077,0.429431,0.132346,8777.68,0.0,5.3963,11.8666,16.4454,21.1532,24.5968,26.4815,27.5277,28.4651,29.1468,29.8381,30.5387,31.2482,32.2555,33.4257,35.6691,40.3122,48.3431,59.7293,11.3856
79.845,-0.13877809735721194,0.2554199013373094,6.76381879920484e-08,3,95.9057,0.373294,0.102017,8843.18,0.0,5.7106,11.8588,16.0316,20.3014,23.4468,25.1805,26.1472,27.0159,27.6492,28.2928,28.9462,29.6092,30.5530,31.6529,33.7716,38.1947,45.9509,57.1227,11.2633
79.950,-0.45663541636890476,0.2595201338952095,1.1367950255823578e-08,3,96.3508,0.321054,0.118568,8932.56,0.0,6.2749,13.0778,17.5699,22.0544,25.2981,27.0689,28.0514,28.9321,29.5726,30.2225,30.8812,31.5486,32.4967,33.5992,35.7164,40.1170,47.7879,58.7648,10.6265
80.066,-0.1467162850107627,0.26133954966228223,1.9106113994962693e-09,3,96.9145,0.259561,0.142658,8960.74,0.0,6.9965,14.7035,19.6259,24.3950,27.7707,29.5925,30.5979,31.4959,32.1473,32.8069,33.4742,34.1490,35.1059,36.2159,38.3404,42.7290,50.3103,61.0600,9.8711
80.177,-0.2693923767487574,0.26237695261771166,3.211164579133379e-10,3,97.5961,0.195044,0.135432,9022.46,0.0,7.5096,15.3529,20.2053,24.8510,28.1251,29.8905,30.8649,31.7354,32.3671,33.0067,33.6540,34.3088,35.2376,36.3155,38.3794,42.6491,50.0455,60.5781,9.4088
80.285,-0.25526080556290787,0.25934677553689667,5.397004308149472e-11,3,98.0681,0.126008,0.151491,9071.89,0.0,8.2558,16.8146,21.9315,26.7196,30.0458,31.8273,32.8073,33.6811,34.3140,34.9540,35.6009,36.2545,37.1802,38.2526,40.3013,44.5223,51.7945,62.0927,8.7121
80.388,-0.08364386076685365,0.2563103959391803,9.07074514070682e-12,3,98.7684,0.0536613,0.149353,9124.12,0.0,8.8695,17.6650,22.7672,27.4847,30.7454,32.4877,33.4454,34.2988,34.9169,35.5418,36.1733,36.8112,37.7144,38.7607,40.7593,44.8771,51.9773,23.4688,8.1483
80.507,-0.15647689591610212,0.26502220460385056,1.524520135798595e-12,3,99.5517,-0.0120945,0.121072,9188.5,0.0,9.1682,17.5132,22.2582,26.6522,29.7046,31.3424,32.2449,33.0505,33.6346,34.2258,34.8240,35.4289,36.2868,37.2824,39.1892,43.1391,50.0116,59.9518,7.8231
80.616,-0.23334222761585863,0.35923135491083974,2.5622609922366987e-13,3,100.448,-0.0729555,0.124409,9372.61,0.0,9.7112,18.3377,23.1384,27.5362,30.5712,32.1944,33.0875,33.8840,34.4613,35.0453,35.6359,36.2328,37.0788,38.0599,39.9378,43.8223,50.5708,21.5137,7.3014
80.723,-0.07646158114516456,0.435205309283434,4.30639204965222e-14,3,102.077,-0.132646,0.11536,9552.22,0.0,10.1197,18.7217,23.4255,27.7103,30.6612,32.2391,33.1073,33.8815,34.4426,35.0103,35.5846,36.1651,36.9882,37.9428,39.7706,43.5562,50.1476,19.5451,6.8733
80.828,-0.2867114755665518,0.4682155308241206,7.237753117850488e-15,3,103.945,-0.184474,0.0947258,9750.75,0.0,10.3418,18.6341,23.1120,27.1884,30.0020,31.5094,32.3397,33.0811,33.6188,34.1632,34.7141,35.2714,36.0621,36.9802,38.7412,42.4002,48.8091,60.4438,6.5781
80.940,-0.20143493556344771,0.4840046678748228,1.2164491665171314e-15,3,105.687,-0.234261,0.103512,9982.4,0.0,10.8306,19.4523,24.0329,28.1621,30.9932,32.5046,33.3357,34.0768,34.6139,35.1574,35.7070,36.2627,37.0504,37.9642,39.7143,43.3424,50.0164,16.2688,6.1116
81.052,-0.0784607474364071,0.4940363546473469,2.0444861141653428e-16,3,107.754,-0.281768,0.0914838,10109.3,0.0,11.0917,19.5765,24.0321,28.0379,30.7834,32.2499,33.0567,33.7763,34.2978,34.8256,35.3595,35.8994,36.6651,37.5539,39.2572,42.7932,50.0343,15.6706,5.7871
81.159,-0.33178292324798064,0.5048859635502176,3.436167812077692e-17,3,109.697,-0.32231,0.0747268,10333.2,0.0,11.2470,19.4791,23.7642,27.6145,30.2572,31.6703,32.4484,33.1427,33.6463,34.1563,34.6723,35.1943,35.9350,36.7952,38.4458,42.0258,50.0393,16.0006,5.5402
81.272,-0.20346067946982327,0.5181208274580102,5.775167241758975e-18,3,111.462,-0.361832,0.088401,10558.0,0.0,11.6957,20.2924,24.7087,28.6419,31.3238,32.7528,33.5381,34.2380,34.7452,35.2583,35.7772,36.3030,37.0679,37.9895,39.8689,44.3463,54.9594,12.9612,5.1383
81.379,-0.1373994284553123,0.5385748405539408,9.70632358322431e-19,3,113.564,-0.399875,0.0790908,10713.4,0.0,11.8957,20.3710,24.6879,28.5249,31.1400,32.5338,33.3104,34.0265,34.5603,35.1138,35.6881,36.2843,37.1582,38.2170,40.3964,45.7009,58.9506,12.3970,4.8676
81.495,-0.35428662934436483,0.5720860260183404,1.63134180463251e-19,3,115.594,-0.434141,0.0698463,10975.7,0.0,12.0638,20.4100,24.6297,28.3737,31.0028,32.5363,33.4276,34.2541,34.8732,35.5178,36.1896,36.8901,37.9226,39.1831,41.8106,48.3989,66.1639,11.9242,4.6246
81.597,-0.11609264270356148,0.6005243990056898,2.74179617104586e-20,3,117.818,-0.465993,0.0725891,11201.4,0.0,12.3363,20.7868,25.0213,29.0148,32.2135,34.1305,35.2596,36.3166,37.1148,37.9517,38.8304,39.7537,41.1282,42.8283,46.4528,56.0520,86.2623,10.7670,4.3458
81.707,-0.038041237161103025,0.6207123780349344,4.6081368246767766e-21,3,120.462,-0.488897,0.0369746,11352.6,0.0,12.1497,19.9523,23.9404,28.1083,31.5185,33.5915,34.8229,35.9828,36.8633,37.7908,38.7692,39.8028,41.3515,43.2841,47.4683,58.9908,100.0400,12.5732,4.3072
81.821,-0.24902172139712053,0.6363085203157373,7.744895561234259e-22,3,123.038,-0.492263,-0.00185043,11658.1,0.0,11.8112,18.9311,22.9277,27.2987,30.9556,33.2152,34.5709,35.8573,36.8397,37.8805,38.9849,40.1588,41.9318,44.1683,49.1049,63.4026,124.5570,25.7496,4.4654
81.927,-0.11668615247472847,0.6474078669526857,1.3016845969766418e-22,3,125.49,-0.480086,-0.0101317,11963.2,0.0,11.6454,18.9248,23.6575,29.1340,33.9820,37.1088,39.0355,40.9001,42.3489,43.9076,45.5891,47.4082,50.2201,53.8823,62.4537,91.8573,200.0000,19.0167,4.6215
82.037,-0.03823571844291902,0.662786086405556,2.1877413021386424e-23,3,128.267,-0.44943,-0.0503781,12128.8,0.0,11.0893,18.3290,23.3952,29.4950,35.1222,38.8715,41.2307,43.5505,45.3783,47.3699,49.5485,51.9411,55.7149,60.7722,73.2815,124.9670,200.0000,20.5054,5.1582
82.152,-0.19225045466818388,0.6735233932308726,3.676936806504416e-24,3,131.018,-0.391521,-0.0971888,12409.7,0.0,10.4048,17.7743,23.1585,29.9119,36.4230,40.9202,43.8184,46.7212,49.0466,51.6196,54.4819,57.6850,62.8676,70.0755,89.3225,199.0200,79.0847,21.2846,6.0797
82.257,-0.0663470745268705,0.6822309853376423,6.179827690691973e-25,3,133.743,-0.307931,-0.117368,12689.2,0.0,9.9964,18.0800,24.4457,33.0763,42.1709,48.9535,53.5637,58.3839,62.4007,67.0168,72.3761,78.6736,89.5992,106.5260,165.0830,200.0000,45.1638,19.5308,6.7035
82.371,-0.021740609380964924,0.6883986856035635,1.0386436399746002e-25,3,136.646,-0.226392,-0.0989712,12925.3,0.0,9.5129,17.6290,24.2414,33.5468,43.8038,51.7751,57.3583,63.3458,68.4563,74.4699,81.6486,90.3666,106.2650,133.0400,200.0000,200.0000,42.1034,20.1331,7.3238
82.479,-0.06824364359826825,0.6906546316892007,1.745648365705311e-26,3,139.556,-0.156902,-0.0846937,13192.7,0.0,9.0810,17.1654,23.9433,33.7955,45.1054,54.2403,60.8281,68.0735,74.4112,82.0570,91.4618,103.3100,126.2180,169.1020,200.0000,135.0020,40.6564,20.6965,7.8457
82.589,-0.02236207713428054,0.6933228659619172,2.933911208240916e-27,3,142.457,-0.099402,-0.0665949,13456.9,0.0,8.7649,17.0113,24.2033,35.1530,48.5082,59.9648,68.6290,78.5762,87.6596,99.1260,114.0540,134.2870,178.6880,200.0000,200.0000,97.2746,37.9573,20.6302,8.2061
82.697,-0.0073276054353610485,0.695431997655901,4.931024567690508e-28,3,145.384,-0.0504151,-0.0598949,13696.9,0.0,8.4239,16.5167,23.6856,34.8082,48.7263,60.9861,70.4615,81.5635,91.9165,105.2890,123.2260,148.5420,200.0000,200.0000,200.0000,91.5436,38.2414,21.2287,8.5869
82.811,-0.07989304532070013,0.6961231179293856,8.287572990917439e-29,3,148.245,-0.00681512,-0.0491608,13987.7,0.0,8.1524,16.2547,23.6224,35.4312,50.8948,65.1937,76.7099,90.7521,104.4140,122.9300,149.4410,190.5510,200.0000,200.0000,200.0000,81.6902,37.3393,21.3809,8.8743
82.920,-0.04184641256988701,0.6980436760174761,1.392892392583494e-29,3,151.054,0.0231353,-0.0179198,14244.8,0.0,8.1443,17.1150,26.0029,41.9751,66.8928,95.2815,123.2050,165.7310,200.0000,200.0000,200.0000,200.0000,200.0000,200.0000,118.3500,58.9906,32.2500,19.8942,8.8414
83.028,-0.013712232470900578,0.6975812564449065,2.3410342442150782e-30,3,153.889,0.0374497,-0.00534755,14502.4,0.0,8.1242,17.4681,27.0964,45.4122,76.9122,117.9570,164.9590,200.0000,200.0000,200.0000,200.0000,200.0000,200.0000,162.6240,96.6252,53.4033,30.7122,19.4214,8.8505
83.139,-0.004493224336064701,0.701203414393117,3.9345762542522828e-31,3,156.734,0.0426909,-0.00135929,14745.1,0.0,8.1120,17.5732,27.4509,46.6153,80.7719,127.7060,185.1390,200.0000,200.0000,200.0000,200.0000,200.0000,197.9970,148.0340,91.4635,51.9095,30.2840,19.2923,8.8596
83.249,-0.02730739014009793,0.7064215086564616,6.612842310521812e-32,3,159.575,0.0439448,0.0011627,15008.2,0.0,8.1219,17.6792,27.7420,47.5196,83.6241,135.1060,200.0000,200.0000,200.0000,200.0000,200.0000,198.5900,191.6710,139.8730,88.3247,50.9146,29.9627,19.1745,8.8479
83.360,-0.045221472049907285,0.7086132487846744,1.1114204071294011e-32,4,159.847,0.0360014,0.0281779,12174.3,0.0,8.4204,19.3574,32.0850,61.6255,138.9600,200.0000,199.5430,196.4260,193.4790,189.2280,168.4730,136.2700,107.5140,86.6353,63.5363,41.4996,26.4076,17.6552,8.5532
83.469,-0.014818171961313617,0.7104156569398871,1.8679642782623843e-33,4,161.967,0.0119798,0.0426061,12301.5,0.0,8.7649,20.8004,35.6986,74.5836,198.8950,194.3560,190.7060,185.9740,178.6460,142.5550,118.3370,101.1590,84.0819,70.4945,54.1250,37.0159,24.3474,16.6105,8.2433
83.580,-0.004855618588283246,0.7146293677004372,3.1394875624755895e-34,4,164.068,-0.0222987,0.0464799,12465.2,0.0,9.1075,21.8063,37.8070,81.1121,193.1460,188.2400,184.2230,178.5370,155.4220,126.2550,106.3130,91.8180,77.1093,65.1866,50.5574,34.9482,23.1743,15.8912,7.9359
83.689,-0.001591089099008654,0.7182327648799542,5.276536746252723e-35,4,166.172,-0.0610514,0.0478417,12618.9,0.0,9.4669,22.7386,39.5679,85.7263,187.6420,182.5810,178.4090,172.1360,144.0670,117.8020,99.6441,86.3421,72.7544,61.6734,47.9940,33.2967,22.1405,15.2092,7.6119
83.798,0.007825431713243094,0.7216361745052384,8.868275309426953e-36,4,168.27,-0.100918,0.0449077,12773.3,0.0,9.7910,23.3581,40.3290,85.5766,182.6910,177.8820,174.0200,168.7070,149.1290,120.1640,100.6270,86.5604,72.4002,61.0060,47.1260,32.4375,21.4395,14.6714,7.3082
83.909,0.005821058851001745,0.7244454955681265,1.4904910312553879e-36,4,170.35,-0.139253,0.0419208,12933.0,0.0,10.0990,23.9291,40.9959,85.2671,177.6650,173.0920,169.5030,164.8570,155.6120,123.2320,102.0130,87.0333,72.1999,60.4387,46.3175,31.6145,20.7641,14.1529,7.0158
84.017,0.0057006477979025,0.7271745910033887,2.50506827623093e-37,4,172.426,-0.175701,0.039395,13087.2,0.0,10.3936,24.4873,41.6851,85.3160,172.4960,168.1070,164.7250,160.5150,155.1750,125.5760,102.8160,87.0461,71.6669,59.6359,45.3779,30.7447,20.0824,13.6415,6.7344
84.128,0.01007993512532294,0.7286712047456154,4.2102682518613245e-38,4,174.487,-0.209961,0.035319,13241.3,0.0,10.6496,24.8642,41.9054,83.6912,167.4510,163.3410,160.2490,156.5770,152.6570,134.2400,107.6550,89.8653,72.9895,60.1015,45.1714,30.2230,19.5617,13.2131,6.4790
84.237,0.008605809268272068,0.7305168885741683,7.07619785090333e-39,4,176.535,-0.241031,0.0311181,13394.7,0.0,10.8741,25.1567,41.9793,81.8901,162.3340,158.4850,155.6490,152.4000,149.2180,143.5340,114.3180,93.7913,74.9582,60.9761,45.1946,29.8236,19.1140,12.8338,6.2487
84.349,0.00893478292983364,0.7329302193604834,1.1892965728013227e-39,4,178.571,-0.26877,0.0271241,13546.7,0.0,11.0702,25.3919,41.9875,80.2125,157.1060,153.4830,150.8640,147.9380,145.2220,141.3030,122.4050,98.4544,77.2912,62.0576,45.3309,29.4964,18.7204,12.4964,6.0430
84.459,0.011050277283222887,0.7333355195925432,1.998850749907183e-40,4,180.588,-0.293071,0.0227691,13698.4,0.0,11.2307,25.5247,41.8045,78.1784,151.8350,148.4370,146.0250,143.3880,141.0350,137.9450,132.4140,105.4820,80.9216,63.9236,45.8796,29.3667,18.4314,12.2232,5.8665
84.567,0.012719552056941474,0.7347949904819595,3.359468455369003e-41,4,182.587,-0.313355,0.0174453,13849.2,0.0,11.3438,25.5000,41.2968,75.3814,146.5780,143.4280,141.2310,138.8790,136.8460,134.3400,130.8890,118.0770,87.4743,67.4943,47.2748,29.6042,18.3152,12.0460,5.7273
84.679,0.01475282079246858,0.7343320677936286,5.6462586329386845e-42,4,184.57,-0.328736,0.0110871,13991.3,0.0,11.4018,25.3041,40.4580,71.9160,141.3290,138.4380,136.4590,134.3770,132.6240,130.5540,127.9730,124.2910,98.8449,73.6394,49.8388,30.3130,18.4123,11.9857,5.6338
84.789,0.013110290583476103,0.7368623128339912,9.489666884380049e-43,4,186.531,-0.338241,0.0040366,14141.6,0.0,11.4015,24.9556,39.3674,68.1258,136.0410,133.4050,131.6270,129.7900,128.2710,126.5270,124.4690,121.8980,115.6190,83.3249,53.8145,31.5437,18.7416,12.0546,5.5927
84.899,0.004295980018393449,0.7375709547788172,1.594928313257755e-43,4,188.483,-0.342112,0.000283416,14292.3,0.0,11.3914,24.7546,38.7829,66.2293,130.3830,127.8800,126.2140,124.5130,123.1200,121.5450,119.7250,117.5460,113.2600,89.9107,56.3588,32.3153,18.9603,12.1145,5.5808
85.009,0.0014077067324271652,0.7384055063212978,2.680596016092309e-44,4,190.43,-0.342831,-0.000782315,14425.1,0.0,11.3854,24.6914,38.6099,65.6932,124.4320,121.9880,120.3800,118.7510,117.4300,115.9450,114.2510,112.2580,108.5510,92.0448,57.1650,32.5620,19.0349,12.1388,5.5806
85.116,0.00046127734208173355,0.7386789721707377,4.5052777242463437e-45,4,192.35,-0.342284,-0.00113136,14569.2,0.0,11.3768,24.6564,38.5312,65.4816,118.3530,115.9540,114.3940,112.8260,111.5630,110.1540,108.5610,106.7140,103.3970,92.8774,57.5028,32.6826,19.0822,12.1612,5.5872
85.227,-0.01775433522773691,0.7387685814602823,7.57202027114083e-46,4,194.244,-0.342806,0.00470703,14710.2,0.0,11.4481,25.0903,39.6293,68.7468,111.6900,109.2000,107.5960,105.9860,104.6920,103.2480,101.6060,99.6820,96.1089,81.6024,52.9630,31.1614,18.5549,11.9484,5.5504
85.338,-0.02109150305313608,0.7378567825229053,1.2726294469706394e-46,4,196.108,-0.349529,0.0142876,14848.4,0.0,11.6183,25.9503,41.7562,75.1994,104.5810,101.9250,100.2180,98.5039,97.1201,95.5586,93.7470,91.5367,86.6549,67.4194,46.4613,28.6893,17.5909,11.5113,5.4422
85.446,-0.02526262674045788,0.39040320737210565,2.1389083115235538e-47,4,197.143,-0.365684,0.0254938,14742.6,0.0,11.8953,27.1904,44.7985,101.3210,97.1605,94.2990,92.4566,90.5952,89.0677,87.2995,85.1474,82.1997,69.0266,55.1002,39.9935,25.8675,16.3499,10.8875,5.2502
85.557,-0.028549257437519487,0.12792732299169157,0.0588226318359375,4,195.946,-0.393398,0.0395181,14499.3,0.0,12.3197,29.0333,49.4390,93.9069,89.3024,86.1431,84.0834,81.9406,80.0977,77.7914,74.2004,63.9196,52.6464,43.8216,33.3563,22.6081,14.7715,10.0356,4.9553
85.667,-0.032883376533132634,0.0419192251979175,0.5859690586853027,4,189.096,-0.434404,0.0572688,13661.9,0.0,12.9328,31.7680,56.7766,86.0992,80.8797,77.2187,74.6849,71.7527,68.4501,59.2894,51.4584,45.4581,39.0830,33.6895,26.7758,19.0137,12.8760,8.9504,4.5465
85.777,-0.0294217123603019,0.013736091712853607,0.8033747108065201,4,176.423,-0.486295,0.0708978,12480.4,0.0,13.6099,34.5957,84.7404,78.7207,72.9702,68.7217,65.3844,57.6990,49.6085,43.5107,38.7504,34.9315,30.6998,26.9706,21.9771,16.0639,11.1401,7.8683,4.0801
85.888,0.04343160036043252,0.00450104253246787,0.84554493401366,4,163.032,-0.541824,0.068442,11374.2,0.0,14.0786,35.5610,79.1182,73.0846,67.4911,63.4381,60.3335,53.9383,46.0633,40.1976,35.6592,32.0440,28.0644,24.5801,19.9474,14.5097,10.0214,7.0585,3.6469
85.999,0.01450645881438778,0.001474901617039072,0.8533184729605547,4,150.101,-0.593549,0.0622956,10319.6,0.0,14.4493,35.9348,74.0777,68.1610,62.8579,59.1548,56.4846,52.8619,45.5463,39.1726,34.3661,30.6123,26.5548,23.0652,18.5136,13.2954,9.0860,6.3541,3.2527
86.109,0.006207922687675147,0.00048329576187136305,0.8307220422690351,3,137.635,-0.640402,0.0637976,11595.3,0.0,14.8995,37.1939,68.9996,62.9734,57.6623,53.9321,51.1734,46.5722,39.1981,33.8422,29.7758,26.5838,23.1173,20.1222,16.1965,11.6689,7.9955,5.6014,2.8739
86.217,0.11298058525891612,0.00015836635525000824,0.6852550101321938,3,125.606,-0.683324,0.0656525,10343.4,0.0,15.3217,38.4268,64.2573,58.1352,52.8079,49.0218,46.0942,39.4365,33.3960,28.9619,25.5691,22.8895,19.9631,17.4208,14.0692,10.1758,6.9949,4.9110,2.5268
86.326,0.037021478177641634,5.18934872883227e-05,0.5555358547189334,3,115.179,-0.72295,0.0667989,10024.3,0.0,15.7029,39.4977,59.8918,53.7129,48.3935,44.5671,41.4320,33.7005,28.6408,24.9037,22.0307,19.7534,17.2581,15.0833,12.2060,8.8491,6.0949,4.2848,2.2084
86.439,0.0599848066609,1.7004457914637583e-05,0.828986274536449,3,104.894,-0.759712,0.0666997,8361.12,0.0,16.0361,61.7718,55.9002,49.7110,44.4399,40.6209,37.3076,29.2876,24.8828,21.6312,19.1324,17.1524,14.9835,13.0936,10.5940,7.6789,5.2880,3.7171,1.9155
86.546,0.19269897247430307,5.572020769468443e-06,0.25949694832003234,2,94.7991,-0.793142,0.0667035,10594.6,0.0,16.3408,58.2506,52.2287,46.0358,40.8020,36.9633,33.2368,25.2112,21.4198,18.6207,16.4699,14.7655,12.8984,11.2716,9.1199,6.6104,4.5522,3.1999,1.6490
86.657,0.06314359930037963,1.8258397657394192e-06,0.043613652104147846,2,88.275,-0.82354,0.064851,10064.2,0.0,16.5828,55.0372,48.9257,42.7814,37.6479,33.8901,30.0410,22.3462,18.8745,16.3375,14.4027,12.8786,11.2180,9.7788,7.8861,5.6943,3.9088,2.7418,1.4090
86.767,0.020690894618748394,5.982911744374927e-07,0.00733014650914413,2,86.6115,-0.849635,0.0539824,9884.53,0.0,16.6154,52.2983,46.2747,40.3872,35.6493,32.4333,30.0279,24.7033,19.9422,16.7208,14.3963,12.6401,10.7975,9.2570,7.3064,5.1481,3.4648,2.3987,1.2123
86.878,0.31666920052459324,0.04084663159492704,0.0012319777237918541,2,85.5934,-0.869941,0.0324103,9807.49,0.0,16.4073,50.0053,44.2308,38.7727,34.6044,32.0237,30.3869,28.6694,27.0936,24.0816,18.9748,15.6561,12.5780,10.2718,7.6471,5.0683,3.2583,2.1918,1.0695
86.988,0.24114276027922368,0.042104374241025685,0.0002070584960376969,2,84.6873,-0.865367,-0.0571378,9692.61,0.0,14.9963,50.2047,45.5015,41.2383,38.2175,36.5385,35.5894,34.7232,34.0813,33.4178,32.7298,32.0140,30.9558,29.6446,26.7244,12.4296,5.3245,2.9803,1.2137
87.097,0.07901765968829602,0.013796761351299296,3.480032142905573e-05,2,83.8075,-0.832285,-0.11689,9575.17,0.0,14.0092,49.1049,44.9475,41.2554,38.7098,37.3295,36.5603,35.8668,35.3589,34.8404,34.3112,33.7707,32.9936,32.0736,30.2393,25.9088,10.8885,4.7227,1.6235
87.207,0.025892506726660835,0.004520922759593754,5.848890022581397e-06,2,82.929,-0.781219,-0.135487,9475.77,0.0,13.4240,46.7308,42.6936,39.1987,36.8351,35.5704,34.8715,34.2451,33.7888,33.3249,32.8530,32.3730,31.6877,30.8845,29.3143,25.8485,17.5867,6.7362,2.1693
87.318,0.008484456604192222,0.05749336128236368,9.830229460952558e-07,2,82.1919,-0.723787,-0.141583,9436.77,0.0,12.9314,43.9939,39.9837,36.6078,34.3684,33.1849,32.5354,31.9563,31.5362,31.1107,30.6796,30.2427,29.6217,28.8989,27.5035,24.5293,18.7278,8.7739,2.7610
87.428,0.4328486816626867,0.1526711707187549,1.6521666655022966e-07,2,82.0789,-0.659552,-0.172352,9523.57,0.0,12.1743,41.9609,38.1374,34.9911,32.9399,31.8683,31.2842,30.7658,30.3914,30.0135,29.6320,29.2470,28.7019,28.0702,26.8613,24.3552,19.8860,12.7841,3.5503
87.538,0.3283845927448502,0.1439206329711216,2.7767965147097104e-08,2,81.9476,-0.569348,-0.257126,9506.91,0.0,10.9023,41.3443,37.9642,35.2098,33.4298,32.5059,32.0043,31.5604,31.2406,30.9184,30.5940,30.2673,29.8063,29.2741,28.2617,26.1825,22.5858,17.4207,5.1264
87.647,0.2000007146913044,0.047545413011977115,4.666961902272612e-09,2,81.5095,-0.449823,-0.332341,9347.71,0.0,9.6750,16.2234,37.2599,34.7993,33.2222,32.4076,31.9666,31.5770,31.2967,31.0148,30.7313,30.4462,30.0446,29.5821,28.7054,26.9192,23.8709,19.5765,7.5416
87.758,0.5448701195189715,0.015579680935764662,7.843762869149578e-10,2,80.446,-0.303485,-0.411366,9188.24,0.0,8.4018,12.8646,36.4901,34.2818,32.8763,32.1535,31.7628,31.4182,31.1705,30.9216,30.6715,30.4203,30.0667,29.6601,28.8910,27.3312,24.6916,21.0033,10.1704
87.868,0.2120435116799766,0.005105149849031365,1.31830122541797e-10,2,79.2109,-0.126595,-0.520915,9025.75,0.0,7.0031,9.7677,13.9950,34.3259,33.0935,32.4599,32.1177,31.8160,31.5992,31.3814,31.1626,30.9428,30.6337,30.2783,29.6062,28.2434,25.9371,22.7083,12.6602
87.977,0.17848549886676737,0.0016728555025305974,2.215668869559982e-11,2,78.2402,0.0761344,-0.581357,8936.35,0.0,5.6865,7.9679,10.5486,33.0551,31.9285,31.3521,31.0416,30.7681,30.5719,30.3750,30.1774,29.9792,29.7006,29.3808,28.7778,27.5613,25.5182,22.6852,13.8531
88.087,0.18146190442925608,0.008401217931694226,3.723874669069462e-12,2,77.2914,0.288254,-0.551766,8834.96,0.0,4.4283,6.2720,8.0594,31.7344,30.7005,30.1746,29.8920,29.6435,29.4655,29.2869,29.1080,28.9286,28.6768,28.3883,27.8453,26.7547,24.9378,22.4410,14.6818
88.197,0.05946143684337864,0.003138411091857564,6.258716156305046e-13,2,76.5664,0.480126,-0.473786,8759.03,0.0,3.3158,4.9182,6.4452,29.9341,28.9718,28.4859,28.2258,27.9977,27.8345,27.6711,27.5076,27.3440,27.1147,26.8525,26.3607,25.3790,23.7605,21.5687,14.8901
88.307,0.30988412875035104,0.020642212905954888,1.0519024243901891e-13,2,75.8403,0.638838,-0.372085,8690.25,0.0,2.4049,3.8651,5.3917,27.9112,27.0110,26.5602,26.3199,26.1097,25.9597,25.8098,25.6601,25.5104,25.3012,25.0625,24.6166,23.7327,22.2930,20.3757,14.6970
88.417,0.28071296544524316,0.0334704563406483,1.7679324046725912e-14,2,75.0876,0.768971,-0.30968,8610.13,0.0,1.5817,2.5927,3.5218,26.8309,25.9908,25.5719,25.3490,25.1543,25.0155,24.8770,24.7386,24.6006,24.4078,24.1882,23.7787,22.9702,21.6606,19.9286,14.8519
88.527,0.25814590150540684,0.015111724133703635,2.971363992533225e-15,2,74.4413,0.869569,-0.224955,8524.34,0.0,0.9350,1.6234,2.2585,4.0898,24.6981,24.3066,24.0989,23.9179,23.7889,23.6604,23.5322,23.4043,23.2261,23.0233,22.6463,21.9054,20.7156,19.1585,14.6863
88.638,0.5760253377149362,0.0049518097641320065,4.993971462250593e-16,2,73.3488,0.938451,-0.144577,8375.69,0.0,0.4646,0.8571,1.2189,1.9496,23.6673,23.2945,23.0986,22.9281,22.8069,22.6860,22.5657,22.4458,22.2787,22.0890,21.7368,21.0475,19.9475,18.5219,14.5016
88.747,0.1887519826624303,0.001622609023510776,8.393367836604571e-17,2,72.4827,0.974378,-0.0632723,8275.7,0.0,0.2059,0.4151,0.6256,1.0849,22.8519,22.4138,22.1931,22.0070,21.8780,21.7521,21.6292,21.5094,21.3466,21.1666,20.8345,20.1867,19.1596,17.8404,14.2000
88.858,0.4072503514176044,0.0005316965248240111,1.4106733322981302e-17,2,71.6435,0.971514,0.0479132,8153.23,0.0,0.2564,0.6709,24.9561,22.7612,21.6948,21.2194,20.9800,20.7782,20.6383,20.5019,20.3687,20.2389,20.0623,19.8679,19.5235,18.9048,17.9617,16.7666,13.5797
88.967,0.31913164418817996,0.00017422631725433197,2.370918669593468e-18,2,70.5128,0.937244,0.111357,8060.17,0.0,0.6185,31.5223,25.7570,22.9633,21.6333,21.0453,20.7503,20.5021,20.3303,20.1628,19.9996,19.8405,19.6245,19.3867,18.9660,18.2132,17.1819,16.0398,13.0804
89.078,0.32832078270391096,5.709047963789951e-05,3.984803007985742e-19,2,69.7421,0.877796,0.203291,7984.21,0.0,1.4393,32.7338,25.7788,22.5573,21.0543,20.3955,20.0663,19.7899,19.5989,19.4130,19.2320,19.0559,18.8169,18.5545,18.0909,17.2640,16.1340,14.9563,12.3404
89.187,0.5104266356482516,1.870740836774691e-05,6.697258415521638e-20,2,68.6497,0.795504,0.260173,7856.62,0.0,2.9804,37.7582,27.7090,23.4584,21.5519,20.7305,20.3231,19.9826,19.7481,19.5206,19.2996,19.0850,18.7949,18.4773,17.9189,16.9308,15.5938,14.2066,11.6389
89.297,0.15882277217502963,6.1300435739433086e-06,1.1256082218967218e-20,2,67.9576,0.697208,0.312746,7782.52,0.0,6.1640,46.8686,30.9122,25.0435,22.5547,21.5077,20.9938,20.5671,20.2745,19.9918,19.7182,19.4535,19.0971,18.7087,18.0307,16.8449,15.2659,13.6510,10.8731
89.411,0.5044885777603294,2.0086926783097433e-06,1.8918097385418203e-21,2,67.1928,0.579487,0.382566,7699.36,0.0,8.5670,57.5095,33.5538,26.0356,23.0222,21.7836,21.1816,20.6848,20.3458,20.0192,19.7044,19.4009,18.9936,18.5520,17.7859,16.4608,14.7237,12.9748,9.9864
89.521,0.28704670852187975,6.582084168285366e-07,3.1795646275672373e-22,2,66.3826,0.452515,0.398516,7602.54,0.0,8.7063,130.3600,46.3687,31.9422,26.9971,25.0808,24.1724,23.4335,22.9348,22.4586,22.0034,21.5679,20.9890,20.3679,19.3070,17.5185,15.2578,13.0668,9.4106
89.627,0.17510394748262922,2.1568173402637489e-07,5.343894269552256e-23,2,65.8908,0.331927,0.346302,7554.19,0.0,9.4289,200.0000,58.5737,35.9563,29.2753,26.8111,25.6660,24.7452,24.1291,23.5446,22.9895,22.4617,21.7648,21.0233,19.7708,17.6990,15.1478,12.7423,8.8291
89.744,0.5854780892675835,0.0869408616902156,8.981483098836476e-24,2,65.2584,0.232908,0.272525,7541.62,0.0,9.3799,77.9391,117.3380,49.3867,36.7436,32.6024,30.7619,29.3183,28.3699,27.4830,26.6519,25.8714,24.8556,23.7923,22.0365,19.2376,15.9592,13.0225,8.4898
89.850,0.18121406263120174,0.22274162921489984,1.5095178644214466e-24,2,65.7885,0.161333,0.195027,7683.41,0.0,9.0395,36.9562,200.0000,95.7283,55.7945,46.2020,42.3319,39.4471,37.6192,35.9559,34.4359,33.0417,31.2731,29.4754,26.6203,22.3400,17.7065,13.8630,8.3878
89.966,0.1884617085693594,0.3340753813580134,2.537046674733126e-25,2,67.0602,0.103048,0.167258,7910.0,0.0,9.2865,32.8924,127.6220,146.8470,68.0260,53.6720,48.2546,44.3452,41.9230,39.7544,37.8020,36.0350,33.8258,31.6163,28.1802,23.1890,17.9917,13.8332,8.1210
90.072,0.28255913112113273,0.3995856764321438,4.2640143462239665e-26,2,68.6411,0.0594848,0.107022,8198.63,0.0,8.9926,25.3387,55.1957,200.0000,170.8820,100.3510,82.2639,71.0670,64.7754,59.5114,55.0426,51.2016,46.6501,42.3549,36.1361,27.9800,20.4267,14.9679,8.1646
90.189,0.09258897608577277,0.44440495710953487,7.166528911698621e-27,2,70.8892,0.0328833,0.0647508,8441.81,0.0,8.7937,22.0045,40.2451,101.1090,200.0000,200.0000,176.6950,131.0770,110.6760,95.7769,84.4189,75.4738,65.7320,57.2911,46.1939,33.3480,22.8879,16.0524,8.2479
90.300,0.030339555683786025,0.47901687025190237,1.2044785141891872e-27,2,73.4546,0.0130166,0.05046,8780.5,0.0,8.8315,21.3430,37.4068,82.6488,200.0000,200.0000,200.0000,184.1800,145.6830,120.5050,102.7540,89.5669,75.9335,64.6921,50.6578,35.3837,23.6517,16.3020,8.1929
90.429,0.1466080562086704,0.5111355480446896,1.4170569271584369e-28,2,76.7701,0.000323057,0.00627106,9295.53,0.0,8.5362,18.7655,29.7267,51.8671,94.4585,160.5750,200.0000,200.0000,200.0000,200.0000,200.0000,200.0000,167.0270,120.3200,78.9615,46.8568,28.0410,18.1059,8.4353
90.562,0.038432422286765695,0.5324583733566272,1.6671533042326295e-29,2,80.5972,0.00548546,-0.0231836,9734.79,0.0,8.2497,17.1765,25.8841,41.1963,64.2569,89.3713,112.9490,146.8800,187.0280,200.0000,200.0000,200.0000,200.0000,200.0000,129.4260,61.0448,32.5784,19.8737,8.7367
90.665,0.012593536134927382,0.5625088152502496,2.801984558423781e-30,2,83.9182,0.0164603,-0.030731,10163.3,0.0,8.1005,16.6482,24.8089,38.7452,58.7922,79.4293,97.7600,122.5200,149.5980,192.0590,200.0000,200.0000,200.0000,200.0000,156.0890,66.7883,34.3092,20.5787,8.9027
90.784,0.004126649920693006,0.6067360194405768,4.70929544734285e-31,2,87.4847,0.0301805,-0.0333522,10666.2,0.0,7.9679,16.3033,24.2038,37.5658,56.5039,75.6591,92.3913,114.5830,138.3270,174.5010,200.0000,200.0000,200.0000,200.0000,169.5630,69.6822,35.2845,21.0343,9.0481
90.889,0.0013522206460126842,0.6377175498659132,7.91491285834913e-32,2,91.2772,0.0453956,-0.0343292,11250.4,0.0,7.8358,16.0066,23.7305,36.7476,55.0975,73.5412,89.5553,110.6590,133.0690,166.8770,200.0000,200.0000,200.0000,200.0000,176.8030,71.4954,36.0032,21.4130,9.1914
90.994,0.00044309566128543636,0.6519745504119374,1.3302594041027385e-32,2,95.2797,0.0616798,-0.0347503,11655.4,0.0,7.6991,15.7163,23.2863,36.0246,53.9403,71.8991,87.4531,107.8950,129.5330,162.0430,200.0000,200.0000,200.0000,200.0000,181.7130,72.9579,36.6513,21.7765,9.3387
91.115,0.00014519358629001177,0.6593508077883586,2.235766980475473e-33,2,99.2584,0.0788395,-0.0348089,12158.0,0.0,7.5579,15.4265,22.8550,35.3527,52.9243,70.5316,85.7758,105.8030,126.9930,158.8120,200.0000,200.0000,200.0000,200.0000,184.9590,74.1868,37.2560,22.1327,9.4903
91.221,-0.010178770791572225,0.6730723461335893,3.757653564085128e-34,2,103.269,0.0967377,-0.0345839,12651.5,0.0,7.4126,15.1357,22.4312,34.7152,52.0075,69.3598,84.4034,104.1950,125.1720,156.7390,200.0000,200.0000,200.0000,200.0000,186.8270,75.2242,37.8259,22.4833,9.6454
91.323,-0.03461377642258238,0.7037570202091795,6.315488345157876e-35,2,107.409,0.112319,-0.0202053,13220.7,0.0,7.3845,15.4556,23.3978,37.5347,59.2468,83.4876,106.8320,141.4650,184.1160,200.0000,200.0000,200.0000,200.0000,200.0000,134.5880,65.5646,35.4793,21.7818,9.6350
91.440,-0.011342242258151794,0.730733116007144,1.0614441261706844e-35,2,111.763,0.122678,-0.00934774,13848.0,0.0,7.3757,15.7418,24.2527,40.1393,66.5661,99.4021,134.9430,196.4320,200.0000,200.0000,200.0000,200.0000,200.0000,196.5070,111.4710,59.8302,33.8905,21.2685,9.6166
91.556,-0.00371662594315118,0.756897555187596,1.7839691428550693e-36,2,116.351,0.128923,-0.00466901,14451.0,0.0,7.3571,15.8387,24.5979,41.3152,70.2354,108.2460,152.2310,200.0000,200.0000,200.0000,200.0000,200.0000,200.0000,173.8830,104.0510,57.7779,33.3110,21.0915,9.6243
91.686,-0.0009742911912414229,0.7860157323945972,2.09882185687756e-37,3,121.675,0.133087,-0.00242025,11904.9,0.0,7.3383,15.8652,24.7361,41.8558,72.0719,112.9840,162.1130,200.0000,200.0000,200.0000,200.0000,200.0000,200.0000,165.0080,100.9550,56.9073,33.0758,21.0299,9.6379
91.797,-0.00031925573754598946,0.8097587621441866,3.527489894854116e-38,3,123.412,0.134996,-0.00217325,11874.0,0.0,7.3239,15.8415,24.7100,41.8461,72.1595,113.3420,163.0100,200.0000,200.0000,200.0000,200.0000,200.0000,200.0000,164.3020,100.7570,56.8864,33.0926,21.0501,9.6518
91.926,-8.369097606325583e-05,0.8303859079747756,4.1500565863969185e-39,3,128.151,0.13681,-0.00216085,12311.6,0.0,7.3086,15.8088,24.6597,41.7627,72.0205,113.1360,162.7320,200.0000,200.0000,200.0000,200.0000,200.0000,200.0000,164.5140,100.8990,56.9713,33.1435,21.0830,9.6671
92.038,-2.7423859036407673e-05,0.8432808445595495,6.975000104757301e-40,3,132.149,0.138276,-0.00215942,12672.5,0.0,7.2962,15.7821,24.6179,41.6921,71.8997,112.9470,162.4630,200.0000,200.0000,200.0000,200.0000,200.0000,200.0000,164.7220,101.0270,57.0443,33.1861,21.1101,9.6795
92.169,-7.189000103240054e-06,0.8560526984818435,8.206017873245918e-41,3,136.969,0.140058,-0.0021599,13164.0,0.0,7.2811,15.7494,24.5669,41.6057,71.7505,112.7120,162.1250,200.0000,200.0000,200.0000,200.0000,200.0000,200.0000,164.9820,101.1870,57.1338,33.2381,21.1432,9.6947
92.280,-2.355691553829701e-06,0.8665692290979055,1.3791854239564417e-41,3,141.126,0.141586,-0.00215942,13446.7,0.0,7.2682,15.7214,24.5234,41.5321,71.6239,112.5140,161.8410,200.0000,200.0000,200.0000,200.0000,200.0000,200.0000,165.1990,101.3210,57.2100,33.2825,21.1715,9.7077
92.383,-7.719130083589164e-07,0.8741202585064267,2.317996942043592e-42,3,145.17,0.143163,-0.00215799,13929.0,0.0,7.2549,15.6926,24.4785,41.4563,71.4933,112.3110,161.5510,200.0000,200.0000,200.0000,200.0000,200.0000,200.0000,165.4220,101.4590,57.2883,33.3283,21.2006,9.7210
92.490,-2.5294045457904977e-07,0.8797583903698859,3.895857460492666e-43,3,149.323,0.144782,-0.00215751,14267.5,0.0,7.2412,15.6630,24.4323,41.3781,71.3587,112.1000,161.2480,200.0000,200.0000,200.0000,200.0000,200.0000,200.0000,165.6540,101.6020,57.3692,33.3754,21.2306,9.7348
92.608,-8.288352815646302e-08,0.8862394227157792,6.547767633850026e-44,3,153.522,0.146444,-0.00215608,14554.8,0.0,7.2271,15.6326,24.3850,41.2982,71.2215,111.8850,160.9420,200.0000,200.0000,200.0000,200.0000,200.0000,200.0000,165.8890,101.7470,57.4518,33.4236,21.2614,9.7489
92.711,-2.7159274506309805e-08,0.8938233734886315,1.1004833062211742e-44,3,157.561,0.148151,-0.00215513,15091.2,0.0,7.2127,15.6014,24.3363,41.2159,71.0804,111.6640,160.6250,200.0000,200.0000,200.0000,200.0000,200.0000,200.0000,166.1320,101.8970,57.5369,33.4732,21.2930,9.7635
92.827,-8.899551070227597e-09,0.9074473242747547,1.8495822927659277e-45,4,158.444,0.149896,-0.00213939,12159.6,0.0,7.1980,15.5701,24.2882,41.1366,70.9498,111.4720,160.3730,200.0000,200.0000,200.0000,200.0000,200.0000,200.0000,166.3240,102.0280,57.6170,33.5217,21.3244,9.7781
92.955,-2.3329639157537426e-09,0.9445509565309312,2.1760150716161864e-46,4,162.335,0.151997,-0.00213749,12445.8,0.0,7.1802,15.5317,24.2284,41.0354,70.7763,111.2010,159.9860,200.0000,200.0000,200.0000,200.0000,200.0000,200.0000,166.6200,102.2120,57.7214,33.5826,21.3632,9.7960
93.068,-7.644656159141865e-10,0.9754361078266804,3.6572285308653244e-47,4,165.684,0.153784,-0.00213796,12749.4,0.0,7.1651,15.4990,24.1774,40.9490,70.6272,110.9670,159.6490,200.0000,200.0000,200.0000,200.0000,200.0000,200.0000,166.8780,102.3710,57.8109,33.6347,21.3963,9.8112
93.178,-2.505000930227607e-10,0.9903587397501465,6.14670399182535e-48,4,169.165,0.155608,-0.00213749,12999.3,0.0,7.1496,15.4656,24.1252,40.8607,70.4750,110.7280,159.3050,200.0000,200.0000,200.0000,200.0000,200.0000,200.0000,167.1420,102.5320,57.9023,33.6879,21.4301,9.8267
93.285,-8.208387048169821e-11,0.995248587778828,1.0330765399060869e-48,4,172.665,0.157469,-0.00213749,13245.0,0.0,7.1339,15.4315,24.0721,40.7708,70.3196,110.4850,158.9560,200.0000,200.0000,200.0000,200.0000,200.0000,200.0000,167.4090,102.6970,57.9954,33.7421,21.4647,9.8425
93.392,-2.6897242679442875e-11,0.9990268599777413,1.7362917406201606e-49,4,176.116,0.159368,-0.00213701,13535.7,0.0,7.1178,15.3967,24.0178,40.6789,70.1616,110.2360,158.5980,200.0000,200.0000,200.0000,200.0000,200.0000,200.0000,167.6840,102.8650,58.0905,33.7974,21.4999,9.8587
93.510,-8.813688481199842e-12,1.0,2.9181855284603042e-50,4,179.585,0.161305,-0.00213701,13779.7,0.0,7.1014,15.3613,23.9626,40.5853,70.0000,109.9830,158.2330,200.0000,200.0000,200.0000,200.0000,200.0000,200.0000,167.9620,103.0370,58.1873,33.8538,21.5358,9.8751
93.613,-2.8880694415195645e-12,1.0,4.904594417683234e-51,4,183.03,0.163278,-0.00213701,14015.4,0.0,7.0847,15.3252,23.9062,40.4898,69.8357,109.7240,157.8630,200.0000,200.0000,200.0000,200.0000,200.0000,200.0000,168.2480,103.2120,58.2862,33.9113,21.5724,9.8919
93.729,-9.463625945971308e-13,1.0,8.243151837800211e-52,4,186.408,0.165288,-0.00213653,14292.9,0.0,7.0677,15.2883,23.8488,40.3927,69.6680,109.4620,157.4840,200.0000,200.0000,200.0000,200.0000,200.0000,200.0000,168.5360,103.3900,58.3867,33.9698,21.6096,9.9090
93.831,-3.1010409499758784e-13,1.0,1.3854265293790816e-52,4,189.776,0.167335,-0.00213653,14538.8,0.0,7.0503,15.2508,23.7903,40.2936,69.4971,109.1930,157.0970,200.0000,200.0000,200.0000,200.0000,200.0000,199.1210,168.8320,103.5710,58.4893,34.0295,21.6476,9.9264
93.943,-1.0161490984880959e-13,1.0,2.328486367927423e-53,4,193.121,0.169419,-0.00213653,14771.2,0.0,7.0327,15.2127,23.7308,40.1928,69.3232,108.9200,156.7060,200.0000,200.0000,200.0000,200.0000,200.0000,194.2910,169.1340,103.7560,58.5936,34.0903,21.6862,9.9441
94.051,-3.329717365925793e-14,1.0,3.9134870385756195e-54,4,196.428,0.171538,-0.00213653,15007.4,0.0,7.0148,15.1739,23.6702,40.0903,69.1468,108.6420,156.3070,200.0000,200.0000,200.0000,200.0000,200.0000,189.3380,168.6420,103.9440,58.6998,34.1520,21.7255,9.9621
94.159,-1.0910817864665638e-14,1.0,6.577397665734044e-55,5,196.69,0.173667,-0.00211078,13469.5,0.0,6.9969,15.1360,23.6123,39.9955,68.9938,108.4240,156.0310,200.0000,200.0000,200.0000,200.0000,195.1040,184.2860,166.1730,104.0930,58.7939,34.2099,21.7633,9.9800
94.275,-3.575256797893637e-15,1.0,1.1054632256799208e-55,5,199.375,0.175797,-0.00211078,13635.2,0.0,6.9789,15.0970,23.5514,39.8924,68.8155,108.1450,200.0000,200.0000,200.0000,200.0000,197.0430,189.5160,179.1820,162.9600,104.2820,58.9006,34.2720,21.8028,9.9981
94.380,-1.171540147533787e-15,1.0,1.857952043400243e-56,5,202.021,0.17796,-0.00211174,13810.0,0.0,6.9605,15.0573,23.4894,39.7873,68.6339,107.8570,200.0000,200.0000,200.0000,199.0780,191.1550,183.8520,173.9810,159.2690,104.4760,59.0097,34.3353,21.8430,10.0165
94.496,-3.838902755438713e-16,1.0,3.122659999342789e-57,5,204.641,0.180149,-0.00211174,13976.3,0.0,6.9420,15.0172,23.4269,39.6813,68.4512,107.5700,200.0000,200.0000,200.0000,192.8640,185.1890,178.1140,168.6830,155.2350,104.6710,59.1193,34.3991,21.8836,10.0351
94.608,-1.2579316549021576e-16,1.0,5.248254660895427e-58,5,207.224,0.182365,-0.00211174,14147.6,0.0,6.9233,14.9766,23.3636,39.5741,68.2662,107.2800,200.0000,200.0000,194.6540,186.5710,179.1460,172.3020,163.2900,150.9370,104.8670,59.2303,34.4637,21.9247,10.0540
94.715,-4.12199044678339e-17,1.0,8.820741608566947e-59,5,209.77,0.184605,-0.00211174,14325.2,0.0,6.9043,14.9356,23.2995,39.4656,68.0791,106.9860,200.0000,196.5360,188.0070,180.2000,173.0280,166.4180,157.8040,146.4190,105.0650,59.3426,34.5290,21.9662,10.0730
94.824,-1.3506938296019814e-17,1.0,1.482502042151847e-59,5,212.293,0.186874,-0.00211174,14492.9,0.0,6.8851,14.8941,23.2347,39.3558,67.8897,106.6880,200.0000,189.5030,181.2790,173.7510,166.8360,160.4620,152.2270,141.7120,105.2670,59.4562,34.5951,22.0083,10.0923
94.937,-4.4259535408397726e-18,1.0,2.4916411822446097e-60,5,214.789,0.189175,-0.00211221,14656.7,0.0,6.8656,14.8519,23.1690,39.2445,67.6976,106.3860,194.7810,182.3850,174.4700,167.2260,160.5700,154.4350,146.5620,136.8370,105.4710,59.5715,34.6622,22.0510,10.1119
95.047,-1.4502964562623766e-18,1.0,4.187701334998517e-61,5,217.255,0.1915,-0.00211221,14818.0,0.0,6.8459,14.8093,23.1025,39.1319,67.5030,106.0810,187.0930,175.1860,167.5830,160.6240,154.2320,148.3390,140.8100,131.8100,105.6770,59.6880,34.7299,22.0941,10.1316
95.153,-4.7523314278805555e-19,1.0,7.0382696337320085e-62,5,219.69,0.193849,-0.00211221,14978.6,0.0,6.8260,14.7663,23.0353,39.0180,67.3068,194.4570,179.3160,167.9040,160.6170,153.9480,147.8210,142.1740,134.9710,126.6430,105.4030,59.8059,34.7985,22.1377,10.1516
95.267,-1.5572439622879003e-19,1.0,1.1829219773413388e-62,6,219.531,0.196222,-0.00209171,13692.6,0.0,6.8061,14.7237,22.9697,38.9096,67.1279,185.9490,171.4730,160.5610,153.5930,147.2160,141.3580,135.9580,129.0720,121.3600,103.2500,59.9146,34.8642,22.1803,10.1716
95.369,-5.102777015624992e-20,1.0,1.988136967317588e-63,6,221.52,0.198587,-0.00208742,13806.0,0.0,6.7861,14.6805,22.9026,38.7966,66.9347,177.4330,163.6200,153.2080,146.5600,140.4750,134.8850,129.7320,123.1620,116.0070,100.1750,60.0307,34.9324,22.2239,10.1916
95.487,-1.6720779724799972e-20,1.0,3.341461800970671e-64,6,223.47,0.20096,-0.00208885,13931.1,0.0,6.7660,14.6370,22.8346,38.6811,66.7348,168.8470,155.7020,145.7950,139.4680,133.6770,128.3580,123.4550,117.2020,110.5510,96.5407,60.1505,35.0019,22.2680,10.2118
95.595,-5.479065100222455e-21,1.0,5.615994848891408e-65,6,225.402,0.203348,-0.00208933,14047.0,0.0,6.7457,14.5932,22.7664,38.5655,66.5350,160.1850,147.7140,138.3140,132.3120,126.8190,121.7720,117.1210,111.1890,104.9950,92.5121,60.2700,35.0715,22.3123,10.2321
95.702,-1.7953800520408936e-21,1.0,9.43880254253179e-66,6,227.308,0.205755,-0.00208933,14163.3,0.0,6.7253,14.5491,22.6976,38.4488,66.3339,151.4480,139.6580,130.7710,125.0960,119.9020,115.1310,110.7330,105.1240,99.3444,88.1821,60.3909,35.1417,22.3570,10.2526
95.814,-5.8831013545276005e-22,1.0,1.5863795433233183e-66,6,229.19,0.208188,-0.0020898,14277.7,0.0,6.7047,14.5046,22.6280,38.3311,69.2821,142.6380,131.5340,123.1640,117.8190,112.9280,108.4340,104.2910,99.0092,93.6028,83.6073,60.5127,35.2126,22.4021,10.2733
95.924,-1.9277746518516042e-22,1.0,2.6662280984635012e-67,6,231.048,0.21063,-0.0020898,14391.2,0.0,6.6841,14.4598,22.5582,38.2127,159.0070,133.7560,123.3430,115.4940,110.4830,105.8950,101.6820,97.7972,92.8438,87.7788,78.8260,59.8405,35.2839,22.4474,10.2941
96.032,-6.316931979187338e-23,1.0,4.481129565087607e-68,6,232.883,0.213107,-0.00209028,14503.4,0.0,6.6631,14.4144,22.4874,38.0928,148.3640,124.8030,115.0870,107.7640,103.0880,98.8074,94.8752,91.2510,86.6292,81.9033,73.8660,57.8208,35.3561,22.4933,10.3151
96.146,-2.0699322709401067e-23,1.0,7.531434460042742e-69,6,234.695,0.215592,-0.00209028,14614.3,0.0,6.6421,14.3689,22.4164,37.9725,137.6370,115.7800,106.7660,99.9720,95.6337,91.6631,88.0157,84.6533,80.3656,75.9811,68.7462,55.0207,35.4286,22.5394,10.3363
96.250,-6.782754065416543e-24,1.0,1.265808189699384e-69,6,236.484,0.218104,-0.00209028,14724.0,0.0,6.6208,14.3229,22.3446,38.8694,126.8270,106.6870,98.3811,92.1204,88.1232,84.4641,81.1030,78.0049,74.0539,70.0140,63.4828,51.6884,35.4278,22.5860,10.3576
96.359,-2.222572852155693e-24,1.0,2.1274438244277552e-70,6,238.251,0.22063,-0.00209076,14832.5,0.0,6.5994,14.2766,22.2724,186.8410,115.9360,97.5246,89.9324,84.2095,80.5553,77.2108,74.1383,71.3062,67.6945,64.0014,58.0879,47.9566,34.4702,22.6329,10.3791
96.472,-7.282926721943775e-25,1.0,3.5755948357157283e-71,6,239.995,0.223177,-0.00209076,14940.1,0.0,6.5778,14.2299,22.4656,169.1590,104.9640,88.2953,81.4213,76.2402,72.9317,69.9036,67.1217,64.5579,61.2880,57.9444,52.5927,43.9064,32.6449,22.5650,10.4008
96.584,-2.3864694282465365e-25,1.0,6.009502240387424e-72,6,241.718,0.225743,-0.00209123,15046.4,0.0,6.5561,14.2724,25.4489,151.3480,93.9126,78.9986,72.8489,68.2130,65.2529,62.5437,60.0547,57.7607,54.8350,51.8434,47.0553,39.5915,30.2056,21.7518,10.4226
96.692,-7.819983022478251e-26,1.0,1.0100170415419146e-72,6,243.409,0.228324,-0.00209123,15164.6,0.0,6.5448,15.5104,200.0000,133.4120,82.7823,69.6362,64.2148,60.1284,57.5192,55.1311,52.9371,50.9150,48.3360,45.6991,41.4784,35.0502,27.2963,20.2755,10.3657
97.002,-4.0038313075088646e-26,1.0,3.464358452488767e-73,6,244.111,0.229358,-0.00209123,15195.7,0.0,6.6232,16.6249,200.0000,126.2010,78.3083,65.8725,60.7441,56.8789,54.4106,52.1515,50.0761,48.1633,45.7237,43.2293,39.2367,33.1767,26.0224,19.5328,10.2297
97.102,-2.6212207595200087e-42,6.54678121579229e-17,4.688085287237459e-99,6,244.111,0.229358,-0.00209123,15195.7,0.0,6.6232,16.6249,200.0000,126.2010,78.3083,65.8725,60.7441,56.8789,54.4106,52.1515,50.0761,48.1633,45.7237,43.2293,39.2367,33.1767,26.0224,19.5328,10.2297
97.203,-2.6554678591558412e-61,6.632317036373965e-36,2.0427317855463755e-129,6,244.111,0.229358,-0.00209123,15195.7,0.0,6.6232,16.6249,200.0000,126.2010,78.3083,65.8725,60.7441,56.8789,54.4106,52.1515,50.0761,48.1633,45.7237,43.2293,39.2367,33.1767,26.0224,19.5328,10.2297
97.303,-8.815124179384188e-81,2.2016722240150743e-55,1.4959510729039875e-160,6,244.111,0.229358,-0.00209123,15195.7,0.0,6.6232,16.6249,200.0000,126.2010,78.3083,65.8725,60.7441,56.8789,54.4106,52.1515,50.0761,48.1633,45.7237,43.2293,39.2367,33.1767,26.0224,19.5328,10.2297
97.403,-1.4982551561819743e-100,3.7420536508921427e-75,3.757660611767195e-192,6,244.111,0.229358,-0.00209123,15195.7,0.0,6.6232,16.6249,200.0000,126.2010,78.3083,65.8725,60.7441,56.8789,54.4106,52.1515,50.0761,48.1633,45.7237,43.2293,39.2367,33.1767,26.0224,19.5328,10.2297
97.503,-2.964512394301091e-119,7.404189054472399e-94,4.773525811518024e-222,6,244.111,0.229358,-0.00209123,15195.7,0.0,6.6232,16.6249,200.0000,126.2010,78.3083,65.8725,60.7441,56.8789,54.4106,52.1515,50.0761,48.1633,45.7237,43.2293,39.2367,33.1767,26.0224,19.5328,10.2297
97.604,-2.5797675627143337e-139,6.4432473912579635e-114,4.112761810469228e-254,6,244.111,0.229358,-0.00209123,15195.7,0.0,6.6232,16.6249,200.0000,126.2010,78.3083,65.8725,60.7441,56.8789,54.4106,52.1515,50.0761,48.1633,45.7237,43.2293,39.2367,33.1767,26.0224,19.5328,10.2297
97.704,-1.947189169291469e-157,4.863314709687395e-132,4.440859578509415e-283,6,244.111,0.229358,-0.00209123,15195.7,0.0,6.6232,16.6249,200.0000,126.2010,78.3083,65.8725,60.7441,56.8789,54.4106,52.1515,50.0761,48.1633,45.7237,43.2293,39.2367,33.1767,26.0224,19.5328,10.2297
97.805,-1.1757790014280754e-175,2.936634715910738e-150,3.35659206475e-312,6,244.111,0.229358,-0.00209123,15195.7,0.0,6.6232,16.6249,200.0000,126.2010,78.3083,65.8725,60.7441,56.8789,54.4106,52.1515,50.0761,48.1633,45.7237,43.2293,39.2367,33.1767,26.0224,19.5328,10.2297
97.905,-6.098641589986431e-195,1.523201434223502e-169,5e-324,6,244.111,0.229358,-0.00209123,15195.7,0.0,6.6232,16.6249,200.0000,126.2010,78.3083,65.8725,60.7441,56.8789,54.4106,52.1515,50.0761,48.1633,45.7237,43.2293,39.2367,33.1767,26.0224,19.5328,10.2297
98.005,-8.990642266821354e-213,2.2455097571069444e-187,5e-324,6,244.111,0.229358,-0.00209123,15195.7,0.0,6.6232,16.6249,200.0000,126.2010,78.3083,65.8725,60.7441,56.8789,54.4106,52.1515,50.0761,48.1633,45.7237,43.2293,39.2367,33.1767,26.0224,19.5328,10.2297
98.106,-3.5083155578574055e-228,8.762396036211268e-203,5e-324,6,244.111,0.229358,-0.00209123,15195.7,0.0,6.6232,16.6249,200.0000,126.2010,78.3083,65.8725,60.7441,56.8789,54.4106,52.1515,50.0761,48.1633,45.7237,43.2293,39.2367,33.1767,26.0224,19.5328,10.2297
98.206,-1.7112623448113118e-243,4.2740620505214275e-218,5e-324,6,244.111,0.229358,-0.00209123,15195.7,0.0,6.6232,16.6249,200.0000,126.2010,78.3083,65.8725,60.7441,56.8789,54.4106,52.1515,50.0761,48.1633,45.7237,43.2293,39.2367,33.1767,26.0224,19.5328,10.2297
98.307,-5.736069209243314e-260,1.4326450763511977e-234,5e-324,6,244.111,0.229358,-0.00209123,15195.7,0.0,6.6232,16.6249,200.0000,126.2010,78.3083,65.8725,60.7441,56.8789,54.4106,52.1515,50.0761,48.1633,45.7237,43.2293,39.2367,33.1767,26.0224,19.5328,10.2297
98.407,-1.7906565738467523e-275,4.47235769021669e-250,5e-324,6,244.111,0.229358,-0.00209123,15195.7,0.0,6.6232,16.6249,200.0000,126.2010,78.3083,65.8725,60.7441,56.8789,54.4106,52.1515,50.0761,48.1633,45.7237,43.2293,39.2367,33.1767,26.0224,19.5328,10.2297
98.507,-7.055546141832419e-288,1.7621986542241054e-262,5e-324,6,244.111,0.229358,-0.00209123,15195.7,0.0,6.6232,16.6249,200.0000,126.2010,78.3083,65.8725,60.7441,56.8789,54.4106,52.1515,50.0761,48.1633,45.7237,43.2293,39.2367,33.1767,26.0224,19.5328,10.2297
98.607,-4.006440747608022e-302,1.0006517357747536e-276,5e-324,6,244.111,0.229358,-0.00209123,15195.7,0.0,6.6232,16.6249,200.0000,126.2010,78.3083,65.8725,60.7441,56.8789,54.4106,52.1515,50.0761,48.1633,45.7237,43.2293,39.2367,33.1767,26.0224,19.5328,10.2297
98.708,-4.40054e-319,1.0990834710963461e-293,5e-324,6,244.111,0.229358,-0.00209123,15195.7,0.0,6.6232,16.6249,200.0000,126.2010,78.3083,65.8725,60.7441,56.8789,54.4106,52.1515,50.0761,48.1633,45.7237,43.2293,39.2367,33.1767,26.0224,19.5328,10.2297
98.808,-1e-323,6.241065843953562e-308,5e-324,6,244.111,0.229358,-0.00209123,15195.7,0.0,6.6232,16.6249,200.0000,126.2010,78.3083,65.8725,60.7441,56.8789,54.4106,52.1515,50.0761,48.1633,45.7237,43.2293,39.2367,33.1767,26.0224,19.5328,10.2297
98.908,-1e-323,7.4e-323,5e-324,6,244.111,0.229358,-0.00209123,15195.7,0.0,6.6232,16.6249,200.0000,126.2010,78.3083,65.8725,60.7441,56.8789,54.4106,52.1515,50.0761,48.1633,45.7237,43.2293,39.2367,33.1767,26.0224,19.5328,10.2297
99.008,-1e-323,1e-323,5e-324,6,244.111,0.229358,-0.00209123,15195.7,0.0,6.6232,16.6249,200.0000,126.2010,78.3083,65.8725,60.7441,56.8789,54.4106,52.1515,50.0761,48.1633,45.7237,43.2293,39.2367,33.1767,26.0224,19.5328,10.2297
99.108,-1e-323,1e-323,5e-324,6,244.111,0.229358,-0.00209123,15195.7,0.0,6.6232,16.6249,200.0000,126.2010,78.3083,65.8725,60.7441,56.8789,54.4106,52.1515,50.0761,48.1633,45.7237,43.2293,39.2367,33.1767,26.0224,19.5328,10.2297
99.208,-1e-323,1e-323,5e-324,6,244.111,0.229358,-0.00209123,15195.7,0.0,6.6232,16.6249,200.0000,126.2010,78.3083,65.8725,60.7441,56.8789,54.4106,52.1515,50.0761,48.1633,45.7237,43.2293,39.2367,33.1767,26.0224,19.5328,10.2297
99.308,-1e-323,1e-323,5e-324,6,244.111,0.229358,-0.00209123,15195.7,0.0,6.6232,16.6249,200.0000,126.2010,78.3083,65.8725,60.7441,56.8789,54.4106,52.1515,50.0761,48.1633,45.7237,43.2293,39.2367,33.1767,26.0224,19.5328,10.2297
99.409,-1e-323,1e-323,5e-324,6,244.111,0.229358,-0.00209123,15195.7,0.0,6.6232,16.6249,200.0000,126.2010,78.3083,65.8725,60.7441,56.8789,54.4106,52.1515,50.0761,48.1633,45.7237,43.2293,39.2367,33.1767,26.0224,19.5328,10.2297
99.509,-1e-323,1e-323,5e-324,6,244.111,0.229358,-0.00209123,15195.7,0.0,6.6232,16.6249,200.0000,126.2010,78.3083,65.8725,60.7441,56.8789,54.4106,52.1515,50.0761,48.1633,45.7237,43.2293,39.2367,33.1767,26.0224,19.5328,10.2297
99.610,-1e-323,1e-323,5e-324,6,244.111,0.229358,-0.00209123,15195.7,0.0,6.6232,16.6249,200.0000,126.2010,78.3083,65.8725,60.7441,56.8789,54.4106,52.1515,50.0761,48.1633,45.7237,43.2293,39.2367,33.1767,26.0224,19.5328,10.2297
99.710,-1e-323,1e-323,5e-324,6,244.111,0.229358,-0.00209123,15195.7,0.0,6.6232,16.6249,200.0000,126.2010,78.3083,65.8725,60.7441,56.8789,54.4106,52.1515,50.0761,48.1633,45.7237,43.2293,39.2367,33.1767,26.0224,19.5328,10.2297
99.811,-1e-323,1e-323,5e-324,6,244.111,0.229358,-0.00209123,15195.7,0.0,6.6232,16.6249,200.0000,126.2010,78.3083,65.8725,60.7441,56.8789,54.4106,52.1515,50.0761,48.1633,45.7237,43.2293,39.2367,33.1767,26.0224,19.5328,10.2297
99.912,-1e-323,1e-323,5e-324,6,244.111,0.229358,-0.00209123,15195.7,0.0,6.6232,16.6249,200.0000,126.2010,78.3083,65.8725,60.7441,56.8789,54.4106,52.1515,50.0761,48.1633,45.7237,43.2293,39.2367,33.1767,26.0224,19.5328,10.2297
100.012,-1e-323,1e-323,5e-324,6,244.111,0.229358,-0.00209123,15195.7,0.0,6.6232,16.6249,200.0000,126.2010,78.3083,65.8725,60.7441,56.8789,54.4106,52.1515,50.0761,48.1633,45.7237,43.2293,39.2367,33.1767,26.0224,19.5328,10.2297
100.112,-1e-323,1e-323,5e-324,6,244.111,0.229358,-0.00209123,15195.7,0.0,6.6232,16.6249,200.0000,126.2010,78.3083,65.8725,60.7441,56.8789,54.4106,52.1515,50.0761,48.1633,45.7237,43.2293,39.2367,33.1767,26.0224,19.5328,10.2297
100.213,-1e-323,1e-323,5e-324,6,244.111,0.229358,-0.00209123,15195.7,0.0,6.6232,16.6249,200.0000,126.2010,78.3083,65.8725,60.7441,56.8789,54.4106,52.1515,50.0761,48.1633,45.7237,43.2293,39.2367,33.1767,26.0224,19.5328,10.2297
100.313,-1e-323,1e-323,5e-324,6,244.111,0.229358,-0.00209123,15195.7,0.0,6.6232,16.6249,200.0000,126.2010,78.3083,65.8725,60.7441,56.8789,54.4106,52.1515,50.0761,48.1633,45.7237,43.2293,39.2367,33.1767,26.0224,19.5328,10.2297
100.413,-1e-323,1e-323,5e-324,6,244.111,0.229358,-0.00209123,15195.7,0.0,6.6232,16.6249,200.0000,126.2010,78.3083,65.8725,60.7441,56.8789,54.4106,52.1515,50.0761,48.1633,45.7237,43.2293,39.2367,33.1767,26.0224,19.5328,10.2297
100.514,-1e-323,1e-323,5e-324,6,244.111,0.229358,-0.00209123,15195.7,0.0,6.6232,16.6249,200.0000,126.2010,78.3083,65.8725,60.7441,56.8789,54.4106,52.1515,50.0761,48.1633,45.7237,43.2293,39.2367,33.1767,26.0224,19.5328,10.2297
100.615,-1e-323,1e-323,5e-324,6,244.111,0.229358,-0.00209123,15195.7,0.0,6.6232,16.6249,200.0000,126.2010,78.3083,65.8725,60.7441,56.8789,54.4106,52.1515,50.0761,48.1633,45.7237,43.2293,39.2367,33.1767,26.0224,19.5328,10.2297
100.715,-1e-323,1e-323,5e-324,6,244.111,0.229358,-0.00209123,15195.7,0.0,6.6232,16.6249,200.0000,126.2010,78.3083,65.8725,60.7441,56.8789,54.4106,52.1515,50.0761,48.1633,45.7237,43.2293,39.2367,33.1767,26.0224,19.5328,10.2297
100.815,-1e-323,1e-323,5e-324,6,244.111,0.229358,-0.00209123,15195.7,0.0,6.6232,16.6249,200.0000,126.2010,78.3083,65.8725,60.7441,56.8789,54.4106,52.1515,50.0761,48.1633,45.7237,43.2293,39.2367,33.1767,26.0224,19.5328,10.2297
100.915,-1e-323,1e-323,5e-324,6,244.111,0.229358,-0.00209123,15195.7,0.0,6.6232,16.6249,200.0000,126.2010,78.3083,65.8725,60.7441,56.8789,54.4106,52.1515,50.0761,48.1633,45.7237,43.2293,39.2367,33.1767,26.0224,19.5328,10.2297
101.015,-1e-323,1e-323,5e-324,6,244.111,0.229358,-0.00209123,15195.7,0.0,6.6232,16.6249,200.0000,126.2010,78.3083,65.8725,60.7441,56.8789,54.4106,52.1515,50.0761,48.1633,45.7237,43.2293,39.2367,33.1767,26.0224,19.5328,10.2297
101.115,-1e-323,1e-323,5e-324,6,244.111,0.229358,-0.00209123,15195.7,0.0,6.6232,16.6249,200.0000,126.2010,78.3083,65.8725,60.7441,56.8789,54.4106,52.1515,50.0761,48.1633,45.7237,43.2293,39.2367,33.1767,26.0224,19.5328,10.2297
101.216,-1e-323,1e-323,5e-324,6,244.111,0.229358,-0.00209123,15195.7,0.0,6.6232,16.6249,200.0000,126.2010,78.3083,65.8725,60.7441,56.8789,54.4106,52.1515,50.0761,48.1633,45.7237,43.2293,39.2367,33.1767,26.0224,19.5328,10.2297
101.316,-1e-323,1e-323,5e-324,6,244.111,0.229358,-0.00209123,15195.7,0.0,6.6232,16.6249,200.0000,126.2010,78.3083,65.8725,60.7441,56.8789,54.4106,52.1515,50.0761,48.1633,45.7237,43.2293,39.2367,33.1767,26.0224,19.5328,10.2297
101.417,-1e-323,1e-323,5e-324,6,244.111,0.229358,-0.00209123,15195.7,0.0,6.6232,16.6249,200.0000,126.2010,78.3083,65.8725,60.7441,56.8789,54.4106,52.1515,50.0761,48.1633,45.7237,43.2293,39.2367,33.1767,26.0224,19.5328,10.2297
101.517,-1e-323,1e-323,5e-324,6,244.111,0.229358,-0.00209123,15195.7,0.0,6.6232,16.6249,200.0000,126.2010,78.3083,65.8725,60.7441,56.8789,54.4106,52.1515,50.0761,48.1633,45.7237,43.2293,39.2367,33.1767,26.0224,19.5328,10.2297
101.617,-1e-323,1e-323,5e-324,6,244.111,0.229358,-0.00209123,15195.7,0.0,6.6232,16.6249,200.0000,126.2010,78.3083,65.8725,60.7441,56.8789,54.4106,52.1515,50.0761,48.1633,45.7237,43.2293,39.2367,33.1767,26.0224,19.5328,10.2297
101.717,-1e-323,1e-323,5e-324,6,244.111,0.229358,-0.00209123,15195.7,0.0,6.6232,16.6249,200.0000,126.2010,78.3083,65.8725,60.7441,56.8789,54.4106,52.1515,50.0761,48.1633,45.7237,43.2293,39.2367,33.1767,26.0224,19.5328,10.2297
101.818,-1e-323,1e-323,5e-324,6,244.111,0.229358,-0.00209123,15195.7,0.0,6.6232,16.6249,200.0000,126.2010,78.3083,65.8725,60.7441,56.8789,54.4106,52.1515,50.0761,48.1633,45.7237,43.2293,39.2367,33.1767,26.0224,19.5328,10.2297
101.918,-1e-323,1e-323,5e-324,6,244.111,0.229358,-0.00209123,15195.7,0.0,6.6232,16.6249,200.0000,126.2010,78.3083,65.8725,60.7441,56.8789,54.4106,52.1515,50.0761,48.1633,45.7237,43.2293,39.2367,33.1767,26.0224,19.5328,10.2297
102.019,-1e-323,1e-323,5e-324,6,244.111,0.229358,-0.00209123,15195.7,0.0,6.6232,16.6249,200.0000,126.2010,78.3083,65.8725,60.7441,56.8789,54.4106,52.1515,50.0761,48.1633,45.7237,43.2293,39.2367,33.1767,26.0224,19.5328,10.2297
102.119,-1e-323,1e-323,5e-324,6,244.111,0.229358,-0.00209123,15195.7,0.0,6.6232,16.6249,200.0000,126.2010,78.3083,65.8725,60.7441,56.8789,54.4106,52.1515,50.0761,48.1633,45.7237,43.2293,39.2367,33.1767,26.0224,19.5328,10.2297
102.219,-1e-323,1e-323,5e-324,6,244.111,0.229358,-0.00209123,15195.7,0.0,6.6232,16.6249,200.0000,126.2010,78.3083,65.8725,60.7441,56.8789,54.4106,52.1515,50.0761,48.1633,45.7237,43.2293,39.2367,33.1767,26.0224,19.5328,10.2297
102.319,-1e-323,1e-323,5e-324,6,244.111,0.229358,-0.00209123,15195.7,0.0,6.6232,16.6249,200.0000,126.2010,78.3083,65.8725,60.7441,56.8789,54.4106,52.1515,50.0761,48.1633,45.7237,43.2293,39.2367,33.1767,26.0224,19.5328,10.2297
102.419,-1e-323,1e-323,5e-324,6,244.111,0.229358,-0.00209123,15195.7,0.0,6.6232,16.6249,200.0000,126.2010,78.3083,65.8725,60.7441,56.8789,54.4106,52.1515,50.0761,48.1633,45.7237,43.2293,39.2367,33.1767,26.0224,19.5328,10.2297
102.519,-1e-323,1e-323,5e-324,6,244.111,0.229358,-0.00209123,15195.7,0.0,6.6232,16.6249,200.0000,126.2010,78.3083,65.8725,60.7441,56.8789,54.4106,52.1515,50.0761,48.1633,45.7237,43.2293,39.2367,33.1767,26.0224,19.5328,10.2297
102.619,-1e-323,1e-323,5e-324,6,244.111,0.229358,-0.00209123,15195.7,0.0,6.6232,16.6249,200.0000,126.2010,78.3083,65.8725,60.7441,56.8789,54.4106,52.1515,50.0761,48.1633,45.7237,43.2293,39.2367,33.1767,26.0224,19.5328,10.2297
102.720,-1e-323,1e-323,5e-324,6,244.111,0.229358,-0.00209123,15195.7,0.0,6.6232,16.6249,200.0000,126.2010,78.3083,65.8725,60.7441,56.8789,54.4106,52.1515,50.0761,48.1633,45.7237,43.2293,39.2367,33.1767,26.0224,19.5328,10.2297
102.820,-1e-323,1e-323,5e-324,6,244.111,0.229358,-0.00209123,15195.7,0.0,6.6232,16.6249,200.0000,126.2010,78.3083,65.8725,60.7441,56.8789,54.4106,52.1515,50.0761,48.1633,45.7237,43.2293,39.2367,33.1767,26.0224,19.5328,10.2297
102.921,-1e-323,1e-323,5e-324,6,244.111,0.229358,-0.00209123,15195.7,0.0,6.6232,16.6249,200.0000,126.2010,78.3083,65.8725,60.7441,56.8789,54.4106,52.1515,50.0761,48.1633,45.7237,43.2293,39.2367,33.1767,26.0224,19.5328,10.2297
