time,steer,accel,brake,gear,speedX,trackPos,angle,rpm,damage,track_0,track_1,track_2,track_3,track_4,track_5,track_6,track_7,track_8,track_9,track_10,track_11,track_12,track_13,track_14,track_15,track_16,track_17,track_18
0.118,0.0,0.0,0.0,1,-0.00913045,0.333439,0.00822276,5235.99,0.0,5.7030,12.6267,22.4550,140.4860,90.9268,77.3570,71.6721,67.3518,64.5773,62.0267,59.6744,57.4982,54.7119,51.8501,47.2417,40.0655,31.0431,22.7658,11.2227
0.239,0.0,0.0,0.0,1,-0.00913045,0.333439,0.00822276,5235.99,0.0,5.7030,12.6267,22.4550,140.4860,90.9268,77.3570,71.6721,67.3518,64.5773,62.0267,59.6744,57.4982,54.7119,51.8501,47.2417,40.0655,31.0431,22.7658,11.2227
0.359,0.0,0.0,0.0,1,-0.00913045,0.333439,0.00822276,5235.99,0.0,5.7030,12.6267,22.4550,140.4860,90.9268,77.3570,71.6721,67.3518,64.5773,62.0267,59.6744,57.4982,54.7119,51.8501,47.2417,40.0655,31.0431,22.7658,11.2227
0.478,0.0,0.0,0.0,1,-0.00913045,0.333439,0.00822276,5235.99,0.0,5.7030,12.6267,22.4550,140.4860,90.9268,77.3570,71.6721,67.3518,64.5773,62.0267,59.6744,57.4982,54.7119,51.8501,47.2417,40.0655,31.0431,22.7658,11.2227
0.599,0.0,0.0,0.0,1,-0.00913045,0.333439,0.00822276,5235.99,0.0,5.7030,12.6267,22.4550,140.4860,90.9268,77.3570,71.6721,67.3518,64.5773,62.0267,59.6744,57.4982,54.7119,51.8501,47.2417,40.0655,31.0431,22.7658,11.2227
0.717,0.0,0.09637499999999999,0.0,1,-0.00913045,0.333439,0.00822276,5254.85,0.0,5.7030,12.6267,22.4550,140.4860,90.9268,77.3570,71.6721,67.3518,64.5773,62.0267,59.6744,57.4982,54.7119,51.8501,47.2417,40.0655,31.0431,22.7658,11.2227
0.819,0.0,0.448801087734375,0.0,1,-0.00913045,0.333439,0.00822276,5489.1,0.0,5.7030,12.6267,22.4550,140.4860,90.9268,77.3570,71.6721,67.3518,64.5773,62.0267,59.6744,57.4982,54.7119,51.8501,47.2417,40.0655,31.0431,22.7658,11.2227
0.938,0.0,0.83979802484304,0.0,1,-0.00913045,0.333439,0.00822276,6193.95,0.0,5.7030,12.6267,22.4550,140.4860,90.9268,77.3570,71.6721,67.3518,64.5773,62.0267,59.6744,57.4982,54.7119,51.8501,47.2417,40.0655,31.0431,22.7658,11.2227
1.057,0.0,0.9459128527180674,0.0,1,0.211085,0.333429,0.00854462,5235.99,0.0,5.7050,12.6397,22.5173,140.0100,90.7273,77.2129,71.5484,67.2426,64.4770,61.9343,59.5889,57.4190,54.6403,51.7857,47.1885,40.0250,31.0143,22.7485,11.2191
1.178,0.0,0.9848269444879251,0.0,1,5.20196,0.333283,0.00849503,5235.99,0.0,5.7060,12.6445,22.5753,139.8860,90.6298,77.1260,71.4663,67.1644,64.4012,61.8608,59.5178,57.3500,54.5741,51.7225,47.1301,39.9767,30.9836,22.7334,11.2184
1.280,0.0,0.9965997396541781,0.0,1,9.4968,0.332985,0.0085017,5235.99,0.0,5.7085,12.6610,22.7430,139.4000,90.3179,76.8612,71.2210,66.9343,64.1805,61.6491,59.3139,57.1535,54.3874,51.5455,46.9690,39.8452,30.8987,22.6905,11.2158
1.381,0.0,1.0,0.0,1,13.6855,0.332527,0.00849789,5235.99,0.0,5.7124,12.6879,23.0146,138.6760,89.8474,76.4603,70.8496,66.5851,63.8457,61.3273,59.0047,56.8553,54.1036,51.2764,46.7236,39.6445,30.7687,22.6246,11.2120
1.482,0.0,1.0,0.0,1,18.0292,0.331889,0.00849455,5235.99,0.0,5.7179,12.7302,23.4315,137.6630,89.1891,75.9001,70.3303,66.0969,63.3778,60.8777,58.5721,56.4385,53.7067,50.9004,46.3810,39.3635,30.5861,22.5307,11.2067
1.582,0.0,1.0,0.0,1,22.2987,0.331093,0.00848978,6530.9,0.0,5.7247,12.7906,24.0223,136.4000,88.3704,75.2025,69.6838,65.4891,62.7950,60.3179,58.0334,55.9194,53.2126,50.4321,45.9540,39.0128,30.3569,22.4108,11.2000
1.704,0.0,1.0,0.0,1,27.8706,0.329907,0.00848025,16619.6,0.0,5.7348,12.8972,25.0941,134.5230,87.1508,74.1641,68.7216,64.5844,61.9273,59.4845,57.2312,55.1466,52.4770,49.7348,45.3186,38.4887,30.0114,22.2267,11.1897
1.822,0.0,1.0,0.0,2,33.4493,0.328456,0.00846737,8470.98,0.0,5.7471,13.0568,26.8974,132.2230,85.6565,72.8916,67.5419,63.4758,60.8639,58.4629,56.2482,54.1992,51.5755,48.8803,44.5397,37.8438,29.5818,21.9921,11.1704
1.922,0.0,1.0,0.0,2,38.1684,0.327047,0.00845831,11777.3,0.0,5.7591,13.2449,29.8235,129.9850,84.2034,71.6543,66.3951,62.3976,59.8302,57.4699,55.2928,53.2783,50.6992,48.0497,43.7827,37.2142,29.1582,21.7547,11.1430
2.025,0.0,1.0,0.0,2,43.1365,0.325418,0.00844735,15256.5,0.0,5.7730,13.5071,200.0000,127.3910,82.5199,70.2210,65.0667,61.1490,58.6329,56.3194,54.1857,52.2118,49.6840,47.0874,42.9059,36.4814,28.6600,21.4688,11.1012
2.144,0.0,1.0,0.0,3,48.6355,0.323253,0.00842064,8004.83,0.0,5.7997,13.9375,200.0000,123.9580,80.2885,68.3202,63.3047,59.4926,57.0444,54.7933,52.7173,50.7965,48.3370,45.8103,41.7419,35.5028,27.9863,21.0716,11.0290
2.244,0.0,1.0,0.0,3,53.1165,0.321261,0.00839156,7828.87,0.0,5.8450,14.4296,200.0000,120.7940,78.2311,66.5673,61.6800,57.9650,55.5791,53.3859,51.3627,49.4910,47.0945,44.6329,40.6682,34.5946,27.3531,20.6881,10.9460
2.345,0.0,1.0,0.0,3,57.4856,0.318395,0.00913236,7595.3,0.0,5.9235,15.1006,200.0000,117.3200,75.9756,64.6472,59.9001,56.2923,53.9750,51.8447,49.8801,48.0622,45.7346,43.3437,39.4936,33.5961,26.6457,20.2466,10.8333
2.464,0.0,1.0,0.0,2,60.7051,0.313253,0.0221259,10254.1,0.0,6.0543,16.1740,200.0000,112.8560,73.0850,62.1875,57.6211,54.1504,51.9214,49.8720,47.9820,46.2334,43.9945,41.6945,37.9907,32.3177,25.7265,19.6614,10.6689
2.564,0.0,1.0,0.0,2,65.4121,0.30512,0.0336584,13723.1,0.0,6.2071,17.4046,200.0000,108.8880,70.5166,60.0024,55.5964,52.2479,50.0972,48.1200,46.2964,44.6094,42.4490,40.2299,36.6563,31.1826,24.8942,19.1185,10.4992
2.682,-0.1858166761720303,1.0,0.0,3,71.1882,0.288587,0.0580078,13748.9,0.0,6.5411,20.8884,200.0000,94.4616,63.1767,54.2464,50.4564,47.5567,45.6854,43.9590,42.3616,40.8790,38.9746,37.0108,33.8324,28.9256,23.2629,18.0504,10.1599
2.784,-0.1083697011423509,1.0,0.0,3,75.9491,0.261561,0.133342,9703.08,0.0,7.4997,60.9269,118.2530,56.6389,43.2615,38.7265,36.6855,35.0739,34.0094,33.0104,32.0708,31.1854,30.0288,28.8126,26.7924,23.5078,19.4005,15.5330,9.3951
2.903,-0.028408466936260434,0.9984078359374999,0.0,3,80.95,0.206642,0.236254,10806.5,0.0,9.5506,184.5040,52.8308,34.8030,28.9722,26.7575,25.7163,24.8733,24.3064,23.7664,23.2517,22.7606,22.1051,21.3955,20.1702,18.0741,15.3911,12.7841,8.4169
3.006,-0.009308886445673818,0.9941666429612499,0.0,3,85.08,0.131762,0.345696,11375.5,0.0,13.4114,58.0971,30.9871,23.3938,20.4583,19.2570,18.6679,18.1794,17.8450,17.5221,17.2102,16.9091,16.5042,16.0643,15.2999,13.9754,12.2404,10.5007,7.4694
3.116,0.15902185401684976,0.8384744904092923,0.0,3,88.2743,0.0158742,0.489207,11913.4,0.0,26.6870,26.6934,18.4899,15.2210,13.7533,13.1228,12.8107,12.5503,12.3711,12.1974,12.0290,11.8656,11.6449,11.4037,10.9808,10.2355,9.2333,8.1966,6.3615
3.226,0.4611646466602413,0.28169032101731695,0.0,3,90.513,-0.140315,0.599409,9247.97,0.0,64.4209,16.5186,12.4711,10.6224,9.7695,9.3981,9.2129,9.0579,8.9509,8.8468,8.7457,8.6473,8.5140,8.3679,8.1102,7.6521,7.0276,6.3732,5.2456
3.338,0.5422858775936279,0.09230428439095442,0.0,3,91.8906,-0.336489,0.566847,8403.35,0.0,52.3093,14.4931,10.5109,8.7956,8.0225,7.6894,7.5241,7.3861,7.2910,7.1988,7.1092,7.0223,6.9048,6.7762,6.5502,6.1507,5.6105,5.0489,4.0756
3.446,0.58688260491388,0.030246267909227943,0.0,3,91.5291,-0.541883,0.410731,8334.59,0.0,28.7673,22.1915,11.7648,8.8641,7.7245,7.2580,7.0320,6.8459,6.7191,6.5972,6.4799,6.3668,6.2156,6.0518,5.7689,5.2828,4.6523,4.0253,2.9497
3.556,0.6399669058981802,0.00991109706849581,0.0,3,89.461,-0.714961,0.250433,8131.89,0.0,21.3990,200.0000,22.6827,10.9646,8.3919,7.5174,7.1235,6.8122,6.6066,6.4131,6.2304,6.0575,5.8306,5.5911,5.1913,4.5438,3.7727,3.0735,1.9843
3.669,0.24754838152921566,0.0032476682874047072,0.0,2,86.5391,-0.849538,0.093278,9986.56,0.0,17.8350,51.9044,119.7750,173.9410,20.0754,12.9216,10.8605,9.5316,8.7662,8.1152,7.5548,7.0672,6.4824,5.9233,5.1011,3.9994,2.9453,2.1606,1.1703
3.777,0.08111665365949339,0.0010641959444167744,0.0,2,83.1902,-0.945511,-0.0467955,9329.07,0.0,15.8903,32.1953,47.4052,72.5953,107.1900,140.9250,200.0000,198.6900,194.4450,190.3300,185.8760,180.8390,172.0520,75.8167,10.8506,4.0022,1.9571,1.1500,0.4850
3.888,-0.01956423502944314,0.0003487157270664886,0.0,2,79.5834,-1.00253,-0.183599,8930.75,0.0,-1.0000,-1.0000,-1.0000,-1.0000,-1.0000,-1.0000,-1.0000,-1.0000,-1.0000,-1.0000,-1.0000,-1.0000,-1.0000,-1.0000,-1.0000,-1.0000,-1.0000,-1.0000,-1.0000
4.000,-0.13961362494649482,0.000114267169445147,0.0,2,76.0135,-1.01797,-0.319312,8549.96,0.0,-1.0000,-1.0000,-1.0000,-1.0000,-1.0000,-1.0000,-1.0000,-1.0000,-1.0000,-1.0000,-1.0000,-1.0000,-1.0000,-1.0000,-1.0000,-1.0000,-1.0000,-1.0000,-1.0000
4.108,-0.04574859262246743,3.744306608378577e-05,0.0,2,72.2712,-0.9944,-0.454739,8170.3,0.0,12.6518,16.9069,19.4130,21.9390,23.8933,25.0345,25.6963,26.3090,26.7674,27.2442,27.7403,28.2571,29.0177,29.9442,31.8687,36.6539,49.2754,97.4336,0.1035
4.218,-0.28314862528449497,1.226934389433492e-05,0.0,2,68.4463,-0.933809,-0.589414,7782.21,0.0,11.8293,14.5724,16.1925,17.7675,18.9432,19.6125,19.9949,20.3453,20.6051,20.8732,21.1500,21.4359,21.8522,22.3525,23.3677,25.7598,31.2832,45.5093,2.0394
4.326,-0.5880094335441286,4.020418607295666e-06,0.0,2,65.4354,-0.838198,-0.709643,7442.27,0.0,11.0609,12.7795,13.8724,14.9213,15.6911,16.1238,16.3691,16.5927,16.7577,16.9273,17.1017,17.2810,17.5409,17.8508,18.4725,19.8991,22.9964,29.8821,12.8274
4.442,-0.6786132416713299,1.3174107692386438e-06,0.0,2,63.7071,-0.710229,-0.790309,7223.78,0.0,10.2615,11.3897,12.1965,12.9723,13.5388,13.8558,14.0349,14.1978,14.3179,14.4410,14.5675,14.6973,14.8849,15.1080,15.5533,16.5633,18.6995,23.1749,160.7060
4.548,-0.7019183415938642,4.316891608641188e-07,0.0,2,63.2843,-0.553129,-0.819177,7162.22,0.0,9.3241,10.2058,10.8790,11.5281,12.0020,12.2668,12.4164,12.5524,12.6525,12.7552,12.8606,12.9688,13.1249,13.3106,13.6805,14.5170,16.2730,19.8917,176.5540
4.658,-0.7107623474958064,1.4145590423195446e-07,0.0,2,63.7692,-0.371869,-0.761034,7286.81,0.0,8.2337,9.2710,9.9754,10.6515,11.1458,11.4227,11.5794,11.7220,11.8271,11.9350,12.0458,12.1597,12.3243,12.5203,12.9122,13.8043,15.7071,19.7702,143.0310
4.767,-0.6843673450465821,4.6352270698726846e-08,0.0,2,63.6369,-0.186367,-0.603748,7291.73,0.0,7.2373,8.8445,9.7982,10.7230,11.4115,11.8027,12.0259,12.2303,12.3818,12.5380,12.6991,12.8655,13.1076,13.3981,13.9867,15.3683,18.5288,26.4825,27.0231
4.875,-0.28942664482174685,1.5188712062558815e-08,0.0,2,62.9682,-0.0278247,-0.463623,7213.58,0.0,6.5006,8.6368,9.8927,11.1546,12.1278,12.6949,13.0234,13.3272,13.5543,13.7904,14.0359,14.2914,14.6671,15.1243,16.0719,18.4168,24.5250,46.8515,18.4444
4.989,-0.04020161836219978,4.977037168659272e-09,0.0,2,62.4605,0.10812,-0.417961,7167.34,0.0,5.7340,7.8542,9.1157,10.4060,11.4182,12.0152,12.3634,12.6872,12.9302,13.1838,13.4486,13.7252,14.1341,14.6351,15.6857,18.3581,25.8499,62.0502,18.5085
5.099,-0.3902258198298924,1.6308755394262705e-09,0.0,2,61.8672,0.232202,-0.388958,7100.18,0.0,4.9941,6.9820,8.1779,9.4177,10.4027,10.9888,11.3326,11.6534,11.8951,12.1479,12.4127,12.6903,13.1021,13.6093,14.6828,17.4743,25.8003,80.3780,19.1466
5.206,-0.6102517958855993,5.344052967592002e-10,0.0,2,60.9114,0.331299,-0.291515,6988.16,0.0,4.5567,6.8752,8.3542,9.9809,11.3494,12.1985,12.7092,13.1947,13.5661,13.9601,14.3789,14.8246,15.4993,16.3529,18.2464,23.8065,48.9389,146.9020,16.8502
5.318,-0.28456438667041134,1.7511392764205472e-10,0.0,2,60.3616,0.400479,-0.198847,6927.62,0.0,4.3190,7.1099,9.0599,11.4001,13.5516,14.9811,15.8790,16.7606,17.4545,18.2097,19.0347,19.9397,21.3643,23.2686,27.9549,46.9606,159.9780,63.4774,15.1816
5.426,-0.5866010625615626,5.738133180974849e-11,0.0,2,59.5682,0.443589,-0.114618,6837.71,0.0,4.2618,7.7357,10.4846,14.2314,18.2045,21.1843,23.2179,25.3515,27.1350,29.1908,31.5864,34.4131,39.3479,47.0705,74.5368,159.9520,91.4823,40.2308,13.9343
5.537,-0.2918445266772978,1.8802714807418384e-11,0.0,2,58.9217,0.455506,-0.0101306,6762.9,0.0,4.5741,9.7484,14.9991,24.7651,40.9093,60.7944,82.1037,118.4520,167.8150,164.5830,161.4850,158.4240,153.8360,148.0050,133.7830,78.1073,44.1080,27.6386,12.4774
5.646,-0.09563161450161696,0.38194316016241125,0.0,2,59.4462,0.448009,0.0306458,7008.0,0.0,4.8342,11.1723,18.6229,36.2359,84.5805,163.6730,158.7670,154.4170,151.0760,147.4880,143.5790,139.2260,131.8700,117.0730,86.6292,57.0739,36.5374,24.5157,11.9269
5.758,0.133340002862283,0.6691573749563939,0.0,2,62.048,0.435281,0.0382485,7546.84,0.0,4.9861,11.7172,19.8896,40.4207,107.3630,158.9230,154.1090,149.5680,146.0510,142.2330,138.0050,133.1580,124.2030,105.2900,79.8477,53.9126,35.1264,23.8230,11.7385
5.869,0.09071467199841289,0.7987151409694612,0.0,2,65.8683,0.43,0.00519013,8500.16,0.0,4.8619,10.6656,16.8612,29.3018,52.9592,88.9846,163.7080,159.2660,156.2510,153.3020,150.2100,146.9260,141.9170,135.3330,114.5020,67.5489,40.2844,25.9629,12.0715
5.977,0.029725383720439934,0.903770215674123,0.0,2,70.5999,0.43074,-0.0158076,10573.7,0.0,4.7558,10.0318,15.2926,24.8327,39.9406,57.4955,75.1293,102.7090,161.5370,158.3790,155.3530,152.4440,148.2250,142.9580,130.9440,80.8594,44.6120,27.6399,12.3368
6.087,-0.2788561907201854,0.9674309223189717,0.0,2,75.5949,0.433213,-0.012853,13627.6,0.0,4.7487,10.0704,15.4251,25.2624,41.1849,60.2364,79.9966,112.2560,158.1420,155.0740,152.1340,149.2730,145.0510,139.7730,127.6790,78.8184,44.0260,27.4397,12.3206
6.197,-0.14840860627069036,0.9908994111098556,0.0,3,80.2154,0.425979,0.077261,7727.77,0.0,5.2952,13.6879,26.1326,76.7118,145.8730,136.3450,130.3420,124.1300,118.6480,110.7810,99.6240,90.4687,80.1653,70.9443,58.3841,43.1865,30.2553,21.5201,11.2640
6.307,-0.048630532102779817,0.9985895655168524,0.0,3,83.9101,0.397863,0.140468,9233.18,0.0,6.0099,19.0166,52.4231,139.3200,114.6240,86.7486,75.8533,68.3524,63.8484,59.9055,56.4253,53.3312,49.5347,45.8157,40.1810,32.3041,24.4659,18.4439,10.4952
6.417,-0.01593525275943889,1.0,0.0,3,88.5028,0.347708,0.194845,10275.2,0.0,7.0287,28.7055,146.7900,109.5550,64.8423,53.6807,49.1791,45.8241,43.6986,41.7647,39.9976,38.3767,36.3208,34.2312,30.9132,25.9395,20.5568,16.0929,9.7350
6.527,0.05145031386660739,0.988401400390625,0.0,3,93.0917,0.275204,0.254965,11095.9,0.0,8.5960,56.7931,121.4250,57.7877,41.5610,36.4757,34.2500,32.5189,31.3886,30.3365,29.3548,28.4367,27.2472,26.0086,23.9776,20.7766,17.0828,13.8230,8.8701
6.636,0.03872212909155991,0.959940818145625,0.0,3,97.7372,0.179332,0.306869,11572.6,0.0,10.6933,141.9730,72.7419,38.5303,30.1309,27.1938,25.8567,24.7939,24.0889,23.4246,22.7976,22.2050,21.4279,20.6075,19.2367,17.0096,14.3334,11.8729,7.9714
6.749,0.012688467260722352,0.9401897901024585,0.0,3,102.076,0.0547355,0.374196,11884.0,0.0,14.1892,112.6190,38.5850,25.3783,21.1155,19.4975,18.7370,18.1214,17.7074,17.3132,16.9375,16.5790,16.1038,15.5958,14.7322,13.2884,11.4840,9.7563,6.9039
6.857,0.23809597744418098,0.43375439042077363,0.0,3,105.564,-0.103642,0.443861,10529.0,0.0,19.7705,48.0136,23.1537,17.0104,14.7191,13.8033,13.3636,13.0032,12.7586,12.5239,12.2987,12.0823,11.7934,11.4816,10.9450,10.0285,8.8484,7.6825,5.7078
6.966,0.24298592127462798,0.14213263865307912,0.0,3,106.824,-0.288872,0.378051,9782.07,0.0,19.5197,91.5309,25.4256,16.8584,14.0641,12.9997,12.4987,12.0929,11.8198,11.5596,11.3115,11.0746,10.7606,10.4246,9.8530,8.8961,7.6979,6.5484,4.6470
7.076,0.07962162668327008,0.046574023033840964,0.0,3,106.287,-0.469756,0.312763,9675.5,0.0,19.3714,117.7130,30.8463,16.7942,13.2249,11.9652,11.3898,10.9315,10.6271,10.3399,10.0686,9.8118,9.4748,9.1186,8.5223,7.5506,6.3784,5.2963,3.5732
7.187,0.3520643474416403,0.015261375867729004,0.0,3,105.123,-0.627306,0.253916,9545.25,0.0,19.2652,130.9550,50.2941,17.0229,12.2152,10.7129,10.0560,9.5455,9.2122,8.9021,8.6128,8.3423,7.9920,7.6273,7.0297,6.0884,5.0031,4.0463,2.5940
7.297,0.11536444536967669,0.005000847644337439,0.0,3,103.817,-0.749701,0.170761,9412.78,0.0,18.2051,65.5487,112.8530,30.9209,14.9022,11.8451,10.6796,9.8344,9.3090,8.8376,8.4122,8.0265,7.5432,7.0588,6.3032,5.2008,4.0468,3.1189,1.8382
7.407,0.037802621458735655,0.1308037656467215,0.0,3,102.888,-0.84018,0.132321,9423.54,0.0,18.1706,55.7700,119.9890,82.0762,15.3509,10.8265,9.3581,8.3665,7.7784,7.2681,6.8212,6.4265,5.9455,5.4781,4.7764,3.8089,2.8612,2.1430,1.2074
7.517,0.012387162999598498,0.40572720566149273,0.0,3,103.672,-0.911536,0.123711,9658.16,0.0,18.6659,55.5660,117.8370,82.7524,9.8528,6.6355,5.6526,5.0047,4.6263,4.3015,4.0195,3.7726,3.4742,3.1867,2.7599,2.1806,1.6231,1.2070,0.6728
7.626,0.004059025571708437,0.578631866532408,0.0,3,105.721,-0.977694,0.121316,9971.83,0.0,19.2527,56.8439,113.6300,77.0265,2.5998,1.7246,1.4624,1.2909,1.1912,1.1059,1.0321,0.9676,0.8898,0.8151,0.7045,0.5551,0.4121,0.3058,0.1700
7.737,0.0013300614993374204,0.7160545275253395,0.0,3,108.625,-1.04381,0.12063,10362.3,0.0,-1.0000,-1.0000,-1.0000,-1.0000,-1.0000,-1.0000,-1.0000,-1.0000,-1.0000,-1.0000,-1.0000,-1.0000,-1.0000,-1.0000,-1.0000,-1.0000,-1.0000,-1.0000,-1.0000
7.847,0.00043583455210288594,0.8023562729701282,0.0,3,111.754,-1.11145,0.12099,11187.0,0.0,-1.0000,-1.0000,-1.0000,-1.0000,-1.0000,-1.0000,-1.0000,-1.0000,-1.0000,-1.0000,-1.0000,-1.0000,-1.0000,-1.0000,-1.0000,-1.0000,-1.0000,-1.0000,-1.0000
7.956,0.1287266084929862,0.8459984062612266,0.0,3,115.624,-1.18098,0.118599,11318.3,0.0,-1.0000,-1.0000,-1.0000,-1.0000,-1.0000,-1.0000,-1.0000,-1.0000,-1.0000,-1.0000,-1.0000,-1.0000,-1.0000,-1.0000,-1.0000,-1.0000,-1.0000,-1.0000,-1.0000
8.068,0.1618443044697942,0.8565795878418037,0.0,3,119.123,-1.24075,0.0584239,11875.7,0.0,-1.0000,-1.0000,-1.0000,-1.0000,-1.0000,-1.0000,-1.0000,-1.0000,-1.0000,-1.0000,-1.0000,-1.0000,-1.0000,-1.0000,-1.0000,-1.0000,-1.0000,-1.0000,-1.0000
8.178,0.053033141688662154,0.8604142591096272,0.0,3,122.493,-1.27831,-0.0025021,12474.1,0.0,-1.0000,-1.0000,-1.0000,-1.0000,-1.0000,-1.0000,-1.0000,-1.0000,-1.0000,-1.0000,-1.0000,-1.0000,-1.0000,-1.0000,-1.0000,-1.0000,-1.0000,-1.0000,-1.0000
8.289,0.15028390167617753,0.8644205034094177,0.0,3,125.881,-1.29125,-0.0491746,12902.5,0.0,-1.0000,-1.0000,-1.0000,-1.0000,-1.0000,-1.0000,-1.0000,-1.0000,-1.0000,-1.0000,-1.0000,-1.0000,-1.0000,-1.0000,-1.0000,-1.0000,-1.0000,-1.0000,-1.0000
8.396,0.11076189859634984,0.871410359385323,0.0,3,128.289,-1.27538,-0.139228,13859.3,0.0,-1.0000,-1.0000,-1.0000,-1.0000,-1.0000,-1.0000,-1.0000,-1.0000,-1.0000,-1.0000,-1.0000,-1.0000,-1.0000,-1.0000,-1.0000,-1.0000,-1.0000,-1.0000,-1.0000
8.506,0.036294458932051916,0.8794727543758826,0.0,4,129.701,-1.22568,-0.256895,12184.8,0.0,-1.0000,-1.0000,-1.0000,-1.0000,-1.0000,-1.0000,-1.0000,-1.0000,-1.0000,-1.0000,-1.0000,-1.0000,-1.0000,-1.0000,-1.0000,-1.0000,-1.0000,-1.0000,-1.0000
8.615,0.007068449484739534,0.8848191634038892,0.0,4,129.545,-1.13378,-0.345246,11067.2,0.0,-1.0000,-1.0000,-1.0000,-1.0000,-1.0000,-1.0000,-1.0000,-1.0000,-1.0000,-1.0000,-1.0000,-1.0000,-1.0000,-1.0000,-1.0000,-1.0000,-1.0000,-1.0000,-1.0000
8.727,-0.2405413591219186,0.42698279346418644,0.0,4,130.841,-0.995943,-0.411138,10437.6,0.0,12.8663,17.7072,20.5942,23.5562,25.8864,27.2634,28.0677,28.8160,29.3782,29.9651,30.5784,31.2196,32.1682,33.3316,35.7764,43.1997,99.3186,64.7735,0.0666
8.836,-0.31836719519666795,0.1399137217623446,0.0,3,131.653,-0.813179,-0.391674,12226.1,0.0,11.7804,16.4373,19.2359,22.1330,24.4320,25.7988,26.6000,27.3475,27.9103,28.4989,29.1152,29.7611,30.7190,31.8981,34.5210,44.8781,89.2553,59.3446,2.9219
8.946,-0.08624294186804417,0.04584692834708507,0.0,3,131.09,-0.604035,-0.313051,11909.4,0.0,10.8076,16.0155,19.2855,22.8271,25.7622,27.5632,28.6463,29.7154,30.5693,31.5169,32.5822,33.8005,35.8792,39.2456,114.4290,90.3653,67.2304,43.3414,5.2218
9.049,-0.028260087191320716,0.26266169569952286,0.0,3,130.154,-0.419193,-0.284157,11976.5,0.0,9.7096,14.7427,17.9722,21.5442,24.5668,26.5514,27.8542,29.1992,30.3221,31.6349,33.2264,35.2835,40.5131,110.3660,97.5285,79.2590,60.6566,39.9495,7.2523
9.150,-0.011417288604738687,0.7319907988999447,0.0,3,131.853,-0.24807,-0.277585,12496.4,0.0,8.5699,13.0868,16.0009,19.2408,22.0297,23.9424,25.2112,26.5347,27.6526,28.9787,30.6241,32.8506,111.7450,104.1310,92.3774,75.4958,58.1491,40.1026,9.2780
9.270,-0.09212444612140687,0.9262175131743271,0.0,3,135.882,-0.0507757,-0.239578,13228.4,0.0,7.3764,11.6616,14.5241,17.8627,21.2601,23.9816,26.1002,28.8944,32.9481,103.2600,98.9322,94.9599,89.9170,84.7867,76.6296,64.3790,50.9165,36.0524,10.9712
9.370,-0.030187338505062604,0.9714524801075884,0.0,3,139.926,0.100604,-0.207841,13690.6,0.0,6.4411,10.5056,13.3267,17.1060,21.8047,27.9008,98.4034,92.7843,89.1559,85.8070,82.7067,79.8282,76.1289,72.3124,66.1313,56.5786,45.4618,33.0384,12.0950
9.489,-0.007913429665071133,0.9872968643359485,0.0,3,145.096,0.269019,-0.192444,14146.3,0.0,5.2887,8.7753,11.4493,15.4719,22.1435,92.4475,86.5055,81.9118,78.9253,76.1544,73.5770,71.1736,68.0693,64.8488,59.5940,51.3762,41.7510,31.3442,13.4328
9.609,-0.002074458106120407,0.992805648032608,0.0,3,150.351,0.430178,-0.188035,14590.0,0.0,4.1368,7.1199,9.6264,13.8146,97.0192,84.7508,79.4166,75.2826,72.5902,70.0888,67.7592,65.5842,62.7715,59.8489,55.0708,47.5748,38.9161,29.9967,14.2975
9.730,-0.0005438067457708281,0.99636667973536,0.0,3,155.693,0.58086,-0.148498,14898.9,0.0,3.1553,5.8012,8.2355,13.1706,89.3022,78.0907,73.2091,69.4227,66.9553,64.6621,62.5252,60.5297,57.9478,55.2639,50.8731,43.9776,36.0581,28.3955,14.6784
9.848,0.11447293262956165,0.9973001828300462,0.0,4,157.61,0.687813,-0.108317,12195.0,0.0,2.4216,4.6574,6.8346,11.8146,93.9902,80.6924,75.0500,70.7335,67.9481,65.3787,63.0011,60.7949,57.9606,55.0384,50.3092,43.0091,34.8094,27.6245,14.9825
9.949,0.03751049056405477,0.9975231598472495,0.0,4,160.715,0.753503,-0.0895037,12412.0,0.0,1.9396,3.8009,5.6339,9.7169,112.6280,92.8947,84.9772,79.0915,75.3697,71.9874,68.9009,66.0729,62.4902,58.8537,53.0895,44.4725,35.1781,27.4945,15.2517
10.051,0.012291437548029468,0.9975962249562466,0.0,4,163.84,0.796368,-0.0446864,12664.2,0.0,1.6662,3.5044,5.5819,200.0000,114.9150,93.2809,84.7905,78.5474,74.6291,71.0884,67.8734,64.9413,61.2451,57.5145,51.6439,42.9643,33.7294,26.1918,14.9885
10.168,0.0032221266045906376,0.9976225007324303,0.0,4,167.636,0.80356,0.0196705,12933.6,0.0,1.7143,4.1574,8.6077,200.0000,109.0120,87.9848,79.7976,73.8002,70.0465,66.6607,63.5919,60.7976,57.2812,53.7389,48.1782,39.9878,31.3134,24.2636,14.2753
10.269,0.0010558264457922603,0.9976287769775027,0.0,4,170.678,0.764392,0.0763097,13327.9,0.0,2.1976,6.6034,31.5095,195.6760,101.9630,82.1835,74.4964,68.8707,65.3516,62.1791,59.3047,56.6884,53.3973,50.0836,44.8847,37.2339,29.1397,22.5679,13.4048
10.390,0.00027677856780576626,0.9976310340494904,0.0,4,174.57,0.657279,0.145833,13547.2,0.0,3.5281,13.1580,63.9957,179.0750,92.5135,74.5629,67.5871,62.4822,59.2888,56.4102,53.8020,51.4281,48.4419,45.4352,40.7183,33.7769,26.4335,20.4716,12.1618
10.508,7.255584087887479e-05,0.9976316257273695,0.0,4,178.429,0.490559,0.178201,13788.9,0.0,5.3572,20.0029,97.8653,159.7060,82.6741,66.6607,60.4341,55.8762,53.0245,50.4534,48.1236,46.0029,43.3348,40.6480,36.4322,30.2265,23.6593,18.3260,10.8899
10.610,-0.08977258321690454,0.9976317670558444,0.0,4,181.643,0.341686,0.185922,13912.5,0.0,7.0007,27.2077,167.9730,126.3630,69.4883,56.7671,51.7304,48.0107,45.6693,43.5487,41.6194,39.8567,37.6303,35.3782,31.8241,26.5466,20.9017,16.2714,9.7503
10.728,-0.02353334405481223,0.9941596073337122,0.0,4,185.276,0.144469,0.213894,14223.8,0.0,9.4901,43.7064,191.1860,74.9715,47.8248,40.5267,37.4861,35.1820,33.7053,32.3499,31.1016,29.9483,28.4737,26.9615,24.5317,20.8226,16.7156,13.2346,8.1642
10.829,-0.007711406179880871,0.9869288373186108,0.0,4,188.331,-0.0366686,0.220636,14429.1,0.0,11.6215,56.1630,181.9470,58.7973,38.4688,32.8260,30.4520,28.6440,27.4810,26.4107,25.4226,24.5075,23.3346,22.1283,20.1828,17.1955,13.8629,11.0178,6.8425
10.948,0.1608770360223813,0.9495000430519248,0.0,4,191.766,-0.261712,0.198045,14689.7,0.0,13.6608,56.8465,180.6690,58.4401,34.6395,28.8020,26.4335,24.6628,23.5386,22.5141,21.5767,20.7157,19.6220,18.5087,16.7370,14.0727,11.1777,8.7676,5.3216
11.050,0.046387783243813895,0.9201273049666296,0.0,4,194.288,-0.430054,0.156276,14861.8,0.0,14.5816,49.1881,183.4790,100.2930,39.6000,30.4228,27.0827,24.7126,23.2607,21.9715,20.8193,19.7833,18.4970,17.2206,15.2549,12.4413,9.5624,7.2951,4.2294
11.168,0.012160279050666349,0.916447652233172,0.0,5,196.976,-0.604092,0.142919,13466.7,0.0,16.0628,51.3101,144.7920,114.5110,32.5224,23.9648,21.0205,18.9829,17.7551,16.6777,15.7247,14.8758,13.8322,12.8076,11.2511,9.0667,6.8831,5.1988,2.9670
11.270,0.003984680239322349,0.9227048694181408,0.0,5,197.459,-0.736687,0.140424,13485.4,0.0,17.3328,54.8351,172.0230,86.5714,22.3932,16.3482,14.2941,12.8801,12.0311,11.2879,10.6319,10.0487,9.3332,8.6323,7.5704,6.0861,4.6092,3.4745,1.9770
11.388,0.0011740822041569165,0.9316756691168742,0.0,5,200.04,-0.892268,0.139662,13661.4,0.0,18.8665,59.5133,164.1920,36.9628,9.2617,6.7416,5.8886,5.3025,4.9509,4.6433,4.3721,4.1311,3.8356,3.5463,3.1085,2.4971,1.8897,1.4237,0.8093
11.490,0.18468730797731436,0.9363128191937172,0.0,5,202.051,-1.01591,0.110519,13813.8,0.0,-1.0000,-1.0000,-1.0000,-1.0000,-1.0000,-1.0000,-1.0000,-1.0000,-1.0000,-1.0000,-1.0000,-1.0000,-1.0000,-1.0000,-1.0000,-1.0000,-1.0000,-1.0000,-1.0000
11.608,0.10179245518960509,0.9385946532997178,0.0,5,203.733,-1.13029,0.0466576,14187.5,0.0,-1.0000,-1.0000,-1.0000,-1.0000,-1.0000,-1.0000,-1.0000,-1.0000,-1.0000,-1.0000,-1.0000,-1.0000,-1.0000,-1.0000,-1.0000,-1.0000,-1.0000,-1.0000,-1.0000
11.708,0.037572438550904794,0.9399353053682515,0.0,5,205.354,-1.19139,0.0232485,14141.7,0.0,-1.0000,-1.0000,-1.0000,-1.0000,-1.0000,-1.0000,-1.0000,-1.0000,-1.0000,-1.0000,-1.0000,-1.0000,-1.0000,-1.0000,-1.0000,-1.0000,-1.0000,-1.0000,-1.0000
11.809,0.18250563150086047,0.9402782352380687,0.0,5,206.96,-1.22675,0.0133269,14334.7,0.0,-1.0000,-1.0000,-1.0000,-1.0000,-1.0000,-1.0000,-1.0000,-1.0000,-1.0000,-1.0000,-1.0000,-1.0000,-1.0000,-1.0000,-1.0000,-1.0000,-1.0000,-1.0000,-1.0000
11.928,0.2351671206978753,0.9399892449638733,0.0,5,208.474,-1.2349,-0.0499381,14476.3,0.0,-1.0000,-1.0000,-1.0000,-1.0000,-1.0000,-1.0000,-1.0000,-1.0000,-1.0000,-1.0000,-1.0000,-1.0000,-1.0000,-1.0000,-1.0000,-1.0000,-1.0000,-1.0000,-1.0000
12.029,0.07705956211027977,0.9407777851647621,0.0,5,209.727,-1.20288,-0.0866434,14628.0,0.0,-1.0000,-1.0000,-1.0000,-1.0000,-1.0000,-1.0000,-1.0000,-1.0000,-1.0000,-1.0000,-1.0000,-1.0000,-1.0000,-1.0000,-1.0000,-1.0000,-1.0000,-1.0000,-1.0000
12.129,0.02525087731229648,0.9410361740177893,0.0,5,211.547,-1.14024,-0.092838,14575.2,0.0,-1.0000,-1.0000,-1.0000,-1.0000,-1.0000,-1.0000,-1.0000,-1.0000,-1.0000,-1.0000,-1.0000,-1.0000,-1.0000,-1.0000,-1.0000,-1.0000,-1.0000,-1.0000,-1.0000
12.249,-0.10031549282428284,0.9437339317235943,0.0,5,213.673,-1.04392,-0.0774648,14677.1,0.0,-1.0000,-1.0000,-1.0000,-1.0000,-1.0000,-1.0000,-1.0000,-1.0000,-1.0000,-1.0000,-1.0000,-1.0000,-1.0000,-1.0000,-1.0000,-1.0000,-1.0000,-1.0000,-1.0000
12.368,-0.03601748461108881,0.9449696893602499,0.0,5,216.077,-0.967304,-0.031508,14734.1,0.0,16.1911,33.2321,49.4664,77.1104,106.7700,102.8580,100.4830,98.1823,96.3727,94.3777,92.1258,89.4728,84.1386,16.1796,5.1227,2.1667,1.1084,0.6636,0.2866
12.468,-0.011802209357361579,0.9455735877314416,0.0,5,218.128,-0.928951,-0.0224947,14853.8,0.0,16.0116,33.3774,50.3510,105.5040,99.0125,95.0348,92.6139,90.2558,88.3854,86.2990,83.8906,80.9135,59.4070,20.1681,9.0124,4.2838,2.2936,1.4013,0.6169
12.589,0.10020618298604882,0.576192336332271,0.0,5,220.032,-0.891725,-0.0490284,14852.9,0.0,15.3194,30.5515,44.4068,66.6234,94.4276,91.1111,89.1617,87.3283,85.9312,84.4470,82.8580,81.1373,78.4247,74.5816,31.2583,8.8896,4.0673,2.3298,0.9673
12.709,0.026268449632694785,0.15104536381548683,0.39846450805664063,5,217.661,-0.823511,-0.0831364,14353.4,0.0,14.3323,27.1517,37.9345,53.6669,90.1760,87.4217,85.8407,84.3843,83.2976,82.1679,80.9907,79.7606,77.9346,75.6665,70.6177,27.1335,8.4064,4.3059,1.6394
12.810,0.008607645575641427,0.04949454481505873,0.8488210584091187,5,206.473,-0.747172,-0.0891753,13309.6,0.0,13.6628,25.6635,35.6327,49.9719,84.3656,81.7842,80.3161,78.9729,77.9770,76.9478,75.8822,74.7771,73.1547,71.1740,66.9638,45.9802,12.6441,6.3189,2.3654
12.930,0.002256442641780946,0.012974697955998754,0.9331571746224052,5,190.207,-0.653817,-0.0872355,12092.4,0.0,12.9538,24.3981,33.9428,47.8116,77.0420,74.5935,73.2132,71.9585,71.0332,70.0816,69.1019,68.0916,66.6206,64.8461,61.1745,50.7195,17.0394,8.5848,3.2313
13.033,0.0007393911248587804,0.004251549026221672,0.9412166986288267,5,177.11,-0.580706,-0.0865533,11126.4,0.0,12.3882,23.3553,32.5148,75.7367,71.4711,69.1414,67.8376,66.6588,65.7934,64.9070,63.9984,63.0662,61.7175,60.1059,56.8372,48.5582,20.5239,10.3694,3.9105
13.150,0.00019382694703498008,0.001114518067929854,0.9191780437700492,5,161.811,-0.49957,-0.0871264,10096.5,0.0,11.7467,22.1280,30.7880,69.4625,65.4049,63.2217,62.0104,60.9219,60.1269,59.3166,58.4902,57.6468,56.4357,55.0035,52.1573,45.5235,24.6096,12.4044,4.6704
13.268,5.081057120353781e-05,0.0002921642243994036,0.8927519346783385,4,147.332,-0.425322,-0.0872629,10078.3,0.0,11.1638,21.0259,29.2505,63.6797,59.8256,57.7809,56.6557,55.6502,54.9196,54.1779,53.4250,52.6604,51.5693,50.2905,47.7904,42.2622,28.2923,14.2526,5.3642
13.370,1.664960797197527e-05,9.573637305119659e-05,0.8153092546120719,4,135.844,-0.368517,-0.0874626,9179.32,0.0,10.7171,20.1789,28.1053,59.2513,55.5650,53.6311,52.5737,51.6330,50.9520,50.2630,49.5661,48.8608,47.8593,46.6931,44.4388,39.6117,29.8283,15.6740,5.8959
13.471,5.455743540256857e-06,3.1370894721416096e-05,0.4838092643071724,4,125.482,-0.316043,-0.0880157,8992.1,0.0,10.3014,19.3811,28.2621,55.1754,51.6548,49.8276,48.8344,47.9548,47.3201,46.6801,46.0346,45.3838,44.4634,43.3978,41.3582,37.0996,29.2625,17.0142,6.3900
13.590,1.4301904346170935e-06,8.223691825850902e-06,0.33265911568115225,3,116.843,-0.257324,-0.0872799,10400.2,0.0,9.8478,18.5469,55.8120,50.5303,47.2026,45.4969,44.5763,43.7647,43.1814,42.5953,42.0064,41.4147,40.5819,39.6236,37.8082,34.1088,27.7473,18.4204,6.9325
13.710,3.7491584129226334e-07,2.155791469995859e-06,0.6697164608633939,3,106.418,-0.203343,-0.0859591,8980.04,0.0,9.4355,17.9254,51.2580,46.1823,43.0459,41.4575,40.6060,39.8587,39.3237,38.7878,38.2511,37.7138,36.9607,36.0989,34.4811,31.2496,25.9404,18.9554,7.4247
13.829,0.018998135317460762,5.651277991105944e-07,0.08195509421857056,3,97.7956,-0.154708,-0.085319,8861.93,0.0,9.0590,18.5638,47.1100,42.2477,39.2983,37.8217,37.0352,36.3478,35.8573,35.3676,34.8786,34.3906,33.7090,32.9331,31.4877,28.6475,24.1321,18.5066,7.8720
13.949,0.3263311034117425,1.4814486177004764e-07,0.00964193487972061,3,95.3856,-0.100586,-0.129582,8661.46,0.0,8.3320,16.8762,45.5669,40.9478,38.1756,36.7971,36.0650,35.4267,34.9722,34.5191,34.0675,33.6174,32.9900,32.2772,30.9547,28.3748,24.3229,19.3376,8.8495
14.068,0.1770515790054303,3.883528664384737e-08,0.0011343639966642505,3,94.2244,-0.012855,-0.227981,8551.16,0.0,7.1612,12.5412,46.7676,42.3793,39.7479,38.4396,37.7449,37.1392,36.7079,36.2777,35.8489,35.4216,34.8259,34.1491,32.8924,30.4371,26.5621,21.7273,10.7904
14.189,0.04641300912679952,1.0180437381964724e-08,0.0001334567898435524,3,93.3701,0.109891,-0.281693,8485.37,0.0,6.1155,10.7922,45.6119,41.4137,38.9154,37.6787,37.0234,36.4528,36.0471,35.6428,35.2403,34.8395,34.2813,33.6479,32.4744,30.1907,26.6079,22.1603,11.9005
14.308,0.01216689186453573,2.668740577057761e-09,1.5701057868304096e-05,3,92.6944,0.250624,-0.263948,8427.38,0.0,5.3385,10.6667,42.4419,38.4377,36.0889,34.9359,34.3276,33.7995,33.4247,33.0521,32.6817,32.3136,31.8022,31.2236,30.1562,28.0962,24.9094,21.0225,12.1463
14.410,0.024981500143749197,8.744929122902871e-10,2.6388767959258697e-06,3,92.1662,0.345288,-0.186485,8379.15,0.0,4.9296,12.4213,39.4946,35.6674,33.4524,32.3735,31.8066,31.3156,30.9679,30.6229,30.2804,29.9407,29.4698,28.9382,27.9615,26.0902,23.2305,19.7940,12.0401
14.530,0.4238413041657726,2.29243069999425e-10,3.104612161638826e-07,3,91.2916,0.425536,-0.142791,8296.5,0.0,4.4704,43.5740,38.1669,34.4644,32.3373,31.3052,30.7640,30.2961,29.9651,29.6368,29.3112,28.9885,28.5415,28.0376,27.1135,25.3490,22.6657,19.4573,12.2167
14.649,0.3067889531762776,6.009469534192927e-11,3.652545162046463e-08,3,90.0559,0.494312,-0.164174,8174.53,0.0,3.8432,8.5692,39.6407,35.9279,33.7856,32.7433,32.1960,31.7222,31.3869,31.0541,30.7239,30.3964,29.9423,29.4299,28.4887,26.6858,23.9281,20.6022,12.9610
14.750,0.1695792378632489,1.9691829769643384e-11,6.13883265385149e-09,3,89.1324,0.548177,-0.171922,8091.54,0.0,3.3998,7.0461,40.4118,36.7061,34.5643,33.5211,32.9730,32.4984,32.1623,31.8287,31.4976,31.1690,30.7133,30.1990,29.2534,27.4394,24.6570,21.2860,13.4577
14.870,0.20848073454864852,5.162095023133395e-12,7.222275228929742e-10,3,88.2055,0.608125,-0.146826,8015.1,0.0,2.9989,6.3312,39.8375,36.1952,34.0979,33.0785,32.5435,32.0806,31.7528,31.4276,31.1050,30.7850,30.3414,29.8410,28.9220,27.1616,24.4679,21.2117,13.6461
14.970,0.24405594102605052,1.6915152971803509e-12,1.213847797726222e-10,2,87.5426,0.654108,-0.127415,9986.3,0.0,2.6830,5.7405,39.4136,35.8194,33.7556,32.7543,32.2290,31.7747,31.4532,31.1343,30.8180,30.5045,30.0701,29.5802,28.6809,26.9602,24.3319,21.1602,13.7889
15.088,0.06951833157713298,4.434205860640459e-13,1.4280797955469233e-11,2,86.4083,0.700605,-0.0930029,9851.24,0.0,2.3865,5.3804,38.4201,34.9018,32.8923,31.9199,31.4106,30.9705,30.6594,30.3510,30.0453,29.7423,29.3229,28.8502,27.9838,26.3302,23.8134,20.7895,13.7898
15.191,0.08263189416817249,1.4530005764146655e-13,2.4001737123757137e-12,2,85.5937,0.722617,-0.0339845,9770.62,0.0,2.3378,6.3761,36.3083,32.9191,31.0017,30.0787,29.5967,29.1808,28.8872,28.5964,28.3086,28.0237,27.6297,27.1865,26.3760,24.8361,22.5097,19.7399,13.4075
15.308,0.5095042555478284,3.808953831036461e-14,2.823780370872903e-13,2,84.3178,0.730781,-0.0127095,9609.62,0.0,2.3182,6.9849,35.7099,32.3471,30.4515,29.5409,29.0658,28.6562,28.3672,28.0810,27.7979,27.5177,27.1304,26.6951,25.8998,24.3915,22.1190,19.4227,13.2916
15.412,0.47014883383491435,1.2481179913540275e-14,4.745927669326088e-14,2,82.9576,0.737246,-0.0455385,9426.99,0.0,2.1844,5.4761,37.7627,33.7718,31.7973,30.8486,30.3529,29.9251,29.6230,29.3238,29.0275,28.7342,28.3285,27.8719,27.0368,25.4490,23.0476,20.1849,13.6329
15.531,0.2130252434384444,3.271866427255102e-15,5.58353644368545e-15,2,81.4412,0.750701,-0.0887609,9241.6,0.0,1.9858,4.2992,41.6408,36.6590,33.9715,32.8024,32.2201,31.7322,31.3955,31.0682,30.7499,30.4395,30.0106,29.5272,28.6413,26.9510,24.3798,21.2924,14.1507
15.632,0.14053641748839735,0.002823486328126072,9.384249700902138e-16,2,80.353,0.766382,-0.0965849,9138.13,0.0,1.8453,3.8733,7.4774,38.3750,35.4670,34.0247,33.3111,32.7160,32.3067,31.9098,31.5250,31.1517,30.6476,30.0965,29.1296,27.3973,24.7847,21.6421,14.3520
15.750,0.20557322175220252,0.13874675062500028,1.1040475930614357e-16,2,79.7904,0.789835,-0.0767672,9243.31,0.0,1.6869,3.6365,7.5193,38.5196,35.8983,34.5475,33.8146,33.1662,32.6990,32.2369,31.7900,31.3577,30.7757,30.1419,29.0360,27.1036,24.4906,21.4234,14.3320
15.853,0.17035955898739533,0.2348203282135501,1.8555727896583552e-17,2,80.3471,0.810269,-0.0508249,9380.7,0.0,1.5581,3.5170,42.0207,38.0554,35.6067,34.3606,33.6900,33.0984,32.6732,32.2459,31.8165,31.3849,30.7774,30.0844,28.8722,26.7708,24.0070,21.0409,14.2321
15.967,0.2554005942640463,0.3141932616035879,2.1830628313051583e-18,2,81.7159,0.824704,-0.010614,9609.37,0.0,1.4968,3.7301,40.7408,36.9855,34.7055,33.5570,32.9420,32.4027,32.0171,31.6312,31.2447,30.8572,30.3131,29.6894,28.5152,26.2608,23.3018,20.3444,13.9747
16.070,0.33578188544368737,0.35786973468101363,3.6690737005745797e-19,2,83.0948,0.828384,0.00159192,9862.02,0.0,1.4835,3.8260,40.5071,36.9131,34.7574,33.6796,33.1057,32.6042,32.2459,31.8875,31.5292,31.1710,30.6698,30.0978,29.0282,26.8942,23.5600,20.2264,13.9022
16.173,0.16671912967183192,0.3890788894258995,6.166612168555696e-20,2,84.8014,0.826668,0.0133736,10070.0,0.0,1.5179,4.0928,40.1933,36.7298,34.6728,33.6529,33.1110,32.6378,32.3006,31.9641,31.6283,31.2934,30.8261,30.2942,29.3016,27.3401,24.1566,20.3524,13.7970
16.291,0.0483190627273011,0.415673335842788,7.254957550184092e-21,2,87.2249,0.807589,0.0697045,10312.1,0.0,1.8041,9.7305,38.0269,34.7199,32.7837,31.8301,31.3262,30.8882,30.5766,30.2662,29.9569,29.6489,29.2199,28.7329,27.8302,26.0646,23.2521,19.6551,13.2246
16.409,0.2723835525265239,0.4364156932167968,8.535385008216084e-22,2,89.6813,0.758636,0.127241,10642.0,0.0,2.4648,40.3173,35.6806,32.5271,30.7068,29.8175,29.3492,28.9431,28.6552,28.3691,28.0849,27.8024,27.4097,26.9649,26.1434,24.5530,22.0593,18.9228,12.5037
16.510,0.3687006110287175,0.45030692286890495,1.4345421583308772e-22,2,91.5188,0.704201,0.135236,10993.9,0.0,3.0861,39.7098,35.0997,32.0023,30.2289,29.3675,28.9155,28.5241,28.2467,27.9712,27.6976,27.4260,27.0491,26.6233,25.8396,24.3285,21.9803,19.0584,12.2666
16.612,0.3625656216743276,0.45891859787630773,2.4110350055067054e-23,2,93.3298,0.644226,0.129983,11274.0,0.0,3.5381,39.5483,34.9057,31.8190,30.0645,29.2166,28.7720,28.3874,28.1153,27.8453,27.5775,27.3120,26.9442,26.5292,25.7668,24.3011,22.0411,19.2542,12.3682
16.713,0.3623555371737202,0.4615160984958585,4.05222653375512e-24,2,95.1643,0.592888,0.0631106,11496.3,0.0,3.6948,39.1644,34.4746,31.3899,29.6504,28.8122,28.3738,27.9953,27.7279,27.4629,27.2004,26.9405,26.5805,26.1747,25.4301,24.0065,21.8258,19.1633,12.6422
16.828,0.29888248628730996,0.4650264640147233,4.767403994697562e-25,2,97.2189,0.567999,-0.0240524,11879.8,0.0,3.5806,38.5173,33.7512,30.6561,28.9264,28.0971,27.6648,27.2922,27.0294,26.7693,26.5117,26.2568,25.9042,25.5075,24.7820,23.4025,21.3061,18.7778,12.7227
16.932,0.26949538802648076,0.46600219204084453,8.012575893888194e-26,2,99.0389,0.579071,-0.0917857,12048.0,0.0,3.4052,37.7152,32.8854,29.7834,28.0628,27.2427,26.8159,26.4485,26.1895,25.9333,25.6800,25.4296,25.0839,24.6958,23.9878,22.6458,20.6238,18.2098,12.5506
17.037,0.2667433221479301,0.46727211586606887,1.3466736304857888e-26,2,100.854,0.597749,-0.042048,12244.5,0.0,3.4736,37.0304,32.0892,28.9517,27.2262,26.4067,25.9813,25.6157,25.3584,25.1043,24.8534,24.6056,24.2639,23.8807,23.1826,21.8664,19.8991,17.5769,12.2528
17.146,0.3080582765108478,0.46949678161449343,2.2633543707574655e-27,2,102.756,0.585824,0.0203953,12290.3,0.0,3.8492,36.2099,31.1458,27.9688,26.2365,25.4180,24.9944,24.6312,24.3758,24.1238,23.8751,23.6297,23.2917,22.9133,22.2262,20.9378,19.0263,16.7972,11.8074
17.260,0.3497351145188371,0.4696234163369372,3.8040196909320725e-28,2,104.572,0.546341,0.0797985,12496.9,0.0,4.6002,35.0060,29.8534,26.6652,24.9434,24.1351,23.7176,23.3601,23.1091,22.8618,22.6181,22.3780,22.0478,21.6790,21.0113,19.7644,17.9327,15.8214,11.2117
17.369,0.3787854968171536,0.47138761512778754,6.393415894549534e-29,2,106.275,0.481007,0.120631,12728.9,0.0,5.6800,34.1428,28.8290,25.5836,23.8481,23.0370,22.6195,22.2627,22.0126,21.7666,21.5244,21.2862,20.9589,20.5937,19.9342,18.7097,16.9271,14.8977,10.5706
17.474,0.3765793594748535,0.47159827810007343,1.0745414093969404e-29,2,107.888,0.394199,0.147423,12962.6,0.0,7.0791,33.4933,27.9530,24.6118,22.8416,22.0193,21.5975,21.2376,20.9857,20.7380,20.4945,20.2552,19.9270,19.5616,18.9037,17.6896,15.9368,13.9675,9.8690
17.586,0.3664903816406965,0.472052808142832,1.805981746773438e-30,2,109.44,0.290204,0.16681,13176.9,0.0,8.8344,32.8114,27.0111,23.5607,21.7520,20.9172,20.4900,20.1262,19.8721,19.6226,19.3777,19.1374,18.8085,18.4431,17.7874,16.5832,14.8637,12.9574,9.0903
17.699,0.36569340799331834,0.4621411020628682,3.0353135218021177e-31,2,110.932,0.172567,0.18252,13349.6,0.0,11.0156,31.9504,25.8798,22.3250,20.4845,19.6406,19.2105,18.8454,18.5908,18.3413,18.0968,17.8572,17.5298,17.1668,16.5175,15.3341,13.6637,11.8395,8.2355
17.805,0.3820227395389654,0.21665617757396066,5.101451436092821e-32,2,111.533,0.0448634,0.197501,12982.8,0.0,13.8074,30.7685,24.4480,20.8161,18.9629,18.1213,17.6942,17.3324,17.0807,16.8344,16.5936,16.3580,16.0369,15.6820,15.0501,13.9074,12.3140,10.6038,7.3149
17.914,0.38663831386929226,0.07099389626743544,8.574009428641205e-33,2,110.197,-0.0866699,0.199597,12589.4,0.0,16.5103,30.0390,23.3305,19.5461,17.6458,16.7902,16.3582,15.9936,15.7406,15.4937,15.2527,15.0176,14.6979,14.3455,13.7207,12.6006,11.0627,9.4415,6.4156
18.025,0.3951923405485256,0.023263279928913243,1.4410337646717273e-33,2,108.047,-0.215474,0.173378,12226.8,0.0,17.2232,31.0398,23.4909,19.2730,17.1797,16.2454,15.7762,15.3814,15.1082,14.8421,14.5829,14.3305,13.9881,13.6122,12.9494,11.7741,10.1879,8.5556,5.6206
18.136,0.41354921211075335,0.007622911567106291,2.421945448283772e-34,2,105.397,-0.335929,0.127492,11850.3,0.0,16.6643,35.1388,24.9902,20.0161,17.5574,16.4668,15.9213,15.4637,15.1477,14.8405,14.5420,14.2520,13.8599,13.4310,12.6795,11.3628,9.6237,7.8896,4.9231
18.246,0.44013565816038136,0.0024978756623093893,4.0705637149305367e-35,2,102.275,-0.443563,0.0667702,11441.2,0.0,15.7038,49.6247,28.7039,22.1071,19.0562,17.7011,17.0237,16.4565,16.0655,15.6858,15.3174,14.9601,14.4781,13.9526,13.0368,11.4520,9.4118,7.4565,4.3328
18.356,0.4736876407772235,0.0008185038970255406,6.841396435683754e-36,2,98.6495,-0.535124,-0.00638706,10999.8,0.0,14.6774,119.8800,42.4222,27.0886,22.3247,20.5278,19.6423,18.8980,18.3839,17.8844,17.3995,16.9290,16.2938,15.6010,14.3952,12.3246,9.7206,7.3387,3.8696
18.465,0.4320478464463839,0.0002682073569773292,1.1498334989453685e-36,2,94.503,-0.608239,-0.0896981,10514.8,0.0,13.6995,63.0107,114.3110,51.0648,33.3920,28.4897,26.4276,24.8574,23.8474,22.9180,22.0599,21.2653,20.2470,19.1997,17.4953,14.5837,10.9306,7.7196,3.5619
18.577,0.09999220449940983,8.788618673433122e-05,1.9325251616774807e-37,2,90.0748,-0.661346,-0.17978,10013.0,0.0,12.8307,32.0976,61.1133,94.6226,113.6180,123.6240,129.1470,134.0980,57.5830,51.0264,45.8132,41.5696,36.8019,32.5423,26.7513,19.7611,13.7534,8.9550,3.4462
18.685,-0.263082804797525,2.8798545669105656e-05,3.2479950392313424e-38,2,85.9383,-0.693548,-0.267303,9545.72,0.0,12.1356,23.3044,33.3535,48.8711,66.8862,75.8349,80.4309,84.4271,87.2843,90.1526,93.0385,95.9472,100.0680,104.8580,114.1200,50.6996,20.8469,11.4791,3.5497
18.794,-0.08620697347605297,9.436707444852542e-06,5.458905262436117e-39,2,82.1343,-0.704422,-0.34236,9143.5,0.0,11.6024,19.2350,24.7406,31.4698,37.7780,42.0358,44.7378,47.4120,49.5313,51.8531,54.4077,57.2315,61.4264,65.9302,73.9931,90.0311,119.2880,17.1054,3.8958
18.904,-0.16695281989539085,3.092220295529281e-06,9.174782074576382e-40,2,78.5298,-0.693024,-0.410316,8776.51,0.0,11.0957,16.6220,20.1537,24.0237,27.2674,29.2746,30.4798,31.6241,32.4986,33.4254,34.4093,35.4557,37.0373,39.0344,43.4495,56.2893,81.4880,120.7560,4.6184
19.014,-0.5347584148742445,1.0132587464390347e-06,1.542005623274053e-40,2,75.6865,-0.659051,-0.467689,8469.25,0.0,10.5916,14.7312,17.2153,19.7817,21.8141,23.0209,23.7276,24.3866,24.8825,25.4009,25.9435,26.5118,27.3541,28.3902,30.5777,36.2339,52.8295,86.3376,5.8020
19.125,-0.6668149791233352,3.320246260331429e-07,2.5916488510367004e-41,2,74.1307,-0.603217,-0.492628,8288.5,0.0,10.1172,13.4706,15.4433,17.4277,18.9600,19.8535,20.3712,20.8503,21.2086,21.5810,21.9684,22.3718,22.9650,23.6872,25.1853,28.8988,38.6160,66.4886,7.5544
19.236,-0.28027720219738445,1.0879782945854025e-07,4.355784223937383e-42,2,73.7005,-0.525685,-0.47991,8270.72,0.0,9.5985,12.6205,14.3925,16.1631,17.5215,18.3100,18.7657,19.1866,19.5008,19.8270,20.1659,20.5181,21.0352,21.6631,22.9600,26.1430,34.2614,58.7771,9.4624
19.345,-0.19343232504719127,3.565087275697447e-08,7.320766545171561e-43,2,73.2719,-0.416371,-0.484423,8300.88,0.0,8.8982,11.6664,13.2886,14.9072,16.1473,16.8664,17.2817,17.6652,17.9514,18.2484,18.5568,18.8773,19.3476,19.9183,21.0962,23.9806,31.2974,54.0292,11.8123
19.456,-0.5484754253921316,1.1682077985005393e-08,1.2304012332469843e-43,2,72.8363,-0.280651,-0.418442,8334.65,0.0,8.2320,11.2720,13.0805,14.9300,16.3806,17.2360,17.7349,18.1988,18.5469,18.9102,19.2894,19.6857,20.2714,20.9889,22.4933,26.3189,37.0338,65.9009,12.0300
19.566,-0.4004848328250718,3.827983314126567e-09,2.0679353527182065e-44,2,71.9264,-0.163187,-0.271201,8212.59,0.0,8.0156,12.3097,15.0950,18.2076,20.8679,22.5381,23.5500,24.5172,25.2605,26.0523,26.8975,27.8016,29.1783,30.9346,34.8905,46.3759,68.1827,105.4970,10.2084
19.676,-0.13123087002011952,1.2543535723729937e-09,3.47557894731349e-45,2,71.144,-0.0782839,-0.18167,8141.38,0.0,7.8590,13.1755,16.9713,21.6241,25.9993,28.9598,30.8417,32.7065,34.1861,35.8089,37.5964,39.5748,42.4898,45.7893,52.0167,65.1239,90.3570,37.0216,9.7413
19.786,-0.043001731488192765,4.110265785951825e-10,5.841405536749784e-46,2,70.5275,-0.015885,-0.155995,8079.48,0.0,7.5402,13.0099,17.0567,22.1975,27.2241,30.7371,33.0189,35.3187,37.1715,39.1544,41.1313,43.1087,45.8913,49.1121,55.3253,68.7194,95.0344,33.7959,10.0307
19.896,-0.014090807374051004,1.346851892740694e-10,9.817650285615363e-47,2,69.9634,0.0384215,-0.148086,8016.17,0.0,7.1787,12.5013,16.4862,21.6101,26.6885,30.2785,32.6288,35.0123,36.8775,38.7488,40.6285,42.5228,45.2094,48.3401,54.4278,67.6858,94.0070,34.1402,10.4708
20.004,-0.004617275760329033,0.2688561328566336,1.6500524835033742e-47,2,70.0766,0.0904942,-0.145613,8194.59,0.0,6.8024,11.8808,15.6974,20.6240,25.5284,29.0085,31.2927,33.6103,35.3639,37.1304,38.9166,40.7247,43.3018,46.3198,52.2227,65.1817,91.1384,35.4995,10.9593
20.115,-0.2515441919791758,0.6209742229269617,2.7732432090241215e-48,2,72.4331,0.138181,-0.117667,8916.84,0.0,6.5852,11.9059,16.0935,21.7680,27.7433,32.1632,34.7897,37.1427,38.8580,40.6067,42.3886,44.2081,46.8190,49.9016,55.9875,69.5194,96.9904,32.1798,11.0288
20.225,-0.08242600082773632,0.7983329329780818,4.660989861406842e-49,2,76.7307,0.173617,-0.0702203,10254.3,0.0,6.5675,12.6776,17.9630,25.9314,34.4728,39.3317,42.0682,44.5507,46.3766,48.2487,50.1670,52.1348,54.9731,58.3425,65.0411,80.0876,110.9910,27.2484,10.7384
20.335,-0.027009351951232635,0.8640770128220079,7.83372566006648e-50,2,81.6589,0.202136,-0.0401676,11945.2,0.0,6.5138,13.1779,19.3795,29.3660,38.1177,43.0804,45.9009,48.4733,50.3724,52.3243,54.3303,56.3925,59.3753,62.9265,70.0151,86.0399,119.2170,25.1023,10.6362
20.445,-0.00885042444737991,0.8824276110302656,1.3166142716873733e-50,2,86.7904,0.224492,-0.0121449,13675.1,0.0,6.5019,13.8062,21.1718,32.3249,41.2205,46.3362,49.2609,51.9373,53.9186,55.9586,58.0592,60.2224,63.3572,67.0984,74.5894,91.6133,127.1010,23.3934,10.5187
20.554,-0.002900107082917449,0.8888081647386474,2.2128336064249685e-51,3,91.9344,0.239247,0.0244505,12003.0,0.0,6.6190,15.0966,24.5259,36.4428,45.9253,51.4207,54.5738,57.4655,59.6089,61.8196,64.0986,66.4476,69.8574,73.9331,82.1129,100.7730,36.3437,21.3304,10.2674
20.667,-0.0009503070889303895,0.894062755124685,3.7191094423184444e-52,3,95.2197,0.238049,0.0436274,9579.43,0.0,6.7669,16.0964,26.0507,37.8564,47.3922,52.9637,56.1733,59.1239,61.3154,63.5785,65.9153,68.3272,71.8335,76.0319,84.4809,103.8410,33.6609,20.2842,10.0754
20.776,-0.00031139662690071,0.9053497980523818,6.25070723970461e-53,3,99.8524,0.221993,0.0499484,9964.47,0.0,6.9577,16.7675,26.1433,37.2514,46.3650,51.7411,54.8522,57.7206,59.8557,62.0650,64.3501,66.7124,70.1537,74.2842,82.6235,101.8420,34.5674,19.8663,9.8876
20.884,0.03757882613508428,0.9199356995601794,1.050556365777154e-53,3,104.484,0.198909,0.0508372,10451.1,0.0,7.1711,17.0000,25.5607,35.7575,44.2421,49.2958,52.2353,54.9544,56.9832,59.0872,61.2675,63.5258,66.8235,70.7927,78.8386,97.5071,39.0491,19.8695,9.6930
20.997,0.0914512427642444,0.9264092995631296,1.765670083961663e-54,3,109.054,0.179782,0.0107381,10935.2,0.0,7.0357,15.1147,21.5089,29.1052,35.5374,39.4283,41.7118,43.8370,45.4308,47.0900,48.8164,50.6124,53.2470,56.4366,62.9595,78.3317,112.0300,23.7462,9.9050
21.104,0.029966743228987604,0.9300002875620963,2.967561710114367e-55,3,113.615,0.174651,-0.0253566,11416.4,0.0,6.8323,13.4540,18.3220,24.0143,28.8567,31.8135,33.5601,35.1943,36.4247,37.7105,39.0538,40.4565,42.5245,45.0438,50.2459,62.7389,90.9333,33.3194,10.2723
21.217,-0.05140172298810035,0.9375783907127226,4.987580966189217e-56,3,118.318,0.184369,-0.0426734,11742.8,0.0,6.5899,12.2328,16.2286,20.8455,24.7740,27.1843,28.6148,29.9566,30.9704,32.0326,33.1451,34.3107,36.0356,38.1476,42.5444,53.2865,78.2418,136.0630,10.8111
21.325,-0.1490917676687157,0.9489792827718699,8.382627329874218e-57,3,122.854,0.1986,-0.011658,12260.8,0.0,6.5952,12.5968,17.0094,22.2470,26.7936,29.6141,31.2963,32.8795,34.0787,35.3374,36.6581,38.0439,40.0981,42.6180,47.8777,60.7568,90.6348,39.7516,10.6750
21.434,-0.04885439042968477,0.9546381095036863,1.4088681753319602e-57,3,127.251,0.213179,0.0156843,12820.1,0.0,6.6565,13.3062,18.4676,24.8192,30.4656,34.0073,36.1292,38.1316,39.6501,41.2457,42.9216,44.6811,47.2914,50.4930,57.1716,73.4619,111.3950,29.6100,10.4424
21.543,-0.016008606655999107,0.9569065051752929,2.3678847422804257e-58,3,131.865,0.224304,0.0189993,13167.8,0.0,6.5964,13.3680,18.7588,25.5358,31.6635,35.5443,37.8802,40.0905,41.7702,43.5380,45.3978,47.3530,50.2577,53.8271,61.2877,79.5293,125.5740,28.2008,10.4720
21.658,-0.005245700229037788,0.95822354549084,3.9797038863507116e-59,3,136.627,0.233271,0.00648135,13437.2,0.0,6.4511,12.9388,18.1092,24.6641,30.6607,34.4942,36.8140,39.0171,40.6966,42.4690,44.3375,46.3076,49.2429,52.8636,60.4704,79.2387,129.7180,29.4125,10.6694
21.766,-0.0017189110510511022,0.9594080429489386,6.688688321789641e-60,3,141.384,0.246389,-0.0156358,13761.1,0.0,6.2183,12.1727,16.8500,22.7701,28.2218,31.7349,33.8732,35.9127,37.4736,39.1253,40.8735,42.7222,45.4888,48.9192,56.1875,74.3938,124.2050,32.7866,11.0304
21.878,-0.0005632527732084251,0.9597961790760082,1.1241678462431852e-60,3,146.085,0.271334,-0.0407966,14162.3,0.0,5.8851,11.2081,15.3101,20.4701,25.2355,28.3273,30.2190,32.0311,33.4229,34.9015,36.4716,38.1384,40.6457,43.7741,50.4705,67.5856,114.3330,38.7640,11.5660
21.987,-0.00018456666872493675,0.9616174553190013,1.8893888991809212e-61,3,150.762,0.313311,-0.0659669,14577.7,0.0,5.4336,10.0798,13.5937,17.9814,22.0382,24.6843,26.3112,27.8762,29.0826,30.3685,31.7396,33.2013,35.4111,38.1884,44.2040,59.9629,102.9940,50.3618,12.3054
22.095,-6.047880600778728e-05,0.9624491651808054,3.1754959228533746e-62,3,155.427,0.374705,-0.0901201,14992.8,0.0,4.8553,8.7927,11.7208,15.3502,18.7067,20.9059,22.2641,23.5755,24.5904,25.6762,26.8378,28.0816,29.9732,32.3693,37.6307,51.8358,91.0882,143.2830,13.2782
22.206,-1.9817695152631737e-05,0.9634746295558213,5.337055997539667e-63,4,156.71,0.45577,-0.113174,12083.7,0.0,4.1540,7.3611,9.7107,12.6033,15.2774,17.0371,18.1278,19.1849,20.0061,20.8877,21.8345,22.8532,24.4116,26.4024,30.8431,43.2891,78.9091,136.6730,14.5011
22.314,-6.493862347614369e-06,0.9642925287222265,8.96999001506492e-64,4,160.185,0.555672,-0.134767,12319.8,0.0,3.3395,5.8031,7.5848,9.7645,11.7787,13.1082,13.9357,14.7408,15.3680,16.0435,16.7726,17.5602,18.7727,20.3362,23.8888,34.3266,66.5973,129.7270,15.9829
22.424,-2.127908814066277e-06,0.9645605379210742,1.5075862218319614e-64,4,163.591,0.67498,-0.155388,12587.4,0.0,2.4084,4.1109,5.3280,6.8084,8.1756,9.0808,9.6459,10.1977,10.6291,11.0956,11.6009,12.1495,12.9995,14.1078,16.6790,24.7268,53.4257,122.2930,17.7578
22.534,-0.13071991882094144,0.9646483591753526,2.533800163032978e-65,4,166.942,0.811839,-0.162703,12843.5,0.0,1.3883,2.3624,3.0627,3.9224,4.7275,5.2681,5.6091,5.9449,6.2093,6.4974,6.8121,7.1569,7.6984,8.4174,10.1494,16.2126,43.8524,117.1760,19.4427
22.647,-0.1805229670237461,0.9597454469908294,4.258557934009526e-66,4,169.83,0.944443,-0.114073,13184.2,0.0,0.4256,0.7712,1.0430,1.4096,1.7924,2.0745,2.2641,2.4603,2.6223,2.8063,3.0173,3.2607,3.6717,4.2769,6.0687,16.5709,73.6988,122.4160,19.4174
22.756,-0.05915376583434112,0.95004787830433,7.157358319689811e-67,4,172.723,1.05347,-0.0788873,13365.9,0.0,-1.0000,-1.0000,-1.0000,-1.0000,-1.0000,-1.0000,-1.0000,-1.0000,-1.0000,-1.0000,-1.0000,-1.0000,-1.0000,-1.0000,-1.0000,-1.0000,-1.0000,-1.0000,-1.0000
22.865,-0.18527168409345313,0.9316594934502629,1.2029372127902665e-67,4,175.417,1.14213,-0.069054,13518.7,0.0,-1.0000,-1.0000,-1.0000,-1.0000,-1.0000,-1.0000,-1.0000,-1.0000,-1.0000,-1.0000,-1.0000,-1.0000,-1.0000,-1.0000,-1.0000,-1.0000,-1.0000,-1.0000,-1.0000
22.977,-0.19835786309486766,0.5611618078137821,2.0217765735366007e-68,4,176.975,1.20949,-0.0293477,13451.3,0.0,-1.0000,-1.0000,-1.0000,-1.0000,-1.0000,-1.0000,-1.0000,-1.0000,-1.0000,-1.0000,-1.0000,-1.0000,-1.0000,-1.0000,-1.0000,-1.0000,-1.0000,-1.0000,-1.0000
23.084,-0.06499790457892625,0.18388150118442012,3.3979998871429654e-69,4,176.111,1.24815,-0.00212652,13104.7,0.0,-1.0000,-1.0000,-1.0000,-1.0000,-1.0000,-1.0000,-1.0000,-1.0000,-1.0000,-1.0000,-1.0000,-1.0000,-1.0000,-1.0000,-1.0000,-1.0000,-1.0000,-1.0000,-1.0000
23.195,-0.20664977620225883,0.06025429030811078,5.711018410321182e-70,4,174.169,1.26172,0.0233399,12889.5,0.0,-1.0000,-1.0000,-1.0000,-1.0000,-1.0000,-1.0000,-1.0000,-1.0000,-1.0000,-1.0000,-1.0000,-1.0000,-1.0000,-1.0000,-1.0000,-1.0000,-1.0000,-1.0000,-1.0000
23.304,-0.10178563813435618,0.01974412584816174,9.598508642226813e-71,4,171.61,1.24424,0.0801503,12648.5,0.0,-1.0000,-1.0000,-1.0000,-1.0000,-1.0000,-1.0000,-1.0000,-1.0000,-1.0000,-1.0000,-1.0000,-1.0000,-1.0000,-1.0000,-1.0000,-1.0000,-1.0000,-1.0000,-1.0000
23.416,-0.033353117903865824,0.0064697551579256385,1.6132213474990608e-71,4,169.174,1.19436,0.107859,12488.7,0.0,-1.0000,-1.0000,-1.0000,-1.0000,-1.0000,-1.0000,-1.0000,-1.0000,-1.0000,-1.0000,-1.0000,-1.0000,-1.0000,-1.0000,-1.0000,-1.0000,-1.0000,-1.0000,-1.0000
23.525,-0.08208836546942624,0.0021200093701490732,2.711341118741672e-72,4,167.057,1.11967,0.114474,12306.1,0.0,-1.0000,-1.0000,-1.0000,-1.0000,-1.0000,-1.0000,-1.0000,-1.0000,-1.0000,-1.0000,-1.0000,-1.0000,-1.0000,-1.0000,-1.0000,-1.0000,-1.0000,-1.0000,-1.0000
23.634,-0.04331652862102159,0.0006946846704104484,0.5175450439453125,4,162.7,1.02758,0.139302,11696.2,0.0,-1.0000,-1.0000,-1.0000,-1.0000,-1.0000,-1.0000,-1.0000,-1.0000,-1.0000,-1.0000,-1.0000,-1.0000,-1.0000,-1.0000,-1.0000,-1.0000,-1.0000,-1.0000,-1.0000
23.745,-0.014193960098536356,0.00022763427280009574,0.8794695853308105,4,150.854,0.929732,0.140461,10298.7,0.0,0.7013,2.2191,6.1170,48.7602,58.3809,62.2780,64.2170,65.8490,66.9817,68.0893,69.1733,70.2353,71.6874,73.3006,76.2037,81.5890,33.7755,25.4619,14.4886
23.859,0.04995794947288035,7.459119851113536e-05,0.9405807092795473,3,138.328,0.836845,0.134603,11107.5,0.0,1.6159,5.0012,13.0932,45.3200,53.7923,57.3954,59.2101,60.7470,61.8184,62.8696,63.9017,64.9158,66.3069,67.8585,70.6659,75.9244,32.6748,24.5180,13.8525
23.967,0.016190517895898433,2.444204392812884e-05,0.8419791995217483,3,125.893,0.75105,0.124583,9328.79,0.0,2.4337,7.2667,17.6237,41.5189,49.1238,52.4771,54.1837,55.6373,56.6547,57.6561,58.6421,59.6136,60.9504,62.4469,65.1689,70.3154,32.1231,23.8489,13.3077
24.073,0.005305308904127999,8.009168954369259e-06,0.14151144406362023,3,115.589,0.673697,0.121292,10412.4,0.0,3.1764,9.3777,22.2395,39.0930,45.7653,48.8275,50.4053,51.7582,52.7095,53.6491,54.5775,55.4951,56.7623,58.1865,60.7920,65.7666,31.8620,22.9494,12.7525
24.189,0.0017384436217046627,0.19015501702260795,0.023783828403772654,3,110.163,0.602799,0.12286,10113.4,0.0,3.8744,11.4997,25.8548,37.2895,43.1495,45.9308,47.3806,48.6315,49.5153,50.3913,51.2597,52.1207,53.3140,54.6606,57.1383,61.9152,32.9422,21.9067,12.1974
24.296,0.0005696532059601838,0.5220097108217181,0.0039973480398220705,3,111.255,0.533754,0.122562,10420.4,0.0,4.5461,13.4798,26.0089,35.1402,40.3315,42.8617,44.1942,45.3506,46.1712,46.9873,47.7990,48.6061,49.7286,51.0005,53.3543,57.9377,65.1906,20.9783,11.6746
24.408,-0.15042616769126,0.6817809135264356,0.0006718342850528954,3,113.881,0.461664,0.135764,10842.6,0.0,5.3398,16.5394,26.4916,34.0744,38.6545,40.9360,42.1485,43.2063,43.9600,44.7120,45.4621,46.2102,47.2540,48.4416,50.6514,54.9964,61.9720,19.6291,11.0133
24.515,-0.049291646629072074,0.6745524033380924,0.00011291518828884014,3,116.952,0.374383,0.170283,11122.0,0.0,6.5050,19.6450,27.8345,34.4036,38.4905,40.5544,41.6581,42.6247,43.3154,44.0061,44.6966,45.3868,46.3523,47.4541,49.5134,53.5932,60.2203,17.5124,10.0970
24.626,-0.016151886767414338,0.6474349662914511,1.8977655695705364e-05,3,119.841,0.271834,0.183302,11333.8,0.0,7.7140,20.0943,26.9552,32.6645,36.3119,38.1794,39.1847,40.0688,40.7025,41.3380,41.9749,42.6131,43.5084,44.5339,46.4605,50.3141,56.6689,16.5642,9.2592
24.734,-0.16778951111732326,0.6522388920981327,3.1895745927772007e-06,3,122.572,0.158542,0.197505,11623.9,0.0,8.9428,19.9313,25.7822,30.7684,34.0212,35.7068,36.6196,37.4255,38.0049,38.5874,39.1726,39.7604,40.5875,41.5381,43.3335,46.9594,53.0332,16.1300,8.3543
24.846,-0.14778975825292448,0.661366433131466,5.360718018080643e-07,3,125.052,0.0218272,0.262656,11938.1,0.0,10.3912,21.3816,26.9209,31.6055,34.6620,36.2482,37.1080,37.8677,38.4142,38.9639,39.5165,40.0719,40.8538,41.7532,43.4542,46.8996,52.7013,13.5609,7.1974
24.957,-0.048427747984318294,0.6487054434335188,9.009758772988138e-08,3,127.726,-0.129671,0.236148,12133.0,0.0,11.2233,21.4308,26.4580,30.7349,33.5481,35.0159,35.8140,36.5204,37.0294,37.5420,38.0580,38.5772,39.3095,40.1535,41.7547,45.0175,50.5683,12.4211,6.2878
25.066,-0.3346049351833608,0.2756934247042955,1.5142701569761165e-08,3,129.048,-0.256059,0.18803,11911.1,0.0,11.7263,21.1009,25.6575,29.5606,32.1485,33.5059,34.2461,34.9026,35.3764,35.8541,36.3357,36.8210,37.5066,38.2984,39.8052,42.8949,48.2082,11.7718,5.5525
25.176,-0.2723050333310399,0.09033922140710354,2.545033852829759e-09,3,127.931,-0.361591,0.18431,11657.4,0.0,12.5518,22.0462,26.5522,30.3819,32.9114,34.2363,34.9583,35.5985,36.0604,36.5262,36.9956,37.4686,38.1366,38.9081,40.3761,43.3861,48.5646,9.6310,4.7587
25.286,-0.1411999125968175,0.02960235607067969,4.277438396450977e-10,3,126.242,-0.451375,0.181036,11431.7,0.0,13.2399,22.8172,27.2794,31.0488,33.5317,34.8308,35.5384,36.1657,36.6183,37.0745,37.5342,37.9974,38.6516,39.4070,40.8442,43.7909,48.8621,8.0047,4.0852
25.394,-0.36068876309552006,0.3411216781622403,7.189090712915157e-11,3,125.058,-0.527337,0.159351,11675.4,0.0,13.5807,22.8474,27.1311,30.7527,33.1429,34.3953,35.0782,35.6838,36.1211,36.5619,37.0065,37.4546,38.0877,38.8194,40.2130,43.0768,48.0257,7.0922,3.5694
25.506,-0.18568683521214002,0.5502955425158279,1.2082704761196504e-11,3,125.916,-0.591162,0.128415,11960.3,0.0,13.7138,22.4997,26.5520,29.9905,32.2688,33.4658,34.1194,34.6997,35.1189,35.5420,35.9689,36.3994,37.0083,37.7127,39.0568,41.8278,46.6454,6.5191,3.1584
25.616,-0.1269736724794039,0.6228688199340864,2.0307401892142967e-12,3,128.027,-0.636438,0.0767176,12151.2,0.0,13.4906,21.4558,25.1512,28.3146,30.4272,31.5429,32.1537,32.6970,33.0901,33.4873,33.8886,34.2938,34.8679,35.5331,36.8064,39.4471,44.0864,6.7347,2.9349
25.726,-0.15868397677986198,0.6484581685878764,3.413065036012469e-13,3,130.36,-0.655067,0.0270841,12392.6,0.0,13.1354,20.3552,23.7308,26.6451,28.6064,29.6471,30.2185,30.7276,31.0964,31.4696,31.8471,32.2288,32.7702,33.3989,34.6057,37.1233,41.5927,7.9110,2.9219
25.835,-0.09035552449094197,0.6591397219016254,5.736338406026157e-14,3,132.901,-0.64151,-0.0292335,12593.0,0.0,12.5377,18.9412,21.9707,24.6136,26.4083,27.3662,27.8937,28.3647,28.7066,29.0530,29.4038,29.7592,30.2641,30.8518,31.9838,34.3621,38.6394,46.5835,3.2382
25.944,-0.307499810875852,0.6364921111039745,9.641063959008163e-15,3,135.226,-0.591279,-0.0772588,12838.8,0.0,11.8083,17.5217,20.2630,22.6794,24.3347,25.2232,25.7139,26.1530,26.4722,26.7961,27.1246,27.4578,27.9320,28.4853,29.5545,31.8160,35.9950,44.3841,3.9466
26.054,-0.3767310405152648,0.35009242246655037,1.620373619590502e-15,3,136.318,-0.511305,-0.0983837,12692.3,0.0,11.1018,16.4363,19.0345,21.3458,22.9403,23.7997,24.2754,24.7018,25.0121,25.3273,25.6473,25.9721,26.4351,26.9760,28.0238,30.2501,34.8053,44.8137,4.9127
26.164,-0.14351196123484197,0.11471828499383922,2.7233619424457575e-16,3,135.425,-0.409516,-0.123188,12354.3,0.0,10.2345,15.1120,17.5312,19.7078,21.2228,22.0438,22.4996,22.9088,23.2071,23.5105,23.8189,24.1325,24.5800,25.1039,26.1219,28.4218,33.5443,45.6256,6.2668
26.278,-0.1813847027746869,0.06954522356428124,4.5771544166685866e-17,3,133.954,-0.28768,-0.159873,12175.9,0.0,9.1842,13.4498,15.6097,17.5796,18.9662,19.7231,20.1449,20.5246,20.8020,21.0846,21.3724,21.6655,22.0848,22.5840,23.5963,25.9778,31.4561,45.4343,8.2754
26.384,-0.336708069752307,0.20068628784191866,7.692823428094894e-18,3,132.674,-0.149193,-0.179399,12195.5,0.0,8.1360,11.9367,13.9058,15.7282,17.0261,17.7398,18.1397,18.5063,18.7791,19.0616,19.3542,19.6574,20.1009,20.6367,21.7344,24.3768,30.8004,49.7774,10.6848
26.497,-0.3922799610837836,0.1498902343625399,1.2929328335599093e-18,3,131.575,0.000614802,-0.190748,12050.3,0.0,7.0567,10.4287,12.2214,13.9091,15.1649,15.8992,16.3254,16.7203,17.0158,17.3234,17.6436,17.9772,18.4686,19.0676,20.3137,23.4219,31.6897,64.1971,13.5736
26.606,-0.3983371466507545,0.04911603199591708,2.1730322133641395e-19,3,129.656,0.157324,-0.188714,11763.4,0.0,5.9807,8.9870,10.6467,12.3656,13.7488,14.5795,15.0693,15.5283,15.8751,16.2391,16.6214,17.0235,17.6226,18.3646,19.9498,24.1709,37.6757,182.9170,15.2058
26.715,-0.13806899283051924,0.01609434136442211,3.65221524100111e-20,3,127.42,0.316161,-0.176241,11504.6,0.0,4.9104,7.6213,9.3504,11.2844,12.9387,13.9780,14.6080,15.2102,15.6732,16.1665,16.6932,17.2567,18.1152,19.2109,21.6809,29.2633,71.1139,125.1150,15.5973
26.828,-0.08918462595107562,0.059861196122043846,6.138278155550565e-21,3,125.484,0.475829,-0.185688,11381.9,0.0,3.7759,6.1944,7.8775,9.8895,11.7318,12.9519,13.7166,14.4663,15.0554,15.6958,16.3944,17.1595,18.3614,19.9631,23.8814,39.4388,200.0000,68.5492,16.0668
26.938,-0.3348440742904942,0.4544547991671463,1.0316604096033834e-21,3,125.122,0.62142,-0.153662,11772.3,0.0,2.8147,4.8697,6.3954,8.3403,10.2494,11.5881,12.4596,13.3396,14.0496,14.8406,15.7274,16.7281,18.3667,20.6861,27.1219,72.1475,174.5070,54.9594,16.4738
27.044,-0.1362808368415091,0.7151248970285904,1.733911650420407e-22,3,127.003,0.725993,-0.102737,12215.5,0.0,2.1189,3.9068,5.3529,7.3718,9.5754,11.2723,12.4529,13.7117,14.7802,16.0307,17.5138,19.3008,22.5209,27.8326,49.9444,200.0000,97.2385,45.6445,16.4156
27.156,-0.04465650461622571,0.8723135442270784,2.914185310861578e-23,3,130.478,0.798427,-0.0646533,12706.9,0.0,1.6098,3.1334,4.4683,6.5114,9.0215,11.1907,12.8412,14.7467,16.4967,18.7196,21.6367,25.6332,34.5795,57.5416,196.6250,200.0000,74.7886,40.9044,16.3507
27.265,-0.07645512125090656,0.952375225609829,4.897871251965055e-24,3,134.829,0.848592,-0.0436915,13195.2,0.0,1.2321,2.4783,3.6275,5.5023,8.0208,10.4164,12.3942,14.8666,17.3388,20.7990,25.9871,34.6272,64.7947,185.7640,200.0000,141.4720,67.2255,39.0603,16.4186
27.375,-0.10095750151349706,0.9855804604122037,8.231852213177668e-25,3,139.199,0.876466,0.00814903,13869.3,0.0,1.0569,2.3319,3.7072,6.5145,12.0276,20.8926,34.4426,79.6637,179.6880,188.6250,194.7350,199.6950,200.0000,200.0000,144.5600,86.6371,52.1541,33.7836,15.7942
27.487,-0.03308175409594271,0.997787813861621,1.3835274014687706e-25,3,143.746,0.876915,0.059077,14478.3,0.0,1.1120,2.7436,4.9301,11.7123,68.7887,189.2740,196.9850,200.0000,200.0000,200.0000,166.2790,147.2940,127.0600,109.8360,87.6151,62.4738,42.4479,29.5712,15.0631
27.594,-0.010840229182158505,1.0,2.3252945036485637e-26,3,148.677,0.848466,0.0877234,14722.7,0.0,1.4152,3.7652,7.4883,26.3974,186.6080,198.9700,200.0000,157.9610,140.5420,126.5920,115.1690,105.6440,94.6924,84.6760,70.6935,53.2294,37.8773,27.2398,14.4725
27.709,0.015501449197440292,1.0,3.9081224722821424e-27,3,153.722,0.795736,0.0907947,14995.6,0.0,1.9147,5.1388,10.3541,39.0646,184.3410,195.7370,200.0000,147.0390,131.4340,118.8310,108.4410,99.7292,89.6567,80.3921,67.3745,50.9763,36.4316,26.2818,14.0236
27.818,0.005079514873017234,1.0,6.5683814391645965e-28,4,155.197,0.731142,0.0851693,11999.3,0.0,2.5034,6.6124,13.0144,43.6041,177.5270,189.2370,194.2160,154.1320,136.0100,122.1030,110.7840,101.3920,90.6455,80.8651,67.2886,50.4559,35.7717,25.6580,13.5830
27.926,0.0016644554335902874,1.0,1.103947868480394e-28,4,158.866,0.664085,0.0831388,12247.5,0.0,3.1202,8.1956,16.0004,51.6470,172.6730,184.0980,188.9890,192.8270,134.3020,120.2330,108.8390,99.4250,88.6958,78.9709,65.5340,48.9743,34.6177,24.7778,13.0793
28.035,0.06238230939417886,1.0,1.8554051825549977e-29,4,162.393,0.601215,0.0591099,12551.4,0.0,3.6029,8.8901,15.9766,37.9667,152.8110,169.7330,175.7650,180.3260,183.2850,186.0420,141.7330,125.6040,108.3560,93.6725,74.7263,53.2875,36.2084,25.2255,12.8501
28.148,0.02044143514228453,1.0,3.118379490320184e-30,4,165.933,0.553689,0.0381297,12793.8,0.0,3.9401,9.2568,15.7084,31.9004,84.5334,153.8730,161.9680,167.5520,171.0450,174.2390,177.1910,179.9440,137.6490,114.1410,86.5297,58.4031,38.0421,25.7963,12.7083
28.257,0.006698249467423795,1.0,5.241060409381134e-31,4,169.477,0.518611,0.0320991,13046.0,0.0,4.2224,9.7891,16.3726,32.1097,76.6033,145.5820,154.3460,160.1630,163.7620,167.0340,170.0520,172.8580,176.4950,120.4290,89.5619,59.2972,38.0927,25.6129,12.4914
28.367,0.0057915149038854285,1.0,8.808650230046874e-32,4,172.996,0.489918,0.0279409,13303.5,0.0,4.4544,10.2349,16.9553,32.5263,73.1124,138.3810,147.5040,153.4110,157.0410,160.3360,163.3690,166.1890,169.8430,125.0050,91.5948,59.7757,38.0150,25.4067,12.3035
28.478,0.0018977636037051774,1.0,1.4804698441639782e-32,4,176.49,0.464517,0.0261779,13560.3,0.0,4.6675,10.6845,17.6303,33.5208,73.6541,133.0550,141.8410,147.5970,151.1500,154.3820,157.3640,160.1410,163.7460,167.5300,91.6816,59.4497,37.6413,25.0913,12.1139
28.585,0.0006218591776621126,1.0,2.488225667086398e-33,4,179.957,0.440394,0.0256273,13815.7,0.0,4.8749,11.1463,18.3699,34.8318,76.0136,128.5880,136.7200,142.2070,145.6250,148.7510,151.6460,154.3510,157.8720,161.5810,90.6901,58.6867,37.1063,24.7144,11.9206
28.696,0.07912841419283631,1.0,4.181960878672109e-34,4,183.385,0.417035,0.0210966,14071.2,0.0,5.0544,11.4475,18.6816,34.6644,71.8271,121.2060,129.5720,135.1040,138.5340,141.6650,144.5610,147.2660,150.7890,154.5030,93.6526,59.5476,37.2089,24.6126,11.7781
28.807,0.0315948287211086,1.0,7.028621648784213e-35,4,186.728,0.405193,-0.00663459,14331.3,0.0,5.0140,10.7549,16.6460,27.7835,46.7289,71.0265,98.3228,115.6720,120.9800,125.2680,128.9860,132.3210,136.5300,140.8570,147.9740,73.1353,41.8591,26.4061,12.0034
28.917,0.010352993475332865,1.0,1.1813004405111628e-35,4,190.099,0.409963,-0.0165937,14566.3,0.0,4.9256,10.3754,15.7966,25.5941,41.0226,58.8169,76.5490,101.9800,109.7610,114.8550,119.0070,122.6220,127.0980,131.6350,139.0270,80.2762,44.1412,27.3042,12.1675
29.025,0.0033924689019970726,1.0,1.9854116503671116e-36,4,193.451,0.42433,-0.0191644,14809.7,0.0,4.7937,10.0516,15.2416,24.5197,38.8703,55.0385,70.7565,94.0623,102.6010,107.7480,111.8920,115.4860,119.9250,124.4250,131.7620,83.1106,45.1860,27.8018,12.3243
29.137,0.001111644209806401,1.0,3.3368813607720053e-37,5,196.248,0.442634,-0.0199034,13453.9,0.0,4.6380,9.7124,14.7102,23.6174,37.3251,52.6695,67.4863,88.8515,96.5393,101.4430,105.4330,108.9100,113.2250,117.6140,124.8050,84.7848,45.9430,28.2237,12.4923
29.244,0.06877118884285686,1.0,5.60829650304951e-38,5,196.939,0.465519,-0.0374104,13492.8,0.0,4.3747,8.8906,13.1241,20.1809,29.9658,39.6132,47.8420,58.4812,69.5325,84.0398,90.7431,95.3374,100.5140,105.4940,113.3540,125.9440,51.3671,30.3236,12.9279
29.356,0.022534943160027337,1.0,9.42586393267531e-39,5,199.59,0.507571,-0.0597247,13664.6,0.0,3.9497,7.7462,11.1105,16.3330,22.8725,28.6368,33.0947,38.3207,43.1969,49.4993,57.9602,69.9162,83.3354,90.3205,99.7419,113.6780,60.6440,33.6824,13.6300
29.465,0.007384250174677758,1.0,1.5842049511647398e-39,5,202.26,0.566404,-0.0658039,13838.1,0.0,3.4592,6.7218,9.5723,13.9217,19.2422,23.8198,27.2903,31.2836,34.9385,39.5638,45.6046,53.8274,71.0273,80.1952,90.3358,104.6280,65.6580,35.7777,14.2599
29.574,0.002419671097238408,1.0,2.662573261422578e-40,5,204.919,0.633352,-0.0676006,14003.6,0.0,2.9205,5.6597,8.0432,11.6620,16.0597,19.8180,22.6517,25.8959,28.8498,32.5672,37.3877,43.8869,58.0126,71.3481,81.9283,96.2813,113.8390,37.5547,14.9000
29.684,0.0007928778251430815,1.0,4.4749868804729264e-41,5,207.54,0.703827,-0.0681351,14179.8,0.0,2.3580,4.5660,6.4850,9.3943,12.9229,15.9324,18.1981,20.7880,23.1427,26.1013,29.9298,35.0776,46.2108,62.4613,73.5986,87.9514,105.4970,39.2527,15.5524
29.796,-0.017228016327069613,1.0,7.521110450010846e-42,5,210.135,0.776049,-0.0676399,14352.2,0.0,1.7838,3.4566,4.9121,7.1218,9.8066,12.1007,13.8302,15.8100,17.6125,19.8807,22.8213,26.7854,35.3977,53.0899,65.2342,79.5603,97.0405,40.8416,16.2024
29.906,-0.05650566285915417,0.59090546875,1.2640730333333234e-42,5,211.987,0.838979,-0.0354143,14311.1,0.0,1.3204,2.6923,3.9854,6.1562,9.1983,12.2348,14.8546,18.2830,21.8944,27.2864,36.2055,47.5564,53.6439,58.5958,66.0140,77.8795,93.7291,37.8020,16.1876
30.016,-0.01851577560568764,0.19362790400000002,0.7481278784179687,5,204.854,0.876824,-0.0195239,13344.8,0.0,1.0254,2.1486,3.2562,5.2332,8.2837,11.7096,15.0292,19.9913,26.1642,37.6558,43.5188,47.1155,51.1758,55.1472,61.5942,72.4894,87.5837,36.6750,16.2456
30.126,-0.11048739189375298,0.06344799158272,0.9194506824207275,5,190.906,0.900681,-0.0165069,12183.0,0.0,0.8292,1.7469,2.6600,4.3108,6.9121,9.9147,12.9094,17.5508,23.6184,33.4807,37.8577,41.0161,44.7109,48.3982,54.4810,64.9452,79.7301,37.2913,16.4008
30.238,-0.19355859686184496,0.02079063788182569,0.9497392362286313,5,176.676,0.914664,0.000671029,11085.1,0.0,0.7246,1.5758,2.4705,4.2244,7.4112,11.9215,17.6585,27.8914,31.7050,34.5775,37.0689,39.3357,42.2661,45.3746,50.7489,60.3953,74.4879,37.5369,16.2356
30.348,-0.06342528101968935,0.0068126762211166425,0.833809209535241,5,162.809,0.920551,0.00017941,10206.6,0.0,0.6743,1.4650,2.2947,3.9173,6.8513,10.9736,16.1664,23.4541,26.4474,28.9192,31.1361,33.1919,35.8884,38.7875,43.8685,53.1513,66.9907,83.8806,16.2935
30.457,-0.04919861610123806,0.0022323777441355013,0.17819055673599227,4,152.109,0.92426,-0.00572968,11164.8,0.0,0.6390,1.3730,2.1284,3.5627,6.0214,9.2098,12.8398,17.8286,20.3633,22.5441,24.5383,26.4159,28.9077,31.6194,36.4352,45.3955,59.0403,76.0574,16.4223
30.567,-0.13009579094687057,0.0007315055391983211,0.029948486870618227,4,144.821,0.927378,-0.000588059,10701.6,0.0,0.6159,1.3361,2.0900,3.5583,6.1943,9.8566,13.1730,15.7097,17.4112,19.0532,20.6530,22.2206,24.3695,26.7755,31.1717,39.6209,52.8757,69.8024,16.3720
30.674,-0.09170240162673655,0.00023969973508450583,0.005033442188344806,4,142.788,0.914015,0.0583904,10542.7,0.0,0.7762,1.9119,3.4285,7.8656,13.9689,17.5813,19.5842,21.3645,22.6484,23.9388,25.2337,26.5324,28.3548,30.4377,34.3359,42.0417,54.4380,70.5240,15.5229
30.787,-0.040028325834433796,7.854480919249087e-05,0.0008459706285951114,3,141.375,0.871364,0.0907482,12795.5,0.0,1.2057,3.2021,5.7873,10.5022,15.3309,18.2644,19.9369,21.4500,22.5552,23.6785,24.8166,25.9676,27.5977,29.4827,33.0570,40.2684,52.1260,67.7972,15.1697
30.894,-0.19178056149151593,2.5737563076195406e-05,0.00014218228354798043,3,139.522,0.809007,0.104511,12627.5,0.0,1.8017,4.5596,7.6125,12.3015,16.6883,19.3179,20.8212,22.1865,23.1874,24.2081,25.2463,26.2998,27.7979,29.5393,32.8665,39.6605,51.0040,66.1970,14.7661
31.005,-0.11599708499803993,8.433684668807711e-06,2.389657639590908e-05,3,137.458,0.743603,0.132059,12415.9,0.0,2.4914,6.4991,10.7217,16.4448,21.2195,23.9309,25.4499,26.8142,27.8066,28.8126,29.8311,30.8611,32.3190,34.0047,37.2101,43.7109,54.5086,68.8474,13.8219
31.114,-0.16197032545899365,2.7635497922749106e-06,4.01629759486044e-06,3,135.484,0.674141,0.138427,12245.5,0.0,3.1770,8.1115,12.8613,18.7536,23.4301,26.0426,27.4985,28.8030,29.7506,30.7106,31.6821,32.6636,34.0525,35.6586,38.7128,44.9145,55.2611,68.9156,13.1744
31.228,-0.3689979756947409,9.055599959326427e-07,6.750191367681944e-07,3,133.261,0.597769,0.160266,12036.9,0.0,4.0100,10.2980,15.9013,22.2623,27.0275,29.6266,31.0606,32.3395,33.2656,34.2007,35.1441,36.0952,37.4387,38.9884,41.9242,47.8722,57.7090,70.5426,12.3023
31.337,-0.1707614794716527,2.9673389946720833e-07,1.1345046631663043e-07,3,130.762,0.5098,0.206568,11786.0,0.0,5.1585,13.7901,20.8070,27.9508,32.9433,35.5840,37.0221,38.2952,39.2123,40.1351,41.0632,41.9962,43.3100,44.8183,47.6562,53.3105,62.3913,24.7320,11.1603
31.445,-0.055955121593271165,9.723376417741484e-08,1.9067619873836077e-08,3,128.554,0.409882,0.232474,11583.8,0.0,6.3771,16.8392,24.4955,31.7762,36.6985,39.2745,40.6718,41.9041,42.7892,43.6779,44.5691,45.4616,46.7127,48.1441,50.8205,56.0989,64.8543,20.1885,10.2010
31.557,-0.3004969292694408,3.1861559845655294e-08,3.20469487219563e-09,3,126.557,0.299222,0.233216,11428.7,0.0,7.5008,18.7198,26.2657,33.2398,37.9276,40.3690,41.6890,42.8517,43.6860,44.5231,45.3614,46.2004,47.3759,48.7197,51.2289,56.1687,65.5710,18.1111,9.3798
31.665,-0.14631221886651039,1.0440395930224328e-08,5.386130671699196e-10,3,124.461,0.177504,0.249221,11241.3,0.0,8.8907,21.3971,29.1069,35.9781,40.4854,42.8032,44.0500,45.1456,45.9292,46.7130,47.4970,48.2810,49.3776,50.6264,52.9520,58.0786,69.7478,15.3218,8.3890
31.774,-0.047943587878178116,3.4211089384159076e-09,9.05246981992484e-11,3,122.75,0.0480957,0.250446,11102.2,0.0,10.1759,23.2407,30.7841,37.3330,41.5689,43.7348,44.8979,45.9183,46.6472,47.3760,48.1045,48.8325,49.8581,51.0872,53.5924,59.5534,20.9408,13.2942,7.4452
31.887,-0.034851303630804215,1.1210289769401247e-09,1.5214486026347677e-11,3,121.345,-0.0806707,0.217632,10997.3,0.0,10.9556,23.1991,30.0306,35.9663,39.8356,41.8267,42.8986,43.8402,44.5147,45.1906,45.8697,46.5694,47.5918,48.8258,51.3490,57.3973,20.9968,12.3538,6.6680
31.995,-0.10272983426449192,0.11181005896108877,2.5570986664482548e-12,3,120.045,-0.199422,0.199647,10959.8,0.0,11.7840,23.7280,30.1295,35.6334,39.2141,41.0564,42.0505,42.9519,43.6238,44.3206,45.0434,45.7937,46.8933,48.2255,50.9670,57.6360,18.2930,10.9975,5.8709
32.104,-0.03366251209178871,0.5990116447297446,4.297715728699582e-13,3,121.059,-0.306877,0.170263,11404.5,0.0,12.3272,23.5930,29.4526,34.4810,37.7622,39.4993,40.5015,41.4278,42.1198,42.8386,43.5857,44.3627,45.5044,46.8920,49.7633,56.8382,17.7857,10.0430,5.1857
32.215,-0.14988698390554783,0.8378555224637927,7.223170825225387e-14,3,124.312,-0.394668,0.127103,11984.3,0.0,12.5130,22.7345,27.9525,32.4550,35.4446,37.1352,38.1156,39.0233,39.7022,40.4084,41.1433,41.9087,43.0350,44.4071,47.2566,54.3398,73.0078,9.7127,4.6812
32.326,-0.21100656038877932,0.9285899058040605,1.2139983205956309e-14,3,127.961,-0.4675,0.136406,12788.2,0.0,13.2177,23.6898,28.8287,33.3516,36.8954,39.0087,40.2496,41.4088,42.2825,43.1973,44.1559,45.1616,46.6552,48.4971,52.4033,62.6153,14.3191,8.1164,4.0778
32.435,-0.06914262970819521,0.9650619750994995,2.0403669774250766e-15,3,131.78,-0.532902,0.154269,13584.0,0.0,13.9639,24.7496,30.0914,35.8394,40.6509,43.6251,45.4099,47.1037,48.3975,49.7684,51.2232,52.7698,55.1061,58.0542,64.5639,83.4421,10.2563,6.6726,3.5185
32.544,-0.12690032022779116,0.988653435734979,3.429244778958327e-16,3,135.767,-0.590411,0.155824,14304.0,0.0,14.3915,25.0843,31.4534,38.8659,45.4662,49.7426,52.3853,54.9484,56.9438,59.0942,61.4183,63.9377,67.8425,72.9472,84.9799,127.1860,8.6336,5.7723,3.0784
32.658,-0.041582696932242605,0.9978536043060129,5.76353169999526e-17,3,139.554,-0.63828,0.15947,15033.3,0.0,14.7514,26.3762,34.8235,45.7106,56.5298,64.1956,69.2217,74.3256,78.4651,83.0998,88.3234,94.2555,104.0520,118.1030,152.4070,198.3930,7.3350,5.0164,2.7087
32.764,-0.013625818130757255,1.0,9.686767728182038e-18,4,140.659,-0.675464,0.12715,11370.5,0.0,14.5424,27.0898,37.3675,51.9327,68.1278,80.8162,89.7580,99.3966,107.6650,117.4430,129.1860,141.6500,155.3470,168.5320,189.8970,29.2220,7.5758,4.8513,2.4923
32.874,0.045516976116036514,1.0,1.6280550520755555e-18,4,144.426,-0.697075,0.0586542,11411.6,0.0,13.9696,26.8166,37.8368,54.2873,73.8333,90.1632,102.2550,115.8700,128.0610,139.8120,149.4000,157.8950,168.6780,179.9710,199.2890,29.4598,10.5071,5.5815,2.4722
32.988,0.06942883981575285,1.0,2.7362721260233868e-19,4,148.429,-0.675363,-0.0762224,11498.1,0.0,12.9148,23.5939,32.1210,43.8572,56.4485,65.9929,72.5567,79.4871,85.3158,92.0745,100.0050,109.4380,126.0110,142.6510,166.3530,200.0000,19.3072,8.7368,3.0749
33.107,0.01820035378466071,1.0,3.219196793545255e-20,4,152.438,-0.580227,-0.134089,11806.1,0.0,11.9219,21.1143,28.1504,37.4068,46.8234,53.6312,58.1577,62.8059,66.6151,70.9219,75.8302,81.4751,90.9670,104.9610,137.4630,180.5460,33.4573,12.8344,4.1546
33.225,-0.034725436952786404,1.0,3.7873528356380574e-21,4,156.438,-0.467088,-0.138004,12082.0,0.0,11.0355,19.4512,25.8521,34.2175,42.6634,48.7295,52.7444,56.8520,60.2067,63.9873,68.2801,73.1962,81.4129,93.4142,125.4300,170.1230,44.7986,16.6188,5.3016
33.325,-0.03961728751668905,1.0,6.365403910856883e-22,4,159.691,-0.372788,-0.115889,12335.9,0.0,10.5043,19.0350,25.7704,34.9281,44.6104,51.8533,56.7869,61.9547,66.2684,71.2336,77.0094,83.8114,95.6516,113.6320,140.0260,179.0000,40.2860,17.5809,6.0639
33.427,-0.012981792773468665,1.0,1.0698334352977164e-22,4,162.938,-0.28658,-0.103359,12560.2,0.0,9.9441,18.3193,25.0858,34.5198,44.8005,52.7059,58.1998,64.0522,69.0157,74.8193,81.6953,89.9706,104.8530,121.0640,143.8510,180.7270,40.4274,18.9172,6.7904
33.543,-0.0034030990848081693,1.0,1.2586483382934104e-23,4,166.802,-0.190386,-0.0995368,12846.6,0.0,9.2293,17.0903,23.4880,32.4801,42.3772,50.0578,55.4320,61.1901,66.1007,71.8742,78.7593,87.1106,102.1210,117.1660,139.1170,175.2370,44.2889,21.1205,7.6700
33.647,-0.001115127508109941,1.0,2.115410262169735e-24,4,170.005,-0.112045,-0.0987849,13079.9,0.0,8.6272,15.9918,21.9940,30.4441,39.7631,47.0086,52.0854,57.5312,62.1807,67.6534,74.1887,82.1284,96.5334,111.4600,133.1630,168.9380,48.2458,23.0908,8.4044
33.766,-0.04395945798329848,1.0,2.4887590193400718e-25,4,173.816,-0.0177358,-0.0964311,13360.5,0.0,7.9109,14.7110,20.2788,28.1574,36.9013,43.7401,48.5531,53.7355,58.1762,63.4223,69.7142,77.3985,91.3825,105.7200,126.8660,162.0470,52.2629,25.2923,9.2704
33.886,-0.0232978939666938,1.0,2.9280000986634004e-26,4,177.546,0.0681885,-0.0718839,13646.3,0.0,7.3947,14.2393,20.1380,28.9921,39.5888,48.5064,55.1477,62.6650,69.4318,77.8434,87.9165,96.5525,106.9870,117.6780,135.8400,168.4670,46.7403,24.9559,9.7925
34.006,-0.006107403116004979,1.0,3.444762836076505e-27,4,181.288,0.140968,-0.0643172,13914.5,0.0,6.8623,13.3644,19.0649,27.7987,38.5422,47.8387,54.9197,63.1027,70.6257,79.9703,88.4577,95.8914,105.3420,115.3160,132.6250,164.2980,47.3387,25.9189,10.3693
34.106,-0.0020012738530525115,1.0,5.789612898593782e-28,4,184.387,0.196722,-0.0628715,14141.1,0.0,6.4250,12.5404,17.9198,26.1952,36.4310,45.3388,52.1553,60.0669,67.3731,76.2112,84.0716,91.1079,100.1660,109.8150,126.6920,157.8330,49.1656,27.0427,10.8582
34.225,-0.06344077808834085,1.0,6.811421679066599e-29,4,188.063,0.261579,-0.0571929,14415.1,0.0,5.9361,11.6875,16.8151,24.8340,34.9783,44.0168,51.0698,59.4088,67.2127,74.8646,81.7062,88.0729,96.4729,105.5820,121.7590,152.0640,49.9111,27.9328,11.3736
34.326,-0.04576392478758753,1.0,1.1447956416007235e-29,4,191.004,0.304127,-0.0254561,14658.3,0.0,5.7599,11.9453,17.9394,28.3849,43.8920,60.4806,71.6376,80.2884,86.1205,91.7538,97.2337,102.5930,109.9310,118.1310,133.0970,162.3870,42.7706,25.9617,11.3587
34.426,-0.014995922874396678,1.0,1.9240580348383357e-30,4,194.002,0.328898,-0.0115553,14859.3,0.0,5.6298,11.9671,18.3695,30.2003,49.5408,67.7164,76.6752,84.1793,89.4047,94.5428,99.6085,104.6130,111.5300,119.3290,133.7030,163.0950,40.5574,25.3428,11.4087
34.544,-0.003931091205985842,1.0,2.2636350374069536e-31,5,196.298,0.344236,-0.00780576,13460.3,0.0,5.5214,11.8177,18.2545,30.3564,50.6590,65.8259,73.6565,80.4160,85.2018,89.9585,94.6882,99.3947,105.9470,113.3890,127.2210,155.7240,40.2727,25.3488,11.4963
34.649,-0.001288139966377441,1.0,3.804491407369867e-32,5,197.676,0.352259,-0.00684482,13524.5,0.0,5.4590,11.7050,18.1100,30.2071,49.7415,62.7909,69.8470,76.0540,80.5003,84.9545,89.4137,93.8766,100.1270,107.2700,120.6450,148.1750,40.3235,25.4273,11.5536
34.766,-0.0850276328085523,1.0,4.475946095856575e-33,5,200.566,0.358149,0.00503922,13726.7,0.0,5.4739,12.0047,18.9728,32.9531,52.3416,63.7486,70.0967,75.7643,79.8642,84.0018,88.1710,92.3663,98.2778,105.0770,117.9090,145.3480,38.2936,24.6691,11.4666
34.884,-0.022289483774965136,1.0,5.265905822314302e-34,5,203.387,0.343963,0.0325381,13912.9,0.0,5.7570,13.3596,22.3674,41.2873,59.8966,70.6185,76.6114,81.9811,85.8783,89.8197,93.8013,97.8179,103.4920,110.0370,122.4440,153.4050,33.7217,22.6412,11.0503
34.985,-0.007303818043380576,1.0,8.850407915563649e-35,5,205.764,0.315924,0.0381058,14062.4,0.0,6.0390,14.1870,24.0735,41.9108,58.6293,68.4637,74.0264,79.0471,82.7110,86.4328,90.2070,94.0286,99.4497,105.7320,117.7120,148.3350,32.6812,21.8500,10.7637
35.085,-0.0023933150964549474,1.0,1.4874880583687826e-35,5,208.125,0.28089,0.0396189,14214.9,0.0,6.3587,14.9886,25.0841,40.8910,55.7159,64.6197,69.7205,74.3615,77.7692,81.2478,84.7914,88.3952,93.5332,99.5201,111.0210,140.1450,32.5662,21.1955,10.4625
35.205,-0.0006273931926450857,1.0,1.750014825790289e-36,5,210.926,0.235313,0.0401474,14397.2,0.0,6.7656,15.8729,25.2132,38.8360,51.6122,59.4451,63.9950,68.1746,71.2662,74.4413,77.6954,81.0228,85.7965,91.4012,102.2780,129.2530,33.5739,20.7435,10.0853
35.306,-0.13136408233007843,1.0,2.941249917705739e-37,5,213.127,0.19141,0.0638914,14570.4,0.0,7.3451,17.4340,27.3970,41.4791,54.3618,62.1742,66.6952,70.8391,73.9016,77.0437,80.2618,83.5516,88.2691,93.8070,104.8100,136.2930,30.7148,19.3296,9.5225
35.424,-0.03443630599833608,1.0,3.460351115681625e-38,5,215.67,0.103984,0.0998532,14736.4,0.0,8.3670,20.2238,31.8404,47.6608,61.5289,69.7308,74.4235,78.6973,81.8398,85.0536,88.3342,91.6773,96.6299,103.0070,117.6230,164.6770,25.6362,16.9598,8.6333
35.526,-0.011284088749534767,1.0,5.815812120126108e-39,5,217.907,0.0202942,0.0848085,14867.3,0.0,8.9805,20.8915,31.9761,46.6936,59.5760,67.2495,71.6622,75.6969,78.6728,81.7235,84.8460,88.0708,93.0126,99.4063,114.1800,162.9290,25.0166,16.2071,8.0779
35.626,-0.0036975702014475516,1.0,9.774635430295949e-40,5,220.135,-0.0515544,0.063673,15009.1,0.0,9.4075,20.9289,31.1087,44.3382,55.9568,62.9511,67.0040,70.7287,73.4879,76.3269,79.2433,82.2797,86.9479,92.9949,107.0030,153.5690,25.5288,15.8797,7.6479
35.744,-0.008640432417107017,1.0,1.149976083738888e-40,6,220.317,-0.111394,0.0366158,13740.1,0.0,9.6571,20.4516,29.4985,41.0091,51.1523,57.3318,60.9434,64.2844,66.7729,69.3447,71.9987,74.7726,79.0405,84.5725,97.4050,140.2370,27.7904,16.0404,7.3459
35.845,-0.1939665091269251,1.0,1.9327648039399493e-41,6,221.964,-0.143819,0.0452276,13865.3,0.0,10.0230,21.4632,31.0979,43.2984,53.9445,60.3780,64.1210,67.5829,70.2604,73.1634,76.3240,79.7754,85.1796,92.3454,109.7070,176.3570,24.9786,15.0047,7.0174
35.964,-0.09504805304824865,1.0,2.2738784641873113e-42,6,223.402,-0.202169,0.0919297,14000.7,0.0,11.0706,25.5028,38.2350,54.1410,68.1211,78.1166,84.7751,91.6230,97.2431,103.6060,110.8690,119.2370,133.3430,154.2230,200.0000,31.1854,18.1197,12.2460,6.2659
36.085,-0.024916276818280094,1.0,2.6751952743317296e-43,6,225.403,-0.289627,0.0862039,14060.8,0.0,11.7844,26.6530,39.3940,55.1247,70.9838,83.0148,91.2933,100.0390,107.3960,115.9330,125.9540,137.8830,158.9820,192.7210,200.0000,27.5548,16.2713,10.9955,5.6024
36.206,-0.006531652470251217,1.0,3.1473404882985374e-44,6,227.5,-0.374705,0.0618511,14180.1,0.0,12.2200,26.3722,37.9485,52.5016,68.0426,79.9643,88.2348,97.0311,104.4810,113.1800,123.4680,135.8260,157.9810,194.2260,200.0000,29.7707,15.6829,10.2469,5.0352
36.324,-0.05998624206738028,1.0,3.702814611078346e-45,6,229.559,-0.434464,0.0407346,14309.6,0.0,12.4659,25.9436,36.5918,50.8450,66.6864,79.0941,87.8347,97.2550,105.3340,114.8860,126.3540,140.3780,166.2270,200.0000,200.0000,38.0613,15.5065,9.7771,4.6412
36.426,-0.061497763452239174,1.0,6.223320516839377e-46,6,231.081,-0.475271,0.055637,14424.4,0.0,13.0111,27.5976,39.8265,58.9417,83.2342,104.9840,122.0260,142.2540,161.3780,186.4580,200.0000,200.0000,200.0000,200.0000,112.7980,24.0801,13.2498,8.6741,4.2454
36.544,-0.016121269702423786,1.0,7.32167435485636e-47,6,233.051,-0.526906,0.0439188,14526.7,0.0,13.2965,27.7435,40.9410,62.9214,93.3615,123.3310,148.8600,181.8220,200.0000,200.0000,200.0000,200.0000,200.0000,200.0000,61.7737,23.5317,12.4730,8.0405,3.8673
36.665,-0.00422609412487218,1.0,8.61387666174496e-48,6,235.055,-0.561406,0.016896,14648.4,0.0,13.2332,27.1238,40.2185,62.2963,93.4384,124.7620,151.9790,187.8700,200.0000,200.0000,200.0000,200.0000,200.0000,200.0000,64.5467,26.1512,13.1777,8.0357,3.6782
36.766,-0.0013848065228381158,1.0,1.4477342505394757e-48,6,236.728,-0.564972,-0.00793511,14735.4,0.0,12.9705,26.5349,39.3881,61.1188,91.9012,123.0170,150.1800,186.1810,200.0000,200.0000,200.0000,200.0000,200.0000,200.0000,69.5046,28.5175,14.4323,8.6016,3.7410
36.884,-0.00036301872112287506,1.0,1.703244868417188e-49,6,238.699,-0.534423,-0.0331695,14855.4,0.0,12.6088,25.8070,38.3229,59.5051,89.5571,119.9900,146.6040,181.9430,200.0000,200.0000,200.0000,200.0000,200.0000,195.7210,76.2501,31.4274,15.9300,9.5005,4.0884
36.986,-0.0001189539745375437,1.0,2.862643650348768e-50,6,240.329,-0.497534,-0.033228,14955.7,0.0,12.3050,25.1827,37.3927,58.0528,87.3546,117.0170,142.9460,177.3640,200.0000,200.0000,200.0000,200.0000,200.0000,190.9040,82.4234,33.9398,17.1978,10.2552,4.4126
37.086,-0.002161082951657712,1.0,4.811245183141175e-51,6,241.943,-0.460425,-0.0331616,15057.6,0.0,12.0008,24.5630,36.4759,56.6383,85.2448,114.2160,139.5520,173.6710,200.0000,200.0000,200.0000,200.0000,195.6020,185.6950,88.3502,36.4192,18.4610,11.0102,4.7381
37.206,-0.03833882390429936,1.0,5.6603818455137614e-52,6,243.814,-0.422051,-0.0120501,15176.3,0.0,11.9237,25.3231,38.8392,63.7593,104.3430,153.3080,200.0000,199.3690,196.0440,192.3070,188.0000,182.8070,171.8460,109.8140,60.0664,31.5530,17.6824,11.0383,4.9642
37.306,-0.012562865816960814,1.0,9.51340376775498e-53,6,245.368,-0.408169,-0.000273317,15267.8,0.0,11.9454,25.9310,40.5853,69.1745,120.6500,197.0610,192.5170,187.9160,184.1380,179.7650,174.4370,167.0390,120.8100,81.9213,51.1052,29.2027,17.1013,10.9157,5.0232
37.424,-0.003293279896721375,1.0,1.119242439872606e-53,6,247.241,-0.405869,0.00257236,15377.1,0.0,11.9600,26.1043,41.0683,70.6965,125.5420,187.4630,182.8990,178.2800,174.4810,170.0640,164.6200,156.7210,110.5790,77.1779,49.2903,28.6507,16.9407,10.8683,5.0285
37.525,-0.0010791419565576602,1.0,1.8811107686938888e-54,6,248.781,-0.408154,0.00320259,15470.2,0.0,11.9870,26.1951,41.2589,71.1848,126.9340,179.9030,175.4070,170.8730,167.1560,162.8500,157.5770,150.0650,108.0430,75.8474,48.6776,28.3978,16.8263,10.8069,5.0060
37.644,-0.00028289058905985124,1.0,2.2131080082606736e-55,6,250.603,-0.412453,0.00343335,15578.7,0.0,12.0264,26.2929,41.4306,71.5402,127.7640,170.9060,166.5190,162.1210,158.5350,154.4110,149.4230,142.5750,106.5110,74.9275,48.1721,28.1400,16.6862,10.7213,4.9685
37.745,-0.008255861514785632,1.0,3.7195706294837143e-56,6,252.097,-0.416388,0.00373146,15666.8,0.0,12.0636,26.3892,41.6054,71.9193,129.9170,163.3140,159.0210,154.7360,151.2590,147.2840,142.5220,136.1540,104.8530,73.9576,47.6558,27.8857,16.5516,10.6403,4.9337
37.864,-0.019164426714339964,1.0,4.3760376498812966e-57,6,253.824,-0.429886,0.022377,15773.8,0.0,12.4139,28.1908,46.1319,86.1113,156.2010,148.4400,143.3980,138.1200,133.4990,127.3540,109.9950,85.9042,65.7520,51.8582,37.1573,23.7470,14.8890,9.8680,4.7329
37.966,-0.006279799345754919,1.0,7.354806478155496e-58,6,255.261,-0.455364,0.0278874,15854.8,0.0,12.7085,29.1971,48.3626,92.7515,146.8320,138.8330,133.5690,127.9280,122.7350,114.4010,89.2703,72.0972,56.8057,45.7295,33.5005,21.8586,13.8994,9.2887,4.4977
38.086,-0.0016462117196935772,1.0,8.652856273485162e-59,6,256.954,-0.494322,0.0294657,15958.8,0.0,13.0705,30.1305,50.0880,96.8509,136.7660,128.8290,123.6070,117.9780,112.7090,102.9210,79.4609,64.6898,51.3362,41.5433,30.6113,20.0854,12.8215,8.5882,4.1698
38.204,-0.0004315445250473531,1.0,1.017999887719256e-59,6,258.607,-0.536281,0.0299295,16061.6,0.0,13.4441,31.0226,51.6260,138.6970,126.8540,119.0700,113.9680,108.4750,103.3190,92.9762,71.9940,58.7419,46.7107,37.8564,27.9412,18.3631,11.7353,7.8659,3.8221
38.305,-0.0001414085099675167,1.0,1.710952411289754e-60,6,259.963,-0.572093,0.029884,16144.5,0.0,13.7568,31.7412,52.8162,130.2960,118.6010,110.9860,106.0190,100.6940,95.7156,85.9264,66.5123,54.2575,43.1363,34.9545,25.7951,16.9500,10.8310,7.2593,3.5271
38.425,-3.706939243692469e-05,0.8619256808593749,2.0129184023582826e-61,6,261.393,-0.615328,0.0298716,16188.8,0.0,14.1350,32.6128,54.2650,120.0480,108.5540,101.1560,96.3606,91.2441,86.4841,77.2765,59.8111,48.7881,38.7859,31.4280,23.1917,15.2386,9.7371,6.5261,3.1708
38.525,-1.2146898513731483e-05,0.3189619321039999,0.5491922080993652,6,257.508,-0.651326,0.0298713,15611.0,0.0,14.4500,33.3395,55.4742,111.4220,100.1200,92.9164,88.2733,83.3398,78.7701,70.0458,54.2145,44.2227,35.1565,28.4871,21.0215,13.8126,8.8260,5.9154,2.8740
38.625,-3.980295704979533e-06,0.10451744591183869,0.8491024805090104,6,245.03,-0.686096,0.0299203,14641.4,0.0,14.7550,34.0469,56.6576,102.9850,91.8892,84.8857,80.3967,75.6466,71.2642,62.9574,48.7462,39.7717,31.6246,25.6293,18.9159,12.4312,7.9442,5.3248,2.5873
38.744,0.02017666713780021,0.02739862134111304,0.9087975735069924,6,227.481,-0.725334,0.0298471,13478.4,0.0,15.0972,34.8310,58.0256,93.3739,82.5468,75.7961,71.5005,66.9835,62.8457,55.2228,42.7339,34.8541,27.7055,22.4479,16.5635,10.8825,6.9533,4.6601,2.2641
38.845,0.04613854882186437,0.00897798024105592,0.6911009227545155,6,213.483,-0.753725,0.0215484,12719.6,0.0,15.2122,34.4860,59.5651,87.2871,77.0792,70.9006,67.0972,63.2847,60.0957,56.1317,48.8149,37.8964,28.8622,22.6858,16.1962,10.3168,6.4543,4.2723,2.0461
38.964,0.012094943742358814,0.002353523652311363,0.663454402407435,6,199.605,-0.778157,0.0135208,11888.1,0.0,15.2964,34.1128,92.9805,80.0741,70.4714,64.8213,61.4373,58.1563,55.5423,52.5710,48.9415,42.9749,30.8273,23.3017,15.9911,9.8395,6.0197,3.9343,1.8575
39.067,0.003963271165496137,0.0007712026303893874,0.8148527549233597,6,187.758,-0.792156,0.0118949,11029.9,0.0,15.3911,34.2125,86.2812,73.5601,64.2775,58.9025,55.7240,52.6815,50.2964,47.6457,44.5571,40.4754,30.0109,22.4697,15.2794,9.3296,5.6806,3.7028,1.7430
39.185,0.0010389477564078193,0.0002021661423407956,0.8532353256464247,6,173.01,-0.805742,0.0126904,10056.8,0.0,15.5204,34.6058,78.3118,65.7568,56.7969,51.6964,48.7183,45.9012,43.7222,41.3423,38.6514,35.3662,27.5229,20.7047,14.1433,8.6687,5.2905,3.4531,1.6278
39.285,0.014777111746913464,6.62458015222319e-05,0.644281382977049,5,161.495,-0.815869,0.0127522,10361.7,0.0,15.6085,36.1544,72.0948,59.7228,51.0641,46.2149,43.4200,40.8078,38.8145,36.6746,34.3221,31.6169,26.0501,19.6038,13.3959,8.2130,5.0134,3.2725,1.5429
39.386,0.04744684089662235,2.1707424242804953e-05,0.118735624325771,5,152.839,-0.824909,0.0108439,10123.9,0.0,15.6556,80.5241,66.3871,54.2622,45.9570,41.3961,38.8083,36.4252,34.6371,32.7552,30.7494,28.5628,24.9426,19.2937,13.0390,7.9212,4.8079,3.1285,1.4699
39.486,0.04898673742178881,7.113088775882327e-06,0.01995589638043234,5,149.236,-0.829888,-0.00422022,9909.57,0.0,15.4620,76.3222,62.4728,50.8584,43.1065,38.9602,36.6578,34.5821,33.0580,31.4950,29.8847,28.2188,25.7635,22.6944,15.5718,8.6733,5.0086,3.1740,1.4496
39.606,0.1009508378268637,0.04886549551291906,0.0023477912532614844,4,147.824,-0.820519,-0.0342735,10942.4,0.0,14.9443,72.4590,59.1573,48.2839,41.2344,37.5670,35.5725,33.8065,32.5321,31.2481,29.9540,28.6491,26.8061,24.6748,20.6080,12.2671,6.1794,3.6757,1.5779
39.725,0.17042768004366307,0.10211538903386365,0.0002762152931549604,4,146.424,-0.780171,-0.0976282,10867.2,0.0,13.8251,71.7755,59.4408,49.5734,43.2802,40.0547,38.3181,36.7921,35.6987,34.6041,33.5087,32.4131,30.8808,29.1361,25.8983,19.7108,11.3439,5.6888,2.0777
39.844,0.13101483809690256,0.12905865099601815,3.249645302438794e-05,4,145.1,-0.693298,-0.169954,10786.0,0.0,12.5697,30.2024,60.2129,51.2685,45.6052,42.7183,41.1691,39.8107,38.8392,37.8677,36.8974,35.9284,34.5750,33.0369,30.1884,24.7319,16.9328,9.8933,3.1875
39.944,0.13002133397385865,0.1548875618052502,5.461678859808883e-06,4,144.188,-0.583551,-0.21305,10733.0,0.0,11.6660,26.7412,59.4283,51.0476,45.7973,43.1338,41.7079,40.4601,39.5694,38.6793,37.7910,36.9054,35.6705,34.2685,31.6785,26.7227,19.5400,12.5341,4.4479
40.044,0.13325550704666142,0.17646570859609437,9.179443659680789e-07,4,143.411,-0.461143,-0.208153,10685.1,0.0,10.7874,24.1156,58.4451,50.5273,45.6470,43.1813,41.8639,40.7126,39.8917,39.0724,38.2549,37.4405,36.3064,35.0202,32.6459,28.1047,21.4528,14.6411,5.6538
40.145,0.13225320934288984,0.18756009198651818,1.54278909588255e-07,4,142.747,-0.341424,-0.200635,10642.7,0.0,9.9450,21.9897,57.2826,49.7331,45.1756,42.8877,41.6674,40.6021,39.8433,39.0865,38.3319,37.5805,36.5348,35.3501,33.1645,28.9847,22.8161,16.2876,6.7680
40.245,0.13254526553857188,0.19528089602026727,2.592965633449802e-08,4,142.156,-0.227173,-0.19058,10602.3,0.0,9.1549,20.2501,55.9753,48.7202,44.4274,42.2946,41.1618,40.1741,39.4710,38.7702,38.0719,37.3769,36.4105,35.3162,33.2989,29.4417,23.7198,17.5208,7.7618
40.346,0.1307417258174605,0.1990456537735462,4.357997340139082e-09,4,141.648,-0.120688,-0.174084,10564.2,0.0,8.4589,19.2419,54.2263,47.2223,43.1480,41.1484,40.0920,39.1733,38.5208,37.8715,37.2257,36.5837,35.6915,34.6822,32.8244,29.2785,24.0125,18.2282,8.5771
40.465,0.13161569872193335,0.20802814222218752,5.127140290700229e-10,4,141.087,-0.00698344,-0.150631,10525.4,0.0,7.7372,18.6691,51.9839,45.2388,41.3856,39.5170,38.5362,37.6874,37.0869,36.4912,35.8999,35.3131,34.4994,33.5815,31.8975,28.6914,23.9308,18.6441,9.3410
40.565,0.13148233966132813,0.2249145757058664,8.617184686579876e-11,4,140.69,0.0737464,-0.129536,10503.4,0.0,7.2401,18.9528,50.1219,43.5575,39.8590,38.0802,37.1513,36.3506,35.7851,35.2249,34.6704,34.1215,33.3628,32.5101,30.9505,27.9962,23.6162,18.7209,9.8078
40.666,0.13960576497409508,0.2609250101204233,1.4482902302734798e-11,4,140.422,0.140307,-0.106411,10500.4,0.0,6.8571,58.1266,48.2292,41.8205,38.2559,36.5552,35.6714,34.9107,34.3748,33.8453,33.3221,32.8056,32.0931,31.2939,29.8396,27.1073,23.0797,18.5626,10.1171
40.785,0.16595262344489575,0.31290450554050825,1.703898973014447e-12,4,140.302,0.200834,-0.080743,10519.9,0.0,6.5312,56.1774,46.2904,40.0045,36.5574,34.9272,34.0833,33.3593,32.8505,32.3488,31.8542,31.3668,30.6958,29.9455,28.5866,26.0551,22.3687,18.2433,10.3374
40.886,0.16889323646210702,0.34007132376613874,2.863743003945381e-13,4,140.333,0.235567,-0.0600186,10538.0,0.0,6.3825,54.8536,44.9046,38.6682,35.2854,33.6962,32.8760,32.1741,31.6819,31.1972,30.7201,30.2502,29.6046,28.8844,27.5850,25.1780,21.7077,17.8592,10.3997
41.004,0.16418704017069868,0.3592202231129757,3.369165006711702e-14,4,140.468,0.257646,-0.0311558,10560.8,0.0,6.4038,53.2774,43.2083,37.0024,33.6794,32.1299,31.3335,30.6538,30.1782,29.7107,29.2510,28.7991,28.1796,27.4904,26.2516,23.9727,20.7244,17.1687,10.2955
41.105,0.15720215952006736,0.3735924370065348,5.6625556267803576e-15,4,140.656,0.257813,-0.00272,10581.6,0.0,6.6393,51.8591,41.6703,35.4811,32.2039,30.6855,29.9081,29.2462,28.7835,28.3292,27.8833,27.4457,26.8471,26.1826,24.9913,22.8135,19.7384,16.4097,10.0460
41.206,0.15824042587072237,0.3861504631176763,9.51705724192975e-16,4,140.906,0.238731,0.0301797,10594.9,0.0,7.1340,50.3109,39.9916,33.8180,30.5878,29.1020,28.3438,27.6994,27.2500,26.8095,26.3778,25.9550,25.3775,24.7375,23.5940,21.5177,18.6138,15.5065,9.6493
41.325,0.21627134619009464,0.38950452934727015,1.1196722674557929e-16,4,141.139,0.188733,0.0645952,10620.3,0.0,7.9930,49.0681,38.4361,32.1828,28.9550,27.4826,26.7342,26.1000,25.6587,25.2270,24.8048,24.3919,23.8289,23.2069,22.0999,20.1049,17.3481,14.4405,9.0672
41.445,0.22584237603715396,0.3880126515130858,1.3172832259390659e-17,4,141.244,0.113594,0.0871003,10654.1,0.0,9.0487,48.4792,37.3447,30.8948,27.6093,26.1225,25.3701,24.7344,24.2929,23.8620,23.4413,23.0305,22.4718,21.8561,20.7652,18.8145,16.1534,13.3913,8.4038
41.564,0.20600979419085697,0.39278455414324637,1.5497705424850518e-18,4,141.332,0.0204035,0.102636,10668.0,0.0,10.2942,47.9487,36.2209,29.5329,26.1746,24.6687,23.9103,23.2715,22.8292,22.3983,21.9784,21.5692,21.0141,20.4045,19.3295,17.4240,14.8622,12.2501,7.6519
41.685,0.19679403474303284,0.3930657063488272,1.8232895455282387e-19,4,141.475,-0.0854734,0.118016,10669.4,0.0,11.7702,46.9268,34.6261,27.7433,24.3481,22.8423,22.0885,21.4563,21.0198,20.5954,20.1829,19.7820,19.2399,18.6468,17.6070,15.7821,13.3686,10.9550,6.8145
41.785,0.19171328625491535,0.39550101870325866,3.064402739169311e-20,4,141.617,-0.181336,0.12844,10680.7,0.0,13.1175,45.9501,33.1286,26.0805,22.6640,21.1658,20.4202,19.7969,19.3677,18.9516,18.5482,18.1573,17.6304,17.0560,16.0535,14.3119,12.0435,9.8150,6.0766
41.906,0.18720196904733274,0.394958404984447,3.6052391786053036e-21,4,141.804,-0.303337,0.137307,10696.1,0.0,14.8101,44.7793,31.2249,23.9458,20.5040,19.0191,18.2861,17.6767,17.2591,16.8558,16.4663,16.0901,15.5848,15.0368,14.0880,12.4628,10.3892,8.4002,5.1591
42.026,0.18649587958002167,0.3945451073662428,4.241527841237354e-22,4,141.998,-0.430604,0.142262,10713.0,0.0,16.5275,43.6375,29.1860,21.6243,18.1592,16.6946,15.9799,15.3902,14.9882,14.6015,14.2298,13.8723,13.3948,12.8804,11.9985,10.5130,8.6646,6.9396,4.2167
42.146,0.19758585370359552,0.39140245723479133,4.990115089937334e-23,4,142.174,-0.560445,0.142763,10727.3,0.0,18.1673,42.6958,27.0754,19.1230,15.6250,14.1888,13.4981,12.9333,12.5513,12.1864,11.8376,11.5044,11.0625,10.5906,9.7912,8.4732,6.8845,5.4491,3.2642
42.264,0.2158571342284925,0.3862998815306071,5.870820502160377e-24,4,142.269,-0.689598,0.137552,10733.4,0.0,19.5691,42.3487,25.0826,16.4898,12.9129,11.5050,10.8431,10.3099,9.9534,9.6159,9.2962,8.9934,8.5959,8.1764,7.4784,6.3622,5.0710,3.9517,2.3206
42.366,0.22159298893343773,0.3828513994768243,9.867088017980945e-25,4,142.299,-0.794037,0.129537,10738.0,0.0,20.5135,42.6084,23.4813,14.0307,10.3477,8.9814,8.3585,7.8664,7.5422,7.2392,6.9557,6.6903,6.3466,5.9897,5.4086,4.5114,3.5208,2.6994,1.5526
42.484,0.24457252973614832,0.3819003765613276,1.1608530382274402e-25,4,142.322,-0.913383,0.121105,10775.9,0.0,21.5797,42.9479,20.8019,9.7436,6.0837,4.9436,4.4673,4.1097,3.8831,3.6773,3.4900,3.3192,3.1041,2.8879,2.5506,2.0625,1.5627,1.1735,0.6589
42.585,0.2673400489306208,0.37365308804786584,1.9510457013488586e-26,4,142.245,-1.00856,0.104557,10757.8,0.0,-1.0000,-1.0000,-1.0000,-1.0000,-1.0000,-1.0000,-1.0000,-1.0000,-1.0000,-1.0000,-1.0000,-1.0000,-1.0000,-1.0000,-1.0000,-1.0000,-1.0000,-1.0000,-1.0000
42.686,0.2822654334728847,0.3568377024852747,3.279122510257028e-27,4,141.998,-1.09524,0.0921104,10736.8,0.0,-1.0000,-1.0000,-1.0000,-1.0000,-1.0000,-1.0000,-1.0000,-1.0000,-1.0000,-1.0000,-1.0000,-1.0000,-1.0000,-1.0000,-1.0000,-1.0000,-1.0000,-1.0000,-1.0000
42.804,0.2901581191333174,0.27174836932092483,3.8578548420922904e-28,4,141.376,-1.19702,0.0925398,10638.3,0.0,-1.0000,-1.0000,-1.0000,-1.0000,-1.0000,-1.0000,-1.0000,-1.0000,-1.0000,-1.0000,-1.0000,-1.0000,-1.0000,-1.0000,-1.0000,-1.0000,-1.0000,-1.0000,-1.0000
42.906,0.29501946572171167,0.2381311013622056,6.483896633104514e-29,4,140.483,-1.27941,0.0828869,10535.0,0.0,-1.0000,-1.0000,-1.0000,-1.0000,-1.0000,-1.0000,-1.0000,-1.0000,-1.0000,-1.0000,-1.0000,-1.0000,-1.0000,-1.0000,-1.0000,-1.0000,-1.0000,-1.0000,-1.0000
43.025,0.29986915780896983,0.226220878888619,7.628239549881131e-30,4,139.308,-1.37682,0.0948987,10558.1,0.0,-1.0000,-1.0000,-1.0000,-1.0000,-1.0000,-1.0000,-1.0000,-1.0000,-1.0000,-1.0000,-1.0000,-1.0000,-1.0000,-1.0000,-1.0000,-1.0000,-1.0000,-1.0000,-1.0000
43.145,0.306105445806599,0.22249634177850314,8.974547548039652e-31,4,138.009,-1.47827,0.087378,10385.3,0.0,-1.0000,-1.0000,-1.0000,-1.0000,-1.0000,-1.0000,-1.0000,-1.0000,-1.0000,-1.0000,-1.0000,-1.0000,-1.0000,-1.0000,-1.0000,-1.0000,-1.0000,-1.0000,-1.0000
43.247,0.31381317703633604,0.2212392672896049,1.508352206399024e-31,4,136.843,-1.5626,0.0752091,10296.6,0.0,-1.0000,-1.0000,-1.0000,-1.0000,-1.0000,-1.0000,-1.0000,-1.0000,-1.0000,-1.0000,-1.0000,-1.0000,-1.0000,-1.0000,-1.0000,-1.0000,-1.0000,-1.0000,-1.0000
43.365,0.3226351194554989,0.22254571562499117,1.7745612873063882e-32,4,135.414,-1.66227,0.0644243,10279.2,0.0,-1.0000,-1.0000,-1.0000,-1.0000,-1.0000,-1.0000,-1.0000,-1.0000,-1.0000,-1.0000,-1.0000,-1.0000,-1.0000,-1.0000,-1.0000,-1.0000,-1.0000,-1.0000,-1.0000
43.485,0.30969752190991473,0.22326435688929766,2.087753608903093e-33,4,134.079,-1.75836,0.0613687,10172.4,0.0,-1.0000,-1.0000,-1.0000,-1.0000,-1.0000,-1.0000,-1.0000,-1.0000,-1.0000,-1.0000,-1.0000,-1.0000,-1.0000,-1.0000,-1.0000,-1.0000,-1.0000,-1.0000,-1.0000
43.604,0.27829750024127087,0.22508780649426302,2.4562212433384007e-34,4,132.469,-1.84574,0.0217516,10086.3,0.0,-1.0000,-1.0000,-1.0000,-1.0000,-1.0000,-1.0000,-1.0000,-1.0000,-1.0000,-1.0000,-1.0000,-1.0000,-1.0000,-1.0000,-1.0000,-1.0000,-1.0000,-1.0000,-1.0000
43.706,0.2853792396729913,0.2257401474320401,4.1281710436788506e-35,4,131.141,-1.88745,-0.0333464,9925.54,0.0,-1.0000,-1.0000,-1.0000,-1.0000,-1.0000,-1.0000,-1.0000,-1.0000,-1.0000,-1.0000,-1.0000,-1.0000,-1.0000,-1.0000,-1.0000,-1.0000,-1.0000,-1.0000,-1.0000
43.825,0.3044463105828613,0.2270472189584247,4.856751951177733e-36,4,129.671,-1.89204,-0.0877273,9848.99,0.0,-1.0000,-1.0000,-1.0000,-1.0000,-1.0000,-1.0000,-1.0000,-1.0000,-1.0000,-1.0000,-1.0000,-1.0000,-1.0000,-1.0000,-1.0000,-1.0000,-1.0000,-1.0000,-1.0000
43.927,0.168040787386342,0.22626173895829657,8.162743004344416e-37,4,128.713,-1.85961,-0.121676,9727.59,0.0,-1.0000,-1.0000,-1.0000,-1.0000,-1.0000,-1.0000,-1.0000,-1.0000,-1.0000,-1.0000,-1.0000,-1.0000,-1.0000,-1.0000,-1.0000,-1.0000,-1.0000,-1.0000,-1.0000
44.046,0.005513081149715773,0.22688277917248367,9.603385517181164e-38,4,127.994,-1.78435,-0.151851,9594.61,0.0,-1.0000,-1.0000,-1.0000,-1.0000,-1.0000,-1.0000,-1.0000,-1.0000,-1.0000,-1.0000,-1.0000,-1.0000,-1.0000,-1.0000,-1.0000,-1.0000,-1.0000,-1.0000,-1.0000
44.147,0.007137837272148633,0.22973909556361444,1.6140410038726381e-38,4,127.503,-1.70316,-0.152228,9572.39,0.0,-1.0000,-1.0000,-1.0000,-1.0000,-1.0000,-1.0000,-1.0000,-1.0000,-1.0000,-1.0000,-1.0000,-1.0000,-1.0000,-1.0000,-1.0000,-1.0000,-1.0000,-1.0000,-1.0000
44.264,0.010222664535609976,0.2601266539830531,1.8989031006461203e-39,4,126.966,-1.59805,-0.154469,9504.12,0.0,-1.0000,-1.0000,-1.0000,-1.0000,-1.0000,-1.0000,-1.0000,-1.0000,-1.0000,-1.0000,-1.0000,-1.0000,-1.0000,-1.0000,-1.0000,-1.0000,-1.0000,-1.0000,-1.0000
44.365,0.17166227819843688,0.5107263976802918,3.1914864412559342e-40,4,127.124,-1.50611,-0.167709,9624.45,0.0,-1.0000,-1.0000,-1.0000,-1.0000,-1.0000,-1.0000,-1.0000,-1.0000,-1.0000,-1.0000,-1.0000,-1.0000,-1.0000,-1.0000,-1.0000,-1.0000,-1.0000,-1.0000,-1.0000
44.487,0.04500023625605104,0.8197410658716273,3.7547518832731954e-41,4,128.764,-1.37842,-0.212279,10099.3,0.0,-1.0000,-1.0000,-1.0000,-1.0000,-1.0000,-1.0000,-1.0000,-1.0000,-1.0000,-1.0000,-1.0000,-1.0000,-1.0000,-1.0000,-1.0000,-1.0000,-1.0000,-1.0000,-1.0000
44.606,0.011796541933106244,0.9396410441593519,4.417428043152084e-42,4,131.81,-1.23017,-0.231524,10410.0,0.0,-1.0000,-1.0000,-1.0000,-1.0000,-1.0000,-1.0000,-1.0000,-1.0000,-1.0000,-1.0000,-1.0000,-1.0000,-1.0000,-1.0000,-1.0000,-1.0000,-1.0000,-1.0000,-1.0000
44.725,-0.1690326221747956,0.9163377298488591,5.197059918487996e-43,4,135.379,-1.06658,-0.21875,10652.8,0.0,-1.0000,-1.0000,-1.0000,-1.0000,-1.0000,-1.0000,-1.0000,-1.0000,-1.0000,-1.0000,-1.0000,-1.0000,-1.0000,-1.0000,-1.0000,-1.0000,-1.0000,-1.0000,-1.0000
44.825,-0.11947859994048701,0.8375832777856241,8.734698605002775e-44,4,137.807,-0.940878,-0.140582,10778.2,0.0,14.5710,25.6029,33.9593,44.8339,55.7599,63.5744,68.7314,73.9953,78.2850,83.1094,88.5747,94.8172,105.2110,120.3060,164.6900,200.0000,5.1557,1.8683,0.5902
44.926,-0.03915074762849878,0.8322085189335432,1.4680407945428162e-44,4,140.173,-0.842758,-0.101295,10880.9,0.0,14.2668,26.3557,36.1611,49.8912,64.9336,76.5574,84.6650,93.3281,100.6970,109.3390,119.6120,132.0280,154.5000,191.8540,200.0000,45.1924,8.7410,4.1327,1.4929
45.026,-0.012828916982906483,0.9342868628747685,2.4673361633881113e-45,4,143.028,-0.767051,-0.0888047,11047.2,0.0,13.8225,25.9770,36.0816,50.6279,67.1229,80.2894,89.6993,99.9669,108.8790,119.5460,132.5410,148.7190,179.3970,200.0000,200.0000,41.8945,11.6143,5.8133,2.1784
45.127,-0.0042037795169587965,0.9768749551643041,4.146851889806399e-46,4,146.159,-0.702883,-0.0863652,11300.7,0.0,13.3478,25.1711,35.0496,49.3518,65.6874,78.8173,88.2509,98.5920,107.6090,118.4510,131.7330,148.3830,180.3130,200.0000,200.0000,49.7958,14.5214,7.3424,2.7704
45.245,-0.10486070105582017,0.9956627547309663,4.878729779838331e-47,4,149.999,-0.631768,-0.0738444,11615.4,0.0,12.9275,24.8216,35.0277,50.2689,68.3874,83.5322,94.7506,107.3870,118.7070,132.7050,150.4590,173.7120,200.0000,200.0000,200.0000,45.7338,16.3441,8.6669,3.3834
45.346,-0.03436075452197115,1.0,8.199681140974285e-48,4,153.189,-0.584441,-0.0463281,11845.7,0.0,12.8625,25.7628,37.5775,56.6868,82.0385,105.8180,125.2100,149.1520,172.7640,200.0000,200.0000,200.0000,200.0000,200.0000,106.1770,32.9058,15.3542,8.8596,3.7015
45.466,-0.009007465633407603,1.0,9.646842865544836e-49,4,157.033,-0.542893,-0.0357795,12122.0,0.0,12.6475,25.7734,38.1324,58.8529,87.8336,116.6950,141.5420,173.9850,200.0000,200.0000,200.0000,200.0000,200.0000,200.0000,80.6018,31.7855,15.8728,9.4075,4.0252
45.584,-0.002361253071004003,1.0,1.1349414162884847e-49,4,160.848,-0.509453,-0.0335348,12396.3,0.0,12.3994,25.3628,37.6437,58.4005,87.7894,117.4800,143.3860,177.7010,200.0000,200.0000,200.0000,200.0000,200.0000,200.0000,81.1483,33.2491,16.8189,10.0220,4.3093
45.686,-0.0007737354063065917,1.0,1.9074960383560563e-50,4,163.988,-0.483413,-0.0332859,12627.7,0.0,12.1883,24.9415,37.0315,57.4842,86.4825,115.8260,141.4690,175.4920,200.0000,200.0000,200.0000,200.0000,200.0000,200.0000,84.8739,34.9163,17.6869,10.5454,4.5369
45.787,-0.024330802942469795,1.0,3.2059285916650237e-51,4,167.103,-0.457711,-0.0320034,12856.1,0.0,11.9915,24.5919,36.5794,56.9543,86.0508,115.7460,141.9040,176.9190,200.0000,200.0000,200.0000,200.0000,200.0000,200.0000,86.0757,36.1335,18.4341,11.0241,4.7561
45.906,-0.0548337661978308,1.0,3.771742928807984e-52,4,170.711,-0.436702,0.00167966,13153.1,0.0,12.2113,26.6073,41.7912,71.7143,126.6170,200.0000,200.0000,200.0000,200.0000,200.0000,200.0000,176.6580,107.8250,74.6134,47.3149,27.3587,16.1285,10.3308,4.7717
46.025,-0.014374342806164156,1.0,4.437417838313306e-53,4,174.358,-0.438899,0.0196333,13403.8,0.0,12.4564,28.1270,45.7596,84.3433,172.1210,200.0000,200.0000,200.0000,200.0000,171.4850,118.7260,90.7976,68.3103,53.2486,37.6884,23.8206,14.8260,9.7847,4.6703
46.144,-0.0037681477205790967,1.0,5.220577712597222e-54,4,178.008,-0.455689,0.0232973,13664.2,0.0,12.6500,28.7824,47.1939,88.4785,187.8340,200.0000,200.0000,200.0000,200.0000,140.1950,101.9990,80.1650,61.6863,48.8313,35.1259,22.5298,14.1599,9.3980,4.5147
46.247,-0.0012347466450793585,1.0,8.77422496156215e-55,4,181.027,-0.474085,0.0239775,13881.6,0.0,12.8190,29.2085,47.9635,90.2153,193.0290,200.0000,200.0000,200.0000,199.8070,131.6150,96.5032,76.1846,58.8465,46.7070,33.6934,21.6677,13.6422,9.0638,4.3593
46.366,-0.0003236814245276834,1.0,1.0322787925028255e-55,4,184.609,-0.498098,0.0241725,14153.5,0.0,13.0305,29.7026,48.7956,91.8668,200.0000,200.0000,200.0000,200.0000,192.5180,124.5920,91.5511,72.3656,55.9563,44.4463,32.0884,20.6510,13.0086,8.6454,4.1595
46.466,-0.00010606392918923127,1.0,1.734950966559499e-56,4,187.574,-0.518811,0.0240891,14369.0,0.0,13.2095,30.1054,49.4483,93.0580,200.0000,200.0000,200.0000,196.6790,186.7960,119.8640,87.9960,69.5185,53.7303,42.6645,30.7914,19.8100,12.4762,8.2904,3.9881
46.584,-2.7804022653381842e-05,1.0,2.0411524626475857e-57,4,191.102,-0.544141,0.0240688,14621.2,0.0,13.4296,30.6055,50.2675,94.5905,200.0000,200.0000,196.2860,190.0060,178.2840,113.6500,83.4153,65.8911,50.9211,40.4307,29.1768,18.7698,11.8204,7.8545,3.7782
46.705,-7.28865771444813e-06,1.0,2.4013954607802575e-58,4,194.589,-0.569942,0.0240743,14873.9,0.0,13.6540,31.1174,51.1089,96.1764,200.0000,194.4530,189.4440,183.1770,168.1330,107.1930,78.6809,62.1535,48.0341,38.1393,27.5238,17.7068,11.1511,7.4098,3.5644
46.824,-0.059358057050937885,1.0,2.8252177456533652e-59,5,195.832,-0.598743,0.0378025,13044.9,0.0,14.1091,33.1230,56.1634,113.8290,190.9660,182.5480,175.1070,118.3200,82.8137,63.7026,51.7613,43.5930,35.7086,29.5964,22.4149,15.1138,9.8375,6.6678,3.2830
46.924,-0.019450448134451327,1.0,4.748343465119611e-60,5,197.767,-0.636617,0.0577164,13530.5,0.0,14.7634,36.3041,64.9702,152.4510,178.9190,154.8210,77.7509,54.1660,44.5230,37.7971,32.8387,29.0323,24.9817,21.5495,17.1428,12.1858,8.2590,5.7442,2.9198
47.024,-0.0063735228446970115,1.0,7.98054086182653e-61,5,200.075,-0.687253,0.0622771,13683.1,0.0,15.2986,38.0453,69.0404,184.9750,170.8690,100.6540,57.5595,41.8775,35.0581,30.1506,26.4501,23.5603,20.4369,17.7508,14.2474,10.2313,6.9917,4.8894,2.5028
47.145,-0.0016707807726002535,1.0,9.389026518530294e-62,5,202.828,-0.755788,0.0637114,13863.8,0.0,15.9460,39.7975,72.5468,177.1710,162.3820,72.9833,43.0530,31.6874,26.6622,23.0142,20.2457,18.0729,15.7140,13.6764,11.0065,7.9283,5.4316,3.8049,1.9519
47.265,-0.0004379851548525208,1.0,1.104609580878571e-62,5,205.552,-0.827667,0.0641072,14045.4,0.0,16.6062,41.4866,75.7210,169.3900,154.0180,50.5066,30.0320,22.1712,18.6803,16.1402,14.2092,12.6917,11.0422,9.6157,7.7441,5.5830,3.8275,2.6824,1.3769
47.366,-0.000143518975542074,1.0,1.8565173225826145e-63,5,207.793,-0.888849,0.0640938,14199.6,0.0,17.1619,42.8733,78.2486,162.8410,146.9510,32.5969,19.3775,14.3040,12.0513,10.4123,9.1663,8.1872,7.1230,6.2027,4.9953,3.6012,2.4688,1.7302,0.8881
47.485,-3.7622638324501444e-05,1.0,2.1841740648452208e-64,5,210.443,-0.963445,0.064935,14367.2,0.0,17.8567,44.7037,81.8090,154.6390,137.5210,10.2973,6.2210,4.6211,3.9042,3.3801,2.9803,2.6652,2.3218,2.0242,1.6327,1.1791,0.8095,0.5679,0.2919
47.585,-1.2328186126172632e-05,1.0,3.6709413507853627e-65,5,212.598,-1.02696,0.0656543,14566.6,0.0,-1.0000,-1.0000,-1.0000,-1.0000,-1.0000,-1.0000,-1.0000,-1.0000,-1.0000,-1.0000,-1.0000,-1.0000,-1.0000,-1.0000,-1.0000,-1.0000,-1.0000,-1.0000,-1.0000
47.705,0.08045711878872613,1.0,4.318825789785472e-66,5,214.953,-1.10426,0.0620804,14702.3,0.0,-1.0000,-1.0000,-1.0000,-1.0000,-1.0000,-1.0000,-1.0000,-1.0000,-1.0000,-1.0000,-1.0000,-1.0000,-1.0000,-1.0000,-1.0000,-1.0000,-1.0000,-1.0000,-1.0000
47.805,0.2541211546782898,1.0,7.258650504892444e-67,5,216.314,-1.15203,0.00436211,14861.3,0.0,-1.0000,-1.0000,-1.0000,-1.0000,-1.0000,-1.0000,-1.0000,-1.0000,-1.0000,-1.0000,-1.0000,-1.0000,-1.0000,-1.0000,-1.0000,-1.0000,-1.0000,-1.0000,-1.0000
47.905,0.18746911361462198,1.0,1.219961390357273e-67,6,215.438,-1.1579,-0.0599916,13172.1,0.0,-1.0000,-1.0000,-1.0000,-1.0000,-1.0000,-1.0000,-1.0000,-1.0000,-1.0000,-1.0000,-1.0000,-1.0000,-1.0000,-1.0000,-1.0000,-1.0000,-1.0000,-1.0000,-1.0000
48.026,0.049143903319391474,1.0,1.4352723761414283e-68,6,216.282,-1.10225,-0.102148,13649.1,0.0,-1.0000,-1.0000,-1.0000,-1.0000,-1.0000,-1.0000,-1.0000,-1.0000,-1.0000,-1.0000,-1.0000,-1.0000,-1.0000,-1.0000,-1.0000,-1.0000,-1.0000,-1.0000,-1.0000
48.145,0.009650670973789806,1.0,1.688583597806629e-69,6,218.177,-0.995839,-0.106402,13675.0,0.0,15.3881,28.2335,38.5525,52.8490,68.3099,80.1151,88.2770,121.8220,120.7180,119.5550,118.3290,117.0320,115.0840,112.6300,107.0940,1.5830,0.2427,0.1118,0.0398
48.246,-0.13632546074893356,1.0,2.8380024528336014e-70,6,219.893,-0.896795,-0.0818555,13768.1,0.0,14.9245,28.3253,39.6276,56.1692,75.3255,115.7690,114.0670,112.4660,111.2520,109.9700,108.6150,107.1760,104.9940,102.1970,95.4502,15.3630,4.8667,2.5053,0.9572
48.366,-0.06189916429776844,1.0,3.3388815057342045e-71,6,221.592,-0.816462,-0.0198293,13860.1,0.0,15.1164,31.6593,47.9561,77.0092,103.5290,99.6808,97.3415,95.0731,93.2880,91.3202,89.0994,86.4868,81.2778,46.2667,22.0408,10.7789,5.8428,3.5899,1.5892
48.486,-0.016226494525674214,1.0,3.928160702681235e-72,6,223.611,-0.785829,-0.00339341,13945.0,0.0,15.1021,32.5906,50.7266,99.7920,93.2326,89.1720,86.6755,84.2148,82.2330,79.9727,77.2497,73.4501,48.9085,31.9429,19.3613,10.8441,6.2809,3.9863,1.8235
48.606,-0.004253678180938342,0.884662548828125,4.6214417850974464e-73,6,225.572,-0.777923,-0.00016427,14019.4,0.0,15.0837,32.7503,51.2684,90.9853,84.5269,80.5768,78.1623,75.7914,73.8876,71.7213,69.1168,65.4801,45.1650,30.6628,19.1466,10.9481,6.4137,4.0947,1.8847
48.724,-0.0011150762130639005,0.23190897919999998,0.6405290496826171,6,221.409,-0.776456,0.000503778,13326.5,0.0,15.0813,32.7869,51.3875,82.3448,76.0889,72.3244,70.0478,67.8332,66.0735,64.0978,61.7792,58.7616,44.4571,30.3985,19.0903,10.9608,6.4359,4.1137,1.8959
48.825,-0.0003653881734967788,0.07599193430425599,0.8976500157505187,6,209.129,-0.77618,0.000508308,12329.0,0.0,15.0791,32.7822,52.1888,75.4292,69.3741,65.7839,63.6347,61.5636,59.9350,58.1306,56.0610,53.5111,44.5053,30.4329,19.1126,10.9739,6.4437,4.1188,1.8982
48.946,-9.578431735313959e-05,0.019920829626254882,0.9460198734223931,6,193.126,-0.775767,0.000766993,11218.7,0.0,15.0795,32.7993,75.4692,67.5835,61.7801,58.4001,56.4017,54.4975,53.0185,51.4043,49.5970,47.4759,43.0262,30.3115,19.0778,10.9711,6.4477,4.1233,1.9012
49.065,0.03901359753830553,0.0052221259615449584,0.8936443660171041,6,177.684,-0.775133,0.000540972,10219.2,0.0,15.0707,32.7660,68.0091,60.3152,54.7893,51.6316,49.7900,48.0567,46.7284,45.3013,43.7406,41.9832,38.8788,30.5528,19.1931,11.0223,6.4728,4.1376,1.9070
49.165,0.12669480268144495,0.08396875459445405,0.1533019376553326,5,167.905,-0.774015,-0.00150347,11138.7,0.0,15.0304,32.5612,62.2845,54.7964,49.5402,46.5908,44.8938,43.3160,42.1225,40.8590,39.5058,38.0313,35.6424,31.6872,19.8649,11.2639,6.5680,4.1830,1.9204
49.284,0.06860094002484571,0.5163894532512835,0.018035819663212223,5,162.431,-0.768789,-0.0161271,10995.7,0.0,14.7724,33.5156,56.5539,49.4930,44.7019,42.0927,40.6252,39.2884,38.2982,37.2735,36.2085,35.0952,33.4333,31.3219,25.7057,13.1063,7.2212,4.4710,1.9943
49.385,0.06139109744162893,0.6370418515101306,0.0030312802107960793,5,163.25,-0.751847,-0.0400581,11093.5,0.0,14.3036,62.3136,52.5957,45.9980,41.6566,39.3538,38.0830,36.9432,36.1117,35.2641,34.3990,33.5145,32.2389,30.7177,27.6102,18.1525,8.8325,5.1799,2.1953
49.506,0.10662531991762463,0.6270641448253966,0.0003566270855199479,5,164.586,-0.708046,-0.0764174,11195.3,0.0,13.5019,57.7333,48.1416,42.0968,38.2542,36.2702,35.1942,34.2421,33.5559,32.8643,32.1672,31.4645,30.4708,29.3200,27.1146,22.4624,13.2076,6.9393,2.6906
49.624,0.16854103729263079,0.5330684844311088,4.195681998433636e-05,5,165.455,-0.628223,-0.129757,11233.7,0.0,12.3248,54.5719,44.5120,38.9992,35.6089,33.8955,32.9781,32.1738,31.5985,31.0229,30.4470,29.8709,29.0644,28.1433,26.4203,23.0087,17.5545,11.0084,3.6588
49.725,0.2228978148009555,0.28561555285338575,7.0516827347674136e-06,4,165.172,-0.526128,-0.183248,12448.2,0.0,11.1578,52.8746,41.9654,36.6549,33.5790,32.0458,31.2312,30.5208,30.0149,29.5106,29.0080,28.5073,27.8097,27.0180,25.5518,22.7097,18.3413,13.2974,5.0197
49.845,0.26720306626473794,0.07487240348719795,8.296234220626515e-07,4,163.215,-0.35525,-0.250515,12085.8,0.0,10.0040,53.6309,40.3008,34.4859,31.6962,30.3278,29.6054,28.9780,28.5328,28.0903,27.6504,27.2135,26.6070,25.9215,24.6605,22.2462,18.6012,14.4201,6.7494
49.964,0.27820143946218473,0.01962735133974802,9.76043659822489e-08,4,160.264,-0.201527,-0.204022,11827.6,0.0,9.1823,61.8374,41.5671,33.9243,30.6520,29.2699,28.5904,28.0169,27.6107,27.2076,26.8077,26.4109,25.8612,25.2412,24.1045,21.9399,18.6931,14.9640,7.7522
50.085,0.26815318700278745,0.005145192389606905,1.14830560534456e-08,4,157.116,-0.1087,-0.142937,11578.1,0.0,8.9685,79.1859,43.9738,33.5965,29.5211,27.8594,27.0547,26.3919,25.9404,25.5059,25.0877,24.6848,24.1450,23.5605,22.5326,20.5971,17.7270,14.4616,8.0452
50.185,0.2541614628118859,0.0016859766422263906,1.9299572309026026e-09,3,154.696,-0.0767924,-0.0859149,13989.5,0.0,9.3031,103.6080,48.1947,33.8918,28.8550,26.8843,25.9464,25.1817,24.6648,24.1704,23.6972,23.2440,22.6406,21.9922,20.8819,19.0029,16.4343,13.5479,7.8855
50.305,0.2345037249720915,0.0004419686608997949,2.2705753825846034e-10,3,151.509,-0.0885919,-0.0163088,13658.7,0.0,10.4440,123.5240,61.9753,36.2284,29.0801,26.4928,25.2994,24.3436,23.7061,23.1029,22.5312,21.9888,21.2746,20.5167,19.2416,17.1464,14.5896,12.1142,7.3537
50.424,0.21694123945128002,0.00011585943264291583,2.671309231856961e-11,3,148.22,-0.149087,0.0419729,13369.3,0.0,12.0148,70.4978,99.1487,47.9131,33.5652,29.2189,27.3383,25.8848,24.9399,24.0633,23.2480,22.4877,21.5059,20.4874,18.8257,16.2276,13.2606,10.6693,6.5927
50.525,0.19654292362840556,0.10108112888138843,4.489669425981994e-12,3,145.692,-0.231885,0.0850102,13254.4,0.0,12.5830,45.1115,122.3420,84.9676,47.4059,37.6103,33.8852,31.1873,29.5117,28.0090,26.6538,25.4255,23.8875,22.3467,19.9452,16.4455,12.7870,9.8491,5.7989
50.625,0.13735318729048485,0.48490417056185336,7.545787404247938e-13,3,145.162,-0.33973,0.117825,13597.0,0.0,12.9844,37.8879,145.0640,98.9349,76.7323,53.4457,44.9975,39.5357,36.3844,33.7008,31.3879,29.3743,26.9568,24.6433,21.2374,16.6664,12.3240,9.1185,5.0446
50.745,0.04709672380761592,0.8466339044346415,8.877543423223656e-14,3,147.881,-0.447872,0.0906121,14311.1,0.0,13.5691,36.3979,152.7400,102.1530,82.2953,68.6266,54.3931,45.3222,40.5013,36.6100,33.4030,30.7148,27.6080,24.7512,20.7387,15.6867,11.2081,8.0840,4.3124
50.846,0.015432654457279588,0.9386614021020183,1.4920487231412e-14,3,151.491,-0.516969,0.0758836,14892.0,0.0,13.9713,35.9825,154.3090,102.1330,82.1348,71.2303,62.2765,49.6289,43.1879,38.2292,34.2943,31.0960,27.5079,24.3070,19.9625,14.7292,10.2967,7.3129,3.8201
50.965,0.003472188883330349,0.9739324256863815,1.7553804022883905e-15,4,153.351,-0.584838,0.0685326,11886.7,0.0,14.4728,36.5653,149.4270,97.4321,77.9126,67.8493,60.4753,48.7884,41.6760,36.3757,32.2739,29.0053,25.4064,22.2546,18.0630,13.1414,9.0777,6.3945,3.3043
51.067,0.05273198734759594,0.9835383920926635,2.9502678421260985e-16,4,156.514,-0.633535,0.058973,12118.2,0.0,14.7564,36.3986,147.4510,94.9908,75.4009,66.2642,60.2031,52.5959,43.7786,37.3064,32.5033,28.7980,24.8373,21.4670,17.1205,12.2048,8.2910,5.7752,2.9413
51.185,0.013823374091248189,0.9869929031004891,3.470960613582934e-17,4,160.302,-0.681216,0.041321,12383.5,0.0,14.8936,35.2417,148.9450,95.0209,73.9638,65.9214,61.1068,56.2760,52.1249,46.2418,38.2336,32.5620,26.9653,22.5416,17.2462,11.7512,7.7081,5.2496,2.5998
51.286,0.0045296432222202065,0.9878180493317184,5.8336435032488364e-18,4,163.449,-0.712979,0.0359818,12599.9,0.0,15.0876,35.2775,143.7800,90.1684,69.7042,62.0647,57.5982,53.2405,49.6791,45.3383,38.5319,32.2438,26.2500,21.6536,16.3084,10.9344,7.0880,4.7921,2.3524
51.404,0.0011874187928456936,0.988114789567764,6.863223245137225e-19,4,167.224,-0.74608,0.0332143,12813.6,0.0,15.3336,35.6355,134.7420,82.1918,63.3021,56.1324,51.9715,47.9869,44.8194,41.1628,36.2704,30.0818,24.2430,19.8447,14.8137,9.8442,6.3406,4.2701,2.0864
51.526,0.0003112747120317415,0.9881925782402019,8.074513515671497e-20,4,170.869,-0.776937,0.0317356,13140.1,0.0,15.5800,36.5793,124.2360,73.2962,56.3365,49.6096,45.7441,42.1051,39.2773,36.1307,32.3490,27.2200,21.8091,17.7745,13.2023,8.7304,5.6036,3.7658,1.8354
51.626,0.00010199849763856106,0.9882111588814994,1.3570834865789083e-20,4,173.911,-0.802012,0.0308978,13360.0,0.0,15.7858,39.5376,114.6280,65.4934,50.2412,43.8751,40.2716,36.9320,34.3875,31.6362,28.5264,24.5784,19.6250,15.9534,11.8154,7.7910,4.9907,3.3498,1.6304
51.744,-0.09109537309451003,0.9882178408775818,1.59659515112522e-21,4,177.515,-0.836475,0.0509621,13532.6,0.0,16.4419,176.6230,88.5137,49.6159,37.7311,31.5639,28.0616,24.7775,22.2091,19.2608,16.4476,14.3523,12.1814,10.3876,8.1436,5.6954,3.8108,2.6282,1.3219
51.846,-0.029850131855609047,0.988219436942516,2.683397470496157e-22,4,180.296,-0.883394,0.0786826,13864.6,0.0,17.4029,140.2800,60.0217,35.5845,24.1916,18.0054,14.2806,11.4337,10.0093,8.9011,8.0144,7.2888,6.4697,5.7342,4.7289,3.5068,2.4622,1.7540,0.9200
51.946,-0.009781291206445972,0.9882199599410736,4.5099861286628926e-23,4,183.214,-0.947667,0.0857159,13995.8,0.0,18.3473,121.4070,44.8045,24.9995,13.6592,7.4637,5.6055,4.6035,4.0825,3.6677,3.3297,3.0489,2.7273,2.4343,2.0271,1.5213,1.0795,0.7747,0.4104
52.066,0.18605576709957738,0.9882201480225428,5.305953580510607e-24,4,186.541,-1.02834,0.0600726,14190.3,0.0,-1.0000,-1.0000,-1.0000,-1.0000,-1.0000,-1.0000,-1.0000,-1.0000,-1.0000,-1.0000,-1.0000,-1.0000,-1.0000,-1.0000,-1.0000,-1.0000,-1.0000,-1.0000,-1.0000
52.187,0.3007751563564716,0.9874672676394713,6.242401327934925e-25,5,187.559,-1.0819,0.00311201,13473.2,0.0,-1.0000,-1.0000,-1.0000,-1.0000,-1.0000,-1.0000,-1.0000,-1.0000,-1.0000,-1.0000,-1.0000,-1.0000,-1.0000,-1.0000,-1.0000,-1.0000,-1.0000,-1.0000,-1.0000
52.304,0.2879927632108579,0.9870349905018316,7.34412273830216e-26,5,187.285,-1.12587,-0.0209039,13230.1,0.0,-1.0000,-1.0000,-1.0000,-1.0000,-1.0000,-1.0000,-1.0000,-1.0000,-1.0000,-1.0000,-1.0000,-1.0000,-1.0000,-1.0000,-1.0000,-1.0000,-1.0000,-1.0000,-1.0000
52.404,0.2942804980749902,0.9873499655313902,1.2343267086264442e-26,5,188.594,-1.16306,-0.00201351,13222.1,0.0,-1.0000,-1.0000,-1.0000,-1.0000,-1.0000,-1.0000,-1.0000,-1.0000,-1.0000,-1.0000,-1.0000,-1.0000,-1.0000,-1.0000,-1.0000,-1.0000,-1.0000,-1.0000,-1.0000
52.504,0.26700930874468526,0.9847712410022009,2.074532899188465e-27,5,189.996,-1.20915,0.0165021,13214.1,0.0,-1.0000,-1.0000,-1.0000,-1.0000,-1.0000,-1.0000,-1.0000,-1.0000,-1.0000,-1.0000,-1.0000,-1.0000,-1.0000,-1.0000,-1.0000,-1.0000,-1.0000,-1.0000,-1.0000
52.605,0.08082604687517096,0.7050998168141012,3.4866674436660533e-28,5,191.187,-1.26906,0.0403172,13271.2,0.0,-1.0000,-1.0000,-1.0000,-1.0000,-1.0000,-1.0000,-1.0000,-1.0000,-1.0000,-1.0000,-1.0000,-1.0000,-1.0000,-1.0000,-1.0000,-1.0000,-1.0000,-1.0000,-1.0000
52.706,0.008845491730387272,0.2310471079736447,5.860041972569536e-29,5,190.702,-1.34369,0.065046,13037.1,0.0,-1.0000,-1.0000,-1.0000,-1.0000,-1.0000,-1.0000,-1.0000,-1.0000,-1.0000,-1.0000,-1.0000,-1.0000,-1.0000,-1.0000,-1.0000,-1.0000,-1.0000,-1.0000,-1.0000
52.824,0.21890195687126437,0.06056761307264311,6.894280780308334e-30,5,188.07,-1.41706,0.0328681,12501.0,0.0,-1.0000,-1.0000,-1.0000,-1.0000,-1.0000,-1.0000,-1.0000,-1.0000,-1.0000,-1.0000,-1.0000,-1.0000,-1.0000,-1.0000,-1.0000,-1.0000,-1.0000,-1.0000,-1.0000
52.925,0.09936305267188217,0.01984679545164369,1.1587217707464216e-30,5,185.344,-1.45459,-0.0227516,12271.6,0.0,-1.0000,-1.0000,-1.0000,-1.0000,-1.0000,-1.0000,-1.0000,-1.0000,-1.0000,-1.0000,-1.0000,-1.0000,-1.0000,-1.0000,-1.0000,-1.0000,-1.0000,-1.0000,-1.0000
53.026,0.1403426739301536,0.006503397933594604,1.9474636800935106e-31,5,182.386,-1.46841,-0.0652559,12076.8,0.0,-1.0000,-1.0000,-1.0000,-1.0000,-1.0000,-1.0000,-1.0000,-1.0000,-1.0000,-1.0000,-1.0000,-1.0000,-1.0000,-1.0000,-1.0000,-1.0000,-1.0000,-1.0000,-1.0000
53.146,0.10875300941736618,0.17123598104477922,2.2911715449932146e-32,5,179.01,-1.44561,-0.104878,11982.9,0.0,-1.0000,-1.0000,-1.0000,-1.0000,-1.0000,-1.0000,-1.0000,-1.0000,-1.0000,-1.0000,-1.0000,-1.0000,-1.0000,-1.0000,-1.0000,-1.0000,-1.0000,-1.0000,-1.0000
53.264,0.012583354884081039,0.40896582837437756,2.6955404109690674e-33,5,177.321,-1.38376,-0.128739,12073.1,0.0,-1.0000,-1.0000,-1.0000,-1.0000,-1.0000,-1.0000,-1.0000,-1.0000,-1.0000,-1.0000,-1.0000,-1.0000,-1.0000,-1.0000,-1.0000,-1.0000,-1.0000,-1.0000,-1.0000
53.366,0.010047399786946926,0.555761981235466,4.530394768715712e-34,5,177.022,-1.31012,-0.117007,12026.9,0.0,-1.0000,-1.0000,-1.0000,-1.0000,-1.0000,-1.0000,-1.0000,-1.0000,-1.0000,-1.0000,-1.0000,-1.0000,-1.0000,-1.0000,-1.0000,-1.0000,-1.0000,-1.0000,-1.0000
53.487,0.17640394034037443,0.86127826021524,5.329964141446348e-35,5,178.114,-1.21138,-0.113049,12197.9,0.0,-1.0000,-1.0000,-1.0000,-1.0000,-1.0000,-1.0000,-1.0000,-1.0000,-1.0000,-1.0000,-1.0000,-1.0000,-1.0000,-1.0000,-1.0000,-1.0000,-1.0000,-1.0000,-1.0000
53.606,0.06976186437978711,0.9577214536364889,6.270649512770213e-36,5,179.891,-1.09399,-0.155961,12447.5,0.0,-1.0000,-1.0000,-1.0000,-1.0000,-1.0000,-1.0000,-1.0000,-1.0000,-1.0000,-1.0000,-1.0000,-1.0000,-1.0000,-1.0000,-1.0000,-1.0000,-1.0000,-1.0000,-1.0000
53.726,0.018287654175974916,0.9836973581327088,7.377356445279028e-37,5,182.478,-0.951528,-0.16362,12526.0,0.0,14.5215,26.1075,36.2726,54.1507,80.2887,105.0360,119.5780,132.1490,143.6360,166.3470,200.0000,200.0000,200.0000,200.0000,174.6200,38.2517,5.5040,1.7175,0.4989
53.845,0.004793998816306768,0.9916452153284657,8.679386084306324e-38,5,185.303,-0.797902,-0.152135,12681.7,0.0,13.4867,24.5354,34.3610,51.5820,75.5635,97.8859,111.3290,123.0840,132.6140,147.4410,200.0000,200.0000,200.0000,200.0000,186.2400,44.5751,15.6847,6.4990,2.0432
53.965,0.14558292562851444,0.9960624792645653,1.0211210934325551e-38,5,188.01,-0.6471,-0.15496,12896.9,0.0,12.3207,22.2266,30.8070,44.8701,62.7099,78.3752,90.0415,100.8250,108.6370,116.5210,125.3440,138.4750,200.0000,200.0000,200.0000,62.4861,24.6357,11.1676,3.5738
54.067,0.1458761352349516,0.9961764270335378,1.7161982217320953e-39,5,189.853,-0.50441,-0.205137,13086.5,0.0,10.8490,18.2913,23.9929,31.8128,40.2434,46.4482,50.6262,54.9609,58.5465,62.6380,67.3496,72.8345,82.0984,93.6063,116.3540,200.0000,49.8124,19.6947,5.3765
54.184,0.03824055359503115,0.9958272721164046,2.0190900458855927e-40,5,192.343,-0.294413,-0.234864,13164.4,0.0,9.1485,14.8591,18.9715,24.1614,29.2796,32.8016,35.0612,37.3162,39.1173,41.1036,43.3066,45.7623,49.7157,55.1733,69.5161,112.3820,168.8100,31.3565,7.9791
54.307,-0.0404050611941654,0.9971587803591827,2.375439248083942e-41,5,195.054,-0.0587107,-0.225527,13283.3,0.0,7.5217,12.2854,15.7119,20.0163,24.1460,26.9551,28.7472,30.5278,31.9442,33.5007,35.2199,37.1278,40.1805,44.3567,55.1275,93.3839,198.7430,39.6216,10.4455
54.408,-0.20854515438776033,0.9974768250855969,3.992400744254682e-42,5,196.881,0.122996,-0.155277,13535.3,0.0,6.5370,11.5405,15.5249,20.9271,26.5780,30.7645,33.5966,36.5465,38.9955,41.7998,45.0426,48.8344,55.3676,65.0988,85.8910,200.0000,86.5769,33.2792,11.2552
54.525,-0.06429859091022505,0.9975912007727387,4.697019551608191e-43,5,198.999,0.269908,-0.074837,13667.6,0.0,5.8041,11.3972,16.3950,24.2077,34.0859,42.8822,49.7432,57.6630,63.9278,70.5009,77.3350,84.3863,95.7380,200.0000,200.0000,145.8510,50.6705,28.3469,11.5385
54.626,-0.021069362269462544,0.9968655909192109,7.894280760387885e-44,5,201.089,0.336919,-0.0445083,13734.4,0.0,5.4044,10.9100,16.0156,24.4072,35.8028,46.7739,55.2513,63.5046,69.7946,76.3646,83.1950,91.9691,200.0000,200.0000,200.0000,126.9660,47.9972,28.0465,11.8482
54.726,-0.006904008628457488,0.9973807527699069,1.326791767398392e-44,5,203.194,0.377833,-0.0359872,13834.8,0.0,5.0991,10.3874,15.3640,23.7013,35.3493,46.7335,54.6723,62.4226,68.3665,74.6110,81.6118,92.3088,200.0000,200.0000,200.0000,121.6430,48.0346,28.3760,12.1358
54.847,-0.07398284476211711,0.9975660159916144,1.5609572464265344e-45,5,205.632,0.417977,-0.0251063,14007.0,0.0,4.8192,10.0003,15.0263,23.7969,36.8379,48.4886,56.1186,63.5619,69.2807,76.0724,86.8416,200.0000,200.0000,200.0000,185.1850,111.2750,47.0404,28.1970,12.3458
54.967,-0.019394158857320425,0.9976145816336057,1.8364505908483533e-46,5,208.003,0.438639,-0.000857178,14170.7,0.0,4.7592,10.3198,16.1349,27.4460,44.3098,57.2570,65.5994,76.9587,200.0000,200.0000,200.0000,200.0000,200.0000,200.0000,140.9290,90.3295,42.4976,26.5793,12.2177
55.085,-0.005084062379493405,0.9976273128252598,2.160565755627179e-47,5,210.359,0.44113,0.00421255,14356.5,0.0,4.7623,10.4272,16.4543,28.1769,43.7636,55.6076,64.5570,81.2580,200.0000,200.0000,200.0000,200.0000,200.0000,174.0010,132.2930,87.1126,42.7284,26.2639,12.1772
55.186,-0.001665945560512399,0.997630353804081,3.6312628654826e-48,5,212.323,0.437818,0.00527399,14490.2,0.0,4.7956,10.5219,16.6365,27.7602,41.8185,52.6049,61.8731,85.1390,198.0250,200.0000,200.0000,200.0000,200.0000,169.1170,128.9740,86.2403,44.0941,26.3437,12.1365
55.304,-0.0004367176330149623,0.997631447405117,4.272144448611625e-49,5,214.656,0.431793,0.00571745,14642.3,0.0,4.8492,10.6447,16.5829,26.6373,38.9106,48.8142,58.3556,184.2160,191.4970,197.9970,200.0000,200.0000,200.0000,164.8490,125.8770,85.1330,46.7736,26.8044,12.0803
55.404,-0.00014310363398634286,0.9976317086232087,7.180193174781558e-50,5,216.58,0.426229,0.00568789,14765.0,0.0,4.8962,10.5926,16.1746,25.2879,36.1456,45.6273,55.3847,178.7130,185.6900,191.9820,198.6090,200.0000,200.0000,200.0000,123.7100,84.0314,48.6060,27.5437,12.0786
55.524,-3.751375902771586e-05,0.9976318025628224,8.447425468198755e-51,5,218.871,0.422485,-0.00314171,14874.5,0.0,4.8680,10.2536,15.3293,23.3185,32.7434,42.0736,52.4145,172.0780,178.6910,184.7310,191.1070,197.9550,200.0000,200.0000,121.0270,82.2926,49.9118,28.9045,12.2207
55.645,-9.834006846561545e-06,0.9976318271885284,9.938311589081151e-52,5,221.059,0.435593,-0.0182675,15029.1,0.0,4.6889,9.6335,14.1374,21.0121,29.5744,38.9114,50.5956,165.3950,171.6490,177.4360,183.5620,190.1410,200.0000,200.0000,118.2660,80.4288,50.4657,30.4609,12.5338
55.745,-3.2224073634812875e-06,0.997631833070637,1.6703320287768695e-52,6,220.454,0.460744,-0.0309647,13770.7,0.0,4.4274,8.9206,12.9102,18.9421,27.1638,36.6626,51.1310,159.7470,165.7190,171.2960,177.2100,183.5610,193.2820,200.0000,116.0300,78.9034,50.4866,31.3628,12.9339
55.845,-1.0559184448655484e-06,0.9976318349980863,2.807327040765285e-53,6,221.871,0.498973,-0.0436204,13915.8,0.0,4.0669,8.0455,11.5094,17.0524,25.0500,35.0261,144.3310,154.1220,159.8140,165.1830,170.8860,177.0120,186.3890,198.4390,113.7170,77.3406,50.1464,31.9316,13.4659
55.945,-0.0008865221166372636,0.9976318356296728,4.7182745574142146e-54,6,223.205,0.550573,-0.0563567,14162.0,0.0,3.6077,7.0557,10.1838,15.3888,23.2893,34.3388,139.3860,148.4410,153.8590,159.0200,164.5110,170.4090,179.4380,191.0410,111.4010,75.7745,49.5108,32.2139,13.9931
56.064,-0.00866039025667751,0.9976318358568048,5.551002834052251e-55,6,224.879,0.624583,-0.0530675,14449.6,0.0,3.0349,6.0921,8.9860,14.0826,22.7716,120.3530,135.5340,143.3760,148.3350,153.3370,158.7010,164.4670,173.3030,184.6770,105.7150,72.5320,47.8241,31.9251,14.4025
56.166,-0.011390778942401836,0.9976318359110578,9.329570463191618e-56,6,226.61,0.673126,-0.0366576,14430.5,0.0,2.6821,5.5256,8.3329,13.6025,24.2032,122.0360,132.2920,139.3410,144.0140,148.9360,154.2190,159.9030,168.6260,179.8730,100.4260,69.5183,46.1470,31.3488,14.5752
56.267,-0.015736615049339982,0.9976318359288354,1.5680209077486156e-56,6,228.413,0.704493,-0.0180786,14348.3,0.0,2.4676,5.2500,8.1555,14.1676,33.9362,121.5250,129.8100,136.1490,140.7370,145.6570,150.9450,156.6430,165.4070,176.7400,93.6281,65.7029,44.0775,30.3740,14.5689
56.385,0.005953358331042069,0.9976318359352286,1.8447609177571693e-57,6,230.33,0.716741,0.002927,14461.3,0.0,2.4150,5.3487,8.6576,16.7328,79.4303,118.4310,125.5450,131.4410,135.9630,140.8180,146.0440,151.6850,160.3780,171.6510,86.8209,61.6508,41.7492,29.0204,14.3757
56.487,0.001950796457915865,0.9976318359367558,3.100489674474474e-58,6,232.012,0.708389,0.0140588,14474.8,0.0,2.5148,5.7026,9.4824,20.1214,90.7173,112.0330,118.7320,124.2850,128.5190,133.0610,137.9480,143.2180,151.3310,161.8380,85.5951,60.4444,40.7518,28.2453,14.1570
56.605,0.0005113895866638966,0.9976318359373048,3.647695097122474e-59,6,233.92,0.67984,0.0294911,14551.8,0.0,2.8068,6.5965,11.4851,26.1065,90.7680,105.3670,111.4750,116.6440,120.6030,124.8500,129.4170,134.3410,141.9200,151.7290,82.7532,58.3157,39.2514,27.1761,13.7263
56.724,0.0001340577118064205,0.9976318359374488,4.2914768048136206e-60,6,235.767,0.630508,0.0458795,14629.3,0.0,3.2989,8.0320,14.2187,32.3152,86.9851,98.9793,104.5120,109.3210,113.0310,117.0110,121.2910,125.9050,133.0070,142.1990,80.3604,55.9082,37.6289,26.0516,13.1661
56.826,4.3928031004727875e-05,0.9976318359374832,7.212685065850251e-61,6,237.215,0.573984,0.0540139,14752.0,0.0,3.8271,9.3272,16.5122,37.5310,83.1035,93.5811,98.6646,103.1890,106.6910,110.4480,114.4880,118.8440,125.5470,134.2250,179.7300,53.8800,36.2647,25.1074,12.6892
56.926,1.4394337199629233e-05,0.9976318359374944,1.2122359790174518e-61,6,238.632,0.514476,0.0540234,14902.4,0.0,4.3617,10.6304,18.8199,42.7795,78.8507,88.1066,92.7670,97.0181,100.3110,103.8430,107.6410,111.7370,118.0400,126.1990,145.2160,51.8402,34.8924,24.1576,12.2093
57.046,3.7733891308596054e-06,0.9976318359374984,1.426183506954242e-62,6,240.44,0.44257,0.054053,14981.1,0.0,5.0078,12.2061,21.6111,49.1361,73.4219,81.4484,85.6432,89.5682,92.6083,95.8698,99.3770,103.1590,108.9790,116.5120,133.9420,49.3706,33.2321,23.0090,11.6293
57.164,9.891713203200604e-07,0.9976318359374995,1.6778906340965962e-63,6,242.198,0.370094,0.0540683,15074.0,0.0,5.6590,13.7938,24.4234,52.3800,67.7156,74.6887,78.4618,82.0579,84.8433,87.8314,91.0447,94.5096,99.8420,106.7450,122.7150,46.8862,31.5607,21.8522,11.0449
57.265,3.2413165824247743e-07,0.9976318359374997,2.82003078872615e-64,6,243.638,0.309303,0.0540802,15152.7,0.0,6.2053,15.1257,26.7824,50.3849,62.7947,68.9851,72.4366,75.7568,78.3285,81.0872,84.0539,87.2530,92.1764,98.5494,113.2950,46.2923,30.1589,20.8820,10.5547
57.386,-0.04474819470801808,0.9957495117187498,3.317738022628428e-65,6,245.327,0.235165,0.0584695,15246.3,0.0,6.9051,17.0115,30.5126,47.5084,57.6136,63.0141,66.2130,69.3025,71.6987,74.2725,77.0438,80.0365,84.6505,90.6389,104.5620,137.5000,27.9961,19.4891,9.9181
57.486,-0.042825367249923356,0.5577317624999999,5.576122294631601e-66,6,245.927,0.157717,0.0917117,15148.6,0.0,7.9041,21.2692,36.1988,49.3871,58.8887,64.9406,68.7268,72.4337,75.3432,78.5029,81.9453,85.7105,91.6151,99.4646,133.8890,38.3260,23.4182,16.9095,9.0342
57.606,-0.011226413072363908,0.14620603514879998,6.560252118411133e-67,6,243.934,0.0322669,0.106167,14904.4,0.0,9.2430,24.4717,35.5382,46.5531,55.6354,61.7214,65.5653,69.3559,72.3502,75.6209,79.2076,83.1579,89.4127,97.8405,124.6590,116.7760,20.0807,14.6100,7.9604
57.707,-0.10414361026055219,0.047908793597558785,0.6650952630615234,6,236.952,-0.0876334,0.125905,14221.6,0.0,10.6506,25.2531,34.9247,45.2279,54.8127,61.3824,65.5940,69.7956,73.1490,76.8472,80.9456,85.5124,93.2219,119.0290,116.1580,107.6190,17.6860,12.4060,6.9267
57.807,-0.18649510881002151,0.015698753486048062,0.8944810882370178,6,223.264,-0.229632,0.185775,13188.9,0.0,12.5566,27.7419,38.1782,52.0481,66.8831,78.0973,85.8502,112.9330,112.1220,111.2530,110.3200,109.3170,107.7780,105.7950,101.2070,22.9311,13.5659,9.6947,5.5990
57.925,-0.04888857380389428,0.0041153340338465835,0.8622298780750213,6,203.811,-0.41743,0.154543,12199.4,0.0,13.2503,27.0925,37.5357,52.4831,69.3105,106.3330,105.1540,104.0200,103.1450,102.2100,101.2080,100.1320,98.4888,96.3733,91.4258,28.5351,12.3844,8.3159,4.3927
58.046,-0.012815846291248063,0.0010788101249686788,0.849030004852528,6,188.034,-0.527443,0.067898,11031.5,0.0,13.2162,25.5161,35.3472,49.4146,65.2453,99.6590,98.5353,97.4631,96.6412,95.7681,94.8388,93.8470,92.3454,90.4397,86.1293,49.6127,13.5829,8.0706,3.8120
58.164,-0.10006268536414169,0.0002828036013997893,0.8533159050490737,6,175.747,-0.560338,0.00360268,9840.75,0.0,12.8144,24.0759,33.3171,46.5089,61.3103,93.4872,92.4200,91.4092,90.6392,89.8258,88.9650,88.0523,86.6807,84.9622,81.1790,67.4347,17.9349,8.9961,3.7645
58.267,-0.10922346510020194,9.266908410668297e-05,0.8546245400624767,5,167.006,-0.545598,-0.0379213,9172.86,0.0,12.3061,23.0222,31.8723,44.5178,58.7232,88.5479,87.5178,86.5478,85.8124,85.0386,84.2235,83.3632,82.0777,80.4811,77.0267,66.3987,21.6491,10.6850,4.0633
58.384,-0.028632276035227333,2.4292644384062298e-05,0.8551402787271892,5,158.285,-0.491552,-0.0798505,7115.2,0.0,11.6426,21.7528,30.0870,41.9704,55.2844,83.0129,82.0346,81.1196,80.4297,79.7075,78.9505,78.1560,76.9763,75.5256,72.4470,63.9434,26.1549,12.8558,4.7597
58.486,-0.01112559170731704,7.960213711769535e-06,0.8210493266090576,4,151.562,-0.42665,-0.0949767,5386.67,0.0,11.1027,20.6877,28.5581,39.7309,52.3868,78.6735,77.7424,76.8763,76.2262,75.5483,74.8407,74.1015,73.0094,71.6764,68.8886,61.6421,30.1200,14.6741,5.4016
58.606,-0.13917631145516604,2.0867222632581136e-06,0.5201162050106528,4,137.404,-0.351894,-0.0961011,6291.91,0.0,10.5111,19.5553,26.9652,37.4581,75.2701,73.7489,72.8655,72.0487,71.4386,70.8052,70.1471,69.4627,68.4575,67.2396,64.7299,58.5184,34.3835,16.6651,6.1143
58.706,-0.04560529373762881,6.837771512244187e-07,0.6140109540746757,4,126.826,-0.294953,-0.0957492,7457.89,0.0,10.0713,18.7461,25.8583,35.9374,71.4042,69.9280,69.0774,68.2944,67.7118,67.1087,66.4843,65.8372,64.8908,63.7505,61.4250,55.8361,37.2892,18.1027,6.6486
58.826,-0.011955154121556965,1.79248077530574e-07,0.3087408600478212,3,115.484,-0.23218,-0.0935262,9377.31,0.0,9.6007,17.9249,24.7797,34.5422,67.0479,65.6169,64.7986,64.0492,63.4939,62.9211,62.3301,61.7199,60.8317,59.7682,57.6224,52.6076,39.5990,19.5338,7.2211
58.926,-0.003917464902551787,5.8736010045218484e-08,0.05189007634823731,3,109.063,-0.184043,-0.0911554,9882.47,0.0,9.2439,17.3154,23.9937,33.5559,63.6519,62.2572,61.4644,60.7412,60.2070,59.6574,59.0920,58.5099,57.6657,56.6598,54.6465,50.0345,39.3909,20.5577,7.6520
59.046,-0.04541378408059617,1.5397292617293755e-08,0.006104815592293772,3,105.474,-0.130017,-0.0885938,9567.77,0.0,8.8409,16.6200,23.0898,32.4265,59.7780,58.4304,57.6695,56.9786,56.4701,55.9486,55.4137,54.8650,54.0726,53.1337,51.2714,47.0971,38.2600,21.6923,8.1336
59.165,-0.0966004931496838,4.0363078758678546e-09,0.00071822544961777,3,104.264,-0.0883732,-0.0446947,9455.35,0.0,8.8486,17.7699,25.9747,56.4419,53.8203,52.3746,51.5635,50.8295,50.2915,49.7426,49.1823,48.6103,47.7888,46.8195,44.9158,40.7212,32.1168,19.3280,8.1057
59.285,-0.025323239676230708,1.058093891811503e-09,8.449850592208103e-05,3,103.185,-0.0671551,-0.016631,9360.8,0.0,8.9082,18.7633,55.1435,51.3140,48.6245,47.1601,46.3462,45.6157,45.0830,44.5409,43.9891,43.4279,42.6272,41.6898,39.8632,35.9309,28.3567,18.0668,8.0504
59.407,-0.006638335341685822,2.7737296517503464e-10,9.941164723226912e-06,3,102.185,-0.057614,-0.00888521,9271.26,0.0,8.8955,19.0015,50.9701,47.1494,44.5382,43.1371,42.3655,41.6763,41.1757,40.6681,40.1536,39.6329,38.8935,38.0330,36.3735,32.8872,26.5974,17.8283,8.0684
59.525,0.18568387928070315,7.271165858284428e-11,1.169568088522923e-06,3,101.177,-0.0497181,-0.0238269,9188.56,0.0,8.7023,18.0985,47.6755,44.0487,41.6228,40.3372,39.6332,39.0074,38.5548,38.0975,37.6355,37.1686,36.5078,35.7434,34.2837,31.2706,26.0639,18.8131,8.2626
59.647,0.06727720299958063,1.906092502754113e-11,1.3759851604663338e-07,3,100.165,-0.0227927,-0.0789588,9094.99,0.0,8.0675,15.3752,45.8328,42.6241,40.4897,39.3707,38.7599,38.2174,37.8254,37.4295,37.0299,36.6273,36.0587,35.4021,34.1515,31.5889,27.2226,21.2460,9.0325
59.764,0.06497858305224077,4.996707130419742e-12,1.618832781437037e-08,3,99.2427,0.024463,-0.107251,9013.78,0.0,7.5163,13.9147,42.9856,40.0067,38.0498,37.0352,36.4846,35.9977,35.6469,35.2938,34.9382,34.5804,34.0755,33.4936,32.3927,30.1589,26.4180,21.4111,9.7980
59.866,0.15973424994633562,1.6373209924959408e-12,2.720772255761229e-09,3,98.4895,0.0765673,-0.133301,8943.84,0.0,6.9710,12.8525,40.6731,37.8825,36.0638,35.1289,34.6240,34.1787,33.8588,33.5374,33.2145,32.8902,32.4339,31.9093,30.9177,28.9221,25.6159,21.2445,10.6416
59.985,0.3557733206998612,4.2921387425685583e-13,3.2009613511805285e-10,3,97.311,0.163798,-0.213889,8824.85,0.0,5.9652,10.2300,39.2096,36.8195,35.2404,34.4184,33.9729,33.5809,33.2996,33.0174,32.7342,32.4502,32.0513,31.5935,30.7309,28.9937,26.1017,22.2316,12.1998
60.087,0.2455497512498954,1.406448023164865e-13,5.379855742929115e-11,3,96.1868,0.266632,-0.304119,8719.29,0.0,4.9641,7.9786,11.4313,36.3051,34.9567,34.2438,33.8568,33.5145,33.2679,33.0196,32.7697,32.5182,32.1634,31.7544,30.9816,29.4283,26.8410,23.3187,13.5900
60.204,0.1797819217894315,3.6869191058453033e-14,6.329346482998674e-12,3,95.0119,0.424574,-0.35891,8618.01,0.0,3.8464,6.1217,8.2949,34.6631,33.5238,32.9223,32.5932,32.3005,32.0888,31.8750,31.6589,31.4412,31.1346,30.7818,30.1138,28.7562,26.4818,23.4027,14.5750
60.306,0.16009466022970018,1.2081296526033892e-14,1.0637732633975874e-12,3,94.291,0.551936,-0.313576,8535.79,0.0,3.0635,5.0418,6.9672,32.6525,31.6283,31.0868,30.7918,30.5303,30.3416,30.1513,29.9595,29.7661,29.4929,29.1772,28.5777,27.3671,25.3383,22.6072,14.7917
60.406,0.14260968681489727,3.9587992456507855e-15,1.787883723792325e-13,3,93.7103,0.65726,-0.255303,8423.18,0.0,2.4213,4.2076,6.1228,30.5066,29.5838,29.0932,28.8264,28.5907,28.4210,28.2502,28.0785,27.9057,27.6622,27.3816,26.8495,25.7685,23.9734,21.5557,14.7216
60.524,0.32481165316531846,1.0377754694518794e-15,2.103427322204432e-14,3,92.9189,0.750513,-0.190231,8390.75,0.0,1.8381,3.4315,5.4754,28.1242,27.3241,26.9030,26.6730,26.4687,26.3210,26.1719,26.0221,25.8717,25.6603,25.4175,24.9592,24.0333,22.4825,20.3998,14.5255
60.627,0.4373564461300641,3.400582658299918e-16,3.535230300428989e-15,3,91.9898,0.803653,-0.14937,8317.64,0.0,1.4885,2.9205,5.0782,26.4009,25.7040,25.3406,25.1428,24.9676,24.8412,24.7139,24.5855,24.4563,24.2737,24.0629,23.6617,22.8492,21.4957,19.6493,14.3764
60.746,0.4232687442878828,8.914423403773737e-17,4.159163096151701e-16,3,90.4889,0.842912,-0.122896,8200.77,0.0,1.2152,2.4683,4.6472,24.9115,24.1091,23.7510,23.5708,23.4191,23.3140,23.2096,23.1047,22.9991,22.8502,22.6787,22.3534,21.6896,20.5529,18.9768,14.2527
60.847,0.40686395457778757,2.921078260948578e-17,6.990305415702165e-17,3,88.8994,0.859103,-0.110944,8069.39,0.0,1.1004,2.2854,5.0062,24.4086,23.3896,22.9342,22.7048,22.5114,22.3773,22.2464,22.1188,21.9943,21.8250,21.6387,21.3088,20.7181,19.7697,18.4262,14.1639
60.969,0.4051093442239979,7.657431396381041e-18,8.22402441851944e-18,2,86.6271,0.863153,-0.102586,9894.53,0.0,1.0775,2.2789,28.6938,25.1325,23.6720,23.0264,22.7025,22.4300,22.2414,22.0576,21.8784,21.7038,21.4666,21.2057,20.7439,19.9176,18.7858,17.5962,13.9879
61.085,0.40906079406768414,2.007349695972911e-18,9.675482488143937e-19,2,83.8228,0.85347,-0.0819019,9495.6,0.0,1.1844,2.9420,49.3528,54.0903,25.1802,24.0490,23.5860,23.1993,22.9328,22.6741,22.4228,22.1787,21.8486,21.4869,20.8508,19.7240,18.1970,16.6111,13.4520
61.187,0.4053081609235193,6.577683483764036e-19,1.6261583417823514e-19,2,81.8933,0.826102,-0.00535566,9271.32,0.0,1.5558,35.9768,42.6823,47.2271,49.8979,51.2220,51.9262,26.7074,24.7313,23.8774,23.2589,22.7770,22.2388,21.7448,20.9582,19.5828,17.7509,15.8770,12.6161
61.309,0.3778657601001107,1.7243002591678396e-19,1.9131590275235182e-20,2,80.4047,0.74202,0.189375,9088.46,0.0,4.2677,31.7358,37.7782,41.9631,44.4492,45.6878,46.3483,46.9260,47.3384,47.7506,48.1627,48.5750,49.1525,22.6856,20.4234,18.6165,16.6380,14.6483,11.2493
61.411,0.271707187143198,5.650187089241177e-20,3.2154463775587773e-21,2,79.0596,0.607571,0.391136,8836.29,0.0,6.5547,27.4303,32.9059,36.7688,39.0857,40.2452,40.8647,41.4076,41.7957,42.1839,42.5723,42.9607,43.5056,44.1295,45.3020,20.2896,16.4245,14.1537,10.3365
61.526,0.18787350398248193,1.4811626443220392e-20,3.782940508734126e-22,2,77.3529,0.426454,0.296664,8821.32,0.0,7.3295,21.6952,26.3569,29.7499,31.8157,32.8590,33.4180,33.9084,34.2592,34.6108,34.9635,35.3171,35.8136,36.3829,37.4549,39.6229,43.3062,14.5829,9.6936
61.629,0.17628543188334295,4.853473752914459e-21,6.357988113029446e-23,2,76.7126,0.311414,0.277086,8718.04,0.0,8.4888,20.3112,24.3330,27.3619,29.2396,30.1955,30.7102,31.1632,31.4881,31.8140,32.1409,32.4692,32.9312,33.4625,34.4673,36.5094,40.0162,14.4292,9.0073
61.731,0.09124996802109632,1.5903862793550096e-21,1.0685870621568591e-23,2,76.164,0.216363,0.237688,8669.97,0.0,9.0205,18.2550,21.6646,24.3162,25.9917,26.8512,27.3156,27.7259,28.0211,28.3181,28.6167,28.9170,29.3400,29.8270,30.7513,32.6462,35.9344,40.8168,8.5487
61.850,-0.2515666966904709,4.1691022081523963e-22,1.257181992756923e-24,2,75.7088,0.113455,0.249313,8574.54,0.0,9.7877,17.2816,20.2097,22.5499,24.0548,24.8341,25.2577,25.6330,25.9036,26.1762,26.4508,26.7275,27.1179,27.5688,28.4289,30.2057,33.3298,38.0495,7.7709
61.967,-0.41979494580020493,1.0929051292539017e-22,1.4790620426585925e-25,2,75.0282,-0.00561794,0.328815,8566.53,0.0,10.7340,17.6197,20.3721,22.6059,24.0580,24.8148,25.2268,25.5925,25.8567,26.1233,26.3924,26.6638,27.0478,27.4921,28.3410,30.1053,33.2384,38.0356,6.6659
62.068,-0.6960632619132291,3.5812315275391853e-23,2.4858595750962966e-26,2,74.365,-0.128395,0.432811,8450.08,0.0,11.6470,18.5551,21.3455,23.6262,25.1161,25.8950,26.3198,26.6973,26.9702,27.2457,27.5239,27.8048,28.2024,28.6629,29.5445,31.3821,34.6623,39.8414,5.7175
62.186,-0.6815765273613733,9.387983575552322e-24,2.9245889315050424e-27,2,73.4169,-0.281644,0.376958,8204.69,0.0,12.0976,18.7150,21.4466,23.7050,25.1912,25.9725,26.3993,26.7789,27.0536,27.3314,27.6121,27.8958,28.2981,28.7648,29.6600,31.5336,34.9035,40.8570,4.9248
62.290,-0.34369326760468394,3.076254458036985e-24,4.915356617180526e-28,2,72.234,-0.381907,0.386677,7945.61,0.0,13.2282,20.6547,23.7309,26.2766,27.9523,28.8338,29.3160,29.7448,30.0549,30.3682,30.6848,31.0049,31.4589,31.9859,32.9974,35.2002,39.8698,7.7708,4.1497
62.409,-0.2798837176128161,8.064216486476475e-25,5.782867906546718e-29,2,70.3576,-0.482701,0.393584,7986.61,0.0,14.4247,22.8206,26.3204,29.2217,31.1345,32.1771,32.7716,33.3156,33.7184,34.1338,34.5622,35.0041,35.6468,36.4177,37.9773,41.6271,8.1631,5.5965,3.4237
62.527,-0.698872490983471,2.1139859666308893e-25,6.80348626337315e-30,2,68.3817,-0.574338,0.402039,7774.54,0.0,15.5469,24.9114,28.8392,32.4471,35.2219,36.8353,37.7687,38.6314,39.2759,39.9452,40.6409,41.3645,42.4275,43.7195,46.3925,7.7334,5.5199,4.2779,2.7922
62.643,-0.20458968481476814,5.541687372364878e-26,8.004233553995878e-31,2,66.392,-0.663859,0.422215,7556.56,0.0,16.8402,27.4148,32.7386,38.4263,43.0777,45.9041,47.5827,49.1637,50.3635,51.6274,8.6277,7.7330,6.9988,6.4229,5.6814,4.7572,3.8668,3.1631,2.1764
62.744,0.06908338600604913,1.8159001181765234e-26,1.3452715334200872e-31,2,65.4401,-0.741786,0.433472,7441.89,0.0,17.9069,30.1086,37.6243,46.3156,54.0041,6.0576,5.5311,5.1775,4.9643,4.7758,4.6073,4.4553,4.2648,4.0729,3.7692,3.3094,2.7933,2.3404,1.6592
62.846,0.13804755405541627,5.9503415072408324e-27,2.2609978662191408e-32,2,65.1232,-0.823571,0.41162,7417.7,0.0,18.4567,32.0876,41.6026,53.4190,4.1908,3.6709,3.4583,3.2971,3.1933,3.0976,3.0089,2.9266,2.8204,2.7104,2.5305,2.2464,1.9136,1.6120,1.1416
62.964,0.4728023384448069,1.5598463240741407e-27,2.6600413796281568e-33,2,65.2752,-0.923272,0.301431,7475.13,0.0,17.7184,29.8497,38.2027,48.3128,2.5787,2.1695,2.0109,1.8936,1.8194,1.7518,1.6898,1.6327,1.5600,1.4855,1.3657,1.1816,0.9740,0.7933,0.5216
63.068,0.6749883730067721,5.111304434726145e-28,4.470731546741043e-34,2,65.0866,-0.975636,0.1185,7447.95,0.0,15.9266,24.3498,29.4565,35.0306,39.6851,42.5571,44.2787,45.9112,2.1324,1.7143,1.4856,1.3271,1.1656,1.0304,0.8541,0.6454,0.4656,0.3402,0.1864
63.185,0.22699123842208727,1.3398977897368504e-28,5.259770957425371e-35,2,64.9152,-0.973924,-0.104375,7400.38,0.0,14.0256,19.4653,22.4292,25.4309,27.7634,29.1297,29.9236,30.6596,31.2108,31.7847,32.3825,33.0059,33.9244,35.0455,37.3811,43.2300,2.6764,0.7342,0.2495
63.287,-0.23113297878148717,4.3905770774097114e-29,8.840097048144821e-36,2,64.8874,-0.931451,-0.188092,7428.29,0.0,13.2312,17.9497,20.5567,23.1757,25.1954,26.3719,27.0534,27.6837,28.1549,28.6446,29.1539,29.6839,30.4631,31.4112,33.3764,38.2377,50.8543,74.8607,0.7431
63.407,-0.6711937646800207,1.1509634373804913e-29,1.0400285776171903e-36,2,64.4809,-0.875393,-0.160724,7382.85,0.0,13.0685,18.6157,21.9582,25.4603,28.2711,29.9560,30.9485,31.8778,32.5795,33.3154,34.0879,34.8999,36.1087,37.6040,40.7926,49.1754,65.9692,91.6937,1.3091
63.524,-0.17594941824827934,3.0171815932867158e-30,1.2235832212808485e-37,2,64.3803,-0.832129,-0.126229,7382.2,0.0,13.0640,20.0952,24.6631,29.7758,34.1518,36.9024,38.5701,40.1648,41.3910,42.6977,44.0931,45.5826,47.7347,50.2478,55.0946,65.1947,82.7185,10.2427,1.6869
63.626,-0.05765510537159618,0.190589091796875,2.0564763200067222e-38,2,64.7102,-0.794045,-0.15071,7511.18,0.0,12.7523,20.0816,24.9576,30.5398,35.4274,38.5532,40.4690,42.3158,43.7427,45.2142,46.7110,48.2315,50.3978,52.9226,57.7801,67.8675,85.7000,12.2272,2.1553
63.745,-0.015113939942531709,0.6189353919581251,2.419423825724709e-39,2,67.4841,-0.732189,-0.200561,8105.86,0.0,12.2126,19.3651,24.1582,29.6839,34.5565,37.6897,39.6167,41.4768,42.8693,44.2895,45.7360,47.2075,49.3073,51.7598,56.4920,66.3699,84.0688,16.6451,3.0316
63.846,-0.13316526750452895,0.8216065070493385,4.066325623895519e-40,2,71.532,-0.663,-0.229281,9203.64,0.0,11.7483,18.7576,23.4897,28.9836,33.8634,37.0188,38.9663,40.8070,42.1581,43.5374,44.9437,46.3761,48.4226,50.8167,55.4473,65.1535,82.7951,19.7939,3.8303
63.965,-0.062062337407907245,0.9215320927464418,4.783991433256838e-41,2,78.2349,-0.576355,-0.200199,10174.7,0.0,11.3461,18.6516,23.7476,29.8536,35.4578,39.0742,41.1309,42.9917,44.3540,45.7429,47.1572,48.5959,50.6488,53.0465,57.6752,67.3504,87.6987,19.3984,4.6018
64.085,-0.016269269377458435,0.9533772710302981,5.628318081312338e-42,2,83.1571,-0.490135,-0.180455,15214.0,0.0,10.8698,18.2473,23.5229,29.9998,36.0290,39.6122,41.6341,43.4631,44.8023,46.1677,47.5583,48.9731,50.9925,53.3522,57.9104,67.4530,92.4180,20.3156,5.3791
64.204,-0.1298016119194579,0.9620336934463415,6.6216599394831525e-43,3,88.2391,-0.404511,-0.162919,9009.48,0.0,10.3726,17.7554,23.1632,29.9633,36.0759,39.5649,41.5350,43.3183,44.6248,45.9577,47.3160,48.6986,50.6736,52.9835,57.4524,66.8347,153.0090,21.2809,6.1280
64.325,-0.14156122086370188,0.9607569249879228,7.790316702202533e-44,3,93.5059,-0.331398,-0.104336,9940.74,0.0,10.2823,18.9177,25.8815,34.7179,41.5133,45.2950,47.4079,49.3081,50.6933,52.1008,53.5294,54.9784,57.0394,59.4379,64.0461,75.4459,129.0860,17.8037,6.3715
64.445,-0.037109424682094265,0.9495237211565339,9.165229696974258e-45,3,98.2891,-0.275237,-0.0322951,11457.9,0.0,10.4876,21.4971,31.2363,41.6526,49.2303,53.3427,55.6134,57.6410,59.1109,60.5979,62.1011,63.6218,65.9378,69.0401,77.4268,134.9490,24.6826,14.7475,6.3585
64.545,-0.012160016279828649,0.943902042323573,1.5404001551704636e-45,3,102.378,-0.243637,0.0369059,12138.4,0.0,10.9647,25.5277,37.4267,49.2068,57.4225,61.8313,64.5776,67.4329,69.8577,72.7928,76.6779,84.6086,141.0390,136.6250,126.7820,31.6766,18.6097,12.5979,6.1936
64.665,-0.0031876753076594015,0.9418803663578708,1.8122653785564987e-46,3,106.689,-0.231398,0.132184,13140.1,0.0,12.1571,32.8235,47.5015,61.3087,139.3920,131.3850,126.4180,121.4130,117.2150,112.6390,108.4020,104.4790,99.4546,30.3815,23.7289,18.3282,13.7653,10.3088,5.8071
64.766,0.13703239023077207,0.9368798896981471,3.045874421739908e-47,3,109.367,-0.247508,0.236031,14230.0,0.0,14.3351,43.1017,62.2164,119.6480,96.3392,27.1539,23.7400,21.7879,20.6827,19.7370,18.9109,18.1782,17.2758,16.3821,14.9949,12.8780,10.4784,8.3976,5.2939
64.885,0.24170528595752735,0.351070241805031,3.5834407984327844e-48,3,111.457,-0.301162,0.36016,12666.5,0.0,18.5466,59.8879,99.7332,18.9194,14.8387,13.5366,12.9531,12.4919,12.1868,11.8997,11.6288,11.3724,11.0334,10.6718,10.0589,9.0397,7.7750,6.5732,4.6030
64.988,0.07920198810256257,0.11503869683467254,6.022688949925982e-49,3,111.522,-0.384435,0.43134,10544.3,0.0,21.9303,117.6470,19.5671,12.4169,10.5107,9.7980,9.4634,9.1926,9.0104,8.8367,8.6710,8.5127,8.3025,8.0762,7.6876,7.0259,6.1781,5.3445,3.9376
65.097,0.2082310439301977,0.037695880178785494,1.0122333318140597e-49,3,110.835,-0.515016,0.468239,10019.2,0.0,24.3465,97.5417,12.5026,8.8118,7.5975,7.1254,6.9008,6.7176,6.5936,6.4751,6.3614,6.2526,6.1075,5.9513,5.6832,5.2274,4.6411,4.0570,3.0627
65.207,0.3925991436110472,0.01235218601698443,1.7012605607798904e-50,3,110.483,-0.686869,0.47248,9933.86,0.0,25.4861,89.9570,8.0718,5.7491,4.9538,4.6424,4.4940,4.3728,4.2907,4.2122,4.1369,4.0647,3.9685,3.8649,3.6871,3.3844,2.9964,2.6144,1.9747
65.316,0.44910234761620227,0.004047564314045458,2.8593086245027626e-51,3,110.439,-0.876418,0.312688,9938.58,0.0,21.4156,55.7828,90.0340,4.3583,3.2755,2.9265,2.7713,2.6494,2.5693,2.4942,2.4238,2.3575,2.2711,2.1804,2.0301,1.7887,1.5023,1.2420,0.8336
65.427,0.15681715568454122,0.0013263058744264159,4.805640005201794e-52,3,108.627,-1.01799,0.107825,9820.25,0.0,-1.0000,-1.0000,-1.0000,-1.0000,-1.0000,-1.0000,-1.0000,-1.0000,-1.0000,-1.0000,-1.0000,-1.0000,-1.0000,-1.0000,-1.0000,-1.0000,-1.0000,-1.0000,-1.0000
65.537,0.051385845574710466,0.00043460390893204794,8.076839156742656e-53,3,106.975,-1.09376,-0.0115731,9641.6,0.0,-1.0000,-1.0000,-1.0000,-1.0000,-1.0000,-1.0000,-1.0000,-1.0000,-1.0000,-1.0000,-1.0000,-1.0000,-1.0000,-1.0000,-1.0000,-1.0000,-1.0000,-1.0000,-1.0000
65.647,-0.0012252711572351277,0.00014241100887885347,1.3574743570737383e-53,3,105.585,-1.1116,-0.104277,9533.61,0.0,-1.0000,-1.0000,-1.0000,-1.0000,-1.0000,-1.0000,-1.0000,-1.0000,-1.0000,-1.0000,-1.0000,-1.0000,-1.0000,-1.0000,-1.0000,-1.0000,-1.0000,-1.0000,-1.0000
65.757,-0.24820429742943562,4.66652393894227e-05,2.281507151933832e-54,3,104.72,-1.07768,-0.12055,9492.25,0.0,-1.0000,-1.0000,-1.0000,-1.0000,-1.0000,-1.0000,-1.0000,-1.0000,-1.0000,-1.0000,-1.0000,-1.0000,-1.0000,-1.0000,-1.0000,-1.0000,-1.0000,-1.0000,-1.0000
65.867,-0.15407895785105247,1.5291265643126033e-05,3.834529070255192e-55,3,103.922,-1.03262,-0.0583938,9402.97,0.0,-1.0000,-1.0000,-1.0000,-1.0000,-1.0000,-1.0000,-1.0000,-1.0000,-1.0000,-1.0000,-1.0000,-1.0000,-1.0000,-1.0000,-1.0000,-1.0000,-1.0000,-1.0000,-1.0000
65.976,-0.05048859290863287,5.0106419259395386e-06,6.444693008377903e-56,3,103.192,-0.999185,-0.0344499,9362.12,0.0,15.7553,27.8552,43.3468,94.7980,79.5600,69.8627,65.5232,62.1553,59.9592,57.9174,56.0140,54.2359,51.9183,49.1365,0.1409,0.0559,0.0281,0.0167,0.0072
66.087,-0.016544102124300818,1.6418871462918681e-06,1.0831595539180742e-56,3,102.611,-0.972594,-0.0480483,9315.8,0.0,15.3912,28.2634,106.3600,86.8131,69.7730,61.6800,58.1017,55.3032,53.4685,51.7554,50.1524,48.6255,46.3769,43.5726,37.5224,2.6527,1.0541,0.5930,0.2448
66.196,0.2582956237902294,5.380135800969193e-07,1.8204662622701076e-57,3,101.983,-0.936787,-0.093581,9261.89,0.0,14.6237,26.7305,105.3860,86.9203,71.7849,62.7864,58.8506,55.7990,53.8109,51.9634,50.2422,48.6349,46.5558,44.2474,39.4333,27.5901,3.8641,1.6590,0.5961
66.308,0.08463831000358238,0.31202176809316495,3.0596576469973708e-58,3,102.08,-0.867093,-0.179219,9466.15,0.0,13.3701,22.8390,33.3349,95.5616,84.2274,77.6399,73.6862,69.8148,66.7015,63.6979,60.9576,58.4477,55.2689,52.0435,46.9330,38.6317,22.4153,6.3997,1.4105
66.416,0.027734281421973872,0.6706916542968933,5.142366607308481e-59,3,104.674,-0.763941,-0.225587,9916.33,0.0,12.4373,21.2066,30.6934,95.1913,84.6061,78.6482,75.1915,71.9410,69.4454,66.7494,63.7807,60.8948,57.2740,53.6390,47.9576,39.6373,26.8462,12.2330,2.7125
66.528,0.009087969336352397,0.805830122139381,8.642775556903367e-60,3,108.513,-0.636615,-0.245203,10557.6,0.0,11.6050,20.1778,30.4620,92.2470,82.0018,76.3063,73.0376,69.9976,67.6926,65.2418,62.5949,59.7443,56.0832,52.4213,46.7258,38.4523,27.7538,15.3462,4.1565
66.636,0.0029779457921359533,0.8569955784851323,1.4525912878487493e-60,3,112.832,-0.507141,-0.225286,11179.9,0.0,10.8305,19.4105,35.4813,88.5488,78.5722,73.0789,69.9497,67.0602,64.8863,62.5955,60.1526,57.5044,53.9280,50.3580,44.8188,36.8012,27.5341,17.0466,5.4225
66.747,0.0009758132771671091,0.8841940689705081,2.4413701774873926e-61,3,117.486,-0.384729,-0.200074,11594.0,0.0,10.1311,18.9933,48.0427,84.2269,74.4850,69.1652,66.1533,63.3870,61.3174,59.1502,56.8584,54.4010,51.0103,47.6260,42.3770,34.7839,26.5848,17.7814,6.4755
66.859,0.0003197544946621183,0.9073052183796311,4.10321085730306e-62,3,122.168,-0.273149,-0.169776,12142.5,0.0,9.5340,19.1561,93.7209,79.4362,69.9251,64.7741,61.8751,59.2259,57.2540,55.1997,53.0427,50.7520,47.6068,44.4649,39.5875,32.5220,25.1423,17.8190,7.2897
66.987,0.054497504529519854,0.9222705434898875,6.896266487869254e-63,3,127.006,-0.177007,-0.134026,12584.1,0.0,9.0838,20.8820,88.3271,74.2520,64.9862,60.0132,57.2321,54.7040,52.8322,50.8930,48.8707,46.7430,43.8775,41.0116,36.5545,30.0804,23.3388,17.3051,7.8412
67.098,0.062461206912311454,0.930018307321363,8.113388560313301e-64,3,132.801,-0.0846748,-0.112277,13077.1,0.0,8.5546,22.1332,85.7701,72.3821,63.7749,59.2619,56.7834,54.5666,52.9519,51.3073,49.6291,47.9125,45.4318,42.4546,37.2669,29.9929,22.7399,17.1354,8.4241
67.209,0.05770278736764536,0.9334793227711892,1.3636172153318566e-64,3,137.576,-0.0217934,-0.0988529,13518.9,0.0,8.1846,21.2964,85.2446,72.5099,64.4706,60.3249,58.0752,56.0827,54.6447,53.1935,51.7283,50.2478,48.1473,45.7011,40.9515,31.9636,23.3215,17.0818,8.7961
67.320,0.15346551279127613,0.9339372974544132,2.291831453808252e-65,3,142.364,0.0255369,-0.0692824,13914.0,0.0,8.0918,20.7624,83.5565,71.3505,63.7590,59.8914,57.8091,55.9761,54.6603,53.3392,52.0127,50.6807,48.8063,46.6501,42.5647,34.1921,23.9608,17.0426,8.8621
67.430,0.08383273233284927,0.9339367806611121,3.8518811244155293e-66,3,146.942,0.0519918,-0.0452994,14310.1,0.0,8.0871,18.5796,30.9229,72.6078,65.4645,61.8571,59.9255,58.2321,57.0208,55.8085,54.5953,53.3814,51.6816,49.7390,46.1017,38.8820,27.4060,18.3148,8.8682
67.540,0.044901262322618665,0.9224604570214082,6.473856605805179e-67,3,151.424,0.0508544,-0.0245798,14684.3,0.0,7.8629,16.3313,24.5586,73.7826,67.0196,63.6248,61.8135,60.2294,59.0990,57.9694,56.8414,55.7149,54.1415,52.3495,49.0123,42.4699,32.2311,20.8619,9.1443
67.649,0.033805406465081934,0.810770436306775,1.0880610797376764e-67,3,155.905,0.0645771,-0.0389012,14922.3,0.0,7.6458,15.5002,23.1403,69.8049,63.3754,60.1783,58.4818,57.0034,55.9515,54.9035,53.8597,52.8204,51.3736,49.7334,46.7015,40.8505,31.9678,22.0609,9.4062
67.761,0.0323270520400843,0.473704717506504,0.11411590576171875,4,158.346,0.0963439,-0.0524886,12078.9,0.0,7.2951,14.4691,22.4766,65.5653,59.4795,56.4829,54.9015,53.5288,52.5550,51.5872,50.6259,49.6715,48.3474,46.8524,44.1077,38.8817,31.1267,22.6360,9.8322
67.869,0.03459583750850107,0.15522356183253122,0.8015086991729736,4,154.448,0.140149,-0.0658382,11213.1,0.0,6.8596,13.4777,24.1620,61.2306,55.4857,52.6851,51.2151,49.9438,49.0446,48.1533,47.2701,46.3954,45.1858,43.8256,41.3430,36.6708,29.8595,22.4946,10.3799
67.980,0.04657285636913992,0.05086365674128383,0.9209529815292302,4,143.15,0.189162,-0.0701402,9944.42,0.0,6.4444,13.4664,65.5411,56.1308,50.7428,48.1460,46.7912,45.6243,44.8018,43.9885,43.1851,42.3915,41.2977,40.0730,37.8519,33.7209,27.8047,21.4930,10.7905
68.091,0.07715247435656007,0.016667003040983886,0.391254959298733,3,130.733,0.237011,-0.0707057,11029.3,0.0,6.1562,14.8249,60.0072,51.0572,46.0302,43.6356,42.3942,41.3291,40.5808,39.8432,39.1162,38.4002,37.4165,36.3194,34.3416,30.7027,25.5703,20.1562,10.8153
68.199,0.21356911986009977,0.005461443556469599,0.06575822100933806,3,121.273,0.272233,-0.0282033,10944.0,0.0,6.1969,20.2026,54.6372,46.1687,41.5065,39.3122,38.1816,37.2155,36.5389,35.8736,35.2198,34.5774,33.6975,32.7198,30.9669,27.7726,23.3254,18.6765,10.5632
68.309,0.19114513317047155,0.0017896058245839585,0.011051984205039448,3,116.508,0.281418,-0.0160335,10553.0,0.0,6.1970,66.4042,53.6017,45.2334,40.6469,38.4939,37.3861,36.4403,35.7782,35.1277,34.4887,33.8612,33.0023,32.0486,30.3404,27.2335,22.9175,18.4119,10.5265
68.420,0.08585662877347588,0.0005864180365996714,0.0018575069853409803,3,115.18,0.289523,-0.0407518,10426.3,0.0,5.9643,16.8725,56.2873,47.6861,42.9270,40.6805,39.5211,38.5294,37.8343,37.1503,36.4776,35.8164,34.9098,33.9014,32.0908,28.7824,24.1575,19.3038,10.8208
68.530,0.24452361308145665,0.00019215746223298034,0.0003121911990262586,3,114.054,0.300367,-0.0400003,10333.4,0.0,5.8748,16.4679,56.4098,47.8097,43.0506,40.8041,39.6448,38.6530,37.9580,37.2740,36.6013,35.9400,35.0334,34.0248,32.2140,28.9044,24.2758,19.4141,10.9012
68.640,0.2309612650450524,6.2966157224503e-05,5.246997482034329e-05,3,112.767,0.318078,-0.0643357,10210.0,0.0,5.5825,13.7430,59.1884,50.4000,45.4907,43.1598,41.9533,40.9193,40.1935,39.4785,38.7743,38.0811,37.1294,36.0687,34.1588,30.6502,25.7053,20.4722,11.2881
68.749,0.07568138732996277,2.063275039932514e-05,8.818628668055098e-06,3,111.477,0.347315,-0.100323,10082.7,0.0,5.1598,11.2053,63.3206,54.3093,49.2127,46.7737,45.5057,44.4159,43.6490,42.8921,42.1451,41.4085,40.3948,39.2619,37.2132,33.4192,28.0037,22.1939,11.9225
68.859,0.15301579876973534,6.760939650850863e-06,1.4821469202400205e-06,3,110.43,0.386064,-0.102949,10002.1,0.0,4.8359,10.2934,64.0072,55.0223,49.9353,47.4988,46.2314,45.1419,44.3749,43.6177,42.8703,42.1329,41.1176,39.9824,37.9276,34.1160,28.6581,22.7733,12.2761
68.971,0.1504502212256481,0.0750452115184548,2.491044328847403e-07,3,109.468,0.431959,-0.106138,9952.73,0.0,4.4552,9.2775,18.3152,55.8496,50.7755,48.3426,47.0766,45.9876,45.2208,44.4634,43.7157,42.9777,41.9614,40.8242,38.7640,34.9340,29.4287,23.4583,12.6965
69.078,0.049299528491220365,0.15033910787911725,4.186698203493831e-08,3,109.042,0.48418,-0.113713,9972.82,0.0,4.0128,8.1052,13.7043,57.1504,52.0735,49.6350,48.3647,47.2712,46.5009,45.7395,44.9876,44.2450,43.2217,42.0757,39.9967,36.1212,30.5193,24.3966,13.2251
69.190,0.04034027418106168,0.25708978293232915,7.036583670612083e-09,3,109.307,0.534804,-0.0884274,10050.6,0.0,3.6942,7.7518,14.1233,55.2107,50.2903,47.9371,46.7138,45.6624,44.9225,44.1920,43.4710,42.7598,41.7806,40.6855,38.7029,35.0192,29.7190,23.9419,13.3246
69.299,0.23567209995189012,0.3399983363212656,1.182638617519773e-09,3,110.165,0.573486,-0.0592006,10184.6,0.0,3.4750,7.6974,61.3527,52.8689,48.1240,45.8662,44.6956,43.6911,42.9851,42.2889,41.6026,40.9261,39.9961,38.9576,37.0815,33.6098,28.6422,23.2489,13.2861
69.411,0.07722503371223535,0.4013834536738773,1.9876607244654827e-10,3,111.376,0.606153,-0.0616754,10371.0,0.0,3.1974,6.9581,13.4611,53.4762,48.7304,46.4703,45.2981,44.2917,43.5844,42.8866,42.1985,41.5202,40.5873,39.5452,37.6615,34.1716,29.1660,23.7124,13.5758
69.519,0.02530509904682528,0.4642494765842311,3.340661379609137e-11,3,113.078,0.63312,-0.0414527,10544.1,0.0,3.0336,6.8593,16.1270,51.9372,47.3125,45.1178,43.9812,43.0067,42.3223,41.6475,40.9828,40.3279,39.4279,38.4236,36.6107,33.2605,28.4713,23.2655,13.5535
69.630,0.08037092035380825,0.5216496063777458,5.614649580709078e-12,3,115.166,0.644545,-0.000898186,10762.2,0.0,3.0617,7.7287,56.4791,48.5011,44.1168,42.0513,40.9857,40.0741,39.4350,38.8061,38.1873,37.5786,36.7436,35.8138,34.1407,31.0660,26.7048,21.9957,13.1984
69.739,0.2662114024183051,0.5569928168459847,9.43654155029775e-13,3,117.448,0.636737,0.0206062,11025.5,0.0,3.2041,8.7919,54.4474,46.6364,42.3752,40.3758,39.3466,38.4673,37.8515,37.2460,36.6507,36.0657,35.2640,34.3724,32.7708,29.8364,25.6931,21.2375,12.9220
69.850,0.12226018547180442,0.5707967284897172,1.5859995383585432e-13,3,119.653,0.624118,0.00509756,11346.8,0.0,3.2612,8.5013,55.8869,47.8960,43.5165,41.4566,40.3948,39.4871,38.8510,38.2252,37.6098,37.0047,36.1750,35.2517,33.5917,30.5463,26.2390,21.6044,12.9844
69.959,0.10053508178674789,0.5778814610540105,2.6655894241192042e-14,3,122.098,0.611084,0.00690049,11531.0,0.0,3.3830,8.9569,55.6728,47.6616,43.2755,41.2140,40.1517,39.2439,38.6078,37.9822,37.3670,36.7623,35.9333,35.0109,33.3534,30.3151,26.0239,21.4152,12.8671
70.069,0.21980072922664934,0.5807315428613031,4.480056145117148e-15,3,124.56,0.593086,0.0229537,11753.8,0.0,3.6062,10.3749,54.0581,46.1555,41.8545,39.8400,38.8038,37.9193,37.3000,36.6914,36.0934,35.5059,34.7014,33.8072,32.2028,29.2699,25.1449,20.7332,12.5731
70.180,0.25292436505755406,0.5814681900897918,7.529630363098392e-16,3,126.837,0.571448,0.0178758,12002.0,0.0,3.7801,10.8193,54.4401,46.4381,42.0786,40.0358,38.9849,38.0876,37.4596,36.8422,36.2356,35.6398,34.8236,33.9166,32.2892,29.3153,25.1358,20.6742,12.4606
70.290,0.2559453991837065,0.5815213422317479,1.265504975125947e-16,3,128.907,0.549956,0.00106352,12269.2,0.0,3.9006,10.5274,56.0363,47.7653,43.2669,41.1533,40.0645,39.1343,38.4827,37.8419,37.2120,36.5929,35.7444,34.8009,33.1067,30.0064,25.6437,20.9876,12.4641
70.400,0.2569809989759356,0.5810508606881242,2.1269342116941794e-17,3,130.903,0.532228,-0.0114873,12496.6,0.0,4.0031,10.3963,58.0784,48.7915,44.1851,42.0163,40.8979,39.9418,39.2718,38.6126,37.9644,37.3271,36.4534,35.4812,33.7344,30.5347,26.0276,21.2185,12.4563
70.510,0.25491688002418766,0.5801497870459095,3.5747383295944084e-18,3,132.891,0.519419,-0.0209621,12636.6,0.0,4.0739,10.2907,61.2150,49.8148,44.9239,42.7116,41.5700,40.5934,39.9089,39.2352,38.5725,37.9207,37.0269,36.0321,34.2437,30.9646,26.3420,21.4101,12.4565
70.623,0.2508063390431953,0.5814281462817036,6.008062710549323e-19,3,134.837,0.51156,-0.0270136,12806.6,0.0,4.1157,10.2164,65.9963,51.4845,45.6267,43.2120,42.0368,41.0461,40.3514,39.6676,38.9949,38.3332,37.4254,36.4149,34.5976,31.2637,26.5612,21.5448,12.4606
70.730,0.21314349432964927,0.5843783886454637,1.0097750997620246e-19,3,136.8,0.508109,-0.0302351,12978.5,0.0,4.1317,10.1575,73.6933,54.2449,46.9727,44.0633,42.6658,41.5201,40.7424,39.9963,39.2799,38.5917,37.6702,36.6501,34.8149,31.4478,26.6973,21.6304,12.4690
70.841,0.1887369400574379,0.5900147939850955,1.697129010170035e-20,3,138.838,0.50787,-0.0311511,13141.0,0.0,4.1296,10.1155,87.2311,58.8716,49.4068,45.7732,44.0573,42.6647,41.7264,40.8314,39.9771,39.1607,38.0770,36.9162,34.9376,31.5341,26.7615,21.6725,12.4785
70.952,0.17826243802426187,0.5969078660524111,2.8523647273927775e-21,3,140.946,0.509043,-0.0283802,13319.5,0.0,4.1309,10.1973,113.2290,66.3656,53.3112,48.5814,46.3987,44.6505,43.4842,42.3805,41.3344,40.3417,39.0343,37.6469,35.3122,31.4745,26.6637,21.6016,12.4601
71.063,0.17019756808948816,0.624389732438679,4.793969397329041e-22,3,143.13,0.509705,-0.0231188,13520.1,0.0,4.1473,10.4104,181.2070,79.9063,59.9887,53.3876,50.4412,48.1249,46.6006,45.1733,43.8340,42.5751,40.9343,39.2143,36.3685,31.8174,26.4637,21.4399,12.4118
71.174,0.16245321779564664,0.6688956251817564,8.057224366090922e-23,3,145.501,0.508066,-0.0175546,13764.7,0.0,4.1855,10.7204,197.4330,110.4460,73.0457,62.5207,58.0737,54.6795,52.4928,50.4780,48.6156,46.8892,44.6740,42.3928,38.7076,33.0341,26.6833,21.2439,12.3427
71.279,0.15423935548093023,0.7218862594751829,1.3541776992089013e-23,3,148.152,0.502511,-0.0124047,14035.5,0.0,4.2566,11.1486,43.1594,200.0000,103.9330,82.2033,73.9746,68.0269,64.3379,61.0328,58.0550,55.3582,51.9840,48.6072,43.3503,35.7037,27.7276,21.3355,12.2484
71.392,0.14571169156739433,0.7752779160673279,2.2759664590604004e-24,3,151.127,0.491606,-0.00604707,14363.5,0.0,4.3812,11.6311,26.2413,178.2680,200.0000,136.2190,113.5140,99.0792,90.8367,83.8661,77.8947,72.7223,66.5444,60.6657,52.0691,40.6390,29.8932,22.0294,12.1017
71.502,0.06953976576162377,0.815419913240067,3.8252168277428157e-25,3,154.384,0.47385,0.00385588,14786.5,0.0,4.5867,11.3443,20.4864,49.4195,176.1700,190.2540,195.4850,199.4410,200.0000,147.7590,129.2120,114.8090,99.3234,86.0708,68.8770,49.2916,33.5900,23.4462,11.9730
71.616,0.022786790444768872,0.8426986038111302,6.42904192238735e-26,3,158.137,0.444431,0.0263945,15052.2,0.0,4.8437,11.0929,18.3130,34.8566,76.7979,165.7800,176.4770,182.5640,186.1760,189.3910,192.3050,194.9810,154.6610,123.8610,90.2210,58.5495,37.0916,24.7328,11.9453
71.723,0.019284237524191866,0.8620698788874561,1.0805290758956422e-26,4,159.671,0.420534,0.0174562,11838.0,0.0,5.0051,11.2512,18.2216,33.2625,66.4359,132.8330,166.5860,173.8160,177.8410,181.3410,184.4710,187.3180,190.9320,139.6070,97.7900,61.2406,37.8887,24.9200,11.8486
71.831,0.06772962243922717,0.8795291946325915,1.816045217857806e-27,4,162.512,0.409034,0.000682529,12379.9,0.0,5.0179,10.9127,17.1093,29.2577,51.3321,82.5800,122.3360,158.7790,164.8380,169.4210,173.2650,176.6360,180.8040,184.9920,120.0250,68.9877,40.5324,25.9162,11.9479
71.943,0.022193642680885965,0.9020842651690825,3.0522271976536144e-28,4,165.516,0.415727,-0.0297816,12728.8,0.0,4.8164,9.9147,14.7951,23.1594,35.2574,47.7942,59.0007,74.2449,91.0586,117.7290,149.8860,157.2210,163.9160,169.7770,178.3700,92.0695,47.5360,28.5747,12.3872
72.053,0.007272412833672713,0.9385878899793549,5.129878251096431e-29,4,168.766,0.440538,-0.0416268,12958.6,0.0,4.5613,9.2059,13.5116,20.5851,30.1842,39.4189,47.1211,56.8505,66.6925,80.6631,102.0470,138.7480,151.9900,159.3460,169.1190,107.4230,51.7477,30.2276,12.7657
72.167,0.0023830242373378747,0.9692341008821851,8.621786376617771e-30,4,172.198,0.476235,-0.0463164,13201.4,0.0,4.2520,8.5166,12.4224,18.7401,27.1220,34.9843,41.3967,49.3138,57.1221,67.8747,83.6218,108.8940,142.7390,151.3010,161.7060,116.8780,54.5406,31.4716,13.1492
72.270,0.0077941497258408755,0.9851626555676993,1.4490636363181488e-30,4,175.718,0.517405,-0.0486701,13500.8,0.0,3.9094,7.8009,11.3439,17.0315,24.4960,31.4148,36.9992,43.8224,50.4761,59.5173,72.5109,92.7729,134.2140,144.0180,154.8320,123.9760,56.8750,32.6111,13.5509
72.378,0.006336603359763539,0.9903821243670486,2.435441253559913e-31,4,179.256,0.562397,-0.0532387,13842.3,0.0,3.5303,6.9938,10.1114,15.0453,21.3914,27.1464,31.7048,37.1727,42.3995,49.3411,59.0061,73.3866,111.4160,135.0740,146.9590,161.8010,60.2598,34.1144,14.0235
72.492,0.0020763781889273163,0.9926947836532194,4.093246114858146e-32,4,182.933,0.612281,-0.0577729,14032.4,0.0,3.1152,6.1280,8.8103,12.9979,18.2828,22.9799,26.6375,30.9535,35.0082,40.2889,47.4499,57.7123,82.7913,125.0430,138.7700,154.2520,64.0279,35.7715,14.5448
72.601,0.000680387604947703,0.9928502520981118,6.879518745242088e-33,4,186.533,0.666307,-0.0595492,14319.3,0.0,2.6769,5.2514,7.5338,11.0786,15.5204,19.4385,22.4705,26.0269,29.3473,33.6418,39.4120,47.5757,67.0200,115.5560,131.3220,147.1400,66.9514,37.2055,15.0622
72.708,0.05016302189171427,0.9929011959981342,1.1562407155128377e-33,4,190.103,0.723842,-0.0642446,14591.5,0.0,2.2062,4.2971,6.1305,8.9400,12.3970,15.3893,17.6689,20.3040,22.7270,25.8090,29.8605,35.4243,47.9344,80.3966,122.3060,139.0870,71.4864,39.1495,15.6653
72.824,0.016437419013476933,0.9935202330452936,1.9432937705624267e-34,4,193.642,0.793403,-0.0871304,14795.0,0.0,1.6183,3.0486,4.2416,5.9659,7.9308,9.5067,10.6370,11.8742,12.9514,14.2448,15.8265,17.8049,21.5850,28.5072,71.5850,125.5700,88.1968,44.4546,16.7375
72.932,0.005386213462336122,0.9931207353549067,3.2660938401842704e-35,5,197.113,0.879129,-0.0955413,15069.3,0.0,0.9402,1.7506,2.4152,3.3575,4.4059,5.2278,5.8072,6.4319,6.9680,7.6022,8.3642,9.2967,11.0178,13.9776,28.1912,115.0620,136.4630,48.2066,17.7157
73.044,0.0040540375445258,0.9933753279517208,5.489323917197703e-36,5,197.722,0.974107,-0.0978945,13524.1,0.0,0.2010,0.3731,0.5136,0.7117,0.9307,1.1014,1.2212,1.3499,1.4599,1.5896,1.7446,1.9334,2.2790,2.8646,5.5332,105.8490,128.3100,51.1435,18.6644
73.154,-0.18136772421106603,0.9940144149632199,9.225906707634178e-37,5,200.462,1.07185,-0.091183,13730.6,0.0,-1.0000,-1.0000,-1.0000,-1.0000,-1.0000,-1.0000,-1.0000,-1.0000,-1.0000,-1.0000,-1.0000,-1.0000,-1.0000,-1.0000,-1.0000,-1.0000,-1.0000,-1.0000,-1.0000
73.265,-0.07281803746148212,0.9938850126357728,1.5505981403520767e-37,5,202.606,1.15143,-0.0345934,13961.7,0.0,-1.0000,-1.0000,-1.0000,-1.0000,-1.0000,-1.0000,-1.0000,-1.0000,-1.0000,-1.0000,-1.0000,-1.0000,-1.0000,-1.0000,-1.0000,-1.0000,-1.0000,-1.0000,-1.0000
73.370,-0.02682310739819096,0.984732160862365,2.6060902944897363e-38,5,204.755,1.1941,-0.00613243,14233.6,0.0,-1.0000,-1.0000,-1.0000,-1.0000,-1.0000,-1.0000,-1.0000,-1.0000,-1.0000,-1.0000,-1.0000,-1.0000,-1.0000,-1.0000,-1.0000,-1.0000,-1.0000,-1.0000,-1.0000
73.479,-0.14879125403624047,0.5462429407213798,4.3800559579489e-39,5,207.133,1.20857,0.00570219,14105.7,0.0,-1.0000,-1.0000,-1.0000,-1.0000,-1.0000,-1.0000,-1.0000,-1.0000,-1.0000,-1.0000,-1.0000,-1.0000,-1.0000,-1.0000,-1.0000,-1.0000,-1.0000,-1.0000,-1.0000
73.594,-0.11371499749803529,0.17899288681558173,0.6510712417602539,5,205.991,1.19754,0.0491487,13654.9,0.0,-1.0000,-1.0000,-1.0000,-1.0000,-1.0000,-1.0000,-1.0000,-1.0000,-1.0000,-1.0000,-1.0000,-1.0000,-1.0000,-1.0000,-1.0000,-1.0000,-1.0000,-1.0000,-1.0000
73.704,-0.0372621303801562,0.05865238915172982,0.8944925054251557,5,194.342,1.15189,0.0878436,12358.0,0.0,-1.0000,-1.0000,-1.0000,-1.0000,-1.0000,-1.0000,-1.0000,-1.0000,-1.0000,-1.0000,-1.0000,-1.0000,-1.0000,-1.0000,-1.0000,-1.0000,-1.0000,-1.0000,-1.0000
73.813,-0.012210054882969583,0.01921921487723883,0.5302548523350481,5,179.667,1.08638,0.0822937,11590.3,0.0,-1.0000,-1.0000,-1.0000,-1.0000,-1.0000,-1.0000,-1.0000,-1.0000,-1.0000,-1.0000,-1.0000,-1.0000,-1.0000,-1.0000,-1.0000,-1.0000,-1.0000,-1.0000,-1.0000
73.919,0.0031017348768860274,0.0062977523309736185,0.6517527595700375,5,168.0,1.02074,0.065324,11111.7,0.0,-1.0000,-1.0000,-1.0000,-1.0000,-1.0000,-1.0000,-1.0000,-1.0000,-1.0000,-1.0000,-1.0000,-1.0000,-1.0000,-1.0000,-1.0000,-1.0000,-1.0000,-1.0000,-1.0000
74.032,0.09924828581148926,0.0020636474838134355,0.7612443772250085,4,158.238,0.962497,0.0832984,9322.19,0.0,0.3484,0.9156,1.7886,5.7897,44.5229,51.0974,54.0279,56.4071,58.0259,59.5890,61.1033,62.5747,64.5715,66.7742,70.7098,77.9720,41.9643,29.2105,15.4226
74.139,0.0325216782947088,0.0006762160074959866,0.15336430750706265,4,145.564,0.906121,0.0792553,10640.9,0.0,0.8680,2.2559,4.3390,13.1285,40.6172,46.3252,48.9875,51.1813,52.6870,54.1496,55.5741,56.9645,58.8600,60.9622,64.7437,71.7974,82.3768,28.6344,15.0311
74.253,0.01065670354361018,0.0002215824613362849,0.6276996955714035,4,139.559,0.854408,0.0616319,10140.1,0.0,1.3191,3.2753,5.9317,14.4379,34.0390,39.4564,41.9980,44.1015,45.5495,46.9591,48.3353,49.6818,51.5226,53.5699,57.2705,64.2305,74.8068,29.0945,14.8488
74.365,0.0034919886171701836,7.260814093067384e-05,0.3358055029714046,3,129.754,0.810517,0.0583093,9089.17,0.0,1.7104,4.2121,7.5513,17.8139,31.1609,35.6683,37.8986,39.7811,41.0929,42.3805,43.6464,44.8929,46.6081,48.5295,52.0339,58.7166,69.0527,29.5177,14.5401
74.471,0.0011442548300743256,2.37922356201632e-05,0.056438830884403976,3,122.518,0.771715,0.0585696,11047.3,0.0,2.0613,5.0793,9.1133,20.4482,28.8985,32.6675,34.6105,36.2804,37.4576,38.6227,39.7766,40.9201,42.5048,44.2932,47.5872,53.9626,64.0099,31.4924,14.2252
74.583,0.000374949422718755,7.796239768015077e-06,0.009485674306741777,3,120.637,0.735223,0.0573193,10926.5,0.0,2.3874,5.8651,10.4838,19.9124,26.3080,29.4952,31.1885,32.6658,33.7181,34.7677,35.8145,36.8584,38.3149,39.9719,43.0545,49.1166,58.8657,71.6510,13.9477
74.688,-0.014295875186444767,0.17032277928122216,0.0015942572807340909,3,119.507,0.699831,0.0564615,10869.4,0.0,2.7039,6.6289,11.7019,18.6430,23.7082,26.3951,27.8577,29.1511,30.0814,31.0163,31.9552,32.8977,34.2222,35.7415,38.5996,44.3205,53.7335,66.3711,13.6737
74.801,-0.24250713745088134,0.39751344839299585,0.0002679468211729787,3,119.677,0.662427,0.0728466,11076.5,0.0,3.0981,7.8715,12.6846,18.3225,22.5778,24.9014,26.1845,27.3290,28.1578,28.9952,29.8408,30.6939,31.8995,33.2913,35.9344,41.3070,50.3313,62.7049,13.2463
74.908,-0.0794647387999048,0.4780113356756669,4.503382223454255e-05,3,120.936,0.602829,0.131461,11323.4,0.0,3.9158,10.0122,15.1182,20.6422,24.6931,26.8914,28.1041,29.1857,29.9691,30.7609,31.5606,32.3678,33.5093,34.8287,37.3381,42.4570,51.1108,63.0627,12.3966
75.022,-0.07799897242513835,0.5023574790835775,7.568834502959566e-06,3,122.799,0.518665,0.150423,11486.7,0.0,4.6805,10.9346,15.6811,20.6821,24.3577,26.3663,27.4792,28.4752,29.1985,29.9313,30.6730,31.4230,32.4866,33.7197,36.0771,40.9276,49.2409,60.8938,11.9237
75.132,-0.3784061678722595,0.5094678483554818,1.2720940149124143e-06,3,124.68,0.439774,0.117645,11677.6,0.0,5.2147,11.2757,15.5741,20.0438,23.3492,25.1704,26.1848,27.0956,27.7589,28.4324,29.1158,29.8088,30.7942,31.9411,34.1450,38.7263,46.7024,58.0805,11.6508
75.241,-0.2840756000681476,0.5110448444709992,2.138008410863295e-07,3,126.055,0.367446,0.141667,11850.4,0.0,6.0176,13.0845,17.8798,22.6706,26.1144,27.9847,29.0193,29.9444,30.6161,31.2965,31.9852,32.6820,33.6705,34.8175,37.0137,41.5525,49.3874,60.4698,10.7711
75.348,-0.14773686824753565,0.512870186355007,3.59335073613794e-08,3,127.431,0.29284,0.148021,12057.7,0.0,6.7370,14.3838,19.3456,24.1759,27.5985,29.4453,30.4645,31.3747,32.0349,32.7032,33.3794,34.0631,35.0324,36.1565,38.3060,42.7408,50.3834,61.1863,10.0960
75.460,-0.2640502183271806,0.5223167440710587,6.039344582227036e-09,3,129.135,0.219393,0.13188,12131.8,0.0,7.2655,14.8868,19.6491,24.2385,27.4868,29.2428,30.2131,31.0805,31.7103,32.3482,32.9939,33.6473,34.5743,35.6504,37.7124,41.9812,49.3844,59.9348,9.6449
75.569,-0.3039381615935892,0.5364140006972045,1.015032643934898e-09,3,130.709,0.150656,0.122546,12287.3,0.0,7.7888,15.5002,20.1684,24.6168,27.7551,29.4504,30.3870,31.2243,31.8323,32.4482,33.0718,33.7030,34.5987,35.6389,37.6331,41.7690,48.9652,59.2719,9.1606
75.681,-0.2529741920696728,0.544317669045335,1.7059653646613833e-10,3,132.214,0.0865987,0.11924,12500.1,0.0,8.3098,16.2051,20.8570,25.2418,28.3171,29.9748,30.8898,31.7073,32.3006,32.9016,33.5100,34.1257,34.9993,36.0136,37.9581,41.9911,49.0143,59.3760,8.6577
75.788,-0.23391932573504665,0.5727676661365254,2.867215988386387e-11,3,133.837,0.0275478,0.112583,12651.3,0.0,8.7518,16.7153,21.3060,25.5957,28.5932,30.2068,31.0972,31.8927,32.4700,33.0546,33.6465,34.2454,35.0953,36.0823,37.9749,41.9031,48.7566,59.8750,8.2217
75.898,-0.2314803690587468,0.6118790713396166,4.818929911681001e-12,3,135.66,-0.0253709,0.101035,12848.0,0.0,9.0911,16.9829,21.4507,25.6029,28.5006,30.0603,30.9212,31.6907,32.2493,32.8151,33.3880,33.9679,34.7910,35.7473,37.5828,41.3988,48.0809,60.7099,7.8709
76.011,-0.22452520182795332,0.6398154305809406,8.099175502562259e-13,3,137.696,-0.0702769,0.0864188,13084.1,0.0,9.3303,17.0564,21.3669,25.3611,28.1487,29.6506,30.4802,31.2219,31.7605,32.3065,32.8595,33.4195,34.2149,35.1395,36.9160,40.6185,47.4161,62.2829,7.6059
76.118,-0.2149794597322974,0.6753236616990126,1.361228426715639e-13,3,139.903,-0.105417,0.0714165,13321.0,0.0,9.4849,17.0096,21.1616,25.0021,27.6845,29.1317,29.9316,30.6472,31.1671,31.6943,32.2285,32.7697,33.5389,34.4339,36.1553,39.7525,47.3076,65.5708,7.4204
76.232,-0.20419470843067883,0.7258478172311574,2.2878166167809746e-14,3,142.314,-0.129537,0.056277,13596.2,0.0,9.5460,16.8318,20.8208,24.5097,27.0906,28.4848,29.2564,29.9471,30.4493,30.9586,31.4751,31.9985,32.7429,33.6096,35.2791,39.0945,48.0387,71.9876,7.3310
76.338,-0.19183976259176014,0.7692786447815557,3.845133387823785e-15,3,145.016,-0.141205,0.0401823,13901.4,0.0,9.5019,16.5034,20.3201,23.8548,26.3344,27.6767,28.4203,29.0865,29.5712,30.0632,30.5624,31.0694,31.8085,32.7036,34.5442,39.0146,50.1215,85.0733,7.3607
76.448,-0.1784907706628816,0.7982373630407701,6.462515684915435e-16,3,147.947,-0.138105,0.0211737,14227.2,0.0,9.3235,15.9588,19.5734,22.9334,25.3001,26.5863,27.3178,27.9963,28.5047,29.0340,29.5857,30.1612,31.0095,32.0454,34.2058,39.6286,54.2931,115.5680,7.5567
76.562,-0.16396773459845052,0.8207672980274495,1.0861550111637373e-16,3,151.036,-0.117296,-0.00238258,14579.3,0.0,8.9841,15.1460,18.5132,21.6631,24.0031,25.4011,26.2231,26.9917,27.5714,28.1788,28.8158,29.4846,30.4788,31.7064,34.3158,41.1754,62.2907,200.0000,7.9831
76.669,-0.15185134879520276,0.8408051493113846,1.825500727262893e-17,3,154.273,-0.0753574,-0.0310929,14942.6,0.0,8.4658,14.0449,17.1141,20.2175,22.7811,24.3505,25.2868,26.1715,26.8448,27.5558,28.3078,29.1042,30.3015,31.8026,35.0790,44.2934,79.5967,200.0000,8.7255
76.779,-0.12780318649068703,0.8584828887482294,3.0681190723107444e-18,4,157.274,-0.00852521,-0.0648959,12301.1,0.0,7.7574,12.6539,15.5811,18.8764,21.7133,23.5043,24.5932,25.6365,26.4401,27.2979,28.2153,29.1990,30.7013,32.6257,36.9923,50.6496,133.6100,71.1770,9.9149
76.890,-0.06183335475730582,0.8703320968131448,5.156587724832669e-19,4,157.97,0.0834357,-0.107294,12195.8,0.0,6.8594,11.1706,14.0956,17.5404,20.6457,22.6771,23.9402,25.1709,26.1330,27.1737,28.3029,29.5324,31.4490,33.9752,40.0236,62.3406,200.0000,53.4312,11.4704
76.998,-0.012284909495842718,0.8777641558587312,8.666676989126268e-20,4,160.9,0.209318,-0.168152,12306.6,0.0,5.7542,9.5946,12.3186,15.6363,18.7347,20.8195,22.1399,23.4446,24.4771,25.6069,26.8481,28.2180,30.3931,33.3358,40.7550,73.7016,200.0000,50.1865,12.8587
77.108,0.01496282321730851,0.881337922654289,1.456608401562452e-20,4,163.877,0.365217,-0.182792,12525.3,0.0,4.6230,7.7410,9.9639,12.6847,15.2392,16.9656,18.0620,19.1479,20.0089,20.9527,21.9917,23.1410,24.9712,27.4580,33.7835,62.8689,200.0000,55.2452,14.4520
77.220,0.003596428810410151,0.8856185741672324,2.4481217405060133e-21,4,166.828,0.521264,-0.189955,12777.6,0.0,3.4695,5.7651,7.3868,9.3538,11.1830,12.4095,13.1844,13.9489,14.5529,15.2129,15.9368,16.7344,17.9977,19.7010,23.9661,42.4096,200.0000,64.6504,16.2738
77.330,-0.05137683262459229,0.8885271174299937,4.114558209268456e-22,4,169.798,0.682755,-0.189634,12991.0,0.0,2.2997,3.8225,4.8987,6.2047,7.4196,8.2345,8.7495,9.2577,9.6592,10.0980,10.5794,11.1099,11.9503,13.0839,15.9241,28.2373,200.0000,71.3524,17.9928
77.438,-0.07383907860761389,0.8911923509957104,6.915337982317492e-23,4,172.716,0.840592,-0.166053,13219.4,0.0,1.1746,2.0036,2.6080,3.3648,4.0929,4.5949,4.9181,5.2414,5.5003,5.7864,6.1045,6.4602,7.0348,7.8324,9.9535,21.8040,200.0000,67.0102,19.0241
77.548,-0.11799111034170541,0.8923969837930243,1.1622608546881012e-23,4,175.489,0.981826,-0.131766,13523.6,0.0,0.1374,0.2440,0.3259,0.4341,0.5446,0.6249,0.6784,0.7335,0.7787,0.8300,0.8885,0.9560,1.0699,1.2389,1.7612,11.3669,153.2430,59.8984,19.5551
77.660,-0.14656270593530127,0.8930627725555482,1.9534118184742915e-24,4,177.95,1.09751,-0.093982,13979.3,0.0,-1.0000,-1.0000,-1.0000,-1.0000,-1.0000,-1.0000,-1.0000,-1.0000,-1.0000,-1.0000,-1.0000,-1.0000,-1.0000,-1.0000,-1.0000,-1.0000,-1.0000,-1.0000,-1.0000
77.768,-0.17497504751091078,0.8937628132172522,3.283099243309742e-25,4,180.058,1.1847,-0.0406564,14133.5,0.0,-1.0000,-1.0000,-1.0000,-1.0000,-1.0000,-1.0000,-1.0000,-1.0000,-1.0000,-1.0000,-1.0000,-1.0000,-1.0000,-1.0000,-1.0000,-1.0000,-1.0000,-1.0000,-1.0000
77.880,-0.20359190670581898,0.8939922025412792,5.517904898230684e-26,4,182.289,1.23622,-0.00051624,14290.6,0.0,-1.0000,-1.0000,-1.0000,-1.0000,-1.0000,-1.0000,-1.0000,-1.0000,-1.0000,-1.0000,-1.0000,-1.0000,-1.0000,-1.0000,-1.0000,-1.0000,-1.0000,-1.0000,-1.0000
77.988,-0.191698624389354,0.8950085309443513,9.273942762456313e-27,4,184.316,1.25371,0.0358569,14518.4,0.0,-1.0000,-1.0000,-1.0000,-1.0000,-1.0000,-1.0000,-1.0000,-1.0000,-1.0000,-1.0000,-1.0000,-1.0000,-1.0000,-1.0000,-1.0000,-1.0000,-1.0000,-1.0000,-1.0000
78.100,-0.07264262556430351,0.894400399326095,1.5586715600860328e-27,4,186.363,1.23416,0.0793092,14695.2,0.0,-1.0000,-1.0000,-1.0000,-1.0000,-1.0000,-1.0000,-1.0000,-1.0000,-1.0000,-1.0000,-1.0000,-1.0000,-1.0000,-1.0000,-1.0000,-1.0000,-1.0000,-1.0000,-1.0000
78.208,-0.023803535544910975,0.8942011267574249,2.619659291036596e-28,4,188.823,1.18017,0.0920979,14683.2,0.0,-1.0000,-1.0000,-1.0000,-1.0000,-1.0000,-1.0000,-1.0000,-1.0000,-1.0000,-1.0000,-1.0000,-1.0000,-1.0000,-1.0000,-1.0000,-1.0000,-1.0000,-1.0000,-1.0000
78.319,-0.007799942527356428,0.894888758809623,4.402861370445206e-29,4,191.347,1.10328,0.0913102,14795.6,0.0,-1.0000,-1.0000,-1.0000,-1.0000,-1.0000,-1.0000,-1.0000,-1.0000,-1.0000,-1.0000,-1.0000,-1.0000,-1.0000,-1.0000,-1.0000,-1.0000,-1.0000,-1.0000,-1.0000
78.428,-0.06799188164730166,0.9099769141117372,7.39988910530726e-30,4,194.065,1.01733,0.0867469,14776.9,0.0,-1.0000,-1.0000,-1.0000,-1.0000,-1.0000,-1.0000,-1.0000,-1.0000,-1.0000,-1.0000,-1.0000,-1.0000,-1.0000,-1.0000,-1.0000,-1.0000,-1.0000,-1.0000,-1.0000
78.538,-0.0776154629645878,0.9482878328723839,1.2436993619289914e-30,5,196.756,0.92259,0.117477,15143.3,0.0,0.7499,2.1856,5.0576,98.9014,166.3230,155.3410,131.5440,115.5210,106.2830,98.4206,91.6476,85.7529,78.6781,71.9111,61.9535,48.5989,35.9224,26.5707,14.6929
78.650,-0.02543303490423613,0.9656437402787477,2.0902855175940563e-31,5,196.844,0.79801,0.158162,13465.1,0.0,2.0650,7.0224,23.6451,162.2900,122.2670,94.4018,84.1911,76.9233,72.4618,68.4942,64.9434,61.7471,57.7737,53.8251,47.7337,38.9915,30.0187,22.9325,13.3243
78.759,-0.008333896877420095,0.97449473456454,3.513142869420331e-32,5,199.404,0.642881,0.169679,13632.1,0.0,3.7100,13.2901,53.9055,152.5260,98.8693,78.4114,70.6354,65.0050,61.5086,58.3733,55.5462,52.9841,49.7761,46.5628,41.5551,34.2592,26.6340,20.5121,12.0747
78.869,-0.002730851328793017,0.9790891201689834,5.904539220634751e-33,5,202.009,0.472657,0.17245,13798.6,0.0,5.5000,19.9635,85.5588,144.1030,86.2410,68.7834,62.0962,57.2362,54.2107,51.4926,49.0377,46.8096,44.0153,41.2114,36.8318,30.4290,23.7096,18.2944,10.8025
78.980,-0.0008948453634188957,0.9848426377407224,9.923759068120826e-34,5,204.605,0.295671,0.173484,13972.8,0.0,7.3567,26.8365,117.5580,135.5070,75.1225,60.0378,54.2433,50.0266,47.3990,45.0369,42.9022,40.9637,38.5311,36.0886,32.2703,26.6812,20.8066,16.0656,9.4973
79.090,-0.00029322292868510375,0.9886569562380049,1.6678861865790672e-34,5,207.196,0.114871,0.173903,14150.5,0.0,9.2507,33.8144,144.2440,125.8660,64.3801,51.4946,46.5393,42.9314,40.6823,38.6598,36.8316,35.1712,33.0871,30.9938,27.7204,22.9264,17.8846,13.8133,8.1696
79.199,0.0029200799724472147,0.9915271368106944,2.8032163137834387e-35,5,209.778,-0.0687289,0.173926,14327.5,0.0,11.1700,40.8343,137.0650,108.0150,53.7660,43.0068,38.8689,35.8560,33.9778,32.2890,30.7623,29.3756,27.6351,25.8869,23.1532,19.1494,14.9384,11.5380,6.8241
79.308,0.09042645185312151,0.9924676375807533,4.711365658575825e-36,5,212.325,-0.252897,0.162781,14497.3,0.0,12.8907,44.7383,130.8590,110.3790,48.2862,37.7114,33.7755,30.9537,29.2130,27.6596,26.2651,25.0062,23.4366,21.8716,19.4471,15.9459,12.3255,9.4471,5.5180
79.420,0.02963093974323086,0.9927758208730861,7.91839226236839e-37,5,214.701,-0.41731,0.122052,14676.1,0.0,13.8104,40.8781,97.4362,116.5740,66.9561,44.6286,37.8984,33.4853,30.9166,28.7159,26.8095,25.1424,23.1316,21.1979,18.3341,14.4585,10.7423,7.9773,4.4371
79.528,0.009709466335061888,0.9928768063743179,1.3308441875362552e-37,5,217.194,-0.554525,0.108802,14822.7,0.0,14.8962,42.2096,92.8371,111.0810,68.5726,41.0437,33.8129,29.3007,26.7531,24.6148,22.7946,21.2266,19.3642,17.6024,15.0442,11.6756,8.5423,6.2697,3.4280
79.639,0.18467029706917307,0.9929098973033614,2.2367498259921837e-38,5,219.646,-0.676482,0.095895,14987.8,0.0,15.8120,43.0713,88.7803,105.2770,74.4322,37.1590,29.3325,24.7712,22.2967,20.2730,18.5875,17.1619,15.4996,13.9571,11.7678,8.9723,6.4572,4.6818,2.5158
79.749,0.08480417242362662,0.9929207405389904,3.759305432545063e-39,6,220.329,-0.766582,0.0293509,13816.1,0.0,15.4500,35.6070,59.1765,105.2070,99.5704,95.3159,92.1652,87.9412,67.9103,47.7228,36.7889,29.9334,23.7425,19.2062,14.1463,9.2783,5.9211,3.9655,1.9249
79.858,0.027788631219773968,0.9935266374004413,6.318264640478489e-40,6,221.04,-0.801302,-0.0140932,13815.3,0.0,15.0736,31.8945,48.7550,100.9910,97.0356,94.3360,92.6111,90.8841,89.4884,87.9079,86.0582,83.7528,76.5359,40.3640,21.4071,11.0522,6.1419,3.8185,1.7103
79.969,0.009105778678095535,0.9609441249496267,1.0619107381252196e-40,6,223.056,-0.794981,-0.0220111,13907.3,0.0,14.9064,31.1000,46.9502,94.1815,90.4475,87.9722,86.4220,84.8953,83.6857,82.3494,80.8456,79.1014,75.9177,56.8954,25.7433,12.3018,6.6017,4.0374,1.7792
80.079,0.0029837815572383445,0.33878317086349363,0.4503343048095703,6,224.256,-0.7724,-0.0249284,13816.1,0.0,14.6780,30.4680,45.7929,87.0101,83.3856,81.0465,79.6040,78.2007,77.1024,75.9051,74.5825,73.0916,70.5555,65.9334,30.4347,14.0651,7.4434,4.5234,1.9812
80.188,0.0009777255406758609,0.11101246942854961,0.8500455177250671,6,215.653,-0.745093,-0.0258768,12896.3,0.0,14.4388,29.9224,44.9089,79.7890,76.2503,74.0243,72.6708,71.3687,70.3601,69.2720,68.0863,66.7749,64.6307,61.3320,34.8216,15.9073,8.3790,5.0813,2.2212
80.298,0.00032038110516866616,0.03637656598234714,0.9197268254570208,6,201.269,-0.718047,-0.0260223,11863.1,0.0,14.2131,29.4472,44.1861,72.8853,69.4358,67.3171,66.0457,64.8359,63.9073,62.9149,61.8458,60.6814,58.8318,56.2003,38.6444,17.6216,9.2752,5.6230,2.4572
80.408,0.00010498248054166852,0.011919873141095511,0.9325441459713095,6,186.662,-0.692545,-0.0262874,10888.9,0.0,13.9986,28.9896,43.4822,66.4300,63.0882,61.0814,59.8927,58.7734,57.9220,57.0201,56.0589,55.0264,53.4250,51.2640,42.3962,19.2684,10.1287,6.1368,2.6802
80.518,3.440065922389394e-05,0.0039059040308741773,0.9322948602933296,6,172.501,-0.668739,-0.0266116,9966.34,0.0,13.7975,28.5570,64.5174,60.4138,57.1935,55.3007,54.1938,53.1618,52.3836,51.5662,50.7036,49.7881,48.3963,46.5893,41.8737,20.8306,10.9321,6.6187,2.8887
80.629,1.1272408014485567e-05,0.0012798866328368502,0.8939848409011893,5,158.857,-0.646544,-0.0267785,9925.66,0.0,13.6118,28.1647,58.8979,54.8172,51.7272,49.9478,48.9202,47.9711,47.2612,46.5212,45.7474,44.9350,43.7199,42.1885,38.6325,22.2650,11.6750,7.0659,3.0828
80.738,3.693742658186631e-06,0.0004193932518479791,0.8519549719685636,5,145.8,-0.626007,-0.0269173,9011.53,0.0,13.4403,27.8031,53.6604,49.6334,46.6823,45.0159,44.0654,43.1952,42.5493,41.8810,41.1878,40.4668,39.4037,38.0948,35.2486,23.5929,12.3627,7.4798,3.2624
80.848,0.027309369424529783,0.00013742678076554578,0.8396286216077505,4,133.382,-0.607051,-0.0273131,8173.58,0.0,13.2786,27.5445,48.8048,44.8606,42.0569,40.5036,39.6283,38.8336,38.2480,37.6461,37.0267,36.3879,35.4572,34.3330,31.9946,24.8918,13.0172,7.8688,3.4292
80.959,0.2511323166083135,4.5032007521254044e-05,0.793983008562765,4,121.719,-0.589591,-0.0273564,8168.89,0.0,13.1338,48.6317,44.2952,40.4526,37.7983,36.3547,35.5506,34.8262,34.2961,33.7546,33.2010,32.6345,31.8176,30.8459,28.8889,24.1031,13.5988,8.2196,3.5817
81.068,0.3876465469762801,1.4756088224564524e-05,0.4256614417784409,4,110.533,-0.573639,-0.0271695,7506.52,0.0,13.0043,44.4951,40.1217,36.3979,33.8951,32.5584,31.8219,31.1633,30.6843,30.1980,29.7039,29.2016,28.4838,27.6408,25.9849,22.2826,14.1131,8.5340,3.7202
81.179,0.26433149519346283,4.835274989425303e-06,0.07154091851970257,3,102.02,-0.558958,-0.0281995,7505.44,0.0,12.8704,40.6728,36.3088,32.7263,30.3810,29.1507,28.4797,27.8839,27.4533,27.0183,26.5789,26.1349,25.5055,24.7742,23.3663,20.3870,14.6731,8.8569,3.8525
81.289,0.1647286224025476,1.5844229085348834e-06,0.012023882175606414,3,96.9504,-0.542467,-0.0415886,8802.72,0.0,12.5763,37.4145,33.1556,29.7735,27.6154,26.5014,25.8994,25.3683,24.9867,24.6031,24.2176,23.8302,23.2847,22.6570,21.4678,19.0447,14.9375,9.5994,4.0544
81.399,0.22529516582877343,5.191836986687107e-07,0.0020208538772541703,3,95.8574,-0.510378,-0.0951722,8707.27,0.0,11.7524,35.4897,31.5058,28.4202,26.4902,25.5069,24.9780,24.5129,24.1795,23.8453,23.5105,23.1754,22.7057,22.1683,21.1604,19.1515,15.8763,11.7056,4.6139
81.509,0.39307832745486304,1.7012611437976313e-07,0.00033964491115010844,3,94.8304,-0.452503,-0.163744,8611.38,0.0,10.7617,33.9535,30.2430,27.4264,25.6915,24.8158,24.3473,23.9368,23.6433,23.3497,23.0561,22.7624,22.3514,21.8822,21.0047,19.2728,16.5023,13.0098,5.6406
81.618,0.5401638242497073,5.574692515996078e-08,5.708412021699872e-05,3,93.4589,-0.36046,-0.268992,8480.92,0.0,9.5978,33.3612,29.9530,27.3930,25.8272,25.0402,24.6200,24.2523,23.9898,23.7274,23.4652,23.2032,22.8369,22.4193,21.6399,20.1008,17.6273,14.4846,7.2092
81.728,0.5869654510318805,1.8267152436415948e-08,9.594128084870973e-06,3,91.6503,-0.229005,-0.382138,8312.63,0.0,8.4487,33.1240,29.9858,27.6426,26.2141,25.4970,25.1144,24.7798,24.5409,24.3022,24.0637,23.8255,23.4926,23.1130,22.4048,21.0064,18.7549,15.8471,8.6305
81.839,0.5881360739147476,5.985780510364778e-09,1.6124851072242648e-06,3,89.4769,-0.0906283,-0.38575,8115.38,0.0,7.4303,32.8774,29.9586,27.7866,26.4659,25.8041,25.4512,25.1426,24.9223,24.7022,24.4823,24.2627,23.9558,23.6059,22.9529,21.6633,19.5829,16.8786,9.8203
81.949,0.5774884889712615,1.9614205576363306e-09,2.710103719711822e-07,2,86.9682,0.0314566,-0.390332,7894.05,0.0,6.5512,32.6283,29.8822,27.8464,26.6103,25.9911,25.6611,25.3725,25.1666,24.9609,24.7555,24.5503,24.2636,23.9368,23.3273,22.1234,20.1781,17.6370,10.7928
82.059,0.5629016326626402,6.427182883262728e-10,4.5548713217196596e-08,2,84.1922,0.137071,-0.388157,9481.26,0.0,5.8254,32.4197,29.6903,27.7571,26.5864,26.0007,25.6887,25.4160,25.2214,25.0270,24.8329,24.6390,24.3682,24.0595,23.4837,22.3467,20.5109,18.1084,11.5189
82.169,0.5481557245820071,2.106059287187531e-10,7.655372230414233e-09,2,80.8175,0.224148,-0.385414,9090.91,0.0,5.2263,33.0156,29.5752,27.6785,26.5565,25.9955,25.6968,25.4357,25.2495,25.0636,24.8778,24.6925,24.4335,24.1385,23.5884,22.5023,20.7477,18.4489,12.0705
82.279,0.5444135740228445,6.901135072256101e-11,1.28663841076572e-09,2,77.1692,0.293791,-0.388769,8705.08,0.0,4.7427,35.0839,30.2995,27.8389,26.6372,26.0921,25.8029,25.5503,25.3700,25.1900,25.0103,24.8308,24.5801,24.2944,23.7616,22.7097,21.0101,18.7792,12.5277
82.389,0.5336548884177138,2.2613639404768794e-11,2.1624531769739464e-10,2,73.2867,0.346408,-0.390807,8302.5,0.0,4.3730,8.9381,32.4813,28.9883,27.3238,26.5875,26.2180,25.9072,25.6919,25.4821,25.2777,25.0783,24.8076,24.5098,23.9806,22.9508,21.2845,19.0931,12.9013
82.501,0.541754109753403,7.41003736015464e-12,3.6344350545401115e-11,2,69.2017,0.383821,-0.39877,7884.27,0.0,4.0969,7.6228,37.3535,31.9049,29.4343,28.3649,27.8333,27.3885,27.0819,26.7841,26.4947,26.2135,25.8330,25.4160,24.6820,23.3801,21.6072,19.4312,13.2305
82.609,0.5559200363905272,2.4281210421754726e-12,6.108394996165567e-12,2,64.964,0.409515,-0.412939,7451.67,0.0,3.8915,6.7859,48.5355,38.3528,34.1726,32.4376,31.5909,30.8904,30.4115,29.9494,29.5034,29.0726,28.4939,27.8650,26.7713,24.8708,22.3631,19.8217,13.5497
82.720,0.4778269051651667,7.956467031000589e-13,1.026637947005547e-12,2,60.636,0.427262,-0.433684,7007.54,0.0,3.7323,6.1460,83.2747,54.4637,45.2319,41.7364,40.0949,38.7670,37.8745,37.0249,36.2153,35.4430,34.4197,33.3263,31.4685,28.3654,24.4925,20.7891,13.8935
82.831,0.1448808808956058,0.031171289062760718,1.7254703975322228e-13,2,56.4128,0.441016,-0.461225,6583.68,0.0,3.5938,5.6011,8.4501,124.2690,81.2481,69.3165,64.2984,60.4769,58.0192,55.7575,53.6695,51.7360,49.2579,46.7095,42.5999,36.2908,29.2538,23.2476,14.2994
82.942,-0.15335324415053414,0.07615428417196042,2.899998097132408e-14,2,52.857,0.455316,-0.492322,6320.52,0.0,3.4555,5.1302,6.8239,16.5266,200.0000,200.0000,200.0000,200.0000,173.3210,152.7330,136.5250,123.4360,108.8410,95.8998,78.4526,57.6142,40.1144,28.4108,14.7861
83.051,-0.28569506267982125,0.03488086083746799,4.874026801850439e-15,2,50.3171,0.474446,-0.513795,6032.59,0.0,3.3061,4.7538,6.0431,8.6359,12.1256,15.2167,17.6171,20.4419,23.0884,26.5244,31.1649,37.7766,53.7465,104.0250,200.0000,164.3390,69.5071,38.7418,15.7224
83.166,-0.628244650648206,0.01142976047922151,8.191776845870032e-16,2,48.5818,0.501298,-0.517793,5685.8,0.0,3.1309,4.4459,5.5557,7.1500,8.6825,9.7363,10.4133,11.0898,11.6306,12.2278,12.8908,13.6308,14.8241,16.4754,20.8384,44.4809,200.0000,61.1830,17.1973
83.273,-0.8131353024721931,0.003745303913831305,1.3767919344853764e-16,2,47.9105,0.536771,-0.484037,5523.42,0.0,2.9422,4.2938,5.3570,6.5867,7.6723,8.3710,8.8010,9.2166,9.5394,9.8863,10.2602,10.6643,11.2882,12.0995,13.9921,20.4200,89.2188,100.7940,18.5454
83.378,-0.23368846476833824,0.0012272611864842422,2.313974204289572e-17,2,48.5222,0.578884,-0.365662,5568.16,0.0,2.8243,4.5296,5.7165,7.1150,8.3760,9.2011,9.7142,10.2143,10.6052,11.0281,11.4871,11.9868,12.7660,13.7932,16.2539,25.3459,200.0000,83.0618,17.8681
83.488,-0.07694691814883887,0.0004021489455871565,3.889096445149484e-18,2,48.7859,0.630158,-0.231757,5610.4,0.0,2.6755,4.4996,5.8067,7.4150,8.9335,9.9643,10.6210,11.2728,11.7908,12.3597,12.9872,13.6830,14.7946,16.3120,20.2085,38.8363,200.0000,64.3952,17.1940
83.598,-0.6335230059991717,0.00013177616648999945,6.53640439536274e-19,2,48.5863,0.670532,-0.151668,5588.76,0.0,2.4531,4.2541,5.5951,7.3098,8.9988,10.1865,10.9612,11.7446,12.3777,13.0839,13.8767,14.7730,16.2440,18.3335,24.1772,67.0313,173.5940,56.0033,16.9266
83.713,-0.35671410121668357,0.10929327807048544,1.098573486728616e-19,2,48.0434,0.687108,-0.061086,5526.34,0.0,2.5066,4.9058,7.0250,10.3018,14.3831,17.9603,20.7141,23.9280,26.9132,30.7520,35.8718,43.0403,59.7690,107.5740,200.0000,165.8110,68.4841,37.8786,15.2767
83.819,-0.11688807668668286,0.48148886784251166,1.8463724591447848e-20,2,48.6764,0.6844,-0.00151617,5714.67,0.0,2.6739,5.7908,9.0432,15.3484,26.5698,41.9548,60.7277,99.8277,184.8750,200.0000,200.0000,200.0000,200.0000,200.0000,148.0920,83.9652,48.9584,31.1797,14.3143
83.933,-0.03830188496869224,0.6761452800271343,3.1031981920846404e-21,2,50.7734,0.678423,0.0165588,6070.33,0.0,2.7750,6.2267,10.0657,18.3030,36.2482,71.2745,147.1580,200.0000,200.0000,200.0000,200.0000,200.0000,200.0000,167.4070,116.7400,72.8232,44.9418,29.5168,14.0118
84.042,-0.012550761666541071,0.7713229435624164,5.215545201436657e-22,2,53.7989,0.671753,0.0231668,6544.46,0.0,2.8521,6.4876,10.6345,19.9251,42.2372,96.2379,200.0000,200.0000,200.0000,200.0000,200.0000,200.0000,189.9250,150.2690,108.0340,69.2577,43.5136,28.8745,13.8678
84.153,-0.004112633582892178,0.8837850025371575,8.76576682005459e-23,2,57.5145,0.664412,0.0256788,7341.44,0.0,2.9236,6.6854,11.0193,20.8993,45.6375,112.1540,200.0000,200.0000,200.0000,200.0000,200.0000,200.0000,180.5180,144.1950,104.7380,67.7903,42.8681,28.5541,13.7739
84.263,-0.001347627772442109,0.9567771950220008,1.473262429446575e-23,2,62.1364,0.65637,0.0267455,9092.58,0.0,2.9970,6.8688,11.3485,21.6386,47.8882,122.0950,200.0000,200.0000,200.0000,200.0000,200.0000,200.0000,176.2520,141.3270,103.0840,66.9831,42.4718,28.3352,13.6935
84.373,-0.00044159066847383033,0.9833772122023092,2.4761121651708586e-24,2,67.0931,0.647564,0.0274889,12857.9,0.0,3.0762,7.0615,11.6863,22.3668,49.9770,130.9890,200.0000,200.0000,200.0000,200.0000,200.0000,200.0000,173.0380,139.1090,101.7550,66.2986,42.1160,28.1288,13.6111
84.485,-0.00014470043024550472,0.9929608808319527,4.161601716002661e-25,3,72.2666,0.637954,0.0283768,16962.7,0.0,3.1631,7.2746,12.0631,23.1934,52.4392,142.3870,200.0000,200.0000,200.0000,200.0000,200.0000,200.0000,169.4010,136.5960,100.2500,65.5262,41.7170,27.8987,13.5203
84.590,-4.741543698284699e-05,0.9992650679153892,6.994404004085674e-26,3,77.4004,0.627426,0.0295846,9248.72,0.0,3.2592,7.5152,12.4964,24.1784,55.5834,159.1300,200.0000,200.0000,200.0000,200.0000,200.0000,200.0000,164.8840,133.4820,98.3991,64.5907,41.2433,27.6308,13.4181
84.701,-1.5537090390539302e-05,1.0,1.1755494809666795e-26,3,82.4951,0.615775,0.0310008,10199.8,0.0,3.3662,7.7856,12.9884,25.3207,59.4121,182.4960,200.0000,200.0000,200.0000,200.0000,200.0000,200.0000,159.8880,130.0170,96.3272,63.5401,40.7116,27.3305,13.3043
84.809,-5.091193779171919e-06,1.0,1.975746012660699e-27,3,87.6884,0.602861,0.032912,10985.3,0.0,3.4865,8.0972,13.5687,26.7306,64.5878,200.0000,200.0000,200.0000,200.0000,200.0000,200.0000,191.0290,153.7720,125.7630,93.7852,62.2614,40.0738,26.9762,13.1743
84.919,-1.6682823775590541e-06,1.0,3.3206363234788377e-28,3,92.9844,0.588466,0.03565,11576.1,0.0,3.6234,8.4660,14.2798,28.5738,72.2906,200.0000,200.0000,200.0000,200.0000,200.0000,200.0000,179.5610,146.0120,120.3380,90.5385,60.6405,39.2790,26.5436,13.0227
85.029,-5.466627694785508e-07,1.0,5.580993468870883e-29,3,98.2487,0.572229,0.0396478,12160.5,0.0,3.7827,8.9170,15.1892,31.1365,85.0977,200.0000,200.0000,200.0000,200.0000,200.0000,195.0840,165.2950,136.1970,113.4020,86.3526,58.5505,38.2662,26.0023,12.8419
85.144,-1.7913045630273154e-07,1.0,9.379975723131293e-30,3,103.646,0.553565,0.0459048,12497.0,0.0,3.9747,9.5041,16.4527,35.1551,112.0490,200.0000,200.0000,200.0000,200.0000,200.0000,170.7080,147.2200,123.4560,104.2440,80.7326,55.7206,36.9049,25.2877,12.6168
85.254,-5.869746792127908e-08,1.0,1.576492519786677e-30,3,109.213,0.531357,0.0547482,12525.3,0.0,4.2134,10.2870,18.2499,41.7353,186.6550,200.0000,200.0000,200.0000,199.7190,167.9090,144.8500,127.3680,108.9690,93.5441,73.9550,52.2055,35.1868,24.3834,12.3374
85.363,-1.923398628844473e-08,1.0,2.6496109780054673e-31,3,114.648,0.504005,0.0666301,12677.4,0.0,4.5196,11.3633,20.9098,53.6073,200.0000,200.0000,200.0000,183.5760,155.9330,135.5350,119.8640,107.4490,93.8517,82.0067,66.3432,48.0811,33.1064,23.2699,11.9902
85.471,-6.302592626997569e-09,1.0,4.4532011707337896e-32,3,120.223,0.469204,0.0796563,12546.7,0.0,4.9102,12.7749,24.6082,74.9285,200.0000,200.0000,176.4290,141.8080,124.3850,110.7830,99.8690,90.9190,80.7925,71.6818,59.1969,43.9746,30.9213,22.0506,11.5818
85.584,0.06395937971346646,1.0,7.484495207652282e-33,3,125.56,0.425679,0.081484,12696.4,0.0,5.3243,13.9213,27.0043,84.7132,200.0000,200.0000,165.1680,133.6840,117.6740,105.0950,94.9521,86.6008,77.1151,68.5470,56.7545,42.2941,29.8220,21.3081,11.2212
85.694,0.020958209544508694,1.0,1.2579191095501191e-33,3,130.759,0.381812,0.0537426,13004.5,0.0,5.5517,13.5218,23.9192,54.2450,200.0000,200.0000,200.0000,200.0000,184.2400,154.3440,132.8060,116.5500,99.5109,85.2779,67.2735,47.3738,31.8691,22.0568,11.1426
85.804,0.006867586103544608,1.0,2.114184647420885e-34,3,135.848,0.34459,0.0381939,13418.9,0.0,5.7865,13.5965,23.0765,46.8818,124.3890,200.0000,200.0000,200.0000,200.0000,200.0000,172.0040,145.0520,118.9680,98.7024,74.8399,50.5229,32.9139,22.3209,10.9973
85.908,0.0022503706144094966,1.0,3.5533101369202824e-35,3,140.961,0.314712,0.0309741,13791.1,0.0,6.0037,13.8849,23.1621,45.1477,105.8920,200.0000,200.0000,200.0000,200.0000,200.0000,198.7460,162.9530,130.1530,105.8290,78.3992,51.7098,33.1295,22.2397,10.8256
86.018,0.0007374014429297039,1.0,5.972048347121918e-36,3,145.974,0.289739,0.0287735,14275.2,0.0,6.2079,14.2895,23.7169,45.6938,103.8700,200.0000,200.0000,200.0000,200.0000,200.0000,200.0000,167.4600,132.4830,106.9680,78.6210,51.4611,32.7946,21.9446,10.6420
86.128,0.00024163170481920535,1.0,1.003722165700781e-36,3,151.089,0.2669,0.0278241,14585.4,0.0,6.4011,14.7043,24.3529,46.6899,104.7860,200.0000,200.0000,200.0000,200.0000,200.0000,200.0000,167.9430,132.2830,106.4670,77.9772,50.8676,32.3404,21.6104,10.4630
86.242,7.91778770351572e-05,1.0,1.686955843893303e-37,4,155.995,0.244605,0.0277411,15152.4,0.0,6.5952,15.1475,25.0822,48.0674,107.7600,200.0000,200.0000,200.0000,200.0000,200.0000,200.0000,165.2900,130.1430,104.7160,76.6700,49.9998,31.7822,21.2348,10.2796
86.352,2.594500674688031e-05,1.0,2.8352666868314747e-38,4,157.454,0.222242,0.0277879,12166.9,0.0,6.7908,15.5982,25.8314,49.5151,111.0740,200.0000,200.0000,200.0000,200.0000,200.0000,200.0000,162.1530,127.7000,102.7660,75.2564,49.0861,31.2050,20.8507,10.0945
86.459,8.50165981081774e-06,1.0,4.765232720557659e-39,4,161.194,0.199676,0.0277888,12354.7,0.0,6.9878,16.0508,26.5810,50.9520,114.2990,200.0000,200.0000,200.0000,200.0000,200.0000,197.1680,159.1550,125.3420,100.8680,73.8666,48.1797,30.6288,20.4657,9.9081
86.569,2.7858238868087573e-06,1.0,8.008926633441258e-40,4,164.748,0.176613,0.0277683,12705.7,0.0,7.1890,16.5123,27.3439,52.4089,117.5360,200.0000,200.0000,200.0000,200.0000,200.0000,193.4860,156.1670,122.9760,98.9573,72.4617,47.2599,30.0426,20.0733,9.7178
86.681,9.128587712294935e-07,1.0,1.3460602992824722e-40,4,168.33,0.153048,0.0277664,12963.3,0.0,7.3948,16.9848,28.1262,53.9081,120.8940,200.0000,200.0000,200.0000,200.0000,200.0000,189.6200,153.0450,120.5160,96.9774,71.0115,46.3138,29.4410,19.6714,9.5232
86.794,2.9912556215648044e-07,1.0,2.2623235450040509e-41,4,171.917,0.128992,0.0277597,13174.1,0.0,7.6048,17.4668,28.9241,55.4353,124.3080,200.0000,200.0000,200.0000,200.0000,200.0000,185.6990,149.8740,118.0150,94.9630,69.5347,45.3495,28.8276,19.2613,9.3246
86.899,9.801746420743552e-08,1.0,3.802287182088309e-42,4,175.403,0.104444,0.0277516,13471.3,0.0,7.8190,17.9586,29.7378,56.9925,127.7870,200.0000,200.0000,200.0000,200.0000,200.0000,181.7010,146.6420,115.4660,92.9093,68.0285,44.3660,28.2018,18.8429,9.1219
87.013,3.211836267149246e-08,1.0,6.3905040669358205e-43,4,178.878,0.079404,0.0277502,13739.8,0.0,8.0376,18.4607,30.5692,58.5854,131.3550,200.0000,200.0000,200.0000,200.0000,200.0000,177.5880,143.3220,112.8510,90.8041,66.4871,43.3604,27.5625,18.4158,8.9151
87.120,0.010075750083345079,1.0,1.0740520185299036e-43,4,182.346,0.0542814,0.0251281,13974.2,0.0,8.2342,18.8072,30.9616,58.5629,127.0260,200.0000,200.0000,200.0000,200.0000,200.0000,186.8840,148.6010,115.4930,92.0671,66.7275,43.0995,27.2163,18.1137,8.7293
87.229,0.003301621787310515,1.0,1.8051592275432088e-44,4,185.772,0.0320141,0.0197908,14215.5,0.0,8.3811,18.9311,30.8089,56.8269,116.1550,200.0000,200.0000,200.0000,200.0000,200.0000,200.0000,166.2960,125.2420,97.6957,69.1978,43.7642,27.2506,17.9890,8.5886
87.343,0.0010818754272659094,1.0,3.0339311137318704e-45,4,189.134,0.0126865,0.0183241,14494.8,0.0,8.5355,19.2216,31.1858,57.1458,115.1020,200.0000,200.0000,200.0000,200.0000,200.0000,200.0000,169.8680,126.6480,98.1326,69.0286,43.3900,26.9094,17.7230,8.4397
87.451,0.00035450894000649323,1.0,5.099128022849155e-46,4,192.492,-0.00539382,0.0178615,14737.1,0.0,8.6876,19.5457,31.6812,57.9351,116.1670,200.0000,200.0000,200.0000,200.0000,200.0000,200.0000,169.0190,125.5970,97.1047,68.1529,42.7551,26.4818,17.4287,8.2927
87.558,0.0001161654894613277,1.0,8.570104468002575e-47,4,195.824,-0.0231969,0.0178234,14965.7,0.0,8.8411,19.8895,32.2359,58.9398,118.1370,200.0000,200.0000,200.0000,200.0000,200.0000,200.0000,166.1730,123.4470,95.4248,66.9620,42.0010,26.0120,17.1185,8.1446
87.671,0.0025372162208679373,1.0,1.440377457937193e-47,5,197.617,-0.041145,0.0178429,13547.7,0.0,8.9964,20.2396,32.8047,59.9849,120.2550,200.0000,200.0000,200.0000,200.0000,200.0000,194.6990,163.0280,121.1290,93.6417,65.7170,41.2236,25.5319,16.8030,7.9948
87.779,0.002529637900854006,1.0,2.4208423935550403e-48,5,199.137,-0.0588007,0.016297,13620.0,0.0,9.1343,20.4852,33.0972,60.1144,118.7650,200.0000,200.0000,200.0000,200.0000,200.0000,191.5370,167.3550,122.8950,94.2863,65.6621,40.9135,25.2305,16.5639,7.8593
87.891,0.0008289117473518407,1.0,4.068709810847957e-49,5,201.791,-0.0752435,0.0149772,13799.2,0.0,9.2635,20.7195,33.3859,60.2991,117.7090,200.0000,200.0000,200.0000,200.0000,197.5200,187.6280,170.7900,124.3160,94.7228,65.5167,40.5831,24.9331,16.3340,7.7319
87.999,0.0002716178013722511,1.0,6.838280579092161e-50,5,204.424,-0.0908482,0.0145585,13967.2,0.0,9.3939,20.9934,33.7985,60.9371,118.5130,200.0000,200.0000,200.0000,199.6200,191.7120,182.3160,167.8590,123.3740,93.7936,64.7304,40.0197,24.5574,16.0770,7.6045
88.112,0.01690001553349741,1.0,1.14930981692802e-50,5,207.024,-0.106214,0.0144598,14132.8,0.0,9.5253,21.2827,34.2576,61.7394,119.9700,200.0000,200.0000,200.0000,193.1660,185.5140,176.5090,163.3640,121.5590,92.3642,63.7104,39.3714,24.1527,15.8096,7.4767
88.220,0.005537797090016431,1.0,1.9316450093109238e-51,5,209.586,-0.119854,0.00879353,14302.4,0.0,9.5869,21.1798,33.7132,59.3892,110.1820,200.0000,200.0000,199.7700,191.5630,184.0170,176.3820,166.9710,137.3290,100.7750,67.2506,40.4379,24.3915,15.8172,7.4035
88.332,0.0018146253504565842,1.0,3.2465157671488692e-52,5,212.111,-0.129222,0.00592345,14477.3,0.0,9.6390,21.1754,33.5223,58.4142,106.1200,200.0000,200.0000,195.5350,187.3880,179.9050,172.7760,164.5340,146.2280,105.4710,69.0507,40.8987,24.4484,15.7767,7.3454
88.440,0.0005946164348376136,1.0,5.456419049847105e-53,5,214.61,-0.136038,0.00525921,14646.8,0.0,9.6907,21.2614,33.6165,58.4344,105.6630,200.0000,200.0000,189.0630,181.1590,173.9030,167.0680,159.3700,144.0840,106.0660,69.1152,40.7889,24.3309,15.6829,7.2927
88.553,0.01561756492166759,1.0,9.170603497078029e-54,5,217.082,-0.141677,0.00307005,14809.4,0.0,9.7173,21.2297,33.4300,57.6501,102.7090,200.0000,196.0490,183.9110,176.1380,169.0080,162.4210,155.4140,142.8170,110.3090,70.7227,41.2271,24.4172,15.6786,7.2608
88.658,0.005117563673532036,1.0,1.5413033297539048e-54,5,219.52,-0.142278,-0.00510961,14968.7,0.0,9.6434,20.7439,32.1910,53.9918,91.5620,200.0000,197.1280,184.3770,176.2490,168.8200,162.0040,155.7040,146.0680,130.2750,79.5926,44.0624,25.3625,16.0455,7.3155
88.768,0.0016769232645429775,1.0,2.5904685063173882e-55,6,220.595,-0.137024,-0.0073827,13762.9,0.0,9.5775,20.5153,31.7121,52.8055,88.4622,200.0000,191.7140,179.1570,171.1640,163.8660,157.1760,151.0230,142.2970,129.5270,82.9924,45.2064,25.8010,16.2530,7.3773
88.878,0.0005494942153254428,1.0,4.353800418567636e-56,6,221.523,-0.128998,-0.00820429,13805.3,0.0,9.5022,20.3231,31.3713,52.1044,86.9146,200.0000,184.6870,172.5340,164.8040,157.7470,151.2820,145.3360,137.2080,125.9650,84.8792,45.9543,26.1458,16.4443,7.4521
88.990,0.0001800582644778411,1.0,7.317432363486627e-57,6,223.479,-0.119843,-0.00837213,13927.5,0.0,9.4236,20.1488,31.0933,51.6156,86.0252,192.4340,176.8930,165.2430,157.8320,151.0680,144.8710,139.1730,131.5450,121.4090,86.0054,46.5055,26.4424,16.6255,7.5317
89.103,5.900149210409897e-05,1.0,1.2298408573311975e-57,6,225.411,-0.110352,-0.00833303,14046.0,0.0,9.3441,19.9802,30.8352,51.1934,85.3386,183.6500,168.8210,157.7050,150.6340,144.1800,138.2670,132.8290,125.6620,116.4610,86.8776,46.9909,26.7224,16.8028,7.6126
89.210,1.9333608932671152e-05,1.0,2.066993528916544e-58,6,227.316,-0.100748,-0.00832922,14163.8,0.0,9.2633,19.8076,30.5690,50.7521,84.6046,174.8340,160.7180,150.1360,143.4040,137.2600,131.6310,126.4540,119.7220,111.3590,87.8106,47.4966,27.0103,16.9840,7.6948
89.320,6.335236975057684e-06,1.0,3.4739960240500356e-59,6,229.198,-0.0910641,-0.00832969,14278.1,0.0,9.1818,19.6333,30.3000,50.3054,83.8956,165.9500,152.5510,142.5070,136.1170,130.2850,124.9420,120.0280,113.7060,106.0980,87.6205,48.0083,27.3013,17.1670,7.7776
89.429,2.075930451986902e-06,1.0,5.838745117620894e-60,6,231.057,-0.0813006,-0.00833065,14390.8,0.0,9.0997,19.4576,30.0288,49.8550,188.0600,156.9930,144.3180,134.8150,128.7700,123.2530,118.1980,113.5500,107.6130,100.6950,85.2327,48.5242,27.5946,17.3514,7.8612
89.538,6.802408905070681e-07,1.0,9.813178919185439e-61,6,232.89,-0.0714556,-0.00833112,14502.3,0.0,9.0168,19.2804,29.7553,49.4008,177.2450,147.9650,136.0190,127.0620,121.3650,116.1650,111.4010,107.0200,101.4450,95.1629,81.8869,49.0446,27.8905,17.5374,7.9454
89.651,2.2290133500135612e-07,1.0,1.6493009809474967e-61,6,234.7,-0.0615338,-0.0083316,14612.6,0.0,8.9333,19.1018,29.4797,48.9431,166.3450,138.8660,127.6530,119.2480,113.9010,109.0210,104.5500,100.4380,95.2086,89.5115,77.9731,49.5688,28.1885,17.7248,8.0303
89.758,7.304030945324437e-08,1.0,2.771980158678457e-62,6,236.486,-0.0515357,-0.00833255,14721.7,0.0,8.8491,18.9219,29.2019,48.4820,155.3620,129.6960,119.2250,111.3740,106.3800,101.8220,97.6462,93.8062,88.9217,83.7501,73.6619,50.0971,28.4889,17.9137,8.1159
89.869,2.3933848601639114e-08,1.0,4.658867052690883e-63,6,238.249,-0.0414613,-0.00833303,14829.5,0.0,8.7644,18.7405,28.9220,48.0265,144.2950,120.4580,110.7320,103.4410,98.8024,94.5692,90.6907,87.1241,82.5875,77.8860,69.0474,50.3760,28.7917,18.1040,8.2021
89.979,7.842643509785105e-09,1.0,7.830157855457567e-64,6,239.989,-0.0313126,-0.00833398,14936.0,0.0,8.6790,18.5579,28.6401,50.1724,133.1470,111.1510,102.1770,95.4485,91.1687,87.2626,83.6836,80.3926,76.2065,71.9242,64.1876,48.9630,29.0966,18.2957,8.2889
90.090,2.5698774252863826e-09,1.0,1.3160146307667533e-64,6,241.707,-0.0210876,-0.00833446,15041.2,0.0,8.5929,18.3739,28.3561,200.0000,121.9180,101.7770,93.5595,87.3986,83.4798,79.9031,76.6261,73.6126,69.7797,65.8716,59.1217,46.4488,29.4038,18.4888,8.3765
90.201,8.420974347178418e-10,1.0,2.2118257899296823e-65,6,243.404,-0.0107896,-0.00833542,15145.2,0.0,8.5062,18.1885,28.1735,183.6450,110.6090,92.3364,84.8812,79.2917,75.7364,72.4917,69.5184,66.7843,63.3068,59.7614,53.8767,43.2549,29.4701,18.6834,8.4646
90.310,0.034556587431094736,1.0,3.717415605134817e-66,6,245.078,-0.000419776,-0.00833589,15248.1,0.0,8.4190,18.0019,29.9581,164.7400,99.2214,82.8302,76.1423,71.1282,67.9390,65.0283,62.3611,59.9086,56.7891,53.6088,48.4736,39.5794,28.3568,18.8775,8.5533
90.419,0.011323502569421122,1.0,6.247860407550089e-67,6,246.716,0.014061,-0.0202034,15350.9,0.0,8.2020,17.5881,34.0159,171.7910,96.6284,79.3459,72.4544,67.3469,64.1241,61.2000,58.5351,56.0968,53.0120,49.8861,44.9414,37.1664,27.4960,19.1574,8.7838
90.529,0.003710485321947913,1.0,1.0500778986969437e-67,6,248.335,0.0396241,-0.0257686,15462.0,0.0,7.9920,18.6863,74.1307,164.1730,88.8107,72.2877,65.7785,60.9836,57.9706,55.2450,52.7684,50.5078,47.6555,44.7742,40.2347,33.4530,25.3849,18.3427,8.9810
90.756,0.002374710606046664,1.0,5.1453817036150246e-68,6,248.675,0.045675,-0.0262225,15474.2,0.0,7.9932,19.1785,83.5331,160.8000,86.6887,70.5077,64.1397,59.4514,56.5061,53.8427,51.4227,49.2148,46.4296,43.6166,39.1861,32.5979,24.8501,18.0738,8.9709
90.856,8.575025054498334e-43,3.610976862891835e-40,4.637884016650298e-131,6,248.675,0.045675,-0.0262225,15474.2,0.0,7.9932,19.1785,83.5331,160.8000,86.6887,70.5077,64.1397,59.4514,56.5061,53.8427,51.4227,49.2148,46.4296,43.6166,39.1861,32.5979,24.8501,18.0738,8.9709
90.956,1.2200522728787878e-94,5.137688229345516e-92,6.2197265490789886e-214,6,248.675,0.045675,-0.0262225,15474.2,0.0,7.9932,19.1785,83.5331,160.8000,86.6887,70.5077,64.1397,59.4514,56.5061,53.8427,51.4227,49.2148,46.4296,43.6166,39.1861,32.5979,24.8501,18.0738,8.9709
91.056,1.1813835510234037e-150,4.974852716854335e-148,1.8215387710954564e-303,6,248.675,0.045675,-0.0262225,15474.2,0.0,7.9932,19.1785,83.5331,160.8000,86.6887,70.5077,64.1397,59.4514,56.5061,53.8427,51.4227,49.2148,46.4296,43.6166,39.1861,32.5979,24.8501,18.0738,8.9709
91.156,4.363786345842668e-206,1.8376076372132534e-203,5e-324,6,248.675,0.045675,-0.0262225,15474.2,0.0,7.9932,19.1785,83.5331,160.8000,86.6887,70.5077,64.1397,59.4514,56.5061,53.8427,51.4227,49.2148,46.4296,43.6166,39.1861,32.5979,24.8501,18.0738,8.9709
91.256,5.782380280670903e-257,2.4349831368703948e-254,5e-324,6,248.675,0.045675,-0.0262225,15474.2,0.0,7.9932,19.1785,83.5331,160.8000,86.6887,70.5077,64.1397,59.4514,56.5061,53.8427,51.4227,49.2148,46.4296,43.6166,39.1861,32.5979,24.8501,18.0738,8.9709
91.357,5.65365800959474e-310,2.3807776809515237e-307,5e-324,6,248.675,0.045675,-0.0262225,15474.2,0.0,7.9932,19.1785,83.5331,160.8000,86.6887,70.5077,64.1397,59.4514,56.5061,53.8427,51.4227,49.2148,46.4296,43.6166,39.1861,32.5979,24.8501,18.0738,8.9709
91.457,1e-323,1e-323,5e-324,6,248.675,0.045675,-0.0262225,15474.2,0.0,7.9932,19.1785,83.5331,160.8000,86.6887,70.5077,64.1397,59.4514,56.5061,53.8427,51.4227,49.2148,46.4296,43.6166,39.1861,32.5979,24.8501,18.0738,8.9709
91.557,1e-323,1e-323,5e-324,6,248.675,0.045675,-0.0262225,15474.2,0.0,7.9932,19.1785,83.5331,160.8000,86.6887,70.5077,64.1397,59.4514,56.5061,53.8427,51.4227,49.2148,46.4296,43.6166,39.1861,32.5979,24.8501,18.0738,8.9709
91.657,1e-323,1e-323,5e-324,6,248.675,0.045675,-0.0262225,15474.2,0.0,7.9932,19.1785,83.5331,160.8000,86.6887,70.5077,64.1397,59.4514,56.5061,53.8427,51.4227,49.2148,46.4296,43.6166,39.1861,32.5979,24.8501,18.0738,8.9709
91.757,1e-323,1e-323,5e-324,6,248.675,0.045675,-0.0262225,15474.2,0.0,7.9932,19.1785,83.5331,160.8000,86.6887,70.5077,64.1397,59.4514,56.5061,53.8427,51.4227,49.2148,46.4296,43.6166,39.1861,32.5979,24.8501,18.0738,8.9709
91.858,1e-323,1e-323,5e-324,6,248.675,0.045675,-0.0262225,15474.2,0.0,7.9932,19.1785,83.5331,160.8000,86.6887,70.5077,64.1397,59.4514,56.5061,53.8427,51.4227,49.2148,46.4296,43.6166,39.1861,32.5979,24.8501,18.0738,8.9709
91.958,1e-323,1e-323,5e-324,6,248.675,0.045675,-0.0262225,15474.2,0.0,7.9932,19.1785,83.5331,160.8000,86.6887,70.5077,64.1397,59.4514,56.5061,53.8427,51.4227,49.2148,46.4296,43.6166,39.1861,32.5979,24.8501,18.0738,8.9709
92.058,1e-323,1e-323,5e-324,6,248.675,0.045675,-0.0262225,15474.2,0.0,7.9932,19.1785,83.5331,160.8000,86.6887,70.5077,64.1397,59.4514,56.5061,53.8427,51.4227,49.2148,46.4296,43.6166,39.1861,32.5979,24.8501,18.0738,8.9709
92.158,1e-323,1e-323,5e-324,6,248.675,0.045675,-0.0262225,15474.2,0.0,7.9932,19.1785,83.5331,160.8000,86.6887,70.5077,64.1397,59.4514,56.5061,53.8427,51.4227,49.2148,46.4296,43.6166,39.1861,32.5979,24.8501,18.0738,8.9709
92.258,1e-323,1e-323,5e-324,6,248.675,0.045675,-0.0262225,15474.2,0.0,7.9932,19.1785,83.5331,160.8000,86.6887,70.5077,64.1397,59.4514,56.5061,53.8427,51.4227,49.2148,46.4296,43.6166,39.1861,32.5979,24.8501,18.0738,8.9709
92.358,1e-323,1e-323,5e-324,6,248.675,0.045675,-0.0262225,15474.2,0.0,7.9932,19.1785,83.5331,160.8000,86.6887,70.5077,64.1397,59.4514,56.5061,53.8427,51.4227,49.2148,46.4296,43.6166,39.1861,32.5979,24.8501,18.0738,8.9709
92.458,1e-323,1e-323,5e-324,6,248.675,0.045675,-0.0262225,15474.2,0.0,7.9932,19.1785,83.5331,160.8000,86.6887,70.5077,64.1397,59.4514,56.5061,53.8427,51.4227,49.2148,46.4296,43.6166,39.1861,32.5979,24.8501,18.0738,8.9709
92.559,1e-323,1e-323,5e-324,6,248.675,0.045675,-0.0262225,15474.2,0.0,7.9932,19.1785,83.5331,160.8000,86.6887,70.5077,64.1397,59.4514,56.5061,53.8427,51.4227,49.2148,46.4296,43.6166,39.1861,32.5979,24.8501,18.0738,8.9709
92.659,1e-323,1e-323,5e-324,6,248.675,0.045675,-0.0262225,15474.2,0.0,7.9932,19.1785,83.5331,160.8000,86.6887,70.5077,64.1397,59.4514,56.5061,53.8427,51.4227,49.2148,46.4296,43.6166,39.1861,32.5979,24.8501,18.0738,8.9709
92.759,1e-323,1e-323,5e-324,6,248.675,0.045675,-0.0262225,15474.2,0.0,7.9932,19.1785,83.5331,160.8000,86.6887,70.5077,64.1397,59.4514,56.5061,53.8427,51.4227,49.2148,46.4296,43.6166,39.1861,32.5979,24.8501,18.0738,8.9709
92.859,1e-323,1e-323,5e-324,6,248.675,0.045675,-0.0262225,15474.2,0.0,7.9932,19.1785,83.5331,160.8000,86.6887,70.5077,64.1397,59.4514,56.5061,53.8427,51.4227,49.2148,46.4296,43.6166,39.1861,32.5979,24.8501,18.0738,8.9709
92.959,1e-323,1e-323,5e-324,6,248.675,0.045675,-0.0262225,15474.2,0.0,7.9932,19.1785,83.5331,160.8000,86.6887,70.5077,64.1397,59.4514,56.5061,53.8427,51.4227,49.2148,46.4296,43.6166,39.1861,32.5979,24.8501,18.0738,8.9709
93.059,1e-323,1e-323,5e-324,6,248.675,0.045675,-0.0262225,15474.2,0.0,7.9932,19.1785,83.5331,160.8000,86.6887,70.5077,64.1397,59.4514,56.5061,53.8427,51.4227,49.2148,46.4296,43.6166,39.1861,32.5979,24.8501,18.0738,8.9709
93.159,1e-323,1e-323,5e-324,6,248.675,0.045675,-0.0262225,15474.2,0.0,7.9932,19.1785,83.5331,160.8000,86.6887,70.5077,64.1397,59.4514,56.5061,53.8427,51.4227,49.2148,46.4296,43.6166,39.1861,32.5979,24.8501,18.0738,8.9709
93.259,1e-323,1e-323,5e-324,6,248.675,0.045675,-0.0262225,15474.2,0.0,7.9932,19.1785,83.5331,160.8000,86.6887,70.5077,64.1397,59.4514,56.5061,53.8427,51.4227,49.2148,46.4296,43.6166,39.1861,32.5979,24.8501,18.0738,8.9709
93.360,1e-323,1e-323,5e-324,6,248.675,0.045675,-0.0262225,15474.2,0.0,7.9932,19.1785,83.5331,160.8000,86.6887,70.5077,64.1397,59.4514,56.5061,53.8427,51.4227,49.2148,46.4296,43.6166,39.1861,32.5979,24.8501,18.0738,8.9709
93.460,1e-323,1e-323,5e-324,6,248.675,0.045675,-0.0262225,15474.2,0.0,7.9932,19.1785,83.5331,160.8000,86.6887,70.5077,64.1397,59.4514,56.5061,53.8427,51.4227,49.2148,46.4296,43.6166,39.1861,32.5979,24.8501,18.0738,8.9709
93.560,1e-323,1e-323,5e-324,6,248.675,0.045675,-0.0262225,15474.2,0.0,7.9932,19.1785,83.5331,160.8000,86.6887,70.5077,64.1397,59.4514,56.5061,53.8427,51.4227,49.2148,46.4296,43.6166,39.1861,32.5979,24.8501,18.0738,8.9709
93.660,1e-323,1e-323,5e-324,6,248.675,0.045675,-0.0262225,15474.2,0.0,7.9932,19.1785,83.5331,160.8000,86.6887,70.5077,64.1397,59.4514,56.5061,53.8427,51.4227,49.2148,46.4296,43.6166,39.1861,32.5979,24.8501,18.0738,8.9709
93.760,1e-323,1e-323,5e-324,6,248.675,0.045675,-0.0262225,15474.2,0.0,7.9932,19.1785,83.5331,160.8000,86.6887,70.5077,64.1397,59.4514,56.5061,53.8427,51.4227,49.2148,46.4296,43.6166,39.1861,32.5979,24.8501,18.0738,8.9709
93.860,1e-323,1e-323,5e-324,6,248.675,0.045675,-0.0262225,15474.2,0.0,7.9932,19.1785,83.5331,160.8000,86.6887,70.5077,64.1397,59.4514,56.5061,53.8427,51.4227,49.2148,46.4296,43.6166,39.1861,32.5979,24.8501,18.0738,8.9709
93.960,1e-323,1e-323,5e-324,6,248.675,0.045675,-0.0262225,15474.2,0.0,7.9932,19.1785,83.5331,160.8000,86.6887,70.5077,64.1397,59.4514,56.5061,53.8427,51.4227,49.2148,46.4296,43.6166,39.1861,32.5979,24.8501,18.0738,8.9709
94.060,1e-323,1e-323,5e-324,6,248.675,0.045675,-0.0262225,15474.2,0.0,7.9932,19.1785,83.5331,160.8000,86.6887,70.5077,64.1397,59.4514,56.5061,53.8427,51.4227,49.2148,46.4296,43.6166,39.1861,32.5979,24.8501,18.0738,8.9709
94.160,1e-323,1e-323,5e-324,6,248.675,0.045675,-0.0262225,15474.2,0.0,7.9932,19.1785,83.5331,160.8000,86.6887,70.5077,64.1397,59.4514,56.5061,53.8427,51.4227,49.2148,46.4296,43.6166,39.1861,32.5979,24.8501,18.0738,8.9709
94.260,1e-323,1e-323,5e-324,6,248.675,0.045675,-0.0262225,15474.2,0.0,7.9932,19.1785,83.5331,160.8000,86.6887,70.5077,64.1397,59.4514,56.5061,53.8427,51.4227,49.2148,46.4296,43.6166,39.1861,32.5979,24.8501,18.0738,8.9709
94.361,1e-323,1e-323,5e-324,6,248.675,0.045675,-0.0262225,15474.2,0.0,7.9932,19.1785,83.5331,160.8000,86.6887,70.5077,64.1397,59.4514,56.5061,53.8427,51.4227,49.2148,46.4296,43.6166,39.1861,32.5979,24.8501,18.0738,8.9709
94.461,1e-323,1e-323,5e-324,6,248.675,0.045675,-0.0262225,15474.2,0.0,7.9932,19.1785,83.5331,160.8000,86.6887,70.5077,64.1397,59.4514,56.5061,53.8427,51.4227,49.2148,46.4296,43.6166,39.1861,32.5979,24.8501,18.0738,8.9709
94.561,1e-323,1e-323,5e-324,6,248.675,0.045675,-0.0262225,15474.2,0.0,7.9932,19.1785,83.5331,160.8000,86.6887,70.5077,64.1397,59.4514,56.5061,53.8427,51.4227,49.2148,46.4296,43.6166,39.1861,32.5979,24.8501,18.0738,8.9709
94.661,1e-323,1e-323,5e-324,6,248.675,0.045675,-0.0262225,15474.2,0.0,7.9932,19.1785,83.5331,160.8000,86.6887,70.5077,64.1397,59.4514,56.5061,53.8427,51.4227,49.2148,46.4296,43.6166,39.1861,32.5979,24.8501,18.0738,8.9709
94.761,1e-323,1e-323,5e-324,6,248.675,0.045675,-0.0262225,15474.2,0.0,7.9932,19.1785,83.5331,160.8000,86.6887,70.5077,64.1397,59.4514,56.5061,53.8427,51.4227,49.2148,46.4296,43.6166,39.1861,32.5979,24.8501,18.0738,8.9709
94.862,1e-323,1e-323,5e-324,6,248.675,0.045675,-0.0262225,15474.2,0.0,7.9932,19.1785,83.5331,160.8000,86.6887,70.5077,64.1397,59.4514,56.5061,53.8427,51.4227,49.2148,46.4296,43.6166,39.1861,32.5979,24.8501,18.0738,8.9709
94.963,1e-323,1e-323,5e-324,6,248.675,0.045675,-0.0262225,15474.2,0.0,7.9932,19.1785,83.5331,160.8000,86.6887,70.5077,64.1397,59.4514,56.5061,53.8427,51.4227,49.2148,46.4296,43.6166,39.1861,32.5979,24.8501,18.0738,8.9709
95.063,1e-323,1e-323,5e-324,6,248.675,0.045675,-0.0262225,15474.2,0.0,7.9932,19.1785,83.5331,160.8000,86.6887,70.5077,64.1397,59.4514,56.5061,53.8427,51.4227,49.2148,46.4296,43.6166,39.1861,32.5979,24.8501,18.0738,8.9709
95.163,1e-323,1e-323,5e-324,6,248.675,0.045675,-0.0262225,15474.2,0.0,7.9932,19.1785,83.5331,160.8000,86.6887,70.5077,64.1397,59.4514,56.5061,53.8427,51.4227,49.2148,46.4296,43.6166,39.1861,32.5979,24.8501,18.0738,8.9709
