time,steer,accel,brake,gear,speedX,trackPos,angle,rpm,damage,track_0,track_1,track_2,track_3,track_4,track_5,track_6,track_7,track_8,track_9,track_10,track_11,track_12,track_13,track_14,track_15,track_16,track_17,track_18
0.101,0.0,0.0,0.0,1,-0.00913045,0.333439,0.00822276,5235.99,0.0,5.7030,12.6267,22.4550,140.4860,90.9268,77.3570,71.6721,67.3518,64.5773,62.0267,59.6744,57.4982,54.7119,51.8501,47.2417,40.0655,31.0431,22.7658,11.2227
0.202,0.0,0.0,0.0,1,-0.00913045,0.333439,0.00822276,5235.99,0.0,5.7030,12.6267,22.4550,140.4860,90.9268,77.3570,71.6721,67.3518,64.5773,62.0267,59.6744,57.4982,54.7119,51.8501,47.2417,40.0655,31.0431,22.7658,11.2227
0.321,0.0,0.0,0.0,1,-0.00913045,0.333439,0.00822276,5235.99,0.0,5.7030,12.6267,22.4550,140.4860,90.9268,77.3570,71.6721,67.3518,64.5773,62.0267,59.6744,57.4982,54.7119,51.8501,47.2417,40.0655,31.0431,22.7658,11.2227
0.439,0.0,0.0,0.0,1,-0.00913045,0.333439,0.00822276,5235.99,0.0,5.7030,12.6267,22.4550,140.4860,90.9268,77.3570,71.6721,67.3518,64.5773,62.0267,59.6744,57.4982,54.7119,51.8501,47.2417,40.0655,31.0431,22.7658,11.2227
0.542,0.0,0.0,0.0,1,-0.00913045,0.333439,0.00822276,5235.99,0.0,5.7030,12.6267,22.4550,140.4860,90.9268,77.3570,71.6721,67.3518,64.5773,62.0267,59.6744,57.4982,54.7119,51.8501,47.2417,40.0655,31.0431,22.7658,11.2227
0.662,0.0,0.0,0.0,1,-0.00913045,0.333439,0.00822276,5235.99,0.0,5.7030,12.6267,22.4550,140.4860,90.9268,77.3570,71.6721,67.3518,64.5773,62.0267,59.6744,57.4982,54.7119,51.8501,47.2417,40.0655,31.0431,22.7658,11.2227
0.780,0.0,0.56574233203125,0.0,1,-0.00913045,0.333439,0.00822276,5545.3,0.0,5.7030,12.6267,22.4550,140.4860,90.9268,77.3570,71.6721,67.3518,64.5773,62.0267,59.6744,57.4982,54.7119,51.8501,47.2417,40.0655,31.0431,22.7658,11.2227
0.901,0.0,0.862560357888,0.0,1,-0.00913045,0.333439,0.00822276,6321.57,0.0,5.7030,12.6267,22.4550,140.4860,90.9268,77.3570,71.6721,67.3518,64.5773,62.0267,59.6744,57.4982,54.7119,51.8501,47.2417,40.0655,31.0431,22.7658,11.2227
1.020,0.0,0.9438801823696148,0.0,1,0.161072,0.333443,0.00860947,5249.36,0.0,5.7053,12.6420,22.5279,139.9200,90.6903,77.1865,71.5260,67.2229,64.4589,61.9177,59.5738,57.4050,54.6276,51.7746,47.1793,40.0181,31.0095,22.7456,11.2185
1.141,0.0,0.9735100308239752,0.0,1,3.47507,0.333399,0.00873583,5235.99,0.0,5.7064,12.6496,22.5813,139.6470,90.5566,77.0823,71.4332,67.1388,64.3800,61.8435,59.5035,57.3386,54.5660,51.7174,47.1294,39.9783,30.9830,22.7313,11.2167
1.244,0.0,0.9823157629941502,0.0,1,7.83719,0.333163,0.00870913,5235.99,0.0,5.7082,12.6609,22.7041,139.3190,90.3344,76.8915,71.2555,66.9711,64.2188,61.6883,59.3539,57.1941,54.4280,51.5867,47.0098,39.8805,30.9201,22.6998,11.2150
1.362,0.0,0.9866723982180885,0.0,1,12.8333,0.33266,0.00871676,5235.99,0.0,5.7126,12.6898,22.9944,138.5270,89.8232,76.4569,70.8531,66.5931,63.8565,61.3404,59.0191,56.8714,54.1215,51.2958,46.7451,39.6641,30.7801,22.6287,11.2107
1.485,0.0,0.9878144640022326,0.0,1,17.9855,0.331899,0.00871151,5235.99,0.0,5.7191,12.7389,23.4791,137.3530,89.0601,75.8069,70.2506,66.0263,63.3129,60.8183,58.5169,56.3875,53.6606,50.8591,46.3469,39.3378,30.5680,22.5198,11.2044
1.605,0.0,0.9881138496951513,0.0,1,23.0683,0.330903,0.00870579,6259.33,0.0,5.7276,12.8145,24.2215,135.8120,88.0597,74.9545,69.4607,65.2841,62.6009,60.1343,57.8587,55.7533,53.0570,50.2869,45.8254,38.9092,30.2873,22.3727,11.1960
1.705,0.0,0.9881853611118572,0.0,1,27.616,0.329879,0.00869864,13600.4,0.0,5.7363,12.9064,25.1501,134.2320,87.0327,74.0802,68.6502,64.5220,61.8704,59.4324,57.1833,55.1022,52.4374,49.6996,45.2901,38.4677,29.9962,22.2171,11.1871
1.826,0.0,0.9882110781470568,0.0,2,33.1573,0.328402,0.00868767,6773.34,0.0,5.7489,13.0656,26.9601,131.9510,85.5501,72.8175,67.4797,63.4219,60.8151,58.4187,56.2076,54.1620,51.5427,48.8514,44.5170,37.8277,29.5699,21.9841,11.1677
1.945,0.0,0.9882178197135321,0.0,2,38.3801,0.32667,0.00868004,8200.8,0.0,5.7636,13.2963,30.9302,129.2660,83.8071,71.3332,66.1038,62.1285,59.5748,57.2272,55.0613,53.0572,50.4912,47.8549,43.6087,37.0721,29.0609,21.6982,11.1338
2.045,0.0,0.9882194300074802,0.0,2,43.0276,0.324999,0.00867241,11530.8,0.0,5.7779,13.5686,200.0000,126.6700,82.1212,69.8978,64.7737,60.8780,58.3757,56.0751,53.9528,51.9892,49.4746,46.8913,42.7305,36.3379,28.5605,21.4098,11.0898
2.168,0.0,0.9882200091036308,0.0,2,48.8046,0.322781,0.00865382,15524.3,0.0,5.8076,14.0134,200.0000,123.2340,79.8890,67.9966,63.0108,59.2212,56.7866,54.5485,52.4840,50.5736,48.1272,45.6140,41.5662,35.3588,27.8852,21.0099,11.0151
2.287,0.0,0.9882201609102123,0.0,3,54.3507,0.320288,0.00862854,8124.37,0.0,5.8695,14.6466,200.0000,119.3730,77.3780,65.8577,61.0281,57.3574,54.9991,52.8311,50.8311,48.9808,46.6115,44.1771,40.2566,34.2496,27.1096,20.5372,10.9088
2.388,0.0,0.9882201971708083,0.0,3,58.7687,0.317098,0.0128344,8097.92,0.0,5.9588,15.3851,200.0000,115.8170,75.0701,63.8925,59.2071,55.6452,53.3574,51.2541,49.3139,47.5186,45.2197,42.8580,39.0544,33.2269,26.3817,20.0792,10.7872
2.507,0.0,0.9882202102108943,0.0,3,63.6213,0.31044,0.0262095,9110.69,0.0,6.1072,16.5852,200.0000,111.2790,72.1118,61.3705,56.8685,53.4465,51.2481,49.2275,47.3633,45.6386,43.4301,41.1613,37.5073,31.9096,25.4285,19.4675,10.6088
2.626,0.0,0.9882202136292747,0.0,3,69.2838,0.298042,0.0406246,9753.49,0.0,6.3217,18.3323,200.0000,106.4580,68.9434,58.6638,54.3562,51.0824,48.9798,47.0467,45.2638,43.6142,41.5022,39.3327,35.8388,30.4872,24.3758,18.7734,10.3818
2.748,0.0,0.9882202145253827,0.0,3,74.9726,0.278547,0.0559545,10387.9,0.0,6.6189,21.0126,200.0000,101.5100,65.6241,55.8128,51.7043,48.5825,46.5781,44.7358,43.0369,41.4653,39.4533,37.3871,34.0603,28.9668,23.2229,17.9927,10.0992
2.867,0.0,0.988220214760292,0.0,3,80.7566,0.250478,0.0721984,10814.4,0.0,7.0195,25.3829,200.0000,96.4197,62.1434,52.8083,48.9035,45.9389,44.0359,42.2874,40.6754,39.1849,37.2770,35.3181,32.1663,27.3437,21.9604,17.1161,9.7523
2.967,0.02988017295703125,0.9882202148164024,0.0,3,85.5081,0.219584,0.0854722,11218.8,0.0,7.4394,29.2498,200.0000,92.9506,59.4828,50.4491,46.6810,43.8236,41.9916,40.3095,38.7600,37.3278,35.4961,33.6171,30.5964,25.9823,20.8654,16.3358,9.4161
3.075,0.020307291437609995,0.9882202148347888,0.0,3,91.0628,0.178413,0.0866117,11109.4,0.0,7.8533,29.9227,200.0000,105.5880,62.6376,52.0926,47.8127,44.6127,42.5810,40.7291,39.0345,37.4780,35.5008,33.4878,30.2842,25.4659,20.2293,15.7989,9.0949
3.186,0.006654293258276042,0.9882202148408136,0.0,3,96.3499,0.130168,0.0841182,11302.5,0.0,8.3001,29.6154,140.8030,135.6490,69.5177,55.9359,50.6699,46.8205,44.4143,42.2465,40.2833,38.4974,36.2519,33.9922,30.4496,25.2420,19.7401,15.2740,8.7450
3.298,0.0021804788148718935,0.9882202148427878,0.0,3,101.795,0.0767848,0.08134,11173.3,0.0,8.7923,29.1214,93.5369,177.4630,81.1577,62.0607,55.1540,50.2670,47.2789,44.6293,42.2642,40.1399,37.5057,34.8948,30.8808,25.1486,19.3001,14.7059,8.3559
3.407,0.0007144992980572221,0.9882202148434347,0.0,3,107.028,0.0204544,0.0794297,11276.3,0.0,9.3218,28.5683,73.2146,188.3370,101.9590,71.7939,62.0236,55.4319,51.5251,48.1362,45.1688,42.5491,39.3583,36.2576,31.6058,25.1950,18.9194,14.1664,7.9367
3.516,0.0002341271299873905,0.9882202148436467,0.0,3,112.141,-0.0378723,0.0846076,11513.7,0.0,9.9109,28.6958,65.5927,192.1730,128.0560,81.4372,68.2114,59.7326,54.8661,50.7365,47.1883,44.1071,40.4175,36.8970,31.7316,24.8323,18.3130,13.5218,7.4579
3.626,7.671877795426811e-05,0.9882202148437161,0.0,3,117.203,-0.100215,0.0967418,11792.0,0.0,10.4848,29.3574,63.2701,192.2800,153.5930,88.1185,71.8078,61.8071,56.2196,51.5621,47.6207,44.2421,40.2495,36.4925,31.0712,23.9940,17.4727,12.7793,6.9520
3.737,2.5139209160054576e-05,0.9882202148437389,0.0,3,122.168,-0.167594,0.0999713,12166.1,0.0,11.0672,30.5153,64.1243,189.7350,156.6020,88.6981,71.1025,60.5942,54.8128,50.0420,46.0385,42.6311,38.6330,34.8989,29.5581,22.6688,16.4022,11.9396,6.4515
3.847,0.032418758775383735,0.9882202148437463,0.0,3,127.096,-0.233297,0.0967349,12532.0,0.0,11.6439,31.7964,65.7956,186.2400,154.6800,86.6710,68.6455,58.0846,52.3378,47.6291,43.7008,40.3740,36.4896,32.8804,27.7491,21.1832,15.2622,11.0750,5.9581
3.955,0.028411232893117738,0.9882202148437488,0.0,3,131.901,-0.294137,0.0763087,12988.7,0.0,11.9249,30.7470,58.4974,190.1970,165.6780,129.6360,90.8422,72.0005,62.7149,55.5545,49.8649,45.2357,40.0372,35.3950,29.0873,21.4786,15.0250,10.6760,5.5803
4.068,0.00930979279441682,0.9882202148437496,0.0,3,136.741,-0.347557,0.0634625,13395.7,0.0,12.2350,30.5167,55.5849,137.7940,167.5560,150.7030,115.8680,85.1144,71.5549,61.7261,54.2750,48.4323,42.0938,36.6229,29.4598,21.2095,14.5242,10.1712,5.2159
4.175,0.003050632902874503,0.9882202148437498,0.0,3,141.569,-0.395017,0.0585124,13813.0,0.0,12.5952,31.0328,55.6690,131.5690,164.7790,149.4540,125.8730,88.4315,72.9404,62.0718,54.0256,47.8294,41.2166,35.5984,28.3644,20.1993,13.7103,9.5447,4.8577
4.285,0.0009996313896139173,0.9882202148437498,0.0,3,146.388,-0.43953,0.0567436,14226.2,0.0,12.9713,31.8221,56.7850,182.7050,160.2950,145.3450,124.2280,85.6110,70.0608,59.2951,51.4007,45.3645,38.9636,33.5582,26.6427,18.8961,12.7839,8.8807,4.5074
4.397,0.03280902038136744,0.9882202148437498,0.0,3,151.155,-0.481353,0.0451636,14669.1,0.0,13.1781,31.4571,54.3489,115.5300,159.9130,147.3640,137.8570,112.3150,85.4235,68.9259,57.7727,49.7296,41.6225,35.0910,27.1250,18.6836,12.3555,8.4579,4.2149
4.506,0.010750859798566484,0.9882202148437498,0.0,4,155.358,-0.516022,0.0326811,12156.7,0.0,13.3057,30.8868,51.7297,101.7780,159.2740,148.3470,141.0240,132.5360,120.9370,88.8708,70.1488,57.9461,46.6027,38.0884,28.3817,18.8275,12.1115,8.1503,3.9788
4.617,0.0035228417387942654,0.9882202148437498,0.0,4,156.734,-0.543413,0.0292752,12109.3,0.0,13.4971,31.1013,51.6793,99.8280,154.9800,144.4680,137.5640,129.8870,121.6780,93.5917,72.1067,58.6478,46.5022,37.6082,27.6926,18.1582,11.5859,7.7584,3.7657
4.726,0.001154364780968105,0.9882202148437498,0.0,4,160.26,-0.567809,0.0283089,12348.2,0.0,13.6965,31.4953,52.2192,100.3650,149.6740,139.3730,132.6420,125.2240,117.5250,91.6141,70.0337,56.6854,44.7503,36.0760,26.4702,17.2975,11.0105,7.3627,3.5677
4.836,0.017516233571027627,0.9882202148437498,0.0,4,163.718,-0.589558,0.0198776,12610.6,0.0,13.7641,31.0956,50.6152,93.3961,146.9070,137.2820,131.2820,125.0810,119.6250,111.8770,86.1059,65.9835,49.7226,38.8014,27.4940,17.3949,10.8338,7.1527,3.4155
4.947,0.005739719416554332,0.9882202148437498,0.0,4,167.156,-0.605993,0.0141049,12859.3,0.0,13.8237,30.8647,49.6456,89.3394,143.0330,133.8040,128.2350,122.6420,117.9620,112.1690,102.3940,74.9230,54.0210,40.9669,28.2039,17.4010,10.6639,6.9762,3.2971
5.057,0.0018807912584165234,0.9882202148437498,0.0,4,170.567,-0.618751,0.0123667,13111.9,0.0,13.9086,30.9463,49.6043,88.6292,137.5740,128.6340,123.2670,117.9280,113.5230,108.2210,100.5640,76.7216,54.4319,40.8696,27.8666,17.0538,10.3981,6.7831,3.1957
5.167,0.008962141097526678,0.9886057148437499,0.0,4,173.96,-0.629927,0.0115481,13362.3,0.0,13.9929,31.0829,49.7428,88.5834,131.6650,123.0020,117.7990,112.6580,108.4540,103.4740,96.6856,76.5741,53.8850,40.2594,27.3213,16.6546,10.1301,6.5993,3.1045
5.276,0.02115852524963754,0.98834653548375,0.0,4,177.304,-0.636349,-0.00266773,13612.6,0.0,13.8480,29.9251,46.6373,78.8496,130.0950,121.7060,117.1140,112.7320,109.3180,105.5700,101.3250,96.2038,80.8127,53.2769,32.5196,18.3013,10.6278,6.7542,3.0939
5.385,0.006933225553801228,0.9914992052473152,0.0,4,180.637,-0.634026,-0.00966059,13858.1,0.0,13.7331,29.2935,45.1074,74.5835,125.9510,117.7220,113.4360,109.4020,106.3090,102.9840,99.3431,95.2320,87.8945,64.6481,36.5266,19.5577,11.0648,6.9397,3.1358
5.495,0.002271879349469587,1.0,0.0,4,184.001,-0.626015,-0.0116375,14110.4,0.0,13.6394,28.9886,44.4914,73.1278,119.9720,112.0870,107.9860,104.1520,101.2350,98.1265,94.7659,91.0503,84.8117,70.1436,38.5930,20.3418,11.4185,7.1339,3.2109
5.608,0.011627031304140445,1.0,0.0,4,187.346,-0.615454,-0.0125491,14354.9,0.0,13.5388,28.7271,44.0239,73.3286,113.5150,106.0260,102.0940,98.4415,95.6800,92.7583,89.6310,86.2254,80.7119,71.5868,40.3138,21.0894,11.7946,7.3556,3.3047
5.715,0.054420574089340736,1.0,0.0,4,190.577,-0.596047,-0.0409074,14617.9,0.0,13.0213,26.3111,38.6546,58.9823,115.7040,107.4130,103.4870,100.2820,97.9758,95.5925,93.1208,90.5447,86.7219,81.9305,70.3837,29.8575,14.4496,8.4560,3.5769
5.826,0.017832533717595172,1.0,0.0,4,193.824,-0.555376,-0.0590208,14843.7,0.0,12.4832,24.5086,35.1832,51.7872,114.8210,106.1110,102.0120,98.6917,96.4581,94.3145,92.1388,89.9018,86.6506,82.7270,74.4857,42.2712,17.8025,9.9089,4.0167
5.935,0.005843364648581586,1.0,0.0,5,196.553,-0.499221,-0.0637083,13471.9,0.0,11.9827,23.3582,33.3452,48.6726,109.1160,100.7120,96.7643,93.5698,91.4223,89.3778,87.3660,85.3103,82.3493,78.8265,71.6853,51.2966,20.6911,11.3508,4.5480
6.046,0.0019147537280472145,1.0,0.0,5,197.228,-0.436555,-0.0652982,13494.9,0.0,11.4658,22.2969,31.7711,46.3174,102.2930,94.3731,90.6550,87.6476,85.6264,83.7025,81.8324,79.9342,77.2200,74.0264,67.7073,52.6199,23.5353,12.8456,5.1264
6.157,0.0006274265016065113,1.0,0.0,5,199.869,-0.370948,-0.0657663,13665.3,0.0,10.9377,21.2549,30.2699,45.5374,95.0133,87.6462,84.1881,81.3912,79.5116,77.7226,75.9915,74.2447,71.7641,68.8739,63.2691,50.9619,26.3607,14.3660,5.7264
6.266,0.0002055951160464216,1.0,0.0,5,202.473,-0.303723,-0.0658758,13842.4,0.0,10.4004,20.2073,28.7744,105.4760,87.5267,80.7377,77.5510,74.9737,73.2417,71.5933,70.0024,68.4057,66.1530,63.5529,58.5981,48.3087,29.1999,15.9076,6.3392
6.376,0.008137363751376093,1.0,0.0,5,205.056,-0.235408,-0.0661732,14010.6,0.0,9.8528,19.1349,27.2453,96.4151,79.9906,73.7801,70.8653,68.5080,66.9240,65.4164,63.9662,62.5191,60.4907,58.1698,53.8157,45.1403,31.1246,17.4875,6.9635
6.487,0.11226131084425091,1.0,0.0,5,207.445,-0.156728,-0.102806,14205.2,0.0,8.9445,16.4900,22.6932,102.1840,82.2371,74.9922,71.6457,68.9639,67.1740,65.4796,63.8732,62.3484,60.3396,58.2047,54.3334,46.7822,35.1365,22.1873,8.0209
6.596,0.036785786337444136,1.0,0.0,5,209.81,-0.0429209,-0.138655,14346.7,0.0,7.8410,13.8097,18.7265,32.5433,85.7750,77.0982,73.1708,70.0593,68.0000,66.0631,64.2383,62.5163,60.2625,57.8879,53.9319,47.1449,36.9701,25.7205,9.5296
6.707,0.012053966467053694,1.0,0.0,5,212.288,0.101057,-0.148053,14495.3,0.0,6.7112,11.8942,16.9284,105.5870,80.5518,72.0779,68.2666,65.2576,63.2714,61.4070,59.6538,58.0022,55.8448,53.5771,49.8110,43.6830,35.0632,25.7500,11.0559
6.816,0.003949843731924155,1.0,0.0,5,214.754,0.259502,-0.150891,14654.1,0.0,5.5926,10.7472,17.0032,95.9222,72.8711,65.1118,61.6290,58.8824,57.0709,55.3716,53.7745,52.2708,50.3079,48.2461,44.8254,39.3309,32.1397,24.5154,11.9350
6.925,0.16495005749913944,1.0,0.0,5,216.997,0.393906,-0.115385,14783.0,0.0,4.7073,9.4620,15.7929,111.9920,78.8359,68.7293,64.3473,60.9565,58.7505,56.7027,54.7969,53.0190,50.7215,48.3366,44.4421,38.3442,31.3376,24.4122,12.6144
7.036,0.05405083484131801,1.0,0.0,5,219.026,0.488963,-0.0846992,14966.2,0.0,4.0672,8.5164,15.0681,163.3960,96.3470,80.0082,73.3904,68.4475,65.3114,62.4546,59.8418,57.4429,54.3970,51.2978,46.3692,38.9645,30.9280,24.1859,13.0229
7.145,0.01771137756080308,1.0,0.0,6,219.177,0.533145,-0.0169309,13383.7,0.0,3.9615,9.7265,44.7448,174.8240,95.1287,77.5308,70.5859,65.4652,62.2455,59.3318,56.6829,54.2643,51.2117,48.1265,43.2628,36.0523,28.3550,22.0529,12.5958
7.256,0.0058036641991239535,1.0,0.0,6,220.856,0.503864,0.0594327,13811.8,0.0,4.5946,15.7068,81.1716,165.9100,87.3850,70.7169,64.2030,59.4230,56.4274,53.7232,51.2701,49.0348,46.2196,43.3811,38.9203,32.3384,25.3528,19.6643,11.6335
7.367,0.04200323605394394,1.0,0.0,6,222.788,0.391933,0.126892,14003.8,0.0,6.1772,21.8761,84.8313,186.9550,86.5735,68.3010,61.4054,56.4295,53.3466,50.5867,48.1018,45.8530,43.0413,40.2295,35.8566,29.5050,22.8916,17.6002,10.3321
7.476,0.01376362039015635,1.0,0.0,6,224.841,0.212789,0.152787,14080.9,0.0,7.9886,26.5539,83.4165,191.5240,87.8004,66.7978,59.2543,53.9335,50.6870,47.8126,45.2500,42.9512,40.1040,37.2862,32.9613,26.8012,20.5351,15.6262,9.0228
7.587,0.004510063129446433,1.0,0.0,6,226.902,0.0347998,0.148869,14116.5,0.0,9.7428,31.8673,95.6687,184.2250,78.6192,59.1082,52.2117,47.3819,44.4490,41.8610,39.5607,37.5027,34.9610,32.4533,28.6195,23.1901,17.7045,13.4330,7.7208
7.695,0.120350302967507,1.0,0.0,6,228.769,-0.13606,0.134284,14267.7,0.0,11.2468,34.7684,90.7823,182.2890,80.4584,57.2608,49.6409,44.4699,41.3937,38.7183,36.3703,34.2934,31.7584,29.2894,25.5751,20.4358,15.3819,11.5391,6.5169
7.805,0.048392348692392693,1.0,0.0,6,230.485,-0.279402,0.0900664,14379.4,0.0,11.9824,32.0915,64.4590,187.0370,168.7480,93.1476,71.6310,59.5951,53.2133,48.0694,43.8353,40.2896,36.1955,32.4346,27.1583,20.5250,14.6538,10.5636,5.6308
7.916,0.015857204819523237,1.0,0.0,6,232.357,-0.389286,0.0768487,14473.5,0.0,12.8097,33.0760,63.0526,181.7320,167.0370,110.3390,77.6979,61.7293,53.8316,47.7287,42.8717,38.9145,34.4653,30.4872,25.0743,18.5336,12.9758,9.2253,4.8258
8.025,0.005196088875261374,1.0,0.0,6,234.241,-0.482996,0.0732969,14585.5,0.0,13.6174,34.8322,65.5601,174.3700,160.0740,104.5880,71.1271,55.5773,48.0745,42.3593,37.8612,34.2290,30.1796,26.5894,21.7500,15.9711,11.1190,7.8745,4.0978
8.135,0.09100564430524564,1.0,0.0,6,235.979,-0.564557,0.0434349,14711.8,0.0,13.8920,33.0301,56.8092,119.3450,161.2710,153.1620,145.8950,100.5690,75.2901,60.1701,50.1106,42.9357,35.7701,30.0450,23.1196,15.8485,10.4428,7.1322,3.5443
8.246,0.02982072952594289,1.0,0.0,6,237.698,-0.612481,0.0138153,14807.0,0.0,13.8754,30.9621,49.7733,89.4615,159.6430,154.1320,150.4450,146.4760,142.8610,137.5650,103.1550,74.3717,53.4851,40.4953,27.8354,17.1507,10.5017,6.8669,3.2437
8.356,0.009771656651060967,1.0,0.0,6,239.515,-0.633467,0.0067234,14908.4,0.0,13.9546,30.7039,48.6801,85.0813,153.0010,147.9190,144.6050,141.1590,138.2010,134.4880,128.6060,90.9724,60.4409,43.6910,28.7620,17.1091,10.2535,6.6257,3.0894
8.465,0.003201976451419658,1.0,0.0,6,241.319,-0.643267,0.00450432,15014.4,0.0,14.0068,30.6860,48.4492,83.9849,145.4470,140.5530,137.3990,134.1610,131.4300,128.1050,123.4530,97.4865,62.6429,44.4814,28.8272,16.9417,10.0812,6.4895,3.0134
8.576,0.0010492236436011938,1.0,0.0,6,243.094,-0.64925,0.00371057,15121.8,0.0,14.0466,30.7259,48.4407,83.7285,137.5850,132.8270,129.7880,126.6940,124.1100,121.0150,116.8760,99.4459,63.0564,44.4681,28.6493,16.7621,9.9485,6.3952,2.9652
8.685,0.04105592362558524,1.0,0.0,6,244.828,-0.651896,-0.00709575,15232.8,0.0,13.9184,29.8294,46.1322,76.8866,131.2000,126.9230,124.2620,121.6320,119.5200,117.1370,114.3500,110.8350,92.5280,57.1767,33.3241,18.1899,10.3929,6.5505,2.9750
8.798,0.013453205053631772,1.0,0.0,6,246.538,-0.639416,-0.0214648,15335.5,0.0,13.6217,28.4467,42.9808,68.7173,125.1260,121.3480,119.0540,116.8400,115.1130,113.2340,111.1600,108.8200,104.8100,96.3322,44.7656,21.5192,11.5776,7.0888,3.1275
8.906,0.00440834623197406,1.0,0.0,6,248.257,-0.613966,-0.0249321,15438.9,0.0,13.3659,27.7442,41.6988,66.0671,117.4470,113.8680,111.7190,109.6660,108.0800,106.3730,104.5160,102.4640,99.1125,93.8596,51.6250,23.8568,12.6250,7.6722,3.3604
9.012,0.00144452689329326,1.0,0.0,6,249.903,-0.584304,-0.0258706,15539.7,0.0,13.1086,27.1659,40.7722,64.4448,109.6770,106.2480,104.2080,102.2740,100.7910,99.2066,97.4994,95.6377,92.6710,88.3734,56.7781,25.9395,13.6637,8.2863,3.6222
9.133,0.0003786740579154683,0.3882035,0.4625811767578125,6,248.972,-0.548648,-0.0261167,15139.0,0.0,12.8105,26.5370,39.8137,62.8906,100.7180,97.4547,95.5353,93.7308,92.3580,90.9025,89.3496,87.6774,85.0716,81.5020,61.9954,28.2364,14.8555,9.0041,3.9339
9.253,9.926713223819253e-05,0.10176521830400001,0.9049405053753663,6,234.36,-0.513697,-0.0259955,13935.8,0.0,12.5229,25.9465,38.9349,61.5211,91.9796,88.8865,87.0865,85.4086,84.1417,82.8087,81.3993,79.8988,77.6040,74.5849,65.5191,30.3847,15.9953,9.6976,4.2380
9.371,2.6022283113448747e-05,0.02667714138708378,0.9568873689086301,6,216.635,-0.481257,-0.0254515,12772.5,0.0,12.2608,25.4275,38.1870,88.9004,83.7765,80.8505,79.1653,77.6069,76.4387,75.2183,73.9385,72.5895,70.5586,67.9659,61.5233,32.2298,17.0125,10.3267,4.5181
9.472,8.526981730614885e-06,0.008741565689719613,0.9622735954623465,6,202.333,-0.456422,-0.0250176,11863.3,0.0,12.0602,25.0303,37.6150,82.3587,77.4098,74.6235,73.0325,71.5707,70.4813,69.3496,68.1705,66.9371,65.1015,62.8057,57.5257,33.6225,17.7855,10.8062,4.7323
9.591,2.2352970987903087e-06,0.002291548996165858,0.927336397585699,6,185.917,-0.429188,-0.0246437,10837.9,0.0,11.8389,24.5869,36.9695,75.0497,70.3213,67.7032,66.2231,64.8735,63.8745,62.8434,61.7770,60.6708,59.0447,57.0522,52.7396,35.1720,18.6392,11.3342,4.9674
9.694,7.324621533316084e-07,0.0007508947750636283,0.9094766347326093,6,172.966,-0.408496,-0.024379,10019.0,0.0,11.6705,24.2482,36.4748,69.3865,64.8473,62.3676,60.9773,59.7172,58.7896,57.8369,56.8572,55.8474,54.3766,52.5997,48.8895,36.3487,19.2875,11.7353,5.1460
9.813,1.9201055872296117e-07,0.00019684255991427981,0.9070672083416002,5,158.21,-0.385835,-0.0243363,9851.91,0.0,11.4832,23.8608,36.2057,63.0986,58.7923,56.4767,55.1910,54.0337,53.1871,52.3227,51.4392,50.5352,49.2310,47.6782,44.5405,36.4888,20.0219,12.1832,5.3430
9.932,5.033441590587192e-08,5.160109602616897e-05,0.9064130768038733,5,143.847,-0.365336,-0.0239306,8830.02,0.0,11.3177,23.5335,63.4689,57.2968,53.2215,51.0638,49.8766,48.8151,48.0431,47.2591,46.4623,45.6521,44.4931,43.1297,40.4419,34.2652,20.6454,12.5738,5.5189
10.037,1.649358140403611e-08,1.690864714585505e-05,0.8834555720757512,4,132.491,-0.349874,-0.0235956,9027.54,0.0,11.1931,23.2880,58.8367,52.8445,48.9613,46.9307,45.8218,44.8354,44.1213,43.3991,42.6683,41.9288,40.8773,39.6512,37.2736,32.1007,21.1108,12.8666,5.6514
10.152,4.3236934035796425e-09,4.432500397403026e-06,0.24791879699965275,4,120.605,-0.333093,-0.0233943,8806.31,0.0,11.0561,23.1305,53.7124,47.9482,44.2934,42.4100,41.3900,40.4882,39.8388,39.1849,38.5265,37.8636,36.9274,35.8454,33.7808,29.4883,21.5637,13.1904,5.7961
10.272,0.0750879576158209,1.1619533841768187e-06,0.02916739854821215,4,113.591,-0.317669,-0.0242376,8411.08,0.0,10.9194,56.2190,48.9666,43.4481,40.0241,38.2848,37.3506,36.5295,35.9410,35.3510,34.7596,34.1668,33.3347,32.3807,30.5844,26.9714,20.9438,13.5313,5.9354
10.397,0.18197851198823112,3.0459910794164796e-07,0.003431515271798611,3,112.008,-0.292088,-0.0697067,10155.2,0.0,10.2732,53.9589,47.0284,41.8587,38.7024,37.1162,36.2692,35.5279,34.9985,34.4695,33.9407,33.4122,32.6734,31.8307,30.2579,27.1527,22.1829,15.9887,6.4734
10.512,0.1787836393372997,7.984882855225537e-08,0.00040371434021183484,3,110.618,-0.234441,-0.147717,10021.0,0.0,9.2182,18.2993,46.8273,41.9920,39.0669,37.6054,36.8272,36.1477,35.6632,35.1796,34.6971,34.2156,33.5436,32.7787,31.3559,28.5662,24.1483,18.6719,7.7156
10.613,0.15950769946403073,2.6164864140003038e-08,6.78522691594031e-05,3,109.455,-0.155724,-0.211014,9915.07,0.0,8.2598,15.4235,46.4354,41.8283,39.0598,37.6816,36.9494,36.3108,35.8560,35.4025,34.9503,34.4994,33.8708,33.1564,31.8301,29.2386,25.1555,20.1004,9.2368
10.734,0.16799923348010826,6.858962145116954e-09,7.98275161433462e-06,3,108.083,-0.0240588,-0.2809,9793.69,0.0,7.0446,12.9821,45.5480,41.1725,38.5638,37.2710,36.5858,35.9892,35.5648,35.1420,34.7208,34.3013,33.7170,33.0541,31.8260,29.4358,25.6915,21.0696,10.7539
10.854,0.1538482822122337,1.7980357725695387e-09,9.391627446748538e-07,3,106.762,0.143649,-0.313333,9676.9,0.0,5.9219,10.9951,44.4837,40.3077,37.8369,36.6177,35.9730,35.4124,35.0140,34.6174,34.2227,33.8300,33.2837,32.6647,31.5201,29.3003,25.8406,21.5846,11.8706
10.971,0.14106710618933913,4.713442895644691e-10,1.1049155774825187e-07,3,105.541,0.299765,-0.26614,9567.55,0.0,4.9689,9.5307,43.0564,39.0571,36.7101,35.5576,34.9495,34.4215,34.0467,33.6740,33.3036,32.9353,32.4237,31.8448,30.7764,28.7129,25.5158,21.6046,12.5887
11.071,0.15025324077187457,1.5445009680448523e-10,1.8570316110748693e-08,3,104.569,0.408453,-0.223761,9481.17,0.0,4.3070,8.6036,41.7593,37.8920,35.6387,34.5363,33.9558,33.4524,33.0956,32.7411,32.3889,32.0391,31.5534,31.0045,29.9936,28.0477,25.0481,21.3972,12.9577
11.193,0.19514761628057142,4.048816617671498e-11,2.1847791201134724e-09,3,103.396,0.512885,-0.178145,9374.35,0.0,3.6546,7.6532,40.4359,36.7010,34.5404,33.4877,32.9346,32.4555,32.1162,31.7793,31.4450,31.1132,30.6530,30.1336,29.1788,27.3464,24.5360,21.1327,13.2567
11.311,0.2066409975875041,1.061372983422877e-11,2.570370787022299e-10,3,102.179,0.59206,-0.144021,9262.46,0.0,3.1329,6.7582,39.5807,35.9392,33.8434,32.8253,32.2911,31.8287,31.5015,31.1768,30.8548,30.5354,30.0928,29.5936,28.6768,26.9214,24.2378,20.9984,13.4948
11.412,0.2049595757545651,3.4779069920800832e-12,4.320022181748379e-11,3,101.153,0.641581,-0.118905,9169.23,0.0,2.8037,6.2119,38.9651,35.3822,33.3281,32.3322,31.8101,31.3586,31.0393,30.7226,30.4086,30.0973,29.6661,29.1800,28.2880,26.5833,23.9834,20.8532,13.6093
11.515,0.20054883997016995,1.1396405631648017e-12,7.260661280864501e-12,3,100.14,0.67798,-0.0940324,9079.74,0.0,2.5690,5.9091,38.3191,34.7850,32.7666,31.7901,31.2787,30.8369,30.5245,30.2148,29.9079,29.6037,29.1826,28.7081,27.8386,26.1794,23.6558,20.6267,13.6364
11.635,0.1940417273470483,2.9874993579027374e-13,8.54209539032428e-13,3,98.9689,0.706181,-0.0636001,8977.41,0.0,2.4068,5.9222,37.4602,33.9773,31.9977,31.0426,30.5432,30.1119,29.8072,29.5053,29.2063,28.9102,28.5004,28.0393,27.1950,25.5876,23.1519,20.2414,13.5611
11.735,0.18810401791733702,9.789437895975689e-14,1.4356699722518017e-13,3,98.0448,0.717703,-0.0374333,8896.78,0.0,2.3710,6.3749,36.7113,33.2156,31.2671,30.3292,29.8393,29.4167,29.1183,28.8228,28.5303,28.2408,27.8404,27.3901,26.5665,25.0020,22.6392,19.8280,13.4157
11.852,0.18644016361991161,2.5662424078026504e-14,1.6890513656545222e-14,3,97.0016,0.717709,-0.0051955,8806.0,0.0,2.4535,8.2302,35.9836,32.1919,30.2804,29.3633,28.8850,28.4729,28.1821,27.8944,27.6097,27.3281,26.9390,26.5018,25.7034,24.1912,21.9177,19.2283,13.1496
11.955,0.19564663117541845,8.409063121887726e-15,2.8387886302555554e-15,3,96.1669,0.70658,0.020182,8732.65,0.0,2.6281,42.5243,35.6616,31.4315,29.4419,28.5404,28.0709,27.6666,27.3816,27.0998,26.8211,26.5455,26.1651,25.7381,24.9592,23.4871,21.2829,18.6887,12.8745
12.074,0.20620857212154656,2.2043854430241357e-15,3.3398064356093586e-16,3,95.1799,0.681139,0.045138,8644.77,0.0,2.9528,42.0326,35.6946,30.9791,28.6980,27.7061,27.2120,26.7982,26.5126,26.2348,25.9615,25.6914,25.3188,24.9008,24.1396,22.7050,20.5665,18.0645,12.5150
12.175,0.23583205831157159,7.223330219701488e-16,5.61321267632865e-17,3,94.3471,0.651626,0.0603236,8570.16,0.0,3.3027,41.7143,35.7292,31.1709,28.5380,27.4055,26.8448,26.3769,26.0549,25.7425,25.4395,25.1454,24.7481,24.3135,23.5499,22.1353,20.0341,17.5871,12.2065
12.291,0.25598647688603887,1.8935526771134274e-16,6.603888581573895e-18,3,93.3031,0.609802,0.0682158,8474.89,0.0,3.7599,41.6229,35.9647,31.8043,29.2479,27.9491,27.2591,26.6841,26.2903,25.9100,25.5424,25.1870,24.7088,24.1884,23.2814,21.6991,19.5711,17.1479,11.8702
12.393,0.26249804449683733,6.204793412365279e-17,1.1099155539051243e-18,3,92.407,0.57238,0.068988,8392.8,0.0,4.1457,41.6692,36.2068,32.2764,29.9069,28.7213,28.0878,27.5327,27.1357,26.7385,26.3412,25.9438,25.3877,24.7576,23.6621,21.7801,19.3366,16.8601,11.6132
12.494,0.266822481609379,2.0331867053638546e-17,1.8654350714483426e-19,3,91.4965,0.534653,0.0665121,8310.8,0.0,4.5188,41.7544,36.4278,32.6606,30.4224,29.3122,28.7219,28.2066,27.8395,27.4733,27.1080,26.7438,26.2357,25.6565,24.5757,22.4442,19.4983,16.6544,11.3748
12.613,0.2702078279373855,5.3298769569090224e-18,2.194665707208261e-20,3,90.4036,0.491074,0.060487,8212.79,0.0,4.9285,41.8881,36.6597,33.0250,30.8938,29.8450,29.2898,28.8067,28.4633,28.1215,27.7812,27.4425,26.9712,26.4359,25.4422,23.5022,20.4236,16.8759,11.1189
12.732,0.2770246443685102,1.3971952649919587e-18,2.5820022578734474e-21,3,89.3203,0.451157,0.0517426,8115.62,0.0,5.2759,42.0721,36.8842,33.3291,31.2665,30.2574,29.7251,29.2630,28.9351,28.6091,28.2851,27.9631,27.5157,27.0086,26.0707,24.2521,21.4000,17.8238,10.9109
12.835,0.2819962097322736,0.0513498046875,4.339571194807903e-22,3,88.4884,0.421924,0.0424666,8074.62,0.0,5.4535,42.2892,37.0968,33.5751,31.5475,30.5590,30.0389,29.5883,29.2689,28.9518,28.6370,28.3241,27.8894,27.3977,26.4908,24.7406,22.0137,18.6241,10.9609
12.956,0.28530816942186854,0.1892261541375,5.1054621149795496e-23,3,88.1696,0.392385,0.0351875,8145.18,0.0,5.3480,42.3765,37.1543,33.6531,31.6537,30.6833,30.1741,29.7337,29.4220,29.1128,28.8059,28.5012,28.0786,27.6012,26.7232,25.0361,22.4277,19.2154,11.4186
13.056,0.2922251885318132,0.251108434781526,8.580750176646129e-24,3,88.4295,0.3838,-0.0221066,8194.69,0.0,5.1168,41.7367,36.5172,33.0555,31.0925,30.1450,29.6492,29.2205,28.9173,28.6166,28.3185,28.0230,27.6138,27.1526,26.3066,24.6851,22.1991,19.1663,11.8687
13.157,0.305367941839435,0.2784394658154604,1.442166682188915e-24,3,88.8944,0.401868,-0.083029,8267.78,0.0,4.7016,41.2486,36.0064,32.5632,30.6251,29.6928,29.2056,28.7851,28.4881,28.1941,27.9029,27.6146,27.2156,26.7662,25.9427,24.3725,21.9791,19.0849,12.2001
13.274,0.32488309884958727,0.29000906267047805,1.6966946799284366e-25,3,89.574,0.458242,-0.159337,8333.89,0.0,4.1068,40.8028,35.4980,32.0519,30.1272,29.2051,28.7245,28.3105,28.0186,27.7297,27.4437,27.1607,26.7695,26.3296,25.5257,23.9997,21.6893,18.9217,12.4356
13.395,0.3371332845677885,0.3158656712715648,1.9961443239890065e-26,3,90.2413,0.534717,-0.141058,8422.96,0.0,3.6530,40.9073,35.4592,31.9512,30.0040,29.0746,28.5912,28.1754,27.8823,27.5924,27.3057,27.0222,26.6307,26.1911,25.3893,23.8722,21.5895,18.8763,12.6076
13.497,0.3309909109155196,0.3678760526153913,3.354919765328324e-27,3,90.983,0.580782,-0.102518,8510.95,0.0,3.3880,41.1748,35.5694,31.9837,30.0021,29.0594,28.5698,28.1486,27.8519,27.5587,27.2690,26.9827,26.5877,26.1447,25.3380,23.8141,21.5331,18.8389,12.6869
13.612,0.3166168496330102,0.41629036751493415,3.9470295547111194e-28,3,92.1858,0.615981,-0.0548522,8664.47,0.0,3.2340,41.1461,35.3724,31.7105,29.6994,28.7464,28.2520,27.8273,27.5285,27.2334,26.9420,26.6544,26.2582,25.8143,25.0068,23.4872,21.2263,18.5783,12.6269
13.712,0.30323010890374646,0.4398241272366686,6.633772572602979e-29,3,93.3911,0.628783,-0.0206096,8795.73,0.0,3.2298,41.1542,35.2194,31.4812,29.4391,28.4737,27.9736,27.5447,27.2431,26.9456,26.6521,26.3626,25.9639,25.5173,24.7063,23.1857,20.9335,18.3145,12.5078
13.815,0.29029537655387105,0.4550017204035366,1.1149381562773829e-29,3,94.7087,0.627621,0.00947571,8926.19,0.0,3.3445,41.1577,35.0454,31.2218,29.1439,28.1642,27.6578,27.2239,26.9192,26.6186,26.3221,26.0298,25.6275,25.1776,24.3621,22.8376,20.5911,17.9967,12.3252
13.938,0.2756711565931848,0.4660922506809647,1.311713591478778e-30,3,96.3912,0.609374,0.0403535,9097.29,0.0,3.6428,41.1081,34.7672,30.8341,28.7097,27.7122,27.1977,26.7571,26.4479,26.1432,25.8430,25.5473,25.1408,24.6868,23.8657,22.3354,20.0956,17.5317,12.0229
14.055,0.2620956626554029,0.47203959555626085,1.543217923238868e-31,3,98.1385,0.574396,0.0672383,9270.38,0.0,4.1206,40.9654,34.3826,30.3358,28.1643,27.1491,26.6262,26.1791,25.8656,25.5571,25.2534,24.9545,24.5442,24.0866,23.2603,21.7264,19.4969,16.9688,11.6330
14.156,0.2515579771260082,0.47229379404687555,2.593686363587566e-32,3,99.6385,0.53362,0.086436,9406.1,0.0,4.6576,40.9148,33.9783,29.8338,27.6236,26.5934,26.0638,25.6116,25.2949,24.9835,24.6773,24.3762,23.9631,23.5027,22.6728,21.1387,18.9213,16.4281,11.2466
14.272,0.23975518737607657,0.42408939059662415,3.0514460698971353e-33,3,101.358,0.472003,0.107542,9524.14,0.0,5.4763,41.1055,33.3576,29.0982,26.8443,25.7984,25.2622,24.8051,24.4855,24.1714,23.8628,23.5596,23.1440,22.6818,21.8508,20.3217,18.1283,15.6878,10.7121
14.373,0.23700855449778338,0.19856752557320176,5.128565409676116e-34,3,102.001,0.411468,0.124078,9403.16,0.0,6.3127,41.4625,32.6791,28.3306,26.0479,24.9938,24.4545,23.9952,23.6743,23.3593,23.0501,22.7467,22.3316,21.8706,21.0434,19.5265,17.3670,14.9860,10.2098
14.478,0.23930325154420864,0.06506660677982674,8.61957988404265e-35,3,101.562,0.345058,0.131646,9262.6,0.0,7.1675,43.0305,32.5025,27.8290,25.4872,24.4097,23.8595,23.3918,23.0654,22.7454,22.4317,22.1241,21.7034,21.2368,20.4013,18.8766,16.7202,14.3658,9.7216
14.596,0.24380263517685072,0.0170568205676909,1.0140849537777338e-35,3,100.416,0.262923,0.123337,9119.88,0.0,8.0096,48.9070,33.9094,28.0204,25.4502,24.3067,23.7239,23.2293,22.8846,22.5469,22.2161,21.8920,21.4494,20.9592,20.0837,18.4936,16.2631,13.8570,9.2122
14.711,0.2517533082100558,0.004471343170896763,1.1930608072699661e-36,3,99.0427,0.184461,0.105629,8982.71,0.0,8.6434,63.8826,37.7727,29.4372,26.0770,24.6926,24.0191,23.4631,23.0834,22.7175,22.3613,22.0127,21.5371,21.0111,20.0737,18.3788,16.0214,13.5096,8.7721
14.817,0.259839864537818,0.0014651697302394513,2.0051772987786326e-37,3,97.8294,0.125682,0.0860822,8870.05,0.0,8.9938,134.7190,44.9542,32.2967,27.7125,25.9004,25.0342,24.3263,23.8468,23.3876,22.9474,22.5252,21.9623,21.3563,20.3160,18.5012,15.9966,13.3553,8.4737
14.917,0.26930342291540277,0.0042447552547048625,3.370101486057247e-38,3,96.5896,0.0753956,0.0619513,8760.81,0.0,9.1732,99.8964,62.4687,38.4077,31.2860,28.6577,27.4360,26.4534,25.7959,25.1721,24.5797,24.0162,23.2724,22.4807,21.1434,18.9307,16.1783,13.3594,8.2565
15.018,0.27980063344199513,0.1149884350737367,5.6641295676164156e-39,3,95.5902,0.0354633,0.0350129,8771.38,0.0,9.2014,65.7971,118.7260,52.9281,39.0009,34.4963,32.5030,30.9435,29.9208,28.9656,28.0716,27.2331,26.1433,25.0043,23.1274,20.1454,16.6679,13.5397,8.1319
15.118,0.28941254162231045,0.25888111743621206,9.519702564292912e-40,3,95.4169,0.00688171,0.0155699,8889.18,0.0,9.2161,37.6459,90.3157,125.1620,54.8153,45.4948,41.7225,38.9060,37.1196,35.4926,34.0047,32.6389,30.9051,29.1412,26.3370,22.1256,17.5572,13.7602,8.0477
15.234,0.28294200789070956,0.4026455832116984,1.1199834869864968e-40,3,96.1421,-0.0138575,0.00559681,9047.7,0.0,9.2669,27.9395,64.4836,96.3687,116.3520,127.0640,133.0150,58.1202,53.5097,49.8608,46.6811,43.8858,40.4960,37.2175,32.3276,25.6441,19.1631,14.2942,7.9636
15.334,0.12226686828721771,0.5151545160349343,1.882356246578206e-41,3,97.5976,-0.0233129,0.00180024,9247.1,0.0,9.1809,23.6025,44.7259,76.9242,94.9214,104.3890,109.6190,114.3130,117.7360,121.2230,124.7750,128.3950,60.0918,50.7281,41.6181,30.6694,21.4170,15.1994,7.9319
15.434,0.040064407400355495,0.6533130740018273,3.163676143623991e-42,3,100.003,-0.0341415,0.0234744,9537.11,0.0,9.2110,22.1869,38.7358,67.2914,84.1061,92.8833,97.7229,102.0610,105.2250,108.4450,111.7250,115.0660,119.8540,125.4900,49.0264,34.1211,22.7443,15.6485,7.8470
15.535,0.013128305016948488,0.7492630616826688,5.317190494588843e-43,3,103.078,-0.0543403,0.0398146,9894.05,0.0,9.3249,21.9903,37.4738,63.3386,79.1649,87.4912,92.0936,96.2256,99.2410,102.3130,105.4440,108.6360,113.2130,118.6060,54.1330,35.1807,23.0012,15.6331,7.7229
15.637,0.004301882987953681,0.8255198345053019,8.93660206425547e-44,3,106.562,-0.073842,0.0365235,10353.1,0.0,9.4637,22.1544,37.4475,61.1661,76.0786,84.0277,88.4401,92.4104,95.3128,98.2730,101.2930,104.3760,108.8010,114.0220,124.3120,35.1636,22.8221,15.4413,7.5867
15.753,0.0011277128139941298,0.8845268671996828,1.0513822962575918e-44,3,111.18,-0.0957688,0.0347936,10876.4,0.0,9.6390,22.4789,37.8375,59.0609,72.9466,80.4693,84.6685,88.4582,91.2346,94.0710,96.9695,99.9322,104.1920,109.2270,119.1760,34.7062,22.4363,15.1436,7.4191
15.854,0.00036952893488959645,0.918893435718992,1.7670582253201344e-45,3,115.259,-0.113792,0.0339276,11308.3,0.0,9.7885,22.7841,38.2597,57.3348,70.4061,77.5784,81.6008,85.2407,87.9121,90.6457,93.4427,96.3057,100.4280,105.3080,114.9750,34.2017,22.0659,14.8754,7.2771
15.972,9.686979310769837e-05,0.9430811918287444,2.078926331506885e-46,3,120.295,-0.135669,0.0331065,11844.5,0.0,9.9720,23.1696,38.2957,55.1672,67.2984,74.0499,77.8574,81.3140,83.8570,86.4636,89.1355,91.8750,95.8267,100.5150,109.8310,33.5325,21.5926,14.5393,7.1029
16.075,3.1742293805530606e-05,0.9561402882978179,3.4940514853636217e-47,3,124.599,-0.154194,0.0323111,12234.3,0.0,10.1261,23.4869,37.8636,53.2150,64.5811,70.9762,74.5994,77.8974,80.3287,82.8249,85.3876,88.0185,91.8206,96.3404,105.3450,33.3317,21.1979,14.2574,6.9558
16.195,8.321051867357015e-06,0.9652279123917931,4.110716632015448e-48,3,129.78,-0.176719,0.0312158,12721.2,0.0,10.3116,23.8605,36.9421,50.7010,61.1693,67.1305,70.5262,73.6276,75.9195,78.2772,80.7023,83.1968,86.8089,91.1139,99.7224,34.9217,20.7254,13.9178,6.7775
16.313,2.1813138207164373e-06,0.969998170319159,4.836217010399855e-49,3,134.984,-0.199526,0.0300609,13202.6,0.0,10.4986,24.1680,35.6791,48.0235,57.6158,63.1390,66.3020,69.2005,71.3478,73.5616,75.8432,78.1944,81.6070,85.6855,93.8725,112.5620,20.2466,13.5735,6.5969
16.434,5.718183302178897e-07,0.9747208753601456,5.689760950565326e-50,3,140.222,-0.22243,0.0289361,13663.4,0.0,10.6863,23.9869,34.1341,45.1949,53.9359,59.0202,61.9467,64.6371,66.6358,68.7008,70.8335,73.0360,76.2400,80.0807,87.8232,105.6360,19.9447,13.2245,6.4150
16.554,1.498987443566385e-07,0.97773702290041,6.693946860730603e-51,3,145.461,-0.245437,0.0279509,14142.2,0.0,10.8761,23.3697,32.3480,42.2301,50.1454,54.7922,57.4804,59.9600,61.8068,63.7189,65.6982,67.7466,70.7343,74.3271,81.6046,98.4923,20.7251,12.8689,6.2310
16.671,3.929505644062663e-08,0.978527687881205,7.875361542180946e-52,3,150.692,-0.268545,0.0271675,14612.3,0.0,11.0576,22.4071,30.3438,39.1308,46.2467,50.4592,52.9080,55.1743,56.8667,58.6228,60.4447,62.3347,65.0987,68.4339,75.2244,91.1367,24.0576,12.9026,6.0446
16.772,1.2876204094464535e-08,0.9800432086242883,1.3236120143943518e-52,3,155.057,-0.287934,0.0268156,14981.0,0.0,11.0366,21.3851,28.5266,36.4576,42.9295,46.7854,49.0358,51.1239,52.6868,54.3114,56.0005,57.7559,60.3295,63.4439,69.8155,84.8812,118.7190,13.6018,5.9037
16.873,4.219274557674139e-09,0.9823769628988818,2.2245947125925874e-53,4,156.296,-0.304672,0.00886219,12062.9,0.0,10.8134,20.1936,26.5946,33.7171,39.5675,43.0742,45.1283,47.0390,48.4727,49.9657,51.5208,53.1405,55.5206,58.4108,64.3521,78.5421,110.6800,15.1791,5.9662
16.996,1.1060575096469294e-09,0.9826138871090394,2.617213433418053e-54,4,160.254,-0.290696,-0.0389097,12341.2,0.0,10.3038,18.5362,24.0890,30.2762,35.3928,38.4799,40.2960,41.9908,43.2657,44.5965,45.9860,47.4369,49.5766,52.1845,57.5809,70.6445,100.7620,19.0119,6.4002
17.105,3.624329247611058e-10,0.9832193228247651,4.3987506175457215e-55,4,163.757,-0.242528,-0.0771802,12615.6,0.0,9.6430,16.8562,21.6786,27.0549,31.5238,34.2351,35.8358,37.3340,38.4636,39.6455,40.8824,42.1768,44.0910,46.4333,51.3131,63.2868,91.5732,26.2696,7.1516
17.214,-0.10503947224191297,0.983417712000094,7.3929801629090945e-56,4,167.21,-0.165024,-0.0980027,12877.3,0.0,8.9189,15.4193,19.7847,24.6900,28.8078,31.3258,32.8194,34.2220,35.2828,36.3953,37.5628,38.7880,40.6057,42.8398,47.5260,59.1922,87.4242,37.4670,8.0951
17.327,-0.1947832910644675,0.9834827201650659,1.2425381759801317e-56,4,170.299,-0.079277,-0.0707696,13214.1,0.0,8.4608,15.2124,19.9739,25.5274,30.3315,33.3226,35.1137,36.8061,38.0922,39.4458,40.8719,42.3732,44.6107,47.3741,53.2082,67.8625,105.9670,29.8672,8.6194
17.435,-0.08431253829081096,0.9835040220405638,2.0883339123698075e-57,4,173.265,-0.00609334,-0.0394538,13467.0,0.0,8.1144,15.2846,20.6441,27.1756,33.0225,36.7345,38.9790,41.1114,42.7387,44.4582,46.2744,48.1929,51.0603,54.6131,62.1400,81.0943,130.2700,25.9737,8.9580
17.545,-0.033891866076739184,0.9835110022391269,3.509862806519935e-58,4,176.586,0.0525106,-0.0404633,13607.3,0.0,7.6479,14.5042,19.7264,26.2151,32.1342,35.9413,38.2595,40.4734,42.1692,43.9666,45.8715,47.8900,50.9176,54.6854,62.7181,83.7098,129.9400,27.4136,9.4912
17.655,-0.015292496109632146,0.9835132895105921,5.899026418918056e-59,4,179.974,0.108131,-0.0567101,13814.6,0.0,7.1072,13.2885,17.9755,23.8180,29.1935,32.6817,34.8190,36.8688,38.4455,40.1221,41.9054,43.8025,46.6610,50.2411,57.9453,78.5247,124.6290,31.4852,10.1813
17.763,-0.00547371784201051,0.9835140390037058,9.914493702275576e-60,4,183.336,0.174451,-0.0768254,14054.7,0.0,6.4761,11.8788,15.9301,20.9676,25.6225,28.6630,30.5352,32.3394,33.7316,35.2179,36.8051,38.4999,41.0680,44.3058,51.3588,70.4289,117.7630,38.1857,11.0556
17.876,-0.04196020986797625,0.9835142845976093,1.6663289565414563e-60,4,186.666,0.258466,-0.0958226,14299.9,0.0,5.7341,10.3358,13.7521,17.9896,21.9191,24.5021,26.1013,27.6476,28.8468,30.1312,31.5082,32.9853,35.2364,38.0975,44.4147,61.8066,110.4800,48.9803,12.1363
17.984,-0.14618002606650093,0.9835143650738196,2.8005990772592252e-61,4,189.776,0.351003,-0.0761617,14586.0,0.0,5.1052,9.4837,12.8814,17.2761,21.5199,24.3901,26.1951,27.9604,29.3406,30.8305,32.4388,34.1754,36.8436,40.2661,47.9109,72.2600,112.0390,43.6998,12.7071
18.096,-0.07015399745427102,0.9835143914442642,4.706966869149582e-62,4,192.701,0.428589,-0.0435517,14829.6,0.0,4.6282,9.0374,12.7097,17.7854,23.0024,26.6770,29.0377,31.3776,33.2249,35.2334,37.4158,39.7877,43.4505,48.2079,60.4993,95.1517,113.9190,37.2693,12.9163
18.203,-0.02298806188581553,0.9835144000853314,7.910999216979702e-63,4,195.888,0.488688,-0.0431054,14996.4,0.0,4.1463,8.1373,11.5099,16.2636,21.2711,24.8717,27.2150,29.5598,31.4251,33.4666,35.7008,38.1424,41.9752,47.3695,62.4501,92.5806,109.4220,38.5290,13.4474
18.316,-0.11032047282121903,0.9835144029168363,1.329601638397779e-63,5,196.158,0.542877,-0.0398319,13435.5,0.0,3.7201,7.3645,10.5020,15.0294,19.9372,23.5497,25.9357,28.3476,30.2827,32.4164,34.7698,37.4605,42.0190,48.8151,70.1181,89.8388,104.9960,38.9140,13.8786
18.427,-0.07590788941965705,0.9835144038446639,2.2346614736551477e-64,5,198.478,0.581279,-0.00405151,13617.3,0.0,3.5263,7.4178,11.0871,16.9002,23.7868,29.1398,32.9706,37.2626,41.0888,45.7925,51.7175,59.4085,70.1849,75.5263,82.3765,92.2840,64.0690,33.7069,13.6650
18.537,-0.024873497205033224,0.9835144041486945,3.7557955387722065e-65,5,201.015,0.599335,-0.000700299,13751.7,0.0,3.3864,7.1801,10.8148,16.6943,23.8714,30.1436,35.0666,40.9225,46.4688,53.7609,62.1239,66.1456,70.0849,73.6828,79.2141,87.9896,58.8136,33.0749,13.7642
18.645,-0.05605116479042653,0.9835144042483192,6.312365562014449e-66,5,203.582,0.611933,-0.00697738,13911.6,0.0,3.2607,6.8499,10.2537,15.7274,22.8236,29.5145,34.9973,41.7970,48.5392,56.0463,59.7484,62.4943,65.6711,68.7812,73.7709,81.9710,92.8399,33.2086,13.9571
18.757,-0.03157499458764696,0.45864862498408926,0.25105499267578124,5,204.264,0.621267,0.00284451,13646.3,0.0,3.2138,6.8787,10.4663,16.8170,26.6100,37.6002,48.0033,53.2486,55.7890,57.9655,59.9173,61.7125,64.0327,66.4790,70.6431,77.8777,52.6055,31.3509,13.8848
18.863,-0.010346494226480155,0.15028998143478636,0.7628328752105713,5,194.544,0.628296,-0.00499374,12618.4,0.0,3.1304,6.6454,10.1828,16.6884,27.2373,39.8900,46.1836,49.4545,51.4290,53.2243,54.8909,56.4587,58.5237,60.7379,64.5738,71.3858,81.0636,31.1128,13.9765
18.977,-0.016675525674226765,0.0492470211165508,0.8401456343554395,5,180.942,0.641042,-0.0127891,11605.8,0.0,3.0076,6.3790,9.7718,16.0067,26.1035,37.3105,41.3639,44.0811,45.8003,47.3970,48.9010,50.3312,52.2338,54.2940,57.9034,64.4162,73.8645,31.4126,14.1063
19.086,-0.21152439207748686,0.016137263879471366,0.5468548516257379,5,168.416,0.651389,-0.00257141,10908.2,0.0,2.9505,6.3771,9.9401,16.8112,28.9220,36.2042,38.8526,40.9319,42.3243,43.6567,44.9396,46.1803,47.8572,49.7008,52.9877,59.0566,68.0951,30.6631,14.0487
19.195,-0.1473105126496909,0.005287858628025177,0.09190989491273778,4,160.729,0.647327,0.0372607,11821.2,0.0,3.1106,7.2937,12.3507,24.9467,34.6205,38.2733,40.0956,41.6359,42.7097,43.7638,44.7999,45.8195,47.2213,48.7900,51.6456,57.0699,65.4022,27.4429,13.4851
19.306,-0.0482707087850507,0.0017327255152312902,0.015447296037983841,4,158.188,0.611357,0.0888058,11670.6,0.0,3.6344,9.6988,19.3771,31.1582,37.0327,39.8245,41.2821,42.5411,43.4316,44.3149,45.1913,46.0611,47.2679,48.6317,51.1468,56.0183,63.6815,23.8059,12.6046
19.416,-0.025671170737497914,0.0005677794968309892,0.002596227045103944,4,156.43,0.545498,0.107287,11550.6,0.0,4.3471,12.2591,22.0552,30.0025,34.7859,37.1651,38.4289,39.5311,40.3162,41.0995,41.8807,42.6597,43.7466,44.9830,47.2836,51.8078,59.0802,22.7943,11.9074
19.525,-0.16585035515863833,0.00018604998552157855,0.0004363478794706198,3,154.91,0.458186,0.141493,13996.8,0.0,5.4152,15.7784,23.2212,29.5436,33.5749,35.6317,36.7366,37.7069,38.4016,39.0974,39.7942,40.4918,41.4692,42.5870,44.6825,48.8574,55.6983,21.4469,10.9397
19.636,-0.22116843118544507,6.096485925571086e-05,7.333698810262707e-05,3,152.577,0.336583,0.221134,13758.6,0.0,7.4358,19.2988,25.9811,31.6074,35.2247,37.0823,38.0836,38.9650,39.5972,40.2314,40.8674,41.5050,42.4001,43.4259,45.3550,49.2202,55.6119,17.3818,9.4907
19.747,-0.14500088334625288,1.9976965080911338e-05,1.2325747590408532e-05,3,149.842,0.170394,0.312539,13490.0,0.0,9.6964,22.0743,28.3805,33.6154,36.9771,38.7055,39.6380,40.4593,41.0488,41.6404,42.2339,42.8292,43.6655,44.6246,46.4306,50.0591,56.0883,13.8928,7.9792
19.858,-0.1320874570912634,6.546051917713028e-06,2.0715883975199625e-06,3,147.222,-0.0230026,0.310652,13247.9,0.0,11.2356,23.2061,29.0272,33.8601,36.9782,38.5869,39.4565,40.2236,40.7746,41.3282,41.8841,42.4423,43.2273,44.1289,45.8304,49.2639,55.0116,11.7392,6.7301
19.963,-0.24629789481260267,2.145010292396205e-06,0.4832717974516471,3,142.402,-0.192305,0.276074,12288.8,0.0,12.3010,23.6337,29.0035,33.4757,36.3766,37.8792,38.6933,39.4123,39.9295,40.4496,40.9724,41.4979,42.2378,43.0889,44.6990,47.9629,16.6559,10.0583,5.6646
20.073,-0.30752944360261947,7.028769726123885e-07,0.1402185907901788,3,134.145,-0.325703,0.247257,11880.7,0.0,13.0626,23.8994,28.9456,33.1542,35.8942,37.3173,38.0895,38.7723,39.2638,39.7585,40.2561,40.7566,41.4620,42.2743,43.8138,46.9454,13.7961,8.6481,4.8034
20.188,-0.18846205665826885,2.3031872638562744e-07,0.023566538554105357,3,130.099,-0.434713,0.240852,11673.0,0.0,13.8920,24.7333,29.6751,33.7761,36.4416,37.8253,38.5761,39.2399,39.7178,40.1987,40.6826,41.1692,41.8551,42.6451,44.1425,47.1904,10.4696,7.1216,4.0313
20.293,-0.14143551776871902,7.547084026204239e-08,0.003960828134788487,3,127.507,-0.52898,0.220528,11469.7,0.0,14.3852,24.8994,29.6448,33.5854,36.1515,37.4857,38.2102,38.8511,39.3128,39.7776,40.2454,40.7161,41.3799,42.1450,43.5967,46.5577,8.7600,6.0412,3.3964
20.407,-0.21302495970939916,0.09595338410528492,0.0006656963846139011,3,125.471,-0.610712,0.191085,11428.3,0.0,14.6427,24.6485,29.1497,32.9014,35.3539,36.6323,37.3275,37.9431,38.3869,38.8340,39.2842,39.7376,40.3774,41.1156,42.5185,45.3890,7.6302,5.2040,2.8589
20.517,-0.2890938752728884,0.22678509474736974,0.00011188359136205837,3,124.345,-0.681343,0.155615,11482.5,0.0,14.7374,24.1449,28.3789,31.9261,34.2564,35.4750,36.1388,36.7273,37.1519,37.5800,38.0115,38.4464,39.0606,39.7702,41.1213,43.8960,6.8218,4.5219,2.3975
20.626,-0.16230748004438098,0.32167293008119313,1.880427520022115e-05,3,124.239,-0.739225,0.109981,11530.3,0.0,14.6273,23.2922,27.2100,30.5166,32.7031,33.8514,34.4782,35.0348,35.4369,35.8427,36.2522,36.6652,37.2495,37.9254,39.2156,41.8860,6.5805,4.0657,2.0312
20.736,-0.11335942717351112,0.42420675643213035,3.160434532901169e-06,3,125.054,-0.776847,0.0545871,11656.3,0.0,14.2961,22.1070,25.6686,28.7023,30.7246,31.7920,32.3763,32.8961,33.2722,33.6522,34.0362,34.4240,34.9733,35.6102,36.8294,39.4479,8.3067,4.0275,1.8235
20.847,-0.20460880906831025,0.5148334410414305,5.311742319446996e-07,3,126.451,-0.785578,0.00483751,11876.8,0.0,13.8680,20.9571,24.2198,27.0226,28.9044,29.9022,30.4499,30.9378,31.2914,31.6490,32.0108,32.3766,32.8956,33.4983,34.6779,37.3841,43.2707,4.6384,1.8408
20.957,-0.2701078320761951,0.5689399735229559,8.927445316294567e-08,3,128.082,-0.766226,-0.0260127,12130.8,0.0,13.4525,20.0963,23.1812,25.8480,27.6480,28.6055,29.1320,29.6016,29.9425,30.2923,30.6526,31.0241,31.5636,32.2096,33.5133,36.5456,43.3399,6.0939,2.0793
21.065,-0.31065177597910765,0.5921509302115022,1.5004357343096278e-08,3,129.729,-0.722748,-0.0485401,12364.3,0.0,12.9572,19.2505,22.2035,24.7730,26.5260,27.5100,28.0733,28.5902,28.9738,29.3702,29.7799,30.2035,30.8211,31.5646,33.0781,36.6685,45.0943,67.7172,2.5425
21.175,-0.31423358085441366,0.601226415249205,2.5217823386541917e-09,3,131.341,-0.657661,-0.0712891,12556.3,0.0,12.3225,18.2376,21.0502,23.5852,25.5081,26.6210,27.2631,27.8555,28.2972,28.7554,29.2309,29.7248,30.4488,31.3267,33.1351,37.5455,48.6182,84.5761,3.2527
21.285,-0.3052312666223113,0.6050209635457344,4.238359576576101e-10,3,132.959,-0.57189,-0.0981777,12713.6,0.0,11.5294,16.9883,19.7033,22.4491,24.5975,25.8620,26.5987,27.2832,27.7967,28.3321,28.8907,29.4741,30.3356,31.3899,33.5967,39.1849,54.6573,125.6210,4.2647
21.394,-0.29118464215401113,0.6178685134752913,7.123410940351453e-11,3,134.634,-0.465377,-0.128559,12870.6,0.0,10.5916,15.5890,18.4383,21.4361,23.8520,25.3045,26.1615,26.9649,27.5723,28.2099,28.8798,29.5847,30.6354,31.9376,34.7229,42.1610,66.1677,200.0000,5.6680
21.504,-0.274683668133833,0.6585533244174584,1.197231676744869e-11,3,136.49,-0.337542,-0.159593,13086.5,0.0,9.5310,14.3465,17.3864,20.7146,23.5020,25.2258,26.2604,27.2425,27.9929,28.7880,29.6319,30.5291,31.8849,33.5961,37.3766,48.3548,95.7936,104.8850,7.5881
21.614,-0.2566785730333502,0.7173573588138628,2.0121872791051017e-12,3,138.684,-0.1873,-0.188638,13382.0,0.0,8.4168,13.3736,16.7026,20.5483,23.9468,26.1356,27.4833,28.7866,29.7988,30.8872,32.0606,33.3293,35.2889,37.8383,43.7928,64.0887,200.0000,49.7026,9.2228
21.724,-0.23962387870160531,0.7652436163673765,3.3818831599919455e-13,3,141.203,-0.021598,-0.169909,13717.1,0.0,7.5072,12.7498,16.5523,21.2872,25.8161,28.9237,30.9174,32.9074,34.4966,36.2499,38.1941,40.3619,43.8520,48.6706,61.3396,128.4550,148.5420,36.4622,10.1677
21.836,-0.1753332256271061,0.816637405164387,5.683931026998464e-14,3,144.013,0.111999,-0.105567,14098.2,0.0,6.8512,12.5843,17.1970,23.5986,30.5361,35.8434,39.5178,43.4196,46.7186,50.5644,55.1048,60.5460,70.2689,86.0831,149.0530,200.0000,64.3479,29.7690,10.6130
21.945,-0.057250788143072155,0.8855040574242664,9.552982877076318e-15,3,147.463,0.205944,-0.0534822,14495.6,0.0,6.4046,12.6830,18.3312,27.2632,38.7397,49.1357,57.3623,67.2208,76.6356,89.1252,106.4880,132.2650,185.2020,198.7240,200.0000,105.4190,46.5837,26.3538,10.8270
22.055,-0.024882151871959385,0.9408242293024086,1.605569832150217e-15,3,151.707,0.264783,-0.025105,14818.2,0.0,6.0876,12.6326,18.9815,30.0608,46.5446,64.2259,80.5743,103.6840,130.4150,174.8770,187.7230,194.5780,200.0000,200.0000,169.7950,78.3020,41.4022,25.1506,11.0119
22.166,-0.017397567703934903,0.9686583127546883,2.69848121689487e-16,4,154.699,0.296416,-0.0128322,12150.4,0.0,5.8949,12.5017,19.1498,31.3644,51.1380,74.8025,99.3530,139.4120,176.5580,185.5270,191.6360,196.5940,200.0000,200.0000,136.5840,71.2818,39.8196,24.8190,11.1444
22.276,-0.01645253641046289,0.9814246707672063,4.535337381235209e-17,4,156.99,0.310413,-0.00577247,12112.2,0.0,5.8179,12.4993,19.3746,32.4266,54.7917,83.7800,116.7620,169.3540,179.3230,185.6400,190.6900,195.0170,200.0000,200.0000,122.8570,67.6995,38.8727,24.5622,11.1840
22.383,-0.01876984419066673,0.9882898865076232,7.622541536642017e-18,4,160.531,0.315409,0.00154185,12380.4,0.0,5.8179,12.6733,19.9006,34.1331,60.2118,97.6152,146.0460,173.4800,179.8920,184.9710,189.3070,193.1460,197.9200,200.0000,110.7020,63.9585,37.6873,24.1341,11.1444
22.494,-0.02116666927240392,0.9914068554014429,1.281120556063424e-18,4,164.061,0.313536,0.0106671,12640.6,0.0,5.8880,13.0563,20.8582,37.0144,69.6781,124.9620,166.2460,175.3430,180.2260,184.4300,188.1690,191.5610,195.8580,145.2130,98.0331,59.5034,36.0971,23.4815,11.0287
22.604,-0.02229931777084382,0.9924282237685698,2.1531793185757972e-19,4,167.567,0.303523,0.0208423,12899.5,0.0,6.0369,13.6657,22.2895,41.3105,85.3677,158.3420,169.3780,176.0150,180.0080,183.5900,186.8570,189.8720,193.7450,121.3880,86.3915,54.8743,34.2654,22.6567,10.8373
22.716,0.039801502670818646,0.9927629057551098,3.618848480730342e-20,4,171.059,0.285836,0.0242338,13155.6,0.0,6.2122,14.1624,23.2691,43.8214,94.0440,157.6220,166.6520,172.6350,176.3280,179.6790,182.7630,185.6250,143.1930,113.7660,82.1547,52.8845,33.3186,22.1452,10.6556
22.828,0.022229086526373853,0.9928725743484593,6.0821986415634864e-21,4,174.51,0.271053,0.00585949,13415.9,0.0,6.2219,13.6668,21.6330,37.6874,68.4349,115.8140,149.7220,158.3720,163.0490,167.0920,170.7020,173.9870,178.1670,182.4730,100.8770,59.7285,35.6971,23.0331,10.7226
22.935,0.007284027072962183,0.992908510553128,1.0222351256875755e-21,4,177.949,0.26543,-0.00139976,13664.6,0.0,6.2243,13.4828,21.0598,35.7575,61.9430,97.9039,137.5540,148.9240,154.1430,158.5020,162.3250,165.7700,170.1190,174.5740,111.0680,63.0195,36.7604,23.4162,10.7526
23.045,0.002386829991268248,0.9935226298786739,1.7180705757431081e-22,4,181.369,0.265637,-0.00344026,13915.7,0.0,6.2100,13.4000,20.8551,35.1698,60.2037,93.6367,130.8580,142.5610,147.7680,152.1020,155.8990,159.3200,163.6400,168.0710,114.4950,64.1077,37.1253,23.5604,10.7764
23.154,0.0007821164515387795,0.9931215207492687,2.8875612166514424e-23,4,184.757,0.268316,-0.00403941,14164.4,0.0,6.1836,13.3282,20.7216,34.8760,59.4982,92.1234,126.3990,137.0550,142.0530,146.2490,149.9450,153.2840,157.5160,161.8690,115.7810,64.5678,37.3109,23.6519,10.8058
23.266,0.00025628391884022726,0.9935924290597453,4.85312413682608e-24,4,188.12,0.271997,-0.00424457,14412.7,0.0,6.1513,13.2533,20.5979,34.6445,59.0352,91.2675,122.1680,131.6970,136.4380,140.4660,144.0370,147.2780,151.4020,155.6600,116.4870,64.8673,37.4561,23.7348,10.8394
23.374,8.397911452556566e-05,0.9940117675449223,8.156645736763593e-25,4,191.458,0.275999,-0.00420928,14658.4,0.0,6.1177,13.1818,20.4880,34.4636,58.7386,90.8327,117.8730,126.3770,130.8400,134.6820,138.1150,141.2470,145.2490,149.4010,156.2780,65.0520,37.5676,23.8070,10.8731
23.483,2.7518276247737355e-05,0.99545776817662,1.3708874489778572e-25,4,194.767,0.280112,-0.00420153,14902.6,0.0,6.0830,13.1072,20.3723,34.2699,58.4111,90.3313,113.2760,120.9320,125.1260,128.7840,132.0760,135.0960,138.9740,143.0140,149.7420,65.2574,37.6873,23.8832,10.9080
23.593,9.017188760858576e-06,0.9937556268667398,2.3040505354970847e-26,5,196.583,0.284311,-0.00420153,13474.0,0.0,6.0475,13.0308,20.2535,34.0700,58.0703,89.8044,108.4620,115.3850,119.3170,122.7890,125.9390,128.8430,132.5910,136.5140,143.0840,65.4715,37.8109,23.9616,10.9438
23.704,0.043061066841163155,0.9941390313116932,3.8724177350099505e-27,5,198.108,0.289015,-0.00783026,13548.5,0.0,5.9862,12.8120,19.7895,32.9064,54.9975,82.9285,101.1740,108.1000,111.9990,115.4340,118.5480,121.4200,125.1280,129.0150,135.5400,67.7871,38.6229,24.3092,11.0243
23.815,0.01411025038251234,0.9933235031708405,6.508372487231224e-28,5,200.747,0.301187,-0.0213046,13729.0,0.0,5.8072,12.1309,18.3334,29.3237,46.0798,64.6130,82.2889,95.3230,100.1430,104.0850,107.5300,110.6410,114.5950,118.6910,125.5040,77.5305,41.7433,25.5676,11.2839
23.924,0.004623646845341643,0.993056270909646,1.0938621639289518e-28,5,203.374,0.322334,-0.0254974,13899.6,0.0,5.6090,11.6315,17.4670,27.6346,42.7251,58.8630,73.7394,87.3215,92.2665,96.2274,99.6624,102.7540,106.6770,110.7390,117.5030,82.5304,43.3774,26.3276,11.5178
24.036,0.0015150765982815497,0.9937216339297977,1.8384541389153896e-29,5,205.974,0.348214,-0.0266629,14075.8,0.0,5.3888,11.1524,16.7185,26.3726,40.5985,55.6778,69.4575,81.2091,85.7886,89.5307,92.8073,95.7741,99.5568,103.4930,110.0860,121.2310,44.5052,26.9423,11.7576
24.146,-0.0140415487859376,0.993572230396741,3.0898898712750955e-30,5,208.548,0.3743,-0.0206714,14252.2,0.0,5.2028,10.8804,16.4596,26.3713,41.5466,58.4218,72.0915,78.6307,82.2235,85.3827,88.2513,90.9073,94.3542,97.9940,104.1820,114.8300,43.9427,26.9510,11.9100
24.253,-0.013136672201838534,0.843843863690779,5.193177906652055e-31,5,210.892,0.395113,-0.0137427,14332.6,0.0,5.0635,10.7208,16.3975,26.7851,43.4864,62.9400,70.6926,75.4735,78.4273,81.1338,83.6567,86.0334,89.1655,92.5185,98.3015,108.4330,43.0480,26.7824,12.0040
24.367,-0.028985393740617198,0.5842466732698195,8.728174107710109e-32,5,211.858,0.409006,-0.00648844,14290.9,0.0,4.9825,10.6904,16.5503,27.6366,46.5181,62.7677,67.9443,71.7839,74.2850,76.6387,78.8721,81.0064,83.8535,86.9394,92.3326,101.9500,41.9429,26.4663,12.0341
24.476,-0.03389961655228545,0.2222859498970544,1.4669442222828382e-32,5,211.293,0.4091,0.0181038,14115.0,0.0,5.1072,11.4962,18.6433,34.1293,57.7605,65.5227,69.0811,71.9887,73.9712,75.8874,77.7437,79.5473,81.9920,84.6835,89.4735,98.2174,37.4786,24.6755,11.7459
24.586,-0.011108226351852895,0.07283866006226677,0.6747754682922363,5,203.632,0.390343,0.0302575,13238.2,0.0,5.3370,12.3240,20.5243,39.8528,56.9035,62.9728,65.9560,68.4569,70.1889,71.8801,73.5345,75.1540,77.3669,79.8251,84.2479,92.4544,35.1380,23.5636,11.4561
24.696,-0.0036399436109751564,0.023867772129203577,0.8406468866131027,5,190.118,0.363428,0.0316403,12170.8,0.0,5.5808,12.9256,21.5953,40.6925,52.8393,58.0523,60.6934,62.9391,64.5087,66.0519,67.5708,69.0656,71.1204,73.4183,77.5891,85.4389,34.2640,23.0233,11.2197
24.806,-0.0011927367224443392,0.007820991571297429,0.8717873166971755,5,176.278,0.335864,0.0305264,11159.2,0.0,5.8156,13.4369,22.3916,38.7655,48.4880,53.0307,55.3852,57.4107,58.8378,60.2494,61.6463,63.0283,64.9387,67.0887,71.0250,78.5396,33.9713,22.6242,11.0044
24.914,-0.00039083596921056106,0.002562782518082741,0.8658847881222259,5,162.928,0.309924,0.030581,10215.1,0.0,6.0431,13.9642,23.2732,36.5386,44.5989,48.5719,50.6699,52.4929,53.7868,55.0738,56.3541,57.6270,59.3960,61.3993,65.0988,72.2628,36.2024,22.1817,10.7902
25.026,-0.00012806913039091667,0.0008397725755253527,0.839847838187847,4,150.064,0.285782,0.0309505,10431.8,0.0,6.2570,14.4699,23.7801,34.1537,40.9892,44.4834,46.3568,47.9987,49.1716,50.3442,51.5162,52.6868,54.3220,56.1848,59.6542,66.4676,77.3101,21.7522,10.5877
25.137,-4.196569264649558e-05,0.00027517667754814755,0.617250549620042,4,137.8,0.263402,0.0311697,9645.47,0.0,6.4545,14.9339,23.2157,31.7164,37.5982,40.6860,42.3624,43.8425,44.9060,45.9742,47.0465,48.1220,49.6317,51.3614,54.6095,61.0775,71.5797,21.7797,10.4012
25.245,-0.08544143132896992,9.016989369897699e-05,0.10374129987464048,4,128.985,0.242401,0.0320923,9504.42,0.0,6.6451,15.2397,22.2143,29.3855,34.4995,37.2392,38.7422,40.0777,41.0421,42.0147,42.9951,43.9823,45.3742,46.9776,50.0124,56.1390,66.2886,22.7985,10.2195
25.354,-0.10882757228609871,2.9546870767280778e-05,0.017435800269930826,3,123.727,0.219881,0.0454041,11204.4,0.0,6.9418,15.5228,21.7467,28.1061,32.6965,35.1830,36.5545,37.7782,38.6652,39.5622,40.4684,41.3831,42.6771,44.1738,47.0220,52.8313,62.6053,23.9455,9.9114
25.464,-0.03566061888670883,9.681918613022564e-06,0.002930434951367274,3,122.245,0.18445,0.0766623,11081.3,0.0,7.4951,16.1835,22.1364,28.1230,32.4337,34.7718,36.0640,37.2181,38.0551,38.9023,39.7591,40.6251,41.8516,43.2717,45.9812,51.5330,60.9450,23.4842,9.3981
25.573,-0.11920529663855182,3.172571091115233e-06,0.0004925182022762978,3,120.89,0.134279,0.103085,10957.4,0.0,7.9224,16.3799,21.9626,27.5308,31.5469,33.7333,34.9440,36.0274,36.8147,37.6124,38.4198,39.2368,40.3958,41.7409,44.3144,49.6182,58.6980,24.6238,9.0221
25.685,-0.18971732941941521,1.0395880951366394e-06,8.277753425657737e-05,3,119.411,0.0721219,0.121741,10816.9,0.0,8.5850,17.7263,23.5804,29.2807,33.3245,35.5071,36.7108,37.7857,38.5650,39.3534,40.1504,40.9558,42.0965,43.4181,45.9396,51.1145,59.9369,20.3478,8.4089
25.793,-0.20090045027236103,3.4065222701437404e-07,1.3912420182502963e-05,3,117.782,0.00397873,0.152504,10659.1,0.0,9.4911,19.8843,26.3029,32.3439,36.5240,38.7497,39.9699,41.0545,41.8383,42.6293,43.4272,44.2317,45.3681,46.6795,49.1706,54.2508,62.7788,16.2365,7.6545
25.903,-0.20552628473371992,1.1162492174807009e-07,2.338260460073273e-06,3,116.063,-0.0753263,0.185171,10496.2,0.0,10.5748,22.3823,29.3443,35.6650,39.9331,42.1779,43.4004,44.4833,45.2640,46.0502,46.8418,47.6384,48.7616,50.0558,52.5026,57.4343,65.5325,13.2333,6.8569
26.016,-0.16775554420985977,3.6577254358407604e-08,3.9299143552451493e-07,3,114.322,-0.16796,0.216652,10337.5,0.0,11.8338,25.0896,32.4926,38.9835,43.2733,45.5085,46.7218,47.7930,48.5629,49.3364,50.1134,50.8933,51.9884,53.2435,55.6028,60.2983,16.0342,10.8102,6.0177
26.123,-0.07314216449243685,0.041245500266884706,6.605007056860523e-08,3,112.873,-0.273279,0.232902,10253.9,0.0,13.0376,27.1605,34.6693,41.1046,45.3141,47.4901,48.6645,49.6982,50.4398,51.1838,51.9292,52.6755,53.7214,54.9176,57.1562,61.5795,12.4721,8.9674,5.1879
26.234,-0.023967224460881703,0.12321868685557777,1.1101035360465483e-08,3,112.118,-0.384923,0.211462,10251.9,0.0,13.7022,27.2450,34.2761,40.3140,44.2726,46.3208,47.4280,48.4037,49.1035,49.8054,50.5092,51.2147,52.2048,53.3370,55.4586,20.9254,10.9333,7.8105,4.4479
26.346,-0.007853580111341716,0.3002183579025857,1.865751013033434e-09,3,112.3,-0.487902,0.167887,10377.1,0.0,13.9335,26.2073,32.5194,38.0023,41.6350,43.5279,44.5553,45.4626,46.1148,46.7702,47.4288,48.0901,49.0200,50.0862,52.0930,56.1035,10.3181,7.0410,3.8152
26.454,-0.0025734611308844534,0.4822959050331443,3.135767727605294e-10,3,113.65,-0.568886,0.118235,10620.9,0.0,13.9119,24.8679,30.4720,35.3970,38.6972,40.4306,41.3756,42.2123,42.8153,43.4226,44.0340,44.6493,45.5165,46.5141,48.4008,52.2081,10.5194,6.5943,3.3353
26.564,-0.053778984329403375,0.6273277495050107,5.270284819786217e-11,3,115.971,-0.622573,0.0676992,10954.1,0.0,13.6975,23.4276,28.3914,32.7964,35.7786,37.3572,38.2210,38.9881,39.5423,40.1016,40.6658,41.2348,42.0387,42.9663,44.7293,48.3220,13.0052,6.5942,3.0490
26.675,-0.2500837630419112,0.703589604614052,8.857767696614695e-12,3,118.732,-0.655738,0.0568655,11378.2,0.0,13.8136,23.2882,28.0843,32.3177,35.1750,36.6844,37.5100,38.2437,38.7733,39.3076,39.8462,40.3891,41.1561,42.0420,43.7244,47.1987,12.5055,6.1625,2.8068
26.785,-0.11834243660719845,0.7311872377336824,1.4887250167700317e-12,3,121.572,-0.683358,0.070763,11773.7,0.0,14.1760,23.9461,28.8145,33.0495,35.8756,37.3587,38.1674,38.8841,39.4005,39.9206,40.4443,40.9714,41.7149,42.5762,44.3049,48.3273,9.3528,5.3770,2.5460
26.894,-0.05008513023999562,0.741502881326198,2.502100135685392e-13,3,124.779,-0.705,0.0493444,11980.0,0.0,14.0754,23.3342,27.9070,31.8785,34.5299,35.9232,36.6826,37.3560,37.8420,38.3319,38.8302,39.3445,40.0930,40.9918,42.8138,47.0957,10.2490,5.3223,2.4183
27.006,-0.19378550645144568,0.7460215411060936,4.2052796980464386e-14,3,127.959,-0.713778,0.0178741,12265.7,0.0,13.7788,22.3213,26.5152,30.1650,32.6114,33.9005,34.6054,35.2434,35.7169,36.2063,36.7120,37.2349,37.9975,38.9155,40.7842,45.2184,55.6292,5.7640,2.4203
27.115,-0.26203602451662533,0.7476226842927698,7.067813588506649e-15,3,130.736,-0.710871,0.0191449,12664.4,0.0,13.7609,22.2034,26.2930,29.8248,32.2480,33.6414,34.4449,35.1859,35.7383,36.3111,36.9055,37.5226,38.4270,39.5229,41.7787,47.2701,60.9918,5.8198,2.4429
27.226,-0.11578019517433591,0.7480268781421797,1.1878874298203126e-15,3,133.48,-0.69997,0.0217752,12971.3,0.0,13.6878,21.9853,25.9521,29.5713,32.3949,34.0564,35.0243,35.9234,36.5979,37.3010,38.0347,38.8008,39.9319,41.3160,44.2123,51.5420,71.8027,6.0380,2.5297
27.335,-0.07506699374045958,0.7610660450858794,1.9964824032989993e-16,3,136.555,-0.678842,-0.006405,13157.4,0.0,13.2068,20.7640,24.4611,28.2346,31.2430,33.0377,34.0917,35.0766,35.8189,36.5963,37.4110,38.2658,39.5355,41.1017,44.4245,53.1194,79.5235,7.5875,2.7953
27.443,-0.2180014885425613,0.7984254614974909,3.355487975224628e-17,3,139.718,-0.64057,-0.0424086,13469.8,0.0,12.5621,19.3138,23.0118,26.9479,30.1555,32.0996,33.2523,34.3367,35.1590,36.0243,36.9363,37.8985,39.3383,41.1317,45.0017,55.5691,92.1758,200.0000,3.2727
27.554,-0.1209597029797765,0.8482280454578728,5.639568639960033e-18,3,142.885,-0.581285,-0.0608272,13949.7,0.0,11.9493,18.5591,22.7155,27.3449,31.2884,33.7581,35.2521,36.6784,37.7734,38.9390,40.1819,41.5100,43.5299,46.1020,51.8764,69.3975,150.9510,25.1420,3.9281
27.666,-0.03963607547241317,0.9026561393731357,9.478423013180828e-19,3,146.684,-0.494353,-0.104206,14330.6,0.0,10.9840,17.5437,21.9740,27.1195,31.6916,34.6490,36.4746,38.2439,39.6204,41.1029,42.7040,44.4384,47.1239,50.6299,58.8728,87.5510,182.8660,26.0742,5.1033
27.777,-0.04151375399205035,0.946980709452914,1.5930385558253017e-19,3,151.078,-0.366632,-0.18068,14646.3,0.0,9.8027,15.9726,20.2330,25.2878,29.8796,32.9016,34.7880,36.6316,38.0764,39.6430,41.3473,43.2083,46.1201,49.9785,59.3129,94.9710,189.3850,30.8762,6.9375
27.884,-0.10745307920374006,0.9728516349672808,2.677419900775585e-20,4,154.988,-0.205477,-0.173388,12195.3,0.0,8.8368,14.9499,19.3628,24.8316,30.0354,33.5909,35.8655,38.1308,39.9363,41.9246,44.1247,46.5723,50.5005,55.8991,69.9570,133.5120,200.0000,30.2551,8.2977
27.994,-0.03521022499348154,0.9854806741367035,4.4999396272335266e-21,4,156.176,-0.0690757,-0.140013,12118.2,0.0,8.0294,14.1183,18.7347,24.7478,30.7958,35.1254,37.9845,40.9043,43.2848,45.9633,48.9992,52.4687,58.2504,66.6572,91.4494,157.7360,80.5172,29.3313,9.2859
28.104,-0.031321864838364036,0.9927827682386149,7.563048531491391e-22,4,159.753,0.0476298,-0.128412,12325.1,0.0,7.2164,12.8707,17.2395,23.0440,29.0166,33.3779,36.2981,39.3140,41.7984,44.6217,47.8580,51.6046,57.9649,67.4826,97.5705,159.2040,77.6606,31.1477,10.2922
28.215,-0.09706935178698511,0.9960428934339293,1.2711215666877583e-22,4,163.115,0.147835,-0.0904901,12630.8,0.0,6.6566,12.4805,17.3056,24.2248,32.0327,38.2361,42.6538,47.4594,51.6182,56.5805,62.6036,70.0679,84.1201,108.5330,138.9130,179.4940,58.0354,28.8410,10.7557
28.325,-0.03180768519355928,0.9971111712579298,2.136374017132116e-23,4,166.543,0.222681,-0.0585924,12860.4,0.0,6.2410,12.2613,17.6107,25.9420,36.4217,45.7033,52.9098,61.3896,69.3331,79.6449,93.5682,109.1620,123.5450,136.6630,157.5330,193.1270,48.8175,27.2069,11.0402
28.433,-0.010422742284225506,0.9980635682852984,3.5906038105939476e-24,4,170.049,0.27747,-0.0492839,13088.9,0.0,5.8498,11.6615,16.9444,25.4087,36.4866,46.7236,54.9644,65.0072,74.7729,87.9991,103.2670,113.8150,125.7780,137.6280,157.2580,191.7650,48.0638,27.5126,11.4160
28.545,-0.003415324191695014,0.9977733059932266,6.034727824465249e-25,4,173.537,0.322939,-0.0467355,13337.9,0.0,5.4944,10.9976,16.0326,24.1654,34.9346,45.0145,53.2199,63.3313,73.2834,86.9542,100.5050,110.1770,121.5210,132.9390,152.0540,185.9410,49.0016,28.2438,11.7892
28.655,-0.10092404820182213,0.9992216987047354,1.0142567054578746e-25,4,176.969,0.364294,-0.0373955,13601.4,0.0,5.2032,10.5748,15.6106,24.0052,35.6459,47.1242,56.9155,69.5758,82.7279,95.3195,104.5720,112.5670,122.6320,133.1620,151.2640,184.3240,47.8150,28.2277,12.0348
28.763,-0.052952260306773066,0.9995263671875,1.7046612448630502e-26,4,180.241,0.387557,0.00497901,13881.7,0.0,5.2228,11.4527,18.0983,31.4272,56.7176,89.2627,102.8270,112.8860,119.5270,125.8560,131.9470,137.8490,145.8550,154.7100,170.6660,65.6522,39.1266,25.2075,11.7156
28.873,-0.0173513966573234,1.0,2.8650241542413286e-27,4,183.625,0.385751,0.021978,14096.8,0.0,5.3305,12.0951,19.7756,36.8448,76.5258,100.9110,111.3560,119.8910,125.7460,131.4430,137.0090,142.4640,149.9420,158.2950,173.9280,57.8794,36.2513,24.0117,11.5084
28.985,-0.005685705656671732,1.0,4.815246096033401e-28,4,187.011,0.368273,0.0264434,14336.3,0.0,5.5079,12.6154,20.8289,39.6550,80.0990,100.1340,109.6150,117.5390,123.0390,128.4290,133.7280,138.9450,146.1310,154.1980,169.5380,55.4443,35.1287,23.4257,11.3150
29.095,-0.001863092029578193,1.0,8.092984113603338e-29,4,190.369,0.344143,0.02783,14583.2,0.0,5.7267,13.1552,21.7877,41.7729,79.2915,96.9277,105.6810,113.1080,118.3090,123.4360,128.5000,133.5070,140.4310,148.2380,163.1000,53.9668,34.3113,22.9277,11.1008
29.207,-0.0006104979962521823,1.0,1.360187839973313e-29,4,193.699,0.317413,0.0282056,14827.8,0.0,5.9625,13.7078,22.7222,43.6486,77.1514,92.9191,101.0170,107.9780,112.8920,117.7630,122.5950,127.3930,134.0550,141.6000,155.9170,52.7625,33.5769,22.4493,10.8762
29.314,-0.00020004798341191507,1.0,2.286067702643147e-30,5,196.475,0.289523,0.0282204,13468.7,0.0,6.2062,14.2685,23.6525,45.4392,74.3967,88.5687,96.0481,102.5560,107.1840,111.7970,116.3950,120.9790,127.3710,134.6430,148.4010,51.6762,32.8640,21.9732,10.6458
29.426,-6.555172320441634e-05,1.0,3.8421939878323373e-31,5,197.187,0.261368,0.0281674,13496.4,0.0,6.4518,14.8315,24.5827,46.9902,71.3307,84.1064,91.0036,97.0695,101.4160,105.7710,110.1320,114.4970,120.6140,127.6050,140.8140,51.2106,32.1535,21.4964,10.4139
29.533,-2.147998865962315e-05,1.0,6.45757543534981e-32,5,199.873,0.232891,0.0281683,13673.2,0.0,6.7005,15.4033,25.5306,47.1863,68.0429,79.5679,85.9091,91.5439,95.6088,99.7041,103.8250,107.9670,113.7980,120.4970,133.1690,51.9750,31.4275,21.0111,10.1788
29.645,-0.03388034369299648,1.0,1.0853247034192428e-32,5,202.522,0.202862,0.0347038,13851.1,0.0,7.0114,16.3479,27.5116,48.4745,67.0953,77.6532,83.5359,88.8020,92.6223,96.4865,100.3900,104.3280,109.8930,116.3170,128.6130,50.6670,29.8569,20.1496,9.8701
29.754,-0.03363860729652733,1.0,1.8241052290367214e-33,5,205.123,0.162599,0.0518087,14023.9,0.0,7.5043,18.1933,31.5533,52.0363,69.6082,79.6092,85.2052,90.2306,93.8846,97.5884,101.3370,105.1270,110.4930,116.7030,129.3860,44.2184,27.0162,18.6466,9.3912
29.866,-0.03698246585653232,1.0,3.0657736584420177e-34,5,207.687,0.105874,0.0690247,14192.6,0.0,8.1698,20.6560,34.9366,54.7994,71.5324,81.0734,86.4279,91.2462,94.7573,98.3203,101.9330,105.5910,110.7800,116.9700,130.6900,38.8327,24.2934,17.0132,8.7978
29.974,-0.04171396557347476,1.0,5.1526457877435e-35,5,210.21,0.0299997,0.0882248,14360.1,0.0,9.0647,23.3225,38.0436,57.5245,73.6593,82.8511,88.0164,92.6705,96.0647,99.5138,103.0140,106.5650,111.8800,118.6650,133.9670,33.5550,21.5275,15.1725,8.0609
30.085,-0.04736985893032245,1.0,8.6600517754605e-36,5,212.684,-0.0677361,0.109819,14529.5,0.0,10.2316,25.9083,41.1130,60.4355,76.1756,85.1165,90.1407,94.6688,97.9737,101.3630,104.9860,108.8860,114.8740,122.6030,140.3830,28.3800,18.7044,13.2632,7.1681
30.193,-0.05384721840469431,1.0,1.4554949019016464e-36,5,215.114,-0.190292,0.131891,14692.7,0.0,11.4889,28.5442,44.3365,63.7154,79.2400,88.0172,92.9441,97.5552,101.1490,105.0260,109.2200,113.7730,120.8400,130.1000,37.9119,23.3462,15.8254,11.3191,6.1538
30.306,0.035826655131274775,1.0,2.446250281626097e-37,5,217.575,-0.320501,0.111735,14842.5,0.0,12.4157,29.2614,43.9749,61.7329,76.0533,84.2274,88.8974,93.4106,96.9354,100.7440,104.8730,109.3630,116.3520,125.5440,37.6382,21.2252,14.0222,9.8701,5.2436
30.415,0.01173967835341612,1.0,4.111412848328982e-38,5,220.019,-0.423665,0.0719151,15003.2,0.0,12.7828,27.9120,40.2925,55.1230,67.3337,74.4488,78.5145,82.2790,85.1969,88.3368,91.7243,95.3890,101.0550,108.4360,125.7170,23.2765,13.6831,9.1635,4.5972
30.524,0.003846857802847394,1.0,6.910051574186519e-39,6,219.81,-0.490005,0.0418699,13712.4,0.0,12.9543,26.8990,37.8177,50.7625,61.5132,67.8533,71.5040,74.8835,77.4950,80.3014,83.3257,86.5929,91.6356,98.1880,113.4580,27.9554,13.7044,8.7453,4.1786
30.634,-0.11276473020963171,1.0,1.1613723680735284e-39,6,221.768,-0.525792,0.0303714,13832.4,0.0,13.1080,26.7131,37.1759,49.4981,59.7357,65.7909,69.3666,72.8416,75.5516,78.4783,81.6463,85.0883,90.4373,97.4563,114.1230,30.8093,13.3840,8.3764,3.9266
30.744,-0.03695074679509212,1.0,1.951918539021179e-40,6,223.599,-0.556046,0.0400251,13953.3,0.0,13.4922,27.8142,38.8781,51.8585,62.6481,69.6676,74.1183,78.5197,82.0058,85.8228,90.0193,94.6552,102.0240,112.0090,137.2700,22.5669,11.8423,7.6084,3.6413
30.854,-0.012108020709815785,1.0,3.280589488532896e-41,6,225.528,-0.583555,0.0235147,14059.5,0.0,13.5037,27.1605,37.4939,49.5497,59.9395,66.9841,71.4852,75.9639,79.5300,83.4550,87.7936,92.6159,100.3450,110.9470,138.4440,26.7805,11.9869,7.4641,3.4690
30.966,-0.06769866937244243,1.0,5.5136867533772395e-42,6,227.434,-0.594159,0.00536782,14178.5,0.0,13.3584,26.2127,35.7527,46.8413,56.9796,63.9705,68.4706,72.9738,76.5787,80.5641,84.9946,89.9479,97.9516,109.0630,138.6150,200.0000,12.8935,7.6781,3.4416
31.074,-0.12265607441548192,1.0,9.266853326401125e-43,6,228.922,-0.601115,0.0375552,14316.8,0.0,13.8409,28.3479,39.4457,54.0636,69.8660,81.9280,90.2654,99.1059,106.5710,115.2620,125.5070,137.7630,159.6010,194.9560,200.0000,19.7909,10.6499,6.8563,3.2777
31.184,-0.04019194246446512,1.0,1.5574800385682374e-43,6,230.584,-0.627469,0.0449013,14383.3,0.0,14.1683,29.2652,41.4490,59.6853,81.5202,99.9039,113.5990,129.1070,143.0700,160.4340,182.6100,200.0000,200.0000,200.0000,200.0000,16.6380,9.5544,6.2611,3.0394
31.294,-0.01317009570675593,1.0,2.6176567008216366e-44,6,232.434,-0.657753,0.0260547,14477.9,0.0,14.1591,28.5059,40.7312,59.5351,82.7886,103.0200,118.5000,136.4630,153.0480,174.2390,200.0000,200.0000,200.0000,200.0000,151.4500,18.2743,9.5270,6.0464,2.8417
31.405,-0.03659918621353353,1.0,4.399495617070925e-45,6,234.278,-0.670156,0.00299495,14589.3,0.0,13.9526,27.6311,39.7115,58.5542,82.3066,103.3900,119.7900,139.1220,157.2650,180.8660,200.0000,200.0000,200.0000,200.0000,127.9940,23.4637,10.3438,6.2349,2.8013
31.514,-0.05657382047045066,1.0,7.394232283611104e-46,6,235.937,-0.66877,0.0139733,14711.3,0.0,14.0912,29.5577,44.8337,72.1662,114.5020,162.2880,200.0000,200.0000,200.0000,200.0000,200.0000,200.0000,172.5890,74.9357,36.3718,17.9451,9.7654,6.0560,2.7825
31.624,-0.018538109491757278,1.0,1.2427486199065182e-46,6,237.696,-0.666608,0.00237903,14803.5,0.0,14.1142,30.5264,47.6125,80.6198,138.9860,200.0000,200.0000,200.0000,200.0000,200.0000,198.0100,131.1050,72.7701,48.2458,29.5746,16.6930,9.7094,6.1756,2.8314
31.736,-0.0060745677182590255,1.0,2.0886876054768853e-47,6,239.49,-0.661257,0.00183582,14912.9,0.0,14.1222,30.7800,48.3590,83.0303,146.7430,200.0000,200.0000,200.0000,200.0000,196.1740,184.0150,105.3750,64.5202,44.7152,28.3912,16.4317,9.6919,6.2097,2.8691
31.844,0.02764490047804963,1.0,3.5104572585250014e-48,6,241.274,-0.662072,0.00106278,15023.7,0.0,14.1182,30.7257,48.2058,82.5434,145.1670,200.0000,200.0000,200.0000,195.7060,189.5220,179.4310,109.5090,65.9831,45.3786,28.6312,16.4945,9.7035,6.2086,2.8644
31.954,0.019264812107367302,1.0,5.9000255144029715e-49,6,243.014,-0.655863,-0.0172476,15131.1,0.0,13.8143,29.0649,44.2053,71.4918,114.2620,163.2910,200.0000,200.0000,197.3390,193.3820,188.7500,182.9840,166.0740,78.2650,39.2991,19.7151,10.8100,6.6777,2.9718
32.063,0.006312693631342117,1.0,9.916172882057075e-50,6,244.758,-0.635509,-0.0228107,15232.8,0.0,13.5717,28.2757,42.6343,67.9215,106.0970,147.7980,199.0420,195.0930,191.9320,188.4050,184.3900,179.6550,170.5530,105.0350,46.5455,22.0461,11.7865,7.1959,3.1658
32.174,-0.0017007811251005646,1.0,1.6666111762873326e-50,6,246.486,-0.607951,-0.0240887,15335.0,0.0,13.3268,27.7036,41.6907,66.1977,102.8940,142.5690,191.5650,187.7700,184.7510,181.4080,177.6410,173.2710,165.3070,120.3640,51.4630,24.0209,12.7640,7.7711,3.4098
32.287,-0.03558641222824795,1.0,2.80107340398612e-51,6,248.173,-0.581215,-0.0119299,15438.0,0.0,13.2598,28.1668,43.2093,70.9588,116.1920,184.1430,179.9610,175.7950,172.4370,168.6450,164.2270,158.7490,141.6430,79.2701,43.4342,22.8387,12.8051,7.9955,3.5967
32.394,-0.011660955558952291,1.0,4.707764070079471e-52,6,249.833,-0.569076,0.000647485,15533.7,0.0,13.3227,28.9715,45.4194,77.6600,136.2520,172.3470,167.7450,163.0780,159.2150,154.6680,148.8830,138.8140,85.2937,58.4090,36.7252,21.1044,12.3980,7.9267,3.6541
32.505,-0.0038210619175574876,1.0,7.912339072582568e-53,6,251.486,-0.568696,0.00374264,15628.9,0.0,13.3609,29.2279,46.0818,79.6604,170.4050,163.1610,158.5340,153.8330,149.9230,145.2760,139.1940,122.1000,77.4633,54.6437,35.2135,20.6064,12.2315,7.8632,3.6461
32.613,-0.0012520855691452375,1.0,1.3298268279289522e-53,6,253.114,-0.57308,0.00467503,15723.9,0.0,13.4109,29.3902,46.4180,80.5140,161.6900,154.5360,149.9890,145.3850,141.5680,137.0470,131.1620,115.7670,74.5953,53.0451,34.4201,20.2479,12.0552,7.7625,3.6057
32.723,0.008298607672702487,1.0,2.23503994970019e-54,6,254.71,-0.577291,-0.000319213,15817.2,0.0,13.3795,29.0415,45.4498,77.4535,154.3150,147.5780,143.3630,139.1700,135.7720,131.8830,127.2020,120.7970,86.4223,58.5733,36.5255,20.8655,12.2171,7.7975,3.5880
32.834,0.002719287762191151,1.0,3.756431643461109e-55,6,256.277,-0.576575,-0.00310507,15908.4,0.0,13.3363,28.7957,44.8426,75.7055,146.3210,139.8760,135.8920,131.9720,128.8380,125.3160,121.2140,116.0710,95.6445,62.7031,38.1128,21.3875,12.4006,7.8745,3.6041
32.944,0.0008910562139147962,1.0,6.313434663165087e-56,6,257.812,-0.572756,-0.00381011,15998.3,0.0,13.2947,28.6678,44.5883,75.1017,137.7780,131.5390,127.7170,123.9860,121.0290,117.7400,113.9750,109.4190,98.3935,64.3882,38.8668,21.7083,12.5547,7.9620,3.6392
33.051,0.00029198130017560044,1.0,1.0610989638381562e-56,6,259.229,-0.568081,-0.00402454,16089.5,0.0,13.2524,28.5650,44.4118,74.7519,129.5280,123.4780,119.8020,116.2400,113.4390,110.3500,106.8620,102.7480,94.3608,65.4449,39.4199,21.9855,12.7051,8.0542,3.6798
33.167,7.654114595323261e-05,1.0,1.2483723199659527e-57,6,260.836,-0.562347,-0.00398034,16196.4,0.0,13.2045,28.4642,44.2584,74.5045,119.8510,114.0260,110.5220,107.1550,104.5300,101.6650,98.4766,94.8086,88.0327,66.2400,39.9165,22.2691,12.8711,8.1600,3.7285
33.268,2.5081002705955264e-05,1.0,2.0981393581667766e-58,6,262.162,-0.557563,-0.00397837,16274.3,0.0,13.1641,28.3772,44.1233,74.2910,111.7110,106.0910,102.7410,99.5457,97.0740,94.3996,91.4594,88.1431,82.3678,66.9607,40.3515,22.5121,13.0116,8.2492,3.7692
33.389,6.574834373349938e-06,0.96413427734375,0.023529052734375,6,263.65,-0.551737,-0.00397849,16347.3,0.0,13.1149,28.2710,43.9582,110.9230,101.8400,96.4894,93.3360,90.3578,88.0764,85.6349,82.9898,80.0721,75.2601,66.9125,40.8830,22.8086,13.1830,8.3578,3.8189
33.509,1.723553381967446e-06,0.303088316,0.7090356513977051,6,255.991,-0.545962,-0.00397846,15453.5,0.0,13.0660,28.1658,43.7946,100.7330,91.9807,86.9213,83.9773,81.2257,79.1396,76.9320,74.5748,72.0279,68.0030,62.1598,41.4097,23.1024,13.3529,8.4655,3.8681
33.627,4.5181917776247414e-07,0.079452783509504,0.837531698891938,6,239.909,-0.540473,-0.00386089,14318.0,0.0,13.0212,28.0753,43.6628,90.9280,82.5333,77.7759,75.0435,72.5174,70.6218,68.6379,66.5483,64.3311,60.9419,56.4354,41.8357,23.3586,13.5066,8.5649,3.9144
33.727,1.480521081692075e-07,0.026035088100394267,0.8519716885336469,6,225.787,-0.53634,-0.00334421,13406.3,0.0,12.9929,28.0415,43.7588,83.1148,75.0295,70.5240,67.9644,65.6196,63.8749,62.0648,60.1779,58.2022,55.2478,51.4981,41.8350,23.4667,13.5944,8.6288,3.9475
33.828,4.851371480488592e-08,0.008531177668737193,0.8557985962304242,6,211.837,-0.532773,-0.00283363,12529.2,0.0,12.9693,28.0175,86.8163,75.6937,67.9371,63.6894,61.3036,59.1382,57.5407,55.8973,54.2013,52.4468,49.8724,46.7171,39.7560,23.5465,13.6657,8.6822,3.9758
33.947,1.2717579253812015e-08,0.0022363970387934426,0.8549959389832159,6,195.681,-0.529311,-0.00238004,11514.8,0.0,12.9459,27.9908,78.1559,67.3173,59.9803,56.0494,53.8729,51.9192,50.4930,49.0402,47.5576,46.0440,43.8659,41.2803,36.0610,23.6316,13.7372,8.7349,4.0035
34.048,4.167296369889121e-09,0.0007328225816718353,0.8563658222805829,6,182.905,-0.526955,-0.00208259,10681.0,0.0,12.9297,28.3122,71.3172,60.7551,53.7866,50.1239,48.1212,46.3397,45.0507,43.7477,42.4297,41.0974,39.2068,37.0076,32.7656,23.6729,13.7864,8.7710,4.0223
34.148,0.033304095823102176,0.00024013130356222704,0.8566466460297503,6,170.575,-0.524988,-0.00197178,9900.41,0.0,12.9145,30.9363,64.8227,54.5728,47.9891,44.5975,42.7666,41.1530,39.9953,38.8339,37.6688,36.5015,34.8649,32.9926,29.4947,22.6812,13.8365,8.8046,4.0386
34.267,0.11588275563141029,6.294898044101644e-05,0.8487407140474503,5,156.371,-0.522738,-0.00282133,9796.94,0.0,12.8846,70.0511,57.5471,47.7217,41.6212,38.5565,36.9275,35.5077,34.4990,33.4956,32.4983,31.5081,30.1370,28.5942,25.7886,20.6387,13.9232,8.8683,4.0612
34.388,0.18008035672979897,1.6501697528729814e-05,0.14044390042651436,5,144.937,-0.520586,-0.00224844,9590.13,0.0,12.8989,62.9182,50.5246,41.1606,35.5612,32.8243,31.3926,30.1591,29.2911,28.4348,27.5907,26.7598,25.6214,24.3579,22.1065,18.1251,13.1155,8.8795,4.0771
34.488,0.22648043303864723,5.407276246214186e-06,0.023604406344684272,4,138.812,-0.517544,-0.0103243,10368.6,0.0,13.0704,57.9296,45.7333,36.7974,31.6077,29.1224,27.8375,26.7389,25.9707,25.2168,24.4780,23.7546,22.7691,21.6839,19.7720,16.4466,12.3071,8.7272,4.1367
34.607,0.20129934510564734,1.4174850242875718e-06,0.0027770348020457604,4,136.16,-0.493711,-0.0734142,10052.8,0.0,12.5213,58.1998,46.6300,38.1017,33.0997,30.6849,29.4291,28.3520,27.5961,26.8518,26.1198,25.4013,24.4188,23.3306,21.3964,17.9733,13.5847,9.6673,4.5339
34.729,0.22153834940709885,3.715851942068412e-07,0.0003267153674258817,4,134.167,-0.452251,-0.103638,9902.96,0.0,11.7883,59.7222,48.7098,40.6080,35.7766,33.4135,32.1751,31.1071,30.3537,29.6088,28.8734,28.1482,27.1509,26.0381,24.0375,20.4122,15.5759,11.0749,5.0541
34.848,0.27780617359384324,9.740882915015817e-08,3.8437736262287565e-05,3,132.119,-0.399362,-0.132281,11937.1,0.0,11.0379,61.1814,50.4718,42.8032,38.1962,35.9199,34.7203,33.6808,32.9446,32.2147,31.4917,30.7761,29.7872,28.6773,26.6634,22.9371,17.7711,12.7229,5.7011
34.948,0.23130993007936723,3.191892513592383e-08,6.460230333602673e-06,3,129.931,-0.345687,-0.156627,11720.3,0.0,10.3722,62.5877,51.9665,44.5439,40.1389,37.9541,36.7968,35.7910,35.0774,34.3681,33.6636,32.9640,31.9948,30.9030,28.9064,25.1566,19.7975,14.3265,6.3608
35.067,0.16139460390874943,8.367354710831616e-09,7.60039638518021e-07,3,127.416,-0.270734,-0.1808,11488.5,0.0,9.5822,24.5788,53.4354,46.1496,41.9097,39.8280,38.7280,37.7713,37.0916,36.4152,35.7425,35.0737,34.1443,33.0929,31.1589,27.4764,22.0583,16.2587,7.2468
35.187,0.1491491339610103,2.1934518333162434e-09,8.941790343200663e-08,3,125.125,-0.18591,-0.189953,11289.2,0.0,8.8649,20.4189,53.8387,46.6268,42.4900,40.4776,39.4210,38.5054,37.8565,37.2123,36.5728,35.9383,35.0577,34.0624,32.2308,28.7256,23.4846,17.6956,8.1096
35.289,0.1501718869625665,7.187502967410667e-10,1.5028467029817357e-08,3,123.369,-0.109275,-0.189826,11142.6,0.0,8.2829,18.5295,53.7261,46.5578,42.4878,40.5210,39.4920,38.6025,37.9734,37.3500,36.7322,36.1203,35.2729,34.3178,32.5680,29.2325,24.2243,18.5899,8.8020
35.407,0.15178965339117598,0.028837207219666077,1.7680841175909822e-09,3,121.452,-0.0127354,-0.186099,11009.1,0.0,7.5726,16.5972,53.5495,46.4036,42.3898,40.4632,39.4585,38.5927,37.9815,37.3766,36.7781,36.1862,35.3688,34.4498,32.7722,29.6005,24.8720,19.4816,9.6157
35.507,0.15255144602676154,0.12136484481174017,2.9716189764351636e-10,3,120.353,0.0694459,-0.180645,10999.9,0.0,6.9780,15.1395,53.4517,46.2981,42.3115,40.4072,39.4168,38.5645,37.9637,37.3699,36.7831,36.2034,35.4038,34.5064,32.8729,29.8003,25.2576,20.0850,10.2636
35.608,0.1519202314653871,0.201728525707286,4.994400013694579e-11,3,119.911,0.151259,-0.169898,11022.6,0.0,6.4098,13.9985,53.1377,45.9774,42.0170,40.1341,39.1572,38.3176,37.7267,37.1432,36.5674,35.9991,35.2159,34.3386,32.7458,29.7630,25.3863,20.4390,10.8278
35.730,0.15079778454378742,0.30150713592426076,5.875861672111536e-12,3,119.972,0.24439,-0.146234,11090.6,0.0,5.8096,13.2945,52.1559,45.0263,41.1205,39.2744,38.3192,37.4998,36.9242,36.3567,35.7972,35.2458,34.4869,33.6386,32.1034,29.2440,25.0861,20.4320,11.3137
35.848,0.11590783188777162,0.45381656788972935,6.912892498622501e-13,3,120.941,0.325324,-0.118034,11281.1,0.0,5.3086,13.0814,51.1472,44.0320,40.1700,38.3547,37.4179,36.6160,36.0535,35.4996,34.9543,34.4172,33.6794,32.8562,31.3705,28.6175,24.6470,20.2426,11.6299
35.949,0.08642983463630141,0.5783282926536064,1.1618498422434838e-13,3,122.632,0.376886,-0.080919,11501.6,0.0,5.0728,14.8196,49.4282,42.4080,38.6330,36.8680,35.9599,35.1843,34.6409,34.1064,33.5805,33.0635,32.3544,31.5649,30.1429,27.5223,23.7717,19.6478,11.6328
36.067,0.1422642681795189,0.681102191168137,1.3669047209010364e-14,3,125.369,0.411579,-0.0344487,11842.6,0.0,5.0209,58.8981,47.5246,40.5787,36.8848,35.1690,34.2893,33.5392,33.0147,32.4994,31.9934,31.4967,30.8165,30.0605,28.7031,26.2165,22.6898,18.8521,11.4644
36.167,0.15229658865096393,0.7131887007676001,2.2973567644183726e-15,3,127.884,0.417891,-0.00488532,12128.5,0.0,5.1210,58.4099,46.8026,39.7817,36.0757,34.3623,33.4855,32.7391,32.2179,31.7064,31.2048,30.7126,30.0393,29.2921,27.9541,25.5125,22.0731,18.3606,11.2871
36.267,0.1488375645898927,0.7217918726862772,3.861167513957959e-16,3,130.415,0.405361,0.0198824,12424.5,0.0,5.3783,58.0650,46.1603,39.0263,35.2889,33.5687,32.6905,31.9441,31.4236,30.9134,30.4133,29.9231,29.2535,28.5115,27.1862,24.7775,21.4087,17.8039,11.0178
36.368,0.1398353791327344,0.7161073721699643,6.489464240709142e-17,3,132.92,0.376185,0.041693,12652.6,0.0,5.7955,57.6659,45.4311,38.1700,34.3963,32.6675,31.7872,31.0406,30.5205,30.0111,29.5123,29.0240,28.3580,27.6214,26.3085,23.9338,20.6375,17.1439,10.6544
36.468,0.12892768520853864,0.7096111457439038,1.0906842549359859e-17,3,135.368,0.332037,0.0639067,12869.4,0.0,6.3957,56.8381,44.3089,36.9571,33.1717,31.4473,30.5722,29.8310,29.3154,28.8112,28.3181,27.8362,27.1799,26.4551,25.1667,22.8492,19.6592,16.3127,10.1835
36.587,0.11757123592829793,0.6976721674711399,1.2831791190896382e-18,3,138.243,0.259711,0.0911392,13117.0,0.0,7.3873,55.2332,42.4112,35.0112,31.2523,29.5543,28.6958,27.9706,27.4674,26.9762,26.4968,26.0291,25.3930,24.6926,23.4524,21.2376,18.2232,15.1022,9.4846
36.687,0.11390525287399558,0.686539028336943,2.1566391454539549e-19,3,140.563,0.183128,0.113597,13311.4,0.0,8.4656,53.4666,40.4373,33.0412,29.3350,27.6739,26.8377,26.1334,25.6457,25.1703,24.7071,24.2558,23.6436,22.9711,21.7851,19.6802,16.8450,13.9443,8.8004
36.788,0.12216808776512195,0.6760076381023244,3.6246634117644627e-20,3,142.798,0.0917994,0.133549,13500.5,0.0,9.7735,51.5365,38.2808,30.8966,27.2541,25.6369,24.8266,24.1460,23.6758,23.2184,22.7737,22.3414,21.7563,21.1152,19.9888,18.0056,15.3636,12.6950,8.0382
36.889,0.12580876991921108,0.6615955617596196,6.091971796152533e-21,3,144.904,-0.0128225,0.148846,13687.4,0.0,11.2681,49.7119,36.1370,28.7289,25.1394,23.5624,22.7764,22.1189,21.6659,21.2263,20.7997,20.3857,19.8269,19.2167,18.1500,16.2869,13.8370,11.3975,7.2166
36.990,0.12525754954751378,0.6184735985211421,1.0238776997793562e-21,3,146.841,-0.128991,0.161836,13823.1,0.0,12.9689,47.7110,33.7718,26.3475,22.8276,21.3013,20.5458,19.9160,19.4834,19.0648,18.6598,18.2679,17.7405,17.1669,16.1690,14.4433,12.2069,10.0156,6.3318
37.107,0.16928265586779911,0.22365494301072628,1.2045818750134151e-22,3,147.538,-0.279917,0.172365,13542.5,0.0,15.1709,45.3748,30.8338,23.3483,19.9135,18.4530,17.7370,17.1441,16.7389,16.3485,15.9722,15.6094,15.1233,14.5973,13.6900,12.1433,10.1791,8.2974,5.2164
37.207,0.1885429809325338,0.07328725172575479,2.024540757335047e-23,3,146.209,-0.408594,0.163796,13283.4,0.0,16.5424,45.6620,29.7188,21.7344,18.1698,16.6827,15.9613,15.3676,14.9640,14.5766,14.2048,13.8479,13.3722,12.8608,11.9865,10.5191,8.7007,7.0050,4.3199
37.308,0.203614971142789,0.024014766645495327,3.402645650853014e-24,3,144.223,-0.532693,0.140507,13041.0,0.0,17.2988,50.1015,30.1828,21.0964,17.1270,15.5064,14.7294,14.0954,13.6673,13.2589,12.8691,12.4971,12.0047,11.4796,10.5927,9.1378,7.3963,5.8345,3.4779
37.409,0.21863969983811402,0.007869158734395908,5.718826545388662e-25,3,141.94,-0.646608,0.110931,12801.7,0.0,17.6744,63.5295,31.9034,21.1576,16.5057,14.6475,13.7696,13.0610,12.5866,12.1376,11.7122,11.3095,10.7809,10.2236,9.2987,7.8286,6.1495,4.7215,2.6951
37.509,0.23725507846597663,0.002578565934086851,9.611631774834725e-26,3,139.506,-0.746484,0.0780709,12564.3,0.0,17.7792,126.8280,35.4943,22.1183,16.4028,14.1527,13.1060,12.2717,11.7195,11.2015,10.7157,10.2605,9.6705,9.0587,8.0676,6.5599,4.9475,3.6694,1.9896
37.629,0.2218880846484337,0.0006759555882252635,1.1307988666775307e-26,3,136.499,-0.844231,0.0361547,12280.1,0.0,17.6369,181.5000,52.8350,25.1380,17.5030,14.4384,13.0233,11.9082,11.1799,10.5057,9.8828,9.3083,8.5796,7.8448,6.7056,5.1074,3.5898,2.5210,1.2712
37.729,0.19144412404580893,0.00022149712714965435,1.9005336552249266e-27,3,134.061,-0.905965,0.00158143,12041.5,0.0,17.3826,78.1584,200.0000,31.5998,20.0281,15.9548,14.0268,12.4943,11.4926,10.5695,9.7235,8.9529,7.9950,7.0586,5.6830,3.9526,2.5468,1.6866,0.7945
37.849,0.1769547904188057,5.8064142899518985e-05,2.235958840035574e-28,3,131.216,-0.956073,-0.0347209,11809.5,0.0,17.0376,52.2865,137.7860,136.6730,27.5570,19.7076,17.0155,14.8330,13.3586,11.9646,10.6635,9.4645,7.9711,6.5436,4.6057,2.6364,1.4589,0.8890,0.3858
37.969,0.15821516274086272,1.5221166676251504e-05,2.6305832157134526e-29,3,128.622,-0.975866,-0.0648985,11588.9,0.0,16.6038,41.3721,75.3862,187.1120,200.0000,52.3030,30.7721,22.6259,19.0294,16.4203,14.4415,12.7770,10.5834,8.3255,5.0648,2.1508,0.9749,0.5445,0.2193
38.089,0.12047356576745244,3.990137517179274e-06,3.09485484745472e-30,3,126.296,-0.966808,-0.089303,11400.5,0.0,16.0626,34.8546,54.5314,92.8779,161.7860,200.0000,200.0000,200.0000,200.0000,200.0000,77.2110,37.5094,21.8115,14.7562,9.1464,3.9243,1.5689,0.8179,0.3102
38.190,0.03947677803067882,1.3074882616293045e-06,5.201522542117147e-31,3,124.664,-0.939827,-0.0975103,11275.8,0.0,15.5839,31.5149,46.3309,70.7720,104.1430,136.4680,163.5990,198.0900,200.0000,200.0000,200.0000,200.0000,200.0000,168.8580,18.5151,6.6649,2.9000,1.5146,0.5673
38.307,0.010348600500074264,0.35006235173457784,6.119539255575403e-32,3,124.1,-0.89481,-0.0768023,11487.0,0.0,15.2106,29.9824,43.1757,63.8535,90.0919,113.5460,131.8970,153.6510,174.1880,200.0000,200.0000,200.0000,200.0000,200.0000,49.0040,9.9695,4.2964,2.4098,0.9662
38.408,0.0033910294118643354,0.6496619626663864,1.0285109626845579e-32,3,125.747,-0.860962,-0.0577083,11860.0,0.0,14.9532,29.4177,42.2976,62.4090,87.7978,110.3690,127.9490,148.6970,168.1950,193.5940,200.0000,200.0000,200.0000,200.0000,68.9176,12.9498,5.5192,3.0841,1.2542
38.510,-0.09278196087431324,0.8122795209890215,1.7286183749839366e-33,3,128.616,-0.829457,-0.0442457,12317.3,0.0,14.8799,29.9036,43.7367,66.2640,96.4464,125.0680,148.6380,178.0210,200.0000,200.0000,200.0000,200.0000,200.0000,200.0000,40.0264,13.1442,6.2226,3.6103,1.5156
38.629,-0.024322234351435972,0.8951204238438959,2.033702231984852e-34,3,132.872,-0.803157,-0.0170393,12771.7,0.0,15.0461,31.6685,48.1811,77.9670,124.7240,178.4260,200.0000,200.0000,200.0000,200.0000,200.0000,200.0000,93.5047,44.4161,22.3900,11.2546,6.1766,3.8171,1.6995
38.729,-0.007969909752278539,0.9257634569695428,3.4180433412969405e-35,3,136.689,-0.790487,-0.0106981,13201.2,0.0,15.0328,32.0049,49.1973,81.0906,133.5780,197.8270,200.0000,200.0000,200.0000,200.0000,200.0000,186.0910,66.2617,38.1752,21.2773,11.3002,6.3670,3.9852,1.7971
38.849,-0.002089264022101305,0.9489277684763239,4.0212938106024386e-36,3,141.527,-0.780429,-0.0081563,13619.9,0.0,14.9857,32.0539,49.4832,82.1985,137.1490,200.0000,200.0000,200.0000,200.0000,200.0000,200.0000,141.7060,61.2398,37.1425,21.3806,11.5797,6.5896,4.1449,1.8785
38.969,-0.0005476880278097245,0.9587807642988324,4.731011955235664e-37,3,146.368,-0.772593,-0.00806117,14154.8,0.0,14.9212,31.9214,49.2866,81.8961,136.7110,200.0000,200.0000,200.0000,200.0000,200.0000,200.0000,145.2770,63.1460,38.3653,22.1096,11.9831,6.8215,4.2916,1.9454
39.087,-0.00014357313036215242,0.969543194988853,5.565988255215206e-38,3,151.344,-0.765109,-0.00833583,14573.4,0.0,14.8541,31.7619,49.0176,81.3797,135.6570,200.0000,200.0000,200.0000,200.0000,200.0000,200.0000,154.5780,66.0636,39.9361,22.9391,12.4071,7.0555,4.4364,2.0099
39.190,-4.70460433570701e-05,0.9789363184308223,9.354756460540199e-39,3,155.491,-0.75866,-0.00854945,15010.9,0.0,14.7968,31.6268,48.7915,80.9507,134.7930,200.0000,200.0000,200.0000,200.0000,200.0000,200.0000,162.6320,68.5638,41.2822,23.6509,12.7716,7.2568,4.5611,2.0656
39.309,-1.2332837989795781e-05,0.9854780971024795,1.1005777428260941e-39,4,156.998,-0.750728,-0.00868011,12128.1,0.0,14.7281,31.4725,48.5428,80.5056,133.9630,200.0000,200.0000,200.0000,200.0000,200.0000,200.0000,170.4800,71.2581,42.7983,24.4804,13.2065,7.5001,4.7129,2.1337
39.428,-3.2329794819970253e-06,0.9875013851305824,1.2948187086574716e-40,4,160.746,-0.742521,-0.00888801,12388.3,0.0,14.6561,31.3066,48.2699,80.0018,132.9830,199.1560,200.0000,200.0000,200.0000,200.0000,200.0000,180.3660,74.3405,44.4718,25.3726,13.6662,7.7550,4.8711,2.2045
39.529,-1.0593827166607852e-06,0.9879846687233392,2.1762018036406128e-41,4,163.834,-0.735409,-0.00912476,12609.6,0.0,14.5929,31.1580,48.0217,79.5324,132.0440,197.4540,200.0000,200.0000,200.0000,200.0000,200.0000,190.6180,77.2738,46.0137,26.1750,14.0730,7.9785,5.0092,2.2659
39.649,-2.7771082287632486e-07,0.989099629950936,2.5602796599651443e-42,4,167.505,-0.726518,-0.00942826,12879.9,0.0,14.5138,30.9719,47.7104,78.9435,130.8650,195.3200,200.0000,200.0000,200.0000,200.0000,200.0000,200.0000,81.0679,47.9817,27.1904,14.5849,8.2590,5.1822,2.3428
39.767,-7.28002259520913e-08,0.991012215034483,3.0121434171523926e-43,4,171.153,-0.717186,-0.00977683,13156.6,0.0,14.4304,30.7743,47.3783,78.3106,129.5890,192.9980,200.0000,200.0000,200.0000,200.0000,200.0000,200.0000,85.3026,50.1296,28.2812,15.1291,8.5555,5.3646,2.4236
39.867,-2.3855178039981277e-08,0.9922989080131243,5.062509441208027e-44,4,174.182,-0.709037,-0.0100839,13381.1,0.0,14.3576,30.6018,47.0886,77.7591,128.4800,190.9850,200.0000,200.0000,200.0000,200.0000,200.0000,200.0000,89.1364,52.0458,29.2456,15.6076,8.8154,5.5243,2.4942
39.970,-7.816864740141065e-09,0.9927205315683655,8.508559617838333e-45,4,177.199,-0.700551,-0.0103881,13599.8,0.0,14.2821,30.4238,46.7910,77.1964,127.3580,188.9670,200.0000,200.0000,200.0000,200.0000,200.0000,200.0000,93.1834,54.0539,30.2524,16.1063,9.0861,5.6906,2.5677
40.088,-2.0491441904395394e-09,0.9928721564180825,1.0010235304790619e-45,4,180.786,-0.689926,-0.0107527,13865.7,0.0,14.1878,30.2028,46.4229,76.5050,125.9910,186.5290,200.0000,200.0000,200.0000,200.0000,200.0000,200.0000,98.3490,56.5921,31.5190,16.7321,9.4256,5.8990,2.6598
40.189,-6.714635683232282e-10,0.9929083736057022,1.6824202476761595e-46,4,183.753,-0.680669,-0.0110457,14083.1,0.0,14.1060,30.0127,46.1082,75.9195,124.8470,184.5140,200.0000,200.0000,200.0000,200.0000,200.0000,200.0000,102.8780,58.8054,32.6216,17.2769,9.7211,6.0805,2.7400
40.289,-2.2002518206815543e-10,0.9929202412537415,2.8276437102693207e-47,4,186.695,-0.671031,-0.0113199,14300.4,0.0,14.0213,29.8176,45.7878,75.3300,123.7130,182.5420,200.0000,200.0000,200.0000,200.0000,200.0000,200.0000,107.5670,61.0943,33.7636,17.8422,10.0282,6.2692,2.8235
40.407,-5.767828132807454e-11,0.9929245091138458,3.326694548694754e-48,4,190.194,-0.659005,-0.0116165,14558.2,0.0,13.9164,29.5785,45.3983,74.6231,122.3760,180.2560,200.0000,200.0000,200.0000,200.0000,200.0000,200.0000,113.3300,63.9140,35.1760,18.5439,10.4102,6.5042,2.9276
40.508,-1.8900019225583467e-11,0.99292552853705,5.591175527991274e-49,4,193.086,-0.64861,-0.0118306,14768.3,0.0,13.8263,29.3755,45.0709,74.0377,121.2910,178.4360,200.0000,200.0000,200.0000,200.0000,200.0000,200.0000,118.1870,66.3057,36.3820,19.1461,10.7390,6.7068,3.0176
40.612,-6.193158299839191e-12,0.9929258625816455,9.397088709894935e-50,4,195.953,-0.637891,-0.0120084,14975.9,0.0,13.7340,29.1700,44.7425,73.4595,120.2410,176.7100,200.0000,200.0000,200.0000,200.0000,200.0000,200.0000,123.0180,68.7124,37.6070,19.7618,11.0764,6.9151,3.1102
40.727,-1.623499289353045e-12,0.9929259827112278,1.1055580896304297e-50,5,196.677,-0.624772,-0.0120604,13462.1,0.0,13.6233,28.9322,44.3739,72.8430,119.2020,175.1310,200.0000,200.0000,200.0000,200.0000,200.0000,200.0000,127.8510,71.3191,39.0045,20.4874,11.4807,7.1667,3.2230
40.828,-5.319882471352058e-13,0.9929260114054401,1.8581114812418633e-51,5,198.994,-0.613669,-0.012152,13599.8,0.0,13.5290,28.7271,44.0527,72.2962,118.2560,173.6490,200.0000,200.0000,200.0000,200.0000,200.0000,200.0000,132.3220,73.6427,40.2224,21.1111,11.8258,7.3808,3.3187
40.929,-0.00873264518095557,0.9929260208079594,3.1229279665232e-52,5,201.269,-0.602557,-0.0111165,13755.9,0.0,13.4495,28.6121,43.9514,72.3528,118.9410,175.7110,200.0000,200.0000,200.0000,200.0000,200.0000,195.9840,128.5320,73.3493,40.6502,21.5167,12.1033,7.5694,3.4105
41.047,-0.015746216917522666,0.9934078991893067,3.67409352333488e-53,5,203.977,-0.592188,-0.00414991,13927.5,0.0,13.4544,28.9938,45.0685,75.8262,129.2790,200.0000,200.0000,200.0000,199.0770,195.5130,190.8350,181.4230,95.8883,61.9885,37.2907,20.7803,12.0032,7.6074,3.4748
41.149,-0.018918289025780074,0.993083925796977,6.175048984668934e-54,5,206.196,-0.589446,0.00382185,14073.0,0.0,13.5387,29.6214,46.7091,80.7679,144.6190,200.0000,197.4300,193.5440,190.1300,185.7380,178.3200,115.7930,73.5623,51.9280,33.4834,19.6028,11.6387,7.4832,3.4704
41.267,-0.02223640546046034,0.9929674180347476,7.264883379973154e-55,5,208.816,-0.596179,0.0149922,14253.4,0.0,13.7517,30.7592,49.5646,89.5257,196.9930,190.9670,186.7390,181.9690,177.2790,161.6170,102.1610,74.6898,54.2672,41.3525,28.6047,17.7198,10.8870,7.1324,3.3763
41.368,-0.011971361842483643,0.993880751041626,1.2210089496720885e-55,5,210.974,-0.611597,0.0240157,14403.1,0.0,14.0155,31.9371,52.4486,98.6694,188.9010,182.1730,177.2400,171.0460,152.4300,97.0468,71.1873,56.2128,43.4289,34.4750,24.8734,15.9981,10.0735,6.6932,3.2193
41.469,0.016632236176254964,0.9932388698919449,2.0521497417138793e-56,5,213.129,-0.631308,0.0161548,14544.2,0.0,14.0713,31.5481,50.9562,92.4954,184.1970,178.1480,173.9160,169.1090,164.2590,136.9410,88.9170,65.8345,48.2904,37.0220,25.7640,16.0432,9.8896,6.4911,3.0791
41.588,0.004360040920188181,0.9930080356995789,2.4143336496289622e-57,5,215.684,-0.649058,0.0101655,14713.1,0.0,14.1372,31.3172,49.9821,88.5214,177.6740,172.0800,168.2730,164.1340,160.3400,154.7780,111.4630,76.2496,52.8719,39.1584,26.3558,15.9576,9.6659,6.2825,2.9480
41.709,0.0011429585669818106,0.9929475239010553,2.840439395451978e-58,5,218.214,-0.662002,0.00920796,14880.8,0.0,14.2342,31.4725,50.1368,88.4632,170.0940,164.6200,160.9280,156.9500,153.3540,148.2870,113.0830,76.0739,52.1752,38.3967,25.6906,15.4804,9.3495,6.0671,2.8420
41.810,0.00037452466322859964,0.9929330700225228,4.773926491936141e-59,5,220.3,-0.671575,0.00898981,15022.0,0.0,14.3130,31.6331,50.3714,88.8020,163.5930,158.1910,154.5680,150.6840,147.1940,142.3470,111.2330,74.5290,50.9834,37.4638,25.0319,15.0669,9.0936,5.8989,2.7621
41.928,0.011256173984117396,0.9935302158486092,5.61647677849795e-60,6,220.357,-0.681854,0.00488567,13746.5,0.0,14.3412,31.4419,49.6781,86.2352,156.4280,151.3170,147.9500,144.4210,141.3630,137.4670,130.8370,85.4575,55.2506,39.3584,25.5780,15.0641,8.9750,5.7812,2.6865
42.028,0.003688423091115588,0.9931240065198972,9.439612521621503e-61,6,222.051,-0.686601,0.00135994,13848.7,0.0,14.3308,31.2062,48.9861,83.9666,150.4120,145.5360,142.3690,139.1030,136.3400,132.9760,128.2950,99.9566,60.6080,41.8070,26.4423,15.2606,8.9867,5.7530,2.6557
42.150,0.0009668979827974049,0.9937308546432769,1.1105609735562489e-61,6,224.068,-0.68877,0.000434875,13974.2,0.0,14.3359,31.1622,48.8351,83.4388,142.5590,137.8170,134.7650,131.6450,129.0350,125.9070,121.7490,104.3980,62.0374,42.3886,26.6045,15.2687,8.9633,5.7285,2.6397
42.269,0.0002534665048024429,0.9931370065502322,1.3065638797791914e-62,6,226.07,-0.689532,0.000314951,14090.2,0.0,14.3407,31.1654,48.8296,83.3948,134.4840,129.8530,126.8960,123.8940,121.4000,118.4450,114.6140,104.8440,62.1328,42.4001,26.5847,15.2462,8.9464,5.7165,2.6336
42.389,6.644472343493159e-05,0.992981332835729,1.5371593389214213e-63,6,228.04,-0.690011,0.000399113,14206.8,0.0,14.3459,31.1819,48.8628,83.4758,126.2820,121.7630,118.9020,116.0160,113.6370,110.8450,107.3010,101.0980,61.8633,42.2538,26.5119,15.2123,8.9290,5.7063,2.6293
42.507,1.7418085580126707e-05,0.9929405239055142,1.8084525906476633e-64,6,229.982,-0.690495,0.000483751,14325.3,0.0,14.3513,31.1985,48.8963,83.5574,117.9800,113.5870,110.8290,108.0670,105.8080,103.1830,99.9237,94.8765,61.5936,42.1069,26.4387,15.1781,8.9115,5.6960,2.6250
42.608,5.707558282895919e-06,0.9935331200139839,3.0394662691015284e-65,6,231.582,-0.690935,0.000565767,14424.1,0.0,14.3562,31.2141,48.9279,83.6353,110.9840,106.7050,104.0380,101.3850,99.2291,96.7486,93.7211,89.3537,61.3391,41.9692,26.3705,15.1464,8.8955,5.6865,2.6210
42.708,1.8702526981393346e-06,0.9931249581568072,5.108430958478939e-66,6,233.163,-0.691404,0.000649452,14520.9,0.0,14.3614,31.2303,48.9608,110.5360,103.9150,99.7605,97.1916,94.6525,92.6053,90.2719,87.4740,83.6612,61.0770,41.8264,26.2992,15.1132,8.8785,5.6765,2.6168
42.808,6.128444041262972e-07,0.9565870612888225,8.585739911915555e-67,6,234.699,-0.691908,0.000724316,14602.8,0.0,14.3667,31.2464,48.9927,103.2660,96.7745,92.7554,90.2911,87.8732,85.9391,83.7568,81.1865,77.8487,60.8274,41.6876,26.2285,15.0794,8.8609,5.6660,2.6124
42.909,2.0081685434410506e-07,0.4349351357431213,0.13493911743164064,6,234.729,-0.692456,0.000731468,14391.8,0.0,14.3715,31.2572,49.0103,95.9205,89.5806,85.7109,83.3596,81.0709,79.2560,77.2301,74.8871,71.9713,60.7046,41.6067,26.1791,15.0517,8.8448,5.6558,2.6077
43.027,5.264293346518108e-08,0.11401563622424479,0.7131598123493957,6,225.121,-0.692991,0.0006001,13461.5,0.0,14.3741,31.2551,48.9953,87.2125,81.0844,77.4099,75.2033,73.0775,71.4106,69.5751,67.4979,65.0252,59.5625,41.6576,26.1823,15.0415,8.8349,5.6481,2.6035
43.128,1.7250036437870536e-08,0.037360643677960534,0.8242611976705961,6,212.417,-0.693215,0.000962973,12572.6,0.0,14.3813,31.2923,49.0859,80.2273,74.2803,70.7656,68.6751,66.6777,65.1250,63.4326,61.5466,59.3628,55.1734,41.2887,26.0292,14.9864,8.8134,5.6381,2.6006
43.247,4.521993551969134e-09,0.009793868576315288,0.8473452557057832,6,196.871,-0.693478,0.00155139,11557.0,0.0,14.3920,31.3509,80.1336,72.3045,66.5897,63.2705,61.3193,59.4738,58.0542,56.5253,54.8505,52.9656,49.6738,40.7165,25.7928,14.9027,8.7817,5.6237,2.5969
43.368,1.1854134776873967e-09,0.002567403884069595,0.8486610934118696,6,181.854,-0.693718,0.00157118,10592.6,0.0,14.3943,31.3572,72.5185,64.9526,59.4976,56.3872,54.5818,52.8928,51.6084,50.2422,48.7715,47.1597,44.5256,40.0717,25.7655,14.8887,8.7740,5.6189,2.5948
43.488,3.1074903069488497e-10,0.0006730295237855399,0.8049543343926314,5,167.53,-0.693687,0.00103903,10790.8,0.0,14.3864,31.3080,65.5114,58.1512,52.9771,50.0834,48.4261,46.8936,45.7416,44.5316,43.2502,41.8780,39.7406,36.7389,25.9613,14.9542,8.7967,5.6282,2.5964
43.588,0.01691702850273249,0.00022053831435404572,0.2714489502499243,5,157.204,-0.693188,0.000276566,10320.7,0.0,14.3712,31.3348,60.0326,52.8656,47.9371,45.2267,43.6924,42.2872,41.2411,40.1532,39.0156,37.8173,36.0059,33.6444,26.2860,15.0713,8.8426,5.6498,2.6027
43.707,0.07894083011717401,5.7812795878026956e-05,0.03193569754795335,5,148.855,-0.69161,-0.00352311,9899.02,0.0,14.3035,63.3478,53.9458,47.0690,42.4721,39.9995,38.6211,37.3746,36.4578,35.5159,34.5456,33.5422,32.0702,30.2621,26.2189,15.6316,9.0497,5.7422,2.6260
43.809,0.10226791825020635,1.8944096953311875e-05,0.00536743268688452,4,146.618,-0.682052,-0.0376031,10834.3,0.0,13.7649,60.6118,51.1951,44.8262,40.6903,38.5201,37.3312,36.2711,35.5017,34.7215,33.9297,33.1255,31.9765,30.6262,27.9608,21.6492,11.1566,6.5830,2.8053
43.928,0.1306591168101246,4.966081351728988e-06,0.0006314730881792768,4,144.815,-0.64228,-0.0915868,10690.0,0.0,12.8167,58.6188,48.6160,42.8238,39.1682,37.2914,36.2773,35.3824,34.7390,34.0920,33.4414,32.7872,31.8652,30.8028,28.7851,24.6417,17.3075,9.0285,3.3564
44.028,0.18234665235923536,1.6272855373345547e-06,0.00010613168193029108,4,143.223,-0.578192,-0.149167,10568.4,0.0,11.7726,58.5763,47.3352,41.7352,38.4148,36.7310,35.8277,35.0348,34.4671,33.8985,33.3291,32.7589,31.9597,31.0454,29.3303,25.9126,20.3560,13.3620,4.2595
44.128,0.2161910632796621,5.332289248737868e-07,1.783755178202403e-05,3,141.658,-0.48087,-0.214984,12787.5,0.0,10.5566,60.3434,46.9914,40.8940,37.8440,36.3122,35.4944,34.7788,34.2679,33.7574,33.2473,32.7378,32.0258,31.2143,29.7015,26.7255,22.0035,16.2169,5.7683
44.248,0.2507373383422927,1.3978276328211397e-07,2.0985701296033455e-06,3,139.016,-0.317519,-0.301852,12521.4,0.0,9.0533,21.4755,48.1927,40.6470,37.2783,35.8296,35.0898,34.4441,33.9840,33.5250,33.0672,32.6107,31.9742,31.2506,29.9071,27.2841,23.1696,18.1509,8.0240
44.368,0.2808891083512344,3.664321269782648e-08,2.46894677177704e-07,3,136.084,-0.11945,-0.323934,12238.1,0.0,7.7427,16.2569,53.2776,42.6397,38.1992,36.3436,35.4353,34.6825,34.1671,33.6694,33.1884,32.7234,32.0980,31.4175,30.1897,27.8009,24.0673,19.4999,9.7001
44.488,0.29359310658172827,0.04370004866829835,2.9046911875279696e-08,3,132.869,0.050223,-0.301638,12009.9,0.0,6.6327,13.2825,67.0623,48.6443,41.8892,39.2063,37.9215,36.8701,36.1574,35.4744,34.8193,34.1905,33.3515,32.4475,30.8939,28.2477,24.7166,20.4579,10.9553
44.609,0.29445962413656684,0.2567264664956024,3.417340135214781e-09,3,130.711,0.186591,-0.262666,12166.8,0.0,5.8090,12.0611,96.3502,59.2842,48.0331,43.9102,41.9991,40.4646,39.4389,38.4668,37.5443,36.6677,35.5114,34.2823,32.2090,28.7874,24.5874,20.5261,11.6433
44.727,0.27996674466891125,0.4552532512705232,4.020466495678839e-10,3,130.528,0.290453,-0.190068,12348.4,0.0,5.3386,15.5242,111.1210,71.6007,53.8521,47.9556,45.3215,43.2497,41.8859,40.6084,39.4095,38.2821,36.8126,35.2716,32.7209,28.6390,23.8329,19.5051,11.6720
44.828,0.2378296042756596,0.5728855552982001,6.757198039287425e-11,3,131.612,0.350547,-0.114796,12443.7,0.0,5.2178,21.1246,118.6600,85.2299,59.4956,51.6363,48.2502,45.6388,43.9439,42.3736,40.9146,39.5557,37.8027,35.9867,33.0292,28.4182,23.1721,18.6069,11.3979
44.949,0.20204458756971816,0.6810303824924663,7.949775921241264e-12,3,133.831,0.383472,-0.0329273,12649.2,0.0,5.4079,19.8808,138.3790,101.7010,80.8138,65.9182,59.8679,55.4255,52.6402,50.1251,47.8428,45.7627,43.1422,40.4992,36.3439,30.2091,23.6931,18.3834,10.9523
45.068,0.17328634578530525,0.7362329867912301,9.352831873581133e-13,3,136.606,0.365268,0.0404031,12909.0,0.0,5.9711,17.0019,37.7122,121.9960,101.3560,92.9686,88.0311,83.2315,79.3723,74.8922,69.6151,64.8841,59.2543,53.9174,46.1489,35.8853,26.3035,19.3325,10.5915
45.169,0.14928192285442257,0.7722961571430003,1.5719304529927814e-13,3,139.196,0.311795,0.063338,13244.2,0.0,6.2476,15.5780,28.3636,70.5983,114.0590,103.6950,98.9287,95.1179,92.4676,89.7098,86.8223,83.7725,79.1320,72.9622,59.2865,42.6719,29.2152,20.4562,10.4881
45.289,0.05161574325167474,0.8164049225680946,1.8493604586414774e-14,3,142.623,0.265471,0.0188567,13821.3,0.0,6.3536,14.3238,23.2653,42.7332,129.6910,116.3700,110.0220,105.0250,101.7340,98.6505,95.7554,93.0323,89.4684,85.3416,76.7940,54.0174,33.5494,22.1147,10.5410
45.408,0.013530757398967022,0.8537450715529407,2.175754085987112e-15,3,146.69,0.246532,-0.00429947,14111.9,0.0,6.3661,13.7148,21.3130,35.8409,61.4561,121.8760,114.9520,109.2220,105.4660,101.9670,98.6998,95.6429,91.6794,87.5490,80.3255,63.0476,36.7159,23.2634,10.6229
45.529,0.003547006867594811,0.8772715226465492,2.559752924622977e-16,3,150.989,0.246442,-0.0109084,14444.5,0.0,6.3255,13.4619,20.6862,34.0749,56.4095,119.1720,112.3870,106.7010,102.9270,99.4187,96.1487,93.0937,89.1398,85.0282,78.2056,63.6103,37.9186,23.7241,10.6937
45.648,-0.033707392762057475,0.8943987863451569,3.0115237182896865e-17,3,155.371,0.253903,-0.00612098,14848.1,0.0,6.2924,13.5101,20.9289,34.9891,123.6000,110.8300,104.4310,99.1778,95.7410,92.5411,89.5549,86.7617,83.1419,79.3719,73.0957,60.0666,37.2593,23.5273,10.7055
45.749,-0.02490511488299724,0.902824654856456,5.061467913329475e-18,4,157.651,0.256551,0.00605934,12191.2,0.0,6.3469,13.9469,22.0847,38.5030,112.0870,100.2360,94.4736,89.9542,86.9895,84.2201,81.6278,79.1962,76.0349,72.7303,67.0133,55.0644,35.2577,22.7574,10.5982
45.868,-0.02442632391608668,0.9130198776508157,5.954766385352995e-19,4,159.884,0.250189,0.0178325,12269.1,0.0,6.4789,14.5756,23.6240,44.5533,100.0140,89.3320,84.4378,80.5874,78.0522,75.6772,73.4480,71.3516,68.6184,65.7519,60.5733,50.0348,33.2910,21.9090,10.4240
45.969,-0.008014282301198283,0.9182973769461192,1.0008175863862778e-19,4,162.659,0.236852,0.0255019,12434.8,0.0,6.6472,15.1945,25.0346,114.3230,91.0433,81.4471,77.1231,73.7110,71.4592,69.3459,67.3591,65.4878,63.0440,60.4630,55.7250,46.3515,31.8796,21.2291,10.2373
46.089,0.008845774770514677,0.9218350768790383,1.177451882207592e-20,4,165.944,0.217352,0.0186936,12673.1,0.0,6.7687,15.2545,24.7684,109.3070,86.5908,77.2212,73.0056,69.6880,67.5031,65.4556,63.5336,61.7257,59.3683,56.8953,52.6338,44.4482,32.2044,21.2833,10.1418
46.208,0.002318866781441799,0.9249851121277536,1.38526036489841e-21,4,169.149,0.201014,0.0148393,12975.7,0.0,6.8825,15.3897,24.8015,102.5380,80.6921,71.8042,67.8207,64.6906,62.6317,60.7043,58.8963,57.1971,54.9833,52.6635,48.7906,41.6508,31.3649,21.2217,10.0430
46.328,0.057577307673929275,0.9269866499679927,1.629744966699331e-22,4,172.392,0.187976,0.00803631,13182.4,0.0,6.9463,15.3232,25.8251,96.7544,75.5782,67.0172,63.1898,60.1915,58.2236,56.3843,54.6616,53.0451,50.9425,48.7434,45.1156,38.8685,30.0978,21.3312,10.0003
46.449,0.050093590000746514,0.9295909329004595,1.917378655872096e-23,4,175.507,0.192809,-0.0338996,13351.4,0.0,6.6284,13.5528,22.0358,107.3970,83.6506,73.6332,68.8114,64.9024,62.3573,60.0087,57.8348,55.8171,53.2242,50.5498,46.2199,39.5313,31.2568,22.8517,10.4826
46.569,0.013131734057155692,0.930582030045508,2.2557768148469626e-24,4,178.55,0.226091,-0.0492776,13657.9,0.0,6.2658,12.9789,25.5190,105.6400,81.7808,71.7539,66.9406,63.0281,60.4006,57.9555,55.7050,53.6265,50.9705,48.2482,43.8778,37.2147,29.6977,22.3559,10.9339
46.688,0.10004177662986652,0.9314441839654997,2.6538988648993035e-25,4,181.576,0.275389,-0.0616525,13908.6,0.0,5.8964,13.4808,154.9370,102.1710,78.5023,68.6337,63.9186,60.0977,57.5376,55.1139,52.8440,50.7563,48.1020,45.3971,41.0870,34.5920,27.5158,21.2027,11.0855
46.789,0.16959035572594963,0.9316501184830649,4.4604078222362604e-26,4,183.764,0.324337,-0.0738071,14005.3,0.0,5.4457,11.9946,27.2975,127.5940,99.3979,87.0373,80.9697,75.9740,72.5879,69.3540,66.2722,63.3412,59.4860,55.4240,48.7370,39.0812,29.5210,22.2083,11.5890
46.909,0.04445709421142334,0.9338697253783744,5.2476251987827386e-27,4,186.393,0.378699,-0.0571025,14273.9,0.0,5.0800,11.5000,22.7035,154.1560,116.2990,102.4870,95.5733,89.8080,85.8598,82.0570,78.4042,74.9022,70.2563,65.3133,57.0739,44.2366,31.5362,22.7080,11.8515
47.028,0.01165416050495936,0.9352963691177135,6.173778570115905e-28,4,189.308,0.400895,-0.00210554,14481.6,0.0,5.1775,13.1117,25.0229,154.4740,114.2420,100.5540,93.7587,88.1013,84.2318,80.5094,76.9368,73.5152,68.9806,64.1618,56.1403,43.6550,30.7742,21.8867,11.4542
47.149,0.18161175626227655,0.9364606302141188,7.263388749955661e-29,4,192.021,0.371184,0.0321853,14840.8,0.0,5.5757,13.2641,22.8272,200.0000,126.9280,109.7950,102.4230,96.4061,92.2678,88.2686,84.4119,80.7019,75.7584,70.4707,61.5922,47.6087,32.8591,22.4624,11.1668
47.268,0.04760843223361823,0.936457434274975,8.545304230435336e-30,5,192.886,0.327109,-0.00435287,12855.2,0.0,5.6850,12.2462,19.0290,32.8739,172.9400,135.6190,123.7180,114.9140,109.3640,104.3330,99.7522,95.5260,89.8674,83.7380,73.2562,56.2631,37.9221,24.7711,11.3102
47.368,0.015600331074312019,0.9396204814382239,1.436209282009267e-30,5,194.552,0.320218,-0.0168465,13365.7,0.0,5.6734,11.9452,18.1792,30.9415,196.3330,140.2950,126.8980,117.1390,111.0490,105.5680,100.6100,96.1040,90.4149,84.3425,73.9521,57.0690,38.7230,25.4314,11.3960
47.469,0.005111916486430562,0.9500610405295522,2.413836940272975e-31,5,196.642,0.330058,-0.0197395,13430.1,0.0,5.5757,11.6793,17.8235,31.7082,192.5780,135.8290,122.5660,112.9610,106.9820,101.6120,96.7615,92.3604,86.8413,81.0774,71.2573,55.3887,38.1346,25.4477,11.5155
47.587,0.06082773053441885,0.974375267814829,2.839855021861753e-32,5,199.048,0.356932,-0.0481427,13616.3,0.0,5.2118,10.4566,15.5678,25.6522,200.0000,185.8110,146.9260,129.4880,121.1230,113.8210,107.3570,101.5950,94.5063,87.5417,76.8653,59.9017,41.1449,27.2537,12.0946
47.688,0.019932030741518367,0.9836835026013132,4.7729443352430496e-33,5,201.131,0.402511,-0.0655854,13745.1,0.0,4.7801,9.5011,14.0245,22.5237,200.0000,200.0000,184.8520,151.7510,133.5740,123.1760,115.2410,108.2950,99.8784,91.7467,79.6328,62.2177,42.9091,28.4603,12.6077
47.811,0.005225062266704591,0.9879721050590436,5.615321280970095e-34,5,203.682,0.466319,-0.0547431,13913.5,0.0,4.3144,8.7271,13.0686,21.5887,200.0000,200.0000,186.4500,160.1170,134.9460,122.1140,113.4790,106.3610,97.7872,89.5533,77.3786,60.6140,42.4384,28.6278,13.0031
47.927,0.0073873838361242575,0.9916273848992228,6.606369333848507e-35,5,206.243,0.517436,-0.038152,14104.5,0.0,3.9601,8.2269,12.6224,22.0705,200.0000,200.0000,179.8790,154.5530,129.6440,116.6890,108.1420,101.2940,93.0550,85.1557,73.4974,57.7175,41.0717,28.2356,13.2193
48.029,0.037598229015421196,0.9925004868744023,1.1103324939399187e-35,5,208.342,0.550939,-0.0410026,14247.0,0.0,3.6745,7.5821,11.5384,19.6441,200.0000,200.0000,200.0000,182.3470,167.2230,148.7730,124.4600,111.7350,100.6320,91.0176,77.2243,59.3613,42.2277,29.0168,13.5470
48.147,0.009856150147018574,0.9928144730218282,1.306295075795375e-36,5,210.868,0.589711,-0.0354007,14396.6,0.0,3.3740,7.0187,10.7488,18.5017,200.0000,200.0000,200.0000,195.3450,180.5870,166.6550,150.6610,128.9990,106.6810,94.4175,78.9419,59.5497,42.2414,29.2397,13.8015
48.250,0.003229663280175046,0.9928894719104175,2.195490133889287e-37,5,212.967,0.615326,-0.0222929,14516.0,0.0,3.2026,6.8156,10.6704,19.4276,200.0000,200.0000,200.0000,192.6550,177.7940,164.4450,149.7350,131.6600,105.4220,92.0830,76.7041,57.6444,40.9276,28.6913,13.8372
48.368,0.015073836570468208,0.9929164431151094,2.582972187619408e-38,5,215.438,0.631388,-0.00956184,14666.1,0.0,3.1071,6.7707,10.8644,21.3473,132.9420,200.0000,200.0000,195.6710,179.7200,166.1840,153.2110,138.6650,111.2830,92.4320,75.6639,56.2900,39.6318,28.0556,13.7996
48.489,0.003951515813928818,0.9929235134545922,3.038840949012358e-39,5,217.863,0.632589,0.00420159,14812.1,0.0,3.1401,7.0373,11.6624,26.5393,120.8120,200.0000,200.0000,197.7350,180.7800,166.5140,154.1720,141.4280,120.6000,93.9200,74.3934,54.8305,38.2940,27.1652,13.6290
48.612,0.008396612349026555,0.9929253669016654,3.5751659881035493e-40,5,220.239,0.615438,0.0219666,14955.3,0.0,3.3485,7.8122,13.6570,37.1690,129.3350,200.0000,200.0000,191.9730,175.2750,161.2630,149.2980,137.4710,118.9990,92.8390,71.3795,52.3920,36.5082,25.8713,13.2668
48.728,0.032391275879143214,0.9929258527716951,4.2061470333439455e-41,6,220.231,0.587682,0.0100676,13688.3,0.0,3.5465,8.0734,13.6841,28.5990,74.8173,113.4740,200.0000,200.0000,200.0000,200.0000,194.6270,176.7990,156.7210,138.4780,101.4890,59.2886,39.0015,26.6097,13.1855
48.848,0.00849117862406212,0.9929259801396081,4.9484899232588184e-42,6,222.046,0.563278,0.018851,13772.6,0.0,3.7918,8.7674,14.6634,28.7559,64.4758,91.4689,200.0000,200.0000,200.0000,200.0000,200.0000,192.0770,167.8630,146.7470,115.3430,61.8101,39.3543,26.4608,12.9047
48.950,0.0027823894115326757,0.9929260105627716,8.316927014021095e-43,6,223.438,0.534534,0.0305716,13932.2,0.0,4.0761,9.4188,15.6973,30.5313,63.3256,87.4197,200.0000,200.0000,200.0000,200.0000,200.0000,190.4940,166.0950,144.9090,115.1990,62.1767,38.7323,25.9857,12.6405
49.069,0.0007293866898968217,0.9929260215035922,9.784781462725678e-44,6,225.17,0.496205,0.0298793,14036.6,0.0,4.4085,10.1717,16.9251,32.7982,61.7850,84.2553,200.0000,200.0000,200.0000,200.0000,200.0000,186.1200,162.1060,141.2950,113.1900,63.3121,37.8721,25.3831,12.3328
49.188,0.00019120434443631242,0.9929260243716627,1.1511697543082132e-44,6,226.873,0.458579,0.029792,14135.4,0.0,4.7373,10.9283,18.1804,35.0414,59.8248,82.9090,200.0000,200.0000,200.0000,200.0000,200.0000,180.3660,157.0710,136.8910,110.1460,65.9777,37.0458,24.7504,12.0236
49.310,0.015572675006074163,0.993867187232885,1.3543397042460697e-45,6,228.529,0.424319,0.020445,14236.4,0.0,4.9878,11.2816,18.3853,33.0885,52.4412,68.9537,200.0000,200.0000,200.0000,200.0000,200.0000,200.0000,168.7520,145.0100,114.7920,74.6155,38.4166,24.7830,11.8461
49.430,0.013734451980798552,0.9931727453206023,1.5933671186484588e-46,6,230.157,0.400234,0.0121104,14334.3,0.0,5.1520,11.4571,18.3287,30.7099,46.0584,58.9315,75.1347,197.0490,200.0000,200.0000,200.0000,200.0000,200.0000,153.7580,119.4110,80.1508,41.0810,25.1276,11.7401
49.547,0.015573102250209454,0.9939318636493238,1.8745804814187252e-47,6,231.756,0.386518,0.00396508,14431.5,0.0,5.2263,11.4131,17.6123,27.8496,40.0159,50.2275,60.6605,183.0690,190.3000,196.7370,200.0000,200.0000,200.0000,164.6580,125.0870,84.1499,45.9074,26.1519,11.7187
49.649,0.021334527356868634,0.9932556184712353,3.1506074151204516e-48,6,233.054,0.385462,-0.0103315,14510.4,0.0,5.1555,10.7703,15.9841,24.0468,33.2430,40.4810,46.5382,55.2483,70.9805,179.7150,186.2670,192.5130,200.0000,200.0000,141.5070,91.2080,52.3014,28.4911,11.9526
49.767,0.005592718339438972,0.9947065180360235,3.706658117815061e-49,6,234.594,0.406586,-0.0305856,14586.4,0.0,4.8723,9.8044,14.1590,20.5975,27.7165,33.4723,38.1183,44.1818,51.3207,165.6880,172.9430,179.1210,187.6850,198.5710,151.5100,94.6479,56.1800,31.6389,12.4442
49.868,0.0018326219454673624,0.9935094572206691,6.229780298611774e-50,6,235.836,0.446833,-0.0455383,14665.3,0.0,4.4812,8.8245,12.5569,17.9527,23.9200,29.0400,33.1748,38.5329,44.6922,157.8400,165.1130,171.2270,179.3980,189.7370,200.0000,94.7865,57.3445,33.6458,13.0209
49.988,-0.03650114811792741,0.99307896854428,7.329274223513769e-51,6,237.294,0.514043,-0.0486911,14781.6,0.0,3.9269,7.7128,10.9690,15.7579,21.8475,27.8348,33.4686,43.7172,153.7750,160.0650,165.6510,171.2990,179.9090,190.9100,130.7590,85.6379,54.1310,33.6582,13.6824
50.089,-0.011960696215282455,0.9929761418032147,1.2318311187459592e-51,6,238.552,0.574946,-0.0510905,14863.3,0.0,3.4284,6.7223,9.6172,14.2977,20.9698,28.8162,40.1048,149.2870,155.0570,160.3530,165.8780,171.8110,180.8910,192.5570,115.6880,78.5642,51.2196,33.1187,14.2236
50.207,-0.0031354247486590032,0.9929391631074869,1.4492369928934338e-52,6,240.165,0.657069,-0.0607603,14959.1,0.0,2.7527,5.4509,7.9398,12.1360,18.5391,27.0986,133.2550,142.3330,147.6980,152.7140,157.9920,163.6610,172.3400,183.4950,112.2410,76.3890,50.0629,33.2198,14.8085
50.307,-0.001027415981640582,0.9929303303576862,2.4357326139559943e-53,6,241.561,0.718348,-0.0469673,15040.1,0.0,2.2885,4.6249,6.8457,10.7407,17.1196,27.2892,127.6210,136.0020,141.0860,145.8730,150.9100,156.3190,164.6000,175.2420,110.0640,74.8587,49.0362,33.0315,15.1256
50.408,-0.00033666366886398586,0.9929274360422315,4.093735804275841e-54,6,242.959,0.763545,-0.0330918,15136.8,0.0,1.9457,4.0193,6.0593,9.8151,16.6138,41.6751,121.9150,129.6500,134.4530,139.0090,143.8040,148.9530,156.8350,166.9640,107.8450,73.2971,47.9883,32.5842,15.2973
50.527,-8.825436081068072e-05,0.9932347951844797,4.816239236372483e-55,6,244.667,0.796921,-0.0161412,15226.9,0.0,1.6981,3.6111,5.5874,9.5169,18.2565,102.9970,115.0760,122.0770,126.5420,130.8180,135.3280,140.1710,147.5840,157.1090,178.8430,71.3264,46.6853,31.7524,15.3205
50.629,-2.891918895044386e-05,0.9930272030766752,8.094653284571232e-56,6,246.071,0.807119,-0.00184423,15297.7,0.0,1.6356,3.5724,5.6730,10.2343,24.9076,99.6794,109.3270,115.7600,119.9450,123.9880,128.2620,132.8520,139.8770,148.9040,169.4980,69.6415,45.5794,30.9990,15.1936
50.747,-7.5809918682251546e-06,0.9929525485139569,9.523278642765207e-57,6,247.715,0.797775,0.0154425,15389.4,0.0,1.7454,3.9501,6.5174,13.0397,36.1224,94.3684,102.3280,108.1310,111.9860,115.7510,119.7410,124.0250,130.5830,139.0090,158.2340,67.5988,44.2410,30.0880,14.8710
50.848,-2.484139415380019e-06,0.9940189352376784,1.6005774414895485e-57,6,249.069,0.771673,0.0299289,15441.9,0.0,2.0013,4.6815,7.9857,16.4336,45.5102,89.4731,96.4110,101.7270,105.3130,108.8450,112.5970,116.6260,122.7920,130.7140,148.7900,65.8864,43.1190,29.3244,14.4973
50.950,-8.140028036317245e-07,0.9932841500893074,2.690090505911485e-58,6,250.328,0.729362,0.04026,15548.3,0.0,2.3948,5.6531,9.6442,19.8460,54.9539,84.3274,90.4290,95.2845,98.6071,101.9070,105.4200,109.1910,114.9650,122.3820,139.3050,64.1615,41.9897,28.5561,14.1174
51.068,-2.133859509552348e-07,0.9930199056316363,3.1648645792998037e-59,6,251.816,0.673181,0.0402657,15705.2,0.0,2.8919,6.8267,11.6466,23.9675,64.5032,77.9107,83.1714,87.5057,90.5178,93.5405,96.7645,100.2270,105.5260,112.3340,127.8690,62.0750,40.6246,27.6280,13.6587
51.189,-5.593784672720907e-08,0.9936445355325245,3.7234315289004267e-60,6,253.415,0.616657,0.0402858,15759.8,0.0,3.3921,8.0079,13.6625,28.1196,61.6130,71.2926,75.8290,79.6719,82.3804,85.1259,88.0603,91.2112,96.0342,102.2310,116.3700,160.3530,39.2491,26.6933,13.1970
51.310,-0.07494510483074589,0.9874674058570131,4.3805799594360626e-61,6,254.89,0.555745,0.0578276,15845.7,0.0,4.0080,9.8586,17.6489,41.4541,62.1519,69.4847,73.3359,76.7716,79.4188,82.2615,85.3223,88.6265,93.7197,100.3270,115.6790,150.1730,35.3449,24.5857,12.4994
51.430,-0.01964640956075105,0.2933994556409808,5.153708516476934e-62,6,254.202,0.464289,0.0840384,15575.9,0.0,4.9814,13.1166,25.6992,50.3794,62.6674,69.0732,72.9678,76.7676,79.7410,82.9605,86.4578,90.2702,96.2227,104.0860,146.1820,45.7831,30.3707,21.7584,11.5002
51.547,-0.04336541213304977,0.07691290689954927,0.3252538604736328,6,250.133,0.346856,0.0959713,15153.7,0.0,6.1608,16.7855,33.0771,48.6047,58.8589,65.0178,68.8815,72.6719,75.6523,78.8940,82.4323,86.3100,92.4075,100.5430,136.9570,129.0080,26.8757,19.4880,10.4731
51.647,-0.125873135093589,0.025202821332844304,0.8046184433683777,6,238.67,0.230609,0.135834,14178.8,0.0,7.6324,23.5909,38.0925,51.6316,63.0661,71.0041,76.1370,81.2921,85.4317,90.0227,95.1427,100.8880,130.5420,129.0130,125.5030,31.8728,21.8158,16.3860,9.2719
51.749,-0.08840953360552974,0.008258460494346422,0.8506238938350288,6,224.298,0.0891702,0.169182,13225.6,0.0,9.4558,27.4957,40.2243,54.0978,68.1842,78.4870,85.3932,92.5322,124.7540,123.9250,123.0300,122.0610,120.5650,118.6190,114.0660,25.2067,17.7447,13.6111,8.0079
51.867,-0.07816645810549425,0.0021649058678299485,0.11826587879390278,6,212.964,-0.103995,0.191283,12929.4,0.0,11.7772,28.5294,39.9950,54.8931,71.0442,83.4038,117.4090,116.2930,115.4240,114.4890,113.4810,112.3910,110.7070,108.5180,103.2920,21.5902,14.4847,10.8154,6.4877
51.970,-0.09311767681625835,0.0007093963547705176,0.05046471480357874,6,209.598,-0.29606,0.238659,12751.7,0.0,13.6909,31.0748,44.6688,65.8668,110.7630,108.1840,106.5690,104.9870,103.7460,102.3970,100.9190,99.2866,96.6509,92.8296,24.4310,15.3978,10.9585,8.2232,4.9486
52.089,-0.09380086124892748,0.00018596399802496257,0.7742289527912524,6,197.262,-0.54509,0.234037,11747.1,0.0,15.7912,36.5972,58.6837,101.8270,95.3608,90.7352,87.5149,83.7705,79.5268,41.4609,24.4557,19.0000,16.1259,14.1650,11.8543,9.2520,6.9975,5.3608,3.2290
52.207,-0.06414204837558883,4.8749346298255795e-05,0.8462015985842721,6,183.086,-0.739414,0.174225,10597.8,0.0,16.7382,38.9701,65.1228,92.7484,85.2201,79.3669,74.1788,34.1788,21.2139,15.4743,13.0541,11.6131,10.2308,9.1052,7.6591,5.9375,4.4187,3.3220,1.9172
52.308,0.14170521551828705,1.597418579501246e-05,0.8578677120185411,5,172.969,-0.850043,0.113595,10763.3,0.0,16.7661,37.9840,62.0058,88.3169,81.4703,76.5176,72.8549,67.5164,31.9006,18.7909,13.3186,10.4130,8.4689,7.1760,5.7178,4.1765,2.9497,2.1302,1.1527
52.409,0.09781497506603229,5.2344212013096816e-06,0.8608084207498253,5,163.898,-0.919818,0.065355,9067.76,0.0,16.7711,37.4653,60.2942,83.7031,77.2348,72.7236,69.5680,65.7542,55.4448,21.7606,13.5380,9.8254,7.1006,5.4938,4.0393,2.7336,1.8176,1.2581,0.6409
52.527,0.025641608823709965,1.372172111396125e-06,0.6877165954585921,5,156.554,-0.962667,0.0179946,6967.06,0.0,16.7933,37.0175,85.0779,78.2415,72.1015,67.9510,65.1566,62.0309,58.8113,28.2909,13.2216,8.6271,5.8041,4.2249,2.7987,1.6730,1.0090,0.6580,0.3115
52.629,0.00840224237935328,4.496333574622822e-07,0.7322272364811963,4,151.939,-0.97648,-0.0182923,6082.5,0.0,16.4724,34.5933,52.6965,75.6361,70.4153,67.0989,65.0342,62.9845,61.3191,59.4065,57.0686,53.6747,12.4026,5.5694,2.7403,1.3609,0.7428,0.4579,0.2033
52.750,0.14475294133037322,1.1786868685859249e-07,0.8207431105554207,4,136.106,-0.990486,-0.0521386,5285.65,0.0,16.0740,31.8987,46.1821,72.6810,68.2859,65.6101,64.0096,62.4891,61.3183,60.0626,58.7054,57.2146,54.8086,51.1671,3.2300,0.8158,0.3644,0.2069,0.0853
52.870,0.06564280623488936,3.089856904785887e-08,0.47105865643040945,4,124.801,-1.00149,-0.071123,5417.62,0.0,-1.0000,-1.0000,-1.0000,-1.0000,-1.0000,-1.0000,-1.0000,-1.0000,-1.0000,-1.0000,-1.0000,-1.0000,-1.0000,-1.0000,-1.0000,-1.0000,-1.0000,-1.0000,-1.0000
52.988,0.017207867797638835,8.099874484481917e-09,0.7390669598447465,3,113.82,-1.0088,-0.081776,6843.03,0.0,-1.0000,-1.0000,-1.0000,-1.0000,-1.0000,-1.0000,-1.0000,-1.0000,-1.0000,-1.0000,-1.0000,-1.0000,-1.0000,-1.0000,-1.0000,-1.0000,-1.0000,-1.0000,-1.0000
53.089,0.005638674119930294,2.6541668710750346e-09,0.8220905703363702,3,104.923,-1.01152,-0.0781882,5235.99,0.0,-1.0000,-1.0000,-1.0000,-1.0000,-1.0000,-1.0000,-1.0000,-1.0000,-1.0000,-1.0000,-1.0000,-1.0000,-1.0000,-1.0000,-1.0000,-1.0000,-1.0000,-1.0000,-1.0000
53.207,0.03582159779246082,6.957739202510938e-10,0.8242414792736638,3,94.9371,-1.01275,-0.084153,5235.99,0.0,-1.0000,-1.0000,-1.0000,-1.0000,-1.0000,-1.0000,-1.0000,-1.0000,-1.0000,-1.0000,-1.0000,-1.0000,-1.0000,-1.0000,-1.0000,-1.0000,-1.0000,-1.0000,-1.0000
53.308,0.05928908229172731,2.2799119818787845e-10,0.562468267130509,2,86.3594,-1.01315,-0.100553,5235.99,0.0,-1.0000,-1.0000,-1.0000,-1.0000,-1.0000,-1.0000,-1.0000,-1.0000,-1.0000,-1.0000,-1.0000,-1.0000,-1.0000,-1.0000,-1.0000,-1.0000,-1.0000,-1.0000,-1.0000
53.409,0.13238282039318913,7.4708155822204e-11,0.1140242148438805,2,78.4156,-1.01316,-0.129442,5235.99,0.0,-1.0000,-1.0000,-1.0000,-1.0000,-1.0000,-1.0000,-1.0000,-1.0000,-1.0000,-1.0000,-1.0000,-1.0000,-1.0000,-1.0000,-1.0000,-1.0000,-1.0000,-1.0000,-1.0000
53.529,0.07117550569147717,1.9584294799855847e-11,0.013414834852167696,2,72.4393,-1.00417,-0.1989,7208.75,0.0,-1.0000,-1.0000,-1.0000,-1.0000,-1.0000,-1.0000,-1.0000,-1.0000,-1.0000,-1.0000,-1.0000,-1.0000,-1.0000,-1.0000,-1.0000,-1.0000,-1.0000,-1.0000,-1.0000
53.650,0.018658231763986594,5.133905376013411e-12,0.0015782419055226779,2,70.4976,-0.959873,-0.265765,8005.83,0.0,13.5475,20.9062,25.9475,55.2384,52.9206,51.6144,50.8765,50.2109,49.7237,49.2265,48.7190,48.2007,47.4565,46.5779,44.8425,40.9853,32.9489,3.6589,0.4849
53.767,0.004891143507538501,1.3458224908896596e-12,0.0001856785819428375,2,69.5859,-0.877302,-0.317954,7951.29,0.0,12.6174,18.6228,22.4184,54.5411,52.6213,51.5159,50.8920,50.3259,49.9097,49.4833,49.0465,48.6008,47.9630,47.2140,45.7486,42.5525,36.2803,23.9196,1.6338
53.869,-0.2298410042646978,4.409991138147236e-13,3.12069992671327e-05,2,69.0314,-0.786712,-0.314401,7910.43,0.0,12.0302,17.8075,21.6170,52.3374,50.4105,49.3180,48.7045,48.1494,47.7423,47.3259,46.9007,46.4684,45.8512,45.1282,43.7200,40.6787,34.8502,24.4935,2.8202
53.989,-0.09294521264196494,1.1560527169184692e-13,3.6714722567788956e-06,2,68.4499,-0.683729,-0.26315,7843.87,0.0,11.6561,18.0430,25.1923,47.9713,45.7819,44.5847,43.9218,43.3292,42.8986,42.4619,42.0190,41.5696,40.9297,40.1823,38.7330,35.6410,29.9078,20.4674,3.8042
54.108,-0.02436502982281526,3.030522834238752e-14,4.319450395377804e-07,2,67.9094,-0.589638,-0.246696,7783.59,0.0,11.1115,17.7093,47.9449,44.8208,42.6162,41.4324,40.7831,40.2046,39.7854,39.3612,38.9319,38.4974,37.8804,37.1624,35.7784,32.8726,27.6607,19.8034,4.7993
54.209,0.3599005307319763,9.930417223233541e-15,7.259700279511476e-08,2,67.3623,-0.510737,-0.264125,7721.73,0.0,10.4527,16.5560,46.3861,43.4289,41.3547,40.2419,39.6324,39.0906,38.6988,38.3030,37.9032,37.4993,36.9271,36.2634,34.9905,32.3360,27.6609,20.8727,5.8949
54.328,0.11839020455380318,2.6031992925673335e-15,8.540964781842458e-09,2,66.7794,-0.3971,-0.329947,7654.15,0.0,9.3341,13.8895,18.9801,43.2882,41.5355,40.5854,40.0617,39.5937,39.2538,38.9092,38.5598,38.2063,37.7064,37.1277,36.0224,33.7337,29.7097,23.8673,8.2238
54.430,0.03879410222819023,8.53016344188464e-16,1.4354799508842621e-09,2,66.3824,-0.293396,-0.347969,7609.89,0.0,8.5670,12.7197,17.4144,41.8432,40.2072,39.3180,38.8291,38.3933,38.0773,37.7575,37.4338,37.1063,36.6411,36.1025,35.0769,32.9687,29.3085,24.0726,9.8196
54.547,0.0101696411345067,2.236131165309407e-16,1.688827807415826e-10,2,65.9304,-0.166373,-0.354798,7559.62,0.0,7.7012,11.7363,17.4950,39.6632,38.1034,37.2630,36.8027,36.3936,36.0977,35.7989,35.4971,35.1923,34.7606,34.2605,33.3115,31.3780,28.0787,23.4585,10.9764
54.648,0.0033323880069551547,7.327354602485865e-17,2.838412895923779e-11,2,65.5697,-0.0603653,-0.356484,7517.62,0.0,6.9972,11.1386,39.9201,37.7376,36.2283,35.4226,34.9833,34.5939,34.3129,34.0295,33.7438,33.4558,33.0489,32.5785,31.6880,29.8874,26.8576,22.6921,11.5504
54.749,0.03361644645290031,2.401027556142568e-17,4.770520554179096e-12,2,65.2255,0.0454369,-0.357726,7479.32,0.0,6.3545,10.7413,37.9559,35.8048,34.3463,33.5753,33.1568,32.7867,32.5202,32.2520,31.9821,31.7105,31.3275,30.8860,30.0521,28.3782,25.5987,21.8423,11.8963
54.849,0.19791112620523324,0.03726399609375001,8.017813895408808e-13,2,64.9293,0.153474,-0.356584,7466.1,0.0,5.7055,9.9356,36.4549,34.4323,33.0699,32.3520,31.9605,31.6149,31.3665,31.1168,30.8658,30.6136,30.2585,29.8500,29.0770,27.5234,24.9655,21.5382,12.3751
54.969,0.18698040633767785,0.09360333846075,9.432877869809509e-14,2,64.9561,0.280379,-0.344122,7503.52,0.0,4.8724,8.3675,35.1548,33.3947,32.1834,31.5482,31.2017,30.8942,30.6721,30.4480,30.2220,29.9942,29.6738,29.3057,28.6107,27.2053,24.8690,21.7515,13.1638
55.088,0.15875321634295766,0.11564505746370485,1.1097686485052192e-14,2,65.274,0.399656,-0.31371,7576.65,0.0,4.1262,7.2169,33.5288,31.9532,30.8677,30.2945,29.9829,29.7070,29.5081,29.3077,29.1058,28.9025,28.6155,28.2843,27.6552,26.3877,24.2747,21.4530,13.6154
55.209,0.1498435090264419,0.12409576106876544,1.3056317172799054e-15,2,65.7826,0.50703,-0.275291,7611.13,0.0,3.4628,6.2687,31.7946,30.3619,29.3924,28.8768,28.5948,28.3456,28.1664,27.9861,27.8047,27.6223,27.3654,27.0694,26.5085,25.3676,23.4723,20.9254,13.8510
55.330,0.2233909278447424,0.12853371075211045,1.536062659062636e-16,2,66.3746,0.600626,-0.230639,7671.67,0.0,2.8824,5.4825,30.0605,28.7091,27.8415,27.3840,27.1338,26.9114,26.7505,26.5882,26.4250,26.2611,26.0307,25.7659,25.2657,24.2534,22.5571,20.2796,13.9289
55.450,0.28414661773778355,0.13091623638390124,1.8071623577606005e-17,2,66.9156,0.681045,-0.18985,7692.99,0.0,2.3633,4.6955,28.5319,27.1618,26.3957,25.9947,25.7762,25.5825,25.4426,25.3016,25.1594,25.0161,24.8136,24.5795,24.1350,23.2398,21.7435,19.7117,13.9767
55.551,0.2887099456757417,0.13187082765077673,3.037297774688242e-18,2,67.3836,0.738548,-0.159702,7753.7,0.0,1.9791,4.0621,27.4582,25.9735,25.2426,24.8860,24.6921,24.5205,24.3969,24.2723,24.1469,24.0206,23.8424,23.6368,23.2459,22.4457,21.1038,19.2699,13.9903
55.668,0.2801514985754575,0.1317910415561852,3.5733504589429704e-19,2,67.939,0.794792,-0.115882,7811.91,0.0,1.6070,3.5334,26.2422,24.6139,23.8137,23.4565,23.2767,23.1253,23.0182,22.9106,22.8023,22.6935,22.5402,22.3637,22.0294,21.3488,20.1886,18.5948,13.8835
55.769,0.2697733348294393,0.13508638029400577,6.005730116345452e-20,2,68.3932,0.828168,-0.0681298,7870.45,0.0,1.4008,3.4616,25.2639,23.5158,22.6572,22.2734,22.0801,21.9171,21.8042,21.6940,21.5866,21.4819,21.3397,21.1826,20.8883,20.2927,19.2870,17.8831,13.6860
55.869,0.2613941664000036,0.1354795250166148,1.0093830606541801e-20,2,68.8434,0.846584,-0.0105217,7941.79,0.0,1.3270,4.4777,24.2891,22.4258,21.5134,21.1056,20.9002,20.7269,20.6068,20.4896,20.3753,20.2638,20.1123,19.9455,19.6503,19.1154,18.2440,17.0390,13.3703
55.970,0.3134754927213426,0.13991059091369434,1.6964701100414806e-21,2,69.1855,0.847063,0.0487611,8005.37,0.0,1.4187,27.6008,23.4578,21.4506,20.4735,20.0376,19.8181,19.6330,19.5047,19.3795,19.2574,19.1382,18.9763,18.7979,18.4820,17.9167,17.1310,16.1047,12.9671
56.090,0.3793635621570486,0.14368248678822948,1.995880119762702e-22,2,69.5133,0.824522,0.113408,8064.85,0.0,1.8248,54.1483,22.7454,20.4993,19.4189,18.9391,18.6979,18.4948,18.3540,18.2168,18.0829,17.9524,17.7750,17.5798,17.2339,16.6144,15.7667,14.8730,12.3495
56.208,0.4566719666411237,0.14578590376973863,2.3481330020996216e-23,2,69.7895,0.773365,0.197228,8091.06,0.0,3.0938,48.1044,22.8039,20.0189,18.7669,18.2158,17.9398,17.7079,17.5475,17.3913,17.2391,17.0909,16.8897,16.6686,16.2775,15.5788,14.6225,13.6269,11.5966
56.312,0.461825085592023,0.14829627338476795,3.9465071366288344e-24,2,69.9812,0.701186,0.296093,8128.19,0.0,13.2749,43.2565,49.0900,19.8729,18.4312,17.8035,17.4907,17.2285,17.0476,16.8717,16.7007,16.5343,16.3089,16.0616,15.6257,14.8504,13.7945,12.6945,10.8008
56.432,0.4057182203596384,0.14935957946205158,4.643026181172458e-25,2,70.1853,0.564208,0.456973,8188.86,0.0,15.4203,38.1187,43.5262,47.4025,18.1274,17.3571,16.9957,16.6942,16.4868,16.2858,16.0907,15.9015,15.6460,15.3665,14.8762,14.0112,12.8455,11.6400,9.6235
56.533,0.2049671727873047,0.15699960402937505,7.80353410269655e-26,2,70.547,0.405724,0.530747,8218.87,0.0,14.1324,33.1286,38.1145,41.7281,43.9240,45.0302,19.1020,17.8576,17.3075,16.8816,16.5320,16.2331,15.8746,15.5239,14.9253,13.8835,12.5060,11.1069,8.7154
56.648,0.07969104154080911,0.17070558622992646,9.180779836481464e-27,2,71.2001,0.212399,0.503105,8273.54,0.0,15.6329,30.7464,35.2327,38.5517,40.5909,41.6251,42.1802,42.6682,43.0183,16.2923,15.5898,15.0849,14.5504,14.0823,13.4213,12.4280,11.1270,9.8156,7.5742
56.753,0.0714825308470767,0.19329828696457232,1.5430136671174395e-27,2,71.9128,0.0561943,0.488687,8385.38,0.0,16.1972,29.0999,33.1926,36.2719,38.1827,39.1569,39.6814,40.1429,40.4741,40.8070,15.2417,14.1894,13.4140,12.8069,12.0338,11.0486,9.8589,8.6650,6.6267
56.856,0.07956683206795447,0.23381531079755102,2.5933430703242804e-28,2,72.8753,-0.097673,0.472397,8559.8,0.0,16.3139,27.4014,31.1093,33.9458,35.7239,36.6349,37.1270,37.5609,37.8727,38.1859,38.5009,38.8176,12.9883,11.8679,10.8114,9.6837,8.5906,7.5179,5.6904
56.973,0.08483766018280466,0.27253704098996323,3.051042188805813e-29,2,74.385,-0.279484,0.451966,8870.33,0.0,16.0963,25.3430,28.6037,31.1473,32.7622,33.5942,34.0452,34.4440,34.7312,35.0202,35.3110,35.6036,36.0165,36.4933,9.8264,8.2027,7.0405,6.1249,4.5751
57.074,0.08880609183519166,0.28835997079471615,5.127886606725932e-30,2,75.9596,-0.427949,0.427969,8976.52,0.0,15.6117,23.4620,26.3450,28.6312,30.0982,30.8587,31.2716,31.6374,31.9014,32.1675,32.4356,32.7059,33.0878,33.5290,34.3712,7.5185,5.9231,4.9852,3.6639
57.187,0.02905723373247846,0.29270603852776006,6.032907313946991e-31,2,77.9493,-0.600584,0.404761,9155.4,0.0,14.9001,21.3220,23.7889,25.7831,27.0786,27.7554,28.1243,28.4514,28.6878,28.9266,29.1677,29.4111,29.7557,30.1551,30.9195,32.5123,5.0708,3.8137,2.5812
57.309,-0.07648891920129938,0.3007204856700711,7.097655125785496e-32,2,80.1491,-0.759966,0.275391,9607.25,0.0,14.1958,19.5320,21.6687,23.4264,24.5825,25.1905,25.5229,25.8185,26.0324,26.2488,26.4677,26.6889,27.0028,27.3674,28.0677,29.5360,32.1940,3.1633,1.6971
57.411,-0.3643604085072656,0.3051289364006189,1.1929028969907681e-32,2,80.5994,-0.823667,0.0764138,12005.1,0.0,13.4797,18.0279,19.9147,21.4884,22.5340,23.0867,23.3898,23.6598,23.8556,24.0538,24.2546,24.4578,24.7465,25.0825,25.7299,27.0946,29.5902,4.1727,1.4457
57.512,-0.4714962080642674,0.30973730808287975,2.0049118989723847e-33,2,80.4238,-0.833018,0.0462205,13686.4,0.0,13.5620,18.4128,20.4665,22.1937,23.3473,23.9586,24.2944,24.5942,24.8117,25.0320,25.2552,25.4813,25.8025,26.1767,26.8983,28.4252,31.3067,3.9343,1.3981
57.629,-0.44820209794750376,0.3170940690775784,2.3587588000220213e-34,2,82.8579,-0.814849,0.0591094,9882.4,0.0,13.7583,19.2784,21.6651,23.6902,25.0483,25.7710,26.1686,26.5235,26.7810,27.0432,27.3125,27.5894,27.9903,28.4683,29.4257,31.6167,36.3444,3.8482,1.5262
57.753,-0.41770557100055794,0.31838532014427273,2.7750561406379085e-35,2,84.625,-0.782236,-0.0786775,10142.6,0.0,12.7076,17.3525,19.4287,21.2170,22.4295,23.0788,23.4371,23.7577,23.9907,24.2282,24.4723,24.7232,25.0865,25.5198,26.3881,28.3768,32.6767,42.1451,2.1117
57.873,-0.23245803942310386,0.3221041669889002,3.2648257988990934e-36,2,86.3123,-0.726293,-0.13856,10121.8,0.0,12.0580,16.4112,18.4090,20.1499,21.3410,21.9974,22.3707,22.7116,22.9637,23.2231,23.4904,23.7656,24.1652,24.6432,25.6062,27.8385,32.8001,44.4440,2.9193
57.991,-0.3108731421067641,0.32525500717301326,3.841034904146796e-37,2,88.3174,-0.646799,-0.195216,10341.7,0.0,11.2788,15.2681,17.1462,18.8094,20.0216,20.7104,21.1036,21.4636,21.7304,22.0056,22.2895,22.5826,23.0092,23.5213,24.5588,26.9951,32.5750,46.6555,4.2263
58.110,-0.5990381961752772,0.3343117071941124,4.518939154379665e-38,2,89.8129,-0.549559,-0.205831,10590.2,0.0,10.6234,14.5556,16.4811,18.3662,19.7984,20.6240,21.0992,21.5369,21.8628,22.2005,22.5504,22.9134,23.4448,24.0875,25.4068,28.5969,36.4378,58.7053,5.6160
58.228,-0.3714326409813172,0.3788252331706934,5.316486725736132e-39,2,91.3807,-0.448387,-0.191646,10899.8,0.0,10.0529,14.1620,16.4841,18.8691,20.7475,21.8584,22.5074,23.1116,23.5657,24.0397,24.5352,25.0534,25.8203,26.7613,28.7403,33.8081,48.2675,76.4244,6.7816
58.328,-0.3080167221412482,0.4194384992803728,8.935419239944718e-40,2,93.1416,-0.363555,-0.185803,11144.9,0.0,9.5341,13.9547,16.6769,19.5887,21.9728,23.4227,24.2842,25.0959,25.7121,26.3614,27.0465,27.7703,28.8550,30.2091,33.1425,41.2318,61.0723,89.7542,7.7698
58.430,-0.2855178282109551,0.45605434572544257,1.501775911657509e-40,2,95.1939,-0.278072,-0.185157,11399.5,0.0,8.9909,13.8867,17.0802,20.6683,23.7512,25.6946,26.8750,28.0052,28.8753,29.8034,30.7958,31.8589,33.4813,35.5572,40.2582,52.0654,71.9987,157.5910,8.4443
58.547,-0.2711749772135342,0.4828004287652254,1.7668243423059432e-41,2,97.7862,-0.174964,-0.175604,11774.2,0.0,8.5759,14.4087,18.5841,23.7155,28.5544,31.8361,33.9252,35.9979,37.6442,39.4501,41.3315,43.2262,45.8974,48.9723,54.7823,66.4853,88.3708,32.7028,8.6937
58.649,-0.23865895218128402,0.495262054263414,2.969501672113599e-42,2,100.244,-0.103446,-0.11265,11848.8,0.0,8.4651,15.4044,20.9151,28.4552,36.4872,41.7639,44.6512,47.2105,49.0544,50.9097,52.7750,54.6490,57.2851,60.3119,66.0154,77.5940,143.8360,24.7647,8.6326
58.749,-0.09082944751981588,0.5077722687691605,4.990841460321327e-43,2,102.629,-0.0543262,-0.0793703,12440.1,0.0,8.3133,15.8343,22.2110,31.6011,41.0029,46.1148,48.9121,51.3929,53.1811,54.9814,56.7925,58.6130,61.1757,64.1210,69.6783,83.8357,124.8960,22.7347,8.7452
58.868,-0.03841404794655555,0.5333424805773478,5.871675069653439e-44,2,105.966,-0.0125772,-0.048982,12712.3,0.0,8.2003,16.3551,23.7736,35.0720,44.1618,49.0557,51.7385,54.1211,55.8408,57.5737,59.3188,61.0748,63.5497,66.3982,72.0058,149.2830,39.7609,21.2438,8.8210
58.969,-0.05034887399188904,0.5680524628637103,9.868524289566537e-45,2,108.928,0.0111246,-0.0386365,13079.5,0.0,8.0846,16.3971,24.1642,35.3038,43.8159,48.4432,50.9928,53.2642,54.9077,56.5671,58.2415,59.9295,62.3133,65.0638,70.8612,143.8100,40.4161,21.0065,8.9313
59.088,-0.10593234718905475,0.6027585866218195,1.1610220141432138e-45,2,112.596,0.0263193,0.00186699,13717.9,0.0,8.2774,18.0421,27.9534,39.5041,47.9420,52.4922,54.9932,57.2189,58.8281,60.4523,62.0904,63.7926,66.5065,70.3127,85.7200,125.9870,30.3619,18.8124,8.6924
59.207,-0.027769529221527568,0.6292643231032652,1.3659307894193499e-46,2,116.665,0.0204825,0.0344884,14155.9,0.0,8.6136,20.0739,30.7786,42.1691,50.3847,54.8052,57.2343,59.4149,61.1309,63.0542,65.2534,67.8488,72.6934,139.4180,131.2330,108.3220,26.0858,17.1042,8.3753
59.307,-0.009099519335310153,0.6472755912069779,2.295719877777102e-47,2,120.204,0.00322596,0.0435016,14616.8,0.0,8.8512,20.7995,30.8508,41.4786,49.2095,53.3995,55.7158,57.9610,59.7906,61.8761,64.3246,67.3466,74.0383,133.8770,125.5000,102.9830,25.4983,16.4293,8.1653
59.427,-0.002385384396635545,0.666338337581362,2.700891479005983e-48,3,123.496,-0.0255625,0.0470731,11873.0,0.0,9.1425,20.9003,29.9334,39.4816,46.5298,50.3936,52.5880,54.7914,56.5968,58.6665,61.1178,64.1953,71.7355,129.1900,121.0270,99.5022,26.5862,15.9314,7.9051
59.529,-0.17556188365588637,0.6857961195055357,4.539388308765356e-49,3,125.548,-0.0544371,0.0591695,11914.7,0.0,9.5273,21.2371,29.8060,38.8075,45.4789,49.2078,51.5727,54.0284,56.1051,58.5927,61.7882,66.8277,126.5610,122.5970,114.0640,93.3404,26.6162,15.3084,7.5879
59.648,-0.11182228162748867,0.7115742867797841,5.340544951379353e-50,3,128.823,-0.108689,0.120166,12607.7,0.0,10.6523,24.1415,33.7098,43.4207,52.3643,62.5267,121.9940,118.6480,116.1120,113.4260,110.5550,107.4430,102.5120,96.9216,87.9729,73.3918,19.4408,12.8392,6.7973
59.768,-0.02931354019495639,0.7416784212398498,6.283097729848296e-51,3,132.694,-0.194407,0.162919,12762.8,0.0,11.6563,26.1633,36.1096,47.7892,116.0630,108.6220,104.0650,99.5239,96.0403,92.7894,89.7582,86.9249,83.2563,79.4395,73.0899,54.2791,16.1421,11.1072,6.0188
59.888,-0.06659438876367915,0.7734933261824992,7.392001648189222e-52,3,136.749,-0.292132,0.140912,13191.1,0.0,12.2458,26.2680,35.6136,50.6012,106.3800,98.2532,93.0613,88.6425,85.7423,83.0320,80.4940,78.1120,75.0140,71.7737,65.8091,47.2441,15.0481,10.1550,5.3726
59.988,-0.06615761307603746,0.7967934376547313,1.2423737170111624e-52,3,140.276,-0.370431,0.130787,13482.9,0.0,12.8053,26.7992,36.6422,109.2810,94.6983,85.4148,80.9876,77.4857,75.1709,72.9957,70.9483,69.0175,66.4927,63.5694,57.1146,36.4529,13.5712,9.1575,4.8112
60.089,-0.06331895113826182,0.8262633791194524,2.0880575061806605e-53,3,143.92,-0.445165,0.122433,13828.6,0.0,13.3462,27.3604,39.8663,97.5152,80.7167,73.2303,69.7968,67.0565,65.2331,63.5111,61.8664,60.1607,57.5916,54.3826,47.4326,24.9846,12.0425,8.1502,4.2637
60.209,-0.058714155863990855,0.8690084415527647,2.4565787754464858e-54,3,148.503,-0.528688,0.110811,14290.8,0.0,13.9055,28.5657,104.4070,81.1225,66.3236,60.8353,58.2794,56.1467,54.5429,52.8565,51.0918,49.2412,46.5071,43.1684,36.2477,19.2525,10.4026,7.0377,3.6515
60.328,-0.04345060424573502,0.9296936317149079,2.890140363525036e-55,3,153.44,-0.603676,0.0957858,14851.3,0.0,14.3299,31.7978,90.2966,65.1783,54.4826,50.2135,47.7844,45.5416,43.8740,42.1537,40.3838,38.5672,35.9562,32.8927,27.0457,16.3359,9.0488,6.0743,3.1054
60.429,0.09756671723969507,0.952235327599716,4.85745890897653e-56,4,156.456,-0.654615,0.0626127,12181.0,0.0,14.2911,35.5138,82.1449,57.7999,48.4882,44.4621,42.1611,40.0658,38.5324,36.9680,35.3835,33.7795,31.5216,28.9433,24.2499,16.3061,8.9909,5.7287,2.7839
60.547,0.1402985617907226,0.9614259398276749,5.714751831821798e-57,4,159.158,-0.664833,-0.0613464,12342.8,0.0,13.0069,27.4069,91.4961,70.7057,55.7964,50.4163,47.9630,46.0113,44.7156,43.4942,42.3209,41.1266,39.4046,37.3802,33.4677,25.6636,15.3847,8.4147,3.0724
60.647,0.045973032727583976,0.9636212140721075,9.604783403742894e-58,4,162.398,-0.605423,-0.142991,12496.0,0.0,12.1469,24.8551,93.0679,74.9877,60.3872,53.4374,50.3601,47.9516,46.3716,44.8960,43.5143,42.2184,40.5335,38.7722,35.5845,28.9947,19.2471,11.1843,3.9585
60.748,0.05254762305167472,0.9643405615365233,1.6142759466670684e-58,4,165.642,-0.508074,-0.134458,12895.8,0.0,11.6248,25.8634,88.0804,70.3918,56.3198,49.5820,46.6202,44.3113,42.8010,41.3934,40.0783,38.8470,37.2498,35.5842,32.7954,27.3357,19.3489,12.2700,4.7857
60.868,0.15654231990106446,0.9645992542728054,1.8991795084943394e-59,4,169.5,-0.396488,-0.141189,13102.9,0.0,10.7160,24.0342,88.6387,72.8541,61.7193,55.1335,51.1340,47.9443,45.9032,44.0320,42.3105,40.7215,38.6922,36.6136,33.2792,28.1992,21.3828,14.4550,5.8810
60.987,0.07213130099525089,0.9646670690214653,2.2343656999485057e-60,4,173.192,-0.282513,-0.14142,13406.7,0.0,9.8558,23.4165,88.6642,74.2588,64.6702,59.4594,56.5132,53.8062,51.7784,49.6488,47.3857,45.1057,42.2599,39.4245,35.0357,28.7058,22.1564,15.9693,6.9312
61.089,0.15043377614199882,0.9646832672863288,3.755298431903455e-61,4,176.38,-0.193712,-0.120743,13599.0,0.0,9.3681,24.4080,86.1616,72.4616,63.5720,58.8681,56.2665,53.9252,52.2093,50.4508,48.6425,46.7750,44.0339,40.7391,35.5805,28.4392,21.4126,15.9535,7.5322
61.208,0.15449911662536814,0.9646890925288825,4.4180710521500945e-62,4,179.731,-0.100725,-0.116535,13900.4,0.0,8.7165,21.2185,40.0464,75.1439,67.1987,63.1061,60.8873,58.9240,57.5082,56.0807,54.6407,53.1877,51.1292,48.7386,44.1247,34.2375,23.6268,16.6318,8.2477
61.308,0.050626270535800634,0.8866869683242392,7.425452017348664e-63,4,182.635,-0.0400009,-0.0815585,14003.5,0.0,8.6099,19.7945,32.9347,74.4466,67.0127,63.2308,61.1967,59.4077,58.1245,56.8369,55.5451,54.2491,52.4276,50.3357,46.3853,38.3708,25.8518,17.2845,8.3741
61.409,0.01658921632917115,0.5656700935929867,1.2479957205557902e-63,4,184.572,-0.0193443,0.00467175,13876.7,0.0,8.7935,19.7417,34.9338,69.6104,62.5691,59.0305,57.1412,55.4882,54.3080,53.1284,51.9499,50.7728,49.1281,47.2538,43.7615,36.9111,26.2450,17.2441,8.1896
61.528,0.004348763525394242,0.1749636210148399,0.5927780136108398,4,181.002,-0.0366212,0.0118114,13201.6,0.0,8.9018,19.7842,73.6486,62.6718,56.1256,52.8896,51.1784,49.6912,48.6354,47.5855,46.5418,45.5050,44.0657,42.4401,39.4543,33.7803,25.4849,17.1668,8.0797
61.628,0.0014250028320011853,0.05733207933414273,0.8902866066618805,4,169.491,-0.0466412,0.0126349,12054.5,0.0,8.9954,20.6312,67.0025,56.5181,50.4028,47.4252,45.8639,44.5152,43.5623,42.6186,41.6846,40.7608,39.4854,38.0547,35.4556,30.6224,23.7989,16.9151,7.9892
61.729,0.03920876515299015,0.01878657575621189,0.9423987260546604,4,156.644,-0.0558732,0.0144374,10918.3,0.0,9.0916,24.7355,60.6126,50.6475,44.9707,42.2493,40.8349,39.6200,38.7657,37.9231,37.0925,36.2743,35.1504,33.8975,31.6429,27.5236,21.8502,16.1944,7.8980
61.847,0.17374397123710406,0.00492478811503641,0.950597583746385,3,142.493,-0.0655902,0.0116693,12192.8,0.0,9.1730,68.0269,54.0134,44.6587,39.4743,37.0321,35.7747,34.7012,33.9502,33.2126,32.4884,31.7780,30.8068,29.7307,27.8113,24.3580,19.6923,15.0727,7.8364
61.947,0.2626401807882172,0.001613754569535131,0.3011441903863389,3,131.612,-0.0721412,0.0102403,11676.2,0.0,9.5223,62.3956,48.7798,39.9476,35.1696,32.9522,31.8193,30.8569,30.1863,29.5297,28.8872,28.2589,27.4032,26.4591,24.7862,21.8082,17.8352,13.9188,7.6451
62.048,0.3182185961491721,0.0005287950973452717,0.050613304078231974,3,124.45,-0.0830409,0.0382277,11272.3,0.0,10.1848,57.2077,43.9967,35.6771,31.2851,29.2762,28.2572,27.3957,26.7975,26.2136,25.6438,25.0883,24.3340,23.5051,22.0443,19.4671,16.0630,12.7198,7.2855
62.148,0.3499500295350271,0.00017327557749809863,0.008506578016428448,3,121.208,-0.106012,0.0232059,10971.7,0.0,10.2065,58.8195,45.3328,36.7560,32.1965,30.1036,29.0403,28.1405,27.5152,26.9045,26.3084,25.7269,24.9370,24.0687,22.5374,19.8350,16.2703,12.7867,7.1976
62.268,0.37810274531676247,4.5423152987661576e-05,0.0010007903970547906,3,119.167,-0.122459,-0.0398148,10758.1,0.0,9.6017,66.1839,52.0522,42.7040,37.5713,35.1691,33.9366,32.8869,32.1540,31.4352,30.7310,30.0412,29.1001,28.0600,26.2121,22.9120,18.5041,14.1905,7.4776
62.368,0.3475577189968725,1.4884258770996945e-05,0.00016820284203299867,3,117.118,-0.120192,-0.100809,10554.0,0.0,8.9892,27.7923,59.1320,49.2603,43.6871,41.0314,39.6557,38.4765,37.6488,36.8336,36.0312,35.2419,34.1595,32.9555,30.7955,26.8705,21.5001,16.1533,7.9649
62.468,0.1817424920609889,4.877273914080279e-06,2.826985166048609e-05,3,114.977,-0.101212,-0.159063,10342.3,0.0,8.3781,18.1211,66.2442,56.0757,50.2087,47.3707,45.8882,44.6103,43.7092,42.8183,41.9380,41.0686,39.8701,38.5287,36.0988,31.5983,25.2465,18.7154,8.6658
62.568,0.059553379798544845,1.598185116165826e-06,4.751313968577898e-06,3,113.049,-0.0659294,-0.202705,10159.5,0.0,7.8254,15.0258,71.7910,61.5298,55.5328,52.6060,51.0690,49.7395,48.7990,47.8666,46.9427,46.0278,44.7623,43.3395,40.7445,35.8701,28.8099,21.3008,9.4651
62.689,0.035515869751038646,0.0738176455171391,5.589873370892211e-07,3,111.317,-0.0028216,-0.228514,10121.1,0.0,7.2153,13.0425,20.0648,65.1794,59.1741,56.2305,54.6808,53.3377,52.3862,51.4419,50.5048,49.5753,48.2876,46.8364,44.1790,39.1438,31.7268,23.6255,10.3891
62.809,0.16038280007071629,0.2306147915383199,6.576430122120979e-08,3,110.949,0.0825373,-0.224822,10290.9,0.0,6.6078,11.8504,17.6582,65.5491,59.6435,56.7519,55.2301,53.9117,52.9780,52.0513,51.1318,50.2200,48.9570,47.5338,44.9278,39.9893,32.6957,24.6654,11.1562
62.929,0.07719561199921285,0.34247253117864634,7.73710427437411e-09,3,111.8,0.186595,-0.2011,10400.9,0.0,5.9467,10.8978,16.5257,63.8203,58.0918,55.2989,53.8326,52.5641,51.6668,50.7772,49.8955,49.0221,47.8136,46.4539,43.9701,39.2824,32.3983,24.8327,11.8002
63.029,0.025295458139902065,0.4080821080009938,1.3003751153940567e-09,3,113.182,0.276076,-0.171875,10538.4,0.0,5.3996,10.2352,16.1931,61.4535,55.9143,53.2277,51.8211,50.6065,49.7486,48.8990,48.0581,47.2261,46.0767,44.7858,42.4339,38.0183,31.5812,24.5402,12.2101
63.148,0.15600216858492727,0.4666146472135625,1.529878319509954e-10,3,115.194,0.372579,-0.146426,10773.6,0.0,4.7639,9.2695,15.0334,59.6743,54.3229,51.7389,50.3891,49.2252,48.4042,47.5919,46.7886,45.9945,44.8988,43.6700,41.4357,37.2553,31.1874,24.5537,12.7137
63.249,0.1473273599211121,0.49367777002081514,2.5712664916003797e-11,3,116.986,0.447914,-0.14662,10990.4,0.0,4.1829,8.0048,12.3290,60.4160,55.1240,52.5678,51.2322,50.0803,49.2674,48.4631,47.6676,46.8811,45.7954,44.5773,42.3610,38.2073,32.1542,25.4856,13.3625
63.351,0.10520763881641094,0.5094019918366708,4.3215275924327586e-12,3,118.927,0.520756,-0.140447,11171.8,0.0,3.6422,6.9395,10.4566,60.4721,55.2612,52.7461,51.4324,50.2996,49.5004,48.7096,47.9276,47.1544,46.0872,44.8898,42.7113,38.6271,32.6664,26.0702,13.8963
63.471,0.12612787630514158,0.5185665464511573,5.084233997221217e-13,3,121.32,0.602793,-0.125461,11386.4,0.0,3.0490,5.8578,8.7832,59.7414,54.6531,52.2025,50.9238,49.8220,49.0451,48.2766,47.5169,46.7661,45.7304,44.5689,42.4574,38.5029,32.7358,26.3415,14.3748
63.587,0.07126781358274752,0.5251883974247672,5.981550455390789e-14,3,123.729,0.677462,-0.110646,11606.5,0.0,2.5011,4.8485,7.2463,59.0010,54.0267,51.6360,50.3898,49.3167,48.5602,47.8125,47.0735,46.3435,45.3368,44.2086,42.1586,38.3239,32.7357,26.5308,14.7847
63.690,0.023353037154794705,0.5254993532087727,1.00531918503753e-14,3,125.814,0.728643,-0.0785058,11764.2,0.0,2.1600,4.3766,6.8305,56.4403,51.6487,49.3576,48.1665,47.1424,46.4216,45.7098,45.0072,44.3138,43.3587,42.2902,40.3532,36.7448,31.5180,25.7432,14.7655
63.808,0.1426456941613246,0.5272464274475605,1.182747968004804e-15,3,128.216,0.768637,-0.0454677,11985.4,0.0,1.8957,4.0492,6.7250,53.8256,49.2222,47.0327,45.8974,44.9231,44.2383,43.5627,42.8966,42.2400,41.3368,40.3278,38.5030,35.1178,30.2427,24.8824,14.6612
63.930,0.17951192381818312,0.5297069042736883,1.3914911568779724e-16,3,130.406,0.793958,-0.0421322,12259.2,0.0,1.6920,3.6103,5.9254,53.8464,49.2626,47.0831,45.9532,44.9836,44.3021,43.6299,42.9671,42.3136,41.4149,40.4110,38.5955,35.2271,30.3748,25.0341,14.8178
64.031,0.18083000720619224,0.5310849501892771,2.3386791873648084e-17,3,132.179,0.810266,-0.0423835,12426.1,0.0,1.5567,3.3029,5.3462,54.1029,49.5150,47.3330,46.2018,45.2309,44.5485,43.8753,43.2113,42.5570,41.6568,40.6511,38.8321,35.4561,30.5894,25.2275,14.9493
64.148,0.1851905842375413,0.532830087088668,2.7514326771428233e-18,3,134.224,0.826495,-0.0432523,12626.6,0.0,1.4215,2.9958,4.7806,54.4818,49.8358,47.6482,46.5138,45.5401,44.8556,44.1803,43.5144,42.8579,41.9548,40.9456,39.1200,35.7304,30.8404,25.4468,15.0884
64.270,0.18223677456374976,0.5343717830060217,3.237033030331761e-19,3,136.243,0.840546,-0.0403932,12818.8,0.0,1.3092,2.7629,4.3962,55.0993,49.8579,47.6344,46.5027,45.5314,44.8486,44.1751,43.5110,42.8564,41.9558,40.9496,39.1294,35.7507,30.8771,25.5010,15.1636
64.388,0.1767138609581059,0.5368555211374556,3.808336989855014e-20,3,138.261,0.851953,-0.0351508,13003.4,0.0,1.2211,2.5942,4.1464,56.4046,50.2108,47.6432,46.3907,45.3548,44.6467,43.9637,43.3024,42.6520,41.7573,40.7579,38.9508,35.5982,30.7660,25.4387,15.1887
64.510,0.17014707647127297,0.5508343771705572,4.480470385194526e-21,3,140.317,0.859765,-0.0286472,13195.9,0.0,1.1635,2.4974,4.0319,58.9106,51.3429,48.2899,46.8181,45.6090,44.7869,43.9973,43.2382,42.5081,41.5316,40.4763,38.6530,35.3341,30.5563,25.2945,15.1711
64.632,0.1627921346408704,0.5820349949377486,5.271228603477509e-22,3,142.514,0.862672,-0.0210841,13415.3,0.0,1.1477,2.4984,4.1023,63.3965,53.6819,49.9081,48.1173,46.6599,45.6758,44.7358,43.8369,42.9766,41.8327,40.6049,38.5062,34.9650,30.2462,25.0648,15.1040
64.750,0.15443848661848258,0.6483272711660861,6.201547739705255e-23,3,145.04,0.85909,-0.012081,13714.6,0.0,1.1883,2.6386,4.4574,71.3036,57.9125,52.9896,50.7048,48.8689,47.6411,46.4769,45.3717,44.3210,42.9347,41.4602,38.9714,34.8593,29.8037,24.7220,14.9721
64.855,0.14640846281201939,0.6964391302157031,1.0422941286122621e-23,3,147.482,0.849773,-0.00259048,13994.8,0.0,1.2795,2.9103,5.1245,82.5492,63.6798,57.1991,54.2685,51.9479,50.4127,48.9693,47.6097,46.3271,44.6487,42.8812,39.9378,35.1822,29.5099,24.3086,14.7935
64.973,0.13544604357169704,0.7714613557575153,1.2262486193710402e-24,3,150.806,0.829127,0.0105879,14380.5,0.0,1.4767,3.4939,6.7486,109.2870,75.9079,65.9072,61.5960,58.2701,56.1111,54.1104,52.2512,50.5194,48.2849,45.9697,42.1984,36.3164,29.6208,23.7914,14.4918
65.086,0.1287608814116737,0.8607786621327477,2.060956054576908e-25,3,154.411,0.799061,0.024069,14810.2,0.0,1.7642,4.3876,11.0056,200.0000,98.8494,81.1804,74.1333,68.9102,65.6139,62.6233,59.8977,57.4037,54.2485,51.0508,45.9923,38.4534,30.3527,23.6799,14.1228
65.190,0.12375485927347724,0.9342461414607838,3.4638488409274094e-26,4,155.937,0.757163,0.0388223,11564.3,0.0,2.1716,5.7931,15.4629,188.5410,158.3630,114.8550,100.2010,90.1502,84.1304,78.8697,74.2336,70.1173,65.0738,60.1410,52.6818,42.2834,31.9696,24.0681,13.6671
65.301,0.10851405175021427,0.9686787717276195,5.8216907469466964e-27,4,159.046,0.705009,0.0507371,12252.2,0.0,2.6815,7.0768,13.9299,46.6930,184.6550,194.9990,199.3620,151.7790,134.4860,120.7390,109.5490,100.2640,89.6392,79.9691,66.5453,49.9005,35.3792,25.3771,13.4348
65.407,0.05661910234594146,0.9833603806228314,9.784515638393313e-28,4,162.636,0.644374,0.0446064,12399.9,0.0,3.1617,7.5376,13.0037,27.5362,84.6588,173.0680,180.3950,185.4240,188.5540,191.4010,194.0210,196.4500,132.9530,111.9580,86.4174,59.4326,39.2574,26.8538,13.3701
65.523,0.0229160654149431,0.9930291525693643,1.6444835433447644e-28,4,166.132,0.604608,0.0304267,12898.6,0.0,3.4619,7.9971,13.3235,25.8941,60.2489,157.2580,168.7470,174.9190,178.5530,181.7790,184.7010,187.3820,190.8080,130.1170,96.2070,63.3363,40.5250,27.1828,13.2195
65.629,0.007509136315168556,1.0,2.763883491299546e-29,4,169.915,0.57865,0.0222537,13087.5,0.0,3.6576,8.3039,13.5850,25.3435,53.1765,118.2560,159.0060,166.2430,170.2450,173.7210,176.8290,179.6580,183.2510,143.8650,103.0260,65.8114,41.2493,27.3338,13.1069
65.737,0.0024605937877544325,1.0,4.6452589838271474e-30,4,173.663,0.559705,0.0184924,13299.3,0.0,3.8071,8.5764,13.9195,25.5256,51.4981,105.0910,151.6700,159.3900,163.5150,167.0630,170.2190,173.0840,176.7160,180.4430,106.1130,66.7481,41.4148,27.2838,12.9964
65.853,0.0008062873723713724,1.0,7.8072867741182876e-31,4,177.31,0.543916,0.0163466,13598.2,0.0,3.9348,8.8255,14.2604,25.9068,51.2064,100.3010,145.4320,153.2310,157.3510,160.8870,164.0290,166.8800,170.4960,174.2120,107.6480,67.0891,41.3784,27.1673,12.8916
65.965,0.01061669994132865,1.0,1.3121706881260605e-31,4,180.912,0.530304,0.0123464,13916.0,0.0,4.0356,8.9788,14.3917,25.7118,49.0671,90.0896,137.3760,145.9850,150.2640,153.8850,157.0810,159.9710,163.6270,167.3780,111.8820,68.4629,41.7409,27.2283,12.8277
66.073,0.01557701149312457,1.0,2.2053652755334704e-32,4,184.538,0.520817,0.00441759,14177.6,0.0,4.0841,8.9459,14.1221,24.4724,43.9960,73.3344,113.8630,136.1040,141.1230,145.1270,148.5670,151.6300,155.4650,159.3690,123.0390,72.2747,42.9951,27.6729,12.8479
66.177,0.06598273812460831,1.0,3.7065574185891044e-33,4,188.106,0.518693,-0.0104097,14467.7,0.0,4.0422,8.6103,13.2420,21.8454,36.0366,53.4624,72.0714,103.6580,126.3630,132.3930,136.7860,140.4420,144.8320,149.1750,156.0740,81.7006,46.0865,28.8626,13.0228
66.289,0.021621223628671648,1.0,6.229611053422709e-34,4,191.598,0.531286,-0.0313252,14819.2,0.0,3.8582,7.9214,11.7942,18.3935,27.8538,37.5530,46.1348,57.6772,70.2350,89.7919,117.3650,124.5240,130.7780,136.2410,144.3220,101.2720,51.8569,31.0611,13.4203
66.401,0.007084842558643126,1.0,1.0470107297487547e-34,4,195.224,0.5591,-0.0388272,15001.6,0.0,3.6040,7.3072,10.7657,16.5022,24.3980,32.1173,38.6503,47.0287,55.6505,68.1496,87.8983,112.4760,120.8120,126.9610,135.5740,148.1440,55.0964,32.4115,13.7745
66.514,-0.02213828138257132,1.0,1.759710933488732e-35,5,195.843,0.596003,-0.0397375,13393.3,0.0,3.2995,6.6799,9.8293,15.0367,22.1709,29.1083,34.9516,42.4073,50.0356,61.0158,78.1779,104.4710,113.6410,119.8730,128.4840,141.0230,56.7001,33.2791,14.1144
66.624,-0.04319357489144097,1.0,2.9575461659145116e-36,5,198.692,0.626503,-0.0115426,13604.5,0.0,3.1333,6.6605,10.2240,16.8094,27.5760,40.6361,54.3913,77.2973,100.1280,106.2400,110.4530,113.9220,118.0800,122.2020,128.8040,88.3928,49.6369,31.0171,13.9634
66.729,-0.014153670620427378,1.0,4.9707478410525206e-37,5,201.564,0.638581,0.00147694,13790.3,0.0,3.0713,6.6894,10.5030,18.0104,31.7577,51.4554,76.9248,97.6009,102.1990,105.8210,108.9330,111.7140,115.2180,118.8210,124.7640,79.7134,46.9605,30.0690,13.8833
66.844,-0.004637874788901643,1.0,8.354335896456972e-38,5,204.431,0.639192,0.00463074,13979.7,0.0,3.0758,6.7402,10.6444,18.4601,33.2357,55.5192,84.8786,93.6385,97.4701,100.6790,103.5120,106.0840,109.3650,112.7730,118.4550,77.7703,46.2964,29.8086,13.8450
66.954,-0.01785185187785854,1.0,1.4041132341175234e-38,5,207.267,0.635169,0.00649422,14177.8,0.0,3.1160,6.8530,10.8605,18.9653,34.5941,58.9543,82.3131,88.6922,92.0532,94.9641,97.5807,99.9838,103.0780,106.3200,111.7740,76.4617,45.7903,29.5778,13.7856
67.061,-0.023751777428806686,0.983526611328125,2.359893112581322e-39,5,210.051,0.625807,0.0164849,14374.0,0.0,3.2288,7.2439,11.7082,21.2828,42.1207,75.0901,82.0446,86.3538,89.0038,91.4219,93.6655,95.7712,98.5318,101.4710,106.5000,70.5779,43.5470,28.5974,13.5735
67.172,-0.02801094963302137,0.35003799999999996,0.4258640899658203,5,208.927,0.606058,0.0286891,13840.5,0.0,3.4429,7.9234,13.1483,25.3208,57.4921,75.9501,80.3788,83.7065,85.8789,87.9220,89.8587,91.7053,94.1626,96.8154,101.4250,64.1182,40.8520,27.3328,13.2531
67.282,-0.03191401483209844,0.11470045183999997,0.7797282895207215,5,197.691,0.575205,0.0412905,12830.5,0.0,3.7630,8.9037,15.2295,31.5464,66.4155,74.4780,77.9244,80.6757,82.5260,84.2966,85.9981,87.6389,89.8460,92.2550,96.4949,58.0768,38.0927,25.9421,12.8467
67.390,-0.035405832522932015,0.03758504405893119,0.8418531462662321,5,183.842,0.536205,0.0497448,11807.5,0.0,4.1468,10.0046,17.4999,38.4548,65.0924,71.4060,74.3472,76.7584,78.4043,79.9950,81.5367,83.0340,85.0622,87.2934,91.2581,54.0622,35.9637,24.7655,12.4323
67.504,-0.028966657980164363,0.012315867237230573,0.8526979941938446,5,170.165,0.493675,0.0520446,10835.5,0.0,4.5385,11.0094,19.3814,43.3554,61.6575,67.1261,69.7667,71.9622,73.4741,74.9446,76.3775,77.7756,79.6794,81.7855,85.5557,92.5029,34.6675,23.9426,12.0631
67.607,0.03927337774958474,0.0040356633762957134,0.8545206877850384,5,156.734,0.452258,0.0491993,9921.64,0.0,4.8944,11.7932,20.5975,44.1436,57.3039,62.2262,64.6548,66.6934,68.1062,69.4866,70.8373,72.1604,73.9693,75.9796,79.6013,86.3436,34.0686,23.4440,11.7588
67.721,0.012869100420983926,0.0013224061751445793,0.8437683731117541,4,143.873,0.414786,0.0466701,9991.83,0.0,5.2147,12.4911,21.6677,42.6971,53.3554,57.7931,60.0243,61.9141,63.2319,64.5251,65.7956,67.0447,68.7597,70.6743,74.1454,80.6740,33.5100,22.9844,11.4817
67.832,0.004216946825948012,0.0004333260554713758,0.6534992838001914,4,131.504,0.381103,0.0465113,9309.27,0.0,5.5138,13.2029,22.8927,41.1564,50.1065,54.1005,56.1431,57.8879,59.1117,60.3180,61.5079,62.6822,64.3008,66.1163,69.4285,75.7231,32.7320,22.4462,11.2100
67.938,0.0013818091359266446,0.0001419922818568604,0.19538631917785876,3,121.797,0.350542,0.046106,11043.6,0.0,5.7835,13.8358,23.9641,39.2892,47.0386,50.6588,52.5361,54.1517,55.2908,56.4181,57.5341,58.6392,60.1684,61.8910,65.0528,71.1217,32.3724,21.9719,10.9660
68.047,0.0004527912176604429,4.652803091885602e-05,0.032838578664222726,3,115.473,0.322092,0.0471193,10471.1,0.0,6.0436,14.4919,25.1686,37.5085,44.3107,47.5987,49.3246,50.8195,51.8787,52.9307,53.9758,55.0140,56.4560,58.0873,61.0990,66.9370,33.4048,21.4543,10.7251
68.162,0.00014837062620297396,1.5246305171490743e-05,0.005519179916095914,3,114.167,0.294108,0.0491378,10353.5,0.0,6.3071,15.1950,25.7242,35.7213,41.7409,44.7291,46.3144,47.6957,48.6786,49.6584,50.6350,51.6082,52.9646,54.5053,57.3666,62.9680,71.9033,20.8942,10.4788
68.271,4.861808679419051e-05,4.995909278594087e-06,0.0009276085684982404,3,113.219,0.265546,0.0500051,10270.4,0.0,6.5686,15.8572,25.2689,33.6776,39.0208,41.7328,43.1852,44.4579,45.3675,46.2772,47.1868,48.0962,49.3680,50.8190,53.5293,58.8905,67.5724,20.4192,10.2395
68.380,1.5931174680720345e-05,1.6370595524097105e-06,0.00015590317210749925,3,112.324,0.236632,0.0508515,10190.2,0.0,6.8336,16.4743,24.3605,31.5482,36.2911,38.7444,40.0698,41.2374,42.0753,42.9162,43.7596,44.6054,45.7925,47.1526,49.7088,54.8201,63.2298,20.4090,9.9979
68.492,5.220327319378443e-06,5.364316741336139e-07,2.6202646136107398e-05,3,111.437,0.20741,0.0516679,10112.3,0.0,7.1016,16.5343,23.1606,29.3510,33.5537,35.7639,36.9675,38.0332,38.8011,39.5741,40.3520,41.1344,42.2365,43.5048,45.9034,50.7540,58.8705,21.4189,9.7545
68.597,1.710596856013928e-06,1.757779309801026e-07,4.403878736095571e-06,3,110.571,0.177938,0.0524747,10032.3,0.0,7.3723,16.1259,21.7558,27.1008,30.8123,32.7928,33.8795,34.8463,35.5457,36.2519,36.9647,37.6839,38.7009,39.8761,42.1133,46.6913,54.4914,26.8008,9.5094
68.708,-0.09341525101784762,5.759891242356002e-08,7.401598991755828e-07,3,109.682,0.1455,0.067269,9956.59,0.0,7.7624,15.8985,20.9083,25.6847,29.0406,30.8470,31.8430,32.7322,33.3770,34.0297,34.6900,35.3575,36.3038,37.4010,39.5000,43.8348,51.3295,61.9944,9.1670
68.821,-0.14691681415874314,1.8874011622952146e-08,1.243986742544402e-07,3,108.746,0.0986623,0.111719,9861.24,0.0,8.2827,16.4383,21.3104,25.9123,29.1376,30.8740,31.8318,32.6871,33.3076,33.9357,34.5713,35.2142,36.1261,37.1843,39.2107,43.4051,50.6927,61.1248,8.6831
68.928,-0.19744597460019322,6.18463612860896e-09,2.0907685181943765e-08,3,107.672,0.0335821,0.137165,9770.77,0.0,8.9394,17.5911,22.6148,27.2809,30.5175,32.2507,33.2045,34.0551,34.6715,35.2950,35.9253,36.5624,37.4650,38.5114,40.5126,44.6474,51.8100,62.0297,8.0691
69.040,-0.2254508893327921,2.026581566622584e-09,3.5139546485292895e-09,3,106.527,-0.0357717,0.152764,9651.66,0.0,9.6903,18.9908,24.2323,29.0111,32.2861,34.0290,34.9854,35.8368,36.4529,37.0756,37.7045,38.3396,39.2385,40.2792,42.2662,46.3567,53.4057,17.7547,7.4062
69.149,-0.24124212215965132,6.640702477508883e-10,5.905903577783175e-10,3,105.273,-0.111543,0.179729,9539.62,0.0,10.6425,20.9164,26.5042,31.4808,34.8390,36.6129,37.5827,38.4442,39.0665,39.6944,40.3276,40.9660,41.8682,42.9105,44.8942,48.9556,55.8973,13.8787,6.6551
69.257,-0.2515759403943487,2.176025387830111e-10,9.926052143180186e-11,3,103.979,-0.196349,0.206817,9411.99,0.0,11.7155,22.9924,28.8894,34.0254,37.4445,39.2370,40.2136,41.0790,41.7031,42.3318,42.9650,43.6026,44.5022,45.5395,47.5081,51.5190,58.3237,11.1973,5.8810
69.369,-0.20366066938837915,7.130399990841708e-11,1.6682715837042936e-11,3,102.699,-0.291053,0.232799,9297.97,0.0,12.9048,25.1624,31.3151,36.5650,40.0142,41.8105,42.7860,43.6488,44.2699,44.8950,45.5238,46.1561,47.0471,48.0729,50.0147,53.9542,13.3758,9.0360,5.0799
69.478,-0.15208609336378368,2.336489468999011e-11,2.803864050731807e-12,3,101.554,-0.394849,0.249631,9197.2,0.0,14.0691,27.0097,33.2745,38.5346,41.9589,43.7343,44.6965,45.5463,46.1575,46.7722,47.3900,48.0108,48.8848,49.8900,51.7900,17.5528,10.0197,7.2861,4.2776
69.590,-0.13405048099034306,0.04727645508578121,4.712454310064949e-13,3,100.682,-0.505729,0.249508,9165.48,0.0,15.0277,28.1138,34.2849,39.4252,42.7596,44.4859,45.4209,46.2466,46.8404,47.4374,48.0373,48.6401,49.4885,50.4640,52.3079,11.1928,7.8017,5.8353,3.4857
69.699,-0.12284756421670857,0.1891743573962588,7.92022195892616e-14,3,100.467,-0.620039,0.240648,9233.74,0.0,15.8517,28.8122,34.8018,39.7700,42.9891,44.6559,45.5586,46.3558,46.9292,47.5058,48.0854,48.6678,49.4875,50.4303,11.3452,8.0208,5.8892,4.4711,2.6883
69.809,-0.11394535781397833,0.3666812276503561,1.33115170463672e-14,3,101.413,-0.73221,0.217002,9443.45,0.0,16.3904,28.8233,34.5057,39.2252,42.2915,43.8821,44.7447,45.5071,46.0558,46.6077,47.1629,47.7210,48.5072,9.7177,7.5647,5.7089,4.2491,3.2273,1.9192
69.917,-0.10569628879949808,0.4959187238170937,2.2372666699829357e-15,3,103.356,-0.836138,0.190367,9678.12,0.0,16.8023,28.6617,34.0379,38.5121,41.4276,42.9437,43.7667,44.4947,45.0190,45.5468,8.8741,7.2338,6.2141,5.4836,4.5982,3.5783,2.6843,2.0348,1.1927
70.028,-0.09694266395803632,0.5704926571860103,3.76017409224032e-16,3,105.81,-0.928827,0.167087,9939.83,0.0,17.1689,28.5534,33.6753,37.9420,40.7284,42.1793,4.7953,3.8583,3.4620,3.1626,2.9232,2.7250,2.4962,2.2842,1.9801,1.5787,1.1956,0.9063,0.5252
70.138,-0.08762474836068926,0.6106517214067119,6.319724596828305e-17,3,108.531,-1.00854,0.129294,10356.8,0.0,-1.0000,-1.0000,-1.0000,-1.0000,-1.0000,-1.0000,-1.0000,-1.0000,-1.0000,-1.0000,-1.0000,-1.0000,-1.0000,-1.0000,-1.0000,-1.0000,-1.0000,-1.0000,-1.0000
70.247,-0.07607561711145955,0.6326730259924264,1.0621561129889333e-17,3,110.978,-1.06476,0.096101,11090.0,0.0,-1.0000,-1.0000,-1.0000,-1.0000,-1.0000,-1.0000,-1.0000,-1.0000,-1.0000,-1.0000,-1.0000,-1.0000,-1.0000,-1.0000,-1.0000,-1.0000,-1.0000,-1.0000,-1.0000
70.360,-0.06742971361712603,0.6438734709853233,1.7851657791005003e-18,3,113.864,-1.10275,0.0698144,10732.6,0.0,-1.0000,-1.0000,-1.0000,-1.0000,-1.0000,-1.0000,-1.0000,-1.0000,-1.0000,-1.0000,-1.0000,-1.0000,-1.0000,-1.0000,-1.0000,-1.0000,-1.0000,-1.0000,-1.0000
70.469,-0.05536229892264736,0.6475903144412207,3.000328124934211e-19,3,116.532,-1.12394,0.0238168,11011.2,0.0,-1.0000,-1.0000,-1.0000,-1.0000,-1.0000,-1.0000,-1.0000,-1.0000,-1.0000,-1.0000,-1.0000,-1.0000,-1.0000,-1.0000,-1.0000,-1.0000,-1.0000,-1.0000,-1.0000
70.579,-0.040240588475086755,0.6452318336892242,5.0426514795769275e-20,3,119.19,-1.11599,-0.0303424,11241.2,0.0,-1.0000,-1.0000,-1.0000,-1.0000,-1.0000,-1.0000,-1.0000,-1.0000,-1.0000,-1.0000,-1.0000,-1.0000,-1.0000,-1.0000,-1.0000,-1.0000,-1.0000,-1.0000,-1.0000
70.687,-0.027311574340475802,0.64117924499766,8.475184341724943e-21,3,121.716,-1.07412,-0.0934237,11498.0,0.0,-1.0000,-1.0000,-1.0000,-1.0000,-1.0000,-1.0000,-1.0000,-1.0000,-1.0000,-1.0000,-1.0000,-1.0000,-1.0000,-1.0000,-1.0000,-1.0000,-1.0000,-1.0000,-1.0000
70.800,-0.1602937964886871,0.6381572009383332,1.4244242323137116e-21,3,124.339,-0.994828,-0.146548,11706.3,0.0,14.1598,20.0730,23.1655,26.3040,28.7478,30.1814,31.0150,31.7884,32.3678,32.9714,33.6004,34.2566,35.2242,36.4060,38.8716,45.0664,0.5428,0.1702,0.0521
70.908,-0.14387240341117472,0.637919867228473,2.394029807249655e-22,3,126.675,-0.885851,-0.169474,12139.2,0.0,13.2535,18.9359,22.2378,25.6740,28.4143,30.0495,31.0100,31.9075,32.5841,33.2926,34.0353,34.8146,35.9722,37.4003,40.4309,48.3661,72.5050,200.0000,1.2031
71.018,-0.058786528229767876,0.6399141602184261,4.0236458970444955e-23,3,129.327,-0.754243,-0.208766,12206.7,0.0,12.1132,17.5728,20.9314,24.5049,27.4156,29.1792,30.2247,31.2081,31.9537,32.7383,33.5650,34.4373,35.7422,37.3672,40.8728,50.4362,83.4681,200.0000,2.8128
71.128,-0.12803288947354907,0.6415088122547489,6.762541659162684e-24,3,131.856,-0.592613,-0.255901,12496.2,0.0,10.8313,16.1050,19.4259,23.0329,26.0304,27.8733,28.9757,30.0194,30.8150,31.6563,32.5475,33.4930,34.9174,36.7083,40.6374,51.8367,96.8973,104.7390,5.1786
71.238,-0.04553735718812811,0.6418145040840111,1.1365803766554723e-24,3,134.387,-0.403766,-0.267053,12678.6,0.0,9.6963,14.9458,18.3633,22.1955,25.4820,27.5507,28.8061,30.0074,30.9316,31.9170,32.9699,34.0973,35.8165,38.0140,42.9804,58.3386,146.2720,55.4513,7.2206
71.348,0.010361823111957467,0.6423287845107487,1.910250639044853e-25,3,137.004,-0.218522,-0.260697,12904.7,0.0,8.4475,13.0959,16.1391,19.5703,22.5287,24.3986,25.5363,26.6269,27.4673,28.3648,29.3253,30.3554,31.9296,33.9480,38.5351,52.9482,142.6990,66.1741,9.3599
71.458,-0.12296361198339842,0.6415094601709822,3.210558249042685e-26,3,139.562,-0.0381918,-0.245187,13136.5,0.0,7.2635,11.4224,14.1853,17.3440,20.1059,21.8704,22.9511,23.9923,24.7982,25.6621,26.5905,27.5907,29.1283,31.1159,35.7020,50.7658,174.2920,66.8557,11.2204
71.569,-0.10847184172246607,0.6427844898307024,5.395985249166043e-27,3,141.913,0.125221,-0.195235,13431.6,0.0,6.3172,10.4387,13.3310,16.8170,20.0365,22.1834,23.5351,24.8648,25.9129,27.0554,28.3056,29.6792,31.8470,34.7545,41.9581,71.9023,200.0000,49.6585,12.1318
71.679,-0.0791580754140552,0.6429312368620995,9.06903240827337e-28,3,144.379,0.264709,-0.159583,13603.7,0.0,5.4433,9.3532,12.2309,15.8671,19.4017,21.8597,23.4510,25.0506,26.3362,27.7631,29.3558,31.1449,34.0550,38.1340,49.2110,117.9550,152.2670,44.3286,12.9546
71.790,-0.11914337479641197,0.6426947155074727,1.5242322768585055e-28,3,146.755,0.38007,-0.12406,13849.9,0.0,4.7133,8.4523,11.3626,15.2597,19.3064,22.2851,24.2910,26.3722,28.0941,30.0592,32.3223,34.9568,39.4652,46.2978,68.6009,200.0000,97.1019,40.1835,13.4822
71.898,-0.04836789692700898,0.6440402492993637,2.56177718771609e-29,3,149.169,0.469923,-0.0884498,14038.7,0.0,4.1477,7.7988,10.8362,15.2125,20.1802,24.1495,26.9883,30.0881,32.7803,36.0048,39.9361,44.8351,54.1400,70.9904,170.6670,200.0000,73.0729,36.6300,13.7401
72.009,-0.13166997438727354,0.6454689975622905,4.305578919394431e-30,3,151.561,0.536859,-0.059388,14274.9,0.0,3.7159,7.2914,10.4625,15.3897,21.5679,27.0213,31.2437,36.1991,40.8282,46.8189,54.8749,66.2854,93.5233,176.3860,200.0000,146.9660,61.6845,34.2953,13.8896
72.119,-0.12125799222081554,0.6458904881524613,7.236386489826222e-31,3,153.765,0.575184,-0.00709469,14519.6,0.0,3.5794,7.6712,11.8638,19.7730,33.1751,50.2682,69.3452,103.8440,161.1120,200.0000,200.0000,200.0000,200.0000,200.0000,150.7900,82.3089,47.0281,29.6410,13.4617
72.231,-0.059556955557795575,0.6691314967202985,1.2162194773450935e-31,3,156.143,0.580514,0.0311744,14727.5,0.0,3.6758,8.5048,14.1940,27.6971,65.1556,200.0000,200.0000,200.0000,200.0000,200.0000,196.7100,190.9330,155.9520,126.8840,94.0633,62.0836,39.7950,26.7219,13.0119
72.338,-0.043933161050328455,0.7086969287671824,2.0441000755738986e-32,3,158.843,0.558013,0.0522754,14978.6,0.0,3.9629,9.6182,16.9433,37.9710,151.2190,200.0000,197.8150,194.0840,190.2170,178.9050,153.3370,134.1730,114.2040,97.6180,76.7585,53.8593,36.1296,24.9596,12.5800
72.449,-0.02627225297637163,0.7650365029778053,3.4355189970170514e-33,4,159.384,0.515296,0.0697371,12155.0,0.0,4.4325,11.2333,20.8851,55.4876,197.3890,191.8160,186.9430,173.9730,149.1130,130.4780,115.9910,104.4070,91.6106,80.3676,65.3626,47.6673,32.9933,23.2728,12.0475
72.559,-0.008608891855297455,0.8852487726238922,5.77407677828656e-34,4,162.133,0.458736,0.0781991,12418.0,0.0,4.9985,12.9536,24.8165,73.8766,190.7040,183.9070,176.3190,144.1710,126.0850,112.0390,100.8150,91.6416,81.2963,72.0177,59.3495,43.9744,30.8522,21.9669,11.5135
72.667,-0.00282096168314387,0.953225657657147,9.704490841266222e-35,4,165.36,0.394435,0.0806834,12706.2,0.0,5.6087,14.6328,28.2973,87.5990,184.8650,177.5180,164.0800,132.4080,116.3730,103.8090,93.7001,85.3913,75.9701,67.4743,55.8037,41.5282,29.2467,20.8793,10.9827
72.779,-0.0009243727243325832,0.9795315088917189,1.6310337756916145e-35,4,168.803,0.326114,0.0816552,12969.9,0.0,6.2486,16.3457,31.7281,99.8188,179.1690,171.4780,153.1280,124.0170,109.1990,97.5508,88.1541,80.4142,71.6198,63.6733,52.7317,39.3079,27.7236,19.8123,10.4360
72.887,-0.00030289845430930086,0.9885369102242634,2.7412784668048967e-36,4,172.291,0.255253,0.0821039,13243.8,0.0,6.9093,18.0963,35.1871,111.5500,173.4360,165.4580,143.7060,116.5770,102.7330,91.8346,83.0325,75.7753,67.5218,60.0569,49.7677,37.1269,26.2029,18.7344,9.8746
72.999,0.013496587440591928,0.9919696751329117,4.607266719158991e-37,4,175.791,0.18368,0.0769865,13500.5,0.0,7.5280,19.4452,37.0868,108.4310,168.7330,161.6920,150.1560,119.3660,104.1260,92.3422,82.9604,75.3142,66.7144,59.0228,48.5536,35.8971,25.1378,17.8748,9.3523
73.109,0.004422561772533163,0.9943067403350524,7.743433174890517e-38,4,179.269,0.114551,0.0726163,13758.1,0.0,8.1241,20.7438,38.9504,107.2490,163.7130,157.2850,150.4810,121.2890,104.7410,92.1720,82.3016,74.3462,65.4920,57.6551,47.1108,34.5490,24.0265,17.0026,8.8393
73.218,0.0014491850416236667,0.9957893389229898,1.3014388137038495e-38,4,182.733,0.0470821,0.0715119,14017.4,0.0,8.7320,22.2317,41.5848,112.9070,157.9480,151.5930,144.9090,116.2730,100.1290,87.9273,78.3818,70.7107,62.1967,54.6822,44.6025,32.6404,22.6584,16.0147,8.3121
73.327,0.00047486895443924317,0.9970280865157853,2.18732821419206e-39,4,186.178,-0.020411,0.0713231,14271.4,0.0,9.3484,23.7895,44.4696,120.4550,151.8840,145.4660,138.3530,109.1590,93.9569,82.4771,73.5020,66.2932,58.2960,51.2411,41.7830,30.5659,21.2118,14.9891,7.7776
73.438,0.0001556050589906512,0.9969521243269924,3.676242529592596e-40,4,189.591,-0.0888166,0.071499,14526.5,0.0,9.9772,25.4010,47.5107,128.9760,145.6150,139.0660,130.6370,101.2060,87.1511,76.5291,68.2197,61.5422,54.1312,47.5904,38.8171,28.4059,19.7185,13.9366,7.2334
73.550,5.0988665730056585e-05,0.9974091080369688,6.178660819486276e-41,4,192.975,-0.158484,0.0716388,14779.9,0.0,10.6173,27.0405,50.6018,146.2950,139.2090,132.5090,120.3430,93.2272,80.3092,70.5403,62.8944,56.7479,49.9237,43.8986,35.8141,26.2154,18.2020,12.8669,6.6795
73.658,1.6707965986424942e-05,0.997558852459054,1.0384475239310585e-41,4,196.342,-0.229465,0.0717418,15020.3,0.0,11.2691,28.7084,53.7419,139.8950,132.6630,125.7810,109.9230,85.2026,73.4158,64.4978,57.5159,51.9014,45.6667,40.1603,32.7696,23.9916,16.6608,11.7787,6.1156
73.768,5.474866294431725e-06,0.9976079207112827,1.7453187534709298e-42,5,196.696,-0.301093,0.071726,13470.8,0.0,11.9254,30.3792,56.8664,133.4160,126.0480,118.9550,99.7419,77.3039,66.6072,58.5149,52.1794,47.0850,41.4277,36.4318,29.7266,21.7631,15.1128,10.6842,5.5472
73.877,1.7940041873593873e-06,0.9976239993961731,2.9333572289585915e-43,5,199.448,-0.373406,0.0717608,13646.7,0.0,12.5887,32.0718,60.0423,126.8270,119.3140,111.9190,89.3471,69.2613,59.6827,52.4352,46.7601,42.1967,37.1287,32.6526,26.6444,19.5078,13.5475,9.5779,4.9731
73.988,5.878592921139241e-07,0.9976292680596379,4.930093494710705e-44,5,202.163,-0.446723,0.0717694,13830.5,0.0,13.2609,33.7850,63.2514,120.1000,112.4380,104.5990,78.8776,61.1474,52.6923,46.2943,41.2847,37.2560,32.7816,28.8298,23.5254,17.2245,11.9620,8.4571,4.3911
74.097,1.9262973283989064e-07,0.997630994495282,8.286008136560282e-45,5,204.861,-0.521039,0.0717694,13999.5,0.0,13.9421,35.5204,66.5004,113.2280,105.4030,96.7787,68.2828,52.9346,45.6149,40.0761,35.7393,32.2517,28.3785,24.9575,20.3655,14.9109,10.3553,7.3211,3.8013
74.210,0.10385241664497336,0.997631560213714,1.392629387511687e-45,5,207.477,-0.593758,0.0572249,14185.6,0.0,14.3688,35.2917,63.0661,107.7330,101.0160,95.2903,88.2500,61.3023,50.2782,42.6175,36.9851,32.6698,28.0857,24.2081,19.2385,13.6600,9.2498,6.4294,3.2656
74.318,0.03403035988622487,0.9976317455883298,2.3405922115908926e-46,5,209.997,-0.645729,0.0241443,14357.9,0.0,14.3142,32.6268,53.5961,103.5690,98.6312,95.0885,92.6870,90.0588,87.5986,83.6538,64.6774,51.1145,39.5177,31.3857,22.6565,14.5795,9.1833,6.1029,2.9361
74.428,0.011151068327518162,0.9976318063318839,3.933833330020813e-47,5,212.586,-0.674641,0.0146195,14515.5,0.0,14.4222,32.2346,51.9028,97.2547,92.6778,89.5104,87.4377,85.2807,83.4272,81.1074,77.5598,60.8760,44.0908,33.5306,23.1483,14.3155,8.7860,5.7525,2.7213
74.539,0.0969187796685299,0.9741027735019566,6.611593677765982e-48,5,215.079,-0.689638,-0.00366337,14681.3,0.0,14.2848,30.8113,47.9344,91.3957,87.4087,84.7670,83.1028,81.4546,80.1327,78.6471,76.9267,74.8235,69.8566,46.6021,28.1715,15.7501,9.1137,5.7813,2.6432
74.649,0.031758345721783876,0.31919399682112115,0.19058532714843748,5,214.987,-0.678354,-0.0341886,14326.8,0.0,13.7784,28.1526,41.7458,86.0658,82.8324,80.7717,79.5186,78.3159,77.3857,76.3885,75.3137,74.1454,72.3042,69.7495,54.1839,21.9626,11.0686,6.5853,2.8276
74.758,0.01040657472611414,0.10459348887834499,0.7710448699035645,5,204.897,-0.644934,-0.0421308,13288.9,0.0,13.4050,27.0324,39.6488,79.5788,76.5378,74.6507,73.5211,72.4503,71.6317,70.7624,69.8376,68.8493,67.3356,65.3571,60.1959,26.6444,12.7929,7.4631,3.1482
74.868,0.003410026406253081,0.03427319443565609,0.8766838760613034,5,190.718,-0.605796,-0.0420535,12198.7,0.0,13.0870,26.3944,38.7172,73.0855,70.1113,68.3098,67.2448,66.2440,65.4847,64.6842,63.8393,62.9444,61.5920,59.8652,55.7377,29.5527,14.1965,8.2836,3.4949
74.978,0.0011173974528010096,0.011230640352675788,0.895297551896303,5,176.629,-0.567794,-0.0412753,11174.7,0.0,12.7864,25.8210,37.9157,66.9946,64.0961,62.3792,61.3759,60.4409,59.7366,58.9991,58.2264,57.4145,56.2017,54.6824,51.2496,32.0908,15.4938,9.0585,3.8286
75.089,0.0003661487973338348,0.003680056230764802,0.8991470002149362,5,162.944,-0.532376,-0.0416201,10202.4,0.0,12.4936,25.2155,37.0094,61.3842,58.5881,56.9661,56.0291,55.1628,54.5149,53.8409,53.1396,52.4084,51.3281,49.9980,47.1239,34.8686,16.7975,9.8122,4.1439
75.199,0.000119979637910351,0.0012058808256970104,0.8982140011027357,4,149.762,-0.499538,-0.0419343,10305.4,0.0,12.2224,24.6553,36.6331,56.1889,53.5027,51.9745,51.1011,50.2999,49.7047,49.0891,48.4527,47.7938,46.8297,45.6597,43.2138,36.1478,18.0106,10.5123,4.4364
75.308,3.931492775046381e-05,0.0003951430289643963,0.8980571919419481,4,136.971,-0.469267,-0.0420106,9098.28,0.0,11.9748,24.1529,54.9133,51.3880,48.8153,47.3783,46.5652,45.8247,45.2780,44.7157,44.1377,43.5431,42.6803,41.6460,39.5380,34.2185,19.1086,11.1510,4.7052
75.419,1.288271552527198e-05,0.00012948046773105337,0.8980308370262946,4,124.636,-0.441532,-0.042342,7951.17,0.0,11.7452,23.6770,50.4590,46.9949,44.5411,43.1937,42.4387,41.7556,41.2541,40.7411,40.2165,39.6799,38.9070,37.9901,36.1593,31.8723,20.1466,11.7468,4.9528
75.528,0.011400964542012384,4.2428159666111564e-05,0.6733117188349176,3,112.977,-0.416252,-0.042537,8995.27,0.0,11.5371,23.2502,46.3673,42.9807,40.6459,39.3843,38.6836,38.0537,37.5937,37.1253,36.6486,36.1635,35.4693,34.6531,33.0503,29.4797,21.0829,12.2866,5.1781
75.637,0.10243063540856412,1.3902859359391436e-05,0.1131635005845846,3,104.117,-0.392982,-0.0438827,9407.98,0.0,11.3336,46.4556,42.6418,39.3531,37.1422,35.9653,35.3172,34.7379,34.3169,33.8901,33.4576,33.0194,32.3960,31.6689,30.2606,27.2385,21.3075,12.8344,5.3925
75.748,0.14693777763247204,4.5556889548853856e-06,0.019019389543251136,3,99.6248,-0.36802,-0.0599201,9037.96,0.0,10.9707,43.3488,39.6199,36.5086,34.4635,33.3902,32.8038,32.2825,31.9055,31.5246,31.1397,30.7510,30.2010,29.5640,28.3449,25.8056,21.2401,14.1297,5.7150
75.858,0.19058275832065372,1.4928081567368431e-06,0.003196588800534219,3,98.554,-0.32644,-0.113574,8947.97,0.0,10.1683,41.2909,37.8486,35.0406,33.2259,32.2838,31.7723,31.3195,30.9933,30.6646,30.3337,30.0003,29.5298,28.9867,27.9530,25.8381,22.2044,17.0195,6.4930
75.967,0.24828152008392002,4.891633767995287e-07,0.0005372506797057862,3,97.4731,-0.257911,-0.185691,8846.78,0.0,9.1429,39.6352,36.5045,33.9959,32.3946,31.5697,31.1236,30.7300,30.4470,30.1624,29.8765,29.5891,29.1845,28.7190,27.8378,26.0475,23.0166,18.8284,7.8890
76.078,0.2850267626057688,1.6028905530966956e-07,9.029572173815148e-05,3,96.2951,-0.156149,-0.270813,8737.32,0.0,7.9689,13.8468,35.3507,33.1113,31.6953,30.9699,30.5787,30.2341,29.9868,29.7385,29.4892,29.2391,28.8874,28.4836,27.7216,26.1833,23.6019,20.0526,10.0750
76.188,0.31672401073601963,5.2523517643872514e-08,1.5176001952531119e-05,3,94.9883,-0.0189149,-0.36404,8614.45,0.0,6.6995,10.7623,34.2293,32.2172,30.9564,30.3134,29.9674,29.6632,29.4450,29.2261,29.0066,28.7866,28.4776,28.1233,27.4561,26.1145,23.8784,20.8197,11.8963
76.297,0.34916470025764096,1.7210906261544148e-08,2.5506306481619057e-06,3,93.5208,0.155083,-0.466057,8480.99,0.0,5.3596,8.2832,33.1515,31.3326,30.2004,29.6255,29.3168,29.0457,28.8515,28.6569,28.4619,28.2666,27.9926,27.6787,27.0886,25.9055,23.9421,21.2679,13.2749
76.408,0.3770058665006894,5.639669763782786e-09,4.286844930365715e-07,3,91.9894,0.353094,-0.475358,8341.55,0.0,4.1354,6.3568,9.5715,30.2118,29.1820,28.6612,28.3821,28.1374,27.9623,27.7870,27.6115,27.4358,27.1897,26.9081,26.3801,25.3256,23.5858,21.2303,14.1436
76.518,0.38187215121183454,1.8480069881963434e-09,7.204900274465657e-08,3,90.3364,0.528872,-0.431924,8192.26,0.0,3.0556,4.7106,6.4329,29.1083,28.1612,27.6846,27.4299,27.2068,27.0473,26.8878,26.7282,26.5686,26.3452,26.0899,25.6120,24.6610,23.1012,21.0044,14.7042
76.629,0.3772336220616701,6.055549298921779e-10,1.2109275891294432e-08,3,88.6222,0.675725,-0.375865,8038.45,0.0,2.1515,3.3837,4.5175,27.9339,27.0515,26.6095,26.3738,26.1677,26.0206,25.8736,25.7267,25.5799,25.3748,25.1408,24.7036,23.8369,22.4240,20.5400,14.9353
76.738,0.3644227377260314,1.9842823942706886e-10,2.035205999049855e-09,2,86.9812,0.787868,-0.304043,9890.4,0.0,1.4554,2.3830,3.2235,26.6762,25.8438,25.4290,25.2084,25.0157,24.8784,24.7413,24.6045,24.4679,24.2772,24.0601,23.6553,22.8567,21.5654,19.8597,14.8726
76.848,0.34737286173909915,6.502096549546194e-11,3.4205707226030916e-10,2,84.8692,0.861666,-0.220265,9575.26,0.0,0.9965,1.7574,2.5012,25.5694,24.6351,24.2174,24.0066,23.8245,23.6948,23.5655,23.4366,23.3081,23.1289,22.9251,22.5462,21.8020,20.6080,19.0493,14.5911
76.957,0.32778712704115825,2.1306069973552966e-11,5.748953213479014e-11,2,82.7818,0.892642,-0.130127,9338.87,0.0,0.8254,1.6443,2.7858,24.8384,23.7122,23.2098,22.9567,22.7434,22.5955,22.4512,22.3104,22.1731,21.9864,21.7808,21.4159,20.7143,19.5975,18.1560,14.1391
77.069,0.30473836370559676,6.981573008933835e-12,9.662265665894181e-12,2,80.8048,0.881886,-0.0320976,9141.51,0.0,0.9975,2.7622,26.9807,24.2183,22.8944,22.3075,22.0126,21.7644,21.5924,21.4248,21.2613,21.1019,20.8854,20.6471,20.2250,19.4693,18.4058,17.0733,13.4763
77.178,0.28206335210471245,2.2877218435674394e-12,1.623936990466835e-12,2,78.9365,0.837318,0.0503632,8939.84,0.0,1.5334,35.3371,27.7834,24.2917,22.6642,21.9511,21.5948,21.2958,21.0891,20.8879,20.6921,20.5015,20.2431,19.9592,19.4577,18.5635,17.3418,16.0452,12.7727
77.287,0.2617501310467085,7.496406937001785e-13,2.72935089987761e-13,2,77.2136,0.764679,0.122772,8758.44,0.0,2.5629,40.6193,29.6142,24.9989,22.9362,22.0489,21.6091,21.2418,20.9888,20.7434,20.5052,20.2739,19.9612,19.6191,19.0178,17.9547,16.5175,15.0275,11.9887
77.400,0.24384993236322136,2.4564226251167453e-13,4.5872200574242997e-14,2,75.6551,0.671034,0.187109,8596.21,0.0,4.4984,51.4360,33.1531,26.6275,23.8911,22.7453,22.1841,21.7186,21.3999,21.0919,20.7943,20.5064,20.1191,19.6975,18.9626,17.6800,15.9775,14.2419,11.1483
77.509,0.22786958346426278,8.04920565798255e-14,7.70974075051302e-15,2,74.3009,0.562003,0.245858,8459.33,0.0,7.1012,77.3984,39.5691,29.5203,25.6957,24.1552,23.4131,22.8037,22.3895,21.9918,21.6095,21.2419,20.7504,20.2194,19.3034,17.7336,15.7027,13.6858,10.2594
77.618,0.2127259241938079,2.6375637100077223e-14,1.2957761279387232e-15,2,73.1765,0.441618,0.30523,8351.23,0.0,8.3831,179.4450,51.1991,34.0879,28.4770,26.3359,25.3273,24.5098,23.9597,23.4354,22.9353,22.4578,21.8244,21.1467,19.9932,18.0607,15.6386,13.3123,9.4610
77.730,0.19860592882934844,8.642768764953307e-15,2.1778109382266125e-16,2,72.2857,0.314283,0.317878,8267.4,0.0,9.1292,200.0000,72.8628,40.5521,32.1172,29.1178,27.7436,26.6475,25.9184,25.2300,24.5791,23.9627,23.1528,22.2956,20.8587,18.5116,15.6706,13.0389,8.8337
77.839,0.20240615749771107,0.11660019726562784,3.660246843877468e-17,2,71.8772,0.207779,0.263787,8312.8,0.0,9.5395,70.1363,133.4040,51.3432,37.5942,33.1837,31.2378,29.7177,28.7220,27.7928,26.9239,26.1096,25.0521,23.9479,22.1308,19.2501,15.9002,12.9211,8.3582
77.951,0.20275657315344764,0.2756002596712509,6.1517768705048604e-18,2,72.6186,0.122381,0.216736,8520.61,0.0,9.7784,45.9390,200.0000,71.3213,46.0009,39.0984,36.2105,34.0174,32.6096,31.3160,30.1233,29.0203,27.6086,26.1590,23.8261,20.2560,16.2903,12.9188,7.9921
78.058,0.18357875737393542,0.39011927121407547,1.033929138625752e-18,2,74.239,0.0526107,0.173733,8830.91,0.0,9.8990,36.1542,159.2290,122.5460,60.8840,48.6821,43.9919,40.5775,38.4495,36.5362,34.8069,33.2362,31.2650,29.2855,26.1902,21.6582,16.8929,13.0459,7.7143
78.169,0.18039527243162612,0.4668303335726782,1.7377247032883016e-19,2,76.5985,-0.00329606,0.128493,9199.14,0.0,9.8577,29.8413,74.4484,200.0000,101.9720,70.5567,60.6135,53.9676,50.0522,46.6697,43.7186,41.1214,37.9685,34.9154,30.3551,24.1090,18.0379,13.4677,7.5519
78.281,0.1418589582116921,0.5141603699550952,2.9205939088166486e-20,2,79.4564,-0.0444037,0.0841128,9618.07,0.0,9.7124,25.5792,50.1317,164.6840,200.0000,141.6810,105.3670,86.0765,76.1282,68.2458,61.8468,56.5489,50.4991,45.0050,37.3964,27.9925,19.8151,14.1972,7.5046
78.389,0.07950470689073383,0.5661925895581356,4.908642182548142e-21,2,82.7181,-0.0726724,0.0523612,10060.4,0.0,9.6185,23.3498,41.1423,92.2657,200.0000,200.0000,200.0000,159.4240,127.5540,106.3100,91.1381,79.7613,67.9034,58.0506,45.6548,32.0414,21.4974,14.8528,7.4870
78.498,0.04155270488586503,0.6177131342307849,8.249954916208665e-22,2,86.3345,-0.0918394,0.03254,10571.0,0.0,9.5814,22.2345,37.2264,73.1854,175.8000,200.0000,200.0000,200.0000,200.0000,167.4840,132.0790,109.0380,87.6453,71.6029,53.3299,35.3606,22.7395,15.2993,7.4670
78.607,0.027408570773507085,0.6764612886528687,1.38656992276719e-22,2,90.3195,-0.105111,0.0209476,11187.2,0.0,9.5799,21.6907,35.3866,65.6158,135.7460,200.0000,200.0000,200.0000,200.0000,200.0000,180.9690,139.8580,106.1200,83.1994,59.2404,37.6446,23.5132,15.5497,7.4392
78.722,0.015685538130486627,0.724424104597022,2.3304080691948168e-23,2,94.67,-0.114493,0.0134398,11864.1,0.0,9.5865,21.3756,34.3366,61.6200,118.6820,200.0000,200.0000,200.0000,200.0000,200.0000,200.0000,172.0090,123.2800,93.1428,63.8917,39.2984,24.0367,15.7076,7.4148
78.835,0.02442400618442676,0.7647809370787272,3.91671684189573e-24,2,99.2938,-0.120775,0.00584906,12608.5,0.0,9.5662,21.0124,33.2595,57.9401,105.2030,178.0160,200.0000,200.0000,200.0000,200.0000,200.0000,200.0000,148.5520,106.6550,69.7893,41.3194,24.6940,15.9332,7.4172
78.939,0.03157979977099749,0.8033155483213322,6.582825996174154e-25,2,104.059,-0.12304,-0.00712806,13656.5,0.0,9.4621,20.2776,31.3583,52.2583,87.6628,132.8000,183.1520,200.0000,200.0000,200.0000,200.0000,200.0000,200.0000,144.1700,83.9945,45.8377,26.1865,16.5038,7.4949
79.047,0.036073772701848576,0.8389566185614342,1.1063755651769903e-25,2,109.279,-0.119097,-0.0272048,14481.0,0.0,9.2477,19.1207,28.6407,45.1178,69.3183,94.8668,118.1210,150.4040,186.9120,200.0000,200.0000,200.0000,200.0000,200.0000,124.0850,55.7385,29.1646,17.6340,7.6867
79.158,0.04100725531215775,0.8667858262545858,1.859485412392968e-26,3,113.448,-0.105306,-0.0526946,11970.9,0.0,8.9213,17.6888,25.5915,38.1189,54.2696,68.9529,80.6084,94.6185,108.0410,125.9120,150.8820,188.2220,200.0000,200.0000,200.0000,77.3262,34.3885,19.4982,8.0256
79.272,0.04639528868501441,0.8919950084533526,3.125237132608862e-27,3,116.405,-0.0757531,-0.0723198,11431.8,0.0,8.5337,16.4222,23.2139,33.3966,45.5651,55.7900,63.3953,71.9949,79.7271,89.3275,101.5650,117.6990,151.3860,200.0000,200.0000,111.2830,40.5696,21.6285,8.4772
79.383,-0.02463632030519839,0.9109260728074945,5.252586048775715e-28,3,120.929,-0.0331147,-0.0855973,11857.9,0.0,8.1032,15.2974,21.3178,30.0501,40.0470,48.1000,53.8958,60.2585,65.8146,72.5053,80.7173,91.0354,110.8940,147.7580,200.0000,158.6450,46.9643,23.8207,9.0073
79.492,-0.008072829437607409,0.9213774332719348,8.828021372177344e-29,3,125.532,0.0162777,-0.0814117,12265.4,0.0,7.7431,14.7051,20.5823,29.1932,39.1793,47.3249,53.2442,59.7984,65.5696,72.5800,81.2757,92.3468,114.1260,156.2720,200.0000,149.6370,47.7581,24.6272,9.4207
79.598,-0.0026453047501151955,0.9277491018657975,1.4837255520218463e-29,3,130.158,0.0681671,-0.0788558,12644.7,0.0,7.3507,14.0112,19.6646,28.0001,37.7459,45.7591,51.6186,58.1425,63.9187,70.9751,79.7896,91.1119,113.7180,158.7650,200.0000,148.0020,49.2195,25.6284,9.8720
79.708,-0.09120501025409197,0.9327357495275096,2.4936975352831172e-30,3,134.716,0.120473,-0.0713347,13115.3,0.0,6.9831,13.4576,19.0443,27.4421,37.5119,46.0026,52.3356,59.5138,65.9846,74.0404,84.3440,97.9885,126.6970,190.5270,200.0000,132.2960,48.8342,26.1234,10.2653
79.817,-0.05470450343286084,0.9352371492332994,4.191157447550335e-31,3,139.23,0.161973,-0.030742,13530.1,0.0,6.9020,14.1847,21.1375,33.0106,50.0886,67.6679,83.2815,104.3700,127.4300,163.5860,200.0000,200.0000,200.0000,200.0000,178.4850,76.3586,39.2231,23.5255,10.1773
79.928,-0.017925571684879838,0.9392206184357674,7.04407832209785e-32,3,143.754,0.186305,-0.00820476,13987.5,0.0,6.8485,14.6473,22.6099,37.5525,62.6410,94.2230,128.9310,190.2960,200.0000,200.0000,200.0000,200.0000,200.0000,200.0000,115.6070,62.5900,35.6107,22.3973,10.1498
80.038,-0.005873851329701425,0.9463249860771572,1.1838982435949856e-32,3,148.414,0.196661,-0.000745598,14327.0,0.0,6.8115,14.7730,23.1021,39.3122,68.3690,108.6470,158.4960,200.0000,200.0000,200.0000,200.0000,200.0000,200.0000,167.4640,104.0380,59.2751,34.6553,22.1015,10.1616
80.150,-0.001924743603716563,0.9632191230002629,1.989777778010092e-33,3,153.146,0.199485,0.00194424,14674.9,0.0,6.8058,14.8368,23.3149,40.0459,70.8244,115.2450,173.2530,200.0000,200.0000,200.0000,200.0000,200.0000,200.0000,157.9600,100.3820,58.1340,34.3016,21.9816,10.1582
80.258,-0.0006306999840658434,0.9764785465216012,3.344219511501562e-34,4,156.127,0.199012,0.00240486,12172.6,0.0,6.8130,14.8655,23.3798,40.2229,71.3497,116.6010,176.2840,200.0000,200.0000,200.0000,200.0000,200.0000,200.0000,156.3200,99.7026,57.8973,34.2146,21.9438,10.1496
80.368,-0.00020666777077869557,0.9843727049679483,5.620629732980675e-35,4,158.506,0.197334,0.00256365,12186.2,0.0,6.8284,14.9036,23.4466,40.3606,71.6683,117.2980,177.6910,200.0000,200.0000,200.0000,200.0000,200.0000,200.0000,155.5630,99.3449,57.7428,34.1414,21.9030,10.1338
80.477,-6.772089512876296e-05,0.9869594628076472,9.446592392220622e-36,4,162.116,0.19533,0.00253504,12406.5,0.0,6.8452,14.9396,23.5019,40.4517,71.8167,117.5090,177.9460,200.0000,200.0000,200.0000,200.0000,200.0000,200.0000,155.3990,99.2178,57.6594,34.0888,21.8682,10.1171
80.592,-2.2190782915793047e-05,0.98780709161656,1.5876887833605203e-36,4,165.572,0.193232,0.00252598,12760.8,0.0,6.8630,14.9781,23.5621,40.5540,71.9938,117.7880,178.3480,200.0000,200.0000,200.0000,200.0000,200.0000,200.0000,155.1580,99.0560,57.5625,34.0305,21.8304,10.0994
80.703,-7.271475745847065e-06,0.9880848426246643,2.6684285381940267e-37,4,169.098,0.191079,0.00252503,12987.6,0.0,6.8813,15.0180,23.6249,40.6619,72.1848,118.1000,178.8170,200.0000,200.0000,200.0000,200.0000,200.0000,200.0000,154.8810,98.8793,57.4591,33.9693,21.7911,10.0812
80.812,-2.3827171723991665e-06,0.988175856075,4.4848278441427017e-38,4,172.579,0.188885,0.00252455,13233.7,0.0,6.9000,15.0588,23.6889,40.7720,72.3802,118.4190,179.2990,200.0000,200.0000,200.0000,200.0000,200.0000,200.0000,154.5970,98.6978,57.3535,33.9067,21.7509,10.0627
80.923,-7.807687630517588e-07,0.9908876149092809,7.537650157650637e-39,4,176.002,0.186645,0.00252407,13521.9,0.0,6.9190,15.1003,23.7543,40.8845,72.5795,118.7440,179.7910,200.0000,200.0000,200.0000,200.0000,200.0000,200.0000,154.3080,98.5125,57.2456,33.8429,21.7100,10.0437
81.029,-2.558423082768003e-07,0.9922580790440981,1.2668528619963424e-39,4,179.441,0.184358,0.0025236,13764.6,0.0,6.9385,15.1428,23.8211,40.9994,72.7831,119.0780,180.2970,200.0000,200.0000,200.0000,200.0000,200.0000,200.0000,154.0100,98.3226,57.1353,33.7777,21.6682,10.0243
81.141,-8.383440757614193e-08,0.992104808981795,2.129199605157253e-40,4,182.856,0.182029,0.0025236,13995.0,0.0,6.9583,15.1860,23.8890,41.1163,72.9909,119.4170,180.8080,200.0000,200.0000,200.0000,200.0000,200.0000,200.0000,153.7090,98.1293,57.0232,33.7114,21.6256,10.0046
81.250,-2.7470858674550188e-08,0.9913302670884045,3.5785457763877956e-41,4,186.198,0.179659,0.00252312,14271.9,0.0,6.9785,15.2300,23.9582,41.2353,73.2019,119.7610,181.3290,200.0000,200.0000,200.0000,200.0000,200.0000,200.0000,153.4030,97.9332,56.9090,33.6438,21.5822,9.9846
81.361,-9.001650970476605e-09,0.9916501976226534,6.014461886374968e-42,4,189.531,0.177245,0.00252312,14516.3,0.0,6.9990,15.2748,24.0287,41.3566,73.4172,120.1140,181.8630,200.0000,200.0000,200.0000,200.0000,200.0000,200.0000,153.0890,97.7328,56.7926,33.5750,21.5381,9.9642
81.468,-2.9496609900057745e-09,0.9925079621476159,1.010850609243041e-42,4,192.844,0.174786,0.00252264,14745.9,0.0,7.0199,15.3204,24.1005,41.4802,73.6367,120.4730,182.4060,200.0000,200.0000,200.0000,200.0000,200.0000,200.0000,152.7690,97.5293,56.6740,33.5049,21.4931,9.9433
81.580,-9.665449132050922e-10,0.9918478723177808,1.6989366189547789e-43,4,196.124,0.172286,0.00252264,14977.2,0.0,7.0412,15.3668,24.1735,41.6059,73.8593,120.8380,200.0000,200.0000,200.0000,200.0000,200.0000,200.0000,196.0070,152.4440,97.3217,56.5536,33.4336,21.4474,9.9222
81.687,-3.1671743715904466e-10,0.9925727361917154,2.855402775477297e-44,5,196.494,0.169764,0.00254267,13444.6,0.0,7.0628,15.4146,24.2495,41.7396,74.1063,121.2650,200.0000,200.0000,200.0000,200.0000,200.0000,200.0000,191.3200,152.0500,97.0855,56.4227,33.3585,21.4000,9.9006
81.801,-1.0378196980827574e-10,0.9928102595859263,4.799075444744693e-45,5,199.15,0.167208,0.00254887,13614.9,0.0,7.0846,15.4623,24.3249,41.8703,74.3413,121.6570,200.0000,200.0000,200.0000,200.0000,200.0000,199.5660,186.5430,151.6970,96.8651,56.2966,33.2847,21.3528,9.8789
81.907,-3.40072758667758e-11,0.9928880912517413,8.065806099982407e-46,5,201.769,0.164607,0.00254744,13790.5,0.0,7.1067,15.5105,24.4006,42.0005,74.5719,122.0320,200.0000,200.0000,200.0000,200.0000,200.0000,193.9290,181.6430,151.3640,96.6512,56.1718,33.2108,21.3054,9.8569
82.019,-1.1143504156025096e-11,0.9929135951319955,1.3556200312240434e-46,5,204.366,0.161973,0.00254744,13953.4,0.0,7.1291,15.5594,24.4775,42.1328,74.8071,122.4160,200.0000,200.0000,200.0000,200.0000,195.5500,188.2100,176.6160,151.0230,96.4325,56.0450,33.1357,21.2572,9.8346
82.130,-3.651503441846303e-12,0.9929219522434772,2.2783905864782496e-47,5,206.925,0.159305,0.00254744,14122.4,0.0,7.1518,15.6090,24.5555,42.2670,75.0452,122.8060,200.0000,200.0000,200.0000,197.1880,189.5110,182.4120,171.4700,150.6620,96.2111,55.9163,33.0596,21.2084,9.8121
82.238,-1.1965246478241966e-12,0.9929246907017675,3.8292910586939934e-48,5,209.443,0.156604,0.00254744,14299.9,0.0,7.1748,15.6591,24.6343,42.4027,75.2863,123.2000,200.0000,200.0000,198.8980,190.8260,183.3970,176.5350,166.2130,148.7130,95.9870,55.7860,32.9826,21.1590,9.7892
82.351,-3.9207719659903276e-13,0.9929255880397801,6.435889482346995e-49,5,211.94,0.153871,0.00254744,14466.7,0.0,7.1980,15.7099,24.7142,42.5403,75.5302,123.5990,200.0000,200.0000,192.1870,184.3870,177.2090,170.5810,160.8470,145.5050,95.7602,55.6542,32.9047,21.1090,9.7661
82.460,-1.2847585578157107e-13,0.9929258820795,1.0816799452980596e-49,5,214.409,0.151104,0.00254744,14628.5,0.0,7.2215,15.7612,24.7951,42.6794,75.7773,124.0050,200.0000,193.6010,185.3970,177.8730,170.9480,164.5540,155.3770,141.6820,95.5305,55.5205,32.8257,21.0583,9.7426
82.568,-4.2098968422505206e-14,0.9929259784304355,1.8179794840624493e-50,5,216.85,0.148304,0.00254744,14787.1,0.0,7.2454,15.8132,24.8768,42.8202,76.0277,124.4160,198.7690,186.4290,178.5290,171.2830,164.6150,158.4580,149.8070,137.4560,95.2982,55.3855,32.7458,21.0071,9.7190
82.681,-1.3794989972686505e-14,0.9929260100027101,3.05547811886376e-51,5,219.258,0.145473,0.00254792,14945.2,0.0,7.2694,15.8658,24.9595,42.9625,76.2804,200.0000,191.0360,179.1760,171.5830,164.6190,158.2100,152.2930,144.1400,132.9310,95.0626,55.2490,32.6651,20.9553,9.6950
82.790,-4.520342314249915e-15,0.9929260203483129,5.1353420743743214e-52,6,219.455,0.142622,0.00255268,13400.5,0.0,7.2937,15.9190,25.0434,43.1078,76.5409,198.2680,183.2340,171.8590,164.5760,157.8970,151.7500,146.0740,138.3910,128.1740,94.8198,55.1091,32.5830,20.9028,9.6708
82.899,-1.4812257695334118e-15,0.9929260237383601,8.630969424400923e-53,6,221.135,0.139755,0.00257414,13778.7,0.0,7.3183,15.9732,25.1297,43.2596,76.8214,189.7960,175.4060,164.5180,157.5470,151.1540,145.2700,139.8370,132.5960,123.2510,94.5538,54.9614,32.4980,20.8491,9.6463
83.008,-4.853680601607084e-16,0.9929260248492108,1.4506070311590634e-53,6,223.058,0.136847,0.00257223,13904.1,0.0,7.3430,16.0271,25.2144,43.4050,77.0783,181.2770,167.5330,157.1330,150.4750,144.3690,138.7490,133.5600,126.7370,118.1810,94.3151,54.8222,32.4154,20.7960,9.6218
83.119,-1.5904540595346093e-16,0.9929260252132143,2.438035237269038e-54,6,224.966,0.133908,0.00257223,14018.4,0.0,7.3680,16.0817,25.3003,43.5528,77.3407,172.6810,159.5880,149.6820,143.3400,137.5230,132.1700,127.2270,120.8000,112.9640,93.6733,54.6805,32.3317,20.7423,9.5969
83.228,0.009768544239249947,0.992926025332491,4.097605823278073e-55,6,226.845,0.131436,2.83082e-05,14132.7,0.0,7.3702,16.0084,25.0687,42.7718,74.7384,166.5230,153.7150,144.0430,137.8600,132.1960,126.9880,122.1840,116.0460,108.9870,93.2226,55.6913,32.6471,20.8499,9.6003
83.339,0.003200956576317422,0.9929260253715756,6.886846107183457e-56,6,228.701,0.13227,-0.00338108,14245.3,0.0,7.3382,15.8363,24.6493,41.5763,71.1944,161.0680,148.4350,138.9230,132.8540,127.3030,122.2050,117.5090,111.5240,105.1160,91.7211,57.3241,33.2039,21.0741,9.6403
83.447,0.0010488894509276929,0.9929260253843828,1.1574722252343236e-56,6,230.533,0.135965,-0.00428707,14356.7,0.0,7.3003,15.7279,24.4419,41.1043,70.0314,153.0260,140.9610,131.8840,126.0950,120.8020,115.9440,111.4700,105.7690,99.8294,88.0109,57.9508,33.4572,21.1992,9.6806
83.560,0.0003437000952799864,0.9929260253885795,1.9453635689513277e-57,6,232.341,0.140891,-0.00457508,14467.2,0.0,7.2567,15.6254,24.2704,40.7777,172.0720,144.3180,132.9210,124.3470,118.8810,113.8840,109.2980,105.0740,99.6936,94.1664,83.6562,58.3440,33.6489,21.3092,9.7254
83.667,0.004835435813301346,0.9929260253899547,3.269572550336497e-58,6,234.125,0.14779,-0.0086115,14576.4,0.0,7.1698,15.3230,23.6367,39.2084,166.3090,138.7860,127.5610,119.1490,113.7980,108.9160,104.4430,100.3300,95.0990,89.7670,80.4482,60.2120,34.5234,21.6964,9.8243
83.779,0.001584475607302585,0.9929260253904053,5.495170585350552e-59,6,235.887,0.158,-0.0100892,14684.1,0.0,7.0736,15.0765,23.1988,38.3085,157.1010,130.8510,120.1750,112.1830,107.1060,102.4760,98.2363,94.3407,89.3892,84.3456,75.9387,59.0201,35.0851,21.9865,9.9266
83.890,0.000519200967000911,0.992926025390553,9.235733202798673e-60,6,237.626,0.16998,-0.0105527,14790.7,0.0,6.9698,14.8427,22.8214,37.6324,146.5220,121.9660,111.9870,104.5210,99.7782,95.4543,91.4964,87.8600,83.2389,78.5331,70.9050,56.4839,35.5296,22.2449,10.0340
83.997,0.01895499007833561,0.9929260253906014,1.5522496793943734e-60,6,239.342,0.182861,-0.012039,14896.5,0.0,6.8517,14.5516,22.3189,36.8549,136.9070,113.7370,104.3470,97.3318,92.8798,88.8238,85.1135,81.7064,77.3802,72.9774,65.9628,53.5604,36.1346,22.5908,10.1600
84.108,0.006211171148869012,0.9929260253906171,2.6088660361581234e-61,6,241.033,0.200118,-0.0186341,15000.7,0.0,6.6642,13.9868,21.2263,36.5905,132.5270,109.0800,99.6997,92.7363,88.3373,84.3430,80.7003,77.3647,73.1416,68.8584,62.0760,51.1794,36.4671,23.3870,10.3785
84.219,0.002035276562061398,0.9929260253906224,4.384721146970958e-62,6,242.707,0.222679,-0.0204342,15102.8,0.0,6.4650,13.5257,20.4857,200.0000,122.7110,100.7290,91.9671,85.4751,81.3793,77.6637,74.2781,71.1803,67.2618,63.2916,57.0121,47.3985,35.0242,23.8133,10.5934
84.328,0.0006669194238562788,0.9929260253906241,7.369400831714089e-63,6,244.363,0.247755,-0.0209602,15202.6,0.0,6.2533,13.0774,20.9548,198.2670,111.4290,91.3942,83.4176,77.5109,73.7854,70.4069,67.3291,64.5139,60.9538,57.3474,51.6455,43.1233,32.7485,23.3068,10.8166
84.437,0.00021853615680922546,0.9919848632812497,1.238575197786187e-63,6,245.999,0.273836,-0.0210646,15302.8,0.0,6.0362,13.3326,25.6509,178.1840,99.6542,81.7231,74.5859,69.3012,65.9686,62.9463,60.1931,57.6752,54.4906,51.2650,46.1659,38.5742,29.9229,22.0327,10.9727
84.769,0.00011189051228632344,0.9610093359374997,4.2483129284066214e-64,6,246.631,0.28438,-0.0210455,15341.2,0.0,5.9966,13.8606,36.8948,169.6100,94.8716,77.8033,71.0092,65.9785,62.8061,59.9290,57.3081,54.9109,51.8793,48.8087,43.9542,36.7266,28.6699,21.3516,10.9172
84.869,6.354656624827863e-88,5.457910790067139e-84,3.693455504510954e-197,6,246.631,0.28438,-0.0210455,15341.2,0.0,5.9966,13.8606,36.8948,169.6100,94.8716,77.8033,71.0092,65.9785,62.8061,59.9290,57.3081,54.9109,51.8793,48.8087,43.9542,36.7266,28.6699,21.3516,10.9172
84.969,3.727770535581513e-184,3.2017212306252492e-180,5e-324,6,246.631,0.28438,-0.0210455,15341.2,0.0,5.9966,13.8606,36.8948,169.6100,94.8716,77.8033,71.0092,65.9785,62.8061,59.9290,57.3081,54.9109,51.8793,48.8087,43.9542,36.7266,28.6699,21.3516,10.9172
85.069,1.0227171504050554e-285,8.783950573464206e-282,5e-324,6,246.631,0.28438,-0.0210455,15341.2,0.0,5.9966,13.8606,36.8948,169.6100,94.8716,77.8033,71.0092,65.9785,62.8061,59.9290,57.3081,54.9109,51.8793,48.8087,43.9542,36.7266,28.6699,21.3516,10.9172
85.170,1e-323,1e-323,5e-324,6,246.631,0.28438,-0.0210455,15341.2,0.0,5.9966,13.8606,36.8948,169.6100,94.8716,77.8033,71.0092,65.9785,62.8061,59.9290,57.3081,54.9109,51.8793,48.8087,43.9542,36.7266,28.6699,21.3516,10.9172
85.270,1e-323,1e-323,5e-324,6,246.631,0.28438,-0.0210455,15341.2,0.0,5.9966,13.8606,36.8948,169.6100,94.8716,77.8033,71.0092,65.9785,62.8061,59.9290,57.3081,54.9109,51.8793,48.8087,43.9542,36.7266,28.6699,21.3516,10.9172
85.370,1e-323,1e-323,5e-324,6,246.631,0.28438,-0.0210455,15341.2,0.0,5.9966,13.8606,36.8948,169.6100,94.8716,77.8033,71.0092,65.9785,62.8061,59.9290,57.3081,54.9109,51.8793,48.8087,43.9542,36.7266,28.6699,21.3516,10.9172
85.470,1e-323,1e-323,5e-324,6,246.631,0.28438,-0.0210455,15341.2,0.0,5.9966,13.8606,36.8948,169.6100,94.8716,77.8033,71.0092,65.9785,62.8061,59.9290,57.3081,54.9109,51.8793,48.8087,43.9542,36.7266,28.6699,21.3516,10.9172
85.570,0.002451733065596343,1e-323,5e-324,6,246.631,0.28438,-0.0210455,15341.2,0.0,5.9966,13.8606,36.8948,169.6100,94.8716,77.8033,71.0092,65.9785,62.8061,59.9290,57.3081,54.9109,51.8793,48.8087,43.9542,36.7266,28.6699,21.3516,10.9172
85.670,5.777245474385616e-30,1e-323,5e-324,6,246.631,0.28438,-0.0210455,15341.2,0.0,5.9966,13.8606,36.8948,169.6100,94.8716,77.8033,71.0092,65.9785,62.8061,59.9290,57.3081,54.9109,51.8793,48.8087,43.9542,36.7266,28.6699,21.3516,10.9172
85.770,3.698039394435179e-99,1e-323,5e-324,6,246.631,0.28438,-0.0210455,15341.2,0.0,5.9966,13.8606,36.8948,169.6100,94.8716,77.8033,71.0092,65.9785,62.8061,59.9290,57.3081,54.9109,51.8793,48.8087,43.9542,36.7266,28.6699,21.3516,10.9172
85.870,1.6266798591188018e-169,1e-323,5e-324,6,246.631,0.28438,-0.0210455,15341.2,0.0,5.9966,13.8606,36.8948,169.6100,94.8716,77.8033,71.0092,65.9785,62.8061,59.9290,57.3081,54.9109,51.8793,48.8087,43.9542,36.7266,28.6699,21.3516,10.9172
85.970,1.2004734002713922e-240,1e-323,5e-324,6,246.631,0.28438,-0.0210455,15341.2,0.0,5.9966,13.8606,36.8948,169.6100,94.8716,77.8033,71.0092,65.9785,62.8061,59.9290,57.3081,54.9109,51.8793,48.8087,43.9542,36.7266,28.6699,21.3516,10.9172
86.070,1.730346315966e-311,1e-323,5e-324,6,246.631,0.28438,-0.0210455,15341.2,0.0,5.9966,13.8606,36.8948,169.6100,94.8716,77.8033,71.0092,65.9785,62.8061,59.9290,57.3081,54.9109,51.8793,48.8087,43.9542,36.7266,28.6699,21.3516,10.9172
86.170,1e-323,1e-323,5e-324,6,246.631,0.28438,-0.0210455,15341.2,0.0,5.9966,13.8606,36.8948,169.6100,94.8716,77.8033,71.0092,65.9785,62.8061,59.9290,57.3081,54.9109,51.8793,48.8087,43.9542,36.7266,28.6699,21.3516,10.9172
86.271,1e-323,1e-323,5e-324,6,246.631,0.28438,-0.0210455,15341.2,0.0,5.9966,13.8606,36.8948,169.6100,94.8716,77.8033,71.0092,65.9785,62.8061,59.9290,57.3081,54.9109,51.8793,48.8087,43.9542,36.7266,28.6699,21.3516,10.9172
86.371,1e-323,1e-323,5e-324,6,246.631,0.28438,-0.0210455,15341.2,0.0,5.9966,13.8606,36.8948,169.6100,94.8716,77.8033,71.0092,65.9785,62.8061,59.9290,57.3081,54.9109,51.8793,48.8087,43.9542,36.7266,28.6699,21.3516,10.9172
86.471,7.531428260512053e-47,1e-323,5e-324,6,246.631,0.28438,-0.0210455,15341.2,0.0,5.9966,13.8606,36.8948,169.6100,94.8716,77.8033,71.0092,65.9785,62.8061,59.9290,57.3081,54.9109,51.8793,48.8087,43.9542,36.7266,28.6699,21.3516,10.9172
86.571,2.764181442324098e-127,1e-323,5e-324,6,246.631,0.28438,-0.0210455,15341.2,0.0,5.9966,13.8606,36.8948,169.6100,94.8716,77.8033,71.0092,65.9785,62.8061,59.9290,57.3081,54.9109,51.8793,48.8087,43.9542,36.7266,28.6699,21.3516,10.9172
86.671,4.250730311240583e-224,1e-323,5e-324,6,246.631,0.28438,-0.0210455,15341.2,0.0,5.9966,13.8606,36.8948,169.6100,94.8716,77.8033,71.0092,65.9785,62.8061,59.9290,57.3081,54.9109,51.8793,48.8087,43.9542,36.7266,28.6699,21.3516,10.9172
86.771,1.0230092985168893e-34,1e-323,5e-324,6,246.631,0.28438,-0.0210455,15341.2,0.0,5.9966,13.8606,36.8948,169.6100,94.8716,77.8033,71.0092,65.9785,62.8061,59.9290,57.3081,54.9109,51.8793,48.8087,43.9542,36.7266,28.6699,21.3516,10.9172
86.871,1.8431899141702602e-105,1e-323,5e-324,6,246.631,0.28438,-0.0210455,15341.2,0.0,5.9966,13.8606,36.8948,169.6100,94.8716,77.8033,71.0092,65.9785,62.8061,59.9290,57.3081,54.9109,51.8793,48.8087,43.9542,36.7266,28.6699,21.3516,10.9172
86.971,2.1390646934975774e-151,1e-323,5e-324,6,246.631,0.28438,-0.0210455,15341.2,0.0,5.9966,13.8606,36.8948,169.6100,94.8716,77.8033,71.0092,65.9785,62.8061,59.9290,57.3081,54.9109,51.8793,48.8087,43.9542,36.7266,28.6699,21.3516,10.9172
87.072,1.6786642374852976e-226,1e-323,5e-324,6,246.631,0.28438,-0.0210455,15341.2,0.0,5.9966,13.8606,36.8948,169.6100,94.8716,77.8033,71.0092,65.9785,62.8061,59.9290,57.3081,54.9109,51.8793,48.8087,43.9542,36.7266,28.6699,21.3516,10.9172
87.172,6.96677805e-315,1e-323,5e-324,6,246.631,0.28438,-0.0210455,15341.2,0.0,5.9966,13.8606,36.8948,169.6100,94.8716,77.8033,71.0092,65.9785,62.8061,59.9290,57.3081,54.9109,51.8793,48.8087,43.9542,36.7266,28.6699,21.3516,10.9172
87.272,1e-323,1e-323,5e-324,6,246.631,0.28438,-0.0210455,15341.2,0.0,5.9966,13.8606,36.8948,169.6100,94.8716,77.8033,71.0092,65.9785,62.8061,59.9290,57.3081,54.9109,51.8793,48.8087,43.9542,36.7266,28.6699,21.3516,10.9172
87.372,1e-323,1e-323,5e-324,6,246.631,0.28438,-0.0210455,15341.2,0.0,5.9966,13.8606,36.8948,169.6100,94.8716,77.8033,71.0092,65.9785,62.8061,59.9290,57.3081,54.9109,51.8793,48.8087,43.9542,36.7266,28.6699,21.3516,10.9172
87.472,4.2150650169065866e-13,1e-323,5e-324,6,246.631,0.28438,-0.0210455,15341.2,0.0,5.9966,13.8606,36.8948,169.6100,94.8716,77.8033,71.0092,65.9785,62.8061,59.9290,57.3081,54.9109,51.8793,48.8087,43.9542,36.7266,28.6699,21.3516,10.9172
87.572,2.646270184932866e-88,1e-323,5e-324,6,246.631,0.28438,-0.0210455,15341.2,0.0,5.9966,13.8606,36.8948,169.6100,94.8716,77.8033,71.0092,65.9785,62.8061,59.9290,57.3081,54.9109,51.8793,48.8087,43.9542,36.7266,28.6699,21.3516,10.9172
87.672,1.3595711180797537e-179,1e-323,5e-324,6,246.631,0.28438,-0.0210455,15341.2,0.0,5.9966,13.8606,36.8948,169.6100,94.8716,77.8033,71.0092,65.9785,62.8061,59.9290,57.3081,54.9109,51.8793,48.8087,43.9542,36.7266,28.6699,21.3516,10.9172
87.772,5.4448354917427575e-233,1e-323,5e-324,6,246.631,0.28438,-0.0210455,15341.2,0.0,5.9966,13.8606,36.8948,169.6100,94.8716,77.8033,71.0092,65.9785,62.8061,59.9290,57.3081,54.9109,51.8793,48.8087,43.9542,36.7266,28.6699,21.3516,10.9172
87.872,6.117589614975396e-266,1e-323,5e-324,6,246.631,0.28438,-0.0210455,15341.2,0.0,5.9966,13.8606,36.8948,169.6100,94.8716,77.8033,71.0092,65.9785,62.8061,59.9290,57.3081,54.9109,51.8793,48.8087,43.9542,36.7266,28.6699,21.3516,10.9172
87.972,2.964933305394231e-306,1e-323,5e-324,6,246.631,0.28438,-0.0210455,15341.2,0.0,5.9966,13.8606,36.8948,169.6100,94.8716,77.8033,71.0092,65.9785,62.8061,59.9290,57.3081,54.9109,51.8793,48.8087,43.9542,36.7266,28.6699,21.3516,10.9172
88.073,1e-323,1e-323,5e-324,6,246.631,0.28438,-0.0210455,15341.2,0.0,5.9966,13.8606,36.8948,169.6100,94.8716,77.8033,71.0092,65.9785,62.8061,59.9290,57.3081,54.9109,51.8793,48.8087,43.9542,36.7266,28.6699,21.3516,10.9172
88.173,1e-323,1e-323,5e-324,6,246.631,0.28438,-0.0210455,15341.2,0.0,5.9966,13.8606,36.8948,169.6100,94.8716,77.8033,71.0092,65.9785,62.8061,59.9290,57.3081,54.9109,51.8793,48.8087,43.9542,36.7266,28.6699,21.3516,10.9172
88.273,1e-323,1e-323,5e-324,6,246.631,0.28438,-0.0210455,15341.2,0.0,5.9966,13.8606,36.8948,169.6100,94.8716,77.8033,71.0092,65.9785,62.8061,59.9290,57.3081,54.9109,51.8793,48.8087,43.9542,36.7266,28.6699,21.3516,10.9172
88.373,1e-323,1e-323,5e-324,6,246.631,0.28438,-0.0210455,15341.2,0.0,5.9966,13.8606,36.8948,169.6100,94.8716,77.8033,71.0092,65.9785,62.8061,59.9290,57.3081,54.9109,51.8793,48.8087,43.9542,36.7266,28.6699,21.3516,10.9172
88.473,5.074528181108006e-27,1e-323,5e-324,6,246.631,0.28438,-0.0210455,15341.2,0.0,5.9966,13.8606,36.8948,169.6100,94.8716,77.8033,71.0092,65.9785,62.8061,59.9290,57.3081,54.9109,51.8793,48.8087,43.9542,36.7266,28.6699,21.3516,10.9172
88.573,0.00017723062915640092,1e-323,5e-324,6,246.631,0.28438,-0.0210455,15341.2,0.0,5.9966,13.8606,36.8948,169.6100,94.8716,77.8033,71.0092,65.9785,62.8061,59.9290,57.3081,54.9109,51.8793,48.8087,43.9542,36.7266,28.6699,21.3516,10.9172
88.673,2.5941003788029276e-19,1e-323,5e-324,6,246.631,0.28438,-0.0210455,15341.2,0.0,5.9966,13.8606,36.8948,169.6100,94.8716,77.8033,71.0092,65.9785,62.8061,59.9290,57.3081,54.9109,51.8793,48.8087,43.9542,36.7266,28.6699,21.3516,10.9172
88.773,5.356146656089593e-29,1e-323,5e-324,6,246.631,0.28438,-0.0210455,15341.2,0.0,5.9966,13.8606,36.8948,169.6100,94.8716,77.8033,71.0092,65.9785,62.8061,59.9290,57.3081,54.9109,51.8793,48.8087,43.9542,36.7266,28.6699,21.3516,10.9172
88.873,0.01889422315822321,1e-323,5e-324,6,246.631,0.28438,-0.0210455,15341.2,0.0,5.9966,13.8606,36.8948,169.6100,94.8716,77.8033,71.0092,65.9785,62.8061,59.9290,57.3081,54.9109,51.8793,48.8087,43.9542,36.7266,28.6699,21.3516,10.9172
88.973,7.693290015252573e-44,1e-323,5e-324,6,246.631,0.28438,-0.0210455,15341.2,0.0,5.9966,13.8606,36.8948,169.6100,94.8716,77.8033,71.0092,65.9785,62.8061,59.9290,57.3081,54.9109,51.8793,48.8087,43.9542,36.7266,28.6699,21.3516,10.9172
89.073,3.311023488490229e-16,1e-323,5e-324,6,246.631,0.28438,-0.0210455,15341.2,0.0,5.9966,13.8606,36.8948,169.6100,94.8716,77.8033,71.0092,65.9785,62.8061,59.9290,57.3081,54.9109,51.8793,48.8087,43.9542,36.7266,28.6699,21.3516,10.9172
