time,steer,accel,brake,gear,speedX,trackPos,angle,rpm,damage,track_0,track_1,track_2,track_3,track_4,track_5,track_6,track_7,track_8,track_9,track_10,track_11,track_12,track_13,track_14,track_15,track_16,track_17,track_18
0.116,0.0,0.0,0.0,1,-0.00913045,0.333439,0.00822276,5235.99,0.0,5.7030,12.6267,22.4550,140.4860,90.9268,77.3570,71.6721,67.3518,64.5773,62.0267,59.6744,57.4982,54.7119,51.8501,47.2417,40.0655,31.0431,22.7658,11.2227
0.237,0.0,0.0,0.0,1,-0.00913045,0.333439,0.00822276,5235.99,0.0,5.7030,12.6267,22.4550,140.4860,90.9268,77.3570,71.6721,67.3518,64.5773,62.0267,59.6744,57.4982,54.7119,51.8501,47.2417,40.0655,31.0431,22.7658,11.2227
0.354,0.0,0.0,0.0,1,-0.00913045,0.333439,0.00822276,5235.99,0.0,5.7030,12.6267,22.4550,140.4860,90.9268,77.3570,71.6721,67.3518,64.5773,62.0267,59.6744,57.4982,54.7119,51.8501,47.2417,40.0655,31.0431,22.7658,11.2227
0.454,0.0,0.0,0.0,1,-0.00913045,0.333439,0.00822276,5235.99,0.0,5.7030,12.6267,22.4550,140.4860,90.9268,77.3570,71.6721,67.3518,64.5773,62.0267,59.6744,57.4982,54.7119,51.8501,47.2417,40.0655,31.0431,22.7658,11.2227
0.576,0.0,0.012235107421875,0.0,1,-0.00913045,0.333439,0.00822276,5237.77,0.0,5.7030,12.6267,22.4550,140.4860,90.9268,77.3570,71.6721,67.3518,64.5773,62.0267,59.6744,57.4982,54.7119,51.8501,47.2417,40.0655,31.0431,22.7658,11.2227
0.676,0.0,0.623066483203125,0.0,1,-0.00913045,0.333439,0.00822276,5535.95,0.0,5.7030,12.6267,22.4550,140.4860,90.9268,77.3570,71.6721,67.3518,64.5773,62.0267,59.6744,57.4982,54.7119,51.8501,47.2417,40.0655,31.0431,22.7658,11.2227
0.795,0.0,0.9022200866571749,0.0,1,-0.00913045,0.333439,0.00822276,6367.42,0.0,5.7030,12.6267,22.4550,140.4860,90.9268,77.3570,71.6721,67.3518,64.5773,62.0267,59.6744,57.4982,54.7119,51.8501,47.2417,40.0655,31.0431,22.7658,11.2227
0.917,0.0,0.9766947726310334,0.0,1,-0.00913045,0.333439,0.00822276,7518.44,0.0,5.7030,12.6267,22.4550,140.4860,90.9268,77.3570,71.6721,67.3518,64.5773,62.0267,59.6744,57.4982,54.7119,51.8501,47.2417,40.0655,31.0431,22.7658,11.2227
1.036,0.0,0.995555294267612,0.0,1,0.173377,0.333441,0.00870198,5264.23,0.0,5.7058,12.6457,22.5461,139.7830,90.6329,77.1450,71.4901,67.1913,64.4300,61.8911,59.5490,57.3822,54.6069,51.7558,47.1640,40.0063,31.0012,22.7406,11.2174
1.157,0.0,1.0,0.0,1,4.46568,0.333408,0.00900715,5235.99,0.0,5.7079,12.6612,22.6492,139.2050,90.3595,76.9361,71.3060,67.0251,64.2746,61.7454,59.4122,57.2530,54.4876,51.6464,47.0692,39.9315,30.9510,22.7131,11.2138
1.258,0.0,1.0,0.0,1,8.8255,0.333123,0.00901144,5235.99,0.0,5.7103,12.6763,22.8033,138.7690,90.0783,76.6967,71.0841,66.8167,64.0750,61.5536,59.2277,57.0752,54.3187,51.4861,46.9234,39.8125,30.8742,22.6743,11.2113
1.376,0.0,1.0,0.0,1,13.8876,0.332554,0.00900334,5235.99,0.0,5.7152,12.7085,23.1279,137.9260,89.5276,76.2274,70.6492,66.4074,63.6822,61.1764,58.8646,56.7254,53.9856,51.1704,46.6355,39.5770,30.7216,22.5967,11.2067
1.478,0.0,1.0,0.0,1,18.2402,0.331869,0.00899857,5235.99,0.0,5.7210,12.7526,23.5617,136.9030,88.8623,75.6608,70.1236,65.9136,63.2086,60.7214,58.4267,56.3031,53.5837,50.7895,46.2882,39.2922,30.5365,22.5013,11.2009
1.578,0.0,1.0,0.0,1,22.5234,0.331016,0.00899332,6896.56,0.0,5.7283,12.8154,24.1778,135.6310,88.0355,74.9561,69.4708,65.2995,62.6197,60.1556,57.8821,55.7786,53.0844,50.3160,45.8567,38.9377,30.3044,22.3797,11.1938
1.681,0.0,1.0,0.0,1,27.1788,0.329978,0.00898522,15448.6,0.0,5.7371,12.9042,25.0740,134.0860,87.0293,74.0991,68.6760,64.5523,61.9032,59.4670,57.2197,55.1399,52.4765,49.7398,45.3313,38.5049,30.0191,22.2275,11.1851
1.798,0.0,1.0,0.0,2,32.6503,0.328475,0.00897187,6814.07,0.0,5.7499,13.0585,26.8079,131.8470,85.5724,72.8572,67.5251,63.4700,60.8649,58.4697,56.2598,54.2150,51.5960,48.9051,44.5703,37.8754,29.6002,21.9990,11.1667
1.899,0.0,1.0,0.0,2,37.0176,0.327024,0.00896376,8121.06,0.0,5.7623,13.2393,29.5275,129.6730,84.1593,71.6535,66.4089,62.4211,59.8589,57.5031,55.3296,53.3186,50.7428,48.0963,43.8331,37.2629,29.1883,21.7689,11.1408
2.000,0.0,1.0,0.0,2,41.6982,0.325353,0.00895565,11508.6,0.0,5.7765,13.4889,200.0000,127.1680,82.5309,70.2667,65.1232,61.2123,58.6998,56.3895,54.2581,52.2857,49.7598,47.1647,42.9838,36.5541,28.7070,21.4933,11.1013
2.101,0.0,1.0,0.0,2,46.4982,0.32352,0.00894039,14999.3,0.0,5.7952,13.8192,200.0000,124.4230,80.7442,68.7446,63.7120,59.8859,57.4274,55.1669,53.0817,51.1519,48.6808,46.1416,42.0513,35.7717,28.1697,21.1783,11.0463
2.202,0.0,1.0,0.0,3,51.2678,0.321487,0.00891703,8326.65,0.0,5.8324,14.2630,200.0000,121.3830,78.7655,67.0581,62.1484,58.4155,56.0174,53.8123,51.7778,49.8953,47.4846,45.0074,41.0176,34.8996,27.5641,20.8144,10.9714
2.321,0.0,1.0,0.0,3,56.5997,0.318804,0.00889605,8737.87,0.0,5.9110,14.9972,200.0000,117.3490,76.1414,64.8227,60.0763,56.4675,54.1488,52.0171,50.0506,48.2307,45.9002,43.5055,39.6483,33.7375,26.7465,20.3100,10.8502
2.422,0.0,1.0,0.0,3,60.9845,0.314529,0.0183867,9676.13,0.0,6.0180,15.8534,200.0000,113.6660,73.7458,62.7821,58.1845,54.6889,52.4431,50.3783,48.4734,46.7108,44.4535,42.1341,38.3982,32.6732,25.9830,19.8243,10.7141
2.523,0.0,1.0,0.0,3,65.2517,0.30748,0.0298198,11054.4,0.0,6.1588,16.9832,200.0000,109.8160,71.2256,60.6310,56.1889,52.8116,50.6421,48.6474,46.8072,45.1046,42.9240,40.6837,37.0753,31.5462,25.1618,19.2923,10.5524
2.641,0.0,1.0,0.0,3,71.0488,0.29331,0.0444862,11700.7,0.0,6.3937,18.9254,200.0000,105.0010,68.0285,57.8920,53.6438,50.4148,48.3406,46.4340,44.6751,43.0480,40.9643,38.8238,35.3767,30.0959,24.0821,18.5752,10.3112
2.763,0.0,1.0,0.0,3,77.0303,0.271589,0.0600374,12014.7,0.0,6.7169,21.9803,200.0000,100.0980,64.6937,55.0174,50.9657,47.8875,45.9110,44.0944,42.4193,40.8698,38.8861,36.8489,33.5691,28.5479,22.9002,17.7692,10.0117
2.882,0.0,1.0,0.0,3,82.7771,0.240807,0.0761376,12600.4,0.0,7.1472,26.5953,200.0000,95.4092,61.3417,52.0919,48.2268,45.2931,43.4110,41.6820,40.0885,38.6152,36.7300,34.7951,31.6825,26.9227,21.6230,16.8750,9.6478
2.983,0.036907084309460936,1.0,0.0,3,87.9128,0.207286,0.0818136,12692.0,0.0,7.5241,28.5752,200.0000,100.7660,62.0763,52.1204,48.0257,44.9432,42.9768,41.1782,39.5272,38.0061,36.0676,34.0869,30.9198,26.1211,20.8573,16.2919,9.3493
3.093,0.012093713386524159,1.0,0.0,3,93.3511,0.164243,0.0753161,12827.6,0.0,7.8776,27.7549,147.1780,132.9640,70.5508,57.1841,51.9489,48.1031,45.6912,43.5128,41.5357,39.7333,37.4623,35.1713,31.5684,26.2467,20.5915,15.9489,9.0676
3.203,0.003962868002496236,1.0,0.0,3,98.8271,0.115664,0.0580148,12768.0,0.0,8.1696,25.4651,73.1828,188.5200,97.0950,72.0116,63.3062,57.2586,53.6056,50.3945,47.5498,45.0122,41.8881,38.8163,34.1403,27.5593,20.9589,15.8525,8.8180
3.313,0.0012985525870579666,1.0,0.0,3,103.983,0.0661647,0.0235859,12833.8,0.0,8.2943,22.0109,44.2235,200.0000,185.2900,144.9240,111.4830,92.7680,82.8418,74.8396,68.2519,62.7346,56.3632,50.5097,42.2965,31.9690,22.8264,16.4560,8.6851
3.424,0.00042550971172715445,1.0,0.0,3,108.661,0.0231222,-0.0351333,12991.6,0.0,8.1557,18.0549,28.8182,51.0490,95.7549,200.0000,200.0000,195.7460,191.5640,186.9200,181.6050,175.1490,157.9070,116.9880,78.7635,47.7007,28.8977,18.7840,8.8124
3.534,-0.25948251740130385,1.0,0.0,3,112.429,-0.0056076,-0.106086,13711.3,0.0,7.8513,14.8795,20.7943,29.4298,39.3987,47.4942,53.3569,59.8286,65.5102,72.3903,80.8920,91.6642,112.6870,152.7530,194.2130,152.9030,47.5937,24.4036,9.2978
3.643,-0.17822513534777798,0.8360927597656249,0.0,3,117.211,-0.0233561,-0.111084,13571.8,0.0,7.8617,14.3393,19.5000,26.5854,34.1647,39.8946,43.8274,47.9731,51.4544,55.4850,60.2058,65.8101,75.6825,91.3627,149.5210,178.2460,59.5575,26.7654,9.3831
3.752,-0.05840081235075989,0.27397087552,0.0,3,120.336,-0.0148366,-0.124171,11204.2,0.0,7.7150,13.8335,18.5949,24.9694,31.5871,36.4574,39.7365,43.1384,45.9526,49.1638,52.8617,57.1659,64.5301,75.6867,112.0730,181.6540,69.4057,28.7000,9.6257
3.863,-0.13229258573258137,0.08977477649039359,0.0,3,120.208,0.0303014,-0.0987841,10959.7,0.0,7.5229,13.9448,19.1788,26.5473,34.6734,40.9916,45.4185,50.1673,54.2217,58.9940,64.6928,71.6163,84.2502,105.5490,190.1510,165.1270,55.9796,26.7923,9.7517
3.974,-0.27341698658385966,0.3724145179009972,0.0,3,119.374,0.0689393,-0.0167053,11154.5,0.0,7.7716,16.3671,24.9144,40.3545,64.6491,92.6400,120.5020,189.0630,185.2690,181.6380,178.1070,174.3550,168.5080,160.4700,120.8230,60.9242,33.4840,20.7073,9.2256
4.083,-0.08959327816379913,0.7856620040695488,0.0,3,121.515,0.0722244,0.0561924,11830.7,0.0,8.3549,20.4693,36.4673,84.4292,176.6500,165.2420,157.5300,148.4950,135.5880,114.5480,99.1677,87.4344,75.0179,64.5530,51.1914,36.2603,24.5062,17.0124,8.6272
4.193,-0.0293579253887137,0.9025378114310098,0.0,3,125.402,0.0444833,0.0895716,12326.3,0.0,8.9437,23.9193,47.9432,180.0280,157.3930,135.8450,104.6840,86.9729,77.6021,70.0589,63.8567,58.6675,52.6808,47.1865,39.4863,29.8188,21.2744,15.3284,8.1651
4.303,-0.009620004991373705,0.7657554298934632,0.0,3,129.613,-0.00628567,0.10433,12387.8,0.0,9.5894,26.7949,57.5481,169.3120,143.2820,98.2908,79.9339,68.7155,62.4598,57.2521,52.8496,49.0793,44.6278,40.4431,34.4115,26.5496,19.3175,14.1198,7.6745
4.414,-0.0031522832355733352,0.501957026376865,0.0,3,131.616,-0.071638,0.106518,12283.2,0.0,10.2399,28.8076,62.5834,163.4760,135.9740,88.6361,72.5551,62.6236,57.0508,52.3924,48.4407,45.0465,41.0272,37.2369,31.7536,24.5704,17.9263,13.1295,7.1571
4.523,-0.18177488244731235,0.825854715903171,0.0,3,134.405,-0.145354,0.124392,12878.3,0.0,11.1940,33.4018,80.9004,150.8900,94.0010,63.5657,54.2177,48.0433,44.4329,41.3302,38.6352,36.2728,33.4165,30.6626,26.5712,21.0095,15.6498,11.6446,6.4961
4.634,-0.0825338894098353,0.940402747135276,0.0,3,138.233,-0.242158,0.183499,13582.1,0.0,13.1629,50.5037,156.3850,74.1919,40.0829,32.6163,29.6761,27.5105,26.1499,24.9193,23.8010,22.7805,21.4931,20.1926,18.1438,15.1098,11.8751,9.2301,5.5165
4.744,-0.027044704881814836,0.9684464143687872,0.0,3,142.681,-0.36821,0.220653,14035.4,0.0,15.3387,74.1364,133.6240,38.5548,25.2264,21.5264,19.9698,18.7842,18.0217,17.3198,16.6719,16.0718,15.3027,14.5116,13.2359,11.2769,9.0915,7.2257,4.4875
4.853,-0.008862008895673085,0.9740578413728641,0.0,3,147.397,-0.521274,0.236525,14357.7,0.0,17.4951,96.1367,106.0610,25.1734,17.3095,14.9838,13.9854,13.2170,12.7189,12.2580,11.8301,11.4320,10.9189,10.3880,9.5247,8.1821,6.6593,5.3383,3.3669
4.964,0.025729624964128346,0.9767699922110601,0.0,3,152.129,-0.694226,0.240567,14724.1,0.0,19.6139,160.8180,58.9489,15.5323,10.7967,9.3765,8.7641,8.2915,7.9847,7.7004,7.4361,7.1900,6.8723,6.5432,6.0069,5.1704,4.2178,3.3883,2.1452
5.073,0.19492559543624555,0.9781405847977201,0.0,4,156.129,-0.870125,0.19706,12247.2,0.0,20.2183,83.6454,120.1140,10.4154,6.1405,5.0990,4.6771,4.3621,4.1622,3.9801,3.8136,3.6606,3.4665,3.2690,2.9549,2.4830,1.9708,1.5449,0.9368
5.184,0.2671630707925489,0.9802837923733919,0.0,4,156.779,-1.01429,0.112874,12377.1,0.0,-1.0000,-1.0000,-1.0000,-1.0000,-1.0000,-1.0000,-1.0000,-1.0000,-1.0000,-1.0000,-1.0000,-1.0000,-1.0000,-1.0000,-1.0000,-1.0000,-1.0000,-1.0000,-1.0000
5.293,0.30854987694130237,0.9824557973817881,0.0,4,159.076,-1.11412,0.0333399,12640.8,0.0,-1.0000,-1.0000,-1.0000,-1.0000,-1.0000,-1.0000,-1.0000,-1.0000,-1.0000,-1.0000,-1.0000,-1.0000,-1.0000,-1.0000,-1.0000,-1.0000,-1.0000,-1.0000,-1.0000
5.404,0.26959352242794465,0.9831675199829393,0.0,4,161.305,-1.16936,-0.0194307,12886.7,0.0,-1.0000,-1.0000,-1.0000,-1.0000,-1.0000,-1.0000,-1.0000,-1.0000,-1.0000,-1.0000,-1.0000,-1.0000,-1.0000,-1.0000,-1.0000,-1.0000,-1.0000,-1.0000,-1.0000
5.513,0.1103927248616389,0.9834007372448845,0.0,4,163.777,-1.17997,-0.0693124,13035.3,0.0,-1.0000,-1.0000,-1.0000,-1.0000,-1.0000,-1.0000,-1.0000,-1.0000,-1.0000,-1.0000,-1.0000,-1.0000,-1.0000,-1.0000,-1.0000,-1.0000,-1.0000,-1.0000,-1.0000
5.624,0.04098595948403058,0.9883350602210287,0.0,4,166.721,-1.14804,-0.0989387,13118.8,0.0,-1.0000,-1.0000,-1.0000,-1.0000,-1.0000,-1.0000,-1.0000,-1.0000,-1.0000,-1.0000,-1.0000,-1.0000,-1.0000,-1.0000,-1.0000,-1.0000,-1.0000,-1.0000,-1.0000
5.734,-0.13877772559694784,0.9945854684707266,0.0,4,170.114,-1.08549,-0.0822475,13049.4,0.0,-1.0000,-1.0000,-1.0000,-1.0000,-1.0000,-1.0000,-1.0000,-1.0000,-1.0000,-1.0000,-1.0000,-1.0000,-1.0000,-1.0000,-1.0000,-1.0000,-1.0000,-1.0000,-1.0000
5.843,-0.0928462347487016,0.9973865319334877,0.0,4,172.742,-1.03422,-0.00195889,13556.7,0.0,-1.0000,-1.0000,-1.0000,-1.0000,-1.0000,-1.0000,-1.0000,-1.0000,-1.0000,-1.0000,-1.0000,-1.0000,-1.0000,-1.0000,-1.0000,-1.0000,-1.0000,-1.0000,-1.0000
5.954,0.010201636922785456,1.0,0.0,4,176.227,-1.01896,0.0195892,13574.4,0.0,-1.0000,-1.0000,-1.0000,-1.0000,-1.0000,-1.0000,-1.0000,-1.0000,-1.0000,-1.0000,-1.0000,-1.0000,-1.0000,-1.0000,-1.0000,-1.0000,-1.0000,-1.0000,-1.0000
6.064,0.003342872386858338,1.0,0.0,4,179.676,-1.02538,0.0131632,13790.2,0.0,-1.0000,-1.0000,-1.0000,-1.0000,-1.0000,-1.0000,-1.0000,-1.0000,-1.0000,-1.0000,-1.0000,-1.0000,-1.0000,-1.0000,-1.0000,-1.0000,-1.0000,-1.0000,-1.0000
6.174,0.0010953924237257402,1.0,0.0,4,183.053,-1.03584,0.011277,14041.1,0.0,-1.0000,-1.0000,-1.0000,-1.0000,-1.0000,-1.0000,-1.0000,-1.0000,-1.0000,-1.0000,-1.0000,-1.0000,-1.0000,-1.0000,-1.0000,-1.0000,-1.0000,-1.0000,-1.0000
6.282,0.00035893818940645054,1.0,0.0,4,186.309,-1.04638,0.0114241,14353.5,0.0,-1.0000,-1.0000,-1.0000,-1.0000,-1.0000,-1.0000,-1.0000,-1.0000,-1.0000,-1.0000,-1.0000,-1.0000,-1.0000,-1.0000,-1.0000,-1.0000,-1.0000,-1.0000,-1.0000
6.393,-0.0969015133029703,1.0,0.0,4,189.284,-1.05958,0.0264039,14524.9,0.0,-1.0000,-1.0000,-1.0000,-1.0000,-1.0000,-1.0000,-1.0000,-1.0000,-1.0000,-1.0000,-1.0000,-1.0000,-1.0000,-1.0000,-1.0000,-1.0000,-1.0000,-1.0000,-1.0000
6.502,0.022065459634607695,1.0,0.0,4,191.84,-1.09509,0.0761629,14993.3,0.0,-1.0000,-1.0000,-1.0000,-1.0000,-1.0000,-1.0000,-1.0000,-1.0000,-1.0000,-1.0000,-1.0000,-1.0000,-1.0000,-1.0000,-1.0000,-1.0000,-1.0000,-1.0000,-1.0000
6.613,0.23027978295866822,1.0,0.0,4,194.835,-1.14499,0.0269604,14951.3,0.0,-1.0000,-1.0000,-1.0000,-1.0000,-1.0000,-1.0000,-1.0000,-1.0000,-1.0000,-1.0000,-1.0000,-1.0000,-1.0000,-1.0000,-1.0000,-1.0000,-1.0000,-1.0000,-1.0000
6.722,0.31403581800309643,1.0,0.0,5,193.931,-1.15798,-0.0610378,13519.9,0.0,-1.0000,-1.0000,-1.0000,-1.0000,-1.0000,-1.0000,-1.0000,-1.0000,-1.0000,-1.0000,-1.0000,-1.0000,-1.0000,-1.0000,-1.0000,-1.0000,-1.0000,-1.0000,-1.0000
6.835,0.2651749391112734,0.9879195253906249,0.0,5,195.11,-1.11378,-0.131991,13553.5,0.0,-1.0000,-1.0000,-1.0000,-1.0000,-1.0000,-1.0000,-1.0000,-1.0000,-1.0000,-1.0000,-1.0000,-1.0000,-1.0000,-1.0000,-1.0000,-1.0000,-1.0000,-1.0000,-1.0000
6.942,0.09182333486398206,0.9777628782831249,0.0,5,196.832,-1.01198,-0.165248,13657.1,0.0,-1.0000,-1.0000,-1.0000,-1.0000,-1.0000,-1.0000,-1.0000,-1.0000,-1.0000,-1.0000,-1.0000,-1.0000,-1.0000,-1.0000,-1.0000,-1.0000,-1.0000,-1.0000,-1.0000
7.053,0.016461552327792138,0.9817035313620643,0.0,5,199.344,-0.860377,-0.1839,13647.6,0.0,13.8182,30.7084,200.0000,78.1945,55.9278,48.9992,45.9742,43.6246,42.0920,40.6468,39.2142,37.7883,35.8057,33.5632,29.4447,21.7254,11.7035,5.2512,1.4804
7.163,0.09453915190598966,0.9915450740942212,0.0,5,201.884,-0.697619,-0.142409,13784.7,0.0,13.2158,40.1508,200.0000,69.2615,48.8562,42.6196,39.9132,37.8181,36.4545,35.1869,33.9604,32.7519,31.0931,29.2488,25.9584,20.1576,13.1416,7.9091,2.9748
7.275,0.29400516549008593,0.9971808316760694,0.0,5,203.81,-0.566776,-0.145601,13990.6,0.0,12.1249,30.9034,140.3010,135.7800,68.3492,54.7949,49.5659,45.7529,43.3735,41.2323,39.2955,37.5352,35.3244,33.1022,29.6237,23.9818,16.7817,10.7699,4.2486
7.382,0.12114143359379137,1.0,0.0,5,205.517,-0.447458,-0.144729,14173.0,0.0,11.1795,26.3657,57.2915,200.0000,166.4790,97.2602,79.6245,68.7306,62.6171,57.5062,53.1704,49.4461,45.0356,40.8763,34.8586,26.9745,19.4438,13.0423,5.3782
7.494,0.039695624960013554,1.0,0.0,5,207.861,-0.347224,-0.0988259,14279.6,0.0,10.8306,26.8631,52.1513,164.1850,200.0000,140.7510,102.9980,83.4303,73.4674,65.6344,59.3150,54.1094,48.1940,42.8484,35.4873,26.4552,18.6598,13.1332,5.9953
7.603,0.0072977964298659905,1.0,0.0,5,210.351,-0.290105,-0.0324649,14474.5,0.0,11.0996,28.5539,54.2363,156.0190,200.0000,148.2510,103.4540,81.8302,71.2059,63.0275,56.5381,51.2638,45.3473,40.0694,32.9063,24.2786,16.9717,12.0532,6.0738
7.717,-0.20490282497728027,1.0,0.0,5,212.822,-0.305766,0.0739857,14659.6,0.0,12.4297,35.2490,77.6365,200.0000,107.5540,64.5445,53.2102,46.1296,42.1290,38.7697,35.9091,33.4440,30.5152,27.7436,23.7173,18.4127,13.4756,9.8928,5.4108
7.823,-0.0671425576885552,1.0,0.0,5,214.905,-0.420097,0.168554,14868.0,0.0,14.7297,52.4872,200.0000,75.0445,35.2951,27.9255,25.1335,23.1149,21.8628,20.7408,19.7298,18.8141,17.6684,16.5215,14.7360,12.1382,9.4279,7.2553,4.2655
7.933,-0.02200127330338577,1.0,0.0,5,217.451,-0.591602,0.188945,14822.5,0.0,17.0009,67.1639,196.0710,36.7249,20.6174,16.9224,15.4499,14.3589,13.6706,13.0462,12.4773,11.9568,11.2984,10.6313,9.5763,8.0046,6.3166,4.9267,2.9618
8.044,0.0362995734459778,1.0,0.0,5,219.913,-0.794449,0.190702,15004.2,0.0,19.2174,76.6615,186.5660,18.0109,10.2269,8.4162,7.6920,7.1544,6.8149,6.5065,6.2254,5.9679,5.6420,5.3115,4.7881,4.0069,3.1660,2.4721,1.4889
8.153,0.21372646163477801,1.0,0.0,6,219.421,-0.986997,0.126023,13770.7,0.0,19.4606,58.3999,143.0880,20.2622,1.3887,0.9480,0.8110,0.7200,0.6667,0.6207,0.5807,0.5456,0.5031,0.4621,0.4009,0.3176,0.2370,0.1766,0.0987
8.262,0.2603572386857966,1.0,0.0,6,220.451,-1.12722,0.0700749,13997.4,0.0,-1.0000,-1.0000,-1.0000,-1.0000,-1.0000,-1.0000,-1.0000,-1.0000,-1.0000,-1.0000,-1.0000,-1.0000,-1.0000,-1.0000,-1.0000,-1.0000,-1.0000,-1.0000,-1.0000
8.372,0.28126763913363056,1.0,0.0,6,221.264,-1.21954,0.0202691,14033.9,0.0,-1.0000,-1.0000,-1.0000,-1.0000,-1.0000,-1.0000,-1.0000,-1.0000,-1.0000,-1.0000,-1.0000,-1.0000,-1.0000,-1.0000,-1.0000,-1.0000,-1.0000,-1.0000,-1.0000
8.484,0.30000739837195806,1.0,0.0,6,222.143,-1.26142,-0.0173258,14173.6,0.0,-1.0000,-1.0000,-1.0000,-1.0000,-1.0000,-1.0000,-1.0000,-1.0000,-1.0000,-1.0000,-1.0000,-1.0000,-1.0000,-1.0000,-1.0000,-1.0000,-1.0000,-1.0000,-1.0000
8.592,0.17928036307832323,1.0,0.0,6,223.097,-1.25831,-0.0622913,14179.3,0.0,-1.0000,-1.0000,-1.0000,-1.0000,-1.0000,-1.0000,-1.0000,-1.0000,-1.0000,-1.0000,-1.0000,-1.0000,-1.0000,-1.0000,-1.0000,-1.0000,-1.0000,-1.0000,-1.0000
8.702,0.058746589373504965,1.0,0.0,6,224.516,-1.20907,-0.0837413,14072.2,0.0,-1.0000,-1.0000,-1.0000,-1.0000,-1.0000,-1.0000,-1.0000,-1.0000,-1.0000,-1.0000,-1.0000,-1.0000,-1.0000,-1.0000,-1.0000,-1.0000,-1.0000,-1.0000,-1.0000
8.813,0.019250082405910106,1.0,0.0,6,225.986,-1.12797,-0.0871134,14246.1,0.0,-1.0000,-1.0000,-1.0000,-1.0000,-1.0000,-1.0000,-1.0000,-1.0000,-1.0000,-1.0000,-1.0000,-1.0000,-1.0000,-1.0000,-1.0000,-1.0000,-1.0000,-1.0000,-1.0000
8.923,-0.11097072741239386,1.0,0.0,6,227.569,-1.03533,-0.0667994,14300.2,0.0,-1.0000,-1.0000,-1.0000,-1.0000,-1.0000,-1.0000,-1.0000,-1.0000,-1.0000,-1.0000,-1.0000,-1.0000,-1.0000,-1.0000,-1.0000,-1.0000,-1.0000,-1.0000,-1.0000
9.026,-0.05497813022209321,1.0,0.0,6,229.142,-0.973243,-0.0158306,14353.8,0.0,16.4846,34.7713,53.0039,86.0638,135.6920,131.0170,128.0460,125.0390,122.5480,119.6030,115.7990,98.9343,11.6003,5.7752,2.9754,1.5125,0.8344,0.5170,0.2307
9.127,-0.018015233711175506,1.0,0.0,6,230.907,-0.947584,-0.00253004,14357.8,0.0,16.4841,35.6310,55.5432,93.9499,126.6390,121.5560,118.2450,114.7590,111.6730,107.4450,50.7536,21.0752,11.5892,7.6536,4.6778,2.6349,1.5309,0.9732,0.4459
9.247,0.007581453554798859,1.0,0.0,6,232.939,-0.940162,0.000750959,14515.5,0.0,16.4752,35.8340,56.1885,125.3350,117.6390,112.5520,109.2260,105.6900,102.4840,97.6926,37.8826,19.7235,11.8037,8.0918,5.0922,2.9281,1.7208,1.1004,0.5074
9.347,0.06706690491179748,1.0,0.0,6,234.578,-0.931751,-0.0280564,14637.6,0.0,15.9503,32.9309,49.2648,77.4430,115.0110,111.0000,108.5490,106.1610,104.2740,102.1840,99.8082,96.9781,91.0059,26.2899,9.8096,4.3574,2.2701,1.3699,0.5961
9.468,0.01758118672119824,0.854995556640625,0.0,6,236.423,-0.891786,-0.0495666,14670.7,0.0,15.3125,30.5114,44.3180,66.4186,109.2930,105.8690,103.8350,101.9080,100.4300,98.8530,97.1546,95.3049,92.3627,88.1235,32.0711,8.9504,4.0786,2.3329,0.9673
9.586,0.004608802611841791,0.22413195519999998,0.0,6,235.743,-0.829962,-0.0531495,14433.2,0.0,14.7642,29.2530,42.2979,62.9481,101.2040,97.9852,96.0952,94.3214,92.9745,91.5496,90.0332,88.4068,85.8895,82.4986,61.2274,14.7926,6.5544,3.7116,1.5260
9.688,0.001510212439848318,0.073443559079936,0.5412458587646484,6,230.975,-0.773268,-0.0545383,13904.5,0.0,14.2890,28.2498,40.7769,60.5235,94.3387,91.2721,89.4882,87.8258,86.5719,85.2542,83.8628,82.3850,80.1344,77.2013,69.1466,20.1292,8.8176,4.9732,2.0380
9.807,0.0003958931298315975,0.01925278835145074,0.8496731228592133,6,216.086,-0.706001,-0.05538,12816.0,0.0,13.7366,27.1221,39.1083,57.9587,86.3580,83.4655,81.8007,80.2619,79.1098,77.9077,76.6489,75.3251,73.3406,70.8272,64.8247,26.4296,11.4955,6.4679,2.6451
9.907,0.00012972626078321787,0.00630875368700338,0.8871424980077273,6,202.384,-0.652861,-0.0556656,11924.5,0.0,13.3053,26.2588,37.8502,84.9726,80.0877,77.3349,75.7638,74.3209,73.2468,72.1323,70.9724,69.7614,67.9657,65.7333,60.7220,31.3404,13.5983,7.6446,3.1242
10.028,0.010003617204031754,0.0016538019265258139,0.7681477109359773,6,186.881,-0.593046,-0.056398,11024.1,0.0,12.8154,25.2632,36.3823,77.7748,73.1118,70.5274,69.0669,67.7355,66.7511,65.7359,64.6868,63.6003,62.0077,60.0648,55.9210,37.1491,16.0171,8.9851,3.6656
10.148,0.0070983697408337,0.0004335342522271829,0.7080734433446881,6,172.838,-0.536937,-0.0574775,10197.6,0.0,12.3522,24.3092,34.9623,71.1131,66.6796,64.2619,62.9086,61.6838,60.7839,59.8613,58.9140,57.9400,56.5266,54.8292,51.3387,41.4478,18.3539,10.2631,4.1760
10.267,0.001860795037341109,0.00011364840301584262,0.6707813211499508,5,159.868,-0.484333,-0.0575067,10254.1,0.0,11.9291,23.4755,33.7621,64.8364,60.6262,58.3656,57.1117,55.9846,55.1611,54.3214,53.4642,52.5883,51.3283,49.8341,46.8416,39.5760,20.4428,11.4302,4.6506
10.367,0.0006097453178359346,3.724030870023131e-05,0.2577010634779476,5,150.109,-0.443452,-0.056537,9873.42,0.0,11.6106,22.8831,34.2566,59.8662,55.8391,53.7038,52.5279,51.4766,50.7121,49.9356,49.1465,48.3440,47.1968,45.8486,43.1954,37.1713,21.9247,12.2940,5.0138
10.468,0.03557164867643989,1.2202904354891794e-05,0.043311817738738656,5,144.852,-0.404512,-0.0589948,9608.8,0.0,11.2726,22.1328,61.2481,55.3701,51.5485,49.5478,48.4543,47.4818,46.7779,46.0658,45.3453,44.6161,43.5798,42.3724,40.0335,34.9799,23.8389,13.2698,5.3794
10.587,0.18169217856804815,0.07126919852753422,0.005095592045144865,4,143.441,-0.346348,-0.104906,10627.5,0.0,10.3930,19.1067,58.3163,52.9205,49.4865,47.7150,46.7554,45.9074,45.2969,44.6823,44.0635,43.4407,42.5618,41.5476,39.6164,35.6335,28.5669,17.4486,6.2334
10.688,0.14646860093320144,0.05312131909850241,0.0008564161550274974,4,142.268,-0.268831,-0.173873,10532.1,0.0,9.2980,15.7218,20.9572,52.5504,49.4450,47.8567,47.0004,46.2462,45.7048,45.1612,44.6153,44.0673,43.2966,42.4112,40.7383,37.3485,31.6071,23.5434,7.6413
10.806,0.10480621501272416,0.013925435073757814,0.00010075650422283004,4,140.713,-0.131596,-0.239506,10394.1,0.0,7.9441,12.5600,16.0724,50.7686,47.9472,46.5167,45.7492,45.0754,44.5930,44.1097,43.6255,43.1405,42.4605,41.6820,40.2199,37.2939,32.4633,25.9903,10.0358
10.907,0.10566270286878157,0.0045630865649689606,1.6934145664731048e-05,3,139.561,0.0176497,-0.281539,12629.7,0.0,6.7305,10.2663,13.1598,48.4804,45.8482,44.5236,43.8159,43.1961,42.7533,42.3104,41.8675,41.4248,40.8054,40.0984,38.7759,36.1529,31.8913,26.3146,12.3583
11.030,0.11963321164794792,0.001196185764487223,0.1152943506837408,3,137.469,0.233393,-0.335269,12361.1,0.0,5.1085,7.6990,9.9344,15.7158,43.3774,42.1645,41.5191,40.9555,40.5537,40.1527,39.7525,39.3532,38.7958,38.1612,36.9795,34.6559,30.9361,26.1608,14.1942
11.148,0.13939436910543382,0.0003135729210457387,0.6077675275147633,3,128.321,0.472851,-0.346354,10873.2,0.0,3.5412,5.6159,7.4134,11.4204,40.6290,39.5109,38.9185,38.4028,38.0359,37.6703,37.3060,36.9433,36.4380,35.8644,34.8009,32.7256,29.4478,25.3101,15.0276
11.269,0.13287041935564867,8.22012598146141e-05,0.07150324184458438,3,120.973,0.652178,-0.242526,10898.6,0.0,2.4726,4.2826,6.0255,39.4894,37.3833,36.3500,35.8050,35.3317,34.9959,34.6620,34.3301,34.0001,33.5414,33.0222,32.0638,30.2096,27.3215,23.7410,15.0146
11.389,0.13559614174881246,2.15485670528422e-05,0.008412284899773508,3,118.993,0.771666,-0.161336,10766.0,0.0,1.7106,3.2006,4.7773,37.0982,35.1130,34.1455,33.6370,33.1964,32.8842,32.5742,32.2664,31.9608,31.5370,31.0581,30.1770,28.4820,25.8670,22.6627,14.9506
11.507,0.3972444080755413,5.648827561500266e-06,0.0009896969061734533,3,117.212,0.840719,-0.105823,10599.4,0.0,1.2427,2.4670,3.8590,35.6256,33.7154,32.7886,32.3024,31.8817,31.5840,31.2887,30.9957,30.7052,30.3026,29.8485,29.0143,27.4157,24.9643,21.9826,14.8712
11.629,0.47912193797428476,1.4808062522819257e-06,0.00011643685131440063,3,114.866,0.873277,-0.0941442,10366.4,0.0,0.9961,1.9793,3.0377,35.6438,33.7346,32.8090,32.3238,31.9040,31.6070,31.3125,31.0203,30.7306,30.3292,29.8766,29.0456,27.4540,25.0162,22.0549,15.0020
11.729,0.49934995018664097,4.852305927477415e-07,1.9569541600411317e-05,3,112.5,0.879653,-0.0955323,10137.3,0.0,0.9443,1.8638,2.8249,35.9640,34.0308,33.0935,32.6021,32.1771,31.8764,31.5781,31.2823,30.9889,30.5825,30.1242,29.2828,27.6714,25.2037,22.2070,15.0779
11.849,0.506795366531859,1.2720028850526395e-07,2.3023369997467917e-06,3,109.425,0.867514,-0.0913504,9856.61,0.0,1.0441,2.0875,3.2336,36.0261,34.0638,33.1131,32.6148,32.1840,31.8792,31.5769,31.2772,30.9800,30.5684,30.1043,29.2526,27.6231,25.1313,22.1127,14.9720
11.969,0.4521453627908383,3.334479242992392e-08,2.708676456832104e-07,3,106.185,0.841055,-0.0908067,9566.42,0.0,1.2554,2.5480,4.0999,36.5986,34.2240,33.1813,32.6598,32.2196,31.9089,31.6009,31.2954,30.9927,30.5733,30.1006,29.2335,27.5759,25.0449,21.9868,14.8007
12.088,0.42903903307934993,8.741137266749974e-09,3.186730764698403e-08,3,102.976,0.806606,-0.0945394,9279.16,0.0,1.5260,3.1351,5.3052,38.2692,35.3496,33.9776,33.2976,32.7297,32.3386,31.9593,31.5911,31.2336,30.7504,30.2216,29.2925,27.5939,25.0078,21.8903,14.6139
12.189,0.43390354346419296,2.8642958595686314e-09,5.355938396228608e-09,3,100.371,0.775037,-0.0974596,9052.54,0.0,1.7743,3.6909,6.7133,39.3096,36.6691,35.3072,34.5673,33.9122,33.4398,32.9646,32.5003,32.0514,31.4472,30.7896,29.6430,27.6417,24.9440,21.7780,14.4335
12.290,0.44330796421336083,9.38572467263449e-10,9.001725662541419e-10,3,97.853,0.743662,-0.101021,8834.12,0.0,2.0195,4.2485,9.0253,40.0223,37.5677,36.3187,35.6458,35.0533,34.6282,34.2014,33.7727,33.3415,32.7336,32.0331,30.7036,28.2064,24.9692,21.6761,14.2585
12.408,0.45611507333573864,2.4604114085830956e-10,1.0590440224723354e-10,3,94.9895,0.70921,-0.105396,8585.78,0.0,2.2869,4.8646,44.3848,40.5812,38.2713,37.1096,36.4873,35.9415,35.5510,35.1601,34.7690,34.3774,33.8277,33.1975,32.0113,29.6237,25.6807,21.6447,14.0707
12.510,0.4668079699289595,8.062276103645088e-11,1.7799352885692545e-11,3,92.7496,0.685315,-0.109624,8390.31,0.0,2.4689,5.2749,44.6176,40.9073,38.6792,37.5656,36.9714,36.4518,36.0809,35.7103,35.3400,34.9696,34.4510,33.8584,32.7487,30.5369,26.8750,22.1156,13.9534
12.612,0.47725520091908313,2.6418466336424224e-11,2.9915372394983464e-12,3,90.6531,0.667391,-0.114208,8208.85,0.0,2.6013,5.5516,44.8056,41.1562,38.9854,37.9059,37.3320,36.8312,36.4743,36.1182,35.7626,35.4074,34.9111,34.3453,33.2899,31.2006,27.7915,23.2144,13.8828
12.727,0.48825118089652625,6.925442439295591e-12,3.5195136468974096e-13,3,88.3196,0.65552,-0.121755,8006.54,0.0,2.6778,5.6409,10.8902,41.4621,39.3354,38.2842,37.7269,37.2414,36.8960,36.5518,36.2087,35.8665,35.3890,34.8459,33.8358,31.8498,28.6485,24.4338,13.9350
12.829,0.36500623605211124,0.02861132812726933,5.915246586340477e-14,2,86.6284,0.654903,-0.130201,9858.13,0.0,2.6631,5.4830,8.7148,41.7692,39.6634,38.6264,38.0779,37.6009,37.2620,36.9244,36.5880,36.2529,35.7860,35.2557,34.2719,32.3451,29.2641,25.2550,14.3900
12.929,0.12612033221855581,0.18992338148511861,9.941754937662442e-15,2,85.6897,0.6635,-0.135592,10115.6,0.0,2.5832,4.9903,7.0926,10.2854,39.8608,38.8338,38.2919,37.8212,37.4869,37.1541,36.8228,36.4931,36.0343,35.5140,34.5508,32.6705,29.6851,25.8392,15.2863
13.034,0.04132711046137637,0.3443116717700437,1.6709107523729268e-15,2,86.4315,0.680075,-0.11427,10378.2,0.0,2.4512,4.4511,6.0347,8.1946,38.9589,37.9552,37.4264,36.9675,36.6419,36.3182,35.9965,35.6769,35.2327,34.7294,33.7990,31.9930,29.1480,25.5275,15.8136
13.147,0.010833654044787049,0.42341586818136134,1.9658097910592246e-16,2,88.7703,0.722139,-0.126657,10540.5,0.0,2.1083,3.7685,5.0550,6.8925,36.2170,35.2723,34.7763,34.3468,34.0427,33.7407,33.4411,33.1437,32.7314,32.2656,31.4074,29.7525,27.1790,23.9631,15.6399
13.267,0.002839977405916656,0.4487641023954098,2.3127555610832673e-17,2,91.45,0.783465,-0.128505,10849.2,0.0,1.6406,2.9258,4.0286,34.8716,33.0594,32.1875,31.7314,31.3374,31.0590,30.7831,30.5098,30.2389,29.8641,29.4418,28.6668,27.1830,24.9059,22.1120,15.1331
13.371,0.14001892255877313,0.4522465523229279,3.887048271512648e-18,2,93.6931,0.839443,-0.134495,11134.1,0.0,1.2251,2.4017,3.9202,32.2014,30.5030,29.6910,29.2676,28.9027,28.6452,28.3904,28.1383,27.8888,27.5441,27.1565,26.4479,25.0989,23.0502,20.5723,14.5597
13.492,0.4791286168609563,0.4489567350558916,4.573073420951916e-19,2,95.8115,0.887576,-0.0547078,11551.0,0.0,0.9183,2.0225,4.0131,31.3556,29.6557,28.8461,28.4250,28.0628,27.8075,27.5552,27.3059,27.0594,26.7193,26.3373,25.6400,24.3196,22.3297,19.9499,14.3127
13.607,0.41485585093692096,0.43208854990136664,5.3801751490157196e-20,2,97.567,0.89688,-0.00881338,11699.6,0.0,0.8794,2.1240,34.5779,31.3598,29.5921,28.7531,28.3176,27.9433,27.6798,27.4196,27.1626,26.9089,26.5589,26.1664,25.4513,24.1019,22.0810,19.6863,14.1297
13.732,0.36153073379785094,0.4184261009034689,6.329722261065504e-21,2,99.0801,0.875368,0.0330548,11938.3,0.0,1.1142,3.1916,34.4223,31.0691,29.2392,28.3738,27.9256,27.5408,27.2703,27.0034,26.7400,26.4801,26.1220,25.7208,24.9916,23.6211,21.5823,19.1903,13.7597
13.832,0.3290707854896189,0.4060051499002987,1.0638364204172794e-21,2,100.314,0.839708,0.065964,11988.8,0.0,1.4959,6.2595,34.0608,30.6075,28.7339,27.8509,27.3944,27.0033,26.7285,26.4574,26.1901,25.9265,25.5635,25.1575,24.4210,23.0421,21.0024,18.6302,13.3441
13.934,0.30890720682976175,0.3978586913474549,1.7879898717953219e-22,2,101.511,0.789923,0.0994785,12088.1,0.0,2.0605,39.1007,33.3823,29.8560,27.9551,27.0633,26.6031,26.2090,25.9324,25.6599,25.3913,25.1268,24.7630,24.3567,23.6213,22.2485,20.2324,17.9084,12.8277
14.047,0.29769039092474237,0.3908408281595872,2.1035522042684782e-23,2,102.887,0.712786,0.132478,12225.8,0.0,2.9884,38.4097,32.4800,28.8651,26.9333,26.0311,25.5667,25.1697,24.8915,24.6176,24.3482,24.0830,23.7190,23.3129,22.5793,21.2170,19.2324,16.9711,12.1375
14.149,0.3498848707506883,0.3781457772588335,3.535440189714031e-24,2,103.948,0.635897,0.153007,12331.7,0.0,3.9616,37.9062,31.7675,28.0626,26.0971,25.1828,24.7134,24.3129,24.0325,23.7567,23.4855,23.2189,22.8530,22.4456,21.7114,20.3542,18.3898,16.1735,11.5244
14.250,0.41075087598523397,0.36196759930779954,5.9420143268523725e-25,2,104.75,0.550296,0.162735,12420.0,0.0,5.0484,37.9033,31.3042,27.4628,25.4386,24.5016,24.0213,23.6120,23.3257,23.0444,22.7681,22.4967,22.1249,21.7115,20.9683,19.5991,17.6327,15.4352,10.9116
14.367,0.42756509278418137,0.3595770542748188,6.990720435398548e-26,2,105.499,0.440578,0.164284,12532.2,0.0,6.4067,38.9148,31.0394,26.9730,24.8474,23.8683,23.3676,22.9417,22.6442,22.3523,22.0659,21.7850,21.4008,20.9742,20.2091,18.8072,16.8123,14.6111,10.1820
14.471,0.4289482598619522,0.36207208219164766,1.1749303835774343e-26,2,106.077,0.346421,0.161256,12612.7,0.0,7.5487,40.7738,31.0190,26.6189,24.3953,23.3748,22.8544,22.4124,22.1041,21.8020,21.5059,21.2157,20.8191,20.3793,19.5926,18.1588,16.1340,13.9256,9.5695
14.595,0.4279176471101449,0.36057241024217224,1.382293846975016e-27,2,106.74,0.23313,0.156407,12691.9,0.0,8.9096,44.8821,31.5139,26.1771,23.8063,22.7352,22.1906,21.7291,21.4077,21.0931,20.7851,20.4836,20.0723,19.6173,18.8060,17.3363,15.2826,13.0751,8.8289
14.714,0.42643519469213903,0.36066115523864906,1.6262548880276374e-28,2,107.394,0.121883,0.149893,12765.3,0.0,10.2075,53.5778,33.0286,26.1064,23.2636,22.0836,21.5077,21.0256,20.6904,20.3627,20.0424,19.7294,19.3031,18.8328,17.9971,16.4928,14.4156,12.2170,8.0983
14.831,0.4253047236979995,0.35852501686325544,1.9132726132156362e-29,2,108.036,0.0146987,0.14098,12831.7,0.0,11.3761,143.3810,36.7655,26.8936,23.2325,21.7725,21.0720,20.4983,20.1090,19.7357,19.3775,19.0335,18.5742,18.0789,17.2155,15.6730,13.5703,11.3822,7.3949
14.952,0.36899463591913917,0.3599223570206012,2.250946096722064e-30,2,108.702,-0.086724,0.129615,12904.9,0.0,12.3715,108.6850,46.4127,29.4430,24.2150,22.2609,21.3480,20.6116,20.1178,19.6486,19.2022,18.7770,18.2147,17.6150,16.5992,14.9107,12.7693,10.5889,6.7303
15.070,0.2981184347924024,0.3620487097963085,2.648215573332541e-31,2,109.516,-0.181461,0.119645,12981.2,0.0,13.1586,81.2347,127.1050,35.6480,26.9013,23.9827,22.6768,21.6488,20.9717,20.3371,19.7412,19.1807,18.4497,17.6828,16.4122,14.3766,11.9759,9.7922,6.0943
15.191,0.28213980310071946,0.3648001575277185,3.1155991398700015e-32,2,110.446,-0.269578,0.112367,13069.9,0.0,13.4783,59.0860,99.1581,53.7512,33.5731,28.2903,26.1065,24.4584,23.4051,22.4405,21.5538,20.7360,19.6925,18.6247,16.9142,14.3151,11.4538,9.0421,5.4838
15.306,0.279097614724935,0.36909784905744625,3.6654712320656586e-33,2,111.416,-0.351318,0.103424,13178.0,0.0,13.3711,41.7685,75.9725,103.1830,121.9700,42.0726,36.6206,32.8958,30.6703,28.7290,27.0207,25.5060,23.6527,21.8429,19.1114,15.3140,11.5594,8.6910,4.9252
15.428,0.09757830183605606,0.3742842599808152,4.312390249812927e-34,2,112.551,-0.423429,0.070902,13283.0,0.0,13.0343,33.1329,58.0084,80.8392,96.3942,104.8810,109.6260,113.9120,117.0530,49.4993,43.4904,39.2046,34.4553,30.2701,24.6659,18.0294,12.5032,8.8311,4.5794
15.529,-0.09342302980348614,0.3776251049823885,7.247834292860588e-35,2,113.861,-0.467153,0.0750796,13366.8,0.0,13.4999,34.6943,58.7192,80.2978,95.3729,103.6610,108.3100,112.5160,115.6030,42.6225,38.1929,34.5999,30.5769,26.9945,22.1425,16.3136,11.3898,8.0821,4.2169
15.647,-0.024490286724805074,0.3835465711455033,8.527004567207556e-36,2,115.429,-0.523308,0.0970885,13547.9,0.0,14.3882,39.3315,62.8055,84.0190,99.2229,107.6590,43.9277,35.9536,32.4107,29.5056,27.0802,25.0251,22.6242,20.3921,17.2166,13.1496,9.4785,6.8805,3.7033
15.747,-0.008024977153984127,0.3909587513704585,1.4331336576105739e-36,2,116.777,-0.575643,0.102314,13710.1,0.0,14.9779,41.2724,63.0037,83.4439,98.2936,106.5790,35.0807,30.0398,27.2458,24.9290,22.9770,21.3100,19.3473,17.5077,14.8655,11.4379,8.3010,6.0560,3.2827
15.848,-0.22692857998765148,0.3980286331803218,2.408667738346091e-37,2,118.079,-0.633884,0.121934,13890.5,0.0,15.9183,44.6989,66.0040,86.6011,101.7410,28.0833,23.8428,21.0631,19.4457,18.0601,16.8601,15.8108,14.5453,13.3285,11.5267,9.0889,6.7519,5.0135,2.7882
15.950,-0.18403233034372862,0.4082585830674028,4.0482478678382754e-38,2,119.126,-0.712995,0.187336,14095.3,0.0,18.2543,54.9031,79.3617,26.4454,14.6865,12.0247,10.9675,10.1855,9.6928,9.2462,8.8396,8.4679,7.9980,7.5224,6.7710,5.6536,4.4561,3.4721,2.0837
16.066,-0.04824297120562641,0.42187695245274626,4.762723134033054e-39,2,120.784,-0.842462,0.232782,14238.3,0.0,21.0601,62.5140,89.1925,8.5631,5.8258,5.0272,4.6859,4.4238,4.2542,4.0975,3.9522,3.8171,3.6432,3.4635,3.1719,2.7197,2.2088,1.7671,1.1105
16.191,0.19417138686702423,0.4269491715893977,5.6032961399585465e-40,2,122.606,-0.993789,0.225908,14447.3,0.0,22.5391,61.1124,2.2632,0.3599,0.2397,0.2056,0.1911,0.1801,0.1730,0.1664,0.1603,0.1547,0.1474,0.1400,0.1279,0.1093,0.0884,0.0704,0.0440
16.307,0.40363935814446916,0.42962476051213105,6.592221875699831e-41,2,123.914,-1.13145,0.156297,14910.2,0.0,-1.0000,-1.0000,-1.0000,-1.0000,-1.0000,-1.0000,-1.0000,-1.0000,-1.0000,-1.0000,-1.0000,-1.0000,-1.0000,-1.0000,-1.0000,-1.0000,-1.0000,-1.0000,-1.0000
16.408,0.46566149492477965,0.4312657383996151,1.1079547306488705e-41,3,123.858,-1.2205,0.0697314,11920.6,0.0,-1.0000,-1.0000,-1.0000,-1.0000,-1.0000,-1.0000,-1.0000,-1.0000,-1.0000,-1.0000,-1.0000,-1.0000,-1.0000,-1.0000,-1.0000,-1.0000,-1.0000,-1.0000,-1.0000
16.528,0.5141773659956413,0.42989226049265367,1.3034976610610896e-42,3,123.31,-1.28721,-0.0223363,11986.4,0.0,-1.0000,-1.0000,-1.0000,-1.0000,-1.0000,-1.0000,-1.0000,-1.0000,-1.0000,-1.0000,-1.0000,-1.0000,-1.0000,-1.0000,-1.0000,-1.0000,-1.0000,-1.0000,-1.0000
16.628,0.25157236475300176,0.4329526154494827,2.1907885189453735e-43,3,122.594,-1.31871,-0.0925315,12671.6,0.0,-1.0000,-1.0000,-1.0000,-1.0000,-1.0000,-1.0000,-1.0000,-1.0000,-1.0000,-1.0000,-1.0000,-1.0000,-1.0000,-1.0000,-1.0000,-1.0000,-1.0000,-1.0000,-1.0000
16.747,0.04470627629318394,0.4326248772993892,2.5774407846540433e-44,3,122.21,-1.3254,-0.170929,12399.9,0.0,-1.0000,-1.0000,-1.0000,-1.0000,-1.0000,-1.0000,-1.0000,-1.0000,-1.0000,-1.0000,-1.0000,-1.0000,-1.0000,-1.0000,-1.0000,-1.0000,-1.0000,-1.0000,-1.0000
16.868,-0.31776471303001796,0.4280545134910211,3.032333308737636e-45,3,120.964,-1.29654,-0.286426,12884.1,0.0,-1.0000,-1.0000,-1.0000,-1.0000,-1.0000,-1.0000,-1.0000,-1.0000,-1.0000,-1.0000,-1.0000,-1.0000,-1.0000,-1.0000,-1.0000,-1.0000,-1.0000,-1.0000,-1.0000
16.968,-0.40980168918732274,0.3288512018088628,5.096442591995346e-46,3,120.211,-1.23223,-0.391009,12677.3,0.0,-1.0000,-1.0000,-1.0000,-1.0000,-1.0000,-1.0000,-1.0000,-1.0000,-1.0000,-1.0000,-1.0000,-1.0000,-1.0000,-1.0000,-1.0000,-1.0000,-1.0000,-1.0000,-1.0000
17.077,-0.4233180974166558,0.10775796180872817,8.565591064366578e-47,3,118.9,-1.11252,-0.49701,11349.6,0.0,-1.0000,-1.0000,-1.0000,-1.0000,-1.0000,-1.0000,-1.0000,-1.0000,-1.0000,-1.0000,-1.0000,-1.0000,-1.0000,-1.0000,-1.0000,-1.0000,-1.0000,-1.0000,-1.0000
17.186,-0.41540837740404835,0.035310128925484054,1.4396188901880909e-47,3,117.309,-0.937597,-0.579436,10619.2,0.0,11.8564,14.3946,15.8250,17.1705,18.1461,18.6904,18.9979,19.2773,19.4832,19.6944,19.9111,20.1335,20.4548,20.8368,21.5991,23.3260,26.9619,34.4172,1.8923
17.297,-0.4060038944783112,0.011570423046302616,2.4195674687391247e-48,3,116.502,-0.709877,-0.615618,10421.3,0.0,10.3991,12.4399,13.6161,14.7250,15.5295,15.9786,16.2322,16.4628,16.6326,16.8068,16.9856,17.1691,17.4342,17.7495,18.3787,19.8044,22.8102,29.0013,13.7070
17.407,-0.40540485780688934,0.003791396223812441,4.066567044709847e-49,3,116.416,-0.437347,-0.555083,10553.2,0.0,8.8456,10.9504,12.1431,13.2793,14.1126,14.5812,14.8471,15.0895,15.2684,15.4524,15.6417,15.8364,16.1184,16.4551,17.1308,18.6822,22.0424,29.3280,19.2041
17.516,-0.4309979397907201,0.0012423647146188608,6.834679232043839e-50,3,114.916,-0.162565,-0.409758,10377.2,0.0,7.4757,10.1058,11.6046,13.0841,14.2056,14.8505,15.2210,15.5616,15.8149,16.0769,16.3483,16.6292,17.0396,17.5345,18.5446,20.9487,26.5554,40.3511,15.2241
17.626,-0.4799391995729064,0.00040709806968630837,1.148704538529608e-50,3,111.826,0.0763652,-0.263912,10067.1,0.0,6.3608,9.5900,11.5645,13.6471,15.3196,16.3191,16.9058,17.4535,17.8658,18.2970,18.7479,19.2202,19.9195,20.7776,22.5783,27.1219,38.9066,71.2687,13.7265
17.739,-0.24891393437405,0.00013339789547480953,1.9306277179067122e-51,3,107.716,0.274038,-0.122504,9686.56,0.0,5.4898,9.5210,12.3557,15.7043,18.6691,20.5568,21.7042,22.8009,23.6425,24.5365,25.4869,26.4979,28.0238,29.9399,34.1006,45.1970,74.9565,137.9690,12.8504
17.849,-0.0815641180156887,4.371182238918559e-05,3.2448060054858113e-52,3,103.33,0.429904,0.00757426,9291.36,0.0,4.8340,10.0761,14.7017,21.2588,27.9444,32.5264,35.4004,38.1936,40.3587,42.6748,45.1483,47.7856,51.7674,56.7474,67.3892,97.6155,137.8640,31.9028,12.3006
17.957,-0.026726930191380876,1.4323489960488332e-05,5.453545453420004e-53,3,99.029,0.544342,0.121782,8917.26,0.0,4.3938,11.7282,20.7868,36.7372,53.8652,65.1684,71.9947,78.7986,84.5107,91.1224,98.8662,108.0570,116.9520,122.6250,130.2860,141.1540,36.1071,23.4141,11.9251
18.071,-0.008757880485111686,4.6935211902528165e-06,9.165773843563002e-54,3,95.046,0.618045,0.220843,8571.96,0.0,4.2308,15.9722,37.4738,74.9984,116.6680,125.2350,128.7830,131.5540,133.3850,135.1110,136.7450,138.2970,94.8843,66.1488,48.8211,35.7650,26.1467,19.6651,11.5957
18.177,0.06366199398338078,0.2828847508636486,1.5404916098876337e-54,3,91.8412,0.65184,0.304358,8863.06,0.0,4.4440,26.5604,73.8825,125.4630,135.9240,69.6970,57.0026,50.7489,47.4230,44.6749,42.3396,40.3147,37.8743,35.5142,31.9540,26.9119,21.6742,17.3855,11.2472
18.294,0.4651568099324742,0.16844642516300035,2.5891042487381458e-55,3,91.0747,0.646014,0.356684,8807.2,0.0,5.0081,42.2688,115.4290,134.3170,49.3360,41.5467,38.5862,36.4094,35.0361,33.7873,32.6446,31.5938,30.2548,28.8837,26.6779,23.2806,19.4283,16.0449,10.9069
18.400,0.5917890164066731,0.05519652459741196,4.351507510854202e-56,3,91.5977,0.602285,0.347727,8363.45,0.0,5.5155,42.1139,113.0120,131.4240,49.7590,41.6254,38.5732,36.3398,34.9354,33.6602,32.4966,31.4273,30.0671,28.6776,26.4475,23.0242,19.1589,15.7778,10.6603
18.512,0.28182581320757616,0.018086797180079946,7.313578673492658e-57,3,92.4937,0.527145,0.249933,8412.51,0.0,5.4785,23.1748,56.3140,110.5440,122.5030,127.0760,94.0478,75.6789,66.4204,59.1842,53.5507,49.3685,44.9070,41.0037,35.6488,28.8170,22.3556,17.4138,10.7225
18.617,0.09234868247185854,0.005926681699968597,1.2291931676539112e-57,3,92.0894,0.440755,0.172898,8375.62,0.0,5.7655,17.8016,35.2775,67.5886,103.9200,111.3000,114.4980,117.0350,118.7280,120.3350,121.8660,123.3290,125.2740,81.7697,56.1140,37.2495,25.9447,18.9241,10.6524
18.730,0.030260816272378605,0.21170826599694573,2.065904956875929e-58,3,91.7863,0.367737,0.140801,8450.49,0.0,6.2398,17.3812,31.6113,56.3956,92.5366,102.9840,106.7890,109.7020,111.6100,113.4040,115.0990,116.7090,118.8370,121.1150,75.8466,42.0203,27.2019,19.1719,10.3559
18.837,-0.13680125121128592,0.5515954181175041,3.4721664610213743e-59,3,93.2843,0.302338,0.139357,8790.44,0.0,6.8670,18.9257,33.9316,60.2722,94.8416,102.8650,106.2090,108.8380,110.5840,112.2380,113.8120,115.3150,117.3130,119.4610,66.6929,39.1803,25.7494,18.2257,9.8655
18.946,-0.052810499543664166,0.7256073666868688,5.835670171038623e-60,3,96.217,0.230321,0.158673,9246.46,0.0,7.7617,22.3599,41.0500,79.8248,101.1590,106.7510,109.3630,111.4900,112.9320,114.3160,115.6470,116.9290,78.0116,63.1805,46.5963,32.1550,22.5444,16.4295,9.1763
19.057,-0.017304944490467874,0.7991905492597031,9.808010856464615e-61,3,99.9803,0.152227,0.161589,9706.08,0.0,8.5743,24.6951,45.0107,87.5906,101.4450,106.3640,108.7170,110.6540,111.9750,113.2480,114.4780,75.3355,62.6386,52.5302,40.4101,29.0604,20.7257,15.2258,8.5697
19.168,0.23216276611639275,0.8282008470720444,1.648432384646008e-61,3,103.959,0.0745341,0.134871,10158.1,0.0,9.0356,24.1316,41.6149,78.8935,95.3467,100.5440,103.0060,105.0260,106.4010,107.7250,109.0020,110.2370,111.8970,63.3018,46.0754,30.5852,20.8889,14.9676,8.1519
19.276,0.10148564829751958,0.8313055332560675,2.7705203088745455e-62,3,107.785,0.016744,0.0590827,10679.3,0.0,8.7846,19.9139,30.6517,47.2547,69.7749,82.6951,86.6613,89.6221,91.5444,93.3440,95.0424,96.6547,98.7885,101.0780,105.0160,53.1848,26.7185,17.0146,8.2228
19.391,0.033254817234131206,0.8296183533873481,4.6564134831254495e-63,3,111.797,-0.015096,0.00992173,10964.7,0.0,8.6203,17.9503,26.1054,37.5885,50.7492,61.6004,69.5517,75.7828,78.7747,81.3033,83.5476,85.5930,88.2106,90.9394,95.5104,103.2210,34.5331,19.0657,8.3486
19.499,0.010896938511280114,0.8292823420379662,7.826034141088943e-64,3,115.869,-0.0230611,-0.015137,11227.9,0.0,8.4830,17.0133,24.1608,33.9474,44.7456,53.2772,59.3265,65.8832,70.5195,73.7311,76.3590,78.6575,81.5193,84.4422,89.2593,97.2830,40.8725,20.5868,8.4970
19.608,0.003570708811376268,0.8291722378390007,1.3153215580928188e-64,3,119.885,-0.0139008,-0.0300677,11559.1,0.0,8.2941,16.3026,22.8747,31.8258,41.6744,49.3666,54.7736,60.5906,65.3276,68.7744,71.4874,73.8247,76.7108,79.6433,84.4618,92.4885,45.2778,21.9592,8.7149
19.720,0.0011700498633117754,0.8285338151450837,2.2106609426866007e-65,3,123.845,0.00679016,-0.0418609,11912.0,0.0,8.0417,15.5749,21.6704,30.0278,39.2479,46.4246,51.4582,56.8623,61.3177,64.6663,67.3079,69.5880,72.4082,75.2797,80.0112,87.9339,48.9838,23.5001,9.0144
19.827,0.0003834019392100026,0.828324616796741,3.7154578463733693e-66,3,127.756,0.0365499,-0.052749,12260.4,0.0,7.7290,14.7764,20.4171,28.2656,36.9231,43.6557,48.3752,53.4379,57.5742,60.7122,63.2303,65.4205,68.1441,70.9298,75.5431,83.3229,52.5449,25.1616,9.3966
19.941,0.00012563314744033365,0.830938002228831,6.244570002399723e-67,3,131.632,0.0746714,-0.0632418,12610.7,0.0,7.3588,13.9010,19.1319,26.4855,34.5971,40.9054,45.3264,50.0696,53.8598,56.7484,59.1197,61.2036,63.8138,66.4994,70.9747,78.5866,88.9553,26.8509,9.8624
20.046,4.1167469753248535e-05,0.8322762313672184,1.0495248803033214e-67,3,135.488,0.12118,-0.0736793,12963.3,0.0,6.9301,12.9461,17.8069,24.6514,32.2016,38.0732,42.1884,46.6032,50.0284,52.6692,54.8867,56.8575,59.3458,61.9234,66.2487,73.6743,83.9180,28.5914,10.4192
20.159,-0.07601912637468312,0.8334676719787851,1.7639364663257921e-68,3,139.317,0.175649,-0.0787481,13319.7,0.0,6.4757,12.1040,16.7350,23.3326,30.7166,36.5375,40.6585,45.0098,47.6044,49.7685,51.6881,53.4440,55.7076,58.0917,62.1551,69.2558,79.2339,29.7031,10.9848
20.269,-0.045993215281731156,0.8331051535508832,2.9646480189537594e-69,3,143.048,0.2282,-0.0562871,13696.5,0.0,6.1909,12.1251,17.3728,25.4979,35.6363,43.2454,46.3044,48.6395,50.1810,51.6428,53.0398,54.3822,56.1844,58.1516,61.6253,67.9416,77.1372,27.5137,11.1094
20.379,-0.015071056783517663,0.8339742072624284,4.982683925455583e-70,3,146.86,0.272811,-0.0448378,13972.4,0.0,5.9114,11.8685,17.3453,26.2468,37.6146,42.7372,45.0573,46.9506,48.2422,49.4916,50.7042,51.8844,53.4885,55.2613,58.4378,64.3288,73.1012,26.9987,11.3189
20.489,-0.0049384838868230686,0.8332711350326275,8.374396873513201e-71,3,150.591,0.308813,-0.0404819,14353.1,0.0,5.6412,11.4067,16.7677,25.6092,35.4942,39.5677,41.5469,43.2017,44.3474,45.4665,46.5619,47.6357,49.1063,50.7448,53.7110,59.2979,67.7870,27.3586,11.5840
20.597,-0.06864504740712793,0.8327019339649914,1.4074848825313638e-71,3,154.341,0.340414,-0.0336173,14651.7,0.0,5.4177,11.0804,16.4437,25.5058,33.1820,36.4788,38.1564,39.5876,40.5913,41.5810,42.5575,43.5218,44.8528,46.3483,49.0860,54.3311,62.4815,27.4025,11.7763
20.707,-0.18249932081659895,0.8313107306591484,2.3655598420704637e-72,4,157.294,0.356871,0.0164582,12191.3,0.0,5.5492,12.4491,20.1203,29.6489,35.0096,37.6156,38.9874,40.1778,41.0226,41.8627,42.6984,43.5297,44.6859,45.9967,48.4240,53.1592,60.6866,23.9642,11.3285
20.817,-0.05980137744518314,0.8309286482692647,3.975796426567829e-73,4,157.866,0.338463,0.0699555,12159.2,0.0,6.0511,15.3441,24.1755,31.3331,35.7502,37.9701,39.1544,40.1901,40.9294,41.6680,42.4057,43.1425,44.1721,45.3456,47.5351,51.8609,58.8603,20.8583,10.6396
20.932,-0.03161483362686261,0.8291093557148727,6.682121054132552e-74,4,160.556,0.288075,0.0879075,12288.3,0.0,6.6504,16.7022,23.3915,29.1576,32.8916,34.8130,35.8494,36.7619,37.4166,38.0735,38.7323,39.3928,40.3200,41.3828,43.3816,47.3873,54.0111,20.9849,10.0834
21.040,-0.2322200275150066,0.7922972919618995,1.123064085568058e-74,4,162.988,0.212915,0.124242,12483.6,0.0,7.6910,17.3911,22.9180,27.7775,31.0012,32.6846,33.5994,34.4087,34.9915,35.5781,36.1683,36.7618,37.5979,38.5605,40.3827,44.0785,50.3065,22.0722,9.2204
21.150,-0.3437451571757736,0.3004829766300752,1.8875338086142354e-75,4,163.372,0.0991541,0.200589,12253.2,0.0,9.1018,18.6152,23.6946,28.1311,31.0838,32.6315,33.4745,34.2215,34.7603,35.3030,35.8498,36.4002,37.1769,38.0726,39.7730,43.2401,49.1373,18.9397,8.0533
21.259,-0.3904854624150137,0.09846226178214305,3.172378072137946e-76,4,161.589,-0.0423222,0.201955,11986.9,0.0,10.0695,19.2720,24.0041,28.1239,30.8733,32.3186,33.1072,33.8070,34.3120,34.8214,35.3349,35.8524,36.5833,37.4274,39.0331,42.3218,47.9598,16.9823,7.1268
21.366,-0.4021353559718079,0.03226411394077264,0.18940887451171876,4,158.661,-0.151744,0.18319,11571.3,0.0,10.8023,19.8645,24.4070,28.3448,30.9726,32.3551,33.1099,33.7798,34.2636,34.7518,35.2440,35.7403,36.4416,37.2520,38.7956,41.9646,47.4218,14.9060,6.3828
21.480,-0.4013860500524982,0.010572304856112377,0.8298761251373291,4,149.086,-0.221889,0.149838,9810.58,0.0,11.0287,19.5661,23.8137,27.5120,29.9928,31.3028,32.0195,32.6565,33.1171,33.5821,34.0516,34.5254,35.1958,35.9716,37.4526,40.5066,45.8072,15.6007,6.0068
21.588,-0.4208211932539194,0.003464332855250903,0.23838083000393054,3,137.981,-0.237825,0.0635903,12043.2,0.0,10.3370,17.3477,20.8910,24.0454,26.2033,27.3570,27.9923,28.5595,28.9709,29.3877,29.8096,30.2366,30.8430,31.5478,32.9024,35.7322,40.7524,48.2187,6.4012
21.699,-0.4476624917490177,0.0011351925900086161,0.04006466609876061,3,131.765,-0.212986,-0.0403764,11914.9,0.0,9.3601,14.7934,17.5781,20.1106,21.8793,22.8380,23.3699,23.8472,24.1949,24.5483,24.9074,25.2722,25.7924,26.4004,27.5790,30.0832,34.6591,41.7484,7.5529
21.810,-0.4640200187321291,0.0003719799078940233,0.006733668431218696,3,128.915,-0.16424,-0.0537744,11648.0,0.0,8.9182,14.0733,16.7446,19.1927,20.9127,21.8484,22.3686,22.8360,23.1769,23.5236,23.8762,24.2347,24.7464,25.3453,26.5085,28.9890,33.5494,40.6679,8.2308
21.920,-0.484474634926537,0.00012189037621871353,0.0011317276532349261,3,126.131,-0.10471,-0.0239179,11364.5,0.0,8.6715,14.0688,16.9074,19.5205,21.3585,22.3581,22.9136,23.4125,23.7763,24.1461,24.5221,24.9042,25.4494,26.0869,27.3236,29.9531,34.7571,42.1759,8.4897
22.028,-0.5130463620938724,3.9941038479348054e-05,0.00019020946667919404,3,122.779,-0.0418663,0.0176861,11035.9,0.0,8.4758,14.2912,17.4034,20.2763,22.2942,23.3893,23.9969,24.5420,24.9390,25.3423,25.7520,26.1679,26.7605,27.4526,28.7914,31.6226,36.7396,44.7739,8.6316
22.140,-0.5391306649857253,1.3087879488912774e-05,3.196850506477215e-05,3,118.925,0.0206661,0.0601194,10673.8,0.0,8.2894,14.5866,18.0192,21.1910,23.4113,24.6120,25.2768,25.8723,26.3054,26.7449,27.1907,27.6428,28.2861,29.0357,30.4814,33.5186,38.9676,49.8908,8.7630
22.247,-0.4848204564484303,4.288636350926937e-06,5.372946646236256e-06,3,114.763,0.0803636,0.101158,10293.3,0.0,8.1170,14.9445,18.7332,22.2294,24.6634,25.9737,26.6970,27.3437,27.8133,28.2892,28.7713,29.2595,29.9529,30.7591,32.3085,35.5683,42.7171,60.4895,8.8859
22.357,-0.38856947433772476,1.4053003594717385e-06,9.030311428329275e-07,3,110.554,0.13508,0.139467,9913.49,0.0,7.9648,15.3556,19.5227,23.3527,25.9996,27.4166,28.1964,28.8922,29.3965,29.9069,30.4230,30.9450,31.6927,32.5974,34.4599,38.9944,50.3299,86.6641,8.9971
22.466,-0.37959336186710674,4.604888217916992e-07,1.5177244417593016e-07,3,106.452,0.182933,0.173613,9548.47,0.0,7.8371,15.7971,20.3429,24.4946,27.3397,28.8839,29.7859,30.6276,31.2615,31.9246,32.6191,33.3470,34.4270,35.7569,38.5709,45.8844,67.6617,200.0000,9.0940
22.579,-0.39330325322529713,1.50892977124704e-07,2.550839469264858e-08,3,102.491,0.222106,0.203892,9204.11,0.0,7.7534,16.2909,21.2071,25.6938,29.2459,31.4531,32.7819,34.0459,35.0134,36.0404,37.1323,38.2955,40.0573,42.2884,47.2471,61.8817,129.4360,40.5570,9.1592
22.686,-0.30157914738255676,4.944461074422301e-08,4.287195895993447e-09,3,98.7332,0.250959,0.231226,8883.62,0.0,7.7402,16.8824,22.1760,28.0049,33.3985,37.0008,39.2711,41.5061,43.2690,45.1920,47.2975,49.6129,53.2704,58.1832,70.3910,121.6880,200.0000,24.0063,9.1737
22.798,-0.10837448228631619,1.6202010048666998e-08,7.205490142396186e-10,3,95.4421,0.267913,0.254788,8596.13,0.0,7.8097,17.5560,24.0256,32.9941,42.7282,50.1853,55.3535,60.8462,65.4942,70.9169,77.3252,85.0137,98.7763,121.2270,200.0000,200.0000,43.8223,20.3376,9.1330
22.909,0.1855009693248301,5.309074652747201e-09,1.2110267282325269e-10,3,92.8558,0.271383,0.269976,8363.63,0.0,7.9326,18.3847,27.5544,43.4499,66.8523,91.6317,114.2510,145.7580,181.5330,200.0000,200.0000,200.0000,200.0000,200.0000,129.1100,58.2931,30.5627,18.4958,9.0558
23.017,0.08812357824886033,1.7396775822122026e-09,2.0353726221404082e-11,3,91.1543,0.260301,0.267607,8212.13,0.0,8.0179,19.4828,32.5729,63.8233,151.8740,200.0000,200.0000,200.0000,200.0000,195.7050,153.7180,126.5720,101.4930,82.7665,61.5177,40.7071,26.1401,17.5719,8.9890
23.130,0.028876334120586555,5.700575501392946e-10,3.420850766031386e-12,3,89.8967,0.233503,0.249094,8116.65,0.0,8.0869,20.8445,39.1775,108.2620,200.0000,200.0000,154.2950,120.3180,103.9730,91.5439,81.7747,73.8946,65.1180,57.3446,46.8777,34.3962,23.9309,16.9403,8.9126
23.236,0.15915212059691897,1.8679645802964403e-10,5.749423882468952e-13,3,89.0287,0.190657,0.21535,8063.78,0.0,8.1636,22.3303,46.3307,199.8760,200.0000,127.0500,100.8490,85.4448,77.0456,70.1548,64.3998,59.5217,53.8211,48.5193,40.9736,31.3043,22.5714,16.3880,8.8232
23.346,0.10984244560882339,0.15551762701433447,9.663056719265569e-14,3,88.8796,0.140245,0.126885,8157.51,0.0,7.9623,20.0050,36.7782,94.0038,200.0000,200.0000,184.1990,138.2030,117.2930,101.8850,90.0615,80.7022,70.4602,61.5449,49.7655,36.0463,24.8081,17.4316,8.9782
23.458,0.035993172577099254,0.46999701016068207,1.6240699428069642e-14,3,90.041,0.105653,0.0476837,8420.86,0.0,7.9573,18.9999,32.8368,69.8592,197.7010,200.0000,200.0000,200.0000,181.5100,146.5480,122.8870,105.8110,88.5887,74.7059,57.7645,39.8009,26.3270,18.0249,8.9841
23.569,0.011794242790063882,0.6216110851332023,2.7295743528756645e-15,3,92.3731,0.0867425,0.0382483,8746.48,0.0,8.0635,18.9489,32.1652,65.3679,173.6250,200.0000,200.0000,200.0000,200.0000,170.5190,138.8580,117.1210,96.0774,79.7218,60.4578,40.8207,26.5964,18.0379,8.8880
23.679,0.003864737477448133,0.6846158289701977,4.58759561487813e-16,3,95.3338,0.0689603,0.0357606,9094.36,0.0,8.1985,19.1602,32.3264,64.7268,164.0790,200.0000,200.0000,200.0000,200.0000,179.3910,144.2180,120.5850,98.0929,80.8690,60.8644,40.7798,26.4212,17.8574,8.7627
23.786,0.0012663971766102042,0.7263793953057043,7.710371949925674e-17,3,98.6814,0.0513917,0.0348901,9475.95,0.0,8.3454,19.4661,32.7738,65.2920,163.0100,200.0000,200.0000,200.0000,200.0000,181.1560,144.6770,120.5740,97.7799,80.4199,60.3600,40.3300,26.0777,17.6038,8.6257
23.899,0.06548233260251521,0.7625153381443982,1.2958822136240085e-17,3,102.314,0.0338256,0.031947,9860.9,0.0,8.4732,19.6376,32.8329,64.3375,153.1300,200.0000,200.0000,200.0000,200.0000,200.0000,152.5480,125.6160,100.7320,82.1493,61.0619,40.4073,25.9484,17.4435,8.5050
24.006,0.021457250747192187,0.7813811978781563,2.1779892364378707e-18,3,106.077,0.0201519,0.017796,10236.2,0.0,8.4663,19.0452,30.8658,56.4279,113.0730,186.7460,197.2900,200.0000,200.0000,200.0000,200.0000,173.6820,129.0000,99.7043,69.9555,43.8736,27.1696,17.8795,8.5062
24.117,0.007031111924839936,0.7907269733425893,3.66054650968113e-19,3,109.898,0.0106782,0.0117521,10594.4,0.0,8.4951,18.8781,30.2233,53.8667,102.2930,177.2250,190.4300,197.7460,200.0000,200.0000,200.0000,200.0000,146.4370,109.5450,74.4287,45.4152,27.6403,18.0126,8.4769
24.228,0.00230395475553155,0.7937893970467746,6.152280518821075e-20,3,113.719,0.00371099,0.00963032,10944.2,0.0,8.5364,18.8901,30.1172,53.2275,99.3862,171.7350,185.9300,193.3760,197.7400,200.0000,200.0000,200.0000,153.2740,113.1190,75.8854,45.8239,27.7113,17.9953,8.4359
24.336,0.04172704900149758,0.7940399623586621,1.0340137867982582e-20,3,117.483,0.000934124,-0.00636363,11299.8,0.0,8.4239,18.0784,27.9939,46.7643,78.7667,119.9450,165.5900,179.9990,185.8930,190.7200,194.9030,198.6350,200.0000,161.1770,94.7152,51.9738,29.7775,18.7943,8.5478
24.446,0.013673119416810726,0.7920966867406865,1.7378669714718325e-21,3,121.226,0.00609644,-0.0185224,11627.1,0.0,8.2816,17.3848,26.3877,42.5255,67.5966,96.0052,123.7880,163.4760,173.8640,180.2220,185.2790,189.6050,194.8640,200.0000,117.7450,58.3441,31.8117,19.5993,8.6996
24.560,0.004480407770500539,0.7937563497330631,2.9208330189527093e-22,3,124.93,0.0171268,-0.0227343,11960.2,0.0,8.1566,16.9960,25.6297,40.8394,63.8123,88.9226,112.5840,146.7820,166.4100,173.6960,179.1480,183.7060,189.1750,194.5570,129.6760,61.4733,32.8773,20.0755,8.8337
24.666,0.0014681400182376164,0.7943001881024051,4.909044054953819e-23,3,128.6,0.0313049,-0.024088,12291.0,0.0,8.0286,16.6898,25.1163,39.8804,61.9877,85.8905,108.1680,139.9530,161.3460,168.8890,174.4160,179.0070,184.4970,189.8930,135.3740,63.1877,33.5762,20.4421,8.9695
24.778,0.05228076156717609,0.7972567036061461,8.250630343160883e-24,3,132.209,0.0495289,-0.0382687,12636.2,0.0,7.7733,15.7752,23.2595,35.6975,52.8668,69.7079,84.0046,102.3970,121.3930,148.9530,160.6290,167.0230,173.8340,180.1250,189.6220,75.1399,36.9691,21.7779,9.2669
24.888,0.017131359950332263,0.7985643129657869,1.3866834417750496e-24,3,135.814,0.0778657,-0.0539213,12961.7,0.0,7.4347,14.7128,21.2533,31.5825,44.8294,56.8050,66.2654,77.5837,88.3736,102.6590,122.4630,148.4810,160.3330,168.5090,179.6630,94.8287,41.7529,23.5912,9.6819
24.998,0.005613604028524876,0.861665151728879,2.330598860591326e-25,3,139.537,0.114734,-0.0593387,13378.1,0.0,7.1030,13.9387,20.0020,29.4244,41.2413,51.6743,59.7535,69.2367,78.0970,89.5658,104.9920,126.8500,151.4070,160.8950,172.8400,106.5150,44.7272,24.8711,10.0740
25.106,0.0018394657680670314,0.9549892084028941,3.9170375049958415e-26,3,143.873,0.156682,-0.0613116,13930.2,0.0,6.7546,13.2150,18.9187,27.7321,38.6993,48.3036,55.6911,64.3071,72.3040,82.5795,96.2679,115.4060,144.4700,154.7950,167.0840,114.1010,47.0238,25.9908,10.4764
25.219,-0.011482798915744795,0.9896008208407103,6.583364934646511e-27,3,148.614,0.201496,-0.0599986,14438.2,0.0,6.4031,12.5525,17.9985,26.4455,37.0113,46.3140,53.5016,61.9199,69.7676,79.9002,93.4842,112.6440,140.3950,150.3580,162.4050,116.0220,48.4197,26.8704,10.8661
25.326,-0.009784480792330002,1.0,1.1064661445660393e-27,3,153.507,0.246483,-0.0547217,14902.0,0.0,6.0709,11.9988,17.3156,25.6919,36.3979,46.0414,53.6361,62.6952,71.3042,82.6611,98.3300,121.3400,139.3720,147.8460,159.0160,110.9630,48.5324,27.3585,11.2065
25.437,-0.010211677181924443,1.0,1.8596376491721428e-28,4,155.514,0.28938,-0.0497407,11533.0,0.0,5.7510,11.4562,16.6364,24.9241,35.7487,45.7293,53.7481,63.5017,72.9664,85.7544,103.9870,126.9240,137.3010,144.8240,155.2870,106.9000,48.6495,27.8129,11.5282
25.550,-0.05135238508099175,1.0,3.125492996963621e-29,4,158.809,0.328382,-0.0424238,12248.2,0.0,5.4717,11.0289,16.1700,24.5932,35.9790,46.8838,55.9433,67.3398,78.8158,95.0153,118.8890,128.4710,136.0640,142.5950,152.1990,100.0480,47.9444,27.9488,11.7820
25.659,-0.03500721134253938,1.0,5.253016079996759e-30,4,162.341,0.356987,-0.0165037,12540.6,0.0,5.3683,11.3098,17.2216,27.9100,44.7522,64.1935,83.5843,113.3190,123.0730,128.7050,133.1910,137.0520,141.7910,146.5560,154.2440,77.1945,42.4631,26.2711,11.7093
25.767,-0.011471163012723306,1.0,8.828744125650554e-31,4,165.908,0.371719,-0.00492465,12784.4,0.0,5.3051,11.4157,17.7208,29.7398,50.4858,77.6634,108.5480,120.2150,125.1640,129.2780,132.8890,136.1510,140.2890,144.5550,151.5910,70.3566,40.5250,25.6470,11.6972
25.876,-0.0037588706960091727,1.0,1.4838470251980887e-31,4,169.455,0.37777,-0.00170362,13042.3,0.0,5.2708,11.4108,17.8138,30.2151,52.2473,82.3758,109.0230,117.3430,121.6950,125.4460,128.8000,131.8640,135.7880,139.8680,146.6510,68.7864,40.0816,25.5177,11.7107
25.986,0.009909278965451716,1.0,2.493901695250428e-32,4,172.975,0.381525,-0.00643981,13301.8,0.0,5.2145,11.1890,17.3237,28.9326,48.7122,74.1397,100.3900,109.8940,114.4330,118.2760,121.6830,124.7830,128.7380,132.8430,139.6650,71.7830,41.1151,25.9464,11.7989
26.099,0.005850525659899217,1.0,4.191500579207395e-33,4,176.469,0.387894,-0.0105121,13559.0,0.0,5.1401,10.9471,16.8329,27.7607,45.7712,67.8623,91.4197,102.7050,107.3800,111.2740,114.7040,117.8130,121.7710,125.8740,132.6970,74.7325,42.1387,26.3849,11.9024
26.210,0.011882974086142025,1.0,7.044655023473869e-34,4,179.934,0.397554,-0.0139254,13814.6,0.0,5.0422,10.6721,16.3182,26.6415,43.2167,62.8346,82.9393,95.8095,100.5450,104.4430,107.8600,110.9490,114.8800,118.9550,125.7390,77.6157,43.1630,26.8442,12.0273
26.319,0.016998044735353268,1.0,1.1839951697952533e-34,4,183.369,0.411496,-0.020276,14068.4,0.0,4.8954,10.2446,15.5073,24.8720,39.2478,55.2882,70.7254,86.7892,92.1166,96.2478,99.7866,102.9510,106.9460,111.0670,117.9080,84.0772,45.0388,27.6465,12.2274
26.427,0.01124446675738056,1.0,1.989940681874883e-35,4,186.769,0.431604,-0.0277753,14326.9,0.0,4.6944,9.6968,14.5125,22.8291,35.0020,47.7993,59.3994,75.3573,82.6641,87.2894,91.0618,94.3607,98.4711,102.6740,109.6080,121.1670,47.5440,28.7102,12.4995
26.536,0.01534407591883971,1.0,3.3444933040271165e-36,4,190.152,0.458357,-0.0336269,14573.7,0.0,4.4489,9.0988,13.5028,20.9438,31.4739,42.1057,51.3769,63.6503,73.5774,78.7817,82.7543,86.1481,90.3219,94.5561,101.5140,113.1100,50.0270,29.8034,12.8126
26.648,0.010866787910366646,0.99764404296875,5.621089896078376e-37,4,193.509,0.491441,-0.0386113,14812.4,0.0,4.1579,8.4332,12.4284,19.0599,28.1979,37.1429,44.7224,54.4542,64.2764,70.4074,74.5844,78.0516,82.2591,86.4960,93.4318,105.0040,52.6395,30.9827,13.1736
26.756,-0.03048357518596856,0.89068669140625,9.44736578833893e-38,4,196.554,0.529599,-0.0401543,14970.0,0.0,3.8404,7.7696,11.4263,17.4637,25.7176,33.7247,40.4541,49.0208,57.7087,63.6664,67.6972,71.0468,75.1201,79.2333,85.9944,97.3597,54.4736,31.9388,13.5333
26.871,-0.10241586392613818,0.7117239259775001,1.5878187680461242e-38,5,196.804,0.556251,0.00895381,13108.1,0.0,3.7995,8.3967,13.3696,23.5666,43.7754,60.6007,65.5513,69.2635,71.6933,73.9858,76.1660,78.2536,81.0428,84.0717,89.3784,98.8774,43.0972,27.9548,13.0886
26.976,-0.03355963029131696,0.23321769606430726,0.6144647415161133,5,192.412,0.545773,0.0426981,12598.5,0.0,4.0299,9.5656,16.4208,34.3282,58.6239,65.6638,68.9923,71.7397,73.6241,75.4520,77.2295,78.9603,81.3133,83.9110,88.5499,97.0579,37.1767,25.3661,12.5904
27.088,-0.01099681965385874,0.07642077464635219,0.8838856483107147,5,179.922,0.514257,0.0420209,11470.4,0.0,4.3064,10.2061,17.4898,36.4006,54.4208,60.5415,63.5385,66.0480,67.7848,69.4801,71.1379,72.7605,74.9776,77.4402,81.8717,90.1003,36.5147,24.8918,12.3413
27.200,-0.003603437864176432,0.02504155943611669,0.9201240639877537,5,166.314,0.480958,0.0372134,10412.5,0.0,4.5777,10.7327,18.1721,36.3510,49.6359,55.0548,57.7783,60.0853,61.6950,63.2749,64.8275,66.3547,68.4515,70.7938,75.0404,83.0244,36.4449,24.6470,12.1237
27.307,-0.0011807745193333334,0.008205618196026717,0.6463711599427225,4,153.603,0.450429,0.0363214,11000.8,0.0,4.8423,11.3306,19.1427,35.6120,46.0338,50.7817,53.2265,55.3225,56.7968,58.2524,59.6906,61.1122,63.0746,65.2797,69.3105,76.9875,37.1638,24.1948,11.8836
27.418,-0.0003869161944951467,0.0026888169704740346,0.20125159938672962,4,144.191,0.422403,0.0366572,10570.4,0.0,5.0911,11.9216,20.1577,34.1936,42.8098,46.9915,49.1874,51.0899,52.4375,53.7755,55.1042,56.4238,58.2549,60.3244,64.1380,71.4958,82.9227,23.7066,11.6503
27.528,-0.00012678469861216967,0.0008810715448849318,0.5296242026529218,4,135.234,0.396251,0.0361283,9685.83,0.0,5.3186,12.4397,21.0021,32.2564,39.5667,43.2685,45.2439,46.9710,48.2024,49.4312,50.6574,51.8807,53.5866,55.5258,59.1280,66.1699,77.3078,23.3444,11.4418
27.637,-4.154481004123576e-05,0.0002887095238278944,0.2732107761351403,3,125.783,0.372128,0.0358132,11240.5,0.0,5.5292,12.9234,21.1152,30.2281,36.5269,39.8156,41.5943,43.1618,44.2861,45.4133,46.5430,47.6748,49.2610,51.0742,54.4691,61.1934,72.0287,23.5405,11.2474
27.747,-0.05442827360374493,0.005741576993017924,0.04591853514503304,3,121.595,0.349066,0.0392331,11007.3,0.0,5.7535,13.5472,20.8135,28.5271,34.0375,36.9765,38.5834,40.0085,41.0356,42.0698,43.1103,44.1567,45.6294,47.3216,50.5133,56.9151,67.4163,24.3422,11.0233
27.857,-0.05801075198507514,0.17600090776157212,0.007717528201825703,3,120.526,0.317309,0.070719,11042.8,0.0,6.2501,15.1180,22.1328,29.3359,34.4593,37.1998,38.7009,40.0346,40.9976,41.9681,42.9455,43.9296,45.3171,46.9146,49.9351,56.0265,66.0995,22.8979,10.4645
27.966,-0.01900896321046942,0.3353027528459369,0.0012970849648808462,3,120.796,0.271932,0.0859684,11169.1,0.0,6.7855,15.5412,21.8808,28.3380,32.9775,35.4822,36.8623,38.0924,38.9828,39.8826,40.7912,41.7082,43.0044,44.5015,47.3477,53.1391,62.8505,23.6073,9.9865
28.078,-0.14215992727589646,0.4435975490213066,0.00021800107004752388,3,121.983,0.217056,0.101891,11370.5,0.0,7.2774,15.6111,21.3460,27.1558,31.3652,33.6569,34.9251,36.0592,36.8825,37.7166,38.5606,39.4141,40.6235,42.0254,44.7037,50.2031,59.5574,25.9430,9.6049
28.187,-0.15779053580732827,0.4761290917383017,3.6639439842887345e-05,3,123.331,0.145665,0.133465,11556.9,0.0,8.0400,17.1409,23.1629,29.0885,33.3007,35.5731,36.8253,37.9424,38.7520,39.5709,40.3983,41.2336,42.4160,43.7844,46.3920,51.7267,60.7723,21.3080,8.9085
28.299,-0.051704802773345326,0.4886773753120567,6.157990654394078e-06,3,124.931,0.0722618,0.123841,11683.2,0.0,8.5989,17.7603,23.6059,29.2814,33.2994,35.4657,36.6601,37.7257,38.4980,39.2794,40.0695,40.8678,41.9979,43.3063,45.8031,50.9236,59.6504,20.2813,8.3972
28.407,-0.07169552845148075,0.4988743746078797,1.034973489284013e-06,3,126.668,0.00988007,0.0880663,11831.4,0.0,8.8069,17.2318,22.4538,27.5336,31.1641,33.1373,34.2298,35.2080,35.9188,36.6397,37.3698,38.1090,39.1583,40.3775,42.7155,47.5564,55.9350,24.0555,8.1685
28.516,-0.3190226537165683,0.50354238944651,1.7394799434396406e-07,3,128.136,-0.0400747,0.0875049,12033.0,0.0,9.2192,17.8097,23.0170,28.0216,31.5736,33.4984,34.5627,35.5147,36.2061,36.9069,37.6167,38.3351,39.3545,40.5380,42.8068,47.5112,55.6212,21.6972,7.7589
28.626,-0.29654951992594036,0.5044696607988324,2.9235439409390043e-08,3,129.236,-0.092233,0.116898,12207.7,0.0,9.9414,19.4961,25.1457,30.4416,34.1269,36.1006,37.1861,38.1537,38.8547,39.5636,40.2802,41.0043,42.0299,43.2184,45.4843,50.1249,57.9473,16.5762,7.1287
28.737,-0.2499722652539337,0.5028911848568114,4.913600301536184e-09,3,130.326,-0.151958,0.134709,12315.7,0.0,10.6367,20.8743,26.7562,32.1565,35.8619,37.8347,38.9173,39.8801,40.5759,41.2781,41.9866,42.7010,43.7104,44.8747,47.0845,51.5678,59.0126,14.0988,6.5470
28.846,-0.22559215787073905,0.4995489576726299,8.258288026791866e-10,3,131.5,-0.218653,0.13738,12387.4,0.0,11.2293,21.7079,27.5655,32.8751,36.5001,38.4201,39.4706,40.4026,41.0751,41.7531,42.4364,43.1246,44.0954,45.2132,47.3298,51.6050,58.9207,12.6157,6.0097
28.959,-0.20320882199700174,0.4992910344814174,1.387970468662909e-10,3,132.729,-0.289318,0.134012,12473.3,0.0,11.7780,22.3058,28.0429,33.2023,36.6971,38.5394,39.5452,40.4364,41.0788,41.7259,42.3774,43.0331,43.9575,45.0207,47.0305,51.0802,58.8941,11.3698,5.4732
29.069,-0.1563945270315947,0.5013824850069958,2.3327619666817505e-11,3,134.048,-0.359936,0.125333,12573.3,0.0,12.2543,22.6662,28.2233,33.1718,36.5003,38.2492,39.2025,40.0471,40.6554,41.2677,41.8838,42.5036,43.3770,44.3817,46.2784,50.2736,59.0315,10.3102,4.9568
29.179,-0.17549701318586922,0.5205371767495923,3.9206730374020185e-12,3,135.466,-0.425695,0.109968,12710.1,0.0,12.5983,22.7008,27.9942,32.6663,35.7967,37.4396,38.3342,39.1269,39.6984,40.2734,40.8518,41.4334,42.2526,43.1956,45.0393,49.3483,59.1286,9.5251,4.4992
29.288,-0.22495361568229055,0.5444549287179314,6.589475173961573e-13,3,136.921,-0.484071,0.101714,12893.4,0.0,12.9574,22.9155,28.0162,32.4671,35.4301,36.9809,37.8240,38.5702,39.1080,39.6525,40.2146,40.7960,41.6443,42.6659,44.7475,49.6974,61.3777,8.6249,4.0647
29.398,-0.21518035211401515,0.5584316863547918,1.1074930924877217e-13,3,138.388,-0.535701,0.0973427,13068.2,0.0,13.3017,23.1683,28.0945,32.3406,35.1464,36.6720,37.5519,38.3635,38.9686,39.5962,40.2475,40.9237,41.9150,43.1165,45.5905,51.6183,66.7136,7.7413,3.6669
29.507,-0.1984807082187642,0.5641876664691131,1.8613636405441144e-14,3,139.923,-0.580002,0.0861924,13211.4,0.0,13.5079,23.0637,27.7290,31.7361,34.6916,36.4258,37.4344,38.3702,39.0714,39.8017,40.5631,41.3574,42.5287,43.9596,46.9456,54.4523,74.8359,7.1434,3.3462
29.616,-0.18693076429114963,0.583017715720474,3.128393870662493e-15,3,141.546,-0.614534,0.0686476,13366.3,0.0,13.5520,22.5944,26.9339,31.1005,34.4241,36.4076,37.5729,38.6618,39.4827,40.3424,41.2436,42.1892,43.5942,45.3275,49.0065,58.6432,87.9945,6.8622,3.1168
29.730,-0.17396068396529343,0.61814261032166,5.257891578422452e-16,3,143.353,-0.636608,0.0471888,13565.9,0.0,13.4363,21.8434,26.1702,30.8081,34.6189,36.9424,38.3251,39.6293,40.6204,41.6656,42.7694,43.9366,45.6881,47.8782,52.6363,65.8568,114.4060,6.9890,2.9991
29.839,-0.15838912021988916,0.7013207010189515,8.836938375854616e-17,3,145.577,-0.641336,0.0193327,13867.1,0.0,13.1360,21.0065,25.7353,31.0111,35.5125,38.3352,40.0441,41.6763,42.9302,44.2653,45.6898,47.2126,49.5302,52.4841,59.1263,79.3726,164.1600,7.9101,3.0473
29.948,-0.14169339426789235,0.766872007544265,1.4852242328298853e-17,3,148.304,-0.622136,-0.0162145,14204.0,0.0,12.6136,20.4260,25.6921,31.8568,37.3793,40.9741,43.2023,45.3683,47.0579,48.8820,50.8573,53.0032,56.3384,60.7157,71.1118,108.4670,197.7710,11.5670,3.3474
30.058,-0.10244359058357796,0.8303126311508547,2.4962163681171887e-18,3,151.468,-0.571213,-0.0626773,14568.9,0.0,11.8595,20.0735,26.0066,33.3637,40.3689,45.1578,48.2225,51.2756,53.7095,56.3905,59.3579,62.6600,67.9617,75.2522,94.2590,157.3980,62.9302,14.5318,4.0504
30.167,-0.03749509695609558,0.8981122785223871,4.195390849894561e-19,3,155.258,-0.47724,-0.130478,14952.5,0.0,11.1110,19.5770,26.0131,34.4201,42.9031,48.9928,53.0218,57.1428,60.5075,64.2985,68.6018,73.5285,81.7590,93.7721,128.5840,178.5170,44.1145,16.3205,5.2005
30.278,-0.00017719263897965094,0.9562963181449657,7.051193401417791e-20,4,156.372,-0.360519,-0.129697,12058.3,0.0,10.2989,18.3391,24.5380,32.7553,41.1885,47.3324,51.4394,55.6754,59.1607,63.1167,67.6452,72.8796,81.7458,94.9668,131.0270,177.5500,48.1670,19.1322,6.2929
30.391,0.0124261897816529,0.9958748806547424,1.1850940749762879e-20,4,159.909,-0.252337,-0.132611,12314.1,0.0,9.4588,16.7825,22.4019,29.8132,37.3749,42.8556,46.5062,50.2604,53.3410,56.8285,60.8089,65.3942,73.1229,84.5597,118.7880,167.9520,58.4471,22.6919,7.3855
30.497,0.017091188566777025,1.0,1.9917876118126475e-21,4,163.462,-0.1412,-0.139751,12604.8,0.0,8.5728,15.0786,20.0130,26.4432,32.9139,37.5481,40.6091,43.7360,46.2859,49.1555,52.4088,56.1278,62.3276,71.3474,97.9839,154.7000,74.0004,27.0224,8.5635
30.607,-0.08017387789240725,1.0,3.3475974391735173e-22,4,166.999,-0.0251493,-0.133702,12860.0,0.0,7.7364,13.7081,18.2819,24.3030,30.4329,34.8676,37.8174,40.8479,43.3321,46.1418,49.3451,53.0308,59.2320,68.3834,96.3402,151.2240,77.3027,29.7481,9.6435
30.716,-0.021925844762190255,1.0,5.62630701601893e-23,4,170.466,0.0824687,-0.107788,13125.6,0.0,7.0663,12.9413,17.6486,24.1520,31.1611,36.4962,40.1763,44.0719,47.3561,51.1735,55.6648,61.0254,70.5454,85.8705,120.3080,161.9590,64.0028,29.2611,10.3597
30.827,0.0015604216322629974,1.0,9.456134201823017e-24,4,173.957,0.17938,-0.102914,13374.4,0.0,6.3449,11.6958,16.0226,22.0605,28.6480,33.7187,37.2455,41.0047,44.1950,47.9276,52.3531,57.6840,67.2841,83.1062,116.5380,157.2060,66.5539,31.2129,11.2193
30.936,-0.035143111752415065,1.0,1.5892924753003945e-24,4,177.423,0.273223,-0.102174,13627.8,0.0,5.6227,10.3749,14.2229,19.6011,25.4800,30.0133,33.1703,36.5392,39.4012,42.7531,46.7324,51.5327,60.1970,74.5319,108.6020,149.4110,71.3557,33.5897,12.1010
31.048,-0.042263097737031366,1.0,2.671123863237373e-25,4,180.791,0.359094,-0.0748402,13895.1,0.0,5.0732,9.7266,13.7109,19.6455,26.6767,32.5343,36.8617,41.7245,46.0699,51.4300,58.2065,67.0458,84.8277,101.0990,123.1690,158.9220,60.7673,32.1096,12.5021
31.157,-0.013848771866470438,1.0,4.4893578769430534e-26,4,184.181,0.429046,-0.0609044,14131.7,0.0,4.5747,8.9558,12.8274,18.8168,26.2818,32.8300,37.8737,43.7638,49.2380,56.2823,65.6846,78.6502,93.0162,105.4980,125.2420,159.2320,57.9384,32.0637,12.9373
31.267,-0.02843855471051753,1.0,7.545263783778191e-27,4,187.559,0.4887,-0.0561435,14376.5,0.0,4.1142,8.1135,11.6881,17.2957,24.4205,30.7977,35.7933,41.7215,47.3246,54.6708,64.7227,77.2472,89.8354,101.5270,120.4960,153.7020,58.4965,32.8392,13.4054
31.379,-0.08311307601054238,1.0,1.268132484139601e-27,4,190.746,0.534466,-0.0182454,14658.6,0.0,3.8800,8.1491,12.3745,19.9575,31.7609,45.1688,58.3161,73.9689,82.3544,89.6769,96.4074,102.7490,111.1770,120.3540,136.6800,167.8470,48.4488,29.8666,13.2646
31.489,-0.02723449274713453,1.0,2.131350266093428e-28,4,193.981,0.551599,0.00907761,14871.1,0.0,3.8398,8.4878,13.5180,23.8396,44.3243,70.6092,82.0690,90.9677,96.9588,102.7350,108.3470,113.8240,121.3120,129.6600,144.8510,74.4157,42.9444,27.8615,13.0478
31.597,-0.008924198583381043,1.0,3.582160392223226e-29,5,195.804,0.546866,0.0160526,13433.7,0.0,3.9082,8.7605,14.1469,25.6681,50.5968,72.5826,82.1626,90.0637,95.5204,100.8580,106.0980,111.2560,118.3630,126.3470,140.9960,72.2907,41.5106,27.2413,12.9199
31.708,-0.043934764070708544,1.0,6.020536971209576e-30,5,197.329,0.532102,0.021014,13507.3,0.0,4.0564,9.1856,14.9877,27.7996,55.0988,72.0564,80.4726,87.6363,92.6664,97.6378,102.5590,107.4350,114.1980,121.8460,135.9870,73.7238,40.2445,26.6172,12.7355
31.816,-0.03009160855468978,1.0,1.0118716487511932e-30,5,199.949,0.503997,0.0449108,13692.7,0.0,4.4112,10.5238,18.1700,38.5568,67.2643,81.3110,88.7425,95.2163,99.8244,104.4210,109.0040,113.5750,119.9560,127.2190,141.0640,57.0127,35.8640,24.5424,12.2253
31.927,-0.009860418291200749,1.0,1.7006526800561308e-31,5,202.601,0.459028,0.0541564,13852.2,0.0,4.8605,11.8500,20.9869,44.9744,68.7275,81.3351,88.1640,94.1797,98.4949,102.8210,107.1580,111.5010,117.5900,124.5550,138.3380,53.4687,33.5983,23.2656,11.7609
32.039,-0.0032310618656606616,1.0,2.858286959370339e-32,5,205.227,0.404333,0.0565471,14025.2,0.0,5.3663,13.1586,23.4673,45.9597,66.3516,77.7146,83.9853,89.5664,93.5984,97.6620,101.7550,105.8720,111.6700,118.3390,131.5800,54.1799,32.0959,22.2624,11.2958
32.148,-0.0010587543521396855,1.0,4.80392289261373e-33,5,207.827,0.345461,0.0572994,14197.4,0.0,5.9016,14.4977,25.7887,45.3172,63.0266,73.2408,78.9722,84.1211,87.8672,91.6635,95.5052,99.3875,104.8840,111.2390,123.7960,61.0914,31.0634,21.2900,10.8150
32.259,-0.0003469326261091322,1.0,8.073953205615896e-34,5,210.399,0.284645,0.0575734,14366.1,0.0,6.4519,15.8602,26.9475,43.8511,59.3128,68.4635,73.6730,78.3957,81.8548,85.3795,88.9641,92.6043,97.7844,103.8110,115.6540,149.1310,30.5886,20.3574,10.3236
32.369,-0.08371948205051719,1.0,1.3569893152678638e-34,5,212.909,0.220483,0.0699942,14537.8,0.0,7.1306,17.6652,28.7567,44.7428,59.1519,67.7229,72.6268,77.0900,80.3694,83.7191,87.1343,90.6118,95.5739,101.3670,113.3420,148.6730,28.9622,19.0610,9.7014
32.477,-0.027433199878313476,1.0,2.2806919421706984e-35,5,215.343,0.136421,0.0975771,14697.6,0.0,8.1290,20.1048,32.1740,48.7811,63.2781,71.7956,76.6494,81.0581,84.2940,87.5967,90.9622,94.3881,99.3367,105.6310,119.9410,53.0254,25.5555,17.1411,8.8430
32.589,-0.008989310936125759,1.0,3.833158947206293e-36,5,217.813,0.0353394,0.0913651,14850.7,0.0,8.9105,21.0198,32.4576,47.7049,61.0028,68.8865,73.4080,77.5341,80.5731,83.6849,86.8653,90.1121,94.9641,101.2110,115.5190,161.4970,24.6722,16.1811,8.1513
32.697,-0.14044077128208093,1.0,6.442390242569619e-37,5,220.196,-0.0528615,0.0812968,15023.0,0.0,9.6026,22.0317,33.2950,47.9389,60.6128,68.1374,72.4625,76.4169,79.3337,82.3247,85.4252,88.7652,93.9189,100.6130,116.2030,168.8580,23.2445,15.1037,7.5172
32.808,-0.11272189631051228,1.0,1.082772528068676e-37,6,219.18,-0.149211,0.132563,13769.9,0.0,11.1097,27.7846,43.4447,62.8496,78.4924,88.4295,94.8620,101.3270,106.5230,112.2890,118.7250,125.9530,137.7080,154.1820,42.6526,24.7652,16.6742,11.9019,6.4645
32.917,-0.03693671098302867,1.0,1.8198157879250242e-38,6,220.976,-0.274434,0.138854,13800.2,0.0,12.3871,30.8627,47.6302,67.6935,85.3678,98.2659,106.9110,115.8480,123.2160,131.5970,141.2120,152.3540,171.3000,199.7210,28.3795,19.6199,13.7173,9.9460,5.4812
33.022,-0.012103421454918835,1.0,3.0585643947655875e-39,6,222.876,-0.403625,0.119894,13896.8,0.0,13.3051,31.5292,47.2154,65.7907,83.4983,96.6026,105.4600,114.6790,122.3290,131.0820,141.1970,153.0150,173.3520,200.0000,25.6113,17.2345,11.8289,8.4632,4.5689
33.122,-0.003966049142347804,1.0,5.1405291782825225e-40,6,224.657,-0.513056,0.0983054,14002.0,0.0,13.9661,31.5589,46.0337,63.2546,80.5121,93.3464,102.0510,111.1380,118.6990,127.3730,137.4260,149.2150,169.6050,200.0000,24.1738,15.3981,10.2695,7.2134,3.7940
33.224,-0.0012995949829645284,1.0,8.639687389939435e-41,6,226.418,-0.602125,0.0747377,14111.1,0.0,14.3921,31.1038,44.3259,60.3240,76.8547,89.1689,97.5313,106.2680,113.5440,121.9000,131.5930,142.9740,162.6920,193.1750,24.9267,14.1441,9.0454,6.2017,3.1608
33.324,-0.00042585128401781674,1.0,1.4520722596271209e-41,6,228.159,-0.667516,0.0503883,14219.7,0.0,14.5905,30.2861,42.2956,57.2647,72.9846,84.7009,92.6611,100.9810,107.9120,115.8740,125.1150,135.9680,154.7860,183.9090,200.0000,13.7185,8.2536,5.4887,2.6979
33.444,-0.08789467120696255,1.0,1.7083484927287116e-42,6,230.048,-0.723071,0.0585884,14365.9,0.0,15.1928,31.7769,44.8025,63.7245,85.7968,103.9050,117.1230,131.8160,144.8050,160.6480,180.3980,200.0000,200.0000,200.0000,17.7656,10.3892,6.5736,4.4564,2.2292
33.544,-0.028801325861097488,1.0,2.8712213117291453e-43,6,231.645,-0.772985,0.0599013,14440.4,0.0,15.6437,32.6750,47.2476,70.3179,100.0060,126.9440,148.2900,173.9060,198.4050,200.0000,200.0000,200.0000,200.0000,25.2944,13.1100,8.2381,5.3134,3.6277,1.8244
33.662,-0.007550094766531542,1.0,3.3779631610362225e-44,6,233.655,-0.8265,0.0361508,14556.4,0.0,15.7236,32.0401,46.7269,70.4732,101.9610,131.4790,155.5390,185.2290,200.0000,200.0000,200.0000,200.0000,200.0000,200.0000,12.9276,7.2430,4.4317,2.9367,1.4243
33.763,-0.008158774396847056,1.0,5.677342684753579e-45,6,235.33,-0.85038,0.0122142,14651.1,0.0,15.5616,31.3285,45.7890,69.2971,100.7150,130.4250,154.8300,185.1780,200.0000,200.0000,200.0000,200.0000,200.0000,200.0000,19.3663,7.5178,4.2367,2.7009,1.2565
33.884,-0.08426210186257208,1.0,6.6793368951857404e-46,6,237.131,-0.857419,0.020701,14786.5,0.0,15.7987,33.9717,52.7000,88.3334,149.6360,200.0000,200.0000,200.0000,200.0000,200.0000,196.8970,63.3681,31.5902,20.0837,11.9377,6.5994,3.8733,2.5109,1.1874
34.003,-0.022088804430662093,1.0,7.858173063817071e-47,6,238.982,-0.867728,0.0211482,14879.6,0.0,16.1943,36.6820,59.8693,111.1160,200.0000,200.0000,200.0000,188.9380,63.8927,37.5299,26.5691,20.5647,15.6236,12.2594,8.7370,5.5564,3.4725,2.2971,1.0994
34.123,-0.005790447548671485,1.0,9.245062027850147e-48,6,240.901,-0.891912,0.025968,15002.7,0.0,16.4871,37.7241,62.2190,118.1750,200.0000,200.0000,191.4360,76.1666,37.6165,24.9769,18.6962,14.9404,11.6621,9.3253,6.7813,4.3938,2.7805,1.8529,0.8942
34.244,0.005889890335769811,1.0,1.0876723025145421e-48,6,242.816,-0.925551,0.0274051,15111.1,0.0,16.8057,38.5705,63.8196,122.0940,200.0000,191.9110,180.4690,44.8869,23.9164,16.3018,12.3657,9.9613,7.8306,6.2934,4.6020,2.9975,1.9038,1.2713,0.6151
34.364,0.01081009322210004,1.0,1.2796355871853335e-49,6,244.653,-0.956621,0.015612,15248.4,0.0,16.8679,37.7765,60.9488,110.3780,199.6510,189.1670,181.3340,170.3000,37.8016,16.6722,10.6950,7.8730,5.7498,4.3958,3.0505,1.8950,1.1663,0.7649,0.3625
34.484,0.0028338010776141924,1.0,1.5054784719676728e-50,6,246.539,-0.97847,0.0128207,15338.2,0.0,17.0073,37.8752,60.7656,108.7720,191.4160,181.3570,174.0100,164.3890,31.5532,10.0762,5.9956,4.2677,3.0411,2.2894,1.5651,0.9598,0.5860,0.3826,0.1804
34.584,0.0009285799371126184,1.0,2.530257667836068e-51,6,248.086,-0.993728,0.0127579,15416.4,0.0,17.1374,38.1600,61.2149,109.5490,183.7420,173.7420,166.4320,156.7370,9.3356,2.9499,1.7518,1.2459,0.8873,0.6677,0.4563,0.2798,0.1708,0.1115,0.0526
34.703,0.06175968762559695,1.0,2.976822843632456e-52,6,249.866,-1.01047,0.00621206,15541.7,0.0,-1.0000,-1.0000,-1.0000,-1.0000,-1.0000,-1.0000,-1.0000,-1.0000,-1.0000,-1.0000,-1.0000,-1.0000,-1.0000,-1.0000,-1.0000,-1.0000,-1.0000,-1.0000,-1.0000
34.824,0.01618993155292448,1.0,3.502202307305148e-53,6,251.612,-1.00962,-0.0152952,15628.6,0.0,-1.0000,-1.0000,-1.0000,-1.0000,-1.0000,-1.0000,-1.0000,-1.0000,-1.0000,-1.0000,-1.0000,-1.0000,-1.0000,-1.0000,-1.0000,-1.0000,-1.0000,-1.0000,-1.0000
34.944,0.0042440934170098355,1.0,4.120305992521435e-54,6,253.362,-0.989936,-0.0189104,15719.6,0.0,16.5747,34.7699,52.7437,84.9094,164.7060,157.7300,153.3090,148.8550,145.1930,140.9160,135.5540,126.9420,5.6121,2.4428,1.1868,0.5858,0.3189,0.1963,0.0871
35.044,0.001390704530885783,1.0,6.924998281630777e-55,6,254.738,-0.968436,-0.0193457,15842.8,0.0,16.3888,34.3534,52.0763,83.7354,157.0320,150.2110,145.9200,141.6240,138.1170,134.0630,129.0820,121.7700,18.3425,7.7982,3.7541,1.8450,1.0023,0.6164,0.2732
35.162,-0.04183895927069548,1.0,8.147191228355795e-56,6,256.375,-0.949675,0.00666493,15928.2,0.0,16.6549,36.6412,58.0872,101.5000,140.9210,132.6240,127.0370,120.7760,114.2990,45.3044,19.6187,12.5208,8.3119,6.0057,3.9520,2.3501,1.4082,0.9099,0.4242
35.282,-0.010967832139057197,1.0,9.585089008248309e-57,6,257.962,-0.961136,0.0211987,16034.7,0.0,17.0051,38.5225,62.8801,140.2820,126.8550,117.2570,109.9440,62.2604,18.6972,11.0009,7.7934,6.0345,4.5860,3.5993,2.5657,1.6320,1.0201,0.6749,0.3230
35.384,-0.0035939392353262615,1.0,1.6109659096162934e-57,6,259.295,-0.984866,0.0239683,16119.8,0.0,17.2608,39.3284,64.5801,131.1920,117.5640,107.6380,99.5005,13.9379,5.9580,3.7889,2.7779,2.1929,1.6937,1.3443,0.9697,0.6236,0.3926,0.2608,0.1254
35.503,0.05399201119995463,1.0,1.895285283004473e-58,6,260.768,-1.00604,-0.0110796,16206.0,0.0,-1.0000,-1.0000,-1.0000,-1.0000,-1.0000,-1.0000,-1.0000,-1.0000,-1.0000,-1.0000,-1.0000,-1.0000,-1.0000,-1.0000,-1.0000,-1.0000,-1.0000,-1.0000,-1.0000
35.623,0.014153681784000907,0.4868914999999999,0.1058807373046875,6,261.194,-0.988454,-0.028272,16023.1,0.0,16.4151,33.8781,50.6657,120.5680,110.8200,104.8830,101.2910,97.8109,95.0665,92.0247,88.5456,84.3118,49.5332,4.5100,1.6681,0.7388,0.3845,0.2319,0.1009
35.723,0.004637878446981417,0.15954460671999998,0.8031272744750977,6,251.63,-0.957421,-0.0310539,15120.2,0.0,16.1166,33.1048,49.3091,112.6800,103.2580,97.6151,94.2419,91.0110,88.4959,85.7519,82.6917,79.1468,72.3371,20.3096,6.5930,2.8076,1.4398,0.8629,0.3731
35.843,0.0012157920076054968,0.041823661384007685,0.9383595146356192,6,234.045,-0.916901,-0.0317336,13844.4,0.0,15.7729,32.3615,48.1549,103.2830,94.1683,88.8038,85.6353,82.6320,80.3198,77.8292,75.1021,72.0386,66.7216,41.9012,13.0967,5.5206,2.8206,1.6878,0.7286
35.965,0.0003187125800417353,0.01096382188984931,0.922319269398572,6,216.394,-0.87814,-0.0300629,12754.1,0.0,15.4783,31.8471,47.5039,94.1309,85.2665,80.1305,77.1285,74.3072,72.1533,69.8551,67.3701,64.6306,60.0933,51.5543,18.3987,7.9491,4.0981,2.4618,1.0666
36.083,8.354859058246067e-05,0.0028741001254926576,0.6019291871009609,6,200.614,-0.843123,-0.0294046,11979.7,0.0,15.1991,31.3078,47.1092,85.7135,77.1523,72.2764,69.4586,66.8370,64.8550,62.7627,60.5320,58.1227,54.3044,48.6249,23.3000,10.1609,5.2566,3.1625,1.3721
36.185,2.7377202162060708e-05,0.000941785129121434,0.8026848281061855,6,188.549,-0.816307,-0.0292814,11104.5,0.0,14.9797,30.8624,90.6998,79.1430,70.8597,66.2116,63.5527,61.1003,59.2622,57.3393,55.3128,53.1589,49.8475,45.3511,27.1999,11.8821,6.1509,3.7017,1.6064
36.302,7.176769283571242e-06,0.0002468833208884092,0.2416928085680609,5,175.308,-0.786624,-0.0289864,11563.2,0.0,14.7390,30.3818,83.0376,71.6850,63.7451,59.3706,56.8996,54.6439,52.9708,51.2384,49.4362,47.5524,44.7388,41.1621,31.3457,13.7585,7.1333,4.2957,1.8654
36.403,2.3516837588406247e-06,0.1707926467734637,0.040621310336034014,5,171.234,-0.763364,-0.0287758,11421.9,0.0,14.5500,30.0884,76.8555,65.7036,58.0682,53.9294,51.6175,49.5258,47.9880,46.4090,44.7835,43.1058,40.6499,37.6465,30.9935,15.2240,7.9018,4.7608,2.0683
36.503,7.705997340968958e-07,0.3554672114478536,0.006827223628177236,5,170.642,-0.740473,-0.0287919,11462.2,0.0,14.3609,30.8054,70.6501,59.7407,52.4427,48.5576,46.4141,44.4930,43.0936,41.6696,40.2182,38.7385,36.6114,34.0891,28.9921,16.6996,8.6670,5.2216,2.2684
36.623,0.025245319308565443,0.4079383232402861,0.0008032160326314239,5,170.772,-0.712724,-0.0311112,11494.8,0.0,14.1011,37.5224,63.3066,52.7786,45.9522,42.4068,40.4824,38.7795,37.5533,36.3192,35.0764,33.8267,32.0652,30.0360,26.1948,18.4587,9.7171,5.8232,2.5171
36.724,0.06963892348301197,0.19612422975937693,0.0001349965186043634,4,170.248,-0.683782,-0.0508244,12620.3,0.0,13.6133,71.5426,59.0407,49.0542,42.7354,39.5158,37.7889,36.2758,35.1946,34.1138,33.0350,31.9592,30.4588,28.7577,25.6248,19.7409,11.9834,6.8467,2.8307
36.842,0.09631812200130693,0.051412790086042104,1.588220541728475e-05,4,168.668,-0.625787,-0.0970628,12477.4,0.0,12.7031,68.0073,56.1430,46.9113,41.1852,38.3097,36.7807,35.4485,34.5018,33.5598,32.6229,31.6929,30.4039,28.9520,26.3063,21.4137,14.8764,9.2874,3.5345
36.942,0.1140480045347195,0.016846943055394276,2.669322264483048e-06,4,166.948,-0.547546,-0.143172,12328.9,0.0,11.9950,65.6553,54.2846,45.6364,40.3329,37.6897,36.2901,35.0737,34.2112,33.3546,32.5043,31.6611,30.4950,29.1847,26.8021,22.4032,16.4303,10.9754,4.4456
37.043,0.15528240270403063,0.005520406300391596,4.486329929916659e-07,4,165.016,-0.452643,-0.147659,12179.4,0.0,11.2910,64.1194,53.1778,45.0761,40.1415,37.6899,36.3941,35.2688,34.4708,33.6789,32.8935,32.1150,31.0374,29.8269,27.6246,23.5392,17.8840,12.4558,5.3148
37.144,0.20511264956861924,0.0018089267365123183,7.54017471321093e-08,4,162.901,-0.364578,-0.150315,12014.7,0.0,10.5672,63.3541,52.7233,45.0938,40.4860,38.1972,36.9864,35.9351,35.1894,34.4485,33.7130,32.9839,31.9744,30.8380,28.7650,24.8903,19.4132,13.9251,6.1476
37.264,0.22994023012692236,0.00047419929041628517,8.870940148345527e-09,4,160.185,-0.265251,-0.157048,11808.2,0.0,9.7254,62.9203,52.4847,45.2353,40.9583,38.8413,37.7208,36.7463,36.0543,35.3667,34.6836,34.0055,33.0648,32.0040,30.0628,26.4010,21.1082,15.5731,7.1059
37.383,0.23831945516919817,0.00012430849878688666,1.043657237512703e-09,4,157.387,-0.171797,-0.160304,11596.6,0.0,8.9717,25.0083,52.0510,45.0103,40.9476,38.9640,37.9201,37.0139,36.3711,35.7324,35.0978,34.4678,33.5938,32.6071,30.7956,27.3589,22.3131,16.8656,7.9696
37.483,0.23906466864790535,4.0733408882487016e-05,1.7540747190876e-10,3,155.212,-0.0984726,-0.157909,14026.4,0.0,8.4191,22.3755,51.4565,44.5119,40.5626,38.6524,37.6525,36.7879,36.1763,35.5700,34.9691,34.3738,33.5493,32.6196,30.9156,27.6784,22.8852,17.6111,8.5912
37.603,0.237353180353299,1.0678018738090674e-05,2.063651366259371e-11,3,152.251,-0.0171401,-0.149416,13713.2,0.0,7.8450,21.4964,50.5482,43.6591,39.7995,37.9502,36.9867,36.1572,35.5719,34.9929,34.4203,33.8542,33.0729,32.1959,30.5962,27.5811,23.1196,18.1339,9.2040
37.722,0.23595244551873362,2.7991785440780413e-06,2.427865195890487e-12,3,149.082,0.0557162,-0.146436,13424.6,0.0,7.2967,19.5301,50.4344,43.4726,39.6172,37.7838,36.8316,36.0135,35.4381,34.8700,34.3089,33.7549,32.9917,32.1371,30.5862,27.6835,23.4342,18.6664,9.7743
37.823,0.2405925420874458,9.172348253234928e-07,4.0805130347331433e-13,3,146.438,0.110134,-0.144463,13183.0,0.0,6.8845,18.1232,50.7453,43.6394,39.7346,37.8864,36.9291,36.1079,35.5308,34.9617,34.4007,33.8474,33.0858,32.2345,30.6934,27.8231,23.6550,19.0145,10.1899
37.924,0.24981283542609897,3.005595075620021e-07,6.858118257475994e-14,3,143.791,0.159069,-0.141471,12942.8,0.0,6.5198,16.9772,51.3805,44.0628,40.0671,38.1827,37.2093,36.3752,35.7895,35.2124,34.6440,34.0842,33.3147,32.4553,30.9027,28.0234,23.8698,19.2822,10.5404
38.042,0.26155177737293656,7.878987155033347e-08,8.068507548737934e-15,3,140.612,0.210734,-0.136788,12657.6,0.0,6.1422,15.6634,52.6878,45.0210,40.8587,38.9032,37.8943,37.0313,36.4263,35.8304,35.2438,34.6664,33.8737,32.9902,31.3967,28.4533,24.2346,19.6140,10.8823
38.143,0.2703195824099174,0.24275660394286513,1.3560740637163849e-15,3,138.576,0.248055,-0.129959,12846.4,0.0,5.8845,14.6975,54.1270,46.1087,41.7710,39.7376,38.6902,37.7946,37.1670,36.5495,35.9422,35.3447,34.5247,33.6114,31.9671,28.9376,24.6165,19.9137,11.1062
38.244,0.2709521405720075,0.466731540620623,2.2791536788881284e-16,3,138.341,0.280212,-0.105119,13016.8,0.0,5.7505,15.1736,54.2367,46.0123,41.5897,39.5241,38.4623,37.5556,36.9209,36.2969,35.6838,35.0812,34.2550,33.3361,31.6853,28.6558,24.3642,19.7331,11.1429
38.363,0.26073393040095133,0.6004326132188276,2.6814015116750942e-17,3,139.662,0.30894,-0.0587084,13193.2,0.0,5.7556,20.2165,52.5665,44.3235,39.9390,37.9050,36.8628,35.9751,35.3549,34.7462,34.1487,33.5623,32.7602,31.8700,30.2761,27.3702,23.2957,18.9505,10.9716
38.483,0.24489578209018367,0.6765104928971363,3.154642064470632e-18,3,141.714,0.322011,-0.0327585,13472.3,0.0,5.7853,66.3952,52.4511,43.9801,39.5085,37.4436,36.3886,35.4912,34.8650,34.2510,33.6492,33.0594,32.2535,31.3604,29.7656,26.8718,22.8465,18.5944,10.8731
38.583,0.2328671982795809,0.7080384075312837,5.302006917755792e-19,3,143.681,0.321241,-0.0231872,13736.4,0.0,5.8405,67.9354,53.3498,44.5261,39.8871,37.7505,36.6604,35.7342,35.0884,34.4555,33.8356,33.2286,32.3999,31.4825,29.8468,26.8888,22.7972,18.5082,10.8099
38.683,0.2222020669279687,0.7207803554579759,8.911083026672161e-20,3,145.743,0.311906,-0.016669,13963.2,0.0,5.9544,70.0067,54.4095,45.1842,40.3511,38.1307,36.9993,36.0392,35.3700,34.7148,34.0733,33.4456,32.5897,31.6431,29.9577,26.9203,22.7433,18.4003,10.7057
38.803,0.2100223742315279,0.7266590052668006,1.0483800070049535e-20,3,148.272,0.291875,-0.00806189,14199.4,0.0,6.1782,73.4706,55.4093,45.7108,40.6540,38.3388,37.1611,36.1629,35.4682,34.7887,34.1239,33.4738,32.5882,31.6107,29.8739,26.7577,22.5051,18.1300,10.5040
38.924,0.19796508966788726,0.7292842767922851,1.233408594441258e-21,3,150.83,0.264057,0.00125909,14435.4,0.0,6.4841,78.5545,56.0840,45.9265,40.6625,38.2615,37.0433,36.0120,35.2950,34.5943,33.9099,33.2412,32.3314,31.3285,29.5517,26.3791,22.0865,17.7196,10.2319
39.025,0.1921215580577958,0.732600104241171,2.0729898246774227e-22,3,152.989,0.23573,0.00875795,14627.5,0.0,6.7902,85.1655,56.8800,45.9648,40.5317,38.0625,36.8119,35.7548,35.0207,34.3038,33.6041,32.9215,31.9936,30.9723,29.1670,25.9576,21.6481,17.3070,9.9663
39.142,0.1883050542946053,0.7416561799293225,2.4388517988347412e-23,3,155.631,0.196126,0.0160201,14860.2,0.0,7.2015,99.5347,59.0092,46.0270,40.3742,37.8161,36.5234,35.4327,34.6763,33.9386,33.2192,32.5181,31.5668,30.5217,28.6791,25.4221,21.0904,16.7807,9.6187
39.244,0.18633856425771878,0.7546491489923653,4.098978218301551e-24,4,157.554,0.159119,0.0202088,12196.2,0.0,7.5694,124.6020,62.5402,46.4268,40.2984,37.6562,36.3237,35.2008,34.4232,33.6655,32.9273,32.2085,31.2346,30.1663,28.2874,24.9823,20.6230,16.3330,9.3123
39.364,0.18487935131059793,0.7749792762009546,4.822406884049593e-25,4,158.035,0.113299,0.0199958,12179.5,0.0,7.9821,200.0000,71.9572,48.6516,40.8550,37.8595,36.4434,35.2674,34.4538,33.6618,32.8914,32.1421,31.1277,30.0171,28.0696,24.6627,20.2138,15.8949,8.9685
39.483,0.18471822448298789,0.801586490036673,5.673513475015505e-26,4,160.102,0.0671043,0.0218885,12328.9,0.0,8.4165,200.0000,91.4285,52.8233,42.2623,38.4561,36.7034,35.3012,34.3664,33.4825,32.6453,31.8513,30.8011,29.6565,27.6554,24.1761,19.6809,15.3768,8.6047
39.583,0.184316242594648,0.827571946992717,9.53547409745856e-27,4,161.923,0.0284576,0.021965,12483.3,0.0,8.7658,49.5542,137.2400,60.2533,45.1946,40.2096,37.9855,36.2374,35.0872,34.0103,33.0001,32.0503,30.8130,29.5159,27.3704,23.8161,19.2691,14.9670,8.3090
39.704,0.1380558780142814,0.8611448423474588,1.1218389920919021e-27,4,164.256,-0.0173022,0.0193341,12682.3,0.0,9.1507,36.2765,200.0000,83.2454,53.6119,45.5488,42.1772,39.6176,37.9748,36.4656,35.0743,33.7877,32.1413,30.4511,27.7316,23.5712,18.8657,14.5354,7.9740
39.824,0.04522629302730202,0.8961799539429572,1.319832355806202e-28,4,167.068,-0.0650724,0.0352883,12842.2,0.0,9.7684,34.5896,158.3600,124.2960,62.7833,50.3676,45.5734,42.0758,39.8925,37.9275,36.1494,34.5332,32.5029,30.4617,27.2658,22.5764,17.6335,13.5638,7.4996
39.943,0.017772309238546558,0.9248117697214225,1.5527695682824387e-29,4,170.246,-0.129164,0.0757737,13036.2,0.0,10.9306,37.6177,131.7050,144.8870,61.6683,47.9441,42.8675,39.2385,37.0041,35.0131,33.2277,31.6180,29.6132,27.6171,24.5299,20.0829,15.4982,11.8629,6.7710
40.044,0.014523706980336934,0.9424226820304407,2.6097398134122948e-30,4,172.982,-0.208907,0.115431,13240.5,0.0,12.1672,40.9506,133.5000,144.0540,56.3372,43.2188,38.4537,35.0754,33.0071,31.1714,29.5313,28.0571,26.2276,24.4128,21.6194,17.6239,13.5393,10.3251,5.9781
40.164,0.05061205017341595,0.9549959031206877,3.070332793081431e-31,4,176.304,-0.341677,0.141094,13501.3,0.0,13.4024,42.5102,117.8770,200.0000,55.4605,40.5926,35.5232,32.0284,29.9280,28.0881,26.4633,25.0180,23.2437,21.5046,18.8679,15.1783,11.5025,8.6755,4.9404
40.282,0.1037791085417412,0.9603714893870445,3.6122158277323733e-32,4,179.499,-0.471937,0.103559,13817.1,0.0,14.0135,39.0638,83.5673,200.0000,93.9073,52.9033,42.9196,36.8419,33.4604,30.6497,28.2765,26.2463,23.8518,21.6034,18.3669,14.1559,10.2899,7.5157,4.0808
40.383,0.10946615967573901,0.9626733480017217,6.0710511416698e-33,4,182.088,-0.553695,0.0597408,14000.5,0.0,14.0473,34.7149,62.5061,149.4140,200.0000,166.2540,89.0660,63.3432,52.5146,44.8508,39.1415,34.7240,29.9895,25.9504,20.7275,14.8018,10.0692,7.0203,3.5797
40.483,0.05054095972752741,0.9640299647825792,1.0203615653804435e-33,4,184.715,-0.60591,0.0258453,14187.7,0.0,13.9929,32.0089,52.7784,100.1830,200.0000,200.0000,200.0000,200.0000,138.1330,91.4983,68.4084,54.6271,42.6139,34.0600,24.7563,16.0331,10.1430,6.7579,3.2608
40.604,0.033269102712697944,0.9665432140567144,1.200445178054438e-34,4,187.993,-0.636101,0.00624704,14408.3,0.0,13.9703,30.7100,48.6459,84.8699,154.5350,200.0000,200.0000,200.0000,200.0000,200.0000,145.8210,92.1336,60.8021,43.7909,28.7338,17.0488,10.2019,6.5870,3.0687
40.705,0.032205946461181856,0.9684618530383541,2.017588210756094e-35,4,190.746,-0.642495,-0.00722098,14593.5,0.0,13.8375,29.6491,45.8436,76.3754,128.0560,193.8720,200.0000,200.0000,200.0000,200.0000,200.0000,200.0000,95.5565,58.9227,34.2923,18.7014,10.6801,6.7299,3.0557
40.824,0.012223960089664056,0.9726240472060113,2.3736723540724373e-36,4,194.042,-0.633306,-0.0201294,14841.4,0.0,13.5883,28.4438,43.0653,69.0992,109.1040,153.7970,196.8650,200.0000,200.0000,200.0000,200.0000,200.0000,200.0000,93.6177,44.3016,21.5985,11.6917,7.1790,3.1761
40.944,0.0032044377937448945,0.9771873519807726,2.792601787842683e-37,5,196.095,-0.612295,-0.0236735,13442.3,0.0,13.3681,27.8095,41.8764,66.5641,103.6280,143.8350,181.4320,200.0000,200.0000,200.0000,200.0000,200.0000,200.0000,116.5540,50.4350,23.6549,12.5947,7.6749,3.3705
41.063,0.0008400241410034617,0.9783835949476476,3.2854680773790385e-38,5,197.761,-0.586541,-0.0247858,13518.1,0.0,13.1406,27.2835,41.0154,65.0087,100.7780,139.2400,174.8920,200.0000,200.0000,200.0000,200.0000,200.0000,200.0000,131.6300,55.1130,25.5134,13.5113,8.2135,3.5986
41.164,0.0002752591105240144,0.9796104922518201,5.52188619765095e-39,5,199.998,-0.563547,-0.0251768,13665.3,0.0,12.9453,26.8599,40.3548,63.8977,98.9095,136.4440,171.1290,200.0000,200.0000,200.0000,200.0000,200.0000,200.0000,141.8940,58.6873,27.0405,14.2926,8.6810,3.8003
41.265,-0.019160950171925987,0.9822351703979514,9.280634132391953e-40,5,202.217,-0.541006,-0.0198171,13815.2,0.0,12.8243,26.8592,40.6860,65.3368,103.2960,145.8190,186.9110,200.0000,200.0000,200.0000,200.0000,200.0000,200.0000,115.6450,55.1066,26.9528,14.6108,8.9773,3.9742
41.382,-0.014914539552251865,0.9854754963525506,1.0918573250417813e-40,5,204.86,-0.520651,-0.0107429,13990.9,0.0,12.7667,27.1782,41.7747,68.8467,113.3840,167.8750,200.0000,200.0000,200.0000,200.0000,200.0000,200.0000,151.9610,87.4609,48.7177,25.8642,14.5705,9.1191,4.1118
41.504,-0.015586043449008014,0.994210511562718,1.284559224338405e-41,5,207.503,-0.509283,-0.00295639,14171.2,0.0,12.7690,27.5784,42.9582,72.5599,124.5530,194.4420,200.0000,200.0000,200.0000,200.0000,200.0000,200.0000,110.2280,72.4027,44.0717,24.7557,14.3611,9.1219,4.1762
41.623,-0.017568817790967257,1.0,1.5112710818418903e-42,5,210.163,-0.507248,0.00567842,14349.9,0.0,12.8627,28.2438,44.6914,77.8059,141.1040,200.0000,200.0000,200.0000,200.0000,200.0000,200.0000,127.8230,83.6551,59.9800,39.2007,23.1877,13.8503,8.9339,4.1576
41.724,-0.01968775399932665,1.0,2.5399933072516656e-43,5,212.359,-0.513459,0.0139201,14495.2,0.0,13.0247,29.0700,46.7415,84.0486,162.5510,200.0000,200.0000,200.0000,200.0000,200.0000,128.9150,93.0639,66.9908,50.7505,34.9045,21.5167,13.1790,8.6190,4.0721
41.842,-0.022686242065341984,1.0,2.988276726048512e-44,5,214.961,-0.532123,0.0253334,14667.4,0.0,13.3428,30.4887,50.2149,95.0760,200.0000,200.0000,200.0000,200.0000,169.0510,110.8250,82.4368,65.6306,51.0631,40.7369,29.5492,19.1006,12.0679,8.0342,3.8732
41.964,0.044181871841177986,1.0,3.515677685428814e-45,5,217.535,-0.563095,0.027457,14836.1,0.0,13.6430,31.3154,51.8211,99.1659,200.0000,200.0000,200.0000,200.0000,139.9640,95.4863,72.4638,58.3900,45.9123,36.9058,26.9926,17.5850,11.1699,7.4599,3.6095
42.085,0.011582012611933763,1.0,4.1361596401301455e-46,5,220.071,-0.588887,0.0115743,15003.8,0.0,13.6409,30.3027,48.4967,86.3733,163.7860,200.0000,200.0000,200.0000,200.0000,200.0000,121.5140,84.9891,59.8227,44.7028,30.3413,18.4979,11.2521,7.3306,3.4487
42.202,0.0030361551141427643,1.0,4.866150455016715e-47,6,220.142,-0.603845,0.0079577,13726.0,0.0,13.7187,30.2580,48.0862,84.4372,155.6730,200.0000,200.0000,200.0000,200.0000,197.7390,142.4710,93.5495,63.1836,46.0931,30.5941,18.3174,11.0202,7.1362,3.3350
42.302,0.000994887307802301,1.0,8.178539069746596e-48,6,221.851,-0.61262,0.00734615,13829.1,0.0,13.7852,30.3682,48.2049,84.4490,154.9940,200.0000,200.0000,200.0000,197.7630,192.1170,144.6160,93.7328,62.8044,45.6123,30.1530,17.9957,10.8060,6.9902,3.2631
42.403,0.00032600467302065794,1.0,1.3745670614523104e-48,6,223.536,-0.620393,0.00711107,13932.8,0.0,13.8483,30.4933,48.3818,84.6834,155.1580,200.0000,199.6840,195.4260,191.5500,186.1170,143.8170,92.7309,61.9373,44.9040,29.6381,17.6665,10.6005,6.8545,3.1984
42.524,8.546016900432736e-05,1.0,1.6171644021280285e-49,6,225.531,-0.629398,0.00716305,14054.0,0.0,13.9260,30.6675,48.6630,85.1923,156.1500,195.6820,191.8350,187.6540,183.8640,178.5880,139.9460,90.3398,60.3828,43.7940,28.9155,17.2405,10.3466,6.6909,3.1224
42.644,2.240287054347039e-05,1.0,1.9025777474596044e-50,6,227.497,-0.638422,0.00716901,14174.4,0.0,14.0032,30.8379,48.9339,85.6686,157.0290,187.7110,183.9250,179.8270,176.1310,171.0320,136.4870,88.1187,58.9029,42.7225,28.2093,16.8199,10.0944,6.5279,3.0463
42.763,5.8727780957475e-06,1.0,2.2383636941087507e-51,6,229.437,-0.647538,0.00716901,14292.1,0.0,14.0811,31.0094,49.2062,86.1453,185.1430,179.6600,175.9380,171.9300,168.3330,163.4150,133.0460,85.8971,57.4178,41.6454,27.4981,16.3959,9.8399,6.3633,2.9695
42.883,1.5395135411316327e-06,1.0,2.6334125024820044e-52,6,231.353,-0.656707,0.00716901,14408.5,0.0,14.1595,31.1820,49.4800,86.6247,176.9460,171.5280,167.8750,163.9600,160.4660,155.7350,129.5850,83.6627,55.9243,40.5621,26.7828,15.9694,9.5839,6.1978,2.8923
43.004,4.0357423772641077e-07,1.0,3.098183475045054e-53,6,233.238,-0.665977,0.00716901,14532.7,0.0,14.2387,31.3565,49.7569,87.1094,168.6600,163.3150,159.7350,155.9180,152.5300,147.9910,126.0860,81.4035,54.4141,39.4668,26.0596,15.5382,9.3251,6.0304,2.8142
43.122,1.0579456497455222e-07,1.0,3.644981876555756e-54,6,235.102,-0.67531,0.00716901,14655.3,0.0,14.3185,31.5321,50.0356,87.5974,160.2840,155.0190,151.5170,147.8040,144.5280,140.1840,122.5630,79.1289,52.8937,38.3640,25.3314,15.1040,9.0645,5.8619,2.7355
43.243,0.003802702214562441,1.0,4.288284727949083e-55,6,236.954,-0.683489,0.00395679,14771.4,0.0,14.3417,31.3865,49.5047,85.6439,152.3770,147.3610,144.0760,140.6550,137.7190,134.0430,128.3570,88.7063,56.4844,39.9198,25.7664,15.0964,8.9672,5.7669,2.6751
43.344,0.0012460694616678205,1.0,7.207320142264024e-56,6,238.48,-0.68802,0.00287795,14871.5,0.0,14.3647,31.3714,49.3824,85.1014,145.4450,140.5590,137.3880,134.1140,131.3360,127.9260,123.0390,92.0755,57.5205,40.2603,25.7738,15.0080,8.8830,5.7019,2.6397
43.462,0.0003266496329594491,1.0,8.479340074172202e-57,6,240.318,-0.692048,0.0025413,14969.1,0.0,14.3941,31.4153,49.4208,85.0656,136.8870,132.1230,129.0580,125.9180,123.2770,120.0810,115.6860,92.4167,57.3710,40.0300,25.5592,14.8540,8.7820,5.6338,2.6064
43.564,0.00010703655172815227,1.0,1.4251226862661217e-57,6,241.827,-0.694992,0.00261736,15050.4,0.0,14.4203,31.4769,49.5248,85.2675,129.6260,124.9580,121.9760,118.9370,116.3980,113.3520,109.2600,91.1863,56.6889,39.5823,25.2884,14.7031,8.6950,5.5787,2.5813
43.682,2.8058989816224753e-05,1.0,1.67664258916523e-58,6,243.599,-0.698528,0.0026834,15160.1,0.0,14.4513,31.5487,49.6437,85.4924,120.8290,116.2890,113.4140,110.5060,108.0950,105.2370,101.5040,89.8337,55.9173,39.0676,24.9724,14.5250,8.5916,5.5130,2.5512
43.783,0.00906471725693298,1.0,2.8179331996100024e-59,6,245.059,-0.701018,0.000288725,15248.4,0.0,14.4378,31.3749,49.1554,83.9437,113.7990,109.4570,106.7410,104.0280,101.8150,99.2519,96.0854,91.2869,59.8865,40.8559,25.6108,14.6853,8.6165,5.5054,2.5362
43.902,0.002376261240601439,1.0,3.315270230009171e-60,6,246.789,-0.700201,-0.00291824,15352.8,0.0,14.3848,31.0704,48.4008,111.8520,105.3170,101.2240,98.7027,96.2219,94.2343,91.9902,89.3500,85.9461,67.2468,44.1923,26.9099,15.1194,8.7722,5.5723,2.5513
44.003,0.0007786532833202796,0.964700927734375,0.18470306396484373,6,247.89,-0.697028,-0.00342441,15345.3,0.0,14.3507,30.9673,48.1973,104.2420,97.8591,93.9222,91.5199,89.1766,87.3166,85.2410,82.8463,79.8927,69.2689,45.2220,27.4017,15.3443,8.8865,5.6397,2.5796
44.122,0.0002041192863027114,0.25289056,0.8611900626113891,6,236.742,-0.692278,-0.00345802,14163.9,0.0,14.3101,30.8776,48.0549,95.1404,88.9481,85.1969,82.9341,80.7484,79.0318,77.1399,74.9997,72.4597,67.0520,45.9693,27.8454,15.5892,9.0273,5.7287,2.6202
44.243,5.350864618853797e-05,0.06629374296064,0.9421339196499221,6,219.881,-0.687499,-0.00323534,12964.8,0.0,14.2728,30.8101,47.9686,86.5047,80.5171,76.9534,74.8279,72.7950,71.2146,69.4931,67.5795,65.3772,61.2793,46.4262,28.1835,15.8018,9.1577,5.8138,2.6603
44.362,1.40269705464481e-05,0.017378506954674015,0.9516568834866486,6,203.186,-0.68297,-0.00263214,11853.2,0.0,14.2430,30.7808,47.9739,78.3985,72.6250,69.2472,67.2551,65.3678,63.9148,62.3495,60.6362,58.7128,55.3916,46.4063,28.3355,15.9503,9.2637,5.8877,2.6972
44.483,3.6770861669280914e-06,0.004555671327126065,0.8944967281981381,6,187.098,-0.67876,-0.00261593,10857.7,0.0,14.2076,30.7052,78.5809,70.9079,65.3759,62.1965,60.3439,58.6066,57.2830,55.8735,54.3546,52.6893,49.9726,45.4853,28.7050,16.1600,9.3860,5.9656,2.7330
44.604,0.007832349550919892,0.0011942419043781353,0.29712545871665186,5,173.444,-0.674675,-0.00302291,11404.9,0.0,14.1673,30.5947,71.3705,63.9756,58.7036,55.7286,54.0165,52.4279,51.2305,49.9695,48.6308,47.1931,44.9449,41.7679,29.2468,16.4211,9.5239,6.0487,2.7689
44.724,0.039814871908935595,0.00031306334978130194,0.034956513092555375,5,164.416,-0.670157,-0.00541878,10929.8,0.0,14.0956,30.3034,64.7394,57.5870,52.6133,49.8623,48.3009,46.8689,45.8017,44.6912,43.5297,42.3066,40.4603,38.0672,30.7547,16.9892,9.7679,6.1761,2.8141
44.842,0.05250999682569501,8.206767876506963e-05,0.683079661964954,5,155.732,-0.659571,-0.0276408,9934.39,0.0,13.7083,28.3256,59.8029,53.1366,48.6493,46.2342,44.8899,43.6770,42.7873,41.8761,40.9412,39.9798,38.5826,36.8970,33.3637,21.6394,11.2975,6.8242,2.9719
44.943,0.06042182315264374,2.6891936977738016e-05,0.21104549495954553,4,146.945,-0.642147,-0.0394518,10757.6,0.0,13.4154,27.9740,55.4348,49.0691,44.8839,42.6711,41.4536,40.3648,39.5727,38.7676,37.9487,37.1148,35.9199,34.5095,31.7034,24.8657,12.6920,7.4547,3.1637
45.063,0.07026333471358656,7.049559927092155e-06,0.024829291436495576,4,143.566,-0.605218,-0.0709095,10593.3,0.0,12.7495,28.0828,51.5169,45.6149,41.8422,39.8883,38.8271,37.8874,37.2095,36.5261,35.8368,35.1417,34.1582,33.0189,30.8345,26.2345,17.1536,9.1895,3.6151
45.184,0.15730305609390569,1.8479998375276457e-06,0.002921141308212268,4,141.717,-0.541482,-0.118764,10462.7,0.0,11.7684,59.3970,48.6910,43.1340,39.7496,38.0256,37.0984,36.2831,35.6985,35.1122,34.5242,33.9348,33.1071,32.1582,30.3715,26.7812,20.8298,13.0206,4.4492
45.302,0.21628501664301947,4.844420694088471e-07,0.0003436693537698652,3,139.809,-0.438034,-0.196171,12621.6,0.0,10.3783,21.2621,48.2216,42.2023,39.1611,37.6291,36.8101,36.0927,35.5801,35.0675,34.5549,34.0426,33.3260,32.5084,30.9812,27.9645,23.1355,17.1176,6.0675
45.403,0.25008768777298307,1.5874197730389105e-07,5.776050828810124e-05,3,137.668,-0.315013,-0.273434,12405.8,0.0,9.0532,17.2439,49.6727,42.3726,39.0677,37.6304,36.8793,36.2228,35.7543,35.2865,34.8193,34.3529,33.7015,32.9598,31.5785,28.8653,24.5591,19.2081,8.1519
45.523,0.28851481124247175,4.161325689835122e-08,6.795466039586825e-06,3,134.849,-0.12048,-0.362019,12126.7,0.0,7.5666,13.8673,54.1741,44.1648,39.8854,38.0791,37.1911,36.4532,35.9469,35.4573,34.9834,34.5246,33.9064,33.2284,31.9747,29.5212,25.6449,20.8220,10.1669
45.642,0.3125057256436129,1.0908665616361382e-08,7.994797840913502e-07,3,131.525,0.0762908,-0.349484,11828.8,0.0,6.2537,10.9271,68.1607,50.7775,44.1741,41.5163,40.2363,39.1855,38.4713,37.7856,37.1266,36.4929,35.6458,34.7307,33.1525,30.4488,26.7882,22.2741,11.8049
45.763,0.3225240299695497,2.8596412393354377e-09,9.405799711856327e-08,3,128.2,0.241093,-0.32196,11509.7,0.0,5.2000,9.0561,98.9091,63.2310,51.8038,47.5543,45.5730,43.9769,42.9074,41.8918,40.9262,40.0071,38.7924,37.4981,35.3080,31.6745,27.1816,22.8070,12.8463
45.884,0.32583369311443916,0.2723135866871378,1.106582930300185e-08,3,125.681,0.373744,-0.285374,11778.3,0.0,4.3726,7.7685,14.4465,92.7224,68.0092,59.8365,56.2471,53.4501,51.6212,49.9170,48.3253,46.8354,44.9031,42.8887,39.5804,34.3531,28.3011,22.9425,13.4419
46.002,0.11238093229499153,0.536505579118513,1.3018837516688646e-09,3,125.771,0.477055,-0.218555,12117.3,0.0,3.8093,7.3977,32.8108,110.1760,91.2785,77.4686,70.8340,65.9056,62.7908,59.9615,57.3803,55.0162,52.0222,48.9846,44.1722,36.9838,29.2381,22.8409,13.4243
46.102,0.036824983894422826,0.6780785309780543,2.1880760214298607e-10,3,127.769,0.538941,-0.133013,12265.0,0.0,3.5897,8.6279,30.7222,114.7300,97.2547,86.9493,79.8634,73.1617,69.0292,65.3433,62.0354,59.0507,55.3309,51.6238,45.8842,37.6029,29.0489,22.2543,12.9640
46.204,0.025315150900258848,0.7639437534996388,3.6774993692171676e-11,3,130.7,0.56853,-0.0254973,12352.7,0.0,3.7372,11.8039,36.3397,113.5200,96.1856,86.7469,80.6889,74.1595,69.6415,65.6471,62.0905,58.9038,54.9615,51.0651,45.0951,36.6125,28.0090,21.2866,12.2668
46.324,0.05228914982974386,0.8212582943642843,4.326541232890305e-12,3,134.502,0.535691,0.101356,12679.9,0.0,4.5594,13.9776,35.8271,114.7110,96.6612,88.3902,83.4417,78.6033,74.6733,70.1144,65.7927,61.9773,57.3303,52.8141,46.0389,36.7012,27.5602,20.6367,11.6223
46.442,0.013482468864168373,0.8568545022865809,5.090132495083116e-13,3,138.423,0.442483,0.118534,13299.4,0.0,5.4082,15.8183,36.8481,113.8070,95.0898,87.4261,83.0114,78.8452,75.6261,72.1139,68.1483,63.8416,58.6129,53.6050,46.2248,36.3058,26.8682,19.8919,11.0146
46.543,0.0044179353974106925,0.8834973098717668,8.554985684486195e-14,3,141.985,0.366356,0.113798,13673.1,0.0,6.1100,17.5934,39.8119,110.1340,91.7243,84.3389,80.1549,76.2512,73.2766,70.0896,66.6003,62.6410,57.3389,52.2901,44.9013,35.0666,25.8097,19.0288,10.4725
46.644,0.06983687971457822,0.9070769043581555,1.4378364439915947e-14,3,145.718,0.29161,0.107987,14006.0,0.0,6.7812,19.1658,41.9666,106.7020,88.5014,81.3754,77.4269,73.7839,71.0434,68.1530,65.0637,61.6918,56.4749,51.3087,43.8169,33.9699,24.8289,18.2098,9.9457
46.763,0.023117973738298395,0.9316838645004393,1.6916001979916716e-15,3,150.253,0.210228,0.0820019,14560.5,0.0,7.3261,19.1827,37.2847,110.9910,90.2138,82.5534,78.9673,75.8054,73.4793,71.0872,68.6174,66.0543,62.2654,57.5235,48.0146,35.8128,25.2716,18.0666,9.5212
46.884,0.006060238107652494,0.9447849088037281,1.9901507169352218e-16,3,155.035,0.140294,0.0705816,14961.6,0.0,7.8694,19.9872,37.2672,108.5490,87.4216,79.6879,76.1176,73.1872,71.0611,68.8939,66.6804,64.4138,61.1342,57.1928,48.8927,35.7155,24.7552,17.4785,9.0594
46.984,0.001985818823115569,0.9595506599324306,3.344846309953028e-17,4,156.111,0.0882591,0.0680367,12008.9,0.0,8.3214,20.9970,38.8161,103.0520,82.7363,75.3485,71.9422,69.1647,67.1644,65.1358,63.0758,60.9810,57.9804,54.4342,47.2995,34.5361,23.8367,16.7814,8.6651
47.102,0.054035582349341804,0.9948853407754521,3.935178235196639e-18,4,159.762,0.0322711,0.049,12355.8,0.0,8.6453,20.8214,36.3461,103.7120,82.0716,74.1944,70.5998,67.7391,65.8395,64.0034,62.1541,60.2897,57.6522,54.5949,48.7125,36.3608,24.2343,16.6724,8.3597
47.203,0.01770637962423232,1.0,6.613854059894992e-19,4,162.933,-0.00224487,0.0311558,12542.3,0.0,8.7822,20.3188,33.9091,105.1950,82.3703,73.8738,70.0399,67.0078,65.0037,63.1205,61.3480,59.6381,57.2373,54.4819,49.2834,38.7659,25.1238,16.8699,8.2143
47.304,0.005802026475268447,1.0,1.1115904518465512e-19,4,166.038,-0.0273163,0.0246293,12798.0,0.0,8.9399,20.3978,33.8524,101.0990,78.6354,70.2976,66.5524,63.5978,61.6485,59.8196,58.1003,56.4813,54.2783,51.7696,47.1024,38.0034,25.1624,16.7341,8.0575
47.423,0.0015209664283327717,1.0,1.307775050692949e-20,4,169.751,-0.0509011,0.0221059,13073.8,0.0,9.1210,20.7014,139.6140,93.3760,72.0856,64.3592,60.8948,58.1647,56.3647,54.6769,53.0910,51.5984,49.6196,47.3946,43.3167,35.6342,24.8150,16.4399,7.8811
47.542,0.0003987122233888661,1.0,1.5385842693897478e-21,4,173.478,-0.0718354,0.0206701,13265.8,0.0,9.2888,21.0492,129.6940,84.7984,64.9748,57.9672,54.8284,52.3562,50.7271,49.1999,47.7655,46.4159,44.6491,42.6992,39.1739,32.7109,23.9665,16.1401,7.7179
47.642,0.17462537037532255,0.9893593749999999,2.585898581563349e-22,4,176.322,-0.0833213,-0.0102428,13538.5,0.0,9.0996,19.7572,138.5800,90.8366,68.5458,60.0176,56.2973,53.4091,51.5256,49.7742,48.1412,46.6155,44.6407,42.5866,39.1997,33.1696,25.0025,17.3136,7.8592
47.742,0.054437593417385674,0.9230133190625,4.346119746033522e-23,4,178.898,-0.066944,-0.0510982,13725.1,0.0,8.6241,18.0417,156.6560,103.1500,77.8516,67.2758,62.2456,58.3550,55.8659,53.5844,51.4856,49.5487,47.0754,44.5425,40.4802,34.2739,26.3774,18.7648,8.3549
47.843,0.017838110611008935,0.89560197704665,7.304523457158541e-24,4,181.363,-0.0249139,-0.0702413,13738.1,0.0,8.1592,17.9788,162.3360,105.0640,79.0246,68.0799,62.8550,58.6334,55.8642,53.3483,51.0529,48.9506,46.2880,43.5864,39.3062,32.9118,25.6962,18.8025,8.8665
47.943,0.03459682195610916,0.9601102835730213,1.2276712574446359e-24,4,183.799,0.0311317,-0.0635083,14076.9,0.0,7.9494,20.1359,155.4280,99.1508,73.8366,63.3603,58.4020,54.4170,51.7864,49.3947,47.2176,45.2276,42.7129,40.1678,36.1485,30.1740,23.7303,17.8429,9.0223
48.065,0.1309324547660023,0.994740207208216,1.44434295767104e-25,4,186.78,0.0828743,-0.0649169,14245.6,0.0,7.5036,18.4410,43.6591,126.7030,96.5103,83.2225,76.7009,71.3427,67.7215,64.2746,61.0030,57.9066,53.8615,49.6410,42.9401,33.8238,25.1019,18.6147,9.4716
48.184,0.03432315742217891,1.0,1.699255046270402e-26,4,189.882,0.121413,-0.0380767,14514.3,0.0,7.3770,18.5642,36.1061,146.1720,108.8300,94.4800,87.3192,81.3692,77.3094,73.4158,69.6923,66.1428,61.4681,56.5459,48.4905,36.5516,25.7994,18.4472,9.5459
48.284,0.011247012224099583,0.9988443359375,2.8559379562666647e-27,4,192.597,0.125556,0.0100495,14762.9,0.0,7.7380,19.8580,37.5978,143.6090,105.6070,91.5494,84.5653,78.7781,74.8396,71.0693,67.4709,64.0465,59.5462,54.8188,47.1027,35.5624,24.8090,17.5945,9.1731
48.404,0.06059284251797435,1.0,3.3599824461681684e-28,5,193.716,0.0807895,0.0493705,12905.7,0.0,8.2152,19.8028,34.8962,160.7150,111.1620,96.2982,89.1005,83.1102,79.0184,75.0899,71.3287,67.7385,63.0027,58.0073,49.8071,37.4584,25.3379,17.4399,8.7497
48.522,0.01588405010903187,1.0,3.952985748092388e-29,5,196.131,0.026352,0.0240676,13423.6,0.0,8.4679,19.2980,32.3850,200.0000,119.5330,101.5250,93.9512,87.7739,83.5400,79.4607,75.5436,71.7929,66.8263,61.5625,52.8674,39.6553,26.5339,17.6842,8.5066
48.622,0.005204885539727562,1.0,6.643783146818876e-30,5,198.361,-0.00259797,0.0233876,13606.3,0.0,8.7135,19.8538,34.7304,198.8950,111.7080,94.8105,87.6740,81.8343,77.8508,74.0302,70.3768,66.8916,62.2994,57.4583,49.5129,37.5178,25.5531,17.2168,8.2721
48.724,0.17828702326105791,1.0,1.1166206334858488e-30,5,200.513,-0.0219307,0.000510867,13747.1,0.0,8.6758,19.0618,32.2545,200.0000,122.8320,101.3500,92.7269,86.3144,82.1794,78.2061,74.3943,70.7486,65.9264,60.8213,52.3951,39.5759,26.7463,17.8626,8.2950
48.843,0.04519802937183316,1.0,1.313693009089766e-31,5,202.925,-0.00721184,-0.0547383,13848.3,0.0,8.1169,16.4595,25.1734,48.6999,200.0000,164.4760,128.9860,115.7710,107.9490,101.1240,95.1182,89.7913,83.2743,76.8823,66.3001,49.5349,32.3022,20.6532,8.9151
48.962,0.011848392211649832,1.0,1.545546688264019e-32,5,205.482,0.0479584,-0.058492,14029.6,0.0,7.6908,15.7595,24.3274,48.8361,200.0000,182.7010,135.7410,117.7920,109.1320,101.6660,95.1634,89.4482,82.5211,75.8248,65.5643,49.4941,32.8262,21.3096,9.3671
49.064,0.003882481159913417,1.0,2.5976003189653372e-33,5,207.629,0.0946248,-0.0458453,14187.2,0.0,7.3976,15.4823,24.4424,125.4350,200.0000,178.7990,132.0170,113.3860,104.8830,97.5749,91.2252,85.6582,78.9248,72.4311,62.6942,47.8099,32.3162,21.3843,9.6485
49.184,0.0010177691411843428,1.0,3.05605079925953e-34,5,210.226,0.13647,-0.0285791,14349.0,0.0,7.1707,15.4883,25.3916,135.8040,200.0000,169.7620,123.2220,106.1100,98.0937,91.2093,85.2344,80.0002,73.6750,67.5810,58.5303,45.1592,31.1927,21.1068,9.8357
49.304,0.00026680207374662834,1.0,3.595413204820845e-35,5,212.776,0.159002,-0.010464,14521.0,0.0,7.1084,15.9306,27.5032,142.7300,200.0000,158.9160,113.2070,98.1414,90.7092,84.3301,78.7942,73.9455,68.0887,62.4479,54.0762,42.1546,29.6852,20.4945,9.8483
49.423,6.994056282023613e-05,1.0,4.229967681339677e-36,5,215.294,0.160263,0.00814503,14688.3,0.0,7.2343,16.9222,31.5125,200.0000,199.6020,146.6390,102.9110,89.8362,83.0325,77.1919,72.1246,67.6868,62.3254,57.1614,49.4983,38.8830,27.8537,19.5788,9.6831
49.544,1.833449889994798e-05,1.0,4.976514677419317e-37,5,217.774,0.13913,0.0269272,14850.7,0.0,7.5677,18.6067,39.3594,200.0000,186.8230,133.0540,92.8274,81.4665,75.2949,69.9972,65.4007,61.3753,56.5123,51.8286,44.8790,35.4126,25.7539,18.3937,9.3429
49.662,0.014735700153879629,1.0,5.854819752837054e-38,5,220.207,0.0948181,0.0452668,15011.1,0.0,8.1240,21.1576,49.4389,200.0000,175.1480,118.9620,83.4959,73.4404,67.8429,63.0428,58.8812,55.2395,50.8430,46.6117,40.3392,31.8382,23.4504,16.9811,8.8348
49.765,0.07619269698362327,1.0,9.840195558593237e-39,6,219.756,0.0509237,0.0236246,13725.6,0.0,8.3198,20.4401,40.0866,103.9400,200.0000,189.3190,160.1690,138.3800,116.1210,85.0305,75.1475,68.6124,61.3450,54.7311,45.5471,34.1580,24.2187,17.1737,8.6509
49.885,0.01997345835807494,1.0,1.157689167272936e-39,6,221.582,0.0160268,0.0159389,13796.7,0.0,8.5574,20.5971,36.9388,81.8465,200.0000,200.0000,200.0000,179.7600,161.2550,146.1910,130.8990,110.0560,74.6713,63.2397,50.3798,35.8701,24.3428,16.9436,8.4258
50.003,0.005235922267819197,1.0,1.3620097284049365e-40,6,223.425,-0.0167389,0.0296771,13905.5,0.0,8.9774,21.7955,38.4588,78.9278,200.0000,200.0000,200.0000,184.0040,163.7270,147.4840,133.7250,118.3910,80.0188,62.7595,49.0548,34.4706,23.1498,16.0046,8.0526
50.105,0.03489042865561899,1.0,2.2891297505301774e-41,6,224.921,-0.0532532,0.0322449,13967.5,0.0,9.2957,21.8935,37.2559,70.8186,200.0000,200.0000,200.0000,200.0000,189.6340,167.3520,149.7660,135.5330,116.6080,80.6434,52.3231,35.4025,23.1173,15.6999,7.7487
50.224,0.009146316529498584,1.0,2.693138260201249e-42,6,226.638,-0.0971519,0.0271055,14084.2,0.0,9.5726,21.9560,36.3044,64.2516,101.0720,200.0000,200.0000,200.0000,200.0000,191.4310,167.8480,149.4480,129.5790,109.7560,58.8905,36.4236,23.1158,15.4300,7.4614
50.324,0.0029970650003860962,1.0,4.52635747392024e-43,6,228.068,-0.126522,0.0248553,14175.1,0.0,9.8056,22.3836,36.8268,62.3528,98.7566,200.0000,200.0000,200.0000,200.0000,191.9920,167.5590,148.6540,128.3900,110.0790,64.1017,35.7740,22.5746,15.0183,7.2341
50.444,0.000785662607461213,1.0,5.325214304492425e-44,6,229.754,-0.158548,0.0241367,14280.7,0.0,10.0767,22.9678,37.3380,60.4009,101.9540,200.0000,200.0000,200.0000,200.0000,200.0000,162.5690,144.0530,124.2560,107.1060,73.2531,34.9087,21.8126,14.4956,6.9737
50.563,0.03366359109757031,1.0,6.265061377092293e-45,6,231.388,-0.187779,0.0149977,14389.8,0.0,10.2333,22.8855,35.7725,55.2895,87.3615,197.1670,200.0000,200.0000,200.0000,200.0000,200.0000,156.9730,132.9110,113.1180,85.0560,37.8199,21.8992,14.3455,6.7908
50.664,0.011030885530851839,1.0,1.0529688656479019e-45,6,232.706,-0.201677,0.0041086,14492.6,0.0,10.2387,22.2626,33.6000,50.1730,74.8525,181.5480,194.2910,200.0000,200.0000,200.0000,200.0000,200.0000,149.4480,124.2460,94.2702,46.6544,22.9373,14.5392,6.7463
50.784,0.0028916804565996246,1.0,1.2388073407461006e-46,6,234.309,-0.207748,0.000990566,14589.4,0.0,10.2572,21.6926,31.9498,46.8929,71.4157,172.4380,185.1360,193.6580,199.7680,200.0000,200.0000,200.0000,151.8450,125.2270,94.2917,54.6594,24.2710,14.7412,6.7158
50.886,0.000947545852018565,1.0,2.0820634975919711e-47,6,235.625,-0.20932,0.00019997,14665.3,0.0,10.1880,21.0478,30.5175,44.8355,71.1531,167.2250,178.9980,187.1720,193.0640,199.3550,200.0000,200.0000,149.5030,123.1100,92.5322,57.0378,26.0993,15.2347,6.7416
51.003,0.0002483934598315547,1.0,2.4495268842819787e-48,6,237.144,-0.198853,-0.016414,14755.4,0.0,9.9413,20.0232,28.5920,42.8197,74.1873,161.2650,171.9330,179.6690,185.3220,191.3560,197.8130,200.0000,145.5860,119.8290,90.0189,57.9591,29.5187,16.3252,6.9502
51.104,0.011333174217355104,1.0,4.116919834412722e-49,6,238.373,-0.173187,-0.0305617,14842.0,0.0,9.6029,18.9553,27.0702,41.4449,79.9625,155.9330,165.8510,173.2440,178.6860,184.4960,190.7120,197.3760,143.2020,117.4280,88.1114,57.9223,31.8205,17.7523,7.2837
51.226,0.05606459791939433,1.0,4.843515015988224e-50,6,239.638,-0.108231,-0.0834716,15043.7,0.0,8.6658,16.0078,22.1685,31.7859,45.6535,66.3927,96.1016,140.1720,148.2790,154.3670,159.7070,164.6730,171.9710,181.1820,131.9280,74.8014,41.5151,22.7988,8.3530
51.343,0.01469699795698171,1.0,5.698346981159984e-51,6,241.018,0.0120188,-0.113929,15246.7,0.0,7.5505,13.8192,19.0927,27.1613,38.0966,50.9435,66.6063,91.4037,124.5260,136.7630,143.1720,148.5700,155.3510,163.2220,180.4570,84.4329,46.3636,26.3303,9.7840
51.464,0.0038527298324350133,1.0,6.704048239864912e-52,6,242.528,0.162379,-0.109504,15472.5,0.0,6.4641,12.0650,16.8929,24.4998,35.3281,49.2355,64.4926,88.5075,119.2890,128.8780,134.9190,140.0660,146.5660,153.9930,170.2550,85.3237,47.1691,28.1409,11.0266
51.585,-0.08199550944898115,1.0,7.88724571371867e-53,6,244.417,0.294886,-0.0713485,15346.6,0.0,5.6171,11.0672,16.1875,25.4085,43.8963,74.3614,113.1180,123.5410,128.7960,133.4850,137.8550,142.1540,148.6430,156.8550,175.0810,71.9913,43.0383,27.3908,11.7397
51.702,-0.021494630828993715,1.0,9.279265709732876e-54,6,246.12,0.378682,-0.0281289,15343.2,0.0,5.1480,10.9014,17.0744,31.8062,75.8932,116.1490,123.6290,129.4560,133.4990,137.7930,142.3840,147.3030,154.8120,164.4190,89.8237,59.4728,38.2064,25.6222,11.9294
51.804,-0.007043360630044659,1.0,1.5595661878348042e-54,6,247.535,0.410197,-0.0113981,15411.1,0.0,4.9664,10.8495,17.5702,34.6679,85.9853,111.7960,118.5020,123.8980,127.7860,131.9360,136.3750,141.1350,148.4060,157.7200,86.0914,57.4516,37.1155,25.0413,11.9964
51.924,-0.0018463747290024268,1.0,1.834814024325769e-55,6,249.209,0.416194,0.00706833,15492.3,0.0,5.0082,11.3687,19.1288,38.2760,91.0370,105.5860,111.5810,116.5400,120.2130,124.1350,128.3320,132.8330,139.7110,148.5270,82.5755,55.3066,35.8238,24.2086,11.8331
52.042,-0.00048401605695961214,1.0,2.1586403514790245e-56,6,250.833,0.394684,0.0248849,15563.6,0.0,5.2915,12.3660,20.8770,41.8672,87.2181,98.9054,104.2890,108.8510,112.2870,115.9570,119.8830,124.0950,130.5310,138.7830,79.8045,53.3052,34.5575,23.3652,11.4706
52.164,-0.0001268819052356206,1.0,2.5396187871115576e-57,6,252.372,0.349424,0.0359599,15673.6,0.0,5.7300,13.3972,22.6142,45.3330,82.0649,91.9336,96.7661,100.9510,104.1370,107.5390,111.1790,115.0840,121.0510,128.7010,146.0870,51.4150,33.3269,22.5310,11.0598
52.282,-3.326133016608653e-05,1.0,2.9878361068488772e-58,6,253.885,0.298848,0.0359613,15816.7,0.0,6.1755,14.4387,24.3724,48.8581,76.4335,84.8861,89.2048,93.0311,95.9669,99.1018,102.4570,106.0550,111.5540,118.6040,134.6260,49.4875,32.0775,21.6865,10.6452
52.384,-1.0899072668823233e-05,1.0,5.021656144780908e-59,6,255.206,0.256477,0.0359766,15872.0,0.0,6.5488,15.3120,25.8475,51.8197,71.4815,78.9415,82.8566,86.3973,89.1240,92.0356,95.1514,98.4933,103.6010,110.1490,125.0300,47.8685,31.0292,20.9782,10.2978
52.502,-2.857126505695998e-06,1.0,5.90792823777329e-60,6,256.742,0.205291,0.0359885,15954.5,0.0,6.9997,16.3668,27.6288,51.7971,65.2998,71.7210,75.1803,78.3910,80.8651,83.5071,86.3342,89.3666,94.0011,99.9427,113.4460,45.9212,29.7638,20.1230,9.8782
52.624,-0.07806650579919572,0.996702880859375,6.9506184924579e-61,6,258.219,0.152594,0.0440337,16042.1,0.0,7.5292,17.9262,30.8797,49.9355,60.6047,66.1683,69.3466,72.4010,74.7599,77.2840,79.9906,82.9003,87.3602,93.1012,106.2480,44.8765,27.5776,18.8500,9.3764
52.724,-0.05710405315948045,0.5507196625,0.6043672485351562,6,255.556,0.0848365,0.0879461,15547.9,0.0,8.5494,22.7594,39.5986,53.9300,64.0697,70.5511,74.5969,78.5512,81.6501,85.0105,88.6661,92.6581,98.9044,107.1820,137.4360,31.2789,22.2134,15.9786,8.4921
52.842,-0.014969484911438843,0.1443678552064,0.9084588251951293,6,239.921,-0.0313057,0.0978782,14287.7,0.0,9.7504,26.1174,38.4970,50.3108,59.8094,66.1191,70.0823,73.9737,77.0363,80.3698,84.0118,88.0062,94.2949,102.7270,128.5780,28.3094,19.2136,13.9579,7.5207
52.942,-0.00490520081578028,0.047306458794033154,0.9396140787422446,6,225.014,-0.132514,0.0967595,13289.6,0.0,10.6927,25.9078,35.9288,46.0459,54.6984,60.4412,64.0459,67.5832,70.3657,73.3929,76.6988,80.3228,86.0237,93.6367,122.6930,115.3340,17.3786,12.5302,6.7411
53.065,-0.059973964713433164,0.012401104334103028,0.9450165941126173,6,207.447,-0.247515,0.0972268,12140.6,0.0,11.7549,24.6416,32.8650,41.5699,49.3957,54.5922,57.8547,61.0573,63.5769,66.3190,69.3135,72.5970,77.7642,84.6670,115.9010,109.4450,17.0683,10.9959,5.8452
53.165,-0.273278645617754,0.004063593868198881,0.9457583429642068,6,193.406,-0.339477,0.108343,11273.9,0.0,12.1815,23.7183,31.1067,39.4421,47.2049,52.4192,55.7175,58.9738,61.5489,64.3643,67.4547,70.8629,76.2669,83.6025,109.6250,103.2230,18.6430,10.4085,5.1031
53.284,-0.08033446733122052,0.0010652467509851275,0.7089299329593647,6,175.018,-0.424801,0.0491659,10458.3,0.0,12.0357,22.1477,28.7056,36.6231,44.0858,49.1453,52.3654,55.5596,58.0964,60.8805,63.9502,67.3511,72.7793,105.3710,103.1230,97.0527,37.4068,11.2064,4.7580
53.402,-0.06720517080379422,0.0002792480442902453,0.8192482341390351,5,161.979,-0.433098,-0.0242208,10229.2,0.0,11.4595,20.1520,25.9730,33.1153,39.8397,44.3940,47.2908,50.1630,52.4428,54.9441,57.7009,60.7535,65.6222,72.4100,97.9706,92.5787,72.5223,14.4230,5.0408
53.504,-0.23561118646984353,9.150399915302758e-05,0.792896817618486,5,152.195,-0.397788,-0.0697664,9116.07,0.0,10.8296,18.5697,23.9436,30.5441,36.7643,40.9807,43.6639,46.3253,48.4386,50.7581,53.3151,56.1479,60.6683,66.8299,93.8296,88.8658,73.8306,19.2605,5.6400
53.605,-0.27180160200761644,2.9984030442464077e-05,0.15388220643669948,5,143.952,-0.336409,-0.106313,9470.87,0.0,10.1059,17.0836,22.0388,28.1312,33.8789,37.7784,40.2614,42.7254,44.6828,46.8320,49.2023,51.8293,56.0244,61.7473,89.9245,85.3356,72.6722,24.0366,6.5131
53.723,-0.14362575333573774,7.860133676309301e-06,0.018104087705071256,4,138.257,-0.237864,-0.142041,10244.4,0.0,9.1528,15.4144,19.9095,25.4495,30.6897,34.2525,36.5243,38.7813,40.5758,42.5482,44.7255,47.1414,51.0049,56.2875,85.3831,81.1748,70.3849,29.2317,7.8560
53.824,-0.11367382438432015,2.5756086030530322e-06,0.6879564205550152,4,133.181,-0.139626,-0.168859,8412.87,0.0,8.3372,14.0432,18.1403,23.1909,27.9691,31.2185,33.2907,35.3495,36.9867,38.7861,40.7727,42.9773,46.5035,51.3255,81.8202,77.9293,68.4293,33.5647,9.0275
53.942,-0.11060421766903329,6.751803416387341e-07,0.34885261444458215,4,123.921,-0.0137241,-0.17574,6709.71,0.0,7.4189,12.5186,16.1883,20.7217,25.0207,27.9497,29.8200,31.6800,33.1604,34.7888,36.5882,38.5871,41.7887,46.1755,77.6703,74.0939,65.7539,38.1188,10.3349
54.063,-0.26149556398382245,1.7699447547854427e-07,0.04104216123679066,3,114.111,0.101802,-0.172796,10346.0,0.0,6.5870,11.1511,14.4484,18.5381,22.4330,25.0960,26.8005,28.4987,29.8526,31.3440,32.9950,34.8324,37.7826,41.8405,73.7843,70.4631,62.9988,41.8008,11.4971
54.163,-0.31868937843049233,5.7997549724809395e-08,0.006897956039067407,3,111.222,0.182816,-0.122495,10071.8,0.0,6.2206,11.1775,15.0461,20.2412,25.6540,29.6502,32.3469,35.1498,37.4725,40.1272,43.1919,70.9075,70.2415,69.4412,67.8208,64.0445,55.7008,34.1860,11.5320
54.265,-0.1125400993717795,1.9004637093825542e-08,0.001159339471486059,3,109.853,0.236832,-0.0491145,9941.57,0.0,6.1798,12.3226,17.9089,26.8641,38.5935,67.1993,66.4379,65.7403,65.2234,64.6904,64.1406,63.5734,62.7487,61.7623,59.7810,55.2186,44.8172,26.6219,11.0507
54.383,-0.05193464701619193,4.981951586323803e-09,0.0001363951294808634,3,108.462,0.2672,-0.00303537,9830.56,0.0,6.1992,13.3871,20.8498,35.2079,62.3936,60.9118,60.0697,59.3012,58.7337,58.1513,57.5536,56.9400,56.0525,54.9963,52.8922,48.1027,37.0973,23.5614,10.7853
54.483,-0.02901931512623327,1.632485895806584e-09,2.2923929411848715e-05,3,107.447,0.270923,0.015454,9750.04,0.0,6.2843,14.0695,22.6925,60.9242,58.2319,56.7254,55.8738,55.1018,54.5348,53.9542,53.3597,52.7505,51.8737,50.8368,48.7824,44.1857,34.1926,22.4188,10.6213
54.604,-0.007607239344451294,4.279463826703212e-10,2.69697737137459e-06,3,106.316,0.262239,0.0245497,9649.66,0.0,6.4196,14.6449,24.0785,56.6166,53.9530,52.4822,51.6585,50.9158,50.3724,49.8178,49.2515,48.6739,47.8469,46.8743,44.9653,40.7930,32.4394,21.7203,10.4569
54.723,-0.0019941921507118402,1.1218357653872867e-10,3.172966907648492e-07,3,105.231,0.248137,0.0274627,9551.87,0.0,6.5624,15.0633,24.9272,52.6156,50.0359,48.6306,47.8503,47.1501,46.6398,46.1206,45.5924,45.0559,44.2911,43.3967,41.6581,37.9427,30.9752,21.3109,10.3115
54.843,-0.0005227655071562046,2.9408251488168494e-11,3.7329638371793745e-08,3,104.184,0.232293,0.0287968,9457.13,0.0,6.7102,15.4464,52.3180,48.7087,46.2320,44.9016,44.1689,43.5145,43.0393,42.5576,42.0693,41.5751,40.8736,40.0580,38.4872,35.1983,29.3279,20.9659,10.1678
54.964,-0.0001370398411079561,7.709196678114442e-12,4.3917946248031625e-09,3,103.175,0.215784,0.0296103,9365.92,0.0,6.8604,15.8197,48.3736,44.8464,42.4849,41.2347,40.5513,39.9440,39.5047,39.0610,38.6127,38.1606,37.5217,36.7828,35.3727,32.4738,27.4979,20.6389,10.0239
55.065,0.09982552788921809,2.52614956748454e-12,0.32952438428305075,3,101.532,0.203525,0.0184285,9015.13,0.0,6.8864,15.5112,45.5287,42.1472,39.9239,38.7585,38.1246,37.5634,37.1588,36.7510,36.3403,35.9265,35.3430,34.6710,33.3973,30.8072,26.4629,20.6703,10.0291
55.182,0.15457860788948238,6.622149522186673e-13,0.43010490169496396,2,92.3734,0.197971,-0.0094412,9918.65,0.0,6.7421,14.4050,42.7952,39.6367,37.5971,36.5393,35.9652,35.4581,35.0937,34.7274,34.3595,33.9898,33.4695,32.8712,31.7414,29.4685,25.7118,20.7910,10.2625
55.282,0.2183436244521873,2.169945955430129e-13,0.07228773082787261,2,86.7499,0.200753,-0.0282868,9850.6,0.0,6.5979,13.9710,40.5761,37.5643,35.6461,34.6597,34.1268,33.6567,33.3191,32.9803,32.6407,32.3001,31.8219,31.2737,30.2416,28.1780,24.8065,20.4447,10.4896
55.385,0.3009716993321521,7.110478906753446e-14,0.01214939892024055,2,85.1671,0.222016,-0.0914796,9690.71,0.0,6.0721,11.6576,39.8145,37.0875,35.3368,34.4403,33.9569,33.5311,33.2255,32.9187,32.6108,32.3017,31.8674,31.3686,30.4291,28.5479,25.4550,21.4003,11.4558
55.503,0.3510423724228905,1.863969382531975e-14,0.001429364633567381,2,83.6544,0.280668,-0.189574,9498.77,0.0,5.2145,8.8803,14.6209,36.9799,35.4579,34.6655,34.2363,33.8586,33.5876,33.3157,33.0429,32.7692,32.3848,31.9437,31.1124,29.4379,26.6480,22.9034,13.0011
55.604,0.38539531100206403,6.1078548726807765e-15,0.00024023331396366975,2,82.3165,0.360478,-0.288075,9351.83,0.0,4.3660,6.8034,8.9935,37.0114,35.7239,35.0389,34.6658,34.3356,34.0975,33.8577,33.6162,33.3729,33.0296,32.6334,31.8819,30.3665,27.8301,24.3469,14.4637
55.705,0.20381800248923448,2.001421884680037e-15,4.037601307787398e-05,2,80.9778,0.469766,-0.389958,9169.53,0.0,3.4505,5.0560,6.2645,7.9759,10.7163,35.1076,34.7986,34.5227,34.3226,34.1199,33.9147,33.7070,33.4120,33.0691,32.4150,31.0739,28.7735,25.5812,15.9162
55.825,0.05342966644453788,5.246607385375637e-16,4.750197562598798e-06,2,79.8955,0.624676,-0.394597,9057.29,0.0,2.4540,3.6090,4.4370,5.5022,6.6813,7.7646,8.9471,33.0110,32.8379,32.6628,32.4858,32.3069,32.0532,31.7589,31.1944,30.0208,28.0030,25.1709,16.5172
55.942,0.014006266480436938,1.3753666464319108e-16,5.58855993042186e-07,2,79.1451,0.766877,-0.322305,9039.7,0.0,1.5749,2.4267,3.0446,3.8531,4.7467,5.5430,6.2934,30.6895,30.5323,30.3736,30.2135,30.0521,29.8239,29.5600,29.0566,28.0190,26.2406,23.7695,16.3564
56.045,0.004589573400309576,4.506801427028086e-17,9.392692675060022e-08,2,78.7098,0.86411,-0.24567,8979.58,0.0,0.9568,1.5646,2.0234,2.6489,3.3806,4.0846,4.8402,28.5989,28.4537,28.3069,28.1590,28.0102,27.8005,27.5587,27.0999,26.1629,24.5704,22.3871,15.9700
56.164,0.307761787821189,1.1814309532868507e-17,1.1050409005281367e-08,2,78.1313,0.947958,-0.159579,8930.4,0.0,0.3868,0.6805,0.9145,1.2484,1.6478,2.0161,2.3443,2.8989,26.2257,26.0959,25.9648,25.8326,25.6457,25.4310,25.0257,24.2060,22.8247,20.9472,15.5045
56.283,0.4790588898027571,3.0970503581842824e-18,1.3000695690623482e-09,2,77.2497,1.00675,-0.130523,8763.9,0.0,-1.0000,-1.0000,-1.0000,-1.0000,-1.0000,-1.0000,-1.0000,-1.0000,-1.0000,-1.0000,-1.0000,-1.0000,-1.0000,-1.0000,-1.0000,-1.0000,-1.0000,-1.0000,-1.0000
56.402,0.47637368551689296,8.118731690958604e-19,1.5295188473061622e-10,2,76.0575,1.04652,-0.139665,8642.47,0.0,-1.0000,-1.0000,-1.0000,-1.0000,-1.0000,-1.0000,-1.0000,-1.0000,-1.0000,-1.0000,-1.0000,-1.0000,-1.0000,-1.0000,-1.0000,-1.0000,-1.0000,-1.0000,-1.0000
56.502,0.42095980545623013,2.6603460004933155e-19,2.5706623266674667e-11,2,74.4933,1.06736,-0.136847,8470.49,0.0,-1.0000,-1.0000,-1.0000,-1.0000,-1.0000,-1.0000,-1.0000,-1.0000,-1.0000,-1.0000,-1.0000,-1.0000,-1.0000,-1.0000,-1.0000,-1.0000,-1.0000,-1.0000,-1.0000
56.624,0.388629154023625,6.973937419533196e-20,3.0243585207010077e-12,2,72.5061,1.09085,-0.153361,8196.08,0.0,-1.0000,-1.0000,-1.0000,-1.0000,-1.0000,-1.0000,-1.0000,-1.0000,-1.0000,-1.0000,-1.0000,-1.0000,-1.0000,-1.0000,-1.0000,-1.0000,-1.0000,-1.0000,-1.0000
56.726,0.29047395510316065,2.2852198136326374e-20,5.083039365742184e-13,2,70.08,1.09832,-0.181591,7988.69,0.0,-1.0000,-1.0000,-1.0000,-1.0000,-1.0000,-1.0000,-1.0000,-1.0000,-1.0000,-1.0000,-1.0000,-1.0000,-1.0000,-1.0000,-1.0000,-1.0000,-1.0000,-1.0000,-1.0000
56.842,0.2517756337379684,5.99056662824914e-21,5.980144983402022e-14,2,68.5473,1.10339,-0.0809591,7783.43,0.0,-1.0000,-1.0000,-1.0000,-1.0000,-1.0000,-1.0000,-1.0000,-1.0000,-1.0000,-1.0000,-1.0000,-1.0000,-1.0000,-1.0000,-1.0000,-1.0000,-1.0000,-1.0000,-1.0000
56.943,0.19169216863611918,1.9629888727446783e-21,1.0050829673603778e-14,2,67.7802,1.08098,0.0829112,7745.51,0.0,-1.0000,-1.0000,-1.0000,-1.0000,-1.0000,-1.0000,-1.0000,-1.0000,-1.0000,-1.0000,-1.0000,-1.0000,-1.0000,-1.0000,-1.0000,-1.0000,-1.0000,-1.0000,-1.0000
57.047,0.06464250166898353,6.432321938209762e-22,1.6892429432425868e-15,2,67.4655,1.00798,0.342424,7719.74,0.0,-1.0000,-1.0000,-1.0000,-1.0000,-1.0000,-1.0000,-1.0000,-1.0000,-1.0000,-1.0000,-1.0000,-1.0000,-1.0000,-1.0000,-1.0000,-1.0000,-1.0000,-1.0000,-1.0000
57.149,0.04008732959767768,2.107743252712575e-22,2.839110614707816e-16,2,67.2947,0.868667,0.481559,7448.42,0.0,2.6338,26.7065,32.7738,37.0039,39.5313,40.7944,41.4689,42.0592,42.4807,42.9024,43.3246,43.7473,44.3395,45.0170,46.2890,48.8458,17.6659,15.4335,11.7502
57.270,0.13963527592324268,5.525322472390853e-23,3.3401852470975986e-17,2,66.7021,0.698154,0.468734,7653.97,0.0,5.8159,25.3167,30.6798,34.5511,36.9016,38.0844,38.7185,39.2749,39.6731,40.0719,40.4711,40.8714,41.4334,42.0778,43.2910,45.7418,16.7458,14.1987,10.7220
57.391,0.03631195126032253,1.448430134202428e-23,3.929694541357854e-18,2,66.5302,0.536455,0.44399,7357.24,0.0,8.3069,23.4006,28.1158,31.6265,33.7905,34.8890,35.4789,35.9980,36.3705,36.7442,37.1192,37.4953,38.0236,38.6304,39.7778,42.1066,18.2682,13.2060,9.7834
57.506,0.00951896015118599,3.796972691003612e-24,4.623246330962102e-19,2,66.1157,0.379765,0.436864,7572.5,0.0,10.2844,22.1653,26.3182,29.4984,31.4889,32.5076,33.0564,33.5404,33.8884,34.2382,34.5897,34.9428,35.4399,36.0115,37.0957,39.3100,43.1383,12.2875,8.8082
57.607,0.0031191728623406255,1.2441920113880636e-24,7.770290108448006e-20,2,65.9694,0.250897,0.435575,7533.41,0.0,11.0673,21.2322,24.9801,27.9089,29.7642,30.7194,31.2356,31.6918,32.0203,32.3508,32.6834,33.0180,33.4897,34.0332,35.0663,37.1873,40.8837,11.7943,7.9893
57.728,-0.2365090104880173,3.2615747063331257e-25,9.141668609687995e-21,2,65.7981,0.0958048,0.44352,7539.52,0.0,11.6120,20.3003,23.6476,26.3156,28.0287,28.9158,29.3974,29.8240,30.1317,30.4417,30.7540,31.0686,31.5127,32.0256,33.0040,35.0242,38.5794,11.5987,6.9787
57.829,-0.18220021266333852,1.0687527997712386e-25,1.5364402432302616e-21,2,65.6114,-0.0445997,0.503007,7501.54,0.0,12.5046,20.8109,24.0559,26.6672,28.3533,29.2311,29.7084,30.1311,30.4361,30.7439,31.0543,31.3673,31.8099,32.3219,33.2990,35.3246,38.9105,9.6971,5.9709
57.945,-0.047762692548418216,2.8016713394323157e-26,1.8076065817579706e-22,2,65.6055,-0.224491,0.501068,7518.78,0.0,12.7888,20.2730,23.2740,25.7216,27.3185,28.1528,28.6081,29.0125,29.3048,29.5998,29.8977,30.1982,30.6236,31.1163,32.0605,34.0263,37.5593,9.0727,4.9690
58.047,-0.01565087909426568,9.180516645051812e-27,3.038044381960622e-23,2,65.7945,-0.354026,0.379724,7346.52,0.0,12.6703,19.3900,22.1472,24.4230,25.9199,26.7060,27.1362,27.5188,27.7956,28.0754,28.3580,28.6435,29.0480,29.5176,30.4195,32.3054,35.7203,10.3265,4.3933
58.162,-0.48000387912141296,0.0047058105468750005,3.574228834932852e-24,2,65.6651,-0.467117,0.261872,7523.9,0.0,12.6263,18.7878,21.3749,23.5358,24.9674,25.7238,26.1384,26.5075,26.7747,27.0450,27.3185,27.5953,27.9883,28.4452,29.3241,31.1704,34.6143,41.4264,3.8811
58.262,-0.31742607704112963,0.081655224609375,6.007206402871645e-25,2,65.6626,-0.543382,0.217995,7582.81,0.0,12.9829,19.2237,21.8745,24.0998,25.5798,26.3634,26.7934,27.1766,27.4542,27.7352,28.0194,28.3071,28.7159,29.1915,30.1077,32.0734,36.1994,9.1536,3.3882
58.365,-0.10401417692483736,0.183506203921875,1.0096311801306374e-25,2,66.4296,-0.603516,0.15787,7694.63,0.0,13.0076,19.0405,21.6407,23.8392,25.3101,26.0901,26.5187,26.9013,27.1788,27.4599,27.7447,28.0330,28.4427,28.9196,29.8573,31.9967,36.5852,46.5045,3.0726
58.484,-0.2770822388731127,0.30319521907089597,1.187820987111894e-26,2,68.124,-0.645155,0.0603759,7969.06,0.0,12.6509,18.1308,20.5442,22.6062,23.9957,24.7363,25.1445,25.5092,25.7741,26.0426,26.3148,26.5906,26.9842,27.4525,28.3912,30.5418,35.1961,45.4650,2.9969
58.587,-0.34842122250727514,0.3742034742289012,1.9963707330389607e-27,2,69.8078,-0.662194,0.0193364,8253.49,0.0,12.5624,17.9476,20.3535,22.4234,23.8255,24.5747,24.9882,25.3637,25.6413,25.9270,26.2212,26.5242,26.9638,27.4896,28.5482,30.9985,36.4271,49.0697,2.9596
58.706,-0.09133653295294712,0.43069405453263604,2.3487102037130073e-28,2,72.6657,-0.663844,-0.0405982,8621.5,0.0,12.2415,17.3324,19.6508,21.6640,23.0434,23.8158,24.2563,24.6593,24.9578,25.2655,25.5829,25.9104,26.3867,26.9579,28.1137,30.8187,36.9672,52.1945,3.1495
58.822,-0.29257996411177967,0.4582552419189033,2.763234067566317e-29,2,75.8459,-0.633334,-0.116684,9002.32,0.0,11.6028,16.1508,18.2668,20.1241,21.4503,22.2051,22.6363,23.0313,23.3242,23.6264,23.9384,24.2606,24.7298,25.2935,26.4372,29.1304,35.3413,51.2866,3.8445
58.926,-0.4855536517995893,0.4705552475938612,4.6441674973587094e-30,2,78.3124,-0.592178,-0.13372,9408.36,0.0,11.2628,15.7504,17.8725,19.8421,21.3318,22.1877,22.6795,23.1318,23.4682,23.8165,24.1770,24.5506,25.0967,25.7561,27.1057,30.3473,38.1844,59.9365,4.4141
59.042,-0.12728497649735154,0.48268501295024513,5.463816618967549e-31,2,81.6537,-0.532619,-0.148959,9832.98,0.0,10.8152,15.2384,17.4880,19.7535,21.5050,22.5272,23.1199,23.6685,24.0788,24.5056,24.9496,25.4120,26.0924,26.9211,28.6415,32.9145,44.1531,71.3061,5.2219
59.164,-0.21216078565431234,0.525173410112954,6.428125614049132e-32,2,85.2441,-0.45178,-0.201479,10226.2,0.0,10.0246,14.0152,16.2311,18.4909,20.2586,21.2989,21.9050,22.4681,22.8905,23.3309,23.7904,24.2702,24.9787,25.8458,27.6604,32.2542,44.9638,73.0388,6.8895
59.283,-0.34655554537572497,0.6028466802956503,7.562625503672663e-33,2,88.8943,-0.354085,-0.20711,10972.6,0.0,9.3665,13.5189,16.0434,18.7136,20.8763,22.1812,22.9529,23.6775,24.2260,24.8025,25.4090,26.0479,27.0020,28.1870,30.7319,37.5954,56.4071,84.4377,8.2496
59.403,-0.09084745688697407,0.6372567253156729,8.897353278815854e-34,2,93.1636,-0.246117,-0.208601,11544.3,0.0,8.6720,13.2578,16.2195,19.5156,22.3211,24.0770,25.1388,26.1522,26.9301,27.7579,28.6404,29.5832,31.0166,32.8412,36.9339,48.2169,68.2425,161.9550,9.0846
59.504,-0.27101607783974513,0.6448197954701897,1.4953781655705806e-34,2,96.8293,-0.14532,-0.22381,11837.3,0.0,8.0870,12.8988,16.1438,19.9073,23.2465,25.4039,26.7348,28.0239,29.0263,30.1054,31.2704,32.5317,34.4833,37.0289,42.6928,54.4787,74.2301,142.5100,9.7289
59.623,-0.17222140352134716,0.6511910314793624,1.7592974580121327e-35,2,101.07,-0.0363022,-0.155198,12245.4,0.0,7.6962,13.2913,17.4359,22.7070,27.8679,31.4788,33.8260,36.1923,37.9960,39.8199,41.6615,43.5188,46.1413,49.1649,54.8907,66.4619,92.7145,32.9467,9.8118
59.723,-0.05643350950587502,0.6557871971170325,2.9568512376809914e-36,2,104.384,0.0352831,-0.11996,13276.7,0.0,7.3582,13.2643,17.8941,24.1407,30.6851,35.4056,38.1180,40.5443,42.3037,44.0824,45.8787,47.6902,50.2490,53.2009,58.7965,70.1278,146.8630,29.5688,10.0610
59.843,-0.0147937059159081,0.7110501981416724,3.4787059126193102e-37,2,109.136,0.10726,-0.0881894,13584.0,0.0,6.9869,13.1421,18.2655,25.6517,33.6033,38.2854,40.8923,43.2264,44.9206,46.6350,48.3679,50.1175,52.5920,55.4512,60.8837,72.2864,132.4990,27.5636,10.3469
59.962,-0.1263807875394499,0.8177375189229005,4.0926627191374927e-38,2,114.381,0.165451,-0.0759505,14810.2,0.0,6.5996,12.6328,17.7859,25.4397,32.9804,37.2826,39.6986,41.8739,43.4594,45.0696,46.7025,48.3564,50.7042,53.4283,58.6349,70.0080,125.8860,27.6875,10.7346
60.064,-0.1842363715611457,0.863308275122531,6.878538232054385e-39,3,116.221,0.19898,-0.0230005,11316.0,0.0,6.6458,13.8414,20.8642,31.1076,39.1804,43.6505,46.1320,48.3523,49.9638,51.5946,53.2437,54.9094,57.2673,59.9946,65.5986,137.9490,101.7260,23.6870,10.4160
60.183,-0.04829645938652497,0.8808274407237208,8.092531444629664e-40,3,120.667,0.209118,0.0443675,12218.6,0.0,7.0296,16.7494,27.0712,38.7655,47.3322,51.9501,54.4868,56.7436,58.3863,60.1857,62.2217,64.5835,68.7876,77.8389,130.3050,108.3800,31.7569,19.7580,9.8332
60.283,-0.015825783811776503,0.8802621080419738,1.3601117598989077e-40,3,124.634,0.195674,0.0791432,12680.0,0.0,7.4361,19.0964,30.0217,41.7873,50.2626,54.8168,57.5984,60.5548,63.1387,66.4106,71.3100,132.9510,129.3570,124.8710,114.6600,94.2944,27.2803,17.9991,9.4296
60.383,-0.005185792839442925,0.8769130492819439,2.2859398348620941e-41,3,128.749,0.163071,0.104062,12963.9,0.0,7.9729,20.7911,31.6591,43.0981,51.3150,56.6229,60.6203,65.8676,130.0830,127.6530,125.0990,122.3960,118.2950,112.9620,101.9980,85.3411,24.9200,16.6955,8.9843
60.504,-0.001359424478102926,0.8703688787659659,2.6893853563169064e-42,3,133.856,0.099919,0.118281,13109.1,0.0,8.7284,21.5877,31.6553,42.1879,50.2111,56.6240,62.6491,124.3220,121.9160,119.3870,116.7110,113.8550,109.4520,103.7120,94.0679,79.1583,24.1137,15.7261,8.4005
60.623,-0.020363264196462033,0.8670487199802254,3.1640349778532773e-43,3,138.744,0.0181988,0.124449,13547.2,0.0,9.4267,21.5856,30.6014,40.0408,47.9442,55.1565,121.2610,118.0800,115.6840,113.1660,110.5000,107.6500,103.2410,97.7680,88.8853,75.1425,24.9442,15.1802,7.7710
60.743,-0.21450795942470174,0.8672396899629962,3.7224555110946026e-44,3,143.22,-0.0792656,0.140774,14325.4,0.0,10.3101,22.9794,32.0104,41.8515,60.1139,110.5470,106.5850,102.8020,99.8530,96.6216,93.4013,90.3954,86.5088,82.4715,75.8725,62.9072,21.6790,13.6260,7.0130
60.862,-0.05623197451542901,0.8684043887075347,4.37943168424769e-45,3,147.667,-0.180866,0.17913,14677.1,0.0,11.7580,27.0323,38.4257,104.6080,87.9793,80.0704,76.4273,73.5124,71.5691,69.7311,67.9883,66.2157,63.5315,60.1494,52.7001,26.8001,15.4523,10.9025,6.0468
60.963,-0.018426093409215777,0.86872527157606,7.360510831715096e-46,3,151.417,-0.272027,0.185593,14990.7,0.0,12.7148,28.9296,52.0687,86.3653,71.6788,66.1227,63.5044,61.1515,59.3531,57.4583,55.4566,53.3455,50.1923,46.2737,37.7987,19.8810,13.0904,9.4601,5.3419
61.083,-0.004830289830665461,0.8689516390764097,8.659567388404496e-47,4,153.753,-0.388162,0.156138,11807.7,0.0,13.3360,29.4085,99.7930,74.8856,62.7974,58.1401,55.6491,53.3174,51.5644,49.7413,47.8437,45.8768,43.0025,39.5543,32.6677,18.8994,11.8367,8.3673,4.5819
61.203,-0.0012662314973699664,0.8690109799584214,1.0187894436784006e-47,4,157.466,-0.495491,0.111019,12055.9,0.0,13.6215,29.9977,92.0202,67.4111,56.5509,52.3176,49.9975,47.8596,46.2708,44.6379,42.9594,41.2430,38.7799,35.9026,30.4345,20.2685,11.2773,7.5671,3.9103
61.323,0.1318790244179347,0.8690265358145954,1.198595592593202e-48,4,161.019,-0.567178,0.0412585,12342.0,0.0,13.2989,29.1225,89.1766,65.3287,53.9496,49.6732,47.6492,45.8448,44.5081,43.1402,41.7413,40.3135,38.2793,35.9149,31.4523,23.0778,13.3825,7.7905,3.5663
61.423,0.04321411872126884,0.8700675664276016,2.0144796124713954e-49,4,163.899,-0.576291,-0.0346635,12525.2,0.0,12.5547,26.8503,90.0779,68.7238,55.0364,50.0941,47.8173,45.9955,44.7808,43.6281,42.4742,41.2959,39.6041,37.6310,33.8558,26.4691,16.7865,9.7713,3.7778
61.543,0.011328321938068297,0.8704419433054722,2.3700151192764723e-50,4,167.376,-0.52282,-0.0967968,12772.9,0.0,11.9935,28.2017,84.5395,63.9036,50.5163,45.7538,43.5748,41.8380,40.6834,39.5939,38.5640,37.5646,36.1489,34.5056,31.4076,25.4473,17.5023,11.0980,4.4987
61.643,0.012887762876416218,0.8705313671542122,3.9832844109679677e-51,4,170.191,-0.453687,-0.0781778,13119.9,0.0,11.7872,99.6982,77.8282,56.7955,44.7744,40.5259,38.5839,37.0368,36.0089,35.0390,34.1225,33.2470,32.0249,30.6257,28.0265,23.1526,16.7270,11.2796,4.9665
61.763,0.18095873453542774,0.8718130879925238,4.6862942766597046e-52,4,173.595,-0.393489,-0.0681852,13289.9,0.0,11.4468,96.4934,75.5790,56.7927,43.4442,38.7147,36.5997,34.9354,33.8393,32.8124,31.8482,30.9415,29.7591,28.5188,26.3835,22.3551,16.8330,11.8103,5.4325
61.882,0.1539324006544839,0.8718406834199621,5.513378353547376e-53,4,176.411,-0.336545,-0.0920928,13585.3,0.0,10.7659,35.3462,80.1635,64.4942,53.4737,46.8772,43.1911,40.4129,38.6412,37.0209,35.5336,34.1637,32.4181,30.6350,27.7843,23.4667,18.3479,13.2070,6.0681
61.982,0.08317302037694879,0.8715920500649281,9.266334998807075e-54,4,178.937,-0.28783,-0.0827459,13732.7,0.0,10.5246,33.1358,79.5880,64.9933,55.2626,49.9190,46.8552,43.9915,41.7973,39.6058,37.6337,35.8513,33.6259,31.4039,27.9552,22.9611,17.7798,13.2742,6.4083
62.103,0.1675412254187211,0.8708415775440955,1.0901750462746536e-54,4,182.003,-0.243523,-0.051184,13919.9,0.0,10.6467,31.5245,77.3567,63.7118,54.9564,50.3547,47.8184,45.5410,43.8742,42.1682,40.4155,38.6055,35.9469,32.9788,28.5630,22.5680,16.7986,12.4925,6.5342
62.204,0.13925772047739401,0.8706623193015243,1.8322572002738108e-55,4,184.295,-0.228562,-0.0274809,14122.8,0.0,10.8442,27.4851,78.1041,65.3193,57.3253,53.2290,51.0141,49.0574,47.6485,46.2293,44.7992,43.3574,41.3173,38.9503,34.3847,25.6083,17.7259,12.5040,6.4647
62.324,0.04437019787838848,0.8705978542028537,2.155632273550136e-56,4,187.276,-0.25684,0.0253865,14267.2,0.0,10.9460,25.0149,75.6912,63.6331,56.2593,52.5483,50.5652,48.8288,47.5884,46.3481,45.1083,43.8692,42.1366,40.1607,36.4742,29.2307,19.1640,12.7594,6.1517
62.424,0.20197935124822783,0.7849351982245661,0.4288640441894531,4,187.953,-0.27653,-0.00633651,14079.9,0.0,10.7637,23.3604,72.7514,61.2336,54.3108,50.8705,49.0462,47.4578,46.3282,45.2035,44.0840,42.9705,41.4225,39.6706,36.4453,30.2950,21.3591,13.5833,6.1781
62.544,0.1664074443147047,0.2057660526033806,0.8710328106089172,4,177.13,-0.256301,-0.0532344,12663.4,0.0,10.1351,21.0551,70.4245,59.4898,53.0229,49.8448,48.1701,46.7182,45.6895,44.6683,43.6551,42.6505,41.2594,39.6930,36.8313,31.4533,23.7625,16.0466,6.6751
62.662,0.09200439877157895,0.0539403360936606,0.2841866958217299,4,163.811,-0.213457,-0.0556462,11987.9,0.0,9.7684,24.0776,62.9252,52.5729,46.6122,43.7357,42.2355,40.9438,40.0340,39.1353,38.2481,37.3730,36.1686,34.8235,32.3959,27.9417,21.7927,15.7256,7.0787
62.763,0.15324256258985847,0.017675169331170703,0.15211460684371125,4,158.684,-0.169855,-0.0824512,11635.7,0.0,9.3277,27.0564,59.8638,49.8778,44.2072,41.4948,40.0868,38.8784,38.0294,37.1926,36.3683,35.5567,34.4427,33.2022,30.9736,26.9147,21.3548,15.8450,7.5935
62.882,0.1118025114911596,0.004633439589150414,0.7722149741539932,4,149.114,-0.100267,-0.10193,10286.3,0.0,8.8165,26.0405,59.1110,49.3509,43.8410,41.2141,39.8528,38.6857,37.8662,37.0590,36.2643,35.4823,34.4095,33.2156,31.0725,27.1709,21.8129,16.4457,8.1441
63.003,0.15414318476236666,0.0012146283876582461,0.1605629969234424,3,138.078,-0.056179,-0.0638183,12411.9,0.0,8.7786,69.4193,55.3664,45.9567,40.7278,38.2599,36.9875,35.9004,35.1393,34.3912,33.6565,32.9353,31.9484,30.8537,28.8979,25.3674,20.5686,15.7795,8.2059
63.124,0.11267045969078389,0.0003184075440542833,0.018890076025046082,3,135.109,-0.0222562,-0.0658487,12204.9,0.0,8.4661,70.0741,56.0682,46.6790,41.4545,38.9862,37.7126,36.6241,35.8617,35.1119,34.3754,33.6520,32.6616,31.5624,29.5963,26.0388,21.1812,16.3008,8.5062
63.224,0.10166512580638894,0.00010433578403570753,0.003174855077529495,3,133.598,0.00210317,-0.0592502,12086.7,0.0,8.3125,69.6173,55.6845,46.3755,41.2078,38.7696,37.5126,36.4387,35.6867,34.9474,34.2213,33.5083,32.5324,31.4497,29.5139,26.0123,21.2296,16.4127,8.6547
63.342,0.17632043559119295,2.7350999770256512e-05,0.00037351852501626764,3,131.874,0.0294266,-0.0619376,11928.5,0.0,8.0527,70.2868,56.3756,47.0710,41.8961,39.4513,38.1901,37.1121,36.3569,35.6142,34.8844,34.1676,33.1862,32.0965,30.1463,26.6119,21.7664,16.8609,8.9042
63.462,0.14753214890994612,7.169900483774123e-06,4.394408094963888e-05,3,130.125,0.0596848,-0.0775459,11760.7,0.0,7.6694,21.7659,58.5196,49.1224,43.8614,41.3641,40.0724,38.9662,38.1902,37.4263,36.6747,35.9357,34.9222,33.7951,31.7724,28.0873,22.9930,17.7882,9.2942
63.563,0.1576806099677424,2.3494329905231046e-06,7.385681685205809e-06,3,128.68,0.089419,-0.0885375,11631.2,0.0,7.3389,18.8355,60.1226,50.6791,45.3687,42.8404,41.5303,40.4072,39.6185,38.8413,38.0760,37.3227,36.2887,35.1370,33.0657,29.2774,24.0049,18.5746,9.6473
63.683,0.18401009704473387,6.158897618676888e-07,8.689180645827784e-07,3,126.939,0.132595,-0.104276,11471.4,0.0,6.8778,16.0730,62.3776,52.8827,47.5118,44.9442,43.6108,42.4658,41.6608,40.8667,40.0837,39.3122,38.2517,37.0684,34.9339,31.0069,25.4879,19.7360,10.1693
63.804,0.09121730121536971,1.6145180573504346e-07,1.022273413800993e-07,3,125.295,0.185032,-0.118299,11322.4,0.0,6.3699,13.9214,64.4999,54.9896,49.5835,46.9902,45.6408,44.4805,43.6637,42.8573,42.0615,41.2764,40.1959,38.9882,36.8046,32.7660,27.0348,20.9841,10.7668
63.905,0.029890085262252352,5.290452770325904e-08,1.718134926575329e-08,3,124.159,0.232605,-0.106618,11240.2,0.0,6.0519,13.4208,63.6906,54.3167,49.0086,46.4679,45.1474,44.0125,43.2141,42.4263,41.6491,40.8827,39.8286,38.6509,36.5232,32.5929,27.0200,21.1233,11.0434
64.024,0.03858365300263046,1.3868604510243136e-08,2.0213685597666096e-09,3,122.983,0.282731,-0.0678232,11149.9,0.0,5.8564,14.4031,60.0048,50.9657,45.9145,43.5160,42.2745,41.2106,40.4638,39.7280,39.0035,38.2903,37.3114,36.2207,34.2574,30.6548,25.5924,20.2662,11.0473
64.124,0.05285019918749062,4.54446432591647e-09,3.397314138399741e-10,3,122.036,0.309953,-0.038164,11065.1,0.0,5.7988,15.9845,57.1904,48.4198,43.5702,41.2817,40.1011,39.0914,38.3837,37.6876,37.0030,36.3299,35.4075,34.3816,32.5403,29.1774,24.4813,19.5592,10.9717
64.243,0.15095929662073404,1.191304056253047e-09,3.9969061106859114e-11,3,120.842,0.326817,-0.0259913,10952.6,0.0,5.7253,16.6528,56.1757,47.5160,42.7486,40.5047,39.3484,38.3603,37.6682,36.9877,36.3188,35.6617,34.7614,33.7610,31.9668,28.6957,24.1361,19.3601,10.9901
64.345,0.18966701951221648,3.903665131529985e-10,6.717600100229812e-12,3,119.743,0.33816,-0.04015,10842.4,0.0,5.5430,14.7265,57.8325,49.0439,44.1795,41.8825,40.6967,39.6823,38.9712,38.2715,37.5833,36.9066,35.9788,34.9466,33.0926,29.7029,24.9582,19.9691,11.2185
64.466,0.21124173221548154,0.002296435649207239,7.903189341919373e-13,3,118.29,0.358856,-0.0706518,10700.7,0.0,5.2052,12.1563,61.3382,52.3102,47.2579,44.8558,43.6114,42.5443,41.7948,41.0562,40.3285,39.6119,38.6276,37.5300,35.5517,31.9116,26.7673,21.3069,11.7016
64.585,0.22715474455567736,0.0017404265143257825,9.298023228874723e-14,3,116.744,0.393204,-0.105417,10551.5,0.0,4.7659,10.0162,65.5866,56.2388,51.0070,48.5011,47.1977,46.0771,45.2884,44.5096,43.7410,42.9828,41.9389,40.7718,38.6594,34.7413,29.1337,23.0969,12.3819
64.704,0.23985303760600307,0.006443539243171418,1.0939031348538822e-14,3,115.105,0.444056,-0.145772,10400.8,0.0,4.2145,8.0692,12.4248,61.0473,55.5957,52.9916,51.6312,50.4582,49.6306,48.8119,48.0022,47.2017,46.0970,44.8579,42.6045,38.3849,32.2477,25.5086,13.3317
64.806,0.12312446357145383,0.06041528222045241,1.8385229987489202e-15,3,113.945,0.50017,-0.174014,10352.6,0.0,3.7022,6.7047,9.5240,16.4601,59.2164,56.4031,55.0100,53.8092,52.9607,52.1200,51.2876,50.4635,49.3243,48.0438,45.7070,41.3018,34.8162,27.5749,14.2229
64.925,0.0322763393784752,0.23871131702364828,2.163003922798117e-16,3,113.715,0.581824,-0.178356,10505.8,0.0,3.0819,5.4768,7.5706,11.3359,61.5663,58.2104,56.5811,55.2371,54.3205,53.4378,52.5872,51.7645,50.6305,49.3550,47.0252,42.6236,36.1124,28.7801,14.9994
65.028,0.010576310887538753,0.42210800639355905,3.6353606930467946e-17,3,114.987,0.659272,-0.142649,10708.7,0.0,2.5754,4.7583,6.7691,10.8007,58.9702,55.6665,54.0661,52.7476,51.8492,50.9846,50.1522,49.3503,48.2711,47.0649,44.8678,40.7387,34.6794,27.9065,15.1097
65.137,0.0034656455516286983,0.5481766386444165,6.109950716803748e-18,3,117.251,0.727013,-0.0947355,11002.6,0.0,2.1422,4.2159,6.3458,13.0155,55.0077,51.9155,50.4180,49.1844,48.3440,47.5353,46.7567,46.0067,45.0008,43.8842,41.8581,38.0764,32.5843,26.5049,14.9824
65.248,0.0011356227343576918,0.6103911479041274,1.0268994169732057e-18,3,120.033,0.769755,-0.0444997,11286.7,0.0,1.8880,4.0346,6.6924,57.8953,50.8738,48.0108,46.6244,45.4825,44.7044,43.9558,43.2352,42.5409,41.6109,40.5864,38.7346,35.3018,30.3658,24.9513,14.6713
65.359,0.06469593939646151,0.6470107623608494,1.7259098501068673e-19,3,123.04,0.782988,0.00417965,11590.9,0.0,1.8669,4.4401,9.2771,53.4989,46.9526,44.2876,42.9980,41.9362,41.2130,40.5173,39.8477,39.2029,38.3391,37.3998,35.7126,32.6048,28.1763,23.3572,14.2072
65.469,0.2152882814826247,0.6935230686416531,2.900736685074612e-20,3,126.075,0.775429,0.0119016,12005.0,0.0,1.9484,4.7462,11.4276,55.4934,47.7671,44.7002,43.2318,42.0304,41.2160,40.4356,39.6871,38.9689,38.0106,36.9782,35.2039,32.1222,27.7655,23.0346,14.0679
65.579,0.09410599772637646,0.7152333930387469,4.875268146604901e-21,3,129.189,0.761044,0.00470179,12396.1,0.0,2.0587,4.9493,11.4344,62.4051,51.8118,47.8023,45.9198,44.3970,43.3736,42.3994,41.4712,40.5857,39.4126,38.1591,36.0296,32.4733,27.9579,23.1413,14.0397
65.691,0.05599300511666262,0.7236198833090616,8.193863173998859e-22,3,132.588,0.739079,0.0275442,12604.3,0.0,2.3064,6.0027,108.1090,64.8452,52.4361,47.9005,45.8003,44.1149,42.9889,41.9220,40.9099,39.9484,38.6806,37.3334,35.0624,31.3178,26.7271,22.1842,13.6349
65.806,0.15546678635671513,0.7275063981283383,1.377142583653988e-22,3,135.909,0.704689,0.0487043,12881.2,0.0,2.6786,7.7441,134.2720,69.8573,54.3883,49.0104,46.5676,44.6283,43.3429,42.1327,40.9912,39.9130,38.5000,37.0095,34.5219,30.4875,25.6514,21.1975,13.1710
65.916,0.13325445396065433,0.7297677750543189,2.314563540347258e-23,3,139.039,0.660421,0.0491783,13231.7,0.0,3.0890,9.3435,200.0000,91.9408,64.8392,56.5584,52.9655,50.1838,48.3736,46.6929,45.1285,43.6686,41.7817,39.8225,36.6221,31.6083,25.8681,20.8419,12.8408
66.027,0.08954134344667175,0.7301232830454242,3.8900869422616365e-24,3,142.235,0.607638,0.0632126,13525.8,0.0,3.6403,12.7127,175.3490,129.8360,78.5642,65.6624,60.3897,56.4336,53.9156,51.6165,49.5091,47.5703,45.1036,42.5875,38.5735,32.5134,25.8960,20.3614,12.3243
66.133,0.1376021762568179,0.7313315239508246,6.538069123859133e-25,3,145.4,0.543777,0.0806605,13786.5,0.0,4.3432,14.6736,50.9528,198.7690,105.0790,81.5803,72.9047,66.7083,62.8955,59.4994,56.4551,53.7112,50.2953,46.8954,41.6400,34.0753,26.2835,20.1104,11.7138
66.240,0.0651744369962716,0.7346201961900811,1.0988532776470044e-25,3,148.547,0.468349,0.0952236,14049.0,0.0,5.1110,14.7799,33.7060,175.5380,197.3050,123.5880,103.4260,90.5192,83.1179,76.8409,71.4505,66.7715,61.1711,55.8299,47.9975,37.5443,27.6754,20.4279,11.2615
66.354,0.021356359514938274,0.7374386017469408,1.8468427037413203e-26,3,151.843,0.38439,0.0939509,14231.3,0.0,5.7926,15.6889,32.0540,130.8940,186.5820,194.5820,129.3100,108.6890,97.5825,88.5417,81.0397,74.7149,67.3631,60.5638,50.9488,38.7341,27.8030,20.1203,10.7829
66.458,0.05769030300111122,0.7419852345360625,3.1039885321780376e-27,3,154.99,0.311206,0.0836207,14704.0,0.0,6.4017,16.8370,32.9337,107.2250,178.8950,187.3570,145.8950,118.9860,105.1430,94.1921,85.3130,77.9691,69.5912,61.9904,51.4761,38.5000,27.2333,19.5022,10.3015
66.573,0.07967996228932912,0.747873690402777,5.2168735260316285e-28,3,158.182,0.25229,0.0518443,15032.7,0.0,6.7008,16.2467,28.5852,63.8427,160.2090,172.6660,177.5220,181.2420,183.6690,144.9940,124.1250,108.5140,92.2783,78.8159,61.9140,43.3967,29.0868,20.0833,10.1154
66.679,0.026109530042967365,0.760838157121182,8.767999335201361e-29,4,158.877,0.214488,0.0247351,12119.6,0.0,6.8365,15.6019,25.6625,48.4467,104.5890,156.0430,163.0560,167.8990,170.9250,173.6890,176.2400,178.6140,134.0030,106.6660,77.1859,49.7807,31.4037,20.8882,10.0596
66.793,0.014406839300573298,0.8421682832629688,1.4736376482672927e-29,4,161.57,0.19323,0.0154945,12366.0,0.0,6.9543,15.5707,25.1158,45.4618,89.1589,145.9520,154.4190,159.7660,163.0220,165.9600,168.6530,171.1450,174.3600,121.1540,84.0260,52.1696,32.0988,21.0459,9.9716
66.901,0.059279215994011855,0.9502222850908595,2.4767427954428382e-30,4,164.785,0.183359,-0.00385267,12710.3,0.0,6.9029,14.8837,23.1476,38.9828,66.5747,103.2240,137.4510,146.2500,150.5720,154.2210,157.4370,160.3420,164.0170,167.7840,107.7200,60.1482,34.7805,22.0554,10.0800
67.010,0.019424613496917806,0.9912026059566978,4.162661616300778e-31,4,168.375,0.189298,-0.0250033,13001.8,0.0,6.7133,13.9334,20.9392,33.1698,51.3783,70.9246,89.0120,114.6040,133.1490,139.3920,143.9080,147.6550,152.1430,156.5700,163.5760,73.5521,38.9100,23.6419,10.3536
67.120,0.006365057350670026,1.0,6.996185378516721e-32,4,172.089,0.208942,-0.0323642,13297.4,0.0,6.5053,13.3327,19.8215,30.8358,46.5330,62.5141,76.5601,95.3135,115.5400,129.4530,134.9900,139.2060,144.0630,148.7460,156.0490,80.8765,41.1785,24.6052,10.6070
67.228,0.0020857019926675538,1.0,1.1758488765673054e-32,4,175.819,0.23639,-0.0349634,13572.0,0.0,6.2643,12.7829,18.9343,29.2775,43.8080,58.3532,70.9354,87.4486,104.9010,122.0640,128.1070,132.4770,137.4240,142.1540,149.4980,85.1714,42.7344,25.3777,10.8780
67.340,0.000683442828957304,1.0,1.9762492068466704e-33,4,179.569,0.267703,-0.036218,13794.2,0.0,6.0004,12.2188,18.0670,27.8565,41.5165,55.0833,66.7337,81.9042,97.7929,115.5020,121.7720,126.1710,131.1100,135.8160,143.1200,88.5994,44.1306,26.1277,11.1685
67.450,0.00022395054619272933,1.0,3.3214820419471993e-34,4,183.236,0.301185,-0.036608,14081.1,0.0,5.7240,11.6483,17.2142,26.5181,39.4735,52.3095,63.3078,77.5960,92.5193,109.5860,115.7810,120.1060,124.9620,129.5950,136.8010,91.3535,45.3975,26.8522,11.4683
67.558,0.0037677681874764336,1.0,5.582414867900659e-35,4,186.901,0.336158,-0.0380271,14320.3,0.0,5.4304,11.0249,16.2608,24.9697,37.0065,48.8302,58.8811,71.8290,85.2232,102.4630,109.0730,113.4500,118.3050,122.9140,130.0750,95.3866,46.9997,27.7033,11.7946
67.676,0.0012346222796722776,1.0,9.38236466848064e-36,4,190.499,0.373243,-0.0398429,14599.7,0.0,5.1184,10.3604,15.2429,23.3128,34.3629,45.1018,54.1419,65.6694,77.4564,94.2532,101.9670,106.4670,111.3570,115.9610,123.0920,134.2530,48.8163,28.6443,12.1458
67.784,0.00040456102860301195,1.0,1.576894029831541e-36,4,194.076,0.412366,-0.0408118,14861.0,0.0,4.7946,9.6896,14.2372,21.7288,31.9367,41.8022,50.0652,60.5475,71.2022,86.4157,95.1986,99.7154,104.5650,109.1140,116.1570,127.2230,50.4929,29.5557,12.5049
67.893,0.00013256655785263497,1.0,2.650285795937871e-37,5,196.148,0.453004,-0.0411862,13450.8,0.0,4.4615,9.0109,13.2332,20.1802,29.6283,38.7401,46.3572,56.0010,65.7816,79.7090,88.6553,93.0952,97.8445,102.3000,109.2120,120.1320,52.0602,30.4442,12.8700
68.002,-0.0015984427036040984,1.0,4.45433533723278e-38,5,197.92,0.494218,-0.0412381,13545.4,0.0,4.1251,8.3308,12.2337,18.6538,27.3831,35.7992,42.8329,51.7352,60.7613,73.6102,82.2522,86.5594,91.1734,95.5119,102.2670,113.0100,53.5533,31.3132,13.2358
68.113,-0.03984876211501699,1.0,7.486401401287132e-39,5,200.789,0.531745,-0.0243295,13765.7,0.0,3.8800,8.0624,12.1285,19.2461,29.8874,41.3710,52.0534,67.2602,75.6568,79.8390,83.1372,85.9817,89.4960,93.0680,98.9392,108.7150,49.9334,30.3848,13.3254
68.221,-0.013057642369848767,1.0,1.2582394835143282e-39,5,203.658,0.555613,-0.0112975,13959.1,0.0,3.7289,7.9301,12.1778,20.0363,32.9087,48.5643,64.6907,71.9113,75.2685,78.1192,80.6604,82.9867,85.9789,89.1169,94.4188,103.5050,47.4156,29.6434,13.3515
68.329,-0.0042787282517520436,1.0,2.1147230999425314e-40,5,206.555,0.569228,-0.00791294,14116.1,0.0,3.6266,7.7607,11.9856,19.9248,33.2866,50.1641,62.4496,67.4329,70.2495,72.7474,75.0290,77.1504,79.9143,82.8465,87.8606,96.5882,47.0380,29.6010,13.4220
68.444,-0.0014020536735341097,1.0,3.554215114073414e-41,5,209.392,0.578484,-0.00713379,14306.0,0.0,3.5514,7.6108,11.7696,19.6134,32.9004,49.8388,57.7493,61.8457,64.3187,66.5656,68.6496,70.6085,73.1852,75.9434,80.7086,89.1211,47.1357,29.7066,13.4905
68.554,-0.011853383181866156,0.4483415,0.5816781829833985,5,207.348,0.585587,-0.00413257,13719.6,0.0,3.5020,7.5468,11.7313,19.7386,33.6563,48.7181,53.4525,56.7569,58.8688,60.8381,62.6973,64.4676,66.8239,69.3752,73.8390,81.8574,46.7969,29.5766,13.5101
68.659,-0.0038841166010339023,0.14691254272,0.8252824921493225,5,195.129,0.589396,-0.00137788,12655.6,0.0,3.4793,7.5370,11.7731,19.9910,34.6350,45.3587,48.9311,51.6774,53.4975,55.2284,56.8868,58.4840,60.6332,62.9856,67.1538,74.7740,85.9471,29.4092,13.5051
68.770,-0.0012727473278267892,0.04814030199848961,0.8688014996652534,5,180.973,0.591177,-0.00167019,11618.1,0.0,3.4632,7.4980,11.7060,19.8575,34.0293,40.9841,43.9185,46.2806,47.8821,49.4263,50.9221,52.3758,54.3495,56.5299,60.4378,67.7012,78.5781,29.4673,13.5242
68.878,-0.00041705384438228227,0.015774614158865073,0.8754017501532313,5,167.032,0.592547,-0.00265009,10652.8,0.0,3.4482,7.4518,11.6137,19.6364,31.5432,36.6928,39.1427,41.1809,42.5887,43.9627,45.3071,46.6252,48.4304,50.4434,54.0937,60.9957,71.5596,29.6127,13.5492
68.994,-0.00013666020372718625,0.005169025567576908,0.8750521353379509,4,153.546,0.594002,-0.0030101,10917.3,0.0,3.4347,7.4174,11.5529,19.5103,28.7373,32.7805,34.8351,36.5889,37.8198,39.0347,40.2349,41.4215,43.0612,44.9071,48.2956,54.8210,65.0413,31.4285,13.5665
69.098,-0.06009806624018231,0.001693786297983601,0.8464101646689642,4,140.433,0.59537,-0.00259859,9766.0,0.0,3.4245,7.4012,11.5360,19.3403,25.9653,29.2350,30.9670,32.4752,33.5481,34.6176,35.6835,36.7459,38.2266,39.9094,43.0374,49.1775,59.0305,71.9215,13.5725
69.213,-0.12367478472978041,0.0005550198941232663,0.3028699408607761,4,128.781,0.596446,-0.00281459,9384.14,0.0,3.4147,7.3770,11.4938,18.1278,23.1824,25.8728,27.3391,28.6360,29.5693,30.5076,31.4505,32.3971,33.7276,35.2539,38.1270,43.8809,53.3548,66.0758,13.5846
69.319,-0.04052575346025445,0.0001818689189063119,0.05090335096047065,3,121.755,0.597069,-0.000476185,11177.3,0.0,3.4173,7.4155,11.5041,16.6801,20.7114,22.9488,24.1930,25.3074,26.1170,26.9371,27.7671,28.6061,29.7945,31.1704,33.7928,39.1543,48.2247,60.7357,13.5580
69.434,-0.044404297329324924,5.959480734722027e-05,0.008555326195926301,3,119.266,0.594948,0.00990456,10810.4,0.0,3.4715,7.6455,11.2474,15.4630,18.8092,20.7088,21.7793,22.7467,23.4545,24.1757,24.9097,25.6557,26.7193,27.9604,30.3527,35.3385,43.9974,56.2585,13.5706
69.538,-0.3525687336161363,1.9528026471537138e-05,0.0014378936737493337,3,117.952,0.578553,0.061639,10683.3,0.0,3.8155,8.4796,12.1492,16.2906,19.5205,21.3451,22.3720,23.2997,23.9783,24.6697,25.3735,26.0891,27.1101,28.3023,30.6031,35.4139,43.8171,55.8112,13.1666
69.652,-0.4279271132879918,6.398943714193289e-06,0.0002416667897470505,3,115.906,0.526199,0.169797,10461.0,0.0,4.7206,11.4031,16.5202,21.8425,25.6984,27.7873,28.9400,29.9688,30.7142,31.4681,32.2299,32.9992,34.0881,35.3480,37.7487,42.6628,51.0263,62.6557,11.7673
69.763,-0.20486553681405292,2.0968058762668574e-06,4.061693735278678e-05,3,113.625,0.449572,0.235966,10236.8,0.0,5.9365,15.2350,21.7780,27.9794,32.2058,34.4296,35.6405,36.7128,37.4853,38.2630,39.0456,39.8326,40.9414,42.2174,44.6310,49.5101,57.6635,23.9290,10.5457
69.872,-0.18001637938270543,6.870813495351237e-07,6.826488660882873e-06,3,111.278,0.357602,0.291382,10030.1,0.0,7.4151,19.4270,26.9812,33.6381,38.0031,40.2624,41.4840,42.5609,43.3342,44.1107,44.8900,45.6719,46.7701,48.0295,50.3999,55.1525,63.0003,17.3845,9.4763
69.979,-0.2169215869619921,2.251428166156693e-07,1.1473279492345846e-06,3,109.261,0.25005,0.314912,9834.07,0.0,8.8336,22.3427,30.1316,36.7777,41.0770,43.2892,44.4821,45.5324,46.2857,47.0415,47.7995,48.5592,49.6254,50.8469,53.1429,57.7350,23.6436,14.7511,8.5817
70.090,-0.0869600948279009,7.377479814862251e-08,1.928314084278567e-07,3,107.363,0.12877,0.33769,9681.96,0.0,10.4343,25.3199,33.2434,39.8309,44.0408,46.1961,47.3559,48.3756,49.1065,49.8392,50.5733,51.3087,52.3399,53.5204,55.7363,60.1583,17.2445,12.4496,7.6325
70.199,0.11133377785132467,2.4174525857340627e-08,3.240917481446989e-08,3,106.327,-0.00244268,0.310288,9612.93,0.0,11.3504,25.4746,32.8197,38.9749,42.9415,44.9823,46.0835,47.0534,47.7493,48.4476,49.1482,49.8508,50.8374,51.9686,54.0967,58.3630,15.9935,11.3899,6.8402
70.310,0.036481852326322076,7.921508632933376e-09,5.447010011067955e-09,3,105.616,-0.131334,0.235625,9584.1,0.0,11.5020,23.3861,29.6209,35.0082,38.5649,40.4200,41.4279,42.3196,42.9618,43.6080,44.2581,44.9119,45.8331,46.8934,48.9010,52.9714,19.7828,11.4471,6.2366
70.420,-0.07905725435676156,0.02164673111134495,9.154789725601914e-10,3,104.853,-0.237839,0.172246,9529.68,0.0,11.6296,21.9701,27.3738,32.1281,35.3208,37.0037,37.9231,38.7394,39.3290,39.9239,40.5237,41.1283,41.9826,42.9695,44.8479,48.6953,55.2881,11.6607,5.7244
70.531,-0.18755597165049864,0.3069414254599405,1.5386455091819134e-10,3,104.881,-0.327145,0.166897,9728.36,0.0,12.3167,22.7319,28.0501,32.6933,35.8009,37.4375,38.3311,39.1243,39.6971,40.2749,40.8576,41.4450,42.2750,43.2337,45.0584,48.7975,55.5247,10.1205,5.0611
70.641,-0.061458340790435405,0.4699598475447133,2.5860015072820416e-11,3,106.492,-0.409698,0.149312,9968.79,0.0,12.7805,22.9352,28.0393,32.4863,35.4649,37.0350,37.8931,38.6553,39.2059,39.7615,40.3220,40.8872,41.6862,42.6100,44.3702,47.9845,55.0841,9.0825,4.4922
70.751,-0.14317606687032708,0.5441149135465766,4.346292733288926e-12,3,108.768,-0.478198,0.111159,10229.8,0.0,12.8747,22.2818,26.9813,31.0982,33.8732,35.3429,36.1479,36.8641,37.3822,37.9057,38.4343,38.9681,39.7238,40.5991,42.2711,45.7318,52.8875,8.8240,4.0926
70.858,-0.12550235358616643,0.5715492447928171,7.304814196838697e-13,3,111.211,-0.534351,0.0953681,10474.0,0.0,13.1358,22.3078,26.8460,30.8162,33.4942,34.9132,35.6910,36.3833,36.8843,37.3907,37.9022,38.4188,39.1504,39.9981,41.6192,45.2209,53.2119,8.0821,3.6956
70.968,-0.07961571758153532,0.5880606940337103,1.22772012206268e-13,3,113.759,-0.577468,0.0661108,10735.6,0.0,13.1433,21.7879,26.0485,29.7877,32.3197,33.6655,34.4044,35.0627,35.5395,36.0217,36.5093,37.0022,37.7010,38.5123,40.1338,43.9216,52.4911,7.9742,3.4394
71.079,-0.21799157787739404,0.6583932809553411,2.063429209150746e-14,3,116.42,-0.604595,0.0396067,11054.6,0.0,13.0655,21.2342,25.2528,28.7903,31.1951,32.4763,33.1809,33.8092,34.2648,34.7259,35.1954,35.6803,36.3867,37.2360,38.9615,43.0373,52.5035,8.1977,3.2995
71.189,-0.07143148023886449,0.7437734060065712,3.4680054718196593e-15,3,119.612,-0.618621,0.022576,11388.3,0.0,12.9949,20.8607,24.7250,28.1327,30.4537,31.6974,32.4047,33.0553,33.5395,34.0406,34.5596,35.0974,35.8837,36.8335,38.7783,43.4549,54.7927,8.4949,3.2364
71.300,-0.09777058740062425,0.8197921970239833,5.828676796487302e-16,3,123.297,-0.6119,-0.0241492,11805.6,0.0,12.5023,19.5474,23.0272,26.1211,28.2576,29.4680,30.1657,30.8088,31.2882,31.7852,32.3007,32.8358,33.6197,34.5693,36.5225,41.2692,53.0811,13.3723,3.4702
71.409,-0.2363896783624241,0.8783866028239438,9.796257091856211e-17,3,126.993,-0.582458,-0.0414575,12440.4,0.0,12.1349,18.8323,22.1575,25.1737,27.4769,28.8257,29.6092,30.3356,30.8795,31.4457,32.0355,32.6505,33.5565,34.6622,36.9650,42.7285,58.1922,120.9380,3.8212
71.520,-0.07746016980579915,0.9139524974039749,1.646456929428274e-17,3,130.861,-0.535534,-0.0437525,13046.1,0.0,11.7732,18.3238,21.6719,25.1287,27.9034,29.5667,30.5464,31.4638,32.1565,32.8829,33.6456,34.4472,35.6405,37.1168,40.2647,48.6067,74.9069,200.0000,4.2800
71.629,-0.04288121666178848,0.9322460637243345,2.7672001612901007e-18,3,135.136,-0.468011,-0.072233,13437.9,0.0,11.0614,17.0703,20.5257,24.2591,27.3458,29.2366,30.3649,31.4313,32.2431,33.1006,34.0075,34.9683,36.4132,38.2253,42.1832,53.3337,96.3196,113.1800,5.1207
71.739,-0.21853089082918215,0.9438513315674398,4.650833311080272e-19,3,139.366,-0.376857,-0.104275,13898.0,0.0,10.1849,15.8525,19.4794,23.5473,27.0366,29.2333,30.5665,31.8423,32.8238,33.8705,34.9889,36.1865,38.0130,40.3477,45.6255,61.9560,155.7250,47.4074,6.3489
71.850,-0.0833618336469064,0.9521370890936436,7.816655545932612e-20,3,143.283,-0.262627,-0.11736,14534.7,0.0,9.3033,15.3535,19.5932,24.6959,29.4012,32.5352,34.5067,36.4450,37.9720,39.6357,41.4552,43.4532,46.6038,50.8245,61.2581,104.2670,200.0000,31.6410,7.6763
71.960,-0.027316005649418284,0.9591077247135801,1.3137452976048944e-20,3,147.576,-0.123815,-0.139149,14839.1,0.0,8.4460,14.8664,19.7408,26.0990,32.5044,37.0965,40.1316,43.2338,45.7649,48.6146,51.8471,55.5445,61.7141,70.7018,97.3271,200.0000,74.8531,27.4843,8.7299
72.069,-0.014449013360107633,0.9660991789997709,2.208011721684546e-21,3,152.24,0.00746504,-0.110263,15061.8,0.0,7.6288,13.9259,18.9485,25.8530,33.2499,38.8493,42.6965,46.7554,50.1664,54.1186,58.7518,64.2578,73.9730,89.4432,147.2640,200.0000,61.0501,27.5331,9.6716
72.179,-0.024212592919840067,0.9759525645215199,3.7110053006352175e-22,4,153.479,0.107876,-0.098739,11915.2,0.0,6.9213,12.8305,17.6470,24.4284,31.9080,37.7241,41.7997,46.1718,49.9049,54.2992,59.5471,65.9235,77.5610,97.1846,185.0770,200.0000,60.1701,28.8041,10.4853
72.287,-0.007933982447973194,0.9858944429830366,6.237086608777612e-23,4,157.134,0.189678,-0.0915359,12132.3,0.0,6.3242,11.8401,16.4004,22.9244,30.2641,36.0789,40.2111,44.6978,48.5734,53.1893,58.7795,65.6885,78.6393,101.5350,200.0000,200.0000,60.6822,30.0200,11.1618
72.399,-0.048516157821208106,0.9947268891235564,1.0482671463372535e-23,4,160.776,0.264842,-0.0869687,12387.1,0.0,5.7595,10.8520,15.1015,21.2453,28.2499,33.8703,37.9029,42.3185,46.1641,50.7828,56.4332,63.5039,77.0247,101.8180,200.0000,200.0000,62.1213,31.3324,11.8023
72.509,-0.10674757604290346,1.0,1.7618225928490225e-24,4,164.168,0.326949,-0.0422204,12753.0,0.0,5.4844,11.0582,16.2173,24.6759,36.1210,47.0948,56.2210,67.7129,79.2984,95.6767,120.5910,163.0670,200.0000,200.0000,200.0000,99.6866,47.8350,27.8996,11.7667
72.619,-0.0349790457177386,1.0,2.961095231801352e-25,4,167.664,0.361371,-0.00582725,12978.0,0.0,5.3876,11.5738,17.9384,30.0176,50.7064,77.5034,107.9680,164.6070,200.0000,200.0000,200.0000,200.0000,200.0000,200.0000,127.7440,70.3649,40.3951,25.5215,11.6195
72.728,-0.011461933700788582,1.0,4.976712756088535e-26,4,171.274,0.371891,0.0056321,13176.3,0.0,5.3600,11.7683,18.6199,32.4110,58.7598,99.1966,156.7930,200.0000,200.0000,200.0000,200.0000,200.0000,200.0000,167.1490,109.2070,64.5810,38.5692,24.8765,11.5759
72.839,-0.0037558464350744025,1.0,8.364361129158e-27,4,174.828,0.369794,0.00845021,13446.3,0.0,5.3932,11.9069,18.9404,33.3213,61.6594,107.4950,178.2010,200.0000,200.0000,200.0000,200.0000,200.0000,195.1520,157.8720,105.1220,63.0990,38.0200,24.6406,11.5261
72.949,-0.07554420531143893,1.0,1.4057981749775856e-27,4,178.357,0.362006,0.0157902,13701.8,0.0,5.5011,12.3245,19.8916,36.0509,70.8924,137.5000,200.0000,200.0000,200.0000,198.6290,196.1120,192.8070,179.8220,137.6030,95.5806,59.4218,36.5917,24.0031,11.3788
73.059,-0.045268260151652306,1.0,2.362724992684829e-28,4,181.742,0.337892,0.0523822,13980.6,0.0,5.9372,14.4137,25.3985,56.9682,199.1370,194.6980,191.1490,186.6340,180.6750,153.3160,131.4440,115.0400,97.9419,83.7336,65.8568,46.2219,31.0127,21.4276,10.8017
73.169,-0.014833503486493427,1.0,3.971031895205392e-29,4,185.194,0.290939,0.0674269,14216.9,0.0,6.4670,16.2926,30.0585,77.7498,190.9930,184.9710,179.3690,155.0590,132.0280,114.9620,101.8090,91.3636,79.8972,69.8862,56.6161,41.0984,28.3367,19.9356,10.2844
73.279,-0.0048606424224541655,1.0,6.674113306271702e-30,4,188.647,0.229309,0.0715205,14456.4,0.0,7.0622,17.9809,33.6345,91.3301,184.1880,177.5140,170.2510,136.4880,117.5390,103.2170,92.0130,83.0087,73.0151,64.1942,52.3618,38.3192,26.6009,18.8015,9.7586
73.390,-0.0015927353089897809,1.0,1.1217182233850851e-30,4,192.068,0.160906,0.072868,14702.4,0.0,7.7011,19.6765,36.9788,102.1520,177.6990,170.6970,161.2270,125.7610,108.6690,95.6744,85.4612,77.2235,68.0490,59.9239,48.9842,35.9401,25.0041,17.6994,9.2049
73.500,0.018538014917387727,1.0,1.885271818043313e-31,4,195.451,0.0894287,0.0720164,14951.5,0.0,8.3488,21.2842,39.8817,108.9730,171.4930,164.5190,154.4070,119.8580,103.3490,90.8436,81.0428,73.1563,64.3921,56.6466,46.2424,33.8732,23.5336,16.6427,8.6445
73.608,0.006074536728129611,1.0,3.168576344585397e-32,5,195.937,0.0195626,0.0658118,13412.8,0.0,8.9256,22.3945,41.0985,104.4280,166.2140,160.0980,154.2030,126.5510,107.2210,93.0197,82.1461,73.5537,64.1658,56.0064,45.2438,32.7344,22.5078,15.8054,8.1340
73.719,0.001990504195073511,1.0,5.325426262344677e-33,5,198.704,-0.0469467,0.0639521,13586.1,0.0,9.5109,23.7514,43.3294,107.9540,160.0620,154.1150,148.5490,123.0230,103.5980,89.4766,78.7487,70.3227,61.1679,53.2543,42.8768,30.9011,21.1791,14.8401,7.6158
73.828,0.0006522484146416881,1.0,8.9504439191227e-34,5,201.425,-0.112509,0.0636498,13775.4,0.0,10.1030,25.2110,45.9480,114.1230,153.5330,147.5570,141.8690,115.3090,97.0021,83.7166,73.6372,65.7286,57.1440,49.7300,40.0171,28.8217,19.7434,13.8292,7.0938
73.939,0.00021372876050978836,1.0,1.5043011094869523e-34,5,204.126,-0.178373,0.0636527,13953.9,0.0,10.7012,26.7039,48.6692,120.8850,146.8370,140.7900,134.8250,106.7450,89.7986,77.5001,68.1696,60.8485,52.9015,46.0381,37.0465,26.6823,18.2780,12.8028,6.5673
74.049,7.003464024384745e-05,1.0,2.5282788747147206e-35,5,206.793,-0.245034,0.06378,14135.0,0.0,11.3082,28.2276,51.4671,146.7360,140.0000,133.8530,127.4040,97.8141,82.3216,71.0704,62.5290,55.8242,48.5432,42.2528,34.0084,24.5009,16.7874,11.7605,6.0338
74.159,-0.00023841593580364666,1.0,4.249278304733031e-36,5,209.444,-0.312623,0.0638625,14303.9,0.0,11.9232,29.7689,54.2918,139.9220,133.0460,126.7870,119.4260,88.8990,74.8397,64.6243,56.8665,50.7751,44.1585,38.4407,30.9448,22.2976,15.2800,10.7055,5.4932
74.269,0.02325932921015586,1.0,7.141762046764805e-37,5,212.046,-0.378408,0.0532739,14480.5,0.0,12.3726,30.1008,53.1754,133.9520,127.8220,122.6790,118.4050,104.1400,83.7490,70.0403,60.1917,52.7752,45.0160,38.5460,30.3767,21.3668,14.3609,9.9334,5.0145
74.379,0.007621616995583873,1.0,1.2003159471997611e-37,5,214.625,-0.435479,0.0454447,14653.3,0.0,12.7739,30.5120,52.7552,127.6160,121.9290,117.3780,113.9200,109.1370,92.2676,74.5586,62.5569,53.8868,45.1348,38.0746,29.4525,20.3024,13.4339,9.1995,4.5865
74.490,0.0024974514571129234,1.0,2.0173710124586386e-38,5,217.187,-0.48642,0.0434911,14822.7,0.0,13.1990,31.3865,53.9902,120.6940,115.0580,110.6460,107.3460,102.9440,88.6567,70.8756,59.0390,50.5935,42.1563,35.4135,27.2548,18.6861,12.3140,8.4109,4.1801
74.600,0.0008183648934667626,1.0,3.390595460639234e-39,5,219.722,-0.535232,0.0429322,14986.6,0.0,13.6242,32.3562,55.5778,113.5400,107.8840,103.5320,100.2880,95.9382,81.5408,64.9737,54.0052,46.2082,38.4428,32.2540,24.7861,16.9669,11.1678,7.6223,3.7847
74.710,0.01758690211141619,1.0,5.6985737906963605e-40,6,219.67,-0.583186,0.0409905,13703.8,0.0,14.0201,33.1502,56.6593,106.4080,100.8200,96.6131,93.5241,89.5107,77.5267,61.0284,50.3230,42.8156,35.4221,29.5882,22.6166,15.3957,10.0915,6.8698,3.4003
74.818,0.012853417959775109,0.9810771484374999,0.6363149963378906,6,217.631,-0.625734,0.0317933,13353.1,0.0,14.2552,33.0269,55.1990,99.8439,94.6852,90.9710,88.4075,85.4922,82.5006,70.6429,55.4347,45.6175,36.5584,29.8003,22.1391,14.6428,9.3997,6.3174,3.0794
74.928,0.009998426606665356,0.8033739361718749,0.8961688304225464,6,207.672,-0.661247,0.030419,12585.5,0.0,14.5453,33.5990,55.9765,92.8390,87.7449,84.1514,81.7005,78.9513,76.2132,66.8277,51.9346,42.4729,33.8451,27.4721,20.3121,13.3718,8.5556,5.7387,2.7908
75.038,0.0171605032577221,0.37220150890479997,0.9401249305952306,6,195.472,-0.693033,0.0303203,11645.8,0.0,14.8220,34.2310,57.0163,86.0634,80.9996,77.4853,75.1022,72.4382,69.7883,60.7540,47.1809,38.5674,30.7197,24.9275,18.4242,12.1249,7.7559,5.2016,2.5292
75.151,0.062428549651752874,0.12196299043792484,0.9421797725490076,6,181.861,-0.721989,0.028949,10651.8,0.0,15.0536,34.6635,57.5555,79.7770,74.8055,71.4189,69.1487,66.6474,64.2315,57.6290,44.2850,35.9610,28.4721,23.0019,16.9172,11.0800,7.0640,4.7281,2.2936
75.259,0.02045658714988638,0.03996483270669921,0.8199255888205539,5,168.258,-0.748082,0.0286309,10867.3,0.0,15.2766,35.1530,79.2799,73.8259,68.9202,65.6266,63.4332,61.0316,58.7299,52.8000,40.4695,32.8102,25.9404,20.9346,15.3788,10.0611,6.4094,4.2879,2.0789
75.369,0.006703214477274769,0.013095676381331195,0.836429527502133,5,155.423,-0.771996,0.02934,9777.33,0.0,15.4972,35.7149,73.7441,68.1948,63.3333,60.1030,57.9549,55.6001,53.3141,46.6333,35.9463,29.2461,23.1961,18.7635,13.8197,9.0637,5.7840,3.8736,1.8803
75.480,0.0021965093199133963,0.004291191236634606,0.8051290408874788,5,142.822,-0.794173,0.0299289,8905.34,0.0,15.7009,36.2303,68.5769,62.9652,58.1618,54.9998,52.9005,50.5978,48.3324,41.2694,31.9555,26.0734,20.7333,16.8031,12.4021,8.1507,5.2088,3.4914,1.6965
75.590,0.01365445172350977,0.0014061375444204276,0.16525946337803282,4,133.004,-0.814848,0.0300829,9859.75,0.0,15.8845,36.6659,63.7669,58.1275,53.4025,50.3213,48.2831,46.0516,43.8447,36.9340,28.6319,23.3786,18.6026,15.0837,11.1392,7.3246,4.6827,3.1394,1.5259
75.698,0.10411626600359014,0.0004607631505556857,0.02777515800994599,4,126.513,-0.833881,0.0255019,9357.52,0.0,15.9735,36.5130,59.4219,53.8827,49.3637,46.4849,44.6264,42.6647,40.8844,38.0517,29.1251,23.2108,18.0745,14.4283,10.4729,6.7740,4.2817,2.8512,1.3749
75.808,0.08919435242796502,0.0001509828691740871,0.0046681708067316235,4,124.876,-0.840672,-0.0165027,9229.94,0.0,15.3671,32.3752,57.0709,52.3354,48.6926,46.5441,45.2768,44.0771,43.1550,42.1639,41.0839,39.8863,37.8932,34.2359,17.9407,9.0635,4.9857,3.0846,1.3748
75.919,0.029227205403595573,4.947406657096487e-05,0.000784579467487384,3,123.974,-0.827067,-0.0434173,11239.0,0.0,14.8717,29.9274,53.9047,49.5886,46.3870,44.5547,43.5005,42.5265,41.7969,41.0347,40.2351,39.3913,38.1179,36.4833,32.3354,13.1885,6.2786,3.6507,1.5355
76.029,0.009577170666650196,0.0071690436933839734,0.00013186427110060465,3,122.695,-0.800284,-0.0535758,11127.8,0.0,14.5192,28.9162,49.9949,45.8557,42.8715,41.1981,40.2473,39.3782,38.7338,38.0673,37.3764,36.6578,35.5976,34.2897,31.4193,17.4823,7.7193,4.3659,1.7933
76.138,0.003138247284047936,0.08596801747182306,2.2162428043878624e-05,3,121.698,-0.767471,-0.057206,11091.1,0.0,14.2084,50.2620,45.8091,41.7912,38.9729,37.4214,36.5500,35.7602,35.1790,34.5823,33.9687,33.3365,32.4163,31.3056,28.9939,21.4901,9.2002,5.1487,2.0964
76.249,0.14876352914268134,0.10784200777766698,3.7248392813346813e-06,3,121.155,-0.729267,-0.0760592,11057.6,0.0,13.6738,46.5577,42.2218,38.4583,35.8957,34.5149,33.7479,33.0592,32.5569,32.0455,31.5243,30.9929,30.2303,29.3295,27.5405,23.3724,12.2149,6.4261,2.4940
76.359,0.26611724927019526,0.03533766910858591,6.260337380139198e-07,3,120.001,-0.668203,-0.148511,10894.1,0.0,12.4500,44.4252,40.5896,37.3526,35.2058,34.0726,33.4512,32.8976,32.4965,32.0903,31.6792,31.2630,30.6714,29.9825,28.6558,25.8518,20.5667,10.9335,3.3476
76.468,0.2187520471727267,0.01157944741350143,1.0521749034799952e-07,3,118.361,-0.569531,-0.241589,10709.1,0.0,11.0047,19.5810,39.3472,36.5835,34.7810,33.8406,33.3286,32.8747,32.5472,32.2168,31.8838,31.5480,31.0733,30.5243,29.4766,27.3103,23.5138,17.9022,4.9919
76.579,0.22225399982176416,0.0037943533284561493,1.7683903602788284e-08,3,116.507,-0.429569,-0.331071,10526.4,0.0,9.5458,15.3068,37.7174,35.2957,33.7390,32.9338,32.4975,32.1118,31.8343,31.5550,31.2741,30.9915,30.5932,30.1343,29.2637,27.4872,24.4463,20.1371,7.7988
76.688,0.26434844649677536,0.0012433336986685107,2.972133678520627e-09,3,114.597,-0.248591,-0.413736,10343.9,0.0,8.0405,12.6078,35.7427,33.5691,32.1929,31.4872,31.1064,30.7709,30.5299,30.2878,30.0448,29.8008,29.4577,29.0635,28.3192,26.8140,24.2808,20.7706,10.5457
76.799,0.33609182490128997,0.0004074155863796976,4.995265073489618e-10,3,112.491,-0.027558,-0.504968,10155.1,0.0,6.4594,10.2224,33.8588,31.8933,30.6649,30.0397,29.7036,29.4083,29.1966,28.9844,28.7717,28.5586,28.2594,27.9164,27.2711,25.9750,23.8188,20.8767,12.2091
76.908,0.36997213754841246,0.00013350193934489932,8.395542009014002e-11,3,110.329,0.207669,-0.470237,9950.47,0.0,5.0939,8.4430,31.8522,30.0452,28.9320,28.3696,28.0685,27.8045,27.6156,27.4266,27.2374,27.0481,26.7830,26.4798,25.9117,24.7789,22.9155,20.4085,13.0626
77.018,0.40634624011472315,4.374591548453661e-05,1.4110387454549835e-11,3,108.018,0.396924,-0.393739,9742.79,0.0,4.0088,7.1558,29.9238,28.2403,27.2179,26.7055,26.4321,26.1929,26.0222,25.8515,25.6810,25.5106,25.2724,25.0006,24.4929,23.4870,21.8513,19.6809,13.4112
77.129,0.45036144762031977,1.433466158597296e-05,2.371532819486191e-12,3,105.567,0.531532,-0.301002,9519.31,0.0,3.2764,6.9009,28.0211,26.4292,25.4753,25.0008,24.7486,24.5286,24.3718,24.2154,24.0594,23.9037,23.6865,23.4393,22.9790,22.0729,20.6147,18.7089,13.3257
77.239,0.506752791577533,4.697181908491619e-06,3.985835209710441e-13,3,102.957,0.604858,-0.200457,9286.25,0.0,2.9758,29.0281,26.1819,24.6203,23.7169,23.2706,23.0344,22.8288,22.6825,22.5369,22.3917,22.2472,22.0459,21.8174,21.3935,20.5649,19.2467,17.5495,12.8965
77.350,0.5284643290451689,1.5391725677745334e-06,6.698993236960338e-14,3,100.199,0.613794,-0.0921858,9043.99,0.0,3.2408,27.9396,24.5912,22.8421,21.9649,21.5391,21.3146,21.1195,20.9811,20.8434,20.7065,20.5703,20.3810,20.1666,19.7702,19.0006,17.7910,16.2595,12.2018
77.459,0.5532418771233306,5.043560670083591e-07,1.1258997933359244e-14,3,97.3298,0.562513,0.00527781,8793.61,0.0,4.2737,27.3250,23.3068,21.2648,20.2723,19.8298,19.6070,19.4188,19.2859,19.1540,19.0230,18.8930,18.7125,18.5085,18.1328,17.4083,16.2828,14.8817,11.3071
77.569,0.563465890944792,1.6526739603729912e-07,1.8922997826596884e-15,3,94.3955,0.4618,0.0873801,8538.04,0.0,6.8102,27.3341,22.3532,19.9372,18.7866,18.2777,18.0224,17.8077,17.6589,17.5140,17.3727,17.2350,17.0480,16.8423,16.4776,15.7885,14.7309,13.4365,10.2630
77.678,0.5632922714192988,5.415482033350217e-08,3.180388244716138e-16,3,91.4476,0.32429,0.150876,8281.58,0.0,20.2628,28.3538,21.8236,18.8855,17.5323,16.9425,16.6484,16.4019,16.2318,16.0663,15.9054,15.7488,15.5367,15.3040,14.8935,14.1632,13.1496,11.9476,9.1160
77.788,0.49065763404266605,1.774545152688199e-08,5.3452785228944145e-17,3,88.5689,0.162363,0.197645,8029.83,0.0,19.8035,31.3839,21.9262,18.1752,16.5369,15.8390,15.4946,15.2077,15.0105,14.8195,14.6344,14.4550,14.2128,13.9483,13.4848,12.6693,11.5740,10.4307,7.9061
77.900,0.4250261894097014,5.8148295563286916e-09,8.983809613428643e-18,2,85.9164,-0.0140489,0.230877,9695.11,0.0,19.1143,39.7592,23.1311,17.9317,15.8502,14.9950,14.5795,14.2366,14.0027,13.7773,13.5601,13.3507,13.0697,12.7650,12.2366,11.3229,10.1253,8.9201,6.6632
78.010,0.3989292996517241,1.9054033490177854e-09,1.509908881728952e-18,2,82.9984,-0.196575,0.250533,9316.07,0.0,18.2728,81.0341,27.4249,18.7331,15.7864,14.6489,14.1106,13.6731,13.3781,13.0965,12.8274,12.5702,12.2284,11.8619,11.2366,10.1840,8.8564,7.5728,5.4224
78.121,0.3826157716308535,6.24362569406148e-10,2.537703857521849e-19,2,80.1403,-0.378668,0.254546,9014.43,0.0,17.2275,178.1060,49.3803,23.0286,17.4884,15.6243,14.7878,14.1282,13.6931,13.2850,12.9015,12.5405,12.0692,11.5742,10.7529,9.4341,7.8737,6.4619,4.2597
78.230,0.37466093884183205,2.0459112674300656e-10,4.265118873336972e-20,2,77.537,-0.547011,0.183974,8731.83,0.0,16.4047,63.0992,200.0000,44.0070,23.8597,19.4304,17.6843,16.3976,15.5888,14.8571,14.1921,13.5851,12.8190,12.0451,10.8253,9.0181,7.0901,5.5125,3.2963
78.338,0.3310930482664337,6.704042041114838e-11,7.168385290417448e-21,2,74.8366,-0.672966,0.0683653,8456.83,0.0,15.2747,38.5747,71.3893,186.6400,200.0000,79.3459,50.7226,38.5577,32.9210,28.7241,25.4780,22.8927,20.0472,17.5565,14.2458,10.3608,7.1549,5.0391,2.6032
78.449,0.10121238783363135,2.1967804960325102e-11,1.2047905157604607e-21,2,72.4199,-0.754592,-0.0441254,8194.01,0.0,14.2725,28.6886,41.9664,63.5978,92.5969,120.1140,142.7870,171.0680,199.2800,200.0000,200.0000,200.0000,200.0000,200.0000,57.3283,18.8853,8.9477,5.1930,2.1807
78.561,-0.23397442471475222,7.198410329399329e-12,2.0248914198386062e-22,2,70.7741,-0.7944,-0.13554,8003.21,0.0,13.5227,23.9069,31.8365,42.2426,52.7989,60.4119,65.4650,70.6469,74.8878,79.6769,85.1273,91.3856,101.8850,117.3090,163.9230,200.0000,16.7083,6.3321,2.0388
78.668,-0.07666873949053,2.3587750967375724e-12,3.403235009322745e-23,2,69.8452,-0.795647,-0.186627,7938.03,0.0,13.0430,21.7500,27.9266,35.4502,42.4773,47.2061,50.2010,53.1606,55.5030,58.0659,60.8821,63.9902,68.9251,75.6025,92.4412,167.2720,53.7521,8.4865,2.1754
78.782,-0.032112893096418,7.729234236989676e-13,5.719817080168738e-24,2,69.2334,-0.758093,-0.208186,7916.43,0.0,12.5880,20.5240,26.0079,32.5189,38.4377,42.3355,44.7693,47.1487,49.0139,51.0368,53.2380,55.6422,59.4055,64.3947,76.4767,122.7910,200.0000,11.7895,2.6598
78.896,-0.4197762508442161,2.532715474776777e-13,9.613296566639598e-25,2,68.647,-0.699836,-0.171831,7865.47,0.0,12.4743,21.1403,27.4093,35.1949,42.6202,47.7033,50.9591,54.2050,56.7942,59.6479,62.8085,66.3282,71.9851,79.7751,100.1460,200.0000,47.8993,11.3197,3.1279
79.002,-0.20569632827563272,0.129692138671958,1.615706753955117e-25,2,68.1025,-0.66128,-0.0858792,7890.55,0.0,13.0271,24.5831,34.2479,48.2568,64.2810,77.1786,86.4553,96.6342,105.5180,116.2090,129.3230,145.7850,177.4280,200.0000,200.0000,56.0088,16.4900,8.3543,3.1565
79.109,-0.06740257284935933,0.4736883051562772,2.7155183413723657e-26,2,69.6373,-0.639332,-0.0549749,8306.92,0.0,13.2046,26.0881,37.6362,55.8156,79.0265,99.9100,116.3410,135.9220,154.5120,179.0080,200.0000,200.0000,200.0000,200.0000,145.8440,32.2277,14.0656,7.9232,3.2435
79.223,-0.022086475071278065,0.646050035396109,4.5639716763445355e-27,2,72.9521,-0.622233,-0.04436,8992.77,0.0,13.1930,26.5087,38.7655,58.7182,85.4366,110.7580,131.5980,157.5650,183.4360,200.0000,200.0000,200.0000,200.0000,200.0000,89.0590,29.1583,13.7930,8.0002,3.3577
79.331,-0.007237296151356395,0.711653529114222,7.670667196432264e-28,2,77.2183,-0.606121,-0.0398887,9858.93,0.0,13.1158,26.5464,39.0541,59.7243,88.0211,115.5140,138.6510,168.1480,198.3020,200.0000,200.0000,200.0000,200.0000,200.0000,78.9874,28.7533,14.0055,8.2171,3.4839
79.444,-0.0023715172028764635,0.7824733999045231,1.2892090357043703e-28,2,81.8976,-0.59005,-0.0377615,10867.8,0.0,13.0101,26.4251,38.9891,59.9064,88.8566,117.3390,141.5870,172.8730,200.0000,200.0000,200.0000,200.0000,200.0000,200.0000,76.7546,29.1741,14.3980,8.4923,3.6177
79.549,-0.0007770987570385596,0.8676608270400891,2.1667736263083352e-29,2,86.7806,-0.573656,-0.0363296,12677.2,0.0,12.8931,26.2498,38.8074,59.8198,89.1222,118.2050,143.1630,175.6420,200.0000,200.0000,200.0000,200.0000,200.0000,200.0000,76.4117,29.8357,14.8512,8.7903,3.7566
79.662,-0.00025463972070639514,0.9276393068357464,3.641696433736419e-30,2,92.0699,-0.556764,-0.0347984,14908.5,0.0,12.7729,26.0716,38.6267,59.7501,89.4512,119.2150,144.9850,178.8430,200.0000,200.0000,200.0000,200.0000,200.0000,200.0000,75.9667,30.4756,15.3056,9.0928,3.8990
79.769,-8.344034368107156e-05,0.9601862230639373,6.1205991961808e-31,3,96.054,-0.53955,-0.0334833,9479.24,0.0,12.6472,25.8720,38.4022,59.5844,89.5843,119.9020,146.3630,181.4280,200.0000,200.0000,200.0000,200.0000,200.0000,200.0000,76.0614,31.1911,15.7824,9.4055,4.0447
79.885,-2.7341731817413527e-05,0.9803426282142159,1.0286891069021073e-31,3,100.841,-0.522466,-0.0330532,10481.4,0.0,12.5119,25.6137,38.0421,59.0853,88.9593,119.2350,145.7300,180.9410,200.0000,200.0000,200.0000,200.0000,200.0000,200.0000,77.9610,32.1927,16.3285,9.7408,4.1929
79.993,-8.959338681930066e-06,0.9915810083507343,1.7289177819703717e-32,3,106.029,-0.504865,-0.0327237,10987.7,0.0,12.3711,25.3394,37.6525,58.5255,88.2124,118.3650,144.8060,180.0230,200.0000,200.0000,200.0000,200.0000,200.0000,200.0000,80.1169,33.2565,16.8990,10.0891,4.3459
80.100,-2.935796099294844e-06,0.9956491007538685,2.9057921161576044e-33,3,111.206,-0.486633,-0.0324791,11513.6,0.0,12.2240,25.0485,37.2331,57.9070,87.3513,117.3050,143.6130,178.7120,200.0000,200.0000,200.0000,200.0000,200.0000,200.0000,82.5229,34.3874,17.4974,10.4523,4.5047
80.215,-9.620016658169345e-07,0.9992785688194026,4.883764809626086e-34,3,116.478,-0.467707,-0.0323074,11866.9,0.0,12.0703,24.7408,36.7848,57.2330,86.3841,116.0740,142.1780,177.0450,200.0000,200.0000,200.0000,200.0000,200.0000,200.0000,85.1737,35.5870,18.1250,10.8316,4.6699
80.321,-3.152287058548931e-07,1.0,8.208143515538563e-35,3,121.729,-0.448046,-0.0322068,12204.8,0.0,11.9097,24.4158,36.3068,56.5026,85.3103,114.6700,140.5000,175.0270,200.0000,200.0000,200.0000,200.0000,200.0000,200.0000,88.0835,36.8605,18.7839,11.2280,4.8419
80.432,-1.0329414233453136e-07,1.0,1.3795426806565662e-35,3,126.855,-0.427621,-0.0321596,12650.4,0.0,11.7423,24.0744,35.8015,55.7227,84.1458,113.1230,138.6240,172.7220,200.0000,200.0000,200.0000,200.0000,200.0000,200.0000,91.2286,38.2046,19.4739,11.6417,5.0208
80.543,-3.384742456017923e-08,1.0,2.318597383379491e-36,3,132.041,-0.406403,-0.0321348,12962.1,0.0,11.5680,23.7181,35.2730,54.9031,82.9153,111.4780,136.6190,170.2390,200.0000,200.0000,200.0000,200.0000,200.0000,200.0000,94.5494,39.6100,20.1930,12.0723,5.2068
80.649,-1.1091124079879533e-08,1.0,3.896866622245911e-37,3,137.045,-0.384383,-0.0321158,13508.1,0.0,11.3871,23.3480,34.7234,54.0501,81.6323,109.7600,134.5210,167.6390,200.0000,200.0000,200.0000,200.0000,200.0000,200.0000,98.0061,41.0706,20.9399,12.5194,5.3999
80.760,-3.6343395384949255e-09,1.0,6.549463732008704e-38,3,142.163,-0.361542,-0.0321081,13854.4,0.0,11.1993,22.9632,34.1516,53.1611,80.2914,107.9610,132.3180,164.8990,200.0000,200.0000,200.0000,200.0000,200.0000,200.0000,101.6220,42.5907,21.7158,12.9835,5.6002
80.871,-1.1909003799740172e-09,1.0,1.1007683694387028e-38,3,147.199,-0.337895,-0.0320862,14285.5,0.0,11.0050,22.5657,33.5615,52.2452,78.9142,106.1160,130.0670,162.1060,196.7420,200.0000,200.0000,200.0000,200.0000,200.0000,105.3240,44.1574,22.5174,13.4635,5.8074
80.983,-3.902342365098859e-10,1.0,1.850061398515628e-39,3,152.137,-0.313431,-0.0320752,14805.8,0.0,10.8039,22.1537,32.9493,51.2935,77.4792,104.1910,127.7100,159.1770,193.1970,200.0000,200.0000,200.0000,200.0000,200.0000,109.1840,45.7834,23.3479,13.9604,6.0220
81.091,-1.2787195461955944e-10,1.0,3.1093981924852163e-40,3,157.229,-0.288168,-0.0320581,15068.8,0.0,10.5963,21.7286,32.3177,50.3124,76.0017,102.2100,125.2890,156.1700,189.5600,200.0000,200.0000,200.0000,200.0000,200.0000,113.1500,47.4590,24.2047,14.4733,6.2434
81.204,-4.190108208973724e-11,1.0,5.225965542109902e-41,4,158.277,-0.262461,-0.0320643,12241.7,0.0,10.3847,21.2946,31.6719,49.3063,74.4804,100.1620,122.7760,153.0340,185.7490,200.0000,200.0000,200.0000,200.0000,200.0000,117.2560,49.1766,25.0798,14.9963,6.4689
81.314,-1.37301465791651e-11,1.0,8.783280286624115e-42,4,161.932,-0.236309,-0.0320643,12493.3,0.0,10.1696,20.8535,31.0159,48.2849,72.9376,98.0867,120.2330,149.8630,181.8990,200.0000,200.0000,200.0000,200.0000,200.0000,121.4150,50.9203,25.9691,15.5281,6.6983
81.422,-4.499094431060821e-12,1.0,1.4762059177729156e-42,4,165.57,-0.209572,-0.0320557,12703.7,0.0,9.9498,20.4030,30.3462,47.2433,71.3662,95.9764,117.6490,146.6480,178.0050,200.0000,200.0000,200.0000,200.0000,200.0000,125.6360,52.6979,26.8769,16.0712,6.9328
81.529,-1.4742632631700097e-12,1.0,2.48105928600094e-43,4,169.089,-0.182259,-0.0320438,13023.3,0.0,9.7252,19.9429,29.6623,46.1800,69.7628,93.8239,115.0150,143.3700,174.0360,200.0000,200.0000,200.0000,200.0000,200.0000,129.9360,54.5118,27.8038,16.6259,7.1722
81.643,-4.830865860755487e-13,1.0,4.169916341981779e-44,4,172.628,-0.15437,-0.0320442,13278.6,0.0,9.4958,19.4724,28.9626,45.0905,68.1168,91.6100,112.3000,139.9880,169.9290,200.0000,200.0000,200.0000,200.0000,200.0000,134.3690,56.3712,28.7522,17.1930,7.4169
81.750,-1.582978125252358e-13,1.0,7.008378395968778e-45,4,176.153,-0.125911,-0.0320409,13508.8,0.0,9.2617,18.9925,28.2490,43.9800,66.4397,89.3560,109.5380,136.5460,165.7530,200.0000,200.0000,200.0000,200.0000,200.0000,138.8790,58.2658,29.7191,17.7714,7.6664
81.862,-5.187102720826926e-14,1.0,1.1778981570104727e-45,4,179.618,-0.096887,-0.0320347,13774.0,0.0,9.0230,18.5032,27.5215,42.8480,64.7309,87.0597,106.7250,133.0430,161.5050,200.0000,200.0000,200.0000,200.0000,200.0000,143.4670,60.1967,30.7049,18.3611,7.9209
81.968,-1.6997098195605668e-14,1.0,1.9796934324875015e-46,4,183.042,-0.0672999,-0.0320328,14046.1,0.0,8.7797,18.0042,26.7793,41.6927,62.9861,84.7135,103.8490,129.4590,157.1560,199.9480,200.0000,200.0000,200.0000,200.0000,148.1600,62.1672,31.7105,18.9625,8.1804
82.080,-0.009399126468255569,1.0,3.3272707519817435e-47,4,186.461,-0.0375628,-0.0300377,14282.4,0.0,8.5511,17.5948,26.2458,41.0581,62.4504,84.5787,104.3250,131.1350,160.6360,200.0000,200.0000,200.0000,200.0000,200.0000,145.2180,62.7643,32.3616,19.4416,8.4233
82.192,-0.013223059276667984,1.0,5.592143952855716e-48,4,189.843,-0.0100548,-0.02436,14518.7,0.0,8.3692,17.3896,26.1587,41.5064,64.4482,89.1998,112.2190,144.9800,183.1990,200.0000,200.0000,200.0000,200.0000,200.0000,130.7210,60.8218,32.2765,19.6391,8.6123
82.299,-0.015772750110528564,1.0,9.398716341564602e-49,4,193.157,0.0125945,-0.0171884,14791.4,0.0,8.2380,17.3345,26.3668,42.6493,68.1816,97.4664,126.4770,171.0550,200.0000,200.0000,200.0000,200.0000,200.0000,198.8740,115.5040,57.9776,31.7978,19.6449,8.7437
82.409,-0.018178450236568,1.0,1.579642255526763e-49,4,196.458,0.0285189,-0.00892002,15033.2,0.0,8.1707,17.4523,26.9073,44.5913,74.1099,110.9650,151.0810,200.0000,200.0000,200.0000,200.0000,200.0000,200.0000,177.7360,101.4070,54.6064,30.9829,19.4598,8.8062
82.520,-0.0208133166999486,1.0,2.654904738863831e-50,5,196.718,0.0359017,0.00139922,13470.2,0.0,8.1921,17.8402,28.0067,48.0126,84.6187,137.0050,200.0000,200.0000,200.0000,200.0000,200.0000,198.7290,183.5890,138.0680,87.3536,50.4261,29.6990,19.0137,8.7776
82.634,-0.017722520570009156,1.0,4.462098394608442e-51,5,199.406,0.0330248,0.0121748,13623.5,0.0,8.3068,18.4753,29.6032,52.8516,100.7160,200.0000,200.0000,200.0000,200.0000,199.2170,191.1450,181.0530,148.1630,111.1190,75.6829,46.2741,28.1984,18.3891,8.6607
82.739,0.0254585505723194,1.0,7.499448771818409e-52,5,202.045,0.0241485,0.00388687,13805.7,0.0,8.3127,18.1897,28.6863,49.6152,88.8772,147.3520,200.0000,200.0000,200.0000,200.0000,192.8030,184.9790,170.3390,129.3590,83.4524,48.8752,29.0247,18.6638,8.6566
82.850,0.00834225785153762,1.0,1.2604323550795205e-52,5,204.646,0.0220536,-0.00483257,13988.1,0.0,8.2583,17.7737,27.5949,46.3247,78.6805,121.1160,200.0000,200.0000,200.0000,200.0000,194.3950,186.8740,176.0230,156.6520,94.4379,52.3809,30.1813,19.1041,8.7146
82.959,0.002733591052791847,1.0,2.11840865918215e-53,5,207.235,0.0263798,-0.00705129,14157.4,0.0,8.2038,17.5835,27.1956,45.3320,76.0751,115.3050,200.0000,200.0000,200.0000,198.3700,190.2840,182.8460,172.7860,157.4330,98.1864,53.6121,30.6368,19.3115,8.7712
83.071,0.0008957431161788325,1.0,3.560409433487439e-54,5,209.798,0.0334851,-0.00769359,14322.5,0.0,8.1388,17.4234,26.9185,44.7800,74.8953,113.0330,200.0000,200.0000,200.0000,192.5890,184.7150,177.4720,167.9040,154.2430,99.8862,54.2847,30.9458,19.4823,8.8377
83.178,0.00029351710430947987,1.0,5.98398013486234e-55,5,212.329,0.0416393,-0.00789291,14487.0,0.0,8.0685,17.2667,26.6673,44.3344,74.0733,111.6460,200.0000,200.0000,194.6380,186.3170,178.6920,171.6790,162.5410,150.1020,100.9990,54.8081,31.2204,19.6477,8.9092
83.288,9.617968474013036e-05,1.0,1.0057275412663135e-55,5,214.826,0.0501444,-0.00785429,14652.4,0.0,7.9972,17.1153,26.4353,43.9539,73.4524,110.7380,200.0000,196.5710,187.7800,179.7540,172.3990,165.6340,156.8990,145.4620,101.7590,55.2370,31.4693,19.8058,8.9816
83.399,3.151615909564592e-05,1.0,1.6903262786062935e-56,5,217.29,0.0587811,-0.00784952,14819.7,0.0,7.9245,16.9599,26.1955,43.5560,72.7890,109.7420,200.0000,189.3460,180.8780,173.1470,166.0630,159.5470,151.1930,140.6600,102.5880,55.6887,31.7273,19.9684,9.0554
83.508,1.0327215012461253e-05,1.0,2.8409313764535975e-57,5,219.724,0.0675176,-0.00784952,14985.1,0.0,7.8510,16.8025,25.9524,43.1517,72.1133,108.7240,194.8390,182.0440,173.9020,166.4700,159.6590,153.3940,145.4020,135.6870,103.4350,56.1485,31.9891,20.1332,9.1301
83.619,3.384021815283304e-06,1.0,4.774753364405562e-58,6,219.573,0.0763093,-0.0078705,13697.9,0.0,7.7768,16.6431,25.7052,42.7379,71.4142,107.7050,186.9990,174.7170,166.9020,159.7680,153.2300,147.2170,139.5660,130.5970,104.3230,56.6212,32.2560,20.3003,9.2055
83.731,1.1088762684320332e-06,1.0,8.024927979556427e-59,6,221.565,0.0851462,-0.00787622,13809.4,0.0,7.7024,16.4836,25.4587,42.3273,70.7262,194.8010,179.1150,167.3510,159.8650,153.0320,146.7690,141.0100,133.6820,125.3910,104.3090,57.0887,32.5216,20.4673,9.2812
83.838,3.633565756398086e-07,1.0,1.3487496455240488e-59,6,223.518,0.0940695,-0.00787479,13932.8,0.0,7.6273,16.3229,25.2105,41.9148,70.0372,186.1430,171.1540,159.9130,152.7600,146.2300,140.2460,134.7430,127.7410,120.0600,102.1340,57.5577,32.7889,20.6356,9.3575
83.950,1.1906468270565248e-07,1.0,2.2668435292322688e-60,6,225.451,0.103075,-0.00787527,14048.4,0.0,7.5514,16.1606,24.9598,41.4979,69.3406,177.4110,163.1260,152.4120,145.5940,139.3710,133.6680,128.4220,121.7490,114.6170,98.9878,58.0317,33.0589,20.8054,9.4345
84.058,3.90151152289882e-08,1.0,3.809883919580675e-61,6,227.356,0.112158,-0.00787622,14165.4,0.0,7.4749,15.9969,24.7070,41.0776,68.6380,168.6050,155.0280,144.8460,138.3680,132.4530,127.0330,122.0480,115.7060,109.0670,95.2694,58.5098,33.3312,20.9768,9.5122
84.170,1.2784472958234856e-08,1.0,6.4032719036392415e-62,6,229.238,0.121317,-0.0078767,14280.4,0.0,7.3978,15.8319,24.4521,40.6536,67.9290,159.7250,146.8640,137.2180,131.0800,125.4770,120.3420,115.6200,109.6120,103.4170,91.1523,58.9919,33.6057,21.1496,9.5905
84.279,4.189216098954397e-09,1.0,1.0761979088446473e-62,6,231.095,0.130551,-0.00787717,14393.9,0.0,7.3201,15.6655,24.1950,40.2261,67.3561,150.7730,138.6320,129.5270,123.7330,118.4440,113.5970,109.1390,103.4680,97.6727,86.7310,59.4782,33.8826,21.3238,9.6695
84.389,1.3727223313053769e-09,1.0,1.8087658253951986e-63,6,232.93,0.13986,-0.00787813,14505.2,0.0,7.2417,15.4977,23.9359,39.7953,169.7010,141.7480,130.3340,121.7740,116.3270,111.3550,106.7980,102.6070,97.2749,91.8375,82.0634,59.9238,34.1617,21.4994,9.7491
84.501,0.009298127403893653,1.0,3.03999272274171e-64,6,234.737,0.151101,-0.0137494,14615.1,0.0,7.1061,15.0453,23.0115,37.5883,166.2640,137.8050,126.3090,117.7340,112.2980,107.3500,102.8270,98.6777,93.4113,88.0574,79.2106,61.1280,35.5199,22.0985,9.9045
84.610,0.0030468103877078724,1.0,5.109315769111992e-65,6,236.524,0.167706,-0.0167769,14723.4,0.0,6.9467,14.6280,22.2646,36.0553,158.9200,131.1580,120.0100,111.7180,106.4740,101.7070,97.3558,93.3683,88.3155,83.1860,74.9898,59.5838,36.5912,22.6256,10.0788
84.719,0.0009983788278441156,1.0,8.587227013146526e-66,6,238.289,0.187592,-0.0175207,14830.7,0.0,6.7758,14.2493,21.6626,35.0075,148.4600,122.3930,111.9420,104.1740,99.2635,94.8016,90.7303,87.0008,82.2764,77.4820,69.8838,56.6114,37.3569,23.0636,10.2584
84.831,0.0003271487743079598,1.0,1.4432552440995368e-66,6,240.032,0.208822,-0.0178159,14937.0,0.0,6.5969,13.8657,21.0696,34.6064,137.3400,113.1770,103.4950,96.3010,91.7539,87.6231,83.8544,80.4025,76.0304,71.5941,64.5652,53.0605,37.2316,23.4972,10.4449
84.941,0.00010720011036523228,1.0,2.4256790887580914e-67,6,241.752,0.230567,-0.0177658,15042.0,0.0,6.4159,13.4865,20.4949,200.0000,125.7450,103.6310,94.7671,88.1822,84.0196,80.2378,76.7877,73.6274,69.6248,65.5634,59.1277,49.0840,35.8787,23.9105,10.6323
85.050,3.5127332164479317e-05,1.0,4.076838844475724e-68,6,243.452,0.25251,-0.0177611,15145.8,0.0,6.2329,13.1020,20.3192,199.6040,114.1230,94.0522,86.0088,80.0321,76.2544,72.8227,69.6913,66.8232,63.1904,59.5044,53.6636,44.8287,33.7661,23.7000,10.8218
85.159,1.1510524203656582e-05,1.0,6.851943045910351e-69,6,245.13,0.274609,-0.0177625,15248.4,0.0,6.0487,12.9682,22.7178,179.2860,102.4250,84.4120,77.1927,71.8289,68.4384,65.3581,62.5479,59.9736,56.7133,53.4050,48.1628,40.3304,31.0942,22.6565,11.0099
85.443,3.7717685710541894e-06,1.0,1.1516060677261532e-69,6,246.456,0.292398,-0.0177634,15339.8,0.0,5.9430,13.7925,39.0446,162.8080,93.0102,76.6525,70.0967,65.2259,62.1471,59.3500,56.7980,54.4606,51.4997,48.4957,43.7353,36.6234,28.6377,21.3634,10.9596
85.543,6.267946318254019e-79,1.6618056490412333e-73,5.36947710822779e-186,6,246.456,0.292398,-0.0177634,15339.8,0.0,5.9430,13.7925,39.0446,162.8080,93.0102,76.6525,70.0967,65.2259,62.1471,59.3500,56.7980,54.4606,51.4997,48.4957,43.7353,36.6234,28.6377,21.3634,10.9596
85.643,3.3802204974788646e-155,8.961897936739312e-150,6.638798487927278e-308,6,246.456,0.292398,-0.0177634,15339.8,0.0,5.9430,13.7925,39.0446,162.8080,93.0102,76.6525,70.0967,65.2259,62.1471,59.3500,56.7980,54.4606,51.4997,48.4957,43.7353,36.6234,28.6377,21.3634,10.9596
85.743,1.3192396661271908e-239,3.497668643435541e-234,5e-324,6,246.456,0.292398,-0.0177634,15339.8,0.0,5.9430,13.7925,39.0446,162.8080,93.0102,76.6525,70.0967,65.2259,62.1471,59.3500,56.7980,54.4606,51.4997,48.4957,43.7353,36.6234,28.6377,21.3634,10.9596
85.843,1.705e-321,4.51666286e-316,5e-324,6,246.456,0.292398,-0.0177634,15339.8,0.0,5.9430,13.7925,39.0446,162.8080,93.0102,76.6525,70.0967,65.2259,62.1471,59.3500,56.7980,54.4606,51.4997,48.4957,43.7353,36.6234,28.6377,21.3634,10.9596
85.943,1e-323,1e-323,5e-324,6,246.456,0.292398,-0.0177634,15339.8,0.0,5.9430,13.7925,39.0446,162.8080,93.0102,76.6525,70.0967,65.2259,62.1471,59.3500,56.7980,54.4606,51.4997,48.4957,43.7353,36.6234,28.6377,21.3634,10.9596
86.043,1e-323,1e-323,5e-324,6,246.456,0.292398,-0.0177634,15339.8,0.0,5.9430,13.7925,39.0446,162.8080,93.0102,76.6525,70.0967,65.2259,62.1471,59.3500,56.7980,54.4606,51.4997,48.4957,43.7353,36.6234,28.6377,21.3634,10.9596
86.143,1e-323,1e-323,5e-324,6,246.456,0.292398,-0.0177634,15339.8,0.0,5.9430,13.7925,39.0446,162.8080,93.0102,76.6525,70.0967,65.2259,62.1471,59.3500,56.7980,54.4606,51.4997,48.4957,43.7353,36.6234,28.6377,21.3634,10.9596
86.243,1e-323,1e-323,5e-324,6,246.456,0.292398,-0.0177634,15339.8,0.0,5.9430,13.7925,39.0446,162.8080,93.0102,76.6525,70.0967,65.2259,62.1471,59.3500,56.7980,54.4606,51.4997,48.4957,43.7353,36.6234,28.6377,21.3634,10.9596
86.343,1e-323,1e-323,5e-324,6,246.456,0.292398,-0.0177634,15339.8,0.0,5.9430,13.7925,39.0446,162.8080,93.0102,76.6525,70.0967,65.2259,62.1471,59.3500,56.7980,54.4606,51.4997,48.4957,43.7353,36.6234,28.6377,21.3634,10.9596
86.444,1e-323,1e-323,5e-324,6,246.456,0.292398,-0.0177634,15339.8,0.0,5.9430,13.7925,39.0446,162.8080,93.0102,76.6525,70.0967,65.2259,62.1471,59.3500,56.7980,54.4606,51.4997,48.4957,43.7353,36.6234,28.6377,21.3634,10.9596
86.544,1e-323,1e-323,5e-324,6,246.456,0.292398,-0.0177634,15339.8,0.0,5.9430,13.7925,39.0446,162.8080,93.0102,76.6525,70.0967,65.2259,62.1471,59.3500,56.7980,54.4606,51.4997,48.4957,43.7353,36.6234,28.6377,21.3634,10.9596
86.644,1e-323,1e-323,5e-324,6,246.456,0.292398,-0.0177634,15339.8,0.0,5.9430,13.7925,39.0446,162.8080,93.0102,76.6525,70.0967,65.2259,62.1471,59.3500,56.7980,54.4606,51.4997,48.4957,43.7353,36.6234,28.6377,21.3634,10.9596
86.744,1e-323,1e-323,5e-324,6,246.456,0.292398,-0.0177634,15339.8,0.0,5.9430,13.7925,39.0446,162.8080,93.0102,76.6525,70.0967,65.2259,62.1471,59.3500,56.7980,54.4606,51.4997,48.4957,43.7353,36.6234,28.6377,21.3634,10.9596
86.845,1e-323,1e-323,5e-324,6,246.456,0.292398,-0.0177634,15339.8,0.0,5.9430,13.7925,39.0446,162.8080,93.0102,76.6525,70.0967,65.2259,62.1471,59.3500,56.7980,54.4606,51.4997,48.4957,43.7353,36.6234,28.6377,21.3634,10.9596
86.945,1e-323,1e-323,5e-324,6,246.456,0.292398,-0.0177634,15339.8,0.0,5.9430,13.7925,39.0446,162.8080,93.0102,76.6525,70.0967,65.2259,62.1471,59.3500,56.7980,54.4606,51.4997,48.4957,43.7353,36.6234,28.6377,21.3634,10.9596
87.045,1e-323,1e-323,5e-324,6,246.456,0.292398,-0.0177634,15339.8,0.0,5.9430,13.7925,39.0446,162.8080,93.0102,76.6525,70.0967,65.2259,62.1471,59.3500,56.7980,54.4606,51.4997,48.4957,43.7353,36.6234,28.6377,21.3634,10.9596
87.145,1e-323,1e-323,5e-324,6,246.456,0.292398,-0.0177634,15339.8,0.0,5.9430,13.7925,39.0446,162.8080,93.0102,76.6525,70.0967,65.2259,62.1471,59.3500,56.7980,54.4606,51.4997,48.4957,43.7353,36.6234,28.6377,21.3634,10.9596
87.245,1e-323,1e-323,5e-324,6,246.456,0.292398,-0.0177634,15339.8,0.0,5.9430,13.7925,39.0446,162.8080,93.0102,76.6525,70.0967,65.2259,62.1471,59.3500,56.7980,54.4606,51.4997,48.4957,43.7353,36.6234,28.6377,21.3634,10.9596
87.345,1e-323,1e-323,5e-324,6,246.456,0.292398,-0.0177634,15339.8,0.0,5.9430,13.7925,39.0446,162.8080,93.0102,76.6525,70.0967,65.2259,62.1471,59.3500,56.7980,54.4606,51.4997,48.4957,43.7353,36.6234,28.6377,21.3634,10.9596
87.445,1e-323,1e-323,5e-324,6,246.456,0.292398,-0.0177634,15339.8,0.0,5.9430,13.7925,39.0446,162.8080,93.0102,76.6525,70.0967,65.2259,62.1471,59.3500,56.7980,54.4606,51.4997,48.4957,43.7353,36.6234,28.6377,21.3634,10.9596
87.545,1e-323,1e-323,5e-324,6,246.456,0.292398,-0.0177634,15339.8,0.0,5.9430,13.7925,39.0446,162.8080,93.0102,76.6525,70.0967,65.2259,62.1471,59.3500,56.7980,54.4606,51.4997,48.4957,43.7353,36.6234,28.6377,21.3634,10.9596
87.645,1e-323,1e-323,5e-324,6,246.456,0.292398,-0.0177634,15339.8,0.0,5.9430,13.7925,39.0446,162.8080,93.0102,76.6525,70.0967,65.2259,62.1471,59.3500,56.7980,54.4606,51.4997,48.4957,43.7353,36.6234,28.6377,21.3634,10.9596
87.745,1e-323,1e-323,5e-324,6,246.456,0.292398,-0.0177634,15339.8,0.0,5.9430,13.7925,39.0446,162.8080,93.0102,76.6525,70.0967,65.2259,62.1471,59.3500,56.7980,54.4606,51.4997,48.4957,43.7353,36.6234,28.6377,21.3634,10.9596
87.845,1e-323,1e-323,5e-324,6,246.456,0.292398,-0.0177634,15339.8,0.0,5.9430,13.7925,39.0446,162.8080,93.0102,76.6525,70.0967,65.2259,62.1471,59.3500,56.7980,54.4606,51.4997,48.4957,43.7353,36.6234,28.6377,21.3634,10.9596
87.945,1e-323,1e-323,5e-324,6,246.456,0.292398,-0.0177634,15339.8,0.0,5.9430,13.7925,39.0446,162.8080,93.0102,76.6525,70.0967,65.2259,62.1471,59.3500,56.7980,54.4606,51.4997,48.4957,43.7353,36.6234,28.6377,21.3634,10.9596
88.046,1e-323,1e-323,5e-324,6,246.456,0.292398,-0.0177634,15339.8,0.0,5.9430,13.7925,39.0446,162.8080,93.0102,76.6525,70.0967,65.2259,62.1471,59.3500,56.7980,54.4606,51.4997,48.4957,43.7353,36.6234,28.6377,21.3634,10.9596
88.146,1e-323,1e-323,5e-324,6,246.456,0.292398,-0.0177634,15339.8,0.0,5.9430,13.7925,39.0446,162.8080,93.0102,76.6525,70.0967,65.2259,62.1471,59.3500,56.7980,54.4606,51.4997,48.4957,43.7353,36.6234,28.6377,21.3634,10.9596
88.246,1e-323,1e-323,5e-324,6,246.456,0.292398,-0.0177634,15339.8,0.0,5.9430,13.7925,39.0446,162.8080,93.0102,76.6525,70.0967,65.2259,62.1471,59.3500,56.7980,54.4606,51.4997,48.4957,43.7353,36.6234,28.6377,21.3634,10.9596
88.346,1e-323,1e-323,5e-324,6,246.456,0.292398,-0.0177634,15339.8,0.0,5.9430,13.7925,39.0446,162.8080,93.0102,76.6525,70.0967,65.2259,62.1471,59.3500,56.7980,54.4606,51.4997,48.4957,43.7353,36.6234,28.6377,21.3634,10.9596
88.446,1e-323,1e-323,5e-324,6,246.456,0.292398,-0.0177634,15339.8,0.0,5.9430,13.7925,39.0446,162.8080,93.0102,76.6525,70.0967,65.2259,62.1471,59.3500,56.7980,54.4606,51.4997,48.4957,43.7353,36.6234,28.6377,21.3634,10.9596
88.546,1e-323,1e-323,5e-324,6,246.456,0.292398,-0.0177634,15339.8,0.0,5.9430,13.7925,39.0446,162.8080,93.0102,76.6525,70.0967,65.2259,62.1471,59.3500,56.7980,54.4606,51.4997,48.4957,43.7353,36.6234,28.6377,21.3634,10.9596
88.646,1e-323,1e-323,5e-324,6,246.456,0.292398,-0.0177634,15339.8,0.0,5.9430,13.7925,39.0446,162.8080,93.0102,76.6525,70.0967,65.2259,62.1471,59.3500,56.7980,54.4606,51.4997,48.4957,43.7353,36.6234,28.6377,21.3634,10.9596
88.747,1e-323,1e-323,5e-324,6,246.456,0.292398,-0.0177634,15339.8,0.0,5.9430,13.7925,39.0446,162.8080,93.0102,76.6525,70.0967,65.2259,62.1471,59.3500,56.7980,54.4606,51.4997,48.4957,43.7353,36.6234,28.6377,21.3634,10.9596
88.847,1e-323,1e-323,5e-324,6,246.456,0.292398,-0.0177634,15339.8,0.0,5.9430,13.7925,39.0446,162.8080,93.0102,76.6525,70.0967,65.2259,62.1471,59.3500,56.7980,54.4606,51.4997,48.4957,43.7353,36.6234,28.6377,21.3634,10.9596
88.947,1e-323,1e-323,5e-324,6,246.456,0.292398,-0.0177634,15339.8,0.0,5.9430,13.7925,39.0446,162.8080,93.0102,76.6525,70.0967,65.2259,62.1471,59.3500,56.7980,54.4606,51.4997,48.4957,43.7353,36.6234,28.6377,21.3634,10.9596
89.047,1e-323,1e-323,5e-324,6,246.456,0.292398,-0.0177634,15339.8,0.0,5.9430,13.7925,39.0446,162.8080,93.0102,76.6525,70.0967,65.2259,62.1471,59.3500,56.7980,54.4606,51.4997,48.4957,43.7353,36.6234,28.6377,21.3634,10.9596
89.147,1e-323,1e-323,5e-324,6,246.456,0.292398,-0.0177634,15339.8,0.0,5.9430,13.7925,39.0446,162.8080,93.0102,76.6525,70.0967,65.2259,62.1471,59.3500,56.7980,54.4606,51.4997,48.4957,43.7353,36.6234,28.6377,21.3634,10.9596
89.247,1e-323,1e-323,5e-324,6,246.456,0.292398,-0.0177634,15339.8,0.0,5.9430,13.7925,39.0446,162.8080,93.0102,76.6525,70.0967,65.2259,62.1471,59.3500,56.7980,54.4606,51.4997,48.4957,43.7353,36.6234,28.6377,21.3634,10.9596
89.347,1e-323,1e-323,5e-324,6,246.456,0.292398,-0.0177634,15339.8,0.0,5.9430,13.7925,39.0446,162.8080,93.0102,76.6525,70.0967,65.2259,62.1471,59.3500,56.7980,54.4606,51.4997,48.4957,43.7353,36.6234,28.6377,21.3634,10.9596
89.447,1e-323,1e-323,5e-324,6,246.456,0.292398,-0.0177634,15339.8,0.0,5.9430,13.7925,39.0446,162.8080,93.0102,76.6525,70.0967,65.2259,62.1471,59.3500,56.7980,54.4606,51.4997,48.4957,43.7353,36.6234,28.6377,21.3634,10.9596
89.547,1e-323,1e-323,5e-324,6,246.456,0.292398,-0.0177634,15339.8,0.0,5.9430,13.7925,39.0446,162.8080,93.0102,76.6525,70.0967,65.2259,62.1471,59.3500,56.7980,54.4606,51.4997,48.4957,43.7353,36.6234,28.6377,21.3634,10.9596
89.647,1e-323,1e-323,5e-324,6,246.456,0.292398,-0.0177634,15339.8,0.0,5.9430,13.7925,39.0446,162.8080,93.0102,76.6525,70.0967,65.2259,62.1471,59.3500,56.7980,54.4606,51.4997,48.4957,43.7353,36.6234,28.6377,21.3634,10.9596
89.747,1e-323,1e-323,5e-324,6,246.456,0.292398,-0.0177634,15339.8,0.0,5.9430,13.7925,39.0446,162.8080,93.0102,76.6525,70.0967,65.2259,62.1471,59.3500,56.7980,54.4606,51.4997,48.4957,43.7353,36.6234,28.6377,21.3634,10.9596
89.848,1e-323,1e-323,5e-324,6,246.456,0.292398,-0.0177634,15339.8,0.0,5.9430,13.7925,39.0446,162.8080,93.0102,76.6525,70.0967,65.2259,62.1471,59.3500,56.7980,54.4606,51.4997,48.4957,43.7353,36.6234,28.6377,21.3634,10.9596
89.948,1e-323,1e-323,5e-324,6,246.456,0.292398,-0.0177634,15339.8,0.0,5.9430,13.7925,39.0446,162.8080,93.0102,76.6525,70.0967,65.2259,62.1471,59.3500,56.7980,54.4606,51.4997,48.4957,43.7353,36.6234,28.6377,21.3634,10.9596
90.048,1e-323,1e-323,5e-324,6,246.456,0.292398,-0.0177634,15339.8,0.0,5.9430,13.7925,39.0446,162.8080,93.0102,76.6525,70.0967,65.2259,62.1471,59.3500,56.7980,54.4606,51.4997,48.4957,43.7353,36.6234,28.6377,21.3634,10.9596
90.148,1e-323,1e-323,5e-324,6,246.456,0.292398,-0.0177634,15339.8,0.0,5.9430,13.7925,39.0446,162.8080,93.0102,76.6525,70.0967,65.2259,62.1471,59.3500,56.7980,54.4606,51.4997,48.4957,43.7353,36.6234,28.6377,21.3634,10.9596
90.248,1e-323,1e-323,5e-324,6,246.456,0.292398,-0.0177634,15339.8,0.0,5.9430,13.7925,39.0446,162.8080,93.0102,76.6525,70.0967,65.2259,62.1471,59.3500,56.7980,54.4606,51.4997,48.4957,43.7353,36.6234,28.6377,21.3634,10.9596
90.348,1e-323,1e-323,5e-324,6,246.456,0.292398,-0.0177634,15339.8,0.0,5.9430,13.7925,39.0446,162.8080,93.0102,76.6525,70.0967,65.2259,62.1471,59.3500,56.7980,54.4606,51.4997,48.4957,43.7353,36.6234,28.6377,21.3634,10.9596
90.448,1e-323,1e-323,5e-324,6,246.456,0.292398,-0.0177634,15339.8,0.0,5.9430,13.7925,39.0446,162.8080,93.0102,76.6525,70.0967,65.2259,62.1471,59.3500,56.7980,54.4606,51.4997,48.4957,43.7353,36.6234,28.6377,21.3634,10.9596
90.552,1e-323,1e-323,5e-324,6,246.456,0.292398,-0.0177634,15339.8,0.0,5.9430,13.7925,39.0446,162.8080,93.0102,76.6525,70.0967,65.2259,62.1471,59.3500,56.7980,54.4606,51.4997,48.4957,43.7353,36.6234,28.6377,21.3634,10.9596
90.653,1e-323,1e-323,5e-324,6,246.456,0.292398,-0.0177634,15339.8,0.0,5.9430,13.7925,39.0446,162.8080,93.0102,76.6525,70.0967,65.2259,62.1471,59.3500,56.7980,54.4606,51.4997,48.4957,43.7353,36.6234,28.6377,21.3634,10.9596
90.753,1e-323,1e-323,5e-324,6,246.456,0.292398,-0.0177634,15339.8,0.0,5.9430,13.7925,39.0446,162.8080,93.0102,76.6525,70.0967,65.2259,62.1471,59.3500,56.7980,54.4606,51.4997,48.4957,43.7353,36.6234,28.6377,21.3634,10.9596
90.853,1e-323,1e-323,5e-324,6,246.456,0.292398,-0.0177634,15339.8,0.0,5.9430,13.7925,39.0446,162.8080,93.0102,76.6525,70.0967,65.2259,62.1471,59.3500,56.7980,54.4606,51.4997,48.4957,43.7353,36.6234,28.6377,21.3634,10.9596
90.953,1e-323,1e-323,5e-324,6,246.456,0.292398,-0.0177634,15339.8,0.0,5.9430,13.7925,39.0446,162.8080,93.0102,76.6525,70.0967,65.2259,62.1471,59.3500,56.7980,54.4606,51.4997,48.4957,43.7353,36.6234,28.6377,21.3634,10.9596
91.053,1e-323,1e-323,5e-324,6,246.456,0.292398,-0.0177634,15339.8,0.0,5.9430,13.7925,39.0446,162.8080,93.0102,76.6525,70.0967,65.2259,62.1471,59.3500,56.7980,54.4606,51.4997,48.4957,43.7353,36.6234,28.6377,21.3634,10.9596
91.153,1e-323,1e-323,5e-324,6,246.456,0.292398,-0.0177634,15339.8,0.0,5.9430,13.7925,39.0446,162.8080,93.0102,76.6525,70.0967,65.2259,62.1471,59.3500,56.7980,54.4606,51.4997,48.4957,43.7353,36.6234,28.6377,21.3634,10.9596
91.254,1e-323,1e-323,5e-324,6,246.456,0.292398,-0.0177634,15339.8,0.0,5.9430,13.7925,39.0446,162.8080,93.0102,76.6525,70.0967,65.2259,62.1471,59.3500,56.7980,54.4606,51.4997,48.4957,43.7353,36.6234,28.6377,21.3634,10.9596
91.354,1e-323,1e-323,5e-324,6,246.456,0.292398,-0.0177634,15339.8,0.0,5.9430,13.7925,39.0446,162.8080,93.0102,76.6525,70.0967,65.2259,62.1471,59.3500,56.7980,54.4606,51.4997,48.4957,43.7353,36.6234,28.6377,21.3634,10.9596
