time,steer,accel,brake,gear,speedX,trackPos,angle,rpm,damage,track_0,track_1,track_2,track_3,track_4,track_5,track_6,track_7,track_8,track_9,track_10,track_11,track_12,track_13,track_14,track_15,track_16,track_17,track_18
0.100,0.0,0.0,0.0,1,-0.00913045,0.333439,0.00822276,5235.99,0.0,5.7030,12.6267,22.4550,140.4860,90.9268,77.3570,71.6721,67.3518,64.5773,62.0267,59.6744,57.4982,54.7119,51.8501,47.2417,40.0655,31.0431,22.7658,11.2227
0.218,0.0,0.0,0.0,1,-0.00913045,0.333439,0.00822276,5235.99,0.0,5.7030,12.6267,22.4550,140.4860,90.9268,77.3570,71.6721,67.3518,64.5773,62.0267,59.6744,57.4982,54.7119,51.8501,47.2417,40.0655,31.0431,22.7658,11.2227
0.319,0.0,0.0,0.0,1,-0.00913045,0.333439,0.00822276,5235.99,0.0,5.7030,12.6267,22.4550,140.4860,90.9268,77.3570,71.6721,67.3518,64.5773,62.0267,59.6744,57.4982,54.7119,51.8501,47.2417,40.0655,31.0431,22.7658,11.2227
0.420,0.0,0.0,0.0,1,-0.00913045,0.333439,0.00822276,5235.99,0.0,5.7030,12.6267,22.4550,140.4860,90.9268,77.3570,71.6721,67.3518,64.5773,62.0267,59.6744,57.4982,54.7119,51.8501,47.2417,40.0655,31.0431,22.7658,11.2227
0.539,0.0,0.0,0.0,1,-0.00913045,0.333439,0.00822276,5235.99,0.0,5.7030,12.6267,22.4550,140.4860,90.9268,77.3570,71.6721,67.3518,64.5773,62.0267,59.6744,57.4982,54.7119,51.8501,47.2417,40.0655,31.0431,22.7658,11.2227
0.661,0.0,0.0,0.0,1,-0.00913045,0.333439,0.00822276,5235.99,0.0,5.7030,12.6267,22.4550,140.4860,90.9268,77.3570,71.6721,67.3518,64.5773,62.0267,59.6744,57.4982,54.7119,51.8501,47.2417,40.0655,31.0431,22.7658,11.2227
0.780,0.0,0.0,0.0,1,-0.00913045,0.333439,0.00822276,5235.99,0.0,5.7030,12.6267,22.4550,140.4860,90.9268,77.3570,71.6721,67.3518,64.5773,62.0267,59.6744,57.4982,54.7119,51.8501,47.2417,40.0655,31.0431,22.7658,11.2227
0.902,0.0,0.0,0.0,1,-0.00913045,0.333439,0.00822276,5235.99,0.0,5.7030,12.6267,22.4550,140.4860,90.9268,77.3570,71.6721,67.3518,64.5773,62.0267,59.6744,57.4982,54.7119,51.8501,47.2417,40.0655,31.0431,22.7658,11.2227
1.021,0.0,0.0,0.0,1,-0.0265772,0.333457,0.0087263,5235.99,0.0,5.7058,12.6462,22.5488,139.7530,90.6212,77.1366,71.4834,67.1858,64.4247,61.8863,59.5448,57.3781,54.6035,51.7529,47.1617,40.0047,31.0000,22.7398,11.2173
1.141,0.0,0.0,0.0,1,-0.0567184,0.333377,0.00908869,5235.99,0.0,5.7086,12.6621,22.6203,139.2270,90.4014,76.9779,71.3474,67.0657,64.3145,61.7848,59.4510,57.2911,54.5251,51.6827,47.1037,39.9602,30.9680,22.7201,11.2126
1.260,0.0,0.0,0.0,1,-0.059806,0.333216,0.0100166,5235.99,0.0,5.7154,12.7021,22.8071,137.8970,89.8410,76.5724,70.9994,66.7589,64.0330,61.5252,59.2107,57.0686,54.3238,51.5023,46.9549,39.8456,30.8862,22.6699,11.2011
1.360,0.0,0.531301822265625,0.0,1,1.02842,0.333117,0.0102054,5235.99,0.0,5.7173,12.7121,22.8547,137.6090,89.7140,76.4788,70.9183,66.6865,63.9660,61.4629,59.1530,57.0147,54.2745,51.4580,46.9173,39.8164,30.8654,22.6572,11.1982
1.462,0.0,0.8366419772137499,0.0,1,4.36605,0.333014,0.0102527,5235.99,0.0,5.7185,12.7195,22.9250,137.3760,89.5774,76.3663,70.8152,66.5908,63.8747,61.3760,59.0697,56.9346,54.1991,51.3869,46.8534,39.7645,30.8318,22.6401,11.1968
1.564,0.0,0.9385510579371515,0.0,1,8.38463,0.332702,0.0102555,5235.99,0.0,5.7212,12.7350,23.0808,136.9650,89.3107,76.1390,70.6046,66.3927,63.6848,61.1935,58.8942,56.7656,54.0381,51.2341,46.7143,39.6511,30.7584,22.6028,11.1941
1.682,0.0,0.9751997433756265,0.0,1,13.3278,0.33208,0.0102541,5235.99,0.0,5.7265,12.7682,23.4121,136.1550,88.7816,75.6879,70.1863,65.9991,63.3071,60.8307,58.5451,56.4289,53.7178,50.9305,46.4372,39.4248,30.6116,22.5277,11.1889
1.783,0.0,0.9853089401905752,0.0,1,17.4956,0.331345,0.0102517,5235.99,0.0,5.7328,12.8121,23.8447,135.1970,88.1568,75.1547,69.6919,65.5341,62.8613,60.4021,58.1325,56.0315,53.3391,50.5715,46.1100,39.1569,30.4369,22.4372,11.1828
1.904,0.0,0.9874570416610682,0.0,1,22.5328,0.3302,0.0102469,5384.44,0.0,5.7426,12.8907,24.6262,133.7080,87.1840,74.3249,68.9222,64.8104,62.1668,59.7350,57.4903,55.4125,52.7497,50.0126,45.6003,38.7385,30.1627,22.2928,11.1732
2.004,0.0,0.9879701382552488,0.0,1,26.9457,0.329001,0.0102407,10172.3,0.0,5.7528,12.9872,25.6326,132.1460,86.1637,73.4550,68.1152,64.0514,61.4388,59.0351,56.8169,54.7631,52.1317,49.4265,45.0659,38.2986,29.8718,22.1366,11.1630
2.106,0.0,0.9854563342003549,0.0,2,31.7173,0.327604,0.0102317,11769.6,0.0,5.7648,13.1186,27.1783,130.3320,84.9780,72.4433,67.1770,63.1690,60.5921,58.2216,56.0339,54.0084,51.4130,48.7451,44.4443,37.7850,29.5297,21.9493,11.1468
2.224,0.0,0.9861030613663678,0.0,2,37.004,0.325644,0.010224,7887.74,0.0,5.7815,13.3411,31.1197,127.7730,83.3072,71.0184,65.8556,61.9263,59.3999,57.0760,54.9311,52.9455,50.4013,47.7857,43.5695,37.0588,29.0409,21.6752,11.1147
2.346,0.0,0.9862421786532002,0.0,2,42.4694,0.323383,0.0102164,11572.5,0.0,5.8008,13.6577,200.0000,124.8170,81.3776,69.3729,64.3293,60.4909,58.0234,55.7531,53.6579,51.7182,49.2328,46.6778,42.5592,36.2160,28.4667,21.3440,11.0640
2.464,0.0,0.9872198095246145,0.0,2,48.2461,0.320801,0.0101969,15554.7,0.0,5.8322,14.1074,200.0000,121.4550,79.1799,67.4982,62.5905,58.8553,56.4541,54.2451,52.2062,50.3190,47.9008,45.4147,41.4072,35.2489,27.7991,20.9481,10.9889
2.565,0.0,0.9865371285912756,0.0,3,52.9397,0.318403,0.0101711,8127.7,0.0,5.8821,14.6232,200.0000,118.3330,77.1375,65.7556,60.9738,57.3348,54.9952,52.8431,50.8568,49.0179,46.6620,44.2399,40.3358,34.3437,27.1668,20.5632,10.9030
2.685,0.0,0.9843067933343063,0.0,3,58.2135,0.314433,0.0132783,8102.43,0.0,5.9853,15.4890,200.0000,114.1770,74.4257,63.4432,58.8295,55.3180,53.0609,50.9843,49.0677,47.2936,45.0203,42.6834,38.9165,33.1377,26.3106,20.0259,10.7617
2.804,0.0,0.9837221243287034,0.0,3,63.0525,0.307699,0.0265436,8967.34,0.0,6.1342,16.6963,200.0000,109.7120,71.4999,60.9454,56.5118,53.1377,50.9688,48.9736,47.1320,45.4274,43.2432,40.9982,37.3792,31.8277,25.3653,19.4189,10.5840
2.905,0.0,0.9835824699969045,0.0,3,67.7583,0.297831,0.0384005,9337.8,0.0,6.3075,18.1086,200.0000,105.7520,68.8934,58.7174,54.4433,51.1913,49.1007,47.1776,45.4028,43.7599,41.6550,39.4914,36.0042,30.6551,24.5020,18.8508,10.3997
3.008,0.0,0.9835367080654606,0.0,3,72.5489,0.28256,0.051376,10071.6,0.0,6.5456,20.1926,200.0000,101.5770,66.0868,56.3052,52.1989,49.0751,47.0674,45.2209,43.5170,41.9398,39.9196,37.8431,34.4969,29.3660,23.5331,18.1986,10.1686
3.121,0.0,0.9835217127957652,0.0,3,78.0162,0.259847,0.0659676,10212.9,0.0,6.8768,23.6952,200.0000,96.9162,62.9354,53.5920,49.6726,46.6921,44.7771,43.0161,41.3915,39.8879,37.9623,35.9836,32.7959,27.9100,22.4154,17.4295,9.8733
3.228,0.0,0.9835167991457913,0.0,3,83.1236,0.229291,0.0810641,10819.7,0.0,7.3034,28.1816,200.0000,92.3466,59.7380,50.8154,47.0781,44.2382,42.4146,40.7383,39.1923,37.7622,35.9313,34.0506,31.0227,26.3859,21.2156,16.5846,9.5227
3.338,0.0,0.9835151890409678,0.0,3,88.6768,0.189766,0.096648,10722.8,0.0,7.8443,32.7293,200.0000,87.8094,56.4679,47.9559,44.3986,41.6987,39.9664,38.3752,36.9084,35.5522,33.8170,32.0359,29.1707,24.7891,19.9261,15.6570,9.1104
3.448,0.0,0.9825734993324443,0.0,3,93.9304,0.140099,0.112472,10992.9,0.0,8.5191,37.1886,200.0000,83.4748,53.1878,45.0573,41.6713,39.1061,37.4622,35.9537,34.5646,33.2811,31.6404,29.9580,27.2553,23.1306,18.5650,14.6453,8.6316
3.559,0.029087791076687502,0.9815119967612553,0.0,3,99.4694,0.0804113,0.119886,10765.4,0.0,9.2247,38.6648,200.0000,87.9081,53.1458,44.4081,40.8383,38.1603,36.4560,34.9000,33.4738,32.1620,30.4929,28.7905,26.0750,21.9762,17.5012,13.7563,8.1405
3.671,0.00953148738000896,0.9800799448487281,0.0,3,104.634,0.0122096,0.123334,10982.8,0.0,9.9826,38.5975,200.0000,101.1830,55.3291,45.1430,41.1170,38.1464,36.2775,34.5858,33.0471,31.6420,29.8677,28.0738,25.2444,21.0468,16.5616,12.8863,7.6131
3.777,0.003123277784681336,0.9792251900780312,0.0,3,109.816,-0.0638631,0.133646,11103.3,0.0,10.9033,39.9405,200.0000,110.1620,55.0555,44.0735,39.8454,36.7651,34.8443,33.1165,31.5544,30.1351,28.3533,26.5633,23.7631,19.6599,15.3417,11.8528,6.9941
3.887,0.00102343566448438,0.9773247993472692,0.0,3,114.762,-0.149246,0.150082,11498.0,0.0,11.8775,42.3699,200.0000,110.1260,51.9323,41.1092,37.0060,34.0386,32.1974,30.5474,29.0603,27.7133,26.0277,24.3402,21.7123,17.8880,13.8964,10.6957,6.2899
4.000,0.0006457508584991804,0.9755440734532381,0.0,3,119.674,-0.247011,0.166094,11876.4,0.0,12.8897,45.4109,200.0000,102.8980,46.9969,36.9852,33.2199,30.5071,28.8282,27.3265,25.9753,24.7533,23.2264,21.7007,19.3301,15.8919,12.3182,9.4634,5.5484
4.109,0.16354200641696146,0.974575065192282,0.0,3,124.28,-0.344639,0.12606,12408.5,0.0,13.1700,39.5273,96.8726,171.8350,69.9458,47.7590,40.8578,36.2768,33.5898,31.2755,29.2618,27.4936,25.3521,23.2838,20.2040,16.0045,11.9431,8.8991,4.9749
4.217,0.05358944466270994,0.9727140347059569,0.0,3,128.69,-0.422664,0.0640174,12983.6,0.0,12.9250,32.2828,58.9054,196.3850,172.0210,151.9100,100.8740,74.4193,62.6828,54.1475,47.6613,42.5656,37.0281,32.2405,25.9610,18.7126,12.8268,8.9883,4.6132
4.329,0.017560189227076795,0.9719069446580729,0.0,3,133.282,-0.476736,0.0258178,13362.0,0.0,12.8670,29.4316,48.5259,92.0982,184.4630,173.0260,165.8150,157.9050,149.9790,121.6190,90.9034,72.5788,56.6099,45.2421,32.8803,21.2924,13.4692,8.9736,4.3297
4.437,0.005754122805928524,0.9729977508286823,0.0,3,138.067,-0.507576,0.00611193,13599.7,0.0,12.8711,28.2862,44.7951,78.1122,188.4540,176.6830,170.7950,165.0000,160.2560,154.6800,147.4080,125.3890,82.5870,59.4181,38.9513,23.0944,13.8136,8.9169,4.1531
4.549,0.0018855109610466585,0.9727995240852926,0.0,3,142.844,-0.520701,-0.000954702,13917.7,0.0,12.8913,27.9480,43.6888,74.2912,129.0390,174.7620,169.0350,163.7150,159.4680,154.6660,148.9590,141.2580,100.1600,67.4030,41.7968,23.7823,13.8942,8.8577,4.0709
4.660,0.0006178442317157691,0.9731938562553937,0.0,3,147.566,-0.52415,-0.00287153,14299.5,0.0,12.8959,27.8568,43.3984,73.3240,125.9270,170.5920,164.9850,159.8490,155.7760,151.2200,145.9090,139.1240,106.5500,70.0632,42.6825,23.9887,13.9204,8.8434,4.0494
4.768,0.00020245519784862324,0.9829108776615174,0.0,3,152.28,-0.523583,-0.00321779,14739.8,0.0,12.8866,27.8188,43.3127,73.0955,126.9520,165.6440,160.1870,155.1670,151.2030,146.7890,141.6880,135.3040,108.0730,70.7471,42.9552,24.0868,13.9600,8.8629,4.0556
4.878,-0.09308173173276896,0.988174543032751,0.0,4,156.444,-0.52262,0.00425099,12222.9,0.0,12.9751,28.4119,44.8375,77.6524,168.0900,157.5360,152.1540,146.8970,142.6790,137.8670,132.0210,123.3690,84.4543,59.8396,38.7083,22.7166,13.5064,8.6906,4.0336
4.987,-0.05050649418443374,0.9906161299640968,0.0,4,157.606,-0.536204,0.0452611,12224.7,0.0,13.6675,32.6326,56.3945,167.2030,146.4820,134.3120,125.0820,100.0850,76.1854,61.5036,51.5697,44.4013,37.1723,31.3456,24.2359,16.6980,11.0447,7.5616,3.7688
5.098,-0.016549968014355248,0.9917836188572602,0.0,4,161.119,-0.571055,0.0621798,12425.4,0.0,14.2435,35.4128,64.2435,153.9090,133.3460,116.5580,79.1814,57.5615,48.1710,41.4174,36.3271,32.3533,28.0596,24.3682,19.5553,14.0400,9.5928,6.7076,3.4330
5.210,0.006805591895118573,0.992069806617772,0.0,4,164.596,-0.619789,0.0662946,12677.3,0.0,14.7542,37.0638,68.1268,145.9560,125.1220,100.6760,62.3027,46.7263,39.6493,34.4363,30.4368,27.2716,23.8083,20.7943,16.8126,12.1763,8.3792,5.8873,3.0320
5.318,0.02517015956459246,0.9926454596231364,0.0,4,168.042,-0.670278,0.051236,12932.4,0.0,14.9585,36.2162,63.6117,144.9150,125.7140,112.1640,91.7435,58.5716,46.5528,38.6291,33.0126,28.8239,24.4788,20.8846,16.3832,11.4659,7.6759,5.2958,2.6648
5.427,0.008247757886125659,0.9928340895999342,0.0,4,171.468,-0.713989,0.0428686,13183.4,0.0,15.2095,36.1158,62.0255,141.2150,122.7010,110.7560,101.0100,67.5281,50.2725,40.0431,33.2750,28.4658,23.6779,19.8633,15.2616,10.4451,6.8742,4.6914,2.3292
5.538,0.0027026253041256562,0.9928958998707313,0.0,4,174.876,-0.752763,0.0405189,13433.1,0.0,15.5138,36.6431,62.5546,135.0690,117.1020,105.5250,96.3088,64.3189,46.6679,36.6207,30.1352,25.6029,21.1519,17.6487,13.4724,9.1584,5.9969,4.0798,2.0178
5.648,0.000885596259655895,0.9929161538602662,0.0,4,178.257,-0.78972,0.0398535,13682.0,0.0,15.8295,37.3329,63.6253,128.1590,110.7030,99.2387,89.9130,56.3290,40.5399,31.6662,25.9813,22.0283,18.1620,15.1299,11.5278,7.8210,5.1138,3.4759,1.7172
5.759,0.006422168369864043,0.991981628578182,0.0,4,181.611,-0.826404,0.0394394,13927.0,0.0,16.1468,38.0456,64.7728,121.0210,104.0260,92.6222,82.9589,47.3780,33.9187,26.4163,21.6330,18.3176,15.0833,12.5526,9.5526,6.4730,4.2286,2.8725,1.4182
5.869,0.09297513968953704,0.9926165654431236,0.0,4,184.829,-0.85665,0.0105982,14201.7,0.0,15.9239,35.3054,56.3949,123.4080,106.7330,98.1121,92.7344,87.1817,82.2308,74.4519,44.5104,30.6656,21.3648,15.8676,10.7078,6.4972,3.9406,2.5631,1.2037
5.979,0.0304660937734675,0.9928246215550277,0.0,4,188.031,-0.862684,-0.0197996,14426.7,0.0,15.5015,32.4675,49.1827,127.3110,108.6960,101.2010,96.9957,93.0289,89.9750,86.6693,83.0024,78.7485,70.0728,34.5721,16.4804,8.0620,4.3707,2.6856,1.1889
6.088,0.009983129607689831,0.9928927973817765,0.0,4,191.294,-0.847271,-0.0283942,14644.6,0.0,15.2479,31.4625,47.0447,122.6390,104.2170,96.9745,93.0867,89.4733,86.7380,83.8378,80.7214,77.3032,71.6555,59.9861,22.1308,9.7860,5.0893,3.0690,1.3344
6.199,0.003271271909847804,0.9929151372366855,0.0,4,194.534,-0.821392,-0.0307011,14878.8,0.0,15.0016,30.8328,45.9485,115.2070,97.7747,90.9187,87.2383,83.8453,81.2989,78.6247,75.7891,72.7396,67.9241,60.7157,27.4063,11.7319,6.0277,3.6157,1.5643
6.308,0.15457666122291894,0.992922457560342,0.0,5,196.214,-0.788614,-0.0488069,13453.1,0.0,14.4873,28.9022,42.0215,113.9010,95.6180,88.5960,85.2334,82.2282,80.0094,77.7202,75.3488,72.8792,69.2126,64.5973,52.8665,17.3030,7.9298,4.5451,1.8880
6.417,0.07984853372392606,0.9929248562839977,0.0,5,197.326,-0.723271,-0.117224,13583.4,0.0,13.1723,23.8285,32.2222,43.6277,112.2530,101.8190,97.0351,93.2180,90.6782,88.2797,86.0112,83.8626,81.0390,77.8997,71.7178,57.3638,18.0309,7.8043,2.6799
6.527,0.026164767530656097,0.9929256422977654,0.0,5,199.847,-0.613536,-0.138809,13680.5,0.0,12.1297,21.3590,28.3697,37.5366,114.0300,102.4870,97.2635,93.1251,90.3862,87.8104,85.3836,83.0935,80.0963,76.9386,71.4939,59.9871,32.8570,12.1015,3.8488
6.637,0.008573671024445392,0.9929258998587567,0.0,5,202.421,-0.476988,-0.144404,13833.1,0.0,11.0567,19.3390,25.5751,33.9086,108.5370,97.2931,92.2231,88.2150,85.5665,83.0785,80.7370,78.5298,75.6443,72.6085,67.5390,57.6006,39.6168,16.8607,5.2477
6.748,0.0028094205212902657,0.9929259842563423,0.0,5,204.963,-0.3293,-0.14628,14003.6,0.0,9.9372,17.3421,22.9015,31.1833,101.2030,90.6363,85.8777,82.1184,79.6356,77.3042,75.1109,73.0442,70.3434,67.5033,62.7837,54.1372,39.8852,21.8382,6.7465
6.858,0.0009205909164163943,0.9929260119117431,0.0,5,207.481,-0.176681,-0.146878,14169.5,0.0,8.7924,15.3334,20.3181,29.8494,93.1892,83.4346,79.0434,75.5753,73.2851,71.1350,69.1126,67.2069,64.7169,62.0989,57.7494,50.2015,38.5130,25.1220,8.2883
6.968,0.013794542805710075,0.992926020973865,0.0,5,209.972,-0.0211392,-0.14765,14332.3,0.0,7.6258,13.3052,18.2779,111.5180,85.1266,76.1866,72.1645,68.9887,66.8921,64.9239,63.0730,61.3292,59.0511,56.6563,52.6787,46.0591,36.3551,25.7210,9.8644
7.078,0.08692954336157507,0.9919848618339661,0.0,5,212.264,0.147544,-0.186656,14516.7,0.0,6.1918,10.6360,14.6367,23.9911,93.3919,81.6632,76.5565,72.5959,70.0151,67.6163,65.3813,63.2941,60.5936,57.7864,53.1942,45.9828,37.1451,27.5513,11.9172
7.187,0.02848507276872092,0.9916764628070039,0.0,5,214.595,0.346998,-0.190731,14624.4,0.0,4.7839,8.5358,12.0206,20.5903,100.8580,86.0252,79.7889,75.0409,71.9874,69.1781,66.5845,64.1831,61.1057,57.9411,52.8388,45.0072,36.2670,27.7741,13.2583
7.297,0.009333988644854472,0.991914224973224,0.0,5,216.938,0.510559,-0.120817,14769.8,0.0,3.7734,7.3375,11.2246,151.5340,96.0800,81.2853,75.1355,70.4809,67.5002,64.7659,62.2493,59.9252,56.9556,53.9121,49.0263,41.5782,33.3451,26.1235,13.6765
7.409,0.014556254356177162,0.991456048942351,0.0,5,219.246,0.599377,-0.0435703,14953.5,0.0,3.3024,7.3549,14.5976,139.9780,87.7735,74.0386,68.3528,64.0585,61.3127,58.7969,56.4836,54.3493,51.6251,48.8363,44.3664,37.5687,30.0775,23.7551,13.4181
7.518,0.11329202445598212,0.9924443435080545,0.0,6,218.923,0.612143,-0.00276244,13727.5,0.0,3.3303,8.2406,27.6335,200.0000,109.3620,86.7286,78.1265,71.8981,68.0304,64.5622,61.4349,58.6009,55.0525,51.4982,45.9592,37.8893,29.4556,22.6849,13.0586
7.629,0.03712353057373622,0.9913451507619693,0.0,6,220.646,0.569612,0.0434496,13882.9,0.0,3.8975,11.4370,30.0264,200.0000,150.0440,107.0960,92.9339,83.3077,77.5752,72.5861,68.2047,64.3268,59.5910,54.9756,48.0269,38.4015,28.9240,21.7095,12.2706
7.739,0.012164638498401884,0.991323785642307,0.0,6,222.557,0.46265,0.121204,14076.1,0.0,5.2948,16.2218,41.5218,200.0000,141.6820,99.6898,86.1025,76.9390,71.5095,66.8005,62.6779,59.0388,54.6071,50.3011,43.8425,34.9439,26.2358,19.6423,11.0599
7.847,0.0039861087431563285,0.9917986597198961,0.0,6,224.764,0.309705,0.129033,14000.5,0.0,6.7871,20.5856,51.5656,200.0000,132.7750,92.1295,79.2172,70.5737,65.4766,61.0705,57.2241,53.8373,49.7238,45.7382,39.7809,31.6135,23.6661,17.6778,9.9193
7.957,0.0013061681129574658,0.9918036805201405,0.0,6,226.698,0.160598,0.128323,14119.4,0.0,8.2455,24.9460,62.1564,192.1450,119.0850,82.3235,70.7021,62.9379,58.3650,54.4155,50.9703,47.9388,44.2592,40.6967,35.3766,28.0921,21.0141,15.6876,8.7948
8.067,0.1184847341931914,0.9901473745640896,0.0,6,228.542,0.0150859,0.111034,14250.4,0.0,9.4642,27.0093,60.1492,188.7800,147.7960,90.4315,74.9386,65.1783,59.6357,54.9657,50.9776,47.5325,43.4291,39.5357,33.8620,26.3546,19.3340,14.2191,7.7973
8.178,0.04205593111642496,0.9888517065409108,0.0,6,230.243,-0.102877,0.0708417,14358.6,0.0,10.0983,25.6657,47.8975,128.9690,177.2800,166.0130,130.7780,100.8700,86.7133,76.0462,67.7207,61.0424,53.6433,47.1240,38.3956,28.0616,19.4585,13.7428,7.1258
8.288,0.01378088750823013,0.9893683041524507,0.0,6,232.073,-0.189913,0.059516,14457.9,0.0,10.7555,26.5654,47.7997,114.0200,172.5770,163.8380,155.0680,115.5880,95.7408,81.7158,71.2794,63.2113,54.5707,47.2050,37.6876,26.8996,18.2916,12.7495,6.4988
8.398,0.004515721218696849,0.9917602312953,0.0,6,233.917,-0.262614,0.0563158,14572.3,0.0,11.3717,27.8689,49.6681,115.1150,165.5070,157.1990,149.5280,113.8740,93.0041,78.6041,68.0699,60.0296,51.5171,44.3395,35.1709,24.9197,16.8457,11.6961,5.9324
8.507,0.0014797115289425836,0.9904644261845938,0.0,6,235.745,-0.33062,0.0552517,14686.3,0.0,11.9700,29.2598,51.9849,119.3890,157.8190,149.6120,141.9770,106.2810,86.3563,72.7277,62.8185,55.2895,47.3505,40.6820,32.1975,22.7557,15.3521,10.6452,5.3904
8.618,0.0004848718738039058,0.9912520335627926,0.0,6,237.551,-0.397438,0.0549289,14800.4,0.0,12.5665,30.6942,54.4822,124.7830,149.8520,141.6290,133.6180,96.4953,78.2788,65.8522,56.8342,49.9920,42.7861,36.7406,29.0581,20.5212,13.8361,9.5902,4.8537
8.728,0.00015888281560806384,0.9892136812016059,0.0,6,239.353,-0.464249,0.0549756,14893.0,0.0,13.1680,32.1669,57.1041,151.9710,141.6860,133.3700,124.3330,85.6892,69.5291,58.5010,50.4956,44.4204,38.0212,32.6514,25.8266,18.2411,12.2999,8.5259,4.3154
8.838,0.0391221267949247,0.9885457538998923,0.0,6,241.104,-0.530752,0.0501706,14995.0,0.0,13.6928,33.0686,57.9112,144.4840,134.6110,126.9270,119.9300,86.0705,67.9543,56.1418,47.8311,41.6663,35.3011,30.0587,23.5220,16.4176,10.9679,7.5568,3.7961
8.952,0.012819538508160927,0.9883268874816666,0.0,6,242.799,-0.587677,0.0365681,15107.2,0.0,13.9928,32.7601,55.3803,138.1750,129.3590,123.0690,118.4990,112.3160,88.8695,67.6680,54.6374,45.8179,37.3762,30.8797,23.2993,15.6504,10.1585,6.8736,3.3775
9.069,0.0033605651026833378,0.988248178435744,0.0,6,244.68,-0.638709,0.0329833,15226.1,0.0,14.3872,33.4191,56.0109,129.4170,120.8830,114.9270,110.7120,105.4200,89.3757,65.7344,51.9869,42.9979,34.6214,28.3211,21.1249,14.0276,9.0302,6.0794,2.9693
9.170,0.06853823123378477,0.9865352861566995,0.0,6,246.191,-0.676196,0.0276845,15328.2,0.0,14.6337,33.6056,55.6395,122.4580,114.2940,108.7470,104.9590,100.5780,95.4349,70.1862,53.3697,43.0567,33.8922,27.2649,19.9585,13.0131,8.2706,5.5254,2.6746
9.271,0.038756733338686594,0.7265129294428273,0.0,6,247.369,-0.697191,-0.00479835,15319.0,0.0,14.3325,30.8485,47.8975,80.4162,112.0430,107.8780,105.3130,102.7910,100.7720,98.4960,95.8252,92.4081,73.0551,46.7959,27.9650,15.5147,8.9405,5.6595,2.5818
9.371,0.012699806380420823,0.23806375671982566,0.08117523193359374,6,246.336,-0.694563,-0.0151344,15053.0,0.0,14.1661,29.9181,45.6569,74.2815,105.9660,102.1760,99.8886,97.6864,95.9670,94.0888,91.9991,89.6012,85.2480,64.3138,33.5329,17.1539,9.4913,5.8885,2.6319
9.477,0.004161472554736295,0.07800873180195247,0.6272828165130615,6,239.175,-0.67974,-0.0186273,14369.8,0.0,13.9948,29.3727,44.5762,71.8167,99.0471,95.4616,93.3242,91.2873,89.7142,88.0176,86.1628,84.0940,80.6145,74.0681,37.5572,18.5908,10.1318,6.2409,2.7696
9.590,0.0010909050613887913,0.020449520989491026,0.823973219746327,6,223.797,-0.657416,-0.0196124,13308.2,0.0,13.7957,28.9044,43.7979,96.5068,90.7418,87.3436,85.3406,83.4494,82.0022,80.4567,78.7887,76.9627,74.0124,69.4832,40.9628,20.0770,10.8936,6.6963,2.9657
9.714,0.00028597421641270333,0.005360719230269135,0.8493715439548135,6,207.444,-0.634781,-0.0198916,12269.8,0.0,13.6037,28.4879,43.1481,88.4686,82.9120,79.6914,77.8132,76.0550,74.7209,73.3083,71.8005,70.1740,67.6202,64.0239,43.9134,21.4618,11.6303,7.1449,3.1625
9.830,7.49664249872917e-05,0.0014052803818996723,0.8505573883118492,6,191.609,-0.61313,-0.0202181,11268.4,0.0,13.4193,28.0856,42.5172,80.9884,75.6515,72.6089,70.8530,69.2232,67.9965,66.7082,65.3471,63.8978,61.6745,58.7125,46.8226,22.8066,12.3407,7.5761,3.3511
9.950,1.9651998511868592e-05,0.0003683858204327077,0.8509191689112654,6,176.51,-0.59274,-0.0205799,10314.4,0.0,13.2451,27.7033,41.9149,74.0429,68.9333,66.0671,64.4300,62.9230,61.7975,60.6245,59.3966,58.1042,56.1594,53.6669,47.1773,24.0938,13.0157,7.9844,3.5291
10.055,6.4395668723691e-06,0.00012071266563938967,0.8509592998129105,5,164.51,-0.576758,-0.020779,10647.0,0.0,13.1097,27.4105,41.5676,68.6377,63.7196,60.9974,59.4555,58.0454,56.9988,55.9146,54.7875,53.6113,51.8647,49.6806,44.5950,25.0884,13.5406,8.3029,3.6683
10.171,1.6880938181903253e-06,3.1644101021372166e-05,0.8450571318032155,5,150.5,-0.55886,-0.0208786,9393.14,0.0,12.9596,27.0920,69.4334,62.5941,57.9074,55.3535,53.9210,52.6211,51.6630,50.6770,49.6600,48.6082,47.0675,45.1849,41.1155,26.1749,14.1206,8.6567,3.8239
10.290,4.425236658756847e-07,8.295311218146585e-06,0.7240153134349413,5,136.965,-0.542362,-0.0213581,8615.26,0.0,12.8166,26.7704,63.7124,57.0721,52.6208,50.2323,48.9054,47.7102,46.8352,45.9404,45.0239,44.0837,42.7225,41.0902,37.7273,27.2826,14.6856,8.9939,3.9689
10.410,1.160049238673155e-07,2.174566063969818e-06,0.10297505312910624,4,127.287,-0.526997,-0.0211319,9380.51,0.0,12.6917,26.5200,58.3514,51.9186,47.6981,45.4674,44.2396,43.1415,42.3425,41.5300,40.7033,39.8612,38.6539,37.2277,34.3849,27.4167,15.1606,9.2892,4.1011
10.531,0.009345079419272106,5.70049446273304e-07,0.01211491202558622,4,121.906,-0.512603,-0.0204636,9009.76,0.0,12.5801,27.9480,53.1991,46.9919,43.0078,40.9341,39.8035,38.7993,38.0730,37.3385,36.5956,35.8439,34.7756,33.5297,31.1089,25.7765,15.5674,9.5520,4.2230
10.649,0.10936026136312738,1.49435042043869e-07,0.0014253072848981934,3,120.912,-0.49364,-0.0439031,10975.1,0.0,12.1523,57.2825,49.6963,43.8522,40.1856,38.3084,37.2950,36.4014,35.7591,35.1135,34.4647,33.8124,32.8931,31.8341,29.8231,25.6886,18.3012,10.7069,4.4984
10.750,0.14710636607145236,4.8966874576935e-08,0.00023955139537283935,3,119.965,-0.461456,-0.0890813,10869.2,0.0,11.4294,55.5993,48.3500,42.8650,39.4769,37.7611,36.8408,36.0331,35.4550,34.8758,34.2956,33.7145,32.8997,31.9672,30.2161,26.7141,20.9541,13.4546,5.0379
10.870,0.17602718266629122,1.283637236909605e-08,2.818298211421918e-05,3,118.436,-0.391027,-0.16093,10723.4,0.0,10.2877,20.9332,47.6401,42.5457,39.4403,37.8812,37.0492,36.3213,35.8016,35.2824,34.7635,34.2452,33.5206,32.6946,31.1539,28.1153,23.2589,17.1937,6.2495
10.972,0.19823364484474265,4.206222497905394e-09,4.7367138039368185e-06,3,117.073,-0.300311,-0.226858,10595.0,0.0,9.2000,17.3015,47.2534,42.4324,39.5174,38.0609,37.2857,36.6088,36.1262,35.6445,35.1638,34.6842,34.0147,33.2530,31.8362,29.0576,24.6563,19.1900,7.9157
11.090,0.2357513472973693,1.1026359904909116e-09,5.572696423193629e-07,3,115.311,-0.149918,-0.314489,10428.9,0.0,7.7666,13.7836,47.0974,42.5531,39.8235,38.4652,37.7436,37.1142,36.6660,36.2191,35.7735,35.3292,34.7097,34.0056,32.6983,30.1433,26.1116,21.0963,10.0332
11.209,0.2679526058682622,2.8904940909124956e-10,6.556221614923075e-08,3,113.404,0.0442123,-0.372918,10250.8,0.0,6.3943,10.8667,47.1633,42.8470,40.2659,38.9847,38.3048,37.7123,37.2906,36.8702,36.4512,36.0339,35.4522,34.7915,33.5656,31.1730,27.4009,22.6896,11.8048
11.311,0.20814234497914652,9.471571037102065e-11,1.1019041668201211e-08,3,111.82,0.203535,-0.356375,10099.8,0.0,5.3560,8.9243,13.6653,42.8580,40.3804,39.1529,38.5021,37.9353,37.5321,37.1303,36.7301,36.3315,35.7762,35.1457,33.9768,31.6981,28.1093,23.6201,12.9876
11.431,0.15593168192387158,2.4829155179500836e-11,1.2963792332222044e-09,3,110.054,0.375525,-0.326374,9942.18,0.0,4.2516,7.0647,10.0558,42.3684,39.9992,38.8288,38.2093,37.6702,37.2869,36.9053,36.5253,36.1471,35.6206,35.0233,33.9173,31.7659,28.3876,24.1683,14.0151
11.533,0.05109569353281425,8.136017569218834e-12,2.178824577276559e-10,3,108.844,0.501392,-0.2825,9844.99,0.0,3.4723,5.9314,8.5091,41.1165,38.8379,37.7165,37.1241,36.6095,36.2439,35.8802,35.5183,35.1584,34.6578,34.0908,33.0430,31.0114,27.8394,23.9027,14.4296
11.653,0.013394429485466059,2.1328081896653022e-12,2.563365326920099e-11,3,107.753,0.624179,-0.191156,9771.83,0.0,2.7735,5.2604,8.8753,38.0187,35.8794,34.8350,34.2856,33.8095,33.4721,33.1370,32.8042,32.4738,32.0152,31.4971,30.5433,28.7085,25.8791,22.4229,14.2477
11.769,0.01706844448514739,5.591028700716209e-13,3.0157736734682274e-12,3,106.808,0.698845,-0.07936,9692.66,0.0,2.4323,5.7516,37.6383,34.1848,32.2163,31.2649,30.7669,30.3367,30.0326,29.7313,29.4327,29.1369,28.7273,28.2661,27.4209,25.8093,23.3602,20.4226,13.6347
11.872,0.1364261256536626,1.8320682846506872e-13,5.068610812998051e-13,3,105.997,0.716721,-0.00320196,9619.32,0.0,2.4707,9.4889,34.9123,31.6268,29.7772,28.8893,28.4262,28.0270,27.7453,27.4666,27.1908,26.9180,26.5410,26.1172,25.3432,23.8758,21.6671,19.0485,13.0977
11.990,0.21469334175300556,4.8026570841146976e-14,5.963169935384078e-14,3,104.874,0.699829,0.0432004,9512.33,0.0,2.7707,38.1941,33.2594,30.0528,28.2625,27.4072,26.9621,26.5791,26.3092,26.0423,25.7785,25.5177,25.1578,24.7538,24.0176,22.6277,20.5490,18.1053,12.6286
12.111,0.23475147522356268,1.258987738658163e-14,7.015609797280015e-15,3,103.594,0.657582,0.0665072,9391.58,0.0,3.2765,37.6743,32.3224,29.1199,27.3415,26.4947,26.0547,25.6764,25.4100,25.1468,24.8868,24.6300,24.2759,23.8788,23.1564,21.7964,19.7727,17.4096,12.1799
12.214,0.24298579337737344,4.1254510220350685e-15,1.1791135386288522e-15,3,102.444,0.610472,0.0785062,9286.09,0.0,3.8165,37.9394,31.7419,28.4963,26.7121,25.8642,25.4242,25.0462,24.7802,24.5175,24.2582,24.0022,23.6494,23.2542,22.5358,21.1865,19.1870,16.8651,11.7820
12.333,0.2812425395962265,1.081462232720361e-15,1.387215287061458e-16,3,100.998,0.545413,0.087029,9154.89,0.0,4.5566,38.5900,31.5634,27.8654,26.0586,25.2032,24.7600,24.3795,24.1120,23.8480,23.5875,23.3305,22.9765,22.5803,21.8611,20.5142,18.5276,16.2366,11.2875
12.452,0.33417353974573094,2.834988355342463e-16,1.632044913074935e-17,3,99.4277,0.476344,0.0846677,9011.08,0.0,5.2890,39.3650,32.6006,27.9221,25.7732,24.8425,24.3797,23.9905,23.7172,23.4476,23.1817,22.9194,22.5585,22.1548,21.4229,20.0553,18.0464,15.7442,10.8348
12.573,0.3806450275117152,7.431751874228946e-17,1.9200845197835304e-18,3,97.7067,0.408226,0.0704539,8853.38,0.0,5.9091,40.3841,34.1460,29.4249,26.5889,25.3683,24.7688,24.2708,23.9293,23.5990,23.2795,22.9703,22.5537,22.0998,21.3069,19.8862,17.8106,15.4446,10.4602
12.690,0.40635594384300633,1.9481891633178726e-17,2.2589602366801257e-19,3,95.8431,0.345181,0.0470753,8683.38,0.0,6.3664,41.5845,35.6614,31.3408,28.7043,27.3694,26.6519,26.0211,25.5690,25.1156,24.6700,24.2417,23.6695,23.0518,21.9876,20.1676,17.8197,15.3404,10.1763
12.791,0.42236079665084425,6.3838262503600054e-18,3.796634469788287e-20,3,94.1988,0.298826,0.0229399,8534.8,0.0,6.6193,42.6684,36.8938,32.7646,30.2891,29.0528,28.3932,27.8164,27.4047,26.9934,26.5826,26.1721,25.5969,24.9393,23.7070,21.3199,18.2753,15.3974,10.0130
12.892,0.4375108029441886,2.091852185717967e-18,6.3810035533731736e-21,3,92.4883,0.259675,-0.00431871,8381.33,0.0,6.7589,43.8289,38.1254,34.1064,31.7249,30.5454,29.9188,29.3724,28.9832,28.5952,28.2083,27.8228,27.2848,26.6719,25.5299,23.2833,19.6615,15.8797,9.9249
12.993,0.4530229475461062,6.854581242160635e-19,1.0724552672154293e-21,3,90.7287,0.228968,-0.0333328,8223.47,0.0,6.7973,45.0558,39.3622,35.3958,33.0652,31.9173,31.3093,30.7800,30.4036,30.0287,29.6554,29.2838,28.7664,28.1785,27.0865,24.9520,21.5545,17.2133,9.9176
13.112,0.4725006131716276,1.7968873451449571e-19,1.2617328973262803e-22,3,88.575,0.204716,-0.0704422,8032.27,0.0,6.6919,16.7681,40.9181,36.9563,34.6475,33.5141,32.9163,32.3966,32.0274,31.6599,31.2941,30.9303,30.4241,29.8506,28.7894,26.7215,23.4608,19.3357,10.1725
13.232,0.36404870208584716,4.710432362056796e-20,1.4844161363753956e-23,2,86.4824,0.195564,-0.10961,9784.86,0.0,6.2986,12.0596,42.5914,38.5850,36.2639,35.1281,34.5296,34.0102,33.6419,33.2757,32.9114,32.5492,32.0455,31.4750,30.4213,28.3770,25.1690,21.1336,11.1454
13.333,0.10236524918950504,1.5435144763987708e-20,2.494858200406128e-24,2,84.7118,0.204071,-0.175155,9534.51,0.0,5.8274,9.9861,43.7547,39.6944,37.3521,36.2091,35.6074,35.0857,34.7159,34.3485,33.9833,33.6203,33.1160,32.5452,31.4922,29.4542,26.2685,22.2797,12.3465
13.434,-0.008616015569868147,0.19292467968750002,4.193108177422581e-25,2,83.8586,0.243809,-0.24631,9950.91,0.0,5.2870,8.6027,44.1243,40.0304,37.6809,36.5375,35.9367,35.4165,35.0480,34.6818,34.3180,33.9568,33.4554,32.8887,31.8451,29.8298,26.6967,22.8010,13.1581
13.555,0.21313002454348176,0.44889613863824995,4.9331498396558934e-26,2,85.4292,0.333287,-0.292201,10415.4,0.0,4.5420,7.6983,42.7315,38.6937,36.3957,35.2841,34.7013,34.1971,33.8404,33.4865,33.1357,32.7878,32.3058,31.7617,30.7614,28.8425,25.8863,22.2605,13.4652
13.673,0.11707560248155147,0.5500971039765604,5.8038014548567636e-27,2,88.4599,0.46328,-0.296962,10872.3,0.0,3.7441,6.9302,41.0605,37.1071,34.8789,33.8059,33.2454,32.7617,32.4199,32.0812,31.7456,31.4131,30.9530,30.4349,29.4860,27.6738,24.9098,21.5625,13.6000
13.774,0.038363333421154784,0.5777575182497893,9.754449105177764e-28,2,91.6303,0.561931,-0.208359,11062.5,0.0,3.2287,6.7057,39.2636,35.4125,33.2606,32.2298,31.6924,31.2293,30.9027,30.5796,30.2598,29.9434,29.5060,29.0141,28.1150,26.4082,23.8250,20.7319,13.5024
13.894,0.2789135664940841,0.5993096895203227,1.1476011827750587e-28,2,95.3324,0.641596,-0.112748,11520.2,0.0,2.8405,7.2229,37.3143,33.5642,31.4895,30.5020,29.9889,29.5473,29.2362,28.9287,28.6249,28.3246,27.9104,27.4457,26.5989,24.9984,22.6001,19.7635,13.2686
13.994,0.1827210016406799,0.6099736057026444,1.9287733078900417e-29,2,98.3237,0.679741,-0.067652,11967.1,0.0,2.6372,7.5127,36.9785,33.1814,31.0929,30.1019,29.5876,29.1457,28.8346,28.5275,28.2243,27.9250,27.5123,27.0495,26.2073,24.6219,22.2579,19.4828,13.2158
14.095,0.1677475222543797,0.6178379616635175,3.241689298570793e-30,2,101.467,0.691889,-0.0106192,12289.7,0.0,2.6867,41.8440,35.8313,32.0503,29.9868,29.0115,28.5068,28.0739,27.7695,27.4691,27.1727,26.8803,26.4775,26.0268,25.2087,23.6744,21.4028,18.7602,12.8949
14.195,0.3083328549964503,0.6233363210122764,5.448307204107932e-31,2,104.391,0.679233,0.0342319,12729.9,0.0,2.9472,41.0477,34.9342,31.1281,29.0655,28.0952,27.5939,27.1642,26.8626,26.5652,26.2721,25.9833,25.5861,25.1421,24.3374,22.8341,20.6237,18.0759,12.5177
14.315,0.34275648673801945,0.6280777460666922,6.409878942560942e-32,2,107.6,0.637558,0.0580573,13321.2,0.0,3.4407,41.3260,34.8806,30.9005,28.7573,27.7530,27.2350,26.7918,26.4809,26.1748,25.8733,25.5765,25.1687,24.7135,23.8901,22.3583,20.1216,17.5695,12.1131
14.437,0.3392478017730832,0.6187423212586569,7.541158477133524e-33,2,110.494,0.573305,0.064562,13870.9,0.0,4.1059,42.6306,35.3527,31.0985,28.8194,27.7550,27.2071,26.7388,26.4106,26.0877,25.7699,25.4573,25.0283,24.5501,23.6869,22.0872,19.7682,17.1497,11.6695
14.549,0.33037455790709375,0.24332806206402938,8.872097536762822e-34,2,111.905,0.492802,0.0727732,13153.6,0.0,4.9701,44.5639,35.4857,30.9563,28.5506,27.4316,26.8568,26.3662,26.0229,25.6853,25.3535,25.0274,24.5804,24.0829,23.1869,21.5345,19.1587,16.5082,11.0895
14.649,0.32561162363681206,0.07973373937714115,1.491133433003728e-34,2,110.781,0.420814,0.0881249,12666.0,0.0,5.8442,45.9651,35.1126,30.2324,27.7702,26.6294,26.0449,25.5469,25.1989,24.8571,24.5215,24.1920,23.7406,23.2389,22.3379,20.6845,18.3254,15.7221,10.5047
14.753,0.32637773084983246,0.026127151719101616,2.506147960849365e-35,2,108.933,0.348628,0.0877454,12349.9,0.0,6.6088,50.4921,36.1001,30.2166,27.5892,26.3962,25.7863,25.2674,24.9050,24.5493,24.2003,23.8579,23.3895,22.8696,21.9383,20.2356,17.8245,15.1915,10.0177
14.877,0.33584195976685344,0.006849076060252176,2.948458014459669e-36,2,106.357,0.265932,0.0653674,11993.7,0.0,7.2377,67.3088,40.9618,32.2331,28.6693,27.1935,26.4740,25.8790,25.4725,25.0802,24.6976,24.3226,23.8098,23.2414,22.2246,20.3737,17.7727,14.9675,9.5923
14.996,0.3535579263063864,0.0017954441947387462,3.4688313694316563e-37,2,103.48,0.192698,0.0233232,11621.4,0.0,7.5234,119.0650,56.7309,38.9995,32.9380,30.5914,29.4794,28.5751,27.9649,27.3823,26.8254,26.2927,25.5847,24.8253,23.5283,21.3409,18.3852,15.2336,9.3593
15.115,0.3781625007110763,0.0004706649229855939,4.08104541782265e-38,2,100.269,0.133734,-0.0340422,11220.9,0.0,7.5208,45.2158,117.6690,62.7732,46.3481,41.0216,38.6625,36.8158,35.6043,34.4725,33.4130,32.4190,31.1267,29.7756,27.5482,24.0071,19.8738,16.0970,9.3555
15.232,0.38615334276359325,0.00012338198557113552,4.80130912361417e-39,2,96.6709,0.0928268,-0.104052,10789.2,0.0,7.3037,20.0185,51.1481,97.1803,119.2600,130.8120,137.1800,142.8890,66.6771,61.1390,57.3596,54.0242,49.9630,46.0180,40.1026,31.9556,23.9865,17.9549,9.6448
15.351,0.02768483684303147,3.234384722555975e-05,5.648692170840835e-40,2,92.9065,0.0725867,-0.182642,10344.9,0.0,6.9522,14.2061,21.8969,36.2714,59.9576,72.5625,78.2932,83.1322,86.5407,89.9323,93.3215,96.7200,101.5100,107.0540,117.7280,140.5730,36.4429,22.8826,10.2975
15.452,-0.38396067949774515,1.059843185887142e-05,9.493756931532193e-41,2,90.3481,0.0714156,-0.231772,10037.7,0.0,6.6972,12.1003,16.5123,22.6166,29.2070,34.2313,37.7011,41.3776,44.4800,48.0892,52.3405,57.2194,63.0011,68.7591,78.7135,98.1480,133.5200,30.8124,10.9331
15.570,-0.22767272638541317,2.778315321211989e-06,1.116931009237831e-41,2,89.1097,0.0837542,-0.200366,9967.39,0.0,6.7568,12.0122,16.0553,21.4025,26.8758,30.8540,33.5090,36.2436,38.4910,41.0389,43.9515,47.3129,52.9688,59.0527,68.8210,87.1971,120.1480,33.3178,10.9073
15.670,-0.07460379898197218,9.103983644547446e-07,1.8772259472260232e-42,2,88.3491,0.109297,-0.148163,10023.4,0.0,6.7566,12.1416,16.3447,21.9896,27.8717,32.2150,35.1462,38.1930,40.7180,43.6040,46.9343,50.7742,55.7488,60.8542,69.8379,87.6239,120.3650,32.1429,10.8450
15.771,-0.30591696594678863,2.983193360645307e-07,3.1550536495027775e-43,2,87.4318,0.141881,-0.0888255,9977.37,0.0,6.7124,12.6144,17.5209,24.5837,32.5922,38.9843,43.5525,48.4782,51.8886,55.0459,58.0622,60.9951,65.0241,69.5867,78.1883,96.2245,130.7010,28.4985,10.6786
15.871,-0.2749551463846468,0.008470556737655042,5.302698668719318e-44,2,86.2234,0.156954,0.00683945,9823.65,0.0,7.2029,15.8520,25.1385,43.9552,61.6758,69.9124,74.3598,78.3105,81.1741,84.0773,87.0243,90.0182,94.2948,99.3138,109.1420,130.6890,32.3477,20.9071,9.7506
15.992,-0.07207784189385687,0.6104488528910608,6.23857195676159e-45,2,87.6914,0.141974,0.0737836,10723.7,0.0,7.8832,20.1903,38.0668,64.4534,80.5501,89.1842,93.9889,98.3178,101.4860,104.7190,108.0210,111.3940,116.2390,121.9620,49.8256,35.1910,24.5189,17.3736,9.0476
16.092,0.055476758860213166,0.7912970226934677,1.0485167887729204e-45,2,91.6139,0.112878,0.0876395,11684.5,0.0,8.2844,22.0348,43.2980,67.2437,83.0801,91.7050,96.5299,100.8890,104.0850,107.3530,110.6940,114.1120,119.0290,124.8450,42.8930,32.0596,22.8105,16.4030,8.7138
16.212,0.057841436524051715,0.8528056413263314,1.2335695168234532e-46,2,96.9891,0.0767347,0.0543992,13181.8,0.0,8.2976,20.2414,35.8736,56.7932,70.7706,78.4098,82.6895,86.5596,89.3995,92.3040,95.2761,98.3175,102.6960,107.8780,118.1430,36.7789,24.7726,17.1593,8.6774
16.314,0.018953481920201267,0.8248048662216872,2.0732602869251782e-47,2,101.628,0.0514157,0.0259272,14212.9,0.0,8.2661,18.9120,31.1891,48.9922,61.3623,68.1701,71.9941,75.4579,78.0023,80.6074,83.2751,86.0069,89.9436,94.6088,103.8620,124.5570,27.0519,18.0258,8.6990
16.431,0.004968541564489242,0.8171675734133179,2.4391699949646033e-48,2,107.327,0.0305513,-0.00518686,14672.1,0.0,8.1837,17.6014,27.3106,41.5128,51.9988,57.8571,61.1670,64.1755,66.3907,68.6626,70.9934,73.3844,76.8366,80.9360,89.0926,107.4270,30.4843,19.2831,8.7902
16.531,0.0016280916998518348,0.9035448044404509,4.099513010537011e-49,3,110.232,0.0249211,-0.024463,10063.8,0.0,8.0786,16.7829,25.2420,37.1496,46.2693,51.4476,54.3928,57.0799,59.0639,61.1038,63.2009,65.3562,68.4749,72.1888,79.6048,96.3764,34.9102,20.3396,8.9175
16.650,0.00042679447056595944,0.9781193312464875,4.8230360617666895e-50,3,114.904,0.0343168,-0.0300906,11456.6,0.0,7.9583,16.3736,24.4150,34.6824,42.7643,47.4334,50.1099,52.5633,54.3813,56.2559,58.1881,60.1794,63.0692,66.5224,73.4527,89.2571,122.3700,20.8971,9.0529
16.752,-0.09862534545304118,0.992633910040974,8.106076709011276e-51,3,119.424,0.047783,-0.0281776,11932.8,0.0,7.8615,16.2274,24.0361,33.3191,40.7773,45.1377,47.6522,49.9654,51.6844,53.4609,55.2960,57.1915,59.9493,63.2543,69.9158,85.2214,117.6230,21.0408,9.1522
16.870,-0.03414181403236203,0.970793428010656,9.536718187384677e-52,3,124.803,0.0582459,0.0052616,12369.9,0.0,8.0334,17.6137,25.9080,35.4080,43.1306,47.6808,50.3152,52.7457,54.5552,56.4287,58.3670,60.3723,63.2958,66.8077,73.9094,90.3262,125.4240,19.3004,8.9326
16.972,-0.011187589622124388,0.9610467916624068,1.6028362257537428e-52,3,129.155,0.0574201,0.0191962,12688.9,0.0,8.1561,18.0478,25.9876,35.1412,42.6650,47.1326,49.7298,52.1318,53.9248,55.7838,57.7108,59.7078,62.6249,66.1378,73.2678,89.8547,125.8230,18.8971,8.8051
17.080,-0.0036659493673777193,0.9743707853481874,2.6938868446243158e-53,3,133.927,0.0477386,0.0249621,13122.2,0.0,8.2897,17.8223,25.0833,33.4934,40.4866,44.6767,47.1246,49.3970,51.0971,52.8642,54.7002,56.6070,59.4001,62.7747,69.6578,85.8130,121.2690,19.3477,8.6765
17.190,-0.0012012582887023311,0.995084400974144,4.527615619760088e-54,3,138.785,0.0324116,0.0268809,13623.7,0.0,8.4127,17.1979,23.7115,31.2703,37.6168,41.4517,43.7039,45.8013,47.3754,49.0159,50.7243,52.5030,55.1161,58.2858,64.7869,80.2083,114.4660,20.7044,8.5573
17.299,-0.03447021336936229,1.0,7.60956357213078e-55,3,143.771,0.0139389,0.0266597,14048.5,0.0,8.3638,16.3636,22.1836,28.9419,34.6620,38.1454,40.2015,42.1229,43.5693,45.0799,46.6577,48.3043,50.7316,53.6875,59.7879,74.4320,107.4970,23.1171,8.6204
17.411,-0.1407065344522601,1.0,1.2789393495680203e-55,3,148.478,0.00222651,0.0291173,14648.0,0.0,8.5035,16.8758,23.1242,30.5206,36.8723,40.7721,43.0824,45.2471,46.8791,48.5873,50.3724,52.2391,54.9941,58.3550,65.3073,82.0503,121.8870,21.5200,8.4696
17.520,-0.0461067172093166,1.0,2.149513364818972e-56,4,151.564,-0.00665029,0.0453584,12154.8,0.0,8.7386,17.9191,25.0541,33.7210,41.2859,45.9644,48.7447,51.3538,53.3235,55.3849,57.5429,59.7991,63.1312,67.1969,75.6076,95.8374,146.2530,19.3024,8.2330
17.630,-0.015108249095148865,1.0,3.6126871122512463e-57,4,153.876,-0.0191701,0.0281703,11931.0,0.0,8.7146,17.6016,24.4994,32.9385,40.3788,45.0167,47.7849,50.3910,52.3629,54.4315,56.6013,58.8750,62.2403,66.3592,74.9193,95.7059,145.0470,19.8722,8.2518
17.741,-0.004950671063498381,1.0,6.07184322956067e-58,4,157.566,-0.0235443,0.000454124,12175.2,0.0,8.5367,16.7324,22.9890,30.6312,37.4110,41.6681,44.2216,46.6340,48.4652,50.3916,52.4163,54.5455,57.7077,61.5944,69.7276,89.7049,139.3060,21.7400,8.4411
17.850,-0.0448731942801809,1.0,1.020494691592262e-58,4,161.199,-0.0103836,-0.0247691,12438.8,0.0,8.2482,15.7582,21.4120,28.3057,34.4543,38.3410,40.6829,42.9038,44.5947,46.3783,48.2589,50.2408,53.1960,56.8453,64.5382,83.6958,133.4660,24.3672,8.7817
17.962,-0.023652072900129672,1.0,1.7151454281591146e-59,4,164.765,0.0174281,-0.033295,12706.0,0.0,7.9712,15.1655,20.6138,27.3216,33.3734,37.2329,39.5708,41.7955,43.4942,45.2906,47.1899,49.1961,52.1969,55.9171,63.8027,83.8020,132.0260,25.7856,9.1070
18.071,-0.00775031124791449,1.0,2.8826449211070235e-60,4,168.329,0.0577164,-0.051554,12962.4,0.0,7.5338,14.0960,19.0300,25.1110,30.6335,34.1805,36.3403,38.4033,39.9843,41.6604,43.4381,45.3220,48.1521,51.6775,59.2138,78.6423,126.8630,29.3534,9.6628
18.180,-0.026409457349872868,1.0,4.844861318904575e-61,4,171.871,0.114169,-0.0727781,13221.1,0.0,6.9647,12.7693,17.0825,22.3838,27.2149,30.3364,32.2460,34.0768,35.4841,36.9816,38.5744,40.2698,42.8259,46.0312,52.9524,71.0671,120.1030,35.4179,10.4398
18.292,-0.13805254145908757,1.0,8.142758418682918e-62,4,175.153,0.179637,-0.0522254,13542.0,0.0,6.5714,12.4421,17.0040,22.8314,28.3244,31.9492,34.1901,36.3536,38.0258,39.8123,41.7197,43.7558,46.8405,50.7229,59.1427,84.1243,123.5120,32.4528,10.7772
18.400,-0.04523705678531381,1.0,1.3685534074280386e-62,4,178.429,0.233304,-0.0295699,13771.4,0.0,6.2731,12.3211,17.2675,23.8735,30.3390,34.7013,37.4267,40.0741,42.1290,44.3319,46.6912,49.2146,53.0449,57.8733,69.3203,104.1480,124.8610,29.8555,10.9709
18.511,-0.014823278767411633,1.0,2.3001277118643048e-63,4,181.88,0.277318,-0.037308,13969.5,0.0,5.8765,11.4687,16.0446,22.1966,28.2884,32.4440,35.0612,37.6160,39.6088,41.7529,44.0590,46.5374,50.3173,55.1783,67.3239,100.7910,120.0260,31.9107,11.4573
18.624,-0.1401227842511617,1.0,3.865824645330338e-64,4,185.238,0.322795,-0.0385554,14230.6,0.0,5.5049,10.7707,15.1260,21.0653,27.0508,31.1918,33.8207,36.4042,38.4287,40.6160,42.9781,45.5270,49.4967,54.9675,69.3832,98.6441,115.8840,33.0406,11.8764
18.732,-0.14684807224752067,1.0,6.497291481406699e-65,4,188.089,0.355418,0.0106122,14563.1,0.0,5.4934,11.6537,17.3397,25.8646,35.0935,41.6856,46.1170,50.8553,54.8892,59.6225,65.2552,72.0687,82.2085,88.0065,95.3168,105.7010,55.3396,27.2774,11.5296
18.842,-0.04811917631406758,1.0,1.0919997792800241e-65,4,191.174,0.359645,0.0362179,14727.4,0.0,5.6042,12.4759,19.2687,30.0660,42.6337,53.6929,62.3351,72.5657,77.8086,81.1854,83.9342,86.3302,89.3033,92.3287,97.2897,105.4780,43.5154,24.9053,11.2653
18.950,-0.01576769169459366,1.0,1.8353240290359368e-66,4,194.516,0.343633,0.0300419,14899.0,0.0,5.7085,12.5790,19.2942,29.9110,43.4136,56.1493,66.5872,72.9536,75.9053,78.4013,80.6173,82.6381,85.2269,87.9285,92.4612,100.1330,42.9219,24.9417,11.1921
19.063,-0.00516675721448445,0.99651220703125,3.0846290956006996e-67,5,196.366,0.326391,0.016071,13463.8,0.0,5.7763,12.4251,18.7297,28.6658,41.9704,54.7339,63.8539,68.3743,70.8829,73.0902,75.0941,76.9474,79.3498,81.8834,86.1829,93.5695,43.9048,25.6124,11.1956
19.173,-0.0016930430040422643,0.6785166903125,5.184336120976097e-68,5,197.505,0.31956,0.00106972,13370.2,0.0,5.7496,12.0694,17.8846,27.2929,40.1119,52.4965,59.4580,63.1569,65.3587,67.3448,69.1759,70.8880,73.1287,75.5130,79.6004,86.7226,45.1162,26.4066,11.3037
19.279,-0.0005547763315645692,0.22233634908159994,0.4326686920166015,5,195.22,0.326711,-0.0141214,12878.5,0.0,5.6077,11.5006,16.9052,25.8184,37.9818,49.6244,54.5151,57.6446,59.5921,61.3833,63.0564,64.6361,66.7220,68.9611,72.8379,79.6917,46.5014,27.2407,11.5437
19.392,-0.00018178910832707807,0.07285517486705866,0.814296723075531,5,183.863,0.347483,-0.0284846,11808.9,0.0,5.3634,10.8503,15.9480,24.3530,35.8200,45.8093,49.5528,52.2318,53.9557,55.5676,57.0917,58.5441,60.4786,62.5732,66.2376,72.8130,82.2258,28.0681,11.8822
19.503,-5.9568655016616945e-05,0.023873183700437783,0.8900745333832908,5,170.285,0.379048,-0.0410631,10754.4,0.0,5.0653,10.2324,15.0296,22.9258,33.6713,41.7465,44.7819,47.0977,48.6266,50.0768,51.4631,52.7958,54.5858,56.5407,59.9961,66.2905,75.4845,28.8827,12.2133
19.609,-1.951945687584504e-05,0.007822764834959453,0.9032140332161105,4,157.055,0.413054,-0.0415333,11053.5,0.0,4.7858,9.6604,14.1805,21.6086,31.6935,37.8394,40.3557,42.3625,43.7161,45.0167,46.2728,47.4906,49.1399,50.9570,54.2029,60.2086,69.1616,29.6416,12.5208
19.722,-0.12180743766482127,0.0025633635811195135,0.8924931744754735,4,144.024,0.444574,-0.0415047,9776.24,0.0,4.5289,9.1423,13.4205,20.4517,29.6779,34.2241,36.3335,38.0725,39.2670,40.4283,41.5608,42.6678,44.1798,45.8603,48.8953,54.6029,63.2910,30.4078,12.7997
19.833,-0.08988333771080864,0.0008399629782612422,0.7667376817464463,4,131.703,0.473535,-0.0420173,8864.04,0.0,4.2908,8.6543,12.6953,19.3253,27.1556,30.7669,32.5587,34.0725,35.1279,36.1646,37.1844,38.1888,39.5716,41.1219,43.9526,49.3646,57.7798,68.4586,13.0636
19.943,-0.03239545201904652,0.00027523906871664385,0.25184796087473854,3,121.403,0.500274,-0.0425609,10820.3,0.0,4.0708,8.2034,12.0251,18.2837,24.6027,27.5574,29.0878,30.4059,31.3368,32.2594,33.1744,34.0822,35.3416,36.7657,39.3951,44.5088,52.6372,63.2026,13.3086
20.049,-0.24031238516734177,9.019033803706985e-05,0.04232808678421732,3,114.604,0.525106,-0.0398911,10391.8,0.0,3.8780,7.8491,11.5473,17.5445,22.3941,24.8406,26.1472,27.2906,28.1069,28.9228,29.7380,30.5525,31.6911,32.9895,35.4145,40.2157,48.0268,58.4311,13.4897
20.161,-0.2486082589512845,2.9553569967987046e-05,0.007114081545823404,3,111.557,0.535513,0.0253245,10102.0,0.0,4.0450,9.2429,14.9604,21.1897,25.3467,27.4975,28.6586,29.6812,30.4149,31.1508,31.8888,32.6285,33.6666,34.8557,37.0899,41.5575,48.9207,58.8505,12.7115
20.271,-0.0814639542931569,9.684113807109996e-06,0.0011956636854065395,3,110.141,0.512391,0.0991427,9976.91,0.0,4.6172,12.3403,18.5961,24.3726,28.2084,30.1994,31.2769,32.2273,32.9101,33.5957,34.2841,34.9749,35.9456,37.0593,39.1570,43.3701,50.3589,59.8460,11.7297
20.380,-0.1862425069310629,3.173290412313803e-06,0.00020095519560627716,3,108.917,0.459249,0.135491,9874.24,0.0,5.3618,13.6717,19.2590,24.4122,27.8842,29.7045,30.6947,31.5711,32.2024,32.8378,33.4769,34.1197,35.0251,36.0671,38.0381,42.0285,48.7275,57.9525,11.0098
20.490,-0.39079395864551053,1.039823802306987e-06,3.3774539725547016e-05,3,107.364,0.374462,0.215599,9725.74,0.0,6.7716,16.2372,21.9277,26.9877,30.3509,32.1065,33.0601,33.9034,34.5105,35.1213,35.7356,36.3532,37.2229,38.2236,40.1161,43.9471,50.3801,59.2513,9.9178
20.601,-0.20719589313404485,3.4072946353995345e-07,5.676486891672689e-06,3,105.707,0.251736,0.303446,9560.74,0.0,8.4697,19.5293,25.5434,30.6770,34.0224,35.7541,36.6913,37.5184,38.1128,38.7101,39.3100,39.9124,40.7597,41.7328,43.5693,47.2729,53.4622,16.8353,8.7177
20.713,-0.15490840769776343,0.05458751399398061,9.540471518834288e-07,3,104.174,0.114998,0.320535,9478.84,0.0,10.0442,22.0353,28.1047,33.1708,36.4398,38.1250,39.0354,39.8379,40.4143,40.9932,41.5743,42.1576,42.9774,43.9185,45.6931,49.2673,55.2307,13.5726,7.6566
20.821,-0.16349089563195193,0.23737828736679756,1.6034670481704786e-07,3,103.572,-0.0254275,0.314204,9600.47,0.0,11.3119,23.4089,29.2757,34.1377,37.2703,38.8855,39.7584,40.5281,41.0811,41.6365,42.1943,42.7542,43.5414,44.4456,46.1516,49.5926,19.4217,11.5969,6.6980
20.929,-0.16305650774017605,0.3467727656418522,2.694947067860123e-08,3,104.182,-0.167732,0.286197,9705.03,0.0,12.2260,23.7960,29.2835,33.8421,36.7928,38.3192,39.1457,39.8752,40.3999,40.9273,41.4574,41.9900,42.7396,43.6015,45.2310,48.5301,16.3318,10.1831,5.8021
21.041,-0.1421102587286036,0.4054630350017721,4.529397536952509e-09,3,105.362,-0.304394,0.25667,9843.32,0.0,13.0119,24.0492,29.1908,33.4707,36.2523,37.6955,38.4782,39.1699,39.6677,40.1686,40.6724,41.1789,41.8926,42.7142,44.2702,47.4321,13.7329,8.7766,4.9266
21.150,-0.13075392582776696,0.4761333128562557,7.612558440356082e-10,3,106.922,-0.428757,0.223871,10036.9,0.0,13.6096,24.0678,28.8793,32.8963,35.5182,36.8826,37.6237,38.2795,38.7520,39.2276,39.7064,40.1882,40.8677,41.6509,43.1370,46.1681,11.6922,7.5019,4.1230
21.264,-0.15913722313784426,0.580670201847363,1.2794426970706468e-10,3,109.033,-0.536759,0.187868,10326.3,0.0,14.0112,23.8545,28.3498,32.1172,34.5876,35.8772,36.5790,37.2006,37.6489,38.1006,38.5557,39.0140,39.6610,40.4076,41.8273,44.7341,10.1319,6.4064,3.4198
21.375,-0.2369177764601838,0.6348473691632189,2.1503593409666365e-11,3,111.447,-0.628562,0.165361,10665.6,0.0,14.4479,23.9657,28.2728,31.8835,34.2548,35.4944,36.1695,36.7678,37.1995,37.6346,38.0732,38.5151,39.1392,39.8599,41.2317,44.0467,8.1028,5.2514,2.7797
21.481,-0.1286284121307699,0.6595376374899036,3.6141089443626264e-12,3,114.018,-0.706621,0.146696,10958.7,0.0,14.8177,24.0808,28.2423,31.7306,34.0238,35.2237,35.8776,36.4574,36.8758,37.2977,37.7230,38.1517,38.7574,39.4573,40.7904,43.5305,6.3656,4.2158,2.2205
21.591,-0.07537545223183881,0.6734001035995666,6.074232902790267e-13,3,116.863,-0.767114,0.102984,11166.1,0.0,14.7527,23.3227,27.1857,30.4448,32.6000,33.7320,34.3501,34.8990,35.2955,35.6957,36.0996,36.5071,37.0834,37.7504,39.0237,41.6528,5.8357,3.6529,1.8223
21.702,-0.12998111200163362,0.694005558447506,1.0208963239719601e-13,3,119.823,-0.801644,0.0439775,11428.1,0.0,14.3649,22.0358,25.5267,28.5006,30.4840,31.5314,32.1050,32.6153,32.9845,33.3577,33.7348,34.1158,34.6556,35.2815,36.4802,38.9712,7.3382,3.6457,1.6348
21.809,-0.20788653852843553,0.7131688468608287,1.7158204516996735e-14,3,122.682,-0.807039,0.00532866,11785.3,0.0,14.0239,21.1407,24.4041,27.2026,29.0795,30.0741,30.6199,31.1061,31.4583,31.8145,32.1748,32.5391,33.0558,33.6558,34.8076,37.2783,42.5300,4.0734,1.6530
21.920,-0.219506709748006,0.7228469978174814,2.8837794331716415e-15,3,125.422,-0.786599,-0.0194697,12137.0,0.0,13.6531,20.4077,23.5300,26.2223,28.0361,29.0000,29.5296,30.0019,30.3443,30.6908,31.0416,31.3964,31.9003,32.4966,33.6952,36.4586,42.5256,5.1781,1.8808
22.034,-0.21381514017049535,0.7242790667448323,4.846768093331577e-16,3,128.078,-0.742558,-0.0444341,12438.6,0.0,13.1293,19.4994,22.4768,25.0620,26.8130,27.7466,28.2627,28.7340,29.0831,29.4430,29.8142,30.1972,30.7543,31.4225,32.7749,35.9414,43.1459,8.3453,2.3446
22.143,-0.20302890672347376,0.6599451747471966,8.145963134462385e-17,3,130.542,-0.675428,-0.0752413,12564.4,0.0,12.4151,18.3028,21.0951,23.5417,25.2487,26.2236,26.7826,27.2962,27.6778,28.0724,28.4806,28.9031,29.5199,30.2636,31.7814,35.4042,44.0306,68.1036,3.0938
22.252,-0.18773239727819355,0.6047971883767863,1.3690920240090932e-17,3,132.617,-0.585121,-0.1151,12621.5,0.0,11.5036,16.7818,19.3300,21.6553,23.4239,24.4477,25.0385,25.5835,25.9900,26.4116,26.8492,27.3037,27.9701,28.7780,30.4428,34.5043,44.7101,77.9420,4.2303
22.360,-0.1700500049489661,0.6157984172966803,2.3010329647520827e-18,3,134.599,-0.470116,-0.159244,12770.6,0.0,10.4388,15.0504,17.3691,19.6951,21.5027,22.5617,23.1770,23.7475,24.1747,24.6195,25.0830,25.5661,26.2782,27.1473,28.9580,33.4934,45.6877,95.5551,5.9198
22.469,-0.1505286894702651,0.6883430480360262,3.8673461038588265e-19,3,136.882,-0.327278,-0.202656,13048.5,0.0,9.2391,13.2162,15.4645,17.7916,19.6380,20.7356,21.3789,21.9791,22.4309,22.9036,23.3983,23.9168,24.6858,25.6323,27.6333,32.8239,48.1921,144.9210,8.4840
22.579,-0.13030187062271212,0.76883266599607,6.499848596755531e-20,3,139.717,-0.153246,-0.245112,13415.3,0.0,7.8843,11.4282,13.6050,15.9189,17.8021,18.9423,19.6181,20.2535,20.7352,21.2419,21.7757,22.3389,23.1811,24.2294,26.4894,32.6442,53.7815,200.0000,11.3552
22.694,-0.1108456714042753,0.8202604864310923,1.0924295536567021e-20,3,143.014,0.0547206,-0.288569,13793.8,0.0,6.4288,9.6667,11.7258,13.9838,15.8778,17.0505,17.7548,18.4238,18.9351,19.4771,20.0526,20.6648,21.5903,22.7595,25.3461,32.8860,65.9681,175.4350,13.4478
22.803,-0.1469359386851123,0.8297321378343653,1.8360463508308197e-21,3,146.492,0.271653,-0.248455,14138.8,0.0,5.0858,7.9734,9.8857,12.0654,13.9654,15.1764,15.9170,16.6298,17.1810,17.7713,18.4051,19.0873,20.1346,21.4859,24.5934,34.6979,112.0370,91.8585,14.9164
22.914,-0.17289607624771258,0.8255534726286898,3.085843101841359e-22,3,149.795,0.458635,-0.192178,14489.7,0.0,3.9175,6.4942,8.3094,10.5052,12.5411,13.9030,14.7623,15.6089,16.2771,17.0065,17.8057,18.6853,20.0762,21.9474,26.6115,46.4375,200.0000,62.9701,15.6552
23.021,-0.18409254952091295,0.8353004615203441,5.186376501264772e-23,3,152.976,0.610185,-0.131155,14849.3,0.0,2.9475,5.2391,7.0017,9.3321,11.7168,13.4496,14.6059,15.7967,16.7751,17.8842,19.1519,20.6147,23.0863,26.7576,38.1525,185.9600,123.5370,48.5197,15.8754
23.132,-0.19336049505341898,0.8670695423403614,8.716742985675702e-24,4,153.954,0.720851,-0.0736939,11422.1,0.0,2.2118,4.2478,5.9954,8.6061,11.7113,14.3082,16.2327,18.4012,20.3444,22.7483,25.7988,29.7966,38.0580,55.7256,183.3670,200.0000,76.2962,40.4797,15.8088
23.241,-0.20057230915739183,0.9220877070090896,1.4650229936025157e-24,4,156.004,0.784812,-0.0120257,12189.8,0.0,1.8044,3.8322,5.8779,9.6500,15.7941,23.2091,30.9740,43.8046,62.2205,107.3670,176.8730,185.3380,193.3210,200.0000,200.0000,97.4200,54.5998,34.0858,15.3301
23.352,-0.16264402438607542,0.9524249537389884,2.4622641453477483e-25,4,158.785,0.803777,0.0420468,12410.1,0.0,1.7397,4.1233,7.0663,14.7093,42.4071,173.4380,184.7840,191.6030,195.6950,199.3560,200.0000,200.0000,151.0370,126.4700,96.9539,66.2006,43.4918,29.6491,14.7006
23.461,-0.08254519913837918,0.9719310814974418,4.138327349085962e-26,4,161.867,0.779186,0.0863255,12592.7,0.0,2.0588,5.4559,10.7887,36.9668,182.5820,194.5890,199.6560,155.1210,137.7060,123.8150,112.4770,103.0490,92.2366,82.3740,68.6481,51.5728,36.6249,26.3014,13.9464
23.573,-0.014157189556414082,0.9911211482694566,6.955286775608776e-27,4,165.25,0.716174,0.112832,12774.8,0.0,2.7335,7.8463,17.6550,157.5830,190.0410,148.9220,123.9630,108.1230,99.0886,91.4538,84.9173,79.2585,72.5037,66.0796,56.6919,44.2222,32.5113,23.9490,13.1638
23.680,0.06203205298165424,0.9986622243493106,1.1689750483765671e-27,4,168.803,0.634662,0.0884415,13006.9,0.0,3.4150,9.1038,18.1605,64.9969,175.5520,186.1010,190.7230,138.2800,123.1690,111.0430,101.0970,92.7933,83.2329,74.4771,62.2353,46.9144,33.4178,24.0504,12.7908
23.792,0.020326663121028467,1.0,1.964696363806497e-28,4,172.295,0.56238,0.0666707,13262.6,0.0,3.9879,10.0275,18.4540,47.3325,159.6440,173.1300,178.5450,182.7280,185.4710,140.7100,124.4500,111.5660,97.4535,85.1585,68.8979,49.9367,34.3865,24.1707,12.4551
23.900,0.006660640971498608,1.0,3.3020651786495795e-29,4,175.793,0.501264,0.0605552,13510.9,0.0,4.5133,11.1761,20.1734,48.5949,151.8760,165.8850,171.3910,175.6310,178.4080,181.0100,130.1180,115.5860,99.9694,86.6113,69.2894,49.5704,33.7709,23.5682,12.0325
24.009,0.022315283072603165,1.0,5.549780945756348e-30,4,179.264,0.445325,0.0579247,13765.4,0.0,5.0047,12.3132,22.0494,51.8354,146.4670,160.0060,165.3920,169.5540,172.2870,174.8520,130.2060,115.1550,99.1268,85.5361,68.0736,48.4126,32.8246,22.8353,11.6113
24.121,0.041328558960030605,1.0,9.327516835532697e-31,4,182.643,0.398249,0.0324606,14032.7,0.0,5.2802,12.2511,20.5077,40.2994,96.6827,142.9310,150.1380,155.2840,158.5490,161.5580,164.3590,166.9840,170.4090,110.3580,82.1730,54.4708,35.0222,23.5605,11.4974
24.230,0.013542542200022828,1.0,1.5676757545479804e-31,4,186.04,0.36741,0.0188564,14269.7,0.0,5.4718,12.3359,20.0365,36.8024,74.5177,129.1790,138.5000,144.4130,148.0330,151.3150,154.3350,157.1450,160.7880,164.6100,92.6499,58.3688,36.2519,23.8961,11.3901
24.342,0.0044376202281034794,1.0,2.6347926406687903e-32,4,189.427,0.347342,0.0150838,14514.0,0.0,5.6234,12.5806,20.2758,36.6371,71.5868,122.0090,131.5000,137.4080,141.0140,144.2790,147.2840,150.0800,153.7080,157.5190,95.3364,59.0826,36.3097,23.7911,11.2640
24.451,0.001454119396344948,1.0,4.428295991172036e-33,4,192.785,0.331709,0.0140287,14760.2,0.0,5.7519,12.8406,20.6508,37.1501,71.9165,117.1630,125.8510,131.4690,134.9340,138.0880,141.0030,143.7230,147.2650,150.9970,95.4132,58.8466,36.0550,23.5840,11.1447
24.559,0.00047648584379431254,1.0,7.442637072362841e-34,4,196.113,0.317457,0.013708,15005.1,0.0,5.8726,13.1016,21.0570,37.8306,73.0308,112.6800,120.4700,125.7350,129.0270,132.0440,134.8470,137.4740,140.9060,144.5390,94.7537,58.3534,35.7196,23.3524,11.0289
24.671,0.00015613488129452032,1.0,1.250884012752023e-34,5,196.427,0.303627,0.0137759,13453.4,0.0,5.9920,13.3698,21.4911,38.6213,74.6009,108.2390,115.2010,120.1020,123.2090,126.0790,128.7600,131.2830,134.5960,138.1170,93.6829,57.7121,35.3340,23.1029,10.9123
24.780,5.1162277902588415e-05,1.0,2.1023607602323252e-35,5,199.148,0.28975,0.0137895,13618.1,0.0,6.1115,13.6368,21.9208,39.3958,76.1060,103.5690,109.8300,114.3870,117.3150,120.0380,122.5970,125.0160,128.2060,131.6130,94.0302,57.0921,34.9558,22.8561,10.7960
24.892,0.02776140646672312,1.0,3.5334377297224696e-36,5,201.804,0.279074,0.000660062,13804.4,0.0,6.1213,13.3117,20.8696,35.6852,62.6003,91.6541,98.9932,103.9470,107.0540,109.9130,112.5770,115.0850,118.3780,121.8840,127.8710,62.6360,36.7978,23.5274,10.8461
24.999,0.009096857671015831,1.0,5.938648792344555e-37,5,204.448,0.279267,-0.00852478,13974.5,0.0,6.0641,12.9622,19.9979,33.1814,55.2584,81.2722,89.5913,94.7646,97.9485,100.8560,103.5530,106.0850,109.4030,112.9330,118.9630,67.6838,38.4615,24.1754,10.9487
25.111,0.002980858321638468,1.0,9.981087025293494e-38,5,207.072,0.287083,-0.0109396,14148.2,0.0,5.9842,12.7347,19.5677,32.2295,53.0279,75.9284,83.2653,88.0831,91.0912,93.8582,96.4394,98.8723,102.0740,105.4960,111.3750,69.5694,39.1610,24.4999,11.0427
25.219,0.0009767676548344932,0.7320496679687499,1.6775212963410776e-38,5,209.342,0.298143,-0.0116051,14183.2,0.0,5.8875,12.5138,19.2071,31.5727,51.7795,71.4509,77.6182,81.9623,84.7345,87.3132,89.7382,92.0388,95.0848,98.3605,104.0300,113.9810,39.6286,24.7600,11.1452
25.330,0.0003200672251361668,0.23987803519999998,0.05223449707031249,5,208.92,0.310378,-0.011878,13944.7,0.0,5.7834,12.2863,18.8494,30.9595,50.7073,66.8306,72.0487,75.9324,78.4637,80.8457,83.1054,85.2641,88.1414,91.2571,96.6941,106.3570,40.0566,25.0140,11.2534
25.439,0.00010487962833261914,0.07860323457433599,0.32661479029541013,5,204.208,0.322803,-0.0117551,13457.3,0.0,5.6798,12.0691,18.5199,30.4294,49.8686,62.1846,66.6248,70.0764,72.3706,74.5543,76.6443,78.6554,81.3555,84.3009,89.4871,98.8285,40.4116,25.2418,11.3587
25.549,3.436695661203263e-05,0.025756707905318414,0.662488523567889,5,194.629,0.334701,-0.0111579,12619.4,0.0,5.5833,11.8769,18.2430,30.0279,48.7895,57.6647,61.4679,64.5264,66.5955,68.5862,70.5083,72.3713,74.8912,77.6609,82.5843,91.5784,40.6539,25.4230,11.4538
25.659,1.1261364342630853e-05,0.008439958046414738,0.8210072644543949,5,181.609,0.345531,-0.0104702,11588.8,0.0,5.4961,11.7061,18.0012,29.6913,46.2670,53.2886,56.5813,59.2982,61.1639,62.9763,64.7404,66.4623,68.8079,71.4056,76.0676,84.7074,40.8440,25.5763,11.5387
25.770,3.6901238677932784e-06,0.0027656054526491816,0.8507744027288423,5,168.233,0.355159,-0.00999594,10620.2,0.0,5.4178,11.5493,17.7741,29.3589,43.2588,49.0808,51.9598,54.3832,56.0684,57.7191,59.3379,60.9282,63.1094,65.5425,69.9508,78.2390,42.9493,25.7227,11.6156
25.880,1.2091797889985014e-06,0.0009062335947240838,0.8389742102936385,4,155.332,0.363745,-0.00969243,10948.2,0.0,5.3472,11.4052,17.5614,29.0343,40.1516,45.0956,47.6299,49.7979,51.3217,52.8255,54.3103,55.7776,57.8034,60.0791,64.2412,72.1803,84.3407,25.8621,11.6856
25.990,3.9622403325902887e-07,0.0002969546243191877,0.7155584519510538,4,143.056,0.371422,-0.00965846,9970.65,0.0,5.2829,11.2687,17.3521,28.3347,37.0756,41.3358,43.5778,45.5215,46.9004,48.2703,49.6314,50.9839,52.8631,54.9887,58.9121,66.5052,78.3637,26.0050,11.7509
26.100,1.298346912183186e-07,9.730609129691143e-05,0.19519817736047806,4,132.813,0.378322,-0.0089848,9735.05,0.0,5.2283,11.1662,17.2137,27.0253,34.2271,37.9339,39.9239,41.6688,42.9164,44.1634,45.4095,46.6543,48.3940,50.3751,54.0651,61.3108,72.8502,26.4338,11.8020
26.211,4.254423161841864e-08,3.1885259996171935e-05,0.03280695766897555,3,126.163,0.384477,-0.00878358,11583.2,0.0,5.1776,11.0619,17.0587,25.3374,31.4049,34.6444,36.4118,37.9767,39.1035,40.2362,41.3741,42.5166,44.1224,45.9632,49.4234,56.3206,67.5295,28.2852,11.8522
26.321,-0.12946190743922925,1.044816199554562e-05,0.0055138653754247206,3,123.873,0.388332,0.00302541,11228.9,0.0,5.2059,11.3726,17.4874,24.5926,29.9002,32.7874,34.3790,35.7972,36.8229,37.8583,38.9028,39.9555,41.4410,43.1527,46.3941,52.9355,63.7505,30.9202,11.7449
26.432,-0.07108459293334664,3.4236537227003887e-06,0.0009267153536476327,3,122.416,0.374947,0.0529684,11089.8,0.0,5.6086,13.3963,20.0159,27.0871,32.2222,34.9909,36.5133,37.8674,38.8462,39.8338,40.8298,41.8331,43.2485,44.8794,47.9678,54.2047,64.5357,26.1009,11.0950
26.541,-0.023292999412399026,0.0009422839722268545,0.00015575304948755762,3,121.076,0.340901,0.0776201,10978.4,0.0,6.0826,14.2314,20.4336,26.9236,31.6460,34.2074,35.6200,36.8804,37.7937,38.7166,39.6486,40.5890,41.9191,43.4560,46.3767,52.3186,62.2683,26.4331,10.5984
26.649,-0.04171308854960336,0.027974416049519297,2.6177415027373813e-05,3,119.875,0.294142,0.0872488,10888.1,0.0,6.5154,14.1539,19.6275,25.3316,29.5371,31.8445,33.1261,34.2747,35.1096,35.9560,36.8134,37.6813,38.9130,40.3422,43.0759,48.7025,58.2900,71.4806,10.3176
26.760,-0.22990230527249964,0.1670590238386065,4.399638143650716e-06,3,119.091,0.235397,0.11317,10916.5,0.0,7.0697,15.0432,20.5456,26.1587,30.2515,32.4880,33.7280,34.8386,35.6457,36.4635,37.2916,38.1295,39.3185,40.6983,43.3369,48.7696,58.0461,70.8109,9.8121
26.871,-0.17021200787905594,0.27162781499393457,7.394471828033761e-07,3,118.818,0.168139,0.137448,10989.4,0.0,7.8686,16.9147,22.9395,28.8731,33.0887,35.3605,36.6124,37.7288,38.5373,39.3547,40.1807,41.0147,42.1950,43.5599,46.1593,51.4727,60.4719,21.7636,9.0611
26.981,-0.1033294722070942,0.3298571625734625,1.2427888801376343e-07,3,119.287,0.0951983,0.136468,11052.3,0.0,8.5102,17.8891,23.9045,29.7193,33.8132,36.0119,37.2217,38.3003,39.0811,39.8701,40.6670,41.4715,42.6098,43.9263,46.4326,51.5628,60.2404,19.8077,8.4887
27.091,-0.07906535633851594,0.3757390403445722,2.0887552708473224e-08,3,120.161,0.0240822,0.118676,11151.2,0.0,8.9632,18.1250,23.8141,29.2752,33.1225,35.1941,36.3356,37.3539,38.0922,38.8392,39.5943,40.3572,41.4374,42.6883,45.0770,49.9920,58.3423,19.6517,8.0524
27.199,-0.14093647226280176,0.4246674968651094,3.5105709837130947e-09,3,121.293,-0.0379817,0.0997255,11301.4,0.0,9.3111,18.1808,23.5444,28.6666,32.2806,34.2304,35.3071,36.2690,36.9667,37.6730,38.3876,39.1105,40.1355,41.3248,43.6025,48.3057,56.3341,19.9976,7.6881
27.312,-0.20889200283831116,0.462033883263384,5.900216652326599e-10,3,122.545,-0.094101,0.102074,11477.4,0.0,9.8027,18.9184,24.2997,29.3706,32.9199,34.8277,35.8793,36.8180,37.4988,38.1881,38.8854,39.5907,40.5909,41.7508,43.9661,48.5189,56.2355,17.9263,7.2142
27.422,-0.22904861974765153,0.4799536847427457,9.916494127565316e-11,3,123.819,-0.150984,0.113842,11634.4,0.0,10.3979,20.0007,25.5294,30.6516,34.1965,36.0939,37.1380,38.0683,38.7416,39.4219,40.1091,40.8029,41.7846,42.9191,45.0780,49.4810,56.8559,15.4087,6.6784
27.532,-0.2343866733645042,0.4863075202915029,1.666665168019903e-11,3,125.073,-0.211707,0.124364,11768.4,0.0,11.0181,21.0663,26.7013,31.8417,35.3698,37.2442,38.2710,39.1830,39.8416,40.5062,41.1763,41.8520,42.8052,43.9041,45.9884,50.2097,57.4776,13.3954,6.1335
27.639,-0.2356663337212995,0.4902718693428697,2.8011641478910515e-12,3,126.307,-0.276663,0.131183,11891.3,0.0,11.6345,22.0110,27.6809,32.7898,36.2515,38.0774,39.0736,39.9563,40.5928,41.2342,41.8801,42.5302,43.4456,44.4990,46.4916,50.5063,58.5665,11.7506,5.5863
27.751,-0.23034726388408058,0.4951021474743965,4.70791658336049e-13,3,127.548,-0.345038,0.134995,12007.5,0.0,12.2416,22.8417,28.4981,33.5099,36.8643,38.6228,39.5789,40.4247,41.0336,41.6465,42.2631,42.8828,43.7544,44.7556,46.6461,50.8934,60.4235,10.3037,5.0339
27.862,-0.2064840633286859,0.5148275267625352,7.912595401653977e-14,3,128.867,-0.415277,0.134827,12142.6,0.0,12.8112,23.5139,29.0766,33.9250,37.1373,38.8128,39.7216,40.5243,41.1015,41.6820,42.2654,42.8541,43.7096,44.7384,46.8296,51.7745,17.0290,9.0245,4.4865
27.974,-0.19257044358311412,0.5738109964695476,1.3298699091559843e-14,3,130.464,-0.484919,0.12934,12345.3,0.0,13.3004,23.9366,29.3122,33.9354,36.9758,38.5558,39.4307,40.2360,40.8355,41.4563,42.0995,42.7663,43.7418,44.9211,47.3388,53.1692,13.7167,7.9214,3.9626
28.080,-0.1833089014886566,0.6316992408387664,2.2351123563184628e-15,3,132.445,-0.550947,0.12024,12593.4,0.0,13.7050,24.1355,29.2639,33.6265,36.5808,38.2902,39.2802,40.1960,40.8806,41.5921,42.3321,43.1022,44.2345,45.6122,48.4679,55.5334,11.6491,6.9565,3.4748
28.191,-0.1751983019709944,0.6809508927849219,3.756553337264441e-16,3,134.745,-0.610353,0.108069,12872.7,0.0,14.0139,24.1028,28.9409,33.1983,36.5085,38.4664,39.6106,40.6757,41.4762,42.3120,43.1857,44.0996,45.4519,47.1117,50.6026,59.5468,10.1718,6.1347,3.0414
28.300,-0.16643146023241012,0.7191083498758882,6.313639193940346e-17,3,137.311,-0.660229,0.0932802,13161.7,0.0,14.1952,23.8104,28.4230,33.1408,36.9599,39.2633,40.6251,41.9035,42.8711,43.8879,44.9575,46.0842,47.7662,49.8548,54.3380,66.4153,9.2417,5.4917,2.6816
28.411,-0.14294374997546863,0.7563259494779561,1.0611333393255545e-17,3,140.104,-0.698168,0.0735705,13475.2,0.0,14.1979,23.2063,28.1229,33.5057,38.0137,40.8014,42.4747,44.0629,45.2763,46.5621,47.9269,49.3779,51.5703,54.3375,60.4507,78.2015,9.2352,5.1299,2.4226
28.520,-0.1182582829113053,0.7932295531405616,1.7834468034044596e-18,3,143.185,-0.7188,0.0427853,13789.9,0.0,13.9524,22.5712,27.9871,34.1612,39.5442,42.9756,45.0744,47.0943,48.6563,50.3294,52.1258,54.0594,57.0283,60.8593,69.6705,98.3378,187.5020,5.2821,2.3232
28.631,-0.07811575755054956,0.8376363623168492,2.997439042481875e-19,3,146.6,-0.713938,-0.00206083,14127.2,0.0,13.4081,21.9809,27.8934,34.9324,41.3494,45.5845,48.2331,50.8251,52.8590,55.0668,57.4716,60.1009,64.2224,69.6976,83.0089,134.5640,200.0000,6.6372,2.4782
28.744,-0.03753305465948251,0.8784061031258601,5.0377957986992873e-20,3,150.441,-0.671283,-0.06834,14460.0,0.0,12.5434,21.1384,27.3137,34.9305,42.1413,47.0474,50.1773,53.2877,55.7618,58.4816,61.4851,64.8191,70.1537,77.4527,96.2852,157.1150,52.5128,11.0845,3.0961
28.850,-0.004679863758725478,0.9078556392160317,8.467023398873894e-21,3,154.581,-0.573281,-0.159162,14818.6,0.0,11.6068,19.8331,25.8454,33.3890,40.6649,45.6920,48.9321,52.1781,54.7787,57.6568,60.8590,64.4430,70.2431,78.3128,99.8776,160.0470,56.9439,15.3862,4.3997
28.961,0.017722597869134587,0.9313595694520592,1.4230526226487352e-21,4,157.269,-0.438172,-0.167269,12211.5,0.0,10.5882,18.0356,23.4572,30.2330,36.7400,41.2197,44.1001,46.9802,49.2837,51.8290,54.6558,57.8135,62.9099,69.9719,88.6830,149.4190,79.9611,20.6044,5.8169
29.071,0.02674287700735177,0.9497378802805507,2.391724542885729e-22,4,159.427,-0.300848,-0.178491,12258.2,0.0,9.5020,15.9853,20.6334,26.3548,31.7589,35.4290,37.7675,40.0892,41.9344,43.9612,46.1976,48.6776,52.6404,58.0522,71.9601,129.5590,197.8040,27.5033,7.3552
29.181,0.01181891701080028,0.9614853625165808,4.019771439228045e-23,4,162.756,-0.153256,-0.190454,12525.6,0.0,8.3551,13.8759,17.7734,22.4982,26.8888,29.8313,31.6899,33.5228,34.9707,36.5523,38.2868,40.1973,43.2223,47.2988,57.4957,101.4170,181.5060,36.1111,9.0648
29.289,-0.004254835369900965,0.9684985880425582,6.756029857910575e-24,4,166.126,0.00334104,-0.190053,12768.4,0.0,7.2226,12.0001,15.3746,19.4674,23.2728,25.8241,27.4361,29.0261,30.2824,31.6549,33.1604,34.8191,37.4460,40.9876,49.8538,88.1642,172.8790,42.6688,10.7348
29.401,-0.0013942244540091483,0.9722664005329105,1.1354859382190306e-24,4,169.495,0.163981,-0.188449,13019.1,0.0,6.0650,10.0941,12.9457,16.4113,19.6402,21.8088,23.1805,24.5347,25.6055,26.7761,28.0612,29.4783,31.7251,34.7594,42.3811,75.7411,164.6070,48.9495,12.4241
29.511,-0.02653592293393347,0.975044543189124,1.9084112163647248e-25,4,172.847,0.327356,-0.187615,13273.7,0.0,4.8826,8.1334,10.4366,13.2386,15.8521,17.6090,18.7210,19.8192,20.6880,21.6381,22.6816,23.8327,25.6590,28.1275,34.3392,61.7150,155.2880,55.4990,14.1506
29.621,-0.20280222563464756,0.9775751896622121,3.2074667313441934e-26,4,175.964,0.483137,-0.143629,13580.6,0.0,3.8714,6.7777,8.9687,11.8058,14.6402,16.6578,17.9847,19.3356,20.4338,21.6659,23.0581,24.6435,27.2721,31.0647,42.0503,108.0590,174.8580,47.6184,14.8657
29.731,-0.08440650043196131,0.9784044318985137,5.3907893353701854e-27,4,178.796,0.60418,-0.0777888,13853.4,0.0,3.1252,5.9662,8.3832,11.9564,16.1486,19.6073,22.1432,24.9733,27.4851,30.5611,34.4155,39.3857,49.3749,69.5458,110.4200,151.2990,73.3224,38.3306,14.8074
29.839,-0.027658322061545088,0.9786761579945048,9.060299635956673e-28,4,182.011,0.685764,-0.0520895,13992.4,0.0,2.5377,5.0364,7.2920,10.8743,15.5049,19.7267,23.0860,27.1334,31.0210,36.2120,43.4935,54.4456,81.9202,100.2500,123.1050,159.3780,64.5468,36.6607,15.1115
29.950,-0.009063078973127095,0.9787651972016392,1.5227645598152386e-28,4,185.299,0.741763,-0.0459107,14198.5,0.0,2.0972,4.2033,6.1343,9.2617,13.4189,17.3266,20.5196,24.4691,28.3724,33.7604,41.6786,54.4544,81.9706,97.7039,119.3710,154.7240,64.1924,37.0810,15.5074
30.060,-0.004431683831195536,0.9787943735690332,2.559310395681471e-29,4,188.554,0.787894,-0.0439568,14434.0,0.0,1.7256,3.4695,5.0765,7.6958,11.2102,14.5480,17.3004,20.7366,24.1674,28.9613,36.1309,48.0232,75.6067,91.1491,112.4460,147.3190,65.1215,37.8117,15.8841
30.174,-0.03148804016375615,0.9788039340811008,4.3014329820218486e-30,4,191.76,0.828516,-0.0320035,14676.5,0.0,1.4107,2.8930,4.3032,6.7001,10.1230,13.6162,16.6935,20.8126,25.2685,32.1553,44.2069,65.8332,80.7899,93.1043,112.4370,145.8040,62.1827,37.1717,16.0368
30.281,-0.020378414921140862,0.9797482289790701,7.229418412884122e-31,4,194.938,0.85838,-0.01916,14911.4,0.0,1.1793,2.4728,3.7496,6.0323,9.5629,13.5409,17.4083,23.2132,30.4744,44.3513,63.6956,73.3760,84.0667,94.6841,112.5050,144.4970,59.1475,36.2737,16.0799
30.392,-0.02051506710904694,0.9791164934218617,1.2150483526534345e-31,5,195.727,0.877254,-0.00977057,13035.7,0.0,1.0315,2.1998,3.3867,5.5980,9.2639,13.7972,18.6776,27.0559,39.8177,57.4400,66.5972,74.0897,83.3910,93.1149,109.9550,140.9180,57.5208,35.6086,16.0870
30.499,-0.12358958200431625,0.9789094863144756,2.0421317663046276e-32,5,197.913,0.882552,0.0160744,13544.4,0.0,1.0130,2.2708,3.6671,6.6543,13.1195,25.5736,47.4268,59.9441,66.9602,73.3588,79.3817,85.1497,92.9193,101.4860,116.9350,147.3930,51.0793,33.1509,15.7233
30.611,-0.06101875368557434,0.9788416542255273,3.4322108596281876e-33,5,200.222,0.856765,0.0627327,13727.8,0.0,1.2994,3.2351,5.8791,14.4669,51.8603,69.7512,78.4067,85.7235,90.8422,95.8900,100.8770,105.8120,112.6470,120.3650,134.8370,175.0630,41.5807,28.9966,14.8532
30.721,-0.019994625207689,0.9788194270066208,5.768516791777096e-34,5,202.724,0.796719,0.0803066,13858.9,0.0,1.8819,4.9048,9.4715,29.1412,60.9162,75.4263,83.0375,89.6431,94.3352,99.0075,103.6610,108.2980,114.7620,122.1120,137.2580,65.2368,38.0626,26.9260,14.1557
30.831,-0.0065518387880555305,0.9797533057009045,9.695146171939766e-35,5,205.243,0.716851,0.0849152,14018.3,0.0,2.6356,6.9569,13.6784,36.6617,60.4944,73.2424,80.1495,86.2342,90.5976,94.9721,99.3554,103.7450,109.8980,116.9340,131.7620,68.8751,36.4059,25.4608,13.4738
30.941,-0.002146906534070036,0.9803529616495723,1.629463217117916e-35,5,207.745,0.628861,0.0863423,14180.8,0.0,3.4605,9.1708,18.1224,38.3427,58.0638,69.3301,75.5880,81.1731,85.2144,89.2927,93.4031,97.5416,103.3750,110.0880,124.1550,167.1890,35.4558,24.2031,12.7679
31.053,-0.0007034983330840694,0.9813400330827068,2.7386388290100814e-36,5,210.222,0.537443,0.0868236,14342.1,0.0,4.3154,11.4503,21.0784,38.1863,54.9153,64.8678,70.5107,75.6067,79.3266,83.1040,86.9357,90.8146,96.3137,102.6850,115.8670,156.1610,35.1606,23.2428,12.0464
31.160,-0.00023052233378498786,0.9818140625874162,4.6028302799172455e-37,5,212.67,0.444187,0.0869294,14501.9,0.0,5.1861,13.1974,22.3354,37.0373,51.3674,60.1345,65.1912,69.8086,73.2074,76.6813,80.2272,83.8357,88.9876,94.9968,107.2630,144.5920,35.7453,22.6314,11.3385
31.271,-0.04174888176895966,0.9820898613255195,7.735976851456915e-38,5,215.08,0.350545,0.0831249,14663.2,0.0,5.9719,14.3594,23.0783,36.2393,48.9265,56.7983,61.3890,65.6141,68.7428,71.9583,75.2548,78.6273,83.4667,89.1492,100.9200,137.2420,36.4874,22.1200,10.7395
31.380,-0.07261792629398393,0.9825657350560212,1.3001856294243637e-38,5,217.332,0.262822,0.0932006,14843.4,0.0,6.8481,16.6412,26.6914,41.2800,54.7388,62.8847,67.5856,71.8862,75.0579,78.3076,81.6306,85.0219,90.1113,96.7484,112.3160,166.0900,31.3855,19.9710,9.9454
31.491,-0.0571771798640189,0.981178163500657,2.185221987373528e-39,5,219.559,0.16979,0.0985716,14984.4,0.0,7.7492,18.8287,29.9189,45.4007,59.2121,67.4386,72.1572,76.4599,79.6425,83.0707,86.8139,90.9178,97.3747,105.9970,127.1760,200.0000,27.6981,18.1137,9.1629
31.601,-0.05252654813784796,0.9823633649127702,3.672702594178689e-40,6,219.24,0.0721893,0.0999708,13680.0,0.0,8.6606,20.8607,32.6847,48.6115,62.4726,70.6479,75.4564,80.2390,84.0520,88.2522,92.9016,98.0766,106.3860,117.8150,147.6290,200.0000,24.7305,16.4303,8.3817
31.711,-0.1709296538655475,0.9826553567114915,6.172711250036123e-41,6,220.921,-0.0306142,0.114323,13798.7,0.0,9.7671,23.9104,37.4311,54.9581,69.8691,80.1161,86.9417,93.9606,99.7207,106.2420,113.6840,122.2580,136.7090,158.0970,200.0000,34.1427,20.6671,14.2411,7.4813
31.821,-0.05601022897866261,0.9814243744747215,1.0374475797935712e-41,6,222.511,-0.151021,0.133265,13896.9,0.0,11.1364,27.8838,43.6137,63.3183,84.1053,100.7530,112.6820,125.7260,137.0730,150.6830,167.3100,188.0760,200.0000,200.0000,41.6228,24.5909,16.5945,11.8569,6.4471
31.931,-0.01835343183172817,0.9823476683247517,1.7436381473590548e-42,6,224.346,-0.28212,0.121504,13983.5,0.0,12.2019,29.3960,44.7199,64.7154,88.1632,107.8120,122.3970,138.8530,153.6220,171.9210,195.1860,200.0000,200.0000,200.0000,34.8660,21.3785,14.3796,10.2198,5.4976
32.043,-0.006014052542620687,0.9821909261441546,2.9305326342663633e-43,6,226.204,-0.403224,0.0991158,14095.2,0.0,12.9866,29.6939,43.8081,63.3878,87.0642,107.2030,122.3290,139.5840,155.2410,174.8670,200.0000,200.0000,200.0000,200.0000,36.9442,19.6084,12.7502,8.8837,4.6507
32.152,-0.001970684737165947,0.9819422972882915,4.925346198411476e-44,6,228.042,-0.501302,0.0735457,14207.9,0.0,13.4886,29.3384,42.2577,61.2790,84.4001,104.1660,119.0720,136.1410,151.6860,171.2550,196.6380,200.0000,200.0000,200.0000,194.3510,18.8652,11.5921,7.8519,3.9694
32.261,-0.06935770647592454,0.9810702504129273,8.278029355670167e-45,6,229.849,-0.571958,0.0539778,14313.7,0.0,13.8223,29.0371,41.6786,61.2578,85.7646,107.3570,124.0500,143.6110,161.8570,185.4310,200.0000,200.0000,200.0000,200.0000,91.3869,18.3253,10.6678,7.0526,3.4651
32.371,-0.04035669167083095,0.979935193405308,1.3912883938074851e-45,6,231.505,-0.63147,0.0627289,14424.9,0.0,14.4650,30.8837,46.5141,73.9582,115.1920,159.9640,200.0000,200.0000,200.0000,200.0000,200.0000,200.0000,200.0000,62.7736,27.2538,14.0862,8.7466,5.9081,2.9581
32.480,-0.013224080726697887,0.9799306876125513,2.3383384034722405e-46,6,233.248,-0.686714,0.046463,14520.2,0.0,14.6962,31.3326,48.0559,78.8891,129.1010,189.6820,200.0000,200.0000,200.0000,200.0000,200.0000,200.0000,81.8987,45.6934,24.9927,13.1880,7.8793,5.2180,2.5508
32.591,-0.004333266772524364,0.9808703732637558,3.930045354715795e-47,6,234.998,-0.723259,0.0213872,14625.7,0.0,14.6572,31.2964,48.2367,79.8932,132.6560,200.0000,200.0000,200.0000,200.0000,200.0000,200.0000,184.6960,74.9789,44.6646,25.4137,13.6658,7.7486,4.9248,2.3065
32.699,-0.0014199248560207837,0.9808108597704425,6.605227227670837e-48,6,236.736,-0.731244,-0.00600663,14732.2,0.0,14.5714,31.1631,48.1013,79.8825,133.2280,200.0000,200.0000,200.0000,200.0000,200.0000,200.0000,174.9290,75.2153,45.5501,26.1945,14.1782,8.0657,5.0725,2.2986
32.811,-0.00046528097682089044,0.9813937021389535,1.1101405401546376e-48,6,238.461,-0.721131,-0.00791454,14840.3,0.0,14.4901,31.0075,47.8875,79.6077,132.9920,200.0000,200.0000,200.0000,200.0000,200.0000,194.8540,175.4160,76.9140,46.8541,27.0488,14.6760,8.3592,5.2604,2.3852
32.919,-0.0001524632704846694,0.9828194926137673,1.8658132058378995e-49,6,240.178,-0.711315,-0.00797287,14948.0,0.0,14.4066,30.8256,47.6018,79.1184,132.1350,200.0000,200.0000,200.0000,199.4140,194.3970,187.9040,175.6370,79.8353,48.5827,28.0273,15.2003,8.6559,5.4466,2.4693
33.025,-4.995916447241647e-05,0.9822988518865543,3.135872255051758e-50,6,241.817,-0.701845,-0.00798535,15047.7,0.0,14.3267,30.6539,47.3357,78.6730,131.3830,200.0000,200.0000,196.2610,192.1630,187.3090,181.1090,170.5190,82.5018,50.1941,28.9525,15.7007,8.9404,5.6254,2.5504
33.126,-1.6370619014321427e-05,0.9819776623955612,5.27046049906549e-51,6,243.345,-0.692887,-0.0079858,15141.6,0.0,14.2513,30.4925,47.0865,78.2587,130.6900,198.7750,194.0660,189.2600,185.2680,180.5710,174.6410,165.1500,84.9824,51.7026,29.8226,16.1725,9.2091,5.7945,2.6270
33.248,-4.291459550890277e-06,0.981031964831022,6.20064407254556e-52,6,245.16,-0.682044,-0.00798583,15247.5,0.0,14.1600,30.2972,46.7849,77.7574,129.8530,190.0740,185.4700,180.7960,176.9370,172.4280,166.8190,158.3740,87.9829,53.5283,30.8755,16.7435,9.5342,5.9990,2.7197
33.367,-1.1249803725085808e-06,0.9817252179980384,7.294995744909128e-53,6,246.945,-0.671125,-0.00798571,15353.1,0.0,14.0681,30.1006,46.4812,77.2527,129.0100,181.2940,176.8000,172.2650,168.5420,164.2260,158.9320,151.3520,91.0037,55.3662,31.9357,17.3184,9.8616,6.2050,2.8131
33.488,-0.013035995350292269,0.9826598798437528,8.582489543928138e-54,6,248.702,-0.660268,-0.00708252,15457.6,0.0,13.9891,29.9817,46.3688,77.2841,129.6750,172.1680,167.7520,163.3140,159.6850,155.4940,150.3870,143.2000,90.2498,55.7814,32.5157,17.7504,10.1423,6.3927,2.9034
33.605,-0.023274491164241018,0.9832903958386358,1.0097213123536017e-54,6,250.416,-0.656052,0.00658727,15561.7,0.0,14.1456,31.1159,49.3206,86.1565,166.6000,158.9610,154.0110,148.8760,144.4620,138.8710,129.2730,85.8501,56.9295,41.1098,27.0378,16.0717,9.6276,6.2199,2.8995
33.706,-0.025289969554899747,0.9834410012052791,1.6970386096726986e-55,6,251.812,-0.665613,0.0187866,15643.7,0.0,14.4064,32.4735,52.7371,96.8358,155.5510,147.1410,141.4910,135.2460,129.0950,106.8020,72.9312,55.3743,41.4202,32.1632,22.6744,14.2806,8.8677,5.8447,2.7855
33.826,-0.02281215064450464,0.9831867621168316,1.9965489538938333e-56,6,253.448,-0.696201,0.0348263,15743.6,0.0,14.9213,34.8000,58.5815,154.9370,141.1850,131.2460,123.6770,104.9260,69.8477,52.3501,41.8656,34.8821,28.2813,23.2561,17.4516,11.6580,7.5371,5.0874,2.4925
33.927,0.06559465437033997,0.9822686128198185,3.355599826809366e-57,6,254.796,-0.734618,0.028836,15820.6,0.0,15.1622,34.9051,57.9419,147.9890,134.8890,125.7320,119.1670,110.4040,79.1868,55.2265,42.4003,34.4110,27.2311,21.9912,16.1672,10.5845,6.7462,4.5147,2.1896
34.045,0.0171952450752584,0.9810118607390383,3.9478296402429515e-58,6,256.334,-0.763095,0.00409323,15916.0,0.0,15.0220,32.8838,51.8796,89.7968,131.8690,124.7530,120.2410,115.6360,111.7450,106.9310,99.4533,65.9754,42.1073,29.7942,19.2504,11.2874,6.7076,4.3148,2.0020
34.147,0.005634537906260674,0.9805184040269681,6.635117276356331e-59,6,257.632,-0.769641,-0.000320703,15993.4,0.0,15.0111,32.5829,50.9921,86.8979,124.8290,118.1000,113.9020,109.7010,106.2470,102.1780,96.8870,80.6783,47.0992,31.9212,19.9053,11.3710,6.6578,4.2493,1.9553
34.265,0.0014770603048987981,0.9795652102552455,7.806149124460462e-60,6,259.165,-0.769798,-0.00173271,16091.2,0.0,14.9913,32.4529,50.6607,125.7610,115.3900,108.9480,104.9780,101.0500,97.8689,94.2035,89.6766,82.5390,49.4450,32.9737,20.3036,11.4958,6.6979,4.2639,1.9567
34.367,0.0004840031207092382,0.8905842718464388,1.31197948334807e-60,6,260.285,-0.767988,-0.00204667,16127.6,0.0,14.9713,32.3904,50.5348,117.3990,107.2470,101.0250,97.2250,93.4980,90.5091,87.1121,83.0303,77.3021,50.4001,33.4837,20.5579,11.6163,6.7606,4.3014,1.9727
34.487,0.00012687851407520255,0.4576946264839129,1.5435307423641713e-61,6,260.309,-0.765134,-0.00199044,15996.1,0.0,14.9479,32.3433,50.4665,107.1640,97.2927,91.3435,87.7504,84.2628,81.4983,78.4045,74.7901,70.1214,50.9165,33.8498,20.7936,11.7537,6.8419,4.3536,1.9969
34.605,3.3260441193729896e-05,0.11998190016499888,0.7495070338439941,6,251.446,-0.762327,-0.00195637,15088.2,0.0,14.9247,32.2951,50.3942,96.9396,87.3930,81.7413,78.3711,75.1373,72.6067,69.8200,66.6530,62.8154,51.4617,34.2265,21.0316,11.8909,6.9226,4.4052,2.0207
34.706,1.0898781370361413e-05,0.03931566904606683,0.9054057537455429,6,237.169,-0.760155,-0.00152358,14092.6,0.0,14.9127,32.2956,50.5468,88.6782,79.4124,74.0102,70.8231,67.7949,65.4500,62.9002,60.0599,56.7503,49.9540,34.1844,21.0894,11.9567,6.9715,4.4398,2.0383
34.825,2.857050143552022e-06,0.010306366746412143,0.934869441721384,6,219.393,-0.758122,-0.000866473,12940.1,0.0,14.9052,32.3197,91.5113,79.2730,70.3659,65.2727,62.3084,59.5262,57.4005,55.1234,52.6440,49.8655,44.9949,33.9449,21.0658,11.9930,7.0088,4.4689,2.0542
34.927,9.361981910391267e-07,0.003377190255464331,0.9385245248313434,6,205.047,-0.756968,-0.000486851,12030.8,0.0,14.9011,32.3340,83.9622,71.9007,63.3188,58.4952,55.7229,53.1492,51.2059,49.1508,46.9540,44.5612,40.6737,33.8069,21.0506,12.0129,7.0296,4.4853,2.0632
35.046,0.018563520504107343,0.0008853101623284415,0.9404482769366288,6,188.554,-0.756087,-0.000410467,10982.6,0.0,14.8948,32.5581,75.4155,63.6186,55.4571,50.9720,48.4367,46.1157,44.3890,42.5913,40.7098,38.7200,35.6830,31.5748,21.1037,12.0489,7.0526,4.5005,2.0705
35.167,0.05961730777694106,0.000232078747193427,0.941078127702458,6,172.905,-0.755273,-0.000771433,9943.09,0.0,14.8825,35.9616,67.4112,55.9289,48.2186,44.0855,41.7903,39.7209,38.2041,36.6494,35.0533,33.4071,31.0007,28.0507,21.2847,12.1249,7.0882,4.5203,2.0782
35.287,0.13681162772967734,6.0838051104273715e-05,0.25385063421235066,5,159.477,-0.754536,-0.000406414,10490.7,0.0,14.8817,73.3528,59.7687,48.6281,41.3857,37.6081,35.5499,33.7242,32.4054,31.0736,29.7297,28.3724,26.4486,24.2153,19.9097,12.1251,7.0973,4.5291,2.0837
35.405,0.14704386961154872,1.594833006867873e-05,0.029865273264448836,5,150.918,-0.753174,-0.00482064,10038.9,0.0,14.8050,66.4587,52.9579,42.2567,35.5437,32.1470,30.3342,28.7523,27.6265,26.5053,25.3910,24.2853,22.7543,21.0369,17.9431,12.5216,7.2884,4.6135,2.1046
35.510,0.13961350110615695,5.225948796904646e-06,0.005019456477555917,4,148.022,-0.742379,-0.0453929,10928.8,0.0,14.2388,64.5174,51.6101,41.5316,35.3080,32.1974,30.5502,29.1198,28.1068,27.1019,26.1065,25.1228,23.7678,22.2549,19.5478,14.7915,9.2481,5.4749,2.2924
35.627,0.15632264131088774,1.3699511214157717e-06,0.000590534035127976,4,146.286,-0.693643,-0.113435,10797.3,0.0,13.3925,63.9479,51.8528,42.5231,36.7948,33.9424,32.4332,31.1242,30.1969,29.2767,28.3655,27.4642,26.2207,24.8290,22.3232,17.8141,12.1251,7.5841,2.9508
35.746,0.18209077661012946,3.5912446677241597e-07,6.947573869877125e-05,4,144.209,-0.605541,-0.153878,10643.2,0.0,12.4592,64.2896,52.8656,44.2472,38.9493,36.3053,34.9040,33.6863,32.8221,31.9632,31.1110,30.2664,29.0976,27.7837,25.3976,21.0021,15.1013,9.8651,3.9000
35.866,0.19806513014428498,9.414232421758821e-08,8.17375118217174e-06,3,142.216,-0.50813,-0.170828,12887.6,0.0,11.5124,64.7569,53.7435,45.7349,40.8366,38.3844,37.0826,35.9490,35.1430,34.3412,33.5444,32.7530,31.6548,30.4163,28.1520,23.9080,17.9491,12.2054,4.9290
35.967,0.20775768115891366,3.08485567996193e-08,1.3737623611876043e-06,3,140.074,-0.422287,-0.180839,12641.3,0.0,10.7509,64.9130,54.0901,46.4327,41.8341,39.5352,38.3125,37.2474,36.4898,35.7354,34.9844,34.2378,33.2012,32.0300,29.8795,25.8120,19.9547,14.0105,5.8195
36.085,0.2193836646336332,8.086764073679405e-09,1.616217680313605e-07,3,137.432,-0.315089,-0.198096,12391.4,0.0,9.7832,22.7385,55.0551,47.6405,43.2927,41.1469,40.0093,39.0181,38.3128,37.6100,36.9101,36.2133,35.2434,34.1441,32.1176,28.2390,22.4922,16.3280,6.9815
36.186,0.19915173397520947,2.6498708516632674e-09,2.716377055303076e-08,3,135.225,-0.222137,-0.211724,12185.9,0.0,8.9818,19.0414,55.9136,48.5893,44.3540,42.2828,41.1919,40.2445,39.5720,38.9034,38.2389,37.5783,36.6593,35.6181,33.6956,29.9908,24.3982,18.1677,7.9902
36.306,0.1955493958391395,0.007529297569647745,3.195790441793516e-09,3,132.655,-0.10697,-0.222639,11961.6,0.0,8.0538,16.0451,56.7200,49.4211,45.2542,43.2340,42.1737,41.2566,40.6077,39.9636,39.3243,38.6901,37.8112,36.8198,34.9966,31.5014,26.1744,20.0385,9.1835
36.425,0.19973109760721944,0.12227987736959772,3.759815496865655e-10,3,130.552,0.0115541,-0.226644,11919.8,0.0,7.1567,13.7655,57.2572,49.9322,45.7937,43.7998,42.7578,41.8578,41.2221,40.5924,39.9690,39.3514,38.4966,37.5345,35.7742,32.4246,27.3708,21.4714,10.3113
36.525,0.20235133408879302,0.21710502763834477,6.319121905582107e-11,3,129.699,0.112429,-0.219316,11951.0,0.0,6.4498,12.3480,57.0719,49.7376,45.6279,43.6579,42.6311,41.7460,41.1216,40.5039,39.8931,39.2888,38.4537,37.5155,35.8038,32.5657,27.7277,22.1225,11.1105
36.647,0.16543127556468426,0.30156613895897627,7.434383730698296e-12,3,129.451,0.232887,-0.192915,11973.5,0.0,5.6733,11.2040,55.6894,48.4218,44.3929,42.4746,41.4778,40.6207,40.0173,39.4213,38.8328,38.2513,37.4495,36.5508,34.9172,31.8484,27.3177,22.1422,11.7967
36.766,0.10186019096184928,0.39063774299376186,8.746478115329239e-13,3,130.003,0.343793,-0.156239,12064.4,0.0,4.9854,10.4408,53.8329,46.6688,42.7413,40.8837,39.9217,39.0966,38.5169,37.9451,37.3810,36.8248,36.0592,35.2033,33.6526,30.7592,26.5338,21.7683,12.2368
36.885,0.14835839288881825,0.4980124756556067,1.0290144037903695e-13,3,131.353,0.43182,-0.109853,12257.3,0.0,4.4835,10.4381,51.5784,44.5453,40.7345,38.9441,38.0205,37.2304,36.6760,36.1299,35.5922,35.0629,34.3359,33.5249,32.0600,29.3455,25.4227,21.0518,12.3744
36.985,0.18962460291805014,0.5434016557572042,1.729464508450474e-14,3,132.752,0.484289,-0.0828269,12450.2,0.0,4.1677,10.3427,51.0543,43.9573,40.1389,38.3526,37.4333,36.6477,36.0972,35.5554,35.0225,34.4984,33.7795,32.9784,31.5346,28.8698,25.0435,20.8123,12.4758
37.105,0.19516854872334982,0.5644692840374415,2.034697699546899e-15,3,134.508,0.524218,-0.0555433,12639.5,0.0,3.9399,10.3037,51.3093,43.9934,40.0836,38.2620,37.3262,36.5278,35.9691,35.4198,34.8797,34.3491,33.6219,32.8130,31.3582,28.6837,24.8687,20.6853,12.5360
37.206,0.1885100829849907,0.5717031113996387,3.4197164236284737e-16,3,136.007,0.539132,-0.0299046,12787.8,0.0,3.9076,10.9898,51.1991,43.7162,39.7416,37.8966,36.9507,36.1447,35.5811,35.0275,34.4838,33.9500,33.2192,32.4075,30.9501,28.2809,24.4968,20.3793,12.4449
37.326,0.1767821385520048,0.5761601627003718,4.023262175234663e-17,3,137.806,0.535999,-0.00322366,12966.2,0.0,4.0401,12.8579,51.0089,43.3034,39.2410,37.3640,36.4038,35.5868,35.0165,34.4569,33.9079,33.3693,32.6329,31.8161,30.3539,27.6875,23.9365,19.8952,12.2191
37.445,0.1645680034877088,0.5785043269565513,4.733327716541829e-18,3,139.617,0.512815,0.0210905,13141.8,0.0,4.3588,63.7743,50.5351,42.6165,38.4755,36.5719,35.6007,34.7757,34.2005,33.6369,33.0846,32.5435,31.8045,30.9863,29.5255,26.8750,23.1777,19.2362,11.8644
37.547,0.16592789221478405,0.5134309794977479,7.955303893191853e-19,3,141.013,0.479624,0.0402288,13203.9,0.0,4.7659,63.5275,49.8936,41.8116,37.6170,35.6975,34.7206,33.8922,33.3154,32.7507,32.1979,31.6569,30.9190,30.1035,28.6507,26.0271,22.3943,18.5580,11.4790
37.665,0.20047710669592173,0.36914309756445757,9.359335477301284e-20,3,141.691,0.425816,0.0562445,13136.6,0.0,5.3725,63.7739,49.4357,41.0812,36.7820,34.8254,33.8324,32.9920,32.4076,31.8364,31.2779,30.7320,29.9887,29.1686,27.7122,25.0965,21.5084,17.7641,10.9755
37.767,0.20758427116416647,0.3441803688036715,1.5730235136700268e-20,3,141.717,0.373302,0.0611774,13127.6,0.0,5.9102,65.4192,49.6875,40.9783,36.5220,34.5017,33.4786,32.6139,32.0135,31.4270,30.8542,30.2950,29.5343,28.6964,27.2119,24.5581,20.9463,17.2169,10.5664
37.867,0.20930076556861155,0.38871168340583706,2.643780619425214e-21,3,141.789,0.317154,0.0626941,13181.4,0.0,6.4628,68.4354,50.1696,41.0455,36.4006,34.3026,33.2424,32.3476,31.7269,31.1213,30.5304,29.9541,29.1712,28.3101,26.7882,24.0804,20.4254,16.6931,10.1533
37.968,0.20911339192454761,0.45267782176217464,4.443402087067958e-22,3,142.209,0.259462,0.0627662,13284.6,0.0,7.0203,73.2677,50.7503,41.1548,36.3059,34.1238,33.0235,32.0961,31.4536,30.8273,30.2168,29.6221,28.8152,27.9291,26.3670,23.6013,19.9002,16.1644,9.7355
38.085,0.20719641808499611,0.5060828303767735,5.2276181214145813e-23,3,143.132,0.189929,0.0607862,13428.8,0.0,7.6740,83.6098,52.2827,41.3927,36.2728,33.9782,32.8243,31.8533,31.1814,30.5273,29.8909,29.2715,28.4323,27.5126,25.8964,23.0524,19.2876,15.5424,9.2401
38.205,0.2042287711900163,0.5419034388144138,6.150240443663042e-24,3,144.36,0.121668,0.0564533,13579.4,0.0,8.2867,106.0520,55.7289,41.8946,36.4111,33.9856,32.7687,31.7465,31.0401,30.3533,29.6856,29.0369,28.1596,27.1997,25.5181,22.5784,18.7303,14.9607,8.7640
38.305,0.20135029287715078,0.5631477176588321,1.0336709113664472e-24,3,145.537,0.0668844,0.0515091,13711.7,0.0,8.7555,155.0130,61.3140,43.0834,36.6701,34.1140,32.8372,31.7663,31.0269,30.3088,29.6114,28.9345,28.0203,27.0218,25.2771,22.2437,18.3114,14.5104,8.3874
38.408,0.19826355865974413,0.5839524081849461,1.7372907007335885e-25,3,146.823,0.0149345,0.0455925,13854.3,0.0,9.1791,200.0000,72.1265,45.6277,37.4933,34.4561,33.0380,31.8945,31.1184,30.3650,29.6342,28.9255,27.9697,26.9274,25.1112,21.9706,17.9399,14.0970,8.0341
38.527,0.19430155777642807,0.6212726829818594,2.0439051365060596e-26,3,148.547,-0.0426915,0.0373523,14057.8,0.0,9.6188,81.6199,105.7500,52.2259,40.1652,36.0395,34.1766,32.7028,31.7283,30.8125,29.9503,29.1372,28.0738,26.9544,25.0387,21.7476,17.5745,13.6630,7.6479
38.647,0.18999956508486648,0.6728655523013465,2.4046339540480146e-27,3,150.589,-0.0942078,0.0273914,14314.6,0.0,9.9727,44.7067,200.0000,69.2216,46.7952,40.3053,37.5390,35.4177,34.0466,32.7800,31.6065,30.5165,29.1146,27.6669,25.3200,21.6848,17.3304,13.3194,7.3123
38.766,0.18105972864253725,0.7223800513268592,2.829027800597949e-28,3,152.979,-0.138762,0.0161061,14603.5,0.0,10.2356,34.5914,134.2270,140.6650,65.1671,51.4168,46.2274,42.4823,40.1618,38.0846,36.2142,34.5215,32.4051,30.2885,26.9967,22.2152,17.2363,13.0845,7.0346
38.885,0.12323991208347054,0.7927582196125281,3.3283229171254807e-29,3,155.83,-0.176034,0.00699949,14956.9,0.0,10.4523,29.3277,63.9600,200.0000,146.3090,86.1289,70.6488,61.0564,55.6632,51.1490,47.3153,44.0195,40.1128,36.4250,31.0835,24.0747,17.5803,12.8848,6.7968
38.987,0.04672062620737162,0.8722235973870082,5.593912326812797e-30,4,156.378,-0.203205,0.0151455,12045.6,0.0,10.7709,27.6026,52.0829,146.0530,200.0000,163.5850,112.0860,87.8901,76.1543,67.1879,60.1147,54.3926,48.0020,42.3265,34.6612,25.4858,17.7633,12.5898,6.5324
39.087,0.015309414795631535,0.9511666639386498,9.401688447674267e-31,4,159.159,-0.234867,0.0407841,12234.8,0.0,11.1297,27.4670,49.3723,117.4080,200.0000,200.0000,156.2040,110.4890,91.3920,77.9286,67.9272,60.2050,51.9444,44.9104,35.8321,25.5562,17.3675,12.1006,6.1649
39.206,0.004013271232186034,0.9946921265296583,1.1060992441804297e-31,4,162.806,-0.287762,0.0554063,12525.0,0.0,11.5864,28.3328,50.3606,115.8110,200.0000,200.0000,166.0690,112.6250,91.5812,77.1683,66.6796,58.7049,50.2908,43.2194,34.2169,24.1919,16.3257,11.3225,5.7348
39.307,0.0013150687173627195,1.0,1.8590209996940486e-32,4,165.905,-0.330376,0.0542049,12776.4,0.0,11.9538,29.1469,51.6277,117.5320,200.0000,200.0000,163.7760,109.3460,88.3746,74.1577,63.8852,56.1162,47.9575,41.1308,32.4796,22.8977,15.4172,10.6765,5.3975
39.425,0.00034473737384433284,1.0,2.1871196159300516e-33,4,169.612,-0.380546,0.0533478,13047.9,0.0,12.3928,30.1553,53.2828,120.4470,200.0000,200.0000,156.9890,103.5680,83.3228,69.7027,59.9138,52.5391,44.8214,38.3844,30.2542,21.2845,14.3076,9.8975,4.9969
39.525,0.019417403882536315,1.0,3.675891938493638e-34,4,172.698,-0.422195,0.0511599,13248.0,0.0,12.7357,30.8290,54.1378,120.2640,200.0000,200.0000,161.3410,102.8730,81.7253,67.7942,57.9247,50.5668,42.9368,36.6274,28.7279,20.1015,13.4551,9.2822,4.6701
39.647,0.0050901559233836,1.0,4.3246501067183796e-35,4,176.319,-0.469368,0.0446928,13552.7,0.0,13.0648,31.1528,53.7565,113.9000,200.0000,200.0000,200.0000,116.8960,88.5411,71.2611,59.6283,51.2638,42.8535,36.0928,27.8655,19.1688,12.6640,8.6637,4.3141
39.766,0.0013343538343794706,1.0,5.087907604053107e-36,4,179.95,-0.513448,0.0427358,13809.9,0.0,13.4280,31.8760,54.7251,114.4330,200.0000,200.0000,200.0000,115.4800,85.8556,68.3315,56.7521,48.5316,40.3537,33.8425,25.9930,17.7831,11.7001,7.9836,3.9628
39.866,0.040593626554136966,1.0,8.55124631013206e-37,4,182.94,-0.548816,0.0389514,14035.6,0.0,13.6855,32.2109,54.7725,111.7930,200.0000,200.0000,200.0000,125.9330,89.5792,69.5171,56.8003,48.0197,39.4804,32.8170,24.9387,16.8742,11.0114,7.4753,3.6876
39.987,0.013383959954287677,1.0,1.0060455771407268e-37,4,186.485,-0.583386,0.0233846,14309.7,0.0,13.7610,31.3159,51.3577,96.3248,200.0000,200.0000,200.0000,200.0000,170.5410,106.9040,77.8579,61.2269,47.1369,37.3267,26.8602,17.2340,10.8340,7.1915,3.4552
40.106,0.0035085247982567886,1.0,1.1836025610502938e-38,4,190.028,-0.608292,0.0189171,14561.6,0.0,13.9125,31.3686,50.9566,93.6209,189.6790,200.0000,200.0000,200.0000,200.0000,124.2470,85.0299,64.6342,48.3903,37.5983,26.5224,16.7132,10.3820,6.8441,3.2626
40.225,0.0009197387247142277,1.0,1.3924965770500603e-39,4,193.543,-0.628773,0.0177891,14810.2,0.0,14.0732,31.6576,51.3055,93.7923,187.9330,200.0000,200.0000,200.0000,200.0000,125.2160,84.0113,63.2143,46.9492,36.2859,25.4584,15.9661,9.8872,6.5064,3.0954
40.330,0.025544986341814357,1.0,2.3403689970480366e-40,4,196.433,-0.643709,0.011528,15027.9,0.0,14.1109,31.3439,50.1584,89.3163,169.3030,200.0000,200.0000,200.0000,200.0000,185.4440,105.5510,73.7732,51.9033,38.7741,26.3102,16.0367,9.7537,6.3539,2.9890
40.446,0.006696464899588582,1.0,2.753420721337045e-41,5,197.095,-0.653594,0.00213575,13495.9,0.0,14.0613,30.6649,48.2046,82.8529,146.7130,200.0000,200.0000,200.0000,200.0000,200.0000,191.3460,106.1090,65.3575,45.4273,28.9126,16.7631,9.8973,6.3447,2.9331
40.565,0.0017554380946377493,1.0,3.2393719444458214e-42,5,199.906,-0.656521,0.000113249,13669.3,0.0,14.0576,30.5386,47.8300,81.6309,142.7140,200.0000,200.0000,200.0000,200.0000,200.0000,200.0000,117.3240,69.2045,47.1245,29.4960,16.8949,9.9070,6.3280,2.9142
40.667,0.0005752219548508977,1.0,5.4444124270300934e-43,5,202.214,-0.65679,-0.000470877,13824.0,0.0,14.0517,30.4918,47.7066,81.2572,141.5530,200.0000,200.0000,200.0000,200.0000,200.0000,200.0000,121.2640,70.5333,47.7244,29.7208,16.9623,9.9265,6.3338,2.9136
40.787,0.00015079098413243373,1.0,6.405296776276637e-44,5,204.958,-0.656204,-0.000741243,14002.5,0.0,14.0429,30.4572,47.6293,81.0507,140.9620,200.0000,200.0000,200.0000,200.0000,200.0000,200.0000,123.4360,71.3140,48.1072,29.8880,17.0290,9.9561,6.3496,2.9194
40.905,3.952895174441271e-05,1.0,7.5357676043217e-45,5,207.665,-0.655222,-0.000952244,14183.3,0.0,14.0317,30.4205,47.5541,80.8646,140.4590,200.0000,200.0000,200.0000,200.0000,200.0000,200.0000,125.3720,72.0429,48.4828,30.0650,17.1071,9.9945,6.3716,2.9283
41.006,1.2952846907609157e-05,1.0,1.2665364612583484e-45,5,209.897,-0.654222,-0.00111365,14331.6,0.0,14.0209,30.3879,47.4894,80.7104,140.0550,200.0000,200.0000,200.0000,200.0000,200.0000,200.0000,126.9770,72.6602,48.8080,30.2229,17.1795,10.0312,6.3931,2.9373
41.107,4.2443888746853696e-06,1.0,2.128667830436907e-46,5,212.107,-0.653084,-0.00124192,14476.1,0.0,14.0095,30.3558,47.4283,80.5715,139.7060,200.0000,200.0000,200.0000,200.0000,200.0000,200.0000,128.4030,73.2279,49.1166,30.3790,17.2543,10.0703,6.4166,2.9473
41.207,1.3908013464569017e-06,1.0,3.577652022615309e-47,5,214.293,-0.651832,-0.001333,14617.7,0.0,13.9976,30.3248,47.3722,80.4514,139.4220,200.0000,200.0000,200.0000,200.0000,200.0000,200.0000,129.5940,73.7285,49.4000,30.5291,17.3295,10.1110,6.4414,2.9583
41.327,3.64590228165598e-07,1.0,4.209071828086685e-48,5,216.883,-0.650236,-0.00139332,14787.6,0.0,13.9832,30.2902,47.3131,80.3346,139.1700,200.0000,200.0000,200.0000,200.0000,200.0000,195.4040,130.6780,74.2246,49.6973,30.6961,17.4176,10.1603,6.4721,2.9720
41.446,9.557514077224253e-08,1.0,4.9519309150257065e-49,5,219.44,-0.648547,-0.00140905,14952.1,0.0,13.9687,30.2578,47.2612,80.2422,138.9970,200.0000,200.0000,200.0000,198.4950,194.4250,188.4680,131.4370,74.6244,49.9559,30.8514,17.5040,10.2101,6.5037,2.9864
41.547,3.131806212824843e-08,1.0,8.322710288883705e-50,6,219.576,-0.647111,-0.00141048,13409.4,0.0,13.9565,30.2313,47.2197,80.1714,138.8730,200.0000,199.1480,195.4600,192.2740,188.3150,182.6170,131.9860,74.9332,50.1617,30.9781,17.5757,10.2519,6.5303,2.9986
41.647,1.0262302598184444e-08,1.0,1.3987979182526848e-50,6,221.008,-0.645674,-0.00139666,13777.6,0.0,13.9445,30.2062,47.1815,80.1104,138.7780,196.2140,192.7790,189.1570,186.0410,182.1920,176.7410,132.4090,75.2014,50.3495,31.0980,17.6453,10.2929,6.5566,3.0108
41.748,3.3627513153730783e-09,1.0,2.350959661207287e-51,6,222.7,-0.644231,-0.00139666,13883.0,0.0,13.9323,30.1797,47.1402,80.0401,138.6570,189.7460,186.3600,182.8070,179.7650,176.0290,170.8240,132.9490,75.5078,50.5546,31.2247,17.7172,10.3349,6.5833,3.0230
41.867,8.815250808171603e-10,1.0,2.7658805318137608e-52,6,224.707,-0.6425,-0.00139666,14004.8,0.0,13.9176,30.1479,47.0906,79.9559,138.5110,181.9090,178.5880,175.1210,172.1690,168.5710,163.6540,133.5950,75.8751,50.8006,31.3766,17.8034,10.3851,6.6153,3.0377
41.968,2.888581384821671e-10,1.0,4.648615409819388e-53,6,226.36,-0.641041,-0.00139666,14105.5,0.0,13.9053,30.1211,47.0487,79.8849,138.3880,175.3180,172.0530,168.6600,165.7860,162.3060,157.6230,134.1410,76.1846,51.0078,31.5046,17.8760,10.4275,6.6423,3.0501
42.085,7.572242785426921e-11,1.0,5.469049543498412e-54,6,228.324,-0.639277,-0.00139666,14225.2,0.0,13.8903,30.0887,46.9982,79.7990,138.2390,167.3350,164.1410,160.8430,158.0640,154.7270,150.3200,134.8000,76.5590,51.2585,31.6594,17.9638,10.4787,6.6750,3.0651
42.188,2.4812725159286935e-11,1.0,9.191831567757782e-55,6,229.942,-0.637792,-0.00139666,14325.5,0.0,13.8778,30.0615,46.9556,79.7267,165.4230,160.6210,157.4910,154.2730,151.5770,148.3620,144.1800,135.2400,76.8742,51.4695,31.7898,18.0378,10.5219,6.7024,3.0777
42.307,6.5045070241561134e-12,1.0,1.0814097921151352e-55,6,231.868,-0.636005,-0.00139666,14442.5,0.0,13.8626,30.0287,46.9044,79.6397,157.2070,152.4910,149.4410,146.3250,143.7320,140.6650,136.7470,129.9390,77.2534,51.7234,31.9466,18.1268,10.5738,6.7355,3.0929
42.425,1.7051174893403804e-12,1.0,1.2722678063255355e-56,6,233.778,-0.634187,-0.00139666,14557.9,0.0,13.8472,29.9953,46.8522,79.5512,148.9020,144.2800,141.3160,138.3070,135.8190,132.9040,129.2460,123.4900,77.6394,51.9818,32.1062,18.2173,10.6266,6.7691,3.1084
42.527,5.587328989070559e-13,1.0,2.1383005020913272e-57,6,235.353,-0.632686,-0.00139666,14656.4,0.0,13.8345,29.9678,46.8092,79.4782,141.9120,137.3760,134.4870,131.5710,129.1750,126.3880,122.9420,117.8400,77.9578,52.1950,32.2379,18.2921,10.6702,6.7969,3.1211
42.627,1.8308559631386407e-13,1.0,3.593841653864894e-58,6,236.913,-0.631174,-0.0013907,14751.3,0.0,13.8218,29.9405,46.7671,79.4083,134.8560,130.4130,127.6040,124.7850,122.4830,119.8260,116.5890,112.0280,78.2623,52.4026,32.3678,18.3665,10.7139,6.8248,3.1340
42.746,4.799479056010158e-14,1.0,4.22811876735551e-59,6,238.764,-0.629321,-0.00134969,14860.3,0.0,13.8066,29.9101,46.7230,79.3443,126.2980,121.9760,119.2680,116.5700,114.3840,111.8850,108.8920,104.8790,78.5418,52.6147,32.5110,18.4525,10.7656,6.8583,3.1496
42.847,1.5726932970734084e-14,1.0,7.106199212294405e-60,6,240.283,-0.627785,-0.00128841,14954.7,0.0,13.7945,29.8872,46.6923,79.3087,119.0900,114.8780,112.2590,109.6660,107.5790,105.2140,102.4200,98.8056,78.6969,52.7564,32.6165,18.5196,10.8071,6.8854,3.1624
42.967,4.122721116680117e-15,1.0,8.360372311272243e-61,6,242.087,-0.625986,-0.00120044,15063.1,0.0,13.7804,29.8617,46.6599,79.2772,110.3500,106.2820,103.7760,101.3160,99.3535,97.1514,94.5944,91.4086,78.8329,52.9014,32.7322,18.5957,10.8548,6.9169,3.1774
43.068,1.3509332555137408e-15,0.7077092128906249,0.38674233398437496,6,241.397,-0.624524,-0.00113702,14804.1,0.0,13.7689,29.8404,46.6318,80.6960,103.0070,99.0705,96.6667,94.3240,92.4685,90.4056,88.0440,85.1849,78.2521,53.0290,32.8298,18.6586,10.8939,6.9427,3.1896
43.186,3.54139047333394e-16,0.18552172390399999,0.8093618165938476,6,229.118,-0.622787,-0.00120616,13694.0,0.0,13.7532,29.8025,46.5668,100.6000,94.4171,90.6515,88.3769,86.1802,84.4571,82.5628,80.4307,77.9296,72.9598,53.3611,33.0149,18.7556,10.9479,6.9762,3.2046
43.286,1.1604428303020656e-16,0.060791758488862715,0.8632668141721546,6,215.832,-0.621263,-0.000956297,12767.5,0.0,13.7437,29.7960,46.5775,93.6384,87.6021,83.9764,81.8052,79.7237,78.1031,76.3367,74.3731,72.1174,67.9704,53.2633,33.0282,18.7928,10.9791,6.9993,3.2168
43.387,3.802539066333808e-17,0.019920243421630533,0.8726090933932167,6,202.551,-0.619823,-0.000311613,11888.3,0.0,13.7404,29.8253,46.6771,87.0128,81.1244,77.6341,75.5614,73.5881,72.0625,70.4125,68.5981,66.5494,62.9693,52.6706,32.8467,18.7649,10.9874,7.0127,3.2269
43.506,9.968128010050098e-18,0.005221972291519914,0.8761545844820366,6,187.059,-0.618391,5.22137e-05,10892.7,0.0,13.7332,29.8304,46.7156,79.5935,73.9051,70.5874,68.6378,66.7980,65.3883,63.8784,62.2402,60.4273,57.4151,51.9518,32.7991,18.7798,11.0099,7.0317,3.2379
43.625,2.6130849490665724e-18,0.0013689087043881965,0.8765717079631451,6,172.183,-0.61703,-0.000105858,9933.66,0.0,13.7195,29.7916,46.7444,72.7464,67.2786,64.1415,62.3181,60.6132,59.3189,57.9463,56.4765,54.8804,52.3335,48.5207,32.9906,18.8711,11.0574,7.0601,3.2500
43.725,0.0036025715132812506,0.0004485640042539242,0.8775312059075612,5,160.346,-0.615731,-0.000648737,9956.73,0.0,13.7010,29.7208,74.8626,67.4639,62.1915,59.2082,57.4902,55.8964,54.6958,53.4329,52.0945,50.6616,48.4367,45.3633,33.3618,19.0192,11.1233,7.0952,3.2628
43.827,0.0532328918891965,0.0001469854529139259,0.7474237506179482,5,148.801,-0.614112,-0.000760555,9206.35,0.0,13.6858,29.6814,69.6902,62.4841,57.4033,54.5669,52.9482,51.4575,50.3425,49.1783,47.9557,46.6622,44.6952,42.1092,33.5566,19.1169,11.1761,7.1274,3.2769
43.946,0.09157390101599079,3.853135456866819e-05,0.09722679738515702,4,138.607,-0.611959,-0.00122428,10270.6,0.0,13.6612,29.6021,63.9521,56.9350,52.0924,49.4327,47.9313,46.5608,45.5443,44.4919,43.3979,42.2551,40.5534,38.4093,33.1508,19.2969,11.2631,7.1769,3.2967
44.066,0.11314632126399975,0.18817626482591204,0.011438635485566343,4,132.95,-0.607449,-0.0146172,9915.01,0.0,13.4446,28.4251,59.4011,52.7319,48.2472,45.8349,44.4926,43.2816,42.3935,41.4841,40.5511,39.5918,38.1978,36.5163,32.9921,21.9407,12.1663,7.5560,3.3807
44.166,0.12900087616831946,0.32214665900502987,0.0019224914660591354,4,132.851,-0.589825,-0.0530984,9971.39,0.0,12.8274,25.4503,57.5553,51.3732,47.3347,45.2046,44.0351,42.9913,42.2333,41.4643,40.6839,39.8912,38.7594,37.4314,34.8235,28.8957,15.8058,8.9516,3.6810
44.286,0.14473655625968754,0.39240398291883954,0.00022617919849039124,4,133.305,-0.540441,-0.102888,10055.0,0.0,11.9108,22.0789,55.6317,49.6709,46.0711,44.2041,43.1898,42.2915,41.6436,40.9905,40.3321,39.6683,38.7296,37.6434,35.5659,31.2315,23.2297,12.1611,4.3716
44.387,0.15720275495129943,0.4104331304822203,3.8013937890280064e-05,4,133.832,-0.471975,-0.148019,10110.6,0.0,10.9896,19.3961,54.3992,48.2333,44.9421,43.2531,42.3412,41.5372,40.9595,40.3790,39.7958,39.2100,38.3855,37.4372,35.6427,31.9967,25.7925,17.0463,5.3238
44.506,0.17241123664766517,0.4258966196665061,4.47230177885356e-06,4,134.506,-0.354068,-0.204166,10176.7,0.0,9.7207,16.4620,53.2804,46.5197,43.3571,41.8442,41.0321,40.3188,39.8081,39.2963,38.7836,38.2701,37.5501,36.7259,35.1786,32.0880,27.0215,20.3994,7.0587
44.625,0.18815592247722568,0.4652292528408566,5.261618319803425e-07,4,135.284,-0.194982,-0.263551,10266.6,0.0,8.2707,13.8101,52.8023,45.2079,41.7543,40.2574,39.5128,38.8737,38.4172,37.9607,37.5044,37.0485,36.4108,35.6835,34.3251,31.6409,27.3254,21.8239,9.5402
44.747,0.20448853572368547,0.4932342154598385,6.190241337065533e-08,4,136.214,0.00742936,-0.324694,10360.8,0.0,6.6937,11.5348,53.0763,44.3176,40.4566,38.8055,37.9892,37.3084,36.8402,36.3864,35.9463,35.5194,34.9424,34.2939,33.0879,30.7241,26.9747,22.2638,11.4037
44.866,0.21540002890771934,0.5048994729900039,7.282757030644231e-09,4,137.133,0.234805,-0.306796,10439.9,0.0,5.2939,9.5144,55.6265,44.7215,40.1427,38.2245,37.2847,36.5051,35.9712,35.4554,34.9567,34.4745,33.8256,33.1192,31.8874,29.7173,26.4031,22.2778,12.5915
44.967,0.20868839494035646,0.5107826839187394,1.224012974140376e-09,4,137.95,0.39265,-0.243973,10464.9,0.0,4.3591,8.3581,58.7376,45.3808,40.0574,37.8742,36.8143,35.9400,35.3437,34.7694,34.2161,33.6826,32.9672,32.1917,30.8475,28.5247,25.4330,21.7489,13.0741
45.087,0.18781406428544165,0.515147876049444,1.440039023946411e-10,4,138.949,0.529906,-0.161045,10535.5,0.0,3.5740,7.8029,65.6855,47.3887,40.7255,38.0862,36.8236,35.7912,35.0916,34.4214,33.7789,33.1623,32.3401,31.4546,29.9336,27.3461,24.0329,20.7094,13.1845
45.206,0.1616621272738475,0.5345697037253555,1.6941915112827134e-11,4,140.014,0.603407,-0.0717926,10613.8,0.0,3.2566,10.5501,80.1777,51.6864,42.7256,39.3535,37.7740,36.4980,35.6413,34.8265,34.0506,33.3110,32.3320,31.2869,29.5137,26.5590,22.8831,19.3801,12.8491
45.306,0.13747733144925683,0.6013741911417245,2.847427673012856e-12,4,141.115,0.612346,0.00886464,10710.9,0.0,3.4784,57.4903,94.4545,57.6378,45.5249,41.2332,39.2696,37.7045,36.6641,35.6822,34.7541,33.8756,32.7218,31.5014,29.4570,26.1214,22.0902,18.3624,12.2429
45.425,0.1055468635130454,0.7115441793220312,3.349970183022895e-13,4,143.009,0.554649,0.112912,10879.1,0.0,4.6813,33.7736,103.7560,69.1353,50.4897,44.5288,41.9019,39.8512,38.5086,37.2562,36.0853,34.9884,33.5643,32.0781,29.6335,25.7613,21.2637,17.2687,11.1568
45.526,0.07618064514672813,0.7782437498052431,5.6302948866065804e-14,4,145.018,0.443303,0.20801,11030.6,0.0,6.3078,32.4108,108.7740,78.8725,54.8173,47.1282,43.8592,41.3557,39.7391,38.2470,36.8655,35.5830,33.9346,32.2339,29.4795,25.2222,20.4327,16.3102,10.2085
45.645,0.04996184569678139,0.8462239088458207,6.623985631143776e-15,4,147.745,0.266225,0.203161,11391.8,0.0,8.0064,34.3693,110.3590,80.8765,57.1430,47.8265,44.0116,41.1463,39.3214,37.6542,36.1252,34.7182,32.9269,31.0989,28.1804,23.7695,18.9463,14.9071,9.0961
45.746,0.04412022810215569,0.8904464707630985,1.1132932650263343e-15,4,150.357,0.128867,0.184137,11602.5,0.0,9.2398,35.5707,111.1700,80.9510,59.3748,48.3654,44.0238,40.8238,38.8121,36.9921,35.3377,33.8275,31.9216,29.9956,26.9602,22.4618,17.6618,13.7335,8.2137
45.846,0.044624942456889374,0.9186572046177771,1.8711119905297606e-16,4,153.105,0.00151761,0.165775,11835.6,0.0,10.3162,36.2912,111.9920,80.3372,61.9439,49.3204,44.2873,40.6629,38.4205,36.4151,34.6112,32.9800,30.9423,28.9064,25.7443,21.1599,16.3972,12.5942,7.3813
45.968,0.0495835748037938,0.9375590191691975,2.2013445457383582e-17,4,156.522,-0.137197,0.142328,12098.2,0.0,11.3785,36.2634,113.9770,79.4790,63.6056,52.5380,46.0491,41.5639,38.8636,36.4954,34.4018,32.5376,30.2469,27.9992,24.5867,19.8021,15.0245,11.3428,6.4689
46.087,0.056405926803340715,0.9464681019898401,2.589859844615721e-18,4,159.957,-0.258451,0.115538,12371.9,0.0,12.1614,35.2184,117.9700,79.4703,64.8678,56.5097,51.1692,45.4344,41.7348,38.5951,35.8972,33.5543,30.7486,28.0712,24.1426,18.8947,13.9351,10.2898,5.6758
46.206,0.06463902688590994,0.9523673313936496,3.0469442085919493e-19,4,163.402,-0.358257,0.0851113,12617.9,0.0,12.6460,33.3981,124.4780,81.1922,66.0204,59.0171,54.9720,51.1538,48.1856,44.8948,41.0933,37.6077,33.6197,29.9906,24.9535,18.7094,13.2633,9.5128,5.0355
46.308,0.08490229507995622,0.9539397681666961,5.120999131380489e-20,4,166.193,-0.421638,0.0530879,12856.0,0.0,12.7579,31.0246,134.4720,86.3882,68.1924,61.6461,58.1884,55.0560,52.7422,50.3491,47.8559,45.2315,41.2302,35.9340,28.3067,19.9018,13.3714,9.2469,4.6665
46.427,0.10138011591270128,0.9569537084612904,6.024804268077832e-21,4,169.491,-0.466545,0.0106952,13113.1,0.0,12.5793,27.8955,150.1220,97.9346,73.7128,65.4041,61.7113,58.8149,56.8669,54.8998,52.9067,50.8847,47.9970,44.5974,37.7974,24.1606,14.6580,9.5356,4.4789
46.527,0.1141622517498552,0.9589919427510957,1.0125888533358413e-21,4,172.223,-0.47246,-0.0340961,13215.5,0.0,12.0892,24.7049,39.5088,115.0280,86.1770,74.1683,69.0004,65.0450,62.4919,60.1362,57.9558,55.9321,53.3300,50.4550,44.9956,33.7117,18.1445,10.7975,4.6371
46.627,0.0839272486593988,0.960600993472554,1.7018580858015484e-22,4,174.783,-0.445478,-0.0757993,13504.1,0.0,11.4324,21.8882,32.2845,132.3020,101.0930,87.0523,80.1055,74.4241,70.7961,67.5101,64.5204,61.7889,58.3386,54.8484,49.3400,39.7640,24.7935,13.1491,5.1067
46.746,0.03967158637130944,0.9629250489422442,2.002219019364664e-23,4,178.083,-0.369849,-0.107105,13671.3,0.0,10.5556,19.3626,28.3494,142.6340,110.4520,95.7107,88.3296,82.1824,77.9825,73.9495,70.0981,66.5771,62.2105,57.8823,51.2274,41.6926,29.3128,16.9831,6.0257
46.847,0.012999585422150678,0.9658065339436445,3.365129505846192e-24,4,180.947,-0.281594,-0.120589,13743.1,0.0,9.7703,17.8569,27.1865,143.5200,111.3120,96.5919,89.2176,83.0731,78.8725,74.8371,70.9727,67.2834,62.5253,57.8502,50.7611,40.8394,29.9618,19.3183,6.9871
46.966,0.0034077633209042674,0.9701498524872477,3.9590412123329864e-25,4,184.287,-0.160764,-0.12406,13959.7,0.0,8.8252,17.0385,31.1449,136.1930,104.8880,90.7492,83.7263,77.9092,73.9521,70.1657,66.5538,63.1194,58.6262,54.1569,47.4065,38.0116,28.5220,19.8278,8.1914
47.068,0.07774168935999391,0.9745015786630213,6.653960565568051e-26,4,186.855,-0.0520946,-0.138286,14328.6,0.0,8.0505,16.4552,34.0844,137.4550,105.7030,91.5505,84.5156,78.6845,74.7157,70.9159,67.2894,63.8389,59.3056,54.5464,47.2342,37.3110,27.7658,20.0452,9.0545
47.186,0.08732028341316748,0.984871218790164,7.828318065785158e-27,4,189.922,0.0806402,-0.129988,14516.0,0.0,7.0886,14.4947,26.0248,175.3450,127.9500,112.2560,104.3760,97.7342,93.1477,88.7015,84.4034,80.2600,74.7310,68.8160,58.9171,43.8012,30.3805,21.4602,10.1202
47.287,0.05989101295523297,0.9899011263637859,1.3157054173165119e-27,4,192.475,0.174988,-0.103964,14742.9,0.0,6.4930,13.8011,23.6147,49.8413,142.3160,122.8930,114.5410,107.6490,102.8640,98.2037,93.6753,89.2872,83.3909,77.0259,66.2256,49.1319,32.4263,22.0925,10.6584
47.405,0.06300649793634909,0.9936765721195083,1.5479142664187033e-28,4,195.609,0.254733,-0.0633858,14998.5,0.0,6.0777,13.4141,21.5769,38.9111,160.0190,134.3520,123.8170,115.8840,110.8230,106.0590,101.4160,96.9009,90.8056,84.1853,72.8352,54.4895,35.2383,23.0531,10.8955
47.506,0.06446528931108286,0.9953946129802456,2.6015795075699147e-29,5,195.609,0.288578,-0.0365041,13505.3,0.0,5.9129,12.4557,18.9645,30.7289,200.0000,157.2850,142.0710,131.1650,124.3570,118.2290,112.6850,107.6460,101.2140,94.2186,82.0718,61.9140,39.9482,25.0123,11.1467
47.608,0.02112398600145563,0.9968987427188668,4.372474678372756e-30,5,197.645,0.30223,-0.0347264,13808.3,0.0,5.7255,11.6880,17.3182,26.8067,44.9198,188.4900,155.1230,141.0290,132.7980,125.4850,118.9440,113.0590,105.7480,98.4769,86.2229,65.6815,42.8290,26.7080,11.4544
47.727,0.0055375261863655845,0.9974396599487946,5.144172734358763e-31,5,200.487,0.335076,-0.0409034,13800.8,0.0,5.4248,10.9615,16.1040,24.8615,43.2248,193.4620,155.7130,139.4520,130.9560,123.4450,116.7570,110.7640,103.3510,96.0239,84.3346,64.9459,43.3099,27.6660,11.8218
47.827,0.0018145365807482748,0.9975688637095209,8.645811114636773e-32,5,202.796,0.371279,-0.0419648,13849.8,0.0,5.1244,10.3366,15.1799,24.0141,48.7732,187.1460,149.8970,134.0940,125.8630,118.5910,112.1220,106.3310,99.1715,92.1016,81.0263,62.9420,42.7918,27.9518,12.1564
47.928,0.0005945873467795947,0.9997871679947108,1.453101474037003e-32,5,204.977,0.410261,-0.0422052,14002.7,0.0,4.8056,9.7003,14.4467,23.7091,200.0000,178.7400,142.6800,127.8930,120.0280,113.0820,106.9050,101.3740,94.5394,87.7911,77.3425,60.5725,41.9158,27.9483,12.4986
48.045,0.0789950700506842,1.0,1.7095593531897938e-33,5,207.507,0.462056,-0.0603903,14181.5,0.0,4.3225,8.6450,12.8097,20.6495,43.2090,200.0000,177.8640,144.1840,130.1460,120.9350,113.4590,106.8610,98.8276,91.0246,79.3236,62.3611,43.4409,29.1010,13.0605
48.146,0.025885104554208192,1.0,2.873256404906086e-34,5,209.572,0.518875,-0.0712121,14314.9,0.0,3.8314,7.5255,10.9504,16.9174,27.5354,200.0000,200.0000,194.2560,178.3160,158.2980,134.6880,122.5560,111.2630,101.0030,86.1543,66.6511,46.4187,30.9414,13.7036
48.247,0.00848203106032294,1.0,4.829082039725661e-35,5,211.644,0.577642,-0.0617078,14507.7,0.0,3.3906,6.7460,9.9117,15.5494,26.0566,200.0000,200.0000,196.8360,182.3790,165.8090,143.3110,124.6940,111.2800,100.5820,85.2811,65.4958,46.1283,31.1607,14.0801
48.367,0.002223513550277297,1.0,5.681366728916844e-36,5,214.219,0.63799,-0.0450791,14633.1,0.0,2.9492,6.0172,9.0276,14.7208,27.6671,200.0000,200.0000,191.8350,177.9250,162.5130,143.2130,121.9430,107.5230,96.8777,81.9631,62.7714,44.7543,30.8089,14.3568
48.467,0.0007286009201548647,1.0,9.54867306129054e-37,5,216.317,0.674596,-0.0298246,14758.2,0.0,2.6885,5.6247,8.6307,14.7512,200.0000,200.0000,200.0000,185.6640,172.1640,157.3400,139.2640,118.0810,103.4450,92.9959,78.6395,60.1861,43.2298,30.2127,14.4463
48.587,0.029163705121331825,1.0,1.1233918369877708e-37,5,218.8,0.699173,-0.0123618,14907.0,0.0,2.5274,5.4557,8.6307,15.9059,200.0000,200.0000,200.0000,179.8160,166.7800,152.8630,136.5870,115.5990,99.5927,88.9641,75.0949,57.3407,41.3044,29.3169,14.4045
48.706,0.031297465407166415,1.0,1.321659262297743e-38,6,219.186,0.714717,-0.0248502,13386.3,0.0,2.3676,4.9879,7.6920,13.2302,37.2541,200.0000,200.0000,200.0000,200.0000,196.4870,180.7830,167.4140,149.6080,125.0170,88.1804,63.5019,43.6148,30.4828,14.7141
48.807,0.01025555346462029,1.0,2.2213127221438165e-39,6,220.55,0.730281,-0.0188401,13750.3,0.0,2.2512,4.7916,7.4595,13.0961,39.4462,124.4420,200.0000,200.0000,200.0000,200.0000,192.8430,177.2370,159.2160,139.4630,94.6180,64.7557,43.6756,30.2795,14.7578
48.926,0.0026884318074294217,1.0,2.6133522044749792e-40,6,222.452,0.739995,-0.00177509,13867.4,0.0,2.2069,4.8521,7.8087,14.9822,58.3115,119.1010,200.0000,200.0000,200.0000,200.0000,190.5840,174.8110,156.6760,138.5870,97.0360,63.2362,42.4576,29.3481,14.5966
49.026,0.0008809453346584728,1.0,4.3922610500610975e-41,6,224.002,0.733063,0.0139329,13958.1,0.0,2.3024,5.2321,8.7453,18.9242,70.3899,200.0000,200.0000,200.0000,200.0000,200.0000,186.1120,170.6160,152.8230,135.6950,99.4374,61.5615,41.2836,28.5145,14.3266
49.126,0.038376972975360885,1.0,7.382073146837686e-42,6,225.49,0.714005,0.0149152,14042.0,0.0,2.4697,5.6314,9.4585,19.0402,49.0668,86.8658,200.0000,200.0000,200.0000,200.0000,200.0000,194.2890,170.9100,150.2720,119.5100,66.2604,42.5806,28.8156,14.1614
49.228,0.012575366504566254,1.0,1.2407050337890098e-42,6,226.955,0.692744,0.0181071,14103.4,0.0,2.6627,6.0587,9.9349,18.6285,39.5609,69.4863,84.7199,200.0000,200.0000,200.0000,200.0000,200.0000,191.8500,165.6270,131.8710,74.4982,44.0526,29.2393,14.0469
49.328,0.00412069609621627,1.0,2.0852529502891887e-43,6,228.389,0.66828,0.019982,14189.9,0.0,2.8727,6.4913,10.5685,19.5105,39.9578,64.2024,77.4864,100.2030,200.0000,200.0000,200.0000,200.0000,195.0110,167.4450,132.4210,80.6650,44.0153,29.0645,13.8812
49.445,0.001080215757446518,1.0,2.453279243485728e-44,6,230.076,0.642416,0.0189845,14299.7,0.0,3.0935,6.9759,11.3336,20.8291,41.4355,60.4070,71.9282,95.3250,200.0000,200.0000,200.0000,200.0000,192.3830,164.8220,130.0650,84.0645,43.7822,28.6919,13.6791
49.547,0.000353965099400075,1.0,4.123226424526464e-45,6,231.461,0.621984,0.0187241,14384.8,0.0,3.2694,7.3685,11.9650,21.9639,41.2682,57.3140,67.9266,200.0000,200.0000,200.0000,200.0000,200.0000,200.0000,161.6970,127.5270,84.9818,43.9522,28.3552,13.5124
49.668,9.278982701713327e-05,1.0,4.85093465619114e-46,6,233.084,0.597655,0.0187847,14491.1,0.0,3.4800,7.8442,12.7390,23.3414,40.0391,53.4676,63.7452,200.0000,200.0000,200.0000,200.0000,200.0000,200.0000,157.3140,124.0870,84.7699,44.7543,28.0127,13.3089
49.788,2.4324296413579377e-05,1.0,5.707076113662315e-47,6,234.679,0.573203,0.018799,14595.7,0.0,3.6915,8.3213,13.5141,23.7325,37.9189,49.3493,59.9710,195.6580,200.0000,200.0000,200.0000,200.0000,200.0000,152.9820,120.6750,83.7830,46.5407,28.0275,13.1050
49.905,6.376468359041352e-06,1.0,6.714317976962578e-48,6,236.248,0.548577,0.0188128,14698.5,0.0,3.9046,8.7715,13.9178,23.1352,35.1898,45.5020,56.9475,188.3780,194.8490,200.0000,200.0000,200.0000,200.0000,148.6250,117.2400,82.1836,48.5516,28.4739,12.9190
50.006,2.08944115189067e-06,1.0,1.1284754223881006e-48,6,237.531,0.528198,0.0162441,14780.8,0.0,4.0575,8.8900,13.7668,22.0830,32.5561,42.6305,55.5468,182.2680,188.5040,195.1330,200.0000,200.0000,200.0000,144.9670,114.3580,80.4737,49.4460,29.2361,12.8794
50.108,6.846680766515348e-07,1.0,1.896628642407681e-49,6,238.78,0.517802,0.00258892,14853.7,0.0,4.0900,8.7365,13.2458,20.6334,29.8925,40.2024,57.3497,176.1280,182.1320,188.5390,195.4270,200.0000,200.0000,141.2700,111.4480,78.4851,49.7809,30.3367,12.9702
50.226,1.7948162828573994e-07,1.0,2.2313646315062127e-50,6,240.232,0.525335,-0.0138724,14958.8,0.0,3.9620,8.2278,12.2026,18.4627,27.1131,38.2129,160.1040,168.7200,174.4540,180.5920,187.1920,194.3070,200.0000,136.7830,107.9220,76.0111,49.5838,31.2900,13.2629
50.348,4.7050031965337e-08,1.0,2.625178175320745e-51,6,241.643,0.555038,-0.0304254,15129.2,0.0,3.6569,7.3990,10.7668,16.3290,24.9613,38.2697,153.2490,161.2560,166.7280,172.5950,178.9040,185.7060,196.1730,132.2740,104.3760,73.5229,48.8507,31.7324,13.7698
50.469,1.2333883579521303e-08,1.0,3.0884958714831032e-52,6,243.139,0.607325,-0.0470813,15271.7,0.0,3.1795,6.3700,9.3843,14.6879,23.7618,135.5930,146.2830,153.7250,158.9390,164.5330,170.5480,177.0330,187.0130,199.9310,100.8280,71.0296,47.6724,31.7351,14.2650
50.587,3.233253577070032e-09,1.0,3.633584507841157e-53,6,244.783,0.668798,-0.0376218,15363.3,0.0,2.7152,5.5856,8.4127,13.7015,24.2507,129.7640,139.1830,146.1020,151.0560,156.3720,162.0870,168.2500,177.7330,190.0070,97.3190,68.5503,46.1247,31.3557,14.5523
50.707,8.475780257074465e-10,1.0,4.274875837630043e-54,6,246.563,0.708491,-0.020696,15377.4,0.0,2.4280,5.1399,7.9441,13.6320,29.2681,123.4660,131.8850,138.3170,143.0030,148.0300,153.4340,159.2610,168.2260,179.8280,93.9447,66.1324,44.4760,30.6447,14.6409
50.826,2.2218749397105286e-10,1.0,5.02934867421337e-55,6,248.282,0.72496,-0.00339634,15432.4,0.0,2.3299,5.0934,8.1274,15.0543,54.0763,117.1080,124.6410,130.6050,135.0290,139.7750,144.8780,150.3790,158.8430,169.7980,90.3662,63.6104,42.7783,29.6010,14.5316
50.927,7.28063980244346e-11,1.0,8.45282631675041e-56,6,249.657,0.72049,0.0111086,15519.7,0.0,2.4030,5.4115,8.9206,18.2664,76.7964,111.6550,118.5390,124.1350,128.3400,132.8500,137.6990,142.9280,150.9720,161.3820,87.3708,61.4991,41.3566,28.6166,14.2956
51.046,1.908576040371738e-11,1.0,9.944665633393689e-57,6,251.284,0.692815,0.0286252,15608.9,0.0,2.6904,6.3052,10.9264,24.7219,89.7034,104.9690,111.1520,116.3280,120.2680,124.4940,129.0390,133.9380,141.4760,151.2300,83.7472,58.9465,39.6391,27.4278,13.8422
51.147,6.254021969090111e-12,1.0,1.6713999530044777e-57,6,252.618,0.650853,0.0432932,15659.0,0.0,3.1079,7.5404,13.3304,30.1790,86.7433,99.2883,104.9390,109.7830,113.5010,117.4890,121.7780,126.4010,133.5140,142.7190,82.2288,56.8079,38.1999,26.4314,13.3482
51.266,1.6394543350651578e-12,1.0,1.9663853307102378e-58,6,254.109,0.579679,0.0535275,15784.2,0.0,3.7738,9.1868,16.2410,36.7671,81.9079,92.3624,97.4240,101.8900,105.3410,109.0430,113.0220,117.3130,123.9140,132.4570,179.0390,54.2231,36.4616,25.2285,12.7406
51.367,5.372163965141509e-13,1.0,3.3049038253246962e-59,6,255.331,0.516534,0.053538,15918.2,0.0,4.3408,10.5674,18.6822,42.2971,77.3790,86.5114,91.1159,95.2832,98.5104,101.9720,105.6940,109.7070,115.8800,123.8700,142.3440,52.0525,35.0028,24.2194,12.2312
51.487,1.4082805504780555e-13,1.0,3.8881863014562525e-60,6,256.903,0.44035,0.0535647,15972.4,0.0,5.0250,12.2338,21.6298,48.9816,71.5722,79.3966,83.4956,87.3147,90.2723,93.4446,96.8560,100.5340,106.1920,113.5140,130.4470,49.4301,33.2410,23.0012,11.6165
51.587,4.614653707806493e-14,0.9579423828125,0.34012822174072266,6,256.056,0.37661,0.0535762,15796.5,0.0,5.5974,13.6276,24.0951,51.4166,66.5121,73.4045,77.1227,80.6505,83.3826,86.3129,89.4639,92.8610,98.0879,104.8520,120.4930,47.2653,31.7687,21.9827,11.1023
51.688,1.5121297269740318e-14,0.74153551703125,0.7374994395834321,6,248.719,0.313903,0.0535886,15147.0,0.0,6.1605,14.9991,26.5208,49.2965,61.3983,67.4747,70.8508,74.0918,76.6018,79.2940,82.1890,85.3100,90.1120,96.3264,110.6970,50.5671,30.3202,20.9808,10.5965
51.808,-0.051743172184058536,0.36218217798289,0.8483417800789037,6,234.766,0.241577,0.0559613,14106.5,0.0,6.8280,16.7193,29.7662,46.0269,55.8664,61.1263,64.1993,67.1643,69.4621,71.9286,74.5826,77.4459,81.8559,87.5709,100.8210,137.0000,28.4009,19.7105,9.9919
51.925,-0.12330859598665782,0.09494388486514671,0.8437310575831601,6,218.722,0.161913,0.0874678,12971.9,0.0,7.8249,20.8026,34.5091,46.9276,55.9191,61.5645,65.0879,68.5304,71.2279,74.1523,77.3335,80.8060,86.2384,93.4343,132.7370,125.6460,23.8289,17.1323,9.0991
52.027,-0.04040576073290804,0.031111212192611277,0.8315766477383826,6,205.031,0.0835629,0.0915782,12132.8,0.0,8.5986,22.5080,33.2220,43.8596,52.0773,57.4258,60.7721,64.0481,66.6191,69.4108,72.4524,75.7789,80.9956,87.9294,126.8240,120.1880,22.4127,15.8311,8.4564
52.147,-0.020964242315786193,0.00815561760901989,0.8383146737861207,6,189.194,-0.0105857,0.0856158,11157.7,0.0,9.4146,21.8601,30.2608,38.9974,46.0499,50.6637,53.5399,56.3478,58.5465,60.9285,63.5178,66.3420,70.7554,76.5928,90.6637,115.5830,24.9432,14.8115,7.7603
52.247,-0.22686805392499307,0.002672432778123638,0.85152682133212,6,176.634,-0.0841548,0.0896022,10224.1,0.0,10.1029,21.1553,28.4671,36.2102,42.8282,47.1908,49.9168,52.5829,54.6740,56.9425,59.4123,62.1109,66.3378,71.9470,85.5538,110.7370,88.8340,14.6125,7.1593
52.366,-0.14736966920077338,0.0007005622181884432,0.8553168857839085,5,161.624,-0.169091,0.0959565,10141.9,0.0,10.3465,19.9966,26.3441,33.2606,39.4910,43.6229,46.2150,48.7580,50.7575,52.9323,55.3061,57.9075,61.9981,67.4563,80.8416,105.1590,87.9130,15.7031,6.6513
52.466,-0.04829009320370942,0.00022956022765598908,0.8455420474397464,5,147.96,-0.212591,0.0299012,9435.3,0.0,10.1359,18.6782,24.2576,30.5030,36.2109,39.9952,42.3688,44.6970,46.5276,48.5184,50.6914,53.0720,56.8149,61.8078,74.0470,101.5060,87.2816,18.5741,6.6976
52.567,-0.06067609079399932,7.522229539831451e-05,0.8148686921597802,5,137.322,-0.213799,-0.0225447,8370.72,0.0,9.7472,17.3412,22.2739,27.9800,33.2102,36.6769,38.8509,40.9832,42.6593,44.4820,46.4713,48.6504,52.0759,56.6446,67.8378,98.1058,85.7836,23.9046,7.0535
52.667,-0.3150668696359531,2.46488417561197e-05,0.19094639252928253,4,128.922,-0.186392,-0.0632299,9438.25,0.0,9.2542,16.0376,20.4707,25.7329,30.5624,33.7669,35.7777,37.7508,39.3026,40.9908,42.8340,44.8542,48.0319,52.2736,62.6857,94.7925,83.7552,29.3635,7.6453
52.785,-0.22245104547840228,6.4615459733162445e-06,0.022464652134677566,4,122.201,-0.128363,-0.0973895,9040.54,0.0,8.6032,14.6173,18.6885,23.6062,28.1584,31.1999,33.1170,35.0047,36.4939,38.1185,39.8977,41.8545,44.9463,49.1004,59.4295,90.5358,80.3251,33.9231,8.5475
52.885,-0.07289275858236285,2.1173193845362668e-06,0.0037756340842752586,4,119.258,-0.0683899,-0.106886,8807.28,0.0,8.1072,13.8357,17.9147,22.9669,27.7714,31.0524,33.1506,35.2398,36.9044,38.7374,40.7651,43.0202,46.6383,51.6079,89.9847,85.9144,75.3558,33.7321,9.2445
53.005,-0.12164542227995556,5.550425727398753e-07,0.0004441995743808999,3,118.033,0.00915782,-0.112138,10634.6,0.0,7.5067,13.0761,17.2453,22.6068,27.9215,31.6791,34.1392,36.6343,38.6559,40.9169,43.4626,46.3496,51.1088,57.9162,84.5003,80.1748,69.1065,32.6775,10.0255
53.125,-0.18373543044544416,1.4550108018832187e-07,5.225963572633848e-05,3,116.36,0.0844777,-0.0804861,10405.1,0.0,7.1691,13.4772,18.7239,26.2807,34.8554,41.7041,46.6012,51.9469,82.0168,81.4736,80.9068,80.3154,79.4438,78.3811,76.1739,70.7456,53.9309,27.0195,10.1314
53.226,-0.060206425848363145,4.767779395610931e-08,8.783276976525708e-06,3,114.847,0.13456,-0.0228403,10331.6,0.0,7.1814,14.9610,22.5574,35.9339,78.5238,76.8597,75.8872,74.9830,74.3045,73.5969,72.8602,72.0933,70.9643,69.5873,66.7230,59.3152,36.6937,22.4008,9.8547
53.327,-0.019728441621991635,1.56230595235379e-08,1.476205361444676e-06,3,113.451,0.158821,0.0211951,10275.1,0.0,7.2939,16.5231,26.9702,75.7159,72.4233,70.4750,69.3415,68.2923,67.5068,66.6890,65.8387,64.9529,63.6458,62.0460,58.6634,48.6371,30.4159,20.1223,9.6310
53.447,0.04524572886546026,4.0954913157383196e-09,1.7367408456860468e-07,3,112.109,0.15588,0.0307891,10169.5,0.0,7.3937,17.0928,28.5013,71.1389,67.8103,65.8665,64.7458,63.7119,62.9407,62.1421,61.3138,60.4532,59.1885,57.6514,54.4341,45.4217,29.1491,19.5624,9.5194
53.565,0.08006106991682721,1.073608475472906e-09,2.043258237541177e-08,3,110.79,0.151794,-0.016866,10049.4,0.0,7.0789,14.9040,22.6814,36.7211,66.8792,65.3178,64.4229,63.6017,62.9919,62.3631,61.7151,61.0468,60.0749,58.9094,56.5557,50.9989,36.1092,22.3234,9.9424
53.666,0.026234411390345942,3.5180002524296184e-10,3.4341041198354565e-09,3,109.743,0.162586,-0.0399326,9956.68,0.0,6.8381,13.8395,20.3589,31.1313,64.8772,63.4780,62.6810,61.9531,61.4148,60.8606,60.2899,59.7022,58.8521,57.8394,55.8110,51.1793,40.6437,24.2575,10.2836
53.786,-0.036988132205606344,9.222226581729096e-11,4.0401891559452163e-10,3,108.553,0.186376,-0.0470231,9850.83,0.0,6.6008,13.2063,19.2452,28.9906,61.3900,60.0749,59.3310,58.6547,58.1565,57.6453,57.1207,56.5823,55.8051,54.8847,53.0585,48.9772,40.4844,25.3533,10.5755
53.888,-0.22005601854057213,3.02193920630099e-11,6.790345914397126e-11,3,107.447,0.200735,-0.0018161,9742.42,0.0,6.7697,14.6527,22.8701,58.5238,55.9352,54.5000,53.6926,52.9615,52.4258,51.8788,51.3199,50.7489,49.9280,48.9603,47.0573,42.8627,34.3134,22.2461,10.2071
54.007,-0.05768636492429975,7.921832312965668e-12,7.988774064829075e-12,3,106.183,0.190246,0.0600631,9627.77,0.0,7.3238,18.1137,55.7048,51.5942,48.7016,47.1307,46.2570,45.4730,44.9018,44.3209,43.7300,43.1287,42.2696,41.2642,39.3048,35.0714,26.8222,18.7078,9.5439
54.126,-0.015122134446715636,2.0766608098500722e-12,0.3316419982919555,3,104.235,0.156001,0.0787942,9260.27,0.0,7.7997,20.2451,50.8860,46.7080,43.8494,42.3223,41.4825,40.7333,40.1896,39.6386,39.0804,38.5157,37.7143,36.7821,34.9859,31.2150,24.4003,17.3843,9.1195
54.226,0.11142506379141429,6.804802141716717e-13,0.8303099573411614,2,96.5372,0.121793,0.0798108,9955.5,0.0,8.1255,21.1490,47.6053,43.5125,40.7699,39.3224,38.5319,37.8297,37.3219,36.8090,36.2911,35.7690,35.0310,34.1773,32.5472,29.1947,23.4326,16.8305,8.8419
54.327,0.20189005096776613,2.2297975657977338e-13,0.8737589912222236,2,87.7759,0.0902421,0.0736701,6754.24,0.0,8.3574,22.4328,44.8759,40.9176,38.3113,36.9498,36.2103,35.5560,35.0845,34.6095,34.1311,33.6498,32.9719,32.1915,30.7129,27.7164,22.7299,16.5909,8.6386
54.447,0.06827819252256283,5.84528053088481e-14,0.12395359578620865,2,77.8818,0.0564654,0.0696313,8627.66,0.0,8.6273,46.4434,41.7939,37.9686,35.5001,34.2257,33.5378,32.9318,32.4966,32.0595,31.6207,31.1802,30.5620,29.8539,28.5227,25.8643,21.5676,16.2299,8.4003
54.566,0.2921956497365361,1.5323052194882676e-14,0.01458301659065166,2,73.6802,0.0298198,0.0488955,8419.35,0.0,8.6662,44.1646,39.6600,36.0302,33.7182,32.5349,31.8976,31.3379,30.9371,30.5356,30.1334,29.7305,29.1657,28.5196,27.3113,24.9197,21.1056,16.4202,8.3406
54.686,0.1912693875415189,4.016846194575324e-15,0.0017156773188735778,2,72.7155,0.0285087,-0.0291131,8318.76,0.0,8.0135,43.7294,39.7522,36.4899,34.4168,33.3510,32.7761,32.2707,31.9082,31.5447,31.1803,30.8149,30.3019,29.7140,28.6117,26.4170,22.8668,18.3697,8.9928
54.787,0.0626751529096049,1.3162401610384421e-15,0.00028835388698308223,2,72.1569,0.0447363,-0.0636252,8260.53,0.0,7.6356,42.3650,38.6175,35.5388,33.5983,32.6063,32.0719,31.6015,31.2641,30.9260,30.5874,30.2483,29.7730,29.2292,28.2089,26.1805,22.9055,18.7474,9.4873
54.906,0.016429915284335468,3.450444607752613e-16,3.392454644967264e-05,2,71.5498,0.0726987,-0.0754374,8186.79,0.0,7.3364,39.9080,36.2264,33.2814,31.4540,30.5284,30.0321,29.5967,29.2851,28.9731,28.6611,28.3493,27.9133,27.4160,26.4875,24.6545,21.7336,18.0747,9.8282
55.027,0.13989961417818547,9.045133512547012e-17,3.991188965257537e-06,2,70.9519,0.104045,-0.0843089,8127.1,0.0,7.0592,37.3590,33.7337,30.9177,29.1993,28.3370,27.8770,27.4747,27.1875,26.9006,26.6140,26.3280,25.9291,25.4756,24.6328,22.9828,20.3872,17.1801,9.9369
55.127,0.37326025833124143,2.9639093493914047e-17,6.707991293908341e-07,2,70.2877,0.142261,-0.139581,8041.08,0.0,6.5766,36.5005,33.1351,30.4883,28.8675,28.0565,27.6244,27.2469,26.9777,26.7088,26.4404,26.1724,25.7983,25.3722,24.5786,23.0244,20.5670,17.5046,10.3922
55.246,0.2536064996821459,7.769710524868604e-18,7.891884677370224e-08,2,69.5885,0.213897,-0.20296,7967.5,0.0,5.8955,35.8053,32.8382,30.4344,28.9351,28.1783,27.7754,27.4235,27.1725,26.9220,26.6719,26.4224,26.0740,25.6773,24.9387,23.4857,21.1634,18.2205,11.0918
55.346,0.21245572915048425,2.5459787447889437e-18,1.3263890577256135e-08,2,69.126,0.278212,-0.199352,7906.19,0.0,5.4179,34.8251,32.1316,29.9168,28.5238,27.8187,27.4408,27.1093,26.8724,26.6359,26.4000,26.1646,25.8362,25.4626,24.7673,23.4020,21.2206,18.4327,11.5080
55.467,0.197877460516087,6.674130520739528e-19,1.560483462523607e-09,2,68.6249,0.349334,-0.174554,7830.26,0.0,4.9776,33.2469,30.7863,28.7595,27.4759,26.8268,26.4799,26.1761,25.9590,25.7419,25.5249,25.3079,25.0042,24.6577,24.0135,22.7528,20.7499,18.1952,11.7461
55.587,0.23703535071342752,1.7495832712287426e-19,1.8358931888243986e-10,2,68.1832,0.41088,-0.150412,7810.39,0.0,4.5989,31.6939,29.4639,27.6114,26.4452,25.8502,25.5305,25.2509,25.0514,24.8521,24.6530,24.4541,24.1763,23.8596,23.2686,22.1024,20.2520,17.9049,11.9090
55.705,0.31122223306622954,4.586427570529875e-20,2.1599099777200168e-11,2,67.7464,0.465454,-0.136396,7751.12,0.0,4.2216,30.3957,28.3293,26.6820,25.6275,25.0921,24.8046,24.5522,24.3714,24.1903,24.0088,23.8270,23.5721,23.2807,22.7377,21.6681,19.9486,17.7555,12.1062
55.806,0.38484022710797217,1.5028805863112295e-20,3.630160699554033e-12,2,67.3066,0.507866,-0.129648,7689.59,0.0,3.9023,29.6020,27.4542,25.9871,25.0391,24.5489,24.2857,24.0548,23.8896,23.7241,23.5584,23.3926,23.1603,22.8945,22.3958,21.4007,19.7942,17.7124,12.2899
55.908,0.4154656021419356,4.9246391052246365e-21,6.101211087740464e-13,2,66.8545,0.549576,-0.136501,7649.88,0.0,3.5442,29.3321,26.8012,25.4269,24.5965,24.1672,23.9347,23.7293,23.5815,23.4328,23.2833,23.1330,22.9212,22.6784,22.2233,21.3157,19.8230,17.8525,12.5594
56.025,0.4288251735622444,1.2909645936000072e-21,7.178013832615778e-14,2,66.2621,0.600789,-0.143147,7580.11,0.0,3.1136,29.5468,26.3972,24.7374,23.9217,23.5520,23.3539,23.1790,23.0533,22.9270,22.7999,22.6723,22.4926,22.2858,21.8943,21.0990,19.7626,17.9630,12.8674
56.128,0.43447714108674146,4.230232780308504e-22,1.2064087848477338e-14,2,65.7789,0.644602,-0.146145,7530.43,0.0,2.7552,30.3591,26.4929,24.4864,23.5035,23.0641,22.8427,22.6561,22.5267,22.4004,22.2773,22.1571,21.9939,21.8127,21.4711,20.7783,19.6044,17.9667,13.1192
56.248,0.43850624307017555,1.1089301419611925e-22,1.4193278712855101e-15,2,65.1653,0.699364,-0.148743,7459.28,0.0,2.3192,5.8174,27.3922,24.7888,23.5318,22.9728,22.6916,22.4547,22.2906,22.1304,21.9743,21.8219,21.6149,21.3869,20.9831,20.2598,19.2370,17.8457,13.4112
56.368,0.4357534662957334,2.9069938313427484e-23,1.66982504728869e-16,2,64.5252,0.754123,-0.142315,7394.2,0.0,1.8953,4.3323,57.8332,25.8551,24.2047,23.4792,23.1162,22.8111,22.6002,22.3948,22.1948,22.0000,21.7357,21.4452,20.9317,20.0146,18.7600,17.4469,13.5898
56.488,0.4331883443124806,7.620509909235133e-24,1.964532469884671e-17,2,63.9562,0.80731,-0.128704,7338.55,0.0,1.4951,3.4198,49.8998,54.6938,25.8017,24.6649,24.1862,23.7860,23.5103,23.2427,22.9828,22.7304,22.3890,22.0151,21.3577,20.1936,18.6172,16.9804,13.5600
56.590,0.42917815300306256,2.4970886870581687e-24,3.3017897221351668e-18,2,63.5437,0.847343,-0.0955237,7281.72,0.0,1.2194,3.0962,43.5005,48.2579,51.0317,52.4020,53.1296,53.7644,26.5372,25.4506,24.7349,24.1881,23.5944,23.0593,22.2299,20.7822,18.8523,16.8766,13.3500
56.707,0.41653765400422915,0.0082822265625,3.8845225901948035e-19,2,63.0641,0.875504,-0.0133379,7236.43,0.0,1.0880,29.4478,36.5712,41.2384,43.9546,45.2964,46.0086,46.6295,47.0718,47.5137,47.9550,48.3958,49.0117,49.7136,51.0274,22.1482,19.4467,16.9955,12.8230
56.813,0.24663738592158863,0.129448550859375,6.528717117340407e-20,2,63.3665,0.866305,0.113449,7330.93,0.0,1.4892,25.1256,32.0176,36.5276,39.1591,40.4613,41.1531,41.7566,42.1866,42.6162,43.0456,43.4747,44.0746,44.7589,46.0396,48.5965,19.9926,17.0640,12.3462
56.932,0.06069007949553203,0.270873001932105,7.680970401379816e-21,2,64.0999,0.780172,0.369338,8148.16,0.0,3.2635,22.6751,28.8260,33.0021,35.4726,36.7030,37.3579,37.9313,38.3409,38.7504,39.1598,39.5689,40.1413,40.7962,42.0256,44.4885,48.6202,16.5612,11.6772
57.049,0.015909540199276748,0.3582784169841147,9.036584867519342e-22,2,66.2811,0.652236,0.355545,7725.69,0.0,5.0070,21.4895,26.8039,30.5887,32.8716,34.0196,34.6328,35.1704,35.5553,35.9410,36.3273,36.7141,37.2564,37.8770,39.0460,41.4023,45.3909,15.6927,10.9055
57.149,-0.0064887240934531475,0.4039310759742297,1.5187788186839761e-22,2,67.7912,0.544909,0.351111,8579.42,0.0,6.4895,20.7163,25.4096,28.8733,30.9975,32.0741,32.6513,33.1583,33.5220,33.8870,34.2530,34.6201,35.1357,35.7270,36.8431,39.1057,42.9672,15.1585,10.2180
57.268,-0.0231280591993245,0.42971232438643847,1.786828092393511e-23,2,70.6726,0.412261,0.349132,8443.72,0.0,8.3436,19.7539,23.7995,26.8956,28.8308,29.8207,30.3538,30.8234,31.1610,31.5003,31.8413,32.1839,32.6661,33.2206,34.2705,36.4143,40.1119,15.3845,9.3493
57.370,-0.06874225951619345,0.4455775075018232,3.003121974885774e-24,2,72.9426,0.297888,0.351092,8892.44,0.0,9.4590,18.9190,22.5003,25.3102,27.0933,28.0119,28.5084,28.9471,29.2630,29.5810,29.9010,30.2230,30.6771,31.2003,32.1941,34.2358,37.7914,43.0963,8.5843
57.475,-0.4699363231093561,0.45386021070507243,5.04734710319052e-25,2,75.5139,0.175623,0.37607,9269.57,0.0,10.2853,18.5593,21.8027,24.3958,26.0629,26.9262,27.3955,27.8111,28.1107,28.4126,28.7167,29.0230,29.4552,29.9546,30.9076,32.8742,36.3332,41.5617,7.6889
57.590,-0.12319098748517905,0.4540403806844455,5.938153393432615e-26,2,78.2699,0.00947062,0.435705,10151.8,0.0,11.1262,18.5764,21.5765,24.0158,25.6013,26.4288,26.8793,27.2788,27.5674,27.8587,28.1528,28.4495,28.8692,29.3551,30.2834,32.2126,35.6392,41.0110,6.5118
57.692,-0.040367222779143466,0.4550672312395541,9.9802544083422e-27,2,81.4683,-0.140527,0.404751,9824.56,0.0,11.2417,17.8675,20.6093,22.8720,24.3593,25.1392,25.5657,25.9450,26.2194,26.4966,26.7766,27.0594,27.4600,27.9244,28.8157,30.6776,34.0162,39.3774,5.8541
57.814,-0.3976131542044482,0.4550058192660617,1.1741669508870517e-27,2,83.7085,-0.275633,0.228922,11692.2,0.0,10.9632,16.5761,18.9796,21.0006,22.3449,23.0565,23.4471,23.7952,24.0474,24.3026,24.5608,24.8220,25.1927,25.6241,26.4551,28.2031,31.3794,36.5527,5.5669
57.928,-0.6639492089602244,0.44980083025130746,1.3813956760491076e-28,2,87.2091,-0.353273,0.125634,10494.2,0.0,10.9253,16.1765,18.4842,20.4494,21.7705,22.4725,22.8589,23.2041,23.4547,23.7086,23.9658,24.2265,24.5970,25.0285,25.8616,27.6254,30.8594,36.7063,5.3984
58.029,-0.32575150135795344,0.4449395134004984,2.3217117127357355e-29,2,89.3372,-0.38319,0.0481545,10712.0,0.0,10.7014,15.6170,17.8259,19.7298,21.0192,21.7088,22.0890,22.4289,22.6758,22.9262,23.1803,23.4381,23.8053,24.2339,25.0636,26.8263,30.1278,36.6938,5.5788
58.146,-0.3646710267294772,0.43122339059773523,2.731470612916466e-30,2,91.9886,-0.382681,-0.025996,10955.8,0.0,10.3250,14.9110,17.0279,18.8768,20.1406,20.8202,21.1962,21.5332,21.7784,22.0275,22.2804,22.5372,22.9033,23.3314,24.1633,25.9418,29.5919,37.4351,6.1154
58.250,-0.39018244939349633,0.41971860875606587,4.590782659128705e-31,2,93.9858,-0.357574,-0.0712398,11165.7,0.0,9.9415,14.3074,16.3670,18.1848,19.4389,20.1157,20.4909,20.8278,21.0733,21.3231,21.5771,21.8353,22.2041,22.6359,23.4767,25.3884,29.5796,39.1061,6.8103
58.369,-0.4039610803825907,0.4049920399737501,5.40100989063833e-32,2,96.1538,-0.30489,-0.107155,11405.6,0.0,9.4353,13.6158,15.6389,17.4492,18.7101,19.3949,19.7757,20.1180,20.3693,20.6285,20.8960,21.1722,21.5742,22.0567,23.0349,25.3331,30.6042,43.9539,7.8350
58.490,-0.3969941894287084,0.39437446613937877,6.354234126237088e-33,2,98.0847,-0.2347,-0.128486,11621.5,0.0,8.8812,12.9194,14.9250,16.7456,18.0594,18.8168,19.2528,19.6546,19.9537,20.2638,20.5851,20.9185,21.4066,21.9972,23.2099,26.1454,33.3792,55.4564,8.9997
58.608,-0.38435049195919874,0.3900617820828913,7.475692907176674e-34,2,99.878,-0.153212,-0.140133,11827.9,0.0,8.2904,12.2014,14.2041,16.1967,17.7574,18.6768,19.2127,19.7108,20.0846,20.4744,20.8812,21.3062,21.9339,22.7026,24.3127,28.3977,39.7669,71.2069,10.2263
58.709,-0.3742178623216238,0.40199177873729686,1.2564397069091838e-34,2,101.352,-0.0799522,-0.144031,12020.2,0.0,7.7816,11.6023,13.7826,16.0923,17.9659,19.0976,19.7673,20.3965,20.8729,21.3737,21.9009,22.4566,23.2867,24.3184,26.5367,32.5375,51.9904,83.9529,11.1155
58.825,-0.36472916205448147,0.45755867893905994,1.478188750781586e-35,2,103.353,0.0116412,-0.143439,12349.9,0.0,7.1607,11.1346,13.7219,16.6390,19.1541,20.7437,21.7109,22.6381,23.3526,24.1155,24.9320,25.8077,27.1460,28.8618,32.7612,44.9702,68.8361,161.2950,11.5456
58.926,-0.3544787789694578,0.5023009099460012,2.484391833438611e-36,2,105.307,0.0897299,-0.138744,12737.2,0.0,6.6705,11.1109,14.2568,18.0835,21.6526,24.0517,25.5700,27.0695,28.2557,29.5530,30.9776,32.5491,35.0424,38.4120,45.9730,60.1585,82.1126,46.0169,11.5254
59.046,-0.328584236455284,0.5552953974712594,2.9228621481221915e-37,2,107.812,0.178355,-0.0822938,13302.9,0.0,6.4625,12.2576,17.1406,24.2797,32.5359,39.1458,42.9473,46.1979,48.4854,50.7489,52.9906,55.2134,58.2965,61.7835,68.2298,81.4370,134.7400,28.6538,10.9345
59.166,-0.134644721919867,0.6097521230809558,3.438718088644277e-38,2,111.201,0.229024,-0.0262654,13866.7,0.0,6.3767,13.2059,19.8085,31.2782,43.7673,50.0411,53.3693,56.2710,58.3377,60.3993,62.4558,64.5069,67.3694,70.6274,77.1785,148.0780,42.0896,24.5294,10.7137
59.287,-0.059301318091381464,0.671304985552934,4.0456174441091065e-39,2,115.223,0.247604,0.0316188,14540.5,0.0,6.5961,15.2764,25.5216,42.5200,53.9398,59.7364,62.8386,65.5560,67.4977,69.4419,71.5380,73.9288,78.0332,85.2053,143.5450,119.1160,31.3695,21.0687,10.2668
59.387,-0.048969242103128405,0.7134870047753604,6.799469238314177e-40,2,119.229,0.23877,0.0601785,14866.7,0.0,6.8858,17.0353,30.3453,46.5789,57.3154,62.8225,65.7830,68.5829,70.9185,73.6689,77.0929,81.9766,144.7290,140.1580,129.8110,105.4940,27.9090,19.4650,9.9320
59.506,-0.049823368867487956,0.7419265432392071,7.999507564184247e-41,3,121.465,0.202471,0.0835892,11678.0,0.0,7.4120,19.4925,33.9200,48.7699,58.7704,64.0929,67.6350,71.6332,75.5349,82.7161,140.2750,137.5360,133.3910,128.0350,115.5150,95.1342,25.0181,17.8862,9.4475
59.608,-0.053624058259768764,0.7530436498448734,1.3444772363124466e-41,3,124.898,0.154344,0.102869,11934.5,0.0,8.0442,22.2416,36.2743,50.2355,59.7642,66.2151,71.5117,138.9170,136.3650,133.6700,130.8010,127.7180,122.9050,116.3350,104.8450,37.2961,22.6429,16.4538,8.9256
59.725,-0.05866058183475429,0.7676139831386845,1.5817640237492305e-42,3,128.965,0.0790339,0.126419,12385.9,0.0,9.0245,25.1410,38.5294,51.6209,62.1694,76.0263,131.2470,127.4760,124.5680,121.4270,117.9740,114.0680,108.4470,102.6820,93.4212,30.3315,19.8689,14.6414,8.1888
59.825,-0.06425846307545213,0.7866569492136342,2.658470794715332e-43,3,132.43,0.00114028,0.150641,12747.5,0.0,10.1068,27.4819,40.5705,53.3592,73.2019,124.2720,119.7020,115.2020,111.5520,107.5740,103.8420,100.3660,95.8862,91.2479,83.4471,25.2602,17.3918,12.9532,7.4599
59.926,-0.07220520026813643,0.8014186065401987,4.4680918646780603e-44,3,135.999,-0.0930653,0.175521,13084.6,0.0,11.4239,29.5486,42.3471,56.9484,120.5180,111.7260,105.9150,100.7390,97.3502,94.1884,91.2324,88.4628,84.8667,81.0424,71.7992,21.0784,14.9989,11.2583,6.6384
60.027,-0.07883166867937466,0.8112566653973423,7.509521996964417e-45,3,139.418,-0.203916,0.205103,13694.1,0.0,12.8033,31.7073,44.4157,122.4070,106.0400,95.3648,90.4040,86.4816,83.8894,81.4539,79.1619,76.8963,73.2793,68.2191,24.0050,17.0916,12.5530,9.5233,5.7115
60.146,0.030660953356649947,0.8160777727626708,8.83487753420867e-46,3,143.978,-0.362783,0.226127,13849.1,0.0,14.2715,33.4619,47.6388,108.0720,88.7218,80.5584,76.8102,73.8163,71.6515,69.2531,66.5749,63.5329,58.3369,22.5005,17.5630,13.3055,9.9444,7.5817,4.5419
60.247,0.019481731463907054,0.816492362625747,1.4848778671744515e-46,3,147.687,-0.4931,0.181648,14262.9,0.0,14.7120,31.9479,45.2751,105.5670,86.9331,78.6456,74.8602,71.8456,69.8430,67.8109,65.5836,63.1308,59.2021,53.6397,17.5965,12.2673,8.7683,6.4922,3.7193
60.365,0.005107019012874451,0.8182032090644138,1.746943961952071e-47,3,152.258,-0.622786,0.1305,14485.3,0.0,15.0229,30.2906,43.7426,100.9200,82.9507,74.8218,71.1240,68.1866,66.2383,64.3944,62.4810,60.4047,57.1883,52.9421,41.7113,11.2174,7.4688,5.3082,2.8713
60.466,0.0016734679901387003,0.8199385248118521,2.936088716852846e-48,3,155.935,-0.702975,0.0908162,14821.2,0.0,15.0955,29.1991,44.2762,95.5536,77.8900,70.2122,66.7228,63.9522,62.1154,60.3838,58.6234,56.7360,53.8600,50.1703,41.5289,10.8874,6.6503,4.5382,2.3328
60.567,0.0005483619910086493,0.8218624265134726,4.934684306414579e-49,4,158.336,-0.755765,0.0511948,12160.0,0.0,14.9627,28.3768,110.1730,89.6194,72.2983,65.1644,61.9228,59.3490,57.6428,56.0346,54.4107,52.6888,50.1016,46.8631,39.7843,12.5808,6.3569,4.1004,1.9849
60.686,0.00014374980577097136,0.8268493039359478,5.805606739653689e-50,4,160.793,-0.780624,0.00341051,12255.5,0.0,14.5375,27.8314,102.8440,82.1103,65.3893,58.9411,56.0108,53.6839,52.1414,50.6868,49.2227,47.6904,45.4238,42.6595,36.9604,23.4239,7.3496,4.2249,1.8663
60.806,0.007478161953771526,0.833631286274735,6.830238273135169e-51,4,164.135,-0.762292,-0.0454305,12502.5,0.0,13.8402,28.0467,95.2048,74.1749,58.3631,52.6098,49.9951,47.9190,46.5427,45.2439,43.9423,42.5976,40.6382,38.3053,33.6981,24.1234,11.7150,5.5045,2.1321
60.906,0.0672596762506681,0.8411804795740052,1.1479581465658281e-51,4,166.884,-0.709253,-0.100602,12702.0,0.0,13.1152,27.7510,91.3903,71.3278,55.7197,49.9069,47.2888,45.2202,43.8540,42.5712,41.3642,40.2099,38.5624,36.6142,32.8357,25.2146,14.9907,8.0573,2.7918
61.026,0.10965894946731138,0.850366216418698,1.350561279853231e-52,4,169.984,-0.590869,-0.14928,13087.4,0.0,12.1174,25.9549,90.4590,72.6534,58.3466,51.1384,47.9895,45.5431,43.9468,42.4617,41.0768,39.7823,38.1060,36.3615,33.3862,27.3839,18.5728,11.1268,4.0698
61.126,0.11615533511722985,0.855402683436704,2.2698883430493255e-53,4,172.59,-0.483426,-0.158189,13246.9,0.0,11.2261,23.7904,91.3278,75.2792,63.8171,56.9163,52.7053,49.3985,47.2838,45.3461,43.5640,41.9199,39.8209,37.6721,34.2273,28.9021,21.2027,13.6281,5.1664
61.227,0.12122853814833888,0.8592756813866641,3.8150013381630015e-54,4,175.132,-0.37337,-0.158269,13432.2,0.0,10.4022,22.6058,91.0383,76.1857,66.1230,60.5442,57.3317,54.3243,52.0200,49.5419,47.1619,45.0033,42.2985,39.5866,35.3554,29.1797,22.3995,15.4169,6.2207
61.346,0.12184218150518314,0.8606684942995506,4.4883109243353905e-55,4,178.134,-0.242948,-0.150687,13685.6,0.0,9.4914,22.1598,90.2362,76.5270,67.5924,62.8535,60.2301,57.8677,56.1360,54.3613,52.5363,50.6524,47.8913,44.4918,38.5582,30.4866,22.7086,16.6234,7.3586
61.447,0.11536869195933715,0.8614830572902017,7.543504170530491e-56,4,180.654,-0.14241,-0.135425,13836.4,0.0,8.8657,21.3200,43.1009,76.2724,68.0367,63.7593,61.4277,59.3554,57.8552,56.3370,54.7993,53.2401,51.0170,48.4098,43.2696,33.0049,23.4125,16.7998,8.0877
61.565,0.10333483487886348,0.8627906505077826,8.874857221587418e-57,4,183.653,-0.0437355,-0.0987552,14028.4,0.0,8.4466,19.8835,33.9975,75.2106,67.6392,63.7732,61.6894,59.8534,58.5346,57.2097,55.8785,54.5409,52.6573,50.4884,46.3717,37.9026,25.4393,17.3096,8.5239
61.667,0.09246511237255599,0.8607554083271401,1.4915972532321977e-57,4,186.123,0.00391197,-0.0455259,14203.3,0.0,8.4052,18.4140,29.1194,73.7879,66.6796,63.0890,61.1664,59.4805,58.2746,57.0676,55.8597,54.6512,52.9586,51.0242,47.4014,40.2079,28.6423,18.4446,8.5649
61.786,0.052017198287517566,0.5273245282605098,0.4933454132080078,4,186.465,0.0176233,-0.0370315,13814.9,0.0,8.0435,16.3570,24.3443,71.5162,64.8960,61.5884,59.8284,58.2920,57.1973,56.1050,55.0155,53.9294,52.4148,50.6940,47.5019,41.2965,31.7535,21.0297,8.9732
61.905,0.03594258191428925,0.13823496113632308,0.8875745837152862,4,173.899,0.0532816,-0.0450471,12451.0,0.0,7.6945,15.4433,25.0742,65.1509,58.9768,55.9344,54.3283,52.9337,51.9443,50.9609,49.9841,49.0139,47.6679,46.1481,43.3578,38.0460,30.1804,21.6426,9.3688
62.006,0.0850413495922118,0.04529683206515035,0.7229688459234559,4,161.76,0.0869774,-0.0477951,11549.3,0.0,7.4021,15.0383,69.7431,59.7703,53.9636,51.1362,49.6533,48.3714,47.4652,46.5674,45.6782,44.7980,43.5815,42.2146,39.7239,35.0524,28.2968,21.1018,9.6977
62.107,0.11235113345253847,0.014842865931108468,0.806293983614531,4,151.067,0.122056,-0.0529001,10596.9,0.0,7.0849,15.3670,64.5394,54.9981,49.5401,46.9121,45.5420,44.3624,43.5313,42.7100,41.8989,41.0983,39.9954,38.7613,36.5266,32.3841,26.4946,20.2940,10.0508
62.225,0.12828430396161147,0.003890968246644498,0.8826968474889837,3,137.55,0.164696,-0.0579117,11547.0,0.0,6.8131,17.7968,58.5896,49.5650,44.5126,42.1122,40.8695,39.8044,39.0568,38.3204,37.5953,36.8818,35.9024,34.8114,32.8491,29.2549,24.2285,18.9926,10.1358
62.328,0.153808633545458,0.001274992475060469,0.23948770385351842,3,127.171,0.192647,-0.0225948,11369.0,0.0,6.9418,66.3206,53.2852,44.7450,40.0615,37.8639,36.7334,35.7686,35.0936,34.4304,33.7793,33.1401,32.2657,31.2954,29.5597,26.4117,22.0657,17.5766,9.8831
62.446,0.23071679388408053,0.0003342316273822516,0.028175488870662586,3,119.927,0.192214,0.0160333,10869.7,0.0,7.2619,62.2436,49.5024,41.3238,36.9101,34.8582,33.8078,32.9141,32.2903,31.6787,31.0793,30.4920,29.6903,28.8033,27.2226,24.3744,20.4759,16.4712,9.5642
62.567,0.26600913959678846,8.761681572849297e-05,0.0033148180901445834,3,118.105,0.183734,-0.0203889,10682.4,0.0,7.0367,66.3158,53.1962,44.6058,39.9004,37.6943,36.5601,35.5925,34.9157,34.2510,33.5983,32.9579,32.0819,31.1104,29.3736,26.2269,21.8916,17.4250,9.7960
62.685,0.2895176792858242,2.2968222542330058e-05,0.0003899850334874202,3,116.28,0.188005,-0.0709918,10502.2,0.0,6.6365,17.3707,58.6694,49.6253,44.5695,42.1703,40.9290,39.8657,39.1194,38.3846,37.6611,36.9494,35.9728,34.8853,32.9302,29.3518,24.3513,19.1412,10.2927
62.787,0.30891004867656946,7.526227162670714e-06,6.554478457823072e-05,3,114.573,0.206786,-0.118301,10335.9,0.0,6.1978,13.4949,64.0667,54.7189,49.4039,46.8535,45.5262,44.3846,43.5811,42.7876,42.0045,41.2321,40.1688,38.9802,36.8302,32.8509,27.1917,21.1888,10.9446
62.905,0.17344493626941437,1.9729552933311517e-06,7.711278360844267e-06,3,112.461,0.249285,-0.172062,10133.4,0.0,5.6031,10.6892,17.3308,60.8963,55.3731,52.6943,51.2917,50.0805,49.2251,48.3780,47.5395,46.7100,45.5639,44.2769,41.9325,37.5333,31.1302,24.1435,11.9682
63.006,0.056834436716761715,6.464979905187518e-07,1.296034554107096e-06,3,110.984,0.300963,-0.201987,9997.53,0.0,5.0957,9.1560,13.2397,64.6317,59.0470,56.3240,54.8942,53.6570,52.7816,51.9136,51.0532,50.2006,49.0206,47.6924,45.2639,40.6705,33.8861,26.3329,12.8490
63.107,0.01862350822334848,2.118444615331846e-07,2.1782452750877964e-07,3,109.855,0.365856,-0.208771,9916.9,0.0,4.5942,8.0900,11.3337,19.9924,60.4016,57.6924,56.2689,55.0366,54.1644,53.2991,52.4412,51.5907,50.4129,49.0864,46.6584,42.0549,35.2184,27.5328,13.5394
63.208,0.006102551174626829,6.941719315519391e-08,3.6609768338400595e-08,3,109.046,0.440918,-0.188683,9877.15,0.0,4.1029,7.3543,10.4178,18.9389,59.0441,56.4057,55.0218,53.8252,52.9790,52.1401,51.3088,50.4854,49.3463,48.0647,45.7226,41.2954,34.7490,27.4088,13.9018
63.308,0.001999683968901719,2.274662585309394e-08,6.15300376463499e-09,3,108.376,0.516891,-0.151561,9833.66,0.0,3.6399,6.8186,10.0632,61.3070,56.0826,53.5559,52.2347,51.0947,50.2899,49.4932,48.7049,47.9251,46.8481,45.6390,43.4364,39.2976,33.2338,26.4929,14.0138
63.429,0.0005242051543437724,0.018348902447266488,7.238947399055421e-10,3,107.641,0.591072,-0.102464,9780.8,0.0,3.2017,6.4299,10.3133,57.1364,52.1813,49.8042,48.5666,47.5017,46.7515,46.0103,45.2782,44.5554,43.5593,42.4440,40.4206,36.6469,31.1796,25.1632,13.9614
63.545,0.09271598686195684,0.055016610933136215,8.516549225514713e-11,3,107.118,0.638559,-0.0590728,9755.29,0.0,2.9381,6.3622,11.7258,53.5273,48.8199,46.5783,45.4156,44.4176,43.7159,43.0237,42.3412,41.6683,40.7428,39.7089,37.8396,34.3744,29.3984,23.9636,13.8006
63.647,0.19329554972023383,0.07656963213307007,1.431376428332258e-11,3,106.752,0.667117,-0.0603808,9735.46,0.0,2.6998,5.7738,10.1053,53.9751,49.2710,47.0298,45.8669,44.8684,44.1662,43.4736,42.7904,42.1168,41.1902,40.1547,38.2817,34.8067,29.8077,24.3333,14.0436
63.769,0.1377036563684537,0.11068344230214153,1.6840000541686184e-12,3,106.418,0.703906,-0.0814007,9730.6,0.0,2.3529,4.7743,7.5181,56.3371,51.5381,49.2425,48.0488,47.0225,46.3000,45.5866,44.8822,44.1871,43.2296,42.1583,40.2160,36.5976,31.3568,25.5704,14.6019
63.886,0.07153730833054317,0.1585716116269776,1.9812092237288386e-13,3,106.438,0.745139,-0.080252,9761.22,0.0,2.0245,4.0733,6.2759,56.6630,51.8876,49.6030,48.4149,47.3933,46.6740,45.9637,45.2623,44.5701,43.6166,42.5494,40.6142,37.0062,31.7724,25.9771,14.9172
63.987,0.023441345193752388,0.203621866791678,3.32981834232106e-14,3,106.859,0.775805,-0.0538428,9819.28,0.0,1.8222,3.8198,6.1551,54.5545,49.9269,47.7223,46.5782,45.5958,44.9049,44.2231,43.5507,42.8875,41.9751,40.9550,39.1088,35.6783,30.7255,25.2638,14.8199
64.108,0.02019587157440266,0.24864213228886262,3.917497981557304e-15,3,107.609,0.794524,-0.00898201,9907.7,0.0,1.7432,3.9991,7.4756,50.8076,46.4318,44.3626,43.2929,42.3765,41.7333,41.0995,40.4754,39.8609,39.0169,38.0754,36.3770,33.2393,28.7468,23.8300,14.4285
64.209,0.06419317360442979,0.2975237101584145,6.584138857603362e-16,3,108.451,0.791457,0.0233447,10018.4,0.0,1.8308,4.5792,55.7504,48.0885,43.8973,41.9263,40.9103,40.0414,39.4324,38.8330,38.2434,37.6635,36.8680,35.9822,34.3879,31.4545,27.2792,22.7338,14.0526
64.328,0.11780016158032933,0.34457664180389247,7.74617352458178e-17,3,109.742,0.770753,0.0453069,10173.5,0.0,2.0647,5.6142,53.6480,46.1478,42.0749,40.1675,39.1862,38.3481,37.7614,37.1845,36.6175,36.0602,35.2964,34.4470,32.9209,30.1220,26.1564,21.8588,13.6767
64.447,0.1591433359659454,0.3673649612984146,9.113295689935221e-18,3,111.146,0.739667,0.0512349,10354.0,0.0,2.3647,6.7400,52.9129,45.4175,41.3588,39.4615,38.4862,37.6538,37.0712,36.4987,35.9361,35.3836,34.6267,33.7853,32.2751,29.5100,25.6034,21.3847,13.3917
64.548,0.1939158488466241,0.37767078919013947,1.5316716066074128e-18,3,112.353,0.711225,0.0468051,10461.5,0.0,2.6135,7.4931,53.1294,45.5425,41.4324,39.5108,38.5232,37.6802,37.0904,36.5107,35.9412,35.3818,34.6156,33.7640,32.2356,29.4392,25.4932,21.2415,13.2265
64.649,0.24996471737596565,0.3831409474049499,2.574280469225079e-19,3,113.467,0.684363,0.0356848,10599.9,0.0,2.8243,7.9047,54.2497,46.2385,42.0322,40.0631,39.0505,38.1860,37.5809,36.9861,36.4016,35.8274,35.0408,34.1664,32.5969,29.7243,25.6717,21.3119,13.1363
64.768,0.2712698015394421,0.3997297595008982,3.028615229238613e-20,3,114.763,0.658709,0.0144154,10743.3,0.0,2.9857,7.8422,57.7145,47.9003,43.4868,41.4330,40.3753,39.4714,38.8382,38.2155,37.6032,37.0014,36.1765,35.2588,33.6098,30.5872,26.3165,21.7224,13.1582
64.871,0.2770249402614839,0.4516878245463793,5.090193615781339e-21,3,115.943,0.644876,-0.00534517,10923.9,0.0,3.0435,7.5412,62.8597,50.3057,45.0658,42.8752,41.7763,40.8364,40.1774,39.5288,38.8907,38.2632,37.4025,36.4441,34.7198,31.5529,27.0669,22.2350,13.2601
64.994,0.2800021613398616,0.515237339015386,5.988561887030588e-22,3,117.781,0.638425,-0.0264185,11179.9,0.0,3.0329,7.0883,73.0389,54.9159,47.9471,45.1291,43.7693,42.6516,41.8913,41.1607,40.4582,39.7823,38.8766,37.8743,36.0682,32.7420,28.0135,22.9068,13.4417
65.100,0.2804849752663302,0.5521690513266867,1.0064975963532309e-22,3,119.692,0.642324,-0.0447615,11402.4,0.0,2.9458,6.5589,13.1094,62.2059,52.5066,48.7545,46.9771,45.5320,44.5569,43.6261,42.7365,41.8856,40.7548,39.5420,37.4711,33.9435,28.9946,23.6301,13.6837
65.209,0.25853880997343315,0.5954767586449786,1.6916205101908749e-23,3,121.808,0.655382,-0.0609739,11661.3,0.0,2.7935,5.9684,10.4291,75.0259,60.1271,54.7458,52.2655,50.2802,48.9563,47.7040,46.5176,45.3922,43.9105,42.3388,39.6958,35.3557,30.0129,24.4052,13.9826
65.322,0.22052931173490864,0.6410890898977866,2.843106591477803e-24,3,124.22,0.676904,-0.0751141,11930.2,0.0,2.5834,5.3287,8.6418,100.9700,73.8651,65.1805,61.3503,58.3589,56.3998,54.5719,52.8627,51.2611,49.1813,47.0102,43.4378,37.7761,31.1948,25.2190,14.3326
65.430,0.17595395511939294,0.6875966452433316,4.778409248296745e-25,3,126.918,0.705587,-0.0838693,12256.0,0.0,2.3335,4.6995,7.3032,165.9300,100.2670,83.7720,77.0341,71.9798,68.7635,65.8271,63.1359,60.6605,57.5110,54.2992,49.1758,41.4431,33.0020,25.9443,14.6783
65.540,0.13135229388985784,0.7375929812133349,8.031072423612341e-26,3,130.033,0.739174,-0.0835574,12561.9,0.0,2.0657,4.1287,6.3062,199.4590,158.4280,118.8010,104.8440,95.0841,89.1637,83.9432,79.3061,75.1598,70.0421,64.9960,57.2884,46.3859,35.3866,26.8324,14.9454
65.650,0.08173396167371298,0.7681956106621105,1.349782342236526e-26,3,133.546,0.773575,-0.0724781,12806.0,0.0,1.8089,3.6570,5.6178,12.5230,200.0000,200.0000,158.9800,136.5240,124.0220,113.6250,104.8440,97.3299,88.4650,80.1378,68.1472,52.5383,38.2002,27.9071,15.0735
65.765,0.030507087441842266,0.7832425095767603,2.2685791825969298e-27,3,137.308,0.801281,-0.0427612,13042.2,0.0,1.6300,3.4587,5.6037,14.7955,182.6330,196.4610,200.0000,200.0000,167.0400,148.0360,132.9240,120.6200,106.7940,94.4400,77.6413,57.3603,40.1425,28.5316,14.9192
65.872,0.009996562412942873,0.7898671692099878,3.8128010321906607e-28,3,141.092,0.808954,0.00722092,13384.7,0.0,1.6466,3.8942,7.1775,18.7038,172.4280,189.0780,194.6820,198.8580,200.0000,161.5310,143.2090,128.6280,112.5940,98.5693,79.9427,58.1081,40.1090,28.2389,14.5822
65.981,0.0032756735714731208,0.7938750861161038,6.408174694802843e-29,3,144.872,0.782294,0.0645439,13688.3,0.0,1.9813,4.9684,9.1113,23.0941,167.2810,184.0650,189.6530,193.8180,196.4950,198.9730,144.0410,128.9320,112.4370,98.1089,79.2234,57.2918,39.3779,27.6444,14.2218
66.092,0.001073372715900312,0.8006938222028999,1.077021920955514e-29,3,148.573,0.734655,0.0640799,14058.8,0.0,2.4109,6.0225,10.9913,27.4208,163.2130,179.3850,184.8740,188.9780,191.6210,194.0710,143.0800,127.7940,111.1810,96.8137,77.9661,56.2051,38.5305,27.0022,13.8599
66.203,0.012038921845764964,0.8433198516594462,1.8101507425499324e-30,3,152.48,0.687199,0.0623919,14382.4,0.0,2.8366,7.0562,12.8094,31.4134,158.9060,174.5400,179.9320,183.9780,186.5890,189.0120,142.4630,126.9200,110.1150,95.6581,76.7954,55.1617,37.7034,26.3701,13.5008
66.308,0.009045820576020264,0.8924704474292673,3.042320353003672e-31,3,156.463,0.641419,0.054773,15061.4,0.0,3.2240,7.8718,13.9661,31.9454,143.0540,166.9850,172.7360,176.9780,179.6960,182.2100,184.5510,136.4750,116.7670,100.2420,79.2546,55.9497,37.7122,26.1343,13.2238
66.425,0.00296413448635032,0.9228230501979973,5.113227817293271e-32,4,157.574,0.599109,0.0508992,12120.4,0.0,3.5889,8.6823,15.2356,33.7766,127.1830,160.9940,166.8130,171.0830,173.8150,176.3410,178.6940,140.4820,119.2140,101.6470,79.6769,55.7149,37.2741,25.7056,12.9279
66.528,0.0009712875884872728,0.9427889793545047,8.593801992524803e-33,4,161.042,0.55892,0.0483949,12360.1,0.0,3.9378,9.4704,16.5044,35.9032,123.5700,155.5890,161.3390,165.5650,168.2720,170.7770,173.1120,175.3020,119.9380,101.7820,79.3122,55.1044,36.6824,25.2166,12.6316
66.638,0.02173852195499551,0.951186633770509,1.444360300883644e-33,4,164.471,0.521026,0.0397231,12684.6,0.0,4.2358,9.9869,17.0148,34.8950,95.5222,147.1020,153.4140,157.9080,160.7520,163.3670,165.7960,168.0670,131.8880,109.6110,83.4834,56.6175,37.0091,25.1506,12.4228
66.750,0.007123278874212928,0.9543238771695455,2.427536357695141e-34,4,167.972,0.488978,0.0307152,12930.2,0.0,4.4757,10.3454,17.2473,33.5718,78.4415,137.8310,145.0390,149.8920,152.9070,155.6550,158.1920,160.5550,163.6210,120.2730,89.0189,58.6623,37.5605,25.2047,12.2636
66.858,0.002334156021502092,0.9549663890865415,4.079960356378223e-35,4,171.435,0.461995,0.0272128,13220.8,0.0,4.6946,10.7701,17.8128,34.0447,75.7983,131.5410,138.8330,143.6870,146.6960,149.4360,151.9650,154.3220,157.3820,160.5930,90.5504,58.9391,37.4151,24.9789,12.0812
66.973,0.0579223860248758,0.9559298570790029,6.85718937096488e-36,4,174.794,0.439923,0.0133797,13606.6,0.0,4.8173,10.7401,17.2503,30.9496,59.5789,111.0950,127.3620,133.3190,136.7700,139.8280,142.6020,145.1560,148.4420,151.8640,103.9690,63.9311,39.0964,25.5464,12.0579
67.083,0.018980007452631304,0.9569156736926476,1.1524878175780675e-36,4,178.369,0.430912,-0.00775272,13684.6,0.0,4.7919,10.2573,15.8455,26.3548,44.0654,66.4783,91.2629,116.9630,122.4930,126.6340,130.1160,133.1860,137.0100,140.8960,147.2180,75.1983,42.8582,26.9790,12.2369
67.193,0.006219368842078225,0.9589794795181068,1.936986275003458e-37,4,181.812,0.435449,-0.014006,13939.8,0.0,4.7247,9.9986,15.2863,24.9509,40.4594,58.7997,77.5788,106.2150,113.8150,118.4540,122.1760,125.3910,129.3450,133.3290,139.7740,79.7796,44.3515,27.5788,12.3544
67.302,0.0020379627821721933,0.9592702474109932,3.2554928323983117e-38,4,185.242,0.447315,-0.0158561,14174.4,0.0,4.6171,9.7384,14.8442,24.1012,38.7559,55.7761,72.8646,99.2850,107.4030,112.0340,115.7240,118.9040,122.8120,126.7510,133.1350,81.8331,45.1400,27.9642,12.4803
67.413,0.027779801340562182,0.9592691512341341,5.4715068034118424e-39,4,188.602,0.465708,-0.0302413,14438.7,0.0,4.4025,9.0556,13.5040,21.1148,32.0936,43.4339,53.5397,67.2398,82.2873,98.0053,103.5420,107.5520,112.1160,116.5110,123.4160,134.3380,49.3392,29.6272,12.8308
67.525,0.009102885303275417,0.9584240049295261,9.195961484494286e-40,4,191.947,0.495591,-0.0399225,14681.6,0.0,4.1189,8.3363,12.2635,18.7528,27.6349,36.2629,43.5229,52.7769,62.2344,75.8283,91.3777,96.9701,102.3220,107.1440,114.4540,125.7800,53.1904,31.2046,13.2290
67.633,0.0029828334561772885,0.959088229497807,1.5455652466989548e-40,4,195.273,0.533804,-0.0429156,14920.4,0.0,3.7964,7.6460,11.2028,17.0207,24.8659,32.3593,38.5697,46.3629,54.1886,65.1985,81.6421,88.9324,94.6120,99.5390,106.8970,118.2410,55.5206,32.3243,13.6112
67.741,0.0009774148669201741,0.9587502204949664,2.5976315101269336e-41,5,196.249,0.57608,-0.0437678,13069.4,0.0,3.4495,6.9376,10.1533,15.3985,22.4421,29.1387,34.6658,41.5725,48.4755,58.1326,72.6015,81.7728,87.5327,92.4290,99.7012,110.9280,57.3415,33.3108,13.9994
67.849,0.00032027930359240266,0.9588276941267906,4.365839279070338e-42,5,198.68,0.619897,-0.0442598,13587.7,0.0,3.0915,6.2128,9.0866,13.7664,20.0360,25.9810,30.8762,36.9783,43.0616,51.5447,64.1961,74.6545,80.4823,85.3289,92.4908,103.5690,59.1098,34.2939,14.3964
67.957,-0.03563736021549884,0.6858708931864668,7.337666076333518e-43,5,201.07,0.661656,-0.0310577,13638.1,0.0,2.7858,5.7222,8.5230,13.3004,20.1596,27.2049,33.4494,41.8640,51.0403,64.4776,70.2317,73.9321,78.0607,82.0276,88.3128,98.5236,56.1884,33.6765,14.5587
68.073,-0.01167765019541466,0.22474617427934146,1.2332415374493746e-43,5,201.026,0.691632,-0.0191239,13433.8,0.0,2.5680,5.3849,8.1659,13.1381,20.8310,29.5013,37.9334,50.5952,60.8782,65.1715,68.3959,71.1398,74.5114,77.9352,83.5797,93.0783,53.6547,33.0152,14.6365
68.179,-0.0038265324160334756,0.0736448263878546,0.43189929199218746,5,197.746,0.711963,-0.0151022,12988.5,0.0,2.4080,5.0858,7.7617,12.6291,20.3767,29.4408,38.6125,52.2289,57.1436,60.4601,63.2135,65.6483,68.7136,71.8825,77.1911,86.2871,53.4103,33.0015,14.7509
68.293,-0.08644191246363585,0.024131936710772198,0.8513156666967773,5,185.626,0.725438,-0.00296432,11912.0,0.0,2.3229,5.0168,7.8145,13.1989,22.6557,35.3658,47.8026,52.9220,55.6525,58.0464,60.2223,62.2425,64.8765,67.6764,72.4898,80.9716,53.4462,32.0750,14.6844
68.399,-0.04388080974776419,0.007907553021385835,0.932182936113446,5,171.181,0.726369,0.0152113,10831.1,0.0,2.3580,5.2765,8.5062,15.3785,30.0832,45.6280,49.7822,52.8160,54.7857,56.6383,58.3987,60.0831,62.3363,64.7880,69.1033,76.9234,88.2783,30.4732,14.4309
68.514,-0.014378863738147368,0.0025911469740477104,0.9482637895088661,5,157.087,0.719996,0.010173,9850.51,0.0,2.4005,5.3177,8.4871,15.0316,28.1860,40.4455,44.1600,46.9503,48.7844,50.5215,52.1815,53.7779,55.9232,58.2695,62.4273,70.0409,81.2622,30.7903,14.4484
68.617,-0.004711666069716129,0.0008490670404559537,0.9501429816933313,4,143.54,0.713341,0.00632256,9757.11,0.0,2.4479,5.3819,8.5263,14.8796,27.1081,36.2481,39.4485,41.9478,43.6197,45.2193,46.7603,48.2520,50.2701,52.4919,56.4626,63.8242,74.8525,31.0070,14.4471
68.732,-0.07210237364661716,0.0002782222878166069,0.8140690163457959,4,130.105,0.707635,0.00606793,8870.71,0.0,2.4960,5.4848,8.6853,15.1426,27.1176,33.2446,35.9219,38.1023,39.5914,41.0346,42.4390,43.8100,45.6805,47.7574,51.5077,58.5643,69.3279,31.5269,14.4026
68.842,-0.1464626706923035,9.116787927174576e-05,0.13682057957723795,3,120.602,0.702657,0.00661629,10978.4,0.0,2.5399,5.5873,8.8567,15.4732,25.8473,30.5242,32.7963,34.7043,36.0301,37.3297,38.6064,39.8627,41.5908,43.5263,47.0582,53.8061,64.2910,34.4022,14.3529
68.949,-0.047992887932454015,2.9873890679765656e-05,0.022995434809546383,3,115.392,0.696265,0.0164916,10454.0,0.0,2.6208,5.8800,9.5039,17.2765,25.5090,29.2151,31.1326,32.7831,33.9482,35.1029,36.2481,37.3841,38.9598,40.7408,44.0285,50.4147,60.5348,73.6206,14.1617
69.058,-0.01572630951770653,9.789076497945611e-06,0.0038648427284404606,3,114.28,0.683403,0.0309216,10363.4,0.0,2.7735,6.4136,10.6976,19.0041,25.1164,28.2111,29.8639,31.3099,32.3421,33.3735,34.4036,35.4322,36.8691,38.5066,41.5602,47.5860,57.3212,70.1504,13.8622
69.169,-0.05103853647908044,3.2076845868468182e-06,0.000649564117368988,3,113.317,0.664689,0.0382344,10280.3,0.0,2.9605,6.9569,11.7810,18.5231,23.4824,26.1262,27.5682,28.8449,29.7643,30.6889,31.6181,32.5514,33.8638,35.3706,38.2087,43.9000,53.2869,65.9186,13.6149
69.277,-0.2967890197544354,1.0510940854179655e-06,0.00010917224120620585,3,112.199,0.632119,0.0925614,10167.2,0.0,3.4558,9.2388,15.0579,21.4421,26.0262,28.4726,29.8102,30.9968,31.8526,32.7148,33.5824,34.4552,35.6846,37.0991,39.7722,45.1632,54.1302,66.3034,12.7340
69.390,-0.13368339898453338,3.4442250990975887e-07,1.8348578579527016e-05,3,110.884,0.565114,0.185085,10037.9,0.0,4.6191,13.3192,20.2603,27.0095,31.6049,34.0122,35.3197,36.4752,37.3062,38.1416,38.9810,39.8240,41.0096,42.3707,44.9363,50.0936,58.6449,26.2475,11.4516
69.500,-0.11257447833994526,0.009788198797868047,3.083845601861106e-06,3,109.776,0.463034,0.239603,9952.95,0.0,5.9176,15.6856,22.5873,29.0544,33.4210,35.7070,36.9490,38.0472,38.8374,39.6320,40.4307,41.2332,42.3625,43.6602,46.1103,51.0497,59.2689,22.3390,10.5291
69.609,-0.19567168337724966,0.08657930127896041,5.183019303047961e-07,3,108.904,0.335779,0.255511,9937.88,0.0,7.2705,18.0454,24.9560,31.2292,35.4224,37.6120,38.8009,39.8519,40.6083,41.3690,42.1338,42.9024,43.9843,45.2282,47.5773,52.3165,60.2158,18.9767,9.5511
69.720,-0.1450169467630259,0.15474051833371474,8.71110054263271e-08,3,108.586,0.203863,0.256454,9961.04,0.0,8.5991,20.0797,26.9048,32.9644,36.9868,39.0849,40.2242,41.2315,41.9565,42.6858,43.4189,44.1556,45.1927,46.3853,48.6386,53.1883,60.7862,16.3496,8.5788
69.828,-0.16044395015432786,0.24486184570384162,1.4640746682002795e-08,3,108.727,0.0723349,0.246997,10019.3,0.0,9.7631,21.4490,28.0267,33.8013,37.6309,39.6307,40.7170,41.6778,42.3697,43.0659,43.7661,44.4702,45.4616,46.6024,48.7601,53.1265,60.4469,14.4243,7.6707
69.941,-0.21495121764349204,0.31096259717835983,2.46067029484421e-09,3,109.37,-0.0567818,0.242179,10148.5,0.0,10.9135,22.8609,29.2754,34.8423,38.5223,40.4422,41.4851,42.4075,43.0716,43.7399,44.4122,45.0882,46.0407,47.1366,49.2103,53.4115,60.4701,12.4277,6.7511
70.051,-0.15186694376016946,0.3525133879059049,4.135648564544664e-10,3,110.372,-0.184141,0.236244,10266.2,0.0,11.9965,24.0949,30.3427,35.7157,39.2560,41.1013,42.1037,42.9904,43.6288,44.2713,44.9175,45.5675,46.4831,47.5372,49.5325,53.5785,16.7351,10.5771,5.8467
70.159,-0.12386122941744168,0.37497115726150687,6.950784542430218e-11,3,111.604,-0.306422,0.219678,10385.1,0.0,12.8475,24.7176,30.6883,35.8042,39.1769,40.9370,41.8938,42.7406,43.3506,43.9648,44.5830,45.2050,46.0816,47.0914,49.0053,52.8953,13.8834,9.0900,5.0144
70.269,-0.11144816605869283,0.39709356443645055,1.1682183580462471e-11,3,112.994,-0.419466,0.193328,10525.5,0.0,13.4465,24.7986,30.4120,35.2256,38.4096,40.0757,40.9829,41.7866,42.3661,42.9499,43.5378,44.1299,44.9653,45.9288,47.7580,51.4894,12.0841,7.8822,4.2659
70.378,-0.10133053975750309,0.4182567754445361,1.963424594368328e-12,3,114.53,-0.519244,0.164025,10658.6,0.0,13.8737,24.6483,29.9108,34.4320,37.4341,39.0095,39.8686,40.6306,41.1805,41.7351,42.2941,42.8574,43.6528,44.5714,46.3186,49.8967,10.6351,6.8290,3.6018
70.487,-0.09042389528693782,0.4382081848651656,3.2999277157548496e-13,3,116.159,-0.602488,0.12982,10833.6,0.0,14.0931,24.1925,29.0885,33.3104,36.1275,37.6110,38.4216,39.1415,39.6616,40.1866,40.7161,41.2502,42.0054,42.8788,44.5440,47.9686,9.7642,6.0162,3.0529
70.597,-0.0799557968265105,0.46259029629786746,5.5461885118691765e-14,3,117.921,-0.665789,0.0897748,10998.0,0.0,14.0933,23.4207,27.9296,31.8390,34.4633,35.8512,36.6113,37.2873,37.7763,38.2704,38.7695,39.2734,39.9869,40.8134,42.3931,45.6645,9.9374,5.5372,2.6502
70.710,-0.11630438004603791,0.4806916722752602,9.321479031898525e-15,3,119.771,-0.706331,0.0507361,11148.8,0.0,13.9561,22.5663,26.7267,30.3537,32.8027,34.1029,34.8165,35.4522,35.9126,36.3783,36.8492,37.3252,37.9999,38.7826,40.2827,43.4784,50.3583,5.4109,2.4103
70.818,-0.15790140602775757,0.4912566604524073,1.5666609808911852e-15,3,121.519,-0.726561,0.0259821,11383.3,0.0,13.8402,22.0100,25.9556,29.4056,31.7424,32.9860,33.6695,34.2788,34.7205,35.1674,35.6196,36.0769,36.7258,37.4795,38.9504,42.3516,49.9139,5.4452,2.2973
70.929,-0.16554785598432636,0.4997737657001698,2.6330871105838156e-16,3,123.256,-0.731559,0.00538319,11556.3,0.0,13.6614,21.4536,25.2207,28.5239,30.7683,31.9650,32.6235,33.2110,33.6371,34.0687,34.5082,34.9617,35.6218,36.4140,38.0194,41.7886,50.4196,5.8038,2.3035
71.037,-0.168410013877825,0.5040343694977566,4.42542950675822e-17,3,124.977,-0.722723,-0.013964,11699.8,0.0,13.4049,20.8361,24.4382,27.6079,29.7682,30.9299,31.5917,32.1997,32.6516,33.1189,33.6023,34.1027,34.8335,35.7145,37.5132,41.8088,52.0517,6.6477,2.4310
71.148,-0.18491219473940365,0.5094149880563998,7.437819372008543e-18,3,126.631,-0.700109,-0.030639,11853.7,0.0,13.0826,20.1848,23.6424,26.6968,28.9067,30.1875,30.9271,31.6098,32.1192,32.6478,33.1966,33.7669,34.6034,35.6184,37.7122,42.8345,55.7942,8.2650,2.6840
71.257,-0.18514950823346557,0.5168551989894461,1.2500743018534758e-18,3,128.21,-0.663788,-0.0480955,12064.3,0.0,12.6635,19.4109,22.7161,25.8683,28.3327,29.7825,30.6270,31.4113,31.9996,32.6129,33.2527,33.9208,34.9071,36.1137,38.6382,45.0228,62.6420,142.3630,3.0812
71.369,-0.1787030694177076,0.5334452737142367,2.1009998791251372e-19,3,129.853,-0.613141,-0.0681604,12237.9,0.0,12.1316,18.4705,21.7906,25.2656,28.0546,29.7265,30.7113,31.6333,32.3296,33.0597,33.8263,34.6319,35.8313,37.3149,40.4786,48.8615,75.2831,200.0000,3.6525
71.480,-0.16939450735288664,0.548955708618806,3.531150496845619e-20,3,131.587,-0.546719,-0.0905259,12404.3,0.0,11.4855,17.4995,21.0885,24.9806,28.2103,30.1938,31.3794,32.5014,33.3562,34.2600,35.2168,36.2315,37.7595,39.6790,43.8849,55.8315,103.2820,73.9137,4.4397
71.589,-0.15825118183046066,0.5649526366783353,5.934804640048433e-21,3,133.407,-0.462761,-0.115794,12574.2,0.0,10.7143,16.7144,20.6409,25.0842,28.9296,31.3670,32.8524,34.2784,35.3785,36.5545,37.8142,39.1670,41.2377,43.8980,49.9677,69.2554,197.2530,36.3294,5.5141
71.697,-0.1456797516959885,0.6246614436586319,9.9746261585294e-22,3,135.405,-0.359414,-0.143964,12808.9,0.0,9.8686,16.1549,20.5189,25.7233,30.4765,33.6181,35.5847,37.5106,39.0228,40.6653,42.4554,44.4140,47.4869,51.5746,61.5382,100.6020,200.0000,29.5366,6.8336
71.808,-0.13169867467368485,0.7550339817799354,1.6764354184640366e-22,3,138.063,-0.236114,-0.154036,13218.3,0.0,9.1879,15.8890,20.8612,27.1962,33.4108,37.7662,40.6004,43.4614,45.7693,48.3400,51.2207,54.4710,59.7904,67.3153,88.1647,200.0000,82.7678,25.9465,7.7651
71.917,-0.10870491924269415,0.8368751757746492,2.817585007812507e-23,3,141.443,-0.127831,-0.108686,13693.7,0.0,8.6797,15.8771,21.6345,29.5742,38.1126,44.5986,49.0662,53.7894,57.7667,62.3847,67.8103,74.2759,85.7303,104.0960,174.1230,200.0000,52.0268,23.6698,8.3563
72.029,-0.044804265123229214,0.8717055759572121,4.735515122630481e-24,3,145.298,-0.0463293,-0.069032,14079.9,0.0,8.3240,16.0969,22.8384,33.0346,45.3612,55.8403,63.7083,72.6807,80.8181,91.0152,104.1660,121.7700,159.5370,200.0000,200.0000,107.7270,40.8873,22.0439,8.7140
72.138,-0.019925046127579747,0.8877056491452843,7.95898026660505e-25,3,149.452,0.0119117,-0.0508769,14399.7,0.0,7.9883,15.8844,23.0336,34.4307,49.2415,62.8227,73.6829,86.8306,99.5250,116.5770,140.6950,177.4100,200.0000,200.0000,200.0000,85.2303,38.4516,21.9137,9.0588
72.247,-0.031304612067841575,0.8991617289088017,1.3376658134083106e-25,3,153.72,0.0547786,-0.0408242,14710.1,0.0,7.7121,15.5854,22.8997,34.9485,51.3652,67.2298,80.5168,97.3711,114.5020,138.9590,176.7200,200.0000,200.0000,200.0000,200.0000,77.8828,37.7117,22.0736,9.3390
72.357,-0.04833395991269033,0.908031061422586,2.2482149325953475e-26,4,157.377,0.0843726,-0.0165809,12240.8,0.0,7.6437,16.1013,24.5147,39.7208,63.6687,91.2920,118.8220,161.4480,200.0000,200.0000,200.0000,200.0000,200.0000,200.0000,122.2820,61.7314,33.9459,20.9983,9.3576
72.468,-0.015838071984190367,0.910840989300703,3.778574837213001e-27,4,158.574,0.0970471,-0.000280682,12195.4,0.0,7.6597,16.6273,26.0234,44.3538,77.3556,123.4100,180.9110,200.0000,200.0000,200.0000,200.0000,200.0000,200.0000,151.8780,94.7410,54.1348,31.7009,20.2343,9.3114
72.578,-0.0051898194277794985,0.9135988949053043,6.3506507289038915e-28,4,161.799,0.0987178,0.00460118,12407.5,0.0,7.6831,16.8352,26.5854,46.1010,82.9835,138.5790,200.0000,200.0000,200.0000,200.0000,200.0000,200.0000,192.3910,136.7250,88.6709,52.1400,31.0358,19.9818,9.2803
72.690,-0.001700600030094786,0.9172523046325701,1.067353868006877e-28,4,164.971,0.0955007,0.00600212,12657.5,0.0,7.7214,16.9654,26.8614,46.8209,85.1062,144.2510,200.0000,200.0000,200.0000,200.0000,200.0000,199.7600,184.2970,132.4800,86.7807,51.4220,30.7467,19.8438,9.2403
72.798,-0.0917329259383127,0.9192023836195007,1.793901645959158e-29,4,168.077,0.0861442,0.0278513,12899.7,0.0,7.9796,18.3314,30.3620,58.2186,130.7070,200.0000,200.0000,199.3880,196.5640,192.6220,178.2040,143.8950,113.3560,91.2421,66.8333,43.6022,27.7230,18.5258,8.9699
72.909,-0.030059045171466302,0.919570330814438,3.0150104963635573e-30,4,171.143,0.056953,0.0571801,13138.9,0.0,8.5018,20.8792,37.3062,87.1215,199.1040,193.1050,187.5360,159.6750,130.9340,110.9680,96.2923,85.0506,73.1104,63.0121,50.0719,35.5492,24.0698,16.7296,8.4969
73.018,-0.00984974792178608,0.921431673188775,5.067328141238232e-31,4,174.271,0.00912722,0.0662391,13347.3,0.0,9.0250,22.6684,41.6592,106.3460,191.8020,184.2180,165.6110,124.1580,105.3360,91.4747,80.8428,72.4301,63.2267,55.2182,44.6408,32.3267,22.2438,15.6277,8.0477
73.128,-0.003227565399010863,0.9206185607486228,8.516658406979099e-32,4,177.38,-0.0487177,0.0689589,13565.5,0.0,9.5817,24.2344,44.9390,118.3010,185.4470,177.0210,145.3150,110.8660,94.8186,82.8351,73.5458,66.1343,57.9639,50.8007,41.2623,30.0452,20.7692,14.6372,7.5684
73.237,-0.0010576086299478797,0.9211728134236087,1.4313947784609772e-32,4,180.451,-0.111102,0.0699565,13794.1,0.0,10.1633,25.7716,47.9506,127.7310,179.2960,170.2810,132.4250,101.6290,87.1588,76.3008,67.8531,61.0938,53.6221,47.0541,38.2829,27.9309,19.3396,13.6452,7.0659
73.347,-0.00034655719586132124,0.921956774690148,2.405745204159365e-33,4,183.495,-0.175884,0.0704495,14023.2,0.0,10.7619,27.3245,50.9249,136.4640,173.1170,163.5030,121.2900,93.3472,80.1627,70.2459,62.5171,56.3244,49.4704,43.4373,35.3691,25.8299,17.8994,12.6361,6.5482
73.458,-0.00011355986193983774,0.9224305068679677,4.043335964630646e-34,4,186.513,-0.242264,0.0706231,14243.5,0.0,11.3717,28.8857,53.8665,144.6530,166.8750,156.5640,111.0480,85.5484,73.4994,64.4294,57.3562,51.6859,45.4073,39.8782,32.4803,23.7282,16.4478,11.6135,6.0198
73.568,0.0319270961676208,0.9223688956779956,6.795634755754728e-35,4,189.491,-0.308581,0.0632622,14467.1,0.0,11.8784,29.6125,53.9037,133.3550,162.2560,154.2830,123.5220,90.5929,76.1077,65.6204,57.6771,51.4527,44.7043,38.8830,31.2664,22.5005,15.4028,10.7840,5.5284
73.678,0.011044055028612231,0.9231016366107656,1.1421423333996974e-35,4,192.44,-0.367974,0.0528642,14684.5,0.0,12.2733,29.8302,52.6358,118.5200,157.9670,151.7680,145.5510,107.1120,85.9444,71.7672,61.6091,53.9735,45.9982,39.3589,30.9892,21.7759,14.6242,10.1104,5.1005
73.789,0.005344692954981905,0.9225888114721156,1.9195986197448718e-36,4,195.372,-0.420997,0.0494401,14900.3,0.0,12.7008,30.6203,53.5157,117.3270,152.1740,146.3340,140.9290,108.6260,85.3520,70.2959,59.7584,51.9721,43.9591,37.3794,29.2006,20.3430,13.5705,9.3413,4.6871
73.897,0.003972040848294719,0.9224207689306827,3.2262694002052056e-37,5,196.929,-0.470869,0.047537,13462.6,0.0,13.1190,31.4882,54.7482,118.3540,146.0150,140.3370,135.2180,105.5470,81.8230,66.8108,56.4568,48.8847,41.1609,34.8708,27.1161,18.7973,12.4914,8.5775,4.2908
74.008,0.003919477239575461,0.9223657047507061,5.42239098092489e-38,5,198.249,-0.518473,0.0454795,13530.4,0.0,13.5130,32.2800,55.8172,118.9120,139.8490,134.3460,129.5190,103.1010,78.6282,63.5486,53.3253,45.9388,38.4814,32.4643,25.1150,17.3140,11.4573,7.8463,3.9121
74.118,0.03702569859748908,0.9232888234295863,9.113412521640462e-39,5,200.589,-0.563946,0.0399634,13694.4,0.0,13.8343,32.6352,55.6346,114.2720,134.1440,129.1260,125.0670,116.2400,83.7726,65.4854,53.7555,45.5924,37.6031,31.3335,23.8812,16.2075,10.5999,7.2058,3.5606
74.228,0.01751542260443147,0.9226501488489067,1.531691242512113e-39,5,202.914,-0.601526,0.0268018,13839.1,0.0,13.9688,32.0185,52.9069,100.9080,129.3890,125.2780,122.2980,118.7570,114.7540,89.2153,67.3080,54.0419,42.3589,33.9719,24.7846,16.1082,10.2151,6.8156,3.2941
74.339,0.013071941664626352,0.9238639050716847,2.5743134712901077e-40,5,205.212,-0.629419,0.0197102,13993.4,0.0,14.1068,31.8589,51.8393,95.5826,123.6080,119.8820,117.2760,114.3720,111.5980,106.9290,78.1997,59.8430,45.0455,35.1255,24.8701,15.7239,9.7886,6.4610,3.0843
74.448,0.013451130238339761,0.9245793650388896,4.3266486511972843e-41,5,207.497,-0.649826,0.01357,14147.0,0.0,14.1931,31.6556,50.8631,91.3276,117.5940,114.1660,111.8280,109.3210,107.0870,104.1050,94.2393,67.7359,48.6047,36.7494,25.2267,15.5258,9.4999,6.2093,2.9318
74.557,0.039873771555624174,0.9241572522734434,7.271798388067276e-42,5,209.736,-0.661749,-0.000982587,14296.2,0.0,14.0866,30.5378,47.7348,81.1637,112.3270,109.4300,107.5250,105.5740,103.9610,102.0800,99.7684,96.5488,70.7533,47.5985,29.5088,16.7874,9.8067,6.2516,2.8730
74.669,0.01306583746334693,0.9229347156124619,1.222171155082467e-42,5,211.945,-0.658789,-0.0140079,14439.6,0.0,13.8822,29.3781,44.9146,73.3111,106.6890,104.1730,102.5610,100.9490,99.6551,98.2117,96.5696,94.6385,90.9985,69.1148,36.7049,18.9642,10.5426,6.5556,2.9367
74.777,0.004281413619989523,0.9003226890181414,2.0541030603471027e-43,5,214.131,-0.644993,-0.0173658,14571.1,0.0,13.7220,28.8648,43.8926,70.9626,100.0940,97.7069,96.1997,94.7103,93.5278,92.2256,90.7710,89.1094,86.2121,80.0472,40.6319,20.3607,11.1582,6.8911,3.0660
74.888,0.0014029336149981668,0.3401212387374645,0.477980941772461,5,212.462,-0.626729,-0.0182517,14057.0,0.0,13.5581,28.4750,43.2393,69.7349,93.2493,90.9479,89.5139,88.1105,87.0065,85.8018,84.4719,82.9781,80.4687,76.2674,43.4556,21.5900,11.7859,7.2654,3.2267
74.997,0.0004597132869625993,0.1114509275094924,0.8471872613392639,5,200.37,-0.607807,-0.0184377,12936.9,0.0,13.3980,28.1294,42.7022,89.9991,86.5739,84.3522,82.9849,81.6588,80.6248,79.5055,78.2823,76.9271,74.7121,71.3332,45.8233,22.7250,12.3953,7.6381,3.3910
75.109,0.00015063884987190454,0.03652023992631047,0.9120356071600186,5,185.974,-0.589833,-0.0186513,11841.3,0.0,13.2455,27.7987,42.1859,83.7024,80.3281,78.1892,76.8883,75.6378,74.6706,73.6318,72.5072,71.2765,69.3103,66.4870,48.1233,23.8154,12.9777,7.9935,3.5472
75.218,4.936133832602568e-05,0.011966952219053414,0.9116019003926011,5,171.94,-0.572974,-0.019141,10824.1,0.0,13.0988,27.4671,41.6506,77.8547,74.5487,72.4971,71.2635,70.0876,69.1853,68.2233,67.1912,66.0743,64.3248,61.9221,50.5850,24.9117,13.5455,8.3346,3.6948
75.328,1.6174723342672094e-05,0.003921330903139423,0.8759722557398048,5,158.383,-0.557158,-0.0195296,9895.39,0.0,12.9623,27.1621,41.1631,72.4258,69.1955,67.2297,66.0602,64.9544,64.1121,63.2201,62.2708,61.2535,59.6860,57.6036,51.5063,25.9318,14.0756,8.6537,3.8332
75.440,5.300133344926791e-06,0.0012849417103407263,0.863094792367648,4,145.502,-0.542394,-0.019564,9962.67,0.0,12.8389,26.9020,40.7669,67.3879,64.2354,62.3511,61.2412,60.1997,59.4117,58.5824,57.7059,56.7747,55.3590,53.5257,48.8656,26.8052,14.5474,8.9432,3.9612
75.547,1.736747694465611e-06,0.0004210496996444492,0.8607575385610919,4,133.029,-0.528714,-0.0199116,8878.7,0.0,12.7208,26.6381,40.3450,62.7635,59.6988,57.8975,56.8466,55.8675,55.1314,54.3612,53.5526,52.7004,51.4198,49.7962,45.9761,27.7002,15.0095,9.2205,4.0811
75.659,5.690974845224915e-07,0.00013796956557949312,0.8553847923025936,3,121.098,-0.516089,-0.020325,9882.31,0.0,12.6107,26.3884,62.3876,58.5288,55.5557,53.8354,52.8406,51.9201,51.2322,50.5161,49.7689,48.9869,47.8239,46.3745,43.1317,28.5571,15.4448,9.4796,4.1922
75.767,1.8648186372833e-07,4.5209867249088306e-05,0.8458980434656368,3,109.778,-0.504478,-0.0204547,8307.24,0.0,12.5126,26.1771,58.4885,54.6493,51.7662,50.1220,49.1789,48.3120,47.6674,46.9998,46.3069,45.5860,44.5234,43.2174,40.3974,29.2796,15.8262,9.7110,4.2934
75.879,6.110637710649917e-08,1.4814369300181257e-05,0.7337185871254747,3,98.9161,-0.493902,-0.0205043,7291.44,0.0,12.4241,25.9896,54.9305,51.1237,48.3301,46.7580,45.8633,45.0456,44.4407,43.8168,43.1724,42.5057,41.5302,40.3452,37.8547,29.9189,16.1681,9.9198,4.3852
75.987,2.002333765025765e-08,4.854372532283395e-06,0.25048931886957504,2,89.1102,-0.484312,-0.0209788,9374.56,0.0,12.3387,25.7894,51.7190,47.9593,45.2570,43.7551,42.9064,42.1351,41.5669,40.9834,40.3833,39.7655,38.8674,37.7875,35.5670,29.6469,16.5155,10.1227,4.4705
76.097,6.561247281236427e-09,1.5906807913786228e-06,0.04209973982240948,2,82.9418,-0.475174,-0.0220593,9465.81,0.0,12.2500,25.5556,48.7809,45.0817,42.4735,41.0408,40.2368,39.5098,38.9765,38.4308,37.8719,37.2990,36.4714,35.4848,33.4930,28.6160,16.9039,10.3369,4.5549
76.208,2.1499895091155525e-09,5.212342817189472e-07,0.007075703271952361,2,81.6357,-0.465982,-0.0228084,9324.22,0.0,12.1650,25.8014,45.9329,42.2999,39.7856,38.4203,37.6593,36.9744,36.4741,35.9639,35.4435,34.9122,34.1488,33.2460,31.4510,27.2914,17.2682,10.5426,4.6383
76.318,7.045085623469842e-10,1.7079804943366463e-07,0.0011892134489170335,2,80.7396,-0.45656,-0.023485,9225.94,0.0,12.0790,47.1805,43.0940,39.5369,37.1210,35.8244,35.1066,34.4638,33.9960,33.5208,33.0378,32.5467,31.8448,31.0206,29.4044,25.8114,17.6361,10.7514,4.7235
76.428,2.308533657098598e-10,5.5967104838423216e-08,0.0001998711043594858,2,79.9041,-0.446956,-0.0241297,9133.99,0.0,11.9920,44.3604,40.2594,36.7893,34.4770,33.2507,32.5766,31.9759,31.5404,31.0996,30.6532,30.2011,29.5582,28.8084,27.3561,24.2338,17.9821,10.9637,4.8102
76.537,7.564603087580687e-11,1.8339300913454517e-08,3.3592336509698775e-05,2,79.1018,-0.43719,-0.0247472,9042.9,0.0,11.9040,41.5240,37.4266,34.0554,31.8523,30.6982,30.0683,29.5097,29.1064,28.6995,28.2890,27.8748,27.2886,26.6095,25.3087,22.5895,17.6633,11.1790,4.8983
76.648,0.08365699376064219,6.009422123320776e-09,5.6458639971850735e-06,2,78.3134,-0.426454,-0.030969,8954.42,0.0,11.7458,38.8430,34.7979,31.5580,29.4816,28.4073,27.8249,27.3107,26.9409,26.5691,26.1953,25.8195,25.2901,24.6805,23.5247,21.1659,17.1400,11.6206,5.0247
76.758,0.2387201425738505,1.9691674413697514e-09,9.489003620068952e-07,2,77.4519,-0.405019,-0.0743297,8853.16,0.0,11.1264,37.2834,33.4631,30.4615,28.5664,27.5954,27.0717,26.6103,26.2789,25.9462,25.6122,25.2772,24.8069,24.2676,23.2523,21.2125,17.8288,13.3622,5.4699
76.868,0.3172470080235015,6.452567871880401e-10,1.5948168384249887e-07,2,76.5001,-0.360456,-0.149341,8739.44,0.0,10.1471,36.5889,33.0782,30.3495,28.6414,27.7710,27.3029,26.8914,26.5964,26.3006,26.0041,25.7068,25.2896,24.8114,23.9117,22.1100,19.1544,15.2614,6.4597
76.977,0.36009712952957845,2.1143774402577698e-10,2.680408660340879e-08,2,75.4708,-0.286841,-0.239335,8617.21,0.0,9.0349,36.1849,32.9808,30.5070,28.9654,28.1820,27.7613,27.3918,27.1271,26.8619,26.5962,26.3300,25.9567,25.5293,24.7264,23.1202,20.4733,16.9702,8.1423
77.087,0.39555532986709596,6.92839199623666e-11,4.504962835434916e-09,2,74.3494,-0.181441,-0.342853,8485.24,0.0,7.8463,35.9722,33.0643,30.8260,29.4338,28.7269,28.3474,28.0142,27.7756,27.5365,27.2969,27.0570,26.7206,26.3355,25.6122,24.1654,21.7788,18.5751,9.9254
77.198,0.4307823741456625,2.2702954893268287e-11,7.571491037515465e-10,2,73.1328,-0.0428495,-0.452295,8344.95,0.0,6.6696,11.8215,33.1044,31.0756,29.8148,29.1751,28.8319,28.5304,28.3145,28.0982,27.8814,27.6644,27.3599,27.0113,26.3565,25.0456,22.8783,19.9501,11.5806
77.307,0.44105375242753797,7.439304259426152e-12,1.2725404986752242e-10,2,71.8533,0.124382,-0.517468,8198.43,0.0,5.5274,8.6189,33.0426,31.2013,30.0570,29.4761,29.1644,28.8906,28.6946,28.4982,28.3014,28.1043,27.8279,27.5114,26.9169,25.7260,23.7520,21.0686,13.0781
77.419,0.18526670883695562,2.4377112197287617e-12,2.1387588161234498e-11,2,70.7617,0.294097,-0.521045,8075.8,0.0,4.4375,6.5312,8.9545,31.0164,29.9712,29.4413,29.1570,28.9073,28.7285,28.5494,28.3700,28.1902,27.9382,27.6496,27.1074,26.0216,24.2223,21.7697,14.2880
77.528,0.06070819515169362,7.987892124807206e-13,3.594611942258682e-12,2,70.0467,0.455904,-0.462818,8020.33,0.0,3.4882,5.3053,7.2854,29.6419,28.6633,28.1699,27.9059,27.6746,27.5092,27.3437,27.1780,27.0123,26.7803,26.5150,26.0178,25.0267,23.3969,21.1992,14.5742
77.638,0.019892861387306966,0.05326074023463674,6.041464291354167e-13,2,69.6641,0.596209,-0.355641,8013.96,0.0,2.7188,4.5843,29.0934,27.5675,26.6452,26.1841,25.9384,25.7237,25.5706,25.4176,25.2648,25.1122,24.8989,24.6557,24.2018,23.3037,21.8455,19.9133,14.2671
77.749,0.08824173353985175,0.10365991686008576,1.015388903447895e-13,2,69.6431,0.698346,-0.228541,8042.55,0.0,2.1922,4.4718,26.8496,25.3952,24.5303,24.1017,23.8744,23.6763,23.5353,23.3947,23.2546,23.1149,22.9201,22.6987,22.2869,21.4787,20.1838,18.4991,13.7476
77.859,0.3791914583978494,0.15139570147858789,1.7065641300248774e-14,2,69.8057,0.764387,-0.133007,8103.81,0.0,1.8421,5.1116,25.2479,23.8623,23.0478,22.6466,22.4345,22.2500,22.1189,21.9883,21.8584,21.7290,21.5489,21.3446,20.9659,20.2267,19.0531,17.5449,13.3986
77.969,0.4820918223967008,0.15755988447612868,2.8682223333328114e-15,2,69.8978,0.803111,-0.0573366,8136.63,0.0,1.6482,26.6379,24.1699,22.8134,22.0358,21.6545,21.4533,21.2786,21.1545,21.0311,20.9083,20.7863,20.6165,20.4241,20.0683,19.3766,18.2860,16.8964,13.1475
78.077,0.5014219021581711,0.13475567216388784,4.820621275632456e-16,2,69.8372,0.81557,0.0104954,8111.34,0.0,1.6639,26.3229,23.4185,21.8910,21.1297,20.7635,20.5706,20.4033,20.2847,20.1667,20.0495,19.9330,19.7712,19.5880,19.2498,18.5945,17.5676,16.2708,12.8378
78.188,0.4950137243629565,0.11767731092028777,8.102018177955471e-17,2,69.6301,0.803912,0.0698082,8069.99,0.0,1.9245,26.6269,23.0846,21.2565,20.3626,19.9632,19.7620,19.5924,19.4747,19.3600,19.2468,19.1345,18.9785,18.8022,18.4772,17.8495,16.8711,15.6453,12.4647
78.298,0.483125862286785,0.11246657350798489,1.3617061951689762e-17,2,69.3436,0.771578,0.115202,8039.0,0.0,2.4480,28.0820,23.4624,21.1657,20.0599,19.5686,19.3217,19.1137,18.9695,18.8290,18.6919,18.5582,18.3765,18.1765,17.8222,17.1873,16.2402,15.0619,12.0595
78.407,0.4715536258085663,0.1135088182914715,2.2886196022204983e-18,2,69.0037,0.721917,0.15432,8005.65,0.0,3.3227,31.0533,24.6275,21.6248,20.2185,19.6011,19.2922,19.0329,18.8536,18.6790,18.5090,18.3435,18.1190,17.8723,17.4363,16.6581,15.5940,14.4404,11.5890
78.518,0.4612077920504676,0.11476590356212438,3.846482965451992e-19,2,68.6523,0.658292,0.189747,7966.94,0.0,4.8120,36.7404,26.9431,22.8028,20.9466,20.1469,19.7503,19.4190,19.1907,18.9692,18.7542,18.5453,18.2630,17.9538,17.4105,16.4490,15.1481,13.7984,11.0562
78.628,0.45182285644231795,0.11670175495111192,6.464783920035164e-20,2,68.3273,0.583186,0.222204,7930.1,0.0,7.1994,48.9679,31.3773,25.1468,22.5414,21.4518,20.9183,20.4760,20.1732,19.8807,19.5980,19.3247,18.9571,18.5570,17.8597,16.6435,15.0305,13.3873,10.4740
78.738,0.44333068112646995,0.11955874317175534,1.08653623344031e-20,2,68.055,0.49882,0.251982,7896.92,0.0,8.0867,84.6103,40.3322,29.5448,25.5368,23.9372,23.1696,22.5407,22.1140,21.7047,21.3120,20.9347,20.4310,19.8878,18.9530,17.3575,15.3050,13.2790,9.8499
78.851,0.42004704348567395,0.12390569255627078,1.8261414475431294e-21,2,67.8587,0.406532,0.282409,7871.58,0.0,8.2966,200.0000,62.1435,38.1361,31.0473,28.4330,27.2182,26.2414,25.5877,24.9678,24.3789,23.8190,23.0798,22.2932,20.9647,18.7672,16.0614,13.5103,9.3605
78.961,0.24741173919657217,0.1243663509305888,3.069195930885739e-22,2,67.8645,0.309711,0.264752,7860.05,0.0,8.3261,61.9916,142.1430,55.3025,40.5679,35.8300,33.7378,32.1027,31.0313,30.0313,29.0959,28.2190,27.0800,25.8904,23.9320,20.8253,17.2097,13.9917,9.0586
79.072,0.01925898606760855,0.12656075063856032,5.1583976010396614e-23,2,68.1366,0.227892,0.227467,7883.19,0.0,8.7502,44.5630,200.0000,70.0989,46.9253,40.3028,37.4911,35.3396,33.9509,32.6696,31.4839,30.3835,28.9696,27.5115,25.1514,21.5068,17.4112,13.8900,8.6843
79.180,-0.09940889282093049,0.16826328028486845,8.66971884806736e-24,2,68.4957,0.146601,0.240446,7951.3,0.0,9.8777,56.2430,200.0000,58.3030,40.5146,35.1818,32.8824,31.1084,29.9568,28.8894,27.8976,26.9735,25.7814,24.5460,22.5335,19.3942,15.8202,12.7079,8.0449
79.289,-0.021802280450303718,0.3291667773087457,1.4571196467946813e-24,2,69.5608,0.0572902,0.260901,8177.82,0.0,11.2949,80.0569,123.3260,45.8750,33.4010,29.4288,27.6808,26.3171,25.4248,24.5928,23.8153,23.0872,22.1422,21.1565,19.5361,16.9722,13.9980,11.3596,7.3289
79.397,0.25382763961262556,0.4591271625572798,2.4489809903678214e-25,2,71.5135,-0.0294486,0.228188,8590.76,0.0,11.6801,59.8284,200.0000,55.0322,36.9233,31.7331,29.5275,27.8390,26.7487,25.7426,24.8112,23.9466,22.8356,21.6894,19.8335,16.9659,13.7410,10.9663,6.8612
79.510,0.08317424094826513,0.5120623530798945,4.116002350511197e-26,2,74.3019,-0.103415,0.188597,8941.19,0.0,11.7802,46.4504,200.0000,81.0470,45.3948,37.2396,33.9919,31.5867,30.0695,28.6936,27.4401,26.2934,24.8432,23.3741,21.0512,17.5921,13.8787,10.8226,6.5038
79.620,0.027254535273927523,0.5340416856072199,6.91776515050417e-27,2,77.4361,-0.172522,0.174242,9356.71,0.0,12.2603,44.8894,199.9170,95.3950,47.6295,38.1216,34.4619,31.7960,30.1338,28.6388,27.2870,26.0591,24.5176,22.9690,20.5466,16.9975,13.2631,10.2462,6.0622
79.730,0.00893076611856057,0.5429379650866488,1.1626687888452358e-27,2,80.7446,-0.241344,0.169223,9759.45,0.0,12.8877,46.0676,185.2480,96.7832,45.8652,36.3400,32.7243,30.1078,28.4837,27.0279,25.7154,24.5263,23.0379,21.5474,19.2254,15.8444,12.3133,9.4801,5.5777
79.842,0.0029264334417299274,0.5455142795870932,1.9540974334121877e-28,2,84.0573,-0.31172,0.167443,10149.8,0.0,13.5843,48.1562,187.4600,91.2541,42.3667,33.4403,30.0697,27.6366,26.1288,24.7788,23.5632,22.4629,21.0870,19.7109,17.5704,14.4604,11.2212,8.6287,5.0667
79.949,0.18628507291331495,0.5471791796819737,3.284251556335864e-29,2,87.2081,-0.378964,0.137292,10590.0,0.0,13.7056,42.8472,114.7790,200.0000,55.2625,39.8431,34.6903,31.1681,29.0630,27.2262,25.6097,24.1761,22.4217,20.7081,18.1212,14.5235,10.9651,8.2455,4.6740
80.062,0.06104189269223505,0.5626357536763141,5.5198415907336884e-30,2,90.4717,-0.433049,0.0993945,10957.7,0.0,13.5737,37.3617,78.2921,200.0000,115.0120,61.0367,48.8279,41.5607,37.5700,34.2807,31.5234,29.1787,26.4299,23.8649,20.2000,15.4793,11.1917,8.1422,4.3962
80.167,0.02000220739739158,0.6010523372802796,9.277197761546109e-31,2,93.9316,-0.478346,0.0857245,11404.9,0.0,13.7741,36.4397,71.8810,200.0000,196.7190,74.3820,55.8671,45.8810,40.6897,36.5562,33.1874,30.3892,27.1838,24.2635,20.2046,15.1641,10.7596,7.7220,4.0911
80.278,0.006554323319977273,0.627860513473752,1.559218627783055e-31,2,97.6154,-0.520087,0.0804464,11879.0,0.0,14.0750,36.6973,70.9019,200.0000,200.0000,78.2366,56.7340,45.7411,40.1834,35.8323,32.3337,29.4596,26.2021,23.2664,19.2356,14.3090,10.0736,7.1898,3.7806
80.390,0.05533274367388859,0.6491120264144541,2.620578747714981e-32,2,101.439,-0.560864,0.0771534,12366.9,0.0,14.3969,37.2045,71.0019,200.0000,200.0000,78.6182,55.5103,44.1604,38.5357,34.1843,30.7180,27.8917,24.7120,21.8669,17.9927,13.3065,9.3207,6.6288,3.4691
80.501,0.10094391811856607,0.6711418452217383,4.404406701284569e-33,2,105.24,-0.594594,0.0408532,13004.4,0.0,14.1190,33.3737,57.0214,117.7830,200.0000,200.0000,200.0000,103.9600,75.7272,59.5575,49.0812,41.7418,34.5195,28.8252,22.0248,14.9868,9.8206,6.6841,3.3077
80.607,0.03307730308909172,0.6967004375766341,7.402486342848975e-34,2,109.334,-0.614295,0.0100533,13473.0,0.0,13.8376,30.6467,48.9012,86.5688,162.1740,200.0000,200.0000,200.0000,200.0000,200.0000,123.2360,84.1444,58.2730,43.1272,29.0070,17.5532,10.6287,6.9070,3.2404
80.723,0.010838770676233575,0.7264918091507364,1.2441358796426274e-34,2,113.641,-0.622168,-0.00223524,14059.9,0.0,13.7339,29.7027,46.3261,78.4364,135.2070,200.0000,200.0000,200.0000,200.0000,200.0000,200.0000,148.9740,82.6416,54.7769,33.5721,18.9468,11.0195,7.0087,3.2132
80.827,0.0035516483751882174,0.7465162774287633,2.0910191729153642e-35,2,118.177,-0.622838,-0.00747139,14621.3,0.0,13.6685,29.2734,45.2434,75.3163,126.1150,190.6130,200.0000,200.0000,200.0000,200.0000,200.0000,200.0000,101.9490,62.5931,36.3232,19.7726,11.2811,7.1052,3.2245
80.939,0.0011638041395816753,0.759331729178482,3.5143759239188534e-36,3,122.387,-0.619527,-0.0095194,11909.0,0.0,13.6132,29.0451,44.7355,74.0006,122.6150,182.9020,200.0000,200.0000,200.0000,200.0000,200.0000,200.0000,113.2930,66.9317,37.8848,20.3072,11.4952,7.2116,3.2596
81.050,0.0003813553404581234,0.7668153757047049,5.9066116153304185e-37,3,124.003,-0.614154,-0.00978595,11866.1,0.0,13.5645,28.9270,44.5338,73.6070,121.8000,181.3880,200.0000,200.0000,200.0000,200.0000,200.0000,200.0000,116.4320,68.4104,38.5903,20.6426,11.6729,7.3193,3.3065
81.159,0.00012496251796131788,0.7761509002015428,9.927242141885835e-38,3,127.664,-0.608053,-0.00980646,12146.0,0.0,13.5129,28.8160,44.3614,73.3174,121.3080,180.6330,200.0000,200.0000,200.0000,200.0000,200.0000,200.0000,118.3960,69.5341,39.2138,20.9727,11.8586,7.4354,3.3589
81.269,4.0947717885564646e-05,0.7954416230717914,1.6684715867867522e-38,3,131.287,-0.601635,-0.00979311,12551.2,0.0,13.4592,28.7021,44.1869,73.0319,120.8440,179.9550,200.0000,200.0000,200.0000,200.0000,200.0000,200.0000,120.2530,70.6458,39.8470,21.3137,12.0520,7.5569,3.4138
81.384,1.3417748196741827e-05,0.8287222075325397,2.8042001959124947e-39,3,135.129,-0.595004,-0.00979072,12873.6,0.0,13.4035,28.5835,44.0044,72.7308,120.3470,179.2180,200.0000,200.0000,200.0000,200.0000,200.0000,200.0000,122.2400,71.8167,40.5087,21.6680,12.2525,7.6826,3.4707
81.487,4.396727729108362e-06,0.8543262828080126,4.7130192692701306e-40,3,139.044,-0.588172,-0.00978548,13341.5,0.0,13.3461,28.4615,43.8170,72.4222,119.8400,178.4680,200.0000,200.0000,200.0000,200.0000,200.0000,200.0000,124.2720,73.0168,41.1888,22.0325,12.4589,7.8121,3.5292
81.604,1.4407197422742278e-06,0.8847454429911547,7.921171485862309e-41,3,143.174,-0.58114,-0.00978357,13705.2,0.0,13.2871,28.3356,43.6234,72.1028,119.3120,177.6860,200.0000,200.0000,200.0000,200.0000,200.0000,200.0000,126.3800,74.2585,41.8904,22.4083,12.6715,7.9454,3.5894
81.713,4.7209504514841904e-07,0.9534462266030916,1.3313112916288785e-41,3,147.619,-0.573901,-0.00977594,14227.0,0.0,13.2263,28.2065,43.4252,71.7768,118.7780,176.8970,200.0000,200.0000,200.0000,200.0000,200.0000,200.0000,128.5150,75.5249,42.6091,22.7940,12.8900,8.0826,3.6514
81.818,1.5469610439423391e-07,0.9785195661739261,2.2375348878406567e-42,3,152.306,-0.566431,-0.00977356,14760.6,0.0,13.1636,28.0728,43.2196,71.4374,118.2180,176.0660,200.0000,200.0000,200.0000,200.0000,200.0000,200.0000,130.7520,76.8434,43.3543,23.1931,13.1158,8.2242,3.7155
81.931,5.0690819487902564e-08,0.9882053168344971,3.760624885993792e-43,3,157.269,-0.558728,-0.00976688,15015.7,0.0,13.0989,27.9353,43.0082,71.0895,117.6460,175.2200,200.0000,200.0000,200.0000,200.0000,200.0000,200.0000,133.0330,78.1944,44.1199,23.6039,13.3484,8.3702,3.7814
82.039,1.6610367729795913e-08,0.9913791436109529,6.320482245889766e-44,4,158.243,-0.550894,-0.00975114,12244.4,0.0,13.0333,27.7961,42.7951,70.7406,117.0770,174.3910,200.0000,200.0000,200.0000,200.0000,200.0000,200.0000,135.2850,79.5457,44.8911,24.0196,13.5843,8.5183,3.8485
82.148,5.442885297699526e-09,0.992419143169062,1.062283451066693e-44,4,161.862,-0.542938,-0.00975019,12474.6,0.0,12.9665,27.6536,42.5758,70.3782,116.4780,173.4990,200.0000,200.0000,200.0000,200.0000,200.0000,200.0000,137.6750,80.9525,45.6856,24.4449,13.8249,8.6692,3.9167
82.257,1.7835246543501808e-09,0.9927599302242631,1.7853797962077908e-45,4,165.436,-0.53481,-0.00974971,12709.8,0.0,12.8982,27.5079,42.3517,70.0080,115.8650,172.5880,200.0000,200.0000,200.0000,200.0000,200.0000,200.0000,140.1190,82.3897,46.4977,24.8794,14.0707,8.8234,3.9863
82.372,5.844253587374672e-10,0.9928715993265115,3.0006878234864346e-46,4,168.933,-0.526508,-0.00974781,13000.9,0.0,12.8284,27.3593,42.1229,69.6302,115.2410,171.6610,200.0000,200.0000,200.0000,200.0000,200.0000,200.0000,142.6070,83.8556,47.3261,25.3230,14.3217,8.9808,4.0575
82.477,1.9150450155109326e-10,0.9936611207454362,5.043256024933651e-47,4,172.431,-0.518032,-0.00974733,13253.8,0.0,12.7572,27.2074,41.8890,69.2439,114.6020,170.7080,200.0000,200.0000,200.0000,200.0000,200.0000,200.0000,145.1560,85.3566,48.1729,25.7763,14.5780,9.1416,4.1301
82.592,6.275219506826225e-11,0.9948609932333644,8.476200401105987e-48,4,175.916,-0.509385,-0.00974638,13484.7,0.0,12.6845,27.0525,41.6507,68.8499,113.9510,169.7400,200.0000,200.0000,200.0000,200.0000,200.0000,200.0000,147.7530,86.8843,49.0364,26.2385,14.8395,9.3055,4.2042
82.701,2.0562639279968173e-11,0.9967238862002089,1.4245950014138833e-48,4,179.337,-0.500567,-0.00974447,13770.9,0.0,12.6105,26.8946,41.4077,68.4487,113.2880,168.7540,200.0000,200.0000,200.0000,200.0000,200.0000,200.0000,150.3940,88.4407,49.9161,26.7095,15.1060,9.4727,4.2797
82.807,6.737965639259972e-12,0.9963931568582094,2.394316818876314e-49,4,182.759,-0.49158,-0.00974447,14019.7,0.0,12.5349,26.7335,41.1597,68.0387,112.6090,167.7440,200.0000,200.0000,200.0000,200.0000,200.0000,200.0000,153.1000,90.0323,50.8144,27.1902,15.3779,9.6432,4.3567
82.918,2.207896580672708e-12,0.996284783467423,4.024128277485421e-50,4,186.162,-0.482423,-0.00974399,14250.2,0.0,12.4580,26.5694,40.9071,67.6213,111.9190,166.7150,200.0000,200.0000,200.0000,200.0000,200.0000,200.0000,155.8550,91.6526,51.7291,27.6797,15.6548,9.8169,4.4352
83.033,7.234835515548329e-13,0.9965880900341051,6.763352395969746e-51,4,189.518,-0.473101,-0.00974304,14494.6,0.0,12.3797,26.4024,40.6501,67.1966,111.2160,165.6700,200.0000,200.0000,200.0000,200.0000,200.0000,200.0000,158.6540,93.3007,52.6600,28.1780,15.9367,9.9936,4.5151
83.141,2.370710901734876e-13,0.9972898212798754,1.1367166371906353e-51,4,192.822,-0.463614,-0.00974208,14762.8,0.0,12.2999,26.2325,40.3884,66.7641,110.5010,164.6040,200.0000,200.0000,200.0000,200.0000,200.0000,198.8060,161.5030,94.9793,53.6073,28.6853,16.2236,10.1735,4.5964
83.248,7.768345482804844e-14,0.9975197645744895,1.9104796521263013e-52,4,196.116,-0.453963,-0.00974208,15001.6,0.0,12.2188,26.0595,40.1220,66.3238,109.7730,163.5190,200.0000,200.0000,200.0000,200.0000,200.0000,193.5260,164.4120,96.6881,54.5722,29.2014,16.5155,10.3566,4.6791
83.358,2.5455314478054913e-14,0.9975951123932687,3.2109431513286747e-53,5,196.407,-0.444235,-0.00976831,13443.5,0.0,12.1368,25.8832,39.8490,65.8672,109.0020,162.3470,200.0000,200.0000,200.0000,200.0000,197.1680,188.2190,166.4340,98.4858,55.5683,29.7285,16.8119,10.5419,4.7626
83.468,8.341197448169035e-15,0.9976198023665263,5.396632154438103e-54,5,199.096,-0.434404,-0.00976879,13600.3,0.0,12.0541,25.7070,39.5776,65.4187,108.2600,162.6770,200.0000,200.0000,200.0000,199.6200,191.3740,182.8150,164.1050,100.2290,56.5517,30.2545,17.1093,10.7284,4.8468
83.581,2.7332435798160293e-15,0.9976278927769633,9.07011966196412e-55,5,201.72,-0.424433,-0.00976688,13793.4,0.0,11.9704,25.5285,39.3028,64.9649,107.5100,200.0000,200.0000,200.0000,200.0000,193.4940,185.5010,177.3220,160.6380,101.9920,57.5469,30.7874,17.4108,10.9175,4.9322
83.688,8.956292562341165e-16,0.9976305438426553,1.5244150115863095e-55,5,204.331,-0.414332,-0.00976736,13964.6,0.0,11.8855,25.3474,39.0241,64.5040,106.7470,200.0000,200.0000,200.0000,195.7370,187.2890,179.5530,171.7430,156.6370,103.7820,58.5572,31.3277,17.7164,11.1091,5.0188
83.800,2.9347979468279526e-16,0.9976314125438612,2.5620843099731105e-56,5,206.914,-0.404102,-0.00976736,14132.9,0.0,11.7995,25.1640,38.7417,64.0371,105.9740,200.0000,200.0000,198.1220,189.1700,181.0060,173.5290,166.0780,152.2830,105.5960,59.5805,31.8750,18.0259,11.3032,5.1065
83.910,9.616745912165837e-17,0.9976316971998724,4.3060950997718074e-57,5,209.467,-0.393743,-0.00976783,14297.6,0.0,11.7125,24.9784,38.4559,63.5647,105.1920,200.0000,200.0000,191.1590,182.5220,174.6440,167.4300,160.3300,147.6640,107.4320,60.6162,32.4291,18.3392,11.4997,5.1952
84.021,3.1512153004985013e-17,0.9976317904759541,7.237254034186478e-58,5,211.987,-0.383259,-0.00976783,14463.5,0.0,11.6243,24.7905,38.1665,63.0863,104.4010,200.0000,197.2000,184.1110,175.7920,168.2040,161.2570,154.4970,142.8320,109.2910,61.6650,32.9901,18.6564,11.6985,5.2851
84.127,1.0325902296673491e-17,0.9976318210406605,1.2163652855257216e-58,5,214.475,-0.372649,-0.00976831,14630.6,0.0,11.5352,24.6003,37.8738,62.6025,103.5990,200.0000,189.5610,176.9780,168.9820,161.6890,155.0100,148.5830,137.8170,111.1710,62.7258,33.5576,18.9773,11.8998,5.3760
84.237,3.38359166457397e-18,0.9976318310561035,2.0443451353830802e-59,5,216.929,-0.361916,-0.00976879,14799.3,0.0,11.4450,24.4079,37.5776,62.1127,102.7890,197.9540,181.8330,169.7640,162.0930,155.0970,148.6910,142.5870,132.6420,113.0750,63.7995,34.1319,19.3021,12.1034,5.4680
84.348,1.1087353166475985e-18,0.997631834337964,3.435930869038343e-60,5,219.36,-0.35106,-0.00976926,14959.5,0.0,11.3538,24.2133,37.2779,61.6174,101.9690,189.4460,174.0190,162.4680,155.1270,148.4320,142.3010,136.5120,127.3210,112.1330,64.8854,34.7129,19.6305,12.3093,5.5610
84.457,3.63310388559085e-19,0.997631835413364,5.774769011592744e-61,6,219.571,-0.340111,-0.00977499,13407.6,0.0,11.2617,24.0167,36.9748,61.1152,101.1850,180.8730,166.1430,155.1150,148.1060,141.7130,135.8600,130.3770,121.8860,109.0720,65.9865,35.3003,19.9623,12.5172,5.6549
84.570,1.1904954812304099e-19,0.9976318357657511,9.705654277783926e-62,6,221.273,-0.329134,-0.00979692,13790.4,0.0,11.1692,23.8185,36.6684,60.6048,200.0000,172.3050,158.2710,147.7640,141.0870,134.9970,129.4200,124.2330,116.3920,105.2700,67.1086,35.8943,20.2965,12.7263,5.7491
84.680,3.9010155928958067e-20,0.9976318358812212,1.6312293144671443e-62,6,223.219,-0.318048,-0.00979549,13914.1,0.0,11.0760,23.6199,36.3628,60.1000,196.3860,163.6350,150.3070,140.3290,133.9880,128.2040,122.9080,118.0080,110.7740,100.9830,68.2159,36.4871,20.6318,12.9365,5.8441
84.789,1.278284789480098e-20,0.9976318359190585,2.7416071088249295e-63,6,225.146,-0.306863,-0.00979597,14029.8,0.0,10.9820,23.4195,36.0542,59.5897,185.8930,154.8920,142.2760,132.8310,126.8280,121.3540,116.3410,111.7210,105.0600,96.3748,69.3354,37.0857,20.9703,13.1487,5.9399
84.900,4.1886835981683855e-21,0.997631835931457,4.60781906780206e-64,6,227.046,-0.29558,-0.00979644,14146.6,0.0,10.8872,23.2172,35.7427,59.0748,175.3110,146.0740,134.1770,125.2690,119.6080,114.4450,109.7170,105.3710,99.2523,91.5166,70.4646,37.6896,21.3117,13.3628,6.0366
85.011,1.3725478414478168e-21,0.9976318359355199,7.744361507254923e-65,6,228.923,-0.284204,-0.0097974,14261.2,0.0,10.7916,23.0133,35.4288,58.5559,164.6400,137.1820,126.0100,117.6440,112.3280,107.4790,103.0390,98.9584,93.3552,86.4530,70.4191,38.2985,21.6559,13.5787,6.1341
85.117,4.497564766856206e-22,0.9976318359368511,1.3015948385243348e-65,6,230.777,-0.272734,-0.00979835,14373.3,0.0,10.6952,22.8077,35.1122,58.0325,153.8820,128.2180,117.7750,109.9560,104.9870,100.4550,96.3056,92.4916,87.3725,81.2150,68.0825,38.9125,22.0030,13.7963,6.2324
85.230,1.4737620228034414e-22,0.9976318359372873,2.1875904451078497e-66,6,232.607,-0.261169,-0.00979883,14484.5,0.0,10.5980,22.6004,34.7930,58.6727,143.0370,119.1830,109.4750,102.2070,97.5883,93.3757,89.5183,85.9734,81.3074,75.8243,64.7661,39.5317,22.3530,14.0157,6.3315
85.338,0.040785148388375,0.9976318359374302,3.6766832610927624e-67,6,234.403,-0.248272,-0.0170081,14595.9,0.0,10.4163,21.9251,33.3589,58.6142,139.8910,115.4150,105.5910,98.2859,93.6659,89.4671,85.6348,82.1236,77.6748,72.8563,63.5580,42.9676,23.5841,14.5759,6.4899
85.448,0.013364477423902718,0.9976318359374771,6.179401556918606e-68,6,236.164,-0.223483,-0.0313256,14703.0,0.0,10.0711,20.6773,30.7865,53.6085,145.8170,117.5550,106.5680,98.5260,93.4950,88.9594,84.8495,81.1086,76.4022,71.6634,63.6306,47.6525,26.2968,15.7512,6.8055
85.559,0.004379271962264443,0.9976318359374924,1.0385720196713103e-68,6,237.923,-0.186811,-0.0349868,14808.8,0.0,9.7358,19.8661,29.4251,200.0000,138.5480,110.9350,100.3010,92.5531,87.7208,83.3740,79.4434,75.8724,71.3888,66.8840,59.6790,46.3922,28.1106,16.6925,7.1548
85.667,0.0014349998365948131,0.9976318359374975,1.7455279934615716e-69,6,239.662,-0.144894,-0.0360244,14914.9,0.0,9.3829,19.1128,28.6478,200.0000,127.6480,102.0030,92.1533,84.9865,80.5206,76.5064,72.8785,69.5844,65.4509,61.3006,54.7991,43.6456,29.0678,17.6127,7.5320
85.778,0.0004702207464553883,0.9976318359374992,2.933708898610864e-70,6,241.381,-0.100995,-0.0363706,15020.1,0.0,9.0202,18.3990,29.7293,200.0000,115.7580,92.4389,83.4911,76.9831,72.9293,69.2859,65.9941,63.0058,59.2565,55.4927,49.6111,40.2305,28.3743,18.4735,7.9216
85.890,0.00015408193419850163,0.9976318359374997,4.93068454589528e-71,6,243.078,-0.0562779,-0.0363243,15124.0,0.0,8.6542,18.4499,37.4740,200.0000,103.3370,82.5272,74.5419,68.7333,65.1148,61.8629,58.9245,56.2566,52.9098,49.5499,44.2991,36.3583,26.6693,18.4234,8.3152
85.998,5.0489568198165016e-05,0.9976318359374997,8.287001516286198e-72,6,244.762,-0.0111765,-0.0363196,15234.8,0.0,8.4172,20.0376,72.3722,184.0370,90.8822,72.5809,65.5581,60.4496,57.2676,54.4074,51.8232,49.4770,46.5336,43.5787,38.9608,32.1780,24.3004,17.4989,8.5533
86.184,4.039165455853201e-05,0.9976318359374997,5.800901061400339e-72,6,244.762,-0.0111765,-0.0363196,15234.8,0.0,8.4172,20.0376,72.3722,184.0370,90.8822,72.5809,65.5581,60.4496,57.2676,54.4074,51.8232,49.4770,46.5336,43.5787,38.9608,32.1780,24.3004,17.4989,8.5533
86.284,4.6278445820147735e-101,1.1430294542894815e-96,2.5736831098374392e-225,6,244.762,-0.0111765,-0.0363196,15234.8,0.0,8.4172,20.0376,72.3722,184.0370,90.8822,72.5809,65.5581,60.4496,57.2676,54.4074,51.8232,49.4770,46.5336,43.5787,38.9608,32.1780,24.3004,17.4989,8.5533
86.384,1.1374796878896313e-213,2.8094564626623884e-209,5e-324,6,244.762,-0.0111765,-0.0363196,15234.8,0.0,8.4172,20.0376,72.3722,184.0370,90.8822,72.5809,65.5581,60.4496,57.2676,54.4074,51.8232,49.4770,46.5336,43.5787,38.9608,32.1780,24.3004,17.4989,8.5533
86.484,2.08e-322,5.19503e-318,5e-324,6,244.762,-0.0111765,-0.0363196,15234.8,0.0,8.4172,20.0376,72.3722,184.0370,90.8822,72.5809,65.5581,60.4496,57.2676,54.4074,51.8232,49.4770,46.5336,43.5787,38.9608,32.1780,24.3004,17.4989,8.5533
86.584,1e-323,1e-323,5e-324,6,244.762,-0.0111765,-0.0363196,15234.8,0.0,8.4172,20.0376,72.3722,184.0370,90.8822,72.5809,65.5581,60.4496,57.2676,54.4074,51.8232,49.4770,46.5336,43.5787,38.9608,32.1780,24.3004,17.4989,8.5533
86.684,1e-323,1e-323,5e-324,6,244.762,-0.0111765,-0.0363196,15234.8,0.0,8.4172,20.0376,72.3722,184.0370,90.8822,72.5809,65.5581,60.4496,57.2676,54.4074,51.8232,49.4770,46.5336,43.5787,38.9608,32.1780,24.3004,17.4989,8.5533
86.784,1e-323,1e-323,5e-324,6,244.762,-0.0111765,-0.0363196,15234.8,0.0,8.4172,20.0376,72.3722,184.0370,90.8822,72.5809,65.5581,60.4496,57.2676,54.4074,51.8232,49.4770,46.5336,43.5787,38.9608,32.1780,24.3004,17.4989,8.5533
86.884,1e-323,1e-323,5e-324,6,244.762,-0.0111765,-0.0363196,15234.8,0.0,8.4172,20.0376,72.3722,184.0370,90.8822,72.5809,65.5581,60.4496,57.2676,54.4074,51.8232,49.4770,46.5336,43.5787,38.9608,32.1780,24.3004,17.4989,8.5533
86.984,1e-323,1e-323,5e-324,6,244.762,-0.0111765,-0.0363196,15234.8,0.0,8.4172,20.0376,72.3722,184.0370,90.8822,72.5809,65.5581,60.4496,57.2676,54.4074,51.8232,49.4770,46.5336,43.5787,38.9608,32.1780,24.3004,17.4989,8.5533
87.084,1e-323,1e-323,5e-324,6,244.762,-0.0111765,-0.0363196,15234.8,0.0,8.4172,20.0376,72.3722,184.0370,90.8822,72.5809,65.5581,60.4496,57.2676,54.4074,51.8232,49.4770,46.5336,43.5787,38.9608,32.1780,24.3004,17.4989,8.5533
87.185,1e-323,1e-323,5e-324,6,244.762,-0.0111765,-0.0363196,15234.8,0.0,8.4172,20.0376,72.3722,184.0370,90.8822,72.5809,65.5581,60.4496,57.2676,54.4074,51.8232,49.4770,46.5336,43.5787,38.9608,32.1780,24.3004,17.4989,8.5533
87.285,1e-323,1e-323,5e-324,6,244.762,-0.0111765,-0.0363196,15234.8,0.0,8.4172,20.0376,72.3722,184.0370,90.8822,72.5809,65.5581,60.4496,57.2676,54.4074,51.8232,49.4770,46.5336,43.5787,38.9608,32.1780,24.3004,17.4989,8.5533
87.385,1e-323,1e-323,5e-324,6,244.762,-0.0111765,-0.0363196,15234.8,0.0,8.4172,20.0376,72.3722,184.0370,90.8822,72.5809,65.5581,60.4496,57.2676,54.4074,51.8232,49.4770,46.5336,43.5787,38.9608,32.1780,24.3004,17.4989,8.5533
87.485,1e-323,1e-323,5e-324,6,244.762,-0.0111765,-0.0363196,15234.8,0.0,8.4172,20.0376,72.3722,184.0370,90.8822,72.5809,65.5581,60.4496,57.2676,54.4074,51.8232,49.4770,46.5336,43.5787,38.9608,32.1780,24.3004,17.4989,8.5533
87.585,1e-323,1e-323,5e-324,6,244.762,-0.0111765,-0.0363196,15234.8,0.0,8.4172,20.0376,72.3722,184.0370,90.8822,72.5809,65.5581,60.4496,57.2676,54.4074,51.8232,49.4770,46.5336,43.5787,38.9608,32.1780,24.3004,17.4989,8.5533
87.685,1e-323,1e-323,5e-324,6,244.762,-0.0111765,-0.0363196,15234.8,0.0,8.4172,20.0376,72.3722,184.0370,90.8822,72.5809,65.5581,60.4496,57.2676,54.4074,51.8232,49.4770,46.5336,43.5787,38.9608,32.1780,24.3004,17.4989,8.5533
87.786,1e-323,1e-323,5e-324,6,244.762,-0.0111765,-0.0363196,15234.8,0.0,8.4172,20.0376,72.3722,184.0370,90.8822,72.5809,65.5581,60.4496,57.2676,54.4074,51.8232,49.4770,46.5336,43.5787,38.9608,32.1780,24.3004,17.4989,8.5533
87.886,1e-323,1e-323,5e-324,6,244.762,-0.0111765,-0.0363196,15234.8,0.0,8.4172,20.0376,72.3722,184.0370,90.8822,72.5809,65.5581,60.4496,57.2676,54.4074,51.8232,49.4770,46.5336,43.5787,38.9608,32.1780,24.3004,17.4989,8.5533
87.986,1e-323,1e-323,5e-324,6,244.762,-0.0111765,-0.0363196,15234.8,0.0,8.4172,20.0376,72.3722,184.0370,90.8822,72.5809,65.5581,60.4496,57.2676,54.4074,51.8232,49.4770,46.5336,43.5787,38.9608,32.1780,24.3004,17.4989,8.5533
88.086,1e-323,1e-323,5e-324,6,244.762,-0.0111765,-0.0363196,15234.8,0.0,8.4172,20.0376,72.3722,184.0370,90.8822,72.5809,65.5581,60.4496,57.2676,54.4074,51.8232,49.4770,46.5336,43.5787,38.9608,32.1780,24.3004,17.4989,8.5533
88.186,1e-323,1e-323,5e-324,6,244.762,-0.0111765,-0.0363196,15234.8,0.0,8.4172,20.0376,72.3722,184.0370,90.8822,72.5809,65.5581,60.4496,57.2676,54.4074,51.8232,49.4770,46.5336,43.5787,38.9608,32.1780,24.3004,17.4989,8.5533
88.286,1e-323,1e-323,5e-324,6,244.762,-0.0111765,-0.0363196,15234.8,0.0,8.4172,20.0376,72.3722,184.0370,90.8822,72.5809,65.5581,60.4496,57.2676,54.4074,51.8232,49.4770,46.5336,43.5787,38.9608,32.1780,24.3004,17.4989,8.5533
88.386,1e-323,1e-323,5e-324,6,244.762,-0.0111765,-0.0363196,15234.8,0.0,8.4172,20.0376,72.3722,184.0370,90.8822,72.5809,65.5581,60.4496,57.2676,54.4074,51.8232,49.4770,46.5336,43.5787,38.9608,32.1780,24.3004,17.4989,8.5533
88.486,1e-323,1e-323,5e-324,6,244.762,-0.0111765,-0.0363196,15234.8,0.0,8.4172,20.0376,72.3722,184.0370,90.8822,72.5809,65.5581,60.4496,57.2676,54.4074,51.8232,49.4770,46.5336,43.5787,38.9608,32.1780,24.3004,17.4989,8.5533
88.587,1e-323,1e-323,5e-324,6,244.762,-0.0111765,-0.0363196,15234.8,0.0,8.4172,20.0376,72.3722,184.0370,90.8822,72.5809,65.5581,60.4496,57.2676,54.4074,51.8232,49.4770,46.5336,43.5787,38.9608,32.1780,24.3004,17.4989,8.5533
88.687,1e-323,1e-323,5e-324,6,244.762,-0.0111765,-0.0363196,15234.8,0.0,8.4172,20.0376,72.3722,184.0370,90.8822,72.5809,65.5581,60.4496,57.2676,54.4074,51.8232,49.4770,46.5336,43.5787,38.9608,32.1780,24.3004,17.4989,8.5533
88.787,1e-323,1e-323,5e-324,6,244.762,-0.0111765,-0.0363196,15234.8,0.0,8.4172,20.0376,72.3722,184.0370,90.8822,72.5809,65.5581,60.4496,57.2676,54.4074,51.8232,49.4770,46.5336,43.5787,38.9608,32.1780,24.3004,17.4989,8.5533
88.887,1e-323,1e-323,5e-324,6,244.762,-0.0111765,-0.0363196,15234.8,0.0,8.4172,20.0376,72.3722,184.0370,90.8822,72.5809,65.5581,60.4496,57.2676,54.4074,51.8232,49.4770,46.5336,43.5787,38.9608,32.1780,24.3004,17.4989,8.5533
88.987,1e-323,1e-323,5e-324,6,244.762,-0.0111765,-0.0363196,15234.8,0.0,8.4172,20.0376,72.3722,184.0370,90.8822,72.5809,65.5581,60.4496,57.2676,54.4074,51.8232,49.4770,46.5336,43.5787,38.9608,32.1780,24.3004,17.4989,8.5533
89.087,1e-323,1e-323,5e-324,6,244.762,-0.0111765,-0.0363196,15234.8,0.0,8.4172,20.0376,72.3722,184.0370,90.8822,72.5809,65.5581,60.4496,57.2676,54.4074,51.8232,49.4770,46.5336,43.5787,38.9608,32.1780,24.3004,17.4989,8.5533
89.187,1e-323,1e-323,5e-324,6,244.762,-0.0111765,-0.0363196,15234.8,0.0,8.4172,20.0376,72.3722,184.0370,90.8822,72.5809,65.5581,60.4496,57.2676,54.4074,51.8232,49.4770,46.5336,43.5787,38.9608,32.1780,24.3004,17.4989,8.5533
89.287,1e-323,1e-323,5e-324,6,244.762,-0.0111765,-0.0363196,15234.8,0.0,8.4172,20.0376,72.3722,184.0370,90.8822,72.5809,65.5581,60.4496,57.2676,54.4074,51.8232,49.4770,46.5336,43.5787,38.9608,32.1780,24.3004,17.4989,8.5533
89.387,1e-323,1e-323,5e-324,6,244.762,-0.0111765,-0.0363196,15234.8,0.0,8.4172,20.0376,72.3722,184.0370,90.8822,72.5809,65.5581,60.4496,57.2676,54.4074,51.8232,49.4770,46.5336,43.5787,38.9608,32.1780,24.3004,17.4989,8.5533
89.487,1e-323,1e-323,5e-324,6,244.762,-0.0111765,-0.0363196,15234.8,0.0,8.4172,20.0376,72.3722,184.0370,90.8822,72.5809,65.5581,60.4496,57.2676,54.4074,51.8232,49.4770,46.5336,43.5787,38.9608,32.1780,24.3004,17.4989,8.5533
89.587,1e-323,1e-323,5e-324,6,244.762,-0.0111765,-0.0363196,15234.8,0.0,8.4172,20.0376,72.3722,184.0370,90.8822,72.5809,65.5581,60.4496,57.2676,54.4074,51.8232,49.4770,46.5336,43.5787,38.9608,32.1780,24.3004,17.4989,8.5533
89.687,1e-323,1e-323,5e-324,6,244.762,-0.0111765,-0.0363196,15234.8,0.0,8.4172,20.0376,72.3722,184.0370,90.8822,72.5809,65.5581,60.4496,57.2676,54.4074,51.8232,49.4770,46.5336,43.5787,38.9608,32.1780,24.3004,17.4989,8.5533
89.787,1e-323,1e-323,5e-324,6,244.762,-0.0111765,-0.0363196,15234.8,0.0,8.4172,20.0376,72.3722,184.0370,90.8822,72.5809,65.5581,60.4496,57.2676,54.4074,51.8232,49.4770,46.5336,43.5787,38.9608,32.1780,24.3004,17.4989,8.5533
89.887,1e-323,1e-323,5e-324,6,244.762,-0.0111765,-0.0363196,15234.8,0.0,8.4172,20.0376,72.3722,184.0370,90.8822,72.5809,65.5581,60.4496,57.2676,54.4074,51.8232,49.4770,46.5336,43.5787,38.9608,32.1780,24.3004,17.4989,8.5533
89.988,1e-323,1e-323,5e-324,6,244.762,-0.0111765,-0.0363196,15234.8,0.0,8.4172,20.0376,72.3722,184.0370,90.8822,72.5809,65.5581,60.4496,57.2676,54.4074,51.8232,49.4770,46.5336,43.5787,38.9608,32.1780,24.3004,17.4989,8.5533
90.088,1e-323,1e-323,5e-324,6,244.762,-0.0111765,-0.0363196,15234.8,0.0,8.4172,20.0376,72.3722,184.0370,90.8822,72.5809,65.5581,60.4496,57.2676,54.4074,51.8232,49.4770,46.5336,43.5787,38.9608,32.1780,24.3004,17.4989,8.5533
90.188,1e-323,1e-323,5e-324,6,244.762,-0.0111765,-0.0363196,15234.8,0.0,8.4172,20.0376,72.3722,184.0370,90.8822,72.5809,65.5581,60.4496,57.2676,54.4074,51.8232,49.4770,46.5336,43.5787,38.9608,32.1780,24.3004,17.4989,8.5533
90.288,1e-323,1e-323,5e-324,6,244.762,-0.0111765,-0.0363196,15234.8,0.0,8.4172,20.0376,72.3722,184.0370,90.8822,72.5809,65.5581,60.4496,57.2676,54.4074,51.8232,49.4770,46.5336,43.5787,38.9608,32.1780,24.3004,17.4989,8.5533
90.388,1e-323,1e-323,5e-324,6,244.762,-0.0111765,-0.0363196,15234.8,0.0,8.4172,20.0376,72.3722,184.0370,90.8822,72.5809,65.5581,60.4496,57.2676,54.4074,51.8232,49.4770,46.5336,43.5787,38.9608,32.1780,24.3004,17.4989,8.5533
90.488,1e-323,1e-323,5e-324,6,244.762,-0.0111765,-0.0363196,15234.8,0.0,8.4172,20.0376,72.3722,184.0370,90.8822,72.5809,65.5581,60.4496,57.2676,54.4074,51.8232,49.4770,46.5336,43.5787,38.9608,32.1780,24.3004,17.4989,8.5533
90.588,1e-323,1e-323,5e-324,6,244.762,-0.0111765,-0.0363196,15234.8,0.0,8.4172,20.0376,72.3722,184.0370,90.8822,72.5809,65.5581,60.4496,57.2676,54.4074,51.8232,49.4770,46.5336,43.5787,38.9608,32.1780,24.3004,17.4989,8.5533
