time,steer,accel,brake,gear,speedX,trackPos,angle,rpm,damage,track_0,track_1,track_2,track_3,track_4,track_5,track_6,track_7,track_8,track_9,track_10,track_11,track_12,track_13,track_14,track_15,track_16,track_17,track_18
0.100,0.0,0.0,0.0,1,-0.00913045,0.333439,0.00822276,5235.99,0.0,5.7030,12.6267,22.4550,140.4860,90.9268,77.3570,71.6721,67.3518,64.5773,62.0267,59.6744,57.4982,54.7119,51.8501,47.2417,40.0655,31.0431,22.7658,11.2227
0.202,0.0,0.0,0.0,1,-0.00913045,0.333439,0.00822276,5235.99,0.0,5.7030,12.6267,22.4550,140.4860,90.9268,77.3570,71.6721,67.3518,64.5773,62.0267,59.6744,57.4982,54.7119,51.8501,47.2417,40.0655,31.0431,22.7658,11.2227
0.319,0.0,0.0,0.0,1,-0.00913045,0.333439,0.00822276,5235.99,0.0,5.7030,12.6267,22.4550,140.4860,90.9268,77.3570,71.6721,67.3518,64.5773,62.0267,59.6744,57.4982,54.7119,51.8501,47.2417,40.0655,31.0431,22.7658,11.2227
0.438,0.0,0.0,0.0,1,-0.00913045,0.333439,0.00822276,5235.99,0.0,5.7030,12.6267,22.4550,140.4860,90.9268,77.3570,71.6721,67.3518,64.5773,62.0267,59.6744,57.4982,54.7119,51.8501,47.2417,40.0655,31.0431,22.7658,11.2227
0.539,0.0,0.0,0.0,1,-0.00913045,0.333439,0.00822276,5235.99,0.0,5.7030,12.6267,22.4550,140.4860,90.9268,77.3570,71.6721,67.3518,64.5773,62.0267,59.6744,57.4982,54.7119,51.8501,47.2417,40.0655,31.0431,22.7658,11.2227
0.658,0.0,0.33885600585937503,0.0,1,-0.00913045,0.333439,0.00822276,5318.22,0.0,5.7030,12.6267,22.4550,140.4860,90.9268,77.3570,71.6721,67.3518,64.5773,62.0267,59.6744,57.4982,54.7119,51.8501,47.2417,40.0655,31.0431,22.7658,11.2227
0.760,0.0,0.76785605475,0.0,1,-0.00913045,0.333439,0.00822276,5818.98,0.0,5.7030,12.6267,22.4550,140.4860,90.9268,77.3570,71.6721,67.3518,64.5773,62.0267,59.6744,57.4982,54.7119,51.8501,47.2417,40.0655,31.0431,22.7658,11.2227
0.861,0.0,0.911763257567355,0.0,1,-0.00913045,0.333439,0.00822276,6590.65,0.0,5.7030,12.6267,22.4550,140.4860,90.9268,77.3570,71.6721,67.3518,64.5773,62.0267,59.6744,57.4982,54.7119,51.8501,47.2417,40.0655,31.0431,22.7658,11.2227
0.998,0.0,0.9647052716886116,0.0,1,-0.0164475,0.33345,0.00871628,8001.46,0.0,5.7058,12.6460,22.5471,139.7670,90.6271,77.1409,71.4869,67.1886,64.4275,61.8889,59.5470,57.3803,54.6054,51.7547,47.1630,40.0057,31.0007,22.7402,11.2174
1.099,0.0,0.9773510277237993,0.0,1,1.65213,0.333436,0.00879496,5235.99,0.0,5.7064,12.6499,22.5708,139.6260,90.5620,77.0918,71.4439,67.1502,64.3916,61.8554,59.5155,57.3506,54.5781,51.7296,47.1417,39.9889,30.9893,22.7338,11.2164
1.200,0.0,0.9814947890614095,0.0,1,6.17328,0.333277,0.00883692,5235.99,0.0,5.7080,12.6598,22.6647,139.3170,90.3756,76.9364,71.3011,67.0169,64.2641,61.7335,59.3988,57.2387,54.4720,51.6295,47.0512,39.9153,30.9416,22.7095,11.2146
1.301,0.0,0.9828526167765178,0.0,1,10.3611,0.33293,0.00883549,5235.99,0.0,5.7110,12.6785,22.8558,138.7870,90.0319,76.6437,71.0297,66.7615,64.0195,61.4984,59.1727,57.0207,54.2644,51.4330,46.8718,39.7689,30.8470,22.6618,11.2117
1.401,0.0,0.9832975497622043,0.0,1,14.5651,0.332417,0.00883311,5235.99,0.0,5.7153,12.7087,23.1580,138.0070,89.5247,76.2118,70.6294,66.3852,63.6586,61.1517,58.8391,56.6990,53.9587,51.1429,46.6075,39.5524,30.7068,22.5904,11.2074
1.502,0.0,0.9834433454029542,0.0,1,18.8717,0.331718,0.00882929,5235.99,0.0,5.7213,12.7552,23.6154,136.9400,88.8316,75.6211,70.0821,65.8708,63.1653,60.6779,58.3830,56.2596,53.5403,50.7462,46.2462,39.2562,30.5138,22.4906,11.2015
1.602,0.0,0.9834911197185151,0.0,1,23.0985,0.330856,0.008825,6018.76,0.0,5.7287,12.8210,24.2612,135.6290,87.9789,74.8954,69.4092,65.2384,62.5586,60.0950,57.8221,55.7192,53.0259,50.2587,45.8017,38.8908,30.2745,22.3649,11.1943
1.703,0.0,0.983506774406238,0.0,1,27.592,0.329819,0.00881785,12748.8,0.0,5.7375,12.9134,25.1982,134.0490,86.9525,74.0211,68.5987,64.4762,61.8280,59.3931,57.1466,55.0680,52.4062,49.6713,45.2663,38.4493,29.9831,22.2091,11.1853
1.823,0.0,0.9838979041668239,0.0,2,33.2536,0.328322,0.00880736,7613.16,0.0,5.7502,13.0736,27.0291,131.7700,85.4700,72.7582,67.4282,63.3757,60.7725,58.3789,56.1709,54.1275,51.5111,48.8230,44.4928,37.8092,29.5567,21.9758,11.1657
1.925,0.0,0.9836400695342599,0.0,2,37.7811,0.326869,0.00879973,10164.9,0.0,5.7626,13.2617,30.0413,129.5510,84.0285,71.5307,66.2901,62.3062,59.7466,57.3935,55.2226,53.2138,50.6413,47.9985,43.7415,37.1844,29.1362,21.7401,11.1383
2.045,0.0,0.984149690434864,0.0,2,43.6736,0.324839,0.00878781,13992.2,0.0,5.7800,13.5843,200.0000,126.4480,82.0128,69.8136,64.6987,60.8101,58.3118,56.0150,53.8961,51.9357,49.4249,46.8453,42.6904,36.3058,28.5380,21.3958,11.0865
2.145,0.0,0.9844755045460712,0.0,3,48.4313,0.322958,0.00876873,8066.93,0.0,5.8038,13.9520,200.0000,123.5810,80.1473,68.2244,63.2254,59.4247,56.9832,54.7386,52.6678,50.7519,48.2981,45.7772,41.7166,35.4873,27.9738,21.0622,11.0247
2.246,0.0,0.9838293376265317,0.0,3,52.9215,0.320892,0.00874203,7858.06,0.0,5.8491,14.4434,200.0000,120.4320,78.0979,66.4780,61.6062,57.9025,55.5234,53.3359,51.3180,49.4508,47.0596,44.6029,40.6464,34.5824,27.3428,20.6801,10.9419
2.366,0.0,0.9835969621796445,0.0,3,58.173,0.317406,0.0112582,7384.67,0.0,5.9459,15.2691,200.0000,116.2510,75.3820,64.1650,59.4624,55.8873,53.5906,51.4791,49.5312,47.7292,45.4210,43.0498,39.2307,33.3790,26.4898,20.1470,10.8048
2.468,0.0,0.9835414568639008,0.0,2,60.7817,0.312762,0.0222033,7931.91,0.0,6.0592,16.1945,200.0000,112.5020,72.9494,62.0941,57.5432,54.0833,51.8608,49.8175,47.9325,46.1884,43.9547,41.6600,37.9641,32.3011,25.7140,19.6520,10.6643
2.585,0.0,0.9845828256525054,0.0,2,66.1359,0.302495,0.0360867,11862.6,0.0,6.2482,17.7212,200.0000,107.7570,69.8666,59.4686,55.1096,51.7958,49.6670,47.7097,45.9045,44.2338,42.0946,39.8968,36.3570,30.9333,24.7095,18.9952,10.4568
2.686,0.0,0.9843463796066879,0.0,2,70.8382,0.289042,0.048368,15194.9,0.0,6.4623,19.5480,200.0000,103.7150,67.1859,57.1729,52.9765,49.7871,47.7383,45.8550,44.1179,42.5107,40.4527,38.3386,34.9340,29.7188,23.7983,18.3848,10.2446
2.807,0.0,0.9862939684293656,0.0,3,76.6753,0.265826,0.0641046,7903.19,0.0,6.8046,23.0056,200.0000,98.5809,63.7588,54.2330,50.2431,47.2116,45.2649,43.4755,41.8253,40.2987,38.3442,36.3370,33.1051,28.1563,22.6007,17.5642,9.9343
2.926,0.0,0.9869623312161976,0.0,3,81.5183,0.233767,0.0810386,8161.22,0.0,7.2598,27.9177,200.0000,92.9390,60.0294,51.0420,47.2795,44.4216,42.5868,40.9004,39.3453,37.9071,36.0659,34.1751,31.1315,26.4725,21.2824,16.6403,9.5570
3.030,0.0,0.9863849944272987,0.0,3,85.9149,0.197131,0.0970086,8465.01,0.0,7.7748,32.5293,200.0000,87.4658,56.4633,48.0023,44.4612,41.7716,40.0450,38.4581,36.9950,35.6417,33.9095,32.1308,29.2677,24.8855,20.0164,15.7360,9.1634
3.140,0.0,0.9871369748176873,0.0,3,90.4502,0.149673,0.114318,9331.05,0.0,8.4428,37.5230,200.0000,81.5426,52.5915,44.6996,41.3977,38.8904,37.2808,35.8019,34.4382,33.1772,31.5631,29.9058,27.2387,23.1572,18.6234,14.7124,8.6913
3.252,0.0058137333390000006,0.9855688232051347,0.0,3,95.5904,0.0917664,0.129421,9770.33,0.0,9.2316,41.6264,198.2190,77.8391,49.5535,41.9686,38.8109,36.4190,34.8865,33.4803,32.1853,30.9890,29.4599,27.8920,25.3737,21.5311,17.2787,13.6684,8.1681
3.361,0.0019050441405235202,0.9824935044878584,0.0,3,100.537,0.0224202,0.145944,10405.9,0.0,10.2100,45.9165,195.1080,73.1320,46.0161,38.8511,35.8812,33.6367,32.2008,30.8848,29.6742,28.5572,27.1307,25.6700,23.3277,19.7627,15.8304,12.5097,7.5655
3.472,0.0006242448639667471,0.9783219735037064,0.0,3,105.669,-0.0596746,0.164368,10678.8,0.0,11.3832,50.6363,191.2150,67.0135,41.8382,35.2509,32.5282,30.4736,29.1607,27.9581,26.8529,25.8336,24.5330,23.2023,21.0705,17.8317,14.2666,11.2620,6.8757
3.582,0.00020455255702462368,0.9417224544339445,0.0,3,110.573,-0.156011,0.184495,11062.2,0.0,12.6259,55.8143,186.5870,59.7180,37.1263,31.2461,28.8196,26.9899,25.8212,24.7514,23.7685,22.8623,21.7065,20.5244,18.6318,15.7590,12.6003,9.9411,6.0943
3.692,0.05033645367251083,0.6866943619157899,0.0,3,114.767,-0.266256,0.195215,10920.1,0.0,13.6812,56.4664,186.8270,59.1635,34.8024,28.8835,26.4882,24.6998,23.5654,22.5323,21.5876,20.7204,19.6195,18.4997,16.7192,14.0455,11.1451,8.7347,5.2939
3.801,0.016494249139408345,0.473640920621941,0.0,3,116.979,-0.379398,0.184313,10925.1,0.0,14.6346,56.3914,187.1760,59.9611,32.5917,26.5561,24.1750,22.4196,21.3160,20.3174,19.4096,18.5808,17.5349,16.4778,14.8115,12.3417,9.7056,7.5477,4.5150
3.911,0.005404835558001327,0.4937544791350227,0.0,3,118.684,-0.489266,0.180426,11092.6,0.0,15.7112,59.3290,183.5750,52.6344,27.7603,22.4717,20.4041,18.8866,17.9354,17.0767,16.2977,15.5877,14.6935,13.7918,12.3746,10.2831,8.0628,6.2545,3.7256
4.022,0.001771056515645875,0.5510716688948393,0.0,3,120.678,-0.598743,0.179248,11320.5,0.0,16.8375,63.2014,178.6690,42.2053,22.0438,17.8074,16.1558,14.9454,14.1874,13.5036,12.8836,12.3189,11.6081,10.8919,9.7671,8.1096,6.3528,4.9241,2.9294
4.134,0.0005803397990468402,0.5835913207134609,0.0,3,122.925,-0.709424,0.178835,11550.3,0.0,17.9925,67.3958,173.2330,30.7858,16.0235,12.9346,11.7316,10.8503,10.2987,9.8011,9.3501,8.9394,8.4226,7.9019,7.0845,5.8805,4.6051,3.5685,2.1220
4.242,0.0001901657453516686,0.5984953895182619,0.0,3,125.277,-0.821943,0.178783,11779.7,0.0,19.1753,71.8078,167.3850,18.8820,9.8234,7.9290,7.1913,6.6509,6.3127,6.0076,5.7310,5.4793,5.1624,4.8432,4.3421,3.6040,2.8222,2.1869,1.3003
4.351,0.2532069652371869,0.364024312987344,0.0,3,127.119,-0.932134,0.153319,11790.7,0.0,19.6214,65.3667,172.6260,13.0758,4.8819,3.7198,3.3016,3.0063,2.8260,2.6663,2.5239,2.3961,2.2377,2.0809,1.8401,1.4969,1.1475,0.8735,0.5047
4.460,0.4033942466249214,0.11928348687969285,0.0,3,126.449,-1.01424,0.0685871,11554.0,0.0,-1.0000,-1.0000,-1.0000,-1.0000,-1.0000,-1.0000,-1.0000,-1.0000,-1.0000,-1.0000,-1.0000,-1.0000,-1.0000,-1.0000,-1.0000,-1.0000,-1.0000,-1.0000,-1.0000
4.571,0.32504914250301675,0.03908681298073775,0.0,3,124.29,-1.05126,-0.0471758,11265.7,0.0,-1.0000,-1.0000,-1.0000,-1.0000,-1.0000,-1.0000,-1.0000,-1.0000,-1.0000,-1.0000,-1.0000,-1.0000,-1.0000,-1.0000,-1.0000,-1.0000,-1.0000,-1.0000,-1.0000
4.682,0.10651210301538853,0.012807966877528148,0.0,3,121.55,-1.04089,-0.1659,10948.9,0.0,-1.0000,-1.0000,-1.0000,-1.0000,-1.0000,-1.0000,-1.0000,-1.0000,-1.0000,-1.0000,-1.0000,-1.0000,-1.0000,-1.0000,-1.0000,-1.0000,-1.0000,-1.0000,-1.0000
4.791,0.04060333909235205,0.0041969145864284236,0.0,3,118.669,-0.985204,-0.27127,10655.7,0.0,13.6797,21.0067,25.7591,31.0697,35.6082,38.4575,40.1838,41.8336,43.1016,44.4523,45.8940,47.4362,49.7845,52.7803,59.5273,80.1859,156.8610,1.4721,0.1805
4.903,-0.2816548115965013,0.0013752449716808658,0.0,3,116.584,-0.884956,-0.332965,10462.4,0.0,12.5750,18.3383,21.9097,25.7281,28.8532,30.7531,31.8818,32.9451,33.7522,34.6026,35.4997,36.4474,37.8675,39.6399,43.4781,54.0530,91.7913,124.0730,1.5790
5.011,-0.30380742085378526,0.000450640272320386,0.0,3,115.864,-0.754962,-0.253318,10504.2,0.0,12.2190,19.0708,23.5873,28.7126,33.1607,35.9861,37.7105,39.3674,40.6467,42.0153,43.4827,45.0599,47.4768,50.5870,57.7048,80.5217,145.4570,18.7974,2.8980
5.120,-0.09955161566536835,0.06320552713255896,0.0,3,114.641,-0.634503,-0.159186,10434.2,0.0,12.1036,20.8071,27.2165,35.3200,43.2021,48.6865,52.2382,55.8097,58.6807,61.8681,65.4269,69.4258,75.9327,85.0593,161.3060,140.9470,43.6571,12.7816,3.7418
5.230,-0.0326210734212279,0.6025315797089219,0.0,3,115.491,-0.541567,-0.127713,10911.0,0.0,11.6873,20.8628,27.9606,37.4025,47.1321,54.2458,59.0131,63.9402,68.0019,72.6205,77.9186,84.0575,94.4920,156.2040,145.8670,126.1420,33.6937,13.5839,4.4997
5.341,-0.010689273338667957,0.8475622160077696,0.0,3,118.892,-0.463343,-0.119457,11472.5,0.0,11.1658,20.1411,27.1829,36.6928,46.6671,54.0749,59.0949,64.3307,68.6838,73.6747,79.4544,86.2251,97.9196,149.7340,140.0570,120.5190,35.8325,15.2917,5.2119
5.454,-0.003502661087614716,0.930029821707051,0.0,3,123.16,-0.388802,-0.11587,12019.0,0.0,10.6270,19.2578,26.0725,35.3383,45.1354,52.4644,57.4568,62.6863,67.0516,72.0763,77.9215,84.8054,97.5892,145.1050,135.8220,116.9950,39.2494,17.1306,5.9089
5.562,-0.0011477519851895903,0.9628247657269664,0.0,3,127.763,-0.314219,-0.114284,12502.7,0.0,10.0690,18.2841,24.7889,33.6606,43.0753,50.1414,54.9661,60.0299,64.2647,69.1481,74.8407,81.5615,94.5599,141.1370,132.1480,114.2610,43.3069,19.0829,6.6167
5.672,-0.03302215303369442,0.9752651047802873,0.0,3,132.459,-0.239953,-0.1033,12966.3,0.0,9.5841,17.6576,24.1811,33.2772,43.1914,50.8159,56.1152,61.7607,66.5492,72.1486,78.7833,86.7766,138.6760,133.7670,125.5050,107.6380,43.0458,20.1485,7.2337
5.783,-0.010820699106080989,0.9808112738312795,0.0,3,137.214,-0.16986,-0.0909402,13406.8,0.0,9.1348,17.1161,23.7228,33.1869,43.8528,52.3163,58.3381,64.8833,70.5430,77.2908,87.4784,134.8160,130.6220,126.1600,118.5130,100.4620,42.1312,20.8967,7.7829
5.891,-0.003545726683080618,0.9826286425059086,0.0,3,141.997,-0.103714,-0.0857841,13825.6,0.0,8.6555,16.3359,22.7606,32.0752,42.7326,51.3131,57.4859,64.2603,70.1736,77.2919,132.0130,129.0200,125.0670,120.8560,113.5610,96.3666,43.6005,22.0978,8.3515
6.001,-0.0011618637195118572,0.983224157873211,0.0,3,146.77,-0.0393753,-0.0839995,14249.5,0.0,8.1633,15.4458,21.5604,30.4631,40.7048,48.9938,54.9811,61.5751,67.3510,74.3665,127.1200,124.2530,120.4650,116.4300,109.4590,93.4944,46.0689,23.5168,8.9321
6.110,-0.00038071950360964537,0.9834192963487688,0.0,3,151.53,0.025075,-0.0834081,14664.5,0.0,7.6609,14.5075,20.2631,28.6551,38.3269,46.1685,51.8403,58.0944,63.5790,70.3261,122.4860,119.7290,116.0850,112.2030,105.5440,90.8214,48.9304,25.0360,9.5247
6.221,-0.04712903265647406,0.9834832393244396,0.0,4,155.687,0.0903167,-0.0800984,12162.6,0.0,7.1683,13.6392,19.1171,27.1689,36.5455,44.2252,49.8235,56.0397,61.5286,119.6060,116.8700,114.2640,110.8200,107.1480,100.8390,87.1310,50.7200,26.2863,10.0914
6.331,-0.01544324142087342,0.9825630300493323,0.0,4,157.006,0.150214,-0.0658206,12127.2,0.0,6.7794,13.1732,18.7593,27.2822,37.7073,46.6764,53.4758,61.5841,113.1020,110.5570,108.1320,105.8190,102.7550,99.4810,93.5500,80.3693,48.2184,26.2732,10.4713
6.442,-0.005060441348791802,0.9800388474365652,0.0,4,160.488,0.204075,-0.0609797,12359.3,0.0,6.3769,12.4823,17.8769,26.2205,36.6166,45.7331,52.7532,109.2720,106.7840,104.4150,102.1570,100.0010,97.1442,94.0892,88.4964,76.3179,48.8419,27.0233,10.9015
6.550,-0.0016582054211720977,0.9775176314811386,0.0,4,163.902,0.255177,-0.0596149,12614.3,0.0,5.9747,11.7196,16.8119,24.7192,34.6250,43.3605,50.1249,103.7180,101.3660,99.1265,96.9908,94.9522,92.2495,89.3590,84.1286,73.0095,50.4520,28.0323,11.3467
6.661,-0.000543360752409673,0.9742805985774894,0.0,4,167.278,0.305765,-0.0591406,12852.6,0.0,5.5712,10.9361,15.6970,23.0998,32.3913,40.6013,47.4808,98.3038,96.0782,93.9581,91.9365,90.0067,87.4481,84.7116,79.8372,69.7170,51.0615,29.1126,11.7977
6.771,-0.00017804845134960161,0.9693031474012467,0.0,4,170.594,0.356798,-0.0590996,13101.3,0.0,5.1619,10.1332,14.5453,21.4066,30.0197,37.6317,96.0205,92.8948,90.7918,88.7887,86.8785,85.0551,82.6375,80.0518,75.5186,66.3295,50.4177,30.2460,12.2582
6.882,-5.8342916538237454e-05,0.9476411947935655,0.0,4,173.835,0.408674,-0.0591219,13323.2,0.0,4.7455,9.3155,13.3711,19.6777,27.5938,34.5926,90.3349,87.3940,85.4154,83.5308,81.7336,80.0181,77.7435,75.3108,71.1023,62.7813,49.0177,31.4049,12.7273
6.992,-1.911780689124965e-05,0.9159899690537056,0.0,4,176.879,0.461476,-0.0591291,13524.2,0.0,4.3217,8.4835,12.1768,17.9199,25.1284,32.0763,84.5408,81.7884,79.9368,78.1731,76.4911,74.8856,72.7568,70.4801,66.5805,59.0726,47.0903,32.4627,13.2044
7.100,-6.264522962124686e-06,0.8972850696220183,0.0,4,179.754,0.515176,-0.0591331,13730.0,0.0,3.8907,7.6375,10.9624,16.1326,22.6220,81.8098,78.6485,76.0879,74.3653,72.7244,71.1596,69.6660,67.6857,65.5676,61.9607,55.2176,44.7647,32.5133,13.6897
7.214,0.03738365991571577,0.8790758442699929,0.0,4,182.488,0.57398,-0.0760837,13927.2,0.0,3.3686,6.4468,9.0752,12.9778,17.5824,22.4067,76.3144,73.6962,71.9399,70.2706,68.6821,67.1688,65.1670,63.0316,59.4130,53.1923,43.8463,33.0642,14.4997
7.320,0.012249877681181742,0.8538219984316412,0.0,4,185.072,0.646349,-0.0881887,14094.0,0.0,2.7678,5.2061,7.2357,10.1617,13.5345,17.2581,72.8094,70.2128,68.4749,66.8257,65.2591,63.7689,61.8012,59.7066,56.1670,50.2906,41.9753,32.5255,15.3845
7.430,0.004014039918569632,0.8457169803367052,0.0,4,187.548,0.728706,-0.0914651,14274.8,0.0,2.1175,3.9647,5.4921,7.7038,10.7716,16.5157,67.2527,64.8286,63.2069,61.6691,60.2087,58.8203,56.9878,55.0383,51.7466,46.3049,39.0331,30.9119,15.9451
7.541,0.12910474765926688,0.8434466280073566,0.0,4,189.933,0.817407,-0.102966,14458.8,0.0,1.4118,2.6378,3.7112,5.4698,8.3466,66.1661,63.2118,60.8444,59.2644,57.7687,56.3508,55.0049,53.2318,51.3496,48.1806,42.9675,36.4241,29.3348,16.1179
7.652,0.26784420163805106,0.8415642492685756,0.0,4,191.647,0.912886,-0.121565,14655.5,0.0,0.6649,1.2106,1.6551,2.2933,3.0386,3.6750,4.1706,4.7753,5.3900,6.3453,65.9829,63.9087,61.2222,58.4260,53.8437,46.6279,38.3112,30.8239,17.0392
7.761,0.08776718799275655,0.8385094450753269,0.0,4,193.395,0.999251,-0.108836,14768.9,0.0,0.0058,0.0105,0.0144,0.0196,0.0253,0.0296,0.0326,0.0358,0.0383,0.0415,0.0451,0.0494,0.0570,0.0694,0.1174,50.3777,39.8937,31.2103,17.5357
7.870,0.028759552161466466,0.5102129233997832,0.0,4,195.0,1.06103,-0.053862,14663.9,0.0,-1.0000,-1.0000,-1.0000,-1.0000,-1.0000,-1.0000,-1.0000,-1.0000,-1.0000,-1.0000,-1.0000,-1.0000,-1.0000,-1.0000,-1.0000,-1.0000,-1.0000,-1.0000,-1.0000
7.981,0.14273283420701932,0.16718657073964097,0.0,4,194.152,1.07589,-0.00331363,14416.2,0.0,-1.0000,-1.0000,-1.0000,-1.0000,-1.0000,-1.0000,-1.0000,-1.0000,-1.0000,-1.0000,-1.0000,-1.0000,-1.0000,-1.0000,-1.0000,-1.0000,-1.0000,-1.0000,-1.0000
8.093,0.05461075588383609,0.054783695499965555,0.0,4,192.118,1.04862,0.0201759,14190.5,0.0,-1.0000,-1.0000,-1.0000,-1.0000,-1.0000,-1.0000,-1.0000,-1.0000,-1.0000,-1.0000,-1.0000,-1.0000,-1.0000,-1.0000,-1.0000,-1.0000,-1.0000,-1.0000,-1.0000
8.201,0.01789485248801541,0.03301011509142872,0.0,4,190.005,0.981625,0.073743,14002.6,0.0,0.1690,0.4367,0.8460,2.6827,200.0000,200.0000,196.3720,184.0410,162.1900,144.9870,131.0920,119.6360,106.6070,94.8222,78.5782,58.6209,41.3735,29.5815,15.5922
8.313,0.029621975747647886,0.3020168287319094,0.0,4,188.781,0.894926,0.0736732,14081.2,0.0,0.9652,2.4715,4.6579,13.0039,200.0000,199.2070,194.0820,187.5870,175.1830,154.4640,138.1370,124.9400,110.2130,97.1445,79.5105,58.4263,40.7007,28.8362,15.0145
8.421,0.06976515822778925,0.4140388431888721,0.0,4,188.501,0.832484,0.0352798,14124.4,0.0,1.4743,3.4419,5.8004,11.5816,29.1108,120.3220,199.6200,196.6400,194.1930,191.3840,188.0490,183.8070,169.4010,139.4740,104.8140,70.1192,45.3802,30.6507,15.0284
8.535,0.02286064704808198,0.3958711954017546,0.0,4,188.532,0.799132,0.0142761,14113.4,0.0,1.7293,3.8624,6.2148,11.1917,21.7122,41.0594,78.2917,195.5300,193.6840,191.6440,189.3680,186.7880,182.4320,175.1960,128.5240,79.3582,48.6571,31.8400,15.0528
8.642,0.0028355833114342534,0.3452843486998719,0.0,4,188.375,0.783129,0.00846571,14072.4,0.0,1.8560,4.0977,6.5184,11.4683,21.2241,37.0084,61.3690,144.7820,189.0700,187.2100,185.1570,182.8660,179.1180,173.5270,136.8150,82.1293,49.4890,32.0744,15.0039
8.750,-0.17932826988170047,0.32446152733509903,0.0,4,187.936,0.767296,0.0373457,14039.5,0.0,2.0526,4.8139,8.1533,16.4794,43.0114,184.3760,181.5760,178.7530,176.4600,173.8580,170.8200,167.0740,157.9980,131.0880,99.1434,66.7563,43.4069,29.4023,14.4660
8.860,-0.2750705791566293,0.21326568608966526,0.0,4,186.701,0.714947,0.116146,13905.8,0.0,2.7568,7.9995,18.3593,178.2530,164.8830,142.0260,119.1380,104.4290,95.9741,88.7920,82.6158,77.2484,70.8165,64.6741,55.6532,43.5875,32.1689,23.7666,13.1198
8.970,-0.0901351273780443,0.06988290001786152,0.0,4,184.542,0.607122,0.188196,13645.3,0.0,4.1920,16.4929,110.9710,146.0400,81.6446,66.9358,61.0833,56.7507,54.0187,51.5415,49.2851,47.2214,44.6120,41.9691,37.7916,31.5731,24.9012,19.4131,11.6611
9.073,-0.010921224672050062,0.02289922867785286,0.0,4,182.606,0.464364,0.219211,13481.7,0.0,5.9913,28.6527,162.5550,90.6857,59.0298,50.2995,46.6338,43.8450,42.0524,40.4037,38.8822,37.4739,35.6697,33.8153,30.8268,26.2437,21.1387,16.7871,10.4108
9.196,0.2034818657547701,0.006002895402527061,0.0,4,180.38,0.27074,0.16525,13311.0,0.0,7.5291,26.4231,99.0511,144.4550,80.0110,62.8470,56.4085,51.7755,48.9106,46.3494,44.0463,41.9643,39.3643,36.7677,32.7363,26.8957,20.8327,15.9952,9.3690
9.312,0.06853270301641844,0.0015736230124000535,0.0,4,177.629,0.122966,0.0741767,13086.2,0.0,8.0615,20.6684,39.0224,109.6800,149.0350,141.6280,135.5720,118.8470,103.0190,90.9178,81.3661,73.6357,64.9986,57.3246,46.9556,34.5368,24.0782,17.0688,8.8940
9.433,0.017965436899535996,0.0004125158309625997,0.0,4,175.283,0.0348793,0.0402397,12931.8,0.0,8.5398,20.1580,34.3880,70.7552,149.1610,144.1180,140.8350,137.4270,134.5030,130.8340,125.0090,107.6860,88.8901,74.1188,56.5349,38.4001,25.1293,17.0894,8.4482
9.554,-0.20107147826604926,0.00010813854999185974,0.0,4,173.173,-0.0228241,0.078469,12781.5,0.0,9.4487,24.5038,46.9917,145.0590,134.9860,126.9720,118.8290,96.1505,84.1355,74.7948,67.3255,61.2168,54.3233,48.1371,39.6851,29.4184,20.6484,14.7060,7.7109
9.671,-0.05164354491377522,2.834787204906608e-05,0.0,4,170.822,-0.114954,0.153832,12599.2,0.0,11.3306,37.8280,140.2840,121.3510,63.2781,48.2860,42.8793,39.0588,36.7248,34.6566,32.8112,31.1547,29.1015,27.0678,23.9433,19.4863,14.9445,11.3808,6.5794
9.772,-0.016922556797345868,9.289030713037974e-06,0.0,4,169.101,-0.226132,0.174501,12481.4,0.0,12.8256,47.0185,131.4150,88.7733,44.4340,35.5816,32.1719,29.6875,28.1379,26.7440,25.4835,24.3383,22.9004,21.4558,19.1955,15.8828,12.3959,9.5779,5.6684
9.891,0.07513329823461656,2.4350636672386268e-06,0.0,4,167.186,-0.376932,0.151847,12341.0,0.0,13.9551,46.2061,128.1250,107.1170,45.6226,34.6140,30.6747,27.9007,26.2101,24.7144,23.3819,22.1874,20.7088,19.2466,17.0044,13.8151,10.5761,8.0423,4.6386
9.992,0.024619679165519156,7.979216624807532e-07,0.0,4,165.586,-0.488904,0.123343,12224.8,0.0,14.5320,43.2052,126.5030,110.7700,57.3151,38.5127,32.7853,29.0144,26.8139,24.9254,23.2871,21.8524,20.1197,18.4510,15.9753,12.6167,9.3873,6.9787,3.8880
10.112,0.006453901175165854,2.0917037628935458e-07,0.0,4,163.761,-0.60356,0.113091,12091.0,0.0,15.4487,44.3817,121.2350,106.2860,54.9795,34.2735,28.5471,24.9094,22.8332,21.0779,19.5746,18.2728,16.7184,15.2396,13.0776,10.2044,7.5044,5.5293,3.0402
10.213,0.002114814337078347,6.854094890249571e-08,0.0,4,162.284,-0.690345,0.110477,11982.4,0.0,16.2316,46.2395,116.1180,101.0830,45.7029,27.8159,23.0175,20.0015,18.2913,16.8516,15.6232,14.5627,13.3005,12.1037,10.3613,8.0584,5.9078,4.3427,2.3796
10.336,0.0005543858895790661,1.7967598509095835e-08,0.0,4,160.554,-0.789844,0.108766,11857.2,0.0,17.1504,48.5915,109.7940,94.4465,32.3794,19.3733,15.9587,13.8282,12.6255,11.6160,10.7568,10.0166,9.1376,8.3060,7.0986,5.5089,4.0303,2.9580,1.6172
10.452,0.0001453289346378147,4.710098143568419e-09,0.0,4,158.871,-0.886459,0.107736,11731.5,0.0,18.0530,50.9829,103.3570,87.5005,17.9681,10.6346,8.7354,7.5559,6.8918,6.3355,5.8627,5.4559,4.9735,4.5178,3.8572,2.9894,2.1843,1.6016,0.8745
10.571,0.023614238638710445,1.2347239677475996e-09,0.0,4,157.214,-0.980934,0.105763,11609.9,0.0,18.9108,53.0763,97.0019,80.5898,3.1828,1.8424,1.5049,1.2971,1.1808,1.0837,1.0014,0.9308,0.8473,0.7686,0.6549,0.5063,0.3690,0.2701,0.1471
10.671,0.18332131637663263,4.0459434975153344e-10,0.0,4,155.764,-1.052,0.075976,11498.9,0.0,-1.0000,-1.0000,-1.0000,-1.0000,-1.0000,-1.0000,-1.0000,-1.0000,-1.0000,-1.0000,-1.0000,-1.0000,-1.0000,-1.0000,-1.0000,-1.0000,-1.0000,-1.0000,-1.0000
10.771,0.20840654812604495,1.3257747652658247e-10,0.0,3,153.788,-1.09796,-0.00230783,13876.2,0.0,-1.0000,-1.0000,-1.0000,-1.0000,-1.0000,-1.0000,-1.0000,-1.0000,-1.0000,-1.0000,-1.0000,-1.0000,-1.0000,-1.0000,-1.0000,-1.0000,-1.0000,-1.0000,-1.0000
10.871,0.0682906576899424,4.344298750823054e-11,0.0,3,151.169,-1.10617,-0.0777559,13618.6,0.0,-1.0000,-1.0000,-1.0000,-1.0000,-1.0000,-1.0000,-1.0000,-1.0000,-1.0000,-1.0000,-1.0000,-1.0000,-1.0000,-1.0000,-1.0000,-1.0000,-1.0000,-1.0000,-1.0000
10.972,0.022377482711840323,1.4235398146696984e-11,0.0,3,148.957,-1.07771,-0.119487,13421.3,0.0,-1.0000,-1.0000,-1.0000,-1.0000,-1.0000,-1.0000,-1.0000,-1.0000,-1.0000,-1.0000,-1.0000,-1.0000,-1.0000,-1.0000,-1.0000,-1.0000,-1.0000,-1.0000,-1.0000
11.090,0.0058661228280126685,3.7317242117677345e-12,0.0,3,146.765,-1.00158,-0.140219,13249.3,0.0,-1.0000,-1.0000,-1.0000,-1.0000,-1.0000,-1.0000,-1.0000,-1.0000,-1.0000,-1.0000,-1.0000,-1.0000,-1.0000,-1.0000,-1.0000,-1.0000,-1.0000,-1.0000,-1.0000
11.191,0.004060786982384757,1.2228113897120513e-12,0.0,3,145.197,-0.915329,-0.144878,13145.2,0.0,14.3330,25.0553,33.1228,43.5486,78.6475,76.3367,75.0385,73.8619,72.9965,72.1090,71.1982,70.2626,68.9074,67.2865,63.9973,55.7737,7.8744,2.7365,0.8501
11.295,0.01619267979584096,4.00690836180845e-13,0.0729400634765625,3,143.569,-0.820791,-0.149877,12957.3,0.0,13.5751,23.5905,31.0685,40.6568,74.7359,72.5389,71.3118,70.2044,69.3931,68.5637,67.7154,66.8473,65.5965,64.1112,61.1401,54.1208,18.0632,5.9493,1.8114
11.410,0.020434088059782182,1.0503869855979143e-13,0.7867759216278076,3,134.016,-0.704679,-0.158981,11318.1,0.0,12.6252,21.7088,28.4001,36.8626,70.4458,68.3929,67.2543,66.2317,65.4857,64.7262,63.9524,63.1639,62.0341,60.7034,58.0806,52.1819,35.1313,10.3154,3.0225
11.511,0.0194481596601013,3.441908074407246e-14,0.8884290668127806,3,123.21,-0.612688,-0.1622,9679.28,0.0,11.9162,20.4144,26.6455,34.5742,66.8341,64.8735,63.7917,62.8236,62.1194,61.4044,60.6779,59.9398,58.8859,57.6511,55.2390,49.9506,38.3748,13.7830,3.9817
11.612,0.016814947831201292,1.1278444378217663e-14,0.9077798763476029,3,112.616,-0.527482,-0.161507,8199.45,0.0,11.2922,19.3607,25.2826,33.4850,63.2520,61.3658,60.3298,59.4056,58.7352,58.0560,57.3676,56.6699,55.6769,54.5184,52.2717,47.4381,37.7362,16.7474,4.8530
11.732,0.012076129181755012,2.9565765230834907e-15,0.9092595499153391,2,100.52,-0.434769,-0.15919,7957.16,0.0,10.6246,18.2644,23.8904,62.7047,59.2613,57.4561,56.4697,55.5929,54.9588,54.3178,53.6700,53.0151,52.0864,51.0075,48.9314,44.5474,36.2936,19.7669,5.7866
11.852,0.006473291149623353,7.750487960671987e-16,0.8804735209927017,2,88.8936,-0.352424,-0.157578,5631.52,0.0,10.0265,17.2682,22.6137,59.0767,55.7525,54.0247,53.0850,52.2525,51.6520,51.0464,50.4357,49.8199,48.9493,47.9420,46.0164,42.0137,34.8066,22.4389,6.6149
11.972,0.0009800920293922951,2.0317439159623976e-16,0.6033324859942928,2,77.9328,-0.279947,-0.156863,5235.99,0.0,9.4941,16.3648,21.4585,55.9199,52.7099,51.0544,50.1579,49.3659,48.7960,48.2224,47.6452,47.0645,46.2455,45.3014,43.5069,39.8250,33.4081,23.7210,7.3480
12.090,-0.003769269075500888,5.326094771060468e-17,0.07098146364474257,2,68.2406,-0.216772,-0.157542,7798.44,0.0,9.0210,15.5372,20.5869,53.2356,50.1330,48.5438,47.6864,46.9309,46.3883,45.8433,45.2958,44.7460,43.9724,43.0832,41.4015,37.9874,32.1804,23.9499,8.0001
12.211,-0.005301088715603885,1.3962037876648754e-17,0.00835089821634032,2,66.7707,-0.158303,-0.157702,7652.49,0.0,8.5866,14.7862,20.1938,50.7203,47.7193,46.1920,45.3710,44.6492,44.1319,43.6130,43.0928,42.5712,41.8388,40.9993,39.4185,36.2392,30.9384,23.7281,8.5993
12.317,-0.005491944712100564,4.575080571420264e-18,0.0014035354632203178,2,66.36,-0.110243,-0.15665,7607.55,0.0,8.2366,14.2008,20.7032,48.5720,45.6561,44.1804,43.3894,42.6955,42.1989,41.7016,41.2036,40.7050,40.0063,39.2071,37.7077,34.7145,29.7994,23.2933,9.0771
12.432,-0.00664022326732373,1.1993299213143936e-18,0.00016512454371240718,2,65.9302,-0.0533772,-0.155272,7559.97,0.0,7.8226,13.5590,50.6008,45.9992,43.1891,41.7764,41.0220,40.3618,39.8902,39.4188,38.9474,38.4764,37.8177,37.0662,35.6623,32.8838,28.3974,22.6168,9.6390
12.538,-0.006667557373560858,3.9299642861630046e-19,2.7752482061744277e-05,2,65.5862,-0.00671109,-0.153881,7520.89,0.0,7.4836,13.2247,48.3463,43.8509,41.1320,39.7730,39.0495,38.4176,37.9670,37.5171,37.0681,36.6199,35.9942,35.2820,33.9561,31.3502,27.1966,21.9464,10.0949
12.650,-0.00877819265804626,1.0302165578319146e-19,3.2650517620821533e-06,2,65.1832,0.0483874,-0.15202,7475.31,0.0,7.0837,13.2110,45.6328,41.2737,38.6682,37.3751,36.6893,36.0917,35.6665,35.2426,34.8202,34.3994,33.8132,33.1475,31.9135,29.5076,25.7279,21.0446,10.5706
12.750,-0.007383252422221801,3.375813616703618e-20,0.4310527948509997,2,63.3981,0.0933137,-0.149982,7025.37,0.0,6.7594,13.8328,43.3570,39.1189,36.6114,35.3744,34.7204,34.1518,33.7478,33.3457,32.9455,32.5475,31.9939,31.3667,30.2078,27.9631,24.4762,20.2192,10.7774
12.851,-0.00241934415371364,1.1061866059214416e-20,0.2982644210077071,2,56.2378,0.13445,-0.148871,6302.61,0.0,6.4610,16.2055,41.2851,37.1656,34.7513,33.5669,32.9426,32.4009,32.0165,31.6344,31.2548,30.8776,30.3537,29.7615,28.6703,26.5691,23.3368,19.4380,10.8504
12.972,-0.0006342165538311084,2.8998018162267046e-21,0.035090510867135744,2,53.3008,0.178929,-0.148416,6113.12,0.0,6.2220,44.7912,39.0595,35.0754,32.7649,31.6385,31.0466,30.5339,30.1709,29.8105,29.4528,29.0980,28.6061,28.0510,27.0317,25.0805,22.1084,18.5661,10.8200
13.095,0.10806143529557578,0.016752685546875,0.004128363513007654,2,52.9338,0.222733,-0.14889,6088.0,0.0,6.1075,42.6031,36.9867,33.1379,30.9283,29.8574,29.2963,28.8114,28.4684,28.1285,27.7915,27.4576,26.9955,26.4750,25.5219,23.7074,20.9675,17.7348,10.7127
13.211,0.25186307292656085,0.22633781990625,0.00048569783894183754,2,53.2107,0.272332,-0.1504,6214.64,0.0,5.6880,42.9920,37.4218,33.6026,31.4085,30.3445,29.7867,29.3045,28.9635,28.6253,28.2902,27.9581,27.4983,26.9802,26.0307,24.2213,21.4827,18.2381,11.1126
13.311,0.08253049173657546,0.297360335811255,8.163123579095464e-05,2,54.2734,0.311606,-0.12765,6347.38,0.0,5.4833,42.2208,36.7222,32.9743,30.8295,29.7918,29.2485,28.7791,28.4472,28.1184,27.7925,27.4697,27.0231,26.5203,25.5998,23.8482,21.2040,18.0783,11.2059
13.431,0.1410185358660272,0.14285979037090563,9.603833259570024e-06,2,55.3182,0.345582,-0.08218,6408.24,0.0,5.4488,40.4436,35.0565,31.4288,29.3702,28.3788,27.8611,27.4144,27.0991,26.7869,26.4778,26.1720,25.7492,25.2740,24.4059,22.7611,20.2933,17.3971,11.0646
13.552,0.34848457090854307,0.037449836886990676,1.1298813791551539e-06,2,55.362,0.374756,-0.0776049,6375.46,0.0,5.2150,40.5220,35.1544,31.5432,29.4951,28.5089,27.9937,27.5494,27.2357,26.9252,26.6178,26.3136,25.8933,25.4206,24.5571,22.9206,20.4646,17.5792,11.2467
13.652,0.11419142419531139,0.012271562551129104,1.8989916339460674e-07,2,55.3405,0.399182,-0.0693533,6362.65,0.0,5.0437,40.3837,35.0435,31.4579,29.4267,28.4493,27.9390,27.4989,27.1882,26.8807,26.5763,26.2751,25.8588,25.3910,24.5365,22.9176,20.4887,17.6350,11.3599
13.755,0.06455004359125713,0.134571624132379,3.191635239173156e-08,2,55.4604,0.414619,-0.0339831,6421.62,0.0,5.1087,39.0066,33.7545,30.2614,28.2956,27.3530,26.8618,26.4387,26.1403,25.8451,25.5532,25.2646,24.8660,24.4185,23.6025,22.0614,19.7597,17.0702,11.1881
13.871,0.23394048653209074,0.3808607270396833,3.754926942534826e-09,2,56.6908,0.423777,-0.0046196,6685.13,0.0,5.2077,37.9112,32.7264,29.3061,27.3920,26.4769,26.0007,25.5909,25.3022,25.0167,24.7347,24.4560,24.0714,23.6399,22.8541,21.3737,19.1716,16.6097,11.0341
13.972,0.3134427604298335,0.47374269498948846,6.310905712318283e-10,2,58.4243,0.429288,0.00227404,6978.45,0.0,5.1985,37.7628,32.5784,29.1650,27.2571,26.3459,25.8718,25.4639,25.1766,24.8926,24.6119,24.3346,23.9521,23.5231,22.7422,21.2716,19.0862,16.5461,11.0255
14.091,0.32874606534335954,0.5084657460509495,7.424717461485339e-11,2,60.9231,0.43575,0.000301003,7327.17,0.0,5.1189,38.0452,32.8253,29.3868,27.4643,26.5457,26.0678,25.6567,25.3670,25.0807,24.7978,24.5183,24.1326,23.7000,22.9124,21.4294,19.2247,16.6621,11.0911
14.211,0.32925993289754196,0.5162957343765301,8.735105846262886e-12,2,63.633,0.442706,-0.00440848,7690.42,0.0,5.0181,38.4568,33.1917,29.7190,27.7754,26.8465,26.3632,25.9473,25.6542,25.3645,25.0781,24.7952,24.4047,23.9668,23.1693,21.6671,19.4326,16.8337,11.1804
14.312,0.315612172335309,0.5174700010842515,1.4681092395814036e-12,2,65.995,0.448711,-0.00723159,7987.53,0.0,4.9403,38.7602,33.4598,29.9612,28.0024,27.0658,26.5783,26.1588,25.8632,25.5710,25.2822,24.9968,24.6030,24.1612,23.3566,21.8404,19.5848,16.9602,11.2489
14.434,0.3122183813534486,0.51819715987048,1.7272158392751256e-13,2,68.925,0.455754,-0.00930548,8373.38,0.0,4.8574,39.0759,33.7355,30.2084,28.2330,27.2882,26.7965,26.3734,26.0752,25.7804,25.4890,25.2010,24.8036,24.3577,23.5457,22.0156,19.7383,17.0882,11.3208
14.553,0.3070215390856836,0.5212576469802122,2.0320521627487924e-14,2,71.9633,0.462002,-0.0105906,8781.24,0.0,4.7883,39.4040,33.9748,30.4204,28.4291,27.4768,26.9812,26.5547,26.2540,25.9568,25.6630,25.3726,24.9720,24.5225,23.7040,22.1612,19.8653,17.1933,11.3802
14.672,0.300525096578069,0.5244479271099807,2.390689048952327e-15,2,75.1254,0.466866,-0.0111527,9208.64,0.0,4.7360,40.1172,34.1891,30.6064,28.5994,27.6397,27.1401,26.7101,26.4070,26.1075,25.8114,25.5188,25.1151,24.6621,23.8371,22.2823,19.9690,17.2776,11.4259
14.793,0.2932898919176461,0.5348494586543188,2.812621759201924e-16,2,78.4056,0.469622,-0.0107566,9665.96,0.0,4.7095,41.3941,34.3936,30.7450,28.7227,27.7557,27.2524,26.8192,26.5140,26.2123,25.9142,25.6195,25.2129,24.7567,23.9259,22.3608,20.0328,17.3261,11.4491
14.910,0.2854895194212411,0.5457927288332277,3.3090213734834713e-17,2,81.7269,0.469383,-0.00914466,10097.8,0.0,4.7188,42.4932,34.9507,30.8155,28.7775,27.8040,27.2974,26.8616,26.5545,26.2509,25.9508,25.6544,25.2453,24.7865,23.9511,22.3780,20.0397,17.3241,11.4405
15.014,0.2785578720132271,0.5513076309153221,5.5614722224136706e-18,2,84.4832,0.466253,-0.00623024,10449.0,0.0,4.7629,43.0748,35.8574,30.9930,28.7539,27.7704,27.2616,26.8239,26.5155,26.2107,25.9095,25.6120,25.2015,24.7413,23.9035,22.3264,19.9850,17.2694,11.4012
15.132,0.26968640376425757,0.5542428321299162,6.543016454947462e-19,2,87.7579,0.458387,-8.53539e-05,10845.6,0.0,4.8712,43.4077,36.8068,31.6168,28.9115,27.7523,27.1787,26.7001,26.3708,26.0514,25.7417,25.4412,25.0303,24.5696,23.7315,22.1557,19.8203,17.1183,11.3049
15.255,0.26007520798219363,0.5554941525171146,7.697793429081142e-20,2,90.9826,0.444777,0.00921261,11215.3,0.0,5.0582,43.3774,37.1963,32.4985,29.5145,28.1016,27.4095,26.8354,26.4423,26.0624,25.6953,25.3402,24.8624,24.3423,23.4355,21.8419,19.5256,16.8551,11.1434
15.374,0.24957981778322172,0.5553403036486965,9.056376991379675e-21,2,94.1479,0.424048,0.0221734,11562.8,0.0,5.3479,43.0041,37.1209,32.7912,30.1296,28.7751,28.0451,27.4022,26.9407,26.4795,26.0331,25.6035,25.0284,24.4063,23.3314,21.4837,19.0803,16.4623,10.9060
15.495,0.2381020795173148,0.5526647191846839,1.0654736966588277e-21,2,97.261,0.394545,0.0389051,11896.0,0.0,5.7721,42.3088,36.6422,32.5784,30.1375,28.9151,28.2634,27.6936,27.2869,26.8799,26.4725,26.0648,25.4937,24.8410,23.6185,21.4120,18.6268,15.9285,10.5834
15.610,0.23174373245384855,0.5241648655365747,1.2535191493821441e-22,2,100.204,0.354439,0.0597336,12146.7,0.0,6.3794,41.2859,35.7803,31.9214,29.6450,28.5196,27.9241,27.4052,27.0356,26.6671,26.2997,25.9335,25.4231,24.8435,23.7677,21.6544,18.4493,15.3776,10.1650
15.713,0.22222158599730676,0.5097304095452747,2.1067896343665698e-23,2,102.465,0.311721,0.0801413,12358.8,0.0,7.0720,40.1864,34.7891,31.0715,28.9085,27.8488,27.2894,26.8036,26.4588,26.1160,25.7752,25.4366,24.9660,24.4325,23.4457,21.5329,18.5417,15.1166,9.7394
15.836,0.20746769113617547,0.4773550481673365,2.4786169369359257e-24,2,104.987,0.247326,0.107542,12562.6,0.0,7.8711,38.5916,33.3008,29.7321,27.6886,26.6956,26.1748,25.7242,25.4055,25.0891,24.7750,24.4633,24.0309,23.5428,22.6458,20.9264,18.2848,15.0883,9.1743
15.955,0.1933928186501875,0.45301104104365325,2.9160680401357476e-25,2,107.232,0.166389,0.134177,12761.5,0.0,8.2514,36.6373,31.4476,28.0198,26.0861,25.1570,24.6715,24.2524,23.9564,23.6632,23.3730,23.0857,22.6885,22.2419,21.4254,19.8713,17.5253,14.7398,8.7991
16.070,0.20485943240972848,0.19165217634334747,3.430724888539307e-26,2,108.449,0.095499,0.0777843,12562.9,0.0,8.4562,34.2168,29.1409,25.8642,24.0474,23.1813,22.7314,22.3446,22.0723,21.8034,21.5376,21.2750,20.9125,20.5060,19.7658,18.3728,16.3000,13.8876,8.6366
16.173,0.22798604274501866,0.0628005851441881,5.766019320168014e-27,2,107.701,0.0647937,0.0153897,12309.7,0.0,8.8780,32.7917,27.7295,24.5160,22.7548,21.9222,21.4909,21.1206,20.8603,20.6035,20.3502,20.1003,19.7564,19.3717,18.6743,17.3681,15.4451,13.2354,8.5109
16.292,0.25376373218302484,0.016462796592038042,6.783664069984468e-28,2,105.942,0.0584485,-0.0115929,12016.1,0.0,9.5424,32.1943,26.9730,23.7067,21.9367,21.1043,20.6746,20.3067,20.0485,19.7943,19.5438,19.2972,18.9584,18.5802,17.8957,16.6220,14.7677,12.6639,8.2653
16.412,0.26212835030843873,0.004315623349823221,7.980912941696028e-29,2,103.709,0.0309661,0.0164697,11737.8,0.0,10.2010,32.4363,26.8974,23.4669,21.6229,20.7599,20.3156,19.9359,19.6700,19.4083,19.1509,18.8978,18.5503,18.1628,17.4637,16.1706,14.3051,12.2165,7.9520
16.534,0.26346221606135356,0.0011313147674160585,9.389464266775961e-30,2,101.372,-0.0156625,0.0330715,11440.7,0.0,10.9454,32.8420,26.9232,23.2886,21.3493,20.4460,19.9824,19.5869,19.3103,19.0385,18.7712,18.5086,18.1485,17.7479,17.0273,15.7025,13.8087,11.7191,7.5586
16.654,0.10720640395506247,0.00029656737838951516,1.1046610815219252e-30,2,99.1086,-0.0731808,0.0420952,11176.7,0.0,11.7078,33.3580,27.0106,23.1417,21.0913,20.1412,19.6549,19.2409,18.9514,18.6672,18.3882,18.1143,17.7395,17.3233,16.5772,15.2136,13.2831,11.1853,7.1196
16.772,0.02810351555839589,7.774335884054107e-05,1.2996227157997296e-31,2,97.2854,-0.138284,0.0781941,11021.9,0.0,13.5174,32.0377,25.5292,21.6317,19.5962,18.6611,18.1842,17.7792,17.4969,17.2203,16.9494,16.6842,16.3221,15.9213,15.2054,13.9063,12.0942,10.1560,6.4956
16.873,0.023146463950098995,2.5474943824868494e-05,2.1842758984446055e-32,2,96.0646,-0.200479,0.138238,10945.7,0.0,17.7970,28.8526,22.5905,18.9524,17.0932,16.2494,15.8217,15.4597,15.2080,14.9621,14.7218,14.4870,14.1673,13.8147,13.1884,12.0612,10.5074,8.8691,5.8183
16.976,0.0599397969371157,8.34762959253291e-06,3.6711125025158485e-33,2,94.9251,-0.278172,0.197205,10828.5,0.0,65.2431,25.3586,19.4523,16.1477,14.5014,13.7642,13.3928,13.0798,12.8629,12.6514,12.4452,12.2442,11.9713,11.6712,11.1407,10.1947,8.9047,7.5596,5.0878
17.080,0.06220708180495271,2.7353512648811844e-06,6.1700387829783876e-34,2,93.7058,-0.385663,0.250409,10685.2,0.0,61.3736,21.6911,16.1730,13.2319,11.8120,11.1865,10.8737,10.6113,10.4300,10.2538,10.0825,9.9160,9.6905,9.4434,9.0090,8.2414,7.2086,6.1444,4.2215
17.190,0.06920454778234691,8.963199024762666e-07,1.0369984182551777e-34,2,92.5051,-0.514424,0.298337,10550.2,0.0,57.0638,17.7132,12.6965,10.1932,9.0323,8.5306,8.2819,8.0744,7.9316,7.7933,7.6592,7.5291,7.3537,7.1623,6.8275,6.2414,5.4633,4.6726,3.2668
17.310,0.3154158278939688,2.937061056434231e-07,1.7428832415614773e-35,2,91.1904,-0.657104,0.314422,10392.6,0.0,57.7494,14.5918,9.7879,7.5906,6.6251,6.2186,6.0196,5.8547,5.7419,5.6330,5.5279,5.4265,5.2902,5.1423,4.8857,4.4424,3.8649,3.2899,2.2951
17.410,0.5233803471858972,9.624161669723687e-08,2.9292638640923752e-36,2,89.5306,-0.795226,0.272223,10162.8,0.0,81.8974,14.0241,8.2226,5.8445,4.8935,4.5124,4.3301,4.1812,4.0805,3.9842,3.8921,3.8039,3.6866,3.5608,3.3462,2.9860,2.5357,2.1072,1.4045
17.522,0.6123572895257908,3.153645295935057e-08,4.923213776380054e-37,2,87.536,-0.918536,0.204465,9870.79,0.0,114.8290,15.7194,7.1370,3.9724,2.9709,2.6186,2.4596,2.3344,2.2518,2.1745,2.1021,2.0341,1.9456,1.8531,1.7010,1.4607,1.1845,0.9433,0.5834
17.635,0.6666843808882809,1.0333864905719994e-08,8.274445393961959e-38,2,84.6985,-1.02419,0.0971176,9529.03,0.0,-1.0000,-1.0000,-1.0000,-1.0000,-1.0000,-1.0000,-1.0000,-1.0000,-1.0000,-1.0000,-1.0000,-1.0000,-1.0000,-1.0000,-1.0000,-1.0000,-1.0000,-1.0000,-1.0000
17.748,0.41413156148815405,3.3862008523063272e-09,1.3906860373631866e-38,2,81.2275,-1.11035,-0.00995475,9128.18,0.0,-1.0000,-1.0000,-1.0000,-1.0000,-1.0000,-1.0000,-1.0000,-1.0000,-1.0000,-1.0000,-1.0000,-1.0000,-1.0000,-1.0000,-1.0000,-1.0000,-1.0000,-1.0000,-1.0000
17.855,0.16445222801591874,1.1095902952837373e-09,2.3373260229963083e-39,2,77.6118,-1.18354,-0.10782,8695.31,0.0,-1.0000,-1.0000,-1.0000,-1.0000,-1.0000,-1.0000,-1.0000,-1.0000,-1.0000,-1.0000,-1.0000,-1.0000,-1.0000,-1.0000,-1.0000,-1.0000,-1.0000,-1.0000,-1.0000
17.961,0.05388770607625626,3.6359054795857507e-10,3.928343846849895e-40,2,74.0032,-1.24212,-0.191933,8314.5,0.0,-1.0000,-1.0000,-1.0000,-1.0000,-1.0000,-1.0000,-1.0000,-1.0000,-1.0000,-1.0000,-1.0000,-1.0000,-1.0000,-1.0000,-1.0000,-1.0000,-1.0000,-1.0000,-1.0000
18.074,0.017657923527067652,1.191413507550659e-10,6.602367503400617e-41,2,68.9471,-1.28691,-0.318985,7826.11,0.0,-1.0000,-1.0000,-1.0000,-1.0000,-1.0000,-1.0000,-1.0000,-1.0000,-1.0000,-1.0000,-1.0000,-1.0000,-1.0000,-1.0000,-1.0000,-1.0000,-1.0000,-1.0000,-1.0000
18.182,0.005786148381349528,3.904023781542e-11,1.1096599062965417e-41,2,63.1177,-1.32291,-0.443154,7328.53,0.0,-1.0000,-1.0000,-1.0000,-1.0000,-1.0000,-1.0000,-1.0000,-1.0000,-1.0000,-1.0000,-1.0000,-1.0000,-1.0000,-1.0000,-1.0000,-1.0000,-1.0000,-1.0000,-1.0000
18.290,-0.036970891964195285,1.2792705127356825e-11,1.8650054045125978e-42,2,55.3459,-1.34747,-0.604864,6757.41,0.0,-1.0000,-1.0000,-1.0000,-1.0000,-1.0000,-1.0000,-1.0000,-1.0000,-1.0000,-1.0000,-1.0000,-1.0000,-1.0000,-1.0000,-1.0000,-1.0000,-1.0000,-1.0000,-1.0000
18.401,-0.5529277021715189,4.191913616132285e-12,3.1345145833643245e-43,2,44.6933,-1.36241,-0.812976,5969.05,0.0,-1.0000,-1.0000,-1.0000,-1.0000,-1.0000,-1.0000,-1.0000,-1.0000,-1.0000,-1.0000,-1.0000,-1.0000,-1.0000,-1.0000,-1.0000,-1.0000,-1.0000,-1.0000,-1.0000
18.512,-0.7536053333943298,1.373606253734227e-12,5.268178660260422e-44,2,34.1853,-1.36807,-1.00501,5235.99,0.0,-1.0000,-1.0000,-1.0000,-1.0000,-1.0000,-1.0000,-1.0000,-1.0000,-1.0000,-1.0000,-1.0000,-1.0000,-1.0000,-1.0000,-1.0000,-1.0000,-1.0000,-1.0000,-1.0000
18.621,-0.8287679524535954,4.5010329722363154e-13,8.854227874299695e-45,2,23.6151,-1.36136,-1.20753,5235.99,0.0,-1.0000,-1.0000,-1.0000,-1.0000,-1.0000,-1.0000,-1.0000,-1.0000,-1.0000,-1.0000,-1.0000,-1.0000,-1.0000,-1.0000,-1.0000,-1.0000,-1.0000,-1.0000,-1.0000
18.730,-0.8640674009050878,1.474898484342396e-13,1.4881300788335498e-45,2,10.6091,-1.34577,-1.45195,5235.99,0.0,-1.0000,-1.0000,-1.0000,-1.0000,-1.0000,-1.0000,-1.0000,-1.0000,-1.0000,-1.0000,-1.0000,-1.0000,-1.0000,-1.0000,-1.0000,-1.0000,-1.0000,-1.0000,-1.0000
18.840,-0.8840398299590062,4.8329473534931636e-14,2.501100223495547e-46,2,-1.57748,-1.32171,-1.70972,5235.99,0.0,-1.0000,-1.0000,-1.0000,-1.0000,-1.0000,-1.0000,-1.0000,-1.0000,-1.0000,-1.0000,-1.0000,-1.0000,-1.0000,-1.0000,-1.0000,-1.0000,-1.0000,-1.0000,-1.0000
18.951,-0.8950973066009585,1.58366018879264e-14,4.203599145628966e-47,2,-13.6247,-1.29534,-1.98817,5235.99,0.0,-1.0000,-1.0000,-1.0000,-1.0000,-1.0000,-1.0000,-1.0000,-1.0000,-1.0000,-1.0000,-1.0000,-1.0000,-1.0000,-1.0000,-1.0000,-1.0000,-1.0000,-1.0000,-1.0000
19.060,-0.8920110670398517,5.189337706635723e-15,7.064989084058603e-48,2,-23.5655,-1.27358,-2.29121,5235.99,0.0,-1.0000,-1.0000,-1.0000,-1.0000,-1.0000,-1.0000,-1.0000,-1.0000,-1.0000,-1.0000,-1.0000,-1.0000,-1.0000,-1.0000,-1.0000,-1.0000,-1.0000,-1.0000,-1.0000
19.171,-0.8666110671127504,1.7004421797103937e-15,1.1874127153577296e-48,2,-30.485,-1.26368,-2.63072,5235.99,0.0,-1.0000,-1.0000,-1.0000,-1.0000,-1.0000,-1.0000,-1.0000,-1.0000,-1.0000,-1.0000,-1.0000,-1.0000,-1.0000,-1.0000,-1.0000,-1.0000,-1.0000,-1.0000,-1.0000
19.282,-0.8131631319521408,5.572008934475018e-16,1.9956845507017363e-49,2,-32.2777,-1.27166,-2.92128,5235.99,0.0,-1.0000,-1.0000,-1.0000,-1.0000,-1.0000,-1.0000,-1.0000,-1.0000,-1.0000,-1.0000,-1.0000,-1.0000,-1.0000,-1.0000,-1.0000,-1.0000,-1.0000,-1.0000,-1.0000
19.391,-0.753233978948471,1.8258358876487742e-16,3.3541470243644087e-50,2,-32.2403,-1.29306,-3.07506,5235.99,0.0,-1.0000,-1.0000,-1.0000,-1.0000,-1.0000,-1.0000,-1.0000,-1.0000,-1.0000,-1.0000,-1.0000,-1.0000,-1.0000,-1.0000,-1.0000,-1.0000,-1.0000,-1.0000,-1.0000
19.502,-0.7107940432362166,5.982899036647503e-17,5.637314903849262e-51,2,-31.7396,-1.31886,3.1345,5235.99,0.0,-1.0000,-1.0000,-1.0000,-1.0000,-1.0000,-1.0000,-1.0000,-1.0000,-1.0000,-1.0000,-1.0000,-1.0000,-1.0000,-1.0000,-1.0000,-1.0000,-1.0000,-1.0000,-1.0000
19.613,-1.0,1.9604763563286543e-17,9.474635158899454e-52,2,-30.8976,-1.33962,3.04423,5235.99,0.0,-1.0000,-1.0000,-1.0000,-1.0000,-1.0000,-1.0000,-1.0000,-1.0000,-1.0000,-1.0000,-1.0000,-1.0000,-1.0000,-1.0000,-1.0000,-1.0000,-1.0000,-1.0000,-1.0000
19.721,-1.0,0.35902197265625,0.02179025573730469,-1,-29.8196,-1.34976,2.93971,5235.99,0.0,-1.0000,-1.0000,-1.0000,-1.0000,-1.0000,-1.0000,-1.0000,-1.0000,-1.0000,-1.0000,-1.0000,-1.0000,-1.0000,-1.0000,-1.0000,-1.0000,-1.0000,-1.0000,-1.0000
19.831,-1.0,0.670989915703125,0.0036622882817688,-1,-30.4332,-1.34472,2.83551,5235.99,0.0,-1.0000,-1.0000,-1.0000,-1.0000,-1.0000,-1.0000,-1.0000,-1.0000,-1.0000,-1.0000,-1.0000,-1.0000,-1.0000,-1.0000,-1.0000,-1.0000,-1.0000,-1.0000,-1.0000
19.944,-1.0,0.773034868155725,0.0006155207915168822,-1,-31.0984,-1.32385,2.74398,5235.99,0.0,-1.0000,-1.0000,-1.0000,-1.0000,-1.0000,-1.0000,-1.0000,-1.0000,-1.0000,-1.0000,-1.0000,-1.0000,-1.0000,-1.0000,-1.0000,-1.0000,-1.0000,-1.0000,-1.0000
20.053,-1.0,0.806653661300393,0.00010345057943024243,-1,-32.2646,-1.28961,2.65346,5235.99,0.0,-1.0000,-1.0000,-1.0000,-1.0000,-1.0000,-1.0000,-1.0000,-1.0000,-1.0000,-1.0000,-1.0000,-1.0000,-1.0000,-1.0000,-1.0000,-1.0000,-1.0000,-1.0000,-1.0000
20.163,-1.0,0.8170424260317878,1.7386938884840844e-05,-1,-33.5735,-1.23658,2.55361,5235.99,0.0,-1.0000,-1.0000,-1.0000,-1.0000,-1.0000,-1.0000,-1.0000,-1.0000,-1.0000,-1.0000,-1.0000,-1.0000,-1.0000,-1.0000,-1.0000,-1.0000,-1.0000,-1.0000,-1.0000
20.270,-1.0,0.8209937453652212,2.922222818375201e-06,-1,-35.3428,-1.16936,2.46187,5235.99,0.0,-1.0000,-1.0000,-1.0000,-1.0000,-1.0000,-1.0000,-1.0000,-1.0000,-1.0000,-1.0000,-1.0000,-1.0000,-1.0000,-1.0000,-1.0000,-1.0000,-1.0000,-1.0000,-1.0000
20.380,-1.0,0.8215845244265882,4.9113798908432e-07,-1,-37.2419,-1.0862,2.38041,5235.99,0.0,-1.0000,-1.0000,-1.0000,-1.0000,-1.0000,-1.0000,-1.0000,-1.0000,-1.0000,-1.0000,-1.0000,-1.0000,-1.0000,-1.0000,-1.0000,-1.0000,-1.0000,-1.0000,-1.0000
20.491,-1.0,0.8274338677453544,8.254556182540168e-08,-1,-39.066,-0.981338,2.28785,5235.99,0.0,0.1122,0.1208,0.1281,0.1352,0.1404,0.1432,0.1449,0.1463,0.1474,0.1486,0.1497,0.1509,0.1526,0.1546,0.1586,0.1676,0.1864,0.2245,1.6396
20.604,-1.0,0.8297521430640478,1.3873432575995262e-08,-1,-40.1471,-0.855876,2.15834,5235.99,0.0,0.8820,0.8939,0.9305,0.9676,0.9952,1.0106,1.0193,1.0272,1.0330,1.0390,1.0451,1.0514,1.0604,1.0711,1.0924,1.1400,1.2373,1.4258,4.3993
20.710,-1.0,0.8308330455204772,2.3317078130475236e-09,-1,-42.3011,-0.705319,2.07008,5235.99,0.0,1.8430,1.7932,1.8451,1.9017,1.9447,1.9690,1.9827,1.9952,2.0045,2.0139,2.0236,2.0336,2.0480,2.0650,2.0989,2.1747,2.3289,2.6224,6.2647
20.822,-1.0,0.8304029338795875,3.9189013213889735e-10,-1,-44.0817,-0.532488,1.97209,5235.99,0.0,3.0255,2.8119,2.8575,2.9180,2.9666,2.9946,3.0106,3.0252,3.0360,3.0471,3.0586,3.0703,3.0874,3.1076,3.1480,3.2388,3.4240,3.7741,7.4855
20.931,-1.0,0.8289757400142882,6.586497450858449e-11,-1,-45.7547,-0.337938,1.86661,5235.99,0.0,4.5011,3.9749,3.9872,4.0330,4.0760,4.1021,4.1173,4.1314,4.1419,4.1528,4.1640,4.1756,4.1925,4.2128,4.2535,4.3466,4.5396,4.9070,8.4472
21.043,-1.0,0.6352724374800695,1.1069926265657794e-11,-1,-47.1807,-0.122697,1.75308,5235.99,0.0,6.3914,5.3231,5.2658,5.2733,5.2973,5.3148,5.3257,5.3361,5.3441,5.3525,5.3613,5.3706,5.3843,5.4011,5.4356,5.5176,5.6952,6.0446,9.2802
21.153,-1.0,0.24904513481346918,1.8605225074691054e-12,-1,-47.6873,0.109919,1.62212,5235.99,0.0,8.9696,6.9299,6.7436,6.6763,6.6607,6.6597,6.6611,6.6633,6.6656,6.6683,6.6715,6.6753,6.6814,6.6897,6.7087,6.7610,6.8925,7.1795,9.9411
21.260,-0.8,0.5941188187600526,3.126980178303326e-13,1,-46.4148,0.351509,1.48047,5235.99,0.0,12.6616,8.8886,8.4876,8.2957,8.2142,8.1824,8.1678,8.1564,8.1490,8.1423,8.1361,8.1306,8.1240,8.1179,8.1108,8.1132,8.1669,8.3510,10.5586
21.372,-0.26214400000000004,0.846040327187544,5.2555155856744e-14,1,-42.4754,0.584748,1.38157,5235.99,0.0,16.9348,10.9621,10.3176,9.9889,9.8367,9.7722,9.7409,9.7153,9.6979,9.6813,9.6655,9.6505,9.6308,9.6102,9.5767,9.5299,9.5104,9.6057,11.4907
21.483,-0.08589934592000002,0.9289754670690643,8.832945044842964e-15,1,-38.1051,0.795755,1.34606,5235.99,0.0,20.2625,12.6880,11.8765,11.4571,11.2594,11.1745,11.1329,11.0984,11.0750,11.0525,11.0309,11.0102,10.9828,10.9537,10.9051,10.8314,10.7758,10.8364,12.7223
21.595,-0.028147497671065603,0.9576951595648159,1.484553073686757e-15,1,-33.4691,0.977941,1.36929,5235.99,0.0,21.5275,13.7799,12.9454,12.5177,12.3183,12.2334,12.1920,12.1579,12.1348,12.1127,12.0916,12.0715,12.0450,12.0171,11.9713,11.9051,11.8680,11.9688,14.2243
21.702,-0.009223372036854777,0.9673032959799489,2.4950883509453334e-16,1,-29.5733,1.13693,1.39352,5235.99,0.0,-1.0000,-1.0000,-1.0000,-1.0000,-1.0000,-1.0000,-1.0000,-1.0000,-1.0000,-1.0000,-1.0000,-1.0000,-1.0000,-1.0000,-1.0000,-1.0000,-1.0000,-1.0000,-1.0000
21.814,-0.0030223145490365735,0.9709335651204596,4.193494991433823e-17,1,-25.4482,1.27565,1.40709,5235.99,0.0,-1.0000,-1.0000,-1.0000,-1.0000,-1.0000,-1.0000,-1.0000,-1.0000,-1.0000,-1.0000,-1.0000,-1.0000,-1.0000,-1.0000,-1.0000,-1.0000,-1.0000,-1.0000,-1.0000
21.923,-0.0009903520314283045,0.8364828485092971,7.048007032102826e-18,1,-20.9533,1.39254,1.41507,5263.74,0.0,-1.0000,-1.0000,-1.0000,-1.0000,-1.0000,-1.0000,-1.0000,-1.0000,-1.0000,-1.0000,-1.0000,-1.0000,-1.0000,-1.0000,-1.0000,-1.0000,-1.0000,-1.0000,-1.0000
22.032,-0.04151685786856077,0.27409869979952645,1.1845585418855222e-18,1,-16.4689,1.48677,1.41784,5235.99,0.0,-1.0000,-1.0000,-1.0000,-1.0000,-1.0000,-1.0000,-1.0000,-1.0000,-1.0000,-1.0000,-1.0000,-1.0000,-1.0000,-1.0000,-1.0000,-1.0000,-1.0000,-1.0000,-1.0000
22.145,0.060315834329110446,0.08981666195030882,1.9908875413469971e-19,1,-13.6737,1.56045,1.42282,5235.99,0.0,-1.0000,-1.0000,-1.0000,-1.0000,-1.0000,-1.0000,-1.0000,-1.0000,-1.0000,-1.0000,-1.0000,-1.0000,-1.0000,-1.0000,-1.0000,-1.0000,-1.0000,-1.0000,-1.0000
22.250,0.16094809761588863,0.3347155007410022,3.346084690741898e-20,1,-12.2187,1.62606,1.42745,5235.99,0.0,-1.0000,-1.0000,-1.0000,-1.0000,-1.0000,-1.0000,-1.0000,-1.0000,-1.0000,-1.0000,-1.0000,-1.0000,-1.0000,-1.0000,-1.0000,-1.0000,-1.0000,-1.0000,-1.0000
22.364,0.3102789374726611,0.18735782528281159,5.62376453972991e-21,1,-10.3842,1.68216,1.43747,5235.99,0.0,-1.0000,-1.0000,-1.0000,-1.0000,-1.0000,-1.0000,-1.0000,-1.0000,-1.0000,-1.0000,-1.0000,-1.0000,-1.0000,-1.0000,-1.0000,-1.0000,-1.0000,-1.0000,-1.0000
22.471,0.09339328723282579,0.06139341218867169,9.451861061924062e-22,1,-9.52286,1.73192,1.44469,5235.99,0.0,-1.0000,-1.0000,-1.0000,-1.0000,-1.0000,-1.0000,-1.0000,-1.0000,-1.0000,-1.0000,-1.0000,-1.0000,-1.0000,-1.0000,-1.0000,-1.0000,-1.0000,-1.0000,-1.0000
22.581,0.20075378521871134,0.13211568432160894,1.5885742886775768e-22,1,-8.85652,1.7785,1.44704,5235.99,0.0,-1.0000,-1.0000,-1.0000,-1.0000,-1.0000,-1.0000,-1.0000,-1.0000,-1.0000,-1.0000,-1.0000,-1.0000,-1.0000,-1.0000,-1.0000,-1.0000,-1.0000,-1.0000,-1.0000
22.693,0.5626454718847897,0.3697589682197548,2.669916806980404e-23,1,-7.0143,1.81868,1.4586,5235.99,0.0,-1.0000,-1.0000,-1.0000,-1.0000,-1.0000,-1.0000,-1.0000,-1.0000,-1.0000,-1.0000,-1.0000,-1.0000,-1.0000,-1.0000,-1.0000,-1.0000,-1.0000,-1.0000,-1.0000
22.803,0.38628260009223964,0.4551034995656243,4.4873291774919655e-24,1,-4.51205,1.84745,1.46915,5235.99,0.0,-1.0000,-1.0000,-1.0000,-1.0000,-1.0000,-1.0000,-1.0000,-1.0000,-1.0000,-1.0000,-1.0000,-1.0000,-1.0000,-1.0000,-1.0000,-1.0000,-1.0000,-1.0000,-1.0000
22.914,-0.07912009603453662,0.4859152698157887,7.541854148610748e-25,1,-1.78153,1.86319,1.47043,5235.99,0.0,-1.0000,-1.0000,-1.0000,-1.0000,-1.0000,-1.0000,-1.0000,-1.0000,-1.0000,-1.0000,-1.0000,-1.0000,-1.0000,-1.0000,-1.0000,-1.0000,-1.0000,-1.0000,-1.0000
23.024,0.11443448486312281,0.5020817898319876,1.2675594267570083e-25,1,0.818011,1.86511,1.4701,5235.99,0.0,-1.0000,-1.0000,-1.0000,-1.0000,-1.0000,-1.0000,-1.0000,-1.0000,-1.0000,-1.0000,-1.0000,-1.0000,-1.0000,-1.0000,-1.0000,-1.0000,-1.0000,-1.0000,-1.0000
23.141,0.25855684713294147,0.5135110944858957,2.1303871285505043e-26,1,3.01544,1.85532,1.46851,5235.99,0.0,-1.0000,-1.0000,-1.0000,-1.0000,-1.0000,-1.0000,-1.0000,-1.0000,-1.0000,-1.0000,-1.0000,-1.0000,-1.0000,-1.0000,-1.0000,-1.0000,-1.0000,-1.0000,-1.0000
23.269,-0.14992987499578073,0.5235604632904106,2.5063791528683832e-27,1,5.75027,1.82859,1.46887,5235.99,0.0,-1.0000,-1.0000,-1.0000,-1.0000,-1.0000,-1.0000,-1.0000,-1.0000,-1.0000,-1.0000,-1.0000,-1.0000,-1.0000,-1.0000,-1.0000,-1.0000,-1.0000,-1.0000,-1.0000
23.375,0.28804393897704944,0.5300120465172516,4.2124714422258915e-28,1,7.98541,1.79368,1.46699,5235.99,0.0,-1.0000,-1.0000,-1.0000,-1.0000,-1.0000,-1.0000,-1.0000,-1.0000,-1.0000,-1.0000,-1.0000,-1.0000,-1.0000,-1.0000,-1.0000,-1.0000,-1.0000,-1.0000,-1.0000
23.484,0.38623544812050536,0.533264530996523,7.079900752949057e-29,1,10.2687,1.74773,1.45362,5235.99,0.0,-1.0000,-1.0000,-1.0000,-1.0000,-1.0000,-1.0000,-1.0000,-1.0000,-1.0000,-1.0000,-1.0000,-1.0000,-1.0000,-1.0000,-1.0000,-1.0000,-1.0000,-1.0000,-1.0000
23.596,0.20793782890731666,0.5309421215169406,1.1899189195481482e-29,1,12.5868,1.69008,1.44543,5235.99,0.0,-1.0000,-1.0000,-1.0000,-1.0000,-1.0000,-1.0000,-1.0000,-1.0000,-1.0000,-1.0000,-1.0000,-1.0000,-1.0000,-1.0000,-1.0000,-1.0000,-1.0000,-1.0000,-1.0000
23.706,0.41392622184642475,0.5238760811755461,1.999896728084573e-30,1,14.7923,1.62135,1.42873,5235.99,0.0,-1.0000,-1.0000,-1.0000,-1.0000,-1.0000,-1.0000,-1.0000,-1.0000,-1.0000,-1.0000,-1.0000,-1.0000,-1.0000,-1.0000,-1.0000,-1.0000,-1.0000,-1.0000,-1.0000
23.814,0.15467156952894895,0.513355253342103,3.361226430891742e-31,1,17.0408,1.54152,1.41637,5235.99,0.0,-1.0000,-1.0000,-1.0000,-1.0000,-1.0000,-1.0000,-1.0000,-1.0000,-1.0000,-1.0000,-1.0000,-1.0000,-1.0000,-1.0000,-1.0000,-1.0000,-1.0000,-1.0000,-1.0000
23.924,0.49920646683592756,0.5107751634776403,5.649213262399752e-32,1,19.0896,1.45124,1.3956,5235.99,0.0,-1.0000,-1.0000,-1.0000,-1.0000,-1.0000,-1.0000,-1.0000,-1.0000,-1.0000,-1.0000,-1.0000,-1.0000,-1.0000,-1.0000,-1.0000,-1.0000,-1.0000,-1.0000,-1.0000
24.036,0.6396026573661365,0.5076106961933531,9.494632730115266e-33,1,21.1729,1.35225,1.35446,5235.99,0.0,-1.0000,-1.0000,-1.0000,-1.0000,-1.0000,-1.0000,-1.0000,-1.0000,-1.0000,-1.0000,-1.0000,-1.0000,-1.0000,-1.0000,-1.0000,-1.0000,-1.0000,-1.0000,-1.0000
24.143,0.6920904003354622,0.4435490311317629,1.595762922950473e-33,1,23.2096,1.24486,1.30169,5235.99,0.0,-1.0000,-1.0000,-1.0000,-1.0000,-1.0000,-1.0000,-1.0000,-1.0000,-1.0000,-1.0000,-1.0000,-1.0000,-1.0000,-1.0000,-1.0000,-1.0000,-1.0000,-1.0000,-1.0000
24.252,0.6933683435613187,0.2060297851931311,2.6819987446028606e-34,1,24.4229,1.13184,1.24382,5235.99,0.0,-1.0000,-1.0000,-1.0000,-1.0000,-1.0000,-1.0000,-1.0000,-1.0000,-1.0000,-1.0000,-1.0000,-1.0000,-1.0000,-1.0000,-1.0000,-1.0000,-1.0000,-1.0000,-1.0000
24.363,0.6149041989847667,0.06751184001208518,4.507635290054029e-35,1,24.6784,1.01838,1.18918,5235.99,0.0,-1.0000,-1.0000,-1.0000,-1.0000,-1.0000,-1.0000,-1.0000,-1.0000,-1.0000,-1.0000,-1.0000,-1.0000,-1.0000,-1.0000,-1.0000,-1.0000,-1.0000,-1.0000,-1.0000
24.475,0.5896791190720274,0.02212227973516007,7.575982631993805e-36,1,24.6256,0.907344,1.13583,5235.99,0.0,33.3352,15.8882,14.3148,13.4831,13.0747,12.8927,12.8012,12.7242,12.6710,12.6191,12.5686,12.5195,12.4529,12.3800,12.2518,12.0277,11.7414,11.5055,12.1846
24.584,0.6085793332978471,0.007249028623617251,1.273295400959199e-36,1,24.5089,0.800111,1.08302,5235.99,0.0,36.8676,15.8212,14.0884,13.1767,12.7286,12.5284,12.4276,12.3427,12.2839,12.2265,12.1706,12.1162,12.0423,11.9611,11.8180,11.5650,11.2330,10.9337,11.2973
24.694,0.8061883517794759,0.002375361699386901,2.1400275803921255e-37,1,24.2289,0.698542,1.01936,5235.99,0.0,47.0693,16.0544,14.0719,13.0394,12.5331,12.3067,12.1926,12.0965,12.0298,11.9648,11.9014,11.8395,11.7555,11.6630,11.4994,11.2082,10.8178,10.4426,10.4767
24.808,0.8935907458950986,0.0007783585216550998,3.596744354365046e-38,1,23.9939,0.604641,0.944538,5235.99,0.0,117.2410,16.7364,14.3558,13.1392,12.5466,12.2822,12.1490,12.0367,11.9589,11.8829,11.8088,11.7365,11.6383,11.5301,11.3384,10.9955,10.5294,10.0614,9.7511
24.919,0.9388487145909059,0.00025505252037594315,6.045048236381335e-39,1,23.7899,0.518718,0.865207,5235.99,0.0,86.2407,17.9153,14.9439,13.4693,12.7598,12.4448,12.2864,12.1530,12.0606,11.9705,11.8826,11.7969,11.6805,11.5522,11.3251,10.9184,10.3617,9.7889,9.1414
25.024,0.970862765869148,8.357560987678906e-05,1.0159912570886112e-39,1,23.6028,0.441233,0.783369,5235.99,0.0,60.8570,19.8087,15.9271,14.0823,13.2117,12.8282,12.6361,12.4747,12.3630,12.2542,12.1482,12.0449,11.9048,11.7507,11.4782,10.9912,10.3245,9.6307,8.6474
25.134,0.9989029118240024,2.7386055844426236e-05,1.707576505788829e-40,1,23.4267,0.372729,0.699667,5235.99,0.0,40.0753,22.8915,17.4934,15.0870,13.9830,13.5027,13.2634,13.0630,12.9246,12.7901,12.6594,12.5322,12.3600,12.1710,11.8379,11.2457,10.4396,9.6000,8.2667
25.247,1.0,8.97386277910159e-06,2.8699238332792855e-41,1,23.2807,0.313464,0.615355,5235.99,0.0,24.3416,28.1507,19.9584,16.6461,15.1880,14.5649,14.2569,14.0001,13.8235,13.6523,13.4864,13.3254,13.1080,12.8704,12.4538,11.7193,10.7308,9.7096,7.9961
25.352,1.0,2.940555355456009e-06,4.823480986592496e-42,1,23.146,0.263523,0.531526,5235.99,0.0,17.5943,40.4560,23.9495,19.0473,17.0178,16.1725,15.7595,15.4173,15.1833,14.9574,14.7392,14.5283,14.2449,13.9367,13.4002,12.4664,11.2313,9.9767,7.8322
25.464,1.0,9.63561178875825e-07,8.10682449416601e-43,1,23.0201,0.223054,0.448159,5235.99,0.0,14.0886,102.3330,31.0532,22.9148,19.8664,18.6449,18.0578,17.5763,17.2493,16.9356,16.6343,16.3448,15.9580,15.5405,14.8213,13.5917,12.0061,10.4368,7.7763
25.578,1.0,3.157397270940303e-07,1.3625139927344814e-43,1,22.9021,0.192191,0.365218,5235.99,0.0,11.8817,74.3029,117.7010,29.7252,24.5705,22.6315,21.7232,20.9895,20.4968,20.0283,19.5821,19.1568,18.5939,17.9928,16.9732,15.2740,13.1601,11.1456,7.8346
25.685,0.7950153781663242,1.0346159377417183e-07,2.2899772675888434e-44,1,22.9411,0.169171,0.29132,5235.99,0.0,10.5119,54.7165,89.2087,122.8420,32.2230,28.6139,27.1192,25.9378,25.1573,24.4241,23.7343,23.0841,22.2342,21.3401,19.8538,17.4586,14.6118,12.0240,7.9680
25.795,0.7517672052389766,0.0037646823397950477,3.84876479363657e-45,1,22.8838,0.151521,0.228862,5235.99,0.0,9.6373,41.5008,69.6785,97.3017,117.7580,43.5484,36.8725,33.7183,32.0245,30.6104,29.3984,28.3378,27.0245,25.6716,23.4802,20.0923,16.2797,12.9972,8.1371
25.904,0.9866160422649548,0.04242338259347904,6.468618988664984e-46,1,22.7397,0.143112,0.156713,5235.99,0.0,8.7425,29.3877,51.4591,73.3558,89.6392,98.8203,104.0270,108.7700,112.2690,115.8610,119.5520,123.3420,43.4263,36.5820,30.8241,24.9148,19.1569,14.6194,8.4800
26.013,1.0,0.16054940924260622,1.0871807934249242e-46,1,22.988,0.145959,0.0777408,5235.99,0.0,7.8828,20.4029,35.8693,52.6486,65.2421,72.3677,76.4147,80.1043,82.8273,85.6252,88.5006,91.4544,95.7274,100.8140,110.9630,37.4911,24.2746,17.2751,9.0484
26.126,0.5824717681289453,0.48550424838936723,1.8272247595092702e-47,1,24.6839,0.156372,0.00880116,5235.99,0.0,7.2223,15.9559,25.3984,38.3655,48.2760,53.9203,57.1348,60.0701,62.2389,64.4692,66.7631,69.1223,72.5371,76.6059,84.7367,103.1510,33.3021,20.7808,9.7269
26.232,0.19086434898049282,0.6966818289872279,3.0710166533072305e-48,1,27.8372,0.165001,-0.0213984,5235.99,0.0,6.9383,14.4913,21.8974,32.9021,41.6382,46.6504,49.5137,52.1328,54.0706,56.0653,58.1193,60.2328,63.2961,66.9502,74.2643,90.8727,125.4600,22.8983,10.1039
26.343,-0.013592334451316267,0.7724641157850347,5.1614576892134625e-49,1,31.4798,0.171873,-0.0316308,5270.06,0.0,6.8148,13.9844,20.8123,30.9315,39.1186,43.8477,46.5571,49.0391,50.8779,52.7731,54.7255,56.7375,59.6555,63.1406,70.1276,86.0364,119.2830,23.7942,10.2737
26.454,-0.10433153370370732,0.80026299849169,8.674861938261067e-50,1,35.5327,0.174169,-0.0152658,6460.48,0.0,6.9028,14.5750,22.2377,32.8682,41.3187,46.2125,49.0196,51.5933,53.5011,55.4682,57.4959,59.5859,62.6193,66.2441,73.5176,90.1037,124.8380,22.6457,10.1188
26.562,-0.034187356964030816,0.854934923486382,1.4579840459635378e-50,1,40.1996,0.174897,-0.00578434,11254.9,0.0,6.9611,14.9551,23.1359,33.7506,42.2364,47.1689,50.0030,52.6048,54.5350,56.5263,58.5806,60.6988,63.7758,67.4558,74.8495,91.7438,127.2250,22.0229,10.0275
26.675,-0.011202513129973616,0.9134221890092675,2.450433786050918e-51,2,45.2351,0.175683,-0.00120813,12010.4,0.0,6.9861,15.1385,23.4485,33.7928,42.1314,47.0015,49.8064,52.3845,54.2992,56.2766,58.3177,60.4250,63.4879,67.1559,74.5363,91.4455,127.0910,21.7519,9.9881
26.782,-0.003670839502429755,0.9443420344570567,4.118444064215779e-52,2,49.9204,0.176108,0.000956233,6958.22,0.0,6.9977,15.2261,23.4372,33.3818,41.4702,46.2190,48.9614,51.4865,53.3640,55.3052,57.3109,59.3834,62.3996,66.0158,73.3068,90.0660,125.5490,21.6838,9.9701
26.893,-0.001202860688156182,0.9580231599602633,6.921868938727461e-53,2,54.6103,0.176036,0.00139159,8325.84,0.0,7.0013,15.2467,23.1882,32.6435,40.4032,44.9853,47.6397,50.0881,51.9112,53.7984,55.7508,57.7702,60.7131,64.2470,71.3878,87.8655,122.9370,21.8113,9.9651
27.003,-0.0003941533902950177,0.962506191165154,1.1633585125319246e-53,2,59.4969,0.17577,0.000924762,11819.5,0.0,7.0003,15.2309,22.7777,31.6983,39.0816,43.4682,46.0170,48.3731,50.1303,51.9517,53.8383,55.7925,58.6444,62.0752,69.0249,85.1347,119.6370,22.1324,9.9675
27.114,-0.0001291561829318714,0.9639751908303726,1.955256652012406e-54,2,64.6094,0.175472,-0.000556294,15381.4,0.0,6.9925,15.1517,22.2011,30.5407,37.4991,41.6591,44.0844,46.3314,48.0102,49.7530,51.5608,53.4359,56.1769,59.4812,66.1954,81.8404,115.5940,22.7344,9.9798
27.222,-4.232189802311563e-05,0.9644565526406714,3.2861998550372514e-55,3,69.5823,0.17541,-0.00291092,7408.74,0.0,6.9766,14.9441,21.4728,29.1987,35.6930,39.5995,41.8854,44.0080,45.5972,47.2497,48.9664,50.7500,53.3619,56.5182,62.9535,78.0420,110.8810,23.7287,10.0028
27.332,-1.386803954421453e-05,0.9663083770755452,5.52311609636111e-56,3,73.7971,0.176162,-0.00430233,7192.12,0.0,6.9606,14.6644,20.7151,27.8716,33.9251,37.5881,39.7389,41.7411,43.2432,44.8073,46.4354,48.1294,50.6158,53.6273,59.7912,74.3403,106.3180,25.0891,10.0233
27.442,-0.008503214366453706,0.9683849016563646,9.282701223154116e-57,2,77.2756,0.177683,-0.0046261,9580.12,0.0,6.9455,14.3141,19.9268,26.5589,32.1999,35.6325,37.6548,39.5421,40.9608,42.4406,43.9837,45.5919,47.9572,50.8298,56.7330,70.7697,101.9580,26.9426,10.0417
27.553,-0.13175806808879956,0.9710907180903824,1.560143594575512e-57,2,79.5341,0.17416,0.0291259,12025.0,0.0,7.2137,15.1237,21.2407,28.5465,34.8010,38.6174,40.8685,42.9702,44.5509,46.2002,47.9205,49.7137,52.3515,55.5560,62.1410,77.7976,112.5530,24.2687,9.7274
27.665,-0.043174483751337846,0.9731157897069814,2.622133339403063e-58,2,84.6859,0.161074,0.0862338,15253.1,0.0,7.6986,16.9780,24.4820,33.6098,41.4653,46.2559,49.0780,51.7100,53.6870,55.7478,57.8951,60.1307,63.4149,67.3964,75.5534,94.8281,142.4620,20.3272,9.2193
27.775,-0.014147414835638385,0.9737793651743087,4.407019503534727e-59,3,89.4567,0.136977,0.152887,13816.4,0.0,8.4216,20.2848,30.5441,43.2381,54.1254,60.7170,64.5808,68.1723,70.8617,73.6583,76.5646,79.5839,84.0049,89.3440,100.2220,128.0380,26.3884,16.7556,8.6147
27.882,-0.004635824893341986,0.9739968055834426,7.406877679590818e-60,3,92.9675,0.0982335,0.210862,10908.4,0.0,9.4916,25.6661,40.6320,59.1329,74.7167,84.0222,89.4367,94.4447,98.1821,102.0560,106.1090,110.4940,117.2980,126.2010,145.4090,28.7875,19.2104,13.9307,7.9498
27.993,-0.006701893153296399,0.9740680564567075,1.244873931608829e-60,3,96.5388,0.0394262,0.28403,11988.8,0.0,11.2508,35.7474,59.5665,88.0803,112.0280,128.9840,139.9100,146.2550,149.6840,39.5470,34.9928,31.9880,28.9445,26.3671,22.9119,18.5791,14.5122,11.3996,7.1682
28.105,0.3936195495795278,0.7709886207397338,2.092259616854959e-61,3,99.8058,-0.039285,0.353229,12555.8,0.0,13.6473,50.9994,87.3569,135.9420,31.1509,25.4956,23.4945,22.0575,21.1638,20.3583,19.6272,18.9595,18.1140,17.2545,15.8842,13.7979,11.4623,9.4326,6.3787
28.212,0.2145830802652197,0.252637551243996,3.5164607380481292e-62,3,103.312,-0.135745,0.340833,9823.4,0.0,14.5711,52.4046,89.0717,138.2250,27.8113,23.0756,21.3291,20.0585,19.2627,18.5423,17.8859,17.2841,16.5203,15.7416,14.4950,12.5892,10.4475,8.5820,5.7688
28.324,0.0703145837413072,0.08278427279163261,5.910115562437492e-63,3,103.852,-0.259575,0.285903,9477.93,0.0,14.7340,46.0060,75.7002,113.5360,142.3180,27.0993,23.9136,21.8772,20.6858,19.6534,18.7452,17.9369,16.9403,15.9550,14.4339,12.2210,9.8678,7.9126,5.0841
28.440,0.08172866350796873,0.027126750508362173,9.933131225788695e-64,3,103.254,-0.391022,0.242241,9391.05,0.0,15.2196,42.8195,68.0948,99.2406,130.8530,33.1645,25.9253,22.7082,21.0340,19.6672,18.5179,17.5290,16.3489,15.2183,13.5332,11.1921,8.8203,6.9273,4.2868
28.548,0.01796639564029899,0.4205230830597051,1.6694613651183062e-64,3,103.442,-0.506317,0.202538,9651.98,0.0,15.5942,40.3884,62.2556,88.9112,115.7560,130.6200,35.1536,24.7742,21.9633,19.9698,18.4271,17.1735,15.7472,14.4384,12.5755,10.1239,7.7712,5.9735,3.5620
28.655,-0.009941603229000893,0.7717728358882542,2.8058637163543376e-65,3,106.338,-0.609016,0.182642,10223.3,0.0,16.2276,40.4401,61.3519,86.9191,112.9420,127.3090,28.3963,21.1337,18.7232,16.9912,15.6442,14.5478,13.3000,12.1572,10.5341,8.4123,6.3963,4.8731,2.8570
28.764,0.10312888010973349,0.8905612162232381,4.7158151480767353e-66,3,110.395,-0.702479,0.149246,10846.5,0.0,16.4788,38.7575,57.3834,80.0361,102.0060,117.8970,123.9430,24.4337,19.1020,16.5329,14.7927,13.4808,12.0725,10.8436,9.1804,7.1227,5.2707,3.9302,2.2252
28.876,0.03379327143435747,0.9316617594882806,7.92587051937257e-67,3,114.877,-0.77817,0.10028,11396.9,0.0,16.2822,35.5027,50.8226,69.3180,85.7532,97.2562,104.7830,112.3850,116.8440,120.2730,123.1770,17.3346,13.7321,11.4822,9.0179,6.4881,4.5211,3.2323,1.7228
28.983,0.011073379183610257,0.9457033179272447,1.332101058190948e-67,3,119.569,-0.834727,0.0669619,11825.8,0.0,16.2275,33.8093,47.4074,63.7114,77.9448,87.5995,93.8250,100.0630,105.0620,110.3000,114.2370,117.4070,16.9424,11.9281,8.4916,5.6669,3.7484,2.5907,1.3197
29.094,0.03834530025554361,0.9507863307965245,2.2388622485015266e-68,3,124.3,-0.873253,0.0392939,12230.3,0.0,16.1274,32.4680,44.8240,59.5508,72.3441,80.8790,86.3373,91.7697,96.0976,100.8630,105.9790,109.9430,114.2440,15.0558,8.4111,5.0836,3.1767,2.1228,1.0372
29.202,0.012564987987736531,0.9533253308910301,3.762855781056516e-69,3,128.998,-0.893071,0.00852269,12639.2,0.0,15.8401,30.7630,41.7718,54.7850,66.0207,73.3416,77.9760,82.5528,86.1741,90.1350,94.4845,99.2827,105.3580,110.2280,11.9922,5.3899,3.0553,1.9448,0.9009
29.312,0.004117295263821506,0.9546391854419978,6.324231711221687e-70,3,133.696,-0.894859,-0.014418,13046.0,0.0,15.5410,29.4580,39.5691,51.4635,61.7359,68.4042,72.6076,76.7465,80.0111,83.5736,87.4749,91.7646,98.3361,103.8600,111.2250,6.6988,3.3711,2.0475,0.9065
29.426,0.0013491553120490312,0.9555515843012587,1.0629136237050291e-70,3,138.388,-0.880455,-0.0333217,13460.2,0.0,15.1830,28.2555,37.6547,48.6816,58.2318,64.4626,68.3849,72.2422,75.2822,78.5963,82.2216,86.2043,92.4876,98.3996,105.9290,10.3491,4.2913,2.4781,1.0516
29.532,0.0004420912126522266,0.9563098462688364,1.7864389273610425e-71,3,143.059,-0.851395,-0.050566,13872.7,0.0,14.7444,27.0088,35.7544,45.9952,54.9073,60.7625,64.4466,68.0682,70.9217,74.0312,77.4315,81.1656,87.0549,93.1654,100.7510,111.3740,6.0471,3.2807,1.3326
29.645,0.02494620387681188,0.9570401885503723,3.002467905215704e-72,3,147.709,-0.807414,-0.0727561,14293.9,0.0,14.1455,25.3714,33.2698,42.4683,50.4700,55.7132,58.9990,62.2194,64.7504,67.5011,70.5017,73.7871,78.9474,85.5760,93.9965,105.0390,9.6278,4.6524,1.7721
29.755,0.008174372086353719,0.958267350859186,5.046247808296034e-73,3,152.349,-0.744817,-0.0974282,14709.6,0.0,13.4029,23.4929,30.4829,38.5625,45.5684,50.1293,52.9720,55.7476,57.9201,60.2736,62.8321,65.6222,69.9821,75.7471,86.0246,97.9028,18.5313,6.9213,2.4206
29.863,0.0026785782452563864,0.958481234982663,8.481228691403145e-74,4,156.421,-0.663122,-0.11609,12186.8,0.0,12.6059,21.7501,28.0297,35.2620,41.5567,45.6619,48.2161,50.7058,52.6532,54.7599,57.0467,59.5375,63.4232,68.5478,79.1575,91.5008,105.0050,10.1713,3.2747
29.972,0.0008777165194056127,0.958890138891619,1.4254401061641262e-74,4,157.778,-0.565567,-0.131596,12160.3,0.0,11.7404,20.0102,25.6572,32.1501,37.8518,41.5805,43.8996,46.1594,47.9263,49.8377,51.9116,54.1702,57.6920,62.3349,72.7344,85.3853,98.9693,14.6478,4.3151
30.083,-0.057686306157796165,0.9584880425870056,2.395737186430047e-75,4,161.195,-0.453771,-0.142511,12399.0,0.0,10.8250,18.3153,23.4247,29.3140,34.5785,38.0344,40.1880,42.2896,43.9350,45.7174,47.6540,49.7658,53.0649,57.4269,67.3965,79.8451,93.2777,20.3991,5.5138
30.192,-0.01890264880178665,0.9587417836699099,4.026515489232981e-76,4,164.543,-0.334691,-0.139704,12655.0,0.0,9.9663,16.9768,21.8210,27.5423,32.8222,36.3439,38.5621,40.7440,42.4645,44.3399,46.3927,48.6480,52.2088,56.9858,65.7790,76.4894,89.0876,25.0404,6.6998
30.304,-0.006194019959369449,0.959095984235456,6.767364582753871e-77,4,167.886,-0.210322,-0.147383,12892.8,0.0,8.9944,15.2548,19.5933,24.8309,29.7079,32.9820,35.0522,37.0957,38.7106,40.4768,42.4148,44.5512,47.9376,52.5092,60.7441,71.0086,83.3249,30.9330,8.0479
30.414,-0.010755832069661181,0.9596939236767742,1.1373909654234431e-77,4,171.203,-0.0768941,-0.158911,13139.0,0.0,7.9428,13.3564,17.1444,21.7559,26.0605,28.9556,30.7886,32.5998,34.0326,35.6000,37.3222,39.2223,42.2384,46.3171,54.4308,64.6052,76.8102,37.3444,9.5770
30.523,-0.12222926089861781,0.5963452861604053,1.911612995587181e-78,4,173.832,0.0600281,-0.13451,13150.0,0.0,7.0618,12.2867,16.1843,21.1838,26.1251,29.6104,31.8883,34.1957,36.0630,38.1488,40.4941,43.1505,46.8984,50.2225,55.2731,63.3877,74.2727,34.8824,10.6311
30.634,-0.04005208421125909,0.19541042336904163,0.46626347351074215,4,171.705,0.179311,-0.111528,12546.9,0.0,6.2906,11.4260,15.4938,21.0440,26.9367,31.3612,34.3833,37.5560,40.0911,42.2572,44.1488,45.8673,48.0742,50.3952,54.3546,61.3117,71.2183,32.7789,11.3734
30.746,-0.01312426695434538,0.06403208752956756,0.8203694620820619,4,160.559,0.2808,-0.106661,11331.0,0.0,5.5439,10.1683,13.8814,19.0230,24.5797,28.8201,31.7505,34.7803,36.7274,38.4578,40.0469,41.5341,43.4886,45.5847,49.2304,55.7846,65.3469,34.4519,12.2406
30.854,-3.115045599891633e-06,0.020982034441688696,0.8879538147975521,4,147.84,0.369423,-0.11065,10087.5,0.0,4.8452,8.8401,12.0243,16.3981,21.0795,24.6203,27.0516,29.5959,31.3403,32.9165,34.3792,35.7591,37.5858,39.5593,43.0222,49.3303,58.6992,70.1856,13.1528
30.962,-0.16261056698486093,0.006875393045852551,0.900995161874216,3,135.496,0.450098,-0.11239,11027.6,0.0,4.2195,7.6810,10.4312,14.1961,18.2091,21.2330,23.3038,25.4474,26.9217,28.2942,29.5929,30.8351,32.5003,34.3209,37.5582,43.5626,52.6726,64.1039,13.9580
31.075,-0.11296495776959922,0.002252928793264964,0.9050494632465804,3,123.456,0.523842,-0.111933,9182.79,0.0,3.6549,6.6573,9.0447,12.3158,15.8063,18.4391,20.2432,22.0289,23.2418,24.4060,25.5317,26.6264,28.1162,29.7692,32.7576,38.4229,47.2321,58.5561,14.6594
31.185,-0.03701635736194227,0.0007382397069770634,0.9057308696782336,3,111.944,0.590789,-0.111317,7495.76,0.0,3.1426,5.7287,7.7875,10.6117,13.6297,15.9091,17.4688,18.9006,19.8990,20.8808,21.8486,22.8045,24.1254,25.6134,28.3523,33.6721,42.1692,53.3682,15.2916
31.292,-0.01212951998036124,0.00024190638718224415,0.9035629578967035,2,101.178,0.651324,-0.111006,7204.62,0.0,2.6784,4.8845,6.6417,9.0537,11.6332,13.5827,14.8648,16.0061,16.8255,17.6476,18.4719,19.2980,20.4568,21.7833,24.2727,29.2408,37.4172,48.4816,15.8674
31.403,-0.2648006257296022,7.926788495187777e-05,0.8027824821564529,2,90.8546,0.705857,-0.110971,5235.99,0.0,2.2595,4.1208,5.6035,7.6388,9.8156,11.4508,12.4494,13.3583,14.0255,14.7061,15.3992,16.1035,17.1065,18.2738,20.5118,25.1184,32.9641,43.8877,16.4700
31.515,-0.363903839136951,2.5974500541031307e-05,0.21603182590933584,2,81.045,0.754661,-0.111159,6953.64,0.0,1.8844,3.4358,4.6711,6.3664,8.1786,9.4768,10.2488,10.9672,11.5037,12.0591,12.6323,13.2226,14.0761,15.0868,17.0706,21.3028,28.8058,39.5873,17.4607
31.625,-0.14573320091073988,8.51132433728514e-06,0.03630846898058208,2,74.4403,0.796815,-0.0998119,8496.16,0.0,1.5750,2.9154,4.0057,5.5372,7.1534,8.2066,8.8402,9.4366,9.8867,10.3567,10.8463,11.3551,12.0987,12.9911,14.7762,18.7040,25.9221,36.5809,18.4772
31.734,-0.3984577955100527,2.7889907588415946e-06,0.00610236438156643,2,73.2894,0.822045,-0.0410941,8383.14,0.0,1.4516,2.9322,4.2989,6.2137,8.0207,9.1651,9.8460,10.4821,10.9594,11.4553,11.9696,12.5015,13.2750,14.1979,16.0294,20.0135,27.2544,37.8777,17.8780
31.843,-0.5276431102922668,9.138964918572137e-07,0.00102562438160987,2,72.0995,0.817194,0.061917,8238.17,0.0,1.6569,3.9227,6.0807,8.9750,11.5077,13.0110,13.8735,14.6607,15.2406,15.8345,16.4415,17.0610,17.9482,18.9880,21.0033,25.2321,32.6255,43.1728,16.0106
31.953,-0.36390119155263834,2.994656024517718e-07,0.00017237668981717085,2,70.9483,0.777262,0.170006,8100.29,0.0,2.2565,6.0740,9.7440,14.0923,17.4174,19.2474,20.2618,21.1691,21.8274,22.4938,23.1676,23.8483,24.8121,25.9275,28.0529,32.4014,39.7878,50.0674,14.1379
32.062,-0.14002044916403103,9.81288886113966e-08,2.897135025757191e-05,2,70.0453,0.715789,0.216687,8008.73,0.0,3.0447,8.5584,13.3479,18.3779,21.9545,23.8645,24.9104,25.8394,26.5103,27.1867,27.8684,28.5548,29.5232,30.6394,32.7555,37.0502,44.2737,54.2348,12.9816
32.175,-0.04588190078206969,3.2154874220182435e-08,4.869214837790111e-06,2,69.4002,0.645143,0.204185,7951.62,0.0,3.7043,9.6021,14.2427,18.9885,22.3613,24.1693,25.1620,26.0453,26.6840,27.3288,27.9793,28.6353,29.5621,30.6323,32.6663,36.8145,43.8417,53.6132,12.5577
32.286,-0.07982811405051468,0.03971705155213418,8.183689377873839e-07,2,68.8829,0.579716,0.171465,7917.71,0.0,4.1762,9.8621,14.0358,18.2967,21.3673,23.0311,23.9499,24.7705,25.3657,25.9680,26.5771,27.1929,28.0652,29.0759,31.0064,34.9783,41.7951,51.4135,12.4181
32.393,-0.36636603052539785,0.2206318330619783,1.375432673739256e-07,2,68.9237,0.517969,0.171391,8064.27,0.0,4.7590,10.8813,15.1331,19.3616,22.3749,24.0019,24.8994,25.7006,26.2814,26.8691,27.4634,28.0641,28.9151,29.9011,31.7847,35.6622,42.3299,51.7669,11.8964
32.507,-0.37291715532556624,0.362164027729624,2.311689694753568e-08,2,69.9247,0.446919,0.206895,8356.36,0.0,5.6613,13.0726,17.9027,22.4742,25.6323,27.3122,28.2325,29.0508,29.6422,30.2391,30.8412,31.4484,32.3064,33.2974,35.1827,39.0373,45.6061,54.8184,10.9254
32.616,-0.12219749345708156,0.41559022501269316,3.885256869972322e-09,2,71.9007,0.36694,0.218834,8547.73,0.0,6.5177,14.6783,19.6942,24.3106,27.4558,29.1190,30.0279,30.8348,31.4175,32.0051,32.5976,33.1945,34.0374,35.0103,36.8592,40.6335,47.0550,56.0506,10.1818
32.722,-0.16132293151832117,0.4381430561040343,6.529951221362482e-10,2,74.1348,0.289467,0.194595,8830.97,0.0,7.0445,14.9718,19.6792,24.0076,26.9712,28.5448,29.4068,30.1733,30.7276,31.2872,31.8519,32.4215,33.2270,34.1583,35.9325,39.5716,45.8116,54.6400,9.7809
32.833,-0.497912951756112,0.45745806818666995,1.0974889017743925e-10,2,76.2176,0.211477,0.208252,9250.17,0.0,7.8791,16.4727,21.3558,25.7481,28.7188,30.2876,31.1450,31.9063,32.4561,33.0108,33.5701,34.1339,34.9304,35.8504,37.6005,41.1822,47.3062,55.9475,9.0517
32.944,-0.16315611603144275,0.468916168377158,1.8445495972122213e-11,2,78.66,0.124221,0.236041,9531.8,0.0,8.9566,18.5780,23.7700,28.3121,31.3347,32.9185,33.7810,34.5451,35.0960,35.6510,36.2100,36.7727,37.5665,38.4817,40.2185,43.7577,49.7718,18.9008,8.1864
33.046,-0.3487781119685113,0.47527890708507714,3.1001345080345808e-12,2,81.0564,0.0369924,0.234493,9796.06,0.0,9.7361,19.5859,24.7294,29.1859,32.1407,33.6870,34.5288,35.2744,35.8120,36.3535,36.8988,37.4477,38.2221,39.1150,40.8095,44.2638,50.1396,16.2662,7.5385
33.147,-0.21537268978465426,0.47829748211738804,5.210396067653719e-13,2,83.1744,-0.0531044,0.253335,10114.6,0.0,10.7722,21.3400,26.6372,31.1454,34.1048,35.6462,36.4834,37.2240,37.7574,38.2942,38.8344,39.3779,40.1437,41.0259,42.6975,46.0963,51.8651,13.1364,6.7692
33.247,-0.07057332298863551,0.4794371947214757,8.757112670905606e-14,2,85.6054,-0.146229,0.243817,10266.4,0.0,11.4820,22.0108,27.1685,31.5401,34.4079,35.9022,36.7141,37.4324,37.9499,38.4708,38.9951,39.5227,40.2664,41.1233,42.7482,46.0561,51.8751,11.7337,6.1279
33.348,-0.05871624385972858,0.4807518178569582,1.471807926599106e-14,2,88.0361,-0.233487,0.203781,10514.3,0.0,11.7395,21.4977,26.2538,30.3172,33.0041,34.4110,35.1775,35.8569,36.3470,36.8410,37.3387,37.8402,38.5481,39.3652,40.9188,44.0983,49.7877,11.5180,5.6523
33.469,-0.13220489430341018,0.4890114986809194,1.7315673075645824e-15,2,90.8303,-0.325419,0.173052,10883.6,0.0,12.1398,21.4109,25.8803,29.7084,32.2498,33.5845,34.3128,34.9591,35.4258,35.8965,36.3712,36.8497,37.5260,38.3076,39.7965,42.8550,48.7100,10.7436,5.0797
33.569,-0.13748651451569888,0.5600825984346387,2.910245173823794e-16,2,93.3816,-0.392389,0.147744,11288.6,0.0,12.3905,21.2744,25.5279,29.1787,31.6098,32.8895,33.5887,34.2097,34.6583,35.1112,35.5682,36.0292,36.6812,37.4353,38.8741,41.8529,48.0185,10.2056,4.6597
33.690,-0.4688775308321713,0.6740977481528,3.423874344551956e-17,2,96.8352,-0.4638,0.14753,12209.9,0.0,12.9541,21.9585,26.2051,29.8295,32.2358,33.5007,34.1913,34.8045,35.2475,35.6944,36.1454,36.6002,37.2433,37.9870,39.4618,42.8780,50.4597,8.6090,4.0995
33.809,-0.2103037250538687,0.7139621527480176,4.028153927621932e-18,2,100.148,-0.534095,0.193521,13421.0,0.0,14.0812,24.1161,28.7074,32.5551,35.0817,36.4735,37.2725,38.0073,38.5536,39.1189,39.7041,40.3103,41.1959,42.2649,44.4509,49.6914,9.8002,6.3452,3.4245
33.929,-0.05512985970052135,0.7239304922262263,4.739082814307928e-19,2,103.393,-0.603423,0.237613,14539.8,0.0,15.2544,26.3093,31.2096,35.7025,39.2378,41.3271,42.5475,43.6831,44.5363,45.4270,46.3577,47.3309,48.7706,50.5367,54.2482,9.8879,6.5271,4.8012,2.8194
34.050,-0.014451961941333472,0.7279666697197769,5.575483540205134e-20,3,105.296,-0.671148,0.267242,9866.23,0.0,16.2604,28.0288,33.9805,40.5010,45.9653,49.3461,51.3760,53.3031,54.7758,56.3365,57.9933,59.7552,62.4180,11.5394,8.3895,6.3572,4.8049,3.7119,2.2900
34.170,0.18790777511829443,0.4383712821670212,6.5595006302159396e-21,3,106.991,-0.741407,0.253532,10674.7,0.0,16.6120,28.5600,35.8554,44.3655,51.9611,56.8912,59.9415,62.9026,65.2096,67.6976,70.3885,73.3080,8.8554,7.5863,6.3169,4.9654,3.8021,2.9474,1.8126
34.288,0.11863776563501016,0.11491640139239159,7.717186896442752e-22,3,108.185,-0.807292,0.141068,9890.32,0.0,15.5349,25.3748,31.4451,38.3581,44.3788,48.2135,50.5578,52.8133,54.5567,56.4236,58.4275,60.5837,63.8928,68.1601,77.9634,6.1714,3.8474,2.6997,1.4583
34.391,0.03887522304328013,0.13741899000200886,1.297027601685133e-22,3,107.798,-0.842545,0.0369723,9867.77,0.0,14.6049,22.7954,27.8405,33.4387,38.1895,41.1565,42.9483,44.6565,45.9667,47.3598,48.8438,50.4278,52.8331,55.8902,62.7279,83.2662,5.1758,2.8729,1.3028
34.491,-0.17468225452701386,0.6656377730032333,2.1799142901522028e-23,3,109.322,-0.841396,-0.0363343,10386.6,0.0,13.8989,21.3536,26.0868,31.3414,35.8028,38.5900,40.2735,41.8789,43.1104,44.4199,45.8151,47.3044,49.5667,52.4423,58.8776,78.2316,175.2120,3.8583,1.4173
34.607,-0.1290606635697395,0.8897683210224095,2.564647363221165e-24,3,113.078,-0.807489,-0.0547504,11262.7,0.0,13.5199,22.0589,27.9642,34.9810,41.3649,45.5715,48.1994,50.7692,52.7842,54.9702,57.3496,59.9491,64.0197,69.4195,82.5107,132.8860,200.0000,5.5205,1.7631
34.707,-0.04229059823853224,0.9440571857763731,4.310402823365812e-25,3,116.953,-0.755915,-0.0826511,11846.4,0.0,13.1575,22.6398,29.6311,38.4809,47.1003,53.1044,56.9956,60.9107,64.0598,67.5575,71.4651,75.8586,83.0139,93.0631,120.4670,200.0000,26.3574,7.8051,2.3268
34.809,-0.013857783230802246,0.9620347934008269,7.244494025230921e-26,3,121.175,-0.679073,-0.128641,12235.7,0.0,12.7206,22.6812,30.3742,40.5911,51.0992,58.7692,63.9032,69.2041,73.5701,78.5305,84.2150,90.7941,101.9580,118.6540,171.3500,200.0000,23.8577,9.5523,3.1538
34.927,0.035718539814248475,0.9702453320843912,8.523074775743926e-27,3,126.455,-0.580099,-0.110822,12576.2,0.0,12.1395,22.1436,30.1148,41.0606,52.7713,61.6256,67.7036,74.1112,79.4924,85.7233,93.0217,101.6870,116.9540,141.2100,198.9590,200.0000,25.5887,11.5041,4.0338
35.027,0.0690521879642216,0.9711446818236633,1.4324731775592817e-27,3,130.927,-0.503711,-0.125835,12845.1,0.0,11.4168,20.4281,27.4209,36.7545,46.4102,53.4943,58.2533,63.1817,67.2519,71.8886,77.2182,83.4083,93.9657,109.8810,161.1330,200.0000,35.6586,14.5733,4.8594
35.129,0.030907504591959883,0.9699696619962279,2.407557669523885e-28,3,135.251,-0.421482,-0.148039,13247.7,0.0,10.6124,18.4820,24.3743,31.9511,39.4613,44.7709,48.2469,51.7724,54.6288,57.8234,61.4197,65.4985,72.2222,81.8383,109.1400,200.0000,56.5680,19.0152,5.8331
35.229,0.04270831848806841,0.9723629420460489,4.0463821751687937e-29,3,139.546,-0.327455,-0.168342,13648.9,0.0,9.7657,16.6144,21.5928,27.8053,33.7617,37.8567,40.4874,43.1159,45.2169,47.5369,50.1120,52.9862,57.6204,64.0324,80.9673,172.5730,98.2160,24.8254,6.9738
35.350,-0.0669186287726872,0.9736466942828444,4.7605281652643346e-30,3,144.728,-0.195605,-0.185439,14094.5,0.0,8.6915,14.5121,18.6475,23.6922,28.4116,31.5915,33.6072,35.6005,37.1790,38.9071,40.8069,42.9052,46.2398,50.7575,62.1800,113.4630,200.0000,33.1361,8.5482
35.467,-0.017542317020987314,0.973983222229207,5.600713781151839e-31,3,149.943,-0.0543334,-0.16718,14533.3,0.0,7.7628,13.2242,17.2006,22.1707,26.9443,30.2311,32.3446,34.4580,36.1485,38.0164,40.0910,42.4087,46.1495,51.3339,65.0738,140.6040,134.3050,34.6625,9.7898
35.587,-0.0045986131531496974,0.9740714410111782,6.589183756387329e-32,3,155.111,0.0864382,-0.159693,14989.6,0.0,6.7625,11.6186,15.1920,19.7066,24.0943,27.1452,29.1200,31.1051,32.7003,34.4708,36.4469,38.6664,42.2762,47.3351,61.0678,146.1270,131.0910,38.1041,11.1302
35.690,-0.02781408728068034,0.9740925129936678,1.1074441139360182e-32,4,156.329,0.202374,-0.157643,12055.3,0.0,5.9131,10.1831,13.3347,17.3285,21.2229,23.9383,25.6994,27.4723,28.8989,30.4843,32.2563,34.2497,37.4990,42.0677,54.5590,134.9520,139.3430,41.6784,12.2831
35.809,-0.04601647428170667,0.974100090929337,1.3028969256045863e-33,4,160.059,0.331296,-0.123569,12346.4,0.0,5.0861,9.1265,12.2740,16.4925,20.8775,24.1084,26.2855,28.5455,30.4164,32.5523,35.0138,37.8810,42.7923,50.2467,74.6740,173.5580,93.1355,38.6731,12.9975
35.927,-0.012062942634103712,0.974102077439705,1.5328452040045398e-34,4,163.8,0.442745,-0.108785,12615.6,0.0,4.2882,7.8431,10.6863,14.6063,18.8209,22.0217,24.2261,26.5563,28.5183,30.7959,33.4716,36.6596,42.3061,51.3554,85.8151,173.4670,86.1472,39.1717,13.8248
36.030,-0.016045568222030605,0.9741025519385674,2.5762529343704305e-35,4,166.916,0.528002,-0.105115,12835.0,0.0,3.6429,6.6954,9.1534,12.5678,16.2723,19.1092,21.0748,23.1633,24.9303,26.9914,29.4265,32.3472,37.5729,46.0911,80.2382,169.0320,88.0396,40.8255,14.5752
36.148,-0.042503689451995987,0.9741027225785087,3.030935814757468e-36,4,170.542,0.619813,-0.0769254,13125.8,0.0,3.0040,5.7420,8.0757,11.5333,15.6014,18.9672,21.4403,24.2058,26.6650,29.6829,33.4741,38.3788,48.2908,68.5309,147.7420,172.5870,73.5573,38.5758,14.9366
36.270,-0.011142087167704037,0.9741027673107456,3.565865676704015e-37,4,174.202,0.693494,-0.0627941,13378.1,0.0,2.4518,4.7859,6.8395,9.9994,13.9090,17.3124,19.9174,22.9417,25.7352,29.3060,34.0303,40.5742,55.5307,95.9846,149.3520,170.0190,69.5383,38.2577,15.3642
36.386,-0.004534577872709357,0.974102779037033,4.1952053099855067e-38,4,177.846,0.756851,-0.059697,13642.4,0.0,1.9503,3.8251,5.4867,8.0660,11.2963,14.1439,16.3464,18.9286,21.3382,24.4529,28.6348,34.5455,48.5944,90.8228,143.5860,163.8010,70.6586,39.2480,15.8833
36.488,-0.06730296122407939,0.9741027818379799,7.050881564492642e-39,4,180.783,0.802452,-0.0366107,13883.1,0.0,1.6181,3.2929,4.8662,7.4963,11.1585,14.7869,17.8958,21.9345,26.1527,32.3827,42.5133,61.8748,124.3100,135.5920,147.8460,164.1980,62.8873,37.1970,15.8864
36.589,-0.022053834333906334,0.9750439448651692,1.1850416645442786e-39,4,183.727,0.832064,-0.0157884,14090.2,0.0,1.4030,2.9596,4.5118,7.3268,11.7854,16.9670,22.1730,30.3173,41.1059,63.8224,117.3880,126.0440,133.3670,139.7360,149.1550,103.5220,57.1202,35.3908,15.7969
36.709,-0.005781280347627542,0.9749518468358599,1.3941896679196986e-40,4,187.286,0.851025,-0.00948143,14340.0,0.0,1.2523,2.6721,4.1158,6.8090,11.2843,16.8366,22.8360,33.1897,49.0935,94.2750,117.2590,123.2000,129.4190,135.1700,143.9560,98.7624,55.9143,35.0807,15.8575
36.826,-0.0015155279554484743,0.9743253601400645,1.6402502024108467e-41,4,190.812,0.862375,-0.00813615,14597.4,0.0,1.1584,2.4779,3.8253,6.3548,10.6041,15.9577,21.8465,32.2727,48.9710,100.5750,111.5500,117.0830,123.0150,128.5630,137.1110,98.2007,55.8862,35.1541,15.9329
36.930,-0.000496608200441356,0.9741757172138213,2.756768515191911e-42,4,193.72,0.870033,-0.00782347,14811.4,0.0,1.0943,2.3421,3.6176,6.0156,10.0544,15.1612,20.8029,30.8539,47.1199,96.2336,106.1010,111.4530,117.2310,122.6590,131.0550,100.0830,56.0301,35.2658,15.9934
37.049,-0.0001301828600964988,0.9744303024164249,3.2433105904381322e-43,5,196.753,0.878749,-0.00787711,13473.2,0.0,1.0208,2.1847,3.3742,5.6098,9.3736,14.1297,19.3801,28.7237,43.8177,89.5280,99.1450,104.3480,109.9780,115.2800,123.5100,136.4590,56.3061,35.4358,16.0688
37.166,-3.4126655677136586e-05,0.9749415700872762,3.815722476544559e-44,5,197.811,0.887394,-0.00791037,13521.4,0.0,0.9480,2.0287,3.1331,5.2085,8.7015,13.1138,17.9823,26.6407,40.6122,82.8719,92.1496,97.1904,102.6600,107.8260,115.8790,128.6380,56.5744,35.6024,16.1433
37.288,-8.946098025827293e-06,0.9754610958395838,4.489159336429909e-45,5,200.612,0.896155,-0.00791037,13713.6,0.0,0.8743,1.8709,2.8893,4.8033,8.0245,12.0935,16.5832,24.5680,37.4524,76.2295,85.0722,89.9342,95.2298,100.2500,108.1100,120.6570,56.8370,35.7677,16.2182
37.388,-2.9314574011030875e-06,0.9754890371972147,7.544930096737749e-46,5,202.928,0.903547,-0.00791037,13865.5,0.0,0.8120,1.7377,2.6837,4.4614,7.4534,11.2328,15.4029,22.8194,34.7868,70.6238,79.0838,83.7880,88.9298,93.8198,101.5070,113.8610,57.0585,35.9071,16.2814
37.488,-0.045239003648867446,0.9745570309119083,1.2680764013587138e-46,5,205.22,0.910707,-0.00527275,14013.7,0.0,0.7537,1.6208,2.5145,4.2152,7.1420,10.9592,15.3353,23.5766,38.2713,68.5060,74.5400,78.7303,83.4921,88.1108,95.4738,107.4740,56.5434,35.7612,16.2991
37.590,-0.03324608361166088,0.5594852541392141,2.1312560077635906e-47,5,206.856,0.908385,0.0196321,13953.9,0.0,0.7931,1.7909,2.9135,5.3701,10.9588,22.9050,54.7594,68.1117,72.1664,75.5470,78.5390,81.2690,84.7758,88.4509,94.6653,105.3360,50.4256,33.2793,15.8844
37.708,-0.008715261342295229,0.14666570246107014,2.5074013805737868e-48,5,205.909,0.885979,0.0302236,13728.4,0.0,0.9981,2.3046,3.8378,7.4507,17.2850,50.9400,61.3786,66.3016,69.2652,71.9566,74.4515,76.7957,79.8785,83.1765,88.8666,98.8727,47.6708,31.9665,15.5405
37.826,0.004257956718185359,0.038447533905954775,0.8026088706207275,5,195.529,0.853516,0.0328453,12581.7,0.0,1.2859,2.9860,5.0029,9.8522,23.7802,51.1519,56.9640,60.9697,63.5213,65.8986,68.1401,70.2734,73.1106,76.1796,81.5400,91.1255,46.3988,31.2002,15.2355
37.928,0.024924993726614976,0.01259848791030326,0.9048257833100304,5,182.656,0.827498,0.0255384,11574.5,0.0,1.5026,3.4350,5.6599,10.7272,23.3846,44.6803,50.2026,54.0292,56.4779,58.7644,60.9277,62.9905,65.7430,68.7291,73.9705,83.4215,50.5541,31.3638,15.1255
38.048,0.006533937555469757,0.0033026180147585375,0.9242230407803488,5,167.545,0.80115,0.0252725,10455.9,0.0,1.7316,3.9563,6.5151,12.3319,26.7956,41.2130,45.4732,48.7201,50.8693,52.9132,54.8731,56.7615,59.3063,62.0949,67.0463,76.1204,89.4232,30.9337,14.9112
38.167,0.0017128325265410645,0.0008657614968608622,0.9245051392420525,4,152.963,0.77756,0.0278862,10503.7,0.0,1.9424,4.4625,7.3918,14.1761,30.4845,38.3490,41.7272,44.4680,46.3349,48.1416,49.8971,51.6071,53.9359,56.5155,61.1541,69.8062,82.7613,30.3366,14.6795
38.268,0.0005612609622969759,0.0002836927272913673,0.9249093659228219,4,141.173,0.759226,0.0278937,9290.17,0.0,2.1025,4.8304,8.0013,15.3457,29.3148,35.3769,38.2849,40.7156,42.3990,44.0457,45.6600,47.2443,49.4182,51.8460,56.2539,64.5924,77.2966,30.5684,14.5280
38.368,0.00018391399212547304,9.296043287883524e-05,0.9242043749187346,4,129.811,0.742164,0.0277683,8206.56,0.0,2.2512,5.1707,8.5625,16.4114,27.5763,32.5416,35.0716,37.2349,38.7542,40.2546,41.7378,43.2037,45.2299,47.5109,51.6932,59.7199,72.1670,31.8675,14.3888
38.486,4.821194955174e-05,2.436901971658938e-05,0.8612956606445847,3,116.971,0.723444,0.0278168,8673.9,0.0,2.4148,5.5469,9.1866,17.3886,25.3588,29.4122,31.5738,33.4612,34.8057,36.1471,37.4850,38.8180,40.6761,42.7877,46.7053,54.3598,66.4877,37.3890,14.2335
38.588,1.579809162911416e-05,7.98524038073201e-06,0.8445984592736467,3,106.773,0.709242,0.0279018,7471.84,0.0,2.5390,5.8334,9.6628,17.1168,23.5256,27.0137,28.9228,30.6128,31.8287,33.0509,34.2782,35.5087,37.2353,39.2124,42.9172,50.2660,62.1250,77.5108,14.1151
38.706,4.141374932022502e-06,2.0932828543666117e-06,0.6601180899621116,3,95.2716,0.6938,0.0280274,6708.93,0.0,2.6742,6.1456,10.1493,16.2286,21.4236,24.3828,26.0393,27.5253,28.6053,29.6994,30.8061,31.9234,33.5032,35.3280,38.7880,45.7777,57.3145,72.6050,13.9898
38.808,1.3570457377251334e-06,6.859269257188514e-07,0.5885979353499028,2,86.1697,0.6822,0.0282631,8544.13,0.0,2.7762,6.3833,10.1644,15.3293,19.7990,22.4069,23.8870,25.2269,26.2077,27.2068,28.2231,29.2545,30.7214,32.4274,35.6941,42.3937,53.6643,68.8668,13.9827
38.908,4.446767473377717e-07,2.2476453501955322e-07,0.2736512241470902,2,77.8043,0.671591,0.0293331,8614.55,0.0,2.8721,6.5343,9.9461,14.4463,18.3640,20.6876,22.0201,23.2354,24.1302,25.0464,25.9825,26.9369,28.3018,29.8992,32.9858,39.4097,50.4196,65.5246,14.0754
39.030,-0.09969744797855913,5.892067426816576e-08,0.032194792869681015,2,71.7559,0.659249,0.0325586,8203.63,0.0,2.9884,6.5219,9.5747,13.4909,16.9089,18.9632,20.1520,21.2439,22.0523,22.8840,23.7377,24.6122,25.8698,27.3516,30.2431,36.3604,47.0699,62.0463,14.2716
39.145,-0.10927042798387139,1.5445701235354046e-08,0.003787685186325102,2,70.7705,0.635197,0.0705765,8104.35,0.0,3.2827,7.3107,10.7889,15.1503,18.8436,21.0169,22.2612,23.3961,24.2320,25.0882,25.9639,26.8576,28.1372,29.6375,32.5458,38.6377,49.1864,63.8278,13.7590
39.246,-0.03580573384175498,0.02770781756124738,0.0006365962492656599,2,70.2482,0.611991,0.0641509,8064.86,0.0,3.4638,7.5786,11.0346,15.2901,18.8628,20.9611,22.1627,23.2595,24.0682,24.8965,25.7435,26.6088,27.8492,29.3056,32.1325,38.0769,48.4283,62.8851,13.6557
39.349,-0.024002608687043615,0.07033916289284453,0.00010699273161407947,2,70.0065,0.593725,0.0460501,8063.49,0.0,3.5553,7.5198,10.7316,14.6324,17.9127,19.8512,20.9670,21.9892,22.7448,23.5206,24.3163,25.1312,26.3031,27.6845,30.3812,36.1108,46.2309,60.5597,13.7874
39.449,-0.05096966635955326,0.09659641463110229,1.7982268402378338e-05,2,69.9512,0.580821,0.0305634,8073.63,0.0,3.6088,7.4332,10.4486,14.0700,17.1163,18.9249,19.9700,20.9296,21.6403,22.3718,23.1236,23.8953,25.0082,26.3239,28.9052,34.4395,44.3404,58.5342,13.9357
39.567,-0.3748745586111537,0.11756268301705566,2.1155958952714094e-06,2,69.8761,0.565919,0.0423119,8084.85,0.0,3.7791,7.8843,11.1252,14.9820,18.1812,20.0612,21.1407,22.1285,22.8584,23.6078,24.3759,25.1623,26.2930,27.6256,30.2293,35.7684,45.5875,59.5625,13.6063
39.668,-0.2683396364709778,0.1338784731741538,3.555682021182658e-07,2,69.7619,0.539729,0.0943919,8095.21,0.0,4.2291,9.4783,13.7449,18.6829,22.5865,24.7987,26.0449,27.1703,27.9930,28.8305,29.6825,30.5481,31.7815,33.2186,35.9824,41.7121,51.5441,65.0247,12.6097
39.787,-0.07034362566304801,0.15777418769051538,4.183224341101185e-08,2,70.1054,0.497136,0.104982,8128.87,0.0,4.6650,10.4818,15.0863,20.2536,24.2405,26.4723,27.7218,28.8470,29.6678,30.5017,31.3481,32.2066,33.4275,34.8479,37.5712,43.1941,52.8124,65.8560,12.1135
39.889,-0.1397126465996699,0.1794460141818031,7.030745150088762e-09,2,70.5113,0.463189,0.0966963,8192.9,0.0,4.9239,10.8017,15.3130,20.3051,24.1422,26.2908,27.4954,28.5802,29.3718,30.1769,30.9949,31.8253,33.0071,34.3827,37.0260,42.5022,51.9226,64.7467,11.9321
40.008,-0.10914614522089276,0.2071502904729246,8.271601361627929e-10,2,71.1529,0.421659,0.0980589,8283.4,0.0,5.3006,11.5002,16.1239,21.1331,24.9331,27.0490,28.2319,29.2965,30.0730,30.8621,31.6629,32.4752,33.6308,34.9760,37.5586,42.9097,52.1049,64.5595,11.5647
40.109,-0.342270098157888,0.25726792905716794,1.390208040848806e-10,2,71.8204,0.385919,0.105949,8424.81,0.0,5.6651,12.2878,17.1243,22.2594,26.0975,28.2190,29.4009,30.4619,31.2344,32.0186,32.8142,33.6203,34.7653,36.0956,38.6464,43.9255,52.9256,65.0649,11.1745
40.228,-0.2143009798424139,0.3121415854010122,1.6355658579782116e-11,2,72.9098,0.32938,0.152258,8613.59,0.0,6.4992,14.7450,20.5939,26.4830,30.6899,32.9565,34.2040,35.3159,36.1209,36.9348,37.7568,38.5868,39.7611,41.1183,43.6954,48.9219,57.5516,28.7349,10.2460
40.347,-0.11408027564867693,0.3535526457164879,1.9242268762527856e-12,2,74.6524,0.26393,0.154582,8808.16,0.0,7.1206,15.8366,21.7657,27.6013,31.7229,33.9348,35.1514,36.2356,37.0206,37.8140,38.6143,39.4212,40.5609,41.8767,44.3709,49.4124,57.7048,24.5798,9.7071
40.448,-0.1678064765206522,0.37162083993275374,3.2340481109180575e-13,2,76.1872,0.206618,0.16478,9036.87,0.0,7.7348,17.0819,23.2199,29.1205,33.2330,35.4303,36.6353,37.7056,38.4786,39.2585,40.0447,40.8360,41.9512,43.2353,45.6639,50.5457,58.6035,21.2099,9.1747
40.567,-0.04398946098102985,0.3857251906508318,3.804825262013986e-14,2,78.3309,0.135597,0.156559,9270.3,0.0,8.3052,17.7521,23.7324,29.4133,33.3675,35.4764,36.6320,37.6591,38.4005,39.1477,39.9005,40.6586,41.7282,42.9592,45.2859,49.9683,57.9596,20.0932,8.6812
40.669,-0.4222633209684826,0.4024726648474645,6.3947698178669055e-15,2,80.0637,0.0782483,0.156969,9559.88,0.0,8.8221,18.5302,24.5006,30.1044,33.9789,36.0369,37.1613,38.1590,38.8792,39.6051,40.3356,41.0704,42.1054,43.2968,45.5467,50.0642,58.3250,18.5490,8.2302
40.789,-0.11069379601196191,0.4199460973787737,7.523382743022238e-16,2,82.3376,-0.000370026,0.182516,9811.67,0.0,9.8013,20.6309,27.0012,32.7990,36.7007,38.7422,39.8503,40.8296,41.5339,42.2411,42.9511,43.6634,44.6644,45.8124,47.9668,52.4957,62.6219,15.1389,7.4572
40.907,-0.02901771446175975,0.4486008267043862,8.851184563338233e-17,2,84.9161,-0.0801417,0.162683,10108.6,0.0,10.2842,20.7548,26.7608,32.2018,35.8677,37.7893,38.8345,39.7581,40.4225,41.0906,41.7622,42.4370,43.3854,44.4731,46.5206,51.0926,61.5388,14.5541,6.9615
41.008,-0.08515555915944857,0.4685271067851183,1.487618589560257e-17,2,87.1865,-0.138664,0.134005,10395.5,0.0,10.4714,20.2884,25.8394,30.8842,34.3059,36.1099,37.0930,37.9638,38.5914,39.2235,39.8599,40.5000,41.4007,42.4362,44.3940,48.8340,59.0237,14.8742,6.6692
41.109,-0.25890775193380555,0.4847166381325975,2.5002405634739234e-18,2,89.2609,-0.195098,0.145597,10775.5,0.0,11.0763,21.3668,27.0331,32.0787,35.4541,37.2197,38.1794,39.0272,39.6370,40.2502,40.8664,41.4856,42.3681,43.4304,45.5980,50.7682,63.0591,13.0239,6.1623
41.226,-0.06787111372293551,0.5046384134647566,2.9415080205214367e-19,2,92.1476,-0.268548,0.152939,11056.8,0.0,11.7830,22.4532,28.1264,33.0735,36.3399,38.0368,38.9586,39.7998,40.4270,41.0775,41.7525,42.4533,43.4806,44.7256,47.2893,53.5343,69.1664,11.2793,5.5549
41.327,-0.06561916897026862,0.5225587942303814,4.9437925300903783e-20,2,94.7101,-0.326509,0.126503,11345.4,0.0,11.9459,22.0095,27.2805,31.8846,34.9378,36.5367,37.4426,38.2792,38.9037,39.5520,40.2253,40.9251,41.9523,43.1994,45.7745,52.0894,68.1648,11.1124,5.2225
41.428,-0.24031786642569325,0.5358969953809114,8.309032105322898e-21,2,97.0929,-0.380284,0.12746,11755.1,0.0,12.3943,22.5485,27.7311,32.2010,35.2254,36.9786,37.9979,38.9435,39.6519,40.3897,41.1587,41.9608,43.1434,44.5876,47.6002,55.1654,75.6478,9.9987,4.7942
41.546,-0.06299788677629692,0.5627709288321335,9.775493181591338e-22,2,100.27,-0.446036,0.127944,12119.3,0.0,12.9343,23.1288,28.1716,32.6058,36.0667,38.1302,39.3418,40.4736,41.3266,42.2197,43.1555,44.1372,45.5951,47.3927,51.2047,61.1666,91.3042,8.7217,4.2754
41.649,-0.020643147538856974,0.5912407818659635,1.6429671390300561e-22,2,103.192,-0.494401,0.0959871,12438.2,0.0,12.9301,22.3519,26.9686,31.2748,34.7281,36.7983,38.0177,39.1594,40.0215,40.9257,41.8749,42.8726,44.3578,46.1950,50.1130,60.4954,93.2286,8.6751,4.0060
41.766,-0.14325713160348114,0.6112354969589711,1.9329344093974713e-23,2,106.732,-0.537139,0.0682375,12955.4,0.0,12.9166,21.6374,25.9537,30.4297,34.0840,36.3019,37.6180,38.8569,39.7968,40.7864,41.8297,42.9312,44.5804,46.6363,51.0797,63.2599,105.9970,8.7013,3.7600
41.867,-0.0469424968838287,0.6199922316278905,3.24868286187433e-24,2,109.817,-0.562316,0.0482948,13308.9,0.0,12.8695,21.0910,25.4947,30.2953,34.2988,36.7668,38.2454,39.6468,40.7162,41.8482,43.0483,44.3228,46.2454,48.6670,53.9962,69.3140,132.9150,8.9034,3.6227
41.969,-0.024417923843736738,0.6332761618817021,5.460061285952189e-25,2,113.01,-0.571752,0.00427473,13659.3,0.0,12.4769,19.8697,24.1507,28.8615,32.8265,35.2875,36.7680,38.1756,39.2526,40.3953,41.6098,42.9029,44.8605,47.3375,52.8350,68.9969,141.7800,11.7215,3.7136
42.090,-0.11699897882134028,0.649242228992817,6.423707502309892e-26,2,116.792,-0.556492,-0.0329358,14215.7,0.0,12.0013,19.0140,23.5038,28.5937,33.0066,35.8074,37.5159,39.1569,40.4237,41.7784,43.2305,44.7907,47.1806,50.2541,57.2803,79.7316,171.1470,19.2472,4.0264
42.209,-0.030670580304141427,0.6563348497989681,7.557427639392565e-27,2,120.747,-0.513276,-0.0779595,14642.8,0.0,11.3073,18.2309,22.9533,28.4917,33.4624,36.7029,38.7133,40.6691,42.1956,43.8446,45.6314,47.5738,50.5954,54.5661,64.0195,98.2543,191.7360,21.9305,4.7160
42.331,-0.11164570431379572,0.6652123459907006,8.89123804346896e-28,3,124.403,-0.429532,-0.150495,11866.5,0.0,10.3359,16.9001,21.4507,26.8707,31.8140,35.0778,37.1193,39.1175,40.6858,42.3884,44.2432,46.2715,49.4517,53.6776,63.9586,103.9950,194.7180,26.6485,6.1209
42.446,-0.09053208681813567,0.6969456490555112,1.04604526457608e-28,3,125.681,-0.312385,-0.146587,12014.9,0.0,9.8085,17.1113,22.5914,29.6543,36.6732,41.6464,44.9071,48.2181,50.9037,53.9104,57.2992,61.1476,67.5033,76.6189,102.6650,165.5100,65.6845,22.4257,6.9195
42.547,-0.029665554208566695,0.7790905116106349,1.7580882761730175e-29,3,128.632,-0.225235,-0.120742,12301.7,0.0,9.3395,16.8192,22.6745,30.5630,38.8134,44.9254,49.0597,53.3655,56.9403,61.0335,65.7661,71.3001,80.8331,95.4328,133.9760,180.1160,52.4783,22.2090,7.5368
42.647,-0.009720808803063134,0.8301918417351978,2.954818965763991e-30,3,131.978,-0.149324,-0.112245,12654.1,0.0,8.8199,16.0585,21.8112,29.6884,38.0877,44.4189,48.7553,53.3184,57.1438,61.5656,66.7347,72.8573,83.6067,100.5850,137.3540,180.8000,52.5967,23.4548,8.1867
42.750,-0.0031853146285877277,0.8587983798872896,4.966164235759542e-31,3,135.531,-0.0780747,-0.109329,13005.3,0.0,8.2925,15.1560,20.6398,28.1924,36.3018,42.4533,46.6859,51.1571,54.9190,59.2831,64.4058,70.5035,81.2884,98.5316,134.5530,177.3230,55.3468,25.0912,8.8401
42.868,-0.0008350111179965013,0.9032206319502986,5.842642561728745e-32,3,140.022,0.00635258,-0.108189,13477.7,0.0,7.6501,14.0029,19.0894,26.1109,33.6709,39.4202,43.3835,47.5765,51.1096,55.2140,60.0403,65.7966,76.0082,92.4172,128.6030,171.2650,59.7372,27.2515,9.6360
42.968,-0.00027361644314509355,0.9319670437087239,9.819729353497502e-33,3,143.98,0.077709,-0.10789,13897.9,0.0,7.1024,13.0056,17.7346,24.2667,31.3049,36.6609,40.3549,44.2645,47.5602,51.3903,55.8959,61.2727,70.8187,86.1786,122.7160,165.5310,63.7854,29.1455,10.3154
43.069,-8.965863608978427e-05,0.9452296210387247,1.6504019124423254e-33,3,148.071,0.15071,-0.107864,14282.6,0.0,6.5404,11.9768,16.3322,22.3484,28.8312,33.7648,37.1676,40.7692,43.8053,47.3339,51.4850,56.4388,65.2346,79.3891,116.2140,159.3680,68.0889,31.1162,11.0138
43.187,-0.04649019574529912,0.9518547397932005,1.941681345969272e-34,3,152.977,0.237205,-0.0895375,14774.0,0.0,5.9632,11.1953,15.5386,21.7804,28.8433,34.4695,38.4842,42.8589,46.6512,51.1840,56.6973,63.5470,76.4948,98.2817,125.5710,164.2530,62.0594,30.9666,11.5799
43.289,-0.015233907341819616,0.954253677151061,3.2633838381705557e-35,4,156.644,0.300978,-0.0735565,12210.2,0.0,5.5393,10.6403,15.0201,21.5656,29.3544,35.8713,40.7024,46.1480,51.0295,57.0706,64.7397,74.7966,94.0440,109.8970,132.0960,168.2110,57.6227,30.5871,11.9497
43.389,-0.004991846757767452,0.9563664230538597,5.484769216813254e-36,4,157.798,0.356516,-0.0692302,12166.0,0.0,5.1183,9.8948,14.0357,20.2953,27.8573,34.2814,39.1019,44.5961,49.5764,55.8137,63.8518,74.6014,93.2475,107.7910,129.1330,164.5260,58.2402,31.3788,12.3977
43.490,0.023386503920664763,0.9587995010687888,9.218251622698035e-37,4,160.888,0.40914,-0.0711735,12372.0,0.0,4.6918,9.0442,12.8010,18.4505,25.2288,30.9473,35.2145,40.0534,44.4171,49.8522,56.8077,66.0247,84.2899,99.7762,121.3990,156.7830,61.3444,32.8337,12.9075
43.609,0.006130631683778744,0.9589215582831765,1.0845180851588014e-37,4,164.528,0.476099,-0.0787522,12649.9,0.0,4.1331,7.8793,11.0598,15.7504,21.2365,25.7487,29.0490,32.7244,35.9792,39.9565,44.9262,51.3122,64.0703,83.9818,107.7220,143.8690,67.9626,35.4017,13.6405
43.732,0.001607108312112495,0.958568054849585,1.2759246820084782e-38,4,168.144,0.548487,-0.0807528,12913.5,0.0,3.5560,6.7596,9.4678,13.4422,18.0608,21.8359,24.5835,27.6301,30.3164,33.5843,37.6450,42.8264,53.0568,72.2165,97.7062,134.0520,72.6171,37.4276,14.3431
43.849,-0.09906813286894209,0.9596138157329895,1.5011126291361548e-39,4,171.707,0.623157,-0.0726947,13186.8,0.0,2.9885,5.7477,8.1214,11.6768,15.9200,19.4809,22.1268,25.1156,27.8006,31.1309,35.3708,40.9513,52.5695,72.0491,95.0091,130.1370,72.7411,38.0376,14.8940
43.966,-0.02597011662279596,0.9567241451271338,1.766043997052395e-40,4,175.191,0.683976,-0.0425904,13447.9,0.0,2.5743,5.1874,7.6037,11.5605,16.9047,22.0183,26.2631,31.5984,36.9659,44.5340,56.0041,67.2766,78.4526,89.2540,107.1770,139.1870,60.9682,35.4502,14.9386
44.067,-0.00850988781495778,0.9554140905315092,2.96819014584596e-41,4,178.11,0.721254,-0.0351756,13651.8,0.0,2.2862,4.6637,6.9059,10.6731,15.9594,21.2440,25.8096,31.7934,38.1078,47.5564,59.3390,67.7471,77.5988,87.6324,104.7560,135.9550,60.1797,35.3544,15.1474
44.187,-0.0022308160313642923,0.9473701994732918,3.4920460246863144e-42,4,181.561,0.758178,-0.033161,13904.0,0.0,1.9871,4.0672,6.0398,9.3784,14.1152,18.9123,23.1076,28.6786,34.6487,43.7621,54.1687,61.8731,71.1625,80.7705,97.3587,127.9320,63.1139,35.8762,15.4390
44.307,-0.000584795037725961,0.9367736147426017,4.108357227583202e-43,4,184.927,0.792558,-0.0327072,14149.0,0.0,1.7053,3.4931,5.1907,8.0685,12.1618,16.3198,19.9664,24.8238,30.0481,38.0612,47.4042,54.6041,63.4279,72.6550,88.7434,118.7200,72.1357,36.5239,15.7333
44.427,-0.0001533005103696343,0.9236758281662095,4.833441194679361e-44,4,188.19,0.82666,-0.032703,14374.9,0.0,1.4250,2.9189,4.3374,6.7422,10.1629,13.6377,16.6852,20.7447,25.1109,31.8082,40.0879,46.7749,55.1117,63.9383,79.5038,108.8680,164.1020,37.2447,16.0325
44.528,-5.023351123792177e-05,0.9057185875610035,8.123564615897602e-45,4,190.81,0.855395,-0.0327246,14552.4,0.0,1.1888,2.4349,3.6181,5.6238,8.4764,11.3737,13.9144,17.2983,20.9373,26.5178,33.8142,40.0132,47.8959,56.3563,71.4548,100.2920,152.9520,38.2595,16.2851
44.629,-1.6460516962442206e-05,0.8033614781001146,1.36532750499391e-45,4,193.157,0.884504,-0.032729,14664.1,0.0,0.9495,1.9447,2.8897,4.4916,6.7698,9.0837,11.1127,13.8150,16.7209,21.1769,27.3801,33.0175,40.3856,48.4429,63.0449,91.3505,141.6720,39.9418,16.5407
44.749,-4.31502575860245e-06,0.31511989756507647,1.6062941563502855e-46,4,194.102,0.919748,-0.0327296,14480.7,0.0,0.6597,1.3513,2.0079,3.1210,4.7040,6.3117,7.7215,9.5992,11.6183,14.7145,19.4187,24.2368,30.8774,38.3904,52.3649,80.0618,128.0090,43.2415,16.8500
44.849,-1.4139476405788508e-06,0.10325848803412425,2.6996985885779245e-47,4,192.922,0.949075,-0.0326887,14290.1,0.0,0.4187,0.8576,1.2744,1.9810,2.9862,4.0073,4.9030,6.0963,7.3799,9.3490,12.5952,16.5222,22.4091,29.4156,42.8800,70.1707,116.6690,47.6658,17.1117
44.966,-3.706578902919023e-07,0.027068593087217475,3.176168392476043e-48,4,190.76,0.983828,-0.0319555,14094.3,0.0,0.1330,0.2729,0.4059,0.6321,0.9551,1.2849,1.5756,1.9647,2.3858,3.0371,4.1777,6.3657,10.9642,17.4056,30.5775,57.8266,103.5670,56.9438,17.5847
45.067,-0.02788769193670874,0.008869836582819422,5.338186217234487e-49,4,188.8,1.01177,-0.0306997,13939.4,0.0,-1.0000,-1.0000,-1.0000,-1.0000,-1.0000,-1.0000,-1.0000,-1.0000,-1.0000,-1.0000,-1.0000,-1.0000,-1.0000,-1.0000,-1.0000,-1.0000,-1.0000,-1.0000,-1.0000
45.168,-0.07518948048049572,0.002906468051458268,8.971889575306002e-50,4,186.766,1.04107,-0.0226145,13784.2,0.0,-1.0000,-1.0000,-1.0000,-1.0000,-1.0000,-1.0000,-1.0000,-1.0000,-1.0000,-1.0000,-1.0000,-1.0000,-1.0000,-1.0000,-1.0000,-1.0000,-1.0000,-1.0000,-1.0000
45.289,-0.03539512740523532,0.0007619131608814762,1.055533836645176e-50,4,183.975,1.07107,-0.0103868,13568.6,0.0,-1.0000,-1.0000,-1.0000,-1.0000,-1.0000,-1.0000,-1.0000,-1.0000,-1.0000,-1.0000,-1.0000,-1.0000,-1.0000,-1.0000,-1.0000,-1.0000,-1.0000,-1.0000,-1.0000
45.406,-0.20171468996373423,0.00019973096364611374,1.241825003474683e-51,4,181.075,1.09206,0.00749278,13363.6,0.0,-1.0000,-1.0000,-1.0000,-1.0000,-1.0000,-1.0000,-1.0000,-1.0000,-1.0000,-1.0000,-1.0000,-1.0000,-1.0000,-1.0000,-1.0000,-1.0000,-1.0000,-1.0000,-1.0000
45.507,-0.2799097438638776,6.544784216755853e-05,2.0871352833399e-52,4,178.195,1.08871,0.0660729,13119.5,0.0,-1.0000,-1.0000,-1.0000,-1.0000,-1.0000,-1.0000,-1.0000,-1.0000,-1.0000,-1.0000,-1.0000,-1.0000,-1.0000,-1.0000,-1.0000,-1.0000,-1.0000,-1.0000,-1.0000
45.626,-0.08495369600873358,1.7156759137172465e-05,2.455493789496559e-53,4,174.692,1.04634,0.134098,12854.3,0.0,-1.0000,-1.0000,-1.0000,-1.0000,-1.0000,-1.0000,-1.0000,-1.0000,-1.0000,-1.0000,-1.0000,-1.0000,-1.0000,-1.0000,-1.0000,-1.0000,-1.0000,-1.0000,-1.0000
45.726,-0.1449567672845793,5.621926834068673e-06,4.1269484120068675e-54,4,172.148,0.976796,0.169674,12673.3,0.0,0.2409,0.8552,3.0589,27.8445,54.2520,68.5682,79.0312,91.2254,102.5350,117.0580,136.3850,163.3710,200.0000,200.0000,200.0000,79.2387,39.1291,26.9861,14.7033
45.828,-0.09244008159781092,1.8421929849876227e-06,6.936162196059942e-55,4,169.879,0.875183,0.195352,12519.2,0.0,1.3418,5.1517,16.5417,47.1229,76.9503,109.5420,141.5600,190.2490,200.0000,200.0000,200.0000,200.0000,200.0000,200.0000,101.4200,51.0246,33.2719,24.0734,13.6782
45.947,-0.024232612750376546,4.829198378565953e-07,8.160325462042562e-56,4,167.653,0.719193,0.204764,12372.2,0.0,3.0491,11.4096,28.6499,59.7778,114.0980,200.0000,200.0000,200.0000,200.0000,200.0000,200.0000,182.7540,129.6620,97.3561,66.3835,41.8144,29.1251,21.5065,12.4471
46.048,0.02708138105245661,1.5824317246884913e-07,1.3715059004054934e-56,4,166.036,0.578629,0.183863,12260.2,0.0,4.4233,14.5293,30.4363,57.8610,107.3340,187.8710,200.0000,200.0000,200.0000,200.0000,200.0000,200.0000,141.8610,104.0890,69.4546,42.0180,28.2229,20.4880,11.5913
46.150,0.008874026943268982,0.30373188779062277,2.3050899668115127e-57,4,164.905,0.449671,0.155755,12321.0,0.0,5.5432,16.1489,29.9768,52.9303,91.3204,143.5400,200.0000,200.0000,200.0000,200.0000,200.0000,200.0000,197.2250,130.9670,80.3812,45.4078,28.1986,19.8744,10.8616
46.267,-0.011585396885671194,0.7625332361336099,2.7119152950540773e-58,4,166.318,0.316411,0.132495,12660.2,0.0,6.6647,17.8246,30.5473,51.8441,88.2188,136.1290,191.7190,200.0000,200.0000,200.0000,200.0000,200.0000,200.0000,139.3070,83.5077,46.4243,27.5225,18.9066,10.0360
46.386,-0.08739525489769738,0.911388274762384,3.190541225478172e-59,4,169.199,0.194422,0.14475,12992.8,0.0,7.9583,21.4891,36.6488,70.6922,161.1960,200.0000,200.0000,200.0000,200.0000,187.0250,143.7770,116.7820,92.4832,74.7278,54.9700,36.0094,23.4111,16.5616,9.0105
46.488,-0.028637677124877477,0.947224871983513,5.362342637661164e-60,4,171.976,0.0861053,0.153383,13217.6,0.0,9.1094,24.6580,43.8955,101.1720,200.0000,200.0000,200.0000,138.1070,112.4480,94.8342,81.9975,72.2266,61.9067,53.2256,42.1618,29.8279,20.3828,14.6937,8.1332
46.607,-0.007507195232223882,0.957816043403746,6.308742489781983e-61,4,175.497,-0.0473226,0.139546,13477.0,0.0,10.2315,26.5577,48.4472,120.6890,200.0000,200.0000,145.2280,107.0780,90.1670,77.8738,68.5354,61.2007,53.2325,46.3447,37.3125,26.8905,18.4535,13.1938,7.2042
46.727,-0.001967966186956097,0.9594166804445315,7.422172451803605e-62,4,179.029,-0.171407,0.118698,13733.5,0.0,11.1324,28.1286,51.6116,131.0560,200.0000,200.0000,127.7840,95.4763,80.8780,70.1554,61.9479,55.4635,48.3800,42.2243,34.1065,24.6734,16.9634,11.9472,6.3651
46.829,-0.000644863160141774,0.9597990094105642,1.247444523974632e-62,4,181.965,-0.261785,0.0998031,13935.4,0.0,11.7129,29.4146,54.0451,137.8620,200.0000,190.0760,117.3810,87.9599,74.6086,64.7811,57.2449,51.2832,44.7621,39.0889,31.5972,22.8780,15.7404,11.0577,5.7562
46.946,-0.00016904700825220523,0.9599365030854229,1.467606008010915e-63,4,185.442,-0.351232,0.0761963,14203.8,0.0,12.3267,30.9624,56.9037,145.2810,200.0000,171.5510,106.0870,79.5402,67.4842,58.6057,51.7953,46.4061,40.5103,35.3798,28.6032,20.7135,14.2532,10.0139,5.1569
47.048,-5.53933236640826e-05,0.9572874093466563,2.4666054176639446e-64,4,188.284,-0.410574,0.0662287,14457.8,0.0,12.8475,32.2688,59.3003,151.3620,200.0000,156.5290,96.7595,72.5358,61.5371,53.4382,47.2264,42.3113,36.9344,32.2558,26.0765,18.8829,12.9930,9.1283,4.7007
47.149,-1.815128429824659e-05,0.9549963172009623,4.145623725467793e-65,4,191.181,-0.468696,0.0662379,14607.5,0.0,13.3771,33.5995,61.7476,157.6250,200.0000,141.0370,87.1966,65.3709,55.4602,48.1622,42.5643,38.1348,33.2892,29.0727,23.5035,17.0201,11.7114,8.2280,4.2371
47.267,-4.758250271079554e-06,0.9497917311388291,4.877284856775604e-66,4,194.549,-0.539594,0.0662422,14862.2,0.0,14.0229,35.2220,64.7303,165.2470,194.6520,122.1930,75.5519,56.6426,48.0559,41.7326,36.8824,33.0444,28.8458,25.1922,20.3666,14.7485,10.1484,7.1300,3.6717
47.368,-1.5591834488273482e-06,0.9167036919595716,8.197252658782759e-67,5,196.082,-0.599569,0.0662362,13442.2,0.0,14.5690,36.5933,67.2491,200.0000,188.0000,106.3040,65.7209,49.2701,41.8003,36.2996,32.0804,28.7419,25.0897,21.9117,17.7143,12.8277,8.8267,6.2012,3.1934
47.486,-4.0873058600939634e-07,0.86146090856255,9.64398578053133e-68,5,197.506,-0.671804,0.0662193,13465.7,0.0,15.2267,38.2434,70.2778,200.0000,179.8740,87.1927,53.8901,40.3961,34.2698,29.7589,26.2992,23.5618,20.5673,17.9617,14.5205,10.5146,7.2348,5.0828,2.6174
47.607,-1.071462707388472e-07,0.7897353048985961,1.1346052830937307e-68,5,199.573,-0.744817,0.0662249,13566.5,0.0,15.8918,39.9145,73.3499,194.1970,171.4740,67.7782,41.8948,31.4056,26.6432,23.1366,20.4469,18.3188,15.9908,13.9651,11.2897,8.1752,5.6252,3.9520,2.0351
47.707,-3.5109689995705446e-08,0.5267270584591719,1.906931099295633e-69,5,200.635,-0.806159,0.0662237,13522.5,0.0,16.4504,41.3176,75.9280,187.5940,164.2470,51.4882,31.8250,23.8568,20.2391,17.5752,15.5321,13.9155,12.1470,10.6082,8.5759,6.2100,4.2730,3.0020,1.5459
47.814,-1.150474321779276e-08,0.17259792251590145,3.204979098586171e-70,5,200.023,-0.867549,0.0662214,13348.0,0.0,17.0095,42.7215,78.5075,180.9290,156.7900,35.1854,21.7474,16.3021,13.8299,12.0095,10.6134,9.5087,8.3002,7.2487,5.8600,4.2434,2.9198,2.0513,1.0563
47.927,-3.0158994060850654e-09,0.045245509800008465,3.770625859695645e-71,5,198.149,-0.940724,0.0658052,13175.9,0.0,17.6676,44.3276,81.3488,173.0360,147.8520,16.0422,9.8447,7.3585,6.2344,5.4086,4.7763,4.2767,3.7308,3.2563,2.6305,1.9032,1.3086,0.9189,0.4729
48.028,-9.882499173859544e-10,0.014826048651266775,6.337290882390472e-72,5,196.33,-1.00083,0.0650422,13045.3,0.0,-1.0000,-1.0000,-1.0000,-1.0000,-1.0000,-1.0000,-1.0000,-1.0000,-1.0000,-1.0000,-1.0000,-1.0000,-1.0000,-1.0000,-1.0000,-1.0000,-1.0000,-1.0000,-1.0000
48.129,-3.2382973292902953e-10,0.0048581996220470975,1.0651084786033667e-72,5,194.447,-1.05977,0.0641891,12903.1,0.0,-1.0000,-1.0000,-1.0000,-1.0000,-1.0000,-1.0000,-1.0000,-1.0000,-1.0000,-1.0000,-1.0000,-1.0000,-1.0000,-1.0000,-1.0000,-1.0000,-1.0000,-1.0000,-1.0000
48.246,0.21148706938622996,0.0012735478817219143,1.2530894739920754e-73,5,191.623,-1.12024,0.0226302,12713.1,0.0,-1.0000,-1.0000,-1.0000,-1.0000,-1.0000,-1.0000,-1.0000,-1.0000,-1.0000,-1.0000,-1.0000,-1.0000,-1.0000,-1.0000,-1.0000,-1.0000,-1.0000,-1.0000,-1.0000
48.347,0.1308270641988798,0.0004173161698826368,2.106067478938482e-74,5,188.727,-1.13258,-0.0626177,12515.3,0.0,-1.0000,-1.0000,-1.0000,-1.0000,-1.0000,-1.0000,-1.0000,-1.0000,-1.0000,-1.0000,-1.0000,-1.0000,-1.0000,-1.0000,-1.0000,-1.0000,-1.0000,-1.0000,-1.0000
48.447,0.042869412396688934,0.00013674616254714242,3.5396676118519065e-75,5,186.081,-1.10001,-0.11211,12341.4,0.0,-1.0000,-1.0000,-1.0000,-1.0000,-1.0000,-1.0000,-1.0000,-1.0000,-1.0000,-1.0000,-1.0000,-1.0000,-1.0000,-1.0000,-1.0000,-1.0000,-1.0000,-1.0000,-1.0000
48.568,0.011237959243317622,3.58471860347581e-05,4.1643835486676496e-76,5,183.6,-1.00715,-0.133796,12200.6,0.0,-1.0000,-1.0000,-1.0000,-1.0000,-1.0000,-1.0000,-1.0000,-1.0000,-1.0000,-1.0000,-1.0000,-1.0000,-1.0000,-1.0000,-1.0000,-1.0000,-1.0000,-1.0000,-1.0000
48.668,0.00488848221922532,1.1746405919869531e-05,6.999079430245722e-77,5,181.909,-0.903713,-0.134843,12082.0,0.0,14.3541,25.3984,33.8416,44.9349,56.2035,64.3398,69.7447,75.2910,79.8330,84.9651,90.8097,97.5258,141.8790,138.9010,132.5560,114.2850,7.7518,2.9551,0.9539
48.787,-0.18680972241522337,3.0792498334582786e-06,8.2343469588897895e-78,5,179.791,-0.778472,-0.0976001,11941.3,0.0,13.8108,25.6415,35.3061,48.9469,64.0382,75.8064,84.0704,93.1348,136.2470,134.5180,132.7040,130.7980,127.9560,124.4160,116.6250,54.0961,11.9094,5.7321,2.0937
48.887,-0.06121380984102039,1.0090085854276088e-06,1.383946693380607e-78,5,177.86,-0.706276,-0.036651,11804.7,0.0,13.9755,28.4383,42.0241,64.7309,131.1710,125.9210,122.7980,119.8370,117.5700,115.1480,112.5430,109.7070,105.2000,98.7031,53.1528,20.6320,10.2503,6.0623,2.5889
48.987,-0.020058541208705566,3.3063193327291885e-07,2.3259992075647864e-79,5,176.135,-0.668114,-0.0124758,11696.7,0.0,13.9811,29.6696,45.4737,74.5568,121.1390,115.3260,111.8270,108.4630,105.8400,102.9770,99.7911,96.1285,89.3856,63.9218,34.7488,18.1893,10.1757,6.3469,2.8519
49.107,-0.005258226226614913,8.667317751589604e-08,2.7365148077078956e-80,5,174.242,-0.650052,-0.00548729,11574.3,0.0,13.9250,29.9328,46.4202,78.0732,113.2380,107.3820,103.8580,100.4660,97.8128,94.9035,91.6378,87.8147,80.1820,55.0570,32.6640,18.0353,10.3667,6.5538,2.9858
49.208,-0.0017230155699371745,2.8401066808408813e-08,4.59926043731466e-81,4,172.761,-0.643817,-0.0036687,12746.7,0.0,13.8974,29.9753,46.6334,117.0380,107.4520,101.6880,98.2346,94.9212,92.3374,89.5134,86.3576,82.6885,75.5494,53.4891,32.3331,18.0762,10.4595,6.6349,3.0335
49.312,-0.0005645977419570134,9.306461571779399e-09,7.72997701699475e-82,4,171.317,-0.640227,-0.00279015,12649.7,0.0,13.8791,29.9854,46.7212,111.3270,101.8670,96.2283,92.8691,89.6611,87.1712,84.4639,81.4613,78.0141,71.6105,52.8667,32.2316,18.1247,10.5206,6.6846,3.0613
49.426,-0.02235124893146758,0.07096362548650806,9.094240660724155e-83,4,169.422,-0.637663,0.000100672,12544.2,0.0,13.8974,30.1898,47.2827,104.1940,94.8342,89.3069,86.0311,82.9148,80.5053,77.8944,75.0113,71.7231,65.7238,49.7260,31.1211,17.8243,10.4515,6.6757,3.0742
49.553,-0.02037630826537074,0.24763667145203516,1.0699283194935361e-83,4,168.4,-0.640889,0.011552,12551.9,0.0,14.0871,31.2924,50.0783,95.6326,86.0864,80.4532,77.1014,73.8918,71.3861,68.6334,65.5178,61.7751,52.2840,39.0641,26.5107,16.1608,9.8298,6.4038,3.0126
49.666,-0.022262890676779844,0.3664843836167473,1.2587599686009504e-84,4,168.281,-0.653609,0.0219218,12598.7,0.0,14.3493,32.5552,54.0228,87.1176,77.4531,71.7532,68.3461,65.0577,62.4585,59.5477,56.1203,51.5019,40.3019,31.7266,22.6878,14.4735,9.0638,6.0030,2.8769
49.786,-0.025185214729076276,0.11426728225882861,1.4809185154593324e-85,4,167.635,-0.676385,0.0340595,12432.6,0.0,14.7349,34.3074,91.3204,78.1363,68.3145,62.4975,58.9817,55.5280,52.7204,49.4118,44.9000,37.7100,30.4880,25.0171,18.7266,12.4789,8.0535,5.4301,2.6570
49.886,-0.028343195592486214,0.037443103050572954,2.4889797489325e-86,4,166.332,-0.704132,0.0470846,12299.5,0.0,15.1919,36.4255,83.5386,70.0078,59.9490,53.9074,50.1614,46.3202,42.9236,37.7164,31.8239,27.5255,23.1509,19.5953,15.2206,10.5384,6.9967,4.8016,2.4002
49.987,-0.01958543123034588,0.012269356007611745,0.4912960327148438,4,162.315,-0.741186,0.0611323,11727.8,0.0,15.7672,39.6424,75.4385,61.5358,51.1522,44.7106,40.4474,35.2723,29.6455,25.4179,22.2469,19.7808,17.1252,14.8496,11.8930,8.5192,5.8099,4.0574,2.0733
50.087,0.026283883758140263,0.004020422576574216,0.7726253593868407,4,152.17,-0.782413,0.0598671,10639.3,0.0,16.1175,84.9213,69.5857,55.8590,45.7615,39.5695,35.5049,30.6034,25.5393,21.8200,19.0476,16.9014,14.6002,12.6362,10.0955,7.2114,4.9068,3.4216,1.7450
50.208,0.006890162423893921,0.0010539296559134714,0.7941284585420005,3,139.121,-0.828232,0.0542084,12059.9,0.0,16.4273,78.8260,63.5053,50.1038,40.4738,34.7272,31.0830,27.0421,22.6676,19.0213,16.3866,14.3939,12.3013,10.5503,8.3313,5.8735,3.9547,2.7386,1.3845
50.311,0.013811491899624061,0.0003453516696497263,0.8157816997817927,3,128.551,-0.862773,0.0551331,10486.7,0.0,16.7549,73.4142,57.9467,44.6378,35.1822,29.5569,25.9543,21.7439,17.7487,14.9416,12.9020,11.3531,9.7207,8.3500,6.6069,4.6681,3.1486,2.1830,1.1052
50.426,0.10222168417515506,9.053186808865785e-05,0.4393116034071008,3,116.28,-0.900641,0.0562167,9560.23,0.0,17.1162,67.2709,51.6382,38.4317,29.1671,23.6536,20.0281,15.3831,12.5579,10.6101,9.1860,8.0995,6.9497,5.9804,4.7428,3.3596,2.2707,1.5764,0.7994
50.527,0.03349600147051481,2.966548253529141e-05,0.07383510118463144,3,108.937,-0.929886,0.0587308,9878.46,0.0,17.4287,62.1949,46.3849,33.2040,24.0126,18.4453,14.3869,10.1946,8.4165,7.1671,6.2411,5.5273,4.7650,4.1169,3.2817,2.3382,1.5877,1.1056,0.5629
50.646,0.008780775809486633,7.77662825373143e-06,0.3877396653700519,3,103.69,-0.963738,0.0560623,9108.34,0.0,17.7875,56.8628,40.9294,27.8374,18.7819,13.1235,8.2449,5.6367,4.5981,3.8829,3.3605,2.9622,2.5409,2.1860,1.7330,1.2272,0.8292,0.5755,0.2918
50.747,0.00287728461725258,2.5482455461827154e-06,0.7873149745284712,2,95.9251,-0.989735,0.0524289,9814.34,0.0,18.2738,52.6712,36.6090,23.5139,14.3910,7.0021,2.7064,1.7612,1.4097,1.1752,1.0077,0.8820,0.7510,0.6421,0.5051,0.3545,0.2379,0.1644,0.0829
50.872,0.39890711000127,6.680072804585217e-07,0.3983147902329779,2,85.533,-1.0174,0.043896,7636.03,0.0,-1.0000,-1.0000,-1.0000,-1.0000,-1.0000,-1.0000,-1.0000,-1.0000,-1.0000,-1.0000,-1.0000,-1.0000,-1.0000,-1.0000,-1.0000,-1.0000,-1.0000,-1.0000,-1.0000
50.988,0.10457110544417292,1.751141005285187e-07,0.04686133675611962,2,77.8923,-1.04059,0.0447876,8759.73,0.0,-1.0000,-1.0000,-1.0000,-1.0000,-1.0000,-1.0000,-1.0000,-1.0000,-1.0000,-1.0000,-1.0000,-1.0000,-1.0000,-1.0000,-1.0000,-1.0000,-1.0000,-1.0000,-1.0000
51.107,0.027412687865557263,4.5905110768948006e-08,0.00551318940802072,2,75.7701,-1.05904,0.046681,8664.59,0.0,-1.0000,-1.0000,-1.0000,-1.0000,-1.0000,-1.0000,-1.0000,-1.0000,-1.0000,-1.0000,-1.0000,-1.0000,-1.0000,-1.0000,-1.0000,-1.0000,-1.0000,-1.0000,-1.0000
51.207,0.018213564404756508,1.5042186696768882e-08,0.0009266017438060424,2,74.8303,-1.07904,0.067792,8546.74,0.0,-1.0000,-1.0000,-1.0000,-1.0000,-1.0000,-1.0000,-1.0000,-1.0000,-1.0000,-1.0000,-1.0000,-1.0000,-1.0000,-1.0000,-1.0000,-1.0000,-1.0000,-1.0000,-1.0000
51.309,0.43318606118380687,4.929023736797227e-09,0.00015573395508148153,2,73.9141,-1.10299,0.0683517,8460.55,0.0,-1.0000,-1.0000,-1.0000,-1.0000,-1.0000,-1.0000,-1.0000,-1.0000,-1.0000,-1.0000,-1.0000,-1.0000,-1.0000,-1.0000,-1.0000,-1.0000,-1.0000,-1.0000,-1.0000
51.428,0.2608710685899047,1.2921139984589723e-09,1.8321944081381223e-05,2,72.6033,-1.12091,0.0106887,8233.63,0.0,-1.0000,-1.0000,-1.0000,-1.0000,-1.0000,-1.0000,-1.0000,-1.0000,-1.0000,-1.0000,-1.0000,-1.0000,-1.0000,-1.0000,-1.0000,-1.0000,-1.0000,-1.0000,-1.0000
51.547,0.2623086182295913,3.3871993201202884e-10,2.1555583992304198e-06,2,71.3823,-1.1244,-0.0356331,8132.89,0.0,-1.0000,-1.0000,-1.0000,-1.0000,-1.0000,-1.0000,-1.0000,-1.0000,-1.0000,-1.0000,-1.0000,-1.0000,-1.0000,-1.0000,-1.0000,-1.0000,-1.0000,-1.0000,-1.0000
51.666,0.5276717356163602,8.879339785736129e-11,2.5359929011105974e-07,2,69.937,-1.11074,-0.0648279,7977.28,0.0,-1.0000,-1.0000,-1.0000,-1.0000,-1.0000,-1.0000,-1.0000,-1.0000,-1.0000,-1.0000,-1.0000,-1.0000,-1.0000,-1.0000,-1.0000,-1.0000,-1.0000,-1.0000,-1.0000
51.786,0.1996621892957773,2.327665648792012e-11,2.983570288227607e-08,2,68.6997,-1.08011,-0.130237,7859.2,0.0,-1.0000,-1.0000,-1.0000,-1.0000,-1.0000,-1.0000,-1.0000,-1.0000,-1.0000,-1.0000,-1.0000,-1.0000,-1.0000,-1.0000,-1.0000,-1.0000,-1.0000,-1.0000,-1.0000
51.909,0.5180858019665382,6.101835838369332e-12,3.510140608396897e-09,2,67.4753,-1.02955,-0.194341,7722.83,0.0,-1.0000,-1.0000,-1.0000,-1.0000,-1.0000,-1.0000,-1.0000,-1.0000,-1.0000,-1.0000,-1.0000,-1.0000,-1.0000,-1.0000,-1.0000,-1.0000,-1.0000,-1.0000,-1.0000
52.027,0.2722497954423037,1.5995596540134901e-12,4.1296453243728654e-10,2,66.1438,-0.952365,-0.277403,7566.29,0.0,13.8653,70.5998,57.9640,48.9862,43.5544,40.8026,39.3190,38.0088,37.0660,36.1170,35.1618,34.1999,32.8419,31.2767,28.3048,22.2637,12.3920,3.5824,0.5838
52.147,0.34983281609692723,4.1931496594171243e-13,4.858486427671433e-11,2,65.2443,-0.850496,-0.325723,7476.29,0.0,12.7051,23.7442,63.0477,54.2098,48.9637,46.3496,44.9563,43.7367,42.8657,41.9942,41.1214,40.2475,39.0226,37.6183,34.9669,29.6033,20.7703,10.5932,1.9708
52.267,0.22148324515744097,1.0992090243182428e-13,5.715960697291165e-12,2,64.4021,-0.725719,-0.379223,7381.6,0.0,11.4730,18.8364,68.7773,59.9588,54.7817,52.2231,50.8671,49.6845,48.8423,48.0025,47.1646,46.3283,45.1608,43.8317,41.3499,36.4274,28.3147,17.9472,3.9229
52.387,0.0580605038185522,0.007529296875028815,6.724770600756083e-13,2,63.8809,-0.590257,-0.387346,7332.3,0.0,10.5159,16.8155,24.1916,61.2086,56.1160,53.6119,52.2884,51.1366,50.3178,49.5026,48.6904,47.8812,46.7537,45.4737,43.0950,38.4283,30.9220,21.3315,5.7897
52.487,0.01902526589126318,0.12926808867188444,1.1302321948690753e-13,2,63.8213,-0.480156,-0.370025,7386.71,0.0,9.8671,16.0025,23.3951,59.9215,54.9367,52.4954,51.2079,50.0894,49.2950,48.5047,47.7187,46.9367,45.8484,44.6146,42.3307,37.8803,30.8403,22.0373,6.9626
52.590,0.006234199127249119,0.2732173504991281,1.8995812499164553e-14,2,64.5078,-0.375555,-0.345817,7545.2,0.0,9.2835,15.4437,23.8421,58.0194,53.1584,50.7873,49.5396,48.4575,47.6899,46.9271,46.1693,45.4164,44.3701,43.1860,41.0013,36.7728,30.1820,22.1207,7.8775
52.706,0.23502069211036908,0.38039634459799343,2.2348383447142112e-15,2,66.1017,-0.256573,-0.321104,7805.71,0.0,8.5908,14.6454,24.2709,56.2684,51.5392,49.2435,48.0382,46.9952,46.2565,45.5230,44.7952,44.0731,43.0718,41.9407,39.8606,35.8639,29.7230,22.3611,8.8571
52.807,0.11110023468972574,0.4320529011509955,3.756092805961175e-16,2,67.8583,-0.154139,-0.326668,8072.62,0.0,7.8553,13.0955,19.2131,57.2964,52.5831,50.3004,49.1040,48.0692,47.3368,46.6102,45.8897,45.1754,44.1851,43.0678,41.0165,37.0861,31.0782,23.9013,10.0016
52.909,0.03640532490312933,0.4761725301960332,6.312865178978947e-17,2,70.0103,-0.0521386,-0.30996,8346.87,0.0,7.2220,12.1811,17.9652,56.3771,51.7495,49.5165,48.3477,47.3384,46.6251,45.9179,45.2169,44.5225,43.5614,42.4786,40.4939,36.7090,30.9699,24.1892,10.7854
53.026,0.009543437491405935,0.5361994475369589,7.427022754416943e-18,2,73.03,0.0637366,-0.27452,8798.17,0.0,6.5595,11.5097,18.3217,53.9889,49.5198,47.3742,46.2543,45.2887,44.6075,43.9330,43.2653,42.6045,41.6914,40.6652,38.7895,35.2351,29.9066,23.7069,11.3749
53.127,0.0031271935971838964,0.5624396513751606,1.248259714334856e-18,2,75.9541,0.152102,-0.238618,9186.47,0.0,6.0767,11.1857,59.3210,51.5865,47.2731,45.2120,44.1389,43.2153,42.5645,41.9210,41.2847,40.6558,39.7878,38.8141,37.0395,33.6951,28.7294,23.0246,11.6737
53.227,0.18853852752011271,0.5728465784782375,2.0979501018825932e-19,2,79.001,0.233454,-0.216095,9629.44,0.0,5.5737,10.5314,58.0750,50.4450,46.2155,44.2014,43.1554,42.2558,41.6224,40.9968,40.3791,39.7690,38.9275,37.9845,36.2705,33.0518,28.3030,22.8874,12.0719
53.347,0.049424243758232414,0.576941790734224,2.4682173153638524e-20,2,82.786,0.328277,-0.198157,10072.1,0.0,4.9400,9.4591,57.5980,49.9947,45.8044,43.8162,42.7850,41.8995,41.2769,40.6622,40.0554,39.4566,38.6319,37.7090,36.0334,32.8981,28.2963,23.0777,12.6160
53.472,0.012956268955758077,0.5783237260558574,2.903832989352419e-21,2,86.5876,0.410887,-0.151586,10434.1,0.0,4.4854,9.3060,54.7674,47.4064,43.3882,41.4926,40.5124,39.6723,39.0823,38.5009,37.9278,37.3629,36.5860,35.7179,34.1476,31.2249,26.9744,22.2036,12.6890
53.586,0.5249750696483152,0.5786859921088117,3.4163304736432278e-22,2,89.9719,0.481002,-0.139546,10956.8,0.0,3.9828,8.2864,55.3172,47.8283,43.7568,41.8406,40.8509,40.0033,39.4086,38.8227,38.2455,37.6768,36.8952,36.0227,34.4460,31.5179,27.2739,22.5285,13.0819
53.688,0.5248095844693061,0.5797136852692154,5.741826627052173e-23,2,92.1937,0.54337,-0.176495,11583.9,0.0,3.3948,6.3991,9.9754,52.4948,48.0577,45.9638,44.8807,43.9525,43.3007,42.6580,42.0244,41.3999,40.5410,39.5815,37.8443,34.6103,29.9029,24.6128,14.0396
53.808,0.1375756837111218,0.5700588752487132,6.755201608460612e-24,2,94.9552,0.627886,-0.223536,12053.0,0.0,2.6667,4.5738,6.2037,9.0558,54.4304,52.0857,50.8708,49.8282,49.0950,48.3714,47.6576,46.9537,45.9842,44.8993,42.9319,39.2541,33.8645,27.7566,15.4469
53.930,0.036064640030768313,0.5637147876213237,7.947427140337827e-25,2,98.1667,0.720372,-0.218795,12124.3,0.0,2.0038,3.3855,4.4844,6.1057,8.3376,12.3762,53.0579,51.9722,51.2090,50.4562,49.7134,48.9806,47.9718,46.8435,44.7969,40.9731,35.3729,29.0289,16.2326
54.048,0.021016953553256976,0.5382739024112042,9.350068556336053e-26,2,101.582,0.813684,-0.170284,12155.7,0.0,1.3769,2.4224,3.2790,4.5710,6.3665,8.9955,51.3356,50.2806,49.5395,48.8091,48.0893,47.3801,46.4048,45.3151,43.3439,39.6759,34.3407,28.3469,16.3311
54.167,-0.034950149437159996,0.17202237387368274,1.1000262155843803e-26,2,102.933,0.885871,-0.0910017,11888.3,0.0,0.8954,1.7300,2.5067,3.9250,50.2059,48.0073,46.8754,45.9078,45.2297,44.5623,43.9058,43.2599,42.3733,41.3853,39.6042,36.3123,31.5745,26.3151,15.8598
54.287,0.0327180107612967,0.1011878948954927,1.2941698423728676e-27,2,102.191,0.916815,-0.0171646,11741.9,0.0,0.6971,1.5165,2.4636,5.8103,45.7586,43.7388,42.7027,41.8191,41.2011,40.5941,39.9977,39.4117,38.6090,37.7165,36.1130,33.1674,28.9676,24.3518,15.2475
54.388,0.44840648585748666,0.13981275135248003,2.1751112540760785e-28,2,101.465,0.922831,-0.0140725,11706.4,0.0,0.6483,1.4132,2.2908,5.0531,46.5555,44.4653,43.3937,42.4803,41.8418,41.2146,40.5986,39.9937,39.1652,38.2445,36.5917,33.5599,29.2491,24.5307,15.2965
54.506,0.30502388452275,0.16450606412491953,2.5589966393079655e-29,2,100.371,0.937788,-0.0769773,11649.0,0.0,0.4927,0.9560,1.3738,2.0635,3.1026,4.5374,49.8328,48.7522,47.9957,47.2517,46.5204,45.8015,44.8160,43.7193,41.7462,38.1159,32.9344,27.2540,16.2411
54.612,0.09995022648041471,0.15474823185807862,4.3009056516848984e-30,2,99.7255,0.963084,-0.116113,11555.9,0.0,0.2828,0.5158,0.7042,0.9696,1.2676,1.5073,1.6819,1.8774,2.0532,2.2740,2.5654,2.9836,4.3363,48.0276,45.8145,41.7318,35.8830,29.4544,17.0448
54.727,0.026201352170481834,0.12816185916407916,5.059972490150767e-31,2,99.1595,1.00543,-0.104356,11426.4,0.0,-1.0000,-1.0000,-1.0000,-1.0000,-1.0000,-1.0000,-1.0000,-1.0000,-1.0000,-1.0000,-1.0000,-1.0000,-1.0000,-1.0000,-1.0000,-1.0000,-1.0000,-1.0000,-1.0000
54.828,0.008585659079223488,0.12278543347963546,8.504295764196394e-32,2,98.711,1.03985,-0.0675937,11368.6,0.0,-1.0000,-1.0000,-1.0000,-1.0000,-1.0000,-1.0000,-1.0000,-1.0000,-1.0000,-1.0000,-1.0000,-1.0000,-1.0000,-1.0000,-1.0000,-1.0000,-1.0000,-1.0000,-1.0000
54.930,0.0028133487670799523,0.14910344607698192,1.4293169890884878e-32,2,98.2171,1.06063,-0.0271314,11339.5,0.0,-1.0000,-1.0000,-1.0000,-1.0000,-1.0000,-1.0000,-1.0000,-1.0000,-1.0000,-1.0000,-1.0000,-1.0000,-1.0000,-1.0000,-1.0000,-1.0000,-1.0000,-1.0000,-1.0000
55.048,0.44012596167747237,0.20729407767465433,1.6815771444927155e-33,2,97.8126,1.06876,-0.0135627,11382.4,0.0,-1.0000,-1.0000,-1.0000,-1.0000,-1.0000,-1.0000,-1.0000,-1.0000,-1.0000,-1.0000,-1.0000,-1.0000,-1.0000,-1.0000,-1.0000,-1.0000,-1.0000,-1.0000,-1.0000
55.148,0.2408239835868616,0.23404198860680572,2.8262267067489065e-34,2,97.4856,1.0796,-0.0487313,11473.2,0.0,-1.0000,-1.0000,-1.0000,-1.0000,-1.0000,-1.0000,-1.0000,-1.0000,-1.0000,-1.0000,-1.0000,-1.0000,-1.0000,-1.0000,-1.0000,-1.0000,-1.0000,-1.0000,-1.0000
55.248,0.07891320294174281,0.2492307401548031,4.7500392260328884e-35,2,97.6014,1.0973,-0.0601032,11460.9,0.0,-1.0000,-1.0000,-1.0000,-1.0000,-1.0000,-1.0000,-1.0000,-1.0000,-1.0000,-1.0000,-1.0000,-1.0000,-1.0000,-1.0000,-1.0000,-1.0000,-1.0000,-1.0000,-1.0000
55.349,0.02585827833995028,0.26352604807455093,7.983390927193477e-36,2,97.9428,1.11538,-0.0402043,11453.5,0.0,-1.0000,-1.0000,-1.0000,-1.0000,-1.0000,-1.0000,-1.0000,-1.0000,-1.0000,-1.0000,-1.0000,-1.0000,-1.0000,-1.0000,-1.0000,-1.0000,-1.0000,-1.0000,-1.0000
55.469,0.17580534893596747,0.27717979226833006,9.392379591933854e-37,2,98.3472,1.12965,-0.0257058,11574.0,0.0,-1.0000,-1.0000,-1.0000,-1.0000,-1.0000,-1.0000,-1.0000,-1.0000,-1.0000,-1.0000,-1.0000,-1.0000,-1.0000,-1.0000,-1.0000,-1.0000,-1.0000,-1.0000,-1.0000
55.588,0.046086317391470254,0.28724417337063907,1.1050040666114261e-37,2,98.9444,1.14163,-0.0223784,11601.6,0.0,-1.0000,-1.0000,-1.0000,-1.0000,-1.0000,-1.0000,-1.0000,-1.0000,-1.0000,-1.0000,-1.0000,-1.0000,-1.0000,-1.0000,-1.0000,-1.0000,-1.0000,-1.0000,-1.0000
55.707,-0.0565701631374902,0.2928279514278228,1.300026234327677e-38,2,99.6285,1.14379,0.00975704,11654.1,0.0,-1.0000,-1.0000,-1.0000,-1.0000,-1.0000,-1.0000,-1.0000,-1.0000,-1.0000,-1.0000,-1.0000,-1.0000,-1.0000,-1.0000,-1.0000,-1.0000,-1.0000,-1.0000,-1.0000
55.808,-0.46883851116909286,0.300228204920744,2.1849540920345266e-39,2,99.9769,1.12309,0.0824826,11736.8,0.0,-1.0000,-1.0000,-1.0000,-1.0000,-1.0000,-1.0000,-1.0000,-1.0000,-1.0000,-1.0000,-1.0000,-1.0000,-1.0000,-1.0000,-1.0000,-1.0000,-1.0000,-1.0000,-1.0000
55.927,-0.22944034540079067,0.30522071434761855,2.5705766397377004e-40,2,100.001,1.04527,0.22947,11849.6,0.0,-1.0000,-1.0000,-1.0000,-1.0000,-1.0000,-1.0000,-1.0000,-1.0000,-1.0000,-1.0000,-1.0000,-1.0000,-1.0000,-1.0000,-1.0000,-1.0000,-1.0000,-1.0000,-1.0000
56.047,-0.06014640990474487,0.29423262308256715,3.0242577108850076e-41,2,100.609,0.906286,0.330178,11817.1,0.0,1.2957,80.0895,45.6817,35.1909,31.0259,29.3203,28.4929,27.8105,27.3453,26.8974,26.4659,26.0500,25.4924,24.8881,23.8411,22.0332,19.6665,17.2018,12.5720
56.147,0.04693013945710069,0.2628010658535706,5.082869934684432e-42,2,101.227,0.751694,0.371275,11753.3,0.0,3.8673,66.5409,39.2467,30.5609,27.0632,25.6228,24.9223,24.3438,23.9490,23.5684,23.2016,22.8477,22.3728,21.8576,20.9635,19.4156,17.3838,15.2853,11.3734
56.248,0.3939847634748027,0.217332227477648,8.542779499224126e-43,2,101.287,0.585965,0.353436,11806.3,0.0,6.3402,79.8055,40.9103,30.5434,26.5940,25.0026,24.2359,23.6062,23.1782,22.7671,22.3721,21.9921,21.4841,20.9352,19.9882,18.3652,16.2648,14.1754,10.3829
56.368,0.41452368067945466,0.19155008826802555,1.0050494653042194e-43,2,100.635,0.403544,0.283689,11726.2,0.0,7.9462,200.0000,59.3196,37.4432,30.7467,28.2488,27.0828,26.1429,25.5127,24.9140,24.3446,23.8025,23.0856,22.3215,21.0275,18.8784,16.2169,13.6926,9.4981
56.469,0.3791266158789929,0.2283649825330416,1.6891866363368017e-44,2,100.16,0.272836,0.22947,11732.1,0.0,8.7150,77.0568,115.7460,50.4490,37.7867,33.6027,31.7373,30.2716,29.3075,28.4051,27.5586,26.7630,25.7266,24.6406,22.8446,19.9748,16.6026,13.5720,8.8767
56.587,0.48043584498333025,0.29980844396551665,1.9873111857838837e-45,2,99.9246,0.143571,0.173707,11827.8,0.0,9.1386,36.3492,200.0000,101.1910,57.2654,47.0899,43.0242,40.0082,38.1037,36.3749,34.7988,33.3559,31.5298,29.6783,26.7477,22.3760,17.6732,13.7953,8.3041
56.688,0.15742921768413765,0.34369630904362053,3.3400739099469737e-46,2,100.392,0.0590537,0.124586,11911.3,0.0,9.1985,27.4661,66.6146,200.0000,116.0700,78.5796,67.0476,59.4260,54.9679,51.1355,47.8062,44.8870,41.3569,37.9527,32.8937,26.0143,19.3819,14.4240,8.0486
56.807,0.041269124840590574,0.3936005693785558,3.9295635543135155e-47,2,101.845,-0.0111214,0.088377,12029.1,0.0,9.4507,25.1894,50.2350,179.5440,200.0000,132.6500,101.1250,83.7273,74.5703,67.2234,61.1986,56.1688,50.3786,45.0763,37.6641,28.3892,20.2202,14.5512,7.7381
56.908,0.023018470034307688,0.4928268001989652,6.604417465734726e-48,2,103.6,-0.0541044,0.0795853,12317.5,0.0,9.7504,25.3627,48.8427,148.5530,200.0000,157.8930,113.7490,91.4025,80.1613,71.3872,64.3487,58.5776,52.0492,46.1762,38.1299,28.3213,19.9124,14.1988,7.4569
57.029,0.07199308530908353,0.6087255797269825,7.77003110426225e-49,2,106.701,-0.0938331,0.0502956,12832.2,0.0,9.7858,23.6401,41.4140,91.3868,200.0000,200.0000,200.0000,165.5790,130.8320,108.1460,92.1713,80.3136,68.0637,57.9695,45.3763,31.6814,21.1701,14.5885,7.3299
57.146,0.018872555355264393,0.6522728755594501,9.141363893853494e-50,2,110.412,-0.120253,0.0310099,13418.1,0.0,9.8147,22.7005,37.8710,73.8328,173.2640,200.0000,200.0000,200.0000,200.0000,170.2460,132.8720,108.9600,87.0415,70.7820,52.4427,34.5938,22.1656,14.8804,7.2438
57.248,0.0061841589388130355,0.7088317153164456,1.536389029639957e-50,2,113.925,-0.136459,0.0249467,13848.2,0.0,9.8930,22.5875,37.1700,70.2434,152.0300,200.0000,200.0000,200.0000,200.0000,200.0000,153.8970,122.2360,94.9118,75.6097,54.7596,35.3453,22.3093,14.8438,7.1512
57.368,0.0016211401608562045,0.7491263503205393,1.8075463294811133e-51,2,118.471,-0.152518,0.0222919,14598.1,0.0,10.0049,22.7163,37.1666,69.3486,145.5710,200.0000,200.0000,200.0000,200.0000,200.0000,163.9570,127.9710,97.9010,77.1872,55.2856,35.3208,22.1407,14.6723,7.0360
57.488,0.00042497216632748886,0.7685034432128025,2.126560181171235e-52,3,122.006,-0.167208,0.0211487,11860.2,0.0,10.1204,22.9239,37.4145,69.4404,143.9660,200.0000,200.0000,200.0000,200.0000,200.0000,167.2780,129.4750,98.3664,77.1858,55.0082,34.9835,21.8628,14.4628,6.9216
57.607,0.00011140390356975324,0.781836044742577,2.5018767875461467e-53,3,124.693,-0.181338,0.0209804,11898.1,0.0,10.2411,23.1892,37.8340,70.1646,145.2070,200.0000,200.0000,200.0000,200.0000,200.0000,165.3710,127.8350,97.0184,76.0736,54.1748,34.4301,21.5073,14.2239,6.8053
57.707,-0.02254041248467123,0.7983691738131226,4.204904316828809e-54,3,127.85,-0.193698,0.0238571,12241.9,0.0,10.3794,23.6438,38.8155,72.9662,155.9030,200.0000,200.0000,200.0000,200.0000,200.0000,148.4990,117.1420,90.4227,71.7360,51.7229,33.2469,20.9261,13.9005,6.6841
57.826,-0.03155893761806556,0.8255145586219422,4.947027879705925e-55,3,131.782,-0.213176,0.0359693,12599.0,0.0,10.6853,24.9834,42.1726,84.5448,200.0000,200.0000,200.0000,200.0000,173.3140,131.2780,105.6590,88.4120,71.9736,59.3692,44.7122,29.9773,19.4315,13.1371,6.4487
57.927,-0.04413114437808147,0.858959819553613,8.31446975742175e-56,3,135.171,-0.23647,0.048867,12972.3,0.0,11.0445,26.5914,46.4015,101.2940,200.0000,200.0000,200.0000,145.8580,114.1600,93.7852,79.5872,69.1273,58.3910,49.5968,38.6918,26.9153,17.9342,12.3360,6.1841
58.046,-0.01824376640144779,0.9063915258276872,9.781890524909116e-57,3,139.525,-0.276471,0.0674748,13430.4,0.0,11.6427,29.3355,54.1305,140.0900,200.0000,182.1010,114.8600,86.8222,73.9371,64.3864,57.0248,51.1774,44.7577,39.1521,31.7205,23.0285,15.8791,11.1720,5.7638
58.167,-0.011042223727800504,0.9424617329590732,1.1508296383650327e-57,3,144.178,-0.328623,0.0769198,13922.9,0.0,12.2514,31.6404,60.3315,176.2190,200.0000,121.0400,85.2873,67.7800,59.1172,52.4213,47.0912,42.7479,37.8637,33.4959,27.5518,20.3674,14.2613,10.1400,5.3049
58.267,0.04226951659357432,0.963422930968529,1.9341993732001106e-58,3,148.217,-0.375859,0.0633676,14334.1,0.0,12.4906,31.1469,56.7158,140.4620,200.0000,189.7740,111.1540,81.5902,68.5696,59.1367,51.9887,46.3856,40.3087,35.0651,28.2018,20.2997,13.8988,9.7322,4.9900
58.367,0.013850875197382434,0.9737670197697676,3.2508088865374256e-59,3,152.339,-0.417949,0.0483193,14748.6,0.0,12.6579,30.4369,53.0326,115.3010,200.0000,200.0000,187.2780,113.1620,88.2289,72.3036,61.2523,53.1349,44.8243,38.0330,29.6315,20.5832,13.6999,9.4168,4.7166
58.487,0.0036309238277426213,0.9790304812399009,3.824544146922417e-60,4,155.87,-0.460724,0.0421705,12174.7,0.0,12.9522,30.7071,52.6418,109.6680,200.0000,200.0000,200.0000,130.9200,96.7669,76.7507,63.5998,54.3000,45.0778,37.7563,28.9545,19.7773,12.9965,8.8614,4.3945
58.587,-0.030577322341844047,0.9820451123895657,6.427911347732508e-61,4,157.823,-0.49246,0.0435081,12172.6,0.0,13.2529,31.5158,54.2151,113.9520,200.0000,200.0000,200.0000,116.8920,87.5714,70.0146,58.3257,49.9846,41.6509,34.9902,26.9302,18.4645,12.1684,8.3116,4.1309
58.688,-0.02087045705057546,0.9830329467246879,1.0803390602134027e-61,4,160.902,-0.528254,0.0574718,12390.6,0.0,13.7821,33.8709,60.5715,141.8200,200.0000,200.0000,101.8240,70.7481,58.0899,49.2769,42.7887,37.8128,32.5222,28.0432,22.2975,15.8410,10.7315,7.4615,3.7914
58.806,-0.005471065093066054,0.9833881930830716,1.2710081009504664e-62,4,164.554,-0.58017,0.0640121,12665.2,0.0,14.3559,35.8562,65.4245,163.1050,200.0000,123.6160,73.3654,54.1227,45.5864,39.3785,34.6611,30.9551,26.9278,23.4460,18.8792,13.6079,9.3276,6.5363,3.3546
58.908,-0.0017927586096958847,0.9834730474063359,2.1361833152674495e-63,4,167.582,-0.628347,0.0651562,12886.2,0.0,14.8129,37.1042,67.9501,171.4470,200.0000,103.6140,62.8532,46.7636,39.5378,34.2484,30.2093,27.0242,23.5510,20.5380,16.5719,11.9736,8.2237,5.7704,2.9667
59.030,0.07331712946108238,0.9835035628361615,2.513198308579002e-64,4,171.181,-0.68855,0.0610235,13156.0,0.0,15.2887,37.9025,68.5141,165.7840,200.0000,107.4620,59.6120,42.9031,35.7489,30.6417,26.8131,23.8367,20.6327,17.8882,14.3236,10.2578,6.9942,4.8839,2.4952
59.147,0.023866974756645978,0.9835115622729976,2.9567526780601097e-65,4,174.716,-0.738476,0.0346282,13423.0,0.0,15.2900,35.6442,59.9742,119.3010,200.0000,200.0000,200.0000,91.3674,60.5881,45.3232,36.2045,30.1423,24.4208,20.0706,15.0515,10.0484,6.4934,4.3818,2.1461
59.268,0.006256584230606202,0.9835136592773678,3.4785899582109384e-66,4,178.267,-0.773636,0.0267937,13670.3,0.0,15.4698,35.4585,58.5900,111.7430,200.0000,200.0000,200.0000,145.4110,75.1786,50.6966,38.2449,30.7056,24.0667,19.3010,14.0808,9.1512,5.8032,3.8719,1.8713
59.370,-0.05282810899790871,0.9835141601688828,5.846466142765124e-67,4,181.193,-0.797797,0.0295975,13892.2,0.0,15.7271,36.2648,60.3038,116.6850,200.0000,200.0000,200.0000,99.9032,58.1340,40.9965,31.6644,25.7947,20.4820,16.5819,12.2242,8.0245,5.1241,3.4329,1.6671
59.488,-0.02027688233314778,0.9835143403001867,6.8783089523017414e-68,4,184.651,-0.836266,0.0521708,14148.8,0.0,16.4621,39.9450,70.3455,157.5180,200.0000,115.0700,43.6659,28.3029,22.6203,18.8391,16.1421,14.1216,12.0172,10.2700,8.0736,5.6635,3.7984,2.6237,1.3222
59.589,-0.006644328802925864,0.9835143833264401,1.156037385613354e-68,4,187.538,-0.8798,0.0579898,14344.9,0.0,16.9622,41.7392,74.7577,175.8490,200.0000,50.2364,25.4701,17.7961,14.6456,12.4436,10.8179,9.5686,8.2377,7.1090,5.6584,4.0248,2.7292,1.8988,0.9656
59.709,-0.0017417709297141975,0.9835143987996013,1.3600664238002548e-69,4,190.961,-0.939588,0.0598788,14568.5,0.0,17.5390,43.3586,78.1023,200.0000,195.7630,22.3128,12.0009,8.5462,7.0892,6.0570,5.2875,4.6919,4.0531,3.5080,2.8027,2.0021,1.3623,0.9499,0.4845
59.813,-0.0005707434982487483,0.9835144024955284,2.2858636384810882e-70,4,193.729,-0.992556,0.0610783,14852.4,0.0,18.0424,44.7353,80.8790,200.0000,188.5570,2.5604,1.4223,1.0241,0.8536,0.7317,0.6404,0.5693,0.4929,0.4273,0.3422,0.2451,0.1671,0.1167,0.0596
59.927,-0.00014961698360491988,0.9835144038246627,2.6892957120366154e-71,5,195.78,-1.05858,0.0620379,13457.4,0.0,-1.0000,-1.0000,-1.0000,-1.0000,-1.0000,-1.0000,-1.0000,-1.0000,-1.0000,-1.0000,-1.0000,-1.0000,-1.0000,-1.0000,-1.0000,-1.0000,-1.0000,-1.0000,-1.0000
60.029,0.06063108107603109,0.9835144041421405,4.5198993032199397e-72,5,196.682,-1.11405,0.0585015,13439.3,0.0,-1.0000,-1.0000,-1.0000,-1.0000,-1.0000,-1.0000,-1.0000,-1.0000,-1.0000,-1.0000,-1.0000,-1.0000,-1.0000,-1.0000,-1.0000,-1.0000,-1.0000,-1.0000,-1.0000
60.147,0.12157996195209508,0.7381722655844373,5.3176163312452273e-73,5,198.342,-1.16074,-0.00170302,13544.5,0.0,-1.0000,-1.0000,-1.0000,-1.0000,-1.0000,-1.0000,-1.0000,-1.0000,-1.0000,-1.0000,-1.0000,-1.0000,-1.0000,-1.0000,-1.0000,-1.0000,-1.0000,-1.0000,-1.0000
60.268,0.03187145754597002,0.1935074303893667,0.7168223561096192,5,192.808,-1.16345,-0.0323648,12520.8,0.0,-1.0000,-1.0000,-1.0000,-1.0000,-1.0000,-1.0000,-1.0000,-1.0000,-1.0000,-1.0000,-1.0000,-1.0000,-1.0000,-1.0000,-1.0000,-1.0000,-1.0000,-1.0000,-1.0000
60.388,0.008354911366930765,0.05072681183199015,0.8195394972014554,5,179.291,-1.14484,-0.0286,11063.8,0.0,-1.0000,-1.0000,-1.0000,-1.0000,-1.0000,-1.0000,-1.0000,-1.0000,-1.0000,-1.0000,-1.0000,-1.0000,-1.0000,-1.0000,-1.0000,-1.0000,-1.0000,-1.0000,-1.0000
60.488,0.002737737356715873,0.01662216170110653,0.7076547187182326,5,168.474,-1.12716,-0.0265446,10618.2,0.0,-1.0000,-1.0000,-1.0000,-1.0000,-1.0000,-1.0000,-1.0000,-1.0000,-1.0000,-1.0000,-1.0000,-1.0000,-1.0000,-1.0000,-1.0000,-1.0000,-1.0000,-1.0000,-1.0000
60.609,0.02285879267945143,0.0043573999569748705,0.29111661588260834,4,156.305,-1.10639,-0.0257552,11297.9,0.0,-1.0000,-1.0000,-1.0000,-1.0000,-1.0000,-1.0000,-1.0000,-1.0000,-1.0000,-1.0000,-1.0000,-1.0000,-1.0000,-1.0000,-1.0000,-1.0000,-1.0000,-1.0000,-1.0000
60.726,0.08140627172612211,0.0011422662543212206,0.03424957874197299,4,148.517,-1.08527,-0.0291359,10971.5,0.0,-1.0000,-1.0000,-1.0000,-1.0000,-1.0000,-1.0000,-1.0000,-1.0000,-1.0000,-1.0000,-1.0000,-1.0000,-1.0000,-1.0000,-1.0000,-1.0000,-1.0000,-1.0000,-1.0000
60.832,0.026675207119215692,0.00037429780621597755,0.005756326699163402,4,144.792,-1.06408,-0.0342643,10707.1,0.0,-1.0000,-1.0000,-1.0000,-1.0000,-1.0000,-1.0000,-1.0000,-1.0000,-1.0000,-1.0000,-1.0000,-1.0000,-1.0000,-1.0000,-1.0000,-1.0000,-1.0000,-1.0000,-1.0000
60.947,0.006992745495059678,0.2952176449241127,0.0006772260798298752,4,143.585,-1.0348,-0.0410383,10771.2,0.0,-1.0000,-1.0000,-1.0000,-1.0000,-1.0000,-1.0000,-1.0000,-1.0000,-1.0000,-1.0000,-1.0000,-1.0000,-1.0000,-1.0000,-1.0000,-1.0000,-1.0000,-1.0000,-1.0000
61.066,0.0018331062750569244,0.5953991358734866,7.9674971065905e-05,4,144.553,-1.00229,-0.0426581,10974.5,0.0,-1.0000,-1.0000,-1.0000,-1.0000,-1.0000,-1.0000,-1.0000,-1.0000,-1.0000,-1.0000,-1.0000,-1.0000,-1.0000,-1.0000,-1.0000,-1.0000,-1.0000,-1.0000,-1.0000
61.166,0.000600672264210653,0.7616348029055241,1.3390972387046655e-05,4,146.41,-0.973864,-0.0426967,11214.9,0.0,16.0772,32.3912,47.4728,72.1600,105.4860,142.1750,139.8180,137.5160,135.7010,133.7090,131.4930,128.9720,124.5990,114.8250,5.7838,1.9752,0.9448,0.5504,0.2319
61.268,0.0001968282875365468,0.8476621894817072,2.2506207290909318e-06,4,148.842,-0.94473,-0.0427938,11389.1,0.0,15.8385,31.9052,46.7545,71.0535,103.8400,137.8910,135.5800,133.3300,131.5630,129.6310,127.4910,125.0720,120.9410,113.0770,12.2748,4.1820,1.9992,1.1643,0.4904
61.388,-0.02909376181257952,0.8929789546557426,2.647832781568191e-07,4,152.033,-0.909324,-0.0403457,11665.8,0.0,15.5852,31.5208,46.3436,70.8012,104.2050,132.2490,129.9510,127.7190,125.9690,124.0580,121.9440,119.5560,115.4780,107.6210,18.4656,6.6563,3.2329,1.8946,0.8024
61.507,-0.017330600708099345,0.9097233020423999,3.115148789187161e-08,4,155.348,-0.878673,-0.0264504,11933.0,0.0,15.5356,32.1635,48.2312,76.1229,128.6380,124.6070,122.1120,119.6630,117.7180,115.5570,113.0950,110.1690,104.1850,42.3679,16.7930,7.6165,4.0005,2.4229,1.0578
61.608,-0.013052605295692493,0.9145593132538786,5.235630569986862e-09,4,158.13,-0.859244,-0.0197523,12158.7,0.0,15.4736,32.4118,49.1018,78.8654,123.0110,118.8620,116.2850,113.7450,111.7110,109.4250,106.7680,103.4650,85.1507,35.3679,16.8773,8.2602,4.4791,2.7525,1.2187
61.708,-0.054916073090167515,0.9173787820951559,8.799524298976919e-10,4,160.902,-0.845493,-0.00739336,12360.4,0.0,15.5450,33.2971,51.4691,85.7012,116.3820,111.9280,109.1220,106.2990,103.9720,101.2390,97.7423,90.8588,41.6173,25.5864,14.8614,8.0945,4.6196,2.9100,1.3208
61.827,-0.014395919064148874,0.9175664000941774,1.0352552342503358e-10,4,164.197,-0.842185,0.01002,12595.9,0.0,15.7905,34.9696,55.7955,115.2220,107.6330,102.6100,99.3096,95.7633,92.4718,86.8818,50.5126,34.4701,23.8630,17.6568,11.8734,7.1838,4.3495,2.8263,1.3259
61.946,-0.0037738038071522422,0.920334863886288,1.2179674305431778e-11,4,167.483,-0.849948,0.0144463,12842.3,0.0,15.9291,35.5901,57.2858,108.4510,100.7460,95.6259,92.2124,88.4309,84.6194,62.3238,38.8555,28.2282,20.4141,15.5101,10.6977,6.6105,4.0551,2.6543,1.2552
62.048,-0.0012366000315276468,0.9212003203857588,2.0470378605139193e-12,4,170.219,-0.860286,0.0155818,13035.3,0.0,16.0369,35.9133,57.9391,102.9800,95.3040,90.2184,86.8187,83.0155,79.0385,53.8010,34.4888,25.3803,18.5310,14.1649,9.8285,6.1046,3.7570,2.4637,1.1675
62.167,0.010168995709501466,0.9221175039747043,2.4083195725160214e-13,4,173.469,-0.873758,0.013056,13278.4,0.0,16.1111,35.8962,57.6176,96.7390,89.2851,84.4257,81.2279,77.7384,74.3303,58.0173,34.7758,24.8308,17.7333,13.3686,9.1508,5.6184,3.4326,2.2418,1.0575
62.267,0.013133477064495688,0.922266330889931,4.0476627055276774e-14,4,176.129,-0.883104,0.0085516,13504.4,0.0,16.1171,35.5895,56.6235,91.6988,84.5326,79.9551,77.0095,73.9049,71.1008,66.8236,40.5951,26.9740,18.3544,13.4463,8.9593,5.3806,3.2431,2.1022,0.9835
62.388,0.015392508028881405,0.3859821350448101,0.5604973297119188,4,175.595,-0.889857,0.00282621,12895.5,0.0,16.0815,35.1172,55.2734,85.5549,78.7402,74.4922,71.8255,69.1085,66.7977,63.8663,57.2038,32.5895,20.3396,14.2295,9.1058,5.3007,3.1368,2.0133,0.9320
62.507,0.017187546520921332,0.10118290080918671,0.8851131211806799,4,163.403,-0.891948,-0.00187349,11393.2,0.0,16.0237,34.6787,54.1971,79.5111,73.0037,69.0315,66.5858,64.1510,62.1511,59.7800,56.5931,41.6139,23.3260,15.5293,9.5498,5.4022,3.1460,2.0022,0.9186
62.626,0.018109604437618648,0.026524490349723446,0.9207274131567741,4,149.918,-0.891565,-0.00149059,9861.6,0.0,16.0266,34.7100,81.7346,73.3648,67.0162,63.1832,60.8399,58.5224,56.6330,54.4175,51.5236,40.7598,23.0907,15.4428,9.5300,5.4042,3.1514,2.0071,0.9215
62.726,0.019489826624871764,0.008691544997797378,0.9246779667540637,3,138.999,-0.890542,-0.00128484,10502.4,0.0,16.0212,34.7119,76.8676,68.6187,62.4119,58.6997,56.4452,54.2291,52.4358,50.3559,47.7115,40.6209,23.1397,15.5129,9.5911,5.4459,3.1780,2.0248,0.9300
62.826,0.022772237926011962,0.002848045464878245,0.9209890615413008,3,128.459,-0.889044,-0.00448084,8463.9,0.0,15.9577,34.3669,72.6389,64.5513,58.5658,55.0393,52.9252,50.8764,49.2488,47.4138,45.2271,42.1848,26.4316,17.0080,10.1973,5.6697,3.2710,2.0718,0.9457
62.947,0.028199679121566602,0.0007465980303450427,0.8938065627372588,2,116.532,-0.886303,-0.0115659,8399.93,0.0,15.8239,33.6357,68.2294,60.3901,54.7159,51.4424,49.5158,47.6849,46.2652,44.7169,42.9822,40.9370,36.4022,21.2770,11.7184,6.1802,3.4701,2.1683,0.9761
63.047,0.03352851909131236,0.00024464524258346356,0.2768591954640949,2,107.03,-0.8831,-0.0195425,8446.97,0.0,15.6753,32.8464,65.0313,57.4205,52.0126,48.9472,47.1698,45.5055,44.2369,42.8824,41.4141,39.7838,37.0169,29.1176,13.9583,6.8462,3.7159,2.2845,1.0119
63.167,0.038514116858392906,6.413228247179948e-05,0.03257220748715531,2,98.0167,-0.877282,-0.0102644,10599.9,0.0,15.7683,34.4208,60.0380,52.3965,47.0142,43.9699,42.2029,40.5440,39.2744,37.9105,36.4166,34.7250,31.6488,22.0698,12.3721,6.5933,3.7213,2.3312,1.0521
63.287,0.040220775876427715,0.030849282596181284,0.003832087638656336,2,95.5773,-0.868595,-0.0188305,10924.3,0.0,15.5652,66.7909,56.6719,49.2970,44.2119,41.3934,39.7845,38.2980,37.1803,36.0044,34.7550,33.4081,31.2727,28.0422,15.4714,7.6429,4.1615,2.5623,1.1366
63.407,0.09652910534593738,0.15135802933689332,0.00045084127860027935,2,94.9262,-0.853911,-0.0361836,10965.4,0.0,15.1913,63.9469,53.9875,46.9774,42.2613,39.7081,38.2773,36.9777,36.0174,35.0262,33.9990,32.9288,31.3397,29.3405,24.3214,10.2061,5.0846,3.0106,1.2870
63.527,0.2852420318453598,0.22254464416436556,5.304102558604427e-05,2,94.9724,-0.820705,-0.0932457,11071.5,0.0,14.1896,28.9317,54.1379,47.7880,43.6516,41.4728,40.2766,39.2087,38.4328,37.6453,36.8455,36.0323,34.8695,33.5014,30.7966,24.4036,9.2793,4.5561,1.6856
63.628,0.09346810899508749,0.2485533137654043,8.914605170246461e-06,2,95.401,-0.7701,-0.14153,11133.1,0.0,13.2794,24.4925,54.4751,48.1973,44.4283,42.4683,41.4015,40.4553,39.7720,39.0823,38.3861,37.6831,36.6871,35.5311,33.3081,28.5935,19.0404,7.3007,2.2979
63.747,0.02450210396440821,0.2631950368368431,1.0487943836743264e-06,2,96.1794,-0.690916,-0.161158,11214.4,0.0,12.5036,23.7966,51.9223,45.7924,42.2653,40.4523,39.4722,38.6073,37.9853,37.3598,36.7308,36.0985,35.2074,34.1808,32.2324,28.2425,21.2866,10.9327,3.1729
63.847,0.008028849427057283,0.2663836832644468,1.7627087206414402e-07,2,96.8814,-0.618061,-0.165739,11294.6,0.0,11.9256,60.8905,48.7902,42.9520,39.5925,37.8829,36.9641,36.1564,35.5775,34.9971,34.4153,33.8321,33.0136,32.0757,30.3113,26.7732,20.9366,13.3577,3.9459
63.966,0.3024074114551381,0.2742142502813001,2.0738091827474476e-08,2,97.653,-0.523763,-0.190531,11415.7,0.0,11.0388,58.7327,46.4216,40.6626,37.5269,35.9479,35.1041,34.3654,33.8377,33.3101,32.7828,32.2560,31.5193,30.6792,29.1116,26.0224,21.1102,15.1065,5.0989
64.066,0.3263427756472544,0.2791546017040514,3.4854510934436347e-09,2,98.0571,-0.424156,-0.257525,11527.3,0.0,9.8928,20.9409,48.4343,41.5583,38.4142,36.9396,36.1528,35.4648,34.9737,34.4831,33.9931,33.5038,32.8202,32.0416,30.5908,27.7394,23.2164,17.6377,6.8247
64.187,0.19370813475034415,0.2812029367216068,4.1005983569255027e-10,2,98.7458,-0.271212,-0.331828,11591.3,0.0,8.5820,16.2828,51.6352,42.9705,39.1670,37.5434,36.7414,36.0729,35.6131,35.1594,34.7066,34.2548,33.6241,32.9063,31.5709,28.9530,24.8096,19.6683,8.8105
64.308,0.33323230359065964,0.28415649858144887,4.8243129609392846e-11,2,99.3659,-0.0874856,-0.354874,11673.6,0.0,7.3693,13.5625,56.0057,44.8797,40.2280,38.2827,37.3303,36.5407,36.0001,35.4779,34.9733,34.4854,33.8290,33.1148,31.8617,29.4467,25.6362,20.9004,10.3849
64.428,0.2891371411061128,0.29016482311726033,5.675755955415459e-12,2,99.8754,0.0954507,-0.346833,11732.1,0.0,6.1305,10.6983,67.9958,50.7288,44.1568,41.5097,40.2345,39.1874,38.4756,37.7921,37.1352,36.5035,35.6589,34.7464,33.1723,30.4748,26.8353,22.3570,11.9377
64.546,0.34236951579533803,0.3144400970787511,6.677470123986735e-13,2,100.537,0.270421,-0.324056,11860.2,0.0,4.9885,8.5735,14.3503,59.3375,49.6545,45.9512,44.2051,42.7892,41.8359,40.9272,40.0601,39.2319,38.1331,36.9569,34.9539,31.5953,27.3806,23.1177,13.1190
64.647,0.26486853227470697,0.3440921939013901,1.1222824037384505e-13,2,101.244,0.408295,-0.30839,11968.8,0.0,4.0675,6.8773,10.0178,75.1190,59.1999,53.5762,51.0061,48.9588,47.5986,46.3153,45.1027,43.9552,42.4488,40.8560,38.1895,33.8430,28.5969,23.7520,14.0242
64.747,0.08679212065577599,0.37526106564448247,1.886220035963214e-14,2,102.422,0.535666,-0.269367,12097.8,0.0,3.2569,5.6204,8.1313,93.4126,69.6376,61.4736,57.8711,55.0567,53.2131,51.4927,49.8838,48.3760,46.4176,44.3728,41.0076,35.6719,29.4665,23.9474,14.4965
64.866,0.18155789897625024,0.4155901469485572,2.2191190101103623e-15,2,104.249,0.661454,-0.189812,12289.6,0.0,2.4967,4.6802,7.4659,100.7000,78.0464,67.2692,62.6709,59.1429,56.8617,54.7539,52.8006,50.9857,48.6507,46.2391,42.3276,36.2682,29.4310,23.5292,14.4651
64.968,0.08461395568853769,0.4996483508364782,3.7296733202924855e-16,2,106.096,0.739098,-0.132597,12616.0,0.0,2.0044,4.0220,7.1685,109.6720,92.6633,81.5380,74.5661,69.3503,66.0559,63.0649,60.3374,57.8402,54.6791,51.4735,46.3981,38.8242,30.6728,23.9480,14.3996
65.076,0.027726301000020038,0.6006348106645971,6.26846194941558e-17,2,109.039,0.785639,-0.0399926,12976.2,0.0,1.7866,4.3761,16.6075,111.9580,95.5247,86.3310,80.5221,74.5468,70.5529,66.9699,63.7380,60.8081,57.1383,53.4608,47.7268,39.3660,30.6198,23.5919,13.8973
65.187,0.049941020632585,0.7234752725710751,1.0535403998382766e-17,2,112.793,0.777475,0.0683438,13477.9,0.0,2.1009,7.1441,25.2160,110.4100,94.1491,85.5812,80.3600,75.1154,70.9309,67.1275,63.7157,60.6384,56.8049,52.9863,47.0776,38.5600,29.7711,22.7968,13.2954
65.296,0.024825924448843267,0.8255055159879648,1.770685350008192e-18,2,117.277,0.709812,0.143903,14457.4,0.0,2.9097,9.3304,26.5866,111.9890,95.0325,87.3037,82.7877,78.4986,75.1572,71.4683,67.4756,63.8556,59.4015,55.0252,48.3696,39.0148,29.6468,22.4092,12.8043
65.408,-0.0007463305275327296,0.8881840810726862,2.9759908677587686e-19,3,120.716,0.623932,0.137386,12011.7,0.0,3.7382,11.6908,31.3429,109.3100,92.4241,85.0580,80.8115,76.8372,73.7974,70.5251,66.9146,63.1791,58.5972,54.1213,47.3634,37.9638,28.6648,21.5569,12.2210
65.517,0.0403760832557615,0.9328208608577728,5.001747851442163e-20,3,123.552,0.540977,0.127428,12099.7,0.0,4.5038,13.5826,33.6198,107.8500,90.6357,83.6141,79.6626,76.0198,73.2821,70.3988,67.3247,63.9836,59.0969,54.3147,47.1814,37.4301,27.9727,20.8669,11.6854
65.628,0.009557802169966677,0.9614022396858749,8.406437613918844e-21,3,128.069,0.462165,0.114648,12553.4,0.0,5.1917,14.9907,34.0942,107.4010,89.5006,82.6137,78.9490,75.6144,73.1439,70.5837,67.9145,65.1079,60.8605,55.6588,47.8310,37.3935,27.5496,20.3269,11.1993
65.738,0.018622521576390615,0.9758831901971424,1.4128699697713404e-21,3,132.687,0.386274,0.109101,13033.9,0.0,5.8832,16.6864,36.7611,103.7960,86.1601,79.4558,75.9779,72.8362,70.5258,68.1502,65.6977,63.1524,59.3882,54.6703,46.7384,36.2870,26.5585,19.4982,10.6651
65.846,0.030733377949776673,0.9810138080606746,2.374610558194692e-22,3,137.371,0.315311,0.0891649,13458.3,0.0,6.4056,17.1116,34.2387,106.1440,86.7780,79.5912,76.2411,73.3687,71.2771,69.1482,66.9775,64.7595,61.5607,57.7381,49.8509,37.6219,26.8260,19.3205,10.2857
65.958,0.010070713286582818,0.9834479386096968,3.9910079651578185e-23,3,142.033,0.252279,0.0735165,13948.2,0.0,6.8676,17.5769,33.1083,106.6290,86.1743,78.6317,75.1446,72.3487,70.4143,68.4575,66.4761,64.4683,61.6076,58.2556,51.6579,38.6420,26.9119,19.0636,9.9238
66.068,0.020936439956212315,0.9855180056798755,6.707687087040747e-24,3,146.813,0.196559,0.0660936,14274.0,0.0,7.3166,18.3707,33.7449,103.1750,82.8650,75.4123,71.9797,69.2332,67.3959,65.5714,63.7333,61.8808,59.2614,56.2273,50.3995,38.3602,26.3888,18.5367,9.5437
66.176,0.06025405203469697,0.9873347549449316,1.1273609687189386e-24,3,151.423,0.151844,0.0308496,14729.1,0.0,7.4295,17.1779,28.6471,112.5880,89.1991,79.9865,75.8303,72.5436,70.3714,68.3306,66.4097,64.5987,62.2043,59.4823,54.3478,43.9704,29.0401,19.4910,9.4856
66.288,0.03216597157622325,0.9879300673441052,1.8947555801259204e-25,4,155.506,0.127018,0.00382536,12252.4,0.0,7.4360,16.2693,25.6547,118.6890,93.9562,83.3591,78.5102,74.7190,72.2342,69.9144,67.7440,65.7092,63.0651,60.3031,55.5905,46.3791,31.9492,20.5421,9.5267
66.397,0.027112459705990584,0.9881251393110664,3.1845157035176343e-26,4,156.858,0.122555,-0.0119026,12041.8,0.0,7.3583,15.6315,23.9805,119.3730,94.2914,83.4610,78.2636,74.2187,71.5826,69.1324,66.8493,64.7170,61.9581,59.0900,54.3976,46.1040,33.5784,21.4302,9.6406
66.506,0.036830214230558996,0.9881890604932002,5.3522155429020884e-27,4,160.208,0.132672,-0.0253614,12357.6,0.0,7.1798,14.8923,22.3683,118.8630,93.6392,82.7556,77.4543,73.1982,70.4390,67.8850,65.5147,63.3090,60.4668,57.5257,52.7437,45.0424,34.0025,22.5418,9.8644
66.616,0.03630171914946957,0.988210006186162,8.99546866295554e-28,4,163.535,0.158836,-0.048982,12591.0,0.0,6.8121,13.5864,19.7947,123.7180,97.5528,86.1557,80.5796,75.9935,72.8848,69.9431,67.2306,64.7254,61.5238,58.2420,52.9721,44.9355,34.8735,24.3597,10.3523
66.726,0.01189534733089819,0.9882168696708316,1.5118684181829376e-28,4,166.921,0.20105,-0.0628427,12711.1,0.0,6.3906,12.4737,18.3466,123.3720,97.0855,85.6385,80.0407,75.4385,72.3202,69.3421,66.5034,63.8613,60.5036,57.0841,51.6394,43.4439,34.1662,24.7933,10.8971
66.836,0.04778814358526372,0.988219118697488,2.5409972504400635e-29,4,170.075,0.254162,-0.0688623,13080.8,0.0,5.9344,11.6244,18.3864,118.6220,92.8706,81.7551,76.3459,71.9126,68.9163,66.0599,63.3413,60.7648,57.4808,54.1462,48.8579,40.9467,32.3579,24.1987,11.4480
66.949,0.06471659783481921,0.9882198556585429,4.270654078814615e-30,4,173.195,0.325652,-0.106277,13293.9,0.0,5.2068,10.1725,16.0642,131.0040,103.3020,91.0604,85.0296,80.0501,76.6655,73.4248,70.3279,67.3739,63.4746,59.3457,52.5936,42.8656,32.9244,24.8850,12.2522
67.057,0.021206334778513556,0.9882200971459414,7.177688310263722e-31,4,176.404,0.414949,-0.0985664,13370.5,0.0,4.6007,9.3885,15.7108,137.8200,108.3070,95.5773,89.2699,84.0428,80.4798,77.0610,73.7868,70.6577,66.5184,62.1255,54.8154,43.7120,32.7853,24.5260,12.6483
67.169,0.02655763719428582,0.9882201762765321,1.206354074306024e-31,4,179.42,0.476859,-0.0464166,13658.6,0.0,4.3098,9.7393,21.0103,133.0050,103.9530,91.5810,85.4808,80.4411,77.0144,73.7331,70.5969,67.6054,63.6560,59.4744,52.5363,41.8099,31.1620,23.1975,12.5311
67.279,0.10087930562342358,0.9882202022060441,2.0275192926861347e-32,4,182.219,0.503026,-0.0304378,13990.8,0.0,4.1561,9.7153,18.8115,159.6200,118.9760,105.2070,98.3965,92.7105,88.8118,85.0534,81.4374,77.9652,73.3489,68.4219,60.1635,47.1398,33.4611,23.9113,12.5609
67.389,0.033056130866683436,0.9882202107026266,3.407651675217587e-33,4,185.123,0.505032,-0.00161916,14228.3,0.0,4.2642,10.2424,17.9343,40.3220,131.6570,114.4760,107.0470,101.0210,96.8690,92.8487,88.9646,85.2188,80.2141,74.8402,65.7581,51.2660,35.6661,24.5747,12.3439
67.497,0.012013426075676079,0.9882202134867867,5.727240170538201e-34,4,188.179,0.471899,0.0424649,14460.2,0.0,4.6842,11.1126,19.0650,44.0310,129.1520,111.6060,104.0920,98.2067,94.1714,90.2696,86.5060,82.8821,78.0478,72.8665,64.1312,50.2259,35.2343,24.1682,11.9912
67.608,0.055409604186577546,0.9882202143991002,9.625772554623557e-35,5,188.864,0.431153,0.0183222,12582.4,0.0,4.9177,11.0746,17.9677,34.9545,141.5830,119.5050,110.3570,103.4450,99.0233,94.9538,91.0535,87.2898,82.2537,76.8372,67.6588,52.9312,36.9423,25.0396,11.9272
67.719,0.01815661909985773,0.9882202146980472,1.6178035932555812e-35,5,191.04,0.412135,-1.17461e-05,13112.0,0.0,4.9881,10.8336,16.9642,31.2835,155.6630,125.9020,115.1540,107.1660,102.1150,97.5271,93.3395,89.4928,84.3931,78.8986,69.5630,54.5108,38.0653,25.7726,11.9825
67.829,0.00594956094664138,0.9882202147960062,2.719042499184655e-36,5,193.535,0.408753,-0.00447971,13249.2,0.0,4.9946,10.7564,16.9407,33.5165,152.9680,121.8230,111.1240,103.2100,98.2218,93.7008,89.5838,85.8196,80.9632,75.7501,66.9256,52.7578,37.2663,25.5537,12.0076
67.936,0.08693856896405544,0.9882202148281054,4.569894728379651e-37,5,195.899,0.419613,-0.037145,13371.2,0.0,4.7516,9.7371,14.7884,25.5106,200.0000,157.6400,131.6550,119.7120,112.6080,106.3080,100.6830,95.6305,89.3630,83.1514,73.4088,57.7297,40.3763,27.2887,12.4791
68.049,0.028488030278141684,0.9882202148386237,7.680622069987678e-38,5,198.171,0.459966,-0.059562,13567.3,0.0,4.3469,8.7239,12.9694,21.0706,200.0000,200.0000,180.2850,147.0540,130.7480,120.8650,113.2080,106.4840,98.3211,90.4157,78.6075,61.7488,43.0638,28.9007,13.0143
68.157,0.009334957761541467,0.9882202148420702,1.290882151302829e-38,5,200.555,0.509939,-0.0511325,13713.4,0.0,3.9736,8.0716,12.1163,20.0404,200.0000,200.0000,186.3620,161.1870,136.0530,122.4760,113.5900,106.4710,97.8950,89.6576,77.4759,60.8151,42.8648,29.1037,13.3336
68.266,0.04557600449580191,0.9882202148431996,2.169585631694665e-39,5,202.896,0.55542,-0.051647,13881.1,0.0,3.6021,7.2951,10.9021,17.7643,35.8967,200.0000,200.0000,186.1160,170.6250,151.4280,127.6970,115.5090,104.4770,94.6794,80.5574,62.1514,43.9703,29.9322,13.7371
68.378,0.01493434515318437,0.9882202148435697,3.6464225711892244e-40,5,205.229,0.601786,-0.0499862,14028.0,0.0,3.2304,6.5468,9.7740,15.8226,29.4788,200.0000,200.0000,200.0000,188.4510,174.4180,158.5330,137.7480,113.2350,100.2170,83.8671,63.3382,44.7375,30.5943,14.1161
68.489,0.004893686219795453,0.9882202148436909,6.128542415397732e-41,5,207.565,0.643926,-0.0375846,14173.4,0.0,2.9211,6.0364,9.1642,15.3352,34.2974,200.0000,200.0000,200.0000,188.3180,174.5980,160.3370,143.5430,114.5880,99.1301,82.3791,61.8009,43.7294,30.3097,14.2974
68.596,0.0016035631005025743,0.9882202148437307,1.0300241237558968e-41,5,209.883,0.67423,-0.0221427,14308.0,0.0,2.7115,5.7534,8.9537,15.8547,129.0120,200.0000,200.0000,199.2760,183.5700,170.1380,156.6810,141.3460,113.1470,96.2009,79.5018,59.5118,42.1282,29.6293,14.3328
68.709,0.046823355595022674,0.9882202148437437,1.731161544796536e-42,5,212.124,0.692312,-0.0222653,14449.2,0.0,2.5603,5.4262,8.4266,14.7951,89.9717,200.0000,200.0000,200.0000,200.0000,191.2230,176.2020,163.3370,144.9130,118.0420,85.6387,62.0378,42.7469,29.9284,14.4872
68.818,0.01534307716137703,0.9882202148437479,2.909563208339539e-43,5,214.314,0.709951,-0.0210612,14596.0,0.0,2.4160,5.1269,7.9651,13.9596,40.1621,115.2840,200.0000,200.0000,200.0000,200.0000,198.8870,182.1680,163.0040,143.6150,97.6436,65.2410,43.6662,30.1222,14.6188
68.929,0.005027619524240025,0.9882202148437493,4.890102884256265e-44,5,216.473,0.722331,-0.00788719,14762.3,0.0,2.3427,5.0943,8.1113,15.1447,47.9174,105.8680,200.0000,200.0000,200.0000,200.0000,200.0000,183.9700,163.8910,145.3120,105.7960,64.7833,43.0014,29.5061,14.5351
69.038,0.0016474503657029718,0.9882202148437498,8.218795917569504e-45,5,218.61,0.720932,0.00821274,14901.9,0.0,2.3931,5.3769,8.8781,18.4162,58.1467,101.9480,200.0000,200.0000,200.0000,200.0000,198.6520,181.0000,160.9930,142.8850,108.5780,63.4420,41.9836,28.7553,14.3033
69.146,0.0005398365358335498,0.9882202148437498,1.3813330298659064e-45,5,220.697,0.701757,0.025315,15035.6,0.0,2.6041,6.0820,10.4818,22.2580,64.8448,100.1280,200.0000,200.0000,200.0000,200.0000,193.8030,176.4810,156.8730,139.2210,108.4650,62.0798,40.8567,27.9628,13.9314
69.258,0.00017689363606193756,0.9882202148437498,2.321606423295629e-46,6,220.132,0.663376,0.0429618,13720.7,0.0,2.9929,7.1411,12.3317,26.1798,66.6782,101.6420,200.0000,200.0000,200.0000,200.0000,187.8060,171.0150,152.0090,134.8980,106.8970,60.9389,39.6575,27.1407,13.5210
69.366,5.7964506664775716e-05,0.9882202148437498,3.9019239156329644e-47,6,221.756,0.612851,0.044975,13806.0,0.0,3.4434,8.2160,14.1879,30.1200,66.6274,200.0000,200.0000,200.0000,200.0000,200.0000,181.7170,165.4690,147.0790,130.5230,104.7760,60.2964,38.4502,26.3144,13.1094
69.476,1.899380954391371e-05,0.9882202148437498,6.557963525004324e-48,6,223.346,0.561818,0.0450017,13895.3,0.0,3.8974,9.2998,16.0607,34.1021,65.5611,200.0000,200.0000,200.0000,200.0000,200.0000,175.5270,159.8370,142.0770,126.0890,102.2260,60.3292,37.2420,25.4801,12.6942
69.588,0.005267252848542599,0.9882202148437498,1.102196929647477e-48,6,224.904,0.510447,0.0447876,13984.5,0.0,4.3533,10.3826,17.9204,36.8553,63.7618,200.0000,200.0000,200.0000,200.0000,200.0000,169.7610,154.5530,137.3440,121.8610,99.5487,61.5265,36.2788,24.6553,12.2791
69.697,0.008367568890216686,0.9882202148437498,1.8524623796585145e-49,6,226.422,0.460924,0.039354,14082.0,0.0,4.7654,11.2262,19.1087,36.1425,58.5934,200.0000,200.0000,200.0000,200.0000,200.0000,174.3620,157.8130,139.3170,122.8810,100.5090,65.7554,36.5383,24.1907,11.9360
69.812,0.0071953483963524524,0.9882202148437498,3.113433521492066e-50,6,227.911,0.415896,0.0354459,14183.4,0.0,5.1417,12.0081,20.0258,35.0795,54.6827,192.2760,200.0000,200.0000,200.0000,200.0000,200.0000,158.9780,139.6140,122.5730,99.7898,67.7992,37.2356,23.8918,11.6101
69.919,0.00799626707489802,0.9882202148437498,5.232747719571716e-51,6,229.375,0.375106,0.0317356,14285.4,0.0,5.4790,12.5927,20.1968,33.4398,51.1462,183.5510,194.2350,200.0000,200.0000,200.0000,200.0000,160.1620,139.8970,122.2420,98.8960,68.8734,38.7849,23.9464,11.3165
70.031,0.01401469639450258,0.9882202148437498,8.794679092284187e-52,6,230.829,0.338735,0.0262677,14370.1,0.0,5.7386,12.6964,19.6704,31.1211,47.3001,173.9500,184.6760,193.4200,200.0000,200.0000,200.0000,200.0000,142.0520,123.3150,98.9059,69.7608,41.1633,24.5185,11.1582
70.137,0.019997386069350604,0.9882202148437498,1.4781217150402032e-52,6,232.208,0.322795,-0.0057996,14450.9,0.0,5.6901,11.8835,17.6008,26.3373,37.8859,53.4701,165.3080,174.7440,180.6040,186.7130,193.2650,200.0000,200.0000,143.0420,110.3790,75.8781,46.0157,26.9432,11.3883
70.248,0.006552743467204805,0.9882202148437498,2.4842791664680695e-53,6,233.564,0.338806,-0.0266278,14545.0,0.0,5.4469,11.0031,15.9102,23.2787,33.5884,46.8651,153.8040,163.9490,169.8320,175.4540,181.4550,187.8950,197.7460,200.0000,113.6380,76.7684,47.8873,28.8875,11.7872
70.356,0.0021472029793336705,0.9882202148437498,4.175327995082884e-54,6,234.95,0.37885,-0.0428956,14637.3,0.0,5.0421,9.9471,14.1742,20.9425,30.9446,45.1192,146.6770,156.3660,162.0350,167.3950,173.0860,179.1910,188.5250,200.0000,112.5560,75.7019,48.2146,30.0112,12.3653
70.468,0.0007035954722680572,0.9882202148437498,7.017473761335804e-55,6,236.296,0.438919,-0.0581382,14806.3,0.0,4.4944,8.7410,12.5791,18.9964,29.0829,47.1898,140.5410,149.4960,154.8760,159.9910,165.4230,171.2490,180.1550,191.5770,110.4010,74.1718,47.8600,30.6300,13.0576
70.579,0.000230554164352797,0.9882202148437498,1.1794268150677086e-55,6,237.655,0.515971,-0.063072,15021.5,0.0,3.8801,7.6910,11.2499,17.4519,28.0920,76.0221,134.5370,142.7690,147.8470,152.7210,157.9050,163.4650,171.9640,182.8640,107.9520,72.5154,47.0560,30.8507,13.5961
70.687,0.035549464810450127,0.9882202148437498,1.982262648084298e-56,6,239.2,0.583496,-0.0493344,15109.8,0.0,3.3793,6.8355,10.1634,16.2207,27.7723,93.5688,127.3820,135.1470,139.9910,144.6080,149.4860,154.7160,162.7060,172.9450,106.9700,71.5136,46.2601,30.8636,13.9871
70.797,0.0208447908434883,0.9882202148437498,3.33158883263528e-57,6,240.764,0.640355,-0.0521315,15170.1,0.0,2.9097,5.8463,8.6276,13.5208,21.7975,38.2660,80.1084,116.8780,122.7950,127.8180,132.4030,136.7770,143.3070,151.6070,170.1760,79.1849,48.9149,32.1224,14.5262
70.910,0.006830421063594246,0.9882202148437498,5.599401351010116e-58,6,242.393,0.692734,-0.0428551,15185.0,0.0,2.5065,5.1052,7.6150,12.1431,20.1624,35.2522,61.1843,105.5630,112.0690,117.2010,121.7700,126.0270,131.9180,139.3540,155.9150,81.8190,49.6384,32.2915,14.8389
71.016,-0.037323630210256434,0.9882202148437498,9.410913850642704e-59,6,244.006,0.734182,-0.0258549,15207.3,0.0,2.2028,4.6144,7.0541,11.7849,21.7071,39.7080,71.2382,100.3470,105.8750,110.5350,114.7780,118.7760,124.3540,131.4070,147.1290,80.2903,48.9148,31.8944,14.9356
71.129,-0.046456339170896824,0.9882202148437498,1.581692290877519e-59,6,245.416,0.74204,0.0277774,15260.0,0.0,2.2564,5.2622,9.0270,19.8354,72.2324,100.7200,107.1820,112.3980,116.1500,120.1700,124.4890,129.1400,136.2860,145.5140,193.2210,61.6910,41.2000,28.3810,14.2519
71.240,-0.01522281321951947,0.9882202148437498,2.6583502332778466e-60,6,246.851,0.697444,0.0591285,15306.5,0.0,2.7402,6.8671,12.5929,31.9165,89.8916,101.2030,106.6810,111.8080,115.7930,120.0820,124.7120,129.7220,137.4730,147.5760,75.5290,54.6194,37.5406,26.3544,13.5580
71.347,-0.00498821143577214,0.9882202148437498,4.467889237070077e-61,6,248.238,0.618101,0.0690839,15428.8,0.0,3.4897,8.8293,16.3794,43.1817,86.3860,96.1427,101.2570,106.1950,110.0390,114.1800,118.6550,123.5040,131.0180,140.8350,70.4069,51.0728,35.3122,24.8900,12.8722
71.457,-0.001634537123273815,0.9872790527343748,7.50918144074368e-62,6,249.648,0.531158,0.0702321,15545.0,0.0,4.2899,10.8858,20.2731,54.1832,81.4978,90.1165,94.9120,99.5640,103.1860,107.0900,111.3090,115.8840,122.9760,132.2500,168.9350,48.0439,33.2813,23.4890,12.1684
71.568,-0.021212361363929365,0.9802018148437499,1.2620681247457902e-62,6,251.077,0.44128,0.0740887,15609.1,0.0,5.1351,13.1625,24.8434,60.4400,77.1499,84.8700,89.4585,93.9164,97.3919,101.1430,105.2030,109.6100,116.4560,125.4320,161.2270,44.3461,30.9128,21.9116,11.4160
71.679,-0.09297797909561988,0.96032442521925,2.12115789726025e-63,6,252.342,0.340543,0.0954139,15682.6,0.0,6.2162,16.9085,34.7758,63.6377,77.1729,85.2289,90.2810,95.2359,99.1311,103.3670,107.9890,113.0530,121.0130,154.5580,50.0338,37.2591,26.7972,19.4204,10.4288
71.789,-0.09481387002895272,0.5774937326558438,3.565030077925303e-64,6,252.546,0.199373,0.157286,15586.3,0.0,8.1750,27.6962,54.6147,74.3693,92.5975,105.6590,114.2900,146.9250,145.9090,144.7900,143.5520,42.5780,38.7673,36.0587,31.9617,26.0888,20.0698,15.3224,8.8937
71.896,-0.031068608931087226,0.18923314631666693,5.991746051969057e-65,6,250.64,0.00121657,0.185071,15326.9,0.0,10.6082,37.9179,57.4733,78.3338,100.5720,138.9730,137.3510,135.7210,35.9674,33.0999,31.2603,29.8659,28.1907,26.4970,23.8259,19.8632,15.6295,12.1605,7.2802
72.008,-0.016641326969851163,0.06200791738504543,0.6059507537841796,6,243.75,-0.228628,0.196124,14648.5,0.0,13.2644,39.9461,56.6662,78.2541,101.9490,129.9250,128.1750,27.1148,25.2036,23.8361,22.7552,21.8357,20.6728,19.4900,17.6103,14.7891,11.7308,9.1907,5.5672
72.119,-0.004460289845480829,0.020318754368731685,0.8651741425476379,6,229.126,-0.461668,0.200629,13582.0,0.0,15.8875,39.6568,55.0266,76.4417,124.6570,121.9030,20.3094,18.1504,17.0974,16.2534,15.5451,14.9289,14.1499,13.3558,12.0902,10.1820,8.1019,6.3649,3.8736
72.226,-0.001461547776567158,0.0066580494315459995,0.9120787077559014,6,213.293,-0.683983,0.200611,12552.3,0.0,17.7551,38.3134,52.8314,73.3901,117.5720,13.5772,11.6864,10.6382,10.0579,9.5671,9.1419,8.7673,8.3071,7.8409,7.0978,5.9775,4.7562,3.7365,2.2740
72.337,-0.014357815749644277,0.0021817096377289933,0.9217148724591652,6,197.736,-0.891711,0.20105,11584.4,0.0,18.4546,36.8913,50.8921,70.7379,5.8774,4.4219,3.9709,3.6605,3.4725,3.3061,3.1574,3.0235,2.8566,2.6898,2.4295,2.0456,1.6282,1.2794,0.7790
72.448,-0.030410332818437188,0.0007149026140910365,0.924440405784622,5,182.591,-1.06597,0.149952,10625.0,7.0,-1.0000,-1.0000,-1.0000,-1.0000,-1.0000,-1.0000,-1.0000,-1.0000,-1.0000,-1.0000,-1.0000,-1.0000,-1.0000,-1.0000,-1.0000,-1.0000,-1.0000,-1.0000,-1.0000
72.556,-0.01638197152353925,0.00023425928858535088,0.9241960263012468,5,170.431,-1.15741,0.0340869,10050.3,7.0,-1.0000,-1.0000,-1.0000,-1.0000,-1.0000,-1.0000,-1.0000,-1.0000,-1.0000,-1.0000,-1.0000,-1.0000,-1.0000,-1.0000,-1.0000,-1.0000,-1.0000,-1.0000,-1.0000
72.667,0.006331567883172906,7.676208368364777e-05,0.9248574133108607,5,159.984,-1.18207,-0.0303333,8136.87,7.0,-1.0000,-1.0000,-1.0000,-1.0000,-1.0000,-1.0000,-1.0000,-1.0000,-1.0000,-1.0000,-1.0000,-1.0000,-1.0000,-1.0000,-1.0000,-1.0000,-1.0000,-1.0000,-1.0000
72.777,0.026634461663164348,2.5153399581457702e-05,0.9217921505064258,4,154.71,-1.16368,-0.0970319,5235.99,7.0,-1.0000,-1.0000,-1.0000,-1.0000,-1.0000,-1.0000,-1.0000,-1.0000,-1.0000,-1.0000,-1.0000,-1.0000,-1.0000,-1.0000,-1.0000,-1.0000,-1.0000,-1.0000,-1.0000
72.888,0.04769112558734194,8.24226597485206e-06,0.8918583618625682,4,147.943,-1.11412,-0.176632,5235.99,7.0,-1.0000,-1.0000,-1.0000,-1.0000,-1.0000,-1.0000,-1.0000,-1.0000,-1.0000,-1.0000,-1.0000,-1.0000,-1.0000,-1.0000,-1.0000,-1.0000,-1.0000,-1.0000,-1.0000
72.997,0.04032756219682349,2.700825714639523e-06,0.6274999353237986,4,140.184,-1.04292,-0.268811,5235.99,7.0,-1.0000,-1.0000,-1.0000,-1.0000,-1.0000,-1.0000,-1.0000,-1.0000,-1.0000,-1.0000,-1.0000,-1.0000,-1.0000,-1.0000,-1.0000,-1.0000,-1.0000,-1.0000,-1.0000
73.107,0.008511987318764493,8.850065701730789e-07,0.19153542429222437,3,127.658,-0.96994,-0.385674,5235.99,7.0,12.8311,17.9809,21.0838,24.3054,26.8689,28.3961,29.2924,30.1293,30.7599,31.4198,32.1112,32.8363,33.9127,35.2393,38.0499,45.3794,75.4723,63.1177,0.4634
73.217,-0.2574737193535845,2.899989529143145e-07,0.03219135876079415,3,111.039,-0.898693,-0.560017,6139.84,7.0,11.6878,14.6411,16.3740,18.0686,19.3413,20.0689,20.4858,20.8683,21.1524,21.4461,21.7496,22.0636,22.5216,23.0732,24.1971,26.8691,33.1707,74.6355,2.7199
73.327,-0.4039199340979749,9.502685689096257e-08,0.005410401666926673,3,94.7993,-0.80986,-0.798133,7960.85,7.0,10.8600,12.0083,12.8429,13.6458,14.2321,14.5600,14.7453,14.9138,15.0379,15.1653,15.2960,15.4302,15.6240,15.8545,16.3144,17.3567,19.5564,24.1432,51.2182
73.442,-0.47948441580332596,3.113840046603062e-08,0.0009093262081603661,2,80.3467,-0.692424,-1.0036,9408.07,7.0,10.4012,10.4430,10.8409,11.2503,11.5545,11.7252,11.8216,11.9092,11.9737,12.0398,12.1076,12.1771,12.2772,12.3961,12.6319,13.1595,14.2364,16.3113,66.6914
73.549,-0.5305142673201135,1.020343106470891e-08,0.00015283045580551276,2,67.3995,-0.547743,-1.17834,8141.3,7.0,10.0526,9.3037,9.4442,9.6363,9.7917,9.8816,9.9330,9.9800,10.0148,10.0506,10.0874,10.1253,10.1801,10.2453,10.3754,10.6683,11.2664,12.3966,24.2526
73.664,-0.570857159025323,3.3434602912838155e-09,2.5686214707232538e-05,2,56.9024,-0.381946,-1.32045,7016.78,7.0,9.6388,8.3191,8.2986,8.3603,8.4287,8.4720,8.4977,8.5217,8.5397,8.5585,8.5779,8.5982,8.6277,8.6633,8.7356,8.9023,9.2526,9.9255,16.2619
73.766,-0.6028482874007938,1.0955850682478808e-09,0.48074180502766245,2,47.7014,-0.20086,-1.43354,5235.99,7.0,9.0380,7.3434,7.2240,7.2060,7.2216,7.2368,7.2471,7.2572,7.2651,7.2736,7.2826,7.2923,7.3067,7.3247,7.3624,7.4546,7.6610,8.0768,11.9349
73.880,-0.6406696038108134,3.5900131516346554e-10,0.776160488153177,2,33.1466,-0.0258407,-1.56164,5235.99,7.0,8.6259,6.4895,6.2806,6.1946,6.1664,6.1587,6.1563,6.1553,6.1550,6.1553,6.1560,6.1572,6.1597,6.1636,6.1743,6.2085,6.3051,6.5306,8.7854
73.990,0.526392113719507,1.1763755095276438e-10,0.8403201083684162,2,12.193,0.122534,-1.75802,5235.99,7.0,9.3491,6.0627,5.7080,5.5273,5.4436,5.4083,5.3911,5.3770,5.3675,5.3584,5.3498,5.3416,5.3308,5.3195,5.3013,5.2760,5.2661,5.3202,6.3710
74.103,1.0,0.3105834961322975,0.41868942571723955,-1,-4.7529,0.250843,-1.98648,5267.2,7.0,12.4393,6.1278,5.5432,5.2339,5.0822,5.0147,4.9808,4.9523,4.9325,4.9134,4.8947,4.8765,4.8520,4.8251,4.7779,4.6958,4.5923,4.5109,4.8207
74.213,1.0,0.6829897978641937,0.07036913178029647,-1,-13.9008,0.373777,-2.14794,5235.99,7.0,18.1732,6.1122,5.3200,4.9097,4.7089,4.6192,4.5739,4.5358,4.5094,4.4836,4.4584,4.4339,4.4005,4.3638,4.2988,4.1829,4.0265,3.8735,3.8403
74.319,1.0,0.8060689768469514,0.011826939978314428,-1,-23.4932,0.477296,-2.2981,5235.99,7.0,47.0173,6.4029,5.2940,4.7492,4.4882,4.3725,4.3144,4.2655,4.2316,4.1986,4.1664,4.1350,4.0923,4.0454,3.9623,3.8134,3.6095,3.3989,3.1415
74.433,1.0,0.8468011247160215,0.001987753802155306,-1,-34.4789,0.548906,-2.48997,5235.99,7.0,115.5350,8.6039,6.3250,5.3589,4.9252,4.7382,4.6455,4.5680,4.5146,4.4628,4.4124,4.3636,4.2975,4.2252,4.0980,3.8729,3.5682,3.2519,2.7310
74.537,1.0,0.8601482349297584,0.00033408178152824226,-1,-43.9827,0.585241,-2.71758,5235.99,7.0,26.9010,26.9713,11.6873,8.3712,7.1750,6.7028,6.4772,6.2930,6.1682,6.0487,5.9342,5.8244,5.6780,5.5205,5.2501,4.7909,4.2041,3.6290,2.6604
74.651,1.0,0.8653061177624083,5.614912502145169e-05,-1,-47.7897,0.599325,-2.81222,5235.99,7.0,21.7900,66.1093,20.0929,11.6860,9.3668,8.5290,8.1428,7.8337,7.6275,7.4325,7.2478,7.0725,6.8418,6.5970,6.1853,5.5094,4.6852,3.9161,2.6777
74.759,1.0,0.8662119510511984,9.436983442355389e-06,-1,-49.9476,0.595978,-2.78478,5235.99,7.0,23.0418,58.5851,16.5090,10.4268,8.5636,7.8685,7.5439,7.2823,7.1069,6.9402,6.7817,6.6308,6.4313,6.2185,5.8582,5.2598,4.5187,3.8156,2.6652
74.870,0.8,0.8665087745032691,1.58607380715667e-06,-1,-51.7147,0.569696,-2.7116,5235.99,7.0,27.0662,26.2852,11.8015,8.5213,7.3255,6.8516,6.6249,6.4394,6.3138,6.1934,6.0780,5.9672,5.8195,5.6604,5.3871,4.9221,4.3265,3.7413,2.7539
74.978,0.3133955324049756,0.8666060376120437,2.665714247688216e-07,-1,-54.3482,0.513515,-2.69276,5290.41,7.0,27.4978,24.9584,12.3103,9.0966,7.8888,7.4046,7.1719,6.9810,6.8514,6.7270,6.6075,6.4927,6.3392,6.1737,5.8884,5.4006,4.7714,4.1486,3.0924
75.087,1.0,0.8726952281234646,4.480265936089586e-08,-1,-55.7293,0.435293,-2.63175,5235.99,7.0,31.6516,19.1113,11.4504,8.9628,7.9542,7.5377,7.3349,7.1673,7.0529,6.9425,6.8361,6.7334,6.5955,6.4458,6.1859,5.7353,5.1427,4.5442,3.5211
75.201,1.0,0.8758199286014968,7.529982958785769e-09,-1,-56.5379,0.339625,-2.48362,5250.06,7.0,137.8940,12.3590,9.1371,7.7611,7.1414,6.8739,6.7411,6.6301,6.5537,6.4794,6.4073,6.3373,6.2425,6.1388,5.9563,5.6331,5.1953,4.7407,3.9946
75.311,1.0,0.8767434398291385,1.2655642358831244e-09,-1,-57.671,0.213359,-2.35888,5490.67,7.0,84.3340,10.8265,8.7021,7.6928,7.2166,7.0068,6.9018,6.8135,6.7524,6.6929,6.6349,6.5785,6.5018,6.4176,6.2685,6.0022,5.6376,5.2582,4.7199
75.422,1.0,0.8768402552069621,2.1270338112487675e-10,-1,-58.8403,0.0563735,-2.25225,6105.63,7.0,54.4546,10.6974,9.0052,8.1570,7.7471,7.5647,7.4730,7.3957,7.3421,7.2899,7.2389,7.1892,7.1217,7.0473,6.9155,6.6795,6.3568,6.0268,5.6926
75.528,0.8995082978613281,0.3454692648262173,3.5749057265658034e-11,-1,-60.2342,-0.13195,-2.12937,5399.9,7.0,35.0455,11.2193,9.7270,8.9568,8.5802,8.4120,8.3272,8.2557,8.2062,8.1578,8.1107,8.0647,8.0021,7.9333,7.8114,7.5937,7.2993,7.0090,7.0200
75.637,-0.35549206532533895,0.6655299995576298,6.0083440546391465e-12,1,-59.3879,-0.357564,-2.0038,5235.99,7.0,29.2569,12.0414,10.6750,9.9579,9.6056,9.4481,9.3687,9.3019,9.2556,9.2104,9.1664,9.1235,9.0652,9.0012,8.8881,8.6878,8.4229,8.2009,8.8811
75.747,-0.8808550433198168,0.8698258429112941,1.0098223852632014e-12,1,-54.6651,-0.597078,-1.93494,5235.99,7.0,30.1838,13.4853,12.0597,11.3081,10.9387,10.7738,10.6908,10.6209,10.5725,10.5253,10.4794,10.4346,10.3739,10.3073,10.1899,9.9850,9.7427,9.5894,10.9671
75.865,-1.0,0.9394514404082978,1.6972084829118626e-13,1,-49.4792,-0.828831,-1.91727,5235.99,7.0,34.9804,15.4301,13.7795,12.9098,12.4824,12.2915,12.1954,12.1145,12.0584,12.0038,11.9506,11.8987,11.8284,11.7512,11.6153,11.3864,11.1240,10.9748,12.8347
75.968,-1.0,0.962748231196116,2.852498297229968e-14,1,-45.0012,-1.04631,-2.0002,5235.99,7.0,-1.0000,-1.0000,-1.0000,-1.0000,-1.0000,-1.0000,-1.0000,-1.0000,-1.0000,-1.0000,-1.0000,-1.0000,-1.0000,-1.0000,-1.0000,-1.0000,-1.0000,-1.0000,-1.0000
76.077,-0.9943226420080568,0.9703821236014682,4.794193888154408e-15,1,-40.5557,-1.2513,-2.16014,5235.99,7.0,-1.0000,-1.0000,-1.0000,-1.0000,-1.0000,-1.0000,-1.0000,-1.0000,-1.0000,-1.0000,-1.0000,-1.0000,-1.0000,-1.0000,-1.0000,-1.0000,-1.0000,-1.0000,-1.0000
76.194,-0.9623766638052976,0.9728835974648541,8.057601667821114e-16,1,-37.8204,-1.44193,-2.23807,16174.9,7.0,-1.0000,-1.0000,-1.0000,-1.0000,-1.0000,-1.0000,-1.0000,-1.0000,-1.0000,-1.0000,-1.0000,-1.0000,-1.0000,-1.0000,-1.0000,-1.0000,-1.0000,-1.0000,-1.0000
76.297,-0.9281928169547199,0.9737032804204083,1.354241112310695e-16,2,-34.7974,-1.62213,-2.26424,13259.0,7.0,-1.0000,-1.0000,-1.0000,-1.0000,-1.0000,-1.0000,-1.0000,-1.0000,-1.0000,-1.0000,-1.0000,-1.0000,-1.0000,-1.0000,-1.0000,-1.0000,-1.0000,-1.0000,-1.0000
76.406,-0.900722601327912,0.9679559659281592,2.2760730374605857e-17,2,-31.3325,-1.78678,-2.26162,19961.5,7.0,-1.0000,-1.0000,-1.0000,-1.0000,-1.0000,-1.0000,-1.0000,-1.0000,-1.0000,-1.0000,-1.0000,-1.0000,-1.0000,-1.0000,-1.0000,-1.0000,-1.0000,-1.0000,-1.0000
76.516,-0.8808813115491262,0.9357010081809641,3.8253959540600066e-18,3,-28.8975,-1.93899,-2.24749,15484.8,7.0,-1.0000,-1.0000,-1.0000,-1.0000,-1.0000,-1.0000,-1.0000,-1.0000,-1.0000,-1.0000,-1.0000,-1.0000,-1.0000,-1.0000,-1.0000,-1.0000,-1.0000,-1.0000,-1.0000
76.630,-0.8657013165633883,0.8383942036263633,6.429342979988653e-19,3,-26.3429,-2.07962,-2.22738,15874.0,7.0,-1.0000,-1.0000,-1.0000,-1.0000,-1.0000,-1.0000,-1.0000,-1.0000,-1.0000,-1.0000,-1.0000,-1.0000,-1.0000,-1.0000,-1.0000,-1.0000,-1.0000,-1.0000,-1.0000
76.736,-0.8536101383205691,0.33283913764428674,1.0805796746466932e-19,3,-23.4359,-2.20711,-2.20634,15810.2,7.0,-1.0000,-1.0000,-1.0000,-1.0000,-1.0000,-1.0000,-1.0000,-1.0000,-1.0000,-1.0000,-1.0000,-1.0000,-1.0000,-1.0000,-1.0000,-1.0000,-1.0000,-1.0000,-1.0000
76.846,-0.8392554605157884,0.10906472862327987,1.8161302591786973e-20,3,-20.5099,-2.32065,-2.18552,12040.4,7.0,-1.0000,-1.0000,-1.0000,-1.0000,-1.0000,-1.0000,-1.0000,-1.0000,-1.0000,-1.0000,-1.0000,-1.0000,-1.0000,-1.0000,-1.0000,-1.0000,-1.0000,-1.0000,-1.0000
76.964,-0.823758168788045,0.03573833027527635,3.0523701266016356e-21,3,-18.13,-2.42088,-2.16479,8415.45,7.0,-1.0000,-1.0000,-1.0000,-1.0000,-1.0000,-1.0000,-1.0000,-1.0000,-1.0000,-1.0000,-1.0000,-1.0000,-1.0000,-1.0000,-1.0000,-1.0000,-1.0000,-1.0000,-1.0000
77.071,-0.8148788981696287,0.3662050915333525,5.130118471779369e-22,2,-15.1001,-2.50795,-2.14446,6505.63,7.0,-1.0000,-1.0000,-1.0000,-1.0000,-1.0000,-1.0000,-1.0000,-1.0000,-1.0000,-1.0000,-1.0000,-1.0000,-1.0000,-1.0000,-1.0000,-1.0000,-1.0000,-1.0000,-1.0000
77.180,-0.7990844981670178,0.636941537518649,8.622190115519587e-23,2,-12.4438,-2.58039,-2.12727,6851.7,7.0,-1.0000,-1.0000,-1.0000,-1.0000,-1.0000,-1.0000,-1.0000,-1.0000,-1.0000,-1.0000,-1.0000,-1.0000,-1.0000,-1.0000,-1.0000,-1.0000,-1.0000,-1.0000,-1.0000
77.291,-0.7669652998664699,0.4684496514516109,1.449131492715377e-23,2,-9.71832,-2.63887,-2.11217,8624.49,7.0,-1.0000,-1.0000,-1.0000,-1.0000,-1.0000,-1.0000,-1.0000,-1.0000,-1.0000,-1.0000,-1.0000,-1.0000,-1.0000,-1.0000,-1.0000,-1.0000,-1.0000,-1.0000,-1.0000
77.400,-0.6644259644672573,0.18361876928766385,2.4355552998067345e-24,2,-6.89013,-2.68298,-2.0963,6381.03,7.0,-1.0000,-1.0000,-1.0000,-1.0000,-1.0000,-1.0000,-1.0000,-1.0000,-1.0000,-1.0000,-1.0000,-1.0000,-1.0000,-1.0000,-1.0000,-1.0000,-1.0000,-1.0000,-1.0000
77.512,-0.3082864594232004,0.5502531436326817,4.0934377923851787e-25,2,-4.10542,-2.71265,-2.0737,5235.99,7.0,-1.0000,-1.0000,-1.0000,-1.0000,-1.0000,-1.0000,-1.0000,-1.0000,-1.0000,-1.0000,-1.0000,-1.0000,-1.0000,-1.0000,-1.0000,-1.0000,-1.0000,-1.0000,-1.0000
77.621,-0.14898202621089252,0.7315629149493071,6.87984089766177e-26,2,-1.20429,-2.72779,-2.05187,5235.99,7.0,-1.0000,-1.0000,-1.0000,-1.0000,-1.0000,-1.0000,-1.0000,-1.0000,-1.0000,-1.0000,-1.0000,-1.0000,-1.0000,-1.0000,-1.0000,-1.0000,-1.0000,-1.0000,-1.0000
77.728,-0.010598511734885244,0.752282950033089,1.1562948596700137e-26,2,1.36181,-2.729,-2.03692,5563.46,7.0,-1.0000,-1.0000,-1.0000,-1.0000,-1.0000,-1.0000,-1.0000,-1.0000,-1.0000,-1.0000,-1.0000,-1.0000,-1.0000,-1.0000,-1.0000,-1.0000,-1.0000,-1.0000,-1.0000
77.836,0.1317549337540341,0.4679943915199676,1.9433847706473922e-27,2,3.59243,-2.71871,-2.03002,5235.99,7.0,-1.0000,-1.0000,-1.0000,-1.0000,-1.0000,-1.0000,-1.0000,-1.0000,-1.0000,-1.0000,-1.0000,-1.0000,-1.0000,-1.0000,-1.0000,-1.0000,-1.0000,-1.0000,-1.0000
77.951,-0.28315060388378527,0.600262853385138,3.266246784027072e-28,2,5.828,-2.69753,-2.02545,5235.99,7.0,-1.0000,-1.0000,-1.0000,-1.0000,-1.0000,-1.0000,-1.0000,-1.0000,-1.0000,-1.0000,-1.0000,-1.0000,-1.0000,-1.0000,-1.0000,-1.0000,-1.0000,-1.0000,-1.0000
78.059,-0.20162609947376375,0.713006629844117,5.489580969914303e-29,2,7.88702,-2.66551,-2.01636,5235.99,7.0,-1.0000,-1.0000,-1.0000,-1.0000,-1.0000,-1.0000,-1.0000,-1.0000,-1.0000,-1.0000,-1.0000,-1.0000,-1.0000,-1.0000,-1.0000,-1.0000,-1.0000,-1.0000,-1.0000
78.166,-0.0660688402755629,0.7513374069985702,9.226338736134969e-30,2,10.2658,-2.62311,-2.01709,5235.99,7.0,-1.0000,-1.0000,-1.0000,-1.0000,-1.0000,-1.0000,-1.0000,-1.0000,-1.0000,-1.0000,-1.0000,-1.0000,-1.0000,-1.0000,-1.0000,-1.0000,-1.0000,-1.0000,-1.0000
78.283,-0.20950408195443104,0.7487577259002915,1.5506707513822045e-30,2,12.4481,-2.5701,-2.02743,5942.01,7.0,-1.0000,-1.0000,-1.0000,-1.0000,-1.0000,-1.0000,-1.0000,-1.0000,-1.0000,-1.0000,-1.0000,-1.0000,-1.0000,-1.0000,-1.0000,-1.0000,-1.0000,-1.0000,-1.0000
78.386,-0.46363442206796857,0.7313404335761325,2.606212331848072e-31,2,14.5801,-2.50606,-2.01516,8390.01,7.0,-1.0000,-1.0000,-1.0000,-1.0000,-1.0000,-1.0000,-1.0000,-1.0000,-1.0000,-1.0000,-1.0000,-1.0000,-1.0000,-1.0000,-1.0000,-1.0000,-1.0000,-1.0000,-1.0000
78.497,-0.13700546184948195,0.5567043246804771,4.3802610661370553e-32,2,16.8213,-2.43182,-2.00842,11823.5,7.0,-1.0000,-1.0000,-1.0000,-1.0000,-1.0000,-1.0000,-1.0000,-1.0000,-1.0000,-1.0000,-1.0000,-1.0000,-1.0000,-1.0000,-1.0000,-1.0000,-1.0000,-1.0000,-1.0000
78.610,-0.22801283417911555,0.19013087311129873,7.361904773856548e-33,2,19.057,-2.34776,-2.01684,10063.8,7.0,-1.0000,-1.0000,-1.0000,-1.0000,-1.0000,-1.0000,-1.0000,-1.0000,-1.0000,-1.0000,-1.0000,-1.0000,-1.0000,-1.0000,-1.0000,-1.0000,-1.0000,-1.0000,-1.0000
78.723,-0.30186458472672273,0.062302084501110376,1.2373153353420705e-33,2,21.3527,-2.2524,-1.99796,5753.18,7.0,-1.0000,-1.0000,-1.0000,-1.0000,-1.0000,-1.0000,-1.0000,-1.0000,-1.0000,-1.0000,-1.0000,-1.0000,-1.0000,-1.0000,-1.0000,-1.0000,-1.0000,-1.0000,-1.0000
78.835,-0.013157033841904838,0.02041514704932385,2.0795558841094182e-34,2,22.8426,-2.14748,-1.99149,5235.99,7.0,-1.0000,-1.0000,-1.0000,-1.0000,-1.0000,-1.0000,-1.0000,-1.0000,-1.0000,-1.0000,-1.0000,-1.0000,-1.0000,-1.0000,-1.0000,-1.0000,-1.0000,-1.0000,-1.0000
78.936,-0.41938051816300576,0.0066896353851224385,3.495109574422699e-35,2,22.3874,-2.04088,-1.97925,5235.99,7.0,-1.0000,-1.0000,-1.0000,-1.0000,-1.0000,-1.0000,-1.0000,-1.0000,-1.0000,-1.0000,-1.0000,-1.0000,-1.0000,-1.0000,-1.0000,-1.0000,-1.0000,-1.0000,-1.0000
79.052,-0.03229880145172109,0.0021920597229969203,5.874230661732231e-36,2,22.0625,-1.93477,-1.9633,5235.99,7.0,-1.0000,-1.0000,-1.0000,-1.0000,-1.0000,-1.0000,-1.0000,-1.0000,-1.0000,-1.0000,-1.0000,-1.0000,-1.0000,-1.0000,-1.0000,-1.0000,-1.0000,-1.0000,-1.0000
79.158,-0.2925573578345583,0.0007182941300316307,9.87281947317336e-37,2,21.6666,-1.83132,-1.96214,5235.99,7.0,-1.0000,-1.0000,-1.0000,-1.0000,-1.0000,-1.0000,-1.0000,-1.0000,-1.0000,-1.0000,-1.0000,-1.0000,-1.0000,-1.0000,-1.0000,-1.0000,-1.0000,-1.0000,-1.0000
79.269,-0.48870429145721633,0.00023537062052876476,1.659324768856247e-37,2,21.1757,-1.72794,-1.93494,5235.99,7.0,-1.0000,-1.0000,-1.0000,-1.0000,-1.0000,-1.0000,-1.0000,-1.0000,-1.0000,-1.0000,-1.0000,-1.0000,-1.0000,-1.0000,-1.0000,-1.0000,-1.0000,-1.0000,-1.0000
79.378,-0.5267176957569398,7.712624493486564e-05,2.788827139016695e-38,2,20.7397,-1.62526,-1.90406,5235.99,7.0,-1.0000,-1.0000,-1.0000,-1.0000,-1.0000,-1.0000,-1.0000,-1.0000,-1.0000,-1.0000,-1.0000,-1.0000,-1.0000,-1.0000,-1.0000,-1.0000,-1.0000,-1.0000,-1.0000
79.486,-0.6370615532625401,2.527272794025677e-05,4.687181772545359e-39,2,20.2811,-1.52339,-1.86392,5235.99,7.0,-1.0000,-1.0000,-1.0000,-1.0000,-1.0000,-1.0000,-1.0000,-1.0000,-1.0000,-1.0000,-1.0000,-1.0000,-1.0000,-1.0000,-1.0000,-1.0000,-1.0000,-1.0000,-1.0000
79.596,-0.6185348967696912,8.281367491463339e-06,7.877746405116985e-40,2,19.9148,-1.42244,-1.82108,5235.99,7.0,-1.0000,-1.0000,-1.0000,-1.0000,-1.0000,-1.0000,-1.0000,-1.0000,-1.0000,-1.0000,-1.0000,-1.0000,-1.0000,-1.0000,-1.0000,-1.0000,-1.0000,-1.0000,-1.0000
79.712,-0.6879139834660831,2.713638499602707e-06,1.3240128383080116e-40,2,19.6245,-1.32232,-1.7756,5235.99,7.0,-1.0000,-1.0000,-1.0000,-1.0000,-1.0000,-1.0000,-1.0000,-1.0000,-1.0000,-1.0000,-1.0000,-1.0000,-1.0000,-1.0000,-1.0000,-1.0000,-1.0000,-1.0000,-1.0000
79.818,-0.7216532563561016,8.89205063549815e-07,2.225268377344275e-41,2,19.3481,-1.22291,-1.7257,5235.99,7.0,-1.0000,-1.0000,-1.0000,-1.0000,-1.0000,-1.0000,-1.0000,-1.0000,-1.0000,-1.0000,-1.0000,-1.0000,-1.0000,-1.0000,-1.0000,-1.0000,-1.0000,-1.0000,-1.0000
79.933,-0.7442426578769187,2.9137471522400337e-07,3.740008561802523e-42,2,19.0777,-1.12457,-1.67404,5235.99,7.0,-1.0000,-1.0000,-1.0000,-1.0000,-1.0000,-1.0000,-1.0000,-1.0000,-1.0000,-1.0000,-1.0000,-1.0000,-1.0000,-1.0000,-1.0000,-1.0000,-1.0000,-1.0000,-1.0000
80.045,-0.7633544254274612,0.06726683375891668,6.285832389821501e-43,2,18.9248,-1.02743,-1.62082,5235.99,7.0,-1.0000,-1.0000,-1.0000,-1.0000,-1.0000,-1.0000,-1.0000,-1.0000,-1.0000,-1.0000,-1.0000,-1.0000,-1.0000,-1.0000,-1.0000,-1.0000,-1.0000,-1.0000,-1.0000
80.152,-0.7805681579255138,0.06763941796112181,1.0564598497572998e-43,2,19.0119,-0.930637,-1.56597,5235.99,7.0,18.8473,12.5803,11.9543,11.7034,11.6202,11.5968,11.5891,11.5852,11.5840,11.5840,11.5854,11.5881,11.5941,11.6040,11.6319,11.7242,11.9956,12.6729,40.4197
80.265,-0.7969939066776934,0.022164084477500394,1.7755920694870938e-44,2,19.1046,-0.833972,-1.50888,5235.99,7.0,16.6368,11.6196,11.1814,11.0331,11.0043,11.0065,11.0122,11.0197,11.0266,11.0347,11.0440,11.0546,11.0716,11.0940,11.1451,11.2840,11.6374,12.4539,38.5952
80.371,-0.8138934784584874,0.007262727201587329,2.9842375911869583e-45,2,19.1142,-0.738118,-1.44951,5235.99,7.0,14.7287,10.7705,10.4872,10.4287,10.4486,10.4740,10.4919,10.5100,10.5244,10.5400,10.5568,10.5749,10.6023,10.6368,10.7107,10.8966,11.3352,12.3117,36.8941
80.480,-0.831637172233906,0.002379850449416136,5.015608119507921e-46,2,19.1036,-0.643731,-1.3879,5235.99,7.0,13.0725,10.0189,9.8673,9.8881,9.9522,9.9993,10.0288,10.0571,10.0788,10.1017,10.1259,10.1514,10.1893,10.2358,10.3326,10.5667,11.0978,12.2682,35.0811
80.594,-0.8501580308765916,0.02506181181713968,8.429732566456962e-47,2,19.114,-0.551285,-1.32393,5235.99,7.0,11.6251,9.3543,9.3168,9.4093,9.5155,9.5840,9.6250,9.6634,9.6924,9.7227,9.7543,9.7873,9.8358,9.8947,10.0154,10.3011,10.9398,12.3603,33.1304
80.697,-0.8688489824993748,0.06073060605874033,1.4167851524444217e-47,2,19.3354,-0.460691,-1.2572,5235.99,7.0,10.3467,8.7661,8.8295,8.9902,9.1383,9.2284,9.2811,9.3300,9.3666,9.4046,9.4441,9.4850,9.5448,9.6170,9.7640,10.1093,10.8809,12.6617,31.0731
80.806,-0.887841691225648,0.019900204993328032,2.3811908057133397e-48,2,19.4632,-0.37218,-1.18719,5235.99,7.0,9.2384,8.2480,8.4052,8.6337,8.8251,8.9381,9.0036,9.0640,9.1089,9.1555,9.2037,9.2537,9.3266,9.4144,9.5930,10.0126,10.9612,13.3508,28.9350
80.923,-0.9080867882880146,0.00652089917221373,4.00206738716241e-49,2,19.5245,-0.286888,-1.11405,5235.99,7.0,8.3166,7.8024,8.0505,8.3491,8.5876,8.7267,8.8070,8.8809,8.9360,8.9930,9.0520,9.1131,9.2023,9.3097,9.5285,10.0465,11.2609,15.1641,26.7610
81.030,-0.9295172296754157,0.026606983084500994,6.726274657603863e-50,2,19.5916,-0.205786,-1.03787,5235.99,7.0,7.5481,7.4332,7.7731,8.1484,8.4431,8.6146,8.7135,8.8048,8.8727,8.9431,9.0161,9.0918,9.2025,9.3363,9.6107,10.2745,11.9633,37.0977,24.6159
81.140,-0.9510640554840841,0.20955955863900427,1.1304849817034812e-50,2,19.9533,-0.128638,-0.962101,5235.99,7.0,6.9104,7.1291,7.5609,8.0222,8.3834,8.5944,8.7166,8.8296,8.9141,9.0020,9.0933,9.1884,9.3284,9.4992,9.8551,10.7549,13.6002,34.9501,22.6504
81.248,-0.9708534416845002,0.3168566890654539,1.9000061087490414e-51,2,20.7769,-0.0547915,-0.883054,5235.99,7.0,6.3676,6.8907,7.4279,7.9963,8.4461,8.7127,8.8690,9.0149,9.1249,9.2401,9.3610,9.4879,9.6769,9.9111,10.4145,11.8369,35.8752,33.0402,20.8150
81.357,-0.9893417529602815,0.36964189674796794,3.193340266974514e-52,2,21.9002,0.0159521,-0.796423,5235.99,7.0,5.9047,6.7441,7.4217,8.1496,8.7485,9.1166,9.3377,9.5482,9.7096,9.8816,10.0655,10.2633,10.5684,10.9676,11.9433,35.7412,33.5512,30.9871,19.0117
81.470,-0.7044517050981403,0.4198084520388742,5.367046986704067e-53,2,23.4722,0.0832173,-0.706312,5235.99,7.0,5.5222,6.6969,7.5674,8.5572,9.4409,10.0356,10.4217,10.8169,11.1441,11.5236,11.9803,12.5756,14.4481,35.2637,34.5458,33.2606,31.4744,28.7656,17.3822
81.576,-0.2207056091474258,0.47546713629847326,9.020395870553528e-54,2,25.5047,0.15477,-0.65125,5235.99,7.0,5.1280,6.4575,7.4317,8.5915,9.7202,10.5759,11.2083,12.0004,13.0012,34.7949,34.5475,34.3062,33.9782,33.6171,32.9774,31.8317,30.1393,27.4158,16.7353
81.689,0.014112010027598858,0.5111914130191587,1.5160579339639315e-54,2,27.5688,0.233207,-0.620488,5235.99,7.0,4.6776,6.0049,6.9693,8.1335,9.3028,10.2310,10.9759,12.1332,34.0345,33.7914,33.5543,33.3229,33.0086,32.6624,32.0491,30.9508,29.3186,26.7104,16.6689
81.796,-0.5371493324371867,0.5506460147181179,2.5480385696131795e-55,2,29.5695,0.313585,-0.575333,5235.99,7.0,4.2303,5.6003,6.6009,7.8622,9.2542,10.6484,33.2393,32.9060,32.6750,32.4497,32.2299,32.0154,31.7240,31.4030,30.8343,29.8161,28.2407,25.7276,16.3859
81.912,-0.1921494095412673,0.5850450415715829,4.282488423948871e-56,2,31.9556,0.387626,-0.506096,5235.99,7.0,3.8508,5.3799,6.5536,8.2757,32.3545,31.6665,31.3200,31.0279,30.8254,30.6279,30.4351,30.2471,29.9915,29.7100,29.2113,28.3094,26.7413,24.2968,15.7502
82.019,-0.06296351851848246,0.6339287643003012,7.197578294130869e-57,2,34.5059,0.462935,-0.454563,5235.99,7.0,3.4392,5.0047,6.2643,8.4360,30.9051,30.2660,29.9441,29.6727,29.4845,29.3009,29.1218,28.9470,28.7095,28.4480,27.9846,27.1316,25.6243,23.3167,15.4649
82.130,-0.020631885748136333,0.7217343106890477,1.2096969838945754e-57,2,37.3291,0.538198,-0.406056,5235.99,7.0,3.0177,4.5709,5.8881,9.0201,29.5900,28.9858,28.6814,28.4248,28.2468,28.0732,27.9039,27.7386,27.5140,27.2667,26.8287,26.0187,24.5952,22.4459,15.2556
82.236,-0.006760656321949314,0.7734783168953372,2.0331377208316132e-58,2,40.4186,0.611177,-0.351086,5235.99,7.0,2.6067,4.1413,5.5451,29.5216,28.2409,27.6690,27.3810,27.1381,26.9696,26.8053,26.6450,26.4886,26.2760,26.0420,25.6274,24.8621,23.5321,21.5508,15.0209
82.347,-0.002215331863576351,0.7957916405052641,3.417094567401692e-59,2,43.6403,0.678706,-0.289048,5316.67,7.0,2.2265,3.7701,5.4096,27.9996,26.7952,26.2572,25.9863,25.7578,25.5994,25.4448,25.2940,25.1469,24.9469,24.7268,24.3369,23.6192,22.3879,20.5806,14.7198
82.458,0.41577553614168644,0.794812008667015,5.743110839432024e-60,2,46.9928,0.739517,-0.231723,5759.2,7.0,1.8703,3.3756,5.3296,26.7200,25.5480,25.0246,24.7611,24.5388,24.3847,24.2344,24.0877,23.9446,23.7501,23.5359,23.1565,22.4746,21.3552,19.7328,14.4869
82.568,0.2590220609877828,0.6644434814218825,9.652446387833404e-61,2,50.2179,0.799099,-0.201982,6027.34,7.0,1.4671,2.6948,4.1612,26.2991,25.0323,24.4680,24.1840,23.9446,23.7787,23.6168,23.4589,23.3049,23.0955,22.8649,22.4564,21.7249,20.6952,19.2726,14.5262
82.680,0.1316435547918595,0.5195562813985725,1.6222866644031606e-61,2,52.9855,0.85013,-0.141765,6303.98,7.0,1.1430,2.2574,3.8445,25.3328,24.0415,23.4673,23.1785,22.9352,22.7666,22.6021,22.4418,22.2853,22.0727,21.8386,21.4239,20.6812,19.6656,18.4250,14.2869
82.789,0.5967908730291281,0.49841863002305925,2.7265771968623925e-62,2,55.0786,0.888447,-0.092336,6588.22,7.0,0.8833,1.8490,3.4383,24.9112,23.5097,22.8892,22.5776,22.3154,22.1339,21.9569,21.7843,21.6161,21.3876,21.1362,20.6910,19.8941,18.8026,17.6482,14.0803
82.899,0.5626999793240206,0.5281328147328311,4.5825582947666243e-63,2,57.1494,0.923301,-0.0795787,6994.1,7.0,0.6113,1.2584,2.1014,26.1953,24.2758,23.5056,23.1208,22.7979,22.5748,22.3576,22.1463,21.9406,21.6617,21.3553,20.8143,19.8498,18.5325,17.1594,14.0219
83.007,0.5320458426220247,0.5795050646379041,7.701905726014267e-64,2,59.7407,0.951936,-0.0404165,7505.39,7.0,0.3963,0.8667,1.5318,52.6380,26.4639,24.5070,23.8862,23.4494,23.1754,22.9112,22.6545,22.4053,22.0682,21.6990,21.0499,19.9006,18.3444,16.7288,13.7302
83.119,0.764203662344467,0.6032129715336735,1.2944592953712182e-64,2,62.8854,0.960534,0.0203301,7723.41,7.0,0.3470,0.9123,41.3778,46.0672,48.8164,50.1786,50.9022,51.5344,51.9853,52.4355,52.8849,25.1367,23.8639,22.9567,21.8563,20.4054,18.5012,16.5528,13.2175
83.227,0.31829259290107553,0.6110824710434041,2.175597737730407e-65,2,65.835,0.930931,0.170448,8817.24,7.0,0.7711,29.9606,36.5992,41.0937,43.7401,45.0549,45.7536,46.3647,46.8008,47.2367,47.6721,48.1070,48.7155,49.4110,50.7143,20.6597,18.3162,16.1415,12.4255
83.344,0.07842929773023752,0.6146986857521276,3.6565271178034957e-66,2,68.5228,0.826163,0.405931,11342.3,7.0,2.9740,25.5141,31.6696,35.8964,38.4030,39.6534,40.3189,40.9012,41.3173,41.7335,42.1497,42.5659,43.1484,43.8141,45.0646,47.5709,18.5944,15.9197,11.6994
83.454,0.2771276292770118,0.6178126528472572,6.145525126892336e-67,2,73.874,0.670826,0.338504,8757.69,7.0,4.5701,20.9036,26.3736,30.2246,32.5359,33.6957,34.3153,34.8576,35.2452,35.6334,36.0223,36.4118,36.9578,37.5828,38.7571,41.1228,45.1171,16.2440,11.1167
83.564,0.11624268611749122,0.6183270688349892,1.032878408076795e-67,2,76.6014,0.526964,0.363336,11175.7,7.0,6.9285,21.3666,26.0332,29.4840,31.6029,32.6758,33.2515,33.7580,34.1211,34.4854,34.8506,35.2169,35.7310,36.3210,37.4361,39.6953,43.5540,14.5556,10.0431
83.668,0.03809040338697952,0.5268324666502242,1.73595874045467e-68,2,80.3687,0.385775,0.313407,11463.1,7.0,8.1057,18.8357,22.7228,25.7114,27.5848,28.5442,29.0621,29.5186,29.8464,30.1755,30.5061,30.8384,31.3068,31.8461,32.8682,34.9539,38.5581,43.8747,9.3353
83.780,-0.39346677177298656,0.17263246267194546,2.9176258550821645e-69,2,82.8924,0.245257,0.304978,9702.43,7.0,9.2392,17.6132,20.8820,23.4785,25.1381,25.9970,26.4631,26.8751,27.1718,27.4704,27.7709,28.0734,28.5007,28.9943,29.9342,31.8674,35.2532,40.3348,8.4253
83.888,-0.18988448665757224,0.056568205368343095,4.903653774636594e-70,2,82.9915,0.0990092,0.374564,9519.53,7.0,10.4643,18.0353,21.0587,23.5011,25.0823,25.9045,26.3523,26.7494,27.0359,27.3248,27.6161,27.9097,28.3245,28.8042,29.7214,31.6208,34.9805,40.0951,7.1983
83.997,-0.18569595167364664,0.018536269535098664,8.241570899031726e-71,2,82.71,-0.0619326,0.425441,9440.2,7.0,10.9512,17.7233,20.5027,22.7859,24.2799,25.0631,25.4903,25.8695,26.1436,26.4206,26.7004,26.9829,27.3832,27.8472,28.7356,30.5870,33.8962,39.0471,6.2645
84.110,-0.5123739011982623,0.00607396480126113,1.3851608210002619e-71,2,82.1774,-0.211257,0.317002,9071.8,7.0,11.0889,17.1865,19.7574,21.8995,23.3165,24.0630,24.4721,24.8364,25.1001,25.3667,25.6362,25.9087,26.2950,26.7435,27.6063,29.4147,32.6788,37.9532,5.6871
84.218,-0.16789467994464663,0.022507650770452248,2.3280397918551404e-72,2,81.1359,-0.314403,0.288078,9147.56,7.0,11.8328,18.3258,21.0968,23.4199,24.9612,25.7760,26.2226,26.6201,26.9080,27.1991,27.4938,27.7920,28.2153,28.7074,29.6536,31.6406,35.3850,42.9511,4.9500
84.327,-0.3321095661705704,0.10841847106696179,3.912736478170935e-73,2,80.6013,-0.389029,0.222583,9326.51,7.0,12.0046,18.4159,21.2060,23.5668,25.1437,25.9802,26.4397,26.8494,27.1463,27.4468,27.7510,28.0591,28.4970,29.0066,29.9886,32.1218,36.6750,46.4817,4.5818
84.436,-0.50176239706121,0.18661847084922203,6.576136198861891e-74,2,80.5376,-0.446041,0.158005,9381.38,7.0,12.0283,18.2644,21.0302,23.3927,24.9823,25.8279,26.2935,26.7093,27.0111,27.3168,27.6266,27.9403,28.3893,28.9254,30.0036,32.4916,37.9656,50.5098,4.3419
84.549,-0.16441750226901725,0.22091227919974807,1.1052512109427181e-74,2,81.3685,-0.488428,0.0919916,9473.65,7.0,11.9094,17.8460,20.5287,22.8432,24.4114,25.2493,25.7116,26.1318,26.4430,26.7637,27.0943,27.4354,27.9312,28.5255,29.7270,32.5337,38.8842,54.4382,4.2364
84.658,-0.07290975979756431,0.28674912353879844,1.857595710231427e-75,2,82.8793,-0.508092,0.00865048,9688.86,7.0,11.4994,16.8560,19.3258,21.4798,22.9516,23.7533,24.2110,24.6302,24.9409,25.2615,25.5924,25.9342,26.4317,27.0291,28.2408,31.0914,37.6492,54.3831,4.4546
84.766,-0.45577278233712903,0.4227588180355685,3.12206111018596e-76,2,85.0198,-0.499191,-0.0507758,10079.8,7.0,11.0962,16.0708,18.4086,20.4691,21.9371,22.7776,23.2594,23.7019,24.0306,24.3705,24.7220,25.0858,25.6168,26.2567,27.5621,30.6741,38.0627,58.3994,4.8907
84.876,-0.37961208046713746,0.51731498254077,5.247248107889543e-77,2,87.601,-0.47439,-0.0648597,10652.1,7.0,10.8881,15.8929,18.2913,20.5928,22.3643,23.3950,23.9915,24.5430,24.9550,25.3830,25.8280,26.2908,26.9710,27.7980,29.5099,33.7325,44.6422,72.1784,5.2168
84.988,-0.14962158739643566,0.5965965742602095,8.819049894929955e-78,2,91.0659,-0.437081,-0.0820397,11240.1,7.0,10.5659,15.5174,18.1312,20.8308,22.9683,24.2372,24.9803,25.6731,26.1944,26.7394,27.3097,27.9070,28.7924,29.8812,32.1797,38.1205,55.0928,83.9395,5.7239
85.097,-0.38233225790135617,0.6413521267817104,1.4822177158408778e-78,2,94.9305,-0.384968,-0.107938,11749.8,7.0,10.0828,14.9640,17.8548,20.9389,23.4579,24.9870,25.8946,26.7491,27.3973,28.0800,28.7997,29.5597,30.6976,32.1165,35.1839,43.5988,64.1742,93.5842,6.5284
85.208,-0.2183207466095539,0.6648796086538309,2.4911633150137638e-79,2,98.6985,-0.322315,-0.109896,12396.2,7.0,9.6659,15.0589,18.5964,22.5994,26.0636,28.2594,29.5976,30.8822,31.8733,32.9326,34.0675,35.2861,37.1515,39.5480,45.0157,57.4275,77.7495,154.4900,7.2248
85.317,-0.07153934224901862,0.6743976310230623,4.186898183543633e-80,2,102.845,-0.24867,-0.123813,12825.1,7.0,9.1534,15.1745,19.4162,24.5476,29.3055,32.4886,34.4968,36.4754,38.0373,39.7420,41.6100,43.5983,46.3930,49.5940,55.6056,67.6091,88.9050,31.7278,7.8894
85.427,-0.01886000722675217,0.6793536450305121,7.036919777081786e-81,2,107.262,-0.159587,-0.161222,13035.3,7.0,8.5742,14.7055,19.2073,24.8823,30.3841,34.2017,36.6695,39.1433,41.0059,42.8831,44.7732,46.6741,49.3509,52.4279,58.2326,69.9009,98.3330,29.7374,8.6280
85.536,-0.0034235299498121506,0.6830572234973483,1.1826951069341356e-81,2,111.609,-0.0680318,-0.157689,13460.6,7.0,7.9175,13.6342,17.8532,23.1994,28.4121,32.0465,34.4035,36.7317,38.4439,40.1805,41.9390,43.7172,46.2358,49.1499,54.6940,65.9790,91.4450,32.3136,9.5213
85.646,-0.009933813391366557,0.6825767202924861,1.9877556662242016e-82,2,115.649,0.0222228,-0.156929,14418.7,7.0,7.2524,12.4998,16.3769,21.2951,26.0967,29.4480,31.6230,33.7321,35.2828,36.8665,38.4804,40.1222,42.4633,45.1928,50.4389,61.2830,83.6593,35.6606,10.4325
85.756,-0.3230961899486396,0.6845952357991918,3.340820948223017e-83,2,120.035,0.107749,-0.119965,14516.6,7.0,6.8055,12.2678,16.5497,22.3268,28.3792,32.4253,34.7280,36.8169,38.3479,39.9090,41.4980,43.1131,45.4142,48.0952,53.2459,63.8963,144.1800,31.8872,10.7653
85.868,-0.25139526403721396,0.6843155008510542,5.614917767678424e-84,3,121.497,0.169614,-0.0462974,11085.8,7.0,6.7413,13.5030,19.6962,29.1815,37.1624,41.6156,44.0946,46.3157,47.9292,49.5637,51.2173,52.8886,55.2555,57.9950,63.2141,80.6219,110.9380,24.9332,10.4178
85.977,-0.08237720011971428,0.6846093373032484,9.436992292137128e-85,3,123.743,0.195884,0.0359451,12070.4,7.0,7.0822,16.5582,27.0190,39.2080,48.0684,52.8182,55.4204,57.7314,59.3995,61.1233,63.0453,65.2381,68.9956,75.4578,134.4290,112.4680,31.4883,19.9682,9.8015
86.086,-0.02699336093522798,0.6856467837412785,1.5860752945394872e-85,3,126.879,0.18789,0.0737864,12284.7,7.0,7.4613,19.0529,30.3967,42.5681,51.2677,55.9140,58.6413,61.5083,63.9759,67.0208,71.2292,135.7460,132.1690,127.7130,117.6410,96.4018,26.9259,18.0721,9.4114
86.197,-0.008845184511255506,0.6858361482525921,2.6657167475325162e-86,3,130.237,0.152099,0.0857903,12427.5,7.0,7.9007,20.1030,30.6296,41.8400,49.9502,54.4745,57.4985,60.8274,63.9056,68.3272,131.2160,128.7420,125.0520,120.4120,109.7090,90.6789,26.2032,17.1579,9.0350
86.307,-0.0028983900606482046,0.6852280917937843,4.4802701375779e-87,3,133.565,0.0992684,0.0888583,12633.2,7.0,8.4237,20.3464,29.7691,39.8108,47.2014,51.5601,54.5750,57.9487,61.1586,66.1996,126.4930,124.0690,120.4600,115.9390,105.6320,87.5073,27.1679,16.6463,8.5985
86.418,-0.2417419080792658,0.6855107188533622,7.529990020227178e-88,3,136.608,0.0355588,0.112891,13122.3,7.0,9.2394,21.4831,30.6770,40.3190,47.7884,53.6706,58.7939,122.9670,120.6540,118.2320,115.6850,112.9850,108.8750,103.4820,93.6573,78.8226,24.9859,15.3930,7.9440
86.527,-0.2827678842807653,0.6872974218851197,1.2655654226995818e-88,3,139.322,-0.0561297,0.19266,13424.4,7.0,10.7912,26.1054,37.1024,51.2846,111.0080,102.5490,97.1776,92.7515,89.8369,87.1065,84.5433,82.1328,78.9897,75.6932,69.0155,31.6559,17.3540,12.2916,6.8974
86.636,-0.09265738032112118,0.687882888734566,2.1270358059311878e-89,3,141.831,-0.173827,0.224977,13966.9,7.0,12.3938,30.3469,44.5372,101.7390,83.9028,76.8478,73.5687,70.9274,69.0056,66.9291,64.6869,62.2500,58.4490,53.3474,36.7969,18.8005,13.3851,10.0095,5.9055
86.747,-0.030361970383624988,0.6873218048242926,3.574909079028548e-90,3,144.904,-0.303923,0.231736,13956.2,7.0,13.7969,33.0855,107.8800,81.0557,68.2056,62.7404,59.3828,56.1175,53.5647,50.7882,47.7342,44.3095,38.4663,26.2085,19.3693,14.5036,10.8058,8.2366,4.9464
86.857,-0.009949010455306237,0.6888787222860743,6.008349689123283e-91,3,148.208,-0.443899,0.20515,14017.2,7.0,14.6680,34.1069,98.2970,71.7901,60.7714,55.1670,51.7436,48.4547,45.9107,43.1715,40.1954,36.9086,31.4623,22.3810,16.6269,12.3198,9.0664,6.8338,4.0161
86.967,-0.005215149558494748,0.6886359633124508,1.0098233322509501e-91,3,151.433,-0.577697,0.166511,14246.9,7.0,15.2222,35.3255,90.7528,65.1048,54.9825,49.5605,46.3144,43.2481,40.9172,38.4536,35.8430,33.0616,28.8045,23.1135,14.9912,10.5460,7.5098,5.5294,3.1293
87.080,-0.008640938740827562,0.6903468828488489,1.697210074514172e-92,3,154.574,-0.690352,0.128452,14534.0,7.0,15.5776,39.5933,81.8875,57.8302,48.5001,43.2259,40.1368,37.2727,35.1338,32.9205,30.6291,28.2633,24.8333,20.7662,13.5407,8.8488,6.0552,4.3402,2.3582
87.187,-0.007139465780813125,0.6892134251656609,2.852500972235969e-93,3,157.677,-0.775941,0.0890281,14813.4,7.0,15.6818,102.2380,71.7903,50.5326,41.7542,36.6936,33.8129,31.2064,29.3039,27.3772,25.4394,23.5005,20.8228,17.8767,12.9954,7.6283,4.9153,3.4002,1.7599
87.296,0.04355632159740565,0.6877577950020337,4.794198384036993e-94,4,160.288,-0.829618,0.0404412,12180.0,7.0,15.6972,95.3696,63.5638,44.4217,36.1421,31.4893,28.9138,26.6373,25.0095,23.3966,21.8058,20.2554,18.1707,15.9577,12.4182,7.7890,4.4832,2.9043,1.3962
87.407,0.02126215252983788,0.6777622770006414,8.057609224050977e-95,4,161.216,-0.83932,-0.022662,12214.1,7.0,15.6719,91.0187,59.3700,40.1868,32.6076,28.4868,26.2440,24.2837,22.8992,21.5362,20.2031,18.9130,17.1888,15.3660,12.4258,8.3778,5.0682,3.1828,1.4018
87.516,0.09929189419785228,0.4811571898025703,1.354242382286248e-95,4,163.072,-0.824193,-0.0148242,12283.8,7.0,15.9816,85.1238,52.4823,34.6553,27.6792,24.0143,22.0714,20.4095,19.2515,18.1297,17.0489,16.0122,14.6500,13.2275,10.9561,7.7832,5.0039,3.2753,1.5084
87.626,0.12571453098107724,0.15766558795450625,2.2760751719084974e-96,4,162.927,-0.814153,-0.0355771,12107.5,7.0,15.6097,87.8072,60.7400,35.6410,28.2234,25.0930,23.3946,21.9101,20.8570,19.8204,18.8025,17.8068,16.4672,15.0236,12.6127,9.0143,5.7080,3.6559,1.6282
87.737,0.04119413751187939,0.051663859860932616,3.8253995414266116e-97,4,161.858,-0.797661,-0.0394691,11975.1,7.0,15.5180,87.7567,63.0940,35.9491,26.7833,23.7746,22.3351,21.0758,20.1770,19.2875,18.4123,17.5532,16.3814,15.1064,12.9287,9.5216,6.1715,3.9873,1.7776
87.847,0.1680063111879614,0.016929213599230403,6.429349009275707e-98,4,160.49,-0.783522,-0.0319026,11858.3,7.0,15.7094,86.4835,63.2201,36.4494,24.9212,21.5365,20.0869,18.9725,18.2241,17.4865,16.7608,16.0482,15.0752,14.0147,12.1937,9.2713,6.2366,4.1295,1.8849
87.957,0.16514088501317117,0.00554736471219582,1.080580687988968e-98,4,158.66,-0.767204,-0.0610884,11707.3,7.0,15.2444,92.0315,71.4151,53.3964,36.2810,27.6261,24.5138,22.3175,20.9769,19.7897,18.7310,17.7811,16.6044,15.4395,13.6404,10.6763,7.2622,4.7493,2.0857
88.067,0.20621469412095342,0.0018177604688923259,0.174114990234375,4,156.508,-0.74464,-0.0721739,11434.2,7.0,15.0169,39.7474,76.6646,61.1834,50.4414,44.1214,40.1434,35.7937,31.6903,28.2551,25.4936,23.2254,20.6552,18.3392,15.1603,11.2757,7.8629,5.2496,2.3099
88.177,0.14627326523495401,0.0005956437504466374,0.7907269460449219,4,146.766,-0.725383,-0.0611241,10199.3,7.0,14.6855,33.3703,79.3575,65.1556,55.8719,50.8951,48.1065,45.5634,43.6713,41.6987,39.6213,37.3996,33.8976,28.5139,20.2794,12.8731,8.0351,5.3117,2.4451
88.286,0.04793082355218973,0.00019518054414635415,0.9017228051227955,3,132.715,-0.733362,0.0154034,11216.0,7.0,14.9809,35.5877,73.5127,59.5590,50.5642,45.7995,43.1530,40.7572,38.9882,37.1588,35.2526,33.2439,30.1726,25.8955,18.2297,11.4464,7.0938,4.6702,2.2230
88.396,0.06597190343785889,6.395676070587733e-05,0.9214838622817929,3,118.891,-0.757944,0.0360514,10123.1,7.0,15.4848,83.2358,65.1363,51.2547,42.3892,37.7132,35.1177,32.7662,31.0257,29.2183,27.3206,25.2929,22.0655,18.2453,13.7444,9.2173,5.9759,4.0406,1.9837
88.506,0.030399258594617597,2.0957351348101884e-05,0.9273815344329197,3,106.466,-0.779663,0.0443084,7891.75,7.0,15.8171,76.8102,58.7437,45.1007,36.5282,32.0717,29.6246,27.4278,25.8168,24.1607,22.4444,20.6433,17.8865,15.0523,11.6095,7.9778,5.2663,3.6010,1.7920
88.616,0.17763829863355968,6.867304889746027e-06,0.9323211665307151,2,94.083,-0.799874,0.0471637,8855.65,7.0,16.0468,71.6228,53.6550,40.3069,32.0876,27.9013,25.6403,23.6407,22.1975,20.7393,19.2618,17.7594,15.5983,13.2428,10.2883,7.1250,4.7312,3.2472,1.6234
88.726,0.24152646776716202,2.250278466271978e-06,0.9311514010149696,2,83.7741,-0.818518,0.0472466,5727.59,7.0,16.2145,67.2466,49.3916,36.3430,28.4830,24.5716,22.4982,20.6945,19.4143,18.1427,16.8815,15.6327,13.9114,11.9981,9.3233,6.4580,4.2890,2.9440,1.4720
88.836,0.07914339295794365,7.373712478280017e-07,0.9274099114397774,2,73.4116,-0.834735,0.0462562,5235.99,7.0,16.4069,63.4331,45.6852,32.9220,25.4089,21.7611,19.8640,18.2402,17.1056,15.9955,14.9133,13.8628,12.4534,10.9450,8.5623,5.9152,3.9206,2.6877,1.3417
88.946,0.08763802357304296,2.4162181048827957e-07,0.2069961801474705,2,63.7447,-0.848333,0.0453312,5275.78,7.0,16.6945,60.0371,42.3816,29.8831,22.6995,19.2998,17.5653,16.1039,15.0969,14.1244,13.1898,12.2958,11.1182,9.8857,7.9174,5.4582,3.6108,2.4723,1.2324
89.057,0.08994140408899597,7.917463486079944e-08,0.03478984799738537,2,58.9475,-0.859435,0.0379354,6752.82,7.0,16.9016,57.9006,40.3271,28.0378,21.1074,17.8915,16.2737,14.9248,14.0038,13.1214,12.2799,11.4815,10.4388,9.3573,7.6435,5.2902,3.4444,2.3350,1.1500
89.168,0.029471999291882194,2.5943944351186768e-08,0.0058471297529205605,2,58.5825,-0.866771,0.0251214,6722.33,7.0,17.0231,56.6025,39.1010,26.9750,20.2327,17.1470,15.6091,14.3349,13.4694,12.6435,11.8591,11.1175,10.1526,9.1549,7.5746,5.3690,3.4394,2.2891,1.1031
89.277,0.3597997155336225,8.501311684996879e-09,0.000982727097573359,2,58.2912,-0.867651,-0.00638324,6692.69,7.0,16.7228,57.9869,40.5409,28.4280,21.6554,18.5308,16.9619,15.6547,14.7620,13.9058,13.0877,12.3096,11.2890,10.2232,8.5097,6.0603,3.8576,2.4847,1.1302
89.387,0.21725321432560993,2.7857098129397776e-09,0.00016516694328915443,2,58.0759,-0.848132,-0.0763844,6667.19,7.0,15.5533,64.9656,47.6729,35.4484,28.4032,25.0386,23.3046,21.8283,20.8003,19.7962,18.8184,17.8685,16.5891,15.2051,12.8552,9.1748,5.5972,3.4000,1.3955
89.497,0.07118953327021586,9.128213915041065e-10,2.775960815860819e-05,2,58.0006,-0.818789,-0.0894654,6659.62,7.0,15.1532,66.3758,49.2407,37.1441,30.1757,26.8440,25.1237,23.6568,22.6334,21.6321,20.6543,19.7018,18.4139,17.0122,14.6038,10.7151,6.7082,4.1091,1.6793
89.607,0.07597079916247261,2.9911331356806567e-10,4.665557343217279e-06,2,57.9115,-0.792343,-0.0784095,6650.11,7.0,15.1045,65.1497,48.1361,36.2280,29.4378,26.2184,24.5645,23.1592,22.1815,21.2273,20.2981,19.3949,18.1772,16.8557,14.5935,10.9423,7.1037,4.4905,1.8976
89.717,0.29739668234123384,9.801345058998376e-11,7.841402226745281e-07,2,57.7141,-0.764168,-0.0934556,6626.79,7.0,14.5998,67.5502,50.6721,38.8179,32.0202,28.7763,27.1016,25.6730,24.6755,23.6984,22.7431,21.8108,20.5467,19.1646,16.7662,12.7809,8.3874,5.2834,2.1892
89.827,0.15855810484031613,3.211704748932588e-11,1.3179044722490794e-07,2,57.6324,-0.727407,-0.117686,6617.91,7.0,13.9132,71.2287,54.5329,42.7292,35.9004,32.6125,30.9042,29.4396,28.4122,27.4015,26.4088,25.4351,24.1062,22.6397,20.0542,15.6028,10.3827,6.4927,2.5985
89.936,0.21603562660499276,1.0524114121302306e-11,2.2150020465090276e-08,2,57.5269,-0.687951,-0.126467,6606.12,7.0,13.4575,72.7775,56.2539,44.5683,37.8016,34.5381,32.8403,31.3827,30.3588,29.3505,28.3588,27.3847,26.0523,24.5771,21.9615,17.3895,11.8383,7.5005,2.9993
90.047,0.29149846949342395,0.01054101562844854,3.7227539395677232e-09,2,57.2943,-0.638767,-0.170208,6583.44,7.0,12.5217,78.9826,62.7290,51.0910,44.2569,40.9217,39.1728,37.6624,36.5959,35.5406,34.4973,33.4668,32.0471,30.4602,27.5984,22.3991,15.5836,9.7821,3.6570
90.156,0.09551821848360517,0.09324245109488002,6.256832546231472e-10,2,57.5006,-0.581279,-0.187725,6641.71,7.0,11.8840,29.0233,65.6565,54.1669,47.3975,44.0851,42.3448,40.8396,39.7753,38.7209,37.6770,36.6443,35.2188,33.6206,30.7236,25.3890,18.1555,11.6260,4.3204
90.269,0.15023632888483177,0.21510879965602026,1.0515858460451235e-10,2,58.2779,-0.525013,-0.180451,6780.68,7.0,11.5160,28.1957,65.2582,53.9436,47.3071,44.0695,42.3714,40.9044,39.8681,38.8423,37.8273,36.8241,35.4404,33.8910,31.0863,25.9318,18.9267,12.4761,4.8343
90.377,0.14382211019739866,0.2750322479556597,1.767400331448039e-11,2,59.4524,-0.465988,-0.187285,6954.38,7.0,10.9914,25.0313,66.7142,55.5463,48.9947,45.7960,44.1175,42.6667,41.6415,40.6261,39.6212,38.6273,37.2556,35.7178,32.9285,27.7736,20.6577,13.8896,5.4604
90.487,0.11863669843182928,0.3079300670101106,2.9704697370647194e-12,2,60.8897,-0.405012,-0.188126,7138.04,7.0,10.5116,23.1854,67.3934,56.3805,49.9300,46.7823,45.1309,43.7035,42.6951,41.6964,40.7079,39.7301,38.3804,36.8670,34.1204,29.0320,21.9467,15.0546,6.0642
90.596,0.2882954357813625,0.38234764154537304,4.992468487084675e-13,2,62.5297,-0.341024,-0.199043,7404.47,7.0,9.9307,20.6409,69.3418,58.4597,52.0755,48.9553,47.3162,45.8982,44.8954,43.9015,42.9171,41.9427,40.5963,39.0843,36.3331,31.2042,23.9518,16.6884,6.7802
90.707,0.09446864839683687,0.49994699354096284,8.390841786243214e-14,2,64.9502,-0.270044,-0.210114,7776.22,7.0,9.3105,18.4210,71.3124,60.5700,54.2577,51.1680,49.5435,48.1369,47.1414,46.1541,45.1754,44.2058,42.8646,41.3564,38.6060,33.4493,26.0557,18.4467,7.5790
90.819,0.030955486706675507,0.5996439335778777,1.4102487790138972e-14,2,68.1615,-0.199478,-0.196279,8292.86,7.0,8.8739,17.8299,70.1949,59.6362,53.4645,50.4540,48.8738,47.5074,46.5414,45.5841,44.6359,43.6973,42.4001,40.9433,38.2909,33.3341,26.2501,18.9334,8.1250
90.928,0.13281546007369188,0.6594512245454239,2.370205122888657e-15,2,72.029,-0.131944,-0.178809,8984.32,7.0,8.4780,17.4744,68.6511,58.2850,52.2640,49.3389,47.8069,46.4840,45.5499,44.6251,43.7101,42.8052,41.5561,40.1552,37.6103,32.8727,26.1345,19.1684,8.5849
91.037,0.1166053321094581,0.6848148131965446,3.9836037500389664e-16,2,76.3416,-0.0631053,-0.182082,9909.87,7.0,7.9288,15.9002,69.6260,59.3852,53.4362,50.5447,49.0297,47.7213,46.7970,45.8817,44.9758,44.0797,42.8423,41.4534,38.9273,34.2096,27.4512,20.3616,9.2607
91.146,0.10448797148964187,0.6952055457226187,6.695242822690492e-17,2,80.8772,0.00789261,-0.18621,10637.9,7.0,7.3631,14.3747,70.7027,60.5814,54.6990,51.8381,50.3385,49.0427,48.1271,47.2202,46.3223,45.4336,44.2059,42.8270,40.3163,35.6128,28.8246,21.6036,9.9662
91.256,0.3677343940099045,0.6987067559567627,1.125269461209591e-17,2,85.3353,0.0825221,-0.198596,11326.2,7.0,6.7344,12.6292,20.7274,62.7081,56.8642,54.0159,52.5209,51.2279,50.3135,49.4073,48.5092,47.6198,46.3897,45.0065,42.4822,37.7303,30.7980,23.2890,10.8092
91.367,0.12049920622916548,0.700360001276287,1.8912403834549597e-18,2,89.4557,0.16614,-0.23917,12195.3,7.0,5.9373,10.2857,14.4314,68.0453,62.1727,59.2912,57.7731,56.4566,55.5236,54.5968,53.6769,52.7640,51.4982,50.0702,47.4502,42.4631,35.0252,26.6837,12.1622
91.479,0.03948517989717294,0.6967967640463387,3.178607712472751e-19,2,93.5242,0.25882,-0.271018,13015.5,7.0,5.1627,8.4813,11.1995,15.6671,66.5145,63.6329,62.1108,60.7886,59.8500,58.9167,57.9890,57.0670,55.7866,54.3389,51.6732,46.5595,38.8102,29.8794,13.5692
91.587,0.012938503748705633,0.6250028519239542,5.3422859823529526e-20,2,97.6186,0.360795,-0.291894,13267.7,7.0,4.3909,6.9719,8.9166,11.6001,14.9018,18.6857,65.2651,63.9505,63.0168,62.0875,61.1630,60.2435,58.9652,57.5182,54.8479,49.7013,41.8222,32.5694,14.9416
91.696,-0.08376369831580383,0.23255693451844134,8.97878005054061e-21,2,100.41,0.472997,-0.280787,11742.8,7.0,3.6382,5.7871,7.3764,9.4933,11.8729,13.9950,15.9097,20.5926,62.8126,61.9061,61.0048,60.1087,58.8635,57.4545,54.8569,49.8573,42.2165,33.2373,15.7998
91.806,-0.0274476886641226,0.07620425630300284,1.5090635630943605e-21,2,100.579,0.589148,-0.224321,11530.5,7.0,2.9325,4.9124,6.4647,8.7058,11.6567,15.7013,60.2008,58.9864,58.1262,57.2721,56.4244,55.5834,54.4176,53.1025,50.6894,46.0880,39.1679,31.1959,15.8129
91.918,-0.008994058621459692,0.024970610705367973,2.536283130492692e-22,2,99.9337,0.689659,-0.174308,11410.1,7.0,2.2889,4.0296,5.4766,7.7474,11.4431,57.5829,56.2568,55.1106,54.3003,53.4972,52.7015,51.9135,50.8234,49.5970,47.3556,43.1145,36.8152,29.6567,15.8392
92.028,-0.0029471731290799117,0.008182369715934978,4.2627310574190677e-23,2,99.0579,0.767202,-0.128309,11295.4,7.0,1.7749,3.2893,4.6358,6.9800,56.4420,54.0407,52.7867,51.7053,50.9423,50.1873,49.4404,48.7018,47.6821,46.5375,44.4531,40.5347,34.7739,28.2946,15.7704
92.139,0.06705428273121934,0.04484526140851757,7.164372088204226e-24,2,98.1711,0.826057,-0.105117,11230.3,7.0,1.3493,2.5599,3.6574,5.5875,10.3469,52.5603,51.3464,50.3009,49.5638,48.8349,48.1145,47.4026,46.4205,45.3192,43.3166,39.5620,34.0623,27.8932,15.9076
92.248,0.0390887001361472,0.18790938158646803,1.2041160168644847e-24,2,98.2087,0.873294,-0.0823334,11366.1,7.0,1.0005,1.9474,2.8278,4.4092,8.0639,51.0762,49.9006,48.8891,48.1767,47.4726,46.7772,46.0905,45.1438,44.0834,42.1579,38.5571,33.3015,27.4227,15.9606
92.357,0.03459908148541213,0.25609202506450385,2.023757789544139e-25,2,99.0059,0.907773,-0.0516856,11515.8,7.0,0.7475,1.5180,2.2796,3.7799,51.0658,48.8962,47.7695,46.8015,46.1206,45.4482,44.7848,44.1303,43.2292,42.2212,40.3944,36.9910,32.0500,26.5500,15.8161
92.468,0.08100494732682148,0.27959061367938665,3.401329716886835e-26,2,100.064,0.926529,-0.0196908,11739.4,7.0,0.6133,1.3130,2.0706,3.8707,48.6560,46.5783,45.5019,44.5787,43.9299,43.2902,42.6595,42.0379,41.1831,40.2283,38.5018,35.2974,30.6713,25.5483,15.5554
92.576,0.18855481588835285,0.2859639690873364,5.7166148551717035e-27,2,101.079,0.937096,-0.0260122,11851.6,7.0,0.5217,1.1001,1.7027,2.9816,49.3315,47.2327,46.1449,45.2114,44.5553,43.9082,43.2700,42.6410,41.7756,40.8087,39.0593,35.8094,31.1104,25.8981,15.7159
92.690,0.061785642070295466,0.2929554683124134,9.607914587087085e-28,2,102.238,0.947512,-0.0238202,11946.5,7.0,0.4360,0.9204,1.4222,2.4583,49.3093,47.2145,46.1288,45.1973,44.5426,43.8969,43.2602,42.6326,41.7692,40.8045,39.0595,35.8180,31.1317,25.9330,15.7692
92.798,0.027162769205147153,0.3413001400441116,1.6148022046517263e-28,2,103.584,0.949871,0.00717991,12222.1,7.0,0.4294,0.9623,1.5834,3.2915,46.9171,44.9102,43.8726,42.9838,42.3598,41.7451,41.1395,40.5432,39.7239,38.8098,37.1595,34.1057,29.7150,24.8699,15.4160
92.909,0.21538058788604314,0.40834395254590444,2.7139980653581567e-29,2,105.343,0.941109,0.0168816,12448.1,7.0,0.5098,1.1702,1.9895,5.1630,46.1345,44.1506,43.1259,42.2485,41.6329,41.0266,40.4296,39.8419,39.0347,38.1347,36.5111,33.5108,29.2065,24.4680,15.2415
93.020,0.09100569188687518,0.4696112811358669,4.5614165484474554e-30,2,107.591,0.929464,0.0180013,12860.9,7.0,0.6116,1.4139,2.4403,50.6372,45.9980,44.0018,42.9754,42.0967,41.4804,40.8733,40.2756,39.6873,38.8796,37.9788,36.3546,33.3548,29.0551,24.3280,15.1442
93.127,0.22832896240958184,0.49279545311822587,7.666372792975638e-31,2,110.22,0.910753,0.0343959,13105.8,7.0,0.7882,1.9096,3.5856,49.6076,44.7258,42.6695,41.6584,40.8011,40.2000,39.6085,39.0264,38.4538,37.6682,36.7930,35.2169,32.3128,28.1653,23.6230,14.8277
93.240,0.26121247721464363,0.5018154797027803,1.2884872753154155e-31,2,112.507,0.89053,0.0191466,13574.5,7.0,0.9520,2.2423,4.0764,52.6531,46.5923,44.0988,42.8866,41.8858,41.2029,40.5447,39.9104,39.2985,38.4775,37.5730,35.9430,32.9367,28.6386,23.9308,14.8460
93.354,0.09809187896064755,0.506314667873382,2.1655605636226188e-32,2,115.09,0.87407,0.00322741,13751.2,7.0,1.0779,2.4624,4.3072,57.8029,49.8391,46.6708,45.1525,43.9096,43.0668,42.2588,41.4838,40.7397,39.7466,38.6762,36.8358,33.6699,29.2076,24.3165,14.9042
93.457,0.3954240083555818,0.5211549696656248,3.639657639280536e-33,2,117.517,0.861308,0.000445064,14126.7,7.0,1.1844,2.7015,4.7474,63.3817,53.0676,49.1201,47.2583,45.7484,44.7316,43.7623,42.8372,41.9536,40.7813,39.5262,37.3884,33.8028,29.2237,24.2980,14.8423
93.568,0.13568328321759304,0.587640617100657,6.117172594338798e-34,2,120.188,0.853633,-0.0191072,14653.5,7.0,1.2260,2.6873,4.4673,79.3408,62.5045,56.5594,53.8431,51.6795,50.2421,48.8860,47.6048,46.3924,44.8008,43.1181,40.3014,35.7108,30.1712,24.9258,15.0151
93.681,0.04446069824474089,0.6273087141302932,1.0281131979305217e-34,3,123.264,0.847382,-0.0131205,11866.4,7.0,1.2863,2.8609,4.8693,96.2073,70.8938,62.7060,59.0829,56.2483,54.3892,52.6530,51.0281,49.5040,47.5231,45.4528,42.0410,36.6205,30.2993,24.6618,14.8986
93.790,0.09435672205126638,0.6438564667118395,1.727949851761828e-35,3,124.69,0.835565,0.0230128,11765.9,7.0,1.4396,3.5065,7.2493,100.4440,71.5764,62.6368,58.7402,55.7162,53.7449,51.9120,50.2038,48.6079,46.5427,44.3951,40.8801,35.3560,29.0054,23.4219,14.4042
93.904,0.18410729622995897,0.6513508967777605,2.9041653158561044e-36,3,127.445,0.814959,0.0248267,12085.6,7.0,1.6247,4.0170,9.1352,155.6240,92.8666,77.3456,71.0332,66.3085,63.3067,60.5693,58.0630,55.7600,52.8330,49.8515,45.1030,37.9534,30.1721,23.6847,14.2328
94.007,0.06032827882863297,0.6575803552155115,4.881030646359355e-37,3,130.325,0.788757,0.0300667,12309.6,7.0,1.8677,4.7527,12.5424,194.6720,139.9790,105.7210,93.5368,84.9809,79.7758,75.1769,71.0845,67.4193,62.8881,58.4120,51.5590,41.8326,31.9804,24.2912,13.9843
94.122,0.01976837040656645,0.6885220772813939,8.203548207336168e-38,3,133.352,0.74987,0.0678784,12583.6,7.0,2.3147,6.8188,17.6188,183.5590,200.0000,119.3760,103.2930,92.4125,85.9534,80.3440,75.4273,71.0827,65.7861,60.6338,52.8949,42.2103,31.7300,23.7784,13.4082
94.234,0.12738439484411662,0.7764582736585671,1.37877034720699e-38,3,136.701,0.687326,0.10196,12960.2,7.0,3.0000,8.5649,19.0873,162.4450,193.1840,150.0910,124.4160,108.2340,99.0409,91.2939,84.6766,78.9596,72.1493,65.6864,56.2665,43.7986,32.1359,23.6369,12.9638
94.340,0.041741318502520136,0.8448833314874392,2.3172993225507882e-39,3,140.555,0.619282,0.0762655,13360.4,7.0,3.5080,9.0439,17.2036,49.7761,175.4860,186.4560,190.9870,194.4980,143.9630,127.5170,114.4510,103.8210,91.8844,81.2271,66.7471,49.2836,34.4731,24.4936,12.8019
94.450,0.0136777952469058,0.8728057587336792,3.89468497141111e-40,3,144.566,0.564698,0.0618617,14011.3,7.0,3.9451,9.8007,17.7623,43.3319,163.4660,177.1860,182.3010,186.1830,188.7010,152.0680,133.1100,118.4900,102.7100,89.1570,71.5047,51.3022,35.0325,24.4867,12.5264
94.560,0.004481939946506093,0.883961184381227,6.545797031450653e-41,3,148.912,0.51823,0.0562512,14312.1,7.0,4.3387,10.6314,18.9437,43.8808,156.0450,170.9100,176.1790,180.1490,182.7180,185.1070,140.2910,123.7050,106.1500,91.3513,72.4517,51.3266,34.6924,24.0854,12.2152
94.671,0.041431230187139866,0.8907804048042904,1.1001521070759114e-41,3,153.318,0.475825,0.0511062,14576.4,7.0,4.6937,11.3604,19.9467,44.2919,148.3980,164.6550,170.0560,174.0980,176.7070,179.1300,181.3940,129.2590,109.7420,93.6066,73.4093,51.3589,34.3738,23.7116,11.9290
94.779,0.05486462970652199,0.9048298996087698,1.8490256463624847e-42,4,155.962,0.443472,0.0188009,12169.2,7.0,4.8136,10.8508,17.6222,32.3599,65.4864,134.4810,151.3660,157.7020,161.3640,164.5960,167.5170,170.1950,173.6200,177.1630,97.8645,61.6398,38.2776,25.2292,12.0243
94.890,0.017978041862233125,0.9512995404100516,3.107657403841428e-43,4,158.246,0.429867,-0.0018695,12227.1,7.0,4.8287,10.4504,16.3097,27.6484,47.7622,75.2034,108.4760,141.3670,147.2650,151.6950,155.4090,158.6730,162.7180,166.8000,126.3660,71.4854,41.6300,26.4954,12.1556
95.004,0.00589104475741655,0.9802270209015657,5.223039798636287e-44,4,161.89,0.429485,-0.00899154,12499.6,7.0,4.7980,10.2470,15.7966,26.1726,43.4826,65.0769,88.5604,128.7270,138.2180,143.4310,147.5390,151.0500,155.3260,159.5920,166.3980,75.9423,43.0766,27.0519,12.2401
95.106,0.0019303775461102552,0.991446751146525,8.778362989568007e-45,4,165.548,0.436102,-0.0118488,12840.1,7.0,4.7291,10.0472,15.4150,25.3208,41.4777,61.0128,81.5127,115.4830,131.4080,136.9630,141.1960,144.7690,149.0940,153.3920,160.2370,78.2614,43.8935,27.4115,12.3327
95.217,0.0006325461143094084,0.9956051073531933,1.4753794676566952e-45,4,169.348,0.446135,-0.0137108,13038.5,7.0,4.6366,9.8174,15.0165,24.5316,39.8335,57.9839,76.6279,106.6530,125.1100,130.8530,135.1290,138.7130,143.0350,147.3240,154.1560,80.1553,44.6151,27.7592,12.4426
95.327,0.04180609521933065,0.9969677175149944,2.4796702712906076e-46,4,173.052,0.458375,-0.0167154,13351.2,7.0,4.5209,9.5209,14.4928,23.4737,37.6040,53.8825,70.0846,95.1279,117.5410,123.9540,128.4130,132.0810,136.4610,140.7850,147.6540,83.1279,45.6852,28.2522,12.5869
95.439,0.017370943951870266,0.9974142176128132,4.1675818249581243e-47,4,176.736,0.477311,-0.0314916,13642.5,7.0,4.3018,8.8298,13.1435,20.4895,31.0104,41.7848,51.3076,64.1005,77.9990,99.6029,114.6180,119.9320,125.3940,130.4030,138.0120,97.8816,50.0755,29.9824,12.9496
95.550,0.005692110914148849,0.9975605267648666,7.004454773207121e-48,4,180.47,0.505491,-0.0381106,13838.3,7.0,4.0449,8.2109,12.1090,18.5908,27.5456,36.3376,43.8075,53.4266,63.3715,77.8727,100.9900,110.3150,116.7000,122.1280,130.0990,142.0860,52.9816,31.2228,13.2906
95.663,0.0018651909043482947,0.9976084693478116,1.1772387137329206e-48,4,184.094,0.540079,-0.0400022,14133.0,7.0,3.7554,7.5995,11.1784,17.0905,25.1793,33.0331,39.6389,48.0554,56.6527,69.0028,88.2470,102.8870,109.6770,115.2090,123.2220,135.2280,54.7981,32.1413,13.6237
95.769,-0.010390581275713151,0.9976241791733907,1.97858510617092e-49,4,187.717,0.577741,-0.0405863,14389.2,7.0,3.4460,6.9667,10.2395,15.6352,22.9956,30.1184,36.0909,43.6768,51.3979,62.4410,79.5357,96.0371,103.0250,108.5560,116.5130,128.4400,56.3304,32.9916,13.9657
95.877,-0.012863586763625683,0.9976293269690366,3.325407987941466e-50,4,191.288,0.613776,-0.0311602,14659.5,7.0,3.1797,6.5301,9.7251,15.1725,22.9891,31.0120,38.1183,47.6871,58.1134,74.3807,90.0878,95.2333,100.3710,105.0640,112.2330,123.4140,54.6006,32.7169,14.1408
95.988,-0.004215140110704864,0.9926993243455889,5.589013205333222e-51,4,194.813,0.644799,-0.0275343,14937.7,7.0,2.9343,6.0636,9.0782,14.2892,21.9274,29.9717,37.2759,47.3893,58.7871,77.4117,86.1009,90.4241,95.0802,99.4638,106.2850,117.1040,54.5527,32.9604,14.3573
96.096,-0.0013812171114757697,0.8551348767109377,9.393454494203547e-52,5,195.874,0.672981,-0.0267165,13044.6,7.0,2.7036,5.5947,8.3863,13.2272,20.3581,27.9138,34.8156,44.4366,55.3711,73.1257,80.1755,84.2464,88.6969,92.9212,99.5408,110.1350,55.2420,33.4380,14.5907
96.209,-0.0004525972230883803,0.7249345397600151,1.57875789684079e-52,5,197.504,0.699945,-0.0263808,13391.6,7.0,2.4815,5.1380,7.7055,12.1637,18.7445,25.7348,32.1360,41.0842,51.2911,67.5742,73.9692,77.8438,82.1170,86.1966,92.6255,103.0000,56.0305,33.9407,14.8206
96.321,-0.00014830705806160045,0.4280257140510617,2.653418397220316e-53,5,198.541,0.726698,-0.0264567,13347.8,7.0,2.2601,4.6789,7.0163,11.0736,17.0598,23.4151,29.2313,37.3570,46.6174,61.4086,67.4956,71.2128,75.3288,79.2724,85.5159,95.6705,56.9355,34.4832,15.0550
96.429,-4.8597256785625236e-05,0.1402554659802519,0.7023872822570801,5,192.275,0.753141,-0.0265105,12518.9,7.0,2.0413,4.2256,6.3360,9.9986,15.4006,21.1334,26.3777,33.7012,42.0426,55.3461,61.0758,64.6229,68.5701,72.3683,78.4134,88.3281,58.4853,35.0172,15.2865
96.538,-1.5924349103513677e-05,0.04595891109240894,0.8909614954825608,5,178.649,0.778141,-0.0269769,11430.9,7.0,1.8337,3.7930,5.6834,8.9581,13.7745,18.8678,23.5115,29.9706,37.2916,49.1562,54.8106,58.2292,62.0325,65.6998,71.5597,81.2433,94.3110,35.5693,15.5121
96.652,-5.218090714239362e-06,0.015059815986760561,0.9229376297774433,5,164.575,0.801484,-0.0278705,10395.4,7.0,1.6394,3.3858,5.0666,7.9682,12.2128,16.6720,20.7113,26.2888,32.5535,42.7424,48.8044,52.1408,55.8273,59.3803,65.0716,74.5368,87.4590,36.1389,15.7306
96.762,-1.709863965241954e-06,0.0049348005025417006,0.9274178723097418,4,151.035,0.823301,-0.0285175,10836.3,7.0,1.4584,3.0085,4.4977,7.0623,10.7994,14.7070,18.2306,23.0706,28.4727,37.1820,43.3488,46.5795,50.1353,53.5668,59.0813,68.3180,81.0774,36.6523,15.9320
96.871,-5.602882241304835e-07,0.0016170354286728645,0.9281708666721452,4,137.52,0.843454,-0.028591,9370.14,7.0,1.2919,2.6649,3.9836,6.2538,9.5605,13.0164,16.1308,20.4067,25.1757,32.8567,38.5660,41.6324,45.0267,48.3190,53.6404,62.6320,75.2068,37.1480,16.1093
96.980,-1.835952452830768e-07,0.0005298701692675243,0.9286149470012847,4,124.641,0.861826,-0.0293282,8207.65,7.0,1.1395,2.3475,3.5054,5.4932,8.3759,11.3729,14.0600,17.7281,21.7908,28.2718,33.9390,36.9105,40.1835,43.3608,48.5143,57.2856,69.6905,39.5761,16.2826
97.090,-6.016048997435861e-08,0.00017362785706558233,0.928160062250416,3,112.246,0.878455,-0.0294984,8901.12,7.0,1.0022,2.0641,3.0814,4.8267,7.3553,9.9809,12.3324,15.5381,19.0830,24.7260,29.9529,32.7732,35.8967,38.9439,43.9171,52.4572,64.6792,79.3858,16.4310
97.198,-1.971338935479783e-08,5.689437620325002e-05,0.9268366876206794,3,100.919,0.893259,-0.0272334,6970.47,7.0,0.8820,1.8236,2.7315,4.3026,6.6098,9.0449,11.2610,14.3367,17.8137,23.4623,27.1887,29.6738,32.5448,35.4047,40.1428,48.4024,60.3981,75.0404,16.5208
97.310,-0.045348657791665845,1.8643149194280967e-05,0.4485592097580854,3,90.2019,0.906014,-0.0208829,6558.48,7.0,0.7813,1.6334,2.4701,3.9554,6.2261,8.7467,11.1595,14.7131,19.0475,23.2538,25.7398,27.7982,30.3333,32.9491,37.3912,45.3107,57.0261,71.5409,16.5217
97.417,-0.08397677586077305,6.108987127981987e-06,0.0753893463840414,2,82.5217,0.916746,-0.0284079,9384.77,7.0,0.6872,1.4179,2.1201,3.3299,5.0939,6.9398,8.6056,10.8959,13.4548,17.5829,20.8412,23.0662,25.6739,28.3029,32.7201,40.5679,52.2340,66.8290,16.7466
97.527,-0.027517509914058113,2.0017929020971372e-06,0.012670687446765836,2,80.2702,0.925581,-0.0179814,9180.03,7.0,0.6204,1.3036,1.9804,3.1963,5.0924,7.2515,9.3738,12.6037,16.2558,18.7312,20.6852,22.4164,24.6291,26.9732,31.0512,38.5183,49.8685,64.2873,16.6410
97.637,-0.009016937648638564,6.5594749815919e-07,0.002129562439177934,2,79.5276,0.931286,-0.0115193,9088.76,7.0,0.5765,1.2254,1.8812,3.0930,5.0747,7.4791,10.0122,13.8085,15.9336,17.6991,19.2957,20.7892,22.7660,24.9150,28.7368,35.8956,46.9891,61.2888,16.5796
97.747,-0.28270974498398005,2.1494087619680339e-07,0.0003579155591526354,2,78.7797,0.93134,0.0148737,9009.92,7.0,0.5915,1.3226,2.1307,3.8467,7.5022,12.6302,15.0411,16.9682,18.2837,19.5631,20.8148,22.0442,23.7351,25.6312,29.1066,35.8247,46.5013,60.4877,16.1667
97.861,-0.0926383292363506,7.043182631216855e-08,6.0154868026783434e-05,2,78.1026,0.913463,0.0673677,8938.66,7.0,0.7892,1.9880,3.6670,9.1850,15.5487,18.7755,20.4980,22.0036,23.0776,24.1502,25.2213,26.2908,27.7846,29.4862,32.6592,38.9244,49.0728,62.5341,15.3148
97.968,-0.030355727724167364,2.3079100845971393e-08,1.011022866926149e-05,2,77.498,0.882977,0.087445,8863.54,7.0,1.0926,2.9044,5.7620,11.5569,16.5683,19.3241,20.8368,22.1790,23.1467,24.1207,25.0999,26.0834,27.4662,29.0532,32.0407,38.0204,47.8577,61.0824,14.9753
98.079,-0.17863905218243248,7.562559765207907e-09,1.699226132442779e-06,2,76.881,0.846033,0.102734,8793.08,7.0,1.4644,4.0427,7.3296,12.3259,16.6172,19.0473,20.4028,21.6174,22.4993,23.3917,24.2935,25.2039,26.4911,27.9778,30.7992,36.5203,46.0794,59.1114,14.7725
98.189,-0.2767028805854051,2.478099583863327e-09,2.855889360796579e-07,2,76.0427,0.790469,0.178224,8684.9,7.0,2.1872,6.5289,11.3836,17.4185,21.9895,24.4671,25.8290,27.0397,27.9143,28.7961,29.6845,30.5788,31.8399,33.2917,36.0370,41.5782,50.8022,63.3283,13.6776
98.298,-0.09066999991022553,8.120236716403349e-10,4.799893248690811e-08,2,75.4254,0.713568,0.21151,8632.89,7.0,3.0693,9.0328,14.7879,21.1271,25.6833,28.1145,29.4442,30.6234,31.4738,32.3303,33.1923,34.0595,35.2811,36.6865,39.3414,44.6973,53.6160,65.7139,12.8037
98.407,-0.029710745570582703,2.660839167231049e-10,8.067180583074647e-09,2,74.8727,0.636546,0.191506,8566.26,7.0,3.7604,10.0192,15.4044,21.1983,25.3980,27.6607,28.9041,30.0106,30.8107,31.6184,32.4330,33.2542,34.4136,35.7509,38.2885,43.4455,52.1211,64.0190,12.4175
98.520,-0.16684946616982343,8.7190377831827e-11,1.355851040597356e-09,2,74.3028,0.568122,0.171189,8503.37,7.0,4.3247,10.6764,15.7253,21.0709,24.9690,27.0843,28.2517,29.2936,30.0487,30.8124,31.5840,32.3631,33.4655,34.7405,37.1695,42.1402,50.5850,62.2942,12.0968
98.627,-0.2783217476462377,2.8570543007933077e-11,2.2787788439319763e-10,2,73.6018,0.496998,0.195436,8426.1,7.0,5.1628,12.7726,18.4246,24.0856,28.0810,30.2184,31.3909,32.4335,33.1873,33.9480,34.7154,35.4890,36.5818,37.8435,40.2409,45.1246,53.3723,64.7431,11.2741
98.739,-0.17830714349533633,0.02853603516561199,3.829943602996472e-11,2,73.0854,0.417237,0.219906,8383.42,7.0,6.1284,15.0830,21.2656,27.1618,31.2131,33.3560,34.5263,35.5645,36.3135,37.0685,37.8290,38.5946,39.6743,40.9184,43.2761,48.0588,56.0926,25.9434,10.4356
98.848,-0.24700860183799908,0.07125807276869274,6.436986213556171e-12,2,72.8334,0.332208,0.234106,8386.42,7.0,7.0933,17.0565,23.4950,29.4375,33.4596,35.5752,36.7279,37.7487,38.4845,39.2254,39.9711,40.7214,41.7787,42.9958,45.2993,49.9638,57.7814,20.7845,9.6813
98.958,-0.20582967900866614,0.10474154450359523,1.0818642729123856e-12,2,72.7926,0.238091,0.263352,8407.86,7.0,8.3307,19.8284,26.7234,32.8401,36.8965,39.0098,40.1562,41.1691,41.8977,42.6303,43.3666,44.1064,45.1473,46.3433,48.6010,53.1530,60.7357,16.7031,8.7888
99.070,-0.06744626921755972,0.1485983655529381,1.818289283483847e-13,2,73.0949,0.139239,0.262613,8465.68,7.0,9.2991,21.1933,27.9905,33.9483,37.8836,39.9317,41.0426,42.0243,42.7304,43.4404,44.1540,44.8708,45.8796,47.0392,49.2289,53.6467,61.0169,14.9887,8.0750
99.178,-0.12934036945528615,0.19034438625251174,3.055998798751302e-14,2,73.7331,0.044136,0.245431,8565.16,7.0,10.0018,21.6537,28.1221,33.7895,37.5455,39.5059,40.5709,41.5128,42.1909,42.8733,43.5595,44.2496,45.2215,46.3398,48.4549,52.7360,59.9160,14.0510,7.4751
99.288,-0.1210067765716277,0.23086566567472305,5.136217181061313e-15,2,74.6217,-0.0482953,0.23441,8703.22,7.0,10.7249,22.3183,28.5754,34.0330,37.6506,39.5406,40.5679,41.4771,42.1319,42.7912,43.4545,44.1216,45.0616,46.1438,48.1930,52.3485,59.3789,12.8714,6.8523
99.398,-0.2100733154433972,0.43223304375016824,8.63244021620975e-16,2,76.348,-0.137986,0.224714,9108.35,7.0,11.4134,22.9592,29.0369,34.3125,37.8079,39.6350,40.6287,41.5084,42.1421,42.7802,43.4224,44.0685,44.9794,46.0286,48.0165,52.0544,59.0939,11.6794,6.2371
99.509,-0.1715342452059924,0.5868926472135552,1.450854227138373e-16,2,79.4427,-0.231077,0.237805,9793.4,7.0,12.4261,24.6000,30.7832,36.0663,39.5363,41.3425,42.3230,43.1900,43.8142,44.4422,45.0738,45.7088,46.6033,47.6328,49.5811,53.5298,15.0136,9.8458,5.4998
99.618,-0.05620834146909959,0.6578343498264377,2.4384506995514635e-17,2,83.4071,-0.326031,0.228446,10528.4,7.0,13.1289,25.2204,31.2299,36.3431,39.6991,41.4467,42.3956,43.2349,43.8391,44.4472,45.0590,45.6742,46.5412,47.5392,49.4288,53.3862,12.7581,8.6310,4.8413
99.728,-0.018418349332594553,0.685543894126127,4.098304090736145e-18,2,87.8468,-0.415796,0.194857,10999.5,7.0,13.4240,24.7517,30.3394,35.1229,38.2834,39.9364,40.8360,41.6328,42.2073,42.7861,43.3690,43.9559,44.7837,45.7382,47.5501,51.4415,12.1782,7.9238,4.2892
99.836,-0.006035324709304584,0.6960467947116243,6.88801968530024e-19,2,92.3469,-0.493505,0.146456,11498.4,7.0,13.4251,23.6775,28.7307,33.1022,36.0198,37.5555,38.3942,39.1388,39.6766,40.2193,40.7666,41.3186,42.0986,43.0000,44.7174,48.4059,13.3866,7.6191,3.8523
99.947,-0.30213499366605745,0.6994883851754801,1.1576694685084113e-19,2,96.8412,-0.554124,0.108122,11867.9,7.0,13.4392,22.9297,27.5932,31.6521,34.3790,35.8207,36.6100,37.3119,37.8196,38.3324,38.8502,39.3729,40.1126,40.9690,42.6051,46.2361,54.2673,7.3432,3.4956
100.058,-0.1589585511774937,0.6983196899918013,1.9456950757220868e-20,2,100.785,-0.608378,0.117881,12738.4,7.0,13.9828,23.7742,28.5135,32.6054,35.3399,36.7814,37.5694,38.2696,38.7756,39.2866,39.8023,40.3302,41.0988,42.0216,43.8923,48.2897,10.4276,6.1208,3.0377
100.167,-0.05208753804984114,0.6997512925008884,3.2701297137661115e-21,2,105.09,-0.658021,0.115169,13017.9,7.0,14.3345,24.1312,28.8244,32.8612,35.5534,36.9751,37.7778,38.5157,39.0642,39.6316,40.2189,40.8271,41.7155,42.7873,44.9776,50.2208,8.5490,5.2859,2.6535
100.276,-0.11716869513643365,0.702396366807941,5.496107009926704e-22,2,109.343,-0.699876,0.0781442,13489.0,7.0,14.2065,23.2813,27.6307,31.3944,33.9282,35.3445,36.1598,36.9107,37.4699,38.0493,38.6498,39.2727,40.1845,41.2874,43.5515,49.0275,9.1755,5.0798,2.4018
100.388,-0.14487149620850656,0.7042509485068761,9.237307051583813e-23,2,113.382,-0.732509,0.0638806,13984.9,7.0,14.2848,23.1103,27.3235,30.9954,33.7247,35.3163,36.2388,37.0924,37.7307,38.3944,39.0848,39.8036,40.8609,42.1481,44.8186,51.4409,8.5694,4.6618,2.1656
100.497,-0.04747149187760343,0.7060934625254831,1.5525141961596916e-23,2,117.574,-0.753621,0.0428883,14346.9,7.0,14.2049,22.6477,26.6767,30.5219,33.5484,35.3373,36.3822,37.3548,38.0854,38.8482,39.6453,40.4790,41.7122,43.2252,46.4053,54.5396,9.3966,4.5494,2.0329
100.608,-0.1013842865626523,0.7055587878316002,2.6093106094855933e-24,2,121.722,-0.755256,-0.00677377,14847.8,7.0,13.7008,21.2612,24.9901,28.8030,31.8363,33.6430,34.7032,35.6930,36.4388,37.2193,38.0369,38.8942,40.1669,41.7352,45.0571,53.7157,79.7103,5.4871,2.1249
100.717,-0.12427280049157992,0.7075098590654088,4.385468341362436e-25,3,124.3,-0.734631,-0.0338309,11951.1,7.0,13.2929,20.3913,24.3242,28.5185,31.9426,34.0207,35.2539,36.4147,37.2953,38.2225,39.2001,40.2321,41.7772,43.7034,47.8662,59.2763,99.3005,7.0737,2.3784
100.826,-0.04072171126508091,0.7186088853060532,7.370656641327847e-26,3,126.285,-0.692828,-0.0734952,12016.9,7.0,12.6509,19.3268,23.4038,27.8617,31.5904,33.8940,35.2760,36.5872,37.5885,38.6493,39.7748,40.9710,42.7776,45.0562,50.0847,64.6407,126.7650,18.5753,2.8989
100.936,-0.19215833948919833,0.7376055798495875,1.2387862617079713e-26,3,129.46,-0.620961,-0.122267,12341.2,7.0,11.7745,18.1384,22.2594,26.8711,30.8176,33.2980,34.8017,36.2395,37.3449,38.5230,39.7809,41.1270,43.1781,45.7966,51.7021,69.8555,170.7150,28.0736,3.8534
101.048,-0.0905759708918205,0.7543096921082378,2.0820280700525873e-27,3,132.508,-0.522096,-0.14445,12747.0,7.0,11.0064,17.8776,22.6054,28.1956,33.2554,36.5760,38.6451,40.6643,42.2448,43.9568,45.8169,47.8452,51.0133,55.2009,65.2820,103.1610,200.0000,23.0669,5.0767
101.156,-0.03555469575120674,0.7720530378006524,3.499264577337384e-28,3,135.908,-0.395389,-0.179984,12966.3,7.0,10.1820,17.1014,22.0524,28.1347,33.8676,37.7542,40.2279,42.6816,44.6302,46.7691,49.1271,51.7397,55.9092,61.5933,76.1475,144.9020,123.1780,24.0167,6.3744
101.268,-0.029409223521005425,0.7858151030983928,5.881213975130943e-29,3,139.385,-0.267983,-0.16325,13298.6,7.0,9.3621,16.0196,20.8938,27.0202,32.9405,37.0375,39.6811,42.3317,44.4568,46.8104,49.4311,52.3669,57.1240,63.7542,81.5417,185.2630,95.1226,26.2108,7.5364
101.379,-0.009636814363363059,0.7958993480614063,9.884556328002576e-30,3,142.962,-0.150299,-0.15389,13621.4,7.0,8.5509,14.7900,19.4204,25.3211,31.1112,35.1698,37.8114,40.4782,42.6296,45.0263,47.7122,50.7431,55.7043,62.7241,82.1856,200.0000,91.8260,28.8380,8.6357
101.486,-0.1629160831423739,0.8021974018883865,1.6612973820473932e-30,3,146.514,-0.0386066,-0.136229,13972.8,7.0,7.8229,13.8186,18.3919,24.3866,30.4596,34.8342,37.7356,40.7090,43.1409,45.8857,49.0074,52.5892,58.5919,67.3959,93.8970,200.0000,78.8619,29.7119,9.5420
101.598,-0.19231339196251493,0.8066539587132864,2.7921425100070547e-31,3,149.616,0.0509319,-0.064287,14467.1,7.0,7.5817,14.7662,21.0653,30.7172,42.5914,52.8674,60.6953,69.7424,78.0604,88.6389,102.5430,121.6320,164.5340,200.0000,200.0000,108.9920,43.5941,23.8710,9.5508
101.707,-0.0630172522782769,0.8104287891130446,4.692753916568857e-32,3,152.778,0.103692,-0.00233251,14837.2,7.0,7.5877,16.4073,25.5853,43.3055,74.6062,117.0380,168.0700,200.0000,200.0000,200.0000,200.0000,200.0000,200.0000,160.3850,98.2084,55.3906,32.2042,20.4791,9.3871
101.817,-0.020649493226545777,0.8129005302259373,7.887111507577277e-33,3,156.39,0.120128,0.0254924,14944.5,7.0,7.6638,17.5180,28.8622,54.6901,119.1540,200.0000,200.0000,200.0000,200.0000,200.0000,196.4400,156.5410,121.8960,97.3027,70.6249,45.6792,28.8721,19.2262,9.2713
101.926,-0.00676642594047452,0.81506574379131,1.3255868310785132e-33,4,157.731,0.109522,0.0301101,11696.1,7.0,7.7941,17.9922,29.9539,58.1171,134.6060,200.0000,200.0000,200.0000,200.0000,200.0000,171.4570,140.0160,111.4250,90.3560,66.7334,43.8850,28.0578,18.8115,9.1435
102.036,-0.0022172224521746905,0.8251507214411614,2.227913786993657e-34,4,160.202,0.0873981,0.0316393,12233.3,7.0,8.0008,18.5303,30.9592,60.5643,143.4730,200.0000,200.0000,200.0000,200.0000,195.5260,161.6750,132.9530,106.4830,86.7586,64.4202,42.5856,27.3272,18.3622,8.9483
102.146,-0.0007265394531286026,0.8573241969955897,3.74445470180024e-35,4,163.005,0.0616964,0.0322015,12459.2,7.0,8.2310,19.0869,31.9311,62.6577,149.7180,200.0000,200.0000,199.2130,195.8020,190.0180,155.6870,128.3420,103.0240,84.0817,62.5524,41.4289,26.6205,17.9018,8.7322
102.258,-0.00023807244800118049,0.8970593913090148,6.293305017315665e-36,4,165.97,0.0345274,0.0325448,12714.9,7.0,8.4725,19.6614,32.9188,64.7186,155.4710,200.0000,197.3800,193.9240,190.5080,184.6010,150.4410,124.2000,99.8332,81.5610,60.7477,40.2798,25.9032,17.4279,8.5060
102.367,0.004822082916332724,0.9226793451722629,1.057715774260244e-36,4,169.098,0.00653815,0.0326101,12956.4,7.0,8.7187,20.2357,33.8854,66.6432,160.2590,194.9730,192.0570,188.6270,185.2430,179.3980,146.1400,120.6820,97.0304,79.2865,59.0666,39.1736,25.1957,16.9535,8.2753
102.476,0.008987049312423908,0.933635958451047,1.7777029017991924e-37,4,172.282,-0.0201557,0.0263573,13196.2,7.0,8.8938,20.3667,33.6203,63.9804,140.9000,190.6230,188.0570,185.1330,182.4310,178.7250,167.6040,134.2340,104.9860,84.0663,61.2260,39.7274,25.1653,16.7794,8.1035
102.587,0.0029448763186950668,0.9434032566464889,2.987785267053903e-38,4,175.488,-0.0437915,0.0237119,13448.6,7.0,9.0746,20.6651,33.9147,63.7090,135.8950,185.5290,183.1010,180.3710,177.9000,174.6620,169.2990,139.4110,107.5260,85.2566,61.4344,39.4671,24.8318,16.4914,7.9280
102.696,0.0009649770721099994,0.9510024201535465,5.021570698337496e-39,4,178.723,-0.0657664,0.0231177,13688.7,7.0,9.2599,21.0609,34.5195,64.6613,136.9920,180.0110,177.6280,174.9680,172.5800,169.4910,164.6440,138.2010,106.2360,84.0376,60.4051,38.7167,24.3220,16.1382,7.7502
102.809,-0.013969694113792246,0.9556187874890391,8.439753872695831e-40,4,181.963,-0.0874147,0.0236289,13930.6,7.0,9.4530,21.5232,35.3166,66.3162,141.3220,174.2220,171.8400,169.1930,166.8250,163.7650,158.9520,133.3180,102.7790,81.4667,58.6832,37.6878,23.7072,15.7425,7.5669
102.916,-0.05700753785360744,0.9585545158469083,1.4184694333839884e-40,4,185.112,-0.116751,0.0509669,14194.8,7.0,9.9983,24.1916,42.4593,94.1799,168.1890,163.0960,158.9420,152.3680,125.4980,104.0240,88.8312,77.5157,65.7912,56.1035,43.9841,30.7617,20.5827,14.1958,7.1401
103.028,-0.018680230003870084,0.9595164953152149,2.384021576688469e-41,4,188.285,-0.166463,0.0701043,14413.1,7.0,10.6715,27.0707,50.3928,134.4760,158.6240,150.6590,123.7220,95.0319,81.5339,71.3982,63.5078,57.1920,50.2083,44.0665,35.8610,26.1714,18.1258,12.7909,6.6250
103.136,-0.00612113776766815,0.9590787870598896,4.00682506394031e-42,4,191.467,-0.231788,0.0754449,14637.9,7.0,11.3390,29.1691,55.3222,159.4660,151.0610,140.4190,100.7310,79.5268,69.1373,61.1525,54.8252,49.6879,43.9306,38.7997,31.8435,23.4767,16.4004,11.6423,6.0777
103.246,0.041232847080040505,0.9581447826469096,6.73427088496448e-43,4,194.61,-0.304006,0.0721661,14872.1,7.0,11.9582,30.4977,57.1755,153.4720,145.2970,135.7550,98.2980,76.3631,65.8700,57.9162,51.6798,46.6591,41.0774,36.1427,29.5115,21.6239,15.0269,10.6287,5.5219
103.356,0.023319125257587673,0.9579591968308643,1.1318289076359802e-43,5,196.295,-0.36933,0.0516555,13443.2,7.0,12.2690,29.7342,52.2878,116.6070,142.7550,137.2630,132.4780,110.6580,88.1734,73.2876,62.7056,54.7979,46.5803,39.7712,31.2290,21.8787,14.6589,10.1190,5.0951
103.466,0.007641210964406328,0.9570987727425376,1.9022648450637918e-44,5,197.752,-0.421533,0.0433051,13508.5,7.0,12.6203,29.9975,51.5762,108.2580,137.5760,132.7930,129.0580,123.5880,100.3950,80.1727,66.7356,57.1599,47.6032,39.9728,30.7484,21.0704,13.8798,9.4780,4.7090
103.576,0.0025038720088166656,0.9581721024147747,3.1971365250987155e-45,5,200.274,-0.466871,0.0417005,13683.6,7.0,13.0001,30.7877,52.7165,109.4880,131.2650,126.5960,123.0000,117.9160,97.0267,76.7305,63.4605,54.1072,44.8569,37.5309,28.7446,19.6074,12.8719,8.7709,4.3463
103.687,0.026625160586099046,0.9584500239723983,5.373427357733412e-46,5,202.78,-0.509973,0.0398938,13855.2,7.0,13.3558,31.5017,53.6928,130.5280,124.8890,120.3510,116.9110,112.2320,94.3518,73.7192,60.4956,51.2977,42.2996,35.2412,26.8540,18.2213,11.9152,8.0992,4.0016
103.796,0.039094233140052934,0.9580592183084005,9.031119360142547e-47,5,205.2,-0.543145,0.013004,14021.3,7.0,13.2677,29.5579,47.4389,84.9811,121.5190,118.3140,116.1480,113.8700,111.9120,109.4910,106.0760,90.0121,64.2526,48.4238,33.1364,20.3399,12.4250,8.1138,3.8271
103.906,0.012810398315332544,0.9552492235615466,1.517860230859158e-47,5,207.632,-0.557274,0.000646289,14167.6,7.0,13.2225,28.7535,45.0775,77.0749,116.0530,113.2730,111.4480,109.5850,108.0550,106.2980,104.2010,101.4950,87.6341,60.0106,37.7319,21.6827,12.7377,8.1439,3.7542
104.016,0.004197711319968168,0.9492536983891475,2.551067690004987e-48,5,210.032,-0.559796,-0.00248987,14321.7,7.0,13.2025,28.5397,44.4921,75.2676,109.5970,106.9480,105.2330,103.5040,102.1030,100.5200,98.6812,96.4347,91.4848,64.2134,39.2616,22.1213,12.8542,8.1718,3.7446
104.127,0.0013755060453271692,0.9199863483725309,4.287579466591384e-49,5,212.321,-0.557856,-0.00340587,14460.4,7.0,13.1741,28.4292,44.2485,74.6285,102.8600,100.2910,98.6493,97.0096,95.6942,94.2229,92.5401,90.5385,86.6134,65.9641,39.9777,22.3893,12.9674,8.2299,3.7646
104.237,-0.0762439321636172,0.4574199703847109,7.206134809500141e-50,5,213.529,-0.558168,0.0148942,14356.5,7.0,13.4229,30.0177,48.3601,98.5253,94.2508,91.3231,89.4361,87.5205,85.9360,84.0770,81.7522,78.2036,59.5065,45.3210,31.3335,19.4016,11.9169,7.8059,3.6945
104.348,-0.024983611691374086,0.14988737589566203,0.18046783447265624,5,211.844,-0.580573,0.0418031,14055.0,7.0,14.0093,33.1856,56.8374,89.4952,84.2806,80.5981,78.0507,75.1091,71.8737,60.2179,49.8249,42.4940,35.2396,29.4912,22.5934,15.4161,10.1226,6.8985,3.4191
104.457,-0.008186629879029461,0.04911509533349053,0.7351641209381103,5,201.683,-0.621904,0.0500342,13060.6,7.0,14.5060,35.0213,61.3077,81.8000,76.2922,72.3369,69.4415,65.4941,54.9347,45.3594,38.6288,33.6401,28.4923,24.2548,18.9742,13.2388,8.8419,6.0910,3.0591
104.567,0.010804655179833377,0.016094034438878174,0.8377467242357557,5,187.849,-0.668195,0.0500247,12020.9,7.0,14.9198,36.0196,80.9967,75.1181,69.6602,65.7750,62.9211,58.8606,48.2206,39.8136,33.9053,29.5259,25.0071,21.2876,16.6526,11.6187,7.7596,5.3454,2.6846
104.676,0.0304052737921278,0.0052736932049316,0.8509409029469421,5,174.124,-0.71173,0.0441501,11044.7,7.0,15.2107,36.2246,75.1309,69.3412,64.1611,60.5978,58.0993,55.0418,48.8372,39.1887,32.7258,28.0946,23.4513,19.7286,15.2099,10.4473,6.8942,4.7131,2.3449
104.788,0.009963200116204437,0.001728083789391987,0.8531193903353922,5,160.851,-0.750363,0.0440761,10119.6,7.0,15.5527,37.0329,69.3444,63.4856,58.3709,54.8769,52.4217,49.3499,42.3805,33.9936,28.3795,24.3585,20.3287,17.0989,13.1800,9.0511,5.9719,4.0822,2.0307
104.896,0.00739172991017162,0.0005662584961079663,0.8545915118345483,4,148.107,-0.785668,0.0457737,10215.5,7.0,15.8959,37.9980,63.8253,57.8773,52.7790,49.2826,46.7771,43.3089,34.7204,28.1044,23.6078,20.3529,17.0618,14.4028,11.1506,7.6933,5.0940,3.4899,1.7408
105.008,0.01480330338170254,0.00018555158400465835,0.8536624786581927,4,135.553,-0.818342,0.0461666,9128.31,7.0,16.1937,38.7451,58.7385,52.7609,47.7279,44.2751,41.7642,37.7662,29.1187,23.6174,19.8658,17.1438,14.3860,12.1538,9.4189,6.5054,4.3110,2.9549,1.4749
105.117,0.004850746452116288,6.080154304664644e-05,0.8538592718432582,4,123.537,-0.848365,0.0463435,8096.04,7.0,16.4643,59.8215,54.0233,48.0405,43.0797,39.6708,37.1409,31.4967,24.1922,19.6389,16.5293,14.2707,11.9805,10.1253,7.8503,5.4246,3.5960,2.4655,1.2310
105.227,0.0015894925974294656,1.992344962552511e-05,0.8535394110828566,3,112.122,-0.875799,0.0463664,8635.15,7.0,16.7091,55.6252,49.6668,43.6971,38.8097,35.4394,32.8625,25.7775,19.8030,16.0778,13.5330,11.6846,9.8100,8.2912,6.4287,4.4425,2.9452,2.0193,1.0082
105.337,0.0005208449343256873,6.528515973292068e-06,0.720843440781145,3,101.452,-0.900702,0.0439421,7424.05,7.0,16.8861,51.8349,45.7907,39.8956,35.1471,31.9040,29.4340,22.4945,16.9217,13.5628,11.3171,9.7101,8.1008,6.8118,5.2487,3.6031,2.3767,1.6243,0.8079
105.448,0.00017067046807984118,2.139264114128345e-06,0.35419424815654016,2,91.6685,-0.922945,0.0396716,9198.34,7.0,17.0045,48.4214,42.3414,36.5576,31.9860,28.9226,26.6592,20.8100,14.9427,11.6569,9.5563,8.0977,6.6727,5.5563,4.2312,2.8691,1.8753,1.2743,0.6294
105.556,0.2075841476306734,7.009940649175761e-07,0.05952942728766971,2,84.6382,-0.943032,0.0473425,9607.73,7.0,17.3266,44.7294,38.4536,32.5628,27.8295,24.4005,19.3432,11.4376,8.8537,7.2226,6.0994,5.2789,4.4427,3.7623,2.9242,2.0261,1.3459,0.9239,0.4620
105.667,0.13820599650238563,2.2970173519219134e-07,0.14882652197705115,2,81.8788,-0.95445,0.00552052,9288.49,7.0,16.6764,43.3278,37.5456,32.3614,28.5761,26.3302,24.9627,23.6067,22.4847,21.1106,18.7953,11.8970,7.7678,5.5623,3.6313,2.1461,1.2812,0.8262,0.3844
105.776,0.07662258896573386,7.526866458777725e-08,0.7225267478223647,2,74.5178,-0.952787,-0.0238708,7221.04,7.0,16.1882,41.5014,36.0033,31.2287,27.8846,26.0089,24.9263,23.9151,23.1479,22.3330,21.4551,20.4870,18.8620,14.3353,6.1682,2.8864,1.5353,0.9352,0.4105
105.887,0.06285837477395202,2.4664036012122848e-08,0.5777648132433213,2,66.1032,-0.94791,-0.0399125,6266.85,7.0,15.9065,39.4004,34.0223,29.4623,26.3446,24.6379,23.6726,22.7879,22.1283,21.4415,20.7235,19.9667,18.8183,17.2989,10.4541,3.8036,1.8524,1.0868,0.4607
105.997,0.06202684308642566,8.081911320452414e-09,0.8074072701134651,2,57.9242,-0.941355,-0.0420631,5235.99,7.0,15.8216,37.0251,31.6509,27.1804,24.1771,22.5540,21.6441,20.8166,20.2041,19.5713,18.9158,18.2330,17.2177,15.9331,12.4288,4.3970,2.1121,1.2324,0.5199
106.106,0.06446721292723515,2.648280701485847e-09,0.8540099791946107,2,49.5146,-0.935025,-0.0496181,5235.99,7.0,15.6671,35.1579,29.8330,25.4823,22.6094,21.0789,20.2298,19.4642,18.9024,18.3263,17.7352,17.1270,16.2407,15.1623,12.7975,5.3779,2.4497,1.4010,0.5809
106.217,0.0698722003785759,8.677886202628824e-10,0.5486872749522617,2,41.1935,-0.929749,-0.0677894,5235.99,7.0,15.4574,34.0157,28.7986,24.6028,21.8739,20.4411,19.6544,18.9513,18.4397,17.9195,17.3895,16.8490,16.0739,15.1571,13.3125,7.7544,2.9857,1.6164,0.6410
106.328,0.07787743633431404,2.8435697508774133e-10,0.09221787030122663,2,33.7014,-0.925302,-0.0934556,5235.99,7.0,15.1953,33.4677,28.3809,24.3405,21.7395,20.3889,19.6531,18.9997,18.5270,18.0491,17.5655,17.0757,16.3788,15.5643,13.9817,10.4380,3.8729,1.8998,0.7025
106.437,0.08711839459221883,0.1635363282181781,0.01549905746152716,2,32.8142,-0.910922,-0.11421,5235.99,7.0,14.9642,32.9237,27.9552,24.0534,21.5660,20.2849,19.5912,18.9780,18.5363,18.0914,17.6433,17.1916,16.5532,15.8142,14.3984,11.4400,5.6210,2.4779,0.8594
106.546,0.092554508471781,0.2841963945774076,0.00260492658755887,2,33.5469,-0.889015,-0.123729,5235.99,7.0,14.9361,31.9508,27.0591,23.2653,20.8740,19.6523,18.9944,18.4151,17.9993,17.5819,17.1628,16.7420,16.1502,15.4699,14.1829,11.5798,7.2344,3.2265,1.0838
106.656,0.3370814265202402,0.3097312987938749,0.0004378100115710194,2,34.5337,-0.862813,-0.143481,5235.99,7.0,14.7641,31.3217,26.5495,22.8917,20.6102,19.4515,18.8304,18.2856,17.8957,17.5053,17.1145,16.7233,16.1753,15.5488,14.3750,12.0459,8.3840,4.4012,1.3748
106.767,0.2745202132445937,0.20474651761377693,7.358272864474124e-05,2,35.3591,-0.825989,-0.183131,5235.99,7.0,14.1753,31.3924,26.8140,23.3342,21.1823,20.0926,19.5087,18.9974,18.6323,18.2672,17.9024,17.5379,17.0285,16.4477,15.3651,13.2386,9.9179,6.2045,1.8430
106.878,0.1811738385189367,0.07674389748543241,1.2367049203321663e-05,2,35.7706,-0.785127,-0.209546,5235.99,7.0,13.8909,30.9216,26.4766,23.1314,21.0806,20.0484,19.4971,19.0144,18.6698,18.3256,17.9822,17.6396,17.1617,16.6184,15.6096,13.6448,10.6114,7.1915,2.3675
106.987,0.15534137387055216,0.04691162587490149,2.0785299596022722e-06,2,35.9064,-0.741273,-0.23134,5235.99,7.0,13.7593,30.2549,25.9193,22.6902,20.7277,19.7456,19.2227,18.7660,18.4404,18.1155,17.7914,17.4682,17.0180,16.5073,15.5625,13.7352,10.9451,7.7879,2.9121
107.096,0.06286220225990254,0.08463249766043772,3.493385303103539e-07,2,36.1021,-0.694978,-0.246011,5235.99,7.0,13.8816,29.3192,25.0705,21.9441,20.0623,19.1265,18.6299,18.1972,17.8894,17.5827,17.2772,16.9731,16.5497,16.0702,15.1863,13.4895,10.9289,8.0453,3.3341
107.207,0.020598686436524866,0.11950998816149722,5.871332678926119e-08,2,36.4397,-0.650097,-0.222247,5235.99,7.0,14.5253,28.0164,23.8343,20.8029,19.0001,18.1103,17.6401,17.2316,16.9416,16.6532,16.3666,16.0818,15.6864,15.2395,14.4194,12.8592,10.5390,7.9589,3.5985
107.318,0.006749777571520468,0.1340753493270094,9.86794883347113e-09,2,36.8632,-0.612648,-0.177681,5235.99,7.0,16.2314,26.5618,22.4473,19.5149,17.7944,16.9523,16.5094,16.1258,15.8542,15.5846,15.3173,15.0522,14.6851,14.2716,13.5161,12.0920,10.0049,7.7136,3.7504
107.428,0.002211767114635827,0.13945047062372445,1.658506160441493e-09,2,37.3154,-0.583514,-0.130743,5235.99,7.0,38.4614,25.0313,20.9927,18.1675,16.5339,15.7417,15.3271,14.9691,14.7162,14.4659,14.2182,13.9731,13.6345,13.2545,12.5632,11.2720,9.4050,7.3788,3.8144
107.537,0.0007247518481238678,0.14136237630773202,2.7874513038540176e-10,2,37.7778,-0.563145,-0.0823096,5235.99,7.0,37.1169,23.4456,19.4944,16.7860,15.2447,14.5045,14.1190,13.7874,13.5537,13.3230,13.0951,12.8702,12.5603,12.2136,11.5858,10.4232,8.7632,6.9793,3.8032
107.646,0.00023748668559322902,0.16724363714039261,4.6848694063874474e-11,2,38.2778,-0.552002,-0.0327423,5235.99,7.0,35.7053,21.8063,17.9563,15.3758,13.9327,13.2468,12.8914,12.5868,12.3728,12.1619,11.9541,11.7495,11.4684,11.1548,10.5897,9.5516,8.0863,6.5258,3.7242
107.758,0.256018423652643,0.26191678759628884,7.873860011315385e-12,2,38.9679,-0.549083,0.0093891,5235.99,7.0,34.4499,20.3818,16.6342,14.1745,12.8206,12.1830,11.8543,11.5732,11.3763,11.1826,10.9921,10.8049,10.5483,10.2629,9.7502,8.8139,7.5039,6.1178,3.6165
107.866,0.18122871710776617,0.3497086781158019,1.3233596521017766e-12,2,40.0268,-0.546831,0.0292804,5235.99,7.0,33.7844,19.6681,15.9891,13.6018,12.2985,11.6875,11.3732,11.1049,10.9171,10.7325,10.5512,10.3731,10.1292,9.8583,9.3726,8.4864,7.2487,5.9413,3.5732
107.976,0.09996520086659783,0.405190270113736,2.2241705672874564e-13,2,41.3971,-0.552844,0.0670564,5235.99,7.0,32.6442,18.4044,14.8306,12.5587,11.3369,10.7689,10.4779,10.2302,10.0571,9.8873,9.7208,9.5575,9.3343,9.0869,8.6448,7.8426,6.7279,5.5558,3.4289
108.088,0.2982620866712269,0.428214827788994,3.738163472440029e-14,2,42.8348,-0.568566,0.10556,5235.99,7.0,31.4374,17.0519,13.5892,11.4392,10.3025,9.7790,9.5120,9.2853,9.1274,8.9727,8.8213,8.6730,8.4708,8.2472,7.8490,7.1307,6.1400,5.1029,3.2236
108.198,0.30448266031467763,0.20344305976989757,6.282731348129956e-15,2,43.7926,-0.584344,0.111951,5235.99,7.0,31.1732,16.6626,13.2051,11.0733,9.9524,9.4380,9.1761,8.9540,8.7994,8.6480,8.5000,8.3552,8.1578,7.9398,7.5521,6.8548,5.8972,4.8981,3.0956
108.307,0.09977287813191357,0.06666422182540004,1.0559386576802017e-15,2,44.1768,-0.606876,0.143379,5235.99,7.0,30.1102,15.4476,12.0907,10.0695,9.0248,8.5497,8.3089,8.1052,7.9638,7.8256,7.6906,7.5587,7.3794,7.1818,6.8315,6.2051,5.3511,4.4660,2.8717
108.417,0.21591212941366777,0.021844532207747087,1.774716101963115e-16,2,44.1991,-0.640496,0.180958,5235.99,7.0,28.7789,13.9266,10.7052,8.8292,7.8817,7.4561,7.2416,7.0609,6.9357,6.8136,6.6947,6.5788,6.4215,6.2487,5.9436,5.4018,4.6700,3.9175,2.5699
108.528,0.11781014940371987,0.007158016313834566,2.9827653525694076e-17,2,44.1569,-0.67892,0.207967,5235.99,7.0,27.7261,12.6350,9.5154,7.7571,6.8892,6.5041,6.3111,6.1491,6.0371,5.9283,5.8224,5.7194,5.5800,5.4273,5.1588,4.6852,4.0517,3.4064,2.2618
108.637,0.36710997860903666,0.00234553878571731,5.013133728063404e-18,2,43.9942,-0.724862,0.236479,5235.99,7.0,26.6055,11.2142,8.2126,6.5916,5.8146,5.4749,5.3059,5.1646,5.0673,4.9729,4.8813,4.7925,4.6726,4.5417,4.3127,3.9120,3.3818,2.8474,1.9111
108.747,0.36054011494449584,0.0007685861493038482,8.425573856756164e-19,2,43.7774,-0.766666,0.225369,5235.99,7.0,26.8625,10.9123,7.7724,6.1053,5.3216,4.9831,4.8158,4.6764,4.5808,4.4882,4.3987,4.3121,4.1955,4.0687,3.8481,3.4661,2.9684,2.4761,1.6341
108.856,0.4084069784358405,0.00025185030940388497,1.4160861981050088e-19,2,43.6662,-0.810234,0.235248,5235.99,7.0,26.3503,9.9100,6.7777,5.1885,4.4675,4.1620,4.0123,3.8884,3.8036,3.7220,3.6432,3.5672,3.4654,3.3550,3.1644,2.8376,2.4184,2.0100,1.3241
108.967,0.7522642587944519,8.252630938546503e-05,2.3800160731550885e-20,2,43.1737,-0.847661,0.203854,5235.99,7.0,27.5298,10.2229,6.7339,4.9642,4.1791,3.8524,3.6939,3.5635,3.4748,3.3897,3.3080,3.2296,3.1249,3.0122,2.8193,2.4943,2.0882,1.7046,1.0851
109.078,0.668740898727888,2.704222105942918e-05,4.000093014151758e-21,2,42.8619,-0.870168,0.144851,5235.99,7.0,31.1446,11.8749,7.8076,5.5934,4.5898,4.1732,3.9721,3.8074,3.6958,3.5891,3.4870,3.3893,3.2597,3.1212,2.8862,2.4983,2.0301,1.6069,0.9631
109.188,0.6040762609305215,8.861194996753755e-06,6.722956328884861e-22,2,42.722,-0.882839,0.104314,5235.99,7.0,35.8425,13.1993,8.7850,6.2392,5.0454,4.5454,4.3038,4.1060,3.9722,3.8443,3.7222,3.6056,3.4513,3.2869,3.0099,2.5591,2.0290,1.5665,0.8964
109.297,0.7423277763834144,0.16015104816762654,1.1299272701956787e-22,2,42.6806,-0.88639,0.0599067,5235.99,7.0,45.3523,14.9006,10.2356,7.3709,5.9540,5.3438,5.0457,4.8001,4.6333,4.4735,4.3206,4.1744,3.9804,3.7737,3.4254,2.8615,2.2100,1.6594,0.9013
109.407,0.885080083544164,0.5153854907760679,1.899068763017877e-23,2,43.4885,-0.878383,0.00772923,5332.45,7.0,72.8855,17.1071,12.3086,9.1927,7.5529,6.8173,6.4502,6.1440,5.9338,5.7309,5.5351,5.3465,5.0943,4.8228,4.3600,3.5991,2.7139,1.9770,1.0096
109.516,0.9336611880987689,0.667707976601877,3.1917648700041463e-24,2,45.2691,-0.857813,-0.0560549,5715.34,7.0,200.0000,19.8901,15.0684,11.8004,9.9884,9.1414,8.7085,8.3413,8.0859,7.8365,7.5931,7.3560,7.0348,6.6832,6.0695,5.0187,3.7366,2.6445,1.2533
109.627,0.4214041436420108,0.39051070602290305,5.36439921701597e-25,2,47.5025,-0.825072,-0.110316,5665.16,7.0,39.6291,23.2924,17.5691,14.2819,12.4083,11.5132,11.0494,10.6520,10.3733,10.0989,9.8292,9.5642,9.2014,8.7992,8.0821,6.8019,5.1311,3.6118,1.6263
109.738,0.19158600843709062,0.12796254814958488,9.015945764038743e-26,2,48.332,-0.792195,-0.0923622,5597.17,7.0,33.3335,23.6921,17.2618,14.0999,12.3153,11.4674,11.0293,10.6546,10.3921,10.1341,9.8806,9.6319,9.2918,8.9149,8.2432,7.0422,5.4562,3.9671,1.8839
109.847,0.42436962818181895,0.10705918574640597,1.5153100045619918e-26,2,48.4186,-0.766585,-0.0720757,5603.2,7.0,30.0850,24.2988,16.8891,13.7638,12.0581,11.2522,10.8369,10.4824,10.2343,9.9907,9.7517,9.5173,9.1971,8.8428,8.2124,7.0860,5.5909,4.1608,2.0641
109.957,0.7392136015608838,0.4864308785947573,2.54678152466734e-27,2,49.2616,-0.736518,-0.0891383,5972.26,7.0,23.8668,30.7739,18.7282,14.7374,13.0223,12.2128,11.7940,11.4354,11.1838,10.9363,10.6929,10.4536,10.1258,9.7616,9.1098,7.9309,6.3316,4.7548,2.3603
110.068,0.8650860471420135,0.6802252523291801,4.280375708508399e-28,2,51.2112,-0.696855,-0.133513,6504.54,7.0,18.7729,68.0269,25.8506,18.0237,15.2982,14.2361,13.7315,13.3205,13.0428,12.7774,12.5209,12.2678,11.9195,11.5302,10.8263,9.5275,7.7011,5.8177,2.8275
110.177,0.4735552650526092,0.7529466638082256,7.194027453290067e-29,2,54.1881,-0.646965,-0.189027,7204.36,7.0,15.4050,144.8190,64.3478,28.8863,21.7637,19.3920,18.3316,17.4973,16.9478,16.4331,15.9498,15.4953,14.9027,14.2811,13.2518,11.6036,9.5284,7.2826,3.4705
110.287,0.7282564320828393,0.7782457346716793,1.2091001940744617e-29,2,57.527,-0.589878,-0.234942,8227.5,7.0,13.3786,45.6069,154.7530,113.6950,46.7863,36.1752,32.2796,29.5040,27.7993,26.2826,24.9247,23.7019,22.1813,20.6696,18.3363,14.9850,11.5423,8.7976,4.2020
110.401,0.600437788902061,0.7865357342122159,2.032134696180948e-30,2,60.4003,-0.525252,-0.319047,10438.3,7.0,11.3759,24.4263,37.8418,63.2719,106.7320,162.8470,200.0000,200.0000,200.0000,200.0000,200.0000,200.0000,165.6620,104.0770,61.3505,33.7327,19.3468,12.2174,5.3104
110.515,0.19675145466742738,0.7420133926679089,3.415408783871319e-31,2,62.4798,-0.455097,-0.447875,12343.7,7.0,9.6848,15.5883,19.6092,24.3172,28.5354,31.2817,32.9841,34.6391,35.9302,37.3242,38.8339,40.4739,43.0231,46.3694,54.3188,82.9059,200.0000,34.5897,7.1363
110.617,0.05389366858070582,0.25894844850942034,5.740277543052525e-32,2,62.0132,-0.379451,-0.59587,9852.29,7.0,8.5321,11.3551,13.0158,14.6860,15.9754,16.7272,17.1627,17.5658,17.8671,18.1804,18.5063,18.8455,19.3445,19.9518,21.2115,24.3329,32.4940,62.6998,12.2759
110.731,-0.44898683269230244,0.08485222760756685,9.647684466608381e-33,2,58.5052,-0.296137,-0.719355,7527.05,7.0,7.8043,9.1622,10.0020,10.8093,11.4037,11.7386,11.9288,12.1024,12.2306,12.3625,12.4982,12.6379,12.8405,13.0826,13.5694,14.6926,17.1630,22.8194,39.7737
110.845,-0.6658316729827337,0.0278043779424475,1.621486328302871e-33,2,54.8492,-0.202661,-0.845679,6578.25,7.0,7.2291,7.8131,8.2946,8.7607,9.1012,9.2913,9.3986,9.4962,9.5679,9.6416,9.7171,9.7945,9.9064,10.0392,10.3036,10.9000,12.1445,14.6749,119.7780
110.952,-0.724086125977695,0.009110938564181197,2.7252320719786356e-34,2,51.9346,-0.080819,-0.979065,6088.45,7.0,6.6085,6.7107,6.9895,7.2720,7.4809,7.5979,7.6639,7.7240,7.7681,7.8134,7.8598,7.9073,7.9759,8.0572,8.2187,8.5801,9.3192,10.7516,33.6951
111.062,-0.730988987845582,0.0029854723487108947,4.5802975433744944e-35,2,50.1978,0.0683823,-1.07512,5812.58,7.0,5.8328,5.6658,5.8268,6.0036,6.1379,6.2138,6.2569,6.2960,6.3249,6.3545,6.3849,6.4160,6.4610,6.5143,6.6203,6.8575,7.3400,8.2581,19.5658
111.167,-0.723026171358249,0.0009782795792255858,7.698106081149515e-36,2,49.5835,0.241191,-1.134,5694.63,7.0,4.8442,4.5782,4.6731,4.7879,4.8776,4.9289,4.9581,4.9848,5.0044,5.0246,5.0454,5.0667,5.0975,5.1341,5.2069,5.3702,5.7028,6.3321,13.3287
111.276,-0.7132877431034053,0.00032056265252064,1.293820689058799e-36,2,49.8609,0.434143,-1.14918,5705.56,7.0,3.6329,3.4089,3.4730,3.5533,3.6167,3.6530,3.6737,3.6927,3.7066,3.7210,3.7358,3.7509,3.7729,3.7989,3.8509,3.9674,4.2050,4.6542,9.5421
111.393,-0.7116215536798298,0.0001050419699779633,2.174524432101124e-37,2,50.5348,0.642853,-1.08028,5807.0,7.0,2.2395,2.1702,2.2304,2.2969,2.3476,2.3762,2.3925,2.4073,2.4181,2.4293,2.4408,2.4526,2.4695,2.4897,2.5297,2.6193,2.8016,3.1482,7.3734
111.497,-0.7313402747845994,3.442015272237901e-05,3.65472321303236e-38,2,50.4467,0.850891,-0.94968,5800.05,7.0,0.9069,0.9335,0.9762,1.0189,1.0503,1.0678,1.0777,1.0867,1.0933,1.1001,1.1071,1.1142,1.1245,1.1367,1.1609,1.2151,1.3265,1.5439,5.4704
111.611,-0.7660789075834165,1.1278795644069156e-05,6.142493304143487e-39,2,49.9751,1.03957,-0.81509,5747.16,7.0,-1.0000,-1.0000,-1.0000,-1.0000,-1.0000,-1.0000,-1.0000,-1.0000,-1.0000,-1.0000,-1.0000,-1.0000,-1.0000,-1.0000,-1.0000,-1.0000,-1.0000,-1.0000,-1.0000
111.716,-0.807571051815133,3.6958357566485815e-06,1.0323688496273959e-39,2,49.3794,1.20259,-0.676099,5680.07,7.0,-1.0000,-1.0000,-1.0000,-1.0000,-1.0000,-1.0000,-1.0000,-1.0000,-1.0000,-1.0000,-1.0000,-1.0000,-1.0000,-1.0000,-1.0000,-1.0000,-1.0000,-1.0000,-1.0000
111.826,-0.8526620621277652,1.211051460738607e-06,1.7351023255687643e-40,2,48.7058,1.33579,-0.532232,5604.18,7.0,-1.0000,-1.0000,-1.0000,-1.0000,-1.0000,-1.0000,-1.0000,-1.0000,-1.0000,-1.0000,-1.0000,-1.0000,-1.0000,-1.0000,-1.0000,-1.0000,-1.0000,-1.0000,-1.0000
111.940,-0.9002920227877281,3.9683734265482676e-07,2.9161864785834224e-41,2,47.9646,1.43588,-0.383143,5520.75,7.0,-1.0000,-1.0000,-1.0000,-1.0000,-1.0000,-1.0000,-1.0000,-1.0000,-1.0000,-1.0000,-1.0000,-1.0000,-1.0000,-1.0000,-1.0000,-1.0000,-1.0000,-1.0000,-1.0000
112.053,-0.9501293252421891,1.3003566044113365e-07,4.901234614555159e-42,2,47.1569,1.50037,-0.228777,5429.97,7.0,-1.0000,-1.0000,-1.0000,-1.0000,-1.0000,-1.0000,-1.0000,-1.0000,-1.0000,-1.0000,-1.0000,-1.0000,-1.0000,-1.0000,-1.0000,-1.0000,-1.0000,-1.0000,-1.0000
112.159,-1.0,4.261008521335067e-08,8.237505016682855e-43,2,46.2802,1.5277,-0.0692118,5331.54,7.0,-1.0000,-1.0000,-1.0000,-1.0000,-1.0000,-1.0000,-1.0000,-1.0000,-1.0000,-1.0000,-1.0000,-1.0000,-1.0000,-1.0000,-1.0000,-1.0000,-1.0000,-1.0000,-1.0000
112.271,-0.686131949810953,1.3962472722710748e-08,1.3844774681538879e-43,2,45.5376,1.51769,0.0917522,5241.23,7.0,-1.0000,-1.0000,-1.0000,-1.0000,-1.0000,-1.0000,-1.0000,-1.0000,-1.0000,-1.0000,-1.0000,-1.0000,-1.0000,-1.0000,-1.0000,-1.0000,-1.0000,-1.0000,-1.0000
112.376,-0.2248317173140531,0.009878442075223062,2.32689128072624e-44,2,45.5243,1.47957,0.177027,5240.13,7.0,-1.0000,-1.0000,-1.0000,-1.0000,-1.0000,-1.0000,-1.0000,-1.0000,-1.0000,-1.0000,-1.0000,-1.0000,-1.0000,-1.0000,-1.0000,-1.0000,-1.0000,-1.0000,-1.0000
112.488,0.17745901420622442,0.015289866336709092,3.910806175516592e-45,2,45.5118,1.43265,0.19511,5240.37,7.0,-1.0000,-1.0000,-1.0000,-1.0000,-1.0000,-1.0000,-1.0000,-1.0000,-1.0000,-1.0000,-1.0000,-1.0000,-1.0000,-1.0000,-1.0000,-1.0000,-1.0000,-1.0000,-1.0000
112.597,0.3676835737540331,0.04638065801058783,6.572891939190737e-46,2,45.2552,1.40022,0.137809,5235.99,7.0,-1.0000,-1.0000,-1.0000,-1.0000,-1.0000,-1.0000,-1.0000,-1.0000,-1.0000,-1.0000,-1.0000,-1.0000,-1.0000,-1.0000,-1.0000,-1.0000,-1.0000,-1.0000,-1.0000
112.708,0.12048255344772155,0.28111019175128443,1.1047059482197875e-46,2,45.9247,1.37969,0.101855,5359.51,7.0,-1.0000,-1.0000,-1.0000,-1.0000,-1.0000,-1.0000,-1.0000,-1.0000,-1.0000,-1.0000,-1.0000,-1.0000,-1.0000,-1.0000,-1.0000,-1.0000,-1.0000,-1.0000,-1.0000
112.819,0.03947972311374939,0.5232778673205609,1.8566792871729972e-47,2,47.5416,1.3595,0.0908729,5628.7,7.0,-1.0000,-1.0000,-1.0000,-1.0000,-1.0000,-1.0000,-1.0000,-1.0000,-1.0000,-1.0000,-1.0000,-1.0000,-1.0000,-1.0000,-1.0000,-1.0000,-1.0000,-1.0000,-1.0000
112.930,0.0129367156699134,0.6575244630479764,3.120520877951656e-48,2,49.9894,1.33838,0.0870015,5992.11,7.0,-1.0000,-1.0000,-1.0000,-1.0000,-1.0000,-1.0000,-1.0000,-1.0000,-1.0000,-1.0000,-1.0000,-1.0000,-1.0000,-1.0000,-1.0000,-1.0000,-1.0000,-1.0000,-1.0000
113.040,0.004239102990717223,0.7202713719109359,5.2446594395733486e-49,2,53.0084,1.31608,0.0856244,6437.84,7.0,-1.0000,-1.0000,-1.0000,-1.0000,-1.0000,-1.0000,-1.0000,-1.0000,-1.0000,-1.0000,-1.0000,-1.0000,-1.0000,-1.0000,-1.0000,-1.0000,-1.0000,-1.0000,-1.0000
113.149,0.0013890692679982197,0.7471327946321504,8.814699120090928e-50,2,56.4632,1.29242,0.0851356,6916.18,7.0,-1.0000,-1.0000,-1.0000,-1.0000,-1.0000,-1.0000,-1.0000,-1.0000,-1.0000,-1.0000,-1.0000,-1.0000,-1.0000,-1.0000,-1.0000,-1.0000,-1.0000,-1.0000,-1.0000
113.260,0.0004551702177376567,0.756875907738813,1.4814864811136823e-50,2,60.2459,1.26722,0.0849416,7486.9,7.0,-1.0000,-1.0000,-1.0000,-1.0000,-1.0000,-1.0000,-1.0000,-1.0000,-1.0000,-1.0000,-1.0000,-1.0000,-1.0000,-1.0000,-1.0000,-1.0000,-1.0000,-1.0000,-1.0000
113.369,0.00014915017694827533,0.7556925036978542,2.4899343288077666e-51,2,64.3513,1.24032,0.0849664,8132.13,7.0,-1.0000,-1.0000,-1.0000,-1.0000,-1.0000,-1.0000,-1.0000,-1.0000,-1.0000,-1.0000,-1.0000,-1.0000,-1.0000,-1.0000,-1.0000,-1.0000,-1.0000,-1.0000,-1.0000
113.477,4.887352998241086e-05,0.7547761692210878,4.1848326264272145e-52,2,68.7305,1.21157,0.084995,9000.23,7.0,-1.0000,-1.0000,-1.0000,-1.0000,-1.0000,-1.0000,-1.0000,-1.0000,-1.0000,-1.0000,-1.0000,-1.0000,-1.0000,-1.0000,-1.0000,-1.0000,-1.0000,-1.0000,-1.0000
113.589,1.6014878304636387e-05,0.7606890805209909,7.03344819523622e-53,2,73.4871,1.18086,0.0850522,10036.8,7.0,-1.0000,-1.0000,-1.0000,-1.0000,-1.0000,-1.0000,-1.0000,-1.0000,-1.0000,-1.0000,-1.0000,-1.0000,-1.0000,-1.0000,-1.0000,-1.0000,-1.0000,-1.0000,-1.0000
113.698,5.247755322863251e-06,0.7716587678269933,1.1821116381733515e-53,2,78.4084,1.14802,0.0851352,10917.5,7.0,-1.0000,-1.0000,-1.0000,-1.0000,-1.0000,-1.0000,-1.0000,-1.0000,-1.0000,-1.0000,-1.0000,-1.0000,-1.0000,-1.0000,-1.0000,-1.0000,-1.0000,-1.0000,-1.0000
113.810,1.7195844641958302e-06,0.7789908579321742,1.9867750302779521e-54,2,83.4075,1.11302,0.0852663,11681.7,7.0,-1.0000,-1.0000,-1.0000,-1.0000,-1.0000,-1.0000,-1.0000,-1.0000,-1.0000,-1.0000,-1.0000,-1.0000,-1.0000,-1.0000,-1.0000,-1.0000,-1.0000,-1.0000,-1.0000
113.919,5.634734372276897e-07,0.7851595915147147,3.339172793388154e-55,2,88.4887,1.0758,0.0854399,12299.5,7.0,-1.0000,-1.0000,-1.0000,-1.0000,-1.0000,-1.0000,-1.0000,-1.0000,-1.0000,-1.0000,-1.0000,-1.0000,-1.0000,-1.0000,-1.0000,-1.0000,-1.0000,-1.0000,-1.0000
114.031,1.8463897591076938e-07,0.7965112668225417,5.612147713847472e-56,2,93.6376,1.0363,0.0856401,12836.8,7.0,-1.0000,-1.0000,-1.0000,-1.0000,-1.0000,-1.0000,-1.0000,-1.0000,-1.0000,-1.0000,-1.0000,-1.0000,-1.0000,-1.0000,-1.0000,-1.0000,-1.0000,-1.0000,-1.0000
114.138,6.050249962644092e-08,0.8123305638655355,9.432336662663447e-57,2,98.8849,0.994452,0.0858604,13413.1,7.0,0.0517,0.1368,0.2700,0.9168,200.0000,200.0000,200.0000,175.0700,155.2960,139.5450,126.7040,116.0350,103.8110,92.6705,77.1819,57.9401,41.1190,29.5145,15.6399
114.249,1.982545907759216e-08,0.8294165436205837,1.5852928228938458e-57,2,104.157,0.95021,0.0861012,14196.5,7.0,0.4641,1.2291,2.4282,8.2835,200.0000,200.0000,200.0000,170.5880,151.3810,136.0690,123.5800,113.1980,101.2980,90.4476,75.3544,56.5903,40.1750,28.8442,15.2899
114.357,6.496406430545398e-09,0.8425777032479679,2.664401647437687e-58,2,109.618,0.903519,0.0863468,14884.9,7.0,0.8996,2.3841,4.7147,16.1615,200.0000,200.0000,200.0000,165.9100,147.2890,132.4350,120.3110,110.2280,98.6642,88.1163,73.4353,55.1713,39.1816,28.1380,14.9207
114.472,2.1287424591611156e-09,0.8538203168784191,4.478059848848521e-59,3,112.81,0.854466,0.0865185,10297.6,7.0,1.3573,3.5986,7.1217,24.4956,200.0000,200.0000,195.8350,161.2340,143.1770,128.7670,117.0000,107.2110,95.9803,85.7330,71.4650,53.7060,38.1504,27.4023,14.5341
114.580,6.975463290179145e-10,0.8624766441690953,7.526275187959711e-60,3,116.7,0.804117,0.0865042,11290.7,7.0,1.8268,4.8434,9.5844,32.9574,200.0000,200.0000,190.5660,156.8890,139.3160,125.2910,113.8400,104.3140,93.3859,83.4141,69.5310,52.2514,37.1163,26.6592,14.1397
114.689,0.02193417456487198,0.8721000576988291,1.2649410708403885e-60,3,120.942,0.753489,0.0783512,11759.1,7.0,2.2769,5.9030,11.3153,33.7624,200.0000,200.0000,200.0000,172.8700,151.2320,134.4170,120.9750,109.9850,97.5860,86.4626,71.2690,52.8205,37.0672,26.3963,13.8382
114.802,0.0071873903214172506,0.8850385320630023,2.1259864577614412e-61,3,125.304,0.70517,0.0706822,12097.5,7.0,2.6991,6.8571,12.7897,34.3702,200.0000,200.0000,200.0000,192.3000,165.2400,144.8670,128.9750,116.2330,102.1220,89.6936,73.0614,53.3806,37.0056,26.1308,13.5460
114.909,0.002355164060522005,0.8952384027489046,3.5731454395596544e-62,3,129.61,0.65872,0.0683758,12564.5,7.0,3.1160,7.8694,14.5642,38.0811,200.0000,200.0000,200.0000,195.5270,166.9480,145.6670,129.2070,116.0980,101.6690,89.0391,72.2496,52.5472,36.2885,25.5576,13.2035
115.017,0.0007717401593518505,0.901359006922136,6.005385540267911e-63,3,134.058,0.612509,0.0672609,12825.1,7.0,3.5334,8.8982,16.4075,42.3605,200.0000,200.0000,200.0000,194.3280,165.3830,143.9520,127.4470,114.3450,99.9696,87.4251,70.8041,51.3803,35.4160,24.9113,12.8481
115.130,0.0006915197055531333,0.9099632822788705,1.009325147752828e-63,3,138.317,0.565648,0.0670573,13390.0,7.0,3.9598,9.9668,18.3656,47.3081,200.0000,200.0000,200.0000,189.4570,161.1380,140.1930,124.0750,111.2890,97.2686,85.0400,68.8484,49.9402,34.4115,24.1991,12.4770
115.239,0.002103787428038307,0.9410085593527652,1.6963727758281782e-64,3,142.899,0.517794,0.0661132,13650.0,7.0,4.3914,11.0264,20.2557,51.6370,200.0000,200.0000,200.0000,187.2250,158.7790,137.8450,121.7970,109.1030,95.2217,83.1467,67.2045,48.6535,33.4710,23.5121,12.1056
115.351,0.0012044187356961538,0.968116370275589,2.8510937243344196e-65,3,147.409,0.468995,0.0653717,14326.3,7.0,4.8317,12.1093,22.1915,56.1211,200.0000,200.0000,200.0000,184.0070,155.6830,134.9250,119.0590,106.5390,92.8770,81.0186,65.3984,47.2732,32.4801,22.7964,11.7240
115.461,-4.067059616833592e-05,0.979409938618155,4.791833222488859e-66,3,152.233,0.419046,0.0651113,14681.7,7.0,5.2846,13.2357,24.2355,61.1203,200.0000,200.0000,200.0000,178.7210,151.0830,130.8570,115.4140,103.2390,89.9647,78.4504,63.2958,45.7285,31.4047,22.0349,11.3279
115.569,0.00974312275024756,0.984947763530147,8.053634097037026e-67,4,155.284,0.369503,0.0585105,12176.0,7.0,5.6926,14.0256,25.1601,59.4627,200.0000,200.0000,200.0000,200.0000,165.1220,140.5170,122.3020,108.2750,93.3042,80.5856,64.2096,45.7257,31.0363,21.6066,10.9964
115.680,0.00319262646280112,0.9871478979973085,1.3535742826890134e-67,4,157.633,0.323114,0.0551426,12163.8,7.0,6.0884,14.8787,26.4261,60.6342,200.0000,200.0000,200.0000,200.0000,171.0950,144.0390,124.3810,109.4510,93.7142,80.5018,63.6976,45.0070,30.3576,21.0472,10.6559
115.791,0.001046159839330671,0.9878688380595081,2.2749522969154253e-68,4,161.219,0.277989,0.0541612,12399.0,7.0,6.4872,15.8159,28.0112,63.7451,200.0000,200.0000,200.0000,200.0000,168.8270,141.6450,122.0110,107.1630,91.5752,78.5336,62.0096,43.7113,29.4288,20.3785,10.3015
115.898,0.03451893391130812,0.9881050756990896,3.8235123254257567e-69,4,164.708,0.233682,0.0480582,12689.6,7.0,6.8388,16.4346,28.6149,62.0942,200.0000,200.0000,200.0000,200.0000,188.2450,154.0830,130.4240,113.0700,95.3261,80.8417,62.9437,43.6934,29.0664,19.9725,9.9993
116.007,0.011311164264057445,0.9881824860488276,6.426177165343069e-70,4,168.191,0.195362,0.0370361,12942.5,7.0,7.0952,16.6285,28.1423,56.7753,147.3190,200.0000,200.0000,200.0000,200.0000,193.6980,156.7800,131.6910,107.5980,89.0045,67.2520,45.2395,29.3956,19.9031,9.7873
116.116,0.003706442306046344,0.9882078518722298,1.0800475961792097e-70,4,171.67,0.162646,0.0334069,13169.7,7.0,7.3549,17.1002,28.6889,56.6741,138.0340,200.0000,200.0000,200.0000,200.0000,200.0000,165.6130,137.2160,110.6650,90.6380,67.7026,45.0192,29.0097,19.5420,9.5517
116.227,0.001214527014845266,0.9882161637452422,1.8152359948983975e-71,4,175.078,0.132542,0.0324132,13450.1,7.0,7.6113,17.6579,29.5551,58.0630,139.1970,200.0000,200.0000,200.0000,200.0000,200.0000,165.2210,136.3260,109.5240,89.4431,66.5888,44.1333,28.3725,19.0857,9.3130
116.340,0.03607883161456825,0.988218887379791,3.0508671366257365e-72,4,178.476,0.103234,0.030904,13699.1,7.0,7.8558,18.1656,30.2981,59.0352,138.3220,200.0000,200.0000,200.0000,200.0000,197.9330,167.0690,136.9380,109.3440,88.8887,65.8339,43.4116,27.8084,18.6658,9.0849
116.449,0.011822311543461726,0.9882197798603599,5.127592396526876e-73,4,181.851,0.0781688,0.0201485,13929.1,7.0,7.9845,18.0484,29.3947,54.3063,111.4120,200.0000,200.0000,200.0000,200.0000,200.0000,195.8530,172.0810,129.9050,101.4930,72.0060,45.6074,28.4257,18.7752,8.9697
116.560,0.003873935046561538,0.9882200723083928,8.617944540842721e-74,4,185.186,0.0588915,0.0163824,14173.8,7.0,8.1197,18.2129,29.4310,53.4755,105.7320,200.0000,200.0000,200.0000,200.0000,200.0000,195.5450,182.0470,138.0060,105.9260,73.7998,46.0013,28.3749,18.6308,8.8413
116.668,0.0012694110360572848,0.9900573165752642,1.4484179389794362e-74,4,188.484,0.042685,0.0154239,14438.3,7.0,8.2513,18.4723,29.7919,53.9098,105.6590,200.0000,200.0000,200.0000,200.0000,200.0000,191.2200,179.2290,138.7800,105.9940,73.4854,45.6108,28.0576,18.3942,8.7141
116.778,0.0004159606082952511,0.9919860068860076,2.4343560300427383e-75,4,191.781,0.0275256,0.0150477,14675.2,7.0,8.3787,18.7432,30.2058,54.5717,106.5960,200.0000,200.0000,200.0000,200.0000,194.5530,186.1070,174.9880,137.9130,105.1230,72.7377,45.0701,27.6953,18.1457,8.5906
116.889,0.00013630197212618787,0.9926180001270318,4.09142217969283e-76,4,195.055,0.0125631,0.0150673,14905.6,7.0,8.5078,19.0328,30.6735,55.4214,108.2740,200.0000,200.0000,200.0000,196.1470,188.6220,180.4670,169.9520,135.8440,103.5580,71.6617,44.4075,27.2897,17.8805,8.4653
116.997,4.4663430226309245e-05,0.9928250916722507,6.87645325740974e-77,5,195.86,-0.00251118,0.0150883,13044.9,7.0,8.6379,19.3246,31.1451,56.2784,109.9690,200.0000,200.0000,197.7800,189.8990,182.6130,174.7520,164.8120,133.7610,101.9800,70.5778,43.7398,26.8810,17.6133,8.3391
117.108,1.4635312816557015e-05,0.9928929514297881,1.1557254989728552e-77,5,198.199,-0.0176511,0.0151116,13550.9,7.0,8.7686,19.6178,31.6193,57.1410,111.6780,200.0000,200.0000,191.2430,183.6230,176.5770,169.0080,159.6120,131.6600,100.3910,69.4871,43.0684,26.4702,17.3448,8.2124
117.217,4.795699303729402e-06,0.9929151877151379,1.9424278461236783e-78,5,200.813,-0.0330047,0.0151107,13730.0,7.0,8.9008,19.9137,32.0961,58.0023,113.3610,200.0000,196.0560,184.6420,177.2850,170.4810,163.2080,154.3400,129.6070,98.8244,68.4022,42.3958,26.0566,17.0738,8.0840
117.327,1.5714547478460504e-06,0.9929224741011213,3.2646384809800677e-79,5,203.408,-0.0485605,0.0151107,13894.6,7.0,9.0349,20.2136,32.5795,58.8760,115.0680,200.0000,188.9540,177.9520,170.8630,164.3040,157.3290,148.9660,127.5200,97.2338,67.3014,41.7136,25.6374,16.7991,7.9540
117.437,0.003564904371091774,0.9929248617040803,5.486877894983201e-80,5,205.968,-0.0633432,0.0122911,14062.6,7.0,9.1357,20.3237,32.5723,58.1800,110.9770,198.7130,184.4250,173.5360,166.5280,160.0750,153.6570,146.2600,131.7110,100.5440,68.5257,41.9212,25.5547,16.6682,7.8519
117.549,0.0011681478643193524,0.992925644073818,9.221795678098267e-81,5,208.496,-0.076356,0.011193,14232.3,7.0,9.2371,20.5043,32.7907,58.3116,110.2330,192.0220,178.1340,167.5580,160.7550,154.4940,148.4130,141.5630,129.1090,101.1310,68.4877,41.6771,25.3230,16.4872,7.7511
117.658,0.0003827786921801654,0.9929259004407336,1.5499071996179763e-81,5,210.991,-0.0884552,0.010904,14403.7,7.0,9.3382,20.7168,33.1117,58.8146,110.9260,184.3480,170.9950,160.8280,154.2890,148.2720,142.4740,136.0410,124.8310,100.3340,67.8320,41.2200,25.0235,16.2844,7.6517
117.770,0.014059573035853595,0.9929259844470446,2.6049290303979327e-82,5,213.456,-0.098239,0.00329798,14567.3,7.0,9.3498,20.4356,32.1931,55.5625,99.1396,184.2020,170.2930,159.7630,153.0180,146.8300,141.1340,135.5820,126.7420,112.9550,74.0705,43.2353,25.6259,16.4613,7.6266
117.876,0.004607040892388506,0.9929260119742325,4.3781042213898054e-83,5,215.897,-0.101519,-0.00135166,14726.6,7.0,9.3341,20.2209,31.5873,53.6408,92.9488,180.9120,166.8880,156.3100,149.5530,143.3660,137.6810,132.4220,124.6660,113.9440,78.8048,44.7273,26.0947,16.6237,7.6342
117.988,0.0015096351596178652,0.9929260209943414,7.358279764889846e-84,5,218.311,-0.100538,-0.00261051,14885.5,7.0,9.3141,20.1296,31.3746,53.0551,91.2547,173.8410,160.2670,150.0400,143.5120,137.5370,132.0510,126.9950,119.8570,110.4030,80.3663,45.2453,26.2798,16.7032,7.6522
118.096,0.0004946772491035821,0.9929260239500507,1.2367060800850366e-84,6,220.214,-0.0978537,-0.00300819,13737.1,7.0,9.2877,20.0576,31.2404,52.7585,91.3241,165.7560,152.7830,143.0130,136.7780,131.0730,125.8340,121.0060,114.3810,105.8740,81.0853,45.5310,26.4083,16.7725,7.6781
118.209,0.0001620958409862618,0.9929260249185775,2.078531908798921e-85,6,220.354,-0.0946416,-0.00294,13739.0,7.0,9.2612,20.0028,31.1587,52.6324,187.0540,157.1920,144.8940,135.6320,129.7200,124.3110,119.3440,114.7670,108.6000,100.8850,81.2590,45.6673,26.4938,16.8289,7.7049
118.317,5.311556517437826e-05,0.9929260252359444,3.493388579118347e-86,6,222.293,-0.0913405,-0.00292999,13855.7,7.0,9.2333,19.9430,31.0662,52.4779,176.8630,148.6300,137.0030,128.2450,122.6560,117.5420,112.8460,108.5180,102.7850,95.7909,79.8076,45.8300,26.5891,16.8898,7.7329
118.430,1.740490839634027e-05,0.9929260253399392,5.871338184924207e-87,6,224.206,-0.088009,-0.00292999,13972.9,7.0,9.2051,19.8822,30.9714,52.3177,166.5980,140.0040,129.0510,120.8020,115.5370,110.7200,106.2960,102.2200,96.8974,90.5621,77.0157,45.9980,26.6866,16.9517,7.7613
118.539,5.703240383312781e-06,0.9929260253740162,9.867958087402116e-88,6,226.097,-0.0846501,-0.00293047,14086.9,7.0,9.1767,19.8208,30.8758,52.1562,156.2470,131.3040,121.0320,113.2950,108.3570,103.8400,99.6912,95.8682,90.9337,85.2058,73.5258,46.1674,26.7849,17.0142,7.7899
118.646,0.026712305497328802,0.9929260253851826,1.6585077157496734e-88,6,227.93,-0.0753461,-0.0207503,14203.2,7.0,8.9410,18.6954,28.2784,45.2976,167.8310,137.6990,125.6980,116.8080,111.2010,106.1150,101.4810,97.2424,91.8815,86.4501,76.7445,54.7170,29.5777,18.1376,8.0140
118.758,0.008753088265364702,0.9929260253888417,2.7874539178604763e-89,6,229.761,-0.0510663,-0.0293143,14311.8,7.0,8.6683,17.8580,26.6665,41.7896,168.8910,136.6440,124.0460,114.8030,109.0110,103.7830,99.0405,94.7194,89.2777,83.7913,74.9405,57.2225,31.7807,19.1243,8.2988
118.865,0.0028682119627947054,0.9929260253900406,4.684873799748104e-90,6,231.58,-0.0177348,-0.0315283,14422.2,7.0,8.3759,17.1909,25.5881,39.8941,160.5710,129.4020,117.2910,108.4290,102.8850,97.8879,93.3606,89.2400,84.0571,78.8383,70.6240,55.5976,33.3020,19.9377,8.6105
118.977,0.0009398556959685691,0.9929260253904335,7.873867395236639e-91,6,233.378,0.0191302,-0.0321215,14532.3,7.0,8.0680,16.5424,24.6018,39.4650,149.7120,120.5200,109.1940,100.9120,95.7348,91.0692,86.8435,82.9985,78.1635,73.2974,65.6671,52.7822,34.5707,20.7257,8.9393
119.088,0.00030797191445498074,0.9929260253905622,1.3233608931174215e-91,6,235.153,0.0573406,-0.0323113,14641.2,7.0,7.7523,15.8900,23.6252,200.0000,138.1800,111.1980,100.7350,93.0853,88.3039,83.9956,80.0942,76.5446,72.0814,67.5900,60.5481,49.3900,34.4479,21.5160,9.2764
119.197,0.0001009162369286081,0.9929260253906043,2.2241726530624503e-92,6,236.907,0.0961022,-0.0322736,14749.1,7.0,7.4338,15.2381,23.0104,200.0000,126.2660,101.6170,92.0584,85.0697,80.7010,76.7645,73.1994,69.9560,65.8779,61.7737,55.3388,45.5865,33.1537,22.1473,9.6160
119.309,3.30682325167663e-05,0.9929260253906181,3.7381669780020604e-93,6,238.638,0.135178,-0.0322722,14856.1,7.0,7.1125,14.7069,24.2440,200.0000,114.3140,91.9984,83.3443,77.0172,73.0620,69.4981,66.2708,63.3344,59.6420,55.9262,50.1008,41.4931,31.1160,21.8568,9.9588
119.418,1.0835798431093981e-05,0.9960898359374978,6.282737239928063e-94,6,240.347,0.174541,-0.0322741,14976.9,7.0,6.8052,15.1519,32.6252,193.9570,102.2780,82.3121,74.5687,68.9076,65.3689,62.1804,59.2926,56.6655,53.3621,50.0375,44.8251,37.1620,28.5298,20.7868,10.2041
119.652,6.9349109959001475e-06,0.9966449559374986,3.0785412475647503e-94,6,240.703,0.182447,-0.032275,14989.8,7.0,6.7753,15.4210,40.2974,191.1040,99.8607,80.3666,72.8066,67.2791,63.8239,60.7107,57.8912,55.3261,52.1008,48.8549,43.7657,36.2837,27.9582,20.4969,10.2008
119.752,1.473357882690132e-25,2.1174240057903926e-20,1.1047069841871161e-125,6,240.703,0.182447,-0.032275,14989.8,7.0,6.7753,15.4210,40.2974,191.1040,99.8607,80.3666,72.8066,67.2791,63.8239,60.7107,57.8912,55.3261,52.1008,48.8549,43.7657,36.2837,27.9582,20.4969,10.2008
119.852,6.564558445585253e-46,9.434200477291385e-41,3.2646415424814654e-158,6,240.703,0.182447,-0.032275,14989.8,7.0,6.7753,15.4210,40.2974,191.1040,99.8607,80.3666,72.8066,67.2791,63.8239,60.7107,57.8912,55.3261,52.1008,48.8549,43.7657,36.2837,27.9582,20.4969,10.2008
119.953,3.1102281966358995e-70,4.469838539851946e-65,4.299753377304836e-197,6,240.703,0.182447,-0.032275,14989.8,7.0,6.7753,15.4210,40.2974,191.1040,99.8607,80.3666,72.8066,67.2791,63.8239,60.7107,57.8912,55.3261,52.1008,48.8549,43.7657,36.2837,27.9582,20.4969,10.2008
120.053,1.4735978840518303e-94,2.1177689217477802e-89,5.66306556633218e-236,6,240.703,0.182447,-0.032275,14989.8,7.0,6.7753,15.4210,40.2974,191.1040,99.8607,80.3666,72.8066,67.2791,63.8239,60.7107,57.8912,55.3261,52.1008,48.8549,43.7657,36.2837,27.9582,20.4969,10.2008
120.153,9.462066814388122e-117,1.3598330488853626e-111,1.9076678172733884e-271,6,240.703,0.182447,-0.032275,14989.8,7.0,6.7753,15.4210,40.2974,191.1040,99.8607,80.3666,72.8066,67.2791,63.8239,60.7107,57.8912,55.3261,52.1008,48.8549,43.7657,36.2837,27.9582,20.4969,10.2008
120.253,1.2741569882422372e-139,1.8311440999817933e-134,5.292248110088655e-308,6,240.703,0.182447,-0.032275,14989.8,7.0,6.7753,15.4210,40.2974,191.1040,99.8607,80.3666,72.8066,67.2791,63.8239,60.7107,57.8912,55.3261,52.1008,48.8549,43.7657,36.2837,27.9582,20.4969,10.2008
120.353,2.3253062385534162e-160,3.3417944873904718e-155,5e-324,6,240.703,0.182447,-0.032275,14989.8,7.0,6.7753,15.4210,40.2974,191.1040,99.8607,80.3666,72.8066,67.2791,63.8239,60.7107,57.8912,55.3261,52.1008,48.8549,43.7657,36.2837,27.9582,20.4969,10.2008
120.454,3.952187162334616e-180,5.679852852603882e-175,5e-324,6,240.703,0.182447,-0.032275,14989.8,7.0,6.7753,15.4210,40.2974,191.1040,99.8607,80.3666,72.8066,67.2791,63.8239,60.7107,57.8912,55.3261,52.1008,48.8549,43.7657,36.2837,27.9582,20.4969,10.2008
120.554,2.751406744061347e-200,3.9541612788142765e-195,5e-324,6,240.703,0.182447,-0.032275,14989.8,7.0,6.7753,15.4210,40.2974,191.1040,99.8607,80.3666,72.8066,67.2791,63.8239,60.7107,57.8912,55.3261,52.1008,48.8549,43.7657,36.2837,27.9582,20.4969,10.2008
120.654,2.9928993903887594e-220,4.301220423481743e-215,5e-324,6,240.703,0.182447,-0.032275,14989.8,7.0,6.7753,15.4210,40.2974,191.1040,99.8607,80.3666,72.8066,67.2791,63.8239,60.7107,57.8912,55.3261,52.1008,48.8549,43.7657,36.2837,27.9582,20.4969,10.2008
120.755,2.4492321887191606e-236,3.5198936341790514e-231,5e-324,6,240.703,0.182447,-0.032275,14989.8,7.0,6.7753,15.4210,40.2974,191.1040,99.8607,80.3666,72.8066,67.2791,63.8239,60.7107,57.8912,55.3261,52.1008,48.8549,43.7657,36.2837,27.9582,20.4969,10.2008
120.855,3.131755329339926e-252,4.50077607926372e-247,5e-324,6,240.703,0.182447,-0.032275,14989.8,7.0,6.7753,15.4210,40.2974,191.1040,99.8607,80.3666,72.8066,67.2791,63.8239,60.7107,57.8912,55.3261,52.1008,48.8549,43.7657,36.2837,27.9582,20.4969,10.2008
120.956,1.31218668560512e-268,1.8857981627015017e-263,5e-324,6,240.703,0.182447,-0.032275,14989.8,7.0,6.7753,15.4210,40.2974,191.1040,99.8607,80.3666,72.8066,67.2791,63.8239,60.7107,57.8912,55.3261,52.1008,48.8549,43.7657,36.2837,27.9582,20.4969,10.2008
121.056,1.2380358114562097e-286,1.7792328517082407e-281,5e-324,6,240.703,0.182447,-0.032275,14989.8,7.0,6.7753,15.4210,40.2974,191.1040,99.8607,80.3666,72.8066,67.2791,63.8239,60.7107,57.8912,55.3261,52.1008,48.8549,43.7657,36.2837,27.9582,20.4969,10.2008
121.156,1.333706059621046e-309,1.9167245517792898e-304,5e-324,6,240.703,0.182447,-0.032275,14989.8,7.0,6.7753,15.4210,40.2974,191.1040,99.8607,80.3666,72.8066,67.2791,63.8239,60.7107,57.8912,55.3261,52.1008,48.8549,43.7657,36.2837,27.9582,20.4969,10.2008
121.256,1e-323,1e-323,5e-324,6,240.703,0.182447,-0.032275,14989.8,7.0,6.7753,15.4210,40.2974,191.1040,99.8607,80.3666,72.8066,67.2791,63.8239,60.7107,57.8912,55.3261,52.1008,48.8549,43.7657,36.2837,27.9582,20.4969,10.2008
121.357,1e-323,1e-323,5e-324,6,240.703,0.182447,-0.032275,14989.8,7.0,6.7753,15.4210,40.2974,191.1040,99.8607,80.3666,72.8066,67.2791,63.8239,60.7107,57.8912,55.3261,52.1008,48.8549,43.7657,36.2837,27.9582,20.4969,10.2008
121.457,1e-323,1e-323,5e-324,6,240.703,0.182447,-0.032275,14989.8,7.0,6.7753,15.4210,40.2974,191.1040,99.8607,80.3666,72.8066,67.2791,63.8239,60.7107,57.8912,55.3261,52.1008,48.8549,43.7657,36.2837,27.9582,20.4969,10.2008
121.558,1e-323,1e-323,5e-324,6,240.703,0.182447,-0.032275,14989.8,7.0,6.7753,15.4210,40.2974,191.1040,99.8607,80.3666,72.8066,67.2791,63.8239,60.7107,57.8912,55.3261,52.1008,48.8549,43.7657,36.2837,27.9582,20.4969,10.2008
121.658,1.261694612431145e-08,1e-323,5e-324,6,240.703,0.182447,-0.032275,14989.8,7.0,6.7753,15.4210,40.2974,191.1040,99.8607,80.3666,72.8066,67.2791,63.8239,60.7107,57.8912,55.3261,52.1008,48.8549,43.7657,36.2837,27.9582,20.4969,10.2008
121.758,4.8288239687384536e-30,1e-323,5e-324,6,240.703,0.182447,-0.032275,14989.8,7.0,6.7753,15.4210,40.2974,191.1040,99.8607,80.3666,72.8066,67.2791,63.8239,60.7107,57.8912,55.3261,52.1008,48.8549,43.7657,36.2837,27.9582,20.4969,10.2008
121.858,4.844717086833658e-52,1e-323,5e-324,6,240.703,0.182447,-0.032275,14989.8,7.0,6.7753,15.4210,40.2974,191.1040,99.8607,80.3666,72.8066,67.2791,63.8239,60.7107,57.8912,55.3261,52.1008,48.8549,43.7657,36.2837,27.9582,20.4969,10.2008
121.958,3.1108240089475803e-74,1e-323,5e-324,6,240.703,0.182447,-0.032275,14989.8,7.0,6.7753,15.4210,40.2974,191.1040,99.8607,80.3666,72.8066,67.2791,63.8239,60.7107,57.8912,55.3261,52.1008,48.8549,43.7657,36.2837,27.9582,20.4969,10.2008
122.059,1.2908412657176767e-93,1e-323,5e-324,6,240.703,0.182447,-0.032275,14989.8,7.0,6.7753,15.4210,40.2974,191.1040,99.8607,80.3666,72.8066,67.2791,63.8239,60.7107,57.8912,55.3261,52.1008,48.8549,43.7657,36.2837,27.9582,20.4969,10.2008
122.159,1.902963450479527e-111,1e-323,5e-324,6,240.703,0.182447,-0.032275,14989.8,7.0,6.7753,15.4210,40.2974,191.1040,99.8607,80.3666,72.8066,67.2791,63.8239,60.7107,57.8912,55.3261,52.1008,48.8549,43.7657,36.2837,27.9582,20.4969,10.2008
122.259,3.765285713565968e-130,1e-323,5e-324,6,240.703,0.182447,-0.032275,14989.8,7.0,6.7753,15.4210,40.2974,191.1040,99.8607,80.3666,72.8066,67.2791,63.8239,60.7107,57.8912,55.3261,52.1008,48.8549,43.7657,36.2837,27.9582,20.4969,10.2008
122.360,4.72209800756348e-152,1e-323,5e-324,6,240.703,0.182447,-0.032275,14989.8,7.0,6.7753,15.4210,40.2974,191.1040,99.8607,80.3666,72.8066,67.2791,63.8239,60.7107,57.8912,55.3261,52.1008,48.8549,43.7657,36.2837,27.9582,20.4969,10.2008
122.460,7.40256227857313e-174,1e-323,5e-324,6,240.703,0.182447,-0.032275,14989.8,7.0,6.7753,15.4210,40.2974,191.1040,99.8607,80.3666,72.8066,67.2791,63.8239,60.7107,57.8912,55.3261,52.1008,48.8549,43.7657,36.2837,27.9582,20.4969,10.2008
122.560,1.795720604198053e-198,1e-323,5e-324,6,240.703,0.182447,-0.032275,14989.8,7.0,6.7753,15.4210,40.2974,191.1040,99.8607,80.3666,72.8066,67.2791,63.8239,60.7107,57.8912,55.3261,52.1008,48.8549,43.7657,36.2837,27.9582,20.4969,10.2008
122.661,8.590845408700551e-220,1e-323,5e-324,6,240.703,0.182447,-0.032275,14989.8,7.0,6.7753,15.4210,40.2974,191.1040,99.8607,80.3666,72.8066,67.2791,63.8239,60.7107,57.8912,55.3261,52.1008,48.8549,43.7657,36.2837,27.9582,20.4969,10.2008
122.761,1.3598574361134628e-238,1e-323,5e-324,6,240.703,0.182447,-0.032275,14989.8,7.0,6.7753,15.4210,40.2974,191.1040,99.8607,80.3666,72.8066,67.2791,63.8239,60.7107,57.8912,55.3261,52.1008,48.8549,43.7657,36.2837,27.9582,20.4969,10.2008
122.861,1.4936233832868662e-255,1e-323,5e-324,6,240.703,0.182447,-0.032275,14989.8,7.0,6.7753,15.4210,40.2974,191.1040,99.8607,80.3666,72.8066,67.2791,63.8239,60.7107,57.8912,55.3261,52.1008,48.8549,43.7657,36.2837,27.9582,20.4969,10.2008
122.962,6.719682842921557e-273,1e-323,5e-324,6,240.703,0.182447,-0.032275,14989.8,7.0,6.7753,15.4210,40.2974,191.1040,99.8607,80.3666,72.8066,67.2791,63.8239,60.7107,57.8912,55.3261,52.1008,48.8549,43.7657,36.2837,27.9582,20.4969,10.2008
123.062,4.314751583138465e-295,1e-323,5e-324,6,240.703,0.182447,-0.032275,14989.8,7.0,6.7753,15.4210,40.2974,191.1040,99.8607,80.3666,72.8066,67.2791,63.8239,60.7107,57.8912,55.3261,52.1008,48.8549,43.7657,36.2837,27.9582,20.4969,10.2008
123.162,6.763989e-317,1e-323,5e-324,6,240.703,0.182447,-0.032275,14989.8,7.0,6.7753,15.4210,40.2974,191.1040,99.8607,80.3666,72.8066,67.2791,63.8239,60.7107,57.8912,55.3261,52.1008,48.8549,43.7657,36.2837,27.9582,20.4969,10.2008
123.262,1e-323,1e-323,5e-324,6,240.703,0.182447,-0.032275,14989.8,7.0,6.7753,15.4210,40.2974,191.1040,99.8607,80.3666,72.8066,67.2791,63.8239,60.7107,57.8912,55.3261,52.1008,48.8549,43.7657,36.2837,27.9582,20.4969,10.2008
123.363,1e-323,1e-323,5e-324,6,240.703,0.182447,-0.032275,14989.8,7.0,6.7753,15.4210,40.2974,191.1040,99.8607,80.3666,72.8066,67.2791,63.8239,60.7107,57.8912,55.3261,52.1008,48.8549,43.7657,36.2837,27.9582,20.4969,10.2008
123.463,1e-323,1e-323,5e-324,6,240.703,0.182447,-0.032275,14989.8,7.0,6.7753,15.4210,40.2974,191.1040,99.8607,80.3666,72.8066,67.2791,63.8239,60.7107,57.8912,55.3261,52.1008,48.8549,43.7657,36.2837,27.9582,20.4969,10.2008
123.563,1e-323,1e-323,5e-324,6,240.703,0.182447,-0.032275,14989.8,7.0,6.7753,15.4210,40.2974,191.1040,99.8607,80.3666,72.8066,67.2791,63.8239,60.7107,57.8912,55.3261,52.1008,48.8549,43.7657,36.2837,27.9582,20.4969,10.2008
123.664,1e-323,1e-323,5e-324,6,240.703,0.182447,-0.032275,14989.8,7.0,6.7753,15.4210,40.2974,191.1040,99.8607,80.3666,72.8066,67.2791,63.8239,60.7107,57.8912,55.3261,52.1008,48.8549,43.7657,36.2837,27.9582,20.4969,10.2008
123.764,1e-323,1e-323,5e-324,6,240.703,0.182447,-0.032275,14989.8,7.0,6.7753,15.4210,40.2974,191.1040,99.8607,80.3666,72.8066,67.2791,63.8239,60.7107,57.8912,55.3261,52.1008,48.8549,43.7657,36.2837,27.9582,20.4969,10.2008
123.864,1e-323,1e-323,5e-324,6,240.703,0.182447,-0.032275,14989.8,7.0,6.7753,15.4210,40.2974,191.1040,99.8607,80.3666,72.8066,67.2791,63.8239,60.7107,57.8912,55.3261,52.1008,48.8549,43.7657,36.2837,27.9582,20.4969,10.2008
123.965,1e-323,1e-323,5e-324,6,240.703,0.182447,-0.032275,14989.8,7.0,6.7753,15.4210,40.2974,191.1040,99.8607,80.3666,72.8066,67.2791,63.8239,60.7107,57.8912,55.3261,52.1008,48.8549,43.7657,36.2837,27.9582,20.4969,10.2008
124.065,1e-323,1e-323,5e-324,6,240.703,0.182447,-0.032275,14989.8,7.0,6.7753,15.4210,40.2974,191.1040,99.8607,80.3666,72.8066,67.2791,63.8239,60.7107,57.8912,55.3261,52.1008,48.8549,43.7657,36.2837,27.9582,20.4969,10.2008
124.166,1e-323,1e-323,5e-324,6,240.703,0.182447,-0.032275,14989.8,7.0,6.7753,15.4210,40.2974,191.1040,99.8607,80.3666,72.8066,67.2791,63.8239,60.7107,57.8912,55.3261,52.1008,48.8549,43.7657,36.2837,27.9582,20.4969,10.2008
124.266,1e-323,1e-323,5e-324,6,240.703,0.182447,-0.032275,14989.8,7.0,6.7753,15.4210,40.2974,191.1040,99.8607,80.3666,72.8066,67.2791,63.8239,60.7107,57.8912,55.3261,52.1008,48.8549,43.7657,36.2837,27.9582,20.4969,10.2008
124.366,1e-323,1e-323,5e-324,6,240.703,0.182447,-0.032275,14989.8,7.0,6.7753,15.4210,40.2974,191.1040,99.8607,80.3666,72.8066,67.2791,63.8239,60.7107,57.8912,55.3261,52.1008,48.8549,43.7657,36.2837,27.9582,20.4969,10.2008
124.466,1e-323,1e-323,5e-324,6,240.703,0.182447,-0.032275,14989.8,7.0,6.7753,15.4210,40.2974,191.1040,99.8607,80.3666,72.8066,67.2791,63.8239,60.7107,57.8912,55.3261,52.1008,48.8549,43.7657,36.2837,27.9582,20.4969,10.2008
124.566,1e-323,1e-323,5e-324,6,240.703,0.182447,-0.032275,14989.8,7.0,6.7753,15.4210,40.2974,191.1040,99.8607,80.3666,72.8066,67.2791,63.8239,60.7107,57.8912,55.3261,52.1008,48.8549,43.7657,36.2837,27.9582,20.4969,10.2008
124.667,1e-323,1e-323,5e-324,6,240.703,0.182447,-0.032275,14989.8,7.0,6.7753,15.4210,40.2974,191.1040,99.8607,80.3666,72.8066,67.2791,63.8239,60.7107,57.8912,55.3261,52.1008,48.8549,43.7657,36.2837,27.9582,20.4969,10.2008
124.767,1e-323,1e-323,5e-324,6,240.703,0.182447,-0.032275,14989.8,7.0,6.7753,15.4210,40.2974,191.1040,99.8607,80.3666,72.8066,67.2791,63.8239,60.7107,57.8912,55.3261,52.1008,48.8549,43.7657,36.2837,27.9582,20.4969,10.2008
124.867,1e-323,1e-323,5e-324,6,240.703,0.182447,-0.032275,14989.8,7.0,6.7753,15.4210,40.2974,191.1040,99.8607,80.3666,72.8066,67.2791,63.8239,60.7107,57.8912,55.3261,52.1008,48.8549,43.7657,36.2837,27.9582,20.4969,10.2008
124.967,1e-323,1e-323,5e-324,6,240.703,0.182447,-0.032275,14989.8,7.0,6.7753,15.4210,40.2974,191.1040,99.8607,80.3666,72.8066,67.2791,63.8239,60.7107,57.8912,55.3261,52.1008,48.8549,43.7657,36.2837,27.9582,20.4969,10.2008
