time,steer,accel,brake,gear,speedX,trackPos,angle,rpm,damage,track_0,track_1,track_2,track_3,track_4,track_5,track_6,track_7,track_8,track_9,track_10,track_11,track_12,track_13,track_14,track_15,track_16,track_17,track_18
0.101,-0.05701334702463916,0.0,0.0,1,-0.00913045,0.333439,0.00822276,5235.99,0.0,5.7030,12.6267,22.4550,140.4860,90.9268,77.3570,71.6721,67.3518,64.5773,62.0267,59.6744,57.4982,54.7119,51.8501,47.2417,40.0655,31.0431,22.7658,11.2227
0.220,-0.07751656622815427,0.0,0.0,1,-0.00913045,0.333439,0.00822276,5235.99,0.0,5.7030,12.6267,22.4550,140.4860,90.9268,77.3570,71.6721,67.3518,64.5773,62.0267,59.6744,57.4982,54.7119,51.8501,47.2417,40.0655,31.0431,22.7658,11.2227
0.320,-0.08241397544628075,0.0,0.0,1,-0.00913045,0.333439,0.00822276,5235.99,0.0,5.7030,12.6267,22.4550,140.4860,90.9268,77.3570,71.6721,67.3518,64.5773,62.0267,59.6744,57.4982,54.7119,51.8501,47.2417,40.0655,31.0431,22.7658,11.2227
0.421,-0.08401875849887643,0.0,0.0,1,-0.00913045,0.333439,0.00822276,5235.99,0.0,5.7030,12.6267,22.4550,140.4860,90.9268,77.3570,71.6721,67.3518,64.5773,62.0267,59.6744,57.4982,54.7119,51.8501,47.2417,40.0655,31.0431,22.7658,11.2227
0.541,-0.08459587281365671,0.559431877734375,0.0,1,-0.00913045,0.333439,0.00822276,5420.4,0.0,5.7030,12.6267,22.4550,140.4860,90.9268,77.3570,71.6721,67.3518,64.5773,62.0267,59.6744,57.4982,54.7119,51.8501,47.2417,40.0655,31.0431,22.7658,11.2227
0.658,-0.08474715986859048,0.856970697266175,0.0,1,-0.00913045,0.333439,0.00822276,6124.41,0.0,5.7030,12.6267,22.4550,140.4860,90.9268,77.3570,71.6721,67.3518,64.5773,62.0267,59.6744,57.4982,54.7119,51.8501,47.2417,40.0655,31.0431,22.7658,11.2227
0.761,-0.08478329637037887,0.9293933201895552,0.0,1,-0.00913045,0.333439,0.00822276,6966.56,0.0,5.7030,12.6267,22.4550,140.4860,90.9268,77.3570,71.6721,67.3518,64.5773,62.0267,59.6744,57.4982,54.7119,51.8501,47.2417,40.0655,31.0431,22.7658,11.2227
0.878,-0.08479629182944386,0.9577344801840206,0.0,1,-0.00913045,0.333439,0.00822276,8219.34,0.0,5.7030,12.6267,22.4550,140.4860,90.9268,77.3570,71.6721,67.3518,64.5773,62.0267,59.6744,57.4982,54.7119,51.8501,47.2417,40.0655,31.0431,22.7658,11.2227
1.000,-0.0847993959313113,0.9655754071229499,0.0,1,-0.0169211,0.33345,0.00871533,9742.77,0.0,5.7058,12.6459,22.5470,139.7680,90.6275,77.1413,71.4874,67.1889,64.4278,61.8893,59.5473,57.3807,54.6056,51.7548,47.1632,40.0059,31.0008,22.7403,11.2174
1.120,-0.08471113426846937,0.9683951721810885,0.0,1,2.60246,0.333382,0.00919216,5235.99,0.0,5.7092,12.6673,22.6581,139.0230,90.3026,76.9021,71.2801,67.0047,64.2576,61.7313,59.4005,57.2436,54.4809,51.6421,47.0685,39.9323,30.9495,22.7102,11.2115
1.242,-0.08354057975446837,0.9691343566724893,0.0,1,7.82959,0.332724,0.011079,5235.99,0.0,5.7258,12.7649,23.2055,135.9440,88.9057,75.8558,70.3663,66.1859,63.4972,61.0231,58.7386,56.6231,53.9120,51.1237,46.6270,39.5859,30.7098,22.5709,11.1853
1.361,-0.0823225227839291,0.9693281294518029,0.0,1,12.8064,0.331311,0.0147635,5235.99,0.0,5.7597,12.9666,24.4458,130.2640,86.2796,73.8783,68.6358,64.6329,62.0535,59.6766,57.4790,55.4417,52.8273,50.1345,45.7830,38.9207,30.2489,22.3019,11.1334
1.463,-0.08161801516491991,0.9693744141150167,0.0,1,16.9887,0.329401,0.0192935,5235.99,0.0,5.8033,13.2344,26.4358,123.8310,83.2244,71.5610,66.6013,62.8026,60.3496,58.0851,55.9885,54.0419,51.5401,48.9587,44.7774,38.1226,29.6957,21.9765,11.0689
1.566,-0.08128567221585618,0.9693895806734585,0.0,1,21.2588,0.326525,0.0254127,5235.99,0.0,5.8656,13.6335,31.3997,115.9780,79.3756,68.6147,64.0049,60.4601,58.1644,56.0408,54.0708,52.2384,49.8785,47.4379,43.4726,37.0792,28.9709,21.5466,10.9805
1.683,-0.08146135288360676,0.969395034892313,0.0,1,26.3215,0.321524,0.0348589,7366.28,0.0,5.9687,14.3404,200.0000,105.4520,73.9992,64.4505,60.3162,57.1192,55.0403,53.1113,51.3169,49.6433,47.4815,45.2386,41.5777,35.5472,27.9040,20.9062,10.8422
1.802,-0.05247627845022458,0.9693964646830605,0.0,2,31.9059,0.314285,0.0484502,17705.1,0.0,6.1222,15.5393,200.0000,93.1433,67.4031,59.2714,55.7026,52.9228,51.1058,49.4131,47.8324,46.3531,44.4349,42.4358,39.1422,33.5589,26.5148,20.0599,10.6481
1.925,0.13722019200413432,0.9661592418378763,0.0,2,37.4562,0.307397,0.0358664,9802.78,0.0,6.0996,15.1917,200.0000,100.3170,70.5704,61.5107,57.5839,54.5457,52.5694,50.7348,49.0277,47.4352,45.3777,43.2417,39.7545,34.0562,26.8657,20.2781,10.7036
2.044,0.03597145001273179,0.9578843271985983,0.0,2,43.3113,0.30185,0.00788134,13312.2,0.0,5.9713,14.0547,200.0000,126.3510,81.6739,69.4608,64.3465,60.4610,57.9662,55.6730,53.5585,51.6023,49.0983,46.5263,42.3861,36.0187,28.2467,21.1273,10.9082
2.145,0.011787124740171953,0.9502873312583117,0.0,3,48.1139,0.298012,-0.0118139,12439.6,0.0,5.8941,13.4651,29.8948,155.4400,91.9247,76.3908,70.0931,65.3864,62.3993,59.6775,57.1873,54.9008,51.9970,49.0413,44.3391,37.2713,29.1253,21.6660,11.0360
2.265,0.003089924027887636,0.9438626315403789,0.0,3,53.5571,0.296531,-0.0384863,8009.66,0.0,5.7856,12.7288,23.8394,200.0000,112.4650,89.4292,80.6417,74.2680,70.3052,66.7485,63.5393,60.6288,56.9819,53.3258,47.6223,39.2993,30.4089,22.4551,11.2244
2.385,0.0008100050443665765,0.9418700350575211,0.0,3,58.7244,0.300858,-0.064309,7299.12,0.0,5.6477,11.9447,20.3402,200.0000,154.5990,113.1110,98.9720,89.2268,83.3712,78.2419,73.7127,69.6840,64.7388,59.8926,52.5454,42.2660,32.0197,23.4539,11.4701
2.503,-0.15704469880898259,0.9392680960482439,0.0,2,61.8201,0.314199,-0.0703788,7954.46,0.0,5.5080,11.4848,19.0037,200.0000,192.4640,137.0320,116.2670,102.6700,94.7633,87.9936,82.1318,77.0080,70.8307,64.8937,56.1060,44.2237,32.8411,23.9865,11.6566
2.603,-0.36800042231233365,0.8955780240099636,0.0,2,65.8871,0.323402,-0.00383161,10532.2,0.0,5.7988,14.1794,48.5262,186.4770,97.6958,78.5243,71.1020,65.6803,62.2932,59.2424,56.4808,53.9689,50.8120,47.6359,42.6594,35.3488,27.6090,20.8573,11.0015
2.705,-0.12058637838330548,0.7670015694075848,0.0,2,69.9548,0.316096,0.123453,12244.7,0.0,6.8362,48.8870,122.6550,59.5866,45.6563,40.9142,38.7770,37.0875,35.9715,34.9231,33.9368,33.0070,31.7917,30.5132,28.3879,24.9123,20.5407,16.4145,9.8649
2.824,-0.03161099557491324,0.7141867426139069,0.0,2,74.2376,0.280462,0.277846,12272.4,0.0,9.3477,96.2328,43.1611,31.1573,26.7823,25.0489,24.2155,23.5247,23.0520,22.5956,22.1550,21.7296,21.1583,20.5383,19.4629,17.6079,15.1999,12.8168,8.7265
2.945,0.4326539718355519,0.705262801096405,0.0,2,76.9754,0.202637,0.444816,13147.4,0.0,16.9020,34.9985,23.7662,19.4027,17.4429,16.6011,16.1846,15.8373,15.5984,15.3669,15.1424,14.9248,14.6310,14.3100,13.7478,12.7589,11.4333,10.0669,7.6340
3.053,0.3311096934183861,0.31745251466326996,0.0,2,80.5908,0.0982285,0.51113,11503.3,0.0,28.0529,26.0617,18.7782,15.6427,14.2143,13.5968,13.2902,13.0340,12.8575,12.6861,12.5198,12.3583,12.1399,11.9008,11.4807,10.7376,9.7328,8.6872,6.8341
3.161,0.10849802433933675,0.10402284000486028,0.0,2,82.5854,-0.0500005,0.524456,9611.48,0.0,35.0594,22.3201,16.0410,13.3501,12.1319,11.6065,11.3459,11.1282,10.9783,10.8329,10.6917,10.5546,10.3694,10.1667,9.8106,9.1814,8.3314,7.4481,5.8922
3.272,0.11481434624417594,0.03408620421279262,0.0,2,82.3855,-0.237951,0.519755,9447.26,0.0,38.9138,18.9392,13.3211,10.9794,9.9363,9.4896,9.2687,9.0845,8.9578,8.8350,8.7160,8.6006,8.4447,8.2744,7.9759,7.4502,6.7436,6.0133,4.7335
3.382,0.48425115311854156,0.011169367396447884,0.0,2,81.4158,-0.434738,0.475129,9304.63,0.0,35.1231,17.6515,11.4575,9.1441,8.1551,7.7392,7.5352,7.3660,7.2501,7.1382,7.0299,6.9252,6.7843,6.6311,6.3639,5.8979,5.2806,4.6523,3.5577
3.492,0.37898270649736615,0.0036599783084680427,0.0,2,79.9201,-0.605596,0.367951,9102.54,0.0,26.7924,27.2657,12.2058,8.7899,7.5070,6.9941,6.7482,6.5470,6.4106,6.2799,6.1545,6.0343,5.8740,5.7014,5.4052,4.9026,4.2622,3.6376,2.5850
3.603,0.2976706641561116,0.0011993016921188083,0.0,2,78.553,-0.743825,0.269348,8938.4,0.0,22.7628,187.9570,16.0328,8.8702,7.0088,6.3345,6.0232,5.7741,5.6081,5.4512,5.3028,5.1621,4.9772,4.7816,4.4540,3.9203,3.2788,2.6911,1.7645
3.713,0.6191252729481873,0.0003929871784734911,0.0,2,76.9597,-0.849434,0.188315,8765.64,0.0,20.5856,99.7268,85.7236,10.0174,6.5617,5.6010,5.1965,4.8861,4.6850,4.4991,4.3266,4.1665,3.9608,3.7486,3.4059,2.8798,2.2960,1.8029,1.0910
3.822,0.231727128431912,0.00012877403864219357,0.0,2,75.2803,-0.919004,0.0882379,8568.49,0.0,18.2941,51.4641,111.7950,179.2970,13.9726,8.1578,6.6775,5.7633,5.2503,4.8216,4.4579,4.1455,3.7755,3.4267,2.9220,2.2540,1.6309,1.1833,0.6332
3.933,0.07593234544456894,4.2196676982273985e-05,0.0,2,74.1018,-0.955961,0.0164503,8452.23,0.0,16.9452,38.3279,62.4635,115.5620,194.3100,180.8540,170.8010,88.4457,22.6390,12.9813,9.1000,7.0058,5.2992,4.1458,2.9454,1.8679,1.1652,0.7700,0.3674
4.041,0.010665020114749006,1.382700711355154e-05,0.0,2,73.2637,-0.966791,-0.00899372,8385.94,0.0,16.5407,35.3254,54.4565,90.2260,149.8980,193.1820,186.6100,180.1430,174.6830,167.8950,156.8630,23.5543,9.6373,5.7534,3.2782,1.7643,1.0008,0.6285,0.2844
4.152,-0.204375055873622,4.530833690968569e-06,0.0,2,72.456,-0.968792,0.0136188,8294.84,0.0,16.9380,37.7813,60.7116,109.0330,192.3400,179.6830,171.0940,160.1110,38.2758,13.7496,8.3804,6.0272,4.3268,3.2724,2.2469,1.3832,0.8465,0.5533,0.2613
4.263,-0.06696961830866846,0.31678159208545886,0.0,2,72.0776,-0.985183,0.0569137,8397.87,0.0,17.8915,43.9107,78.3960,194.0010,165.9600,6.6943,3.2636,2.2535,1.8456,1.5629,1.3553,1.1965,1.0280,0.8857,0.7034,0.4991,0.3377,0.2347,0.1191
4.373,0.08629443156382646,0.6549731229539381,0.0,2,74.4443,-1.00982,0.0697964,9066.96,0.0,-1.0000,-1.0000,-1.0000,-1.0000,-1.0000,-1.0000,-1.0000,-1.0000,-1.0000,-1.0000,-1.0000,-1.0000,-1.0000,-1.0000,-1.0000,-1.0000,-1.0000,-1.0000,-1.0000
4.484,0.28994550934024715,0.7769124952732964,0.0,2,78.3082,-1.03012,0.0261298,10326.1,0.0,-1.0000,-1.0000,-1.0000,-1.0000,-1.0000,-1.0000,-1.0000,-1.0000,-1.0000,-1.0000,-1.0000,-1.0000,-1.0000,-1.0000,-1.0000,-1.0000,-1.0000,-1.0000,-1.0000
4.591,0.09500934450061219,0.8186781259042787,0.0,2,82.3854,-1.03159,-0.0665873,12169.8,0.0,-1.0000,-1.0000,-1.0000,-1.0000,-1.0000,-1.0000,-1.0000,-1.0000,-1.0000,-1.0000,-1.0000,-1.0000,-1.0000,-1.0000,-1.0000,-1.0000,-1.0000,-1.0000,-1.0000
4.702,0.0311326620059606,0.837221790093189,0.0,2,86.0277,-1.01434,-0.15663,14579.4,0.0,-1.0000,-1.0000,-1.0000,-1.0000,-1.0000,-1.0000,-1.0000,-1.0000,-1.0000,-1.0000,-1.0000,-1.0000,-1.0000,-1.0000,-1.0000,-1.0000,-1.0000,-1.0000,-1.0000
4.816,-0.08859189100753917,0.8520652912558612,0.0,3,88.9815,-0.973624,-0.267693,8688.74,0.0,13.6275,20.9934,25.7859,31.1572,35.7611,38.6580,40.4155,42.0969,43.3902,44.7691,46.2421,47.8192,50.2235,53.2957,60.2356,81.6635,176.6780,2.4775,0.3198
4.923,-0.05133104639610042,0.8641242058105956,0.0,3,91.5646,-0.897425,-0.342893,10503.6,0.0,12.5980,18.2295,21.6983,25.3846,28.3840,30.1999,31.2759,32.2876,33.0544,33.8611,34.7109,35.6073,36.9477,38.6162,42.2122,52.0004,85.5610,151.3390,1.4373
5.032,-0.016820157283074188,0.5193713447600159,0.0,3,94.872,-0.78394,-0.419328,10549.0,0.0,11.4632,15.6870,18.1989,20.7667,22.7801,23.9670,24.6591,25.3026,25.7856,26.2894,26.8153,27.3649,28.1770,29.1716,31.2568,36.5560,51.3731,122.1830,3.6216
5.143,-0.29239775663729994,0.17018760225096202,0.0,3,96.4179,-0.630696,-0.4776,9076.5,0.0,10.2667,13.5188,15.4263,17.3338,18.7984,19.6489,20.1406,20.5949,20.9340,21.2862,21.6521,22.0325,22.5910,23.2694,24.6715,28.1162,36.9273,67.2594,7.3139
5.253,-0.3010503417843283,0.05576707350559523,0.0,3,96.6469,-0.449845,-0.400684,8820.2,0.0,9.3851,13.0113,15.1825,17.4205,19.1893,20.2379,20.8514,21.4232,21.8532,22.3026,22.7726,23.2646,23.9935,24.8892,26.7774,31.6418,45.7652,176.4980,8.7956
5.364,-0.09864817599588871,0.018273754646313443,0.0,3,95.9903,-0.283357,-0.300508,8731.43,0.0,8.7034,13.0322,15.7747,18.7714,21.2761,22.8228,23.7503,24.6302,25.3020,26.0135,26.7683,27.5704,28.7814,30.3085,33.6760,43.4077,84.6703,127.5160,9.2250
5.474,-0.023829786060821083,0.005987943922503989,0.0,3,95.1703,-0.141415,-0.267488,8653.04,0.0,7.8822,12.1449,14.9188,18.0283,20.6940,22.3715,23.3893,24.3631,25.1122,25.9109,26.7641,27.6777,29.0705,30.8505,34.8719,47.2949,118.1980,80.3910,10.4057
5.581,0.0010213721864338965,0.001962129464526107,0.0,3,94.3897,-0.0128886,-0.261853,8581.56,0.0,7.0173,10.8672,13.3851,16.2211,18.6639,20.2068,21.1450,22.0441,22.7368,23.4763,24.2674,25.1156,26.4115,28.0718,31.8415,43.6507,116.8540,84.9704,11.8464
5.696,-0.08391047477220324,0.08553577284856091,0.0,3,93.6438,0.111617,-0.261133,8532.65,0.0,6.1573,9.5416,11.7564,14.2526,16.4040,17.7635,18.5905,19.3831,19.9939,20.6460,21.3438,22.0922,23.2357,24.7014,28.0313,38.4822,103.1590,94.7117,13.3240
5.804,-0.28110687879155577,0.38372138157826646,0.0,3,93.5827,0.22568,-0.215438,8721.42,0.0,5.5182,8.9315,11.2708,14.0261,16.5101,18.1352,19.1457,20.1304,20.9001,21.7328,22.6363,23.6201,25.1538,27.1754,32.0165,49.8867,146.6190,63.4444,13.6288
5.914,-0.092113102042417,0.5938914316905664,0.0,3,95.1835,0.314252,-0.150695,9026.19,0.0,5.1096,8.8708,11.6756,15.2674,18.8112,21.3067,22.9360,24.5850,25.9184,27.4070,29.0792,30.9713,34.0802,38.5043,50.9256,152.4390,118.7930,43.8250,13.2990
6.023,-0.030183621277259202,0.6940622525394898,0.0,3,97.9877,0.385167,-0.12536,9365.09,0.0,4.6698,8.3606,11.2271,15.0563,19.0217,21.9335,23.8908,25.9189,27.5946,29.5044,31.7008,34.2533,38.6106,45.1883,66.4463,142.0190,98.9638,40.5824,13.5547
6.133,-0.009890569020132295,0.734966668521515,0.0,3,101.347,0.448399,-0.116395,9721.3,0.0,4.2191,7.6404,10.3393,14.0053,17.8768,20.7699,22.7391,24.8005,26.5202,28.4985,30.7983,33.5046,38.2101,45.5255,71.0747,137.0980,93.5355,40.6930,14.0121
6.242,-0.0032409416565169504,0.755282122081755,0.0,3,104.877,0.509601,-0.113267,10073.0,0.0,3.7603,6.8372,9.2781,12.6136,16.1618,18.8305,20.6555,22.5734,24.1792,26.0332,28.1974,30.7567,35.2388,42.2896,67.7349,133.8960,94.3259,41.8143,14.5467
6.352,-0.11983295555048401,0.7750069375606246,0.0,3,108.487,0.571092,-0.111117,10425.9,0.0,3.2944,6.0070,8.1672,11.1318,14.3014,16.6963,18.3395,20.0712,21.5250,23.2076,25.1778,27.5158,31.6320,38.1635,62.3237,130.9170,95.8043,43.1000,15.0985
6.464,-0.19392893866825137,0.8051424744717405,0.0,3,111.847,0.623607,-0.0583876,10941.0,0.0,3.0226,5.9401,8.5338,12.5757,17.6641,22.1747,25.6793,29.8061,33.6747,38.7007,45.4942,55.1856,78.6526,135.6780,128.2260,111.9900,64.7379,36.1018,14.6570
6.573,-0.0635466346228126,0.8473104415036499,0.0,3,115.367,0.650313,0.0121803,11424.8,0.0,3.0040,6.6813,10.7057,19.1136,36.4251,66.7176,133.2640,129.7140,127.3040,124.9840,122.6380,120.2130,116.6670,112.3530,103.1740,73.9225,45.0474,29.3772,13.8359
6.681,-0.020822961233203232,0.917674566331291,0.0,3,119.409,0.650374,0.049296,11833.4,0.0,3.1244,7.5301,13.1554,28.8104,130.4240,123.1640,119.5560,116.2710,113.8300,111.2970,108.6580,105.8930,101.7620,96.5230,83.3327,58.0334,38.7021,26.6358,13.3617
6.793,-0.006823267936896036,0.9547450100985623,0.0,3,123.932,0.628296,0.0665165,12227.1,0.0,3.3866,8.5122,15.6576,40.0918,121.5170,114.8690,111.1740,107.7790,105.2440,102.6010,99.8283,96.8969,92.4407,86.5684,71.8854,52.0855,35.8567,25.1997,12.9824
6.903,0.08418979108115666,0.9694537199090968,0.0,3,128.635,0.59315,0.0581111,12608.8,0.0,3.6717,9.0376,16.1929,38.1314,119.3540,112.8190,109.3250,106.1370,103.7730,101.3270,98.7835,96.1270,92.1711,87.1839,74.9273,53.3096,36.1573,25.1594,12.7967
7.012,0.027587310741473414,0.9789069992366878,0.0,3,133.311,0.562725,0.0250193,13098.1,0.0,3.8068,8.6930,14.3075,27.0477,58.5913,116.6360,113.0890,110.1750,108.1130,106.0030,103.8390,101.6170,98.3933,94.5192,86.4982,63.9319,40.3602,26.8571,12.9405
7.122,0.009039809983766009,0.9833599232442528,0.0,3,138.084,0.543535,0.00942171,13505.6,0.0,3.9103,8.6494,13.7845,24.3421,45.3782,116.1550,112.4740,109.4560,107.4070,105.4300,103.4320,101.3910,98.4545,94.9696,87.9676,70.3202,42.6551,27.6899,12.9757
7.232,-0.0014358641862969,0.9866275944924267,0.0,3,142.883,0.533651,0.00344332,13921.8,0.0,3.9708,8.6814,13.6798,23.6224,42.1901,112.9720,109.3330,106.3520,104.3300,102.3910,100.4960,98.5691,95.8093,92.5565,86.1139,70.9962,43.5534,27.9845,12.9689
7.342,-0.014885209999785765,0.9904766555539033,0.0,3,147.693,0.527991,0.00782202,14342.0,0.0,4.0368,8.9013,14.1423,24.8204,45.7141,106.9100,103.5070,100.7180,98.8247,97.0039,95.1804,93.3285,90.6842,87.5811,81.4874,67.6346,42.5315,27.5352,12.8652
7.452,-0.0048775856127297994,0.9921234158825281,0.0,3,152.495,0.520374,0.0148163,14773.7,0.0,4.1314,9.2377,14.8800,26.8571,52.3522,100.1790,97.0500,94.4825,92.7376,91.0063,89.2530,87.4768,84.9487,81.9955,76.2452,63.5389,41.0208,26.8664,12.7138
7.563,-0.0015982872535793009,0.9926630263070118,0.0,4,156.716,0.509285,0.0173235,12249.1,0.0,4.2379,9.5241,15.4203,28.1326,100.5210,94.4325,91.5022,89.0972,87.4538,85.8059,84.1418,82.4609,80.0780,77.3095,71.9739,60.5579,40.2790,26.4866,12.5905
7.673,-0.0005237267672528654,0.9928398458509066,0.0,4,158.086,0.495954,0.0179049,12205.8,0.0,4.3556,9.8004,15.8867,29.0574,94.7830,89.0513,86.2922,84.0276,82.4745,80.9159,79.3466,77.7663,75.5352,72.9575,68.0396,57.8163,39.8229,26.2107,12.4723
7.784,0.011194729390506582,0.99289778607905,0.0,4,161.611,0.482837,0.012252,12452.4,0.0,4.4430,9.8834,15.8386,28.2861,90.3519,84.8031,82.1357,79.9481,78.4624,77.0001,75.5319,74.0582,71.9857,69.6043,65.1039,55.9773,40.4631,26.3906,12.4309
7.892,0.003668288926681197,0.9929167719330081,0.0,4,165.085,0.47317,0.00765194,12711.2,0.0,4.5049,9.9301,15.7717,27.6621,85.4935,80.1761,77.6228,75.5302,74.1099,72.7368,71.3667,69.9955,68.0746,65.8784,61.7636,53.5873,40.4126,26.5601,12.4057
8.001,0.0012020249154948944,0.992922993217633,0.0,4,168.541,0.466252,0.00618616,12958.1,0.0,4.5573,10.0168,15.8651,27.6728,79.7938,74.8107,72.4188,70.4589,69.1288,67.8471,66.5745,65.3046,63.5324,61.5164,57.7701,50.4604,39.1348,26.5456,12.3653
8.112,0.004713538898528117,0.9929250318081789,0.0,4,171.959,0.460611,0.00575116,13219.1,0.0,4.6034,10.1096,15.9991,29.0146,73.7531,69.1416,66.9283,65.1149,63.8843,62.6991,61.5254,60.3581,58.7351,56.8980,53.5112,47.0117,37.2485,26.4659,12.3230
8.222,0.07515032006440969,0.9929256998135291,0.0,4,175.284,0.459622,-0.0165071,13487.2,0.0,4.5114,9.5045,14.4725,25.0336,71.6754,66.9009,64.6231,62.7632,61.5044,60.2997,59.1456,58.0392,56.5343,54.8360,51.7200,45.7936,37.0096,27.3656,12.5949
8.333,0.024625256878705766,0.9938670808148972,0.0,4,178.571,0.479632,-0.0472198,13723.2,0.0,4.2209,8.4421,12.2994,19.9299,71.3678,66.1528,63.6883,61.6873,60.3387,59.0522,57.8237,56.6495,55.0905,53.4200,50.5094,45.0271,36.9611,28.1049,13.1925
8.441,0.008069204174014306,0.9932343904320505,0.0,4,181.904,0.519803,-0.0563847,13956.4,0.0,3.8630,7.6154,11.1529,79.6112,66.5010,61.4987,59.1425,57.2329,55.9477,54.7230,53.5548,52.4393,50.9598,49.3768,46.6804,41.7875,34.7019,27.0178,13.6492
8.551,0.15134425343839725,0.9935089454473993,0.0,4,185.199,0.571507,-0.0659526,14200.3,0.0,3.4181,6.8971,11.0071,74.1215,61.5046,56.7327,54.4930,52.6816,51.4642,50.3057,49.2018,48.1490,46.7542,45.2641,42.7330,38.3722,32.1812,25.5382,13.7819
8.662,0.186938153769669,0.9931170366348288,0.0,4,187.926,0.639674,-0.0986242,14469.7,0.0,2.8215,5.5648,8.4671,93.1042,71.9451,64.6614,61.3651,58.7536,57.0253,55.4001,53.8687,52.4238,50.5325,48.5401,45.2210,39.8545,33.3652,26.6037,14.4482
8.774,0.06125589422724513,0.9929886159551257,0.0,4,190.609,0.703561,-0.0892875,14652.8,0.0,2.3361,4.6242,6.9859,14.3187,87.5748,75.8263,70.7814,66.8977,64.3803,62.0500,59.8869,57.8738,55.2795,52.5946,48.2282,41.4358,33.7301,26.9071,14.8424
8.883,0.10813600590363368,0.9929465350668005,0.0,4,193.684,0.746245,-0.0396907,14858.7,0.0,2.0896,4.4971,7.5135,141.6110,90.7203,76.9651,71.2251,66.8718,64.0801,61.5166,59.1547,56.9717,54.1793,51.3144,46.7083,39.6705,31.8681,25.2472,14.5314
8.992,0.07680880066570268,0.9929327460013142,0.0,5,196.151,0.752679,-0.00890642,13559.8,0.0,2.0990,4.8288,9.1411,200.0000,113.9320,91.2081,82.4590,76.0850,72.1100,68.5349,65.3021,62.3651,58.6780,54.9737,49.1788,40.6875,31.7511,24.5308,14.2111
9.109,0.02013496624170997,0.9938689492677685,0.0,5,197.014,0.715694,0.0421573,13643.9,0.0,2.5533,6.9410,19.8899,200.0000,141.3820,105.2420,92.6373,83.8622,78.5542,73.8836,69.7421,66.0451,61.4896,57.0063,50.1740,40.5425,30.8638,23.3634,13.3782
9.212,0.006597825738083524,0.9938373464366873,0.0,5,199.493,0.637597,0.105228,13765.7,0.0,3.5318,11.2532,31.5669,200.0000,136.4410,100.3160,87.9236,79.3584,74.2018,69.6796,65.6815,62.1219,57.7478,53.4560,46.9401,37.8047,28.6831,21.6541,12.3492
9.332,0.0017295804302841673,0.9942491414849239,0.0,5,202.482,0.483917,0.141604,13900.6,0.0,5.1588,16.3951,45.6824,200.0000,124.1260,91.0243,79.7089,71.8996,67.2028,63.0865,59.4496,56.2133,52.2387,48.3413,42.4287,34.1485,25.8914,19.5358,11.1318
9.451,0.00045339913231641276,0.9935812723360489,0.0,5,205.421,0.32286,0.141249,14015.6,0.0,6.7656,21.4720,59.6268,191.9040,111.2040,81.4396,71.2832,64.2791,60.0687,56.3800,53.1220,50.2235,46.6649,43.1765,37.8865,30.4823,23.1037,17.4276,9.9263
9.552,0.00014856982767744213,0.9931407367097014,0.0,5,207.76,0.187972,0.141288,14195.4,0.0,8.1137,25.7545,71.5459,184.8110,99.8097,73.1060,63.9921,57.7065,53.9278,50.6171,47.6928,45.0913,41.8970,38.7657,34.0171,27.3701,20.7457,15.6494,8.9139
9.669,3.894668890667539e-05,0.9937352403621529,0.0,5,210.569,0.0242712,0.141319,14376.3,0.0,9.7498,30.9515,86.0082,175.9910,86.0187,63.0122,55.1589,49.7422,46.4858,43.6326,41.1124,38.8702,36.1172,33.4183,29.3253,23.5958,17.8854,13.4921,7.6854
9.770,1.2762051020939392e-05,0.9941323510618701,0.0,5,212.881,-0.113799,0.141319,14530.4,0.0,11.1294,35.3313,98.1790,168.3180,74.4234,54.5182,47.7235,43.0370,40.2195,37.7510,35.5705,33.6305,31.2486,28.9136,25.3723,20.4151,15.4745,11.6734,6.6494
9.871,0.11734175088137852,0.9933213141865787,0.0,5,215.153,-0.252395,0.134276,14689.2,0.0,12.3983,38.3273,100.0680,163.5610,69.6326,49.5545,42.9596,38.4843,35.8219,33.5065,31.4745,29.6770,27.4832,25.3465,22.1321,17.6845,13.3109,9.9854,5.6394
9.990,0.04835956236224809,0.9930296479767514,0.0,5,217.59,-0.394872,0.0806112,14892.4,0.0,12.9180,33.6961,65.1443,169.7450,154.8410,98.2097,71.3053,57.5253,50.5518,45.0893,40.6949,37.0837,32.9894,29.2981,24.2281,18.0279,12.6949,9.0622,4.7664
10.090,0.015846461394861452,0.9934418554396468,0.0,5,219.78,-0.481645,0.0645874,15014.4,0.0,13.4696,33.6912,61.5872,165.8050,153.6240,140.2620,89.0906,66.0091,55.7054,48.1873,42.4601,37.9522,33.0448,28.7949,23.2106,16.7502,11.4930,8.0591,4.1398
10.191,0.005192568469868201,0.9930950525810883,0.0,6,219.745,-0.551442,0.0606034,13703.0,0.0,14.0406,34.7722,62.7745,159.6020,147.8190,135.9580,87.0202,62.3911,51.9029,44.4364,38.8504,34.5144,29.8536,25.8664,20.6952,14.8071,10.0885,7.0411,3.5950
10.310,0.06407926956526513,0.9932787348544417,0.0,6,221.907,-0.623861,0.0421263,13838.5,0.0,14.3980,34.1315,58.5057,121.8490,144.4280,136.7730,130.1490,91.4790,67.5831,53.5889,44.3987,37.9017,31.4606,26.3481,20.2034,13.7981,9.0665,6.1814,3.0653
10.411,0.020997495051146082,0.9939827633371034,0.0,6,223.644,-0.663186,0.0177909,13948.3,0.0,14.3705,32.3267,52.3900,95.7756,142.7040,137.1130,133.3480,129.2050,125.2110,113.5970,76.2180,57.3513,42.5954,32.9211,23.0979,14.4858,8.9705,5.9032,2.8084
10.532,0.005504367342687638,0.9932030429028667,0.0,6,225.795,-0.687721,0.0106515,14069.5,0.0,14.4758,32.0983,51.2774,90.9900,135.7950,130.6550,127.2960,123.7620,120.6480,116.4580,96.6963,66.6763,46.4804,34.5327,23.3109,14.1480,8.5823,5.5827,2.6220
10.649,0.0014429368726815081,0.9929986438693541,0.0,6,227.924,-0.702393,0.00914043,14199.8,0.0,14.5791,32.2309,51.3381,90.5592,127.8050,122.8410,119.6320,116.2950,113.4060,109.6700,99.9460,67.1532,46.0202,33.8516,22.6399,13.6375,8.2347,5.3431,2.5025
10.751,0.00047282155444027657,0.9929498210137349,0.0,6,229.68,-0.712486,0.00882888,14307.8,0.0,14.6609,32.3918,51.5634,90.8468,120.9110,116.0630,112.9500,109.7330,106.9700,103.4530,96.9240,65.6445,44.8190,32.8976,21.9585,13.2061,7.9666,5.1664,2.4184
10.869,0.00012394733356719184,0.9929322632704495,0.0,6,231.771,-0.723982,0.00884748,14435.5,0.0,14.7596,32.6110,51.9143,119.7800,112.4760,107.7630,104.7590,101.6750,99.0476,95.7481,90.2181,62.9754,43.0062,31.5710,21.0755,12.6763,7.6474,4.9596,2.3216
10.971,4.061506226329742e-05,0.9929280694190858,0.0,6,233.493,-0.73354,0.00886589,14545.3,0.0,14.8417,32.7936,52.2068,112.5520,105.3590,100.7690,97.8633,94.8978,92.3892,89.2774,84.3885,60.7520,41.4972,30.4671,20.3410,12.2356,7.3820,4.7876,2.2412
11.091,1.0646994881949836e-05,0.9507673174704218,0.4365698089599609,6,234.818,-0.745089,0.00886732,14523.6,0.0,14.9406,33.0122,52.5550,103.7500,96.7158,92.2887,89.5101,86.6968,84.3394,81.4620,77.2326,58.1157,39.6972,29.1458,19.4590,11.7052,7.0620,4.5801,2.1441
11.210,2.7910458263338577e-06,0.32764864767096624,0.8524012960252533,6,225.395,-0.756478,0.00886458,13562.8,0.0,15.0381,33.2274,52.8973,95.0034,88.1513,83.9004,81.2567,78.6031,76.4027,73.7619,70.0958,55.5248,37.9261,27.8450,18.5902,11.1824,6.7466,4.3755,2.0483
11.311,9.145698963730785e-07,0.10736390886882223,0.9092459859084135,6,212.386,-0.765424,0.0088641,12598.9,0.0,15.1147,33.3966,53.1666,88.0367,81.3500,77.2507,74.7214,72.2016,70.1313,67.6816,64.4178,53.4862,36.5334,26.8223,17.9074,10.7717,6.4987,4.2147,1.9730
11.411,2.996862636435303e-07,0.035181005658135665,0.919485862469547,6,198.819,-0.773849,0.00905168,11685.0,0.0,15.1897,33.5748,53.4696,81.4248,74.9067,70.9566,68.5381,66.1459,64.1973,61.9210,58.9858,51.2005,35.0508,25.7671,17.2233,10.3701,6.2600,4.0612,1.9018
11.529,7.85609558965696e-08,0.009222489547246315,0.919852265680335,6,183.041,-0.783405,0.00954795,10644.6,0.0,15.2793,33.8059,82.3411,73.9590,67.6466,63.8720,61.5819,59.3353,57.5233,55.4356,52.8283,48.0858,33.1452,24.4482,16.3926,9.8947,5.9822,3.8842,1.8206
11.650,2.0594283222550343e-08,0.002417620299873338,0.8976063009964076,5,167.739,-0.792474,0.00987834,9690.74,0.0,15.3621,34.0115,75.2964,67.0415,60.9487,57.3556,55.1969,53.0983,51.4243,49.5245,47.2270,43.8332,31.4922,23.2801,15.6413,9.4568,5.7232,3.7181,1.7438
11.772,5.398667781092237e-09,0.0006337646558899965,0.8439883225425963,5,153.288,-0.801001,0.00990099,9597.29,0.0,15.4356,34.1756,68.7659,60.6677,54.8082,51.4027,49.3787,47.4310,45.8962,44.1827,42.1756,39.5283,30.1809,22.3141,14.9943,9.0667,5.4875,3.5651,1.6721
11.889,0.03114947575310141,0.00016613760195362723,0.42893897563415573,5,139.939,-0.808964,0.0103981,8946.89,0.0,15.5117,34.4366,62.6618,54.7307,49.1013,45.8759,43.9790,42.1714,40.7631,39.2131,37.4433,35.2579,28.6140,21.2243,14.3053,8.6715,5.2562,3.4177,1.6044
11.989,0.06142579062802197,5.443996940816458e-05,0.07209177363483257,4,132.142,-0.815264,0.0104265,9796.94,0.0,15.5662,67.0492,57.9010,50.1297,44.7038,41.6355,39.8485,38.1615,36.8609,35.4480,33.8698,32.0109,27.6506,20.5135,13.8286,8.3836,5.0822,3.3047,1.5514
12.091,0.07733555497943165,1.783888917566737e-05,0.012116464394806311,4,126.902,-0.820536,0.00481081,9381.71,0.0,15.5226,62.8054,53.7508,46.2279,41.0863,38.2358,36.6027,35.0856,33.9369,32.7175,31.4026,29.9502,27.4956,22.2361,14.4429,8.5025,5.0645,3.2619,1.5155
12.191,0.08543763648667937,5.845447205082684e-06,0.002036414170835097,4,125.852,-0.817324,-0.0242767,9303.17,0.0,15.0594,60.1834,51.4924,44.4655,39.8174,37.3259,35.9372,34.6807,33.7557,32.8035,31.8200,30.7993,29.2925,27.4137,22.8864,11.2140,5.9534,3.6231,1.5891
12.291,0.16083066513843636,1.9154361401614937e-06,0.00034226012969225487,3,124.91,-0.798294,-0.0609599,9233.34,0.0,14.4080,58.0056,49.7013,43.1539,38.9416,36.7392,35.5341,34.4602,33.6807,32.8900,32.0873,31.2717,30.1051,28.7304,25.9981,19.1290,8.1809,4.5266,1.8262
12.410,0.1911154893578304,5.021200915264947e-07,4.0266561998164094e-05,3,123.571,-0.743411,-0.134537,11182.4,0.0,13.1485,57.1450,49.4324,43.4975,39.7757,37.8702,36.8417,35.9348,35.2830,34.6277,33.9689,33.3066,32.3733,31.2980,29.2550,25.0493,17.4786,7.8627,2.5410
12.511,0.06885355875227386,1.6453471159140179e-07,6.767601075031441e-06,3,122.138,-0.664447,-0.20147,11046.6,0.0,11.9701,24.5530,49.3503,43.8286,40.4131,38.6819,37.7529,36.9372,36.3531,35.7680,35.1816,34.5942,33.7704,32.8270,31.0544,27.5037,21.6416,13.9270,3.6519
12.631,0.018049547305556083,4.313178743541644e-08,7.962014988763742e-07,3,120.694,-0.533888,-0.237533,10936.2,0.0,10.7813,53.4287,46.4070,41.2046,38.0453,36.4627,35.6194,34.8822,34.3562,33.8309,33.3064,32.7829,32.0518,31.2193,29.6686,26.6237,21.8010,15.8957,5.3693
12.750,0.099902490590563,1.1306739285469808e-08,9.367231014130654e-08,3,119.402,-0.379446,-0.254697,10825.4,0.0,9.7924,49.1549,42.3494,37.4433,34.5267,33.0850,32.3223,31.6589,31.1876,30.7183,30.2514,29.7870,29.1412,28.4099,27.0598,24.4543,20.4584,15.7608,6.9412
12.851,0.14805006949598132,3.7049923290627468e-09,1.5743505165449393e-08,3,118.267,-0.238678,-0.259237,10719.7,0.0,9.0429,46.9937,40.4024,35.7305,32.9878,31.6427,30.9337,30.3187,29.8826,29.4494,29.0192,28.5920,27.9992,27.3296,26.0983,23.7412,20.1680,16.0055,7.8914
12.971,0.15893829573319318,9.71241509109825e-10,1.8522076392099559e-09,3,116.832,-0.0962435,-0.210966,10580.6,0.0,8.2822,45.2149,38.8458,34.4002,31.8195,30.5617,29.9010,29.3291,28.9244,28.5229,28.1245,27.7296,27.1824,26.5656,25.4349,23.2816,20.0409,16.2783,8.7122
13.089,0.2029474504154978,2.5460513416408597e-10,2.1791037654541207e-10,3,115.335,0.0105832,-0.16762,10442.4,0.0,7.7325,43.6899,37.4942,33.2266,30.7720,29.5821,28.9588,28.4202,28.0395,27.6621,27.2882,26.9179,26.4055,25.8289,24.7745,22.7740,19.7801,16.3146,9.2234
13.190,0.26120277823053895,8.34290103628877e-11,3.6624196985987403e-11,3,113.966,0.0768007,-0.14127,10312.9,0.0,7.3695,42.8915,36.7970,32.6317,30.2487,29.0971,28.4946,27.9745,27.6070,27.2431,26.8828,26.5261,26.0330,25.4786,24.4656,22.5478,19.6851,16.3746,9.5347
13.309,0.3112453841128492,2.1870414492568834e-11,4.308800151204433e-12,3,112.121,0.135138,-0.126088,10135.9,0.0,6.9769,42.6979,36.6626,32.5559,30.2130,29.0824,28.4913,27.9812,27.6210,27.2644,26.9113,26.5619,26.0791,25.5363,24.5450,22.6694,19.8708,16.6304,9.8724
13.430,0.33771744921277874,5.733197936739965e-12,5.069260289890504e-13,3,110.033,0.176266,-0.122188,9937.82,0.0,6.6456,43.0059,36.9774,32.8796,30.5429,29.4154,28.8260,28.3174,27.9582,27.6026,27.2505,26.9021,26.4205,25.8791,24.8904,23.0190,20.2238,16.9803,10.1677
13.532,0.3414638777260824,1.8786542999109516e-12,8.51990576921897e-14,3,108.141,0.201074,-0.123761,9761.03,0.0,6.4191,43.5986,37.4134,33.2997,30.9527,29.8198,29.2275,28.7163,28.3552,27.9977,27.6437,27.2933,26.8090,26.2645,25.2695,23.3855,20.5679,17.2920,10.3809
13.650,0.2500307771175316,4.924779527958565e-13,1.0023583938428426e-14,3,105.807,0.222976,-0.127388,9545.6,0.0,6.2057,45.3957,37.9799,33.8337,31.4661,30.3226,29.7246,29.2083,28.8436,28.4824,28.1247,27.7707,27.2812,26.7307,25.7246,23.8179,20.9627,17.6364,10.5926
13.752,0.18538079617184147,1.6137517557214626e-13,1.6846637525316658e-15,3,103.972,0.236763,-0.127158,9379.93,0.0,6.0876,46.8396,38.5721,34.0973,31.7164,30.5665,29.9650,29.4457,29.0790,28.7157,28.3560,28.0000,27.5077,26.9540,25.9420,24.0241,21.1513,17.8033,10.7051
13.853,0.14025321064837026,5.287941753148089e-14,2.831414368879971e-16,3,102.336,0.248014,-0.119756,9238.12,0.0,6.0342,47.4052,39.4045,34.0920,31.6294,30.4801,29.8793,29.3609,28.9947,28.6322,28.2733,27.9181,27.4269,26.8747,25.8659,23.9558,21.0983,17.7731,10.7327
13.970,0.1956532807948208,1.3862022029372525e-14,3.331130690843597e-17,3,100.659,0.259476,-0.0990825,9101.45,0.0,6.0612,47.1106,39.8348,33.9797,31.1027,29.8685,29.2574,28.7451,28.3847,28.0279,27.6749,27.3257,26.8433,26.3014,25.3128,23.4450,20.6620,17.4384,10.6453
14.076,0.23501608100982735,4.542307378584789e-15,5.598631352100835e-18,3,99.379,0.268345,-0.0786868,8999.32,0.0,6.1147,46.5537,39.6970,34.1684,30.8635,29.4643,28.7765,28.2049,27.8128,27.4336,27.0666,26.7112,26.2325,25.7020,24.7352,22.9131,20.2081,17.0889,10.5437
14.192,0.25536427954851687,1.1907386254517309e-15,6.586733799433115e-19,3,97.9495,0.278591,-0.0602411,8880.4,0.0,6.1466,46.0791,39.6432,34.6952,31.5115,29.8509,29.0167,28.3285,27.8591,27.4070,26.9714,26.5514,25.9882,25.3776,24.3192,22.4836,19.8449,16.8134,10.4746
14.293,0.2597089935956478,3.901812327880232e-16,1.1070323496707235e-19,3,96.8314,0.286682,-0.052809,8782.9,0.0,6.1223,45.9822,39.8365,35.2508,32.3930,30.9279,30.1328,29.4287,28.9209,28.4090,27.8929,27.3787,26.6917,25.9521,24.6830,22.5267,19.7636,16.7575,10.4803
14.412,0.28050670351373047,1.0228366908798356e-16,1.3024124890641099e-20,3,95.5424,0.296224,-0.0512493,8667.87,0.0,6.0415,46.1062,40.2255,35.9541,33.3587,32.0524,31.3522,30.7373,30.2969,29.8557,29.4137,28.9710,28.3500,27.6368,26.2891,23.6021,20.1163,16.8491,10.5457
14.513,0.3715138375174116,3.3516312686750455e-17,2.1889646703700488e-21,3,94.4189,0.305155,-0.0568767,8567.08,0.0,5.9173,46.4585,40.7327,36.6459,34.1984,32.9785,32.3282,31.7595,31.3535,30.9480,30.5428,30.1383,29.5729,28.9270,27.7172,25.3120,21.3594,17.2849,10.6649
14.630,0.41593229680716887,8.786100272955512e-18,2.57529504504366e-22,3,92.9187,0.319938,-0.0781674,8429.73,0.0,5.6461,17.2493,41.8596,37.9125,35.5795,34.4241,33.8119,33.2782,32.8979,32.5185,32.1402,31.7629,31.2368,30.6387,29.5259,27.3333,23.8025,19.1809,10.9633
14.732,0.30925420826215355,2.8790293374420622e-18,4.328298382204881e-23,3,91.5787,0.337795,-0.104911,8306.25,0.0,5.3384,12.7026,43.1232,39.2306,36.9473,35.8214,35.2259,34.7079,34.3396,33.9725,33.6067,33.2422,32.7344,32.1579,31.0885,28.9928,25.6485,21.3274,11.4124
14.854,0.09311684362927398,7.547202666344118e-19,5.092199763680222e-24,3,90.1972,0.366795,-0.129281,8178.49,0.0,4.9617,9.7287,15.4492,40.3829,38.1301,37.0248,36.4411,35.9340,35.5739,35.2157,34.8593,34.5046,34.0109,33.4508,32.4136,30.3933,27.1934,23.1024,12.4907
14.970,0.024410021856352403,1.9784538957661123e-19,5.990922099972145e-25,3,89.3071,0.401188,-0.119398,8112.42,0.0,4.5693,8.2429,12.0687,39.4402,37.2499,36.1808,35.6183,35.1307,34.7849,34.4410,34.0992,33.7595,33.2875,32.7535,31.7682,29.8581,26.8663,23.0993,13.4447
15.073,0.007998675961889554,6.482997725646397e-20,1.0068942773423186e-25,3,88.8263,0.444286,-0.130049,8078.65,0.0,4.2055,7.5626,40.7090,37.0527,34.9665,33.9543,33.4234,32.9641,32.6390,32.3163,31.9959,31.6780,31.2369,30.7388,29.8227,28.0596,25.3290,21.9473,13.5154
15.191,0.018021340439918026,1.699478955791849e-20,1.1846010483504645e-26,3,88.2952,0.507421,-0.132864,8033.02,0.0,3.7197,7.6414,37.2712,33.8267,31.8877,30.9544,30.4668,30.0460,29.7490,29.4546,29.1628,28.8738,28.4737,28.0231,27.1975,25.6218,23.2142,20.2890,13.2262
15.292,0.0902854971880867,5.56885264233873e-21,1.990958981962626e-27,3,87.8562,0.562726,-0.138202,7992.34,0.0,3.3942,39.5834,34.5256,31.2588,29.4407,28.5711,28.1184,27.7285,27.4537,27.1819,26.9129,26.6468,26.2790,25.8657,25.1107,23.6790,21.5139,18.9216,12.8142
15.413,0.3025628679608494,1.459841307073244e-21,2.34234333268921e-28,2,87.113,0.614408,-0.0641685,9937.49,0.0,3.2396,38.0632,33.0253,29.8152,28.0450,27.2040,26.7670,26.3912,26.1266,25.8651,25.6067,25.3515,24.9995,24.6048,23.8858,22.5274,20.4931,18.0848,12.5350
15.533,0.3588138649553767,3.826886396014085e-22,2.7557435074755294e-29,2,85.719,0.636351,-0.0355723,9772.14,0.0,3.1301,38.8534,33.5492,30.1892,28.3445,27.4703,27.0167,26.6269,26.3527,26.0818,25.8144,25.5505,25.1866,24.7790,24.0373,22.6402,20.5579,18.1099,12.5515
15.652,0.3740688246691458,1.0031953073967161e-22,3.2421046791098865e-30,2,84.1796,0.645276,-0.0347166,9580.17,0.0,3.0405,40.7184,34.9991,31.3835,29.4019,28.4638,27.9777,27.5601,27.2664,26.9763,26.6900,26.4075,26.0181,25.5821,24.7898,23.2998,21.0856,18.4957,12.6838
15.752,0.3820062116149406,3.287270383277559e-23,5.449005334179986e-31,2,82.7911,0.649598,-0.0470726,9399.64,0.0,2.9527,42.9073,36.7588,32.8690,30.7375,29.7282,29.2053,28.7564,28.4406,28.1288,27.8210,27.5173,27.0988,26.6302,25.7791,24.1796,21.8065,19.0387,12.8772
15.853,0.39352303733355637,1.0771727591923908e-23,9.158143265156303e-32,2,81.3028,0.655478,-0.0673764,9228.77,0.0,2.8322,7.8115,38.9982,34.7868,32.4765,31.3817,30.8143,30.3273,29.9848,29.6465,29.3126,28.9830,28.5289,28.0203,27.0964,25.3610,22.7872,19.7906,13.1613
15.976,0.41066870568745734,2.8237437578573007e-24,1.077446397002374e-32,2,79.4237,0.669138,-0.103611,9014.89,0.0,2.6198,5.9106,42.4652,37.8021,35.2352,34.0173,33.3854,32.8425,32.4604,32.0832,31.7108,31.3432,30.8367,30.2690,29.2366,27.2966,24.4158,21.0618,13.6750
16.077,0.4180221965616446,9.252843545746804e-25,1.8108641594418897e-33,2,77.7844,0.688999,-0.142868,8829.21,0.0,2.3752,4.7496,8.4833,41.0238,38.2080,36.8685,36.1729,35.5751,35.1543,34.7385,34.3276,33.9219,33.3622,32.7349,31.5936,29.4439,26.2448,22.5113,14.2912
16.194,0.24738076076545185,2.4255774184562495e-25,2.1304635749417892e-34,2,75.7939,0.726224,-0.196385,8597.2,0.0,1.9998,3.5661,5.0299,8.6766,42.8215,41.1587,40.3346,39.6463,39.1714,38.7030,38.2399,37.7822,37.1504,36.4414,35.1491,32.7081,29.0575,24.7724,15.2932
16.295,0.08106172768762325,7.948132084797439e-26,3.580670130404667e-35,2,74.4131,0.769187,-0.23288,8446.21,0.0,1.6403,2.7422,3.6182,4.9160,6.7719,45.8463,44.6980,43.7462,43.0947,42.4655,41.8576,41.2699,40.4794,39.6193,38.1209,35.4412,31.4365,26.7128,16.2003
16.413,0.021249845542944307,0.0285209765625,4.212622601719786e-36,2,73.2753,0.833745,-0.237804,8372.61,0.0,1.1751,1.9231,2.4780,3.2102,4.0008,4.6419,5.1290,5.7222,6.3456,7.5298,45.0593,44.3032,43.2918,42.1985,40.3111,37.0721,32.7923,27.8542,16.8580
16.514,0.00696314938751199,0.108658685240625,7.080154806710446e-37,2,72.9401,0.895778,-0.202191,8414.65,0.0,0.7521,1.2624,1.6445,2.1493,2.6839,3.0999,3.3999,3.7379,4.0484,4.4577,5.0695,44.0874,43.0265,41.8825,39.9136,36.5533,32.2232,27.4469,16.8854
16.630,0.0018253478330399427,0.1846478630087184,8.329731328546773e-38,2,73.2429,0.961902,-0.135514,8476.81,0.0,0.2876,0.5139,0.6930,0.9410,1.2152,1.4344,1.5939,1.7736,1.9368,2.1457,2.4323,2.8880,40.7677,39.6818,37.8135,34.6251,30.5249,26.1395,16.5552
16.732,0.0005981299779305284,0.22360955823507184,1.3999779443888566e-38,2,73.8487,0.998865,-0.0816582,8594.68,0.0,0.0089,0.0170,0.0237,0.0337,0.0453,0.0548,0.0618,0.0695,0.0763,0.0846,0.0951,0.1086,0.1358,0.1923,36.0971,33.0470,29.1258,25.0393,16.2125
16.854,0.00015679618493462047,0.24476681887772464,1.6470600517940457e-39,2,74.8408,1.0194,-0.0179394,8715.11,0.0,-1.0000,-1.0000,-1.0000,-1.0000,-1.0000,-1.0000,-1.0000,-1.0000,-1.0000,-1.0000,-1.0000,-1.0000,-1.0000,-1.0000,-1.0000,-1.0000,-1.0000,-1.0000,-1.0000
16.955,0.1202425163887319,0.2924500466786028,2.7682138290502534e-40,2,75.8065,1.01659,0.0333487,8837.02,0.0,-1.0000,-1.0000,-1.0000,-1.0000,-1.0000,-1.0000,-1.0000,-1.0000,-1.0000,-1.0000,-1.0000,-1.0000,-1.0000,-1.0000,-1.0000,-1.0000,-1.0000,-1.0000,-1.0000
17.057,0.19434864876577546,0.38810077153001954,4.652536982484763e-41,2,77.2014,1.00085,0.0536105,9186.53,0.0,-1.0000,-1.0000,-1.0000,-1.0000,-1.0000,-1.0000,-1.0000,-1.0000,-1.0000,-1.0000,-1.0000,-1.0000,-1.0000,-1.0000,-1.0000,-1.0000,-1.0000,-1.0000,-1.0000
17.174,0.0636841652275693,0.4482928549555818,7.819518906462142e-42,2,79.3501,0.977712,0.0716006,9591.53,0.0,0.2047,0.5321,1.0674,57.7074,47.6810,43.9103,42.1444,40.7182,39.7606,38.8500,37.9829,37.1565,36.0626,34.8950,32.9142,29.6142,25.5102,21.6004,14.6296
17.282,0.1174906588843285,0.47407768083684504,1.3142265426090922e-42,2,82.0156,0.93992,0.11384,9797.33,0.0,0.5830,1.8319,138.5780,57.0579,46.6741,42.8204,41.0252,39.5796,38.6113,37.6921,36.8183,35.9868,34.8882,33.7180,31.7388,28.4576,24.4046,20.5707,14.0325
17.389,0.25479392203440326,0.48438207133161737,2.208820550163101e-43,2,84.4857,0.888563,0.128967,10273.7,0.0,1.1089,4.2093,118.0130,65.6383,50.6021,45.7777,43.5740,41.8192,40.6535,39.5539,38.5151,37.5323,36.2422,34.8784,32.5959,28.8770,24.3912,20.2511,13.5806
17.501,0.09159928985148522,0.49005504955581936,3.7123646986591247e-44,2,87.195,0.833651,0.12428,10387.2,0.0,1.6536,7.3445,89.8861,131.3060,64.4164,54.7637,51.4055,48.7951,47.0914,45.5059,44.0270,42.6443,40.8533,38.9890,35.9336,31.1216,25.5740,20.6829,13.2589
17.612,0.20017735943444287,0.5113651566072008,6.239371349036392e-45,2,89.8524,0.77081,0.148871,10803.8,0.0,2.3743,11.5428,77.2055,116.3780,141.7130,61.4201,55.5105,52.1546,50.0873,48.1811,46.4181,44.7829,42.6833,40.5196,37.0206,31.6255,25.5746,20.3820,12.7203
17.720,0.1617663553528415,0.5415232282670475,1.0486511426325467e-45,2,92.5394,0.700939,0.144821,11255.5,0.0,3.0774,11.0019,44.2658,90.3845,112.8840,124.8220,131.4410,137.3930,141.7420,146.1770,60.5915,55.9083,51.7786,48.3789,43.1663,35.5758,27.6479,21.2868,12.5247
17.829,0.053007599322019115,0.5624433744072961,1.7624679754225214e-46,2,95.5932,0.630322,0.122855,11544.8,0.0,3.6059,10.7027,25.6494,70.4807,91.3146,102.0360,107.9340,113.2190,117.0710,120.9920,124.9860,129.0560,134.8890,141.7580,51.5262,40.3240,29.9863,22.2831,12.4068
17.937,0.017369530145839224,0.5751442339882827,2.9621799262926324e-47,2,98.7785,0.570388,0.107464,11915.1,0.0,4.1099,11.5967,25.3211,63.7229,83.3477,93.4440,99.0013,103.9830,107.6140,111.3120,115.0800,118.9200,124.4250,130.9110,58.7745,41.3943,30.2360,22.1648,12.0974
18.048,0.005691647638188598,0.5843070106401554,4.978535802120028e-48,2,102.031,0.515724,0.101803,12279.7,0.0,4.6006,12.7557,27.0474,60.8470,79.2041,88.8000,94.1057,98.8714,102.3520,105.9000,109.5190,113.2110,118.5100,124.7610,137.0840,40.9455,29.6966,21.6546,11.7300
18.160,0.0018650390980816396,0.607990941949691,8.36742512262313e-49,2,105.323,0.462329,0.0997187,12686.2,0.0,5.0948,14.0371,29.4613,59.1618,76.3154,85.4584,90.5424,95.1226,98.4744,101.8960,105.3910,108.9620,114.0950,120.1580,132.1400,39.9293,28.8374,20.9863,11.3360
18.272,0.055264198129706274,0.6573676222486997,1.4063131403592696e-49,2,108.816,0.40841,0.0981294,13197.8,0.0,5.5949,15.3416,31.9547,57.5174,73.5364,82.2312,87.0942,91.4889,94.7121,98.0082,101.3790,104.8290,109.7950,115.6730,127.3130,39.0443,27.9130,20.2826,10.9323
18.377,0.05378849389524215,0.7175937595678289,2.3635904950018245e-50,2,112.692,0.358485,0.0730292,13830.0,0.0,5.8888,15.0525,28.3048,49.4511,63.6099,71.3748,75.7341,79.6821,82.5824,85.5517,88.5928,91.7070,96.1957,101.5160,112.0750,48.9987,29.2433,20.7039,10.7700
18.490,0.017625413679592944,0.7630020567289362,3.9724865449495676e-51,2,116.976,0.318069,0.0505878,14572.5,0.0,6.1028,14.7529,25.8659,42.9784,55.2849,62.1515,66.0307,69.5563,72.1528,74.8165,77.5493,80.3528,84.4014,89.2112,98.7842,120.3240,30.8988,21.2043,10.6588
18.600,0.005775495554529016,0.8196298928551878,6.676558136096737e-52,3,121.734,0.28561,0.039108,15251.4,0.0,6.3135,14.8650,25.2400,39.3761,50.1997,56.3673,59.8807,63.0888,65.4594,67.8978,70.4058,72.9849,76.7188,81.1684,90.0616,110.2090,32.6439,21.2916,10.5060
18.708,0.0018925143833080677,0.901821813525163,1.1221291259337786e-52,3,123.297,0.259483,0.0362212,12007.7,0.0,6.5240,15.2624,25.1443,37.3386,47.0755,52.7269,55.9723,58.9495,61.1573,63.4351,65.7836,68.2051,71.7208,75.9243,84.3649,103.6340,34.7077,21.0150,10.3201
18.817,0.0006201391131223877,0.9569155382621755,1.8859624219569019e-53,3,127.822,0.235857,0.0342557,12451.3,0.0,6.7180,15.6483,24.6049,35.2811,44.0427,49.2084,52.1970,54.9514,57.0016,59.1224,61.3151,63.5823,66.8835,70.8449,78.8399,97.2497,40.1526,20.9026,10.1451
18.929,-0.05024187610349799,0.9779622984214997,3.169737042582965e-54,3,132.499,0.212709,0.0341079,13019.3,0.0,6.9204,15.9529,23.8578,33.3142,41.2213,45.9450,48.6967,51.2445,53.1474,55.1215,57.1683,59.2902,62.3903,66.1240,73.7010,91.3163,129.7450,21.1626,9.9564
19.038,-0.033846326316994226,0.9848589007905071,5.327377047469191e-55,3,137.32,0.184363,0.0568172,13471.1,0.0,7.3502,16.9065,24.7498,34.1525,42.0894,46.8664,49.6606,52.2548,54.1964,56.2139,58.3101,60.4864,63.6724,67.5199,75.3558,93.6872,135.4380,20.2272,9.5242
19.148,-0.011090764207552669,0.9875042794547834,8.95372260368147e-56,3,142.135,0.144249,0.0739104,13966.1,0.0,7.8267,17.3049,24.8892,34.0108,41.7869,46.5042,49.2758,51.8567,53.7931,55.8091,57.9077,60.0914,63.2951,67.1747,75.1092,93.8075,138.3770,19.8977,9.1006
19.258,-0.003634221615530858,0.9879856171354935,1.504852158000745e-56,3,147.067,0.0934283,0.0737473,14316.7,0.0,8.0789,17.0255,24.0149,32.4279,39.6701,44.1018,46.7194,49.1660,51.0065,52.9281,54.9333,57.0246,60.1027,63.8435,71.5372,89.8482,134.3030,20.5810,8.8789
19.371,-0.0011908617389771517,0.9881433418667085,2.5292050219518515e-57,3,151.921,0.0557137,0.0349614,14764.5,0.0,8.1065,16.3307,22.6016,30.1361,36.6735,40.7078,43.1038,45.3515,47.0484,48.8247,50.6833,52.6276,55.4988,59.0039,66.2602,83.7463,126.3150,22.3056,8.8752
19.479,-0.1443991719509093,0.988195025106633,4.250834880394478e-58,4,156.769,0.0439835,0.0035178,15172.5,0.0,7.9825,15.5720,21.2702,28.1175,34.1033,37.8266,40.0490,42.1413,43.7262,45.3890,47.1347,48.9655,51.6790,55.0058,61.9397,78.8637,120.7720,24.6005,9.0429
19.588,-0.05538579911767395,0.9882119606706915,7.1443781834789985e-59,4,157.594,0.0442123,0.0160157,12254.7,0.0,8.0887,16.1808,22.4696,30.2169,37.1111,41.4385,44.0319,46.4796,48.3362,50.2871,52.3371,54.4894,57.6822,61.6006,69.7745,89.7244,140.7640,22.4822,8.9048
19.698,-0.0181488186548794,0.9882175101163222,1.2007556412973155e-59,4,161.142,0.0455729,0.00920838,12435.6,0.0,8.0385,16.0561,22.3471,30.1928,37.2615,41.7363,44.4301,46.9808,48.9201,50.9628,53.1122,55.3731,58.7348,62.8719,71.5347,92.9807,141.6760,22.6418,8.9619
19.812,-0.005947004896830882,0.9905157641055414,2.018110006328398e-60,4,164.669,0.0546392,-0.0142463,12690.1,0.0,7.7997,15.1911,20.9078,28.0265,34.4806,38.5971,41.0883,43.4561,45.2626,47.1703,49.1850,51.3105,54.4828,58.4058,66.6832,87.4442,136.2960,24.9367,9.2581
19.917,-0.1165146758110123,0.9907809575352288,3.391837487636139e-61,4,168.171,0.0792491,-0.032388,12947.6,0.0,7.4835,14.3244,19.5746,26.1228,32.1027,35.9463,38.2852,40.5164,42.2242,44.0340,45.9501,47.9781,51.0174,54.7939,62.8236,83.3275,131.7320,27.5178,9.6568
20.030,-0.06930883724975251,0.9894448190088938,5.7006612654700595e-62,4,171.426,0.108022,-0.00966865,13256.3,0.0,7.4102,14.7223,20.6147,28.2472,35.4165,40.0922,42.9557,45.6964,47.7993,50.0307,52.3960,54.9032,58.6611,63.3320,73.2573,104.2450,135.9990,24.9524,9.6569
20.140,-0.022711119789998898,0.9902417978240843,9.58110138887553e-63,4,174.804,0.129176,-0.00570137,13462.5,0.0,7.2695,14.6083,20.6492,28.6330,36.2694,41.3049,44.4047,47.3825,49.6739,52.1085,54.6954,57.4403,61.5636,66.6983,78.5002,113.1640,134.4760,24.7121,9.7892
20.251,-0.007441979732786838,0.9915645827016208,1.6102957104283107e-63,4,178.245,0.149841,-0.020974,13688.2,0.0,7.0022,13.8290,19.3845,26.7148,33.7660,38.4522,41.3539,44.1542,46.3156,48.6219,51.0794,53.6980,57.6477,62.5998,74.3107,108.3740,129.0280,26.6294,10.1277
20.358,-0.002438587918839591,0.990739134412792,2.7064240005168623e-64,4,181.662,0.181564,-0.0408171,13934.6,0.0,6.6265,12.7857,17.7042,24.1413,30.3395,34.4825,37.0613,39.5604,41.4980,43.5726,45.7924,48.1675,51.7712,56.3147,67.0189,101.1740,122.4440,29.8334,10.6357
20.467,-0.0014905286025266068,0.9922094249550086,4.548686817668691e-65,4,185.052,0.230382,-0.0611694,14184.4,0.0,6.1266,11.5534,15.8061,21.3200,26.6243,30.1862,32.4140,34.5815,36.2693,38.0826,40.0312,42.1250,45.3214,49.3846,58.8307,92.6832,115.3650,34.5234,11.3381
20.577,-0.12241120654191967,0.9919382800723822,7.644977934455769e-66,4,188.387,0.296443,-0.0694321,14439.5,0.0,5.5658,10.4289,14.2405,19.2100,24.0401,27.3176,29.3818,31.4024,32.9826,34.6882,36.5293,38.5185,41.5723,45.4878,55.0055,88.7800,109.9540,38.1835,12.0655
20.689,-0.047512340870056236,0.9915181422547431,1.2848914414439812e-66,4,191.514,0.36146,-0.043258,14710.6,0.0,5.1722,10.0922,14.1772,19.7994,25.5460,29.5741,32.1543,34.7062,36.7173,38.9005,41.3079,44.0364,48.5287,54.9465,73.1097,94.0719,109.5540,34.4420,12.2804
20.799,-0.015568843856300025,0.9902887234477842,2.1595170456348998e-67,4,194.769,0.416245,-0.0430678,14911.2,0.0,4.7325,9.2730,13.0899,18.4315,24.0064,27.9824,30.5576,33.1231,35.1899,37.5345,40.2164,43.3162,48.5598,56.3706,75.9237,90.3885,104.6950,35.6251,12.7678
20.910,-0.041436258182019896,0.9920618342899948,3.6295002985985766e-68,5,197.512,0.471776,-0.0555971,13532.2,0.0,4.2374,8.1821,11.4564,16.0112,20.7725,24.1927,26.4231,28.6773,30.5360,32.6551,35.0939,37.9288,42.7711,50.0885,69.4411,83.6929,97.8144,38.6497,13.4604
21.019,-0.10206101229698428,0.9908056988132705,6.100101151854628e-69,5,197.943,0.527924,-0.0304516,13592.5,0.0,3.8761,7.7975,11.2599,16.3930,22.1219,26.6600,29.9446,33.5699,36.7511,40.6014,45.3567,51.3784,61.4850,67.0080,73.7688,83.4898,95.5175,35.0871,13.5721
21.128,-0.03344335250947581,0.9890674262308825,1.0252440005922073e-69,5,200.404,0.56338,-0.00739032,13726.1,0.0,3.6658,7.6784,11.4496,17.4623,25.4432,33.0274,39.2836,47.0985,54.2735,58.2090,61.0168,63.3690,66.2329,69.1217,73.8568,81.7776,55.9036,32.1144,13.5364
21.238,-0.016281775819367534,0.9830842646179606,1.7231275917953225e-70,5,202.994,0.584661,-0.0125883,13873.7,0.0,3.4707,7.2195,10.7352,16.6575,25.0453,33.5230,40.9229,49.1348,52.3723,54.8726,57.0215,58.9522,61.4069,63.9621,68.2655,75.6710,85.8830,32.0613,13.7880
21.348,-0.015023818463627853,0.8172169326893883,0.33117141723632815,5,205.214,0.607,-0.020819,13930.7,0.0,3.2592,6.7456,10.1127,15.9533,24.5614,33.6876,41.6011,45.8832,48.1447,50.1210,51.9146,53.5777,55.7437,58.0445,61.9967,68.9604,78.8145,32.0869,14.0035
21.461,-0.004923004834161575,0.26778564450365877,0.8362363045578003,5,197.73,0.633454,-0.0225661,12929.6,0.0,3.0424,6.3413,9.5650,15.2480,23.8409,33.2462,38.3133,41.2386,43.0356,44.6843,46.2252,47.6830,49.6147,51.6988,55.3396,61.8956,71.4133,32.2233,14.1840
21.570,-0.051846715122808064,0.0877479999909589,0.926789650166258,5,184.134,0.65655,-0.0225776,11799.0,0.0,2.8506,5.9415,8.9619,14.2860,22.3359,30.3411,33.5613,35.8873,37.3967,38.8181,40.1712,41.4691,43.2108,45.1136,48.4857,54.6795,63.8951,33.2852,14.3847
21.679,-0.07216226163827924,0.028753264637037413,0.9420089509626716,5,170.43,0.676088,-0.0171178,10679.1,0.0,2.7026,5.6876,8.6521,13.9979,22.3846,27.7145,29.9487,31.7519,32.9784,34.1641,35.3157,36.4382,37.9677,39.6643,42.7251,48.4858,57.3046,68.3679,14.4719
21.788,-0.03981128381626884,0.00942186975626442,0.8966380607823392,4,156.919,0.691978,-0.0160325,9661.19,0.0,2.5727,5.4248,8.2666,13.4150,20.5591,24.0391,25.7657,27.2270,28.2481,29.2528,30.2429,31.2200,32.5684,34.0844,36.8649,42.2244,50.6707,61.5930,14.5927
21.900,-0.1287306576695966,0.003087358281732725,0.18431144596675225,4,145.345,0.705917,-0.0179947,10606.6,0.0,2.4517,5.1514,7.8256,12.6298,17.6666,20.2030,21.5549,22.7368,23.5802,24.4226,25.2640,26.1042,27.2784,28.6170,31.1159,36.0622,44.1153,54.8749,14.7429
22.009,-0.23613646868694996,0.0010116655617581794,0.030977224723632058,4,137.837,0.718189,-0.0131305,10185.1,0.0,2.3605,5.0032,7.6601,11.8313,15.2363,17.1326,18.1866,19.1300,19.8147,20.5078,21.2086,21.9164,22.9181,24.0765,26.2807,30.7767,38.3744,48.8946,14.8497
22.121,-0.1086606462959999,0.00033150257127692026,0.005206342159300841,3,134.377,0.718839,0.0311181,12177.4,0.0,2.4636,5.6709,8.6177,12.1636,14.9958,16.6012,17.5043,18.3194,18.9151,19.5214,20.1377,20.7636,21.6549,22.6936,24.6918,28.8442,36.0410,46.2580,14.7130
22.232,-0.26102486219866233,0.00010862676255602124,0.0008750299267136924,3,132.812,0.690854,0.0880243,12017.3,0.0,2.8401,6.3310,9.1268,12.3401,14.8830,16.3308,17.1489,17.8898,18.4328,18.9869,19.5518,20.1269,20.9489,21.9106,23.7726,27.6873,34.5897,44.5673,14.6297
22.341,-0.38100367893263964,3.559481755435704e-05,0.0001470662797827703,3,130.615,0.646445,0.102964,11789.6,0.0,3.2624,7.1951,10.2157,13.5657,16.1539,17.6109,18.4304,19.1705,19.7119,20.2636,20.8252,21.3963,22.2114,23.1639,25.0046,28.8664,35.6665,45.4964,14.0711
22.449,-0.31734039703820005,1.1663709816211717e-05,2.471742964309021e-05,3,127.862,0.609141,0.135626,11512.4,0.0,3.7313,8.4885,12.0641,15.8701,18.7066,20.2716,21.1431,21.9256,22.4954,23.0739,23.6606,24.2555,25.1010,26.0846,27.9736,31.8962,38.7115,48.4434,13.1752
22.559,-0.29349418141575867,3.821964432576255e-06,4.154258400114172e-06,3,124.853,0.574262,0.167115,11216.9,0.0,4.2060,9.8457,13.9675,18.1811,21.2244,22.8760,23.7888,24.6044,25.1961,25.7952,26.4013,27.0141,27.8826,28.8892,30.8130,34.7745,41.5846,51.2118,12.4246
22.667,-0.30928154227240956,1.2523813052665872e-06,6.982062093071889e-07,3,121.71,0.539784,0.191685,10923.1,0.0,4.6707,11.1171,15.6731,20.1735,23.3496,25.0536,25.9904,26.8248,27.4288,28.0390,28.6551,29.2770,30.1566,31.1739,33.1116,37.0816,43.8605,53.3787,11.8359
22.780,-0.3261245837074091,4.103803061097553e-07,1.1734751759825929e-07,3,118.545,0.503903,0.210569,10635.2,0.0,5.1369,12.3026,17.1883,21.8808,25.1355,26.8674,27.8161,28.6594,29.2687,29.8837,30.5039,31.1292,32.0126,33.0325,34.9717,38.9311,45.6619,55.0701,11.3399
22.887,-0.34222352552584145,1.344734187060446e-07,1.972259728273944e-08,3,115.448,0.465133,0.224907,10359.1,0.0,5.6168,13.4160,18.5429,23.3538,26.6480,28.3912,29.3438,30.1892,30.7996,31.4151,32.0353,32.6601,33.5420,34.5593,36.4908,40.4260,47.0965,56.4586,10.8915
22.999,-0.30329881630578037,4.4064249841596696e-08,3.314776925310018e-09,3,112.479,0.422056,0.235964,10098.1,0.0,6.1256,14.4910,19.7901,24.6674,27.9750,29.7180,30.6689,31.5120,32.1202,32.7330,33.3503,33.9719,34.8486,35.8594,37.7766,41.6771,48.2767,58.4597,10.4564
23.111,-0.2726176120344961,1.4438973388094404e-08,5.571145578368549e-10,3,109.743,0.37335,0.244095,9859.62,0.0,6.6727,15.5359,20.9474,25.8491,29.1482,30.8815,31.8259,32.6626,33.2659,33.8736,34.4854,35.1013,35.9697,36.9704,38.8674,42.7234,49.2581,61.6011,10.0148
23.217,-0.29369550472856326,4.7313627998107735e-09,9.36342437356402e-11,3,107.248,0.317788,0.248998,9646.38,0.0,7.2608,16.5371,22.0023,26.8876,30.1572,31.8714,32.8046,33.6311,34.2268,34.8267,35.4307,36.0384,36.8952,37.8823,39.7530,43.5544,50.6256,66.3687,9.5549
23.329,-0.33179600704637163,1.5503729622419943e-09,1.5737107344649047e-11,3,104.917,0.25431,0.252397,9450.68,0.0,7.9087,17.5585,23.0460,27.8931,31.1212,32.8108,33.7301,34.5439,35.1303,35.7208,36.3152,36.9132,37.7561,38.7271,40.5672,44.4396,53.0636,21.5781,9.0528
23.439,-0.3480514550848613,5.080262122674567e-10,2.6449356314151655e-12,3,102.713,0.181959,0.257252,9267.37,0.0,8.6514,18.7156,24.2322,29.0442,32.2315,33.8963,34.8013,35.6022,36.1791,36.7598,37.3442,37.9322,38.7607,39.7304,41.7067,46.4186,57.6077,18.2769,8.4813
23.551,-0.29896914388728346,0.028611328291470027,4.445343315719469e-13,3,100.66,0.100136,0.265431,9098.01,0.0,9.5185,20.0852,25.6564,30.4484,33.6017,35.2443,36.1384,36.9562,37.5669,38.2011,38.8600,39.5452,40.5513,41.7736,44.3003,50.5126,66.4305,15.6223,7.8288
23.660,-0.21049391817020477,0.30074710224204887,7.471288510729712e-14,3,99.359,0.00830205,0.272735,9288.28,0.0,10.4663,21.4920,27.0891,31.8423,35.0826,36.9893,38.1046,39.1435,39.9247,40.7410,41.5945,42.4878,43.8107,45.4358,48.8593,57.6649,83.1163,13.4306,7.1207
23.773,-0.22147441356097852,0.4792631893689246,1.2556994599983427e-14,3,100.137,-0.0934448,0.257374,9515.33,0.0,11.1998,22.0504,27.4317,32.1348,35.8403,38.0754,39.3969,40.6375,41.5766,42.5633,43.6014,44.6949,46.3275,48.3549,52.7070,64.4342,103.3620,12.1636,6.4525
23.880,-0.2488430831331575,0.5770938935330342,2.110454082419215e-15,3,101.988,-0.201109,0.233493,9732.39,0.0,11.8443,22.3181,27.4329,32.5413,36.7895,39.4029,40.9666,42.4474,43.5764,44.7706,46.0358,47.3782,49.4014,51.9459,57.5319,73.4811,138.0580,11.0281,5.7652
23.987,-0.08154090148107304,0.6193261504704046,3.547040176321975e-16,3,104.405,-0.308096,0.215642,9978.21,0.0,12.5301,22.7841,28.1714,34.2532,39.5211,42.8622,44.8994,46.8555,48.3651,49.9790,51.7085,53.5661,56.4105,60.0667,68.4165,95.0194,200.0000,9.6391,5.0413
24.100,-0.02671932259731801,0.6407859707205171,5.961510424344343e-17,3,107.225,-0.403927,0.167779,10183.5,0.0,12.7298,22.1778,27.7604,34.2365,39.9837,43.6976,45.9889,48.2085,49.9345,51.7928,53.7991,55.9714,59.3331,63.7184,74.0133,109.6620,200.0000,9.2009,4.4916
24.211,-0.008755387628689168,0.708888051573199,1.0019510570195538e-17,3,110.249,-0.474487,0.09937,10501.5,0.0,12.5230,21.0174,26.4255,32.7516,38.4141,42.0979,44.3804,46.5985,48.3282,50.1953,52.2166,54.4118,57.8224,62.2965,72.9118,110.9330,200.0000,10.1240,4.1895
24.322,-0.0028689654181688665,0.7800553254113808,1.6839791415327643e-18,3,113.675,-0.507909,0.0225081,10898.1,0.0,12.0314,19.6711,24.7725,30.7580,36.1325,39.6374,41.8125,43.9288,45.5808,47.3657,49.3000,51.4031,54.6754,58.9770,69.2241,106.4060,200.0000,15.1972,4.2332
24.431,-0.0009401025882255741,0.8324189274683013,2.8302637431741175e-19,3,117.473,-0.496643,-0.0588241,11325.8,0.0,11.2871,18.2324,22.9741,28.5437,33.5505,36.8186,38.8478,40.8231,42.3656,44.0328,45.8402,47.8061,50.8667,54.8930,64.4986,99.5213,200.0000,21.8430,4.7877
24.542,-0.00016847242548475542,0.8617914579809379,4.756824273152741e-20,3,121.519,-0.435145,-0.142538,11746.6,0.0,10.3587,16.7296,21.0853,26.2036,30.8068,33.8124,35.6792,37.4965,38.9160,40.4503,42.1140,43.9238,46.7420,50.4505,59.3031,91.6413,200.0000,28.7179,6.0745
24.652,-0.12016802717467387,0.8774592624511937,7.994794555887814e-21,3,125.643,-0.321657,-0.203427,12173.7,0.0,9.4926,15.5527,19.7637,24.7905,29.3861,32.4260,34.3298,36.1951,37.6601,39.2518,40.9873,42.8868,45.8686,49.8378,59.5265,97.7015,200.0000,31.8385,7.4045
24.760,-0.039376659144597134,0.8845448823700072,1.3436851210080655e-21,3,129.733,-0.197224,-0.164047,12613.8,0.0,8.8346,15.1034,19.6877,25.4432,30.9981,34.8383,37.3144,39.7956,41.7841,43.9853,46.4349,49.1776,53.6180,59.7997,76.3416,171.5960,106.1480,28.8799,8.2741
24.870,-0.012902943668501591,0.8922802627581289,2.2583315828782554e-22,3,133.948,-0.0854825,-0.145347,12957.2,0.0,8.1202,14.1868,18.7481,24.6383,30.5049,34.6694,37.4036,40.1828,42.4392,44.9676,47.8203,51.0636,56.4287,64.1424,86.3075,197.7970,85.6703,29.6295,9.1875
24.981,-0.004228036581294602,0.9120902109537087,3.7955778913434836e-23,3,138.222,0.0180424,-0.139027,13343.6,0.0,7.3806,12.9930,17.2547,22.8150,28.4179,32.4353,35.0911,37.8058,40.0209,42.5153,45.3449,48.5819,53.9841,61.8562,85.1918,196.3600,86.8213,31.9140,10.1417
25.093,-0.0013854430269586151,0.9416422652471863,6.3792277619809934e-24,3,142.628,0.118901,-0.136964,13788.9,0.0,6.6329,11.7059,15.5709,20.6309,25.7498,29.4326,31.8730,34.3723,36.4152,38.7195,41.3384,44.3409,49.3671,56.7261,78.7867,191.6000,92.7108,34.7086,11.1160
25.202,-0.00045398197107379896,0.963304993726198,1.0721568099561457e-24,3,147.203,0.220464,-0.136222,14245.8,0.0,5.8716,10.3718,13.8045,18.3040,22.8624,26.1461,28.3239,30.5558,32.3813,34.4416,36.7848,39.4735,43.9793,50.5880,70.4819,185.6290,100.1040,37.7173,12.1132
25.309,-0.1074860134420002,0.9801297822973255,1.8019739504932943e-25,3,151.875,0.322908,-0.125846,14716.6,0.0,5.1407,9.1982,12.3467,16.5492,20.8965,24.0860,26.2286,28.4474,30.2799,32.3674,34.7668,37.5535,42.3064,49.4709,72.5413,186.0050,95.0633,38.8485,12.9535
25.420,-0.035221016884674626,0.9887329524538125,3.02857761859408e-26,4,155.999,0.413869,-0.0861233,12276.6,0.0,4.5953,8.6686,12.0736,17.0063,22.6443,27.1791,30.4390,34.0142,37.1330,40.8848,45.4838,51.2531,62.3292,82.7920,169.2760,198.0570,68.9671,34.9059,13.1796
25.531,-0.011541222812770183,0.9924932013600652,5.090130403571072e-27,4,157.363,0.485239,-0.0712272,12172.3,0.0,4.0874,7.8783,11.1502,16.0698,21.9712,26.9489,30.6628,34.8737,38.6705,43.3989,49.4488,57.4638,74.3433,111.9430,174.7050,197.3240,64.6822,34.6138,13.6054
25.639,-0.015529288581132283,0.9959480081591662,8.554982169281899e-28,4,160.973,0.545615,-0.0670432,12411.5,0.0,3.6211,7.0233,9.9875,14.4948,19.9833,24.6835,28.2335,32.3038,36.0159,40.6955,46.7767,54.9997,72.9665,116.4700,171.1190,192.8200,65.3465,35.4643,14.0906
25.749,-0.06927629672756543,0.9970800792510954,1.4378358531912087e-28,4,164.461,0.598325,-0.045132,12702.0,0.0,3.2644,6.5509,9.5701,14.4725,21.0132,27.1865,32.2488,38.5334,44.7693,53.4181,66.2149,87.0833,148.0430,162.2520,175.8720,124.6020,58.6293,33.9374,14.2182
25.860,-0.022700456911688642,0.9974510363064989,2.4165707184584645e-29,4,167.937,0.632719,-0.0173012,12948.5,0.0,3.0639,6.4458,9.8027,15.8513,25.3285,36.1873,46.9323,63.4200,84.6760,127.3780,150.6980,157.4310,164.3620,170.6850,180.1790,93.5837,51.3008,31.6867,14.1001
25.968,-0.0074384857208221345,0.9975725915144136,4.061530406513141e-30,4,171.449,0.65057,-0.00859225,13192.3,0.0,2.9399,6.2832,9.6926,16.0790,26.7677,40.1631,54.8076,80.5059,121.0640,145.0970,151.7800,156.8560,162.6910,168.3020,177.0160,87.3805,49.6413,31.1985,14.1275
26.079,-0.0024374430009989974,0.997612422724943,6.826214154226637e-31,4,174.946,0.660025,-0.00617409,13445.4,0.0,2.8671,6.1553,9.5344,15.9369,26.8705,40.9717,56.9202,86.3422,131.6180,141.7870,147.7220,152.4370,157.9670,163.3510,171.7960,86.0570,49.3398,31.1523,14.1736
26.189,-0.0007987013225673514,0.9976254746160093,1.147281812900871e-31,4,178.414,0.666349,-0.00546777,13700.6,0.0,2.8158,6.0529,9.3873,15.7266,26.6176,40.7875,56.9837,87.3467,128.1160,136.8960,142.5180,147.0550,152.4190,157.6730,165.9570,85.8644,49.3586,31.2057,14.2174
26.299,-0.0002617184493788697,0.9976297514596738,1.928236542942494e-32,4,181.855,0.671604,-0.00518787,13954.1,0.0,2.7722,5.9624,9.2513,15.5127,26.2960,40.3752,56.5366,87.0338,123.5480,131.5820,136.9690,141.3610,146.5850,151.7250,159.8700,85.9300,49.4473,31.2782,14.2582
26.411,-8.575990149246803e-05,0.9976311528958058,3.240787157723449e-33,4,185.267,0.676594,-0.00522304,14205.3,0.0,2.7300,5.8712,9.1093,15.2728,25.8843,39.7330,55.6213,85.5783,118.4000,125.9440,131.1400,135.4090,140.5080,145.5460,153.5600,86.2123,49.6034,31.3748,14.3013
26.518,-2.810180452105192e-05,0.9976316121183977,5.446790975985801e-34,4,188.65,0.681589,-0.00523496,14454.4,0.0,2.6878,5.7803,8.9681,15.0355,25.4804,39.1098,54.7435,84.2122,113.1650,120.2220,125.2170,129.3530,134.3210,139.2480,147.1220,86.4780,49.7540,31.4694,14.3440
26.629,0.00826665555772579,0.9976317625964565,9.154421593339338e-35,4,192.004,0.686666,-0.00523555,14701.3,0.0,2.6449,5.6881,8.8251,14.7957,25.0740,38.4858,53.8698,82.8674,107.8220,114.4050,119.1910,123.1890,128.0160,132.8260,140.5500,86.7395,49.9044,31.5645,14.3874
26.740,0.008572236569955587,0.9976318119051067,1.5385836371925425e-35,4,195.324,0.693494,-0.0113356,14946.7,0.0,2.5718,5.4690,8.3980,13.8157,22.6874,33.4728,44.8603,63.8889,91.6726,104.4170,109.9170,114.2360,119.3050,124.2720,132.1690,91.8624,51.6281,32.2745,14.5355
26.849,0.002808950479243047,0.9985729901719403,2.585897519029507e-36,5,197.145,0.705023,-0.0148933,13513.7,0.0,2.4665,5.2114,7.9560,12.9530,20.9191,30.2576,39.7283,54.7251,74.9378,95.5908,101.6850,106.1890,111.3620,116.3770,124.3060,136.9490,52.9178,32.8467,14.6880
26.958,0.0009204368930383616,0.9979402333570414,4.346117960232894e-37,5,198.694,0.719658,-0.0160162,13588.0,0.0,2.3416,4.9375,7.5243,12.2109,19.6217,28.2157,36.8299,50.2657,67.9883,88.5923,94.7267,99.1817,104.2780,109.2150,117.0300,129.5550,53.6780,33.2426,14.8312
27.070,0.00030160876111081037,0.9977328916039352,7.304520455763426e-38,5,201.359,0.735743,-0.0162463,13777.1,0.0,2.2067,4.6512,7.0854,11.4913,18.4466,26.4947,34.5428,47.0582,63.4970,82.2950,88.1688,92.4701,97.4121,102.2180,109.8590,122.1940,54.2438,33.5772,14.9735
27.181,9.883115884079034e-05,0.9981468248582774,1.227670753000159e-38,5,204.019,0.7524,-0.0162027,13943.7,0.0,2.0677,4.3586,6.6401,10.7703,17.2925,24.8427,32.3962,44.1491,59.5986,76.1434,81.6588,85.7683,90.5256,95.1775,102.6170,114.7270,54.7521,33.8949,15.1165
27.290,-0.0080020043097773,0.9978005875070604,2.063346234567367e-39,5,206.64,0.769245,-0.0156126,14118.4,0.0,1.9282,4.0687,6.2043,10.0803,16.2271,23.3829,30.5854,41.8795,56.8903,70.3008,75.3217,79.1807,83.7067,88.1709,95.3674,107.2030,55.1122,34.1589,15.2525
27.400,-0.011872427160690325,0.9976871324518135,3.4678660164373743e-40,5,209.231,0.784458,-0.0109341,14292.5,0.0,1.8093,3.8503,5.9162,9.7446,16.0334,23.7119,31.8585,45.5633,61.0059,66.6905,70.6827,74.0236,78.0959,82.2125,88.9782,100.3250,54.2927,33.9670,15.3099
27.509,-0.014282197597277505,0.9976499554993102,5.828442413826296e-41,5,211.794,0.795018,-0.004583,14462.5,0.0,1.7314,3.7281,5.7907,9.7288,16.5469,25.5177,35.9124,53.5234,59.1645,63.0341,66.2631,69.1291,72.7470,76.4951,82.7880,93.5798,52.9998,33.5276,15.3015
27.620,-0.03498681016577589,0.997637773355514,9.795863164917856e-42,5,214.304,0.797471,0.0100743,14632.4,0.0,1.7361,3.8452,6.1358,10.8629,20.3535,36.2168,50.2835,55.6013,58.6353,61.3477,63.8412,66.1745,69.2343,72.5049,78.1534,88.1434,50.3499,32.1861,15.1007
27.729,-0.011464477955121444,0.7755195236981348,1.646390722127744e-42,5,216.77,0.783997,0.0245987,14778.1,0.0,1.8797,4.2884,7.0516,13.3035,28.6735,45.8797,50.5628,54.0488,56.3314,58.4890,60.5469,62.5215,65.1712,68.0608,73.1618,82.4240,49.9040,30.6945,14.7787
27.837,-0.003756680136334195,0.2541222375254048,0.7223768595886231,5,213.445,0.758524,0.0279113,14048.8,0.0,2.1087,4.8448,8.0254,15.3933,33.5828,42.2655,45.8446,48.7199,50.6672,52.5451,54.3628,56.1287,58.5267,61.1732,65.9119,74.6886,87.6984,29.9895,14.5220
27.950,-0.001230988947073989,0.08327077479232464,0.9138956685859818,5,200.201,0.730165,0.0281711,12874.9,0.0,2.3569,5.4182,8.9807,17.2485,31.6669,37.6216,40.5070,42.9241,44.6005,46.2418,47.8507,49.4305,51.5991,54.0202,58.4165,66.7271,79.3637,29.6908,14.2843
28.058,-0.1164107921538647,0.027286167483948943,0.9459631778378494,5,185.575,0.702843,0.0292368,11765.4,0.0,2.5985,5.9873,9.9478,19.2009,28.7868,33.2876,35.6356,37.6624,39.0959,40.5185,41.9294,43.3291,45.2715,47.4660,51.5103,59.3263,71.5418,31.1383,14.0445
28.168,-0.28016510356943464,0.00894113136114039,0.8026962089420296,5,171.404,0.675065,0.0380214,10767.6,0.0,2.8683,6.7369,11.4293,19.9957,26.6877,30.2471,32.1791,33.8832,35.1067,36.3332,37.5621,38.7929,40.5178,42.4878,46.1724,53.4537,65.1534,37.4385,13.7024
28.280,-0.22410824726725107,0.002929829924418483,0.13688641578342015,4,160.163,0.645168,0.0411105,11748.3,0.0,3.1427,7.4328,12.1865,18.4752,23.5948,26.4710,28.0742,29.5115,30.5555,31.6121,32.6804,33.7594,35.2861,37.0491,40.3959,47.1701,58.3917,73.3229,13.4270
28.391,-0.09967064399362657,0.0009600466696334483,0.023006499900719426,4,153.057,0.61081,0.0570861,11293.0,0.0,3.5083,8.1776,12.3313,17.4728,21.6932,24.1172,25.4883,26.7283,27.6359,28.5604,29.5014,30.4575,31.8189,33.4046,36.4517,42.7440,53.4511,68.0808,13.2220
28.498,-0.0660130250565253,0.00031458809270548834,0.0038667024383139143,3,151.185,0.559227,0.0861083,11161.7,0.0,4.0199,8.9826,13.0905,17.9592,21.8850,24.1334,25.4060,26.5586,27.4028,28.2639,29.1411,30.0337,31.3073,32.7939,35.6602,41.6217,51.8760,66.0592,12.8627
28.608,-0.17629310567347845,0.00010308422621773442,0.0006498766788074195,3,149.56,0.512179,0.0698603,13525.4,0.0,4.3602,9.3584,13.2852,17.8191,21.4467,23.5267,24.7059,25.7763,26.5619,27.3640,28.1823,29.0161,30.2083,31.6043,34.3053,39.9670,49.8215,63.6273,12.6885
28.719,-0.21897160483728578,3.377863924702722e-05,0.00010922477340716302,3,147.2,0.471755,0.0909847,13287.3,0.0,4.8189,10.5331,14.9527,19.8968,23.7323,25.8911,27.1043,28.1986,28.9980,29.8118,30.6393,31.4800,32.6776,34.0730,36.7586,42.3345,51.9401,65.1806,12.0659
28.828,-0.15738375215786382,1.106858450846588e-05,1.835740766654189e-05,3,144.625,0.427041,0.122312,13031.6,0.0,5.3986,12.1698,17.3062,22.8170,26.9300,29.1947,30.4530,31.5808,32.4011,33.2324,34.0742,34.9259,36.1339,37.5355,40.2127,45.7131,55.0453,67.5029,11.3281
28.941,-0.19660042299341499,3.6269537717341e-06,3.0853295065156953e-06,3,142.06,0.374818,0.140829,12798.2,0.0,5.9972,13.6182,19.1959,24.9603,29.1486,31.4229,32.6794,33.8016,34.6149,35.4375,36.2688,37.1086,38.2974,39.6735,42.2982,47.6571,56.5915,68.9220,10.7155
29.048,-0.21925177507044313,1.1884802119218298e-06,5.18551330160093e-07,3,139.505,0.313753,0.155843,12570.5,0.0,6.6708,15.1094,21.0215,26.9208,31.1123,33.3647,34.6039,35.7081,36.5078,37.3159,38.1322,38.9556,40.1183,41.4603,44.0070,49.1543,57.6194,26.7523,10.0914
29.161,-0.13723216654298515,3.894411958425452e-07,8.715292206000681e-08,3,137.026,0.243717,0.170392,12347.5,0.0,7.4396,16.7197,22.9128,28.8880,33.0550,35.2793,36.4966,37.5778,38.3586,39.1454,39.9373,40.7340,41.8567,43.1490,45.5867,50.4755,58.6784,21.8167,9.4225
29.268,-0.09052212929713155,1.276120910536852e-07,1.4647791610625346e-08,3,134.841,0.166231,0.172644,12163.2,0.0,8.1726,17.8976,24.0890,29.9410,33.9801,36.1185,37.2847,38.3186,39.0638,39.8135,40.5673,41.3249,42.3912,43.6166,45.9229,50.5325,59.4045,19.6001,8.8063
29.379,-0.14856686215544346,4.1815929996471565e-08,2.4618543359978024e-09,3,132.905,0.0844561,0.160032,12012.3,0.0,8.7864,18.4577,24.3762,29.9166,33.7163,35.7246,36.8191,37.7888,38.4879,39.1919,39.8995,40.6104,41.6110,42.7610,44.9282,49.3733,59.1757,18.7122,8.2633
29.490,-0.23244223383731447,0.07310798049911894,4.1376385825115077e-10,3,131.07,0.0010821,0.15876,11904.3,0.0,9.5120,19.4478,25.3029,30.6607,34.2856,36.1899,37.2251,38.1408,38.8003,39.4637,40.1300,40.7989,41.7393,42.8191,44.9213,49.9113,61.7009,16.7813,7.6218
29.600,-0.17684312281837175,0.1455029683624513,6.954129165627093e-11,3,129.598,-0.0852089,0.174441,11843.9,0.0,10.4426,21.1205,27.1136,32.4125,35.9213,37.7430,38.7290,39.6017,40.2474,40.9177,41.6139,42.3375,43.3995,44.6888,47.3511,53.8791,70.4925,14.0399,6.8617
29.708,-0.1340913074534678,0.269649613844883,1.168780488866946e-11,3,128.713,-0.175184,0.177544,11872.4,0.0,11.2618,22.2436,28.1165,33.1879,36.5400,38.4533,39.5695,40.6074,41.3867,42.1996,43.0485,43.9357,45.2469,46.8536,50.2234,58.7995,82.8693,12.2144,6.1593
29.820,-0.11933661382072343,0.38590003351156626,1.964369367638676e-12,3,128.964,-0.265344,0.15548,11970.0,0.0,11.7628,22.2511,27.6750,32.3522,35.8444,37.9312,39.1582,40.3055,41.1708,42.0774,43.0282,44.0264,45.5102,47.3424,51.2367,61.4727,92.9688,11.3387,5.5730
29.930,-0.08838893846564184,0.46605764680919504,3.3015155961903227e-13,3,129.991,-0.347158,0.126326,12119.4,0.0,12.0907,21.8741,26.8010,31.3883,35.1148,37.3725,38.7109,39.9698,40.9242,41.9284,42.9866,44.1031,45.7732,47.8530,52.3392,64.5754,106.8100,10.7980,5.0624
30.041,-0.06439716370917933,0.5653473322064371,5.548857262517077e-14,3,131.602,-0.411486,0.0877701,12326.0,0.0,12.1391,20.9741,25.4325,30.0958,33.9591,36.3289,37.7444,39.0831,40.1027,41.1802,42.3205,43.5292,45.3481,47.6316,52.6275,66.7655,122.1610,11.1215,4.7195
30.152,-0.20941994826765983,0.6902519903799053,9.325964401112452e-15,3,133.833,-0.450968,0.0519288,12683.0,0.0,12.0370,20.0330,24.4841,29.4294,33.6312,36.2578,37.8449,39.3587,40.5201,41.7554,43.0718,44.4773,46.6129,49.3288,55.4107,73.7392,157.0330,12.5594,4.5582
30.259,-0.11767167408064676,0.7622481335358123,1.56741483689497e-15,3,136.455,-0.470346,0.0420421,13132.9,0.0,12.0475,20.1141,25.4353,31.7279,37.4245,41.1634,43.4932,45.7672,47.5471,49.4751,51.5702,53.8548,57.4235,62.1409,73.5003,116.2110,200.0000,13.3851,4.4454
30.370,-0.04457227042739477,0.79489004456889,2.634354116369376e-16,3,139.664,-0.468635,0.00595587,13422.5,0.0,11.6624,19.9436,25.9816,33.5530,40.8508,45.8903,49.1373,52.3891,54.9937,57.8756,61.0810,64.6676,70.4694,78.5365,100.0660,165.8900,56.1377,15.0634,4.6496
30.479,-0.13538775236073042,0.8063390756637089,4.4275589633820105e-17,3,143.14,-0.434508,-0.0573794,13694.0,0.0,10.9750,19.3433,25.7075,34.0240,42.4197,48.4491,52.4394,56.5217,59.8555,63.6124,67.8780,72.7627,80.9262,92.8481,128.2400,181.3080,45.5064,16.8724,5.3813
30.587,-0.04436385869356415,0.811174912922859,7.441398349756143e-18,3,146.564,-0.359904,-0.0986058,14024.5,0.0,10.5517,19.5637,26.9113,37.2594,48.6770,57.5581,63.7830,70.4621,76.1663,82.8822,90.9045,100.6550,118.4580,138.5820,164.0170,200.0000,34.7227,16.6328,6.0571
30.701,-0.014537149216707101,0.8136268950759374,1.2506758206435153e-18,3,150.152,-0.281981,-0.0806274,14300.8,0.0,10.0975,19.1979,26.8932,38.1896,51.3225,62.0608,69.8789,78.5500,86.1979,95.5039,107.0710,121.3100,136.6990,150.4900,172.1930,103.7260,33.5376,17.3464,6.6498
30.808,-0.0047635330553305825,0.8156892590253582,2.1020108517555559e-19,3,153.762,-0.216423,-0.0751967,14601.0,0.0,9.6258,18.4455,25.9912,37.2202,50.5082,61.5648,69.7256,78.8882,87.0689,97.1508,109.8830,122.8960,136.4090,149.2790,170.0920,100.1180,35.1275,18.5378,7.2110
30.922,0.06401759497202303,0.8151061560068044,3.5328496385455636e-20,3,157.333,-0.155413,-0.0743244,14933.4,0.0,9.1498,17.5559,24.7614,35.5083,48.2632,58.9074,66.7819,75.6417,83.5685,93.3591,105.7570,118.2570,131.3990,144.0020,164.4830,105.9480,37.6196,19.9149,7.7646
31.029,0.04472963197483251,0.8112693992628096,5.93766038750353e-21,4,159.404,-0.0872209,-0.103719,12259.3,0.0,8.4008,15.4687,21.1751,29.1251,37.7807,44.4308,49.0495,53.9670,58.1354,63.0069,68.7753,75.7126,88.1756,107.8490,134.8610,173.8980,51.9001,24.2410,8.6918
31.138,0.014657005805513119,0.8143339872191874,9.979425813277184e-22,4,161.025,-0.00114632,-0.123263,12295.6,0.0,7.6164,13.6722,18.3923,24.7218,31.3056,36.1594,39.4313,42.8291,45.6427,48.8559,52.5601,56.8768,64.2752,75.5151,108.5080,153.1680,69.6307,28.9739,9.7480
31.248,0.0011927855529755378,0.8287508808538583,1.6772420964374967e-22,4,163.616,0.0985102,-0.127926,12494.1,0.0,6.8334,12.1951,16.3411,21.8543,27.5330,31.6833,34.4639,37.3371,39.7051,42.3973,45.4849,49.0615,55.1385,64.2446,93.1285,142.0320,80.9480,32.5837,10.7853
31.359,-0.03791407406400097,0.8541474460600673,2.818940791482502e-23,4,166.278,0.202335,-0.116626,12709.2,0.0,6.1000,11.0434,14.9413,20.2337,25.8198,29.9922,32.8312,35.8023,38.2803,41.1302,44.4421,48.3382,55.1088,65.6260,98.1270,141.9800,77.8378,33.8156,11.6351
31.468,-0.012423683789291836,0.8705317636405878,4.737793788244641e-24,4,169.033,0.298559,-0.101715,12921.5,0.0,5.4287,10.0231,13.7466,18.9559,24.6569,29.0578,32.1251,35.4005,38.1849,41.4482,45.3252,50.0064,58.4679,72.5013,104.4100,144.0220,72.4668,34.1910,12.3349
31.577,-0.004070992704075149,0.8809933932316227,7.962810019902771e-25,4,171.852,0.387664,-0.0972735,13136.2,0.0,4.7564,8.8348,12.1686,16.8773,22.0913,26.1606,29.0199,32.0944,34.7255,37.8296,41.5466,46.0776,54.3885,68.5265,99.8622,138.7410,74.3850,35.8569,13.1099
31.689,-0.007244599426771346,0.8931193037660131,1.338309480045059e-25,4,174.702,0.474111,-0.0960827,13352.0,0.0,4.0889,7.6074,10.4901,14.5725,19.1075,22.6576,25.1577,27.8513,30.1607,32.8904,36.1664,40.1706,47.5464,60.1872,92.1121,131.0850,78.8162,37.9017,13.9065
31.802,-0.008894706904964435,0.9119239311142971,2.2492967431117312e-26,4,177.599,0.559186,-0.0904822,13578.9,0.0,3.4434,6.4561,8.9522,12.5317,16.5709,19.7802,22.0657,24.5519,26.7035,29.2709,32.3872,36.2491,43.5199,56.4762,87.9324,126.0210,82.5895,39.1755,14.6100
31.909,-0.0029146175586187463,0.9406466165600329,3.780393036147887e-27,4,180.599,0.641469,-0.0868469,13819.9,0.0,2.8092,5.2939,7.3678,10.3671,13.7879,16.5336,18.5042,20.6624,22.5425,24.8011,27.5649,31.0247,37.6443,49.7958,81.6167,119.3830,173.2230,40.6423,15.3144
32.020,-0.009068244480045692,0.9605317180800166,6.353706575853754e-28,4,183.722,0.722377,-0.0858998,14062.2,0.0,2.1770,4.1080,5.7229,8.0636,10.7408,12.8956,14.4453,16.1457,17.6296,19.4155,21.6058,24.3553,29.6397,39.4220,72.3101,110.6560,163.5840,42.4845,16.0511
32.129,-0.036187545496921374,0.9704087462710848,1.0678674642037406e-28,4,186.864,0.799496,-0.0674384,14315.9,0.0,1.5973,3.0962,4.4010,6.3829,8.7927,10.8533,12.4079,14.1883,15.8102,17.8523,20.5021,24.0776,31.8607,50.5386,77.4290,112.5770,166.0780,41.3500,16.4125
32.239,-0.011857934908431195,0.9769972938374841,1.794764847087227e-29,4,190.044,0.862859,-0.0521963,14550.7,0.0,1.1074,2.1974,3.1812,4.7430,6.7609,8.5997,10.0623,11.8237,13.5147,15.7716,18.9352,23.6886,36.5324,57.7799,78.7818,112.1100,166.6210,40.5271,16.7010
32.347,-0.003885608110794734,0.9813788775415417,3.0164612784995026e-30,4,193.254,0.915772,-0.0481442,14790.6,0.0,0.6826,1.3633,1.9838,2.9816,4.2943,5.5142,6.5011,7.7096,8.8910,10.5010,12.8242,16.4690,27.3578,50.8396,71.7590,104.6710,157.9980,41.1018,17.0986
32.463,-0.13627029891177647,0.9828146348896875,5.069766470774113e-31,4,196.442,0.963671,-0.0406168,15028.3,0.0,0.2965,0.5993,0.8808,1.3449,1.9779,2.5903,3.1037,3.7557,4.4192,5.3680,6.8362,9.4110,19.9134,46.5791,66.6338,98.8622,151.6900,41.3894,17.3825
32.570,-0.03769522807061092,0.9832851038575278,8.520756507430052e-32,5,196.592,0.992304,0.00173783,13469.3,0.0,0.0654,0.1426,0.2239,0.3843,0.6788,1.1025,1.6534,2.9384,6.6073,34.2687,43.0017,49.8332,58.3204,67.2778,83.0170,112.5870,179.5350,36.9301,16.8760
32.677,-0.012351972334177782,0.9841921968164097,1.432083546203769e-32,5,199.17,0.993028,0.0176577,13615.1,0.0,0.0602,0.1355,0.2195,0.4010,0.8025,1.6107,3.4826,25.7307,34.3267,40.8487,46.7262,52.2692,59.6967,67.8887,82.7409,111.3670,184.9750,35.9222,16.6205
32.789,-0.06397609124343212,0.9837365033496761,2.4069028161046746e-33,5,201.737,0.977684,0.0239701,13790.6,0.0,0.1941,0.4422,0.7261,1.3657,2.9218,6.8101,18.4925,27.4941,32.9814,38.1935,43.2498,48.2057,55.0292,62.7144,76.9154,104.8010,177.7150,36.2067,16.3930
32.898,-0.03290852475624784,0.9835871817144969,4.045281563027126e-34,5,204.206,0.945422,0.0528945,13961.5,0.0,0.4897,1.1903,2.1004,4.7306,14.8029,25.7268,32.3085,38.2786,42.6207,47.0093,51.4308,55.8789,62.1353,69.3150,82.8195,110.3840,200.0000,33.9146,15.7111
33.005,-0.020953966427283543,0.9844794141104563,6.79890472297969e-35,5,206.665,0.892031,0.0654964,14110.9,0.0,0.9826,2.4631,4.4549,9.6313,19.5358,28.1121,33.5499,38.6742,42.4985,46.4349,50.4599,54.5594,60.3986,67.1815,80.1127,107.5120,200.0000,33.5708,15.2587
33.107,-0.09706943194416726,0.9838306187125893,1.1426919167911967e-35,5,208.847,0.831217,0.0742222,14270.0,0.0,1.5475,3.8743,6.8654,13.7302,24.3576,32.6197,37.7587,42.5975,46.2169,49.9517,53.7863,57.7052,63.3112,69.8552,82.4101,112.1310,200.0000,32.2284,14.7442
33.207,-0.03180771145946472,0.9849446835459912,1.9205223045509647e-36,5,210.939,0.764114,0.086686,14419.5,0.0,2.1921,5.6068,10.0327,19.5643,32.1866,40.9983,46.2771,51.1666,54.7929,58.5147,62.3214,66.2011,71.7383,78.1923,90.9269,132.4970,55.6328,29.6280,14.0341
33.326,-0.03844791580111116,0.9855834352172304,2.2594752860811646e-37,5,213.588,0.68104,0.0711376,14575.1,0.0,2.9076,7.0878,11.9623,21.0962,32.1654,39.8753,44.5599,48.9532,52.2420,55.6452,59.1525,62.7529,67.9325,74.0223,86.6091,130.5890,62.4727,29.4360,13.5550
33.448,-0.07375148789224648,0.9862327551353356,2.6582500793216286e-38,5,216.016,0.603343,0.0850062,14772.3,0.0,3.6695,9.1426,15.5560,27.0117,39.6829,47.9728,52.8774,57.4131,60.7792,64.2397,67.7873,71.4183,77.0376,84.6651,104.0330,192.4430,47.0323,26.6822,12.7565
33.567,-0.019333510042025062,0.9863065954559475,3.127404635821102e-39,5,218.509,0.514323,0.0868276,14909.8,0.0,4.4964,11.1192,18.5809,31.0271,43.9404,52.1605,56.9839,61.4311,64.7420,68.3731,72.4410,77.0293,84.5373,95.1543,124.5440,200.0000,42.2042,24.8741,12.0192
33.685,-0.12763302472164412,0.9868078272529539,3.679360279997169e-40,6,220.661,0.428477,0.0710781,13767.4,0.0,5.1903,12.2815,19.6709,31.2008,42.8581,50.3176,54.7308,58.9076,62.2870,66.0826,70.3765,75.2737,83.4094,95.1845,129.5380,200.0000,43.4921,24.4158,11.4921
33.787,-0.04165772992638834,0.9865225989904979,6.183900822591243e-41,6,220.469,0.357788,0.0909043,13777.4,0.0,5.9591,14.5785,23.7249,37.6198,50.9204,60.1837,66.6718,73.6283,79.5668,86.5531,94.8918,105.0200,123.4830,154.5710,200.0000,148.7300,35.0431,21.7666,10.7235
33.906,-0.010920323953823145,0.9870222653460151,7.275297478770371e-42,6,222.541,0.266658,0.0775397,13875.3,0.0,6.6923,15.7602,24.7879,37.8703,50.8887,61.2352,68.7054,76.9300,84.1310,92.8274,103.5380,117.0510,143.2450,192.5130,200.0000,110.4490,34.5266,20.9359,10.1155
34.008,-0.07696106022745126,0.9873457957523322,1.2227592472569361e-42,6,224.243,0.199926,0.0651733,13985.8,0.0,7.1947,16.4322,25.2139,37.5606,51.1981,62.6380,71.1356,80.7319,89.3502,100.0360,113.6350,131.5260,168.7380,200.0000,200.0000,95.7140,34.7042,20.4483,9.6854
34.109,-0.05751758016509998,0.9871807555083743,2.055091466864733e-43,6,225.853,0.137833,0.0721335,14084.8,0.0,7.8057,17.9493,27.5299,42.0189,61.5671,80.3451,95.9879,115.7190,135.6500,163.8890,200.0000,200.0000,200.0000,200.0000,183.9800,64.0556,30.8046,18.8956,9.1206
34.227,-0.050374220823493715,0.9868092971282374,2.41779455985169e-44,6,227.778,0.061259,0.0716454,14198.1,0.0,8.4850,19.3468,29.7360,48.6301,79.0977,115.3700,152.7840,200.0000,200.0000,200.0000,200.0000,200.0000,200.0000,179.3050,96.2103,49.9930,27.8685,17.5359,8.5046
34.328,-0.05083212226318617,0.9868167232173558,4.0635873167427346e-45,6,229.382,-0.00209554,0.0687031,14296.1,0.0,9.0203,20.4118,32.4492,57.0176,105.2570,182.7980,200.0000,200.0000,200.0000,200.0000,200.0000,200.0000,145.8400,106.5240,70.7851,42.4190,25.5340,16.5397,8.0136
34.448,-0.04579666261024068,0.9873704229348406,4.780769842274661e-46,6,231.217,-0.077474,0.0743486,14416.9,0.0,9.7483,23.1781,39.8560,83.6826,200.0000,200.0000,200.0000,200.0000,156.3020,124.8520,103.9450,89.0416,74.1640,62.2826,47.9157,32.8385,21.6338,14.7739,7.3656
34.568,-0.012005320323298933,0.9879974469935808,5.624527911737715e-47,6,233.152,-0.153432,0.0614066,14519.5,0.0,10.4350,25.8219,46.5697,111.8820,200.0000,200.0000,165.9860,118.6470,98.5754,84.3176,73.6678,65.4111,56.5457,48.9696,39.1546,27.9942,19.0621,13.2987,6.7866
34.686,0.0010279182662003726,0.9869122554790603,6.617200842880305e-48,6,235.12,-0.228935,0.0633906,14636.7,0.0,11.1571,27.8231,50.6672,125.5110,200.0000,190.4420,137.2260,100.7460,84.6754,73.0312,64.2066,57.2886,49.7852,43.3103,34.8346,25.0752,17.1692,12.0225,6.1646
34.806,0.04404440891869482,0.9878773411440528,7.785070619640253e-49,6,236.992,-0.303515,0.0363891,14763.0,0.0,11.4862,26.8809,45.4218,91.2839,200.0000,199.3930,191.7480,181.7220,151.0870,114.8650,92.6577,77.6512,63.3055,52.2775,39.4226,26.4658,17.1717,11.6161,5.7061
34.928,0.011545977531582334,0.9881303325606166,9.159057733300563e-50,6,238.875,-0.349339,0.018277,14866.6,0.0,11.6647,26.2659,42.6106,78.0647,157.1640,198.1670,192.5560,186.5530,181.1710,173.7270,144.5900,109.2850,81.4527,63.0988,44.3752,27.8877,17.2930,11.3887,5.4228
35.047,0.0030267087340391198,0.9881966527425203,1.077553983265078e-50,6,240.781,-0.376321,0.0151996,14978.8,0.0,11.8601,26.5392,42.7826,77.3434,151.2820,190.5890,185.2830,179.7030,174.8390,168.5500,156.1550,114.6220,83.4259,63.6420,44.0709,27.3262,16.7991,11.0093,5.2134
35.166,0.0007934335343759511,0.9882140381802852,1.2677314857715316e-51,6,242.664,-0.397497,0.0144418,15092.4,0.0,12.0332,26.8853,43.2741,77.9831,190.0030,182.1350,176.9820,171.6030,166.9630,161.0800,151.2640,113.3600,81.9768,62.2824,42.9566,26.5439,16.2827,10.6578,5.0401
35.286,0.02947542779293545,0.9882185956684826,1.491473415695349e-52,6,244.505,-0.415946,0.00693557,15206.0,0.0,12.0989,26.6320,42.2412,73.8866,135.2040,175.7750,171.1340,166.4220,162.5170,157.9150,152.0500,141.7280,95.7517,69.3277,45.7046,27.2180,16.3227,10.5514,4.9219
35.387,0.009658508179189087,0.9876173405223984,2.5067193697591732e-53,6,246.006,-0.420843,-0.00536042,15296.4,0.0,11.9921,25.7841,39.9952,67.0272,113.5120,172.0060,167.9610,163.9630,160.7650,157.1860,153.0710,148.0910,136.9460,90.8162,53.9520,29.8158,17.1462,10.8424,4.9409
35.507,0.002531919968125344,0.9880621749576536,2.94913027132797e-54,6,247.8,-0.414422,-0.00869542,15403.8,0.0,11.8988,25.4257,39.2152,65.0332,108.2080,164.0720,160.2510,156.5120,153.5550,150.2890,146.6110,142.3250,134.2840,100.5840,57.5227,31.0283,17.6203,11.0718,5.0126
35.607,-0.05418740316411969,0.9881684283338739,4.95660324702092e-55,6,249.265,-0.405606,-0.00461394,15493.0,0.0,11.8723,25.5621,39.7022,66.6967,113.4190,155.6360,151.7960,148.0420,145.0710,141.7840,138.0670,133.7000,125.1910,91.4232,54.7383,30.4068,17.5340,11.1032,5.0670
35.707,-0.017756128268818745,0.9882032454401938,8.33056307726806e-56,6,250.668,-0.408022,0.0166962,15578.5,0.0,12.1520,27.2752,44.1036,80.2434,149.3270,142.2260,137.7370,133.2010,129.4410,124.9740,119.0900,104.0300,76.6311,58.9103,41.1088,25.6594,15.8415,10.4066,4.9413
35.825,-0.004654662488901221,0.9882157664164242,9.800824154775098e-57,6,252.361,-0.430995,0.0233962,15678.7,0.0,12.4367,28.3029,46.4177,87.0644,138.3350,131.0550,126.4210,121.6760,117.6500,112.6360,104.6240,83.5991,64.3648,50.9715,36.6807,23.5360,14.7962,9.8218,4.7191
35.927,-0.001525239804363152,0.9882187571830838,1.647224515693051e-57,6,253.756,-0.457661,0.0248006,15759.2,0.0,12.6872,28.9581,47.6382,89.9618,130.0720,122.8810,118.3170,113.6490,109.6860,104.7290,96.4729,77.0344,59.7681,47.5872,34.4442,22.2202,14.0197,9.3262,4.4919
36.027,0.023517381752937532,0.9882197371975029,2.7684902435253113e-58,6,255.125,-0.486654,0.0252864,15842.8,0.0,12.9461,29.5795,48.7124,133.0060,121.9390,114.9000,110.4560,105.9320,102.1100,97.3658,89.7369,72.0880,56.0735,44.7263,32.4368,20.9635,13.2433,8.8161,4.2498
36.146,0.014213389669122056,0.9882200896316522,3.257101086605094e-59,6,256.712,-0.515024,0.00836766,15946.9,0.0,12.9643,28.6173,45.5145,80.0636,116.1180,110.0330,106.3430,102.7640,99.9370,96.7994,93.2053,88.8220,76.5166,55.9831,37.2575,22.3542,13.4660,8.7260,4.0812
36.247,0.004657443526777915,0.9882201738142498,5.474209796257182e-60,6,258.036,-0.525805,0.00328919,16022.2,0.0,12.9897,28.3909,44.7246,118.6060,109.0800,103.3620,99.9450,96.6753,94.1344,91.3706,88.3053,84.7919,78.3388,60.6579,38.9551,22.7371,13.4761,8.6564,4.0105
36.367,0.0012209208758836698,0.9665734755724877,6.440353083198614e-61,6,259.598,-0.531177,0.00180736,16119.0,0.0,13.0160,28.3675,44.5663,108.7820,99.6002,94.1903,90.9986,87.9791,85.6602,83.1717,80.4637,77.4531,72.3887,61.9250,39.3092,22.7468,13.4154,8.5950,3.9709
36.486,0.00032005708208764875,0.28052063718047415,0.7972096706542968,6,253.921,-0.533986,0.00139141,15335.4,0.0,13.0345,28.3851,44.5601,98.7142,89.8805,84.7752,81.8019,79.0203,76.9076,74.6676,72.2689,69.6643,65.5058,59.2279,39.3015,22.6862,13.3610,8.5538,3.9488
36.606,8.39010437267846e-05,0.07353680191303821,0.9326054622298191,6,237.149,-0.536062,0.00153974,14106.1,0.0,13.0540,28.4358,44.6518,88.9447,80.4743,75.6759,72.9178,70.3660,68.4489,66.4393,64.3185,62.0603,58.5879,53.8906,39.0452,22.5582,13.2922,8.5120,3.9306
36.707,2.749269400839278e-05,0.02409653925086436,0.9484052729861845,6,222.301,-0.53774,0.00201154,13128.5,0.0,13.0745,28.5061,45.5352,81.1993,73.0445,68.5021,65.9205,63.5539,61.7922,59.9617,58.0515,56.0466,53.0379,49.1842,38.6489,22.3917,13.2150,8.4697,3.9145
36.825,0.05272794199402814,0.006316763185378586,0.9510909924168738,6,205.003,-0.539877,0.00200036,12014.8,0.0,13.0925,28.5448,83.7157,72.5305,64.7872,60.5651,58.1997,56.0557,54.4773,52.8548,51.1831,49.4560,46.9271,43.8358,37.0594,22.2902,13.1546,8.4308,3.8965
36.926,0.10197371369773063,0.002069876960584855,0.661924907803756,6,191.131,-0.540793,-0.00158247,11178.2,0.0,13.0534,28.2659,77.0991,66.2346,58.8971,54.9711,52.7993,50.8503,49.4287,47.9807,46.5037,44.9966,42.8288,40.2575,35.0742,22.9034,13.3514,8.5020,3.9027
37.047,0.09043101426542265,0.0005426058259555562,0.07787480347820411,5,179.151,-0.539043,-0.00596592,11875.6,0.0,12.9820,28.6211,69.5770,59.1161,52.2604,48.6752,46.7209,44.9870,43.7348,42.4718,41.1972,39.9113,38.0929,35.9874,31.9631,23.6071,13.6869,8.6451,3.9349
37.168,0.16652979291471592,0.00014224086163929336,0.009161892754407236,5,174.631,-0.522938,-0.0533388,11590.3,0.0,12.2851,25.7950,66.9209,57.3671,51.2300,48.0703,46.3649,44.8633,43.7862,42.7052,41.6218,40.5365,39.0143,37.2740,34.0199,27.6483,18.1589,10.4201,4.2824
37.286,0.07080615989207531,3.728758843357092e-05,0.001077887520663257,4,172.214,-0.459783,-0.128863,12702.1,0.0,11.0574,21.2168,66.7652,58.2230,52.7806,49.9934,48.4937,47.1759,46.2324,45.2872,44.3408,43.3943,42.0698,40.5580,37.7410,32.2424,23.9146,15.2273,5.3103
37.387,0.02320176247343524,1.2218396977912521e-05,0.0001811605555978736,4,170.54,-0.366476,-0.162066,12586.1,0.0,10.1060,19.9118,63.6065,55.5524,50.5009,47.9374,46.5645,45.3626,44.5042,43.6462,42.7894,41.9346,40.7418,39.3854,36.8728,32.0213,24.7685,17.0748,6.5105
37.506,0.019962903935117456,3.2029794573779008e-06,2.131335820553423e-05,4,168.503,-0.222669,-0.164484,12441.0,0.0,9.2941,21.5389,57.2304,49.6128,44.9606,42.6410,41.4106,40.3404,39.5803,38.8241,38.0721,37.3252,36.2891,35.1199,32.9762,28.9249,23.0522,16.9058,7.5936
37.607,0.1311781210976468,1.0495523085935904e-06,3.5821361136041378e-06,4,166.81,-0.11938,-0.120363,12316.7,0.0,8.8335,62.8342,52.7906,45.5797,41.2651,39.1396,38.0202,37.0501,36.3633,35.6824,35.0076,34.3390,33.4143,32.3752,30.4830,26.9451,21.8844,16.5909,8.1227
37.726,0.201646304932984,2.7513384038395814e-07,4.2143473162941323e-07,4,164.476,-0.0292765,-0.1159,12132.7,0.0,8.1451,24.7569,51.4733,44.6833,40.6828,38.7144,37.6774,36.7791,36.1429,35.5115,34.8854,34.2652,33.4073,32.4423,30.6812,27.3753,22.5922,17.4698,8.8486
37.826,0.21850762724450268,9.01558568170154e-08,7.083053534495548e-08,4,162.227,0.0323995,-0.123641,11956.5,0.0,7.5960,19.8556,51.2905,44.6927,40.8749,39.0069,38.0229,37.1699,36.5654,35.9651,35.3693,34.7782,33.9590,33.0365,31.3487,28.1593,23.4841,18.3693,9.4354
37.948,0.22274264989252665,2.363381692943968e-08,8.333141652798669e-09,4,159.372,0.096803,-0.12624,11741.7,0.0,7.0676,17.7171,50.6875,44.2032,40.5172,38.7349,37.8009,36.9938,36.4233,35.8575,35.2963,34.7399,33.9693,33.1010,31.5107,28.4923,24.0214,19.0372,9.9882
38.067,0.196390163593989,6.195463305151035e-09,9.803857823101107e-10,4,156.578,0.151999,-0.117936,11536.3,0.0,6.6843,17.4215,49.4665,43.0445,39.4493,37.7275,36.8300,36.0566,35.5114,34.9721,34.4389,33.9114,33.1828,32.3643,30.8723,28.0529,23.8713,19.1591,10.3385
38.186,0.19579643953142017,1.6241035326655126e-09,1.1534140690300225e-10,3,154.195,0.196945,-0.0989832,13965.8,0.0,6.4422,57.7164,47.7686,41.3947,37.8778,36.2084,35.3423,34.5984,34.0751,33.5587,33.0492,32.5463,31.8534,31.0775,29.6699,27.0360,23.1746,18.8247,10.4918
38.306,0.23069494273338462,4.257489964670681e-10,1.3569801180731312e-11,3,151.216,0.22949,-0.0791125,13642.2,0.0,6.3072,56.4549,46.3190,39.9334,36.4561,34.8187,33.9727,33.2481,32.7395,32.2385,31.7450,31.2591,30.5909,29.8449,28.4968,25.9953,22.3763,18.3480,10.5304
38.407,0.2384856876442817,1.3950943116232888e-10,2.280676484445512e-12,3,148.643,0.246632,-0.0726037,13403.2,0.0,6.2148,56.7138,46.2149,39.6682,36.1319,34.4747,33.6210,32.8909,32.3791,31.8754,31.3799,30.8926,30.2237,29.4779,28.1337,25.6523,22.0920,18.1699,10.5777
38.526,0.24875566707257635,3.657156032261754e-11,2.683193077185301e-13,3,145.474,0.256143,-0.0681759,13103.7,0.0,6.1751,58.0551,46.9214,40.0386,36.3477,34.6255,33.7405,32.9852,32.4565,31.9365,31.4254,30.9232,30.2349,29.4693,28.0926,25.5636,21.9664,18.0492,10.5813
38.646,0.2607667790568747,0.021458496103337013,3.156749823377736e-14,3,142.225,0.254526,-0.0626493,12821.5,0.0,6.2344,60.1845,48.2489,40.9119,36.9977,35.1779,34.2444,33.4484,32.8918,32.3453,31.8086,31.2816,30.5600,29.7582,28.3204,25.6900,21.9787,17.9827,10.5105
38.746,0.2708278687406879,0.17885760398751646,5.305549428150962e-15,3,139.861,0.245641,-0.0568672,12781.0,0.0,6.3366,62.3798,49.6868,41.9073,37.7700,35.8503,34.8673,34.0298,33.4444,32.8698,32.3060,31.7529,30.9963,30.1564,28.6521,25.9102,22.0650,17.9630,10.4214
38.847,0.2769547481893986,0.35503346592462937,8.91703692389332e-16,3,138.825,0.231651,-0.0374359,12914.6,0.0,6.5776,62.8968,49.6863,41.6462,37.3971,35.4337,34.4304,33.5769,32.9811,32.3969,31.8242,31.2631,30.4963,29.6464,28.1281,25.3736,21.5422,17.4983,10.1776
38.948,0.26875230130590677,0.4980486239266825,1.4986863957987505e-16,3,138.981,0.213306,-0.00754821,13032.6,0.0,6.9573,61.8321,48.3530,40.2427,35.9978,34.0485,33.0551,32.2120,31.6246,31.0495,30.4865,29.9352,29.1833,28.3519,26.8716,24.2010,20.5217,16.6817,9.8165
39.067,0.25127955129675317,0.6194340905018862,1.763189557793272e-17,3,140.306,0.183641,0.0184554,13260.2,0.0,7.4438,61.2278,47.3128,39.0412,34.7574,32.8032,31.8107,30.9702,30.3859,29.8147,29.2562,28.7104,27.9671,27.1472,25.6925,23.0851,19.5302,15.8659,9.4122
39.168,0.2415576769390435,0.681979488947533,2.9633926897831518e-18,3,141.97,0.150983,0.0261685,13522.9,0.0,7.8117,62.2053,47.6399,39.0283,34.5933,32.5780,31.5567,30.6931,30.0933,29.5076,28.9355,28.3770,27.6174,26.7808,25.3000,22.6586,19.0859,15.4421,9.1240
39.286,0.23344208328090665,0.6595257495100371,3.48640186560298e-19,3,144.268,0.103999,0.0272988,13778.7,0.0,8.2518,64.4107,48.7222,39.5528,34.8528,32.7245,31.6487,30.7403,30.1100,29.4951,28.8953,28.3106,27.5164,26.6431,25.1014,22.3671,18.7056,15.0224,8.7745
39.407,0.23049338847800624,0.22260094307955916,4.101716930863251e-20,3,145.286,0.0523338,0.0317578,13411.8,0.0,8.7736,67.1093,49.3016,39.6231,34.6926,32.4703,31.3499,30.4058,29.7518,29.1144,28.4934,27.8888,27.0693,26.1700,24.5871,21.7983,18.1048,14.4433,8.3636
39.526,0.23151875419413848,0.19779306802889793,4.825628951991308e-21,3,143.872,0.000909169,0.0295459,13162.1,0.0,9.2241,73.1037,50.5493,40.2290,34.9911,32.6390,31.4553,30.4594,29.7706,29.1001,28.4476,27.8129,26.9537,26.0132,24.3625,21.4719,17.6857,13.9891,7.9925
39.627,0.23589823513743727,0.3788582993285843,8.110434579611791e-22,3,143.216,-0.038503,0.0194544,13299.9,0.0,9.4629,84.8155,53.0970,41.6931,36.0739,33.5516,32.2836,31.2172,30.4798,29.7627,29.0653,28.3874,27.4703,26.4672,24.7109,21.6478,17.6699,13.8376,7.7602
39.747,0.23812936169519955,0.5545641257223174,9.541845178567475e-23,3,143.727,-0.0796979,0.0156648,13521.8,0.0,9.7859,107.8660,56.7197,42.6404,36.6685,33.9944,32.6519,31.5247,30.7459,29.9890,29.2537,28.5399,27.5755,26.5222,24.6830,21.4935,17.3950,13.5042,7.4699
39.847,0.23661333339362559,0.659570916466689,1.6036979191618354e-23,3,145.05,-0.109542,0.010802,13770.7,0.0,9.9892,159.1670,62.7304,44.0472,37.4263,34.6069,33.1928,32.0063,31.1873,30.3916,29.6192,28.8697,27.8584,26.7550,24.8320,21.5119,17.2808,13.3125,7.2714
39.967,0.23208119283116063,0.7527475645762437,1.8867345649147084e-24,3,147.325,-0.140334,-0.00148606,14148.2,0.0,10.1044,200.0000,81.2361,48.9522,39.6379,36.2274,34.6471,33.3582,32.4688,31.6051,30.7669,29.9538,28.8568,27.6614,25.5813,22.0033,17.4837,13.3073,7.1115
40.067,0.22449507477440284,0.8102869215697186,3.17103478325215e-25,3,149.625,-0.160922,-0.015754,14507.9,0.0,10.1089,53.5266,132.3420,58.8144,44.2224,39.3765,37.2119,35.5097,34.3892,33.3395,32.3546,31.4284,30.2208,28.9229,26.6652,22.7893,17.9226,13.4796,7.0423
40.170,0.16711997248385757,0.8560722071318404,5.32955816021189e-26,3,152.203,-0.175836,-0.0310588,14887.6,0.0,10.0551,35.4015,200.0000,83.7757,54.1684,46.0719,42.6811,40.1049,38.4506,36.9301,35.5278,34.2307,32.5701,30.8645,28.1186,23.8338,18.5493,13.7778,7.0266
40.288,0.04999767914904836,0.9050517879788692,6.2701718799076866e-27,4,153.826,-0.185694,-0.0348952,11413.0,0.0,10.0838,30.4165,104.0150,182.9080,75.9351,58.7962,52.4915,47.9960,45.2331,42.7741,40.5715,38.5874,36.1193,33.6645,29.8737,24.4250,18.7483,13.8279,6.9770
40.407,0.013106591602848137,0.9600492291110576,7.3767945149925955e-28,4,156.874,-0.19191,-0.00473905,12088.9,0.0,10.4683,31.5638,84.0547,200.0000,88.1493,63.3740,55.1252,49.4963,46.1353,43.2049,40.6274,38.3429,35.5490,32.8217,28.7076,22.9928,17.3474,12.9306,6.7366
40.525,0.0034358143491370215,0.9870858810535891,8.67872497894364e-29,4,160.538,-0.216832,0.0434999,12348.0,0.0,11.3276,34.8666,90.2187,200.0000,80.9581,57.3275,49.6169,44.3986,41.2998,38.6081,36.2484,34.1630,31.6203,29.1464,25.4296,20.2966,15.2599,11.4374,6.2634
40.627,0.00010296275920646815,0.9941761374411401,1.4586333072110577e-29,4,163.63,-0.266398,0.0847993,12575.8,0.0,12.3007,37.7188,96.7293,200.0000,72.7053,51.2151,44.2511,39.5516,36.7659,34.3493,32.2330,30.3646,28.0888,25.8769,22.5584,17.9843,13.5059,10.1136,5.6801
40.749,0.06037208837940942,0.9967259453108702,1.7160674996007376e-30,4,167.286,-0.36446,0.116796,12866.4,0.0,13.2068,38.4053,88.4955,200.0000,81.1914,52.1661,43.8224,38.4477,35.3537,32.7229,30.4587,28.4895,26.1281,23.8712,20.5534,16.1099,11.8985,8.7957,4.8595
40.867,0.015826180736131904,0.9981472918325727,2.0189362526052723e-31,4,170.898,-0.467559,0.0924459,13174.7,0.0,13.7840,37.1702,75.4355,200.0000,141.1640,65.4731,50.9237,42.6394,38.2037,34.6062,31.6301,29.1275,26.2258,23.5490,19.7752,15.0001,10.7448,7.7641,4.1523
40.968,0.005185922903615703,0.9978007405251973,3.393226159753681e-32,4,174.0,-0.542738,0.0856926,13317.5,0.0,14.3735,38.0221,74.9925,200.0000,172.7820,65.2501,48.9987,40.2364,35.6818,32.0557,29.1006,26.6462,23.8349,21.2737,17.7142,13.2943,9.4324,6.7693,3.5862
41.086,0.014158549679114184,0.9990991503711122,3.992096644688609e-33,4,177.579,-0.627232,0.0838099,13644.6,0.0,15.1269,39.8060,77.9205,200.0000,159.8000,55.6843,41.3323,33.7306,29.8164,26.7179,24.2045,22.1249,19.7516,17.5974,14.6165,10.9354,7.7374,5.5420,2.9282
41.187,0.04562512735595213,0.9995263671875,6.709516830728145e-34,4,180.541,-0.693064,0.0655136,13881.7,0.0,15.4079,38.6295,70.8249,179.3840,200.0000,84.1741,51.3911,38.3336,32.4477,28.1306,24.8290,22.2225,19.3772,16.9064,13.6503,9.8700,6.7831,4.7615,2.4493
41.287,0.014950441731998393,1.0,1.1276684937404794e-34,4,183.51,-0.746244,0.0468569,14078.2,0.0,15.5634,37.2966,64.7287,139.2450,200.0000,200.0000,88.5943,51.7880,39.9395,32.5052,27.4060,23.6912,19.9147,16.8484,13.0796,9.0505,6.0061,4.1205,2.0590
41.406,0.003919168597392987,1.0,1.3266907062007368e-35,4,187.061,-0.796206,0.0410998,14340.7,0.0,15.9084,37.6243,64.3241,133.0780,200.0000,200.0000,106.9880,51.7151,37.7776,29.7595,24.5507,20.8950,17.2924,14.4481,11.0472,7.5225,4.9320,3.3579,1.6623
41.509,0.043891475519193736,1.0,2.2297690699115786e-36,4,189.983,-0.831076,0.0292277,14558.3,0.0,16.0120,36.8923,61.2954,118.3740,200.0000,200.0000,200.0000,86.0823,49.4420,34.6824,26.7107,21.7200,17.2183,13.9230,10.2503,6.7201,4.2873,2.8707,1.3933
41.627,0.011505886958503523,1.0,2.6233010130602735e-37,4,193.456,-0.857596,0.0104492,14819.1,0.0,15.9295,35.3076,56.3820,99.9678,187.8600,200.0000,200.0000,200.0000,200.0000,81.7709,44.5603,30.6259,21.3026,15.8063,10.6568,6.4615,3.9172,2.5473,1.1959
41.745,0.011134423218349947,1.0,3.0862874088552817e-38,5,196.934,-0.870498,0.00615597,15066.0,0.0,15.9703,35.1002,55.5906,96.9530,176.4230,200.0000,200.0000,200.0000,200.0000,126.2210,52.2112,32.9143,21.6927,15.6124,10.2378,6.0715,3.6321,2.3447,1.0921
41.847,0.04000820842666892,1.0,5.187123248063072e-39,5,197.093,-0.873232,-0.0119457,13521.4,0.0,15.7084,33.3672,51.1856,84.0535,137.6230,200.0000,200.0000,200.0000,200.0000,200.0000,200.0000,138.1020,42.9141,24.0075,13.1513,6.9143,3.8765,2.4204,1.0888
41.967,0.010487911789800696,1.0,6.102598630113726e-40,5,199.888,-0.856696,-0.0295136,13675.8,0.0,15.3095,31.5293,47.0674,73.7245,112.3410,152.4350,188.3390,200.0000,200.0000,200.0000,200.0000,200.0000,200.0000,60.8974,21.3416,9.2927,4.8046,2.8899,1.2535
42.086,0.002749343148225514,1.0,7.1796462623425e-41,5,202.664,-0.825356,-0.0328991,13853.7,0.0,15.0033,30.7219,45.6389,70.9099,106.8170,143.2440,175.1530,200.0000,200.0000,200.0000,200.0000,200.0000,200.0000,97.6220,28.3931,11.7533,5.9665,3.5606,1.5332
42.187,-0.05292496938556446,1.0,1.206683147311904e-41,5,204.951,-0.795084,-0.0317495,14002.3,0.0,14.7704,30.3037,45.0918,70.2506,106.2300,143.0130,175.4680,200.0000,200.0000,200.0000,200.0000,200.0000,200.0000,103.4630,32.3089,13.6156,6.9559,4.1623,1.7967
42.305,-0.01387396317460941,1.0,1.4196506559809823e-42,5,207.634,-0.766214,-0.0130858,14182.2,0.0,14.7945,31.3610,48.0181,78.5876,127.9800,186.9380,200.0000,200.0000,200.0000,200.0000,200.0000,200.0000,84.5823,45.9264,24.7406,12.8842,7.1899,4.4791,2.0102
42.406,-0.004546220253056012,1.0,2.3860068575072373e-43,5,209.863,-0.75225,-0.00850701,14328.5,0.0,14.7434,31.5153,48.6229,80.6816,134.3750,200.0000,200.0000,200.0000,200.0000,200.0000,200.0000,166.1610,70.2440,42.3276,24.2624,13.1060,7.4480,4.6817,2.1204
42.506,-0.001489705452521394,1.0,4.0101617254124144e-44,5,212.075,-0.7429,-0.00734901,14472.5,0.0,14.6815,31.4501,48.6177,80.9646,135.6600,200.0000,200.0000,200.0000,200.0000,200.0000,200.0000,152.6710,69.1139,42.5237,24.7118,13.4640,7.6854,4.8416,2.1978
42.607,-0.0004881466826822104,1.0,6.739878811900644e-45,5,214.263,-0.735157,-0.00716519,14616.5,0.0,14.6189,31.3267,48.4421,80.7188,135.3790,200.0000,200.0000,200.0000,200.0000,200.0000,200.0000,154.4590,70.6139,43.5837,25.3815,13.8475,7.9098,4.9847,2.2635
42.727,-0.0001279647239850454,1.0,7.929400023412992e-46,5,216.855,-0.726349,-0.00729966,14788.6,0.0,14.5428,31.1558,48.1668,80.2261,134.4570,200.0000,200.0000,200.0000,200.0000,200.0000,200.0000,161.7090,73.4009,45.1998,26.2819,14.3247,8.1782,5.1526,2.3392
42.828,-4.1931480755419675e-05,1.0,1.3326942619350216e-46,5,218.985,-0.718937,-0.00738978,14933.9,0.0,14.4791,31.0141,47.9404,79.8264,133.7240,200.0000,200.0000,200.0000,200.0000,200.0000,200.0000,167.5760,75.6937,46.5395,27.0327,14.7242,8.4034,5.2936,2.4027
42.946,-1.0992086091148735e-05,1.0,1.5679014722239337e-47,6,220.335,-0.709884,-0.00742531,13747.8,0.0,14.4023,30.8476,47.6802,79.3844,132.9590,200.0000,200.0000,200.0000,200.0000,199.9590,195.0490,173.5860,78.2563,48.0854,27.9193,15.2031,8.6756,5.4646,2.4802
43.067,-2.881509416278094e-06,1.0,1.844620403056736e-48,6,221.413,-0.700765,-0.00744462,13801.0,0.0,14.3252,30.6814,47.4218,78.9493,132.2160,200.0000,200.0000,199.1300,196.1790,192.6180,187.9360,178.0050,80.7865,49.6234,28.8058,15.6836,8.9491,5.6367,2.5582
43.169,-9.442130055260058e-07,1.0,3.100253511417457e-49,6,223.101,-0.693097,-0.00744295,13905.6,0.0,14.2607,30.5433,47.2083,78.5943,131.6230,199.4560,196.1930,192.7860,189.9020,186.4430,181.9450,173.6420,82.8503,50.8927,29.5431,16.0853,9.1784,5.7811,2.6238
43.286,-2.475197741206093e-07,1.0,3.647417253647524e-50,6,225.1,-0.68384,-0.00744295,14028.0,0.0,14.1827,30.3763,46.9502,78.1646,130.9040,191.6380,188.4340,185.1080,182.3080,178.9720,174.6930,167.4850,85.3493,52.4277,30.4342,16.5704,9.4552,5.9555,2.7029
43.387,-8.110727958384126e-08,1.0,6.130214178205392e-51,6,226.747,-0.676045,-0.00744295,14128.0,0.0,14.1170,30.2356,46.7329,77.8028,130.2970,185.0630,181.9120,178.6560,175.9280,172.6960,168.5970,162.0720,87.4537,53.7204,31.1846,16.9790,9.6883,6.1024,2.7695
43.506,-2.1261786699226482e-08,1.0,7.212135678516863e-52,6,228.698,-0.666622,-0.00744295,14248.2,0.0,14.0377,30.0656,46.4701,77.3653,129.5650,177.1020,174.0170,170.8480,168.2090,165.1050,161.2200,155.3660,89.9975,55.2830,32.0917,17.4729,9.9702,6.2799,2.8501
43.607,-6.9670622656025334e-09,1.0,1.2121436434883292e-52,6,230.306,-0.658734,-0.00744295,14348.2,0.0,13.9712,29.9234,46.2502,76.9992,128.9520,170.4080,167.3820,164.2890,161.7260,158.7290,155.0200,149.6440,92.1268,56.5910,32.8510,17.8863,10.2060,6.4284,2.9175
43.726,-1.8263735705541105e-09,1.0,1.4260748751275845e-53,6,232.217,-0.64918,-0.00744295,14465.1,0.0,13.8908,29.7510,45.9838,76.5557,128.2090,162.3040,159.3520,156.3540,153.8850,151.0190,147.5200,142.6510,94.7059,58.1752,33.7706,18.3870,10.4918,6.6084,2.9992
43.827,-5.984660915991709e-10,1.0,2.3968040426269316e-54,6,233.792,-0.641137,-0.00744295,14564.8,0.0,13.8230,29.6059,45.7596,76.1823,127.5840,155.4920,152.6060,149.6900,147.3010,144.5470,141.2210,136.7310,96.8771,59.5090,34.5449,18.8085,10.7323,6.7599,3.0680
43.946,-1.5688429511617305e-10,1.0,2.8198159881101592e-55,6,235.671,-0.631441,-0.00744295,14678.6,0.0,13.7413,29.4310,45.4892,75.7322,151.6490,147.2450,144.4420,141.6290,139.3400,136.7220,133.6010,129.5250,99.4947,61.1169,35.4783,19.3168,11.0223,6.9425,3.1509
44.067,-4.1126276658934066e-11,1.0,3.317485311851721e-56,6,237.536,-0.621648,-0.00744295,14790.5,0.0,13.6589,29.2543,45.2161,75.2776,143.2220,138.9210,136.2070,133.5010,131.3150,128.8350,125.9180,122.2190,102.1380,62.7409,36.4210,19.8300,11.3152,7.1270,3.2346
44.187,-1.0781006668479614e-11,1.0,3.9029882945404306e-57,6,239.379,-0.611794,-0.00743532,14897.9,0.0,13.5760,29.0772,44.9429,74.8246,134.7060,130.5150,127.8960,125.3030,123.2230,120.8830,118.1680,114.8170,104.7630,64.3613,37.3650,20.3451,11.6094,7.3125,3.3188
44.307,-2.8261762121019195e-12,1.0,4.591826698643871e-58,6,241.191,-0.601858,-0.00739098,15006.9,0.0,13.4929,28.9016,44.6749,74.3886,126.0930,122.0250,119.5050,117.0300,115.0590,112.8620,110.3440,107.3130,100.6420,65.9279,38.2941,20.8578,11.9040,7.4986,3.4036
44.425,-7.408651369452456e-13,1.0,5.402238192687529e-59,6,242.98,-0.591878,-0.00731587,15115.5,0.0,13.4098,28.7276,44.4117,73.9678,117.3850,113.4510,111.0380,108.6850,106.8270,104.7740,102.4510,99.7195,94.3415,67.4407,39.2069,21.3667,12.1979,7.6849,3.4886
44.526,-2.427666880742181e-13,1.0,9.079541730449932e-60,6,244.451,-0.583539,-0.00724578,15205.5,0.0,13.3405,28.5828,44.1931,73.6199,110.0570,106.2440,103.9250,101.6810,99.9197,97.9882,95.8281,93.3324,88.7235,68.6864,39.9633,21.7901,12.4429,7.8403,3.5597
44.627,-7.954978834815977e-14,0.967371875,1.52599857863672e-60,6,245.901,-0.575177,-0.00718188,15292.0,0.0,13.2709,28.4371,43.9725,73.2672,102.6630,98.9825,96.7644,94.6326,92.9722,91.1655,89.1669,86.8975,82.9118,69.9426,40.7241,22.2153,12.6888,7.9962,3.6309
44.746,-2.0853499716739993e-14,0.39571012654999993,0.0795281982421875,6,246.577,-0.565118,-0.00716066,15170.2,0.0,13.1864,28.2572,43.6959,99.5589,93.7188,90.2138,88.1253,86.1367,84.6020,82.9484,81.1436,79.1348,75.7749,69.7031,41.6742,22.7371,12.9879,8.1850,3.7168
44.847,-6.83327478718136e-15,0.129666294267904,0.5851189916564942,6,241.57,-0.556737,-0.00727463,14597.4,0.0,13.1143,28.0968,43.4394,91.9710,86.3064,82.9615,80.9885,79.1252,77.6989,76.1751,74.5306,72.7289,69.8163,65.3301,42.5547,23.1982,13.2455,8.3456,3.7889
44.966,-1.7913019858108703e-15,0.033991241044565426,0.8100309661445365,6,227.369,-0.546843,-0.00699449,13525.1,0.0,13.0345,27.9404,43.2183,83.1315,77.6919,74.5417,72.7060,70.9892,69.6874,68.3103,66.8421,65.2604,62.7833,59.3155,43.3109,23.6586,13.5227,8.5247,3.8723
45.068,-5.869738347105059e-16,0.0111382498654832,0.8398448137206349,6,213.97,-0.539106,-0.00644279,12644.9,0.0,12.9764,27.8443,43.1103,76.1263,70.8851,67.8981,66.1749,64.5763,63.3734,62.1106,60.7772,59.3579,57.1825,54.2874,43.6673,23.9484,13.7167,8.6561,3.9363
45.187,-1.5387166892635086e-16,0.0029198253727372283,0.8418951519248438,6,198.218,-0.530573,-0.00614524,11636.4,0.0,12.9083,27.7133,43.6457,68.2449,63.2650,60.4819,58.8962,57.4396,56.3536,55.2241,54.0444,52.8059,50.9497,48.5889,42.6615,24.3295,13.9505,8.8086,4.0079
45.287,0.0571293047759687,0.0009567683781385349,0.3294469208451414,5,186.02,-0.523874,-0.00663209,12118.8,0.0,12.8456,27.5539,69.0108,62.1385,57.3969,54.7909,53.3219,51.9837,50.9939,49.9721,48.9144,47.8156,46.1956,44.1951,39.7254,24.7802,14.1831,8.9472,4.0671
45.406,0.12226593505997853,0.0002508110897187481,0.03875910079051005,5,177.687,-0.511647,-0.0310168,11776.3,0.0,12.4467,25.5681,63.4887,57.0828,52.8305,50.5520,49.2893,48.1544,47.3253,46.4797,45.6164,44.7339,43.4630,41.9531,38.9127,31.1866,16.5098,9.8961,4.2786
45.525,0.150856262186078,0.02144744588792823,0.004559969448902718,5,174.995,-0.467024,-0.097645,11619.5,0.0,11.3918,21.1490,61.3443,55.0093,51.3847,49.4860,48.4488,47.5270,46.8601,46.1860,45.5047,44.8159,43.8386,42.7025,40.5131,35.8628,26.7625,13.7934,5.0376
45.627,0.16161333355188404,0.03125416469355632,0.0007663940652770797,5,172.983,-0.390245,-0.156996,11492.5,0.0,10.3112,17.7706,24.8127,53.2463,49.9048,48.2368,47.3325,46.5329,45.9571,45.3774,44.7939,44.2065,43.3778,42.4217,40.6035,36.8689,30.3584,20.5766,6.2236
45.746,0.11132835880448759,0.04307843237442762,9.016549538578316e-05,4,170.789,-0.245712,-0.222917,12613.6,0.0,8.8355,14.1950,19.0529,51.0425,47.4567,45.8914,45.1019,44.4093,43.9125,43.4139,42.9137,42.4120,41.7072,40.8986,39.3746,36.3061,31.1899,24.2647,8.4865
45.867,0.16975654869932483,0.20933735413886195,1.0607880366642005e-05,4,168.837,-0.0465937,-0.2749,12562.2,0.0,7.1972,11.2596,15.6134,48.0696,44.3088,42.6824,41.8743,41.1984,40.7325,40.2800,39.8401,39.4034,38.7922,38.0943,36.7884,34.1975,29.9944,24.5344,11.3985
45.986,0.23029215547051707,0.3497207852696278,1.2480065172550653e-06,4,167.898,0.205433,-0.33091,12591.4,0.0,5.3379,8.7596,12.8847,45.6369,41.6056,39.8844,39.0341,38.3253,37.8379,37.3656,36.9077,36.4637,35.8642,35.2090,34.0577,31.8467,28.3310,23.8769,13.1190
46.087,0.2478113066728603,0.46365471004215164,2.0975245535505884e-07,4,167.499,0.427161,-0.285273,12634.1,0.0,3.9925,6.9622,10.7856,45.2535,40.6440,38.7115,37.7644,36.9787,36.4405,35.9204,35.4176,34.9313,34.2768,33.5643,32.3215,30.1514,27.0575,23.1982,13.8634
46.206,0.23390146009513152,0.5953978885905397,2.4677166620067322e-08,4,167.751,0.611253,-0.172859,12732.3,0.0,2.9129,5.8005,58.8483,45.0100,39.5674,37.3471,36.2716,35.3856,34.7819,34.2011,33.6418,33.1031,32.3812,31.5994,30.2463,27.9139,24.8713,21.6233,13.9092
46.326,0.2044597129986594,0.6826534079348033,2.9032439756843e-09,4,168.67,0.689814,-0.0559332,12832.9,0.0,2.5676,6.9189,66.4094,46.6741,39.7296,37.0131,35.7205,34.6666,33.9542,33.2730,32.6209,31.9964,31.1650,30.2716,28.7420,26.1536,22.8638,19.6575,13.3155
46.446,0.1708685652791618,0.7484734258290361,3.4156375049528237e-10,4,170.005,0.660922,0.0612347,12934.1,0.0,3.2314,130.4130,85.5074,52.0240,42.0013,38.3457,36.6543,35.2977,34.3916,33.5334,32.7194,31.9463,30.9273,29.8448,28.0207,25.0153,21.3345,17.8835,12.1926
46.547,0.141738122059757,0.8048551862381585,5.7406619545742095e-11,4,171.458,0.555799,0.160201,13052.7,0.0,5.0546,46.3947,97.6170,61.2363,46.0349,40.9879,38.7337,36.9610,35.7941,34.7012,33.6756,32.7112,31.4543,30.1363,27.9550,24.4648,20.3563,16.6576,10.9190
46.647,0.11205993674882242,0.8409308458640198,9.648330547052874e-12,4,173.29,0.377465,0.233878,13189.1,0.0,7.1285,38.2789,103.9060,73.4603,50.6018,43.7061,40.7552,38.4876,37.0197,35.6623,34.4034,33.2328,31.7256,30.1675,27.6373,23.7102,19.2680,15.4243,9.7035
46.767,0.10064816938096456,0.8746188994863026,1.135116440530224e-12,4,175.743,0.157692,0.193515,13547.3,0.0,9.0583,36.7129,109.2720,79.6476,56.2957,46.5181,42.5850,39.6575,37.8045,36.1196,34.5810,33.1706,31.3826,29.5667,26.6856,22.3730,17.7135,13.8556,8.3699
46.886,0.10724037232248482,0.9407648354588122,1.3354531411194034e-13,4,178.497,-0.0287322,0.147503,13816.5,0.0,10.3650,33.7158,120.4770,84.8033,68.2230,56.2060,49.5714,44.9373,42.1280,39.6521,37.4537,35.4889,33.0648,30.6758,27.0285,21.8738,16.6784,12.6414,7.2541
47.008,0.11955415489198672,0.9780765074171398,1.5711472659955672e-14,4,181.552,-0.175598,0.0993683,14092.6,0.0,11.1348,30.6462,135.4390,91.3647,75.1329,67.3436,62.6895,58.1107,54.3244,49.8606,45.8491,42.4381,38.4393,34.7080,29.3772,22.5110,16.2752,11.8403,6.3926
47.127,0.13368682264204623,0.9890333133509837,1.848439046971125e-15,4,184.684,-0.278324,0.0470201,14354.2,0.0,11.3951,27.3179,47.4869,104.7160,82.2037,74.2522,70.5890,67.3475,64.9504,62.4703,59.8882,57.1767,53.0762,47.6433,37.1462,25.7149,17.0705,11.7139,5.8549
47.228,0.11442464948924572,0.9916504615094752,3.1066715062443695e-16,4,187.294,-0.325305,0.00284308,14532.7,0.0,11.2777,24.6279,38.7648,119.8860,92.2137,81.4386,76.6808,72.9627,70.5265,68.2528,66.1152,63.9762,60.9056,57.2648,49.8853,32.4657,19.2137,12.3324,5.7088
47.345,0.05251187708214608,0.9945941357694398,3.6549679603814387e-17,4,190.583,-0.331928,-0.0427802,14644.3,0.0,10.8478,21.8523,32.0234,136.2000,106.1360,92.6289,85.9833,80.8361,77.5280,74.4857,71.6784,69.0800,65.7514,62.3305,56.5182,44.3050,24.1634,14.0729,5.9277
47.447,0.01972058307747763,0.99625094234643,6.142904651013085e-18,4,193.491,-0.300855,-0.0625842,14744.4,0.0,10.4076,20.3223,29.0497,139.6920,109.2170,95.4404,88.5840,82.8926,79.1381,75.7143,72.5799,69.6998,66.0396,62.3112,56.3739,46.0412,28.6676,15.7824,6.3415
47.566,0.005169632530262295,0.9968843429679625,7.227065892870386e-19,5,196.888,-0.236686,-0.0691202,15047.9,0.0,9.8377,19.0214,27.2997,133.4890,103.7340,90.4318,83.8554,78.4198,74.7574,71.4108,68.3560,65.5566,62.0092,58.4078,52.6975,43.7292,30.5371,17.6497,6.9753
47.687,0.16066750597834809,0.9962974554529935,8.502570752303082e-20,5,197.398,-0.1569,-0.0956977,13535.3,0.0,8.9980,16.7495,24.0632,139.2650,108.8700,95.1420,88.3134,82.6454,78.7804,75.0730,71.5257,68.1726,63.9678,59.7659,53.2373,43.7684,32.5809,21.1568,7.9499
47.787,0.0526475283589851,0.9962534240309618,1.4290270663395794e-20,5,199.427,-0.0558236,-0.147634,13616.3,0.0,7.8849,13.7844,19.0312,48.5601,130.8950,115.7720,108.0850,101.6040,97.1270,92.7841,88.5814,84.5246,79.0995,73.2744,63.4688,49.5898,36.5135,25.2632,9.5147
47.908,0.013801233674137787,0.9967886185266724,1.6812360532778518e-21,5,202.055,0.108902,-0.16878,13723.7,0.0,6.5536,11.6415,16.5529,39.3472,134.4420,119.2490,111.5370,105.0260,100.5220,96.1461,91.9057,87.8061,82.3124,76.3972,66.3810,50.8256,36.4357,26.1078,11.2477
48.026,0.022944826479179427,0.997410791552556,1.9779574043208602e-22,5,204.664,0.289246,-0.141448,13863.9,0.0,5.4055,10.4084,16.1436,53.0011,128.2420,113.5570,106.1610,99.9434,95.6572,91.5057,87.4945,83.6285,78.4648,72.9270,63.5975,48.8918,34.8202,25.0564,12.1170
48.146,0.10754410599533301,0.9991173963376282,2.327047106609449e-23,5,206.88,0.420979,-0.109436,14127.7,0.0,4.5101,9.0014,14.4203,31.2174,147.5900,128.0960,119.6970,113.0740,108.4910,104.0270,99.6863,95.4755,89.8085,83.6694,73.1711,56.1575,38.0504,26.1366,12.8400
48.246,0.035240052652550716,1.0,3.911068072078501e-24,5,208.739,0.503455,-0.086119,14281.6,0.0,3.9395,8.0936,12.8591,22.7121,42.9417,150.3730,138.2570,129.1700,123.3890,118.1120,113.2760,108.7560,102.6390,95.9491,84.3365,64.9789,43.3684,28.2377,13.2334
48.349,0.01154746045318782,1.0,6.5733321087423375e-25,5,210.738,0.551729,-0.0329626,14466.3,0.0,3.7338,8.1062,12.6931,21.6533,38.6844,151.8240,138.8630,129.2300,123.1400,117.6060,112.5570,107.9310,101.9540,95.4423,84.1542,65.3484,44.2252,28.7535,13.2383
48.465,0.003027097473040468,0.9995263671875,7.733459492614273e-26,5,213.029,0.556503,-0.00211651,14892.6,0.0,3.7553,8.1234,12.6725,21.4648,43.1604,144.5880,132.0800,122.8050,116.9490,111.6340,106.7890,102.3540,96.7015,90.6185,80.1391,62.8297,43.4195,28.8381,13.2354
48.567,0.0009919192999659006,1.0,1.2997625369236812e-26,5,215.399,0.557459,-0.00313312,14762.9,0.0,3.7434,8.0822,12.5856,21.3013,182.6150,137.7810,125.7840,116.8970,111.2910,106.2050,101.5720,97.3325,91.9593,86.2457,76.4527,60.3907,42.4027,28.6916,13.2571
48.671,0.00032503211621282636,1.0,2.184510895807631e-27,5,217.54,0.560117,-0.003362,14833.2,0.0,3.7201,8.0284,12.4968,21.9209,170.5900,130.1620,118.8130,110.4070,105.1050,100.2970,95.9152,91.9080,86.8382,81.5075,72.4180,57.6128,41.0533,28.2641,13.2828
48.787,0.0689179259643475,1.0,2.57005522380872e-28,5,219.978,0.565174,-0.0115255,14981.6,0.0,3.6478,7.7671,12.1448,22.2938,176.5670,127.9100,116.1280,107.4930,102.0810,97.1938,92.7609,88.7207,83.6318,78.4860,69.8742,55.8957,40.2464,28.0354,13.4065
48.908,0.01806642078399791,1.0,3.023644270258721e-29,6,220.336,0.590485,-0.0353535,13456.5,0.0,3.3678,7.0059,10.7295,18.4672,200.0000,168.8360,135.1590,120.8990,113.5470,107.0670,101.2950,96.1187,89.7130,83.3783,73.6645,58.8982,42.2511,29.2489,13.8074
49.009,0.005920004762500436,1.0,5.081838925023833e-30,6,221.691,0.616531,-0.0256618,13824.9,0.0,3.1822,6.7292,10.4649,18.6879,200.0000,172.6580,137.7930,119.9580,111.9540,105.2790,99.3619,94.0808,87.5768,81.1777,71.4298,57.2513,41.4189,28.9553,13.8939
49.125,0.005762280841742164,1.0,5.97873267690129e-31,6,223.645,0.634506,-0.00752241,13939.3,0.0,3.0870,6.7531,10.8805,21.6852,200.0000,163.9580,129.5330,112.6570,105.0280,98.7053,93.1072,88.1171,81.9758,75.9417,66.7626,53.7030,39.3733,27.9661,13.7984
49.246,0.05733697409334566,1.0,7.0339192070476e-32,6,225.44,0.639242,-0.0191949,14066.6,0.0,3.0120,6.4392,10.1166,18.5170,200.0000,200.0000,182.6910,162.7200,145.3500,122.5100,109.6760,101.3330,92.6057,84.3935,72.3956,56.4629,41.0014,28.8536,13.9964
49.347,0.018788179670907505,1.0,1.18219080112849e-32,6,226.937,0.651647,-0.0247677,14147.5,0.0,2.8926,6.1153,9.4919,16.7574,200.0000,200.0000,200.0000,190.7870,176.5890,163.0950,147.8010,128.1420,105.2990,92.9481,77.8710,58.9017,42.0275,29.4592,14.1791
49.447,0.006156510714562972,1.0,1.986908079456653e-33,6,228.485,0.665777,-0.013675,14229.7,0.0,2.8050,6.0513,9.5851,17.8671,200.0000,200.0000,200.0000,193.1290,178.0370,164.9910,151.4670,135.9130,108.3770,92.7504,76.7963,57.5765,40.8148,28.8835,14.1432
49.547,0.130482483346198,1.0,3.3393964091427966e-34,6,230.003,0.670726,-0.00269062,14312.9,0.0,2.7938,6.1576,9.9814,20.0785,124.3660,200.0000,200.0000,196.6590,180.4440,166.7110,154.3230,140.9390,118.0580,94.1402,76.0709,56.4756,39.6909,28.2040,14.0350
49.666,0.052172790084801725,1.0,3.9287664813924104e-35,6,231.431,0.686167,-0.0433868,14423.7,0.0,2.5600,5.2264,7.8316,12.6805,22.5478,45.8729,84.6372,105.5500,200.0000,200.0000,200.0000,200.0000,200.0000,188.8070,148.4210,77.6908,48.0031,31.6191,14.7470
49.768,0.017095979854987828,1.0,6.603077825276225e-36,6,232.822,0.721298,-0.045493,14466.3,0.0,2.2684,4.6070,6.8621,10.9425,18.3256,29.1401,42.5423,69.5532,85.8254,98.6275,124.4690,200.0000,200.0000,200.0000,172.4890,97.8288,51.6723,32.9587,15.0824
49.888,0.004481608543105929,1.0,7.768455030659228e-37,6,234.501,0.765396,-0.0307758,14566.1,0.0,1.9353,4.0233,6.1124,10.0983,17.0008,25.8742,35.8700,54.1976,70.9358,83.4666,95.3439,200.0000,200.0000,200.0000,179.7770,111.5800,53.0986,33.5083,15.2374
50.007,-0.1092142554736823,1.0,9.139509659020278e-38,6,236.1,0.79037,-0.0030368,14672.6,0.0,1.7763,3.8626,6.0553,10.3530,18.1584,29.1993,43.2320,62.5527,73.7844,84.2401,106.2160,200.0000,200.0000,200.0000,165.5150,105.9140,51.5451,32.9427,15.1858
50.126,-0.028629861786892963,1.0,1.075254171874077e-38,6,237.494,0.769243,0.043678,14786.6,0.0,2.0495,4.8756,8.3910,17.6566,49.7210,77.5750,200.0000,200.0000,200.0000,200.0000,194.9570,177.2890,157.3460,139.4450,114.1040,69.1777,42.3909,28.9611,14.3976
50.247,-0.00750514648826327,1.0,1.265025780668133e-39,6,239.03,0.711858,0.0544907,14869.4,0.0,2.5899,6.3192,11.2024,25.5632,60.5716,200.0000,200.0000,200.0000,200.0000,183.4620,167.1910,153.5830,137.8870,123.4880,101.7070,63.9516,39.4921,27.2747,13.7948
50.367,0.041776664894761964,1.0,1.4882901806982513e-40,6,240.55,0.640241,0.0550458,14962.5,0.0,3.2356,7.9052,14.0366,31.4858,59.9160,200.0000,200.0000,200.0000,200.0000,174.4520,159.0690,146.1880,131.3170,117.6620,97.6012,64.4335,38.2512,26.0980,13.2111
50.488,0.010951502042172483,1.0,1.750958514689686e-41,6,242.018,0.575316,0.0379526,15055.0,0.0,3.7485,8.8030,14.9320,28.5807,48.0953,70.2038,200.0000,200.0000,200.0000,200.0000,200.0000,166.3330,146.5700,129.0690,105.5040,73.1073,40.8728,26.3505,12.8873
50.607,0.002870870551343263,1.0,2.059985182947269e-42,6,243.482,0.5238,0.0338351,15144.1,0.0,4.1847,9.7366,16.0465,28.0218,43.8882,64.9382,194.3140,200.0000,200.0000,200.0000,200.0000,200.0000,146.6650,128.5060,104.3390,73.8610,42.6886,26.3428,12.5137
50.710,0.020910336856795407,1.0,3.462217096979475e-43,6,244.688,0.485011,0.032931,15216.6,0.0,4.5177,10.2750,16.3909,27.2496,41.5784,70.2266,187.6690,196.7730,200.0000,200.0000,200.0000,200.0000,143.2030,125.3270,101.6010,72.7640,43.9464,26.5604,12.2684
50.827,0.012300269540187774,1.0,4.0732637924253823e-44,6,246.076,0.453832,0.00463455,15286.2,0.0,4.6402,9.9204,15.0197,23.2635,33.6673,46.3508,169.2350,178.3280,184.3580,190.8150,197.7560,200.0000,200.0000,139.4910,109.8060,77.1329,48.0336,28.7997,12.3923
50.946,0.0032244418583429837,1.0,4.792154119150538e-45,6,247.402,0.459966,-0.0173028,15387.7,0.0,4.4912,9.2504,13.6091,20.3224,29.4998,41.0129,158.1970,167.3900,173.1000,179.0380,185.4120,192.2720,200.0000,142.3010,110.7130,76.8128,49.2345,30.4965,12.7355
51.068,0.0008452680865134631,1.0,5.637921399639418e-46,6,248.674,0.495224,-0.0352214,15572.1,0.0,4.1288,8.2734,11.9376,17.8802,26.8422,39.7270,150.6030,159.1910,164.6060,170.2330,176.2730,182.7710,192.7430,200.0000,108.0670,74.8157,48.9436,31.2993,13.3054
51.188,0.014834350203520984,1.0,6.632958147461779e-47,6,250.012,0.555944,-0.0539039,15749.4,0.0,3.5724,7.0558,10.2793,15.7953,24.7181,41.2856,142.4600,150.5480,155.6790,160.9680,166.6430,172.7450,182.1030,194.1610,106.0760,73.1395,48.2732,31.6811,13.9524
51.288,0.004860919874689756,1.0,1.1148012758439012e-47,6,251.09,0.621216,-0.0546239,15990.2,0.0,3.0579,6.1231,9.0132,14.0723,22.5745,41.7526,133.1880,141.2980,146.3340,151.2250,156.4510,162.0630,170.6550,181.6980,107.7270,73.3054,48.0374,32.0049,14.3969
51.407,0.004643717165630672,1.0,1.3115525530175915e-48,6,252.863,0.684352,-0.0394672,15900.9,0.0,2.5831,5.2935,7.9414,12.8163,21.9815,86.2017,124.5000,132.1530,136.9410,141.5160,146.3560,151.5500,159.4950,169.6940,106.9310,72.2340,47.0801,31.7806,14.7143
51.507,0.0015216532408338585,1.0,2.2043263758566658e-49,6,254.293,0.721308,-0.0262077,15874.7,0.0,2.3088,4.8361,7.3956,12.3801,23.4186,103.9060,117.6460,124.8330,129.3830,133.7130,138.2570,143.1320,150.5850,160.1430,181.8830,71.1877,46.2395,31.2992,14.8312
51.608,0.0004986153339564387,1.0,3.7048113399022983e-50,6,255.63,0.742859,-0.011669,15922.7,0.0,2.1603,4.6439,7.2772,12.8414,29.7562,101.2000,111.5200,118.1280,122.3940,126.4830,130.7750,135.3800,142.4180,151.4430,171.9650,69.6630,45.2145,30.5927,14.7994
51.727,0.00013070901810467668,1.0,4.358673493281655e-51,6,257.196,0.746414,0.00632065,15982.5,0.0,2.1690,4.8300,7.8513,15.2492,39.2279,95.9984,104.2990,110.2320,114.1540,117.9550,121.9580,126.2520,132.8170,141.2350,160.3760,67.6644,43.9205,29.7182,14.5745
51.828,4.283073105254045e-05,1.0,7.325622540158478e-52,6,258.44,0.729863,0.0213715,16046.7,0.0,2.3472,5.4004,9.1035,18.3152,47.1186,91.0119,98.1731,103.5930,107.2340,110.7950,114.5550,118.5890,124.7550,132.6620,150.6430,66.0046,42.8436,28.9899,14.2448
51.946,1.1227819161037165e-05,1.0,8.618521662271047e-53,6,259.859,0.686369,0.0365655,16141.7,0.0,2.7641,6.4714,10.9397,22.0084,56.6093,84.6244,90.7201,95.5651,98.8787,102.1520,105.6190,109.3380,115.0230,122.3130,138.8900,64.0099,41.5479,28.1127,13.8136
52.048,-0.041421957046342314,1.0,1.4485149357778952e-53,6,261.039,0.641578,0.0412075,16221.7,0.0,3.1748,7.5104,12.8436,26.5902,68.5995,80.9407,86.1521,90.4799,93.4989,96.6190,99.9624,103.5540,109.0530,116.1210,132.2620,60.5546,39.7106,27.0409,13.3890
52.167,-0.010858517507956359,1.0,1.704163336793336e-54,6,262.429,0.573519,0.0593993,16320.9,0.0,3.8544,9.5174,17.1188,40.7905,71.5361,80.0288,84.3795,88.3319,91.3980,94.6923,98.2406,102.0730,107.9850,115.6620,133.5290,52.2833,35.5448,24.7718,12.6246
52.288,-0.0028464952136057113,1.0,2.004931124103992e-55,6,263.851,0.487959,0.0631539,16387.9,0.0,4.6474,11.5826,21.0767,50.0961,66.5458,73.7325,77.6017,81.2932,84.1607,87.2448,90.5707,94.1674,99.7247,106.9580,123.8670,48.5998,33.1604,23.2136,11.8985
52.405,-0.13087215177789419,0.47677212499999994,2.358781418197106e-56,6,264.675,0.393561,0.0751635,16307.1,0.0,5.5806,14.3453,27.1797,50.9491,63.0327,69.2962,73.0595,76.7172,79.5700,82.6500,85.9845,89.6067,95.2352,102.6210,120.7270,44.3757,29.7795,21.1332,11.0278
52.506,-0.16956344274408036,0.15622868992,0.00588226318359375,6,262.269,0.281977,0.146893,16045.4,0.0,7.2285,23.4557,45.0811,62.0477,76.5098,86.7072,93.3714,100.1210,105.5810,111.7010,139.3740,138.3790,136.8230,134.7660,37.5940,28.9352,22.0499,16.7050,9.5791
52.609,-0.05556254891838025,0.051193017112985593,0.5575989621734619,6,256.716,0.105372,0.212731,15473.4,0.0,9.9059,35.8958,53.9128,76.1774,101.7920,130.7180,128.9620,127.1990,125.7810,124.2090,34.4952,31.1806,28.5001,26.4302,23.7887,20.1785,16.1864,12.8071,7.8912
52.726,-0.014565388823659872,0.013419942278066496,0.8601337306254526,6,241.389,-0.167896,0.228337,14349.0,0.0,13.2541,37.4804,53.8823,78.0245,123.3150,120.3000,118.3520,116.3940,114.8170,26.3437,23.8158,22.1640,20.4803,19.0434,17.0852,14.5398,11.7771,9.3998,5.8819
52.828,0.08049670289763812,0.00439744668567683,0.9136350584609562,6,226.622,-0.403662,0.222066,13397.5,0.0,15.4580,36.0866,50.9382,73.0094,117.1100,114.3280,112.5600,110.8040,109.4110,107.8740,19.9673,18.0017,16.2272,14.8013,12.9568,10.6859,8.5550,6.8047,4.2320
52.947,0.02110172768439845,0.001152764263970067,0.9264864832926777,6,208.944,-0.662393,0.204261,12266.3,0.0,16.2801,33.2741,46.0482,64.2849,111.0380,108.6910,107.2300,105.8080,104.6970,103.4940,102.1890,100.7630,13.7519,11.5421,9.3688,7.1526,5.3392,4.0588,2.4237
53.067,0.005531691302098947,0.0003021902352141693,0.9212420730800291,6,188.392,-0.850346,0.119236,11242.8,0.0,16.4984,31.9236,44.2226,61.8203,104.0130,101.7120,100.2960,98.9281,97.8654,96.7231,95.4923,94.1566,11.0849,8.0530,6.0129,4.2409,2.9518,2.1212,1.1468
53.187,0.0014500996846974262,7.92173570199832e-05,0.7674604694284974,6,174.922,-0.931313,0.0485951,10097.7,0.0,16.2912,30.9171,43.0329,60.5576,97.2868,94.9838,93.5796,92.2303,91.1875,90.0731,88.8768,87.5841,85.5841,7.8237,4.3085,2.6418,1.6710,1.1266,0.5575
53.305,0.00038013493174532214,2.0766354838646473e-05,0.8190121077840287,5,164.928,-0.946896,-0.0155104,9404.33,0.0,15.6484,29.1961,40.3415,56.1971,91.8756,89.7441,88.4604,87.2390,86.3029,85.3085,84.2517,83.1236,81.4039,79.1944,73.9081,3.4833,1.7176,1.0386,0.4584
53.406,0.00012456261443430714,6.804719153527676e-06,0.8358094176286015,5,157.066,-0.923831,-0.0636771,7712.88,0.0,14.9963,27.5842,37.7322,51.8467,87.8983,85.9407,84.7734,83.6720,82.8343,81.9497,81.0139,80.0247,78.5368,76.6619,72.4595,19.6844,3.4614,1.7698,0.6934
53.527,3.2653341998267014e-05,1.783816297782359e-06,0.8393801050957299,5,150.363,-0.864291,-0.119867,5235.99,0.0,14.1918,25.4999,34.3251,46.1759,83.6154,81.8843,80.8607,79.9032,79.1808,78.4240,77.6299,76.7952,75.5532,74.0200,70.7342,61.0131,9.3735,3.9203,1.3223
53.647,-0.07639970918414489,4.6761673956585864e-07,0.8390272635232259,4,138.924,-0.790684,-0.135319,5235.99,0.0,13.4970,23.8679,31.7901,42.1906,79.1827,77.5954,76.6616,75.7939,75.1431,74.4647,73.7571,73.0183,71.9267,70.5906,67.7939,60.4525,16.9596,6.4394,2.0750
53.747,-0.0438038897114606,1.5322865322094056e-07,0.4139559709022723,4,127.389,-0.73417,-0.143724,5235.99,0.0,12.9885,22.7364,30.0838,39.5967,75.6668,74.1646,73.2846,72.4708,71.8628,71.2313,70.5752,69.8928,68.8902,67.6701,65.1489,58.8337,24.2885,8.5391,2.6648
53.868,-0.01148292686452113,4.016797206995024e-08,0.04870150602068145,3,115.726,-0.67129,-0.148431,8156.32,0.0,12.4738,21.7136,28.6277,37.5130,71.5410,70.0921,69.2506,68.4762,67.9000,67.3037,66.6863,66.0467,65.1115,63.9808,61.6686,56.0695,32.3477,10.8272,3.3161
53.988,-0.0113809171526781,1.0529792870305037e-08,0.005729683481827152,3,110.451,-0.603199,-0.133724,10019.5,0.0,12.0986,21.4368,28.5887,38.0035,66.7461,65.2453,64.3865,63.5993,63.0154,62.4127,61.7900,61.1465,60.2077,59.0796,56.7904,51.3282,31.4741,12.1099,3.9254
54.106,-0.017695959055482973,2.7603220221932435e-09,0.0405558359167191,3,109.189,-0.527123,-0.122073,9903.17,0.0,11.6286,20.9060,28.1520,64.8524,62.2299,60.7293,59.8763,59.0977,58.5222,57.9296,57.3191,56.6899,55.7768,54.6870,52.4918,47.3716,32.5170,13.6401,4.6079
54.225,-0.006681611156012011,7.236018561858256e-10,0.1575261520627153,3,105.479,-0.455699,-0.114511,9442.34,0.0,11.1509,20.2428,27.4390,60.6328,58.0134,56.5440,55.7143,54.9603,54.4050,53.8350,53.2496,52.6484,51.7813,50.7518,48.6981,44.0286,33.0455,15.1616,5.2532
54.327,-0.00597851658685006,2.3710985623497135e-10,0.026475420377180564,3,103.104,-0.400602,-0.111153,9339.77,0.0,10.7576,19.6145,26.6672,57.3422,54.7646,53.3379,52.5368,51.8116,51.2792,50.7341,50.1758,49.6046,48.7838,47.8140,45.8952,41.6231,32.5176,16.4460,5.7606
54.448,-0.0069734290460557215,6.215692615286033e-11,0.0031148067319549167,3,101.842,-0.33778,-0.107939,9243.95,0.0,10.3016,18.8626,25.7873,53.4713,50.9631,49.5947,48.8317,48.1441,47.6411,47.1279,46.6042,46.0706,45.3071,44.4102,42.6529,38.8306,31.3112,17.9130,6.3389
54.566,-0.008310431900254697,1.629406524941542e-11,0.000366453897207764,3,100.852,-0.27765,-0.104326,9155.45,0.0,9.8673,18.1544,26.5575,49.6039,47.1778,45.8717,45.1483,44.4996,44.0269,43.5462,43.0575,42.5616,41.8551,41.0298,39.4282,36.0192,29.6963,19.2340,6.8836
54.666,-0.009552223051468033,5.339239300928445e-12,6.15899065037089e-05,3,100.082,-0.22963,-0.100978,9085.89,0.0,9.5223,17.5987,49.8021,46.3818,44.0326,42.7818,42.0931,41.4780,41.0312,40.5781,40.1191,39.6548,38.9958,38.2295,36.7537,33.6657,28.1586,19.9626,7.3110
54.768,0.03933611795459847,1.749561934128233e-12,1.0351415586078357e-05,3,99.3382,-0.183536,-0.0976356,9023.89,0.0,9.1905,17.1078,46.5537,43.1737,40.9106,39.7190,39.0668,38.4866,38.0667,37.6421,37.2135,36.7812,36.1698,35.4622,34.1097,31.3244,26.5212,19.8432,7.7169
54.887,0.09291759745357027,4.586371636601114e-13,1.2178336922865329e-06,3,98.4223,-0.123202,-0.129702,8938.58,0.0,8.5024,15.4154,43.9008,40.7916,38.7300,37.6566,37.0728,36.5556,36.1826,35.8066,35.4276,35.0457,34.5062,33.8834,32.7022,30.2922,26.2205,20.7165,8.6283
55.006,0.024357790666868724,1.2022898063051627e-13,1.4327691606381835e-07,3,97.5732,-0.0464596,-0.159628,8862.78,0.0,7.7467,14.1166,41.1440,38.2697,36.3827,35.4099,34.8839,34.4197,34.0859,33.7503,33.4131,33.0741,32.5969,32.0478,31.0083,28.9097,25.4175,20.7824,9.7678
55.126,0.03282519869183442,3.1517305898406056e-14,1.685638589799217e-08,3,96.787,0.0397979,-0.167946,8791.59,0.0,7.0659,15.0925,37.7046,34.9625,33.2061,32.3121,31.8317,31.4096,31.1072,30.8041,30.5003,30.1959,29.7689,29.2798,28.3604,26.5245,23.5343,19.6672,10.4669
55.228,0.36609983563884807,1.0327590796789696e-14,2.833052777875544e-09,3,96.0333,0.118572,-0.196918,8720.48,0.0,6.3990,38.5579,35.4752,32.9072,31.2791,30.4541,30.0127,29.6260,29.3495,29.0729,28.7962,28.5195,28.1322,27.6899,26.8621,25.2184,22.5647,19.1605,10.9433
55.346,0.2657697702774586,2.707315961833638e-15,3.3330582626428e-10,3,94.8905,0.238818,-0.262417,8613.4,0.0,5.4386,12.1120,34.2897,32.0761,30.6471,29.9174,29.5246,29.1790,28.9312,28.6826,28.4338,28.1853,27.8377,27.4412,26.7006,25.2344,22.8597,19.7682,11.9116
55.468,0.3247872681277453,7.097066354989173e-16,3.921309715416628e-11,3,93.8378,0.352977,-0.245718,8507.46,0.0,4.6652,10.1658,32.6717,30.7529,29.5086,28.8642,28.5159,28.2101,27.9911,27.7718,27.5520,27.3319,27.0233,26.6701,26.0067,24.6859,22.5572,19.7886,12.5123
55.568,0.2623966689223828,2.3255667032028525e-16,6.590545238700728e-12,3,92.8574,0.430713,-0.227078,8391.84,0.0,4.1555,9.2987,31.1695,29.4836,28.3705,27.7976,27.4881,27.2150,27.0188,26.8216,26.6234,26.4244,26.1444,25.8240,25.2238,24.0286,22.0764,19.5426,12.7956
55.686,0.26370936306770376,6.096333578444084e-17,7.75371056787902e-13,3,91.6366,0.503046,-0.200933,8285.79,0.0,3.6962,9.0838,29.2916,27.8471,26.8948,26.3959,26.1245,25.8856,25.7142,25.5423,25.3698,25.1968,24.9539,24.6751,24.1499,23.0922,21.3570,19.0687,12.9350
55.786,0.3461152563403181,1.9976465869845577e-17,1.3031661351434273e-13,3,90.529,0.547541,-0.173513,8189.54,0.0,3.4386,30.3966,27.7775,26.3709,25.5337,25.0985,24.8621,24.6528,24.5021,24.3503,24.1974,24.0435,23.8264,23.5766,23.1074,22.1676,20.6106,18.5379,12.8941
55.907,0.45476195942773223,5.2367106689848e-18,1.533161926334891e-14,3,88.9075,0.584753,-0.146505,8059.54,0.0,3.2338,29.6013,26.4412,24.7760,23.9575,23.5844,23.3837,23.2066,23.0792,22.9512,22.8224,22.6931,22.5110,22.3015,21.9048,21.0988,19.7466,17.9267,12.7913
56.009,0.4719612726232138,1.7159653520129392e-18,2.576785249591052e-15,2,87.3206,0.604672,-0.130475,9998.46,0.0,3.1287,29.8740,25.9734,23.9554,22.9678,22.5265,22.3041,22.1166,21.9866,21.8598,21.7361,21.6154,21.4514,21.2691,20.9259,20.2324,19.0640,17.4453,12.7183
56.126,0.47625888991264875,4.498300212380799e-19,3.0315620782913764e-16,2,84.9417,0.617867,-0.119017,9625.04,0.0,3.0636,56.8357,26.6703,23.9305,22.6180,22.0361,21.7439,21.4978,21.3274,21.1612,20.9992,20.8412,20.6267,20.3904,19.9721,19.2232,18.1855,16.8342,12.6333
56.226,0.48232132842638337,1.47400301359294e-19,5.095146384984316e-17,2,82.6284,0.621669,-0.119371,9329.06,0.0,3.0348,48.2492,55.0237,25.1344,23.3456,22.5655,22.1765,21.8504,21.6252,21.4063,21.1933,20.9861,20.7053,20.3972,19.8537,18.8864,17.5680,16.1941,12.4995
56.328,0.48930778146733345,4.8300130749413454e-20,8.563412529243141e-18,2,80.3737,0.619226,-0.0989454,9082.72,0.0,3.1701,40.7651,47.3907,51.8843,25.0765,23.6747,23.1490,22.7140,22.4151,22.1257,21.8453,21.5735,21.2069,20.8066,20.1056,18.8731,17.2201,15.5178,12.1191
56.431,0.49031299045857474,1.58269868439678e-20,1.4392527437898952e-18,2,78.3662,0.601064,-0.0488251,8870.56,0.0,3.7340,34.3568,40.7238,45.0382,47.5738,48.8309,49.4992,50.0825,50.4983,50.9138,24.1802,23.2377,22.3940,21.7207,20.7835,19.2067,17.1448,15.0746,11.4804
56.531,0.4780997367971537,5.186187049031368e-21,2.4189520864876766e-19,2,76.7574,0.555848,0.0546014,8666.5,0.0,5.7267,29.4731,35.4039,39.4632,41.8625,43.0548,43.6898,44.2450,44.6411,45.0369,45.4321,45.8274,46.3809,47.0133,48.1979,19.6758,17.1328,14.7010,10.6333
56.650,0.291882477049795,1.3595278177812788e-21,2.845872940231887e-20,2,74.8776,0.449143,0.231183,8426.27,0.0,7.1099,24.4411,29.6858,33.3620,35.5596,36.6592,37.2452,37.7587,38.1258,38.4933,38.8609,39.2287,39.7436,40.3324,41.4396,43.6627,17.9589,14.6514,9.8282
56.765,0.08592635454278755,3.563920602644555e-22,3.348141055453413e-21,2,72.8399,0.312729,0.151926,8284.92,0.0,6.9662,18.0948,22.4813,25.6642,27.6013,28.5758,29.0984,29.5574,29.8860,30.2154,30.5453,30.8756,31.3389,31.8697,32.8713,34.8930,38.3239,43.2683,9.7724
56.873,0.02815634785658062,1.1678255030745677e-22,5.627220671900551e-22,2,72.144,0.234529,0.104753,8156.8,0.0,7.2984,16.3440,19.9672,22.7180,24.4276,25.2997,25.7687,26.1810,26.4769,26.7743,27.0730,27.3731,27.7954,28.2807,29.1980,31.0637,34.2672,38.9511,9.5310
56.994,-0.15405135817970134,3.061384486779795e-23,6.620368848284283e-23,2,71.5759,0.175204,0.0661785,8134.03,0.0,7.5118,14.6566,17.5422,19.8327,21.2907,22.0451,22.4539,22.8152,23.0751,23.3366,23.5996,23.8640,24.2373,24.6685,25.4893,27.1738,30.1126,34.4977,9.3726
57.113,-0.7102625504229754,8.025235749024024e-24,7.78879774631798e-24,2,70.9949,0.127331,0.135671,8079.66,0.0,8.5411,15.0212,17.6382,19.7519,21.1201,21.8305,22.2175,22.5606,22.8082,23.0579,23.3097,23.5634,23.9219,24.3362,25.1263,26.7637,29.6520,34.0320,8.4948
57.230,-0.24757384762888046,2.103767400192154e-24,9.163442660565643e-25,2,70.2647,0.0504864,0.265847,8020.45,0.0,9.8340,16.3195,18.9507,21.0945,22.4891,23.2176,23.6150,23.9676,24.2223,24.4792,24.7384,24.9998,25.3695,25.7974,26.6169,28.3196,31.3450,35.9793,7.3061
57.346,-0.06489999871282523,5.51490001355972e-25,1.0780698655728874e-25,2,69.9032,-0.0578827,0.348061,7980.61,0.0,10.3852,16.5177,19.0553,21.1479,22.5231,23.2439,23.6378,23.9881,24.2415,24.4976,24.7564,25.0177,25.3878,25.8170,26.6392,28.3576,31.4362,36.2062,6.5641
57.449,-0.021266431578218576,1.8071224364432492e-25,1.8119120230683515e-26,2,69.8017,-0.154721,0.267215,7962.53,0.0,10.1869,15.5662,17.8524,19.7652,21.0343,21.7038,22.0710,22.3983,22.6353,22.8751,23.1176,23.3629,23.7109,24.1150,24.8922,26.5259,29.4819,34.1257,6.4922
57.552,-0.1989664552409569,5.921578799737239e-26,3.045280537170978e-27,2,69.8321,-0.217298,0.135302,7886.52,0.0,9.8639,14.5633,16.6103,18.3483,19.5113,20.1293,20.4692,20.7726,20.9927,21.2157,21.4414,21.6700,21.9948,22.3728,23.1024,24.6448,27.4650,31.9611,6.8370
57.665,-0.7440917227519965,0.02191025390625,3.582742099176284e-28,2,69.2577,-0.255797,0.057492,7932.7,0.0,9.7327,14.1534,16.1238,17.8133,18.9557,19.5650,19.9005,20.2003,20.4181,20.6391,20.8633,21.0907,21.4143,21.7918,22.5217,24.0701,26.9279,31.5391,7.0983
57.774,-0.3196194621308742,0.11035501293750001,6.021514646085581e-29,2,68.9981,-0.276222,0.0515286,7974.18,0.0,9.9187,14.5677,16.6658,18.4765,19.7047,20.3615,20.7237,21.0474,21.2826,21.5213,21.7635,22.0092,22.3593,22.7679,23.5588,25.2392,28.3485,33.6209,6.7672
57.887,-0.3771690429356206,0.202311745917738,7.084251765973226e-30,2,69.6744,-0.289289,0.00790757,8079.71,0.0,9.8299,14.3931,16.4915,18.3202,19.5670,20.2367,20.6070,20.9385,21.1797,21.4245,21.6729,21.9251,22.2845,22.7047,23.5201,25.2597,28.5006,34.7362,6.9317
57.990,-0.7286122771745843,0.2597060910273244,1.1906501943071201e-30,2,70.4868,-0.290429,-0.0220154,8215.33,0.0,9.7037,14.1847,16.2773,18.1130,19.3734,20.0514,20.4268,20.7635,21.0087,21.2579,21.5111,21.7683,22.1353,22.5645,23.3978,25.1831,28.6628,36.0139,7.1704
58.107,-0.3203259891711217,0.297728465791892,1.400788047100384e-31,2,71.7007,-0.285515,-0.0292595,8427.07,0.0,9.6805,14.2947,16.4844,18.4212,19.7581,20.4798,20.8797,21.2386,21.5003,21.7663,22.0369,22.3120,22.7047,23.1645,24.0590,26.0943,30.5899,40.9877,7.1839
58.208,-0.18335593293290564,0.30976988437381214,2.3543044707616164e-32,2,73.3343,-0.275061,-0.0547913,8608.1,0.0,9.5019,14.0193,16.1944,18.1338,19.4782,20.2071,20.6120,20.9757,21.2410,21.5107,21.7852,22.0650,22.4716,22.9592,23.9460,26.2563,31.5110,44.5456,7.5224
58.326,-0.6438930617066947,0.3203402064130386,2.7698156668063348e-33,2,75.1303,-0.249576,-0.0839742,8842.13,0.0,9.1955,13.5514,15.6864,17.6073,18.9500,19.6817,20.0980,20.4804,20.7644,21.0580,21.3617,21.6760,22.1347,22.6876,23.8154,26.5039,32.8869,50.5585,8.1391
58.427,-0.4246291472698497,0.3398229069624245,4.655229191201407e-34,2,76.4336,-0.22553,-0.0754865,9053.68,0.0,9.0982,13.6073,15.8500,17.8916,19.4203,20.3091,20.8232,21.2984,21.6533,22.0220,22.4052,22.8037,23.3891,24.1006,25.5725,29.1977,38.5278,66.2661,8.2138
58.529,-0.2950977270593179,0.38123328734094725,7.824043701652206e-35,2,78.2438,-0.201366,-0.0715311,9319.55,0.0,8.9786,13.6003,15.9471,18.3001,20.1601,21.2628,21.9081,22.5095,22.9618,23.4345,23.9289,24.4466,25.2134,26.1557,28.1426,33.2628,48.1419,80.2104,8.3492
58.645,-0.6432856872121706,0.4386205497360803,9.204909174556806e-36,2,80.6642,-0.17043,-0.0714114,9698.6,0.0,8.7890,13.4981,16.2001,19.1105,21.5096,22.9758,23.8497,24.6747,25.3023,25.9646,26.6647,27.4057,28.5188,29.9129,32.9498,41.4484,64.2463,95.9666,8.6088
58.745,-0.31106794683199107,0.4757661622062688,1.5470690849677622e-36,2,82.8141,-0.146265,-0.0529531,10045.7,0.0,8.7409,13.9706,17.3890,21.3133,24.7591,26.9675,28.3230,29.6309,30.6444,31.7323,32.9028,34.1657,36.1109,38.6314,44.4749,58.6465,80.5647,49.4257,8.5572
58.847,-0.21008114934736147,0.5103753411880001,2.6001590111053184e-37,2,85.4484,-0.123373,-0.0441116,10450.0,0.0,8.6482,14.6706,19.0315,24.4533,29.6306,33.1781,35.4520,37.7200,39.5300,41.5259,43.7375,46.1018,49.3623,53.0214,59.7311,72.7167,98.7356,30.8485,8.5570
58.968,-0.12116143949644664,0.5627882803153871,3.0590610749752965e-38,2,89.014,-0.09419,-0.0533226,10880.5,0.0,8.5045,15.5565,21.1973,28.9761,37.3410,43.5529,47.0513,50.0847,52.2372,54.3791,56.5107,58.6328,61.5885,64.9455,71.1827,83.7499,145.0280,24.2885,8.5744
59.088,-0.042006139954773376,0.5999962338456218,3.598954764097688e-39,2,93.0933,-0.0569672,-0.0697015,11286.8,0.0,8.4038,16.2349,23.0167,33.2555,44.4383,50.4592,53.6752,56.4888,58.4977,60.5054,62.5112,64.5148,67.3154,70.5087,76.4709,95.7078,40.8690,21.8525,8.6234
59.206,0.01587018008307714,0.6202404943658516,4.234134290413291e-40,2,97.3171,-0.0218248,-0.0634421,11835.5,0.0,8.1690,15.9304,22.7487,33.2209,43.7453,49.2930,52.2929,54.9354,56.8310,58.7321,60.6379,62.5474,65.2257,68.2911,74.0433,94.8695,41.7878,22.1501,8.8810
59.307,0.005200340609622718,0.6658328758969272,7.116309501897619e-41,2,100.861,0.00737786,-0.0679677,12460.8,0.0,7.9041,15.3091,21.7471,31.5123,41.0269,46.1523,48.9561,51.4422,53.2340,55.0376,56.8519,58.6756,61.2423,64.1919,69.7563,85.6841,119.9240,23.1936,9.1935
59.426,-0.12553441781465488,0.803071123887874,8.372266965887531e-42,2,106.03,0.0445584,-0.065955,12998.8,0.0,7.6215,14.8063,21.0816,30.5912,39.0883,43.7655,46.3526,48.6618,50.3345,52.0249,53.7313,55.4527,57.8849,60.6926,66.0224,80.7367,118.5570,23.8716,9.5109
59.545,-0.032908094423604886,0.9015007165442128,9.84988836269702e-43,2,111.35,0.0761102,-0.032882,15446.0,0.0,7.5939,15.5504,23.1014,33.8710,42.1571,46.6941,49.2019,51.4401,53.0618,54.7009,56.3564,58.0269,60.3885,63.1167,68.8464,141.3860,103.4930,21.9385,9.4468
59.647,-0.010783324380726848,0.9399537313597076,1.655470737118489e-43,3,114.218,0.0943557,-0.0115288,11146.1,0.0,7.5976,16.1507,24.6787,35.2578,43.2558,47.6386,50.0642,52.2315,53.8032,55.3930,56.9998,58.6227,60.9191,63.7616,71.0827,132.0050,95.2833,20.8683,9.3948
59.766,-0.24289770377588937,0.9547341825160591,1.9476447675125323e-44,3,119.481,0.101933,0.0120122,11983.6,0.0,7.7136,17.1503,26.1518,36.3030,43.9381,48.1311,50.4562,52.5366,54.0470,55.5768,57.1245,58.7529,61.3578,65.0234,80.2135,120.4140,37.8025,19.6325,9.2399
59.886,-0.06367417565862674,0.9554449785571147,2.2913845925308195e-45,3,124.326,0.0868207,0.0825149,13084.2,0.0,8.4760,21.3885,32.2625,43.6197,51.7555,56.4079,59.6034,63.1827,66.6057,72.1432,132.0980,129.5730,125.7960,121.0210,109.9180,90.6260,24.0569,16.2216,8.5466
59.987,-0.020864753879818808,0.9562749136985953,3.851130084666549e-46,3,128.28,0.051866,0.148234,13883.1,0.0,9.5623,25.8843,38.4730,50.8545,64.9690,125.0410,120.7380,116.5740,113.2770,109.5860,105.7450,102.1710,97.5669,92.8044,85.0622,29.2145,18.7449,13.7113,7.8518
60.107,-0.005469570041071222,0.9586271825391046,4.530816033309348e-47,3,132.845,-0.0227613,0.217561,14991.7,0.0,11.3038,31.0167,44.9849,123.2380,106.2260,95.8227,91.0742,87.3029,84.8023,82.4471,80.2047,77.8037,73.9270,68.4332,27.7214,19.9137,14.8098,11.3657,6.9549
60.225,0.0329122088988292,0.9579352239051561,5.3304597550281145e-48,4,135.394,-0.137103,0.30112,10843.0,0.0,13.6350,37.9993,119.1370,89.9838,75.5527,68.0963,62.8718,56.8488,30.3797,26.2143,23.9718,22.3484,20.6105,19.0718,16.9188,14.0780,11.2699,9.0276,5.8599
60.326,0.10760947632446834,0.6831570266692415,8.958903710275754e-49,4,138.346,-0.266974,0.295928,11568.9,0.0,14.6906,38.4480,110.0670,81.0159,68.0553,59.8174,53.8375,45.9101,24.6893,22.2654,20.6002,19.3102,17.8776,16.5780,14.7265,12.2473,9.7774,7.8016,5.0121
60.447,0.028209178561601427,0.17908551559918162,1.0540060626102322e-49,4,140.831,-0.434442,0.241893,10510.1,0.0,15.2762,36.1928,107.3510,79.0813,66.4331,59.8302,55.5012,50.9891,47.0816,41.9665,22.6745,19.8495,17.5610,15.7972,13.5571,10.8544,8.3766,6.5061,3.9874
60.547,0.009243583631065557,0.058682741751539834,1.7714679894290173e-50,3,140.584,-0.569766,0.19484,12785.6,0.0,15.6588,34.7606,104.9820,77.3393,64.4965,58.7539,55.1185,51.4984,48.5790,45.2691,41.3449,36.0663,17.8759,15.1366,12.3686,9.4715,7.0518,5.3309,3.1244
60.668,0.03840895180688206,0.11382888529434065,2.0841143748833444e-51,3,139.509,-0.701065,0.135584,12675.0,0.0,15.7893,33.1257,102.5000,75.8414,62.4226,57.2463,54.2376,51.3254,49.0611,46.6120,43.9406,40.9844,36.1194,27.5441,11.7912,8.1530,5.6914,4.1199,2.2635
60.768,0.012585845328079113,0.4798564608519995,3.502771029866438e-52,3,139.786,-0.775532,0.0865509,12939.1,0.0,15.6386,31.9574,100.1760,74.5033,60.6026,55.4818,52.8680,50.3706,48.4580,46.4273,44.2638,41.9552,38.4241,33.8172,16.4109,7.7801,4.9722,3.4271,1.7669
60.885,0.0032993038376839708,0.7831271182454616,4.1209750889275657e-53,3,142.671,-0.827588,0.0401913,13483.2,0.0,15.3909,32.3132,94.1180,68.4647,55.4991,50.7443,48.3292,46.0530,44.3348,42.5299,40.6413,38.6598,35.7236,32.1133,24.4292,8.3013,4.5470,2.9421,1.4132
60.988,0.15808381626787602,0.8843581741847979,6.92612283196056e-54,3,146.297,-0.842229,-0.00476867,14035.1,0.0,14.9214,32.7400,90.0444,64.7860,52.0997,47.4965,45.2878,43.2489,41.7212,40.1366,38.4912,36.7920,34.3175,31.3656,25.5389,13.8946,5.2534,3.0689,1.3512
61.106,0.0503265201468621,0.9258857985884996,8.148514250573282e-55,3,151.054,-0.806984,-0.10434,14634.2,0.0,13.7364,28.0954,94.3037,74.3895,58.0185,51.6389,48.7909,46.5519,45.0784,43.6986,42.4037,41.1677,39.3915,37.2676,33.0719,24.2802,12.3713,5.6776,1.8544
61.226,0.013192795297379017,0.9397189829570587,9.586645530656959e-56,3,156.222,-0.703323,-0.155789,15060.8,0.0,12.9159,27.6070,91.1855,72.5837,57.0797,50.1319,47.0877,44.7191,43.1717,41.7310,40.3861,39.1282,37.4980,35.7645,32.4279,25.5835,15.8888,8.7113,2.9900
61.346,0.22837937863987362,0.9483609856464201,1.1278592600362609e-56,4,158.211,-0.585754,-0.142083,12242.4,0.0,12.1768,28.6076,87.8805,70.4232,56.6721,48.9423,45.6273,43.0811,41.4331,39.9097,38.4970,37.1837,35.4932,33.7459,30.8952,25.4883,17.5987,10.8186,4.0770
61.446,0.07483535479271379,0.954170474651619,1.895593058342944e-57,4,161.187,-0.485135,-0.169326,12518.1,0.0,11.1602,23.9114,92.2428,76.9608,66.4288,60.4589,56.9410,53.5561,50.8814,48.3166,46.0013,43.9010,41.2683,38.6280,34.5070,28.4891,21.2815,13.8651,5.2155
61.547,0.024522049058476453,0.9608582432432176,3.1859232531569862e-58,4,164.434,-0.381261,-0.154336,12731.4,0.0,10.5215,24.9615,89.9061,75.3557,65.6172,60.2948,57.2709,54.4792,52.3768,50.1549,47.7717,45.2864,42.1875,39.1343,34.4746,27.8921,21.1999,14.8044,6.1003
61.647,0.20642994906298157,0.9656578396928125,5.354581211580948e-59,4,167.758,-0.286845,-0.124065,12942.6,0.0,10.0927,26.7322,85.9124,71.8822,62.6875,57.7691,55.0242,52.5336,50.6922,48.7874,46.8048,44.7232,41.6023,38.3285,33.4160,26.6434,20.0112,14.7070,6.7198
61.766,0.054114372567166245,0.3387995087284327,6.29961124961287e-60,4,170.284,-0.190069,-0.11143,12784.7,0.0,9.4941,23.8715,86.2030,73.2217,64.9717,60.6927,58.3618,56.2909,54.7920,53.2755,51.7393,50.1818,47.9612,45.3555,40.2095,30.2124,21.2063,15.1037,7.4341
61.866,0.017732197602809037,0.11101782302013281,0.6252716354370117,4,167.991,-0.131962,-0.062219,12247.1,0.0,9.6141,23.8266,82.3377,69.8483,62.0487,58.0606,55.9082,54.0099,52.6449,51.2720,49.8911,48.5018,46.5416,44.2780,39.9561,30.9166,21.0752,14.7140,7.4859
61.967,0.1416143558775197,0.03637832024723712,0.8906468286946564,4,157.026,-0.118017,0.0122649,11110.0,0.0,9.9757,24.2819,77.2571,65.1783,57.7650,54.0243,52.0220,50.2669,49.0118,47.7555,46.4985,45.2411,43.4804,41.4685,37.7028,30.2380,20.5200,14.1975,7.1694
62.086,0.07192731297563651,0.009536358382891727,0.8998409534237802,4,139.976,-0.147204,0.0123956,10041.7,0.0,9.8573,21.9334,76.0375,64.5169,57.5471,54.0672,52.2166,50.6021,49.4519,48.3048,47.1614,46.0218,44.4344,42.6325,39.2982,32.8635,23.2454,15.1715,7.1482
62.191,0.023569141915856566,0.0031248739149059607,0.8780347082204015,3,129.222,-0.160252,0.0156242,10743.3,0.0,10.0026,22.6497,70.5560,59.3790,52.7311,49.4518,47.7203,46.2170,45.1507,44.0913,43.0392,41.9951,40.5477,38.9157,35.9284,30.2989,22.2541,14.8060,7.0167
62.306,0.006178509138390303,0.0008191669475491083,0.22175415671493665,3,116.232,-0.173424,0.0243394,10349.8,0.0,10.2083,26.1225,63.8809,53.1534,46.9162,43.8882,42.3041,40.9374,39.9733,39.0198,38.0774,37.1467,35.8643,34.4294,31.8354,27.0661,20.5121,14.2316,6.8491
62.413,0.10991281773364744,0.0002684246253728918,0.037270221119079405,3,109.932,-0.184944,0.0245134,9953.42,0.0,10.3104,74.4632,59.5192,49.1618,43.2439,40.4049,38.9294,37.6623,36.7718,35.8939,35.0289,34.1775,33.0087,31.7078,29.3732,25.1400,19.4268,13.9570,6.7525
62.526,0.23505786267545004,7.036590499375136e-05,0.0043848042444385735,3,107.672,-0.186424,-0.0348309,9756.87,0.0,9.7341,25.6233,61.5794,51.3323,45.4604,42.6358,41.1651,39.9005,39.0106,38.1323,37.2661,36.4124,35.2387,33.9293,31.5713,27.2606,21.3408,15.5163,7.1570
62.645,0.061619008353193186,1.8445999798681952e-05,0.0005158678345539537,3,106.567,-0.154231,-0.10518,9644.55,0.0,8.9350,19.9907,64.9767,54.7891,48.9117,46.0696,44.5851,43.3058,42.4037,41.5119,40.6308,39.7607,38.5618,37.2202,34.7916,30.3030,24.0030,17.6036,8.0154
62.767,0.016153053325739474,4.835508171225682e-06,6.0691334867438106e-05,3,105.663,-0.0927479,-0.135109,9588.18,0.0,8.4460,19.4698,63.6013,53.6499,47.9492,45.2045,43.7742,42.5432,41.6763,40.8201,39.9749,39.1411,37.9933,36.7107,34.3935,30.1226,24.1399,18.0270,8.5605
62.887,0.2081224190263027,1.2675994540377854e-06,7.1402748558192266e-06,3,104.81,-0.0226479,-0.119664,9508.69,0.0,8.0390,19.4529,61.8422,52.1342,46.6169,43.9735,42.5995,41.4191,40.5887,39.7696,38.9618,38.1657,37.0715,35.8504,33.6489,29.6058,23.9608,18.1758,8.9774
63.006,0.0793274521799311,3.322935912792812e-07,8.400461965122763e-07,3,103.863,0.0480436,-0.140109,9420.71,0.0,7.3328,15.9417,64.8676,55.1686,49.6159,46.9423,45.5485,44.3486,43.5033,42.6680,41.8430,41.0289,39.9075,38.6532,36.3825,32.1780,26.2170,19.9773,9.8036
63.125,0.12098188737638477,8.710877119231589e-08,9.883059497347281e-08,3,103.05,0.119073,-0.127782,9353.16,0.0,6.8447,15.0124,64.1595,54.6433,49.2168,46.6101,45.2528,44.0851,43.2630,42.4510,41.6496,40.8588,39.7701,38.5529,36.3514,32.2782,26.5011,20.4219,10.2925
63.225,0.06275605432249376,2.8543802144298068e-08,1.661045809719158e-08,3,102.382,0.176088,-0.124718,9292.5,0.0,6.4079,13.8750,64.3640,54.9548,49.5939,47.0190,45.6783,44.5251,43.7131,42.9111,42.1193,41.3381,40.2626,39.0599,36.8837,32.8530,27.1186,21.0435,10.7514
63.327,0.02056390388039476,9.35323308664359e-09,2.7917196923949886e-09,3,101.783,0.228064,-0.105568,9241.67,0.0,6.0972,13.6643,62.7748,53.5561,48.3364,45.8383,44.5401,43.4247,42.6400,41.8658,41.1021,40.3491,39.3133,38.1563,36.0664,32.2061,26.7318,20.9337,10.9831
63.445,0.30293089858274325,0.030418361826893933,3.284430300905781e-10,3,101.043,0.278109,-0.0846303,9184.8,0.0,5.8036,13.5757,61.0396,52.0259,46.9572,44.5410,43.2877,42.2122,41.4565,40.7114,39.9771,39.2537,38.2597,37.1506,35.1505,31.4668,26.2602,20.7484,11.1753
63.551,0.1670390697891433,0.1050790727878116,5.5201420067323474e-11,3,100.493,0.322248,-0.118864,9180.72,0.0,5.2747,11.0328,65.1486,55.9764,50.7588,48.2529,46.9479,45.8249,45.0339,44.2525,43.4808,42.7191,41.6698,40.4958,38.3690,34.4181,28.7542,22.6579,11.9313
63.666,0.06099129066642041,0.24880387462876308,6.494391869500541e-12,3,100.772,0.384134,-0.129248,9293.56,0.0,4.7422,9.5290,16.7820,57.6807,52.4609,49.9480,48.6375,47.5087,46.7130,45.9264,45.1491,44.3814,43.3227,42.1368,39.9840,35.9688,30.1707,23.8637,12.5828
63.787,0.18370755211493234,0.35487148197318247,7.640587090548692e-13,3,101.921,0.447479,-0.11423,9465.57,0.0,4.3010,8.7639,15.4901,56.8185,51.7151,49.2643,47.9877,46.8889,46.1150,45.3502,44.5948,43.8489,42.8211,41.6704,39.5837,35.6966,30.0893,23.9825,12.9261
63.906,0.048157832541616825,0.4199317309422529,8.989074306159631e-14,3,103.678,0.509727,-0.107034,9678.5,0.0,3.8331,7.7936,13.2243,56.7421,51.7158,49.3040,48.0484,46.9678,46.2067,45.4548,44.7122,43.9790,42.9689,41.8380,39.7872,35.9666,30.4473,24.4124,13.3513
64.027,0.012624286853789602,0.48623601570737596,1.0575556030453744e-14,3,105.905,0.560617,-0.0707424,9911.12,0.0,3.5429,7.6715,15.4925,53.7840,48.9733,46.6795,45.4891,44.4669,43.7481,43.0389,42.3394,41.6498,40.7011,39.6411,37.7245,34.1722,29.0776,23.5373,13.3185
64.148,0.06100914616064748,0.5684330876953444,1.2442035914268527e-15,3,108.57,0.58975,-0.027212,10203.1,0.0,3.4469,8.2638,58.3458,50.1243,45.5717,43.4179,42.3044,41.3508,40.6817,40.0225,39.3735,38.7347,37.8575,36.8799,35.1182,31.8731,27.2593,22.2771,13.0544
64.267,0.2704500150349442,0.6532673088876834,1.4637930832777783e-16,3,111.63,0.599899,-0.011771,10610.1,0.0,3.4140,8.5405,57.0166,48.9171,44.4540,42.3485,41.2616,40.3315,39.6793,39.0373,38.4054,37.7839,36.9311,35.9813,34.2717,31.1291,26.6734,21.8718,12.9690
64.367,0.28842622379377547,0.692285922791941,2.460197035064962e-17,3,114.245,0.606066,-0.0318325,11041.4,0.0,3.2920,7.7211,59.1089,50.8310,46.2399,44.0658,42.9413,41.9779,41.3017,40.6354,39.9793,39.3333,38.4461,37.4568,35.6732,32.3848,27.7020,22.6356,13.2348
64.485,0.08412139793369547,0.7083134419599956,2.8943972097835775e-18,3,117.531,0.618455,-0.0585817,11479.0,0.0,3.1049,6.7700,12.9764,53.4891,48.7396,46.4792,45.3070,44.3009,43.5938,42.8964,42.2087,41.5311,40.5991,39.5582,37.6770,34.1933,29.1995,23.7608,13.6416
64.608,0.12304378015447504,0.7134561220541611,3.4052293733382817e-19,3,121.211,0.634069,-0.0507558,11682.0,0.0,2.9983,6.6193,13.0651,52.9836,48.2759,46.0384,44.8787,43.8840,43.1850,42.4959,41.8166,41.1472,40.2269,39.1995,37.3439,33.9105,28.9949,23.6453,13.6738
64.728,0.15253230447265004,0.7155571744722659,4.006218305438754e-20,3,124.831,0.649667,-0.0387748,11948.5,0.0,2.9022,6.5562,14.1833,52.1021,47.4608,45.2592,44.1196,43.1426,42.4564,41.7801,41.1138,40.4575,39.5557,38.5496,36.7339,33.3795,28.5871,23.3796,13.6570
64.845,0.15325665883326522,0.7183453586167325,4.7132757741656404e-21,3,128.323,0.662047,-0.0329459,12330.3,0.0,2.8144,6.4192,14.3562,51.7720,47.1587,44.9727,43.8416,42.8721,42.1915,41.5208,40.8601,40.2095,39.3157,38.3187,36.5202,33.1998,28.4598,23.3116,13.6874
64.946,0.14771457780065778,0.7189685457834059,7.921602593640191e-22,3,131.226,0.668719,-0.0311635,12581.6,0.0,2.7628,6.3103,13.9278,51.7572,47.1459,44.9613,43.8311,42.8625,42.1826,41.5126,40.8526,40.2028,39.3100,38.3142,36.5182,33.2029,28.4712,23.3323,13.7209
65.056,0.14354718363449295,0.7166052615198064,1.331383747913107e-22,3,134.281,0.671608,-0.0260575,12906.5,0.0,2.7524,6.3593,15.8455,51.4069,46.8140,44.6402,43.5162,42.5533,41.8773,41.2115,40.5558,39.9102,39.0235,38.0350,36.2525,32.9649,28.2781,23.1936,13.6869
65.165,0.17490494381866314,0.7119969425635602,2.2376566651175586e-23,3,137.36,0.669797,-0.0187014,13188.7,0.0,2.7883,6.5716,60.4934,50.8155,46.2503,44.0934,42.9790,42.0247,41.3551,40.6957,40.0465,39.4076,38.5305,37.5528,35.7914,32.5466,27.9293,22.9299,13.5926
65.278,0.18673604021507137,0.7085578827486024,3.760829557063081e-24,3,140.348,0.663647,-0.016002,13417.7,0.0,2.8486,6.7794,62.3480,50.9315,46.0367,43.8803,42.7665,41.8130,41.1442,40.4855,39.8373,39.1993,38.3236,37.3478,35.5904,32.3553,27.7573,22.7858,13.5177
65.387,0.18581587036637182,0.705396555612812,6.32082623655592e-25,3,143.19,0.653859,-0.0148929,13698.5,0.0,2.9359,7.0370,66.0983,51.9615,46.1974,43.8115,42.6487,41.6857,41.0154,40.3555,39.7059,39.0668,38.1897,37.2125,35.4531,32.2162,27.6206,22.6591,13.4326
65.497,0.17920528187594528,0.7067534624838312,1.0623412655779536e-25,3,145.986,0.64086,-0.0114911,13958.4,0.0,3.0585,7.4475,72.1520,53.8417,46.8705,44.0624,42.7095,41.5986,40.8435,40.1183,39.4213,38.7510,37.8549,36.8793,35.1260,31.9040,27.3373,22.4181,13.2976
65.609,0.170318340494157,0.7102655292742018,1.7854769650568665e-26,3,148.796,0.624271,-0.00537044,14192.2,0.0,3.2225,8.0629,82.3102,57.0021,48.2668,44.8735,43.2633,41.9528,41.0679,40.2226,39.4144,38.6409,37.6122,36.5083,34.6213,31.3946,26.8883,22.0486,13.1070
65.715,0.16090260748367785,0.7213956933981954,3.0008511351710757e-27,3,151.638,0.602945,0.00313919,14428.6,0.0,3.4395,8.9680,101.4000,62.4026,50.8461,46.5793,44.5959,43.0005,41.9328,40.9199,39.9577,39.0427,37.8346,36.5487,34.3764,30.7818,26.2804,21.5540,12.8574
65.829,0.15525265301440533,0.7384043158127207,5.043530502882028e-28,3,154.536,0.575269,0.0136802,14706.6,0.0,3.7264,10.3293,146.2130,72.1646,55.4917,49.7893,47.2147,45.1777,43.8310,42.5655,41.3740,40.2503,38.7808,37.2341,34.6604,30.5073,25.5621,20.9345,12.5428
65.940,0.1511633071281541,0.7807673515961372,8.476661716193822e-29,3,157.556,0.539555,0.0254032,15015.5,0.0,4.1002,12.4790,200.0000,92.4784,64.3366,55.8878,52.2430,49.4302,47.6038,45.9110,44.3377,42.8718,40.9801,39.0198,35.8253,30.8409,25.1637,20.2179,12.1611
66.050,0.14752676140414728,0.8513233945991473,1.4246725346406955e-29,4,158.269,0.495636,0.0361626,12176.0,0.0,4.5576,15.1082,95.3821,152.6070,84.2851,68.9222,62.8315,58.3303,55.4957,52.9276,50.5903,48.4543,45.7555,43.0247,38.7132,32.3070,25.4488,19.8190,11.7326
66.155,0.1449192877269047,0.8932272886141236,2.394447128970617e-30,4,161.053,0.444683,0.0442778,12409.6,0.0,5.0805,15.2387,38.2921,188.1480,150.0060,104.3090,89.7506,79.9943,74.2369,69.2574,64.9087,61.0781,56.4236,51.9122,45.1651,35.9082,26.8929,20.0950,11.2815
66.267,0.13981463976480213,0.935828692542451,4.024347289660916e-31,4,164.054,0.383851,0.0585286,12624.2,0.0,5.6662,14.6706,28.0714,83.1483,185.0140,194.6640,198.8190,137.7550,120.3910,106.9220,96.1695,87.3882,77.4919,68.6231,56.5245,41.8564,29.3511,20.8906,10.9442
66.379,0.0910106884286866,0.9651661565191852,6.763720489733101e-32,4,167.23,0.325771,0.0267436,12860.6,0.0,5.8804,13.4770,22.2664,42.4558,93.9554,167.3210,175.7630,181.2130,184.5410,187.5430,190.2880,192.8240,141.0780,113.1220,82.5109,53.6145,33.9950,22.6798,10.9604
66.485,0.030852131670712026,0.9775020504650817,1.1367785027094426e-32,4,170.647,0.300412,-0.00575239,13172.5,0.0,5.9024,12.6813,19.6574,32.9020,55.6010,85.0299,118.5220,157.9980,164.8220,169.6990,173.7160,177.2060,181.4930,185.7810,121.8810,67.1712,38.5723,24.3733,11.0984
66.595,0.010109626505858916,0.983840711740148,1.9105836295037597e-33,4,174.231,0.300879,-0.0178235,13432.7,0.0,5.8293,12.2521,18.6174,30.0612,47.9262,68.2982,88.3540,118.9340,149.7970,157.6920,162.8350,166.9770,171.8520,176.5920,183.9790,74.9350,40.9842,25.2872,11.2404
66.706,0.02125764988418985,0.9867851392667617,3.2111179061069698e-34,4,177.867,0.316046,-0.0252431,13654.3,0.0,5.6624,11.7474,17.6478,27.9387,43.2366,59.6280,74.7679,96.1425,120.8270,146.3540,153.1690,157.9710,163.3370,168.4100,176.1780,81.5916,43.1122,26.1814,11.4599
66.815,0.052614049836432586,0.9877499692786824,5.396925864793986e-35,4,181.444,0.341817,-0.0391753,13910.4,0.0,5.3784,10.8986,16.0492,24.5821,36.3059,47.7439,57.4066,69.7741,82.4728,100.8310,129.7170,143.8500,151.2860,157.4220,166.2240,97.1132,47.5141,27.9267,11.8593
66.930,0.017240571850402227,0.9880661247769886,9.070613300959255e-36,4,184.943,0.382645,-0.0595821,14208.0,0.0,4.9523,9.7147,13.9364,20.4925,28.7065,35.9513,41.5567,48.1312,54.2686,62.2054,72.8679,87.9499,123.8550,141.5160,153.3050,168.1700,55.5661,30.8755,12.4986
67.034,0.022554240615189805,0.9881697226106736,1.5244979774922225e-36,4,188.455,0.438231,-0.0674918,14488.6,0.0,4.4752,8.6739,12.3283,17.8784,24.6257,30.3942,34.7451,39.7275,44.2657,49.9790,57.3903,67.3884,89.1401,128.5660,143.6620,159.6590,60.9974,33.0552,13.1184
67.148,0.057364124945085394,0.9882036695488156,2.5622237507711788e-37,4,191.945,0.507187,-0.0907229,14716.7,0.0,3.8488,7.2138,10.0004,13.9943,18.4981,22.0741,24.6195,27.3873,29.7816,32.6372,36.1016,40.3923,48.4621,62.8155,123.4550,146.5600,76.3533,37.9060,14.1269
67.254,0.018797076462005586,0.9882147932815059,4.3063294579211205e-38,5,193.957,0.597889,-0.115724,13420.4,0.0,3.0773,5.5776,7.5522,10.2379,13.0786,15.2042,16.6525,18.1699,19.4367,20.8951,22.5919,24.5908,28.0715,33.4960,52.5698,130.6900,102.4530,44.7555,15.4452
67.364,0.006159426015069991,0.9882184383062339,7.237647919928029e-39,5,195.724,0.708408,-0.123174,13402.2,0.0,2.2185,3.9829,5.3583,7.2030,9.1222,10.5373,11.4913,12.4822,13.3027,14.2399,15.3204,16.5797,18.7385,22.0190,32.8031,119.0300,145.1350,49.5351,16.6709
67.477,0.0021081572205243863,0.9882196327079368,1.2164314859023039e-39,5,198.634,0.830119,-0.125195,13555.2,0.0,1.2905,2.3109,3.1036,4.1629,5.2602,6.0662,6.6081,7.1698,7.6339,8.1629,8.7715,9.4788,10.6867,12.5111,18.4142,108.1130,136.9350,53.5762,17.9050
67.584,-0.13489218933150982,0.9882200240894867,2.0444563983560022e-40,5,201.442,0.954525,-0.112744,13741.6,0.0,0.3488,0.6347,0.8617,1.1722,1.5029,1.7519,1.9224,2.1016,2.2517,2.4252,2.6279,2.8677,3.2882,3.9512,6.3576,105.3080,131.5630,54.0109,18.8217
67.699,-0.26233911890380535,0.988220152337393,3.436117868716933e-41,5,203.717,1.05474,-0.0504301,14009.9,0.0,-1.0000,-1.0000,-1.0000,-1.0000,-1.0000,-1.0000,-1.0000,-1.0000,-1.0000,-1.0000,-1.0000,-1.0000,-1.0000,-1.0000,-1.0000,-1.0000,-1.0000,-1.0000,-1.0000
67.805,-0.08258716234479895,0.988220194361667,5.77508330195255e-42,5,205.379,1.10686,0.00975149,14241.2,0.0,-1.0000,-1.0000,-1.0000,-1.0000,-1.0000,-1.0000,-1.0000,-1.0000,-1.0000,-1.0000,-1.0000,-1.0000,-1.0000,-1.0000,-1.0000,-1.0000,-1.0000,-1.0000,-1.0000
67.914,-0.11329543606151872,0.988220208132181,9.706182505591652e-43,5,207.712,1.11332,0.0304257,14228.2,0.0,-1.0000,-1.0000,-1.0000,-1.0000,-1.0000,-1.0000,-1.0000,-1.0000,-1.0000,-1.0000,-1.0000,-1.0000,-1.0000,-1.0000,-1.0000,-1.0000,-1.0000,-1.0000,-1.0000
68.028,-0.19351012665496342,0.9882202126445031,1.6313180937147892e-43,5,209.68,1.08257,0.073404,14443.4,0.0,-1.0000,-1.0000,-1.0000,-1.0000,-1.0000,-1.0000,-1.0000,-1.0000,-1.0000,-1.0000,-1.0000,-1.0000,-1.0000,-1.0000,-1.0000,-1.0000,-1.0000,-1.0000,-1.0000
68.138,-0.043436943048392164,0.9882202141231008,2.7417563201064465e-44,5,211.762,1.00185,0.133201,14408.2,0.0,-1.0000,-1.0000,-1.0000,-1.0000,-1.0000,-1.0000,-1.0000,-1.0000,-1.0000,-1.0000,-1.0000,-1.0000,-1.0000,-1.0000,-1.0000,-1.0000,-1.0000,-1.0000,-1.0000
68.248,0.19635664752590282,0.9882202146076077,4.608069847202905e-45,5,214.189,0.884018,0.0955645,14837.0,0.0,1.0935,2.9757,6.1242,26.1559,72.5770,78.9686,81.9516,84.3948,86.0613,87.6705,89.2281,90.7390,92.7830,95.0266,99.0018,52.3287,37.6431,27.2846,14.6549
68.353,0.06434214626128784,0.4919943749226208,7.744782992193924e-46,5,216.069,0.800324,0.0265037,14594.1,0.0,1.7411,3.9882,6.5857,12.5420,27.6714,54.0321,59.4244,63.0211,65.2856,67.3809,69.3468,71.2094,73.6773,76.3348,80.9551,89.1675,46.2095,30.8177,14.8870
68.467,0.021083634486898796,0.16121671677464441,0.6728026748657225,5,212.637,0.765341,0.0072028,13974.1,0.0,2.0057,4.4171,7.0096,12.2733,22.5023,38.6561,48.0371,52.0727,54.4701,56.6393,58.6484,60.5371,63.0239,65.6911,70.3173,78.5561,90.3211,31.8682,14.8727
68.577,-0.062561244250633,0.05282749375271548,0.8862437948688812,5,199.225,0.752347,0.00521916,12854.0,0.0,2.1125,4.6344,7.3269,12.7342,23.0201,37.6009,42.7519,46.0560,48.1313,50.0541,51.8633,53.5839,55.8738,58.3548,62.7091,70.5919,82.0858,31.8128,14.7922
68.684,-0.03513233459220742,0.017310513152889808,0.6933977457022457,5,184.651,0.73954,0.0253589,11903.7,0.0,2.2683,5.1835,8.5377,16.1672,32.9664,39.6972,42.5710,44.8907,46.4664,47.9877,49.4626,50.8972,52.8471,55.0037,58.8738,66.0837,76.9180,29.8686,14.4000
68.796,-0.011512163399174529,0.005672308949938932,0.17961004378204162,4,173.506,0.718722,0.0312311,11424.9,0.0,2.4649,5.7038,9.5205,18.5832,31.6688,36.4300,38.7521,40.7003,42.0533,43.3784,44.6784,45.9558,47.7102,49.6718,53.2397,60.0177,70.4486,29.3926,14.1489
68.910,-0.049212964326297765,0.0018587021967159893,0.030187060058447734,4,170.278,0.690829,0.0398557,12559.5,0.0,2.7345,6.4492,10.9913,21.7331,29.7552,33.4296,35.3340,36.9745,38.1330,39.2809,40.4188,41.5474,43.1127,44.8814,48.1423,54.4646,64.4445,30.4773,13.8079
69.017,-0.1734614823100475,0.1309321532858199,0.005073539184023311,4,168.442,0.648444,0.0821711,12481.7,0.0,3.2618,8.5446,16.2201,25.3240,31.1630,34.1198,35.7002,37.0835,38.0714,39.0587,40.0450,41.0301,42.4068,43.9762,46.9035,52.6818,62.0164,28.4068,12.9670
69.124,-0.056839858523356365,0.28373593783244744,0.0008527097306587979,4,167.37,0.568243,0.144359,12496.3,0.0,4.3318,13.0912,20.9266,28.3946,33.3612,35.9308,37.3179,38.5396,39.4160,40.2950,41.1762,42.0593,43.2983,44.7169,47.3801,52.6946,61.4160,24.2350,11.7402
69.235,-0.03428157464562091,0.3870809749214364,0.00014331492443182418,4,167.389,0.450394,0.166565,12526.5,0.0,5.6642,14.4097,20.7152,26.8122,31.0162,33.2399,34.4538,35.5300,36.3061,37.0878,37.8750,38.6671,39.7839,41.0699,43.5040,48.4339,56.7021,27.1051,10.7817
69.346,-0.1205798868578458,0.4484089399560062,2.408693934925669e-05,4,167.892,0.311549,0.165092,12597.5,0.0,6.7030,14.7351,20.0149,25.1358,28.7410,30.6778,31.7437,32.6940,33.3823,34.0783,34.7816,35.4919,36.4972,37.6607,39.8803,44.4399,52.2521,63.2182,10.0818
69.455,-0.1650148627441414,0.46681983089790907,4.048291896429572e-06,4,168.435,0.19669,0.128004,12680.7,0.0,7.4379,15.1153,19.8813,24.4674,27.7131,29.4675,30.4369,31.3033,31.9322,32.5693,33.2142,33.8669,34.7929,35.8680,37.9289,42.2004,49.6221,60.2261,9.4867
69.567,-0.241461071341594,0.2840917331261269,6.803964190329181e-07,4,168.663,0.114421,0.100429,12645.9,0.0,7.9237,15.3249,19.7577,23.9947,26.9988,28.6275,29.5294,30.3369,30.9239,31.5193,32.1228,32.7344,33.6034,34.6146,36.5588,40.6115,47.7233,58.0183,9.0523
69.675,-0.285030463812276,0.09309117911076926,1.1435422614686256e-07,4,167.419,0.0580374,0.0853249,12421.9,0.0,8.2735,15.5651,19.8335,23.8869,26.7579,28.3163,29.1800,29.9539,30.5168,31.0880,31.6672,32.2544,33.0893,34.0614,35.9328,39.8442,46.7421,56.7979,8.7099
69.786,-0.30000138198746906,0.03050411757101687,1.9219514788503192e-08,4,165.132,0.0202707,0.0866873,12199.9,0.0,8.5953,16.0443,20.3393,24.3873,27.2425,28.7885,29.6444,30.4107,30.9679,31.5329,32.1057,32.6861,33.5111,34.4711,36.3180,40.1740,46.9660,56.8596,8.3742
69.894,-0.3051921418215163,0.009995589245670808,3.2302238505037323e-09,4,162.412,-0.00436211,0.0876095,11975.1,0.0,8.8040,16.3452,20.6532,24.6934,27.5332,29.0683,29.9175,30.6774,31.2297,31.7897,32.3572,32.9321,33.7490,34.6992,36.5265,40.3385,47.0467,57.3030,8.1570
70.005,-0.306422858391137,0.00327535468402141,5.429037225541625e-10,4,159.597,-0.0189196,0.0827157,11759.1,0.0,8.8799,16.3563,20.6033,24.5790,27.3721,28.8819,29.7172,30.4648,31.0081,31.5591,32.1176,32.6833,33.4874,34.4229,36.2221,39.9783,46.5966,58.3510,8.0756
70.113,-0.306253161126714,0.0010732682228601358,9.124582864967809e-11,4,156.857,-0.0250664,0.0723817,11554.6,0.0,8.8422,16.1190,20.2392,24.1005,26.8184,28.2901,29.1048,29.8344,30.3649,30.9031,31.4488,32.0020,32.7886,33.7044,35.4673,39.1551,45.8464,60.2382,8.1131
70.226,-0.3065907682249517,0.11527887603126681,1.5335686421151396e-11,4,154.316,-0.0237274,0.0599019,11425.9,0.0,8.7302,15.7441,19.7108,23.4384,26.0704,27.4989,28.2908,29.0005,29.5169,30.0410,30.5728,31.1121,31.8796,32.7740,34.4981,38.1138,45.6011,63.9919,8.2366
70.335,-0.30339050485963337,0.3390247617854255,2.577468816802915e-12,4,152.691,-0.0157229,0.0429646,11484.6,0.0,8.5321,15.1808,18.9427,22.4942,25.0151,26.3877,27.1501,27.8343,28.3327,28.8391,29.3532,29.8751,30.6184,31.4857,33.1613,36.9144,45.8064,70.4277,8.4732
70.447,-0.29808112195375464,0.46203667886372324,4.331951840400659e-13,4,152.465,0.000165304,0.0123464,11540.9,0.0,8.1830,14.2279,17.6512,20.9098,23.2432,24.5220,25.2345,25.8755,26.3433,26.8192,27.3033,27.7955,28.4981,29.3210,30.9968,35.0771,45.2785,77.9904,8.9502
70.555,-0.2900228987583563,0.5340917511956897,7.280711458161386e-14,4,152.885,0.0284398,-0.0173801,11598.5,0.0,7.7670,13.2349,16.3402,19.3205,21.4741,22.6615,23.3256,23.9245,24.3624,24.8119,25.2800,25.7682,26.4876,27.3658,29.1959,33.7821,46.1306,96.8929,9.6000
70.664,-0.28224116744728817,0.6484895131568037,1.2236691747731846e-14,4,153.721,0.07278,-0.0368426,11739.7,0.0,7.3104,12.3361,15.2116,17.9955,20.0258,21.1984,21.8881,22.5332,23.0199,23.5300,24.0651,24.6269,25.4624,26.4946,28.6901,34.4720,52.3652,200.0000,10.3482
70.774,-0.27642001962727736,0.7109093913274713,2.0566207820412917e-15,4,155.02,0.134361,-0.0521806,11897.3,0.0,6.7585,11.3567,14.0204,16.6918,18.8999,20.2613,21.0770,21.8503,22.4404,23.0650,23.7273,24.4307,25.4919,26.8286,29.7710,38.2332,73.4468,181.1220,11.2880
70.883,-0.2709395544056162,0.7324473557564358,3.456562548376799e-16,4,156.51,0.213408,-0.070165,12029.2,0.0,6.0738,10.1624,12.6934,15.6155,18.1977,19.8607,20.8846,21.8748,22.6438,23.4707,24.3621,25.3260,26.8146,28.7512,33.2743,48.6883,200.0000,67.4464,12.5099
70.996,-0.26499627230738226,0.7794809647686439,5.809444675056888e-17,4,158.042,0.309692,-0.0916298,12213.9,0.0,5.2618,8.9746,11.6632,15.0179,18.2338,20.4446,21.8647,23.2836,24.4177,25.6699,27.0597,28.6110,31.1119,34.5719,43.7080,93.0749,187.6960,47.3756,13.3036
71.103,-0.25872929096063296,0.8700684494885143,9.763933665368113e-18,4,160.018,0.422767,-0.107723,12396.4,0.0,4.4458,8.1427,11.1052,15.1986,19.6110,22.9700,25.2874,27.7407,29.8090,32.2133,35.0424,38.4195,44.4181,54.0769,91.3819,200.0000,84.0702,38.4490,13.6154
71.213,-0.12461792370998019,0.9315182599971463,1.6410243311384187e-18,4,162.466,0.514703,-0.0502737,12659.3,0.0,3.9256,7.8133,11.3386,16.9691,24.3057,31.0527,36.4614,43.0259,49.3807,57.9430,70.1041,88.7343,141.3380,200.0000,200.0000,126.5110,57.3408,32.7336,13.5508
71.324,-0.040834801241286314,0.9646210889827399,2.7580695933443407e-19,4,165.539,0.565453,-0.00806314,12843.7,0.0,3.6579,7.8254,12.0824,20.0764,33.5136,50.4568,69.1130,102.1920,155.2970,200.0000,200.0000,200.0000,200.0000,200.0000,152.2050,82.4920,46.9593,29.5430,13.3917
71.434,-0.0133807476707447,0.9773234427347391,4.635487565533834e-20,4,168.975,0.582783,0.00691431,13027.8,0.0,3.5649,7.8468,12.4453,21.7672,39.8250,68.1896,110.0140,200.0000,200.0000,200.0000,200.0000,200.0000,200.0000,187.9560,123.8930,73.7728,44.2386,28.5961,13.3385
71.544,-0.0043846033967496235,0.9814857500121944,7.790863951392714e-21,4,172.472,0.5814,0.0111582,13249.7,0.0,3.5922,7.9734,12.7502,22.6706,42.8444,77.3524,135.6780,200.0000,200.0000,200.0000,200.0000,200.0000,200.0000,173.2590,117.3100,71.3755,43.3630,28.2311,13.2714
71.654,-0.013570860273859417,0.9839880845483708,1.3094105043105738e-21,4,175.946,0.572751,0.0126759,13496.9,0.0,3.6722,8.1755,13.1127,23.4583,44.8900,82.8201,150.8470,200.0000,200.0000,200.0000,200.0000,200.0000,200.0000,167.6730,114.5270,70.1910,42.8361,27.9578,13.1792
71.764,-0.04670174007881325,0.9858922682791852,2.2007262345947817e-22,4,179.355,0.55834,0.0272118,13779.7,0.0,3.8539,8.8414,14.6228,27.9476,62.2224,161.3770,200.0000,200.0000,200.0000,200.0000,200.0000,200.0000,164.4650,132.0900,96.5191,62.8238,39.8810,26.6251,12.8773
71.880,-0.03690700584023177,0.9874573933134734,3.69876058248345e-23,4,182.744,0.52917,0.0489604,14030.2,0.0,4.2060,10.1289,17.6792,38.6206,135.4820,200.0000,200.0000,200.0000,198.9450,187.4720,159.1370,138.2510,116.8050,99.2306,77.4299,53.8759,35.9053,24.7004,12.3842
71.986,-0.0376028243265334,0.9879702534847089,6.2165069109799365e-24,4,186.122,0.481936,0.0670316,14265.7,0.0,4.7229,11.8865,21.9013,56.3999,200.0000,199.6440,194.6100,179.4180,152.5880,132.7480,117.4800,105.3700,92.0918,80.5113,65.1791,47.2762,32.5745,22.9065,11.8101
72.093,-0.041437113587324714,0.9877528075056194,1.0448083165283981e-24,4,189.446,0.416321,0.0854637,14522.1,0.0,5.4366,14.3722,28.3205,95.4220,195.5720,185.9530,152.3910,125.0470,110.8500,99.5543,90.3543,82.7167,73.9721,66.0090,54.9481,41.2225,29.2379,20.9779,11.1101
72.204,-0.04661322132590081,0.9880670548071914,1.7560093375892788e-25,4,192.744,0.33111,0.105766,14765.6,0.0,6.3855,17.9221,38.7805,195.0330,182.5030,128.6260,105.0580,90.5542,82.4330,75.6539,69.9100,64.9813,59.1506,53.6580,45.7222,35.3439,25.7625,18.8558,10.2682
72.313,-0.052701259266477424,0.9881700273629705,2.951324893686301e-26,4,195.997,0.223911,0.128971,15002.3,0.0,7.6300,23.1372,57.9303,184.6210,124.2070,86.1568,74.0739,65.9870,61.2187,57.0972,53.4994,50.3317,46.4844,42.7571,37.1864,29.5498,22.1197,16.5218,9.2700
72.424,0.06366797344099819,0.9882037694100483,4.960291748818567e-27,5,196.364,0.0929118,0.15016,13435.7,0.0,9.1722,30.1594,91.8647,171.4990,81.7030,61.6740,54.5558,49.5587,46.5195,43.8346,41.4457,39.3065,36.6621,34.0502,30.0522,24.3792,18.6345,14.1523,8.1466
72.535,0.03325138937714628,0.9882148260040345,8.336762342239365e-28,5,199.041,-0.0448581,0.122604,13606.3,0.0,10.1884,30.2143,72.2867,172.1630,108.6070,72.6445,61.7548,54.6018,50.4337,46.8601,43.7623,41.0519,37.7808,34.6332,29.9680,23.6479,17.5806,13.0615,7.2701
72.643,0.01089581527110329,0.988218449028752,1.40115964686017e-28,5,201.676,-0.168792,0.109449,13786.0,0.0,11.2090,31.8268,70.2508,167.7470,125.8610,75.8314,62.5805,54.2884,49.5988,45.6581,42.3005,39.4057,35.9646,32.7065,27.9706,21.7256,15.9077,11.6825,6.3930
72.754,0.0035703407480351264,0.9882196362214914,2.3549290184778877e-29,5,204.312,-0.283305,0.105866,13956.2,0.0,12.2525,34.3998,74.4750,161.3920,119.2980,69.1423,56.4904,48.7007,44.3377,40.6949,37.6078,34.9586,31.8243,28.8712,24.6037,19.0215,13.8667,10.1501,5.5282
72.864,0.04883883513912865,0.9882200252408083,3.957929201355786e-30,5,206.917,-0.394759,0.104607,14131.1,0.0,13.2959,37.1835,79.9746,154.5080,104.3910,59.5944,48.5057,41.7198,37.9328,34.7785,32.1107,29.8252,27.1257,24.5869,20.9260,16.1512,11.7557,8.5948,4.6732
72.975,0.07598381149388969,0.9882201527146581,6.652091608718671e-31,5,209.328,-0.495806,0.0669519,14328.2,0.0,13.6351,34.3099,63.2003,152.7500,144.1180,129.7450,81.1633,61.1410,51.9855,45.2179,40.0121,35.8836,31.3578,27.4118,22.1885,16.0914,11.0858,7.7949,4.0184
73.085,0.024898375350317775,0.9882201944852892,1.118017036677347e-31,5,211.756,-0.564699,0.0367905,14472.4,0.0,13.7936,32.3096,54.6484,110.0880,142.8550,137.9020,133.9450,127.5690,93.0802,71.0074,57.4006,48.1731,39.3274,32.5107,24.5467,16.4997,10.7151,7.2525,3.5649
73.195,0.008158699634792129,0.9882202081726896,1.879051233543618e-32,5,214.275,-0.608778,0.0290124,14621.4,0.0,14.0649,32.3911,53.7904,103.7630,136.9740,132.5690,129.2720,125.0960,115.7210,80.9193,62.2139,50.5358,40.0231,32.3404,23.7910,15.5855,9.9380,6.6523,3.2274
73.303,0.0026734426963286846,0.9882202126577769,3.158121408216759e-33,5,216.774,-0.642515,0.0268509,14786.4,0.0,14.3270,32.8431,54.2753,103.5440,130.2100,125.9490,122.8140,118.9590,113.8010,79.8919,60.3011,48.4292,37.9687,30.4562,22.2239,14.4465,9.1624,6.1137,2.9551
73.415,0.06389945838117049,0.9882202141274503,5.307854650789907e-34,5,219.238,-0.67249,0.0224563,14954.6,0.0,14.5213,32.9820,53.9815,100.8020,123.6460,119.6530,116.7980,113.4700,109.9150,87.5132,63.0274,49.2510,37.7147,29.7549,21.3272,13.6344,8.5503,5.6676,2.7187
73.525,0.020938574522341942,0.988220214609033,8.920911311582599e-35,6,220.326,-0.689513,-0.00189859,13761.3,0.0,14.3089,30.9659,48.3250,81.9136,119.2170,116.2460,114.2680,112.2210,110.5100,108.4900,105.9460,102.1090,67.0875,44.6500,27.4514,15.5263,9.0409,5.7538,2.6396
73.634,0.006861152099481007,0.988220214766838,1.4993375641376874e-35,6,221.306,-0.688227,-0.0111592,13794.8,0.0,14.1679,30.1381,46.2922,76.1965,112.9620,110.2960,108.5620,106.8050,105.3770,103.7580,101.8690,99.5428,94.1765,57.6140,31.9111,16.8851,9.4964,5.9386,2.6755
73.744,0.002248262319957937,0.4924762499747975,0.23176116943359373,6,222.867,-0.677217,-0.0129164,13768.1,0.0,14.0513,29.7948,45.6327,74.7208,105.9480,103.3810,101.7340,100.0840,98.7573,97.2711,95.5693,93.5430,89.5566,63.0595,34.0571,17.7615,9.9185,6.1810,2.7750
73.854,0.0007367105970038168,0.16137461759174165,0.817621629776001,6,214.81,-0.663253,-0.0133856,12856.3,0.0,13.9280,29.5082,45.1590,73.8438,98.8900,96.3994,94.8224,93.2576,92.0107,90.6277,89.0649,87.2439,83.8928,66.8078,35.8256,18.6095,10.3721,6.4576,2.8964
73.964,0.00024140532842621072,0.052879234692461904,0.9220811058845677,6,200.475,-0.649314,-0.0134462,11813.4,0.0,13.8105,29.2560,44.7687,73.5123,92.1731,89.7557,88.2434,86.7564,85.5818,84.2898,82.8466,81.1939,78.2846,69.7125,37.3485,19.3905,10.8047,6.7262,3.0165
74.074,7.910369801870075e-05,0.01732746762402592,0.9380411638061071,6,185.896,-0.636186,-0.0137304,10832.5,0.0,13.6967,29.0002,44.3567,89.5266,85.9313,83.5938,82.1482,80.7397,79.6363,78.4326,77.1028,75.6041,73.0602,68.5129,38.9433,20.1689,11.2253,6.9840,3.1303
74.184,2.5920699766767863e-05,0.005677864591040814,0.8798019121106092,6,171.795,-0.623839,-0.0141113,9944.02,0.0,13.5883,28.7509,43.9482,83.6872,80.1458,77.8906,76.5112,75.1789,74.1432,73.0225,71.7968,70.4350,68.1902,64.6546,40.5396,20.9266,11.6285,7.2294,3.2378
74.294,8.493694899574492e-06,0.001860522669192254,0.7433882791396703,5,158.617,-0.612221,-0.0141948,10053.8,0.0,13.4900,28.5386,43.6177,78.2514,74.7677,72.5908,71.2729,70.0104,69.0360,67.9890,66.8540,65.6080,63.6007,60.6490,41.8547,21.5896,11.9928,7.4546,3.3381
74.404,2.7832139446925694e-06,0.0006096560682409178,0.5823999347620161,5,146.676,-0.601334,-0.014562,9411.37,0.0,13.3942,28.3170,43.2535,73.2210,69.8086,67.7136,66.4577,65.2643,64.3495,63.3733,62.3240,61.1846,59.3857,56.8672,43.3150,22.2710,12.3524,7.6724,3.4331
74.515,9.12003545396861e-07,0.0001997721004411839,0.4743862119792997,4,136.159,-0.591024,-0.0149091,8812.0,0.0,13.3034,28.1076,42.9096,68.5366,65.2016,63.1876,61.9917,60.8638,60.0049,59.0941,58.1227,57.0781,55.4564,53.2663,44.7159,22.9208,12.6942,7.8792,3.5232
74.626,2.988453217556434e-07,6.546132187256715e-05,0.40638969437660893,4,126.803,-0.581258,-0.0145286,9147.98,0.0,13.2267,27.9646,42.7174,64.1179,60.8552,58.9149,57.7729,56.7033,55.8935,55.0397,54.1349,53.1700,51.6919,49.7469,44.2751,23.3854,12.9722,8.0580,3.6059
74.734,9.792563503288924e-08,2.1450365951202802e-05,0.16356881519535127,4,118.279,-0.572285,-0.0137656,8649.61,0.0,13.1614,27.8649,64.0387,59.9603,56.7711,54.9016,53.8106,52.7955,52.0311,51.2294,50.3849,49.4908,48.1367,46.3918,42.0082,23.7190,13.1992,8.2115,3.6803
74.843,3.208827208757715e-08,7.028855914890134e-06,0.027491010769882696,3,112.632,-0.564113,-0.0134895,10248.6,0.0,13.0965,27.7413,60.1269,56.0576,52.9539,51.1598,50.1220,49.1623,48.4437,47.6938,46.9087,46.0833,44.8467,43.2834,39.6272,24.1112,13.4327,8.3614,3.7496
74.953,1.051468499765728e-08,2.3032155061911994e-06,0.004620414180094186,3,111.489,-0.55637,-0.0130733,10113.5,0.0,13.0369,27.6360,56.2700,52.2253,49.2137,47.4972,46.5131,45.6088,44.9351,44.2359,43.5080,42.7480,41.6206,40.2195,37.1020,24.4461,13.6427,8.4992,3.8145
75.065,3.445451980032338e-09,7.547176570687323e-07,0.0007765530112484298,3,110.411,-0.54899,-0.0123118,10017.7,0.0,12.9847,27.5634,52.3988,48.3931,45.4810,43.8449,42.9156,42.0668,41.4380,40.7887,40.1166,39.4194,38.3948,37.1407,34.4551,24.6813,13.8167,8.6207,3.8750
75.174,1.1290057048169964e-09,2.4730588186828225e-07,0.00013051526460052364,3,109.388,-0.542074,-0.0115607,9926.89,0.0,12.9362,27.6206,48.5220,44.5757,41.7747,40.2247,39.3526,38.5611,37.9781,37.3791,36.7627,36.1273,35.2022,34.0854,31.7685,24.8903,13.9761,8.7331,3.9313
75.284,3.6995258935443336e-10,8.103719137059872e-08,2.193570052141001e-05,3,108.39,-0.535631,-0.0108445,9836.35,0.0,12.8912,48.9827,44.6368,40.7717,38.0946,36.6367,35.8242,35.0918,34.5554,34.0072,33.4463,32.8718,32.0426,31.0546,29.0592,24.1156,14.1223,8.8369,3.9837
75.394,0.13812123415505417,2.6554266868317783e-08,3.6867331866333813e-06,3,107.389,-0.52833,-0.0195592,9746.63,0.0,12.7219,45.4275,41.1177,37.4196,34.9232,33.5866,32.8491,32.1891,31.7089,31.2210,30.7250,30.2206,29.4993,28.6516,26.9845,23.2475,14.9942,9.2179,4.0829
75.503,0.16399421178737425,8.701302167410371e-09,6.196292466774726e-07,3,106.275,-0.505862,-0.0744427,9638.82,0.0,11.9239,43.2676,39.3296,36.0407,33.8730,32.7323,32.1079,31.5521,31.1497,30.7427,30.3314,29.9160,29.3272,28.6439,27.3314,24.5706,19.4585,11.6567,4.5434
75.613,0.10099068850721804,2.8512426942170304e-09,1.0414108748908284e-07,3,105.165,-0.456707,-0.132556,9538.49,0.0,11.0029,41.1331,37.5146,34.5662,32.6600,31.6699,31.1319,30.6556,30.3122,29.9662,29.6177,29.2665,28.7705,28.1976,27.1066,24.8713,21.0074,15.4293,5.3663
75.724,0.12365410663569364,9.342952060410364e-10,1.7502992574290153e-08,3,104.126,-0.382482,-0.172773,9448.88,0.0,10.1387,38.4720,35.0402,32.3230,30.6009,29.7171,29.2400,28.8195,28.5175,28.2141,27.9094,27.6034,27.1730,26.6785,25.7439,23.8528,20.6920,16.4005,6.4435
75.834,0.267900746971888,3.061498531155268e-10,2.9417279619609457e-09,3,103.016,-0.284434,-0.225437,9345.84,0.0,9.0958,36.1072,32.8800,30.3898,28.8386,28.0505,27.6275,27.2559,26.9898,26.7231,26.4559,26.1883,25.8130,25.3834,24.5764,22.9627,20.3066,16.8003,8.0273
75.943,0.34012495683721894,1.003191838688958e-10,4.944162185667763e-10,3,101.668,-0.155519,-0.315581,9213.53,0.0,7.8164,34.6070,31.6351,29.3810,27.9919,27.2904,26.9150,26.5859,26.3505,26.1151,25.8794,25.6438,25.3138,24.9367,24.2307,22.8268,20.5359,17.5123,9.6192
76.054,0.445309899277498,3.287259017015978e-11,8.309653385451809e-11,3,100.023,0.00998561,-0.401957,9057.51,0.0,6.6443,33.3681,30.6189,28.5601,27.3031,26.6712,26.3338,26.0384,25.8274,25.6164,25.4055,25.1948,24.9000,24.5636,23.9348,22.6890,20.6660,18.0058,10.8166
76.164,0.4909318051739302,1.0771690346957955e-11,1.3966034444928856e-11,3,98.0553,0.17017,-0.367155,8872.57,0.0,5.6556,32.1943,29.6166,27.7104,26.5548,25.9765,25.6684,25.3990,25.2068,25.0149,24.8232,24.6318,24.3643,24.0594,23.4905,22.3665,20.5492,18.1684,11.6255
76.273,0.5036937020154325,3.5296674928911824e-12,2.3472714091591936e-12,3,95.7547,0.298231,-0.334268,8664.41,0.0,4.8696,31.1413,28.6900,26.8981,25.8197,25.2818,24.9956,24.7458,24.5677,24.3899,24.2125,24.0355,23.7883,23.5069,22.9828,21.9506,20.2896,18.1220,12.1370
76.384,0.5064983635171278,1.1566014440705825e-12,3.945059057373857e-13,3,93.2151,0.391749,-0.289561,8437.53,0.0,4.3338,30.1822,27.7147,26.0009,24.9771,24.4686,24.1988,23.9634,23.7958,23.6287,23.4620,23.2957,23.0639,22.8002,22.3098,21.3470,19.8058,17.8087,12.3208
76.494,0.4987643818307563,3.789951611930484e-13,6.630460757728242e-14,3,90.4943,0.448895,-0.241846,8198.61,0.0,4.0750,29.6492,26.7141,25.0419,24.0545,23.5661,23.3074,23.0821,22.9218,22.7621,22.6029,22.4444,22.2236,21.9728,21.5073,20.5970,19.1479,17.2845,12.2306
76.604,0.47761241413472405,1.2418913441973809e-13,1.1143815395513857e-14,3,87.6772,0.469698,-0.184195,7952.86,0.0,4.1298,29.6373,25.9572,24.0419,23.0717,22.5963,22.3450,22.1264,21.9711,21.8164,21.6625,21.5093,21.2961,21.0542,20.6063,19.7337,18.3550,16.5984,11.9188
76.715,0.4671719328369339,4.0694295566659776e-14,1.8729410535240143e-15,2,84.8764,0.456016,-0.128466,9584.76,0.0,4.5175,30.3241,25.6194,23.2519,22.1060,21.5959,21.3392,21.1229,20.9707,20.8193,20.6688,20.5191,20.3110,20.0753,19.6396,18.7943,17.4680,15.7963,11.4380
76.825,0.4597820725261334,1.3334706771283073e-14,3.147852028657811e-16,2,81.6633,0.413548,-0.0807827,9171.09,0.0,5.2459,32.2893,25.9471,22.9350,21.5139,20.8880,20.5746,20.3111,20.1288,19.9513,19.7783,19.6098,19.3812,19.1298,18.6851,17.8566,16.5663,14.9563,10.8570
76.933,0.4580077340714374,4.369516714814037e-15,5.2905949045651843e-17,2,78.3489,0.349353,-0.0492242,8823.35,0.0,6.2531,37.4218,27.6976,23.5383,21.6640,20.8549,20.4531,20.1173,19.8858,19.6611,19.4429,19.2309,18.9442,18.6302,18.0779,17.0994,15.7664,14.1874,10.2536
77.046,0.4607886764909679,1.4318032371102636e-15,8.891902856102706e-18,2,74.9913,0.27075,-0.0331114,8472.77,0.0,7.4943,51.3502,32.2926,25.7049,22.9745,21.8368,21.2807,20.8201,20.5049,20.2007,19.9069,19.6229,19.2411,18.8260,18.1032,16.8448,15.1800,13.4853,9.6441
77.156,0.4666483146157826,4.691732847362912e-16,1.4944621130251824e-18,2,71.6058,0.184635,-0.0300148,8120.24,0.0,8.7921,120.6450,45.1381,31.3797,26.6070,24.7496,23.8677,23.1495,22.6645,22.2010,21.7577,21.3334,20.7690,20.1631,19.1269,17.3772,15.1600,13.0057,9.0529
77.266,0.3105931334242871,1.537387019423879e-16,2.511742473361424e-19,2,68.2436,0.0967143,-0.0385087,7768.25,0.0,9.2842,78.3947,116.2810,49.4138,36.8305,32.6992,30.8614,29.4194,28.4717,27.5852,26.7542,25.9738,24.9577,23.8938,22.1363,19.3330,16.0466,13.1001,8.5039
77.376,-0.3363602793401948,5.037709785248166e-17,4.2214855749785464e-20,2,65.2595,0.0119588,-0.0552982,7440.42,0.0,9.2952,29.8446,85.3171,200.0000,86.6260,64.1300,56.3420,50.9372,47.6749,44.8086,42.2704,40.0072,37.2219,34.4844,30.3198,24.4633,18.5951,14.0590,8.0363
77.484,-0.180062808144745,1.650756742430119e-17,7.095050805866443e-21,2,63.447,-0.0676724,-0.0498307,7219.78,0.0,9.3602,22.2727,38.3419,80.7372,200.0000,200.0000,200.0000,200.0000,161.9880,129.7160,108.1730,92.7725,77.3626,65.0303,50.0867,34.3679,22.6620,15.4849,7.6994
77.598,-0.059002980972870045,5.409199693595013e-18,1.1924651889419732e-21,2,62.2222,-0.139486,-0.0260552,7087.62,0.0,9.4265,19.5290,29.3022,46.2935,71.4250,98.1861,122.7520,157.1900,196.6060,200.0000,200.0000,200.0000,200.0000,200.0000,118.0290,53.7990,28.3129,17.1631,7.4996
77.704,-0.019334096805190056,0.028046630859375,2.0041762430547743e-22,2,61.3464,-0.183464,-0.0819352,7013.75,0.0,9.3112,17.6698,24.7182,35.0321,46.9732,56.6981,63.7560,71.5625,78.4290,86.7604,97.0805,110.1970,135.9240,185.4360,200.0000,121.7890,38.5282,19.8276,7.5738
77.816,-0.008563448534374676,0.17847903093749998,3.3684190117021596e-23,2,61.1412,-0.187821,-0.123319,7144.18,0.0,9.0361,16.2196,21.8181,29.3248,37.1321,42.8873,46.7666,50.7948,54.1302,57.9392,62.3298,67.4460,76.2141,89.5324,133.2620,200.0000,56.6545,23.5653,7.9268
77.930,-0.04590179040888355,0.36099007526385,5.6613018329678194e-24,2,62.1871,-0.159735,-0.127034,7305.43,0.0,8.7970,15.7169,21.0758,28.2133,35.5786,40.9703,44.5868,48.3272,51.4126,54.9235,58.9538,63.6275,71.5812,83.5299,121.6720,200.0000,61.2498,24.8165,8.2403
78.038,-0.29370583175562537,0.4505631223937083,9.514949990669015e-25,2,63.8955,-0.12629,-0.0956429,7675.34,0.0,8.7603,16.3083,22.4979,31.2717,41.0300,48.6776,54.0680,59.8798,64.8660,70.7638,77.8480,86.5156,102.5080,129.9900,200.0000,197.6210,46.1666,22.4233,8.2380
78.148,-0.09624152694968333,0.4839456040240953,1.599177644931742e-25,2,66.2704,-0.108156,-0.0451573,7910.52,0.0,9.0057,18.0717,26.3998,39.9214,57.9592,74.9817,88.9392,106.2650,123.4540,147.2900,182.5500,200.0000,200.0000,200.0000,200.0000,69.5491,32.7194,18.9382,7.9338
78.259,-0.03153642355087224,0.4978599537297405,2.6877378678367793e-26,2,68.8739,-0.0975569,-0.0278819,8234.85,0.0,9.0639,18.7189,28.0108,44.0514,67.5147,92.1620,114.4870,145.3090,179.9260,200.0000,200.0000,200.0000,200.0000,200.0000,129.1690,57.5099,29.9878,18.1042,7.8802
78.364,-0.010333855269149813,0.5063737945600364,4.517281034473275e-27,2,71.641,-0.0893048,-0.0218828,8584.6,0.0,9.0473,18.8799,28.5077,45.5273,71.3771,99.8302,126.8340,166.1950,200.0000,200.0000,200.0000,200.0000,200.0000,200.0000,114.0470,54.5752,29.3050,17.9270,7.9023
78.480,0.051104342008285855,0.5126662388295578,7.592194234639235e-28,2,74.5498,-0.0817184,-0.0198305,8952.32,0.0,9.0020,18.8533,28.5581,45.8591,72.4982,102.3360,131.1680,174.1190,200.0000,200.0000,200.0000,200.0000,200.0000,200.0000,110.2780,53.9300,29.2331,17.9612,7.9511
78.583,0.03952070768927511,0.5315907602490445,1.2760200850158164e-28,2,77.6129,-0.0708844,-0.0340136,9370.53,0.0,8.7928,17.9712,26.6549,41.3064,61.9962,82.8339,100.9610,124.8990,150.3800,188.9410,200.0000,200.0000,200.0000,200.0000,155.7520,63.3160,31.9416,19.0116,8.1662
78.700,0.01295014549562167,0.5557131798496568,2.1446069568860828e-29,2,80.9237,-0.0550164,-0.0430968,9797.07,0.0,8.5900,17.2952,25.3345,38.4764,56.1825,73.0776,87.0675,104.6070,122.2020,146.9260,184.2100,200.0000,200.0000,200.0000,200.0000,71.7767,34.2434,19.9273,8.3876
78.803,0.004243503676005309,0.5767788252418855,3.60444091243844e-30,2,84.3693,-0.0363333,-0.0462735,10233.7,0.0,8.4134,16.8529,24.5833,37.0890,53.6839,69.2536,81.9546,97.6389,113.1110,134.4230,165.6450,200.0000,200.0000,200.0000,200.0000,76.2531,35.5941,20.5412,8.5832
78.917,-0.10921127034313408,0.593052578814636,6.0579838415352865e-31,2,87.907,-0.0164438,-0.0431483,10687.8,0.0,8.2756,16.6607,24.4034,37.0583,54.1038,70.3641,83.8250,100.6970,117.6170,141.3860,177.2100,200.0000,200.0000,200.0000,200.0000,74.7551,35.6521,20.7443,8.7305
79.026,-0.03578634906603817,0.6045426213697299,1.0181653442468355e-31,2,91.4932,-0.00230797,-0.0188053,11158.9,0.0,8.3493,17.5183,26.5784,42.7995,67.9511,96.3785,124.1070,165.8970,200.0000,200.0000,200.0000,200.0000,200.0000,200.0000,117.4080,58.0146,31.5923,19.4526,8.6295
79.135,-0.011726470861959389,0.613864299607933,1.7112304940756563e-32,2,95.1705,0.00537594,-0.00802213,11558.8,0.0,8.3728,17.9135,27.6603,45.9667,76.7488,115.5820,158.3630,200.0000,200.0000,200.0000,200.0000,200.0000,200.0000,169.4270,97.6855,52.9596,30.1525,18.9710,8.6002
79.249,-0.003842529972046852,0.6218234111174025,2.8760650913929566e-33,2,98.828,0.00936103,-0.00435239,12042.9,0.0,8.3695,18.0291,28.0149,47.1029,80.2162,123.9140,174.7340,200.0000,200.0000,200.0000,200.0000,200.0000,200.0000,154.2170,92.5820,51.5208,29.7378,18.8402,8.6022
79.356,-0.0012591202212403124,0.6282653707455755,4.833802599104142e-34,2,102.552,0.011729,-0.00300342,12431.3,0.0,8.3607,18.0558,28.1227,47.4940,81.5042,127.1910,181.5100,200.0000,200.0000,200.0000,200.0000,200.0000,200.0000,149.4490,90.9287,51.0598,29.6155,18.8096,8.6107
79.463,-0.0004125885140960255,0.6398677037171602,8.124172028314332e-35,2,106.263,0.0134175,-0.00253565,12893.8,0.0,8.3503,18.0492,28.1357,47.5899,81.8907,128.2600,183.8330,200.0000,200.0000,200.0000,200.0000,200.0000,200.0000,147.9940,90.4476,50.9458,29.5988,18.8152,8.6210
79.579,-0.0001351970042989856,0.649611677279039,1.36542959279879e-35,2,110.039,0.0148735,-0.00243694,13354.3,0.0,8.3388,18.0277,28.1070,47.5571,81.8808,128.3450,184.1230,200.0000,200.0000,200.0000,200.0000,200.0000,200.0000,147.8520,90.4450,50.9771,29.6274,18.8368,8.6326
79.687,-4.4301354368691605e-05,0.6656104106607955,2.2948775166169263e-36,2,113.889,0.0163043,-0.00243169,13831.7,0.0,8.3267,18.0018,28.0669,47.4899,81.7678,128.1720,183.8860,200.0000,200.0000,200.0000,200.0000,200.0000,200.0000,148.0430,90.5655,51.0470,29.6685,18.8631,8.6447
79.795,-1.4516667799532862e-05,0.6776864654590795,3.8570006421780685e-37,2,117.836,0.0177468,-0.00243122,14308.5,0.0,8.3145,17.9754,28.0258,47.4206,81.6490,127.9870,183.6220,200.0000,200.0000,200.0000,200.0000,200.0000,200.0000,148.2490,90.6934,51.1190,29.7104,18.8898,8.6569
79.906,-4.756821704550927e-06,0.6894408869391311,6.48246097930868e-38,2,121.85,0.0192316,-0.00243026,14820.0,0.0,8.3019,17.9483,27.9835,47.3491,81.5261,127.7950,183.3470,200.0000,200.0000,200.0000,200.0000,200.0000,200.0000,148.4640,90.8250,51.1934,29.7537,18.9173,8.6696
80.014,-1.558715336147248e-06,0.6991142281134645,1.08950721679241e-38,3,125.474,0.020761,-0.00243026,11980.1,0.0,8.2890,17.9203,27.9399,47.2754,81.3990,127.5970,183.0610,200.0000,200.0000,200.0000,200.0000,200.0000,200.0000,148.6850,90.9607,51.2700,29.7983,18.9457,8.6826
80.125,-5.107598413487302e-07,0.7064356428463451,1.8311347792630038e-39,3,126.862,0.0223117,-0.00244457,12040.3,0.0,8.2758,17.8912,27.8938,47.1950,81.2540,127.3540,182.6900,200.0000,200.0000,200.0000,200.0000,200.0000,200.0000,148.9640,91.1188,51.3542,29.8457,18.9753,8.6959
80.237,-1.6736578481315192e-07,0.7121867669947654,3.0775882235073303e-40,3,130.046,0.0239072,-0.00244505,12318.3,0.0,8.2622,17.8619,27.8483,47.1180,81.1214,127.1460,182.3920,200.0000,200.0000,200.0000,200.0000,200.0000,200.0000,149.1970,91.2610,51.4343,29.8922,19.0049,8.7095
80.344,-5.4842420367573624e-08,0.7169504984807197,5.172502527248769e-41,3,133.202,0.0255435,-0.00244362,12620.2,0.0,8.2484,17.8321,27.8018,47.0395,80.9870,126.9370,182.0940,200.0000,200.0000,200.0000,200.0000,200.0000,200.0000,149.4300,91.4049,51.5159,29.9398,19.0352,8.7234
80.456,-1.7970764306046523e-08,0.7223740073109123,8.693424997547005e-42,3,136.359,0.0272215,-0.00244314,12918.4,0.0,8.2342,17.8014,27.7539,46.9585,80.8476,126.7180,181.7810,200.0000,200.0000,200.0000,200.0000,200.0000,200.0000,149.6740,91.5539,51.6002,29.9888,19.0663,8.7376
80.564,-5.888660047805325e-09,0.7297334033875147,1.461103939337725e-42,3,139.569,0.0289385,-0.00244219,13138.2,0.0,8.2197,17.7700,27.7050,46.8762,80.7059,126.4970,181.4650,200.0000,200.0000,200.0000,200.0000,200.0000,200.0000,149.9210,91.7056,51.6861,30.0388,19.0982,8.7522
80.675,-1.9295961244648485e-09,0.7574689674032709,2.4556773908449146e-43,3,142.705,0.0306945,-0.00244123,13535.6,0.0,8.2048,17.7379,27.6550,46.7916,80.5610,126.2710,181.1420,200.0000,200.0000,200.0000,200.0000,200.0000,200.0000,150.1740,91.8615,51.7739,30.0899,19.1307,8.7672
80.786,-6.322900580646415e-10,0.8278563745980788,4.127256990793048e-44,3,146.218,0.0324902,-0.00244075,13825.0,0.0,8.1896,17.7051,27.6039,46.7053,80.4128,126.0400,180.8120,200.0000,200.0000,200.0000,200.0000,200.0000,200.0000,150.4320,92.0202,51.8637,30.1422,19.1640,8.7824
80.895,-2.0718880622662177e-10,0.9082279045626734,6.936680824425875e-45,3,150.067,0.034329,-0.00243885,14404.5,0.0,8.1741,17.6715,27.5517,46.6172,80.2616,125.8050,180.4760,200.0000,200.0000,200.0000,200.0000,200.0000,200.0000,150.6930,92.1814,51.9552,30.1956,19.1980,8.7980
81.005,-6.789162802433942e-11,0.9521314029702218,1.165847946161257e-45,3,154.472,0.0362228,-0.00243837,14850.3,0.0,8.1580,17.6369,27.4977,46.5258,80.1047,125.5580,180.1250,200.0000,200.0000,200.0000,200.0000,200.0000,200.0000,150.9690,92.3502,52.0503,30.2509,19.2331,8.8142
81.115,-2.2246728671015542e-11,0.9717611036721573,1.959440643113225e-46,4,157.382,0.038166,-0.00243742,12286.4,0.0,8.1416,17.6014,27.4424,46.4323,79.9443,125.3080,179.7670,200.0000,200.0000,200.0000,200.0000,200.0000,200.0000,151.2480,92.5221,52.1475,30.3075,19.2692,8.8307
81.227,-7.289808050918373e-12,0.9796630827481675,3.2932318888803974e-47,4,159.662,0.0401231,-0.00242025,12306.3,0.0,8.1252,17.5665,27.3887,46.3442,79.8006,125.1000,179.4980,200.0000,200.0000,200.0000,200.0000,200.0000,200.0000,151.4700,92.6730,52.2384,30.3621,19.3045,8.8472
81.334,-2.388724302124932e-12,0.9822524032517945,5.534934835641283e-48,4,163.18,0.0421185,-0.00242073,12549.1,0.0,8.1083,17.5299,27.3318,46.2479,79.6347,124.8390,179.1240,200.0000,200.0000,200.0000,200.0000,200.0000,200.0000,151.7610,92.8507,52.3386,30.4204,19.3416,8.8642
81.447,-7.827371793202978e-13,0.9831008717944231,9.302564978262306e-49,4,166.659,0.0441537,-0.00242025,12804.2,0.0,8.0911,17.4927,27.2737,46.1496,79.4655,124.5740,178.7440,200.0000,200.0000,200.0000,200.0000,200.0000,200.0000,152.0570,93.0314,52.4408,30.4798,19.3793,8.8815
81.554,-2.564873189196752e-13,0.9833788979664716,1.5634820958965457e-49,4,170.09,0.0462302,-0.00242025,13079.7,0.0,8.0735,17.4547,27.2145,46.0493,79.2928,124.3040,178.3560,200.0000,200.0000,200.0000,200.0000,200.0000,200.0000,152.3600,93.2164,52.5451,30.5404,19.4179,8.8991
81.664,-8.404576466359917e-14,0.9842229312700284,2.627744358573325e-50,4,173.527,0.0483473,-0.00242025,13310.6,0.0,8.0556,17.4159,27.1541,45.9473,79.1168,124.0290,177.9620,200.0000,200.0000,200.0000,200.0000,200.0000,200.0000,152.6660,93.4050,52.6512,30.6021,19.4571,8.9171
81.776,-2.7540116164968173e-14,0.9842284494154379,4.416449943454187e-51,4,176.925,0.050505,-0.00241977,13559.9,0.0,8.0373,17.3765,27.0926,45.8433,78.9380,123.7490,177.5590,200.0000,200.0000,200.0000,200.0000,200.0000,200.0000,152.9790,93.5967,52.7596,30.6650,19.4972,8.9355
81.886,-9.024345264936771e-15,0.9861592634607007,7.422727419963453e-52,4,180.276,0.0527084,-0.00241977,13831.9,0.0,8.0187,17.3362,27.0297,45.7369,78.7553,123.4620,177.1490,200.0000,200.0000,200.0000,200.0000,200.0000,200.0000,153.3000,93.7930,52.8700,30.7294,19.5381,8.9542
81.995,-2.9570974564144816e-15,0.9861218451851773,1.2475377974732576e-52,4,183.631,0.0549517,-0.0024193,14067.1,0.0,7.9997,17.2951,26.9657,45.6286,78.5688,123.1690,176.7300,200.0000,200.0000,200.0000,200.0000,200.0000,196.3780,153.6260,93.9929,52.9827,30.7949,19.5797,8.9733
82.105,-9.689816945178974e-16,0.9875326210740288,2.0967367762133043e-53,4,186.956,0.0572358,-0.0024193,14299.6,0.0,7.9803,17.2533,26.9005,45.5185,78.3789,122.8720,200.0000,200.0000,200.0000,200.0000,200.0000,200.0000,191.8940,153.9590,94.1957,53.0974,30.8615,19.6221,8.9927
82.214,-3.1751592165962463e-16,0.9873925603672877,3.523985499781701e-54,4,190.227,0.0595598,-0.00241882,14564.4,0.0,7.9607,17.2108,26.8343,45.4063,78.1862,122.5700,200.0000,200.0000,200.0000,200.0000,200.0000,199.8030,187.2720,154.2950,94.4028,53.2139,30.9293,19.6652,9.0125
82.325,-1.040436172094258e-16,0.9875635090249029,5.922762429483105e-55,4,193.48,0.0619231,-0.00241882,14802.4,0.0,7.9407,17.1676,26.7669,45.2922,77.9897,122.2620,200.0000,200.0000,200.0000,200.0000,200.0000,194.3940,182.5160,154.6400,94.6133,53.3326,30.9983,19.7091,9.0326
82.434,-3.409301248718465e-17,0.9868665957935302,9.954386815232256e-56,4,196.709,0.0643258,-0.00241882,15030.2,0.0,7.9203,17.1236,26.6983,45.1762,77.7899,121.9490,200.0000,200.0000,200.0000,200.0000,196.4030,188.8880,177.6310,154.9890,94.8274,53.4533,31.0684,19.7536,9.0530
82.545,-1.1171598331800666e-17,0.986353623843999,1.6730337920360853e-56,5,197.062,0.066759,-0.00239832,13475.1,0.0,7.8999,17.0801,26.6315,45.0662,77.6096,121.6870,200.0000,200.0000,200.0000,198.5120,190.6010,183.3100,172.6310,153.8380,95.0146,53.5663,31.1363,19.7976,9.0735
82.654,-3.660709341364442e-18,0.9866674081955766,2.8118678942750486e-57,5,199.676,0.0691934,-0.00239164,13638.4,0.0,7.8793,17.0359,26.5628,44.9511,77.4144,121.3870,200.0000,200.0000,200.0000,192.4440,184.7760,177.7070,167.5760,151.1170,95.2221,53.6854,31.2064,19.8424,9.0942
82.764,-1.1995412369783007e-18,0.9877113911612765,4.725906369908074e-58,5,202.238,0.071643,-0.00239307,13823.3,0.0,7.8586,16.9910,26.4927,44.8321,77.2091,121.0630,200.0000,200.0000,194.3870,186.3050,178.8800,172.0370,162.4260,147.7120,95.4429,53.8092,31.2782,19.8879,9.1150
82.874,-3.930656725330496e-19,0.9880534834994771,7.9428308359045015e-59,5,204.792,0.0741223,-0.00239355,13988.4,0.0,7.8376,16.9455,26.4219,44.7124,77.0024,120.7400,200.0000,196.4360,187.8990,180.0860,172.9090,166.2950,157.1750,143.8680,95.6637,53.9340,31.3505,19.9340,9.1361
82.987,-1.2879975957562971e-19,0.9881655803168586,1.3349515785904698e-59,5,207.315,0.0766354,-0.00239355,14152.1,0.0,7.8163,16.8996,26.3502,44.5908,76.7934,120.4110,200.0000,189.5680,181.3290,173.7890,166.8630,160.4800,151.8280,139.7090,95.8875,54.0601,31.4240,19.9806,9.1575
83.094,-4.2205105217742344e-20,0.9882023122019783,2.2436531181370025e-60,5,209.808,0.0791802,-0.00239355,14315.9,0.0,7.7948,16.8530,26.2775,44.4680,76.5817,120.3580,195.0480,182.6160,174.6790,167.4160,160.7440,154.5950,146.3860,135.2990,96.1148,54.1879,31.4982,20.0278,9.1791
83.205,-1.3829768877749812e-20,0.9882143485060942,3.770907795652861e-61,5,212.268,0.0817548,-0.00239402,14480.5,0.0,7.7730,16.8058,26.2041,44.3436,76.3676,200.0000,187.5350,175.5820,167.9500,160.9670,154.5520,148.6400,140.8520,130.6800,96.3442,54.3172,31.5734,20.0756,9.2011
83.315,-4.531738665861058e-21,0.9882182925622269,6.337764732153764e-62,5,214.696,0.0843586,-0.00239402,14646.8,0.0,7.7509,16.7582,26.1298,44.2179,76.1506,195.1530,179.9350,168.4650,161.1440,154.4430,148.2880,142.6160,135.2280,125.8790,96.5761,54.4479,31.6494,20.1240,9.2232
83.424,-1.4849601260293513e-21,0.9882195849505405,1.0651881185330833e-62,5,217.1,0.0869909,-0.00239402,14805.3,0.0,7.7287,16.7100,26.0546,44.0906,75.9317,186.8170,172.2480,161.2690,154.2600,147.8450,141.9530,136.5230,129.5160,120.9170,96.8105,54.5803,31.7263,20.1728,9.2456
83.535,-4.865917340972977e-22,0.9882200084403431,1.790261670818553e-63,5,219.476,0.0896513,-0.0023945,14961.9,0.0,7.7061,16.6613,25.9787,43.9621,75.7104,178.3880,164.4760,153.9930,147.3000,141.1750,135.5490,130.3630,123.7170,115.8070,96.2921,54.7139,31.8039,20.2222,9.2682
83.647,-1.5944637942900251e-22,0.9882201472094816,3.0088927901447426e-64,6,220.508,0.0923388,-0.0023945,13756.2,0.0,7.6834,16.6121,25.9019,43.8322,75.4864,169.8770,156.6290,146.6450,140.2720,134.4390,129.0810,124.1430,117.8400,110.5670,93.9673,54.8491,31.8824,20.2721,9.2911
83.753,-5.2247389611295554e-23,0.988220192681353,5.057046112396269e-65,6,221.384,0.0950264,-0.00236732,13796.2,0.0,7.6608,16.5642,25.8285,43.7119,75.2912,161.3340,148.7540,139.2740,133.2210,127.6830,122.5950,117.9060,111.9270,105.2410,90.7797,54.9716,31.9568,20.3204,9.3137
83.863,-1.7120424627829326e-23,0.9882202075815757,8.499377401104411e-66,6,223.285,0.0977139,-0.00237066,13915.5,0.0,7.6381,16.5149,25.7514,43.5809,75.7278,152.7520,140.8410,131.8650,126.1350,120.8900,116.0730,111.6330,105.9720,99.8256,87.0878,55.1080,32.0357,20.3704,9.3366
83.976,-5.610020742047113e-24,0.9882202124640808,1.4284903598036183e-66,6,225.166,0.100424,-0.00237114,14029.6,0.0,7.6151,16.4652,25.6740,43.4498,171.3540,144.0950,132.8590,124.3920,118.9860,114.0390,109.4950,105.3070,99.9663,94.3072,83.0200,55.2443,32.1149,20.4208,9.3596
84.085,-1.838291596753998e-24,0.98822021406398,2.4008637477219415e-67,6,227.022,0.103151,-0.00237161,14142.6,0.0,7.5920,16.4153,25.5962,43.3181,160.9730,135.3650,124.8100,116.8550,111.7770,107.1300,102.8610,98.9266,93.9097,88.6918,78.6622,55.3812,32.1944,20.4714,9.3828
84.194,-6.0237139042435e-25,0.9882202145882351,4.035131700796268e-68,6,228.856,0.105908,-0.00237161,14253.2,0.0,7.5687,16.3648,25.5174,43.1848,150.5070,126.5640,116.6950,109.2580,104.5100,100.1650,96.1733,92.4946,87.8042,82.9849,74.0684,55.1576,32.2750,20.5225,9.4063
84.304,-1.97385057214251e-25,0.988220214760023,6.781845849528289e-69,6,230.666,0.108684,-0.00237209,14363.2,0.0,7.5452,16.3140,25.4382,43.0507,139.9580,117.6930,108.5160,101.6000,97.1846,93.1439,89.4324,86.0114,81.6496,77.1899,69.2740,53.4941,32.3560,20.5741,9.4299
84.414,-6.467913554796576e-26,0.9882202148163144,1.1398248319302197e-69,6,232.454,0.111476,-0.00237209,14472.2,0.0,7.5216,16.2629,25.3584,44.2282,129.3250,108.7520,100.2720,93.8811,89.8013,86.0677,82.6381,79.4773,75.4468,71.3260,64.3049,50.9317,32.4376,20.6259,9.4536
84.523,-2.1194059136357423e-26,0.98822021483476,1.9157035950251205e-70,6,234.219,0.114302,-0.00237257,14580.0,0.0,7.4976,16.2111,25.2778,191.3960,118.6120,99.7428,91.9653,86.1041,82.3623,78.9380,75.7924,72.8934,69.1967,65.4173,59.1809,47.7817,32.4621,20.6784,9.4777
84.635,-6.9448692978016e-27,0.9882202148408041,3.2197230321587196e-71,6,235.962,0.117141,-0.00237257,14686.7,0.0,7.4736,16.1592,25.2655,173.9780,107.8180,90.6657,83.5958,78.2679,74.8668,71.7539,68.8947,66.2596,62.8994,59.4638,53.9161,44.2009,31.5641,20.7311,9.5018
84.744,-2.2756947715036284e-27,0.9882202148427847,5.411388500149161e-72,6,237.685,0.120003,-0.00237304,14792.3,0.0,7.4494,16.1068,27.1017,156.4320,96.9439,81.5215,75.1648,70.3746,67.3162,64.5175,61.9465,59.5771,56.5557,53.4666,48.5229,40.2827,29.7963,20.6201,9.5262
84.853,-7.456996627263089e-28,0.9882202148434336,9.094920652200694e-73,6,239.386,0.122888,-0.00237304,14896.7,0.0,7.4249,16.6551,98.7737,138.7590,85.9914,72.3118,66.6729,62.4239,59.7109,57.2286,54.9480,52.8462,50.1661,47.4262,43.0413,36.0876,27.4147,19.7519,9.5507
84.964,-2.4435086548215687e-28,0.9882202148436463,1.5285833140153705e-73,6,241.071,0.125785,-0.00237352,15007.5,0.0,7.4981,19.0914,200.0000,120.9600,74.9610,63.0359,58.1207,54.4165,52.0519,49.8877,47.8997,46.0674,43.7312,41.3427,37.5203,31.6566,24.5635,18.2479,9.4203
85.270,-1.954806923857255e-28,0.9882202148436671,1.0700083198107593e-73,6,241.071,0.125785,-0.00237352,15007.5,0.0,7.4981,19.0914,200.0000,120.9600,74.9610,63.0359,58.1207,54.4165,52.0519,49.8877,47.8997,46.0674,43.7312,41.3427,37.5203,31.6566,24.5635,18.2479,9.4203
85.370,-6.790268717253771e-80,3.4327077158955e-52,5.976492820259576e-156,6,241.071,0.125785,-0.00237352,15007.5,0.0,7.4981,19.0914,200.0000,120.9600,74.9610,63.0359,58.1207,54.4165,52.0519,49.8877,47.8997,46.0674,43.7312,41.3427,37.5203,31.6566,24.5635,18.2479,9.4203
85.470,-6.813727277876519e-171,3.444566802097616e-143,2.106230878611958e-301,6,241.071,0.125785,-0.00237352,15007.5,0.0,7.4981,19.0914,200.0000,120.9600,74.9610,63.0359,58.1207,54.4165,52.0519,49.8877,47.8997,46.0674,43.7312,41.3427,37.5203,31.6566,24.5635,18.2479,9.4203
85.570,-5.98815723830602e-257,3.0272135628001983e-229,5e-324,6,241.071,0.125785,-0.00237352,15007.5,0.0,7.4981,19.0914,200.0000,120.9600,74.9610,63.0359,58.1207,54.4165,52.0519,49.8877,47.8997,46.0674,43.7312,41.3427,37.5203,31.6566,24.5635,18.2479,9.4203
85.670,-1e-323,1.648440311649271e-302,5e-324,6,241.071,0.125785,-0.00237352,15007.5,0.0,7.4981,19.0914,200.0000,120.9600,74.9610,63.0359,58.1207,54.4165,52.0519,49.8877,47.8997,46.0674,43.7312,41.3427,37.5203,31.6566,24.5635,18.2479,9.4203
85.770,-1e-323,1e-323,5e-324,6,241.071,0.125785,-0.00237352,15007.5,0.0,7.4981,19.0914,200.0000,120.9600,74.9610,63.0359,58.1207,54.4165,52.0519,49.8877,47.8997,46.0674,43.7312,41.3427,37.5203,31.6566,24.5635,18.2479,9.4203
85.870,-1e-323,1e-323,5e-324,6,241.071,0.125785,-0.00237352,15007.5,0.0,7.4981,19.0914,200.0000,120.9600,74.9610,63.0359,58.1207,54.4165,52.0519,49.8877,47.8997,46.0674,43.7312,41.3427,37.5203,31.6566,24.5635,18.2479,9.4203
85.970,-1e-323,1e-323,5e-324,6,241.071,0.125785,-0.00237352,15007.5,0.0,7.4981,19.0914,200.0000,120.9600,74.9610,63.0359,58.1207,54.4165,52.0519,49.8877,47.8997,46.0674,43.7312,41.3427,37.5203,31.6566,24.5635,18.2479,9.4203
86.070,-1e-323,1e-323,5e-324,6,241.071,0.125785,-0.00237352,15007.5,0.0,7.4981,19.0914,200.0000,120.9600,74.9610,63.0359,58.1207,54.4165,52.0519,49.8877,47.8997,46.0674,43.7312,41.3427,37.5203,31.6566,24.5635,18.2479,9.4203
86.171,-1e-323,1e-323,5e-324,6,241.071,0.125785,-0.00237352,15007.5,0.0,7.4981,19.0914,200.0000,120.9600,74.9610,63.0359,58.1207,54.4165,52.0519,49.8877,47.8997,46.0674,43.7312,41.3427,37.5203,31.6566,24.5635,18.2479,9.4203
86.271,-1e-323,1e-323,5e-324,6,241.071,0.125785,-0.00237352,15007.5,0.0,7.4981,19.0914,200.0000,120.9600,74.9610,63.0359,58.1207,54.4165,52.0519,49.8877,47.8997,46.0674,43.7312,41.3427,37.5203,31.6566,24.5635,18.2479,9.4203
86.371,-1e-323,1e-323,5e-324,6,241.071,0.125785,-0.00237352,15007.5,0.0,7.4981,19.0914,200.0000,120.9600,74.9610,63.0359,58.1207,54.4165,52.0519,49.8877,47.8997,46.0674,43.7312,41.3427,37.5203,31.6566,24.5635,18.2479,9.4203
86.471,-1e-323,1e-323,5e-324,6,241.071,0.125785,-0.00237352,15007.5,0.0,7.4981,19.0914,200.0000,120.9600,74.9610,63.0359,58.1207,54.4165,52.0519,49.8877,47.8997,46.0674,43.7312,41.3427,37.5203,31.6566,24.5635,18.2479,9.4203
86.572,-1e-323,1e-323,5e-324,6,241.071,0.125785,-0.00237352,15007.5,0.0,7.4981,19.0914,200.0000,120.9600,74.9610,63.0359,58.1207,54.4165,52.0519,49.8877,47.8997,46.0674,43.7312,41.3427,37.5203,31.6566,24.5635,18.2479,9.4203
86.672,-1e-323,1e-323,5e-324,6,241.071,0.125785,-0.00237352,15007.5,0.0,7.4981,19.0914,200.0000,120.9600,74.9610,63.0359,58.1207,54.4165,52.0519,49.8877,47.8997,46.0674,43.7312,41.3427,37.5203,31.6566,24.5635,18.2479,9.4203
86.772,-1e-323,1e-323,5e-324,6,241.071,0.125785,-0.00237352,15007.5,0.0,7.4981,19.0914,200.0000,120.9600,74.9610,63.0359,58.1207,54.4165,52.0519,49.8877,47.8997,46.0674,43.7312,41.3427,37.5203,31.6566,24.5635,18.2479,9.4203
86.872,-1e-323,1e-323,5e-324,6,241.071,0.125785,-0.00237352,15007.5,0.0,7.4981,19.0914,200.0000,120.9600,74.9610,63.0359,58.1207,54.4165,52.0519,49.8877,47.8997,46.0674,43.7312,41.3427,37.5203,31.6566,24.5635,18.2479,9.4203
86.972,-1e-323,1e-323,5e-324,6,241.071,0.125785,-0.00237352,15007.5,0.0,7.4981,19.0914,200.0000,120.9600,74.9610,63.0359,58.1207,54.4165,52.0519,49.8877,47.8997,46.0674,43.7312,41.3427,37.5203,31.6566,24.5635,18.2479,9.4203
87.072,-1e-323,1e-323,5e-324,6,241.071,0.125785,-0.00237352,15007.5,0.0,7.4981,19.0914,200.0000,120.9600,74.9610,63.0359,58.1207,54.4165,52.0519,49.8877,47.8997,46.0674,43.7312,41.3427,37.5203,31.6566,24.5635,18.2479,9.4203
87.172,-1e-323,1e-323,5e-324,6,241.071,0.125785,-0.00237352,15007.5,0.0,7.4981,19.0914,200.0000,120.9600,74.9610,63.0359,58.1207,54.4165,52.0519,49.8877,47.8997,46.0674,43.7312,41.3427,37.5203,31.6566,24.5635,18.2479,9.4203
87.272,-1e-323,1e-323,5e-324,6,241.071,0.125785,-0.00237352,15007.5,0.0,7.4981,19.0914,200.0000,120.9600,74.9610,63.0359,58.1207,54.4165,52.0519,49.8877,47.8997,46.0674,43.7312,41.3427,37.5203,31.6566,24.5635,18.2479,9.4203
87.372,-1e-323,1e-323,5e-324,6,241.071,0.125785,-0.00237352,15007.5,0.0,7.4981,19.0914,200.0000,120.9600,74.9610,63.0359,58.1207,54.4165,52.0519,49.8877,47.8997,46.0674,43.7312,41.3427,37.5203,31.6566,24.5635,18.2479,9.4203
87.473,-1e-323,1e-323,5e-324,6,241.071,0.125785,-0.00237352,15007.5,0.0,7.4981,19.0914,200.0000,120.9600,74.9610,63.0359,58.1207,54.4165,52.0519,49.8877,47.8997,46.0674,43.7312,41.3427,37.5203,31.6566,24.5635,18.2479,9.4203
87.573,-1e-323,1e-323,5e-324,6,241.071,0.125785,-0.00237352,15007.5,0.0,7.4981,19.0914,200.0000,120.9600,74.9610,63.0359,58.1207,54.4165,52.0519,49.8877,47.8997,46.0674,43.7312,41.3427,37.5203,31.6566,24.5635,18.2479,9.4203
87.673,-1e-323,1e-323,5e-324,6,241.071,0.125785,-0.00237352,15007.5,0.0,7.4981,19.0914,200.0000,120.9600,74.9610,63.0359,58.1207,54.4165,52.0519,49.8877,47.8997,46.0674,43.7312,41.3427,37.5203,31.6566,24.5635,18.2479,9.4203
87.773,-1e-323,1e-323,5e-324,6,241.071,0.125785,-0.00237352,15007.5,0.0,7.4981,19.0914,200.0000,120.9600,74.9610,63.0359,58.1207,54.4165,52.0519,49.8877,47.8997,46.0674,43.7312,41.3427,37.5203,31.6566,24.5635,18.2479,9.4203
87.873,-1e-323,1e-323,5e-324,6,241.071,0.125785,-0.00237352,15007.5,0.0,7.4981,19.0914,200.0000,120.9600,74.9610,63.0359,58.1207,54.4165,52.0519,49.8877,47.8997,46.0674,43.7312,41.3427,37.5203,31.6566,24.5635,18.2479,9.4203
87.973,-1e-323,1e-323,5e-324,6,241.071,0.125785,-0.00237352,15007.5,0.0,7.4981,19.0914,200.0000,120.9600,74.9610,63.0359,58.1207,54.4165,52.0519,49.8877,47.8997,46.0674,43.7312,41.3427,37.5203,31.6566,24.5635,18.2479,9.4203
88.073,-1e-323,1e-323,5e-324,6,241.071,0.125785,-0.00237352,15007.5,0.0,7.4981,19.0914,200.0000,120.9600,74.9610,63.0359,58.1207,54.4165,52.0519,49.8877,47.8997,46.0674,43.7312,41.3427,37.5203,31.6566,24.5635,18.2479,9.4203
88.173,-1e-323,1e-323,5e-324,6,241.071,0.125785,-0.00237352,15007.5,0.0,7.4981,19.0914,200.0000,120.9600,74.9610,63.0359,58.1207,54.4165,52.0519,49.8877,47.8997,46.0674,43.7312,41.3427,37.5203,31.6566,24.5635,18.2479,9.4203
88.273,-1e-323,1e-323,5e-324,6,241.071,0.125785,-0.00237352,15007.5,0.0,7.4981,19.0914,200.0000,120.9600,74.9610,63.0359,58.1207,54.4165,52.0519,49.8877,47.8997,46.0674,43.7312,41.3427,37.5203,31.6566,24.5635,18.2479,9.4203
88.373,-1e-323,1e-323,5e-324,6,241.071,0.125785,-0.00237352,15007.5,0.0,7.4981,19.0914,200.0000,120.9600,74.9610,63.0359,58.1207,54.4165,52.0519,49.8877,47.8997,46.0674,43.7312,41.3427,37.5203,31.6566,24.5635,18.2479,9.4203
88.473,-1e-323,1e-323,5e-324,6,241.071,0.125785,-0.00237352,15007.5,0.0,7.4981,19.0914,200.0000,120.9600,74.9610,63.0359,58.1207,54.4165,52.0519,49.8877,47.8997,46.0674,43.7312,41.3427,37.5203,31.6566,24.5635,18.2479,9.4203
88.575,-1e-323,1e-323,5e-324,6,241.071,0.125785,-0.00237352,15007.5,0.0,7.4981,19.0914,200.0000,120.9600,74.9610,63.0359,58.1207,54.4165,52.0519,49.8877,47.8997,46.0674,43.7312,41.3427,37.5203,31.6566,24.5635,18.2479,9.4203
88.675,-1e-323,1e-323,5e-324,6,241.071,0.125785,-0.00237352,15007.5,0.0,7.4981,19.0914,200.0000,120.9600,74.9610,63.0359,58.1207,54.4165,52.0519,49.8877,47.8997,46.0674,43.7312,41.3427,37.5203,31.6566,24.5635,18.2479,9.4203
88.775,-1e-323,1e-323,5e-324,6,241.071,0.125785,-0.00237352,15007.5,0.0,7.4981,19.0914,200.0000,120.9600,74.9610,63.0359,58.1207,54.4165,52.0519,49.8877,47.8997,46.0674,43.7312,41.3427,37.5203,31.6566,24.5635,18.2479,9.4203
88.875,-1e-323,1e-323,5e-324,6,241.071,0.125785,-0.00237352,15007.5,0.0,7.4981,19.0914,200.0000,120.9600,74.9610,63.0359,58.1207,54.4165,52.0519,49.8877,47.8997,46.0674,43.7312,41.3427,37.5203,31.6566,24.5635,18.2479,9.4203
88.975,-1e-323,1e-323,5e-324,6,241.071,0.125785,-0.00237352,15007.5,0.0,7.4981,19.0914,200.0000,120.9600,74.9610,63.0359,58.1207,54.4165,52.0519,49.8877,47.8997,46.0674,43.7312,41.3427,37.5203,31.6566,24.5635,18.2479,9.4203
89.075,-1e-323,1e-323,5e-324,6,241.071,0.125785,-0.00237352,15007.5,0.0,7.4981,19.0914,200.0000,120.9600,74.9610,63.0359,58.1207,54.4165,52.0519,49.8877,47.8997,46.0674,43.7312,41.3427,37.5203,31.6566,24.5635,18.2479,9.4203
89.175,-1e-323,1e-323,5e-324,6,241.071,0.125785,-0.00237352,15007.5,0.0,7.4981,19.0914,200.0000,120.9600,74.9610,63.0359,58.1207,54.4165,52.0519,49.8877,47.8997,46.0674,43.7312,41.3427,37.5203,31.6566,24.5635,18.2479,9.4203
