time,steer,accel,brake,gear,speedX,trackPos,angle,rpm,damage,track_0,track_1,track_2,track_3,track_4,track_5,track_6,track_7,track_8,track_9,track_10,track_11,track_12,track_13,track_14,track_15,track_16,track_17,track_18
0.114,0.0,0.0,0.0,1,-0.00913045,0.333439,0.00822276,5235.99,0.0,5.7030,12.6267,22.4550,140.4860,90.9268,77.3570,71.6721,67.3518,64.5773,62.0267,59.6744,57.4982,54.7119,51.8501,47.2417,40.0655,31.0431,22.7658,11.2227
0.217,0.0,0.0,0.0,1,-0.00913045,0.333439,0.00822276,5235.99,0.0,5.7030,12.6267,22.4550,140.4860,90.9268,77.3570,71.6721,67.3518,64.5773,62.0267,59.6744,57.4982,54.7119,51.8501,47.2417,40.0655,31.0431,22.7658,11.2227
0.336,0.0,0.0,0.0,1,-0.00913045,0.333439,0.00822276,5235.99,0.0,5.7030,12.6267,22.4550,140.4860,90.9268,77.3570,71.6721,67.3518,64.5773,62.0267,59.6744,57.4982,54.7119,51.8501,47.2417,40.0655,31.0431,22.7658,11.2227
0.456,0.0,0.0,0.0,1,-0.00913045,0.333439,0.00822276,5235.99,0.0,5.7030,12.6267,22.4550,140.4860,90.9268,77.3570,71.6721,67.3518,64.5773,62.0267,59.6744,57.4982,54.7119,51.8501,47.2417,40.0655,31.0431,22.7658,11.2227
0.576,0.0,0.0,0.0,1,-0.00913045,0.333439,0.00822276,5235.99,0.0,5.7030,12.6267,22.4550,140.4860,90.9268,77.3570,71.6721,67.3518,64.5773,62.0267,59.6744,57.4982,54.7119,51.8501,47.2417,40.0655,31.0431,22.7658,11.2227
0.696,0.0,0.0,0.0,1,-0.00913045,0.333439,0.00822276,5235.99,0.0,5.7030,12.6267,22.4550,140.4860,90.9268,77.3570,71.6721,67.3518,64.5773,62.0267,59.6744,57.4982,54.7119,51.8501,47.2417,40.0655,31.0431,22.7658,11.2227
0.798,0.0,0.0,0.0,1,-0.00913045,0.333439,0.00822276,5235.99,0.0,5.7030,12.6267,22.4550,140.4860,90.9268,77.3570,71.6721,67.3518,64.5773,62.0267,59.6744,57.4982,54.7119,51.8501,47.2417,40.0655,31.0431,22.7658,11.2227
0.915,0.0,0.45126840820312497,0.0,1,-0.00913045,0.333439,0.00822276,5371.26,0.0,5.7030,12.6267,22.4550,140.4860,90.9268,77.3570,71.6721,67.3518,64.5773,62.0267,59.6744,57.4982,54.7119,51.8501,47.2417,40.0655,31.0431,22.7658,11.2227
1.036,0.0,0.8668110616874999,0.0,1,0.128186,0.333438,0.00852984,5264.23,0.0,5.7048,12.6389,22.5131,140.0350,90.7382,77.2209,71.5554,67.2489,64.4826,61.9396,59.5937,57.4236,54.6446,51.7896,47.1919,40.0276,31.0162,22.7496,11.2193
1.157,0.0,1.0,0.0,1,4.38224,0.333337,0.00848168,5235.99,0.0,5.7054,12.6417,22.5518,139.9650,90.6767,77.1648,71.5020,67.1977,64.4330,61.8913,59.5468,57.3778,54.6004,51.7472,47.1524,39.9950,30.9955,22.7396,11.2190
1.259,0.0,1.0,0.0,1,8.73878,0.33307,0.0085017,5235.99,0.0,5.7078,12.6568,22.7032,139.5110,90.3892,76.9219,71.2773,66.9872,64.2312,61.6979,59.3609,57.1987,54.4304,51.5864,47.0060,39.8755,30.9183,22.7006,11.2165
1.359,0.0,1.0,0.0,1,12.9308,0.332643,0.00848788,5235.99,0.0,5.7114,12.6811,22.9515,138.8490,89.9554,76.5515,70.9340,66.6641,63.9213,61.4000,59.0742,56.9223,54.1672,51.3366,46.7783,39.6892,30.7979,22.6397,11.2131
1.480,0.0,1.0,0.0,1,18.1336,0.331896,0.00848454,5235.99,0.0,5.7178,12.7301,23.4359,137.6610,89.1845,75.8952,70.3255,66.0920,63.3729,60.8730,58.5673,56.4341,53.7022,50.8961,46.3768,39.3601,30.5840,22.5297,11.2068
1.600,0.0,1.0,0.0,1,23.2937,0.330917,0.00847834,7801.15,0.0,5.7261,12.8060,24.1782,136.1050,88.1753,75.0358,69.5290,65.3435,62.6551,60.1833,57.9038,55.7943,53.0936,50.3192,45.8510,38.9278,30.3012,22.3817,11.1987
1.720,0.0,1.0,0.0,2,28.9688,0.329682,0.0084669,11275.9,0.0,5.7366,12.9210,25.3496,134.1490,86.9045,73.9535,68.5257,64.4002,61.7506,59.3145,57.0676,54.9886,52.3268,49.5921,45.1884,38.3811,29.9402,22.1884,11.1873
1.821,0.0,1.0,0.0,2,33.3531,0.328454,0.00845784,6378.98,0.0,5.7471,13.0588,26.9277,132.1990,85.6384,72.8754,67.5266,63.4610,60.8498,58.4491,56.2350,54.1862,51.5631,48.8684,44.5288,37.8347,29.5759,21.9890,11.1703
1.921,0.0,1.0,0.0,2,37.6395,0.32706,0.00845164,6706.44,0.0,5.7590,13.2459,29.8528,129.9750,84.1954,71.6470,66.3881,62.3910,59.8237,57.4635,55.2867,53.2724,50.6936,48.0441,43.7775,37.2099,29.1554,21.7533,11.1431
2.023,0.0,1.0,0.0,2,42.0477,0.325465,0.00844687,7865.25,0.0,5.7726,13.5030,200.0000,127.4250,82.5421,70.2399,65.0842,61.1653,58.6485,56.3346,54.2002,52.2258,49.6975,47.1001,42.9173,36.4911,28.6666,21.4728,11.1020
2.141,0.0,1.0,0.0,2,47.3617,0.323364,0.00843304,12059.3,0.0,5.7981,13.9197,200.0000,124.0720,80.3662,68.3869,63.3671,59.5513,57.1008,54.8478,52.7700,50.8472,48.3855,45.8565,41.7840,35.5386,28.0111,21.0865,11.0321
2.261,0.0,1.0,0.0,3,53.222,0.321001,0.00841206,12246.6,0.0,5.8531,14.5105,200.0000,120.3050,77.9194,66.3037,61.4361,57.7363,55.3601,53.1755,51.1607,49.2965,46.9096,44.4576,40.5090,34.4601,27.2587,20.6302,10.9326
2.361,0.0,1.0,0.0,3,57.7053,0.318075,0.0105543,8289.5,0.0,5.9354,15.2036,200.0000,116.8070,75.6518,64.3737,59.6475,56.0554,53.7482,51.6272,49.6710,47.8610,45.5435,43.1629,39.3291,33.4568,26.5466,20.1844,10.8169
2.462,0.0,1.0,0.0,3,61.6981,0.313629,0.0214737,9362.14,0.0,6.0466,16.1125,200.0000,113.0820,73.2310,62.3118,57.7362,54.2586,52.0250,49.9716,48.0778,46.3257,44.0823,41.7778,38.0666,32.3820,25.7734,19.6917,10.6780
2.563,0.0,1.0,0.0,3,66.3389,0.305519,0.0331068,10211.1,0.0,6.1996,17.3404,200.0000,109.1400,70.6592,60.1189,55.7025,52.3463,50.1906,48.2090,46.3815,44.6906,42.5257,40.3019,36.7210,31.2361,24.9333,19.1442,10.5073
2.682,0.0,1.0,0.0,3,71.983,0.289836,0.0479266,11067.9,0.0,6.4516,19.4631,200.0000,104.3040,67.4376,57.3567,53.1352,49.9276,47.8680,45.9749,44.2292,42.6142,40.5468,38.4234,35.0048,29.7706,23.8350,18.4102,10.2545
2.783,0.0,1.0,0.0,3,77.0065,0.270864,0.0610174,11265.6,0.0,6.7317,22.1846,200.0000,100.1270,64.6156,54.9282,50.8741,47.7953,45.8187,44.0024,42.3277,40.7788,38.7962,36.7604,33.4838,28.4690,22.8375,17.7279,9.9981
2.901,0.0,1.0,0.0,3,82.672,0.239713,0.0772332,11968.7,0.0,7.1676,26.8393,200.0000,95.3010,61.2099,51.9656,48.1040,45.1739,43.2943,41.5678,39.9767,38.5057,36.6238,34.6923,31.5860,26.8367,21.5533,16.8281,9.6311
3.006,0.0,1.0,0.0,3,87.9303,0.2043,0.0914192,12018.5,0.0,7.6473,30.9069,200.0000,91.5022,58.3280,49.4177,45.7064,42.8944,41.0924,39.4386,37.9155,36.5083,34.7093,32.8646,29.9008,25.3774,20.3696,15.9789,9.2571
3.117,0.0,1.0,0.0,3,93.3205,0.157186,0.106036,12254.7,0.0,8.2718,34.9268,200.0000,88.3419,55.5189,46.8591,43.2711,40.5602,38.8263,37.2372,35.7757,34.4272,32.7054,30.9425,28.1159,23.8154,19.0731,15.0139,8.8015
3.224,0.05971721600031251,1.0,0.0,3,98.9008,0.101013,0.104053,12109.5,0.0,8.8161,34.0965,200.0000,106.9070,60.1202,49.3650,45.0767,41.8984,39.8929,38.0735,36.4154,34.8983,32.9789,31.0340,27.9574,23.3729,18.4476,14.3891,8.3924
3.336,0.019568137338982404,1.0,0.0,3,104.206,0.0394465,0.081112,12172.8,0.0,9.1557,29.4935,85.9785,181.8900,86.0458,64.1193,56.4612,51.1263,47.8979,45.0563,42.5360,40.2857,37.5120,34.7818,30.6194,24.7489,18.8463,14.2698,8.0716
3.446,0.006412087243237755,1.0,0.0,3,109.403,-0.0224889,0.0525756,12154.2,0.0,9.4174,25.6958,53.1049,200.0000,174.4420,113.8730,90.0939,76.1854,68.6244,62.4331,57.2703,52.8999,47.7995,43.0623,36.3308,27.7234,19.9671,14.4854,7.7767
3.557,0.0021011127478641474,0.9823947753906249,0.0,3,114.162,-0.0781657,0.0210191,12504.7,0.0,9.5124,22.5836,38.7765,81.1092,199.2210,187.1960,179.3490,170.3790,159.9690,130.1730,108.1340,92.4836,76.9095,64.5068,49.5513,33.9050,22.3096,15.2239,7.5573
3.667,-0.15813637365367636,0.5471154012499999,0.0,3,118.429,-0.122908,-0.00329363,11518.3,0.0,9.4970,20.4985,31.9110,53.8402,92.2411,143.6260,197.4580,191.9760,188.1580,184.0260,179.4400,174.1910,164.6700,130.4920,79.1712,44.3724,25.7100,16.3204,7.4670
3.776,-0.11426960251225667,0.17927877468159997,0.0,3,119.549,-0.156316,0.050814,10959.7,0.0,10.3508,25.0354,43.9215,97.3077,186.9740,174.2420,164.9880,150.6580,120.3120,99.6631,85.0696,74.2089,62.9633,53.6769,42.0668,29.4094,19.6720,13.5650,6.8212
3.885,-0.037443863351216265,0.27841330521579166,0.0,3,119.14,-0.196676,0.0845059,10989.2,0.0,11.1336,29.3543,57.6208,190.7020,165.2410,117.9590,87.9426,71.9368,63.6660,57.1047,51.7730,47.3552,42.3067,37.7181,31.3579,23.4878,16.6359,11.9243,6.3066
3.995,-0.012269605142926545,0.7510950382593606,0.0,3,121.365,-0.248618,0.0942278,11566.6,0.0,11.7528,31.8577,65.1696,181.8070,152.7040,89.1442,69.8826,58.7789,52.7921,47.9155,43.8666,40.4516,36.4803,32.8055,27.6064,20.9966,15.0768,10.9137,5.8511
4.105,0.035129103855215824,0.9091637635430773,0.0,3,125.28,-0.304626,0.0841069,12157.8,0.0,12.1322,31.9518,62.6197,181.2970,155.8020,103.1140,76.6824,62.6423,55.4018,49.6650,45.0079,41.1522,36.7494,32.7510,27.2139,20.3703,14.4194,10.3312,5.4610
4.217,0.01151110475127712,0.9640090886784205,0.0,3,129.775,-0.357519,0.0724168,12694.6,0.0,12.4526,31.7792,59.6299,181.3750,158.0360,133.8390,90.2083,70.1708,60.5666,53.2785,47.5592,42.9518,37.8263,33.2921,27.1948,19.9359,13.8595,9.8057,5.0963
4.326,0.003771958804898486,0.9834505235687698,0.0,3,134.518,-0.407184,0.0673761,13157.4,0.0,12.8335,32.3277,59.6323,178.3540,155.7010,136.6440,94.3560,71.2775,60.6815,52.8316,46.7832,41.9803,36.7090,32.1073,26.0084,18.8779,13.0149,9.1558,4.7229
4.434,0.005080504780525072,0.9898210929536394,0.0,3,139.33,-0.455192,0.0652774,13613.2,0.0,13.2395,33.1734,60.7751,173.8240,151.5940,133.2830,91.8233,68.3775,57.8346,50.1118,44.2116,39.5570,34.4795,30.0735,24.2712,17.5410,12.0500,8.4564,4.3485
4.544,0.02451045031933245,0.9919086011296735,0.0,3,144.147,-0.499909,0.050421,14052.3,0.0,13.4206,32.4304,56.8330,174.7640,153.2310,139.8790,128.4110,91.0313,71.9861,59.5351,50.7594,44.2414,37.5040,31.9494,25.0161,17.4716,11.6777,8.0485,4.0447
4.656,0.008031584360638857,0.9925926358087964,0.0,3,148.967,-0.538031,0.0401216,14482.6,0.0,13.6074,32.1114,54.7634,112.5950,152.0830,140.3900,132.0250,119.4870,88.3030,69.1039,56.7660,48.1694,39.7475,33.1331,25.2641,17.1541,11.2229,7.6310,3.7717
4.765,0.0026317895632941408,0.9928167802924514,0.0,3,153.793,-0.570849,0.0364619,14895.6,0.0,13.8429,32.4016,54.7601,110.0980,148.0000,136.8130,129.0560,119.0270,92.8504,70.6346,57.0006,47.7815,38.9639,32.1824,24.2743,16.2999,10.5776,7.1561,3.5156
4.876,0.06223537686816272,0.9928902279568554,0.0,4,155.691,-0.600413,0.031795,11546.5,0.0,14.0332,32.5127,54.3398,106.3930,144.1130,133.5050,126.3920,118.0660,103.9400,75.4182,59.1826,48.7020,39.0304,31.8156,23.6364,15.6332,10.0356,6.7448,3.2877
4.986,0.020393288292159563,0.9929142952875274,0.0,4,158.907,-0.621288,0.0126504,12251.5,0.0,13.9345,31.0214,49.7527,88.9971,145.2760,135.9460,130.3500,124.7300,120.0270,114.2140,104.5310,75.4929,53.7074,40.3931,27.5861,16.9048,10.3159,6.7326,3.1736
5.096,0.006682472707574846,0.9952186172173169,0.0,4,162.408,-0.632835,0.00671841,12520.5,0.0,13.9491,30.6916,48.6601,85.0448,141.6120,132.5700,127.3480,122.2140,118.0560,113.2240,107.0340,91.1478,60.5533,43.7706,28.8135,17.1392,10.2714,6.6372,3.0948
5.205,0.002189712656818126,0.9959736974272703,0.0,4,165.899,-0.639439,0.00486645,12771.4,0.0,13.9793,30.6473,48.4208,84.0467,136.3440,127.5900,122.5570,117.6510,113.7210,109.2330,103.7260,94.8738,62.6513,44.6233,28.9956,17.0750,10.1724,6.5524,3.0447
5.318,0.06602194937791742,0.9966066221104679,0.0,4,169.353,-0.643513,-7.6592e-05,13031.4,0.0,13.9446,30.2821,47.4121,80.8647,131.9940,123.4970,118.7530,114.1940,110.6090,106.6250,102.0090,96.1250,72.2862,49.1222,30.6964,17.5619,10.2914,6.5713,3.0251
5.426,0.021634072372155977,0.9958728567612831,0.0,4,172.764,-0.638298,-0.0197711,13288.1,0.0,13.6345,28.5586,43.2632,69.4842,132.7440,123.8170,119.5330,115.6620,112.7210,109.5960,106.2340,102.5520,96.5289,86.1922,43.3858,21.2301,11.5110,7.0734,3.1317
5.535,0.007089052834908072,0.9970554536410372,0.0,4,176.179,-0.62183,-0.0266492,13531.8,0.0,13.4091,27.7515,41.6029,65.6286,128.8330,119.9910,115.7850,112.1750,109.4600,106.6070,103.5850,100.3450,95.2936,88.1851,52.5838,23.7896,12.4826,7.5569,3.2979
5.645,0.0023229408329426765,0.9974429669865951,0.0,4,179.569,-0.598834,-0.028654,13782.5,0.0,13.1940,27.2124,40.6741,63.8444,123.0160,114.5230,110.4850,107.0440,104.4720,101.7860,98.9602,95.9633,91.3784,85.2424,58.4968,25.7756,13.3869,8.0678,3.5059
5.755,0.0562641717232324,0.9975699473596674,0.0,4,182.931,-0.572503,-0.0325482,14032.0,0.0,12.9292,26.4906,39.3728,61.2248,117.6940,109.4730,105.5690,102.3070,99.8964,97.3942,94.7851,92.0476,87.9390,82.6714,67.8923,28.6574,14.5762,8.7059,3.7515
5.865,0.017325548353468796,0.9976115562883158,0.0,4,186.25,-0.537271,-0.0490029,14277.8,0.0,12.4493,24.8286,36.0897,54.1479,116.5540,107.9890,103.9440,100.6610,98.4456,96.2207,93.9290,91.5614,88.0958,83.8626,74.6512,37.9780,17.3796,9.9561,4.1338
5.975,0.005677235684464656,0.9988599953895554,0.0,4,189.563,-0.491395,-0.0543969,14518.3,0.0,12.0192,23.7676,34.3131,50.9432,111.4190,103.0910,99.1652,95.9824,93.8396,91.7644,89.6472,87.4751,84.3283,80.5499,72.7160,45.0596,19.7616,11.1504,4.5709
6.085,0.0018603165890853784,0.9980342792267495,0.0,4,192.845,-0.439349,-0.0559368,14760.9,0.0,11.5838,22.8516,32.9280,48.7448,104.8110,96.9382,93.2292,90.2231,88.1997,86.2522,84.2807,82.2692,79.3777,75.9477,69.0387,50.4162,22.0006,12.3583,5.0474
6.197,0.0006095885399114967,0.9993072144138962,0.0,4,196.103,-0.38438,-0.056341,14999.2,0.0,11.1374,21.9572,31.6234,47.5310,97.7061,90.3576,86.8961,84.0908,82.2027,80.3869,78.5567,76.6990,74.0477,70.9363,64.8127,50.5179,24.2209,13.5894,5.5447
6.304,0.08593188723513319,0.9997243298160204,0.0,5,196.456,-0.324283,-0.0774621,13469.7,0.0,10.4589,19.9761,28.0785,40.4515,96.8817,89.0719,85.4229,82.4795,80.5055,78.6295,76.8447,75.1438,72.7866,70.0529,64.7995,53.6288,30.8090,16.1254,6.2348
6.414,0.028158160809208445,1.0,0.0,5,199.026,-0.240474,-0.107433,13618.5,0.0,9.5562,17.5095,23.8862,32.7916,99.6375,90.7096,86.5953,83.3025,81.1070,79.0301,77.0627,75.1963,72.7394,70.1334,65.5189,56.1302,39.8888,20.4994,7.2658
6.525,0.009226866133961422,1.0,0.0,5,201.626,-0.134425,-0.114456,13789.4,0.0,8.6903,15.7770,21.3866,29.6413,94.3467,85.6686,81.6841,78.5018,76.3832,74.3814,72.4873,70.6924,68.3325,65.8329,61.5947,53.3898,40.1596,24.1047,8.3533
6.636,0.0030234594947764785,1.0,0.0,5,204.218,-0.0178289,-0.116707,13954.9,0.0,7.7832,14.0892,19.0614,28.2019,87.2105,79.1201,75.4099,72.4488,70.4784,68.6174,66.8572,65.1899,62.9985,60.6784,56.7863,49.6282,38.6133,26.1409,9.5055
6.745,0.0009907272072483566,1.0,0.0,5,206.778,0.103517,-0.117396,14122.9,0.0,6.8516,12.3917,17.1685,100.1760,79.4311,72.0431,68.6562,65.9537,64.1557,62.4578,60.8520,59.3311,57.3323,55.2165,51.6687,45.4536,36.2389,26.1748,10.6892
6.856,0.0003246414912711414,1.0,0.0,5,209.31,0.227502,-0.117688,14289.7,0.0,5.9026,10.9690,16.4770,90.1080,71.4251,64.7743,61.7259,59.2937,57.6757,56.1477,54.7027,53.3343,51.5359,49.6323,46.4407,41.0544,33.3618,25.1480,11.7608
6.967,0.06375289384823472,1.0,0.0,5,211.781,0.354267,-0.116092,14461.4,0.0,5.0170,10.1565,17.5317,84.5448,66.1714,59.7393,56.8098,54.4808,52.9355,51.4793,50.1049,48.8054,47.1013,45.3019,42.2948,37.4010,30.8530,23.9417,12.2855
7.076,0.1016723374992833,1.0,0.0,5,214.053,0.451359,-0.0834882,14589.9,0.0,4.3758,9.2753,17.5174,97.4777,71.2774,62.8875,59.1882,56.2994,54.4075,52.6426,50.9923,49.4460,47.4381,45.3422,41.8939,36.4297,30.0447,23.6783,12.6976
7.186,0.0620403795265589,1.0,0.0,5,216.232,0.505731,-0.0421079,14779.0,0.0,4.0927,9.4416,200.0000,116.0070,77.2743,66.2746,61.6140,58.0511,55.7533,53.6344,51.6746,49.8565,47.5219,45.1157,41.2240,35.2220,28.4881,22.6213,12.6552
7.295,0.04378593365288157,1.0,0.0,5,218.506,0.506817,0.0162519,14980.3,0.0,4.3414,12.2881,200.0000,127.6410,78.2307,65.5974,60.4109,56.5104,54.0238,51.7505,49.6645,47.7437,45.2968,42.7979,38.8047,32.7607,26.1397,20.5854,12.0531
7.405,0.054680617652601224,1.0,0.0,6,218.739,0.443398,0.0758454,13356.5,0.0,5.2791,19.3973,113.3110,147.3950,80.1154,65.2788,59.4257,55.1107,52.3978,49.9431,47.7116,45.6742,43.1031,40.5046,36.4086,30.3374,23.8576,18.5533,11.0459
7.517,0.02395315304909812,1.0,0.0,6,220.414,0.313899,0.13387,13821.9,0.0,7.0011,24.3491,88.3692,190.0350,84.8837,66.3677,59.4657,54.5137,51.4576,48.7295,46.2795,44.0672,41.3080,38.5561,34.2911,28.1281,21.7506,16.6766,9.7460
7.625,0.04528181483628472,1.0,0.0,6,222.5,0.129833,0.156968,13910.4,0.0,8.8811,30.0476,99.5479,185.3740,77.8794,59.9420,53.3972,48.7477,45.8973,43.3649,41.1003,39.0633,36.5332,34.0211,30.1500,24.6034,18.9218,14.4427,8.3800
7.736,0.04958083505755377,1.0,0.0,6,224.412,-0.0387453,0.121953,13984.3,0.0,10.1204,29.9456,71.3304,193.9750,110.6660,73.7158,62.5873,55.2922,51.0469,47.4104,44.2606,41.5063,38.1845,34.9906,30.2609,23.8615,17.7266,13.1627,7.3204
7.844,0.01624664803165922,1.0,0.0,6,226.332,-0.179089,0.106984,14112.9,0.0,11.2731,31.7608,69.1709,190.1370,132.5390,77.8009,63.7711,55.0877,50.2089,46.1271,42.6621,39.6842,36.1556,32.8258,28.0051,21.6831,15.8289,11.5984,6.3263
7.956,0.005323701627014092,1.0,0.0,6,228.293,-0.304986,0.103187,14227.4,0.0,12.4184,34.5776,73.8302,183.0130,124.9750,70.0640,56.7746,48.6998,44.2123,40.4848,37.3396,34.6504,31.4802,28.5050,24.2252,18.6617,13.5587,9.8998,5.3726
8.066,0.06990662867726498,1.0,0.0,6,230.202,-0.424458,0.0919387,14347.3,0.0,13.3710,36.0036,72.9054,177.6310,154.4610,71.5156,55.4936,46.4044,41.5474,37.6133,34.3623,31.6307,28.4664,25.5499,21.4425,16.2522,11.6335,8.4021,4.4904
8.176,0.02290700408496619,1.0,0.0,6,232.056,-0.525653,0.0682204,14457.8,0.0,13.9274,35.1591,65.0366,174.5300,160.9520,115.7660,73.8469,56.0856,47.8665,41.7513,37.0240,33.2607,29.1205,25.4978,20.6844,15.0391,10.3831,7.3114,3.7763
8.286,0.007506167098561721,1.0,0.0,6,233.944,-0.608705,0.0620299,14567.8,0.0,14.5823,36.2417,65.7167,167.6360,154.8800,127.6270,72.5659,52.6857,44.0665,37.8733,33.2087,29.5691,25.6385,22.2608,17.8590,12.8179,8.7555,6.1211,3.1321
8.397,0.1364208303642317,1.0,0.0,6,235.752,-0.681591,0.0453001,14688.8,0.0,14.9617,35.7257,61.7462,131.3790,151.7090,142.7270,122.2390,68.6148,52.2478,42.1877,35.3785,30.4639,25.5066,21.5102,16.6330,11.4610,7.5814,5.1907,2.5873
8.505,0.039429332436151446,1.0,0.0,6,237.421,-0.724873,0.00577915,14796.1,0.0,14.7214,32.3314,51.1692,89.1167,152.2350,146.9870,143.5330,139.8930,136.6960,132.4670,113.8040,71.0605,46.5760,33.4214,21.8585,12.9366,7.7297,4.9868,2.3211
8.616,0.012920203652678106,1.0,0.0,6,239.228,-0.736076,-0.00448012,14889.5,0.0,14.6655,31.5841,49.0667,82.4643,146.0670,141.3450,138.3290,135.2690,132.7330,129.7400,125.9050,118.7730,62.8692,40.4552,24.2552,13.4860,7.7805,4.9281,2.2496
8.725,0.004233692332909562,1.0,0.0,6,241.03,-0.732538,-0.00743616,14996.8,0.0,14.5930,31.2554,48.3096,80.4294,138.6210,134.1070,131.2600,128.4060,126.0780,123.3920,120.1170,115.4850,72.1810,44.3440,25.7437,14.0173,7.9986,5.0381,2.2866
8.837,0.0013872963036478054,0.7111031640625,0.0,6,242.507,-0.724009,-0.00836796,14992.4,0.0,14.5078,31.0196,47.8693,79.4654,130.7950,126.4240,123.6920,120.9770,118.7830,116.2810,113.3000,109.3540,77.7403,46.9666,26.9670,14.5822,8.2914,5.2132,2.3617
8.945,0.00045458925277931287,0.2330142848,0.484322021484375,6,239.205,-0.713912,-0.00872904,14482.4,0.0,14.4177,30.8065,47.5115,78.7833,122.8690,118.6310,116.0060,113.4170,111.3400,108.9970,106.2520,102.7660,81.9734,49.1882,28.1185,15.1635,8.6099,5.4097,2.4490
9.048,0.00014895980635072523,0.076354120843264,0.7916392822412109,6,227.558,-0.704438,-0.00857705,13571.6,0.0,14.3402,30.6493,47.2812,78.4384,115.6750,111.5520,109.0170,106.5310,104.5510,102.3340,99.7674,96.5932,84.0778,50.5969,28.9776,15.6448,8.8884,5.5864,2.5297
9.148,4.8811149345005645e-05,0.02501971831792075,0.8442585500671592,6,214.263,-0.695704,-0.0080536,12682.6,0.0,14.2740,30.5374,47.1504,78.3483,108.9360,104.9170,102.4630,100.0700,98.1736,96.0639,93.6463,90.7132,83.4192,51.3260,29.5814,16.0336,9.1276,5.7425,2.6031
9.267,1.279554993389716e-05,0.0065587690387330175,0.8390936624991364,6,198.625,-0.686315,-0.00750697,11675.0,0.0,14.2026,30.4154,47.0056,107.7290,101.3650,97.4762,95.1200,92.8379,91.0417,89.0589,86.8133,84.1474,78.5285,52.1095,30.2270,16.4499,9.3841,5.9100,2.6819
9.368,4.192845802339422e-06,0.002149177438612035,0.6753740829402142,6,186.526,-0.679357,-0.00718582,10987.6,0.0,14.1485,30.3175,46.8799,101.7310,95.4819,91.7043,89.4309,87.2417,85.5284,83.6498,81.5428,79.0843,74.2990,52.7961,30.7392,16.7680,9.5772,6.0353,2.7405
9.488,1.0991293700084655e-06,0.0005633939704675132,0.1510219346507034,5,174.913,-0.671932,-0.00699258,11581.1,0.0,14.0886,30.2000,46.7137,94.9693,88.8705,85.2309,83.0584,80.9809,79.3665,77.6107,75.6641,73.4369,69.3898,53.7340,31.3544,17.1276,9.7898,6.1715,2.8034
9.607,2.881301695714992e-07,0.0001476903489942358,0.017767579589720608,5,171.627,-0.665,-0.00772786,11393.9,0.0,14.0201,30.0121,46.3650,88.5324,82.6168,79.1352,77.0760,75.1227,73.6173,71.9953,70.2209,68.2328,64.8316,55.9924,32.3956,17.6014,10.0326,6.3158,2.8648
9.727,7.55315951721511e-08,3.8716138846744953e-05,0.00209033797115104,5,169.824,-0.657669,-0.00853145,11279.3,0.0,13.9473,29.8121,45.9933,82.1419,76.4248,73.1079,71.1650,69.3371,67.9401,66.4487,64.8377,63.0660,60.1667,55.3674,33.5381,18.1132,10.2926,6.4695,2.9299
9.828,2.4750193106010473e-08,1.2686504377301388e-05,0.036821354841092606,4,168.524,-0.65113,-0.00892043,12424.8,0.0,13.8870,29.6619,45.7316,76.8002,71.2555,68.0779,66.2317,64.5065,63.1970,61.8092,60.3244,58.7134,56.1502,52.3524,34.3968,18.5223,10.5093,6.6007,2.9870
9.928,8.110143276977511e-09,4.157113754354118e-06,0.5053008314960818,4,163.013,-0.644313,-0.00976932,11764.2,0.0,13.8181,29.4689,45.5263,71.5650,66.2115,63.1831,61.4389,59.8208,58.6015,57.3189,55.9600,54.5049,52.2466,49.1334,35.5641,19.0263,10.7596,6.7468,3.0480
10.046,2.126025399199993e-09,1.0897624280214062e-06,0.7446082355929199,4,150.777,-0.635985,-0.0107221,10612.4,0.0,13.7353,29.2412,72.8721,65.5855,60.4659,57.6143,55.9892,54.4942,53.3771,52.2119,50.9902,49.6999,47.7442,45.1936,36.9830,19.6375,11.0636,6.9246,3.1224
10.148,6.966560028098537e-10,3.5709335241405433e-07,0.7510506378211411,3,140.07,-0.629139,-0.011215,12125.0,0.0,13.6712,29.0787,68.0567,60.9186,55.9907,53.2803,51.7486,50.3490,49.3098,48.2329,47.1124,45.9403,44.1913,41.9810,36.4903,20.0953,11.2993,7.0653,3.1828
10.248,2.2828023900073286e-10,1.1701234971903732e-07,0.7137472922159332,3,129.822,-0.622489,-0.0112945,11026.0,0.0,13.6144,28.9535,63.5088,56.5241,51.7839,49.2087,47.7652,46.4545,45.4873,44.4907,43.4611,42.3929,40.8195,38.8772,34.4994,20.4703,11.5065,7.1937,3.2401
10.348,7.480286871576015e-11,3.834260675593415e-08,0.6225433678763647,3,119.752,-0.616175,-0.0120625,10186.9,0.0,13.5512,28.7928,59.3090,52.4933,47.9455,45.5055,44.1489,42.9250,42.0270,41.1071,40.1629,39.1910,37.7757,36.0623,32.4265,20.9572,11.7439,7.3310,3.2969
10.468,1.960912321662423e-11,1.0051284305427603e-08,0.11318233640725714,3,110.073,-0.608776,-0.01307,9944.22,0.0,13.4759,30.5557,54.6369,48.0318,43.7118,41.4280,40.1704,39.0439,38.2229,37.3872,36.5354,35.6659,34.4143,32.9270,29.9158,21.5577,12.0309,7.4951,3.3639
10.588,0.056015020080921664,2.634883872962014e-09,0.013315788695977396,3,105.865,-0.600378,-0.0195132,9601.64,0.0,13.3223,58.6564,50.5855,44.2374,40.1712,38.0548,36.9009,35.8752,35.1327,34.3816,33.6213,32.8514,31.7554,30.4738,27.9700,22.2943,12.7007,7.8087,3.4590
10.707,0.09367791063954141,6.907189979937542e-10,0.0015665892242930448,3,104.787,-0.582012,-0.0495102,9509.58,0.0,12.8058,55.9476,48.1770,42.2036,38.4580,36.5401,35.5045,34.5911,33.9345,33.2744,32.6105,31.9429,31.0016,29.9165,27.8527,23.5879,15.7485,9.0091,3.7362
10.828,0.08472737122058749,1.8106784101007471e-10,0.00018430765564885247,3,103.79,-0.545211,-0.0876873,9419.27,0.0,12.0985,53.6956,46.2386,40.6245,37.1683,35.4212,34.4854,33.6646,33.0772,32.4890,31.9002,31.3109,30.4852,29.5411,27.7701,24.2403,18.4836,11.2985,4.2473
10.948,0.08688938080406508,4.7465848113745024e-11,2.1683611379431845e-05,3,102.823,-0.488345,-0.123223,9334.08,0.0,11.3231,51.2468,44.0591,38.7560,35.5454,33.9406,33.0862,32.3400,31.8081,31.2772,30.7475,30.2190,29.4815,28.6426,27.0834,24.0350,19.2621,13.5852,4.9931
11.049,0.1097564882952276,1.5553609109911973e-11,3.64436456454111e-06,3,102.029,-0.425594,-0.154538,9262.48,0.0,10.5938,49.2738,42.2961,37.2296,34.2014,32.6998,31.9041,31.2113,30.7185,30.2276,29.7389,29.2524,28.5755,27.8081,26.3892,23.6448,19.4269,14.4973,5.8430
11.169,0.20376567635536103,4.077285306508764e-12,4.287558466536972e-07,3,101.001,-0.328182,-0.21062,9167.14,0.0,9.6433,47.8963,41.1721,36.3585,33.5118,32.1098,31.3691,30.7256,30.2689,29.8146,29.3631,28.9143,28.2909,27.5857,26.2863,23.7889,19.9839,15.5439,7.1497
11.288,0.25864288699001536,1.0688358793894335e-12,5.044269660296083e-08,3,99.8055,-0.197729,-0.277802,9053.63,0.0,8.5993,48.0018,41.5152,36.8989,34.1795,32.8427,32.1373,31.5248,31.0901,30.6580,30.2285,29.8019,29.2094,28.5394,27.3051,24.9330,21.3091,17.0304,8.4450
11.388,0.2384934654513228,3.502361409583296e-13,8.477904018059627e-09,3,98.7297,-0.0828196,-0.275465,8952.85,0.0,7.7495,48.3996,42.0851,37.6024,34.9651,33.6694,32.9857,32.3920,31.9708,31.5520,31.1359,30.7223,30.1480,29.4985,28.3015,25.9985,22.4673,18.2562,9.4636
11.508,0.21636125893248487,9.181230293538036e-14,9.974169298206973e-10,3,97.4581,0.0467599,-0.267649,8837.44,0.0,6.8241,16.4994,42.4598,38.1181,35.5689,34.3176,33.6576,33.0847,32.6782,32.2741,31.8726,31.4736,30.9196,30.2930,29.1382,26.9150,23.4978,19.3915,10.5166
11.628,0.2122277591707692,2.406804434069235e-14,1.173451043764752e-10,3,96.2385,0.167807,-0.252951,8730.07,0.0,5.9911,13.0779,42.4638,38.2496,35.7825,34.5733,33.9359,33.3828,32.9905,32.6007,32.2134,31.8286,31.2945,30.6905,29.5778,27.4364,24.1432,20.1704,11.3795
11.747,0.20681694859354083,6.309293415646454e-15,1.3805534184787935e-11,3,95.0954,0.280103,-0.234266,8629.78,0.0,5.2285,10.9985,42.2624,38.1639,35.7726,34.6024,33.9861,33.4516,33.0727,32.6962,32.3223,31.9510,31.4355,30.8530,29.7803,27.7177,24.5470,20.7146,12.0922
11.868,0.16221822325625437,1.6539434131512238e-15,1.6242072913061157e-12,3,94.0609,0.382649,-0.211051,8539.56,0.0,4.5407,9.4561,41.8395,37.8484,35.5288,34.3958,33.7997,33.2831,32.9171,32.5536,32.1926,31.8343,31.3370,30.7754,29.7421,27.7575,24.7109,21.0282,12.6516
11.969,0.1273666713601387,5.41964177621393e-16,2.7298051944981894e-13,3,93.3377,0.45809,-0.179181,8478.88,0.0,4.0720,8.7922,40.8966,37.0046,34.7541,33.6583,33.0826,32.5841,32.2312,31.8808,31.5331,31.1881,30.7099,30.1702,29.1786,27.2781,24.3711,20.8691,12.8881
12.090,0.108480284592865,1.4207265737838247e-16,3.2115885132751756e-14,3,92.5902,0.531063,-0.127615,8415.2,0.0,3.6663,8.8451,39.1606,35.4024,33.2481,32.2039,31.6566,31.1836,30.8490,30.5173,30.1885,29.8625,29.4112,28.9025,27.9698,26.1900,23.4847,20.2489,12.9073
12.209,0.09861959599728914,3.72434946957987e-17,3.778401769983112e-15,3,91.9174,0.578483,-0.0689638,8356.36,0.0,3.4726,12.4348,37.0851,33.4699,31.4177,30.4288,29.9119,29.4658,29.1508,28.8388,28.5298,28.2240,27.8011,27.3253,26.4552,24.8022,22.3088,19.3523,12.7033
12.329,0.09347257173561938,9.763158673535457e-18,4.445251898367431e-16,3,91.2754,0.596734,-0.00880349,8299.76,0.0,3.5392,41.0411,34.8776,31.4065,29.4569,28.5228,28.0361,27.6169,27.3213,27.0288,26.7396,26.4536,26.0587,25.6152,24.8064,23.2776,20.9891,18.3010,12.3264
12.447,0.14844712604994703,2.559353467315279e-18,5.2297944059103e-17,3,90.6246,0.585669,0.0471102,8241.14,0.0,3.9023,39.0806,32.7489,29.3971,27.5417,26.6578,26.1985,25.8037,25.5257,25.2510,24.9798,24.7119,24.3425,23.9283,23.1748,21.7574,19.6521,17.2022,11.8299
12.548,0.1878790237310888,8.386489441698707e-19,8.789715458013442e-18,3,90.029,0.559235,0.0757811,8186.49,0.0,4.3361,38.4431,31.6935,28.2853,26.4703,25.6088,25.1619,24.7782,24.5082,24.2416,23.9785,23.7189,23.3612,22.9606,22.2331,20.8686,18.8515,16.5184,11.4538
12.650,0.19695452900465393,2.748084860255832e-19,1.4772874770283194e-18,3,89.4062,0.522379,0.0949225,8129.97,0.0,4.8657,38.1577,31.1191,27.4299,25.6324,24.7826,24.3426,23.9650,23.6997,23.4379,23.1796,22.9248,22.5741,22.1817,21.4699,20.1384,18.1787,15.9248,11.0798
12.771,0.24814549812565342,7.203939576069048e-20,1.7380139438490474e-19,3,88.6156,0.468784,0.110873,8058.16,0.0,5.6077,37.9456,31.0117,26.7416,24.7830,23.9293,23.4933,23.1197,22.8572,22.5984,22.3434,22.0920,21.7461,21.3596,20.6597,19.3542,17.4422,15.2579,10.6193
12.889,0.30100000993970555,1.8884695362290445e-20,2.0447560247989656e-20,2,87.7324,0.411221,0.107885,10041.8,0.0,6.2503,38.4743,32.0763,27.2533,24.8390,23.8086,23.2996,22.8753,22.5836,22.3009,22.0269,21.7612,21.4024,21.0090,20.2985,18.9759,17.0463,14.8535,10.2476
12.990,0.3171418900557595,6.188136976315333e-21,3.4366214508796215e-21,2,86.7601,0.364908,0.0946736,9871.6,0.0,6.6451,39.2692,33.1934,28.6986,25.9143,24.6141,23.9791,23.4535,23.0940,22.7470,22.4120,22.0884,21.6535,21.1807,20.3580,18.9271,16.9413,14.6937,10.0106
13.091,0.3285813683647501,2.027728724399008e-21,5.775929672493379e-22,2,85.4853,0.323181,0.0719506,9718.1,0.0,6.8644,40.3867,34.5318,30.3066,27.7519,26.4682,25.7806,25.1776,24.7462,24.3145,23.8825,23.4553,22.8845,22.2692,21.2112,19.4076,17.0915,14.7274,9.8619
13.209,0.342709428925922,5.315569187288535e-22,6.795323500391736e-23,2,83.881,0.282594,0.0375388,9524.79,0.0,6.9315,41.9534,36.2516,32.2185,29.8205,28.6310,27.9988,27.4466,27.0530,26.6602,26.2682,25.8772,25.3317,24.7109,23.5517,21.2609,18.0412,15.0441,9.7998
13.312,0.35580602548071244,1.7418057112907072e-22,1.1420900207108394e-23,2,82.4874,0.258744,0.0045507,9362.06,0.0,6.8473,43.4128,37.7663,33.8184,31.4929,30.3451,29.7376,29.2081,28.8312,28.4556,28.0814,27.7085,27.1892,26.5996,25.5043,23.3561,19.9319,15.9539,9.8571
13.430,0.37321691032549437,4.5660391638059114e-23,1.3436574884660957e-24,2,80.7642,0.244141,-0.0407252,9164.96,0.0,6.5912,45.4278,39.7765,35.8644,33.5783,32.4537,31.8597,31.3435,30.9770,30.6119,30.2483,29.8863,29.3823,28.8107,27.7523,25.6884,22.4237,18.2800,10.1026
13.546,0.1794989482886514,1.1969597705567369e-23,1.580799598605477e-25,2,79.1177,0.246233,-0.0874875,8974.84,0.0,6.1712,13.1719,41.8597,37.9326,35.6489,34.5303,33.9398,33.4268,33.0626,32.7004,32.3402,31.9821,31.4841,30.9193,29.8739,27.8428,24.6418,20.5937,10.8624
13.647,0.05881821537522529,3.922197776160315e-24,2.656849885376225e-26,2,78.112,0.258724,-0.0985255,8884.77,0.0,5.8194,11.0877,42.3412,38.4217,36.1555,35.0482,34.4649,33.9588,33.6000,33.2434,32.8890,32.5366,32.0467,31.4920,30.4676,28.4831,25.3730,21.4662,11.7022
13.752,0.13483925163857274,1.2852257672922121e-24,4.465367602351822e-27,2,77.3768,0.282597,-0.113954,8840.38,0.0,5.4979,10.3385,41.0654,37.2263,35.0234,33.9528,33.3901,32.9026,32.5571,32.2140,31.8735,31.5354,31.0665,30.5366,29.5597,27.6758,24.7500,21.1212,12.1958
13.869,0.23794578185174686,3.3691422354104967e-25,5.2534603304908965e-28,2,76.4869,0.340152,-0.170535,8738.9,0.0,4.8468,8.8593,40.4978,36.7055,34.5463,33.5006,32.9522,32.4780,32.1426,31.8099,31.4799,31.1525,30.6985,30.1861,29.2441,27.4363,24.6481,21.2221,12.8736
13.992,0.13223049274841286,8.832004221594493e-26,6.180643544219235e-29,2,75.7658,0.424801,-0.227092,8665.82,0.0,4.0701,7.5281,39.9625,36.2040,34.0786,33.0533,32.5171,32.0540,31.7266,31.4019,31.0801,30.7611,30.3195,29.8219,28.9095,27.1628,24.4877,21.2278,13.3639
14.093,0.3259578099613312,0.008922216796875,1.0387807604769267e-29,2,75.1072,0.512767,-0.275732,8593.79,0.0,3.4388,6.5041,39.7090,35.9541,33.8408,32.8250,32.2940,31.8357,31.5120,31.1914,30.8739,30.5596,30.1247,29.6349,28.7373,27.0251,24.4137,21.2511,13.6857
14.207,0.2698478628146532,0.034582065365625,1.2221151768934994e-30,2,74.3809,0.623555,-0.257899,8531.75,0.0,2.6703,4.8068,7.6570,37.2968,35.1107,34.0610,33.5129,33.0399,32.7059,32.3751,32.0476,31.7233,31.2749,30.7703,29.8460,28.0841,25.4019,22.1596,14.4180
14.331,0.16852919464502977,0.0706117606307064,1.437806284463433e-31,2,74.0458,0.720785,-0.215991,8523.99,0.0,2.0243,3.6745,5.5156,37.5262,35.3166,34.2583,33.7062,33.2302,32.8943,32.5619,32.2329,31.9075,31.4576,30.9515,30.0258,28.2659,25.5961,22.3855,14.7818
14.463,0.28171996388698295,0.1050052048475259,1.6915647156083843e-32,2,73.9238,0.801804,-0.172207,8536.74,0.0,1.4739,2.7295,4.0237,37.5345,35.3074,34.2428,33.6883,33.2107,32.8740,32.5410,32.2117,31.8858,31.4356,30.9296,30.0054,28.2528,25.6051,22.4382,15.0096
14.574,0.09422582403708926,0.14615718246642484,1.990108972266108e-33,2,74.2038,0.867185,-0.124869,8597.44,0.0,1.0193,1.9512,2.9007,37.2207,34.9893,33.9254,33.3723,32.8966,32.5612,32.2296,31.9018,31.5777,31.1303,30.6281,29.7125,27.9794,25.3739,22.2762,15.0910
14.691,0.13907291241785136,0.18845232336235346,2.341343304781354e-34,2,74.7286,0.905846,-0.0511448,8699.91,0.0,0.7680,1.6298,2.6956,35.5040,33.3464,32.3224,31.7910,31.3345,31.0133,30.6961,30.3828,30.0734,29.6467,29.1682,28.2974,26.6572,24.2073,21.3214,14.7381
14.793,0.15183836593733951,0.216135772163126,3.9350956923460217e-35,2,75.327,0.918514,-0.00518632,8839.32,0.0,0.6942,1.6111,3.0758,34.4898,32.3637,31.3584,30.8375,30.3903,30.0759,29.7655,29.4592,29.1569,28.7406,28.2745,27.4271,25.8350,23.4695,20.7016,14.4675
14.910,0.144913203967715,0.24354698765480548,4.629600731088171e-36,2,76.3671,0.911489,0.0516427,8855.86,0.0,0.8023,2.2066,36.8242,33.0023,30.9293,29.9527,29.4480,29.0156,28.7117,28.4121,28.1166,27.8252,27.4242,26.9756,26.1625,24.6406,22.3935,19.7861,14.0096
15.034,0.24749345798626946,0.2578062971567813,5.446678964117923e-37,2,77.3442,0.884914,0.0857711,9066.25,0.0,1.0900,3.6926,36.0651,32.2126,30.1349,29.1600,28.6568,28.2259,27.9235,27.6255,27.3319,27.0427,26.6452,26.2011,25.3967,23.8960,21.6926,19.1551,13.6165
15.148,0.26917371965500464,0.26368983802436724,6.407963334495096e-38,2,78.385,0.848113,0.100911,9173.95,0.0,1.4728,7.4963,36.0135,32.0367,29.9020,28.9025,28.3874,27.9468,27.6379,27.3337,27.0343,26.7394,26.3341,25.8817,25.0637,23.5424,21.3183,18.7745,13.2976
15.253,0.2705381943392531,0.2670819056550746,1.076986397628591e-38,2,79.228,0.812928,0.108884,9318.68,0.0,1.8423,44.3498,36.1014,31.9701,29.7776,28.7533,28.2262,27.7757,27.4598,27.1489,26.8429,26.5417,26.1282,25.6670,24.8345,23.2886,21.0383,18.4785,13.0284
15.373,0.26797967048690546,0.27396359759166883,1.2670637269460612e-39,2,80.3139,0.766527,0.112263,9445.6,0.0,2.3225,46.8978,36.7460,32.0735,29.7916,28.7282,28.1816,27.7146,27.3875,27.0657,26.7493,26.4380,26.0109,25.5351,24.6769,23.0877,20.7853,18.1837,12.7173
15.476,0.26516364093758665,0.281156577205713,2.129554005878245e-40,2,81.2277,0.7258,0.114034,9568.88,0.0,2.7455,50.0855,37.6865,32.2684,29.8040,28.7063,28.1425,27.6613,27.3245,26.9934,26.6679,26.3479,25.9091,25.4203,24.5397,22.9137,20.5662,17.9291,12.4496
15.589,0.26439281090097433,0.29476155782188945,2.5053989923756966e-41,2,82.39,0.675545,0.113775,9717.89,0.0,3.2631,56.2729,39.6273,32.9566,30.0308,28.7823,28.1656,27.6517,27.2984,26.9546,26.6168,26.2850,25.8301,25.3240,24.4138,22.7372,20.3287,17.6414,12.1323
15.713,0.26488455637157204,0.3029636593605364,2.947576860540084e-42,2,83.6199,0.624842,0.11027,9868.39,0.0,3.7718,67.6833,43.0541,34.4129,30.8120,29.3083,28.5725,27.9628,27.5454,27.1423,26.7529,26.3764,25.8701,25.3193,24.3595,22.6229,20.1408,17.3908,11.8283
15.826,0.2637736880880002,0.31634268325378345,3.4677947006568033e-43,2,84.8939,0.574965,0.103712,10030.5,0.0,4.2522,145.9280,49.2079,37.1124,32.4425,30.5511,29.6378,28.8868,28.3757,27.8846,27.4122,26.9576,26.3492,25.6912,24.5545,22.6017,20.0140,17.1865,11.5451
15.933,0.26279519896599035,0.32812859232359975,5.828322553393891e-44,2,86.0125,0.534812,0.0966689,10177.9,0.0,4.6211,116.1840,58.5003,40.9571,34.8151,32.4169,31.2765,30.3473,29.7193,29.1189,28.5445,27.9943,27.2622,26.4758,25.1298,22.8539,19.9645,17.0535,11.3278
16.053,0.26188518446434106,0.3603989760810777,6.85696320084238e-45,2,87.4829,0.489221,0.086661,10391.2,0.0,5.0162,82.8808,141.4450,49.2902,39.7973,36.3346,34.7324,33.4472,32.5889,31.7759,31.0047,30.2724,29.3070,28.2814,26.5532,23.7058,20.2184,16.9484,11.0946
16.166,0.2611191538423057,0.40515780613892305,8.067148636159053e-46,2,89.2709,0.447172,0.0742194,10664.5,0.0,5.3463,35.4339,106.9530,147.6460,49.7545,43.9333,41.3636,39.3557,38.0402,36.8124,35.6641,34.5878,33.1898,31.7299,29.3269,25.5157,21.0817,17.1366,10.9016
16.268,0.2604612519658205,0.4336644360874773,1.3558456712792522e-46,2,90.9668,0.415419,0.0619571,10914.2,0.0,5.5675,23.2323,80.6610,117.5260,141.5940,56.8549,52.3054,48.8969,46.7262,44.7431,42.9248,41.2515,39.1215,36.9479,33.4782,28.2351,22.5030,17.7036,10.7753
16.368,0.11653864889618507,0.46800877765151955,2.2787698197190394e-47,2,92.9483,0.386242,0.055596,11159.5,0.0,5.8020,18.9179,55.8458,93.5003,114.9390,126.3420,132.6650,138.3490,142.5020,58.7640,54.7399,51.8492,48.3217,44.8431,39.5289,32.0104,24.4231,18.5212,10.6369
16.471,0.03818738447030192,0.5026155986827249,3.82992843600179e-48,2,95.323,0.353221,0.0792219,11390.4,0.0,6.2261,18.5296,44.6454,82.9123,103.0090,113.6350,119.5170,124.8020,128.6620,132.5940,136.6040,62.4220,53.7605,49.0956,42.5185,33.5906,25.0007,18.5906,10.3612
16.591,0.010010593714582827,0.5654511869385841,4.505872505671746e-49,2,98.5127,0.296782,0.114829,11825.5,0.0,6.7897,19.6165,44.6632,78.3222,97.2867,107.3860,112.9910,118.0330,121.7170,125.4760,129.3110,133.2240,56.5719,49.3789,42.3796,33.1390,24.4203,18.0209,9.9311
16.709,0.15233827995562965,0.6574850746207033,5.301113944197753e-50,2,102.278,0.234578,0.102911,12485.3,0.0,7.2814,20.2570,43.1924,72.8355,90.5449,100.0410,105.3240,110.0840,113.5660,117.1190,120.7480,124.4540,129.7770,53.2380,43.1000,33.1893,24.1053,17.5958,9.5456
16.829,0.09621924010828857,0.7340741420107446,6.236707544209215e-51,2,106.46,0.187895,0.0400593,13486.8,0.0,7.1844,16.9518,28.9054,52.3295,67.7157,75.7605,80.2069,84.1999,87.1154,90.0866,93.1161,96.2067,100.6420,105.8710,116.1760,44.4949,28.8653,19.6252,9.6990
16.931,0.031529120598684,0.7947097117290809,1.0482034369552428e-51,2,110.549,0.165642,0.000922855,14222.9,0.0,7.0863,15.4180,24.1833,40.9992,54.8972,62.0398,65.9747,69.5037,72.0784,74.7010,77.3742,80.1004,84.0111,88.6219,97.7062,117.8150,33.4932,21.4246,9.8817
17.035,0.010331462237776772,0.8624440213081352,1.7617155164906764e-52,3,115.097,0.157672,-0.026655,12013.1,0.0,6.9643,14.4130,21.6067,34.0842,46.2377,52.5593,56.0550,59.1969,61.4926,63.8338,66.2228,68.6618,72.1646,76.3004,84.4647,102.5960,38.6215,23.1340,10.0958
17.142,0.0033854135460746927,0.9050827467459996,2.9609152685658804e-53,3,117.19,0.166593,-0.0331042,11507.5,0.0,6.8488,14.0192,20.8202,32.2840,42.7739,48.4734,51.6647,54.5516,56.6700,58.8378,61.0569,63.3283,66.6001,70.4767,78.1632,95.3562,44.5215,23.8004,10.2435
17.253,0.0011093323107777553,0.9274844050787292,4.976410291878676e-54,3,121.765,0.184514,-0.0364383,11891.3,0.0,6.6807,13.5991,20.1017,30.6630,39.7925,44.9313,47.8444,50.4969,52.4524,54.4613,56.5240,58.6421,61.7037,65.3453,72.6040,88.9773,122.7790,24.4309,10.4381
17.363,-0.016872797510562546,0.937621361340573,8.363852777560493e-55,3,126.351,0.206221,-0.0354274,12332.0,0.0,6.5090,13.2719,19.6458,29.3785,37.4447,42.1103,44.7847,47.2356,49.0512,50.9230,52.8519,54.8389,57.7218,61.1651,68.0698,83.7938,116.6590,24.8016,10.6179
17.474,-0.024119266633322065,0.944859779402829,1.405712736324592e-55,3,130.953,0.22759,-0.027449,12759.9,0.0,6.3814,13.1887,19.7481,28.6731,36.0204,40.3531,42.8597,45.1694,46.8882,48.6657,50.5036,52.4032,55.1686,58.4859,65.1777,80.5690,113.1690,24.9400,10.7145
17.584,-0.026845307025240957,0.958219920092844,2.3625813959407423e-56,3,135.586,0.244944,-0.0162886,13207.0,0.0,6.3050,13.2883,19.8845,27.9894,34.7983,38.8728,41.2474,43.4465,45.0894,46.7934,48.5611,50.3931,53.0699,56.2938,62.8361,78.0376,110.6830,25.3144,10.7401
17.695,-0.04141084771955986,0.984020126462898,3.9707905521576065e-57,3,140.302,0.255659,-0.00298912,13730.9,0.0,6.2971,13.5523,19.7411,27.2292,33.6113,37.4755,39.7424,41.8516,43.4322,45.0773,46.7879,48.5664,51.1734,54.3260,60.7615,75.8723,108.7920,26.0210,10.6866
17.803,-0.055580964590300375,0.9963353615237374,6.673707681011291e-58,3,145.103,0.254508,0.0275504,14226.4,0.0,6.5074,14.2227,20.4666,28.0624,34.6052,38.5984,40.9518,43.1474,44.7966,46.5165,48.3085,50.1751,52.9171,56.2424,63.0573,79.1695,114.6060,25.0622,10.3654
17.913,-0.018212770476949625,1.0,1.1216500499475677e-58,3,149.951,0.235949,0.0517985,14721.0,0.0,6.7877,14.4509,20.5699,28.0596,34.5839,38.6014,40.9806,43.2080,44.8857,46.6387,48.4697,50.3808,53.1962,56.6210,63.6725,80.4804,118.2680,25.0305,10.1326
18.023,-0.005967960629886854,1.0,1.8851572389468772e-59,3,154.904,0.206543,0.0374867,15110.7,0.0,6.8442,13.9789,19.5556,26.3867,32.3994,36.1387,38.3675,40.4628,42.0466,43.7074,45.4466,47.2682,49.9614,53.2529,60.0782,76.5540,114.3300,27.1126,10.1732
18.133,-0.01905107155326382,1.0,3.168383771498017e-60,4,156.104,0.196763,-0.0010584,12091.1,0.0,6.6904,13.0875,17.9608,23.9050,29.1736,32.4802,34.4629,36.3365,37.7581,39.2536,40.8258,42.4783,44.9328,47.9496,54.2617,69.7577,105.8750,31.7443,10.4782
18.245,-0.12212120644682349,1.0,5.3251026047567187e-61,4,159.642,0.206271,-0.0039199,12363.8,0.0,6.6053,12.9865,17.9349,24.0792,29.6165,33.1292,35.2479,37.2566,38.7860,40.3980,42.0971,43.8867,46.5516,49.8373,56.7410,73.7992,115.9490,30.8473,10.5634
18.353,-0.04001667692849512,1.0,8.949899947814618e-62,4,163.105,0.219681,-2.70049e-05,12631.2,0.0,6.5290,13.0146,18.1746,24.7302,30.7538,34.6190,36.9638,39.1943,40.8976,42.6965,44.5961,46.6009,49.5923,53.2891,61.0770,80.3853,133.3720,29.3054,10.6068
18.464,-0.013112664695929283,1.0,1.5042096842292027e-62,4,166.682,0.237498,-0.0182136,12847.8,0.0,6.2810,12.2940,17.0417,23.0919,28.7054,32.3428,34.5634,36.6860,38.3132,40.0379,41.8656,43.8007,46.7018,50.3063,57.9633,77.2296,130.6810,31.9632,10.9616
18.572,-0.006088616080843357,1.0,2.528125216284021e-63,4,170.238,0.268883,-0.0439943,13102.8,0.0,5.8926,11.2154,15.3376,20.5591,25.4216,28.5965,30.5470,32.4201,33.8619,35.3967,37.0295,38.7669,41.3848,44.6614,51.7052,69.8322,123.0250,37.8002,11.5621
18.682,-0.123978584058227,1.0,4.2490200510085545e-64,4,173.71,0.317734,-0.0541146,13377.1,0.0,5.4570,10.3145,14.0871,18.9079,23.4575,26.4636,28.3238,30.1211,31.5106,32.9958,34.5829,36.2790,38.8480,42.0858,49.1160,67.5422,121.5970,41.4574,12.1410
18.794,-0.06167000701459981,1.0,7.141327999730077e-65,4,176.978,0.367254,-0.0308259,13665.3,0.0,5.1726,10.1568,14.2427,19.7197,25.1065,28.7543,31.0398,33.2630,34.9912,36.8452,38.8333,40.9630,44.1994,48.2855,57.1641,81.2030,128.4810,35.8691,12.2417
18.903,-0.020208027898544065,1.0,1.2002429969146344e-65,4,180.412,0.410675,-0.0351422,13868.3,0.0,4.8035,9.4242,13.2437,18.4342,23.6318,27.2048,29.4646,31.6775,33.4074,35.2719,37.2799,39.4424,42.7442,46.9437,56.1477,83.0132,125.4980,37.3714,12.6811
19.018,-0.07265898803007617,1.0,2.0172484049144262e-66,4,183.844,0.45768,-0.0487998,14110.1,0.0,4.3701,8.4480,11.7861,16.3162,20.8840,24.0574,26.0804,28.0752,29.6440,31.3430,33.1851,35.1811,38.2525,42.1970,50.9824,77.5753,119.9200,41.4593,13.3052
19.122,-0.2519964542405516,1.0,3.3903893941396764e-67,4,186.819,0.502009,-0.0112193,14447.9,0.0,4.1575,8.5451,12.4632,18.2302,24.4741,28.9883,31.9153,34.8260,37.1268,39.6260,42.3357,45.2701,49.7730,55.5657,70.7169,105.1500,123.3180,34.4196,13.1236
19.232,-0.11096959760874395,1.0,5.698227454730555e-68,4,189.466,0.519328,0.0398228,14715.7,0.0,4.2271,9.5408,14.9675,23.9703,34.5246,42.3086,47.3301,52.5101,56.9667,62.2565,68.6355,76.4755,88.7065,95.0717,102.7840,113.5270,53.4752,28.2598,12.5805
19.347,-0.03636251774443322,1.0,9.577010883165644e-69,4,192.666,0.505686,0.0503175,14816.1,0.0,4.3968,10.1445,16.2144,26.5891,38.9513,48.5033,55.7489,64.1444,71.8820,81.0770,85.9253,89.2892,93.0723,96.6961,102.3740,111.3630,46.8547,26.8381,12.3307
19.457,-0.011915269814495876,1.0,1.60960821913365e-69,4,196.01,0.4758,0.0385634,15004.0,0.0,4.6044,10.3782,16.2785,26.1016,37.7315,47.5711,55.2755,64.4119,73.0428,78.6911,82.1580,84.9570,88.2873,91.5829,96.8719,105.4390,47.5539,27.0771,12.2120
19.562,-0.0039043956128140085,1.0,2.7052685338979258e-70,5,196.334,0.449478,0.0230347,13445.9,0.0,4.7581,10.4177,15.9732,24.9237,35.6203,45.1525,52.6874,61.7075,69.4305,73.6375,76.6865,79.2407,82.3404,85.4500,90.5013,98.7999,49.0771,27.7751,12.1688
19.676,-0.001279392354406894,0.912925966796875,4.546744824922244e-71,5,198.965,0.435918,0.00662869,13564.7,0.0,4.7958,10.2066,15.3216,23.3149,33.1808,42.1427,49.2503,57.7897,64.2694,67.8843,70.6645,73.0409,75.9608,78.9183,83.7669,91.8307,50.9165,28.8553,12.2487
19.786,-0.000419231286692051,0.43219326829999993,7.641714027246818e-72,5,200.146,0.437912,-0.00963575,13453.1,0.0,4.7044,9.7538,14.3715,21.4910,30.6061,38.8972,45.4822,53.4012,58.6877,61.8662,64.4117,66.6235,69.3715,72.1798,76.8257,84.6482,52.8956,30.0022,12.4700
19.895,-0.0001373737080232513,0.14162109015654398,0.6820907684326171,5,193.475,0.455678,-0.0252689,12598.1,0.0,4.4898,9.0936,13.1943,19.6566,27.9919,35.5731,41.5934,48.8320,53.0038,55.8118,58.1363,60.1880,62.7644,65.4214,69.8584,77.4255,87.7694,31.1612,12.8345
20.007,-4.501461664505898e-05,0.04640639882249632,0.863450863431427,5,180.4,0.486542,-0.0396016,11503.7,0.0,4.1810,8.3122,12.0237,17.9050,25.4827,32.3678,37.8302,44.2360,47.5534,50.0378,52.1550,54.0512,56.4588,58.9649,63.1908,70.4941,80.6573,32.2784,13.2817
20.112,-1.4750389582252928e-05,0.015206448766155595,0.8943709890766367,5,166.835,0.527069,-0.0526775,10490.7,0.0,3.8151,7.5568,10.9240,16.2511,23.1001,29.3082,34.2235,39.6678,42.4155,44.6187,46.5441,48.2929,50.5373,52.8958,56.9126,63.9493,73.9165,33.3546,13.7078
20.223,-4.8334076583126405e-06,0.004982849131693866,0.9002701944632119,4,153.635,0.570277,-0.053695,10981.9,0.0,3.4653,6.8601,9.9126,14.7365,20.9291,26.5331,30.9641,35.4326,37.7224,39.6621,41.3997,43.0012,45.0811,47.2892,51.0917,57.8506,67.6000,34.3420,14.1014
20.336,-1.5838110214758858e-06,0.0016327800034734458,0.9016651971669281,4,140.761,0.610197,-0.0536941,9374.98,0.0,3.1434,6.2229,8.9917,13.3676,18.9849,24.0684,28.0878,31.5703,33.4819,35.1762,36.7308,38.1859,40.0997,42.1548,45.7371,52.2065,61.7175,73.2464,14.4598
20.442,-0.19958115152899392,0.0005350293515381788,0.5720223359354042,4,128.424,0.646777,-0.05421,8775.74,0.0,2.8471,5.6317,8.1324,12.0781,17.1321,21.6951,25.2166,27.8882,29.5072,30.9913,32.3814,33.7009,35.4579,37.3661,40.7340,46.9172,56.1854,67.6622,14.7968
20.555,-0.2065397883053332,0.00017531841791203044,0.09613979400066339,3,120.111,0.680515,-0.05314,10862.6,0.0,2.5777,5.1073,7.3849,10.9904,15.6299,19.8392,22.6670,24.7448,26.0975,27.3770,28.6009,29.7808,31.3737,33.1266,36.2658,42.1399,51.1354,62.5191,15.0820
20.663,-0.06767895783189158,5.744833918141413e-05,0.016158215177691497,3,115.044,0.709554,-0.0390032,10422.9,0.0,2.3738,4.8115,7.0871,10.8592,16.0465,20.0284,21.9104,23.4697,24.5469,25.5994,26.6311,27.6449,29.0383,30.5989,33.4496,38.9219,47.5293,58.6821,15.1066
20.772,-0.03264589596778392,1.8824671782965784e-05,0.0027157112249146104,3,113.76,0.728344,-0.019439,10317.9,0.0,2.2616,4.7398,7.1840,11.5484,16.9695,19.7280,21.1751,22.4300,23.3207,24.2071,25.0894,25.9677,27.1912,28.5810,31.1635,36.2413,44.4447,55.3316,14.9591
20.883,-0.35946472334738944,6.168468449842227e-06,0.0004564295855713986,3,112.386,0.731625,0.0296876,10187.0,0.0,2.3480,5.4152,9.0066,14.9115,19.1828,21.4231,22.6372,23.7082,24.4775,25.2496,26.0245,26.8014,27.8924,29.1426,31.4929,36.1959,43.9549,54.4465,14.2759
20.993,-0.29465863611482257,2.0212837416443014e-06,7.671212044698497e-05,3,110.539,0.698899,0.139186,9994.14,0.0,3.0002,9.1540,15.2287,21.2216,25.2582,27.3573,28.4934,29.4953,30.2148,30.9373,31.6623,32.3897,33.4114,34.5830,36.7876,41.2079,48.5198,58.4167,12.7871
21.104,-0.09655374188210505,6.623342564620048e-07,1.2893006083524763e-05,3,108.714,0.624636,0.242929,9814.29,0.0,4.3588,13.5652,20.2155,26.1778,30.0816,32.0960,33.1835,34.1414,34.8288,35.5185,36.2104,36.9041,37.8781,38.9944,41.0939,45.2998,52.2481,61.6391,11.4885
21.216,-0.031638730139928184,2.170336891574697e-07,2.1669275324580067e-06,3,107.211,0.510413,0.304834,9695.11,0.0,5.7966,15.7690,22.1250,27.7239,31.3943,33.2939,34.3213,35.2272,35.8780,36.5315,37.1876,37.8461,38.7714,39.8333,41.8337,45.8543,52.5327,23.7848,10.5651
21.323,-0.010367379092251668,7.111759926311967e-08,3.641955103802173e-07,3,106.095,0.379103,0.259955,9622.77,0.0,6.7490,15.9625,21.5245,26.5040,29.8294,31.5696,32.5159,33.3535,33.9568,34.5641,35.1751,35.7896,36.6555,37.6523,39.5389,43.3633,49.8017,58.7076,9.9419
21.437,-0.09269887165018731,0.10318903697568993,6.121033942960314e-08,3,105.306,0.262791,0.202406,9622.5,0.0,7.3527,15.5618,20.3462,24.7003,27.6639,29.2335,30.0924,30.8556,31.4072,31.9638,32.5253,33.0915,33.8918,34.8164,36.5764,40.1815,46.3513,55.0631,9.5053
21.545,-0.33783245870473966,0.27217094652681906,1.0287621747933399e-08,3,105.247,0.163521,0.183828,9751.82,0.0,8.0866,16.2553,20.8325,24.9671,27.7810,29.2734,30.0910,30.8180,31.3436,31.8745,32.4103,32.9509,33.7155,34.5999,36.2862,39.7516,45.7171,54.2092,8.8664
21.653,-0.2042385134551191,0.36375735075790805,1.7290405871751666e-09,3,105.804,0.0692787,0.192379,9903.28,0.0,9.0009,17.6961,22.3736,26.5233,29.3200,30.7964,31.6036,32.3206,32.8386,33.3613,33.8886,34.4203,35.1718,36.0404,37.6948,41.0893,46.9218,55.2131,8.0547
21.766,-0.06692487608897343,0.40588603408697627,2.9059985148653027e-10,3,107.044,-0.0195535,0.166757,9991.96,0.0,9.5189,17.9163,22.3342,26.2491,28.8946,30.2950,31.0617,31.7435,32.2365,32.7344,33.2371,33.7444,34.4621,35.2926,36.8776,40.1420,45.7888,53.8918,7.5244
21.875,-0.2408361600617645,0.4413465247121203,4.884111703934114e-11,3,108.488,-0.093502,0.125715,10157.7,0.0,9.7465,17.5182,21.5584,25.1567,27.6058,28.9089,29.6245,30.2620,30.7236,31.1905,31.6625,32.1395,32.8154,33.5992,35.0996,38.2091,43.6448,51.5577,7.2024
21.983,-0.3902932720017441,0.48441609132704255,8.208726540802065e-12,3,109.774,-0.155959,0.12428,10395.2,0.0,10.2428,18.1551,22.1966,25.7709,28.1948,29.4824,30.1889,30.8182,31.2738,31.7344,32.1999,32.6703,33.3367,34.1093,35.5878,38.6508,44.0047,51.8029,6.6922
22.097,-0.1813446218198147,0.5133046191029202,1.3796406697126033e-12,3,111.276,-0.213111,0.12696,10579.2,0.0,10.7321,18.8390,22.9143,26.4931,28.9102,30.1917,30.8942,31.5195,31.9721,32.4295,32.8916,33.3584,34.0196,34.7857,36.2510,39.2837,44.5786,52.6093,6.2037
22.206,-0.22492759610104185,0.5354998411813949,2.3187620735859726e-13,3,113.093,-0.263303,0.1046,10721.5,0.0,10.9156,18.7225,22.6191,26.0453,28.3653,29.5977,30.2741,30.8767,31.3131,31.7544,32.2005,32.6514,33.2905,34.0317,35.4515,38.3984,43.5700,52.0723,5.9174
22.313,-0.35146678259988934,0.5575000762395694,3.8971434170759436e-14,3,114.827,-0.304692,0.0882707,10936.8,0.0,11.0854,18.6950,22.4702,25.7902,28.0414,29.2387,29.8964,30.4825,30.9072,31.3368,31.7712,32.2105,32.8334,33.5563,34.9423,37.8248,42.9150,52.5601,5.6620
22.425,-0.1965476788165141,0.5763765117009321,6.549928941079537e-15,3,116.609,-0.337287,0.0800903,11148.5,0.0,11.2612,18.8021,22.5230,25.7922,28.0088,29.1881,29.8360,30.4135,30.8319,31.2553,31.6836,32.1166,32.7307,33.4436,34.8111,37.6572,43.1214,54.8985,5.4305
22.537,-0.24912623853434257,0.6015448053541613,1.100846557127238e-15,3,118.671,-0.359056,0.057003,11338.1,0.0,11.2165,18.4225,21.9776,25.1115,27.2439,28.3812,29.0068,29.5649,29.9697,30.3795,30.7943,31.2139,31.8096,32.5017,33.8313,36.6622,42.7890,56.7832,5.3721
22.645,-0.31663955787025566,0.6248580748653265,1.8501928085637485e-16,3,120.689,-0.368479,0.0375364,11581.1,0.0,11.1170,18.0382,21.4580,24.4826,26.5475,27.6512,28.2590,28.8018,29.1957,29.5947,29.9987,30.4078,30.9888,31.6650,33.0193,36.1882,43.3864,61.1857,5.4027
22.755,-0.3168316733027863,0.6414331365499951,3.109619053353093e-17,3,122.677,-0.365254,0.0252469,11834.1,0.0,10.9892,17.7215,21.0576,24.0170,26.0427,27.1272,27.7251,28.2646,28.6655,29.0803,29.5095,29.9539,30.6030,31.3860,32.9857,36.8126,45.9752,71.9267,5.5073
22.862,-0.30917572207445426,0.6508037808878274,5.2263367429705435e-18,3,124.665,-0.349286,0.0119777,12065.4,0.0,10.7616,17.2685,20.5106,23.3992,25.4326,26.6108,27.2928,27.9235,28.3948,28.8845,29.3936,29.9234,30.7020,31.6489,33.6100,38.4529,51.0016,96.0644,5.7413
22.972,-0.29978421883696343,0.6584852950306983,8.783904163910592e-19,3,126.672,-0.320086,-0.00561476,12268.4,0.0,10.4071,16.6024,19.7150,22.6533,24.9748,26.3527,27.1595,27.9118,28.4777,29.0694,29.6885,30.3369,31.2978,32.4795,34.9736,41.4175,60.2803,172.0350,6.1450
23.082,-0.28857027789812056,0.6618697485850342,1.4763107728284535e-19,3,128.714,-0.276706,-0.0277064,12449.3,0.0,9.9245,15.7227,18.8159,22.1178,24.8246,26.4721,27.4516,28.3748,29.0759,29.8148,30.5947,31.4189,32.6547,34.1981,37.5450,46.7981,80.2033,200.0000,6.7566
23.195,-0.2507013173331858,0.663919928435094,2.481235515892782e-20,3,130.799,-0.217884,-0.0535045,12617.3,0.0,9.3190,14.7676,18.1456,21.9341,25.1835,27.2291,28.4706,29.6586,30.5726,31.5472,32.5885,33.7036,35.4041,37.5778,42.4913,57.6917,144.8880,56.8999,7.6285
23.305,-0.1809203711593477,0.7042500438683615,4.170212531560998e-21,3,133.082,-0.141586,-0.0848265,12836.1,0.0,8.5746,13.9871,17.7178,22.1441,26.1648,28.8110,30.4628,32.0771,33.3423,34.7140,36.2064,37.8359,40.3856,43.7640,51.9372,83.1578,200.0000,39.2180,8.8113
23.414,-0.14699287232839545,0.8721006094529097,7.008876201794568e-22,3,136.142,-0.0438124,-0.120307,13385.4,0.0,7.7881,13.4569,17.6586,23.0060,28.2454,31.9134,34.2988,36.7052,38.6455,40.8057,43.2251,45.9533,50.4144,56.7173,74.1327,192.1570,104.4850,32.4560,9.6835
23.522,-0.11278726218288113,0.9581918554399045,1.177981823235613e-22,3,140.018,0.0693285,-0.0966297,14037.5,0.0,7.2329,13.4467,18.5323,25.7256,33.7046,39.9420,44.3301,49.0534,53.0995,57.8779,63.6067,70.6001,83.4569,105.4150,193.7890,200.0000,56.9951,27.5569,10.0946
23.635,-0.036958130072086495,0.9878719536749228,1.9798340503120954e-23,3,144.346,0.154447,-0.0428048,14599.2,0.0,6.8864,13.8718,20.3276,30.8915,45.1443,58.7663,70.0619,84.2441,98.4945,118.5580,148.9020,188.4560,200.0000,200.0000,200.0000,87.3644,41.7611,24.3204,10.2435
23.742,-0.012110440062021301,0.9975975282645737,3.32750708835954e-24,3,149.089,0.207907,-0.00631928,14943.3,0.0,6.6791,14.3349,22.1990,37.0891,62.4852,95.1811,132.0810,184.7050,194.1720,200.0000,200.0000,200.0000,200.0000,200.0000,114.2210,62.6970,35.9271,22.6775,10.3148
23.853,-0.00396834899952314,1.0,5.59254116340588e-25,4,151.34,0.231215,0.00705731,11225.5,0.0,6.5699,14.4650,22.9484,40.1588,73.5508,126.1410,181.5080,192.7950,198.3190,200.0000,200.0000,200.0000,200.0000,145.7960,96.1952,57.3232,34.3899,22.2353,10.3742
23.965,-0.0013003486001637425,1.0,9.399383933336264e-26,4,154.696,0.233523,0.0076828,11947.2,0.0,6.5543,14.4485,22.9495,40.2561,74.0672,127.9500,178.2510,188.6740,193.9790,198.4730,200.0000,200.0000,200.0000,144.2900,95.5992,57.1555,34.3567,22.2375,10.3873
24.077,-0.0004260982293016552,1.0,1.579754457675826e-26,4,158.342,0.22953,0.00741792,12229.2,0.0,6.5867,14.5123,23.0392,40.3727,74.1374,127.6760,174.0030,183.9690,189.1350,193.5340,197.4210,200.0000,200.0000,144.5690,95.6159,57.0863,34.2867,22.1821,10.3564
24.185,0.022945395571102437,1.0,2.6550933170157606e-27,4,161.948,0.226955,-0.00479639,12492.2,0.0,6.5283,14.0511,21.8168,36.6290,62.2250,95.8109,134.5980,169.8700,177.0060,182.4100,186.9430,190.9200,195.8340,200.0000,113.3080,62.8631,36.2258,22.9316,10.4614
24.293,0.0075187472207388474,1.0,4.462415337908389e-28,4,165.519,0.231421,-0.0124601,12752.8,0.0,6.4418,13.6708,20.9533,34.3558,56.1140,82.2538,109.4890,153.9940,166.3290,172.8590,177.9710,182.3180,187.5850,192.8080,128.8960,67.4795,37.7528,23.5482,10.5816
24.406,0.0024637430892917055,1.0,7.499981458422629e-29,4,169.069,0.241178,-0.0147291,13013.5,0.0,6.3460,13.4123,20.4814,33.3610,53.9181,78.0558,102.5780,141.4970,159.4400,166.2980,171.5300,175.9380,181.2540,186.5110,135.2630,69.4447,38.4896,23.8989,10.6904
24.512,0.0008073193354991061,1.0,1.2605218837170913e-29,4,172.593,0.253478,-0.0153686,13272.9,0.0,6.2393,13.1716,20.0931,32.6686,52.6469,75.9593,99.4833,136.4920,153.9170,160.6730,165.8330,170.1850,175.4410,180.6450,138.2060,70.5512,38.9975,24.1829,10.8034
24.623,0.00026454239985634713,1.0,2.1185591299633156e-30,4,176.09,0.266953,-0.0155838,13530.8,0.0,6.1254,12.9261,19.7118,32.0291,51.5667,74.3174,97.2235,133.1560,148.6840,155.2120,160.2450,164.5070,169.6700,174.7970,182.9400,71.4531,39.4599,24.4590,10.9220
24.735,8.668525358492782e-05,1.0,3.5606623297293447e-31,4,179.56,0.280963,-0.0155529,13786.5,0.0,6.0085,12.6802,19.3377,31.4239,50.5994,72.9351,95.4304,130.7330,143.5640,149.7990,154.6720,158.8240,163.8750,168.9090,176.9360,72.2224,39.8900,24.7271,11.0424
24.842,2.8405023894709148e-05,1.0,5.98440517757611e-32,4,183.003,0.295301,-0.0155447,14040.0,0.0,5.8887,12.4276,18.9528,30.7992,49.5951,71.4906,93.5444,127.7970,138.3150,144.2640,148.9760,153.0160,157.9510,162.8880,170.7950,73.0251,40.3348,25.0033,11.1659
24.954,9.307758229818295e-06,1.0,1.005798978195217e-32,4,186.417,0.309926,-0.0155447,14291.4,0.0,5.7665,12.1697,18.5594,30.1600,48.5658,70.0069,91.6030,123.7950,132.9530,138.6190,143.1670,147.0900,151.9050,156.7410,164.5200,73.8496,40.7903,25.2856,11.2920
25.063,3.049966216746859e-06,1.0,1.6904463426527016e-33,4,189.801,0.324815,-0.0155447,14540.6,0.0,5.6421,11.9071,18.1590,29.5092,47.5180,68.4964,89.6266,119.3380,127.4870,132.8710,137.2500,141.0520,145.7410,150.4700,158.1140,74.6890,41.2539,25.5730,11.4203
25.175,9.994129299036108e-07,1.0,2.8411331680963964e-34,4,193.156,0.339981,-0.0155447,14787.5,0.0,5.5154,11.6397,17.7511,28.8464,46.4507,66.9579,87.6135,114.5920,121.9170,127.0190,131.2250,134.9010,139.4590,144.0760,151.5760,75.5440,41.7261,25.8657,11.5511
25.283,3.2748762887081515e-07,1.0,4.775092515619614e-35,4,196.481,0.355397,-0.0155447,15032.1,0.0,5.3866,11.3678,17.3365,28.1726,45.3657,65.3939,85.5670,109.6260,116.2440,121.0650,125.0940,128.6400,133.0590,137.5580,144.9040,76.4132,42.2062,26.1633,11.6840
25.394,1.0731114622838871e-07,1.0,8.025497991001886e-36,5,196.79,0.370944,-0.0155187,13477.4,0.0,5.2568,11.0944,16.9203,27.4983,44.2850,63.8448,83.5514,104.5430,110.5350,115.0770,118.9230,122.3340,126.6090,130.9840,138.1660,77.2709,42.6847,26.4613,11.8177
25.504,-0.0323121651915961,1.0,1.348845447347687e-36,5,199.505,0.386248,-0.0128412,13642.4,0.0,5.1422,10.9052,16.7041,27.3580,44.6039,65.2413,86.6493,101.1940,106.1590,110.2040,113.7300,116.9070,120.9360,125.0990,132.0020,76.2274,42.5808,26.5395,11.9167
25.615,-0.01058805028998221,1.0,2.2670045433572574e-37,5,202.166,0.396174,-0.00250006,13825.6,0.0,5.1109,11.0479,17.2229,29.1351,50.1446,78.5603,94.7211,101.1070,104.7870,108.0580,111.0410,113.8050,117.3880,121.1590,127.5260,70.1668,40.7710,25.9188,11.8767
25.725,-0.0034694923190213708,1.0,3.8101545360205434e-38,5,204.814,0.399406,0.00057435,13997.2,0.0,5.0991,11.0870,17.3791,29.7080,52.0870,82.1410,91.2253,96.5983,99.8716,102.8460,105.5970,108.1720,111.5410,115.1160,121.2070,68.5763,40.2758,25.7472,11.8675
25.835,-0.0011368832430969226,1.0,6.403726728689728e-39,5,207.433,0.399359,0.00134051,14173.7,0.0,5.1035,11.1127,17.4436,29.8979,52.6731,79.0593,86.2246,91.0097,94.0091,96.7709,99.3500,101.7810,104.9820,108.4010,114.2720,68.1507,40.1302,25.6892,11.8581
25.945,-0.0003725339010979996,0.987291259765625,1.0762743512908827e-39,5,210.017,0.398123,0.00160515,14342.4,0.0,5.1153,11.1442,17.5014,30.0248,52.9859,74.8655,80.8602,85.1499,87.9010,90.4641,92.8786,95.1696,98.2057,101.4700,107.1190,68.0778,40.0452,25.6469,11.8445
26.059,-0.0001220719087117925,0.37131759999999997,1.8088943022145866e-40,5,210.85,0.396525,0.0015589,14142.7,0.0,5.1287,11.1722,17.5440,30.0930,53.0907,70.1550,75.2757,79.1230,81.6399,84.0105,86.2625,88.4139,91.2833,94.3897,99.8086,109.4230,40.0081,25.6210,11.8315
26.163,-4.000052304668016e-05,0.121673351168,3.040208653732056e-41,5,209.514,0.39487,0.00153744,13957.7,0.0,5.1426,11.2022,17.5903,30.1702,53.2195,65.2697,69.6734,73.1108,75.4006,77.5802,79.6683,81.6769,84.3740,87.3149,92.4899,101.7930,39.9647,25.5923,11.8177
26.272,-1.3107371391936156e-05,0.03986992371073024,0.35482752685546876,5,204.98,0.393294,0.00109947,13481.6,0.0,5.1537,11.2170,17.5996,30.1399,51.3294,60.1782,63.9927,67.0608,69.1372,71.1334,73.0611,74.9286,77.4530,80.2263,85.1506,94.1264,40.0014,25.5958,11.8095
26.383,-4.295023457709639e-06,0.013064576601532086,0.6405071165584717,5,194.664,0.392127,0.000320077,12622.6,0.0,5.1596,11.2131,17.5687,30.0057,48.0192,55.1083,58.4269,61.1621,63.0392,64.8607,66.6334,68.3624,70.7158,73.3207,77.9897,86.6239,40.1141,25.6321,11.8088
26.492,-1.4073932866222948e-06,0.004281000460790034,0.6650049381539569,5,182.442,0.391611,-0.000442982,11775.9,0.0,5.1601,11.1978,17.5206,29.8452,44.4232,50.2867,53.1810,55.6155,57.3073,58.9631,60.5867,62.1810,64.3659,66.8025,71.2126,79.4915,41.2287,25.6795,11.8134
26.607,-4.6117463216039354e-07,0.0014027982309916785,0.6583445691340023,5,170.495,0.3917,-0.00103414,10975.2,0.0,5.1563,11.1770,17.4696,29.6983,40.8342,45.7677,48.2963,50.4598,51.9801,53.4801,54.9614,56.4253,58.4453,60.7149,64.8642,72.7754,84.8824,25.7254,11.8212
26.715,-1.5111770346631776e-07,0.00045966892433135326,0.6551547219174572,5,158.904,0.392263,-0.0014888,10191.0,0.0,5.1492,11.1520,17.4164,28.7731,37.3400,41.5375,43.7497,45.6700,47.0328,48.3872,49.7337,51.0726,52.9329,55.0385,58.9274,66.4610,78.2394,25.7699,11.8314
26.822,-4.9518249071843e-08,0.00015062431312489784,0.634482205675167,4,147.82,0.393164,-0.00169361,10531.8,0.0,5.1405,11.1289,17.3739,27.0682,34.0071,37.6052,39.5427,41.2452,42.4637,43.6831,44.9029,46.1229,47.8292,49.7748,53.4051,60.5534,71.9801,26.3664,11.8415
26.936,-1.6226139855861516e-08,4.935657492476652e-05,0.49755298873043274,4,137.237,0.394232,-0.00209486,9836.11,0.0,5.1294,11.0964,17.2573,25.0455,30.8023,33.9004,35.5976,37.1046,38.1914,39.2856,40.3868,41.4941,43.0529,44.8432,48.2183,54.9773,66.0331,29.0145,11.8553
27.045,-0.08399616190229088,1.6173162471347495e-05,0.10460694004443949,4,129.787,0.394815,0.00284874,9545.08,0.0,5.1498,11.2462,16.9296,23.3948,28.3014,31.0032,32.5023,33.8434,34.8165,35.8013,36.7971,37.8034,39.2273,40.8734,44.0056,50.3779,61.0315,75.3544,11.8018
27.155,-0.1977281459510733,5.299621878611147e-06,0.017581288413268947,3,127.875,0.381207,0.0559822,11569.4,0.0,5.5711,13.0728,19.1236,25.6344,30.4375,33.0547,34.5014,35.7927,36.7285,37.6748,38.6310,39.5964,40.9615,42.5387,45.5378,51.6366,61.8395,29.7134,11.1154
27.264,-0.13061925285999068,1.7365800971833008e-06,0.002954887143618112,3,126.016,0.334967,0.130154,11395.7,0.0,6.5251,15.7262,22.5725,29.4937,34.3984,37.0223,38.4603,39.7384,40.6617,41.5927,42.5307,43.4752,44.8077,46.3432,49.2491,55.1218,64.8749,22.3401,10.1596
27.374,-0.10131592263486291,5.69042566245024e-07,0.0004966278822278961,3,124.339,0.252369,0.186466,11250.9,0.0,7.5411,17.7867,24.9146,31.8380,36.6447,39.1947,40.5882,41.8246,42.7162,43.6143,44.5186,45.4286,46.7114,48.1874,50.9780,56.6074,65.9490,19.3109,9.3347
27.491,-0.09750108917164227,1.8646386810716946e-07,8.346824816604252e-05,3,122.794,0.151709,0.183883,11121.3,0.0,8.4675,19.1985,26.2412,32.9253,37.5266,39.9627,41.2929,42.4729,43.3241,44.1815,45.0447,45.9133,47.1379,48.5479,51.2143,56.6076,65.5550,17.4566,8.5861
27.596,-0.09583146446046882,6.110048030135728e-08,1.4028508469266768e-05,3,121.334,0.0508448,0.178123,10994.7,0.0,9.3408,20.3558,27.2335,33.6481,38.0387,40.3609,41.6286,42.7530,43.5644,44.3820,45.2052,46.0337,47.2017,48.5474,51.0974,56.2646,64.8185,15.8285,7.8551
27.703,-0.09443467597788494,2.0021405385148754e-08,2.357771418429666e-06,3,119.931,-0.0468559,0.170797,10867.5,0.0,10.1430,21.3025,27.9831,34.1290,38.3180,40.5318,41.7405,42.8126,43.5862,44.3660,45.1516,45.9429,47.0595,48.3474,50.7898,55.7313,63.8993,14.3465,7.1531
27.813,-0.09284347102580834,6.560614116605544e-09,3.96270642295474e-07,3,118.566,-0.139515,0.161977,10745.9,0.0,10.8594,22.0413,28.5031,34.3844,38.3807,40.4914,41.6446,42.6685,43.4077,44.1535,44.9053,45.6629,46.7317,47.9634,50.2980,55.0173,62.8117,13.0115,6.4920
27.923,-0.09087745777368414,2.1497820337293046e-09,6.660120685060034e-08,3,117.234,-0.226014,0.151459,10627.4,0.0,11.4833,22.5853,28.8141,34.4363,38.2484,40.2646,41.3676,42.3474,43.0545,43.7673,44.4855,45.2089,46.2299,47.4063,49.6335,54.1359,61.5707,11.8180,5.8778
28.034,-0.08841151989233942,7.044405768124186e-10,1.11936648353804e-08,3,115.937,-0.305395,0.139264,10511.7,0.0,12.0061,22.9322,28.9130,34.2787,37.9184,39.8451,40.8977,41.8321,42.5069,43.1871,43.8722,44.5618,45.5345,46.6560,48.7792,53.0705,60.2148,10.7779,5.3186
28.143,-0.1363241867964624,2.3083108820989333e-10,1.881319248882384e-09,3,114.639,-0.377485,0.130494,10392.5,0.0,12.4938,23.3083,29.0990,34.2655,37.7638,39.6108,40.6186,41.5124,42.1574,42.8075,43.4625,44.1215,45.0503,46.1201,48.1460,52.2361,19.9355,9.7294,4.7939
28.254,-0.16829093444573043,7.563873098461785e-11,3.1619332615966224e-10,3,113.273,-0.44658,0.137604,10264.7,0.0,13.1490,24.2749,30.0884,35.2158,38.6459,40.4447,41.4229,42.2886,42.9122,43.5401,44.1717,44.8064,45.6995,46.7262,48.6652,52.5725,13.8507,8.3253,4.2292
28.363,-0.17142693709942694,2.4785299369039573e-11,5.314261232765444e-11,3,111.85,-0.517932,0.152815,10132.4,0.0,13.9354,25.5833,31.5122,36.6331,40.0049,41.7579,42.7070,43.5449,44.1473,44.7528,45.3603,45.9697,46.8258,47.8077,49.6936,54.0447,10.3292,6.8543,3.6323
28.475,-0.13887166513348628,8.121646897246887e-12,8.931678853908884e-12,3,110.447,-0.593922,0.165025,10005.9,0.0,14.7249,26.7936,32.7513,37.7903,41.0623,42.7503,43.6610,44.4632,45.0390,45.6250,46.2299,46.8546,47.7645,48.8576,51.0761,14.0285,7.8864,5.5222,3.0257
28.582,-0.1153906608348568,2.66130125528986e-12,1.5011472649764664e-12,3,109.142,-0.67335,0.165387,9893.66,0.0,15.3651,27.4847,33.2959,38.1410,41.2601,42.8990,43.8374,44.7001,45.3416,46.0054,46.6925,47.4041,48.4438,49.6987,52.2645,9.3017,6.0961,4.3717,2.4287
28.696,-0.10398158240393618,8.720551953333813e-13,2.522978208245947e-13,3,107.933,-0.752482,0.15615,9789.01,0.0,15.8530,27.7360,33.2911,37.8803,40.9850,42.7788,43.8140,44.7690,45.4813,46.2203,46.9872,47.7838,48.9518,50.3681,11.6582,6.7046,4.5939,3.3254,1.8493
28.802,-0.09667929241546164,2.857550464068424e-13,4.240369474598964e-14,3,106.794,-0.826978,0.141399,9688.31,0.0,16.2130,27.6839,32.9337,37.3663,40.7142,42.6702,43.8050,44.8560,45.6424,46.4604,47.3120,48.1991,49.5049,51.0963,6.7909,4.6594,3.2557,2.3626,1.3048
28.916,-0.09138295455366525,0.0028234863282186363,7.12678897595848e-15,3,105.695,-0.893464,0.123825,9591.15,0.0,16.4618,27.4252,32.3598,36.9748,40.6001,42.7401,43.9891,45.1508,46.0233,46.9337,47.8846,48.8786,6.8174,5.2738,4.0486,2.9156,2.0562,1.4892,0.8129
29.023,-0.0860079484865044,0.044727637500030684,1.1977994231893421e-15,3,104.788,-0.949568,0.0997858,9536.25,0.0,16.5370,26.8456,31.6136,36.4794,40.3568,42.6691,44.0270,45.2954,46.2515,47.2525,4.2653,3.5039,2.9186,2.4948,1.9957,1.4556,1.0219,0.7330,0.3916
29.137,-0.07900891027957065,0.07712090499038504,2.013141490554327e-16,3,104.142,-0.991369,0.0744245,9501.91,0.0,16.4705,26.0847,30.9458,36.0847,40.2449,42.7543,1.7984,1.0954,0.8968,0.7660,0.6712,0.5987,0.5213,0.4550,0.3685,0.2682,0.1859,0.1315,0.0684
29.245,-0.07212333389292533,0.10917445080349937,3.3834869031746576e-17,3,103.677,-1.01995,0.0457354,9474.06,0.0,-1.0000,-1.0000,-1.0000,-1.0000,-1.0000,-1.0000,-1.0000,-1.0000,-1.0000,-1.0000,-1.0000,-1.0000,-1.0000,-1.0000,-1.0000,-1.0000,-1.0000,-1.0000,-1.0000
29.356,-0.06324196298357244,0.14204428599241567,5.686626438165646e-18,3,103.459,-1.03231,0.00982261,9481.6,0.0,-1.0000,-1.0000,-1.0000,-1.0000,-1.0000,-1.0000,-1.0000,-1.0000,-1.0000,-1.0000,-1.0000,-1.0000,-1.0000,-1.0000,-1.0000,-1.0000,-1.0000,-1.0000,-1.0000
29.463,-0.052539757175416237,0.18248200913399476,9.557513054625002e-19,3,103.433,-1.02434,-0.0328833,9500.11,0.0,-1.0000,-1.0000,-1.0000,-1.0000,-1.0000,-1.0000,-1.0000,-1.0000,-1.0000,-1.0000,-1.0000,-1.0000,-1.0000,-1.0000,-1.0000,-1.0000,-1.0000,-1.0000,-1.0000
29.573,-0.039437442857620075,0.29687067545615237,1.6063312190908244e-19,3,103.903,-0.992333,-0.0840499,9590.37,0.0,14.6088,22.6072,27.8323,33.7126,38.7735,41.9678,43.9096,45.7699,47.2027,48.7319,50.3675,52.1208,54.7983,58.2274,66.0062,90.3143,0.3798,0.1892,0.0713
29.683,-0.02373148194891541,0.42488883098034697,2.6997608799259486e-20,3,105.171,-0.931189,-0.143446,9774.6,0.0,13.7521,21.4849,26.5874,32.3834,37.4183,40.6189,42.5731,44.4515,45.9023,47.4548,49.1199,50.9101,53.6545,57.1882,65.2835,91.3149,174.8440,2.6112,0.6953
29.798,-0.005312733353561616,0.5139953123700151,4.537488110891542e-21,3,107.055,-0.835573,-0.211225,10036.8,0.0,12.8626,20.2009,25.0692,30.6276,35.4814,38.5791,40.4752,42.3011,43.7137,45.2275,46.8536,48.6048,51.2955,54.7705,62.7771,88.9601,173.0080,11.3019,1.8703
29.903,0.014072542819285012,0.5694182652074065,7.626156267975415e-22,3,109.346,-0.705079,-0.247677,10311.5,0.0,11.9114,18.6882,23.1793,28.3020,32.7707,35.6205,37.3640,39.0424,40.3404,41.7310,43.2243,44.8321,47.3012,50.4882,57.8229,81.7294,165.8190,21.1068,3.4549
30.015,0.023778299023902223,0.6018728755806629,1.281728083958628e-22,3,111.896,-0.565452,-0.254079,10559.9,0.0,10.8947,16.9919,21.0082,25.5628,29.5129,32.0206,33.5506,35.0203,36.1550,37.3685,38.6694,40.0673,42.2089,44.9637,51.2635,71.4148,153.8370,33.6613,5.1459
30.124,-0.04145110380341023,0.6229401960577715,2.1542003907092664e-23,3,114.56,-0.419684,-0.256517,10822.4,0.0,9.8661,15.3533,18.9596,23.0404,26.5719,28.8102,30.1743,31.4838,32.4940,33.5738,34.7307,35.9729,37.8742,40.3169,45.8899,63.5966,144.2170,46.4095,6.9007
30.235,-0.11731861441066081,0.6411721157098356,3.620564596665064e-24,3,117.247,-0.276019,-0.229627,11111.9,0.0,9.0126,14.3848,18.0104,22.2182,25.9542,28.3694,29.8598,31.3039,32.4270,33.6363,34.9422,36.3563,38.5452,41.4016,48.1110,71.3875,158.7900,42.6671,8.2333
30.344,-0.06608688548945252,0.6608632241882989,6.085082917614973e-25,3,119.982,-0.146002,-0.190479,11392.8,0.0,8.3024,13.7880,17.6605,22.3550,26.7172,29.6406,31.4871,33.3080,34.7465,36.3177,38.0408,39.9388,42.9438,46.9934,57.1224,100.7430,180.0320,36.4268,9.1428
30.457,-0.021571609493144732,0.6802358800520217,1.0227198859635488e-25,3,122.894,-0.0295761,-0.172888,11647.0,0.0,7.5500,12.7800,16.5579,21.2431,25.7045,28.7546,30.7067,32.6514,34.2018,35.9096,37.7999,39.9035,43.2812,47.9262,60.0379,115.9390,185.1680,36.8378,10.1275
30.562,-0.03427188340665116,0.6997210291129464,1.718885312338937e-26,3,125.904,0.0801376,-0.165853,11937.1,0.0,6.7791,11.5657,15.0573,19.4296,23.6376,26.5399,28.4083,30.2782,31.7752,33.4305,35.2706,37.3280,40.6532,45.2703,57.5558,115.4540,183.1700,39.2775,11.1610
30.675,-0.1596514736956172,0.7156440360384803,2.8889305444480515e-27,3,128.878,0.181656,-0.133909,12272.5,0.0,6.1748,10.9383,14.5854,19.3850,24.2693,27.8017,30.1507,32.5634,34.5409,36.7771,39.3261,42.2581,47.1898,54.4638,76.6581,137.3060,93.9573,36.0961,11.6924
30.784,-0.07125407305157985,0.7254485346040892,4.85542556605384e-28,3,131.815,0.261966,-0.0837346,12578.1,0.0,5.7978,10.9743,15.3229,21.6585,28.9529,34.8612,39.1315,43.8370,47.9608,52.9457,59.0919,66.8582,81.9466,103.6990,128.9340,166.8240,60.3936,30.8615,11.7303
30.894,-0.023348534657541685,0.7380096476940678,8.160513748866689e-29,3,134.957,0.320675,-0.0623041,12821.5,0.0,5.4363,10.6198,15.1854,22.2204,30.9409,38.5471,44.3785,51.1585,57.4311,65.4625,76.1122,90.5553,105.8070,118.9180,139.4660,174.4410,54.0503,29.7824,11.9752
31.005,-0.007650847836583259,0.7681755345595171,1.3715375457720245e-29,3,138.228,0.366531,-0.0556642,13133.8,0.0,5.0994,10.0639,14.5064,21.4855,30.3705,38.3400,44.5941,52.0286,59.0680,68.3164,81.0057,94.0112,106.7540,118.8100,138.4030,172.4930,53.5300,30.0932,12.2987
31.115,-0.0025070298190916023,0.8202740482269626,2.3051431531790415e-30,3,141.756,0.407384,-0.0535066,13519.6,0.0,4.7797,9.4650,13.6796,20.3441,28.9064,36.6615,42.7978,50.1506,57.1719,66.4851,79.4278,91.1560,103.2440,114.9040,134.0540,167.6530,54.3735,30.7586,12.6359
31.224,-0.024044934570557435,0.868956689185511,3.8742540975480144e-31,3,145.606,0.446331,-0.048332,13939.3,0.0,4.4865,8.9574,13.0313,19.5781,28.1836,36.1735,42.6317,50.5343,58.2527,68.7600,81.6644,91.1842,102.1430,113.1320,131.5710,164.4330,54.0983,31.0475,12.9114
31.337,-0.00787904416008026,0.9100222337716832,6.511458861748947e-32,3,149.729,0.481598,-0.040682,14378.8,0.0,4.2302,8.5509,12.5662,19.1840,28.2071,36.9340,44.2483,53.5332,62.9784,75.3136,84.8425,92.7671,102.6080,112.8530,130.4630,162.4460,52.9275,30.9910,13.1161
31.444,-0.0025818051903750993,0.9491007886873052,1.0943808908941456e-32,3,154.124,0.51374,-0.0378325,14839.7,0.0,3.9784,8.0797,11.9201,18.3122,27.1558,35.8530,43.2540,52.7992,62.6862,73.8157,82.2866,89.6539,98.9995,108.8590,125.9860,157.4020,53.1865,31.3650,13.3594
31.555,-0.0008460059247821126,0.9773124968276812,1.8393259633257904e-33,4,155.914,0.544325,-0.0369934,11562.5,0.0,3.7311,7.5879,11.2076,17.2500,25.6469,33.9468,41.0428,50.2400,59.8206,69.8422,77.7464,84.7575,93.7514,103.3170,120.0510,150.9850,53.9997,31.9102,13.6170
31.664,-0.0679517420292826,0.9899857511479945,3.091355146561656e-34,4,159.093,0.571379,-0.0214075,12271.7,0.0,3.5615,7.4385,11.2399,17.9730,28.2315,39.5681,50.3707,63.5170,71.1421,77.9370,84.2543,90.2558,98.2886,107.0940,122.8810,152.7950,50.4386,30.8867,13.6284
31.773,-0.022266426828155324,0.9951263668736748,5.195640594826177e-35,4,162.595,0.58546,-0.000628829,12547.2,0.0,3.5153,7.6258,11.9277,20.3051,35.3382,55.4395,66.8227,75.5139,81.3487,86.9751,92.4446,97.7903,105.1100,113.2880,128.2180,158.2570,45.8896,29.2724,13.4615
31.886,-0.007296262743049937,0.9968108438346657,8.732313147724357e-36,4,166.122,0.587727,0.00631112,12802.9,0.0,3.5205,7.7399,12.2619,21.3977,38.9799,58.5347,67.8283,75.4973,80.8032,86.0031,91.1171,96.1607,103.1230,110.9640,125.4010,155.1630,44.4989,28.7346,13.3881
31.997,-0.0023908393756426035,0.9973628132452432,1.4676398707380327e-36,4,169.633,0.583643,0.00833488,13062.1,0.0,3.5627,7.8638,12.5062,21.9921,40.6601,57.0438,65.2018,72.1715,77.0800,81.9421,86.7643,91.5528,98.2070,105.7500,119.7430,148.6480,44.0152,28.4967,13.3270
32.104,-0.0007834302466105683,0.9975436825817012,2.4666623307494113e-37,4,173.131,0.576946,0.00895751,13309.4,0.0,3.6223,8.0052,12.7463,22.4682,40.9255,54.3752,61.6016,67.9401,72.4714,77.0040,81.5367,86.0686,92.4086,99.6457,113.1790,141.0550,44.1663,28.3263,13.2626
32.213,-0.03652994340176935,0.9997789166427468,4.1457193792905366e-38,4,176.585,0.567358,0.0185223,13574.6,0.0,3.7410,8.4281,13.6797,25.0891,43.9391,55.6118,62.1219,67.9305,72.1305,76.3652,80.6288,84.9163,90.9507,97.8831,110.9460,138.7280,42.7118,27.4154,13.0598
32.324,-0.011970131853891782,1.0,6.967710560773607e-39,4,180.024,0.548502,0.0306057,13824.9,0.0,3.9539,9.1371,15.2291,29.2629,46.6006,57.1755,63.1728,68.5779,72.5147,76.5050,80.5419,84.6198,90.3863,97.0450,109.6730,137.9270,40.8940,26.2199,12.7551
32.432,-0.003922372805883259,1.0,1.17106311394922e-39,4,183.449,0.521305,0.0342829,14070.2,0.0,4.2086,9.8037,16.4819,30.2450,45.2854,54.7115,60.1567,65.1214,68.7667,72.4857,76.2704,80.1143,85.5816,91.9349,104.0830,131.4530,41.3462,25.6256,12.4880
32.544,-0.007513889234313076,1.0,1.968205775614454e-40,4,186.84,0.489694,0.0355827,14322.0,0.0,4.4928,10.4956,17.5621,29.8324,42.8242,51.1480,56.0389,60.5482,63.8875,67.3182,70.8321,74.4217,79.5620,85.5797,97.1972,123.2240,43.4245,25.4493,12.2137
32.654,-0.022595559663499708,1.0,3.307963447075213e-41,4,190.185,0.452152,0.0490671,14571.7,0.0,4.8946,11.7176,19.1703,31.1853,43.4872,51.3394,55.9664,60.2444,63.4216,66.6935,70.0533,73.4941,78.4357,84.2417,95.5060,122.2830,42.6619,24.6280,11.7593
32.764,-0.007404112990535586,1.0,5.5596941654993096e-42,4,193.515,0.404114,0.0565557,14807.2,0.0,5.3583,12.4847,19.7350,30.8518,42.0366,49.2179,53.4812,57.4460,60.4061,63.4670,66.6223,69.8672,74.5495,80.0816,90.8952,117.3400,44.8367,24.4560,11.3726
32.872,-0.002426179744738701,1.0,9.344177983954691e-43,4,196.817,0.353602,0.0439197,15044.5,0.0,5.6933,12.6858,19.3628,29.1700,38.9395,45.2814,49.0859,52.6538,55.3353,58.1240,61.0165,64.0078,68.3534,73.5289,83.7581,108.5860,54.8233,25.0784,11.1650
32.984,-0.09850379066183097,1.0,1.5704759937632654e-43,5,196.953,0.31632,0.0473495,13509.6,0.0,6.0407,13.4984,20.5908,30.8862,40.9814,47.4633,51.3300,54.9443,57.6535,60.4670,63.3796,66.3869,70.7494,75.9347,86.2078,115.8120,47.9500,24.0063,10.8173
33.102,-0.025822177699255024,1.0,1.847649301902544e-44,5,199.77,0.270696,0.0546379,13676.0,0.0,6.4902,14.6360,22.3901,33.5105,44.1974,50.9532,54.9518,58.6704,61.4473,64.3224,67.2901,70.3478,74.7695,80.0764,92.2299,132.8010,41.3001,22.5222,10.3652
33.204,-0.008461411188491886,1.0,3.1053441817076067e-45,5,202.172,0.233637,0.0392114,13824.6,0.0,6.7062,14.6626,21.9364,32.1158,41.8528,48.0495,51.7399,55.1895,57.7766,60.4643,63.2495,66.1291,70.3127,75.4183,87.2883,127.7510,46.4810,22.9131,10.2095
33.323,-0.15570569554142727,1.0,3.653406376337183e-46,5,204.95,0.20254,0.0326626,14023.9,0.0,6.9285,14.9411,22.1199,32.0170,41.4137,47.3906,50.9542,54.2883,56.7920,59.3963,62.0978,64.8947,69.1238,74.7008,88.0684,137.5680,48.5118,22.7616,10.0130
33.423,-0.08579060412861489,1.0,6.140280096709903e-47,5,206.912,0.170024,0.0677006,14207.8,0.0,7.4812,17.1165,26.2348,38.9209,50.6239,57.8209,62.0959,66.3755,69.8191,73.6446,77.9210,82.7307,90.5695,101.5870,131.6950,200.0000,32.9144,19.7369,9.4194
33.525,-0.02811186516086453,1.0,1.0319968758540334e-47,5,209.15,0.122106,0.0686844,14305.3,0.0,7.9162,18.0593,27.5369,40.5127,52.3205,59.9210,64.9609,70.1337,74.3703,79.1583,84.6123,90.8811,101.4120,116.9170,164.0170,200.0000,30.8811,18.7958,9.0215
33.644,-0.13752046634122966,1.0,1.214134004473512e-48,5,211.844,0.0610911,0.0613055,14481.8,0.0,8.3915,18.7828,28.2068,40.8394,52.5670,61.1473,66.9988,73.1343,78.2605,84.1667,91.0447,99.1556,113.2990,135.3970,200.0000,200.0000,29.9826,18.0645,8.5841
33.763,-0.055786379370155306,1.0,1.428416514923042e-49,5,214.235,-0.0108897,0.0896712,14666.7,0.0,9.3129,21.7907,33.3789,49.5169,69.3957,86.9431,100.5290,116.4740,131.3690,150.6460,176.5680,200.0000,200.0000,200.0000,200.0000,48.7525,23.5332,15.4757,7.7957
33.884,-0.014624064633609995,1.0,1.68051774564181e-50,5,216.915,-0.0957438,0.0768214,14805.5,0.0,9.9380,22.5266,33.7429,51.0883,74.2929,96.2597,114.3220,136.8040,159.1790,190.3220,200.0000,200.0000,200.0000,200.0000,139.4730,45.4153,22.4662,14.5465,7.2027
34.005,-0.11928497674320807,1.0,1.9771123225701334e-51,5,219.442,-0.174957,0.0799083,15002.1,0.0,10.6803,24.1573,36.9843,60.4725,98.3333,143.3780,189.8080,200.0000,200.0000,200.0000,200.0000,200.0000,200.0000,126.6020,67.8679,35.2479,19.8580,13.0855,6.5492
34.124,-0.03126984094337154,1.0,2.3260528763805363e-52,6,219.389,-0.263234,0.0925688,13709.7,0.0,11.6304,27.1328,44.9017,85.9338,191.9850,200.0000,200.0000,200.0000,200.0000,141.0290,107.0440,86.2637,67.8363,54.5330,39.8876,25.9878,16.5126,11.2444,5.7801
34.224,-0.010246501480323985,1.0,3.909397069332768e-53,6,221.221,-0.339203,0.0753296,13802.4,0.0,12.0834,28.1474,47.2816,93.6815,200.0000,200.0000,200.0000,200.0000,148.5590,110.3640,87.7976,72.8975,58.9087,48.3208,36.1560,24.0833,15.5380,10.4789,5.2590
34.345,-0.0026860588840580514,1.0,4.5993665580993074e-54,6,223.402,-0.412038,0.0482933,13937.1,0.0,12.4629,29.1202,49.1197,98.2987,200.0000,200.0000,200.0000,191.4510,130.1970,98.3519,79.0282,66.0550,53.7168,44.2738,33.3121,22.3129,14.4535,9.7675,4.7922
34.464,0.002893967815053736,1.0,5.411108761938255e-55,6,225.559,-0.459372,0.0360441,14076.2,0.0,12.8548,30.0608,50.7526,101.7900,200.0000,200.0000,199.3880,174.4920,118.7580,90.0140,72.4771,60.6630,49.3970,40.7544,30.7002,20.5878,13.3474,9.0248,4.4306
34.582,0.011076967342429448,1.0,6.366115347332736e-56,6,227.693,-0.500932,0.0264308,14211.1,0.0,13.0862,29.9720,49.4843,94.2046,200.0000,200.0000,197.7050,188.6790,169.1440,113.3060,85.1890,68.2564,53.4030,42.7731,31.1608,20.2246,12.8136,8.5447,4.1271
34.703,0.002903760527013825,1.0,7.489671044983491e-57,6,229.82,-0.534721,0.0228992,14334.0,0.0,13.3313,30.3072,49.6512,92.9094,200.0000,198.1780,191.4060,183.4310,174.0970,121.9220,88.2867,69.2010,53.1287,41.9906,30.1543,19.3110,12.1243,8.0421,3.8606
34.803,0.0009515042494918902,1.0,1.2587890125303758e-57,6,231.569,-0.559787,0.0223833,14441.3,0.0,13.5417,30.7524,50.3246,93.9402,200.0000,191.3700,184.7140,176.9170,167.9390,118.0120,84.9149,66.3203,50.7642,40.0385,28.6890,18.3354,11.4962,7.6195,3.6545
34.923,0.007974958547947553,1.0,1.4809526853518621e-58,6,233.653,-0.588861,0.0219478,14561.3,0.0,13.7878,31.2830,51.1449,95.2769,192.3900,183.0400,176.5060,168.8860,160.1950,112.4040,80.4324,62.6243,47.8110,37.6420,26.9210,17.1758,10.7568,7.1246,3.4145
35.024,0.004885220284191453,1.0,2.4890371782708748e-59,6,235.373,-0.611271,0.0176975,14652.9,0.0,13.9206,31.3086,50.7302,92.7033,186.4420,177.5990,171.5660,164.8310,158.1470,131.7990,88.2770,66.3671,49.2578,38.0533,26.6865,16.7297,10.3574,6.8148,3.2416
35.124,0.0016007889827238553,1.0,4.1833247855198594e-60,6,237.06,-0.630881,0.0162424,14756.3,0.0,14.0688,31.5483,50.9657,92.5474,179.5810,170.9580,165.1310,158.7110,152.5280,136.3600,88.7075,65.7393,48.2542,37.0107,25.7677,16.0517,9.8972,6.4970,3.0824
35.243,0.014954017747587162,1.0,4.9216397769162594e-61,6,239.053,-0.651667,0.0111214,14877.6,0.0,14.1734,31.4571,50.2993,89.4214,172.1950,164.1090,158.7710,153.0940,148.0020,140.8200,105.3070,73.1515,51.2497,38.1893,25.8515,15.7261,9.5531,6.2191,2.9234
35.348,0.004900132535529361,1.0,8.271799973063157e-62,6,240.69,-0.663307,0.00617439,14975.6,0.0,14.2016,31.2139,49.4374,86.2274,166.1170,158.4920,153.5550,148.4360,144.0410,138.4820,129.0630,85.5077,56.3704,40.5760,26.6110,15.7831,9.4423,6.0958,2.8395
35.465,0.0012845403433938089,1.0,9.731689950309076e-63,6,242.625,-0.672047,0.00480482,15092.5,0.0,14.2565,31.2511,49.3692,85.6736,157.5270,150.1350,145.3960,140.5340,136.4180,131.3500,123.8430,88.4116,57.0873,40.6393,26.3950,15.5383,9.2551,5.9608,2.7695
35.585,0.0003367345437786266,1.0,1.1449235909639129e-63,6,244.524,-0.67871,0.00447109,15207.9,0.0,14.3084,31.3448,49.4863,85.7722,148.5770,141.3660,136.7790,132.1070,128.1890,123.4330,116.7320,87.9339,56.4738,40.0896,25.9747,15.2625,9.0810,5.8453,2.7141
35.703,8.827294024430429e-05,1.0,1.346991155533134e-64,6,246.385,-0.684937,0.00452167,15321.4,0.0,14.3622,31.4658,49.6820,86.1272,139.4230,132.3870,127.9440,123.4480,119.7060,115.2170,109.1020,86.0310,55.2976,39.2714,25.4540,14.9607,8.9029,5.7312,2.6614
35.823,2.3140221647402908e-05,1.0,1.5847216245731768e-65,6,248.206,-0.691177,0.00452581,15433.5,0.0,14.4155,31.5827,49.8670,86.4492,130.1680,123.3250,119.0380,114.7320,111.1790,106.9700,101.4260,84.3114,54.1957,38.4902,24.9485,14.6639,8.7264,5.6176,2.6087
35.924,7.5825878294209845e-06,0.9991474609375,2.6634416344201385e-66,6,249.702,-0.696388,0.00452617,15523.3,0.0,14.4599,31.6800,50.0207,86.7314,122.3670,115.6980,111.5510,107.4130,104.0230,100.0540,94.9646,82.8875,53.2807,37.8405,24.5274,14.4165,8.5792,5.5228,2.5646
36.043,1.9877299039557346e-06,0.4358581119999999,0.062351989746093746,6,250.22,-0.702712,0.00452617,15356.6,0.0,14.5138,31.7981,50.2072,123.2990,112.9050,106.4640,102.4950,98.5688,95.3852,91.7094,87.1418,79.6165,52.1709,37.0523,24.0165,14.1162,8.4005,5.4078,2.5112
36.164,5.21071467942572e-07,0.11425758891212798,0.6727871539260865,6,241.339,-0.70892,0.00455123,14495.3,0.0,14.5671,31.9164,50.3963,113.6640,103.5130,97.3160,93.5358,89.8301,86.8576,83.4748,79.3945,73.5569,51.0440,36.2597,23.5071,13.8187,8.2241,5.2945,2.4587
36.282,1.3659575889233757e-07,0.029951941387780873,0.8228866578082853,6,225.615,-0.714917,0.00508037,13412.2,0.0,14.6260,32.0785,50.7023,104.3600,94.4527,88.4906,84.8892,81.3893,78.6093,75.4854,71.8046,66.9188,49.2314,35.1272,22.8604,13.4780,8.0351,5.1776,2.4068
36.383,4.4759698273841174e-08,0.009814652153948037,0.8231514045719791,6,212.048,-0.719932,0.00563422,12553.9,0.0,14.6770,32.2250,50.9868,97.0018,87.3083,81.5444,78.0913,74.7606,72.1371,69.2193,65.8436,61.5713,47.6070,34.1217,22.2937,13.1838,7.8737,5.0784,2.3632
36.504,1.1733486344297819e-08,0.002572852174244554,0.7993217381041792,6,196.333,-0.726044,0.00613263,11582.6,0.0,14.7366,32.3873,51.4361,88.6970,79.2805,73.7657,70.4962,67.3728,64.9390,62.2680,59.2456,55.6061,45.9201,33.0431,21.6644,12.8463,7.6844,4.9606,2.3105
36.624,3.0758630442396076e-09,0.0006744577603651644,0.7593911681961258,6,181.483,-0.73222,0.00652796,10687.9,0.0,14.7953,32.5413,93.3585,80.9284,71.8069,66.5477,63.4647,60.5493,58.3030,55.8711,53.1772,50.0656,43.8721,32.0437,21.0665,12.5183,7.4976,4.8433,2.2575
36.724,1.0078988023364347e-09,0.00022100631891645712,0.7095277591672874,6,169.932,-0.737312,0.00680599,9998.51,0.0,14.8429,32.6639,87.1340,74.8360,65.9719,60.9294,58.0031,55.2602,53.1670,50.9267,48.4864,45.7495,40.9040,31.2614,20.5911,12.2540,7.3457,4.7474,2.2140
36.824,3.302682795496029e-10,7.241935058254467e-05,0.6429176339500429,5,159.306,-0.742277,0.00681102,10223.0,0.0,14.8854,32.7577,81.2412,69.1031,60.5108,55.6926,52.9262,50.3577,48.4171,46.3642,44.1643,41.7607,37.8089,30.6674,20.2006,12.0219,7.2067,4.6576,2.1721
36.943,8.657784787425111e-11,1.8984298239110593e-05,0.1113141076376091,5,148.854,-0.748064,0.00737244,9864.47,0.0,14.9434,33.3037,74.4447,62.5064,54.2406,49.6879,47.1072,44.7394,42.9708,41.1246,39.1804,37.1097,33.8937,29.2899,19.6036,11.7013,7.0269,4.5458,2.1222
37.063,0.04853702020463479,4.9766198775934075e-06,0.013095993449457072,4,145.809,-0.751819,-0.00309592,10763.8,0.0,14.8189,34.1677,69.1817,57.7012,49.9549,45.7877,43.4684,41.3736,39.8356,38.2569,36.6326,34.9548,32.4932,29.4589,22.3359,12.5348,7.2680,4.6153,2.1124
37.164,0.06822969485821731,1.630738801489808e-06,0.00220104361905025,4,144.615,-0.745357,-0.0272898,10682.2,0.0,14.4217,33.3455,66.6151,55.7670,48.6036,44.8272,42.7567,40.9102,39.5712,38.2137,36.8374,35.4414,33.4494,31.1154,26.5261,16.1267,8.4345,5.0988,2.2222
37.284,0.0731093162291822,4.274883923777442e-07,0.0002589505807376429,4,143.019,-0.71624,-0.0669831,10565.1,0.0,13.6779,30.8837,64.6140,54.5757,48.0805,44.7161,42.8934,41.2830,40.1248,38.9607,37.7906,36.6149,34.9618,33.0627,29.4867,22.3802,11.9920,6.5095,2.5867
37.404,0.07466644176353772,1.1206351713147137e-07,3.046527687320295e-05,3,141.659,-0.658377,-0.104696,12840.9,0.0,12.8038,29.3547,62.2317,52.8782,46.9276,43.8851,42.2499,40.8140,39.7860,38.7575,37.7290,36.7006,35.2634,33.6277,30.5912,24.7515,16.4040,9.1110,3.2570
37.504,0.08673655653553697,3.672097329364054e-08,5.120299084079219e-06,3,140.016,-0.5879,-0.139329,12675.6,0.0,11.9695,27.9137,60.4651,51.6462,46.1009,43.2878,41.7832,40.4658,39.5256,38.5869,37.6504,36.7164,35.4147,33.9388,31.2145,26.0257,18.6126,11.6422,4.1070
37.624,0.10477488754356587,9.626182823088105e-09,6.023980669428361e-07,3,138.031,-0.474436,-0.188214,12490.6,0.0,10.9804,25.3632,58.9220,50.7109,45.6056,43.0316,41.6591,40.4605,39.6063,38.7544,37.9059,37.0612,35.8855,34.5544,32.1046,27.4477,20.7272,14.0206,5.4383
37.744,0.12083994164169397,0.0009411646328210699,7.087153017775773e-08,3,136.01,-0.342013,-0.193474,12308.6,0.0,9.9970,22.2530,57.9887,50.3039,45.5947,43.2275,41.9662,40.8659,40.0824,39.3014,38.5232,37.7487,36.6718,35.4525,33.2071,28.9276,22.6597,16.1096,6.7095
37.863,0.1517639265558284,0.040821800349006246,8.337964653883018e-09,3,134.089,-0.214466,-0.194514,12164.3,0.0,9.0205,19.2021,57.4570,50.1662,45.7970,43.6117,42.4483,41.4325,40.7093,39.9885,39.2704,38.5552,37.5598,36.4325,34.3537,30.3727,24.4544,18.0295,7.9318
37.964,0.16438562741598767,0.09546539964773736,1.401361719378119e-09,3,132.718,-0.110129,-0.199021,12088.4,0.0,8.2024,16.7580,57.3606,50.2966,46.1367,44.0781,42.9851,42.0321,41.3536,40.6773,40.0034,39.3320,38.3968,37.3361,35.3773,31.6078,25.9313,19.5928,8.9487
38.084,0.14688983975339448,0.21692938875650647,1.6486880492311632e-10,3,131.716,0.0143534,-0.201296,12128.6,0.0,7.2541,14.3184,57.1061,50.2258,46.2396,44.2881,43.2588,42.3646,41.7299,41.0987,40.4709,39.8461,38.9767,37.9915,36.1708,32.6539,27.2964,21.1531,10.1076
38.204,0.10978954917004745,0.3745602994049356,1.9396650030399712e-11,3,131.915,0.135513,-0.179314,12244.0,0.0,6.4578,13.0696,55.0849,48.4092,44.5982,42.7503,41.7803,40.9409,40.3470,39.7577,39.1726,38.5920,37.7869,36.8784,35.2080,32.0010,27.1276,21.4989,10.9084
38.304,0.09561955322345325,0.4599234325808843,3.2599949706092802e-12,3,132.872,0.226812,-0.150312,12383.5,0.0,5.9031,12.5780,52.7229,46.2424,42.5882,40.8291,39.9104,39.1175,38.5572,38.0023,37.4527,36.9086,36.1564,35.3093,33.7587,30.8099,26.3671,21.2387,11.3319
38.424,0.0853669477935765,0.5191822034667333,3.8353514829721127e-13,3,134.528,0.315506,-0.109437,12566.9,0.0,5.4059,12.7587,49.6059,43.3679,39.9026,38.2503,37.3908,36.6514,36.1306,35.6161,35.1077,34.6051,33.9117,33.1338,31.7182,29.0515,25.0927,20.5515,11.5788
38.543,0.11287084981082351,0.5583317225924583,4.512252666201862e-14,3,136.487,0.374946,-0.0668882,12775.6,0.0,5.1358,14.8778,46.5461,40.5292,37.2361,35.6792,34.8735,34.1828,33.6972,33.2182,32.7457,32.2799,31.6389,30.9224,29.6235,27.1991,23.6515,19.6301,11.5784
38.663,0.11438186624124978,0.5699729978060274,5.30862013925983e-15,3,138.526,0.403198,-0.0262467,12980.8,0.0,5.1174,53.2599,43.8333,37.9792,34.8212,33.3411,32.5784,31.9260,31.4685,31.0181,30.5748,30.1387,29.5400,28.8720,27.6662,25.4341,22.2086,18.6056,11.3827
38.763,0.10514061608173038,0.5741766757492041,8.922197868053999e-16,3,140.238,0.401186,0.0121737,13124.4,0.0,5.3795,50.7306,41.3720,35.6598,32.6173,31.2016,30.4748,29.8549,29.4213,28.9949,28.5759,28.1641,27.5996,26.9717,25.8430,23.7657,20.7959,17.5192,11.0148
38.863,0.11797435879431298,0.5741777814688741,1.4995537956838357e-16,3,141.939,0.372667,0.0556695,13255.2,0.0,5.9954,47.9297,38.6596,33.1081,30.1927,28.8475,28.1596,27.5741,27.1653,26.7642,26.3707,25.9848,25.4570,24.8713,23.8214,21.9034,19.1898,16.2333,10.4531
38.964,0.1423808844016365,0.5696590598067206,2.520300064405823e-17,3,143.512,0.315843,0.0959228,13405.5,0.0,6.9996,45.5275,36.2480,30.7978,27.9761,26.6842,26.0265,25.4684,25.0796,24.6987,24.3256,23.9602,23.4614,22.9092,21.9238,20.1353,17.6323,14.9393,9.7678
39.084,0.13870569162680352,0.5555756162927229,2.965107822772807e-18,3,145.249,0.210935,0.141487,13580.4,0.0,8.7968,42.7287,33.3704,28.0111,25.2889,24.0562,23.4321,22.9042,22.5373,22.1787,21.8283,21.4860,21.0200,20.5059,19.5926,17.9490,15.6811,13.2808,8.7789
39.203,0.13261748065364648,0.3346177331074395,3.4884197024139807e-19,3,146.387,0.0683161,0.183076,13519.5,0.0,11.4732,39.2689,29.9046,24.7134,22.1390,20.9887,20.4099,19.9226,19.5852,19.2563,18.9359,18.6237,18.1998,17.7337,16.9104,15.4445,13.4519,11.3808,7.5910
39.304,0.158941426291208,0.10964753878464575,5.862986993847178e-20,3,145.563,-0.0738074,0.20648,13262.5,0.0,14.2554,36.5905,27.1082,22.0141,19.5470,18.4596,17.9161,17.4603,17.1456,16.8397,16.5423,16.2533,15.8624,15.4343,14.6822,13.3555,11.5788,9.7630,6.5174
39.425,0.20321125691135625,0.02874344440716218,6.897745568391268e-21,3,143.437,-0.259343,0.20831,12989.1,0.0,17.2490,34.9669,24.7861,19.5121,17.0398,15.9704,15.4410,14.9998,14.6968,14.4035,14.1196,13.8448,13.4746,13.0714,12.3688,11.1481,9.5517,7.9636,5.2287
39.543,0.2614636681979424,0.0075349214906711235,8.115128683756641e-22,3,140.75,-0.447037,0.189564,12702.7,0.0,19.2386,34.9613,23.3576,17.5342,14.9102,13.8041,13.2640,12.8179,12.5137,12.2207,11.9386,11.6670,11.3036,10.9110,10.2351,9.0865,7.6330,6.2424,3.9653
39.644,0.3010246159355158,0.0024690430740631135,1.3639096778789787e-22,3,138.228,-0.597041,0.162938,12449.1,0.0,20.0716,36.3235,22.8427,16.1674,13.2744,12.0918,11.5234,11.0586,10.7443,10.4439,10.1567,9.8821,9.5179,9.1285,8.4680,7.3743,6.0449,4.8307,2.9504
39.763,0.33522806329446236,0.0006472448276072008,1.6046260969278397e-23,3,134.959,-0.763037,0.123927,12132.3,0.0,20.4294,39.7482,23.1191,14.6879,11.2089,9.8621,9.2356,8.7347,8.4019,8.0884,7.7930,7.5145,7.1511,6.7703,6.1433,5.1587,4.0496,3.1143,1.7916
39.864,0.35128713630906183,0.00021208918511032756,2.6968950811066197e-24,3,132.132,-0.886421,0.0893823,11858.3,0.0,20.4662,44.0409,24.2359,13.3558,8.9432,7.3698,6.6788,6.1478,5.8062,5.4934,5.2063,4.9429,4.6095,4.2730,3.7462,2.9851,2.2167,1.6324,0.8853
39.983,0.3254549291901557,5.559790734156171e-05,3.1728700939711272e-25,3,128.695,-1.02012,0.0465826,11531.3,0.0,-1.0000,-1.0000,-1.0000,-1.0000,-1.0000,-1.0000,-1.0000,-1.0000,-1.0000,-1.0000,-1.0000,-1.0000,-1.0000,-1.0000,-1.0000,-1.0000,-1.0000,-1.0000,-1.0000
40.084,0.2537063380214653,1.821832227768294e-05,5.332642766937274e-26,3,125.67,-1.11492,0.0100149,11213.1,0.0,-1.0000,-1.0000,-1.0000,-1.0000,-1.0000,-1.0000,-1.0000,-1.0000,-1.0000,-1.0000,-1.0000,-1.0000,-1.0000,-1.0000,-1.0000,-1.0000,-1.0000,-1.0000,-1.0000
40.204,0.08501420993439524,4.775823875160916e-06,6.273800888874033e-27,3,121.952,-1.22014,-0.036204,10873.2,0.0,-1.0000,-1.0000,-1.0000,-1.0000,-1.0000,-1.0000,-1.0000,-1.0000,-1.0000,-1.0000,-1.0000,-1.0000,-1.0000,-1.0000,-1.0000,-1.0000,-1.0000,-1.0000,-1.0000
40.305,0.027857456311302636,1.564941967412729e-06,1.054437715393059e-27,3,119.352,-1.29718,-0.0579302,10563.5,0.0,-1.0000,-1.0000,-1.0000,-1.0000,-1.0000,-1.0000,-1.0000,-1.0000,-1.0000,-1.0000,-1.0000,-1.0000,-1.0000,-1.0000,-1.0000,-1.0000,-1.0000,-1.0000,-1.0000
40.405,0.009128331284087647,5.128001838818031e-07,1.7721934682611149e-28,3,116.525,-1.36768,-0.0823393,10197.8,0.0,-1.0000,-1.0000,-1.0000,-1.0000,-1.0000,-1.0000,-1.0000,-1.0000,-1.0000,-1.0000,-1.0000,-1.0000,-1.0000,-1.0000,-1.0000,-1.0000,-1.0000,-1.0000,-1.0000
40.523,-0.1559497030448485,1.344274914035114e-07,2.0849678934745193e-29,3,113.164,-1.44957,-0.108167,9970.38,0.0,-1.0000,-1.0000,-1.0000,-1.0000,-1.0000,-1.0000,-1.0000,-1.0000,-1.0000,-1.0000,-1.0000,-1.0000,-1.0000,-1.0000,-1.0000,-1.0000,-1.0000,-1.0000,-1.0000
40.623,-0.11867134698111097,4.404920038310262e-08,3.504205538562625e-30,3,110.743,-1.51281,-0.123898,9703.39,0.0,-1.0000,-1.0000,-1.0000,-1.0000,-1.0000,-1.0000,-1.0000,-1.0000,-1.0000,-1.0000,-1.0000,-1.0000,-1.0000,-1.0000,-1.0000,-1.0000,-1.0000,-1.0000,-1.0000
40.745,-0.031108981583016348,1.1547233585228057e-08,4.122662774063542e-31,3,108.23,-1.58281,-0.126232,9437.75,0.0,-1.0000,-1.0000,-1.0000,-1.0000,-1.0000,-1.0000,-1.0000,-1.0000,-1.0000,-1.0000,-1.0000,-1.0000,-1.0000,-1.0000,-1.0000,-1.0000,-1.0000,-1.0000,-1.0000
40.864,-0.008155032868098237,3.027038000966024e-09,4.850271527058017e-32,3,105.485,-1.64509,-0.137157,9331.4,0.0,-1.0000,-1.0000,-1.0000,-1.0000,-1.0000,-1.0000,-1.0000,-1.0000,-1.0000,-1.0000,-1.0000,-1.0000,-1.0000,-1.0000,-1.0000,-1.0000,-1.0000,-1.0000,-1.0000
40.964,-0.00267224117021843,9.918998121565468e-10,8.15185135552641e-33,3,103.474,-1.68913,-0.147065,9087.97,0.0,-1.0000,-1.0000,-1.0000,-1.0000,-1.0000,-1.0000,-1.0000,-1.0000,-1.0000,-1.0000,-1.0000,-1.0000,-1.0000,-1.0000,-1.0000,-1.0000,-1.0000,-1.0000,-1.0000
41.083,-0.00070051198932574,2.600205843579658e-10,9.590571601263264e-34,3,101.134,-1.73325,-0.15232,8918.02,0.0,-1.0000,-1.0000,-1.0000,-1.0000,-1.0000,-1.0000,-1.0000,-1.0000,-1.0000,-1.0000,-1.0000,-1.0000,-1.0000,-1.0000,-1.0000,-1.0000,-1.0000,-1.0000,-1.0000
41.184,0.0015008661422264125,8.520354508241823e-11,1.611887369024317e-34,3,99.1234,-1.76147,-0.166536,8809.24,0.0,-1.0000,-1.0000,-1.0000,-1.0000,-1.0000,-1.0000,-1.0000,-1.0000,-1.0000,-1.0000,-1.0000,-1.0000,-1.0000,-1.0000,-1.0000,-1.0000,-1.0000,-1.0000,-1.0000
41.286,-0.18977911795031602,2.7919497652606806e-11,2.70909910111917e-35,3,97.5011,-1.7807,-0.171446,8599.15,0.0,-1.0000,-1.0000,-1.0000,-1.0000,-1.0000,-1.0000,-1.0000,-1.0000,-1.0000,-1.0000,-1.0000,-1.0000,-1.0000,-1.0000,-1.0000,-1.0000,-1.0000,-1.0000,-1.0000
41.404,-0.22068488050888133,7.318928792644958e-12,3.187228001475693e-36,3,95.8565,-1.79408,-0.162285,8546.42,0.0,-1.0000,-1.0000,-1.0000,-1.0000,-1.0000,-1.0000,-1.0000,-1.0000,-1.0000,-1.0000,-1.0000,-1.0000,-1.0000,-1.0000,-1.0000,-1.0000,-1.0000,-1.0000,-1.0000
41.505,-0.06611445744162484,2.3982665867739003e-12,5.3567741020801984e-37,3,94.7468,-1.79584,-0.152088,8433.01,0.0,-1.0000,-1.0000,-1.0000,-1.0000,-1.0000,-1.0000,-1.0000,-1.0000,-1.0000,-1.0000,-1.0000,-1.0000,-1.0000,-1.0000,-1.0000,-1.0000,-1.0000,-1.0000,-1.0000
41.623,-0.013240755113620658,6.286911961232572e-13,6.302191163356334e-38,3,93.2502,-1.78724,-0.137481,8374.68,0.0,-1.0000,-1.0000,-1.0000,-1.0000,-1.0000,-1.0000,-1.0000,-1.0000,-1.0000,-1.0000,-1.0000,-1.0000,-1.0000,-1.0000,-1.0000,-1.0000,-1.0000,-1.0000,-1.0000
41.726,-0.0026125202893382492,2.0600953114566895e-13,1.059209268825299e-38,3,92.0338,-1.77048,-0.134669,8309.41,0.0,-1.0000,-1.0000,-1.0000,-1.0000,-1.0000,-1.0000,-1.0000,-1.0000,-1.0000,-1.0000,-1.0000,-1.0000,-1.0000,-1.0000,-1.0000,-1.0000,-1.0000,-1.0000,-1.0000
41.845,0.004590977375329137,5.400416253265024e-14,1.246149112680276e-39,3,90.4857,-1.73014,-0.174347,8208.09,0.0,-1.0000,-1.0000,-1.0000,-1.0000,-1.0000,-1.0000,-1.0000,-1.0000,-1.0000,-1.0000,-1.0000,-1.0000,-1.0000,-1.0000,-1.0000,-1.0000,-1.0000,-1.0000,-1.0000
41.963,-0.0699762551434135,1.4156867182959065e-14,1.466081969577218e-40,3,89.2316,-1.66008,-0.182236,8078.79,0.0,-1.0000,-1.0000,-1.0000,-1.0000,-1.0000,-1.0000,-1.0000,-1.0000,-1.0000,-1.0000,-1.0000,-1.0000,-1.0000,-1.0000,-1.0000,-1.0000,-1.0000,-1.0000,-1.0000
42.082,-0.04532766878710229,3.7111377908096215e-15,1.7248307763879013e-41,3,87.9967,-1.58176,-0.156747,7998.0,0.0,-1.0000,-1.0000,-1.0000,-1.0000,-1.0000,-1.0000,-1.0000,-1.0000,-1.0000,-1.0000,-1.0000,-1.0000,-1.0000,-1.0000,-1.0000,-1.0000,-1.0000,-1.0000,-1.0000
42.182,-0.019651230704657678,1.216065631292497e-15,2.8989230858751456e-42,2,86.9137,-1.5203,-0.14638,9879.07,0.0,-1.0000,-1.0000,-1.0000,-1.0000,-1.0000,-1.0000,-1.0000,-1.0000,-1.0000,-1.0000,-1.0000,-1.0000,-1.0000,-1.0000,-1.0000,-1.0000,-1.0000,-1.0000,-1.0000
42.284,-0.0132725438560366,3.984803860619253e-16,4.872220030430357e-43,2,85.5448,-1.46244,-0.140403,9767.75,0.0,-1.0000,-1.0000,-1.0000,-1.0000,-1.0000,-1.0000,-1.0000,-1.0000,-1.0000,-1.0000,-1.0000,-1.0000,-1.0000,-1.0000,-1.0000,-1.0000,-1.0000,-1.0000,-1.0000
42.403,-0.006399718796490608,1.0445924232381735e-16,5.732118143601011e-44,2,83.9617,-1.39711,-0.135225,9587.47,0.0,-1.0000,-1.0000,-1.0000,-1.0000,-1.0000,-1.0000,-1.0000,-1.0000,-1.0000,-1.0000,-1.0000,-1.0000,-1.0000,-1.0000,-1.0000,-1.0000,-1.0000,-1.0000,-1.0000
42.523,-0.001677647884187234,0.08470458984375002,6.743779674765153e-45,2,82.5552,-1.33483,-0.133948,9427.03,0.0,-1.0000,-1.0000,-1.0000,-1.0000,-1.0000,-1.0000,-1.0000,-1.0000,-1.0000,-1.0000,-1.0000,-1.0000,-1.0000,-1.0000,-1.0000,-1.0000,-1.0000,-1.0000,-1.0000
42.624,-0.000549731658690473,0.3615809296875,1.1334270499377793e-45,2,82.8375,-1.28385,-0.13609,9881.05,0.0,-1.0000,-1.0000,-1.0000,-1.0000,-1.0000,-1.0000,-1.0000,-1.0000,-1.0000,-1.0000,-1.0000,-1.0000,-1.0000,-1.0000,-1.0000,-1.0000,-1.0000,-1.0000,-1.0000
42.724,-0.00018013606991969418,0.546940489430625,1.904950842830426e-46,2,84.816,-1.23147,-0.134492,10500.3,0.0,-1.0000,-1.0000,-1.0000,-1.0000,-1.0000,-1.0000,-1.0000,-1.0000,-1.0000,-1.0000,-1.0000,-1.0000,-1.0000,-1.0000,-1.0000,-1.0000,-1.0000,-1.0000,-1.0000
42.824,-5.902698739128539e-05,0.6226428345766272,3.2016508815450973e-47,2,87.2878,-1.17774,-0.136135,11730.5,0.0,-1.0000,-1.0000,-1.0000,-1.0000,-1.0000,-1.0000,-1.0000,-1.0000,-1.0000,-1.0000,-1.0000,-1.0000,-1.0000,-1.0000,-1.0000,-1.0000,-1.0000,-1.0000,-1.0000
42.943,-1.547357058270112e-05,0.6531892703366303,3.766710245628992e-48,2,91.6022,-1.11047,-0.131705,11400.2,0.0,-1.0000,-1.0000,-1.0000,-1.0000,-1.0000,-1.0000,-1.0000,-1.0000,-1.0000,-1.0000,-1.0000,-1.0000,-1.0000,-1.0000,-1.0000,-1.0000,-1.0000,-1.0000,-1.0000
43.064,-0.08448895583542512,0.6623548410518756,4.4314969368800524e-49,2,95.1712,-1.04266,-0.119124,12640.4,0.0,-1.0000,-1.0000,-1.0000,-1.0000,-1.0000,-1.0000,-1.0000,-1.0000,-1.0000,-1.0000,-1.0000,-1.0000,-1.0000,-1.0000,-1.0000,-1.0000,-1.0000,-1.0000,-1.0000
43.182,-0.048005023466321683,0.6689826806558279,5.213611831270013e-50,2,99.7167,-0.984669,-0.0694761,12213.6,0.0,15.7829,30.5005,43.2526,62.5164,85.7683,105.5040,120.3020,137.1580,152.4260,171.5350,196.1390,200.0000,200.0000,200.0000,200.0000,1.7464,0.6594,0.3550,0.1402
43.283,-0.01573028608944429,0.6823212252660517,8.762517404815512e-51,2,103.165,-0.949493,-0.0539331,12685.0,0.0,15.7176,31.1036,44.9298,66.7645,94.7653,120.0780,140.0730,163.9930,186.7960,200.0000,200.0000,200.0000,200.0000,200.0000,19.0842,4.4443,1.9566,1.1055,0.4537
43.384,-0.005154500145789105,0.7112510601108049,1.4727163002273436e-51,2,106.827,-0.920982,-0.0471284,13148.4,0.0,15.5832,31.1720,45.4200,68.4054,98.7861,127.1650,150.2260,178.5940,200.0000,200.0000,200.0000,200.0000,200.0000,200.0000,20.9016,6.3236,2.9338,1.6892,0.7045
43.502,-0.001351221286217739,0.7487784455579368,1.7326360000544676e-52,2,111.475,-0.890737,-0.0436096,13757.1,0.0,15.3872,30.9552,45.3130,68.7439,100.2340,130.1980,154.9470,185.8980,200.0000,200.0000,200.0000,200.0000,200.0000,200.0000,25.0215,8.3531,3.9715,2.3081,0.9704
43.603,-0.032918573007718215,0.8008772679154247,2.9120413252915438e-53,2,115.59,-0.866804,-0.0412209,14514.1,0.0,15.2258,30.7499,45.1566,68.8570,101.0850,132.1600,158.1320,191.0080,200.0000,200.0000,200.0000,200.0000,200.0000,200.0000,27.9545,9.8830,4.7733,2.7911,1.1798
43.704,-0.022870346714769108,0.8437323342442763,4.8942678554174974e-54,3,118.758,-0.846148,-0.0263603,11872.4,0.0,15.2680,31.6143,47.4140,74.8500,115.3540,158.3850,197.7960,200.0000,200.0000,200.0000,200.0000,200.0000,200.0000,53.4453,21.2507,9.6493,5.0704,3.0716,1.3413
43.823,-0.005995324169196433,0.8817239815281316,5.758057189220133e-55,3,121.901,-0.828321,-0.0192206,11814.3,0.0,15.2240,31.9190,48.3954,77.8434,123.3740,174.6460,200.0000,200.0000,200.0000,200.0000,200.0000,200.0000,98.5735,42.1985,20.3689,10.0230,5.4480,3.3516,1.4856
43.929,-0.001964547823762287,0.9055546580171382,9.677566717922281e-56,3,125.741,-0.816206,-0.0175502,12171.8,0.0,15.1475,31.8529,48.4224,78.2459,124.8930,178.2190,200.0000,200.0000,200.0000,200.0000,200.0000,200.0000,90.9869,42.2838,21.1100,10.5596,5.7823,3.5697,1.5877
44.042,-0.000514994424712341,0.9266368312087446,1.1385560467968387e-56,3,130.419,-0.802791,-0.0171275,12658.8,0.0,15.0418,31.6544,48.1528,77.9021,124.5720,178.1310,200.0000,200.0000,200.0000,200.0000,200.0000,200.0000,94.3379,44.6468,22.4692,11.2850,6.1909,3.8253,1.7028
44.144,-0.0001687533730897399,0.9504400873192315,1.913571147851447e-57,3,134.454,-0.791813,-0.0173185,13044.5,0.0,14.9474,31.4451,47.8200,77.3224,123.5430,176.4930,200.0000,200.0000,200.0000,200.0000,200.0000,200.0000,101.1290,47.4741,23.8061,11.9348,6.5419,4.0406,1.7979
44.244,-0.029633732638161228,0.9729205613283908,3.216139028193927e-58,3,138.585,-0.781114,-0.0132015,13478.9,0.0,14.9176,31.6154,48.3985,79.1832,128.8800,188.1320,200.0000,200.0000,200.0000,200.0000,200.0000,200.0000,79.7480,43.1628,23.2111,12.0758,6.7356,4.1951,1.8823
44.364,-0.021872023991472353,0.9886228751288696,3.7837554052798727e-59,3,143.7,-0.773161,-9.77516e-06,13963.5,0.0,15.0456,32.6772,51.1683,87.2912,152.4950,200.0000,200.0000,200.0000,200.0000,200.0000,156.1390,78.0293,45.8932,31.2094,19.5139,11.1689,6.5465,4.1806,1.9248
44.484,-0.021214949431450428,0.9952701909152822,4.451550396757718e-60,3,148.868,-0.77359,0.0117879,14449.6,0.0,15.2300,33.8471,54.1920,96.5998,183.4980,200.0000,200.0000,200.0000,200.0000,115.2450,66.2239,46.4637,32.7762,24.5242,16.6661,10.1711,6.1909,4.0347,1.8989
44.604,-0.00879522123767814,0.9970127448647957,5.2372045262814884e-61,3,154.062,-0.783462,0.0217581,14908.1,0.0,15.4735,35.0937,57.3517,106.7450,200.0000,200.0000,200.0000,200.0000,99.7025,59.7172,42.6257,33.1425,25.2739,19.8827,14.2080,9.0580,5.6700,3.7543,1.7987
44.722,0.003252015428670102,0.9974695449273371,6.161518753124908e-62,4,156.08,-0.800331,0.0222416,12056.5,0.0,15.6277,35.4792,58.0420,108.2740,200.0000,200.0000,200.0000,200.0000,88.6465,53.8681,38.6915,30.1885,23.0881,18.1994,13.0326,8.3246,5.2175,3.4573,1.6578
44.844,0.0008524963325332952,0.9975892923229318,7.248965197863925e-63,4,159.916,-0.818842,0.0206935,12313.4,0.0,15.7629,35.6713,58.1635,107.7240,200.0000,200.0000,200.0000,200.0000,90.8321,52.5298,36.9510,28.5008,21.5909,16.9090,12.0260,7.6341,4.7651,3.1500,1.5063
44.963,0.00022347679859560814,0.9983736130717026,8.528335065634928e-64,4,163.673,-0.837339,0.0201643,12599.2,0.0,15.9145,35.9748,58.5926,108.2570,200.0000,200.0000,200.0000,200.0000,85.3313,48.4041,33.7859,25.9506,19.5921,15.3083,10.8614,6.8799,4.2882,2.8325,1.3532
45.085,5.858310189104709e-05,0.9978262883625683,1.003350092136884e-64,4,167.393,-0.855917,0.019963,12881.5,0.0,16.0720,36.3159,59.1230,109.1370,200.0000,200.0000,200.0000,200.0000,76.9390,43.3077,30.1368,23.1102,17.4247,13.6027,9.6424,6.1027,3.8017,2.5103,1.1989
45.204,1.5357208662126645e-05,0.9976828104740171,1.1804313498981228e-65,4,171.087,-0.874687,0.0198214,13153.9,0.0,16.2322,36.6670,59.6769,110.0890,200.0000,200.0000,200.0000,197.7380,67.7697,37.9349,26.3408,20.1759,15.1980,11.8570,8.3995,5.3129,3.3085,2.1841,1.0429
45.325,0.014368819178587525,0.9983981282939007,1.3887656788416433e-66,4,174.751,-0.891567,0.0116115,13415.1,0.0,16.2401,36.0794,57.7459,102.8620,200.0000,200.0000,200.0000,199.0920,190.0860,56.0321,31.9915,22.3876,15.7643,11.7827,7.9990,4.8776,2.9673,1.9333,0.9096
45.442,0.003766699734751648,0.9978327148809764,1.633868933500405e-67,4,178.361,-0.902563,0.00709534,13687.4,0.0,16.2596,35.8016,56.8025,99.4164,182.1990,200.0000,200.0000,195.5040,189.7240,82.3954,36.9514,23.8172,15.9047,11.5294,7.6090,4.5352,2.7211,1.7595,0.8210
45.564,0.000987417735266736,0.9976844951472587,1.922230461573892e-68,4,181.934,-0.910369,0.00712204,13965.8,0.0,16.3267,35.9513,57.0429,99.8474,200.0000,199.0890,194.5230,189.1870,183.4260,75.5104,33.9339,21.8853,14.6199,10.6002,6.9970,4.1710,2.5028,1.6184,0.7552
45.684,0.007220668361356263,0.998586802342758,2.261484915737069e-69,4,185.462,-0.917745,0.00747538,14217.8,0.0,16.3956,36.1281,57.3620,100.5400,198.8390,192.4730,187.9170,182.5760,176.7150,66.0212,30.4623,19.7997,13.2893,9.6607,6.3919,3.8174,2.2932,1.4837,0.6928
45.785,0.005218603669769221,0.9979447593291749,3.8008776978792915e-70,4,188.41,-0.923112,0.00437379,14411.3,0.0,16.3900,35.8980,56.6645,98.1789,193.9110,187.8210,183.5380,178.6690,173.7790,105.4750,35.2158,21.1372,13.5534,9.6133,6.2241,3.6553,2.1741,1.3992,0.6496
45.903,0.0013680256404079824,0.9983162106770872,4.471694602778008e-71,4,191.88,-0.927661,0.00345802,14676.9,0.0,16.4136,35.8861,56.5495,97.6555,187.3090,181.3270,177.1540,172.4550,167.8280,125.5160,35.6225,20.7575,13.1040,9.2203,5.9290,3.4640,2.0542,1.3199,0.6117
46.024,0.0037026980267603595,0.9992342777786093,5.260903983222299e-72,4,195.313,-0.931547,0.00376368,14945.3,0.0,16.4518,35.9908,56.7466,98.1038,180.3310,174.3740,170.2320,165.5680,160.9540,109.1260,32.8835,19.3594,12.2866,8.6687,5.5872,3.2699,1.9411,1.2479,0.5787
46.124,0.02292548308892884,0.9981569240799947,8.842001324601718e-73,5,195.993,-0.93179,-0.00824738,13055.8,0.0,16.2583,34.7700,53.6679,89.1246,176.6990,171.5210,168.0700,164.4340,161.2830,157.2950,150.9440,44.4568,19.1049,11.5680,6.6517,3.6001,2.0480,1.2879,0.5836
46.224,0.007512222298580203,0.9978038968200327,1.486075162625811e-73,5,198.032,-0.924097,-0.0159545,13533.4,0.0,16.0721,33.8937,51.6558,83.8455,134.7680,167.3930,164.2900,161.1030,158.4440,155.2970,151.2920,144.6610,33.2040,16.4557,8.4598,4.2956,2.3685,1.4670,0.6546
46.324,0.0024616050027987607,0.9997135977068633,2.4976465258252004e-74,5,200.301,-0.910807,-0.0170307,13730.1,0.0,15.9445,33.5599,51.0594,82.6267,132.1830,161.7730,158.7570,155.6810,153.1330,150.1510,146.4390,140.9070,42.3401,20.1192,10.1437,5.0992,2.7986,1.7296,0.7701
46.425,0.0008066187273170978,0.9989163313840849,4.1977945159544154e-75,5,202.595,-0.895425,-0.0170352,13864.1,0.0,15.8161,33.2894,50.6474,81.9590,160.4640,155.8730,152.9140,149.9090,147.4320,144.5480,140.9970,135.8910,49.6596,23.5929,11.8940,5.9789,3.2813,2.0279,0.9029
46.544,-0.0034761836515961875,0.9983540587118495,4.9386632700752107e-76,5,205.308,-0.876387,-0.0160184,14055.2,0.0,15.6726,33.0475,50.3609,81.7289,153.0530,148.5010,145.5840,142.6330,140.2070,137.3910,133.9360,129.0100,54.3281,26.8614,13.7938,6.9999,3.8585,2.3896,1.0661
46.665,-0.0009112606871640309,0.999176435741959,5.8102879506107834e-77,5,208.021,-0.858334,-0.0146108,14235.7,0.0,15.5431,32.8572,50.1844,81.7703,145.4640,140.9460,138.0660,135.1610,132.7790,130.0170,126.6330,121.8020,56.4434,29.2916,15.4056,7.9176,4.3905,2.7268,1.2200
46.784,-0.00023888152157592774,0.999286305618015,6.83574567101408e-78,5,210.725,-0.841187,-0.0144055,14401.4,0.0,15.4027,32.5725,49.7662,81.1368,137.9420,133.5130,130.7100,127.9000,125.6090,122.9720,119.7820,115.4000,62.4244,32.6065,17.2064,8.8591,4.9168,3.0549,1.3674
46.905,-6.2621357592e-05,0.9993922073468039,8.042186424491357e-79,5,213.393,-0.824112,-0.0144007,14568.4,0.0,15.2599,32.2709,49.3057,80.3871,130.3330,126.0100,123.2950,120.5910,118.4010,115.9030,112.9240,108.9880,69.1142,36.1063,19.0547,9.8112,5.4453,3.3833,1.5144
47.023,-1.641581316459725e-05,0.9997873985370955,9.461551906549837e-80,5,216.016,-0.806894,-0.0143096,14746.8,0.0,15.1172,31.9744,48.8599,79.6812,122.5950,118.3840,115.7620,113.1670,111.0800,108.7190,105.9440,102.3980,75.4299,39.5177,20.8857,10.7625,5.9756,3.7135,1.6625
47.123,-5.379133657775228e-06,0.9983381706901354,1.5902030289338315e-80,5,218.188,-0.792446,-0.0142059,14883.9,0.0,14.9979,31.7278,48.4913,79.1037,116.0520,111.9420,109.4020,106.9020,104.9040,102.6610,100.0530,96.8057,80.5300,42.3247,22.4065,11.5567,6.4193,3.9901,1.7867
47.246,-1.4101076135838291e-06,0.9989012161048948,1.8708579615103633e-81,6,220.354,-0.774994,-0.014081,13750.0,0.0,14.8537,31.4298,48.0456,78.4049,108.0920,104.1160,101.6800,99.3014,97.4147,95.3152,92.9099,89.9985,83.0558,45.6897,24.2362,12.5140,6.9547,4.3239,1.9367
47.364,-3.696512502553193e-07,0.9727938557071015,2.201045683137327e-82,6,220.759,-0.757522,-0.0140996,13755.6,0.0,14.7072,31.1188,47.5687,106.3300,100.1020,96.2754,93.9539,91.7053,89.9369,87.9882,85.7886,83.1981,77.9873,49.2685,26.1269,13.4881,7.4954,4.6600,2.0871
47.482,-9.690185734693042e-08,0.5877533857917324,0.5212298112487793,6,218.912,-0.739968,-0.0140295,13345.9,0.0,14.5613,30.8140,47.1081,98.1073,92.0429,88.3779,86.1770,84.0633,82.4157,80.6180,78.6182,76.3204,72.1059,52.7102,27.9831,14.4552,8.0352,4.9963,2.2381
47.584,-3.175280061544216e-08,0.19259502945623488,0.7921410496988479,6,208.671,-0.725696,-0.0141299,12439.7,0.0,14.4404,30.5527,46.7011,91.4349,85.5271,82.0063,79.9109,77.9137,76.3687,74.6975,72.8607,70.7904,67.1992,55.7925,29.5722,15.2627,8.4806,5.2721,2.3611
47.702,-8.323806164534469e-09,0.050487631401775236,0.8436430218353899,6,193.825,-0.709366,-0.0139401,11396.0,0.0,14.3064,30.2796,46.2978,83.8285,78.1144,74.7642,72.7911,70.9269,69.4974,67.9658,66.3042,64.4671,61.4265,56.1157,31.2263,16.1431,8.9768,5.5827,2.5012
47.804,-2.727544803994655e-09,0.01654378705773371,0.8513163736649814,6,181.607,-0.696531,-0.013535,10577.2,0.0,14.2046,30.0861,46.0323,77.8526,72.3045,69.0947,67.2203,65.4618,64.1229,62.6990,61.1692,59.5012,56.8207,52.7241,32.3709,16.7934,9.3541,5.8221,2.6106
47.923,-7.150095050983749e-10,0.004336854514462546,0.8538921481886219,5,167.323,-0.682056,-0.0136335,10784.2,0.0,14.0820,29.8212,46.0664,71.1968,65.8679,62.8346,61.0823,59.4528,58.2229,56.9268,55.5506,54.0738,51.7726,48.5713,33.9743,17.6103,9.8051,6.1016,2.7354
48.043,-1.8743545170450843e-10,0.0011368803898392694,0.7713729198605538,5,153.468,-0.668371,-0.0143631,9563.41,0.0,13.9576,29.5187,72.3424,65.0872,59.9927,57.1402,55.5102,54.0082,52.8843,51.7105,50.4780,49.1743,47.1941,44.6004,35.9024,18.4921,10.2649,6.3784,2.8553
48.145,-6.141884881453332e-11,0.0003725329661425318,0.15082961749667617,5,144.307,-0.657374,-0.0142159,9539.09,0.0,13.8675,29.3361,67.3248,60.2735,55.3674,52.6565,51.1209,49.7156,48.6711,47.5873,46.4583,45.2760,43.5088,41.2684,35.6316,19.0794,10.5975,6.5870,2.9495
48.263,0.07816852287193973,9.765728187646785e-05,0.01774495366886646,4,137.171,-0.644291,-0.0182171,10152.2,0.0,13.7049,28.7851,61.9262,55.1228,50.4922,47.9785,46.5714,45.2959,44.3564,43.3902,42.3941,41.3640,39.8544,38.0076,33.9786,20.5674,11.2294,6.9229,3.0748
48.384,0.10383315811483894,0.09964392019237522,0.0020876760541884702,4,135.449,-0.619097,-0.061219,10055.5,0.0,12.9693,25.3773,59.4686,53.1888,49.1021,46.9372,45.7456,44.6801,43.9052,43.1180,42.3178,41.5038,40.3391,38.9684,36.2616,29.9818,15.4757,8.5561,3.4496
48.503,0.07161462273804227,0.20098716870553499,0.00024561300009921935,4,134.83,-0.566173,-0.10199,10064.0,0.0,12.1186,22.4017,56.8945,50.8224,47.1518,45.2403,44.1995,43.2762,42.6093,41.9362,41.2568,40.5708,39.5992,38.4721,36.3073,31.7408,22.9291,11.4361,4.1223
48.604,0.16218543945372355,0.2892928660664297,4.128017692667581e-05,4,134.721,-0.499452,-0.13614,10099.7,0.0,11.2948,20.1663,54.7819,48.6950,45.3170,43.5783,42.6380,41.8079,41.2109,40.6105,40.0067,39.3997,38.5442,37.5588,35.6893,31.8669,25.2578,15.4625,4.9674
48.723,0.20336194958050063,0.34284543478524315,4.856571535246482e-06,4,134.804,-0.386131,-0.197828,10154.6,0.0,9.9926,16.8560,54.1145,47.3367,44.1462,42.5992,41.7675,41.0362,40.5121,39.9866,39.4597,38.9317,38.1905,37.3411,35.7433,32.5388,27.2424,20.2231,6.6443
48.844,0.17625599657934207,0.3980652580313428,5.713707845502136e-07,4,135.115,-0.230795,-0.261881,10218.0,0.0,8.5268,13.9182,54.1667,46.4042,42.8716,41.3400,40.5781,39.9249,39.4578,38.9905,38.5230,38.0555,37.4010,36.6535,35.2550,32.4807,27.9881,22.1994,9.2008
48.946,0.18037204608718913,0.4650640706267104,9.60302877593544e-08,4,135.705,-0.0679535,-0.310492,10297.4,0.0,7.2051,11.9244,54.1903,45.5368,41.6914,40.0413,39.2242,38.5423,38.0729,37.6177,37.1760,36.7469,36.1519,35.4741,34.2106,31.7230,27.7456,22.6963,11.0268
49.063,0.1930257934849473,0.5204993725272433,1.1297867324600287e-08,4,136.718,0.164551,-0.336408,10415.4,0.0,5.6870,9.8927,55.0489,44.9215,40.5862,38.7553,37.8550,37.1067,36.5934,36.0968,35.6162,35.1508,34.5237,33.8399,32.6449,30.4419,26.9688,22.6196,12.3953
49.165,0.18967202609820222,0.5574426250147271,1.8988325612455698e-09,4,137.716,0.342998,-0.280717,10469.1,0.0,4.6063,8.3550,58.3420,45.8243,40.7260,38.6168,37.5890,36.7392,36.1587,35.5988,35.0587,34.5373,33.8371,33.0768,31.7557,29.4635,26.2943,22.3919,13.1364
49.283,0.1772390527033332,0.6016873351949856,2.2339575199798005e-10,4,139.137,0.507052,-0.194297,10614.3,0.0,3.6526,7.3837,62.7066,46.6782,40.5955,38.1483,36.9700,36.0027,35.3453,34.7141,34.1077,33.5245,32.7449,31.9029,30.4509,27.9637,24.7481,21.3491,13.3745
49.402,0.15795089552993327,0.6409273751879794,2.6282286826810352e-11,4,140.792,0.606129,-0.102579,10741.0,0.0,3.1378,7.8250,72.2264,49.3687,41.6128,38.6180,37.2005,36.0484,35.2714,34.5297,33.8211,33.1435,32.2432,31.2780,29.6305,26.8574,23.3590,19.9758,13.1532
49.509,0.13468604581032664,0.689793408473472,4.417263946982017e-12,4,142.386,0.634474,-0.0203364,10847.0,0.0,3.1610,131.7040,86.4344,53.3406,43.3671,39.6956,37.9907,36.6203,35.7036,34.8344,34.0089,33.2241,32.1884,31.0866,29.2263,26.1512,22.3680,18.8044,12.6269
49.623,0.10209087349003625,0.7685431435052448,5.196866860984873e-13,4,144.696,0.597381,0.0870113,11005.5,0.0,4.0257,45.1652,97.4834,60.4151,46.3388,41.5405,39.3767,37.6660,36.5356,35.4737,34.4743,33.5322,32.3005,31.0046,28.8498,25.3759,21.2451,17.4879,11.5902
49.742,0.06516497802017307,0.8287690300610389,6.114061893280095e-14,4,147.392,0.47307,0.205678,11198.5,0.0,6.1549,39.4544,101.9040,68.4009,48.9022,42.8383,40.1913,38.1356,36.7946,35.5474,34.3845,33.2977,31.8907,30.4268,28.0294,24.2578,19.9162,16.0941,10.3015
49.845,0.03590935535272649,0.8753860103797763,1.027590382403586e-14,4,149.833,0.310179,0.234388,11494.6,0.0,7.9055,42.6381,100.9420,70.0173,47.9822,41.4613,38.6691,36.5228,35.1331,33.8477,32.6555,31.5468,30.1190,28.6426,26.2446,22.5211,18.3071,14.6590,9.2266
49.963,0.02509961221252888,0.904471728195621,1.2089498089939952e-15,4,153.027,0.117374,0.219917,11800.8,0.0,9.8834,47.5113,97.2799,67.6055,44.8321,38.2286,35.4532,33.3406,31.9822,30.7324,29.5788,28.5108,27.1422,25.7351,23.4665,19.9854,16.1049,12.7946,7.9403
50.064,0.024900712665145208,0.9157312333951411,2.0318819439762077e-16,4,155.789,-0.037583,0.209167,12019.9,0.0,11.4257,50.9703,93.5159,64.5279,41.5721,35.0440,32.3440,30.3058,29.0029,27.8095,26.7123,25.7004,24.4089,23.0873,20.9696,17.7507,14.2058,11.2169,6.8865
50.184,0.05619182349663557,0.9202212156346358,2.3904887882685693e-17,4,159.122,-0.216302,0.192323,12261.2,0.0,13.0571,52.5630,90.0449,61.9814,38.4783,31.7410,29.0373,27.0272,25.7560,24.6008,23.5465,22.5805,21.3566,20.1143,18.1450,15.2008,12.0248,9.3989,5.6706
50.305,0.08304493320136454,0.9210308078513259,2.812386154510089e-18,4,162.344,-0.380548,0.158984,12553.9,0.0,14.1294,48.2224,92.9489,64.5587,41.7362,32.2926,28.8222,26.3487,24.8290,23.4767,22.2657,21.1751,19.8185,18.4696,16.3872,13.3951,10.3201,7.8886,4.5878
50.423,0.099934138492501,0.919126100484003,3.3087441869195747e-19,4,165.48,-0.519157,0.11539,12797.0,0.0,14.6780,42.4856,103.3020,68.5628,52.6356,40.2407,33.6983,29.5056,27.0997,25.0583,23.3045,21.7818,19.9586,18.2191,15.6672,12.2594,9.0399,6.6743,3.6808
50.543,0.11460849747954069,0.9180244491259035,3.89270444846901e-20,4,168.5,-0.622873,0.0643751,13024.3,0.0,14.7500,36.8740,121.2000,75.3438,59.9347,52.5334,48.1099,43.7165,39.9784,35.1739,30.9812,27.6834,24.0957,20.9906,16.9133,12.2003,8.3680,5.8663,3.0125
50.645,0.12596775356071463,0.920539618677076,6.542468366541867e-21,4,170.955,-0.676193,0.024099,13230.2,0.0,14.5785,33.2259,136.8960,84.2776,64.0687,57.2032,53.6613,50.4308,48.0255,45.5131,42.8567,39.9935,35.3662,28.7060,20.7183,13.3299,8.3953,5.5788,2.6837
50.763,0.09539267245282622,0.9224999670953583,7.69714860855284e-22,4,173.918,-0.695402,-0.0305083,13343.5,0.0,13.9664,28.7155,162.2990,104.8280,75.4944,65.0615,60.6108,57.1965,54.9889,52.9487,50.9613,48.9451,46.0661,42.6759,35.8856,19.9656,10.2686,6.1623,2.6672
50.864,0.08871891382192335,0.928793064608432,1.2936597666394759e-22,4,176.377,-0.673673,-0.0680488,13546.5,0.0,13.3263,25.8685,63.4406,119.6790,87.7011,73.5834,67.3709,62.7459,59.8180,57.1553,54.7235,52.4941,49.6677,46.7492,41.2991,30.0470,13.8941,7.5155,2.9784
50.984,0.09821452646319927,0.9416391111599628,1.521977778853677e-23,4,179.392,-0.603086,-0.107591,13786.5,0.0,12.3481,22.9344,38.8898,135.5270,101.9600,86.5456,78.8444,72.4560,68.1685,64.3389,60.9209,57.8522,54.0476,50.2779,44.4844,35.2918,21.7886,10.7200,3.7977
51.103,0.05286480841246891,0.9508592982340422,1.7905916370435628e-24,4,182.469,-0.48437,-0.151316,13946.8,0.0,11.0552,19.9003,31.1390,157.4130,120.5900,104.2150,95.8641,88.8209,83.9598,79.2538,74.7150,70.3544,64.5683,58.7588,50.3003,39.1213,27.3683,16.2331,5.2221
51.203,0.017322740420597813,0.9551863892984559,3.0094473643791162e-25,4,185.192,-0.356198,-0.169072,14013.6,0.0,9.9781,18.4529,30.4317,165.0290,124.7730,108.3920,100.0200,92.9439,88.0501,83.3034,78.7144,74.2939,68.4076,62.1388,52.2555,39.6544,28.2579,18.4329,6.6792
51.305,0.005676315581021492,0.958412827607818,5.057978185311981e-26,4,187.707,-0.212973,-0.168886,14371.1,0.0,9.1088,18.1085,33.8374,158.7030,119.4240,103.5250,95.4538,88.6656,83.9909,79.4743,75.1244,70.9494,65.4156,59.5526,50.0814,37.8395,27.0092,18.7326,7.8218
51.426,0.0014880120716712982,0.9595731238429238,5.950660755237694e-27,4,190.858,-0.0694199,-0.10646,14537.6,0.0,8.4457,19.0602,37.9215,149.6080,112.0460,96.8069,89.1433,82.7438,78.3631,74.1506,70.1146,66.2614,61.1828,55.8382,47.1358,35.4965,25.2621,18.1168,8.5460
51.543,0.16410790850732243,0.9598772885391794,7.000892871929596e-28,4,193.785,0.0164922,-0.0729445,14777.5,0.0,7.9984,18.7325,33.2484,176.7740,123.5140,107.3470,99.3500,92.6177,87.9760,83.4833,79.1492,74.9810,69.4382,63.5395,53.7659,39.0702,26.3415,18.2575,8.9834
51.665,0.06872227183654353,0.9604388984893146,8.236480454896451e-29,5,195.19,0.073911,-0.0668553,13472.9,0.0,7.5644,16.2198,25.1006,42.4730,182.6250,143.5130,130.7250,121.2870,115.3500,109.9740,104.9720,100.0950,93.4825,86.2610,73.7971,53.5630,32.8629,20.7276,9.4205
51.785,0.018015131228318867,0.960706589918083,9.690136890381127e-30,5,196.581,0.101684,-0.0260719,13472.3,0.0,7.4313,15.3950,23.0988,37.1738,200.0000,156.2990,139.9510,128.5100,121.4290,115.0960,109.3990,104.2470,97.6501,90.4546,77.9850,57.4935,35.8821,21.9745,9.6017
51.885,0.005903198200895526,0.9609746166343573,1.6286213071663557e-30,5,198.676,0.118031,-0.0286058,13589.7,0.0,7.2786,15.0132,22.4417,36.9521,200.0000,151.7600,135.4550,124.1860,117.2300,111.0200,105.4420,100.4050,94.0622,87.2396,75.4872,56.3393,36.1008,22.4812,9.7703
52.005,0.011232604946206808,0.963716892012372,1.9160566816681465e-31,5,201.161,0.146735,-0.0291751,13759.2,0.0,7.0379,14.5026,21.8184,38.1290,200.0000,142.9360,127.7290,117.0600,110.4790,104.6050,99.3321,94.5717,88.6154,82.2982,71.5071,54.1208,35.7236,22.9446,10.0271
52.105,0.04246861866037304,0.965313075393364,3.2203164648796544e-32,5,203.187,0.178364,-0.0485209,13885.0,0.0,6.6568,13.3018,19.7260,32.8142,200.0000,182.0170,142.7670,127.8720,119.6360,112.4040,106.0050,100.3020,93.2872,86.3980,75.3748,57.4477,38.1305,24.5049,10.5214
52.225,0.01113289357010483,0.9700204952890429,3.7886701177662656e-33,5,205.645,0.236037,-0.0635594,13990.8,0.0,6.1075,12.1112,17.9357,29.4871,200.0000,200.0000,173.7530,138.2900,126.5900,117.9940,110.5290,103.9600,95.9860,88.2642,76.7218,59.0160,39.6943,25.7845,11.1766
52.344,0.0029184212520415604,0.9739737980295509,4.457332506850834e-34,5,208.041,0.305145,-0.057247,14182.5,0.0,5.6103,11.3834,17.2016,29.6935,200.0000,199.0810,170.4020,134.2310,121.9140,113.3390,106.0260,99.6084,91.8366,84.3331,73.1630,56.8384,39.0395,25.9498,11.6221
52.446,0.07091639603961898,0.9772243278883233,7.491438744264197e-35,5,209.995,0.353546,-0.0485552,14388.2,0.0,5.2596,10.8118,16.5252,29.3443,200.0000,200.0000,176.8160,142.5980,123.6120,113.3800,105.6690,98.9660,90.9042,83.1760,71.7736,55.9358,38.8862,26.1771,11.9370
52.562,0.030069441799569878,0.9800873797568316,8.813602768239386e-36,5,212.38,0.411423,-0.0640319,14497.5,0.0,4.7200,9.4223,13.9604,22.6000,142.8890,200.0000,200.0000,200.0000,191.4080,176.2890,158.2630,131.0590,111.1850,98.8697,82.2998,61.7394,42.6527,28.3923,12.6482
52.663,0.009853154688883056,0.9823914368955935,1.4813022172579933e-36,5,214.387,0.46376,-0.0565313,14621.8,0.0,4.3280,8.7291,13.0367,21.4008,125.1040,200.0000,200.0000,200.0000,199.0740,183.6690,168.8600,151.1720,117.6730,101.0700,83.1606,61.5326,42.6635,28.7246,13.0055
52.765,0.0032286817284532,0.985924740885698,2.4896246365455097e-37,5,216.396,0.510315,-0.0428384,14756.1,0.0,4.0011,8.2457,12.5535,21.5127,122.7360,200.0000,200.0000,200.0000,196.2100,180.7510,166.6990,150.7170,118.3320,99.0468,81.0060,59.7228,41.6051,28.4670,13.2219
52.885,0.04936176542977364,0.9899149056653653,2.9290184886494265e-38,5,218.773,0.552099,-0.0354856,14914.4,0.0,3.6840,7.6767,11.7970,20.6052,99.2640,200.0000,200.0000,200.0000,200.0000,194.0250,178.3140,164.7810,144.2150,110.5170,83.9958,60.5136,41.4631,28.6189,13.4804
52.986,0.016174863296028227,0.9919393416790518,4.9228013738730914e-39,5,220.737,0.583522,-0.0355566,15025.5,0.0,3.4245,7.1239,10.9132,18.8163,53.3534,120.5650,200.0000,200.0000,200.0000,200.0000,200.0000,185.5760,165.4530,144.2520,94.2782,64.0044,42.5466,29.1485,13.7506
53.103,0.004240143363874024,0.9953493077226132,5.791626588347953e-40,6,220.662,0.614563,-0.0213893,13733.2,0.0,3.2118,6.8472,10.7400,19.6666,56.3331,108.8940,200.0000,200.0000,200.0000,200.0000,200.0000,189.1180,167.6230,147.8090,101.4270,63.8144,41.9714,28.6327,13.8183
53.224,0.001111528141979392,0.9970334848611366,6.813790764925484e-41,6,222.545,0.628408,-0.00303966,13837.7,0.0,3.1527,6.9624,11.3431,22.9855,65.3868,105.0990,200.0000,200.0000,200.0000,200.0000,200.0000,185.1110,163.8600,144.7540,106.5350,62.2747,40.8655,27.8389,13.6884
53.324,0.03195906074667901,0.9974357682567973,1.145193813861026e-41,6,224.065,0.626353,-0.00016338,13910.8,0.0,3.1794,7.0639,11.5881,22.2468,50.1043,85.1526,104.9940,200.0000,200.0000,200.0000,200.0000,200.0000,182.6080,158.7700,125.3310,66.6577,42.1163,28.1538,13.6338
53.445,0.008377876020377423,0.9975804379714098,1.3473090700693586e-42,6,225.831,0.617508,0.00820797,14008.9,0.0,3.2829,7.3658,11.9119,21.6786,43.0131,70.0590,84.3831,106.1320,200.0000,200.0000,200.0000,200.0000,200.0000,172.8240,135.7070,74.2864,43.3355,28.4708,13.5200
53.564,0.002196209931485819,0.9976183622690772,1.5850956478458998e-43,6,227.535,0.598181,0.0146844,14135.9,0.0,3.4607,7.7360,12.4578,22.4727,43.7404,65.3174,77.6437,96.1912,200.0000,200.0000,200.0000,200.0000,200.0000,172.4280,134.7480,80.7168,43.1450,28.2517,13.3662
53.682,0.0005757232562794186,0.9976283038961649,1.864849178734223e-44,6,229.223,0.579312,0.0141322,14246.9,0.0,3.6212,8.0856,13.0064,23.4083,43.9563,61.4906,72.3573,91.5263,200.0000,200.0000,200.0000,200.0000,200.0000,169.3600,132.1760,84.3217,42.9525,27.9609,13.2155
53.784,0.00018865299661763985,0.9976306785581952,3.134252014698609e-45,6,230.609,0.564123,0.0141265,14332.7,0.0,3.7519,8.3774,13.4756,24.2522,43.1952,58.3161,68.4738,90.7489,200.0000,200.0000,200.0000,200.0000,200.0000,165.9780,129.5350,85.3288,43.1697,27.6924,13.0884
53.904,4.9454251145334575e-05,0.9976315325374595,3.687416152772767e-46,6,232.234,0.54591,0.0141522,14439.2,0.0,3.9088,8.7282,14.0405,25.1271,41.3975,54.2013,64.0663,200.0000,200.0000,200.0000,200.0000,200.0000,200.0000,161.8430,126.3160,85.3776,44.1196,27.4374,12.9357
54.024,1.2964135212242586e-05,0.9976317564029998,4.3382082295756334e-47,6,233.831,0.527559,0.0141618,14543.9,0.0,4.0668,9.0812,14.6034,25.0219,38.9095,49.9303,60.0059,193.1480,200.0000,200.0000,200.0000,200.0000,200.0000,157.7090,123.0920,84.5668,46.0921,27.5350,12.7820
54.142,3.3984702610781207e-06,0.998017315088008,5.1038586000134364e-48,6,235.403,0.509083,0.0141694,14646.8,0.0,4.2259,9.3979,14.7539,24.0817,35.9128,45.9178,56.5027,185.9250,192.4730,199.1090,200.0000,200.0000,200.0000,153.5520,119.8500,83.1071,48.4140,28.0755,12.6435
54.243,1.1136107351500785e-06,0.9977581497455383,8.578055149042581e-49,6,236.688,0.493769,0.0119979,14728.9,0.0,4.3338,9.4062,14.4340,22.8144,33.1079,42.8589,54.3205,179.8660,186.1440,192.5620,199.4550,200.0000,200.0000,150.0550,117.1240,81.4920,49.5138,28.9268,12.6406
54.344,3.649079656939777e-07,0.997673226446118,1.4417137288995865e-49,6,237.94,0.488073,-0.00161487,14801.0,0.0,4.3233,9.1551,13.7720,21.1926,30.3195,40.1614,53.5351,173.7750,179.7890,185.9890,192.6480,199.8160,200.0000,146.5180,114.3700,79.6108,50.0147,30.1467,12.7693
54.464,9.56584337588821e-08,0.9982450299609912,1.6961617849130749e-50,6,239.394,0.501119,-0.0180267,14906.6,0.0,4.1470,8.5448,12.5877,18.8573,27.3419,37.6369,157.2370,166.4230,172.1300,178.0670,184.4430,191.3080,200.0000,142.5590,111.0320,77.2972,49.9819,31.2581,13.1084
54.566,3.1345355574110486e-08,0.9978327673551175,2.8507391119034043e-51,6,240.567,0.528839,-0.0317786,15050.0,0.0,3.8668,7.7995,11.3143,16.9238,25.2607,36.5175,151.6550,160.2480,165.7050,171.4220,177.5610,184.1700,194.3210,200.0000,108.2430,75.3621,49.5224,31.7756,13.5559
54.685,8.216996891619619e-09,0.99768450890304,3.3538660577632364e-52,6,241.938,0.582621,-0.0483697,15294.6,0.0,3.3748,6.6872,9.7543,15.0037,23.4490,38.0855,144.8400,152.7790,157.9440,163.3930,169.2450,175.5460,185.2230,197.7160,104.8890,73.0321,48.5353,31.9709,14.1448
54.803,2.154036433156733e-09,0.9980311438393785,3.9457898782978704e-53,6,243.434,0.651728,-0.0457976,15500.8,0.0,2.8339,5.7521,8.5631,13.6396,22.8075,126.9750,137.8850,145.2210,150.1020,155.2800,160.8410,166.8280,176.0230,187.8930,101.5640,70.7114,47.1476,31.7616,14.5283
54.905,7.058346584167983e-10,0.9983650249007875,6.631689048455231e-54,6,244.848,0.695592,-0.0317691,15569.3,0.0,2.5089,5.2088,7.9059,13.0559,23.8820,122.2290,131.9030,138.7770,143.4240,148.3680,153.6760,159.3910,168.1670,179.4960,98.9322,68.8419,45.8818,31.3235,14.6948
55.025,1.8503032069601317e-10,0.998305912025092,7.802115848617096e-55,6,246.798,0.727234,-0.0146669,15428.5,0.0,2.2850,4.8878,7.6267,13.3488,32.2851,116.2610,124.7340,131.0730,135.4430,140.1090,145.1200,150.5140,158.7980,169.4890,95.6324,66.5272,44.3294,30.4821,14.7114
55.142,4.8504588388535684e-11,0.9982904159394057,9.179111274739528e-56,6,248.528,0.735469,0.00265091,15472.6,0.0,2.2545,4.9856,8.0489,15.3701,51.4939,110.0380,117.5230,123.3480,127.4500,131.8400,136.5540,141.6290,149.4230,159.4810,92.2459,64.1669,42.7544,29.4080,14.5347
55.244,1.5893983523155372e-11,0.9978476394325244,1.5427332319454722e-56,6,249.902,0.724014,0.0171811,15542.9,0.0,2.3876,5.4455,9.1070,19.3454,67.5852,104.6780,111.4530,116.8690,120.7520,124.9110,129.3770,134.1850,141.5690,151.0980,89.6577,62.1848,41.4326,28.4984,14.2437
55.345,5.208140520867552e-12,0.9977025504267496,2.5928717429307556e-57,6,251.244,0.695592,0.0317842,15607.7,0.0,2.6751,6.3139,10.9885,23.9811,82.2838,99.1831,105.3280,110.3520,114.0180,117.9450,122.1620,126.7010,133.6730,142.6700,164.1280,60.1914,40.1036,27.5838,13.8269
55.463,1.3652827887023034e-12,0.9980358733165698,3.0504876768406047e-58,6,252.776,0.638762,0.0488173,15703.3,0.0,3.2265,7.7674,13.5521,29.5732,80.1522,92.4445,97.9091,102.4880,105.8920,109.5390,113.4550,117.6710,124.1450,132.5010,151.7270,57.7849,38.4994,26.4801,13.2735
55.584,3.5790069136157663e-13,0.9983400956621988,3.5888682469262027e-59,6,254.294,0.569997,0.048824,15812.5,0.0,3.8407,9.2462,16.1326,35.2062,75.5422,85.5750,90.4240,94.5832,97.7252,101.0910,104.7050,108.5960,114.5710,122.2830,140.0270,55.3580,36.8830,25.3685,12.7164
55.685,1.1727689854536143e-13,0.9978639184840893,6.03181086260887e-60,6,255.587,0.512373,0.0488459,15882.7,0.0,4.3555,10.4861,18.2970,39.9361,71.1048,79.7604,84.1380,87.9651,90.8875,94.0181,97.3799,100.9990,106.5570,113.7300,130.2340,53.3194,35.5263,24.4361,12.2494
55.804,3.074343529227522e-14,0.9976926749845931,7.09636516175071e-61,6,257.091,0.442793,0.0488574,15979.8,0.0,4.9771,11.9829,20.9093,45.6416,65.3528,72.6760,76.5261,79.9746,82.6317,85.4780,88.5347,91.8252,96.8782,103.4000,118.4070,51.2495,33.8903,23.3112,11.6857
55.904,1.0074008876572744e-14,0.9833461076139514,1.1926860927354418e-61,6,258.325,0.384513,0.0488698,16040.5,0.0,5.4977,13.2367,23.0980,46.8172,60.3116,66.6928,70.1310,73.2798,75.7146,78.3230,81.1238,84.1390,88.7693,94.7455,108.4970,147.0080,32.5199,22.3689,11.2136
56.022,-0.08658670930719736,0.38393315703435166,1.4031832612423197e-62,6,258.175,0.307764,0.0752665,15847.1,0.0,6.3709,16.3812,31.0488,49.0451,59.6228,65.4138,68.9679,72.4224,75.1168,78.0257,81.1750,84.5964,89.9133,96.8906,113.4560,135.3650,27.9362,19.8274,10.3479
56.124,-0.028372732905782426,0.12580721689701638,2.3583301071699672e-63,6,255.871,0.212222,0.107172,15625.4,0.0,7.5336,21.2376,36.9631,50.6981,60.8465,67.5325,71.7583,75.9276,79.2228,82.8236,86.7743,91.1279,98.0259,107.5400,132.2180,35.0516,23.3608,17.1202,9.3405
56.245,-0.007437741694853427,0.03297960706625146,0.5020276336669922,6,250.081,0.0637271,0.117927,15081.4,0.0,9.0753,24.5929,35.8982,47.2196,56.8904,63.4557,67.6384,71.7900,75.0892,78.7124,82.7099,87.1417,94.2219,125.9450,123.0780,114.3810,20.0158,14.6873,8.1264
56.362,-0.025923233772918157,0.008645406114775423,0.8237137224283905,6,234.722,-0.093028,0.121232,13961.0,0.0,10.6394,24.1769,33.1639,42.7881,51.6750,57.7318,61.6002,65.4479,68.5109,71.8803,75.6044,79.7418,86.3702,117.8470,115.2060,107.5630,19.0421,12.6053,6.9109
56.464,-0.22476500611486608,0.0028329266756896105,0.864381429372729,6,220.53,-0.226917,0.155291,13045.9,0.0,11.8402,24.7512,33.4171,44.0821,54.7811,62.4227,67.4613,72.6005,76.7855,81.4893,111.7860,111.0350,109.8960,108.4530,105.2500,95.5945,17.0694,10.9052,5.7567
56.564,-0.2991859829503443,0.0009282934130899715,0.49861966575313166,6,205.11,-0.364066,0.161037,12348.4,0.0,12.9008,26.9300,37.9191,54.2449,73.5217,104.8160,103.5490,102.3280,101.3850,100.3750,99.2899,98.1251,96.3348,94.0107,88.3699,28.6824,13.3330,8.9852,4.7733
56.682,-0.07842981031453507,0.00024334654848105747,0.0586621050561902,6,197.75,-0.500331,0.143987,12020.1,0.0,14.0696,30.7395,47.5620,98.6260,93.7267,90.4952,88.4692,86.4676,84.8654,83.0755,81.0180,78.5428,73.1914,48.7501,28.5016,15.6857,9.9772,7.0008,3.7767
56.783,-0.02569988024386685,7.973979700627291e-05,0.27891405801437197,6,194.516,-0.591639,0.101691,11699.3,0.0,14.3427,31.5608,49.9976,91.6681,86.4316,82.9995,80.8391,78.6802,76.9265,74.9158,72.4953,69.2091,53.1995,38.3286,25.1572,14.9302,9.0888,6.1783,3.1857
56.903,0.01837447488194552,2.0903309346412408e-05,0.7912393401230272,6,185.277,-0.658081,0.0451228,10407.3,0.0,14.2861,31.2754,49.3455,84.8790,79.8246,76.5892,74.5855,72.6131,71.0394,69.2740,67.2355,64.7247,57.4035,40.6312,26.2600,15.4008,9.1532,5.8883,2.7978
57.004,0.02218922615864091,6.849596406632417e-06,0.8713222119223093,5,179.937,-0.674774,-8.13643e-05,8434.39,0.0,14.1618,30.5522,47.5402,79.8755,75.1255,72.1567,70.3523,68.6068,67.2429,65.7530,64.0974,62.2111,58.8655,48.6824,29.4604,16.4825,9.5412,6.0537,2.7683
57.104,0.027080756683887753,2.2444757505253105e-06,0.8895890785950384,5,170.885,-0.673206,-0.0120471,6442.58,0.0,14.0296,29.7958,45.6993,75.0579,70.5936,67.8648,66.2319,64.6772,63.4788,62.1947,60.8032,59.2739,56.8034,53.0506,33.9624,17.8408,9.9982,6.2414,2.8070
57.204,0.14519640414824508,7.354698139321338e-07,0.8945216330459135,5,156.696,-0.67136,-0.016207,7069.49,0.0,13.9576,29.4212,44.8213,70.2452,65.9453,63.3636,61.8362,60.3957,59.2953,58.1273,56.8780,55.5268,53.4127,50.4776,36.8014,18.6430,10.2683,6.3566,2.8349
57.305,0.07824736387529695,2.4099874862928165e-07,0.8941741948357532,4,145.173,-0.669172,-0.0151513,7419.65,0.0,13.9536,29.4684,70.7720,65.4183,61.1830,58.6761,57.2060,55.8268,54.7795,53.6740,52.4985,51.2368,49.2884,46.6594,36.3317,18.5828,10.2812,6.3783,2.8507
57.423,0.020512076955725843,6.31763759606744e-08,0.896112231281337,4,132.494,-0.66619,-0.0102037,6344.09,0.0,13.9960,29.8245,65.2313,59.7735,55.5739,53.1264,51.7027,50.3738,49.3715,48.3172,47.2008,46.0112,44.1905,41.7755,33.6198,17.9251,10.1196,6.3401,2.8618
57.524,0.28662635659550845,2.070163487479379e-08,0.9106791612637004,4,122.125,-0.663738,-0.00586158,5297.31,0.0,14.0353,30.1489,60.8997,55.3945,51.2428,48.8549,47.4738,46.1926,45.2305,44.2220,43.1588,42.0336,40.3248,38.0954,31.5699,17.3855,9.9794,6.3045,2.8702
57.644,0.45673913078609246,5.426809372617942e-09,0.9264314616529125,3,110.448,-0.661084,-0.00158483,5235.99,0.0,14.0725,30.5648,56.1164,50.6037,46.5456,44.2474,42.9289,41.7157,40.8094,39.8644,38.8757,37.8381,36.2813,34.2980,29.3202,16.9041,9.8540,6.2749,2.8804
57.765,0.409268586081466,1.4226055161755582e-09,0.7514055324563198,3,99.229,-0.658791,0.00183886,5235.99,0.0,14.1013,57.5982,51.7695,46.2930,42.3552,40.1585,38.9112,37.7715,36.9255,36.0486,35.1389,34.1923,32.7907,31.0474,27.0778,16.5509,9.7623,6.2549,2.8899
57.884,0.11069630971905182,3.729275004323256e-10,0.08840210948795357,2,88.5786,-0.656731,0.0034396,6067.11,0.0,14.1064,53.8520,47.9090,42.5150,38.7241,36.6418,35.4722,34.4112,33.6288,32.8235,31.9948,31.1400,29.8915,28.3728,25.1469,16.4398,9.7485,6.2637,2.9028
57.985,0.09948457549143225,1.2220088334166445e-10,0.01485774254164036,2,83.9478,-0.654276,-0.00660259,9577.56,0.0,13.9452,51.4233,45.5709,40.3804,36.7998,34.8618,33.7821,32.8106,32.0998,31.3735,30.6300,29.8695,28.7741,27.4704,24.8346,17.9887,10.2971,6.4962,2.9531
58.103,0.07741127219549801,3.203422836271728e-11,0.0017479985522814467,2,82.8122,-0.641585,-0.0435374,9451.6,0.0,13.3605,49.5548,44.1154,39.3845,36.1842,34.4771,33.5379,32.6986,32.0882,31.4687,30.8410,30.2046,29.2981,28.2378,26.1764,21.7047,13.0221,7.5693,3.1828
58.205,0.025366125673020785,1.0496975949895199e-11,0.00029378611668194274,2,81.9907,-0.622213,-0.0592683,9357.73,0.0,13.0168,47.4041,42.1067,37.5940,34.5901,33.0056,32.1390,31.3690,30.8120,30.2488,29.6794,29.1039,28.2895,27.3457,25.5351,21.7623,15.0111,8.4268,3.4138
58.323,0.08087534445271546,2.751719263409327e-12,3.456364284151388e-05,2,81.0522,-0.593698,-0.0701078,9261.5,0.0,12.6668,44.5135,39.3000,34.9831,32.1678,30.7035,29.9080,29.2052,28.6994,28.1904,27.6780,27.1624,26.4355,25.5997,24.0193,20.8233,15.5710,9.4293,3.7171
58.424,0.14237256858392516,9.016833682339683e-13,5.80911145237324e-06,2,80.2727,-0.561744,-0.100302,9166.8,0.0,12.1009,42.8976,37.9354,33.8821,31.2739,29.9287,29.2014,28.5594,28.0980,27.6350,27.1706,26.7049,26.0505,25.2999,23.8865,21.0703,16.5498,11.1794,4.1557
58.525,0.17050432575243898,2.9546360610290675e-13,9.763373618003703e-07,2,79.4875,-0.517041,-0.140948,9082.75,0.0,11.3899,41.6236,36.9845,33.2033,30.8034,29.5691,28.9040,28.3190,27.8996,27.4788,27.0569,26.6338,26.0398,25.3604,24.0878,21.5613,17.5374,12.7086,4.8235
58.644,0.22453226086925204,7.745401155824039e-14,1.1486511427845178e-07,2,78.5515,-0.44277,-0.200718,8973.79,0.0,10.4684,40.3735,36.1841,32.7312,30.5572,29.4486,28.8522,28.3276,27.9514,27.5741,27.1957,26.8170,26.2866,25.6804,24.5450,22.2935,18.7021,14.3070,6.0241
58.765,0.28717635436256467,2.0304104405923366e-14,1.3513765829745573e-08,2,77.5468,-0.340967,-0.279314,8847.62,0.0,9.4364,39.5202,35.8947,32.8249,30.8594,29.8597,29.3233,28.8524,28.5153,28.1777,27.8395,27.5009,27.0262,26.4831,25.4642,23.4358,20.1666,16.0536,7.4196
58.885,0.3222756548670334,5.322599145386374e-15,1.5898810361037378e-09,2,76.5072,-0.210977,-0.332197,8734.4,0.0,8.3793,38.5998,35.5870,32.9365,31.2030,30.3108,29.8286,29.4031,29.0978,28.7922,28.4863,28.1803,27.7516,27.2617,26.3437,24.5174,21.5403,17.6959,8.8373
59.003,0.3393479285788753,1.3952874303681658e-15,1.8704791401656865e-10,2,75.4916,-0.0735111,-0.355568,8612.78,0.0,7.2983,37.7435,35.1997,32.9999,31.5262,30.7535,30.3317,29.9589,29.6911,29.4222,29.1522,28.8811,28.4998,28.0618,27.2347,25.5733,22.8610,19.2878,10.3113
59.124,0.2918101672634834,3.657662281464325e-16,2.200600003613529e-11,2,74.4849,0.0667117,-0.373121,8469.15,0.0,6.2598,11.4695,34.3959,32.6301,31.4096,30.7561,30.4000,30.0843,29.8566,29.6269,29.3953,29.1620,28.8322,28.4511,27.7249,26.2536,23.7904,20.4995,11.6863
59.224,0.20396194848875074,1.1985427763902299e-16,3.698548426073258e-12,2,73.7684,0.183449,-0.376248,8422.72,0.0,5.4554,9.4798,33.5578,31.8500,30.8162,30.2620,29.9564,29.6831,29.4847,29.2835,29.0798,28.8744,28.5845,28.2498,27.6133,26.3076,24.0817,21.0375,12.6064
59.344,0.08352627257309697,3.1419079757404046e-17,4.351305237790927e-13,2,73.2051,0.319176,-0.340664,8367.6,0.0,4.6312,8.2997,31.9289,30.1349,29.2131,28.7309,28.4661,28.2300,28.0590,27.8860,27.7110,27.5340,27.2830,26.9914,26.4328,25.2931,23.3497,20.6695,13.0979
59.445,0.12539469073896337,1.0295404054906158e-17,7.313238713155213e-14,2,72.8417,0.421124,-0.288431,8314.56,0.0,4.0562,7.8942,30.2412,28.4446,27.5560,27.1160,26.8755,26.6618,26.5073,26.3514,26.1939,26.0350,25.8101,25.5496,25.0519,24.0282,22.3008,19.9177,13.1689
59.565,0.21783866166904708,2.69887840056932e-18,8.603952213639977e-15,2,72.416,0.524847,-0.231911,8281.8,0.0,3.4537,7.5767,28.5351,26.6769,25.7636,25.3555,25.1442,24.9570,24.8221,24.6861,24.5491,24.4111,24.2163,23.9915,23.5636,22.6858,21.1883,19.1334,13.2054
59.682,0.2868165113316617,7.074947794388437e-19,1.0122463739825297e-15,2,71.9341,0.611169,-0.194865,8224.0,0.0,2.8996,6.7723,27.6091,25.5312,24.5129,24.0578,23.8285,23.6351,23.5010,23.3703,23.2427,23.1183,22.9492,22.7582,22.3961,21.6577,20.3954,18.6235,13.3351
59.803,0.34502125182559756,1.8546551146121626e-19,1.1908977365267063e-16,2,71.3453,0.68394,-0.16573,8161.15,0.0,2.4056,5.7022,27.4604,24.9946,23.7983,23.2653,22.9970,22.7709,22.6142,22.4612,22.3121,22.1665,21.9687,21.7509,21.3650,20.6740,19.6223,18.1404,13.4695
59.903,0.3590732622397626,6.077333879561135e-20,2.0015418257804353e-17,2,70.8043,0.735638,-0.139911,8109.75,0.0,2.0466,4.8625,28.0964,25.1068,23.6852,23.0559,22.7400,22.4741,22.2901,22.1106,21.9357,21.7652,21.5336,21.2788,20.8276,20.0199,18.9138,17.6417,13.5282
60.005,0.35964562024584257,1.9914207656545926e-20,3.363991346589177e-18,2,70.2787,0.780168,-0.113562,8038.63,0.0,1.7329,4.3404,55.5631,25.7318,23.9994,23.2407,22.8616,22.5434,22.3236,22.1096,21.9014,21.6987,21.4238,21.1219,20.5887,19.6380,18.3394,16.9858,13.4621
60.123,0.35397990495885306,5.220390051917575e-21,3.9577021793487017e-19,2,69.6056,0.821128,-0.0642598,7968.82,0.0,1.4811,41.5263,48.4004,53.0658,25.1579,23.8573,23.3692,22.9724,22.6991,22.4340,22.1766,21.9268,21.5890,21.2194,20.5698,19.4211,17.8682,16.2581,13.1280
60.224,0.3404955157796642,1.710617412212351e-21,6.651710052831364e-20,2,69.1187,0.83507,0.00495594,7919.77,0.0,1.4920,36.1895,42.8740,47.4128,50.0824,51.4064,52.1108,25.4215,24.2701,23.5452,22.9942,22.5548,22.0536,21.5863,20.8152,19.4651,17.6646,15.8204,12.6143
60.329,0.31662557037291805,5.605351136337431e-22,1.1179529085793675e-20,2,68.7427,0.818363,0.127601,7850.13,0.0,2.1236,31.5898,37.9790,42.3427,44.9189,46.1990,46.8807,47.4766,47.9018,48.3265,48.7508,49.1751,49.7692,50.4479,21.7541,19.6187,17.5512,15.4694,11.9118
60.444,0.1797958363123777,1.469409168284039e-22,1.3152604174145405e-21,2,68.3113,0.732104,0.354312,7748.1,0.0,4.5677,27.1355,33.0060,37.0846,39.5143,40.7269,41.3737,41.9400,42.3447,42.7493,43.1538,43.5582,44.1250,44.7736,45.9911,48.4341,17.4354,15.0799,11.1048
60.563,0.031155829857959432,3.8519679701065113e-23,1.5473907284840328e-22,2,67.8822,0.583421,0.393181,7794.54,0.0,6.5390,24.5891,29.7847,33.5114,35.7637,36.8968,37.5030,38.0341,38.4139,38.7946,39.1760,39.5582,40.0943,40.7082,41.8633,44.1936,17.3330,14.3300,10.2812
60.668,0.010209142327856146,1.2622128644445017e-23,2.6006995973631143e-23,2,67.6089,0.463983,0.390467,7715.63,0.0,8.3591,23.7103,28.3787,31.8197,33.9284,34.9967,35.5699,36.0733,36.4337,36.7954,37.1583,37.5223,38.0338,38.6206,39.7273,41.9711,17.1724,13.2899,9.5164
60.784,0.0026762654063935214,3.3088152913693946e-24,3.0596970693017304e-24,2,67.2856,0.32231,0.388928,7705.43,0.0,10.3962,22.6257,26.7423,29.8639,31.8069,32.7991,33.3336,33.8040,34.1415,34.4806,34.8214,35.1637,35.6456,36.1998,37.2481,39.3862,43.0693,12.1077,8.6010
60.885,0.0008769586483670291,0.010202197265624999,5.1424328643754185e-25,2,67.1016,0.204831,0.388336,7689.79,0.0,11.3064,21.6789,25.3903,28.2635,30.0738,31.0041,31.5068,31.9501,32.2686,32.5891,32.9115,33.2358,33.6930,34.2198,35.2190,37.2669,40.8242,11.3862,7.8388
60.985,0.0002873618098969081,0.058192477875,8.642886915155767e-26,2,67.1291,0.0875868,0.388576,7727.72,0.0,11.7369,20.7003,24.0487,26.6893,28.3719,29.2420,29.7134,30.1300,30.4299,30.7319,31.0362,31.3426,31.7752,32.2746,33.2245,35.1809,38.6085,11.0655,7.0753
61.103,-0.24780534416213218,0.125368968685689,1.0168270026811607e-26,2,67.573,-0.0566114,0.406356,7821.31,0.0,12.1074,19.8780,22.8913,25.3109,26.8723,27.6842,28.1252,28.5161,28.7983,29.0829,29.3699,29.6593,30.0684,30.5414,31.4439,33.3148,36.6242,11.0034,6.0928
61.230,-0.09748736701483798,0.15363223542714124,1.1962868003843592e-27,2,68.3228,-0.217138,0.454713,7934.76,0.0,12.5634,19.6580,22.4786,24.7735,26.2675,27.0489,27.4751,27.8534,28.1266,28.4024,28.6805,28.9612,29.3588,29.8197,30.7023,32.5380,35.8148,10.0602,5.0381
61.345,-0.057080105044059956,0.1886777159894375,1.407419457784195e-28,2,69.4466,-0.372086,0.342148,8084.1,0.0,12.3395,18.4741,20.9903,23.0706,24.4391,25.1596,25.5537,25.9042,26.1577,26.4138,26.6727,26.9344,27.3057,27.7370,28.5652,30.2983,33.4240,38.5978,4.3915
61.463,-0.546350230128062,0.2414568979772101,1.6558149178885274e-29,2,70.7895,-0.476538,0.218629,8198.23,0.0,12.2861,17.9448,20.3242,22.3141,23.6362,24.3342,24.7171,25.0584,25.3058,25.5561,25.8095,26.0658,26.4296,26.8525,27.6664,29.3805,32.4959,38.0322,3.9579
61.570,-0.5806756141406837,0.29540416664167224,2.782928132495249e-30,2,71.8844,-0.536804,0.138798,8397.24,0.0,12.2659,17.6966,20.0226,21.9858,23.2965,23.9921,24.3743,24.7150,24.9620,25.2121,25.4655,25.7221,26.0869,26.5117,27.3310,29.0601,32.2667,38.5150,3.7037
61.684,-0.15222062819329535,0.3464068997819895,3.2740871185993357e-31,2,73.9299,-0.581786,0.0593798,8704.3,0.0,12.1273,17.2858,19.5449,21.4703,22.7656,23.4554,23.8353,24.1748,24.4213,24.6712,24.9244,25.1810,25.5459,25.9714,26.7943,28.5391,32.0451,39.2974,3.5900
61.786,-0.18332971777333215,0.38452313635806235,5.502758220229904e-32,2,76.1195,-0.58904,-0.0257981,8971.79,0.0,11.6836,16.3644,18.4578,20.2612,21.4828,22.1368,22.4977,22.8205,23.0551,23.2931,23.5345,23.7795,24.1286,24.5364,25.3267,27.0170,30.5231,37.8809,3.9026
61.903,-0.6422301076288978,0.42464061157307287,6.473940018518281e-33,2,78.6714,-0.568412,-0.0813821,9392.19,0.0,11.2850,15.7393,17.7779,19.5518,20.7636,21.4143,21.7744,22.0972,22.3321,22.5708,22.8132,23.0593,23.4104,23.8208,24.6312,26.4871,30.4997,39.3345,4.4231
62.004,-0.3724589333633856,0.4431626789596395,1.0880750989123677e-33,2,80.8227,-0.537845,-0.0961536,9741.69,0.0,11.0504,15.5393,17.6288,19.4622,20.7223,21.4014,21.7776,22.1195,22.3725,22.6330,22.9014,23.1781,23.5798,24.0609,25.0316,27.2886,32.3418,44.4076,4.8313
62.106,-0.2965506729672745,0.45776268336024467,1.8287278187420165e-34,2,83.3757,-0.497303,-0.116393,10009.8,0.0,10.7086,15.1392,17.2386,19.0980,20.4077,21.1536,21.5803,21.9716,22.2620,22.5619,22.8718,23.1921,23.6590,24.2206,25.3628,28.0665,34.3792,51.1046,5.4295
62.227,-0.4218725554402289,0.47121132289803797,2.151479991471795e-35,2,86.3156,-0.437056,-0.134423,10371.3,0.0,10.2374,14.5809,16.6844,18.6731,20.1922,21.0712,21.5783,22.0461,22.3949,22.7567,23.1321,23.5220,24.0936,24.7865,26.2136,29.6927,38.4178,63.3139,6.3037
62.342,-0.42095994205813525,0.4854473784516583,2.531194695166652e-36,2,89.1469,-0.368874,-0.134426,10761.5,0.0,9.8053,14.1876,16.5414,18.9648,20.8779,22.0111,22.6738,23.2912,23.7554,24.2403,24.7474,25.2782,26.0640,27.0293,29.0626,34.2902,49.3832,78.9553,7.0929
62.444,-0.4151780921160023,0.4953764770491644,4.254178924166592e-37,2,91.5122,-0.309072,-0.126513,11076.8,0.0,9.4601,14.0954,16.9000,19.9160,22.3982,23.9134,24.8158,25.6674,26.3149,26.9980,27.7197,28.4832,29.6295,31.0641,34.1850,42.8880,64.0509,94.4455,7.6728
62.545,-0.40146907811405985,0.5044757901713451,7.149998517846792e-38,2,93.7912,-0.248803,-0.116154,11470.0,0.0,9.1203,14.3513,17.8253,21.7979,25.2725,27.4926,28.8526,30.1631,31.1774,32.2649,33.4336,34.6928,36.6290,39.1320,44.9005,57.6494,78.2860,50.8882,8.1176
62.662,-0.1826080053478415,0.5178853464605521,8.411901756261573e-39,2,96.7013,-0.177337,-0.106239,11830.1,0.0,8.8013,15.1782,19.8931,25.8785,31.7268,35.8114,38.4635,41.1356,43.1794,45.2238,47.2677,49.3108,52.1689,55.4308,61.5289,73.6269,163.0770,28.0175,8.3000
62.762,-0.059836991192380694,0.5553949261875687,1.4137883281748826e-39,2,99.5621,-0.116863,-0.106803,12042.7,0.0,8.6083,15.7858,21.5474,29.5231,38.1399,43.8655,46.9579,49.6789,51.6292,53.5839,55.5420,57.5027,60.2507,63.3932,69.2832,81.4336,141.9300,23.7700,8.4416
62.864,-0.06667515316138023,0.6490596941787674,2.376154043163525e-40,2,103.026,-0.0657408,-0.094724,12407.2,0.0,8.2957,15.4628,21.3508,29.7139,38.7764,44.1144,47.0252,49.6007,51.4542,53.3175,55.1893,57.0685,59.7098,62.7403,68.4447,80.8666,134.7420,23.8860,8.7991
62.985,-0.18739838917424623,0.7276276896270488,2.7955214702414556e-41,2,107.283,-0.0186474,-0.0451654,13916.5,0.0,8.2782,16.6117,24.2667,36.2543,46.0184,51.1944,54.0123,56.5045,58.2978,60.1008,61.9122,63.7312,66.2884,69.2236,75.1956,149.5730,36.5889,20.8395,8.7301
63.103,-0.04912536333169361,0.759009987757093,3.288903054524371e-42,2,112.279,0.00431259,0.0379445,14610.2,0.0,8.7884,20.6385,34.1894,49.1084,59.1344,64.3293,67.1351,69.7558,71.9039,74.3752,77.3255,81.1088,149.7570,145.3830,135.7240,109.5690,24.6086,16.6828,8.2161
63.204,-0.016097399056529363,0.7729170998194943,5.527659363739111e-43,3,114.723,-0.000319163,0.0752618,10476.6,0.0,9.2063,23.6713,38.9198,53.6348,63.4273,69.1085,73.2111,78.2009,84.3891,144.6950,141.9680,139.0670,134.6280,128.7650,115.2020,31.4605,21.3553,15.1566,7.9102
63.322,-0.004219836578274834,0.7939042141994564,6.503235964845428e-44,3,118.678,-0.0365438,0.0940725,11455.8,0.0,9.7548,26.0724,40.4811,54.2652,63.8553,71.1899,78.1447,140.5680,137.9080,135.0850,132.0620,128.7820,123.5710,116.4230,104.5050,27.7950,19.3417,13.9988,7.5035
63.423,0.0282256338090641,0.8186983864245029,1.0929988686115711e-44,3,122.438,-0.0830154,0.093908,11861.2,0.0,10.1901,26.4200,39.4278,52.0637,61.1696,68.3603,75.2961,137.2180,134.6230,131.8780,128.9470,125.7820,120.8010,113.9550,102.2820,27.5663,18.4186,13.3284,7.1426
63.524,0.009209199463554125,0.8486307962479561,1.8370031984754678e-45,3,126.366,-0.134351,0.0879747,12233.8,0.0,10.5974,26.0508,37.5851,48.9793,57.3163,63.6565,69.0316,135.3210,132.8710,130.2960,127.5710,124.6620,120.1830,114.1650,102.2050,30.1653,17.8680,12.7494,6.7761
63.624,-0.010231931026618521,0.8715761654864053,3.0874512756777184e-46,3,130.385,-0.187003,0.0854146,12640.1,0.0,11.0555,25.6905,36.0449,46.3694,54.1472,60.1145,65.0500,132.3050,129.9450,127.4730,124.8690,122.1060,117.8970,112.3710,100.6630,82.9842,17.3796,12.0462,6.3777
63.743,-0.11200053510332189,0.8958346791221432,3.6323555513220797e-47,3,135.178,-0.257782,0.116018,13349.8,0.0,12.0856,27.1605,37.3677,47.4949,58.2233,126.4770,122.6740,119.0900,116.3450,113.4030,110.2030,106.6420,101.2080,95.5921,86.6256,26.2529,14.8400,10.4037,5.6787
63.843,-0.036700335342656515,0.9105639514047439,6.104899975107021e-48,3,139.107,-0.332401,0.16239,14072.8,0.0,13.1999,29.5857,40.3219,54.1423,116.8390,108.6330,103.3850,98.1598,94.6696,91.4260,88.4037,85.5811,81.9296,78.1338,70.6240,17.8856,12.0243,8.7276,4.9341
63.964,-0.009620772708065349,0.9229716163207952,7.18235377171366e-49,3,144.007,-0.443756,0.166547,14936.5,0.0,14.0059,30.1646,40.7460,118.5630,103.7830,93.7524,88.5133,84.3997,81.6952,79.1646,76.7917,74.5624,71.6370,67.9911,58.9678,15.1054,10.2163,7.3886,4.1296
64.084,-0.0025220278407830825,0.9389372784200484,8.449967388883405e-50,4,146.85,-0.551052,0.137435,11362.3,0.0,14.5036,29.7522,40.7837,109.1750,93.1231,83.3942,78.9911,75.5144,73.2193,71.0648,69.0385,67.1221,64.2847,60.5777,51.5809,13.5699,8.8589,6.2764,3.4026
64.203,-0.0006611344662942403,0.9586317278203951,9.941302133347436e-51,4,151.111,-0.642185,0.0940015,11666.3,0.0,14.6301,28.3787,39.9508,102.6370,86.4835,77.4290,73.3534,70.1346,68.0089,66.0133,64.1361,62.3650,59.7997,56.5254,49.0971,14.0295,8.1011,5.4755,2.8059
64.324,-0.0001733124335322373,0.9697387388608746,1.1695842546861928e-51,4,155.384,-0.702265,0.0482504,11983.4,0.0,14.4878,27.0634,40.0613,95.9430,79.7808,71.4303,67.6712,64.7022,62.7416,60.9009,59.1695,57.5381,55.2388,52.3668,46.1731,28.0155,8.1169,5.0941,2.4293
64.444,-4.543281457587482e-05,0.9771839153974451,1.3760041797957593e-52,4,159.635,-0.724335,0.00123852,12302.3,0.0,14.0695,26.0618,45.4452,88.8678,72.7945,65.1843,61.7578,59.0514,57.2640,55.5855,54.0069,52.5193,50.4711,47.9669,42.7824,30.4017,10.0091,5.4313,2.3541
64.563,-1.1909939744178129e-05,0.9818549046148229,1.618855157487913e-53,4,163.848,-0.704316,-0.0470474,12617.3,0.0,13.3744,25.5344,100.6140,81.4369,65.6295,58.7765,55.6905,53.2524,51.6422,50.1303,48.7081,47.3677,45.5600,43.4026,39.0769,29.6990,15.6391,7.0705,2.6622
64.663,-3.902649055372289e-06,0.9829706194410602,2.720809863189935e-54,4,167.325,-0.652973,-0.0881684,12869.3,0.0,12.6857,25.7253,94.1817,74.9537,59.5495,53.3356,50.5370,48.3260,46.8656,45.4943,44.2042,42.9885,41.3733,39.4886,35.7984,28.2065,17.4309,9.4962,3.2880
64.763,-1.2788200424643917e-06,0.9833362168753216,4.5728651370633244e-55,4,170.778,-0.568253,-0.127616,13117.5,0.0,12.1506,27.1854,87.4894,68.1556,53.3723,47.8044,45.2966,43.3154,42.0068,40.7779,39.6218,38.5323,37.1011,35.4733,32.3550,26.1924,17.6968,10.8470,4.1777
64.882,-3.3523500121178545e-07,0.9848603122834393,5.3799301051036315e-56,4,174.874,-0.465693,-0.0869573,13487.2,0.0,11.8023,48.5937,78.9478,59.2874,45.7010,40.9442,38.8010,37.1074,35.9885,34.9378,33.9493,33.0174,31.7997,30.4609,27.9606,23.2064,16.8014,11.2858,4.9039
64.985,0.011322623107226051,0.9861780798634124,9.042048527647674e-57,4,178.395,-0.409791,-0.0470646,13709.9,0.0,11.8563,92.7390,71.2185,50.9426,39.0373,34.9840,33.1571,31.7129,30.7588,29.8627,29.0194,28.2246,27.1856,26.0752,24.0536,20.3079,15.3360,10.8933,5.1709
65.096,0.09301343149015706,0.984772737506518,1.5196970960417447e-57,4,182.08,-0.383937,-0.0192512,13978.7,0.0,12.0924,87.7185,66.6630,47.5124,35.3084,31.2844,29.4995,28.1011,27.1831,26.3252,25.5216,24.7675,23.7866,22.7605,21.0658,18.0916,14.1030,10.3939,5.2318
65.205,0.1264371659994259,0.9839267349230109,2.5541549093173605e-58,4,185.524,-0.383719,-0.00773746,14251.4,0.0,12.4209,86.4361,66.4725,49.6563,36.6778,31.3538,29.1083,27.3959,26.2934,25.2781,24.3401,23.4709,22.3560,21.2087,19.3563,16.5077,13.1560,9.9268,5.1612
65.316,0.13452079088918312,0.9836495167964472,4.292768156089687e-59,4,188.773,-0.404839,0.0126674,14519.9,0.0,13.2779,85.3890,66.3794,51.1480,40.6110,34.2763,30.9008,28.4535,26.9324,25.5675,24.3361,23.2195,21.8206,20.4185,18.2318,15.0419,11.7032,8.9899,4.8755
65.425,0.13114417639769876,0.9826175158513598,7.214855439939938e-60,4,191.978,-0.457689,0.0531704,14716.9,0.0,13.9802,83.8492,65.6143,51.5010,42.3630,37.4614,34.6966,32.1480,30.2220,28.1768,26.2725,24.6111,22.6121,20.6948,17.8644,14.0511,10.4129,7.7174,4.2736
65.536,0.12142240156912917,0.9732426876722986,0.042352294921875,4,194.985,-0.55143,0.0576088,14762.8,0.0,13.9932,83.5675,66.1108,52.9634,44.7929,40.6137,38.3539,36.3561,34.9158,33.4632,31.9964,30.5135,28.4053,25.9378,21.1793,15.0514,10.1992,7.0926,3.6047
65.645,0.154649169090341,0.6205568787402087,0.7681943016357422,4,189.474,-0.607575,0.0223538,13980.2,0.0,13.9562,79.4567,62.4722,49.9933,42.4573,38.6998,36.7036,34.9637,33.7257,32.4924,31.2644,30.0427,28.3449,26.4254,22.9043,16.3483,10.2495,6.7929,3.2578
65.755,0.2737336831705354,0.2033440780255916,0.8953115483254797,4,177.499,-0.625646,-0.00668747,12651.5,0.0,13.7027,74.7895,58.2051,46.3177,39.3289,35.9187,34.1320,32.5901,31.5027,30.4280,29.3669,28.3207,26.8826,25.2812,22.4164,17.3371,11.1545,7.0359,3.1980
65.865,0.32773134353204103,0.06663178748742585,0.8018610724129032,4,165.228,-0.623859,-0.0178507,11655.1,0.0,13.6858,68.0821,51.8226,40.5206,34.0929,31.0366,29.4604,28.1155,27.1758,26.2547,25.3530,24.4715,23.2730,21.9562,19.6485,15.6983,11.0012,7.2845,3.2502
65.975,0.3460137863637792,0.021833904123879703,0.18666188095557334,3,155.226,-0.614644,-0.0160478,13974.9,0.0,14.3629,59.8760,43.9963,33.4208,27.6851,25.0543,23.7254,22.6076,21.8356,21.0862,20.3598,19.6566,18.7117,17.6880,15.9291,13.0074,9.5977,6.8057,3.3032
66.084,0.35123350232848316,0.007154533703312901,0.03137226233220322,3,148.269,-0.611074,-0.00781185,13404.3,0.0,14.6964,57.4450,41.6684,31.3249,25.8122,23.3156,22.0631,21.0147,20.2933,19.5952,18.9204,18.2692,17.3966,16.4552,14.8462,12.1922,9.1053,6.5568,3.2765
66.195,0.37297795811659734,0.0023443976039015718,0.005272736130173396,3,145.242,-0.610507,-0.0692685,13084.6,0.0,13.6087,65.7566,49.6249,38.5920,32.4246,29.5286,28.0455,26.7863,25.9097,25.0532,24.2174,23.4029,22.2995,21.0926,18.9892,15.4135,11.1467,7.6624,3.4924
66.306,0.35503764565241613,0.0007682122068464669,0.0008861887613982426,3,142.018,-0.597232,-0.1255,12751.4,0.0,12.7075,73.4819,57.3011,45.9311,39.3839,36.2360,34.6002,33.1967,32.2111,31.2404,30.2858,29.3477,28.0639,26.6407,24.1092,19.6330,13.9929,9.2537,3.8463
66.415,0.22053745959620205,0.0002517277759394503,0.00014894174512820267,3,138.637,-0.568297,-0.17707,12420.5,0.0,11.8883,30.9767,64.5548,53.0898,46.3596,43.0749,41.3524,39.8642,38.8131,37.7727,36.7438,35.7270,34.3250,32.7558,29.9192,24.7253,17.7497,11.4943,4.3884
66.525,0.12786375087873544,8.248615761983909e-05,2.5032639103697028e-05,3,135.564,-0.523598,-0.213069,12131.1,0.0,11.2015,23.6331,69.8186,58.4099,51.6531,48.3309,46.5801,45.0624,43.9872,42.9201,41.8618,40.8129,39.3613,37.7286,34.7514,29.1893,21.3825,13.9089,5.0658
66.635,0.11559799474142644,2.7029064128868873e-05,4.20723565415836e-06,3,132.962,-0.463473,-0.230272,11901.3,0.0,10.6061,20.9101,72.6637,61.3811,54.6824,51.3818,49.6402,48.1286,47.0568,45.9922,44.9353,43.8864,42.4328,40.7944,37.7963,32.1488,24.0526,15.9655,5.8153
66.746,0.13312066953269874,8.856883733747752e-06,7.071100963943957e-07,3,130.766,-0.388218,-0.233286,11729.1,0.0,10.0236,19.2660,73.7351,62.6166,56.0243,52.7787,51.0664,49.5807,48.5273,47.4811,46.4424,45.4116,43.9830,42.3726,39.4242,33.8571,25.8124,17.5824,6.6177
66.854,0.15097896112292786,0.08342299402053688,1.1884399390100607e-07,3,129.053,-0.29858,-0.226865,11723.8,0.0,9.4044,17.9766,73.6789,62.7583,56.3082,53.1402,51.4710,50.0238,48.9985,47.9806,46.9706,45.9689,44.5813,43.0185,40.1599,34.7691,26.9653,18.8702,7.4660
66.965,0.15583989036060475,0.22455543730564953,1.997411005494209e-08,3,128.49,-0.195827,-0.211644,11839.7,0.0,8.7407,16.8828,72.6308,61.9480,55.6772,52.6090,50.9961,49.5995,48.6112,47.6309,46.6590,45.6963,44.3641,42.8656,40.1304,34.9905,27.5710,19.8157,8.3246
67.075,0.1537787504015036,0.3124673393681902,3.357048676934117e-09,3,128.842,-0.0849279,-0.193121,11916.3,0.0,8.0236,15.7313,71.2847,60.8687,54.7968,51.8391,50.2875,48.9461,47.9981,47.0588,46.1286,45.2077,43.9352,42.5059,39.9027,35.0278,28.0124,20.6311,9.1846
67.186,0.14958918815084593,0.3584426141704185,5.642191711323172e-10,3,129.651,0.0269699,-0.183133,12023.8,0.0,7.2342,14.1193,71.0049,60.8306,54.9241,52.0537,50.5497,49.2505,48.3326,47.4236,46.5238,45.6334,44.4035,43.0227,40.5092,35.8039,29.0167,21.7929,10.1117
67.296,0.1459068607953317,0.3880995695613627,9.482831609220856e-11,3,130.691,0.136392,-0.176645,12149.0,0.0,6.4371,12.4231,21.8701,61.1719,55.4058,52.6074,51.1421,49.8769,48.9831,48.0981,47.2221,46.3556,45.1588,43.8152,41.3691,36.7869,30.1520,23.0084,11.0313
67.406,0.14248034525963305,0.4128580841413674,1.593779508561749e-11,3,131.9,0.242451,-0.170091,12272.8,0.0,5.6614,10.8173,17.5535,61.4694,55.8321,53.0995,51.6692,50.4346,49.5627,48.6994,47.8452,47.0001,45.8331,44.5228,42.1375,37.6657,31.1695,24.1071,11.8988
67.516,0.1387271939232547,0.4465600225583183,2.6786652200397315e-12,3,133.276,0.344603,-0.162078,12426.8,0.0,4.9169,9.3364,14.5264,61.5668,56.0533,53.3842,51.9880,50.7830,49.9323,49.0903,48.2571,47.4330,46.2950,45.0177,42.6923,38.3316,31.9818,25.0268,12.6923
67.627,0.12321985103556507,0.4825751397544097,4.5020326353207776e-13,3,134.868,0.442042,-0.152191,12599.7,0.0,4.2086,7.9758,12.1040,61.4281,56.0360,53.4295,52.0670,50.8917,50.0622,49.2414,48.4293,47.6262,46.5175,45.2733,43.0090,38.7630,32.5721,25.7532,13.3994
67.735,0.10152972512487693,0.51603534874785,7.566566250183631e-14,3,136.71,0.532308,-0.134704,12802.7,0.0,3.5694,6.8447,10.3714,60.4733,55.2243,52.6938,51.3730,50.2345,49.4315,48.6373,47.8520,47.0759,46.0051,44.8042,42.6208,38.5331,32.5813,26.0139,13.9231
67.845,0.09216455530181615,0.5403038576089455,1.271712789668363e-14,3,138.774,0.611093,-0.112124,12979.6,0.0,3.0175,5.9158,9.0849,58.9882,53.8829,51.4361,50.1611,49.0634,48.2899,47.5254,46.7701,46.0241,44.9956,43.8434,41.7516,37.8450,32.1735,25.9196,14.2698
67.957,0.08332768281517214,0.5548488149362993,2.1373676855956187e-15,3,140.932,0.67445,-0.0861242,13191.9,0.0,2.5782,5.2189,8.2483,57.2601,52.1540,49.7952,48.5686,47.5141,46.7717,46.0387,45.3149,44.6008,43.6172,42.5167,40.5222,36.8087,31.4392,25.5319,14.4399
68.070,0.08920372176021037,0.5650932229595765,3.592273869180557e-16,3,143.153,0.719513,-0.0568708,13404.9,0.0,2.2776,4.8205,8.0390,55.3074,50.0565,47.7870,46.6118,45.6030,44.8938,44.1941,43.5040,42.8237,41.8879,40.8422,38.9509,35.4426,30.3952,24.8630,14.4271
68.179,0.10660319371584588,0.572413532455644,6.037534691931763e-17,3,145.374,0.745195,-0.0313781,13622.8,0.0,2.1180,4.6942,8.4221,53.9251,48.3454,46.0115,44.8676,43.8973,43.2159,42.5442,41.8824,41.2305,40.3346,39.3348,37.5299,34.1924,29.4119,24.1912,14.3208
68.286,0.11736105347622086,0.5807076909244404,1.0147284556729715e-17,3,147.575,0.752998,-0.0115154,13824.5,0.0,2.0935,4.8471,9.6647,53.5232,47.3560,44.8190,43.5858,42.5677,41.8729,41.2035,40.5581,39.9274,39.0613,38.0957,36.3552,33.1453,28.5649,23.5794,14.1537
68.398,0.1140613224513443,0.5934726145214957,1.7054541154495635e-18,3,149.776,0.744723,0.0073449,14043.0,0.0,2.2072,5.3898,72.2171,53.8008,46.8046,43.9887,42.6326,41.5192,40.7626,40.0360,39.3378,38.6665,37.7689,36.7994,35.1114,32.0206,27.6286,22.8677,13.8853
68.505,0.10769521519417523,0.6118541727326537,2.866356731836082e-19,3,152.055,0.720484,0.0285465,14263.2,0.0,2.4759,6.5473,77.2333,54.4747,46.4288,43.2763,41.7751,40.5507,39.7228,38.9308,38.1727,37.4464,36.4793,35.4397,33.6591,30.6316,26.4539,21.9494,13.4839
68.621,0.10045314063657734,0.639638615555411,4.817485759196905e-20,3,154.476,0.678968,0.0519459,14496.6,0.0,2.9273,8.8215,85.1188,55.7373,46.3079,42.7357,41.0579,39.7004,38.7879,37.9193,37.0915,36.3017,35.2553,34.1369,32.2367,29.0620,25.0493,20.8314,12.9487
68.730,0.09360159502351866,0.6655303420920721,8.096748315482239e-21,3,157.063,0.618116,0.0772273,14736.4,0.0,3.6039,15.2336,98.5934,57.9451,46.5828,42.4620,40.5596,39.0355,38.0186,37.0561,36.1437,35.2778,34.1373,32.9267,30.8893,27.5389,23.4465,19.5184,12.2759
68.836,0.08718226508660035,0.6878217676529801,1.3608204893831003e-21,3,159.781,0.535648,0.104407,14983.3,0.0,4.5658,38.8284,124.6130,61.6204,47.4042,42.5392,40.3422,38.6038,37.4544,36.3742,35.3571,34.3979,33.1434,31.8228,29.6253,26.0785,21.8543,18.0060,11.4565
68.949,0.07939540445767096,0.7046176536214035,2.287130996506177e-22,4,160.361,0.43042,0.131705,12163.0,0.0,5.8695,37.6692,200.0000,68.5534,49.4386,43.4267,40.7924,38.7422,37.4029,36.1557,34.9916,33.9026,32.4911,31.0208,28.6086,24.8035,20.4075,16.5237,10.5034
69.059,0.07124158887878337,0.7164489506292865,3.843981065827933e-23,4,162.502,0.302273,0.162142,12341.4,0.0,7.5840,37.0345,190.8790,79.7428,52.4287,44.7994,41.5837,39.1320,37.5539,36.1009,34.7586,33.5150,31.9203,30.2792,27.6305,23.5587,19.0093,15.1198,9.4030
69.170,0.06193149519789348,0.7241687831578296,6.460578977337007e-24,4,164.681,0.147207,0.192929,12497.7,0.0,9.1631,37.0139,174.8560,97.3617,56.0500,46.2764,42.3494,39.4281,37.5799,35.8998,34.3660,32.9603,31.1788,29.3700,26.5015,22.2102,17.5772,13.7440,8.2974
69.274,0.05857748558853948,0.7293803534276576,1.0858295087210309e-24,4,166.839,-0.00961717,0.169328,12726.7,0.0,10.4835,37.4921,151.0640,126.0620,59.8112,47.4003,42.6877,39.2770,37.1597,35.2616,33.5504,31.9999,30.0589,28.1151,25.0869,20.6767,16.0700,12.3733,7.2808
69.387,0.06249010701574636,0.7325577995236748,1.824953655307437e-25,4,169.074,-0.148948,0.1422,12860.7,0.0,11.4941,36.6136,102.6010,183.0700,70.6040,51.8899,45.4737,41.0398,38.3710,36.0307,33.9619,32.1201,29.8570,27.6367,24.2663,19.5417,14.8251,11.1911,6.3814
69.497,0.06922205605301351,0.7335989850604178,3.067199608475209e-26,4,171.244,-0.268182,0.113427,13055.6,0.0,12.2229,35.1526,79.3726,170.1090,100.7090,62.9640,52.4862,45.8214,42.0146,38.7945,36.0354,33.6451,30.7897,28.0722,24.0972,18.8107,13.8390,10.1997,5.6107
69.609,0.0775011977215452,0.7359655415964726,5.155042381964284e-27,4,173.398,-0.364658,0.0825774,13242.8,0.0,12.6675,33.2210,64.7157,154.0110,172.4070,97.9092,72.0860,58.5765,51.6653,46.2159,41.8093,38.1725,34.0324,30.2842,25.1121,18.7487,13.2416,9.4721,4.9960
69.721,0.08690923255308967,0.7373975695297071,8.664079731367373e-28,4,175.542,-0.435117,0.0477917,13395.2,0.0,12.8037,30.7497,53.5010,115.8710,157.4420,165.3770,168.9640,111.7330,86.7825,70.9452,60.0001,51.9842,43.7979,37.1235,28.8859,20.0375,13.3225,9.1512,4.5796
69.833,0.09735374345789018,0.7383486914428693,1.4561718804509145e-28,4,177.638,-0.475504,0.00918597,13540.8,0.0,12.6367,27.9391,44.5060,78.5214,136.0600,148.5490,153.3210,156.9800,159.3730,161.6160,163.7280,118.1450,81.0098,59.6075,39.8770,24.0261,14.5097,9.4153,4.4102
69.939,0.1087953856564552,0.7397987847588743,2.447388079473852e-29,4,179.676,-0.481679,-0.0324891,13687.0,0.0,12.1831,24.9644,37.1076,57.7105,87.0517,116.8990,131.4090,137.6220,141.1820,144.3230,147.1640,149.7740,153.1230,156.6040,83.3416,34.7232,17.6672,10.5535,4.5482
70.051,0.12120022315960098,0.739135521649163,4.1133251451717026e-30,4,181.637,-0.449663,-0.0766676,13839.4,0.0,11.4569,21.9075,30.8199,44.0331,59.5925,72.4767,81.9497,92.5495,101.9810,113.5620,122.9860,128.1280,133.5610,138.5920,146.2570,72.5878,24.9431,13.0933,5.0732
70.155,0.09969657899853805,0.7389181835933728,6.913265571490081e-31,4,183.555,-0.376387,-0.121883,13980.8,0.0,10.4823,18.8499,25.3872,34.1761,43.3452,50.1228,54.7001,59.4612,63.4091,67.9241,73.1374,79.2239,89.6846,105.6460,125.3860,141.7660,42.7890,17.9720,6.0752
70.272,-0.0498943255424778,0.7399853959467514,1.161912544600338e-31,4,185.685,-0.266365,-0.140447,14093.5,0.0,9.5081,16.7095,22.1656,29.2675,36.4046,41.5104,44.8804,48.3205,51.1245,54.2782,57.8512,61.9328,68.7303,78.6047,107.1960,130.0690,63.8525,23.1671,7.3222
70.376,-0.011435622121759128,0.7391966704032064,1.9528264137097886e-32,4,187.882,-0.143202,-0.127088,14242.8,0.0,8.6713,15.4911,20.7722,27.8053,35.0620,40.3738,43.9364,47.6207,50.6599,54.1178,58.0870,62.6900,70.5222,82.2866,108.4710,126.5990,62.4953,25.3114,8.4030
70.485,-0.0037472246568580315,0.7410178126139727,3.282115353522042e-33,4,190.031,-0.0214787,-0.123521,14395.8,0.0,7.7695,13.9425,18.7518,25.1979,31.8993,36.8374,40.1649,43.6196,46.4794,49.7446,53.5076,57.8913,65.4010,76.8007,102.5350,120.3030,68.4174,28.4188,9.5528
70.595,-0.0012278905755592397,0.7417109394935966,5.516251274664497e-34,4,192.155,0.0989596,-0.122817,14548.9,0.0,6.8572,12.3163,16.5745,22.2894,28.2397,32.6300,35.5913,38.6681,41.2171,44.1294,47.4884,51.4051,58.1238,68.3455,94.8089,113.1190,76.2164,31.8106,10.7189
70.707,-0.044631553647080505,0.7421729773720117,9.271163517328621e-35,4,194.244,0.219291,-0.119129,14704.7,0.0,5.9586,10.7528,14.5163,19.6021,24.9402,28.9072,31.5968,34.4032,36.7372,39.4142,42.5154,46.1502,52.4326,62.1057,88.3920,106.5100,81.1166,34.6901,11.8367
70.820,-0.16621478705288784,0.6841590537252608,1.5582044523574214e-35,4,196.027,0.325732,-0.0739606,14846.3,0.0,5.3413,10.2539,14.4682,20.7597,28.2360,34.4827,39.1086,44.3177,48.9825,54.7494,62.0614,71.6331,82.8947,88.9675,97.0821,108.9930,58.8930,31.2169,12.1827
70.931,-0.07375989976595278,0.22726923872469343,0.18235015869140625,4,195.384,0.391591,-0.022105,14449.7,0.0,5.0521,10.5386,15.9074,25.3895,39.7701,55.5700,70.5026,78.3537,81.8817,84.8583,87.5008,89.9123,93.0043,96.2363,101.6730,110.9170,44.8321,27.4124,12.0780
71.034,-0.02836228850830741,0.07447158414530755,0.762646421585083,4,185.607,0.418695,-0.000558678,13306.7,0.0,4.9298,10.6957,16.7315,28.4897,49.6038,70.8875,76.3221,80.0877,82.4753,84.6871,86.7614,88.7241,91.3175,94.0997,98.9035,107.3170,41.0492,26.1881,12.0448
71.146,-0.01779821300008417,0.024402848692734378,0.8740098975279533,4,171.68,0.427376,0.000375923,12133.9,0.0,4.8607,10.5646,16.5543,28.2786,49.5196,66.9690,71.6340,75.0401,77.2417,79.3023,81.2496,83.1033,85.5671,88.2257,92.8494,101.0340,41.1191,26.2769,12.1071
71.258,-0.026408013916182582,0.007996325459635202,0.8577391731589196,4,158.033,0.430779,-0.00273163,11041.9,0.0,4.8169,10.4078,16.2184,27.4146,47.1201,61.9672,66.2702,69.4751,71.5645,73.5305,75.3961,77.1782,79.5554,82.1305,86.6318,94.6667,41.8277,26.5792,12.1739
71.366,-0.1331433861687575,0.0026202359266132625,0.3371472780391184,3,146.078,0.432778,-0.000572507,13051.3,0.0,4.8103,10.4362,16.3251,27.7964,48.3925,59.0472,62.7492,65.6210,67.5284,69.3421,71.0774,72.7459,74.9861,77.4289,81.7325,89.5023,41.4594,26.4491,12.1645
71.478,-0.04362842477977845,0.0008585989084326339,0.05666434302003463,3,138.98,0.4315,0.0108759,12556.5,0.0,4.8772,10.8194,17.2918,30.7111,51.5959,58.3834,61.4168,63.8778,65.5496,67.1613,68.7210,70.2345,72.2842,74.5400,78.5566,85.9162,39.3022,25.5753,12.0167
71.585,-0.014296162231837804,0.0002813456903152055,0.009523576131377222,3,137.173,0.421147,0.0270225,12419.5,0.0,5.0500,11.5808,19.1454,36.5563,52.8258,58.0871,60.6389,62.7664,64.2353,65.6670,67.0647,68.4313,70.2970,72.3672,76.0904,83.0110,36.3985,24.2934,11.7458
71.695,-0.004684566440128611,9.219135580248655e-05,0.00160062744040057,3,135.758,0.402851,0.0329778,12296.7,0.0,5.2427,12.1778,20.4098,39.4222,50.9135,55.4980,57.7881,59.7222,61.0688,62.3889,63.6844,64.9570,66.7031,68.6511,72.1796,78.8113,35.0640,23.6060,11.5297
71.805,-0.001535038731101343,0.08365058035721935,0.00026901745390812385,3,134.637,0.380462,0.0356266,12256.2,0.0,5.4547,12.7441,21.4944,38.9455,48.2247,52.3042,54.3837,56.1575,57.4007,58.6254,59.8326,61.0234,62.6644,64.5041,67.8590,74.2324,34.1813,23.0692,11.3177
71.916,-0.0005030014914072881,0.22385600107770362,4.521376347833839e-05,3,134.342,0.356205,0.0363476,12325.9,0.0,5.6727,13.2744,22.4281,37.3217,45.1582,48.8079,50.6995,52.3268,53.4744,54.6099,55.7340,56.8470,58.3874,60.1231,63.3091,69.4292,34.7178,22.6215,11.1113
72.029,-0.00016482352870434016,0.3236751500581419,7.599077227804333e-06,3,134.828,0.331226,0.0363957,12440.5,0.0,5.8931,13.7917,23.3047,35.2376,41.9454,45.2039,46.9177,48.4040,49.4581,50.5059,51.5473,52.5826,54.0217,55.6515,58.6641,64.5189,73.7609,22.2020,10.9062
72.136,-5.400937388583819e-05,0.3795319591085519,1.2771769096770741e-06,3,135.798,0.305937,0.0363452,12553.5,0.0,6.1156,14.3108,23.6239,32.9008,38.6635,41.5577,43.1002,44.4483,45.4097,46.3696,47.3277,48.2839,49.6190,51.1392,53.9698,59.5404,68.4929,21.7912,10.6995
72.246,-1.7697791634911456e-05,0.4042997725950653,2.146551232094258e-07,3,136.974,0.280405,0.036339,12696.5,0.0,6.3405,14.8369,22.8780,30.3784,35.3237,37.8759,39.2528,40.4650,41.3342,42.2058,43.0796,43.9551,45.1832,46.5894,49.2282,54.4922,63.1193,22.0103,10.4904
72.355,-0.18533805736943715,0.413578213155826,3.6077086557808194e-08,3,138.167,0.24948,0.0613043,12803.8,0.0,6.7976,16.3176,23.2739,29.7547,34.1253,36.4138,37.6571,38.7565,39.5477,40.3434,41.1434,41.9473,43.0786,44.3786,46.8325,51.7775,60.0089,21.3305,10.0078
72.466,-0.23853383437943554,0.41754467607440104,6.063475937770824e-09,3,139.013,0.191517,0.130792,12977.5,0.0,7.9673,19.0685,25.9483,32.1448,36.2818,38.4434,39.6173,40.6552,41.4023,42.1537,42.9093,43.6688,44.7377,45.9665,48.2880,52.9764,60.8111,17.6421,9.0120
72.575,-0.13893878700822102,0.4221663324248097,1.0190884008611425e-09,3,139.905,0.0925214,0.196208,13028.9,0.0,9.4602,21.1198,27.8074,33.7110,37.6309,39.6774,40.7890,41.7719,42.4795,43.1915,43.9075,44.6273,45.6412,46.8076,49.0140,53.4795,60.9660,14.9295,7.9079
72.685,-0.11418825548700229,0.42438700482458663,1.712781875327322e-10,3,140.943,-0.0437609,0.218757,13112.5,0.0,10.5082,21.7623,27.9392,33.3823,37.0143,38.9181,39.9548,40.8732,41.5354,42.2024,42.8741,43.5503,44.5040,45.6034,47.6882,51.9289,59.0994,13.4425,6.9608
72.795,-0.10456256629537153,0.4258314638190455,2.87867249786263e-11,3,142.067,-0.176031,0.180165,13194.8,0.0,11.2129,21.7256,27.3345,32.2933,35.6268,37.3844,38.3447,39.1972,39.8130,40.4342,41.0608,41.6923,42.5845,43.6151,45.5760,49.5904,56.4518,12.4933,6.1575
72.905,-0.09321306842421422,0.4274432138298498,4.838184867157723e-12,3,143.219,-0.28359,0.138886,13291.2,0.0,11.6396,21.3571,26.4443,30.9603,34.0194,35.6415,36.5306,37.3215,37.8937,38.4717,39.0554,39.6446,40.4784,41.4438,43.2868,47.0840,53.6474,11.9879,5.5211
73.018,-0.08011426325931682,0.4294772114483902,8.131537306231986e-13,3,144.39,-0.361088,0.0929667,13382.7,0.0,11.7614,20.5950,25.1703,29.2574,32.0500,33.5396,34.3585,35.0886,35.6178,36.1532,36.6947,37.2421,38.0185,38.9192,40.6450,44.2268,50.4954,12.4289,5.1172
73.126,-0.14200916109058326,0.4286378524130335,1.3666674750584099e-13,3,145.496,-0.405678,0.049215,13484.1,0.0,11.6633,19.6831,23.8157,27.5320,30.0909,31.4630,32.2196,32.8957,33.3864,33.8837,34.3874,34.8973,35.6215,36.4638,38.0834,41.4678,47.4633,14.6673,4.9608
73.235,-0.22571796743532246,0.4202688171037028,2.2969580253306697e-14,3,146.357,-0.422647,0.0247332,13592.6,0.0,11.5571,19.1334,23.0295,26.5446,28.9737,30.2798,31.0011,31.6462,32.1150,32.5902,33.0720,33.5602,34.2543,35.0625,36.6192,39.8847,45.7085,54.3964,4.9427
73.345,-0.2731245728434689,0.2935159203635413,3.860497353173257e-15,3,146.531,-0.420977,0.0117843,13509.9,0.0,11.4226,18.7428,22.5097,25.9147,28.2727,29.5426,30.2446,30.8728,31.3294,31.7926,32.2623,32.7384,33.4157,34.2049,35.7268,38.9253,44.6506,53.4839,5.0306
73.457,-0.2872147815886205,0.2148605917066002,6.488337901478292e-16,3,145.806,-0.406846,0.00299757,13377.2,0.0,11.2357,18.3565,22.0289,25.3558,27.6646,28.9096,29.5983,30.2150,30.6635,31.1185,31.5801,32.0481,32.7142,33.4906,34.9891,38.1436,43.8051,53.4860,5.2110
73.565,-0.2938833280188245,0.20172850306541876,1.0904949511014567e-16,3,144.667,-0.384215,0.00476902,13270.5,0.0,11.0795,18.1659,21.8316,25.1565,27.4655,28.7107,29.3997,30.0165,30.4652,30.9204,31.3822,31.8506,32.5170,33.2938,34.7929,37.9487,43.7235,55.7103,5.4078
73.674,-0.3008125642988526,0.25988089783760143,1.8327948643162182e-17,3,143.488,-0.356127,0.00405329,13229.7,0.0,10.8601,17.8493,21.4806,24.7822,27.0786,28.3181,29.0041,29.6185,30.0654,30.5190,30.9792,31.4459,32.1103,32.8849,34.3801,37.5333,44.1929,59.7908,5.6703
73.785,-0.3044228882286466,0.32564953822842524,3.0803783284562684e-18,3,142.955,-0.323348,-0.0110238,13256.1,0.0,10.4857,17.1214,20.5896,23.7605,25.9762,27.1759,27.8410,28.4373,28.8714,29.3123,29.7599,30.2142,30.8614,31.6169,33.0802,36.4593,44.2574,64.3133,6.0837
73.896,-0.30302443491734177,0.37865499693669036,5.17719185663645e-19,3,142.936,-0.283262,-0.0307563,13299.1,0.0,10.0304,16.2333,19.4985,22.5038,24.6168,25.7653,26.4033,26.9761,27.3936,27.8181,28.2495,28.6896,29.3323,30.1087,31.6982,35.5204,44.7866,71.9519,6.6306
74.007,-0.2985870601760473,0.4074246869743397,8.701306353448882e-20,3,143.194,-0.233082,-0.0468224,13351.1,0.0,9.5398,15.3562,18.4445,21.3080,23.3334,24.4426,25.0789,25.6677,26.1079,26.5656,27.0416,27.5372,28.2660,29.1532,30.9931,35.5524,47.4708,91.5591,7.2849
74.115,-0.2930846913615169,0.4366841069746266,1.4624285588241537e-20,3,143.63,-0.171518,-0.0601018,13424.7,0.0,8.9944,14.4447,17.3707,20.1107,22.1999,23.4420,24.1701,24.8494,25.3608,25.8958,26.4559,27.0428,27.9133,28.9850,31.2508,37.1302,54.5549,164.8030,8.0719
74.226,-0.28667764544422153,0.46247638645469563,2.4579036788157557e-21,3,144.225,-0.0980695,-0.0732859,13500.3,0.0,8.3706,13.4286,16.1985,19.1030,21.4961,22.9583,23.8295,24.6520,25.2775,25.9376,26.6352,27.3735,28.4825,29.8709,32.8945,41.3470,73.0525,200.0000,9.0420
74.335,-0.28112081697791674,0.47872534043847464,4.1309987129856406e-22,3,144.94,-0.012448,-0.0883091,13584.2,0.0,7.6563,12.3023,15.2080,18.5023,21.3587,23.1717,24.2777,25.3401,26.1602,27.0373,27.9774,28.9875,30.5349,32.5250,37.0749,51.6171,151.5000,67.3364,10.2615
74.445,-0.27313408559531555,0.49008377619550436,6.942969536914966e-23,3,145.719,0.0852502,-0.105485,13692.4,0.0,6.8546,11.4086,14.6271,18.5364,22.1764,24.6199,26.1650,27.6899,28.8955,30.2132,31.6594,33.2536,35.7806,39.1915,47.7508,85.0719,200.0000,44.4839,11.2617
74.556,-0.2636028830358027,0.5286272006118679,1.1669048900692985e-23,3,146.691,0.194689,-0.124928,13789.1,0.0,6.1139,10.9382,14.6814,19.6768,24.8435,28.6335,31.1793,33.8154,35.9923,38.4720,41.3219,44.6315,50.2754,58.7812,86.1531,200.0000,85.9330,35.0969,11.6992
74.664,-0.16546327221415622,0.5874237466433718,1.9612170487394703e-24,3,148.12,0.288917,-0.0670121,13978.1,0.0,5.6670,10.9918,15.6314,22.6870,31.2796,38.6388,44.1976,50.5717,56.3853,63.7152,73.2414,86.1246,114.2820,182.5080,200.0000,140.2710,54.4820,29.5710,11.7500
74.775,-0.0542190050391347,0.6382590347844751,3.296217493816428e-25,3,150.208,0.344248,-0.0278328,14185.6,0.0,5.4156,11.1854,16.7389,26.3277,40.3577,55.1010,68.4599,86.9112,107.6440,141.3810,200.0000,200.0000,200.0000,200.0000,192.1810,85.6208,44.6568,26.9632,11.7375
74.885,-0.017766483571223658,0.6978834275494268,5.539952741857272e-26,3,152.875,0.371269,-0.0130819,14414.6,0.0,5.2665,11.1639,17.0936,27.9762,45.5601,66.5501,88.2645,123.5620,172.9920,200.0000,200.0000,200.0000,200.0000,200.0000,145.1050,75.5696,42.1717,26.2719,11.7909
74.995,-0.03365775420880607,0.7437601348987711,9.31099857323952e-27,3,155.905,0.383879,-0.00693828,14705.5,0.0,5.1921,11.1307,17.2187,28.7118,48.2125,73.1305,101.0030,151.5730,200.0000,200.0000,200.0000,200.0000,200.0000,200.0000,132.1470,72.2149,41.2851,26.0291,11.8249
75.106,-0.039886241508261575,0.7717599694411292,1.5648995302043662e-27,4,158.614,0.384683,0.0159547,12170.6,0.0,5.3065,11.8924,19.2007,34.8232,68.5818,133.4030,200.0000,200.0000,200.0000,200.0000,200.0000,200.0000,182.1570,139.5080,96.9861,60.3395,37.1742,24.3917,11.5664
75.215,-0.013069923617427153,0.7952842892083443,2.630126640414479e-28,4,159.499,0.370865,0.0293643,12177.5,0.0,5.5023,12.6813,21.0761,40.7313,93.3482,200.0000,200.0000,200.0000,200.0000,200.0000,200.0000,175.7510,139.4090,112.7780,83.0706,54.4867,34.7729,23.2884,11.3051
75.325,-0.0042827525709585295,0.8232841933877901,4.4204538445446147e-29,4,162.161,0.347771,0.0330312,12382.0,0.0,5.7266,13.3034,22.2991,43.9588,106.4180,200.0000,200.0000,200.0000,200.0000,200.0000,193.7120,160.2490,129.0540,105.5840,78.7685,52.3130,33.6800,22.6760,11.0765
75.434,-0.0014033723624516908,0.855932537926811,7.429456776526135e-30,4,164.942,0.32054,0.034207,12612.8,0.0,5.9732,13.9119,23.3844,46.4046,114.5200,200.0000,200.0000,200.0000,200.0000,198.0620,184.6030,153.4400,124.1220,101.8910,76.3077,50.8737,32.8434,22.1496,10.8407
75.545,-0.00045985705572817006,0.8970159779341074,1.2486688004307475e-30,4,167.9,0.291409,0.0348193,12845.2,0.0,6.2334,14.5374,24.4716,48.7325,121.5200,200.0000,200.0000,199.4990,196.6420,192.6240,177.9920,148.2980,120.2330,98.8673,74.1893,49.5589,32.0399,21.6264,10.5955
75.656,-0.00015068596002100677,0.9280786839306983,2.0986376528839574e-31,4,171.009,0.26116,0.0350596,13109.0,0.0,6.5011,15.1699,25.5511,50.9527,127.5820,199.7770,197.1500,194.1200,191.2860,187.3040,172.8710,144.1640,116.9810,96.2572,72.2861,48.3248,31.2594,21.1066,10.3450
75.766,-4.9376775379683504e-05,0.9434193973691611,3.527180303202068e-32,4,174.23,0.230066,0.0353038,13354.3,0.0,6.7765,15.8210,26.6634,53.2459,133.8930,194.2740,191.6500,188.6370,185.8280,181.8850,167.6730,139.9580,113.6690,93.5942,70.3407,47.0607,30.4588,20.5732,10.0877
75.875,-1.617978175641469e-05,0.9510077091455518,5.928131935591716e-33,4,177.484,0.19818,0.0355551,13592.6,0.0,7.0591,16.4898,27.8072,55.6115,140.4590,188.6620,186.0420,183.0490,180.2660,176.3650,162.4020,135.6850,110.2970,90.8793,68.3545,45.7685,29.6394,20.0268,9.8239
75.985,-5.301790885941966e-06,0.9525530850390643,9.963411344148998e-34,4,180.723,0.165515,0.0357997,13838.7,0.0,7.3486,17.1754,28.9805,58.0405,147.2340,182.9410,180.3280,177.3580,174.6040,170.7520,157.1060,131.3790,106.8890,88.1301,66.3376,44.4523,28.8032,19.4684,9.5539
76.095,-1.7372908375054635e-06,0.9553272980306006,1.6745505446111224e-34,4,183.945,0.132064,0.0360357,14079.4,0.0,7.6451,17.8777,30.1827,60.5321,154.2030,177.1130,174.5100,171.5660,168.8440,165.0470,151.7940,127.0470,103.4490,85.3476,64.2905,43.1127,27.9502,18.8981,9.2776
76.212,-5.692754616337903e-07,0.9558975337842921,2.814417100327914e-35,4,187.151,0.0978416,0.0362555,14313.7,0.0,7.9484,18.5960,31.4123,63.0794,174.6840,171.1780,168.5880,165.6750,162.9900,159.2550,146.4860,122.7030,99.9878,82.5403,62.2183,41.7519,27.0815,18.3163,8.9954
76.315,-1.865401832681604e-07,0.9568087069954369,4.7301908205211244e-36,4,190.328,0.0628543,0.0364577,14549.5,0.0,8.2584,19.3300,32.6682,65.6796,168.6530,165.1370,162.5640,159.6850,157.0420,153.3780,141.1840,118.3470,96.5065,79.7090,60.1215,40.3702,26.1973,17.7233,8.7070
76.425,-6.11254872533108e-08,0.9562624931238898,7.950031712049853e-37,4,193.477,0.0271125,0.0366389,14782.5,0.0,8.5751,20.0793,33.9494,68.3290,162.5120,158.9910,156.4380,153.5990,151.0010,147.4180,135.8900,113.9840,93.0060,76.8545,58.0010,38.9684,25.2981,17.1193,8.4128
76.536,-2.002959966316488e-08,0.9565427968718362,1.3361618298442193e-37,4,196.593,-0.00935491,0.0367982,15012.4,0.0,8.8980,20.8428,35.2542,71.0221,156.2590,152.7400,150.2120,147.4170,144.8700,141.3770,130.6090,109.6150,89.4892,73.9794,55.8584,37.5476,24.3844,16.5046,8.1129
76.645,-6.563299217625869e-09,0.9556934846945883,2.24568718741918e-38,5,196.854,-0.0462019,0.0368125,13459.9,0.0,9.2230,21.6047,36.5440,73.6267,149.9640,146.4590,143.9640,141.2240,138.7410,135.3660,125.7110,105.5110,86.1428,71.2155,53.7738,36.1478,23.4761,15.8902,7.8111
76.756,-2.1506618876316446e-09,0.9554151820803476,3.774326455895417e-39,5,199.391,-0.0834133,0.0369107,13619.7,0.0,9.5521,22.3804,37.8652,76.3331,143.5910,140.1010,137.6400,134.9530,132.5310,129.2650,120.5470,101.2110,82.6601,68.3538,51.6285,34.7163,22.5514,15.2664,7.5056
76.864,-7.047288873391373e-10,0.9568674937390883,6.343510474423428e-40,5,201.892,-0.12115,0.0369841,13791.5,0.0,9.8856,23.1655,39.2007,79.0603,137.1240,133.6560,131.2340,128.6050,126.2490,123.1010,115.3980,96.9133,79.1691,65.4797,49.4688,33.2717,21.6166,14.6350,7.1961
76.974,-2.309255618032885e-10,0.9567410434734244,1.0661538054363456e-40,5,204.381,-0.159417,0.0370347,13948.8,0.0,10.2235,23.9602,40.5504,81.8072,130.5640,127.1240,124.7450,122.1800,119.8950,116.8720,110.2510,92.6069,75.6647,62.5894,47.2925,31.8129,20.6712,13.9960,6.8825
77.086,-7.566968809170158e-11,0.9561439461409966,1.791884700796866e-41,5,206.837,-0.198184,0.037059,14114.4,0.0,10.5656,24.7633,41.9121,84.5667,123.9080,120.5040,118.1750,115.6790,113.4700,110.5790,105.0210,88.2972,72.1488,59.6849,45.1012,30.3412,19.7160,13.3496,6.5649
77.197,-2.4795443393888777e-11,0.9555627892871068,3.011620616629293e-42,5,209.264,-0.237435,0.0370604,14276.7,0.0,10.9118,25.5746,43.2855,87.3384,117.1560,113.7970,111.5210,109.1000,106.9720,104.2210,99.3780,83.9727,68.6155,56.7622,42.8928,28.8557,18.7508,12.6961,6.2435
77.308,-8.124970891309473e-12,0.9517959397935991,5.061630770368853e-43,5,211.661,-0.277146,0.0370604,14431.1,0.0,11.2620,26.3954,44.6746,90.1412,110.3040,106.9970,104.7810,102.4390,100.3970,97.7894,93.4967,79.5998,65.0423,53.8063,40.6592,27.3530,17.7743,12.0349,5.9184
77.415,-2.6623904616642885e-12,0.7356935560515666,0.1392919921875,5,213.734,-0.317293,0.0370604,14496.6,0.0,11.6160,27.2251,46.0790,107.9070,103.3540,100.1080,97.9562,95.6995,93.7475,91.2874,87.4604,75.1788,61.4299,50.8179,38.4009,25.8338,16.7871,11.3665,5.5897
77.525,-8.724121064781542e-13,0.2627564394469773,0.679615262677002,5,208.652,-0.357327,0.0370604,13734.9,0.0,11.9690,28.0525,47.4793,100.9480,96.3983,93.2227,91.1403,88.9732,87.1147,84.8048,81.3846,70.7704,57.8276,47.8379,36.1491,24.3189,15.8027,10.7000,5.2619
77.639,-2.858719990507616e-13,0.08610003007798553,0.7486280803255652,5,196.326,-0.395546,0.0370452,12724.1,0.0,12.3058,28.8410,48.8118,94.2604,89.7317,86.6330,84.6224,82.5463,80.7816,78.6188,75.5523,66.5803,54.4015,45.0018,34.0043,22.8749,14.8638,10.0641,4.9491
77.746,-9.367453664895354e-14,0.0282132578559543,0.6928200931522124,5,183.418,-0.431293,0.0366589,11842.2,0.0,12.6158,29.5422,49.9515,87.9837,83.5027,80.4949,78.5642,76.5883,74.9266,72.9235,70.2129,63.0890,51.4814,42.5434,32.1088,21.5739,14.0063,9.4784,4.6581
77.854,-3.06952721691291e-14,0.009244920334239104,0.6289002181549692,5,171.2,-0.464416,0.0360724,11045.5,0.0,12.8996,30.1676,50.9363,82.1002,77.6843,74.7746,72.9267,71.0531,69.4951,67.6484,65.2523,60.0649,48.9149,40.3598,30.4056,20.3921,13.2214,8.9399,4.3891
77.965,-1.0058226784380223e-14,0.00302937549512347,0.5600110331943584,5,159.796,-0.494979,0.0355775,10328.9,0.0,13.1618,30.7472,51.8527,76.5696,72.2260,69.4136,67.6455,65.8688,64.4069,62.6999,60.5580,57.0039,46.4733,38.2942,28.8048,19.2883,12.4916,8.4406,4.1406
78.075,-3.295879752705712e-15,0.0009926657622420587,0.526097521634132,4,149.403,-0.523142,0.0351369,10850.1,0.0,13.4034,31.2812,52.7285,71.3680,67.1039,64.3894,62.6991,61.0154,59.6440,58.0648,56.1382,53.3400,44.1796,36.3605,27.3122,18.2632,11.8158,7.9790,3.9113
78.185,-1.0799938773666077e-15,0.0003252767169714778,0.4831527166561169,4,139.73,-0.549187,0.0348622,10039.3,0.0,13.6286,31.7875,71.4285,66.4582,62.2784,59.6596,58.0440,56.4478,55.1600,53.6959,51.9504,49.6000,41.9438,34.4944,25.8879,17.2957,11.1828,7.5486,3.6986
78.295,-3.5389239373549e-16,0.00010658667461721386,0.42427012457984864,4,130.835,-0.573254,0.0341493,9431.99,0.0,13.8298,32.2063,66.8446,61.8671,57.7883,55.2733,53.7369,52.2328,51.0318,49.6845,48.1159,46.1299,40.1475,32.9515,24.6732,16.4464,10.6161,7.1589,3.5035
78.405,-1.159634595792454e-16,3.4926321538568636e-05,0.2873670770915531,3,123.473,-0.595444,0.0335886,11133.9,0.0,14.0164,32.6009,62.4856,57.5170,53.5426,51.1292,49.6690,48.2519,47.1315,45.8898,44.4725,42.7545,38.3969,31.4645,23.5167,15.6469,10.0869,6.7966,3.3230
78.516,-3.799890643492713e-17,1.144465704175817e-05,0.10391317130449218,3,118.477,-0.616176,0.03291,10658.6,0.0,14.1882,32.9518,58.2976,53.3575,49.4968,47.1881,45.8051,44.4749,43.4335,42.2929,41.0147,39.5193,36.5148,30.1161,22.4584,14.9094,9.5962,6.4598,3.1548
78.628,-1.2451481660596919e-17,3.7501852194433175e-06,0.017464686701146002,3,116.257,-0.635861,0.0319902,10532.8,0.0,14.3470,33.2538,54.1961,49.3055,45.5715,43.3737,42.0707,40.8294,39.8675,38.8264,37.6799,36.3786,34.0493,28.9184,21.4984,14.2285,9.1381,6.1433,2.9955
78.735,-4.080101510544398e-18,1.2288606927071865e-06,0.0029352898938616095,3,114.961,-0.654741,0.0311477,10425.4,0.0,14.4995,55.1272,50.0961,45.2719,41.6750,39.5921,38.3708,37.2185,36.3348,35.3891,34.3642,33.2299,31.3348,27.7274,20.5533,13.5643,8.6940,5.8377,2.8425
78.846,-1.3369676629751884e-18,4.026730717862909e-07,0.0004933341724613206,3,113.832,-0.67293,0.0303194,10327.0,0.0,14.6460,51.1001,45.9808,41.2424,37.7961,35.8343,34.6974,33.6355,32.8296,31.9769,31.0666,30.0808,28.5118,26.1566,19.6310,12.9190,8.2639,5.5423,2.6948
78.955,0.018767292019042967,1.3194791216293183e-07,8.291467436557415e-05,3,112.751,-0.690461,0.0295312,10228.6,0.0,14.7871,47.0178,41.8393,37.2083,33.9280,32.0945,31.0451,30.0753,29.3472,28.5855,27.7837,26.9319,25.6252,23.8642,18.7257,12.2895,7.8463,5.2561,2.5523
79.065,0.18153514783876798,4.32366918575495e-08,1.393546932062205e-05,3,111.638,-0.703419,0.00720375,10128.4,0.0,14.5592,43.6857,38.6888,34.3821,31.4295,29.8271,28.9300,28.1166,27.5173,26.9007,26.2647,25.6075,24.6473,23.4781,20.9583,13.7927,8.2785,5.3539,2.4986
79.175,0.26960423040446757,1.4167799187881818e-08,2.342134328716948e-06,3,110.328,-0.693714,-0.0632761,9996.78,0.0,13.5424,42.0162,37.5562,33.8390,31.3750,30.0695,29.3531,28.7145,28.2514,27.7821,27.3065,26.8243,26.1374,25.3342,23.7690,20.3376,12.6179,6.9314,2.7803
79.286,0.3205381652499734,4.642504437885114e-09,3.936425166274575e-07,3,108.744,-0.647644,-0.15789,9838.51,0.0,12.2124,40.9410,37.0359,33.8515,31.7870,30.7118,30.1267,29.6079,29.2335,28.8559,28.4750,28.0908,27.5475,26.9186,25.7197,23.2455,18.8764,12.1671,3.6008
79.396,0.36322570947473626,1.521255854206194e-09,6.615949776957678e-08,3,106.844,-0.559686,-0.264316,9655.66,0.0,10.7902,39.9742,36.5438,33.7882,32.0236,31.1126,30.6193,30.1835,29.8700,29.5546,29.2374,28.9184,28.4689,27.9511,26.9690,24.9655,21.5452,16.7610,5.3069
79.505,0.4035569286166816,4.984851183062856e-10,1.111942679013277e-08,3,104.715,-0.428948,-0.37079,9451.19,0.0,9.3673,38.8151,35.7479,33.3153,31.7729,30.9810,30.5535,30.1767,29.9061,29.6342,29.3611,29.0870,28.7013,28.2582,27.4209,25.7265,22.8715,18.9233,8.1700
79.614,0.4442549513641142,1.6334360356660367e-10,1.8688420606176152e-09,3,102.257,-0.256923,-0.485263,9230.63,0.0,7.9042,12.9954,34.9348,32.7630,31.3958,30.6973,30.3211,29.9899,29.7524,29.5139,29.2747,29.0347,28.6974,28.3104,27.5807,26.1101,23.6497,20.2713,10.5449
79.726,0.4822349154473113,5.35244320167047e-11,3.1409628512800266e-10,3,99.6222,-0.0493355,-0.548343,8993.16,0.0,6.5645,10.3216,33.9120,31.9377,30.7040,30.0760,29.7384,29.4417,29.2291,29.0159,28.8022,28.5881,28.2875,27.9431,27.2952,25.9942,23.8294,20.8746,12.1494
79.834,0.5006828266018609,1.7538885883233797e-11,5.27901626414634e-11,3,96.8785,0.14371,-0.515667,8750.47,0.0,5.4074,8.4629,32.7160,30.8861,29.7527,29.1786,28.8707,28.6005,28.4070,28.2132,28.0191,27.8247,27.5522,27.2404,26.6549,25.4839,23.5494,20.9276,13.1405
79.945,0.5054586726295773,5.74714212621805e-12,8.872442635150753e-12,3,94.0286,0.307038,-0.475584,8502.11,0.0,4.4388,7.0551,31.4894,29.7662,28.7088,28.1756,27.8904,27.6404,27.4617,27.2829,27.1040,26.9251,26.6746,26.3883,25.8518,24.7829,23.0276,20.6696,13.6926
80.055,0.5015640075365714,1.8832235319191305e-12,1.491191433689787e-12,3,91.1696,0.43698,-0.420219,8253.09,0.0,3.6872,6.1143,30.4307,28.5661,27.5653,27.0631,26.7950,26.5605,26.3930,26.2256,26.0583,25.8911,25.6573,25.3905,24.8918,23.9030,22.2912,20.1449,13.8722
80.165,0.4372456596704646,6.170946869392606e-13,2.5062454426024255e-13,3,88.3607,0.531382,-0.357668,8008.4,0.0,3.1674,5.7001,29.7242,27.4777,26.3770,25.8847,25.6296,25.4068,25.2479,25.0893,24.9309,24.7727,24.5519,24.3002,23.8310,22.9046,21.4067,19.4336,13.7670
80.280,0.40064877274249355,2.0220958701625696e-13,4.2122467153818964e-14,2,85.7776,0.588717,-0.280888,9770.59,0.0,2.9112,6.1906,29.3996,26.6907,25.3792,24.7953,24.5015,24.2540,24.0824,23.9150,23.7517,23.5924,23.3759,23.1357,22.6898,21.8135,20.4078,18.5775,13.4374
80.385,0.37866055497827095,6.626003747348708e-14,7.079523054542353e-15,2,82.9393,0.609537,-0.204193,9305.41,0.0,2.9294,36.5679,29.6327,26.3052,24.7282,24.0323,23.6834,23.3901,23.1870,22.9892,22.7965,22.6087,22.3537,22.0732,21.5770,20.6896,19.3592,17.6467,12.9555
80.496,0.3619581762312134,2.1712089079312245e-14,1.1898554397769336e-15,2,80.0736,0.598448,-0.138914,9006.07,0.0,3.2100,40.9813,31.1244,26.7651,24.7722,23.9064,23.4754,23.1145,22.8654,22.6234,22.3881,22.1593,21.8496,21.5099,20.9114,19.8479,18.4016,16.7716,12.4215
80.605,0.34938379132663244,7.114617349509036e-15,1.9997900376330925e-16,2,77.276,0.561689,-0.0858033,8713.69,0.0,3.7448,51.3482,34.8368,28.5354,25.8248,24.6776,24.1131,23.6436,23.3214,23.0096,22.7077,22.4153,22.0211,21.5912,20.8394,19.5205,17.7570,15.9464,11.8486
80.718,0.340612448949207,2.3313178130871206e-15,3.361047116249939e-17,2,74.5595,0.506189,-0.0459674,8428.77,0.0,4.5208,82.4401,43.4870,32.7271,28.5846,26.9086,26.0997,25.4348,24.9824,24.5477,24.1297,23.7274,23.1892,22.6072,21.6022,19.8764,17.6372,15.4071,11.2542
80.825,0.23835091513147846,7.639262209923877e-16,5.648911888281273e-18,2,71.9527,0.438507,-0.0169004,8153.3,0.0,5.5162,200.0000,68.8221,42.7890,34.9730,32.0754,30.7262,29.6400,28.9126,28.2221,27.5659,26.9415,26.1167,25.2382,23.7528,21.2912,18.2523,15.3794,10.6579
80.938,0.09050889201130786,0.015058593750000248,9.494126210634338e-19,2,69.6481,0.36424,0.00357121,7904.26,0.0,6.4630,35.8780,200.0000,74.9270,51.6822,44.7799,41.8130,39.5278,38.0460,36.6740,35.4001,34.2143,32.6856,31.1031,28.5285,24.5208,19.9704,16.0185,10.1140
81.045,0.029657953734265365,0.19665288632812508,1.5956777922213134e-19,2,68.1454,0.287882,0.0258467,8208.66,0.0,6.8868,21.3030,55.6983,200.0000,121.1810,86.3054,74.8383,67.0533,62.4210,58.3916,54.8547,51.7256,47.9058,44.1850,38.5863,30.8375,23.2152,17.4176,9.8389
81.157,0.009718318279644075,0.41891249122950003,2.6818556653863614e-20,2,68.5671,0.211233,0.0647833,8636.57,0.0,7.1723,17.9487,32.8306,82.5098,200.0000,200.0000,200.0000,153.6040,129.7120,112.2590,98.9520,88.4716,77.0557,67.1636,54.1573,39.0995,26.8369,18.8228,9.6718
81.268,0.003184498533873771,0.5627874580167075,4.5073948168148575e-21,2,70.9632,0.155198,0.0279295,9128.83,0.0,7.3773,16.9505,28.0798,53.8640,121.0560,200.0000,200.0000,200.0000,200.0000,200.0000,189.1290,152.7800,120.3990,96.9371,71.0256,46.3501,29.4760,19.6995,9.5395
81.377,0.001043496479579757,0.6383916434616647,7.575578468620731e-22,2,74.6529,0.128031,0.00453823,9490.52,0.0,7.4327,16.2846,25.7129,44.5777,80.2073,133.8560,200.0000,200.0000,200.0000,200.0000,200.0000,200.0000,197.8900,140.5570,91.1141,53.5575,31.8730,20.5186,9.5285
81.487,-0.13666839069794096,0.6874385702138932,1.2732274732210863e-22,2,78.8898,0.118124,0.000672038,9978.88,0.0,7.4880,16.2842,25.5303,43.6565,76.5893,123.2020,182.4910,200.0000,200.0000,200.0000,200.0000,200.0000,200.0000,151.4700,95.2582,54.7489,32.1656,20.5661,9.4812
81.599,-0.044783498263901295,0.7251976538908135,2.13991341424268e-23,2,83.2694,0.10928,0.0282752,10796.3,0.0,7.7811,17.8915,29.6619,57.0002,128.6980,200.0000,200.0000,200.0000,200.0000,200.0000,179.9150,145.5990,114.9250,92.6372,67.9628,44.4062,28.2640,18.8991,9.1573
81.708,-0.014674656711115178,0.7564103570706917,3.5965524753176726e-24,2,88.029,0.095356,0.0453631,11333.0,0.0,8.0495,19.2235,33.2302,70.7355,200.0000,200.0000,200.0000,200.0000,179.4280,144.9280,121.5640,104.6940,87.6712,73.9451,57.1878,39.4123,26.0743,17.8537,8.9000
81.814,-0.004808591511098222,0.7811485965861743,6.044725745266413e-25,2,92.8339,0.0755448,0.054217,12125.9,0.0,8.3066,20.2545,35.8779,81.6849,200.0000,200.0000,200.0000,175.5750,141.9090,119.0850,102.5920,90.1183,77.0181,66.0560,52.1636,36.7757,24.7620,17.1480,8.6692
81.927,0.014398163491327902,0.8046883756449825,1.0159370560069262e-25,2,97.8281,0.0510129,0.0577719,12860.0,0.0,8.5610,21.0550,37.6865,88.4747,200.0000,200.0000,200.0000,156.4480,128.6280,109.2160,94.9004,83.9086,72.2088,62.2935,49.5608,35.2343,23.8828,16.6116,8.4446
82.041,0.011991295189916451,0.8366100857594728,1.7074854100308412e-26,2,102.962,0.0237477,0.0547978,13751.4,0.0,8.7777,21.4331,38.0294,87.0048,200.0000,200.0000,200.0000,164.5190,133.3730,112.1500,96.7600,85.0894,72.8058,62.5047,49.4211,34.8908,23.5188,16.2989,8.2475
82.147,0.01608381690021346,0.867155344073539,2.869770728638835e-27,2,108.298,-0.0044988,0.0486409,14838.0,0.0,8.9702,21.5858,37.6436,82.0377,200.0000,200.0000,200.0000,191.5490,149.6850,122.8460,104.1750,90.4371,76.3503,64.8232,50.5428,35.1386,23.4029,16.0930,8.0645
82.260,0.13785581199725883,0.8871844025991423,4.823223663623291e-28,3,111.627,-0.0311701,0.0371401,10191.2,0.0,9.0937,21.3173,36.0869,72.8482,189.3970,200.0000,200.0000,200.0000,200.0000,156.5510,126.7800,106.5300,87.0714,72.0447,54.4544,36.6425,23.8150,16.1269,7.9317
82.366,0.04517259247526177,0.8977787100436869,8.106392011451664e-29,3,115.55,-0.0459387,-0.00282556,11408.8,0.0,8.8501,19.1191,29.7883,50.3367,86.4711,135.1290,193.1520,200.0000,200.0000,200.0000,200.0000,200.0000,200.0000,140.3150,85.5180,48.0778,27.9037,17.7282,8.1184
82.477,0.014802155102293777,0.9036611335664902,1.3624413053646814e-29,3,120.025,-0.0460982,-0.0240648,11837.0,0.0,8.6703,18.0245,27.1258,43.0738,66.9572,92.7856,116.8610,151.2210,191.4440,200.0000,200.0000,200.0000,200.0000,200.0000,125.1500,58.4315,31.0523,18.9065,8.2962
82.591,0.004850370183919624,0.9108320884501926,2.2898551019264196e-30,3,124.59,-0.0345736,-0.034108,12176.0,0.0,8.4939,17.3575,25.7413,39.8818,59.8398,79.9277,97.3938,120.4420,144.9610,182.0290,200.0000,200.0000,200.0000,200.0000,162.2670,65.8612,33.2077,19.7607,8.4862
82.700,-0.07041273142703947,0.9167597888214841,3.848559469807734e-31,3,129.128,-0.0152979,-0.0360211,12573.8,0.0,8.3208,16.9495,25.0688,38.6694,57.6675,76.5590,92.8003,113.9740,136.1820,169.1540,200.0000,200.0000,200.0000,200.0000,174.8730,68.6637,34.2404,20.2818,8.6735
82.808,-0.029677519420412295,0.9214518768978989,6.46827390090586e-32,3,133.631,0.00241907,-0.0135897,13000.2,0.0,8.3520,17.6883,27.0610,44.2235,71.8492,104.6560,138.4030,192.8440,200.0000,200.0000,200.0000,200.0000,200.0000,200.0000,107.0310,55.4999,30.9071,19.2348,8.6238
82.915,-0.0097247295636807,0.9278472826625285,1.0871227945252478e-32,3,138.184,0.0115614,0.00053614,13376.8,0.0,8.3917,18.2447,28.5969,48.8774,85.6759,137.6540,200.0000,200.0000,200.0000,200.0000,200.0000,200.0000,200.0000,137.4550,86.3458,49.5856,29.1186,18.6134,8.5788
83.025,-0.0031865993834268927,0.9505250151609823,1.8271272807585848e-33,3,142.748,0.0131241,0.00552433,13850.7,0.0,8.4206,18.4843,29.2400,50.8766,92.1673,155.4140,200.0000,200.0000,200.0000,200.0000,200.0000,200.0000,172.7510,123.7090,80.7631,47.7324,28.4970,18.3766,8.5495
83.136,-0.0010441848859613241,0.9764239139210756,3.0708528207709533e-34,3,147.528,0.0103282,0.007384,14265.4,0.0,8.4603,18.6392,29.5890,51.8436,95.1780,163.8460,200.0000,200.0000,200.0000,200.0000,200.0000,200.0000,163.6320,118.8740,78.6038,46.9212,28.1784,18.2292,8.5103
83.247,-0.0003421585034318067,0.9875186135042829,5.16118233586974e-35,3,152.368,0.00536029,0.008053,14763.5,0.0,8.5086,18.7701,29.8350,52.4079,96.6906,167.7630,200.0000,200.0000,200.0000,200.0000,200.0000,200.0000,159.9440,116.7600,77.5466,46.4520,27.9549,18.1053,8.4629
83.359,0.012512771369995465,0.9911541246637083,8.674399151896273e-36,4,157.256,0.000243823,0.00314158,15230.6,0.0,8.5100,18.5946,29.2844,50.5138,90.0386,148.1840,200.0000,200.0000,200.0000,200.0000,200.0000,200.0000,182.9360,128.3520,82.3358,48.0166,28.4451,18.2672,8.4608
83.469,0.004100184922520114,0.994641844507304,1.4579062654592068e-36,4,158.456,-0.00130502,-0.00234825,12205.3,0.0,8.4765,18.3284,28.5804,48.3724,83.3276,130.7040,187.6660,200.0000,200.0000,200.0000,200.0000,200.0000,200.0000,145.1820,88.8864,50.1277,29.1427,18.5317,8.4942
83.576,0.001343548595411391,0.9962665755456533,2.4503030603572883e-37,4,162.082,0.000277996,-0.00405294,12487.7,0.0,8.4488,18.2100,28.3108,47.6471,81.2798,125.8360,177.9030,200.0000,200.0000,200.0000,200.0000,200.0000,200.0000,151.6710,91.3316,50.9281,29.4277,18.6542,8.5222
83.688,0.0004402540037444046,0.9971844674122997,4.1182243535424946e-38,4,165.669,0.00337497,-0.00445253,12770.0,0.0,8.4192,18.1328,28.1712,47.3504,80.5928,124.4050,175.2760,200.0000,200.0000,200.0000,200.0000,200.0000,200.0000,153.6920,92.1737,51.2584,29.5756,18.7340,8.5521
83.799,0.00014426243194696646,0.9974852422191623,6.921499670998873e-39,4,169.281,0.00706601,-0.00453216,12966.4,0.0,8.3874,18.0616,28.0566,47.1455,80.2085,123.7390,174.2210,200.0000,200.0000,200.0000,200.0000,200.0000,200.0000,154.5710,92.6255,51.4816,29.6958,18.8073,8.5842
83.907,4.7271913700381965e-05,0.9975838001078751,1.1632964497047806e-39,4,172.811,0.01097,-0.0045107,13229.9,0.0,8.3546,17.9916,27.9490,46.9681,79.9161,123.3070,173.6450,200.0000,200.0000,200.0000,200.0000,200.0000,200.0000,155.0850,92.9540,51.6718,29.8078,18.8790,8.6173
84.020,1.549006068134116e-05,0.9976160955568485,1.955152343018825e-40,4,176.255,0.0149747,-0.00450641,13553.5,0.0,8.3208,17.9190,27.8364,46.7793,79.5967,122.8180,172.9610,200.0000,200.0000,200.0000,200.0000,200.0000,200.0000,155.6840,93.3161,51.8748,29.9253,18.9535,8.6514
84.124,5.0757830840618705e-06,0.9976266781295682,3.286024542911739e-41,4,179.742,0.0190601,-0.00450594,13786.5,0.0,8.2863,17.8447,27.7210,46.5856,79.2670,122.3110,172.2460,200.0000,200.0000,200.0000,200.0000,200.0000,200.0000,156.3070,93.6910,52.0832,30.0456,19.0298,8.6862
84.238,1.6632326009853936e-06,0.9976301458269968,5.522821449271763e-42,4,183.192,0.0232235,-0.00450546,14021.0,0.0,8.2511,17.7690,27.6034,46.3881,78.9316,121.7930,171.5200,200.0000,200.0000,200.0000,200.0000,200.0000,200.0000,156.9440,94.0732,52.2958,30.1683,19.1075,8.7217
84.349,5.450080586908937e-07,0.9976312821220902,9.282206009791054e-43,4,186.568,0.0274651,-0.00450451,14304.9,0.0,8.2153,17.6919,27.4837,46.1870,78.5893,121.2660,170.7770,200.0000,200.0000,200.0000,200.0000,200.0000,200.0000,157.5910,94.4617,52.5121,30.2932,19.1867,8.7579
84.455,1.7858824067183205e-07,0.9976316544632664,1.560060364065583e-43,4,189.941,0.031786,-0.00450451,14549.3,0.0,8.1788,17.6133,27.3616,45.9818,78.2407,120.7280,170.0210,200.0000,200.0000,200.0000,200.0000,200.0000,200.0000,158.2540,94.8590,52.7330,30.4206,19.2674,8.7947
84.565,5.8519794703345915e-08,0.9976317764720231,2.621993453885025e-44,4,193.29,0.0361826,-0.00450403,14777.6,0.0,8.1417,17.5333,27.2373,45.7732,77.8854,120.1790,169.2490,200.0000,200.0000,200.0000,200.0000,200.0000,200.0000,158.9260,95.2625,52.9577,30.5503,19.3494,8.8322
84.676,1.9175766328392388e-08,0.9976318164518525,4.406784397944561e-45,4,196.598,0.0406548,-0.00450355,15014.2,0.0,8.1039,17.4520,27.1110,45.5608,77.5245,119.6230,168.4660,200.0000,200.0000,200.0000,200.0000,200.0000,200.0000,159.6120,95.6729,53.1860,30.6821,19.4329,8.8703
84.787,6.283515110487617e-09,0.998384759239943,7.406482537625424e-46,5,196.98,0.0451708,-0.00452406,13484.7,0.0,8.0656,17.3688,26.9808,45.3390,77.1383,119.0090,167.5720,200.0000,200.0000,200.0000,200.0000,200.0000,200.0000,160.3890,96.1183,53.4261,30.8182,19.5184,8.9090
84.895,2.0589822314045825e-09,0.9978785538452445,1.244807520098705e-46,5,199.664,0.0497363,-0.00453026,13651.0,0.0,8.0270,17.2855,26.8511,45.1200,76.7631,118.4250,166.7410,200.0000,200.0000,200.0000,200.0000,200.0000,197.4020,161.1150,96.5472,53.6623,30.9538,19.6041,8.9479
85.005,6.746872975866537e-10,0.9985800554615097,2.0921479990298938e-47,5,202.311,0.0543711,-0.0045293,13827.5,0.0,7.9878,17.2012,26.7203,44.9005,76.3901,117.8510,165.9340,200.0000,200.0000,200.0000,200.0000,200.0000,192.4030,161.8200,96.9721,53.8986,31.0902,19.6906,8.9874
85.117,2.2108153367319466e-10,0.9993655856205024,3.5162731419695435e-48,5,204.934,0.0590688,-0.00452882,13991.9,0.0,7.9482,17.1158,26.5875,44.6774,76.0107,117.2650,165.1590,200.0000,200.0000,200.0000,200.0000,198.9590,187.2890,162.5410,97.4034,54.1387,31.2288,19.7783,9.0275
85.225,7.244399695403242e-11,0.9981999510336261,5.909800269708213e-49,5,207.519,0.0638268,-0.00452882,14163.1,0.0,7.9080,17.0292,26.4531,44.4516,75.6263,116.6740,200.0000,200.0000,200.0000,200.0000,200.0000,193.1440,182.0650,162.0630,97.8410,54.3817,31.3690,19.8671,9.0680
85.336,2.3738448921897345e-11,0.9978179958921986,9.932601313298593e-50,5,210.055,0.0686426,-0.00452835,14344.8,0.0,7.8673,16.9417,26.3171,44.2230,75.2378,116.0730,200.0000,200.0000,200.0000,200.0000,194.7820,187.2570,176.7330,159.3910,98.2839,54.6279,31.5110,19.9570,9.1091
85.448,7.778614942727321e-12,0.9981747118314556,1.6693723027260944e-50,5,212.575,0.0735168,-0.00452882,14510.9,0.0,7.8261,16.8530,26.1793,43.9915,74.8435,115.4660,200.0000,200.0000,200.0000,196.4960,188.5850,181.2990,171.2980,155.8680,98.7322,54.8771,31.6547,20.0481,9.1506
85.555,2.548896544432889e-12,0.9985626551979313,2.8057140291917467e-51,5,215.066,0.0784514,-0.00452882,14674.1,0.0,7.7844,16.7632,26.0398,43.7571,74.4449,114.8500,200.0000,200.0000,198.2960,189.9620,182.3140,175.2700,165.7650,151.8520,99.1868,55.1295,31.8003,20.1403,9.1927
85.667,8.35222419679769e-13,0.9979368467927581,4.715563568862569e-52,5,217.528,0.0834399,-0.0045293,14833.2,0.0,7.7423,16.6724,25.8989,43.5202,74.0414,114.2280,200.0000,200.0000,191.3960,183.3530,175.9700,169.1720,160.1340,147.4890,99.6456,55.3845,31.9474,20.2334,9.2352
85.780,2.736856824806667e-13,0.9977317818945509,7.925447690187319e-53,5,219.956,0.0884869,-0.0045293,14992.4,0.0,7.6997,16.5806,25.7562,43.2804,73.6337,113.5980,200.0000,192.8960,184.4190,176.6680,169.5550,163.0050,154.4080,142.8580,100.1100,55.6428,32.0963,20.3277,9.2782
85.887,8.968132443526485e-14,0.9976645862287064,1.3320299932897826e-53,6,220.155,0.0935791,-0.00453455,13443.2,0.0,7.6566,16.4878,25.6117,43.0370,73.2172,112.9510,198.3310,185.5420,177.3880,169.9320,163.0900,156.7890,148.6100,138.0220,100.5860,55.9056,32.2473,20.4231,9.3217
85.998,2.938677639094758e-14,0.9985837296622975,2.2387428097221374e-54,6,221.855,0.0986876,-0.00455648,13823.6,0.0,7.6133,16.3938,25.4649,42.7871,72.7831,112.2680,190.4770,178.1930,170.3610,163.2000,156.6280,150.5770,142.7890,133.0570,101.0900,56.1769,32.4012,20.5198,9.3654
86.108,9.629458887785702e-15,0.9979437524732416,3.762655040299997e-55,6,223.793,0.103853,-0.0045541,13950.5,0.0,7.5697,16.3000,25.3191,42.5425,72.3683,198.1770,182.5280,170.7560,163.2510,156.3890,150.0920,144.2930,136.8740,127.9180,101.5620,56.4401,32.5533,20.6161,9.4095
86.217,3.155381088349619e-15,0.9977340447479318,6.323894326232206e-56,6,225.714,0.109069,-0.0045541,14065.6,0.0,7.5256,16.2051,25.1718,42.2949,71.9471,189.4740,174.5120,163.2580,156.0820,149.5210,143.5000,137.9560,130.8880,122.6400,101.5710,56.7068,32.7071,20.7136,9.4539
86.328,1.0339552750304031e-15,0.9980508277205022,1.0628569194098468e-56,6,227.609,0.114327,-0.00455457,14180.4,0.0,7.4812,16.1094,25.0231,42.0451,71.5220,180.6970,166.4280,155.6950,148.8520,142.5950,136.8530,131.5660,124.8290,117.2360,99.4769,56.9759,32.8622,20.8118,9.4987
86.437,3.3880646452196254e-16,0.9981546311649542,1.7863436244521292e-57,6,229.481,0.119628,-0.00455505,14294.0,0.0,7.4364,16.0130,24.8734,41.7935,71.0935,171.8470,158.2770,148.0700,141.5620,135.6110,130.1510,125.1220,118.7150,111.7140,96.3197,57.2469,33.0186,20.9108,9.5439
86.547,1.1102010229455669e-16,0.9987443075870072,3.0023077296166942e-58,6,231.326,0.124975,-0.00455553,14406.1,0.0,7.3912,15.9157,24.7223,41.5395,70.6618,162.9260,150.0600,140.3830,134.2120,128.5710,123.3940,118.6260,112.5520,106.0840,92.5564,57.5205,33.1763,21.0107,9.5895
86.655,3.6379067119880335e-17,1.0,5.045978601166778e-59,6,233.15,0.130365,-0.00455553,14518.1,0.0,7.3457,15.8177,24.5699,41.2834,70.2260,153.9330,141.7780,132.6340,126.8040,121.4740,116.5830,112.0780,106.3400,100.3510,88.3771,57.7964,33.3354,21.1114,9.6355
86.764,1.1920692713842388e-17,0.999785498046875,8.480776234981006e-60,6,234.955,0.135797,-0.004556,14628.1,0.0,7.2998,15.7189,24.4164,41.0254,172.7260,144.8710,133.4300,124.8250,119.3390,114.3230,109.7190,105.4800,100.0790,94.5208,83.8835,58.0743,33.4956,21.2129,9.6818
86.874,3.906172588471873e-18,0.9991474609375,1.4253640618132583e-60,6,236.736,0.141269,-0.00455648,14737.4,0.0,7.2536,15.6193,24.2617,40.7655,161.8380,135.7380,125.0190,116.9560,111.8160,107.1160,102.8030,98.8302,93.7700,88.5984,79.1378,58.2449,33.6571,21.3151,9.7284
86.987,1.2799746337904637e-18,0.9991163196875,2.395609378689544e-61,6,238.493,0.146782,-0.00455696,14844.5,0.0,7.2070,15.5190,24.1059,40.5038,150.8680,126.5370,116.5450,109.0290,104.2360,99.8550,95.8341,92.1312,87.4138,82.5958,74.1802,56.9345,33.8198,21.4181,9.7754
87.094,4.1942208800045914e-19,0.9985037715727,4.026300682763518e-62,6,240.225,0.15234,-0.00455743,14950.9,0.0,7.1601,15.4179,23.9489,40.2398,139.8170,117.2690,108.0080,101.0430,96.6015,92.5410,88.8144,85.3829,81.0111,76.5457,69.0403,54.4920,33.9836,21.5219,9.8228
87.205,1.3743622979599042e-19,1.0,6.767003557520644e-63,6,241.936,0.157937,-0.00455791,15056.5,0.0,7.1128,15.3161,23.7907,41.3357,128.6870,107.9340,99.4102,92.9991,88.9115,85.1743,81.7445,78.5859,74.5621,70.4524,63.7393,51.3579,34.1488,21.6265,9.8705
87.316,4.503510377955013e-20,0.9991474609375,1.1373302879124946e-63,6,243.629,0.163574,-0.00455839,15160.4,0.0,7.0652,15.2135,23.6314,191.4860,117.4780,98.5325,90.7515,84.8990,81.1674,77.7556,74.6244,71.7410,68.0676,64.3158,58.2931,47.7356,33.6641,21.7318,9.9186
87.427,1.4757102806482985e-20,1.0,1.9115110148945297e-64,6,245.298,0.16925,-0.00455839,15261.9,0.0,7.0172,15.1103,23.7559,173.0900,106.1920,89.0662,82.0327,76.7425,73.3692,70.2853,67.4549,64.8486,61.5282,58.1368,52.7169,43.7399,32.0977,21.8107,9.9670
87.534,4.8356074476283446e-21,1.0,3.2126765627332367e-65,6,246.95,0.174965,-0.00455887,15361.9,0.0,6.9690,15.0854,26.7509,154.5690,94.8292,79.5358,73.2549,68.5303,65.5182,62.7644,60.2370,57.9093,54.9444,51.9159,47.0758,39.4429,29.8059,21.2185,10.0157
87.646,1.584531848438856e-21,1.0,5.399545498985751e-66,6,248.58,0.180717,-0.00455934,15465.1,0.0,6.9249,16.2477,169.0840,135.9250,83.3902,69.9417,64.4184,60.2638,57.6150,55.1933,52.9708,50.9241,48.3166,45.6534,41.3972,34.8931,26.9779,19.8757,10.0186
87.875,8.112803064006943e-22,1.0,1.8520441061521126e-66,6,249.231,0.183028,-0.00455934,15507.5,0.0,6.9794,17.3362,200.0000,128.4320,78.7939,66.0865,60.8676,56.9421,54.4394,52.1510,50.0511,48.1170,45.6534,43.1369,39.1153,33.0107,25.7236,19.1695,9.9139
87.975,8.062288148713022e-116,9.937734325737538e-95,1.0297934826881587e-216,6,249.231,0.183028,-0.00455934,15507.5,0.0,6.9794,17.3362,200.0000,128.4320,78.7939,66.0865,60.8676,56.9421,54.4394,52.1510,50.0511,48.1170,45.6534,43.1369,39.1153,33.0107,25.7236,19.1695,9.9139
88.075,3.066428363274107e-231,3.779739677003329e-210,5e-324,6,249.231,0.183028,-0.00455934,15507.5,0.0,6.9794,17.3362,200.0000,128.4320,78.7939,66.0865,60.8676,56.9421,54.4394,52.1510,50.0511,48.1170,45.6534,43.1369,39.1153,33.0107,25.7236,19.1695,9.9139
88.175,1e-323,1e-323,5e-324,6,249.231,0.183028,-0.00455934,15507.5,0.0,6.9794,17.3362,200.0000,128.4320,78.7939,66.0865,60.8676,56.9421,54.4394,52.1510,50.0511,48.1170,45.6534,43.1369,39.1153,33.0107,25.7236,19.1695,9.9139
88.275,1e-323,1e-323,5e-324,6,249.231,0.183028,-0.00455934,15507.5,0.0,6.9794,17.3362,200.0000,128.4320,78.7939,66.0865,60.8676,56.9421,54.4394,52.1510,50.0511,48.1170,45.6534,43.1369,39.1153,33.0107,25.7236,19.1695,9.9139
88.375,1e-323,1e-323,5e-324,6,249.231,0.183028,-0.00455934,15507.5,0.0,6.9794,17.3362,200.0000,128.4320,78.7939,66.0865,60.8676,56.9421,54.4394,52.1510,50.0511,48.1170,45.6534,43.1369,39.1153,33.0107,25.7236,19.1695,9.9139
88.475,1e-323,1e-323,5e-324,6,249.231,0.183028,-0.00455934,15507.5,0.0,6.9794,17.3362,200.0000,128.4320,78.7939,66.0865,60.8676,56.9421,54.4394,52.1510,50.0511,48.1170,45.6534,43.1369,39.1153,33.0107,25.7236,19.1695,9.9139
88.575,1e-323,1e-323,5e-324,6,249.231,0.183028,-0.00455934,15507.5,0.0,6.9794,17.3362,200.0000,128.4320,78.7939,66.0865,60.8676,56.9421,54.4394,52.1510,50.0511,48.1170,45.6534,43.1369,39.1153,33.0107,25.7236,19.1695,9.9139
88.675,1e-323,1e-323,5e-324,6,249.231,0.183028,-0.00455934,15507.5,0.0,6.9794,17.3362,200.0000,128.4320,78.7939,66.0865,60.8676,56.9421,54.4394,52.1510,50.0511,48.1170,45.6534,43.1369,39.1153,33.0107,25.7236,19.1695,9.9139
88.775,1e-323,1e-323,5e-324,6,249.231,0.183028,-0.00455934,15507.5,0.0,6.9794,17.3362,200.0000,128.4320,78.7939,66.0865,60.8676,56.9421,54.4394,52.1510,50.0511,48.1170,45.6534,43.1369,39.1153,33.0107,25.7236,19.1695,9.9139
88.875,1e-323,1e-323,5e-324,6,249.231,0.183028,-0.00455934,15507.5,0.0,6.9794,17.3362,200.0000,128.4320,78.7939,66.0865,60.8676,56.9421,54.4394,52.1510,50.0511,48.1170,45.6534,43.1369,39.1153,33.0107,25.7236,19.1695,9.9139
88.975,1e-323,1e-323,5e-324,6,249.231,0.183028,-0.00455934,15507.5,0.0,6.9794,17.3362,200.0000,128.4320,78.7939,66.0865,60.8676,56.9421,54.4394,52.1510,50.0511,48.1170,45.6534,43.1369,39.1153,33.0107,25.7236,19.1695,9.9139
89.076,1e-323,1e-323,5e-324,6,249.231,0.183028,-0.00455934,15507.5,0.0,6.9794,17.3362,200.0000,128.4320,78.7939,66.0865,60.8676,56.9421,54.4394,52.1510,50.0511,48.1170,45.6534,43.1369,39.1153,33.0107,25.7236,19.1695,9.9139
89.176,1e-323,1e-323,5e-324,6,249.231,0.183028,-0.00455934,15507.5,0.0,6.9794,17.3362,200.0000,128.4320,78.7939,66.0865,60.8676,56.9421,54.4394,52.1510,50.0511,48.1170,45.6534,43.1369,39.1153,33.0107,25.7236,19.1695,9.9139
89.276,1e-323,1e-323,5e-324,6,249.231,0.183028,-0.00455934,15507.5,0.0,6.9794,17.3362,200.0000,128.4320,78.7939,66.0865,60.8676,56.9421,54.4394,52.1510,50.0511,48.1170,45.6534,43.1369,39.1153,33.0107,25.7236,19.1695,9.9139
89.376,1e-323,1e-323,5e-324,6,249.231,0.183028,-0.00455934,15507.5,0.0,6.9794,17.3362,200.0000,128.4320,78.7939,66.0865,60.8676,56.9421,54.4394,52.1510,50.0511,48.1170,45.6534,43.1369,39.1153,33.0107,25.7236,19.1695,9.9139
89.476,1e-323,1e-323,5e-324,6,249.231,0.183028,-0.00455934,15507.5,0.0,6.9794,17.3362,200.0000,128.4320,78.7939,66.0865,60.8676,56.9421,54.4394,52.1510,50.0511,48.1170,45.6534,43.1369,39.1153,33.0107,25.7236,19.1695,9.9139
89.576,1e-323,1e-323,5e-324,6,249.231,0.183028,-0.00455934,15507.5,0.0,6.9794,17.3362,200.0000,128.4320,78.7939,66.0865,60.8676,56.9421,54.4394,52.1510,50.0511,48.1170,45.6534,43.1369,39.1153,33.0107,25.7236,19.1695,9.9139
89.676,1e-323,1e-323,5e-324,6,249.231,0.183028,-0.00455934,15507.5,0.0,6.9794,17.3362,200.0000,128.4320,78.7939,66.0865,60.8676,56.9421,54.4394,52.1510,50.0511,48.1170,45.6534,43.1369,39.1153,33.0107,25.7236,19.1695,9.9139
89.776,1e-323,1e-323,5e-324,6,249.231,0.183028,-0.00455934,15507.5,0.0,6.9794,17.3362,200.0000,128.4320,78.7939,66.0865,60.8676,56.9421,54.4394,52.1510,50.0511,48.1170,45.6534,43.1369,39.1153,33.0107,25.7236,19.1695,9.9139
89.876,1e-323,1e-323,5e-324,6,249.231,0.183028,-0.00455934,15507.5,0.0,6.9794,17.3362,200.0000,128.4320,78.7939,66.0865,60.8676,56.9421,54.4394,52.1510,50.0511,48.1170,45.6534,43.1369,39.1153,33.0107,25.7236,19.1695,9.9139
89.977,1e-323,1e-323,5e-324,6,249.231,0.183028,-0.00455934,15507.5,0.0,6.9794,17.3362,200.0000,128.4320,78.7939,66.0865,60.8676,56.9421,54.4394,52.1510,50.0511,48.1170,45.6534,43.1369,39.1153,33.0107,25.7236,19.1695,9.9139
90.077,1e-323,1e-323,5e-324,6,249.231,0.183028,-0.00455934,15507.5,0.0,6.9794,17.3362,200.0000,128.4320,78.7939,66.0865,60.8676,56.9421,54.4394,52.1510,50.0511,48.1170,45.6534,43.1369,39.1153,33.0107,25.7236,19.1695,9.9139
90.177,1e-323,1e-323,5e-324,6,249.231,0.183028,-0.00455934,15507.5,0.0,6.9794,17.3362,200.0000,128.4320,78.7939,66.0865,60.8676,56.9421,54.4394,52.1510,50.0511,48.1170,45.6534,43.1369,39.1153,33.0107,25.7236,19.1695,9.9139
90.277,1e-323,1e-323,5e-324,6,249.231,0.183028,-0.00455934,15507.5,0.0,6.9794,17.3362,200.0000,128.4320,78.7939,66.0865,60.8676,56.9421,54.4394,52.1510,50.0511,48.1170,45.6534,43.1369,39.1153,33.0107,25.7236,19.1695,9.9139
90.377,1e-323,1e-323,5e-324,6,249.231,0.183028,-0.00455934,15507.5,0.0,6.9794,17.3362,200.0000,128.4320,78.7939,66.0865,60.8676,56.9421,54.4394,52.1510,50.0511,48.1170,45.6534,43.1369,39.1153,33.0107,25.7236,19.1695,9.9139
90.477,1e-323,1e-323,5e-324,6,249.231,0.183028,-0.00455934,15507.5,0.0,6.9794,17.3362,200.0000,128.4320,78.7939,66.0865,60.8676,56.9421,54.4394,52.1510,50.0511,48.1170,45.6534,43.1369,39.1153,33.0107,25.7236,19.1695,9.9139
90.577,1e-323,1e-323,5e-324,6,249.231,0.183028,-0.00455934,15507.5,0.0,6.9794,17.3362,200.0000,128.4320,78.7939,66.0865,60.8676,56.9421,54.4394,52.1510,50.0511,48.1170,45.6534,43.1369,39.1153,33.0107,25.7236,19.1695,9.9139
90.677,1e-323,1e-323,5e-324,6,249.231,0.183028,-0.00455934,15507.5,0.0,6.9794,17.3362,200.0000,128.4320,78.7939,66.0865,60.8676,56.9421,54.4394,52.1510,50.0511,48.1170,45.6534,43.1369,39.1153,33.0107,25.7236,19.1695,9.9139
90.777,1e-323,1e-323,5e-324,6,249.231,0.183028,-0.00455934,15507.5,0.0,6.9794,17.3362,200.0000,128.4320,78.7939,66.0865,60.8676,56.9421,54.4394,52.1510,50.0511,48.1170,45.6534,43.1369,39.1153,33.0107,25.7236,19.1695,9.9139
90.882,1e-323,1e-323,5e-324,6,249.231,0.183028,-0.00455934,15507.5,0.0,6.9794,17.3362,200.0000,128.4320,78.7939,66.0865,60.8676,56.9421,54.4394,52.1510,50.0511,48.1170,45.6534,43.1369,39.1153,33.0107,25.7236,19.1695,9.9139
90.982,1e-323,1e-323,5e-324,6,249.231,0.183028,-0.00455934,15507.5,0.0,6.9794,17.3362,200.0000,128.4320,78.7939,66.0865,60.8676,56.9421,54.4394,52.1510,50.0511,48.1170,45.6534,43.1369,39.1153,33.0107,25.7236,19.1695,9.9139
91.082,1e-323,1e-323,5e-324,6,249.231,0.183028,-0.00455934,15507.5,0.0,6.9794,17.3362,200.0000,128.4320,78.7939,66.0865,60.8676,56.9421,54.4394,52.1510,50.0511,48.1170,45.6534,43.1369,39.1153,33.0107,25.7236,19.1695,9.9139
91.182,1e-323,1e-323,5e-324,6,249.231,0.183028,-0.00455934,15507.5,0.0,6.9794,17.3362,200.0000,128.4320,78.7939,66.0865,60.8676,56.9421,54.4394,52.1510,50.0511,48.1170,45.6534,43.1369,39.1153,33.0107,25.7236,19.1695,9.9139
91.282,1e-323,1e-323,5e-324,6,249.231,0.183028,-0.00455934,15507.5,0.0,6.9794,17.3362,200.0000,128.4320,78.7939,66.0865,60.8676,56.9421,54.4394,52.1510,50.0511,48.1170,45.6534,43.1369,39.1153,33.0107,25.7236,19.1695,9.9139
91.382,1e-323,1e-323,5e-324,6,249.231,0.183028,-0.00455934,15507.5,0.0,6.9794,17.3362,200.0000,128.4320,78.7939,66.0865,60.8676,56.9421,54.4394,52.1510,50.0511,48.1170,45.6534,43.1369,39.1153,33.0107,25.7236,19.1695,9.9139
91.482,1e-323,1e-323,5e-324,6,249.231,0.183028,-0.00455934,15507.5,0.0,6.9794,17.3362,200.0000,128.4320,78.7939,66.0865,60.8676,56.9421,54.4394,52.1510,50.0511,48.1170,45.6534,43.1369,39.1153,33.0107,25.7236,19.1695,9.9139
91.582,1e-323,1e-323,5e-324,6,249.231,0.183028,-0.00455934,15507.5,0.0,6.9794,17.3362,200.0000,128.4320,78.7939,66.0865,60.8676,56.9421,54.4394,52.1510,50.0511,48.1170,45.6534,43.1369,39.1153,33.0107,25.7236,19.1695,9.9139
91.683,1e-323,1e-323,5e-324,6,249.231,0.183028,-0.00455934,15507.5,0.0,6.9794,17.3362,200.0000,128.4320,78.7939,66.0865,60.8676,56.9421,54.4394,52.1510,50.0511,48.1170,45.6534,43.1369,39.1153,33.0107,25.7236,19.1695,9.9139
