time,steer,accel,brake,gear,speedX,trackPos,angle,rpm,damage,track_0,track_1,track_2,track_3,track_4,track_5,track_6,track_7,track_8,track_9,track_10,track_11,track_12,track_13,track_14,track_15,track_16,track_17,track_18
0.120,0.0,0.0,0.0,1,-0.00913045,0.333439,0.00822276,5235.99,0.0,5.7030,12.6267,22.4550,140.4860,90.9268,77.3570,71.6721,67.3518,64.5773,62.0267,59.6744,57.4982,54.7119,51.8501,47.2417,40.0655,31.0431,22.7658,11.2227
0.240,0.0,0.0,0.0,1,-0.00913045,0.333439,0.00822276,5235.99,0.0,5.7030,12.6267,22.4550,140.4860,90.9268,77.3570,71.6721,67.3518,64.5773,62.0267,59.6744,57.4982,54.7119,51.8501,47.2417,40.0655,31.0431,22.7658,11.2227
0.359,0.0,0.0,0.0,1,-0.00913045,0.333439,0.00822276,5235.99,0.0,5.7030,12.6267,22.4550,140.4860,90.9268,77.3570,71.6721,67.3518,64.5773,62.0267,59.6744,57.4982,54.7119,51.8501,47.2417,40.0655,31.0431,22.7658,11.2227
0.459,0.0,0.0,0.0,1,-0.00913045,0.333439,0.00822276,5235.99,0.0,5.7030,12.6267,22.4550,140.4860,90.9268,77.3570,71.6721,67.3518,64.5773,62.0267,59.6744,57.4982,54.7119,51.8501,47.2417,40.0655,31.0431,22.7658,11.2227
0.582,0.0,0.0,0.0,1,-0.00913045,0.333439,0.00822276,5235.99,0.0,5.7030,12.6267,22.4550,140.4860,90.9268,77.3570,71.6721,67.3518,64.5773,62.0267,59.6744,57.4982,54.7119,51.8501,47.2417,40.0655,31.0431,22.7658,11.2227
0.699,0.0,0.0,0.0,1,-0.00913045,0.333439,0.00822276,5235.99,0.0,5.7030,12.6267,22.4550,140.4860,90.9268,77.3570,71.6721,67.3518,64.5773,62.0267,59.6744,57.4982,54.7119,51.8501,47.2417,40.0655,31.0431,22.7658,11.2227
0.802,0.0,0.213643798828125,0.0,1,-0.00913045,0.333439,0.00822276,5281.12,0.0,5.7030,12.6267,22.4550,140.4860,90.9268,77.3570,71.6721,67.3518,64.5773,62.0267,59.6744,57.4982,54.7119,51.8501,47.2417,40.0655,31.0431,22.7658,11.2227
0.923,0.0,0.78665382984375,0.0,1,-0.00913045,0.333439,0.00822276,5840.09,0.0,5.7030,12.6267,22.4550,140.4860,90.9268,77.3570,71.6721,67.3518,64.5773,62.0267,59.6744,57.4982,54.7119,51.8501,47.2417,40.0655,31.0431,22.7658,11.2227
1.039,0.0,0.9502597367288249,0.0,1,0.159476,0.333458,0.00862187,5264.23,0.0,5.7052,12.6422,22.5299,139.9010,90.6824,77.1807,71.5210,67.2185,64.4550,61.9143,59.5704,57.4019,54.6249,51.7719,47.1773,40.0166,31.0084,22.7451,11.2185
1.159,0.0,1.0,0.0,1,4.44308,0.333362,0.008578,5235.99,0.0,5.7058,12.6451,22.5699,139.8230,90.6173,77.1220,71.4650,67.1650,64.4029,61.8635,59.5214,57.3541,54.5789,51.7280,47.1366,39.9828,30.9871,22.7347,11.2181
1.262,0.0,1.0,0.0,1,8.80983,0.333089,0.0085985,5235.99,0.0,5.7082,12.6605,22.7236,139.3650,90.3267,76.8763,71.2380,66.9521,64.1991,61.6680,59.3333,57.1732,54.4071,51.5654,46.9886,39.8621,30.9090,22.6952,11.2156
1.381,0.0,1.0,0.0,1,13.8555,0.332546,0.00858467,5235.99,0.0,5.7128,12.6917,23.0402,138.5280,89.7805,76.4100,70.8056,66.5456,63.8092,61.2933,58.9727,56.8255,54.0759,51.2513,46.7022,39.6278,30.7575,22.6184,11.2112
1.486,0.0,1.0,0.0,1,18.2076,0.331893,0.00858134,5235.99,0.0,5.7184,12.7348,23.4649,137.5040,89.1154,75.8438,70.2809,66.0521,63.3361,60.8387,58.5353,56.4041,53.6749,50.8712,46.3558,39.3438,30.5728,22.5233,11.2057
1.586,0.0,1.0,0.0,1,22.4889,0.331082,0.00857609,6842.53,0.0,5.7253,12.7962,24.0661,136.2320,88.2892,75.1401,69.6286,65.4391,62.7479,60.2739,57.9918,55.8801,53.1765,50.3986,45.9250,38.9898,30.3413,22.4022,11.1990
1.704,0.0,0.9537653335937499,0.0,1,28.096,0.329874,0.00856608,16818.7,0.0,5.7355,12.9047,25.1603,134.3400,87.0597,74.0930,68.6581,64.5267,61.8731,59.4333,57.1830,55.1008,52.4344,49.6955,45.2841,38.4613,29.9929,22.2163,11.1884
1.823,0.0,0.892246681093975,0.0,2,33.657,0.328397,0.00855273,7853.48,0.0,5.7481,13.0669,27.0111,132.0250,85.5549,72.8115,67.4701,63.4101,60.8020,58.4044,56.1928,54.1466,51.5263,48.8347,44.4995,37.8115,29.5600,21.9795,11.1685
1.945,0.0,0.9025498756874489,0.0,2,39.0473,0.326664,0.00854128,9551.26,0.0,5.7629,13.3030,31.1943,129.2980,83.7844,71.3037,66.0729,62.0966,59.5424,57.1942,55.0285,53.0246,50.4584,47.8224,43.5769,37.0437,29.0424,21.6885,11.1337
2.046,0.0,0.9302037444371383,0.0,2,43.8133,0.324988,0.00852841,12118.4,0.0,5.7771,13.5825,200.0000,126.6590,82.0702,69.8443,64.7199,60.8248,58.3228,56.0226,53.9009,51.9380,49.4244,46.8421,42.6836,36.2963,28.5329,21.3945,11.0884
2.147,0.0,0.9407350828990364,0.0,2,48.6326,0.323156,0.00850838,14673.3,0.0,5.8014,13.9523,200.0000,123.7790,80.1986,68.2501,63.2418,59.4354,56.9905,54.7426,52.6693,50.7508,48.2947,45.7710,41.7074,35.4751,27.9667,21.0596,11.0262
2.267,0.0,0.9393560751496101,0.0,3,54.2547,0.32071,0.00847357,7645.75,0.0,5.8599,14.5674,200.0000,119.9350,77.6981,66.1198,61.2670,57.5789,55.2098,53.0318,51.0230,49.1642,46.7845,44.3396,40.4024,34.3706,27.1955,20.5909,10.9227
2.385,0.0,0.9274268659952695,0.0,3,59.4655,0.316968,0.0137663,6255.62,0.0,5.9660,15.4532,200.0000,115.6530,74.9184,63.7527,59.0732,55.5166,53.2322,51.1322,49.1951,47.4028,45.1080,42.7506,38.9541,33.1386,26.3189,20.0401,10.7773
2.507,0.0,0.9059872407032139,0.0,2,62.7472,0.309972,0.0272196,7585.01,0.0,6.1184,16.6835,200.0000,111.0500,71.9304,61.2088,56.7157,53.3005,51.1070,49.0906,47.2306,45.5099,43.3064,41.0430,37.3979,31.8143,25.3591,19.4230,10.5958
2.625,0.0,0.8931141504769032,0.0,2,65.6743,0.29789,0.0411041,9373.01,0.0,6.3266,18.3885,200.0000,106.3280,68.8548,58.5876,54.2851,51.0154,48.9152,46.9846,45.2039,43.5564,41.4472,39.2803,35.7909,30.4461,24.3458,18.7542,10.3764
2.726,0.0,0.8842144299845217,0.0,2,70.3313,0.282974,0.0533204,11331.7,0.0,6.5568,20.4430,200.0000,102.2690,66.1759,56.2962,52.1576,49.0126,46.9929,45.1362,43.4241,41.8401,39.8120,37.7290,34.3749,29.2383,23.4327,18.1376,10.1555
2.827,0.046219156082725005,0.8769959293392031,0.0,2,75.1768,0.264091,0.0538395,12731.6,0.0,6.7370,21.3138,200.0000,112.8270,69.2036,58.0392,53.4544,50.0062,47.8075,45.7976,43.9529,42.2542,40.0902,37.8799,34.3478,29.0007,23.1192,17.8807,10.0045
2.945,0.012116074452149864,0.869870180275696,0.0,2,80.7219,0.236768,0.0447196,14801.2,0.0,6.9172,21.1050,104.4960,155.5870,80.8625,65.2543,59.1784,54.7280,51.9427,49.4308,47.1540,45.0809,42.4723,39.8446,35.7201,29.6456,23.2130,17.8399,9.8667
3.053,0.003970195276480467,0.864016390750865,0.0,3,84.9283,0.209831,0.0399321,8222.58,0.0,7.1263,21.2936,71.0746,187.3950,94.8852,73.1385,65.1877,59.5342,56.0663,52.9839,50.2264,47.7452,44.6621,41.5996,36.8782,30.1080,23.1665,17.6544,9.6949
3.165,0.0013009535881971196,0.8634534944368684,0.0,3,88.7768,0.185015,0.0534044,8679.6,0.0,7.4729,23.2942,73.9286,186.3630,94.0809,71.7486,63.7010,58.0165,54.5448,51.4686,48.7245,46.2616,43.2093,40.1865,35.5433,28.9216,22.1765,16.8849,9.3926
3.274,0.00042629647178043216,0.866018743791448,0.0,3,92.8562,0.15507,0.0706251,9050.42,0.0,7.9194,25.5974,80.3252,182.8810,89.9224,68.3945,60.6650,55.2139,51.8885,48.9441,46.3194,43.9650,41.0492,38.1636,33.7352,27.4282,21.0139,15.9895,9.0311
3.383,0.00013968882787301201,0.8659181625905817,0.0,3,97.0663,0.116061,0.0891899,9582.21,0.0,8.4943,28.0334,87.5974,178.7200,84.9290,64.5303,57.2164,52.0615,48.9180,46.1357,43.6561,41.4323,38.6790,35.9551,31.7760,25.8275,19.7811,15.0475,8.6031
3.494,0.10190287279862367,0.8645585420333068,0.0,3,101.342,0.0695877,0.086458,9971.85,0.0,8.9210,27.1409,68.4295,188.7670,109.2970,76.1723,65.5881,58.4865,54.2926,50.6633,47.4924,44.6981,41.3015,38.0075,33.0789,26.3114,19.7146,14.7365,8.2674
3.602,0.033391533358653004,0.859497562584724,0.0,3,105.556,0.0226034,0.0775667,10370.6,0.0,9.2064,25.4227,53.5526,198.3460,168.9440,108.7210,87.3049,74.4797,67.4123,61.5741,56.6705,52.4941,47.5901,43.0064,36.4444,27.9696,20.2507,14.7480,7.9744
3.715,0.010941737650963417,0.8596763292765124,0.0,3,109.789,-0.0270437,0.0868562,10708.7,0.0,9.5998,25.5910,51.0476,199.6240,173.8540,130.3580,99.4067,82.3180,73.3214,66.1021,60.1812,55.2376,49.5461,44.3336,37.0461,27.9258,19.8917,14.3156,7.6134
3.823,0.003585388593467692,0.8600737259054525,0.0,3,113.968,-0.078815,0.0840998,11084.7,0.0,10.0322,26.4207,51.7782,197.2400,172.2720,136.6220,101.5970,82.9931,73.3994,65.7984,59.6280,54.5195,48.6862,43.3887,36.0528,26.9861,19.1023,13.6863,7.2344
3.935,0.039337300298369994,0.8706922553796986,0.0,3,118.144,-0.129224,0.0816875,11454.8,0.0,10.4711,27.3938,53.1797,193.7930,169.2880,137.3280,100.4870,81.3935,71.6726,64.0302,57.8646,52.7858,47.0147,41.7996,34.6183,25.8070,18.2023,13.0085,6.8525
4.045,0.04051907328176988,0.8901519148053196,0.0,3,122.306,-0.174205,0.0571741,11908.0,0.0,10.5857,25.9965,46.4487,108.4660,177.2190,163.7880,153.1890,124.7730,102.3110,86.7082,75.2397,66.4550,57.1250,49.2342,39.1229,27.7753,18.8061,13.0710,6.6386
4.153,0.013277289932970355,0.9006801103027822,0.0,3,126.592,-0.210413,0.0427847,12283.2,0.0,10.7399,25.4977,43.7803,91.5765,178.7310,167.2870,159.6140,150.7050,138.9060,110.7630,92.0111,78.6944,65.4427,54.8893,42.1637,28.8503,18.9836,12.9543,6.4307
4.263,0.004350702365235727,0.9057502940908906,0.0,3,130.885,-0.240136,0.0376807,12671.6,0.0,10.9429,25.6830,43.5351,88.1699,176.2260,165.2510,158.1730,150.4230,142.6670,121.0240,98.2780,82.7346,67.7437,56.1307,42.4952,28.6428,18.6384,12.6308,6.2178
4.372,0.001425638151040443,0.907562277852078,0.0,3,135.181,-0.266785,0.0359869,13054.0,0.0,11.1577,26.0889,44.0406,88.2988,172.1730,161.4400,154.5800,147.1780,140.0570,122.2730,98.4210,82.3609,67.0517,55.3119,41.6588,27.9317,18.1063,12.2415,6.0092
4.485,0.0833164283334638,0.9086077865034439,0.0,3,139.448,-0.291859,0.0302171,13453.4,0.0,11.3086,26.1111,43.4812,84.4109,169.6010,159.2380,152.8970,146.3180,140.5150,132.3230,109.1300,89.1636,70.9893,57.5856,42.5466,27.9896,17.8998,12.0029,5.8351
4.593,0.027301127236309418,0.9108327029970734,0.0,3,143.674,-0.308617,0.00638118,13853.7,0.0,11.1755,24.5728,38.9342,67.9605,125.6660,163.7190,158.4330,153.5040,149.6250,145.3270,140.4020,134.3620,115.0900,82.9767,54.4964,32.3579,19.3711,12.5101,5.8295
4.705,0.00894603337279387,0.9280464062118309,0.0,3,147.968,-0.314712,-0.00369439,14255.8,0.0,11.1147,23.9722,37.2926,62.8371,107.4090,162.6820,157.3380,152.8240,149.3670,145.6300,141.5190,136.8660,128.6300,102.9780,62.2324,34.7857,20.1263,12.7665,5.8365
4.815,0.0029314362155970952,0.9543775002937427,0.0,3,152.426,-0.313686,-0.00718677,14691.8,0.0,11.0677,23.7160,36.6719,61.1020,102.4660,158.9370,153.6650,149.2940,146.0130,142.4950,138.6710,134.4260,127.3030,112.9220,65.7962,35.8910,20.4996,12.9183,5.8659
4.923,0.000960573019126856,0.9672537024993785,0.0,4,156.428,-0.309064,-0.0083082,12191.0,0.0,11.0166,23.5576,36.3576,60.3666,100.6430,154.1170,148.9890,144.7470,141.5800,138.2010,134.5520,130.5400,123.9600,112.8580,67.4455,36.4870,20.7511,13.0488,5.9121
5.033,0.00031476056690748816,0.9755779490943713,0.0,4,157.755,-0.302854,-0.00848991,12172.1,0.0,10.9624,23.4338,36.1555,59.9972,99.9337,148.8830,143.9270,139.8170,136.7460,133.4810,129.9720,126.1410,119.9510,110.2110,68.2531,36.8736,20.9563,13.1732,5.9664
5.144,0.00010314074256424573,0.9818549487654935,0.0,4,161.219,-0.296099,-0.00845903,12413.6,0.0,10.9059,23.3143,35.9731,59.7002,99.6783,143.4750,138.6990,134.7220,131.7460,128.5930,125.2200,121.5600,115.7250,106.9860,68.8796,37.2207,21.1561,13.2996,6.0240
5.253,3.3797158523452044e-05,0.9861344444552269,0.0,4,164.655,-0.289112,-0.00844775,12675.0,0.0,10.8472,23.1894,35.7809,59.3834,147.5620,137.9580,133.3660,129.5240,126.6460,123.6090,120.3740,116.8880,111.3990,103.5070,69.5508,37.5865,21.3650,13.4312,6.0837
5.363,1.1074652904964766e-05,0.9875367496028387,0.0,4,168.083,-0.281957,-0.00844625,12926.7,0.0,10.7870,23.0607,35.5826,59.0545,141.5410,132.3290,127.9250,124.2180,121.4420,118.5230,115.4300,112.1170,106.9670,99.8099,70.2490,37.9643,21.5799,13.5663,6.1449
5.475,3.628942263898855e-06,0.9884781319536081,0.0,4,171.491,-0.274647,-0.00844638,13179.5,0.0,10.7255,22.9292,35.3797,58.7177,135.3980,126.5860,122.3720,118.8030,116.1320,113.3350,110.3850,107.2460,102.4230,95.9165,70.9643,38.3508,21.7995,13.7044,6.2075
5.582,1.1891318010343769e-06,0.9914685396691831,0.0,4,174.884,-0.267198,-0.00844663,13430.0,0.0,10.6628,22.7952,35.1729,58.3745,129.1310,120.7270,116.7090,113.2770,110.7150,108.0420,105.2380,102.2730,97.7677,91.8463,71.6933,38.7448,22.0234,13.8452,6.2712
5.693,3.8965470856294464e-07,0.9956122470162979,0.0,4,178.267,-0.2596,-0.00844732,13685.4,0.0,10.5989,22.6585,34.9619,58.0242,122.7420,114.7540,110.9340,107.6410,105.1910,102.6460,99.9888,97.1980,93.0030,87.6135,72.4133,39.1467,22.2519,13.9887,6.3362
5.804,1.276820549019057e-07,0.9983253304773004,0.0,4,181.643,-0.251853,-0.00844796,13934.3,0.0,10.5337,22.5191,34.7467,57.6670,116.2310,108.6670,105.0470,101.8960,99.5612,97.1465,94.6389,92.0218,88.1287,83.2285,71.1754,39.5565,22.4848,14.1351,6.4025
5.913,4.183885575025647e-08,1.0,0.0,4,185.005,-0.243964,-0.00844845,14181.3,0.0,10.4673,22.3772,34.5277,57.3034,109.5980,102.4650,99.0445,96.0405,93.8252,91.5441,89.1877,86.7442,83.1457,78.6989,68.5879,39.9738,22.7219,14.2842,6.4701
6.023,1.370975625224404e-08,1.0,0.0,4,188.337,-0.235926,-0.008449,14430.4,0.0,10.3997,22.2326,34.3045,57.0588,102.8440,96.1506,92.9266,90.0759,87.9839,85.8394,83.6362,81.3661,78.0549,74.0312,65.3725,40.3990,22.9635,14.4361,6.5389
6.133,4.492412928735327e-09,1.0,0.0,4,191.643,-0.227747,-0.00844976,14672.9,0.0,10.3309,22.0854,34.0774,111.7530,95.9697,89.7238,86.6940,84.0030,82.0380,80.0335,77.9852,75.8880,72.8577,69.2307,61.7465,40.8317,23.2094,14.5907,6.6089
6.244,0.020334114676998867,1.0,0.0,4,194.918,-0.218631,-0.0124679,14912.1,0.0,10.2139,21.6754,33.2217,104.9610,89.9553,84.0329,81.1787,78.6703,76.8490,75.0011,73.1243,71.2159,68.4854,65.2677,58.8691,42.8205,23.9561,14.9423,6.7144
6.354,0.031045039689415237,1.0,0.0,5,195.712,-0.203019,-0.0258977,13035.1,0.0,9.9535,20.6265,30.9563,101.1050,86.0377,80.1460,77.3427,75.0247,73.3614,71.6830,69.9888,68.2781,65.8533,63.0359,57.5977,45.8146,26.2003,15.8880,6.9448
6.464,0.03652523198440884,1.0,0.0,5,198.05,-0.17404,-0.0435643,13548.6,0.0,9.5550,19.2236,28.1417,98.6159,83.0592,77.0584,74.2191,71.9121,70.3564,68.8299,67.2969,65.7572,63.5904,61.0982,56.3787,46.7476,30.0139,17.4449,7.3349
6.574,0.041872903885232335,1.0,0.0,5,200.625,-0.127614,-0.0617438,13729.0,0.0,9.0282,17.6516,25.2572,96.2633,80.1161,73.9848,71.1025,68.7692,67.2001,65.7060,64.2815,62.8879,60.9375,58.7108,54.5489,46.3291,33.3255,19.6332,7.9053
6.683,0.04763424301369418,1.0,0.0,5,203.169,-0.0612512,-0.0832342,13894.9,0.0,8.3405,15.7983,22.1779,95.2469,77.9931,71.5811,68.5925,66.1851,64.5723,63.0408,61.5850,60.1993,58.3682,56.3644,52.6557,45.4808,34.5954,22.7117,8.7208
6.793,0.05409411856170856,1.0,0.0,5,205.663,0.0283435,-0.107341,14062.1,0.0,7.4859,13.7177,19.3427,95.7252,76.6989,69.8288,66.6626,64.1285,62.4389,60.8405,59.3263,57.8899,55.9991,53.9933,50.5918,44.2377,34.8194,24.6506,9.8362
6.903,0.061335669602081914,1.0,0.0,5,208.103,0.144475,-0.134305,14232.4,0.0,6.4534,11.6374,16.8594,98.5698,76.6200,69.0052,65.5489,62.8063,60.9891,59.2785,57.6655,56.1422,54.1466,52.0420,48.5309,42.7102,34.4107,25.4901,11.2756
7.020,0.06911586256349145,1.0,0.0,5,210.487,0.290782,-0.164696,14393.9,0.0,5.2965,9.8910,14.8354,105.7760,78.5749,69.6837,65.7347,62.6387,60.6054,58.7041,56.9229,55.2505,53.0744,50.7971,47.0379,41.0488,33.5920,25.6534,12.3969
7.123,0.07169326123658612,1.0,0.0,5,212.835,0.434577,-0.126255,14487.7,0.0,4.3472,8.4919,13.2816,123.8380,84.9941,73.5333,68.6174,64.8351,62.3846,60.1170,58.0126,56.0548,53.5325,50.9229,46.6811,40.0875,32.6133,25.4481,13.1042
7.233,0.06384312689778579,1.0,0.0,5,215.066,0.534121,-0.0796039,14689.8,0.0,3.7202,7.7861,13.4545,152.3810,93.3634,78.2796,72.0880,67.4317,64.4635,61.7500,59.2601,56.9673,54.0469,51.0644,46.2987,39.0858,31.1851,24.5020,13.3304
7.343,0.0492493831103602,1.0,0.0,5,217.367,0.579831,-0.0256931,14860.8,0.0,3.5276,8.2788,25.9162,197.0810,102.8110,83.0313,75.3230,69.6744,66.1378,62.9473,60.0549,57.4208,54.1054,50.7648,45.5195,37.7904,29.6007,22.9417,13.0581
7.453,0.01845647148320283,1.0,0.0,6,219.291,0.56175,0.0402039,13776.3,0.0,3.9551,11.9538,44.3476,200.0000,105.7730,82.9632,74.4238,68.2847,64.4908,61.1006,58.0532,55.2995,51.8620,48.4303,43.1054,35.3970,27.4032,21.0307,12.2419
7.563,0.004660460149834653,1.0,0.0,6,219.412,0.468432,0.116267,13814.0,0.0,5.3122,18.2716,63.8415,198.0520,97.9227,76.1042,68.0374,62.2718,58.7227,55.5603,52.7249,50.1685,46.9852,43.8159,38.9149,31.8563,24.5810,18.8134,10.9636
7.674,0.055751079824741576,1.0,0.0,6,221.521,0.302306,0.148334,13890.5,0.0,7.0375,22.9688,68.5498,195.7660,99.6152,74.7667,66.0035,59.8727,56.1523,52.8710,49.9556,47.3483,44.1295,40.9551,36.1048,29.2412,22.3132,16.9229,9.7206
7.784,0.025529932452971315,0.9988443359375,0.0,6,223.563,0.140643,0.123442,13917.9,0.0,8.3886,24.9486,60.0309,196.4870,127.6760,85.8443,73.0915,64.6926,59.7905,55.5829,51.9323,48.7351,44.8733,41.1539,35.6350,28.1463,20.9441,15.5715,8.6764
7.892,0.008365648266189641,0.9980291479374999,0.0,6,225.509,-0.00192587,0.116619,14059.1,0.0,9.6956,28.1782,64.8587,190.3490,127.9880,82.1220,68.9602,60.4872,55.6116,51.4670,47.9007,44.7998,41.0818,37.5292,32.3081,25.3180,18.6957,13.8182,7.6327
8.004,0.040242915080896266,0.9977620271336599,0.0,6,227.471,-0.137024,0.112417,14174.5,0.0,10.9448,31.3741,70.4252,183.3670,121.5730,75.3371,62.6467,54.6068,50.0255,46.1567,42.8463,39.9818,36.5643,33.3158,28.5717,22.2757,16.3686,12.0533,6.6216
8.114,0.030325913221708085,0.9959804051917827,0.0,6,229.335,-0.258486,0.0858955,14292.7,0.0,11.7280,31.0415,61.2750,181.5610,165.7750,105.3050,79.1719,65.0558,57.7112,51.8602,47.0897,43.1260,38.5840,34.4445,28.6889,21.5379,15.2858,10.9723,5.8146
8.224,0.009937195244489307,0.9884666384701183,0.0,6,231.208,-0.360511,0.0770368,14398.8,0.0,12.5472,32.4144,61.8338,175.3440,161.2850,114.8870,81.0360,64.4340,56.2130,49.8558,44.7934,40.6672,36.0258,31.8742,26.2224,19.3887,13.5785,9.6558,5.0524
8.334,0.055162798635370505,0.9704173770001384,0.0,6,233.027,-0.452671,0.0718706,14503.9,0.0,13.3170,33.9368,63.5578,168.3050,154.9420,116.3140,77.8424,60.3778,52.0423,45.7323,40.7896,36.8137,32.3969,28.4950,23.2559,17.0306,11.8293,8.3642,4.3435
8.444,0.03693555045723821,0.4470324910954053,0.0,6,233.605,-0.526276,0.038296,14373.0,0.0,13.4767,31.6733,53.7708,109.3080,156.4220,149.3650,143.9540,134.6260,96.1387,74.2386,60.4685,51.0108,41.8519,34.7315,26.3427,17.7890,11.5915,7.8620,3.8742
8.554,0.012103041173827815,0.14648360668214241,0.0,6,232.081,-0.573656,0.0267853,14182.5,0.0,13.7254,31.4597,51.9815,99.1350,151.0220,144.9450,140.7050,135.7360,129.8760,95.5141,72.0490,57.8431,45.3349,36.3566,26.5227,17.2367,10.9303,7.2926,3.5245
8.664,0.0039659245318398985,0.04799974823760443,0.04823455810546875,6,229.728,-0.60671,0.0224386,13993.0,0.0,13.9499,31.6830,51.8536,96.8197,144.1510,138.4190,134.5190,130.1520,125.7480,105.1730,75.7292,59.1691,45.3051,35.7408,25.6157,16.3748,10.2684,6.8063,3.2647
8.773,0.0012995541505932979,0.01572855750249822,0.7556483166046143,6,219.914,-0.63332,0.0206285,13096.2,0.0,14.1542,32.0263,52.2130,96.6746,136.9550,131.4090,127.6800,123.5710,119.5860,106.6600,74.9579,57.7865,43.7584,34.2598,24.3592,15.4590,9.6476,6.3770,3.0491
8.885,0.00042583790406641194,0.0051539337224186165,0.896109606150839,6,205.163,-0.656405,0.0200463,12072.6,0.0,14.3455,32.4203,52.7901,97.4840,129.9480,124.5190,120.8910,116.9210,113.1150,102.8470,71.6596,54.9888,41.4834,32.3961,22.9731,14.5447,9.0628,5.9850,2.8588
8.991,0.00013953856440448187,0.0016888410021621322,0.9094547387347753,6,190.799,-0.676726,0.0199068,11119.4,0.0,14.5194,32.8038,53.3989,98.5458,123.4550,118.1180,114.5680,110.6950,106.9950,97.4427,67.7497,51.9297,39.1396,30.5469,21.6479,13.6978,8.5319,5.6332,2.6901
9.092,0.09945261362101532,0.0005533994195884874,0.8697300602584896,6,178.071,-0.69378,0.0183234,10372.7,0.0,14.6430,32.9754,53.5005,125.8880,118.0980,112.9170,109.5040,105.8310,102.4160,96.6120,67.9312,51.3662,38.2970,29.6739,20.8733,13.1205,8.1370,5.3591,2.5520
9.212,0.026070905945067436,0.00014507033744860445,0.6562906188533696,5,164.102,-0.71124,0.0161296,10569.5,0.0,14.7603,33.0914,53.4461,119.7970,112.1900,107.2020,103.9570,100.5210,97.4260,92.8888,69.7104,51.6004,37.8419,29.0078,20.1843,12.5673,7.7464,5.0842,2.4116
9.333,0.006834331568063757,3.802931854012696e-05,0.5689551020859616,5,152.052,-0.726458,0.0169442,9792.7,0.0,14.9041,33.4692,54.1468,113.7830,106.2220,101.2920,98.0886,94.6923,91.6161,86.9715,63.9414,47.7236,35.2215,27.1100,18.9415,11.8358,7.3122,4.8054,2.2827
9.453,0.0061765261586214735,9.969157679383042e-06,0.6262725697739392,5,140.514,-0.74028,0.0164641,8974.08,0.0,15.0160,33.6874,54.4462,108.3450,100.8910,96.0741,92.9614,89.6820,86.7402,82.4418,61.8673,45.9534,33.7896,25.9456,18.0842,11.2764,6.9572,4.5686,2.1684
9.571,0.02481322363494566,2.6133548707041887e-06,0.21892334882451772,4,129.743,-0.752755,0.0160502,9495.2,0.0,15.1172,33.8859,54.7206,103.2970,95.9487,91.2380,88.2106,85.0390,82.2186,78.2043,59.8792,44.2863,32.4575,24.8703,17.2983,10.7667,6.6349,4.3542,2.0651
9.672,0.008130797120698995,8.563441240323485e-07,0.0367944472369367,4,123.825,-0.762197,0.0152519,9154.11,0.0,15.1861,33.9854,54.7920,99.3872,92.1460,87.5391,84.5962,81.5347,78.8438,75.1425,59.5095,43.6343,31.7724,24.2445,16.7935,10.4153,6.4039,4.1971,1.9877
9.791,0.002131439680408517,2.2448547405033595e-07,0.004328829922978366,3,121.542,-0.772204,0.0129898,11031.7,0.0,15.2369,33.9439,54.4767,95.0007,87.9384,83.5000,80.6963,77.8212,75.3536,72.1640,62.9425,44.9031,32.0482,24.1510,16.5252,10.1429,6.1957,4.0458,1.9083
9.892,0.03888027356150751,7.355940013681408e-08,0.000727546445154974,3,120.679,-0.779408,0.0108049,10933.0,0.0,15.2646,33.8577,54.1043,91.3955,84.4935,80.2024,77.5185,74.7998,72.5103,69.6715,65.0729,46.8440,32.7090,24.3250,16.4353,9.9826,6.0583,3.9419,1.8519
9.992,0.06330026690463478,2.4103944236831237e-08,0.00012227873103719649,3,119.563,-0.779082,-0.019877,10839.2,0.0,14.8047,31.0038,46.9596,90.9434,84.9859,81.4668,79.3813,77.3997,75.8707,74.2205,72.4124,70.3812,66.8865,55.8017,26.5552,12.9802,7.0345,4.3217,1.9129
10.110,0.021580344294792327,6.318704358019888e-09,1.4385970427795134e-05,3,118.297,-0.762603,-0.0416117,10723.8,0.0,14.3708,29.0045,42.5711,88.5986,83.2015,80.0932,78.2901,76.6113,75.3440,74.0103,72.5984,71.0911,68.7730,65.6731,50.5142,17.6999,8.5271,4.9812,2.1037
10.211,0.03274867321564841,2.0705130440359565e-09,2.417850049799528e-06,3,117.274,-0.739802,-0.0519754,10635.5,0.0,14.0517,27.8926,40.3904,85.8712,80.7474,77.8347,76.1610,74.6153,73.4582,72.2504,70.9849,69.6525,67.6489,65.0951,58.7669,22.2581,9.9556,5.6563,2.3322
10.311,0.019134834435828668,6.784657142697022e-10,4.063680578698068e-07,3,116.273,-0.710175,-0.0643709,10543.4,0.0,13.6609,26.6026,37.9474,83.3219,78.4817,75.7645,74.2172,72.7985,71.7441,70.6515,69.5163,68.3333,66.5839,64.4188,59.6214,30.1012,12.0292,6.5851,2.6341
10.411,0.006270102547932336,2.2231964525189602e-10,6.829827948617842e-08,3,115.296,-0.675582,-0.0705131,10457.8,0.0,13.3129,25.6876,36.3848,80.2357,75.5774,72.9878,71.5225,70.1856,69.1963,68.1757,67.1207,66.0274,64.4241,62.4681,58.2976,37.6960,14.0562,7.5404,2.9694
10.512,0.0020545872029064677,7.284970135614128e-11,1.1478891833242008e-08,3,114.34,-0.638408,-0.0729566,10371.6,0.0,12.9900,24.9743,35.2779,76.8596,72.3367,69.8442,68.4412,67.1663,66.2262,65.2595,64.2639,63.2366,61.7387,59.9280,56.1515,43.8581,15.9456,8.4820,3.3190
10.632,-0.09932531758330079,1.9097112112304303e-11,1.350480145289089e-09,3,113.199,-0.59398,-0.0639573,10268.6,0.0,12.7373,24.8197,35.4213,71.8706,67.3947,64.9483,63.5772,62.3349,61.4213,60.4839,59.5204,58.5287,57.0874,55.3525,51.7659,41.0519,16.8044,9.2113,3.6885
10.751,-0.0260375360525568,5.006193357567899e-12,1.588826386131161e-10,3,112.078,-0.561291,-0.0371264,10167.1,0.0,12.7823,25.9898,38.7871,65.4080,60.8285,58.3360,56.9408,55.6769,54.7469,53.7922,52.8104,51.7982,50.3229,48.5382,44.7887,30.9881,15.3519,9.0690,3.8688
10.872,-0.00682558385096145,1.3123435515262794e-12,1.8692383550194494e-11,3,110.998,-0.538907,-0.0283597,10071.1,0.0,12.7030,26.2129,67.0511,60.4188,55.9347,53.5167,52.1700,50.9547,50.0635,49.1514,48.2159,47.2548,45.8608,44.1859,40.7205,29.5333,15.3619,9.2643,4.0283
10.991,0.08028976438356536,3.44022987971305e-13,2.1991402322968316e-12,3,109.938,-0.520623,-0.0312879,9975.54,0.0,12.5175,25.7016,62.8285,56.3832,52.1017,49.8216,48.5616,47.4311,46.6064,45.7664,44.9098,44.0349,42.7766,41.2842,38.2854,30.6927,16.2308,9.7227,4.2011
11.099,0.0413104897596813,1.1272945269843721e-13,3.696094988421285e-13,3,109.068,-0.500254,-0.0509574,9896.63,0.0,12.1281,24.1130,60.4917,54.3512,50.3388,48.2283,47.0714,46.0399,45.2914,44.5327,43.7632,42.9826,41.8694,40.5651,38.0134,32.2967,18.9994,10.8254,4.4742
11.212,0.04846835873232603,2.955134964817912e-14,4.348418792927758e-14,3,108.037,-0.465769,-0.0708137,9803.79,0.0,11.6429,22.4552,57.4046,51.5728,47.8310,45.8883,44.8315,43.8946,43.2183,42.5359,41.8471,41.1517,40.1669,39.0246,36.8292,32.1838,22.9869,12.4311,4.8914
11.331,0.05529059715068101,7.746709002172268e-15,5.115871225691578e-15,3,107.023,-0.419168,-0.0933685,9712.43,0.0,11.0591,20.7153,54.4644,48.9343,45.4470,43.6576,42.6909,41.8381,41.2249,40.6084,39.9888,39.3659,38.4881,37.4769,35.5581,31.6269,24.7547,14.7671,5.4615
11.450,0.06263502611643532,2.030753284665447e-15,6.018771338313883e-16,3,106.023,-0.359127,-0.118412,9622.22,0.0,10.3791,19.1591,51.6450,46.4044,43.1531,41.5023,40.6160,39.8374,39.2796,38.7205,38.1601,37.5986,36.8107,35.9083,34.2107,30.8050,25.1581,17.6063,6.2158
11.552,0.07183704276858352,6.654372363191738e-16,1.0115748988304143e-16,3,105.199,-0.297921,-0.141888,9547.6,0.0,9.7345,18.0262,49.4195,44.4099,41.3412,39.7960,38.9699,38.2463,37.7293,37.2123,36.6953,36.1783,35.4549,34.6291,33.0853,30.0259,25.0839,18.7742,7.0207
11.671,0.08285173245653693,1.7444037887765346e-16,1.1901077527249943e-17,3,104.215,-0.209366,-0.174058,9459.07,0.0,8.8611,16.8786,46.9337,42.1866,39.3201,37.8890,37.1278,36.4631,35.9893,35.5164,35.0447,34.5741,33.9175,33.1706,31.7816,29.0602,24.7538,19.4067,8.2650
11.792,0.09359346032153329,4.572849868050359e-17,1.4001498700034287e-18,3,103.24,-0.102669,-0.210195,9370.68,0.0,7.8848,16.1216,44.6110,40.1063,37.4216,36.0918,35.3872,34.7737,34.3375,33.9030,33.4702,33.0393,32.4394,31.7588,30.4990,28.0517,24.2347,19.5720,9.5826
11.892,0.10939356136792565,1.4984314447627418e-17,2.3532318865147625e-19,3,102.43,0.00146047,-0.243583,9298.39,0.0,7.0833,16.0330,42.8033,38.4838,35.9350,34.6802,34.0173,33.4413,33.0323,32.6254,32.2207,31.8184,31.2593,30.6263,29.4577,27.2010,23.7134,19.4937,10.3314
12.011,0.13460941551553193,3.928048126558842e-18,2.768553782165753e-20,3,101.449,0.139749,-0.239126,9208.06,0.0,6.2736,46.8402,40.9646,36.8412,34.4337,33.2552,32.6346,32.0965,31.7150,31.3360,30.9596,30.5858,30.0669,29.4807,28.4018,26.3292,23.1522,19.3375,10.9615
12.113,0.15268947149760803,1.2871428101108015e-18,4.653108341685981e-21,3,100.626,0.23681,-0.197941,9133.17,0.0,5.7255,45.3980,39.6591,35.6753,33.3664,32.2411,31.6498,31.1377,30.7750,30.4150,30.0577,29.7033,29.2120,28.6576,27.6392,25.6893,22.7162,19.1634,11.3173
12.231,0.18507971267971934,3.37416764813686e-19,5.474335432910142e-22,3,99.6097,0.328002,-0.155573,9040.5,0.0,5.2014,44.0059,38.4012,34.5526,32.3387,31.2640,30.7004,30.2129,29.8681,29.5262,29.1872,28.8511,28.3857,27.8610,26.8989,25.0632,22.2771,18.9623,11.6114
12.332,0.25093134830300956,1.105647254941486e-19,9.200715562092077e-23,3,98.6834,0.386588,-0.132029,8953.77,0.0,4.8320,43.3679,37.8393,34.0656,31.9031,30.8556,30.3069,29.8327,29.4974,29.1650,28.8355,28.5091,28.0571,27.5480,26.6155,24.8385,22.1474,18.9503,11.8358
12.434,0.27751297669830616,3.622984924992262e-20,1.5463642645208158e-23,3,97.6585,0.43397,-0.12156,8857.18,0.0,4.4861,43.3084,37.8181,34.0797,31.9405,30.9053,30.3631,29.8946,29.5634,29.2351,28.9097,28.5874,28.1412,27.6388,26.7185,24.9652,22.3105,19.1548,12.0991
12.534,0.2573900885496279,1.1871797002214643e-20,2.5989744193801354e-24,3,96.5772,0.473495,-0.116996,8757.97,0.0,4.1768,43.4989,38.0236,34.2987,32.1684,31.1375,30.5977,30.1311,29.8014,29.4745,29.1506,28.8297,28.3855,27.8853,26.9689,25.2228,22.5778,19.4296,12.3587
12.652,0.19378775595074504,3.112120353348556e-21,3.0576674146565364e-25,3,95.3237,0.513073,-0.107185,8645.59,0.0,3.8855,11.2249,38.0419,34.3352,32.2183,31.1946,30.6587,30.1957,29.8684,29.5441,29.2228,28.9045,28.4640,27.9680,27.0594,25.3291,22.7090,19.5904,12.5684
12.754,0.1668193857446042,1.0197795973852549e-21,5.139021623813241e-26,3,94.4069,0.539856,-0.0874556,8567.85,0.0,3.7339,12.4781,37.5239,33.8547,31.7661,30.7578,30.2305,29.7753,29.4537,29.1351,28.8196,28.5070,28.0747,27.5881,26.6977,25.0048,22.4470,19.4104,12.5875
12.874,0.15159455660682913,2.673291027769602e-22,6.04600755020004e-27,3,93.4638,0.562923,-0.0520519,8489.73,0.0,3.6694,42.4734,36.3577,32.7604,30.7253,29.7464,29.2354,28.7946,28.4834,28.1754,27.8706,27.5689,27.1520,26.6833,25.8271,24.2034,21.7620,18.8799,12.4448
12.993,0.14255919838998504,7.007872031836346e-23,7.113067422734845e-28,3,92.6502,0.571866,-0.0104554,8420.42,0.0,3.7602,41.5206,34.8885,31.3617,29.3916,28.4478,27.9561,27.5327,27.2342,26.9389,26.6470,26.3583,25.9597,25.5121,24.6959,23.1543,20.8491,18.1467,12.1677
13.113,0.16484011934001075,1.837071605913707e-23,8.368452692173319e-29,3,91.8939,0.562566,0.0314411,8353.83,0.0,4.0481,40.4251,33.4359,29.8621,27.9572,27.0491,26.5770,26.1710,25.8850,25.6025,25.3233,25.0476,24.6674,24.2410,23.4653,22.0052,19.8357,17.3111,11.7862
13.215,0.1966373171634818,6.019716238258036e-24,1.4064858439735697e-29,3,91.2433,0.541524,0.0569431,8294.74,0.0,4.4019,39.8888,32.7230,28.8882,27.0147,26.1254,25.6639,25.2675,24.9886,24.7131,24.4412,24.1727,23.8027,23.3882,22.6351,21.2218,19.1307,16.7111,11.4631
13.333,0.22462170857126362,1.5780324935619146e-24,1.654716530576465e-30,3,90.4209,0.504922,0.0754553,8219.71,0.0,4.9069,39.6763,32.7270,28.2709,26.2227,25.3295,24.8734,24.4819,24.2066,23.9349,23.6668,23.4024,23.0383,22.6308,21.8914,20.5074,18.4689,16.1240,11.0906
13.434,0.27033348609821833,5.170896874903682e-25,2.7810820729398648e-31,3,89.6732,0.46885,0.0806031,8151.38,0.0,5.3358,39.8283,33.3478,28.4682,26.0822,25.0575,24.5499,24.1262,23.8345,23.5516,23.2770,23.0105,22.6457,22.2377,21.4980,20.1157,18.0861,15.7613,10.8114
13.552,0.29709568918897045,1.3555195903747506e-25,3.271915247993022e-32,3,88.6939,0.424236,0.0734813,8061.39,0.0,5.7592,40.4626,34.4011,29.8830,27.0681,25.7549,25.1121,24.5793,24.2145,23.8622,23.5217,23.1926,22.7498,22.2681,21.4286,19.9644,17.8956,15.5354,10.5531
13.670,0.3056289732765482,3.553413274991986e-26,3.849375570111311e-33,2,87.7216,0.382665,0.058394,10024.6,0.0,6.0689,41.2839,35.4990,31.3153,28.7809,27.5075,26.8249,26.2259,25.7972,25.3679,24.9381,24.5079,23.9187,23.2831,22.1894,20.3225,17.9206,15.4687,10.3662
13.772,0.3125813520922866,1.1643824619493741e-26,6.4696455206860815e-34,2,86.5558,0.352687,0.0424445,9837.76,0.0,6.2367,42.0227,36.3851,32.3791,29.9897,28.8012,28.1682,27.6154,27.2212,26.8277,26.4350,26.0433,25.4956,24.8705,23.7019,21.4083,18.3918,15.5304,10.2657
13.890,0.30949206573803467,3.0523587610525672e-27,7.611473258631969e-35,2,84.9723,0.324741,0.0142267,9651.41,0.0,6.2702,43.2401,37.6962,33.8187,31.5338,30.4065,29.8092,29.2887,28.9182,28.5491,28.1813,27.8150,27.3047,26.7253,25.6478,23.5353,20.1640,16.2992,10.2660
13.992,0.19390101362324114,1.0001969188217051e-27,1.2792603105782753e-35,2,83.7507,0.309265,-0.00651145,9512.62,0.0,6.2464,44.1023,38.5870,34.7698,32.5380,31.4420,30.8625,30.3585,30.0004,29.6439,29.2892,28.9362,28.4453,27.8886,26.8561,24.8437,21.6623,17.6316,10.3088
14.114,0.12751464452754743,2.621956210875971e-28,1.505036962792235e-36,2,82.5065,0.29803,-0.00550485,9398.22,0.0,6.3072,43.9452,38.4654,34.7210,32.5532,31.4939,30.9355,30.4510,30.1073,29.7658,29.4264,29.0893,28.6207,28.0899,27.1092,25.2109,22.2407,18.5315,10.3728
14.214,0.07765907771400413,8.591626111798383e-29,2.52951562336491e-37,2,81.6728,0.289759,0.0214357,9327.85,0.0,6.3397,42.5971,37.1920,33.5458,31.4540,30.4375,29.9039,29.4415,29.1138,28.7885,28.4654,28.1448,27.7001,27.1979,26.2738,24.4923,21.7369,18.3442,10.4409
14.336,0.0548936737482249,2.2522432354512751e-29,2.9759498357325833e-38,2,80.7932,0.273697,0.0290453,9234.27,0.0,6.3500,40.1017,34.8423,31.3549,29.3801,28.4269,27.9284,27.4981,27.1938,26.8921,26.5931,26.2967,25.8862,25.4238,24.5761,22.9571,20.4840,17.4933,10.5061
14.454,0.07097688299383734,5.90412050714139e-30,3.501175222241028e-39,2,79.9603,0.265682,0.00971293,9137.6,0.0,6.2933,37.4315,32.3369,29.0196,27.1658,26.2776,25.8148,25.4161,25.1351,24.8571,24.5819,24.3097,23.9334,23.5104,22.7376,21.2732,19.0637,16.4371,10.4302
14.573,0.17377106997754202,1.5477297662240727e-30,4.119097637214347e-40,2,79.1051,0.2705,-0.02774,9040.89,0.0,6.2941,35.5290,30.5269,27.3210,25.5492,24.7064,24.2683,23.8917,23.6264,23.3644,23.1056,22.8500,22.4975,22.1023,21.3824,20.0242,17.9981,15.6179,10.2759
14.674,0.2125750804944431,5.071600897963042e-31,6.922967398866152e-41,2,78.3711,0.290272,-0.0562739,8952.41,0.0,6.3770,34.8103,29.7833,26.5927,24.8411,24.0112,23.5813,23.2123,22.9525,22.6961,22.4429,22.1929,21.8485,21.4627,20.7618,19.4461,17.4924,15.2177,10.1788
14.794,0.2236653467916959,1.3294897457956238e-31,8.14480191509204e-42,2,77.4588,0.306004,-0.0110219,8855.85,0.0,6.5701,34.4530,29.3197,26.0931,24.3344,23.5046,23.0752,22.7068,22.4480,22.1927,21.9410,21.6928,21.3512,20.9693,20.2766,18.9794,17.0679,14.8591,10.0418
14.896,0.21984568616157185,4.3564719990231e-32,1.3688968578695194e-42,2,76.7143,0.305631,0.0201576,8775.55,0.0,6.8571,34.1590,28.9267,25.6634,23.8948,23.0627,22.6331,22.2652,22.0071,21.7525,21.5016,21.2543,20.9141,20.5340,19.8456,18.5625,16.6797,14.5214,9.8717
15.011,0.2119143019082544,1.1420229957119115e-32,1.610493464314911e-43,2,75.8481,0.291654,0.0541124,8673.6,0.0,7.3541,33.7750,28.4168,25.1063,23.3241,22.4896,22.0593,21.6912,21.4329,21.1787,20.9283,20.6819,20.3433,19.9656,19.2834,18.0146,16.1662,14.0640,9.6083
15.115,0.20539835757093,3.742180952348792e-33,2.7067563654740713e-44,2,75.1407,0.270277,0.0795915,8596.06,0.0,7.9089,33.3898,27.9264,24.5780,22.7867,21.9500,21.5196,21.1521,20.8946,20.6413,20.3919,20.1466,19.8098,19.4342,18.7568,17.5027,15.6847,13.6332,9.3400
15.217,0.19930115588167827,1.226237854465652e-33,4.549245423452272e-45,2,74.4554,0.241045,0.100803,8521.55,0.0,8.5849,32.9798,27.4070,24.0197,22.2185,21.3806,20.9501,20.5827,20.3255,20.0726,19.8241,19.5798,19.2449,18.8721,18.2007,16.9605,15.1739,13.1715,9.0392
15.333,0.19196306361845758,3.214508961210438e-34,5.352141748237364e-46,2,73.6538,0.197244,0.124869,8428.53,0.0,9.5819,32.4026,26.7017,23.2723,21.4626,20.6243,20.1950,19.8293,19.5736,19.3224,19.0756,18.8332,18.5012,18.1320,17.4688,16.2501,14.5053,12.5689,8.6345
15.435,0.1980052638388487,1.0533302964094364e-34,8.995344636262539e-47,2,72.9957,0.154538,0.141451,8356.09,0.0,10.5571,31.8999,26.0866,22.6210,20.8051,19.9671,19.5385,19.1738,18.9190,18.6691,18.4239,18.1833,17.8543,17.4889,16.8333,15.6321,13.9242,12.0420,8.2715
15.536,0.23337446581846005,3.4515527152744406e-35,1.5118475730166447e-47,2,72.3311,0.107985,0.150343,8278.8,0.0,11.4628,31.6829,25.6993,22.1594,20.3151,19.4677,19.0354,18.6678,18.4113,18.1597,17.9130,17.6712,17.3407,16.9741,16.3181,15.1212,13.4276,11.5779,7.9204
15.651,0.2534971390793175,9.048038349929027e-36,1.7786735511783528e-48,2,71.5226,0.0513821,0.149998,8186.68,0.0,12.2232,31.9651,25.6682,21.9667,20.0504,19.1726,18.7255,18.3460,18.0815,17.8224,17.5686,17.3201,16.9809,16.6053,15.9340,14.7135,13.0006,11.1464,7.5437
15.759,0.2603468394274052,2.9648612065047433e-36,2.9894166374654573e-49,2,70.8575,0.00596364,0.142325,8113.09,0.0,12.5954,32.5539,25.9246,22.0405,20.0367,19.1216,18.6564,18.2620,17.9873,17.7183,17.4549,17.1971,16.8454,16.4563,15.7626,14.5066,12.7525,10.8710,7.2665
15.872,0.2663076955530491,7.772205761179794e-37,3.5170187798117355e-50,2,70.0724,-0.0441411,0.130142,8022.6,0.0,12.8155,33.5699,26.4835,22.3382,20.2066,19.2363,18.7433,18.3257,18.0351,17.7508,17.4728,17.2009,16.8304,16.4211,15.6929,14.3779,12.5558,10.6198,6.9778
15.975,0.2714877875018231,2.5467963838233947e-37,5.911053463229585e-51,2,69.431,-0.0811329,0.116504,7951.61,0.0,12.8344,34.6892,27.1749,22.7764,20.5187,19.4916,18.9706,18.5297,18.2232,17.9235,17.6307,17.3443,16.9542,16.5235,15.7580,14.3813,12.4837,10.4847,6.7797
16.075,0.2771124006452028,8.345342390512501e-38,9.934707555649964e-52,2,68.8042,-0.112899,0.100289,7879.74,0.0,12.7011,36.2188,28.1509,23.4577,21.0478,19.9528,19.3979,18.9283,18.6018,18.2827,17.9708,17.6661,17.2514,16.7939,15.9823,14.5256,12.5279,10.4404,6.6306
16.177,0.2835569898660529,2.7346017945231363e-38,1.6697262988780898e-52,2,68.1879,-0.138677,0.0815708,7811.24,0.0,12.4665,38.6600,29.3935,24.3713,21.7876,20.6138,20.0186,19.5150,19.1651,18.8232,18.4892,18.1631,17.7194,17.2302,16.3624,14.8081,12.6871,10.4870,6.5326
16.291,0.29327733719073784,7.16859452823473e-39,1.9644162933670838e-53,2,67.4668,-0.160725,0.0554811,7728.97,0.0,12.0416,43.9490,31.4107,25.9073,23.0761,21.7874,21.1335,20.5802,20.1957,19.8200,19.4530,19.0947,18.6071,18.0694,17.1160,15.4118,13.0941,10.7098,6.4999
16.396,0.3525676886561625,2.3490050550119563e-39,3.301594464262058e-54,2,66.8368,-0.170328,0.0278527,7657.62,0.0,11.5371,52.8979,34.4665,27.7845,24.6963,23.2852,22.5683,21.9612,21.5390,21.1264,20.7231,20.3289,19.7923,19.2004,18.1507,16.2735,13.7236,11.1127,6.5715
16.513,0.3918891534040101,6.157775811410542e-40,3.884292871259668e-55,2,66.0508,-0.167757,-0.0205291,7566.4,0.0,10.6576,155.3200,43.3587,32.2716,28.0649,26.3726,25.5467,24.8457,24.3571,23.8786,23.4103,22.9522,22.3277,21.6374,20.4095,18.2046,15.1980,12.1231,6.8660
16.614,0.4121773286436979,2.017779977883006e-40,6.528331028726124e-56,2,65.3738,-0.151419,-0.0676149,7489.25,0.0,9.8535,112.4550,62.0956,40.3381,33.4271,30.8180,29.5941,28.6048,27.9402,27.3077,26.7053,26.1308,25.3700,24.5574,23.1416,20.5816,17.0605,13.4389,7.3029
16.715,0.4302891115600153,6.611861431527034e-41,1.0972165959979999e-56,2,64.689,-0.120763,-0.120542,7410.96,0.0,9.0163,50.3591,127.4440,59.9594,44.9887,40.0307,37.8183,36.0793,34.9350,33.8636,32.8584,31.9134,30.6822,29.3915,27.2563,23.8423,19.6478,15.3085,7.9572
16.834,0.4101641308924199,1.7332598031062228e-41,1.2908643530256875e-57,2,63.8863,-0.0638148,-0.185806,7320.57,0.0,8.0212,19.5126,72.6736,116.2580,140.5940,72.1907,64.0063,58.8437,55.6428,52.7761,50.1938,47.8560,44.9319,42.0063,37.4539,30.8358,23.9376,18.3135,9.0538
16.951,0.1519993958344625,0.170715362109375,1.5186890026911911e-58,2,63.8119,0.0122458,-0.225756,7421.66,0.0,7.1901,14.3202,27.7246,76.6039,101.4890,113.0380,119.2460,124.7430,128.7180,132.7390,136.8130,140.9420,146.8280,66.6558,55.4045,41.5727,29.4913,21.1622,10.1893
17.062,0.049807162027036674,0.39404609774662497,2.5524606068230852e-59,2,65.0983,0.0836767,-0.207218,7683.78,0.0,6.7448,13.6018,24.8182,62.9244,91.3189,102.6840,108.7100,114.0160,117.8400,121.6990,125.6010,129.5500,135.1680,141.7310,62.5308,45.2240,31.0855,21.8239,10.6347
17.174,-0.13653991754914857,0.5453902499189891,4.28992054188756e-60,2,67.5441,0.147708,-0.166156,8113.31,0.0,6.4683,14.0972,25.9968,65.3191,90.6537,101.7050,107.6050,112.8160,116.5780,120.3800,124.2280,128.1270,133.6800,140.1730,60.8524,44.1614,30.4417,21.4131,10.7367
17.279,-0.06597490877300499,0.6365383970153294,7.210069454750422e-61,2,70.8408,0.19224,-0.0981382,8654.31,0.0,6.5017,16.4098,33.5199,78.6198,100.3150,111.1750,117.0980,122.3790,126.2140,130.1080,134.0630,138.0840,143.8300,59.3469,49.9174,37.9472,27.2364,19.7094,10.4197
17.392,-0.021618658106738273,0.7187028120902331,1.2117963732599036e-61,2,74.9041,0.218458,-0.0437682,9479.84,0.0,6.6401,18.2442,39.4662,82.7019,103.5190,114.2620,120.1650,125.4470,129.2940,133.2060,137.1870,141.2390,58.7957,53.1862,45.3177,35.0287,25.5310,18.6854,10.1424
17.499,0.22991039194780272,0.7920370335594776,2.0366661645379205e-62,2,79.5192,0.230123,-0.0196784,10546.8,0.0,6.7073,17.7136,34.9069,73.8437,93.8729,104.0710,109.6580,114.6510,118.2820,121.9740,125.7280,129.5480,135.0140,61.7669,49.6805,37.2715,26.4362,18.9680,10.0458
17.612,0.075337037233456,0.8612971834380196,3.4230248227388846e-63,2,84.2724,0.236193,-0.0342782,12290.2,0.0,6.5058,14.8488,24.4266,46.1247,69.6095,79.2327,84.3268,88.8134,92.0473,95.3139,98.6181,101.9650,106.7290,112.3010,123.1620,51.3223,32.3803,21.5394,10.3741
17.722,0.02468644036065886,0.9074114743502202,5.7530778195772435e-64,2,89.16,0.235065,-0.0453561,14479.0,0.0,6.2783,12.8425,19.0615,29.5733,44.4580,56.3177,61.6228,66.0253,69.1037,72.1558,75.1983,78.2442,82.5331,87.4936,97.0449,117.5270,42.3636,25.2445,10.8553
17.829,0.008089252777380696,0.9292353262900802,9.669197891363473e-65,3,93.1969,0.234989,-0.102744,8672.9,0.0,5.9158,10.9073,14.9447,20.5809,26.7327,31.4700,34.7658,38.2798,41.2626,44.7533,48.5917,52.0293,56.4617,61.2665,70.0210,87.8457,121.3100,32.6608,11.7459
17.940,0.0026506863500921065,0.9389480328906085,1.6251020896014594e-65,3,96.8362,0.263047,-0.14485,10612.7,0.0,5.5150,9.6410,12.7455,16.7578,20.7575,23.5990,25.4655,27.3636,28.9052,30.6333,32.5838,34.8024,38.4750,43.7468,53.1778,70.0715,100.2100,40.8139,12.6804
18.050,-0.26768164299582525,0.9446846300894696,2.731309081993173e-66,3,101.499,0.315027,-0.173171,11079.2,0.0,5.0220,8.4981,11.0082,14.1198,17.0816,19.1057,20.4009,21.6910,22.7193,23.8518,25.1053,26.4998,28.7384,31.8158,39.8340,57.1154,85.2154,133.9790,13.7294
18.158,-0.20475426440837202,0.9113799939627174,4.590511174105926e-67,3,106.689,0.371436,-0.0842093,10951.2,0.0,4.9359,9.3364,13.0296,18.4042,24.5830,29.5807,33.1889,37.1595,40.1460,42.9412,45.6324,48.2663,51.9094,56.0633,63.9646,80.7661,113.4930,33.6017,12.7550
18.269,-0.06709387736133535,0.8217705198592032,7.715272130319831e-68,3,110.786,0.411757,-0.00485117,11070.8,0.0,4.9674,10.6904,16.5972,27.8606,42.5958,49.9319,53.8819,57.3930,59.9410,62.5276,65.1566,67.8320,71.6608,76.1662,85.0231,104.5900,43.7691,26.3898,12.0377
18.382,-0.02198532173376237,0.7935562580880887,1.296705786942854e-68,3,114.66,0.424992,0.0288264,11138.4,0.0,5.0261,11.5703,19.2061,35.6061,48.9331,55.9921,59.9193,63.4603,66.0542,68.7040,71.4130,74.1833,78.1686,82.8847,92.2218,113.0630,36.9500,24.2425,11.7575
18.490,-0.0072041502257192535,0.8078400615253049,2.1793734161148554e-69,3,118.492,0.415973,0.0377557,11417.0,0.0,5.1539,12.0981,20.5112,36.5194,48.6051,55.2871,59.0518,62.4685,64.9821,67.5592,70.2019,72.9115,76.8221,81.4650,90.6993,111.4570,36.1874,23.5325,11.5859
18.599,-0.0023606559459636847,0.8400537110481119,3.662872900464238e-70,3,122.419,0.396144,0.039582,11799.6,0.0,5.3394,12.5848,21.4333,35.6245,46.5235,52.7248,56.2554,59.4779,61.8587,64.3071,66.8250,69.4140,73.1614,77.6258,86.5467,106.7480,37.3864,23.0940,11.4043
18.709,-0.0007735397403733802,0.8705801867549953,6.156190483810247e-71,3,126.49,0.372274,0.039683,12226.0,0.0,5.5510,13.0867,22.0858,34.1975,43.9854,49.6846,52.9603,55.9668,58.1974,60.4984,62.8721,65.3197,68.8739,73.1241,81.6597,101.1490,41.1049,22.7629,11.2083
18.822,-0.0002534735021255492,0.9023442761427518,1.0346709346139883e-71,3,130.728,0.346759,0.0391509,12653.6,0.0,5.7733,13.5945,21.9875,32.4654,41.2196,46.4141,49.4268,52.2073,54.2784,56.4223,58.6406,60.9348,64.2783,68.2924,76.3999,95.0859,135.6400,22.8286,11.0053
18.929,-8.305819717649996e-05,0.9264906880314568,1.7389714398057308e-72,3,135.106,0.320423,0.0384385,13133.9,0.0,6.0015,14.0171,21.3885,30.5179,38.3103,43.0079,45.7545,48.3038,50.2104,52.1905,54.2463,56.3792,59.4989,63.2612,70.9080,88.7216,127.5310,23.4502,10.7972
19.039,-0.0917901662340391,0.9359690780291479,2.922689298881492e-73,3,139.603,0.291281,0.05182,13539.0,0.0,6.3512,14.5713,21.5253,30.1198,37.5405,42.0601,44.7186,47.1948,49.0528,50.9874,53.0010,55.0955,58.1682,61.8864,69.4836,87.3402,127.1390,23.4350,10.4309
19.149,-0.030077801671569936,0.9399423318635912,4.912163904630123e-74,3,144.039,0.249318,0.0810639,14026.9,0.0,6.9016,15.4857,22.6269,31.4775,39.1801,43.9002,46.6862,49.2870,51.2423,53.2815,55.4067,57.6208,60.8741,64.8199,72.9059,92.0141,137.7470,22.2690,9.9403
19.261,-0.009855894051740036,0.9412442876800615,8.255873874511851e-75,3,148.583,0.195107,0.0748402,14395.5,0.0,7.2086,15.4979,22.2309,30.5771,37.9111,42.4456,45.1367,47.6580,49.5590,51.5467,53.6236,55.7926,58.9892,62.8805,70.8976,90.0209,137.6130,22.7211,9.7078
19.370,-0.12626030834444915,0.9421768813120026,1.3875647220892067e-75,3,153.078,0.154283,0.0524041,14788.6,0.0,7.4129,15.5333,22.0566,30.1706,37.3666,41.8512,44.5248,47.0386,48.9388,50.9299,53.0152,55.1975,58.4223,62.3601,70.5120,90.1175,141.5240,22.9613,9.5441
19.481,-0.06526036099990909,0.939198194296442,2.3320800284153305e-76,4,155.768,0.120013,0.0647265,12230.2,0.0,7.8222,16.8158,24.2753,33.7406,42.2298,47.5423,50.7140,53.6971,55.9527,58.3161,60.7913,63.3820,67.2089,71.8797,81.5386,105.1860,49.0570,20.5751,9.1227
19.592,-0.021384515092450207,0.9393801439945582,3.919526903757646e-77,4,157.798,0.0851415,0.0540749,12163.5,0.0,8.0524,17.1336,24.6625,34.2781,42.9789,48.4593,51.7425,54.8385,57.1837,59.6451,62.2266,64.9320,68.9359,73.8330,83.9915,110.5530,44.3607,20.1761,8.9063
19.702,-0.0070072779054940835,0.9401926949591368,6.587548867145476e-78,4,161.116,0.0581716,0.0286691,12389.6,0.0,8.0881,16.6563,23.6051,32.4450,40.4934,45.6029,48.6801,51.5930,53.8068,56.1368,58.5871,61.1627,64.9877,69.6859,79.4940,105.5000,146.7380,21.1273,8.8875
19.809,-0.0783764841853223,0.94036257665921,1.1071693381011402e-78,4,164.381,0.0474548,0.00692337,12631.1,0.0,8.0178,16.0931,22.5359,30.7115,38.1969,42.9838,45.8817,48.6344,50.7333,52.9476,55.2836,57.7456,61.4147,65.9411,75.4543,101.2330,141.8270,22.3742,8.9821
19.918,-0.04642818007896641,0.9405146184946899,1.8608195065465863e-79,4,167.522,0.0447032,0.0148255,12886.5,0.0,8.1114,16.5610,23.4764,32.4325,40.7580,46.1252,49.3840,52.4860,54.8547,57.3557,59.9962,62.7819,66.9357,72.0623,83.1257,117.9250,142.3950,21.2845,8.8721
20.029,-0.015213586048275713,0.93872729112584,3.127479344652848e-80,4,170.721,0.0445073,0.00410956,13100.5,0.0,8.0374,16.2375,22.9296,31.6325,39.7919,45.0905,48.3240,51.4113,53.7750,56.2771,58.9236,61.7236,65.9087,71.0917,82.9132,117.0190,138.5480,21.8988,8.9590
20.140,-0.004985187876298985,0.9372004575842402,5.256354534558042e-81,4,173.907,0.0538915,-0.0157812,13327.1,0.0,7.8178,15.4238,21.5239,29.4149,36.8378,41.6907,44.6666,47.5195,49.7110,52.0396,54.5094,57.1302,61.0656,65.9651,77.2325,111.0640,132.6770,23.7209,9.2255
20.251,-0.0016335463633056512,0.9378385744568288,8.834355066231705e-82,4,177.067,0.0792974,-0.0373543,13559.6,0.0,7.4675,14.3711,19.8013,26.7722,33.3370,37.6522,40.3106,42.8703,44.8430,46.9454,49.1840,51.5688,55.1651,59.6708,69.9544,103.5460,126.1260,26.5672,9.6705
20.360,-0.13455060471387173,0.9375115866561387,1.484790055981563e-82,4,180.132,0.120143,-0.039995,13807.3,0.0,7.1256,13.7301,18.9742,25.7889,32.2976,36.6220,39.3038,41.8970,43.9022,46.0467,48.3373,50.7833,54.4876,59.2640,70.9582,102.9370,122.4080,27.7624,10.0628
20.469,-0.09412006971864148,0.9371875955436085,2.495486647088213e-83,4,182.86,0.153544,4.94322e-06,14082.2,0.0,7.1203,14.6121,21.0609,29.9949,38.9328,44.9985,48.7879,52.5215,55.5584,58.9739,62.8411,67.2581,74.6069,85.2724,98.0892,110.6690,54.2858,23.9362,9.9127
20.578,-0.030841264445404436,0.9350018383389797,4.19416440776116e-84,4,185.815,0.167597,0.00934952,14234.8,0.0,7.0709,14.7835,21.6149,31.3276,41.2492,48.1785,52.8926,57.8551,62.0176,66.8310,72.4587,79.1304,86.8681,91.9397,98.8661,108.9910,46.5866,23.2626,9.9303
20.692,-0.010106065533470125,0.9306399238712918,7.049132120124184e-85,4,188.834,0.173701,-0.0019086,14425.4,0.0,6.9455,14.3025,20.7332,29.8322,39.1640,46.0243,50.7831,55.8448,60.1322,65.1369,71.0560,77.6272,83.0537,87.4277,93.7737,103.3810,49.7085,24.2159,10.0939
20.801,-0.003311555554007491,0.895896484785395,1.1847476354292715e-85,4,191.742,0.186666,-0.0178579,14614.6,0.0,6.7367,13.5709,19.4148,27.5819,36.0172,42.4185,46.8755,51.6303,55.6689,60.3977,66.0091,72.0799,77.1339,81.3047,87.4233,96.7899,54.5382,25.8902,10.3750
20.911,-0.0010851305239371746,0.34560986013447825,1.991205350865977e-86,4,192.851,0.21343,-0.0345023,14403.2,0.0,6.4189,12.6503,17.8633,25.0534,32.6077,38.4296,42.4878,46.8223,50.5063,54.8243,59.9543,65.7039,70.6534,74.7104,80.6692,89.8463,59.8318,28.2366,10.8012
21.023,-0.0003555755700837333,0.11324943896886583,0.6262080917358399,4,187.617,0.255147,-0.0504883,13583.1,0.0,5.9950,11.5813,16.1640,22.4227,29.1805,34.4023,38.0445,41.9356,45.2449,49.1248,53.7386,59.1383,64.0652,68.0301,73.8407,82.8294,94.3275,30.8005,11.3754
21.129,-0.00011651500280503771,0.03710957616131795,0.871512160341568,4,174.687,0.30864,-0.0647643,12292.6,0.0,5.4983,10.4426,14.4335,19.9276,25.9484,30.6049,33.8550,37.3287,40.2853,43.7545,47.8817,52.8479,57.7831,61.6578,67.3184,76.1115,87.4916,33.2009,12.0605
21.243,-0.010856477346275404,0.012160065916540666,0.9151439078889492,4,161.066,0.369685,-0.0771182,11085.1,0.0,4.9628,9.2942,12.7697,17.6416,22.9934,27.1389,30.0358,33.1361,35.7773,38.8792,42.5736,47.0475,51.9849,55.7626,61.2670,69.8552,81.0980,35.3626,12.8135
21.352,-0.08250294314900253,0.003984610399532046,0.7683265067099796,4,147.954,0.434896,-0.0865906,10157.4,0.0,4.4161,8.2044,11.2897,15.6383,20.4411,24.1803,26.8030,29.6186,32.0246,34.8588,38.2469,42.3679,46.9950,50.5941,55.8825,64.2169,75.2751,37.1051,13.5273
21.460,-0.027034564411065148,0.0013056771357186608,0.14805787661384978,3,137.952,0.502121,-0.096412,12427.3,0.0,3.8662,7.1762,9.8792,13.6927,17.9096,21.1963,23.5036,25.9823,28.1019,30.6006,33.5899,37.2294,41.8855,45.4229,50.5814,58.7284,69.6432,38.8970,14.1996
21.570,-0.008858686066217827,0.0004278442838322908,0.08958898234202098,3,131.138,0.568914,-0.0961083,11835.9,0.0,3.3517,6.2356,8.5983,11.9441,15.6606,18.5697,20.6183,22.8254,24.7176,26.9540,29.6379,32.9183,37.3569,40.7604,45.7358,53.6511,64.3830,76.7809,14.8013
21.682,-0.045970051999787626,0.00014019601492616505,0.7167756891953289,3,123.056,0.630917,-0.0921472,10431.1,0.0,2.8791,5.3856,7.4553,10.4122,13.7330,16.3596,18.2238,20.2457,21.9904,24.0662,26.5770,29.6752,33.6057,36.7451,41.4439,49.0536,59.5437,71.8777,15.3128
21.792,-0.3751924550006197,4.593943017100576e-05,0.21259284906133044,3,113.391,0.683355,-0.0689872,10153.2,0.0,2.5192,4.8718,6.9126,9.9994,13.7319,16.9054,19.2885,22.0063,24.4716,27.4565,29.8218,31.7350,34.0539,36.4102,40.3467,47.2083,57.0999,69.0497,15.3805
21.899,-0.16623689579990306,1.5053432478435167e-05,0.03573048014173782,3,109.724,0.710449,0.00515526,9914.55,0.0,2.4697,5.4174,8.5638,14.8805,25.8261,30.6408,32.7972,34.5603,35.7665,36.9368,38.0762,39.1887,40.7070,42.3935,45.4391,51.1728,59.9341,34.9535,14.4394
22.012,-0.05447250601571223,4.932708754533636e-06,0.006005221797421875,3,108.21,0.705024,0.0573022,9809.65,0.0,2.6596,6.5337,11.6783,24.2930,31.5015,34.6768,36.3037,37.6962,38.6752,39.6421,40.5979,41.5431,42.8499,44.3212,47.0215,52.2180,60.3449,28.4491,13.7052
22.121,-0.01784955077122858,1.616350004685582e-06,0.0010092976274926949,3,107.102,0.675712,0.0748221,9719.2,0.0,2.9830,7.6610,14.4975,25.2227,30.9174,33.6503,35.0835,36.3248,37.2046,38.0789,38.9478,39.8115,41.0121,42.3722,44.8890,49.7952,57.5979,28.6423,13.2645
22.231,-0.005848940796716181,5.296455695353715e-07,0.00016963265225269724,3,106.093,0.636037,0.0803172,9629.26,0.0,3.3695,8.7822,16.3133,24.1114,28.9098,31.3140,32.5949,33.7142,34.5125,35.3098,36.1059,36.9005,38.0105,39.2751,41.6330,46.2885,53.8235,63.7724,12.8896
22.344,-0.04874113578208436,1.7355426022535053e-07,2.8510159864110824e-05,3,105.107,0.592867,0.0845916,9541.52,0.0,3.7883,9.9903,16.4657,22.6386,26.7306,28.8458,29.9877,30.9933,31.7148,32.4386,33.1645,33.8922,34.9134,36.0834,38.2823,42.6815,49.9367,59.7230,12.5041
22.449,-0.2859905363204644,5.687025999064286e-08,4.7917025683611065e-06,3,103.964,0.538109,0.134303,9431.72,0.0,4.5727,12.6115,18.6175,24.1862,27.9094,29.8496,30.9016,31.8307,32.4988,33.1703,33.8449,34.5224,35.4751,36.5693,38.6334,42.7898,49.7109,59.1485,11.6025
22.561,-0.19703841297921632,1.8635246793733856e-08,8.053414506644513e-07,3,102.634,0.453178,0.225818,9298.79,0.0,6.1426,16.2966,22.6005,28.1236,31.7409,33.6130,34.6256,35.5187,36.1602,36.8046,37.4515,38.1008,39.0134,40.0608,42.0349,46.0048,52.6045,22.5536,10.3332
22.668,-0.14705245993619365,6.106397669370709e-09,1.3535373761317433e-07,3,101.356,0.333692,0.299872,9187.97,0.0,7.7645,18.9300,25.1924,30.5399,34.0143,35.8087,36.7785,37.6338,38.2480,38.8649,39.4842,40.1057,40.9792,41.9817,43.8711,47.6721,53.9990,17.7901,9.2361
22.781,-0.14007798103772004,2.0009443882993942e-09,2.2748902680646215e-08,3,100.213,0.190601,0.306748,9090.5,0.0,9.1198,20.4805,26.4746,31.5498,34.8473,36.5526,37.4750,38.2889,38.8737,39.4613,40.0514,40.6440,41.4773,42.4344,44.2404,47.8828,53.9710,15.4498,8.2619
22.889,-0.13798676745463542,6.556694571579455e-10,3.823408073536209e-09,3,99.1565,0.04949,0.293338,9001.86,0.0,10.3190,21.6578,27.3801,32.1995,35.3327,36.9549,37.8332,38.6087,39.1662,39.7266,40.2897,40.8555,41.6515,42.5666,44.2955,47.7909,53.6592,13.4764,7.3220
23.000,-0.13456483283940993,2.1484976772151557e-10,6.426001949192306e-10,3,98.1716,-0.0857156,0.276693,8914.89,0.0,11.3547,22.5283,27.9847,32.5651,35.5456,37.0910,37.9285,38.6684,39.2008,39.7361,40.2743,40.8153,41.5769,42.4532,44.1108,47.4704,53.1360,11.7453,6.4273
23.108,-0.13017930650464596,7.040197188698623e-11,1.0800181476007511e-10,3,97.2332,-0.212443,0.257805,8831.66,0.0,12.2312,23.1539,28.3580,32.7174,35.5580,37.0332,37.8335,38.5409,39.0501,39.5624,40.0778,40.5960,41.3262,42.1667,43.7589,46.9939,52.4736,10.1975,5.5881
23.220,-0.12495637734390333,2.3069318147927647e-11,1.8151865006725826e-11,3,96.332,-0.329065,0.236192,8751.49,0.0,12.9431,23.5378,28.4953,32.6456,35.3552,36.7648,37.5302,38.2074,38.6950,39.1860,39.6800,40.1771,40.8779,41.6854,43.2167,46.3362,15.0435,8.8329,4.8158
23.332,-0.11887974207883929,7.559354170712932e-12,3.0507839516804096e-12,3,95.4644,-0.43423,0.211664,8674.18,0.0,13.4927,23.6953,28.4090,32.3585,34.9435,36.2908,37.0233,37.6718,38.1391,38.6098,39.0838,39.5609,40.2340,41.0103,42.4844,45.4955,12.5137,7.6446,4.1189
23.440,-0.11190174247144874,2.4770491746592135e-12,5.127452587589265e-13,3,94.6288,-0.526602,0.183994,8599.67,0.0,13.8811,23.6351,28.1055,31.8590,34.3231,35.6104,36.3111,36.9319,37.3797,37.8310,38.2856,38.7436,39.3902,40.1365,41.5560,44.4641,10.8219,6.6375,3.5065
23.553,-0.10302954421817323,8.116794735523312e-13,8.61770956396128e-14,3,93.8247,-0.604765,0.152869,8527.92,0.0,14.1083,23.3614,27.5853,31.1436,33.4885,34.7165,35.3860,35.9797,36.4083,36.8405,37.2762,37.7154,38.3360,39.0532,40.4193,43.2274,9.7406,5.8300,2.9902
23.663,-0.09467433743101256,2.659711298936279e-13,1.4483784464149726e-14,3,93.0497,-0.667226,0.118256,8458.69,0.0,14.1776,22.8851,26.8583,30.2201,32.4454,33.6144,34.2525,34.8192,35.2286,35.6417,36.0586,36.4791,37.0739,37.7620,39.0751,41.7841,9.4009,5.2550,2.5834
23.768,-0.08486923246076919,8.715341984354398e-14,2.4342896548896443e-15,3,92.3022,-0.71254,0.0802908,8391.84,0.0,14.0945,22.2207,25.9384,29.1012,31.2055,32.3145,32.9211,33.4604,33.8503,34.2442,34.6420,35.0436,35.6122,36.2708,37.5304,40.1395,44.7157,4.9750,2.3023
23.879,-0.07388691460374797,2.855843261433249e-14,4.091310622973026e-16,3,91.5807,-0.739264,0.0388043,8327.28,0.0,13.8607,21.3716,24.8264,27.7845,29.7639,30.8111,31.3850,31.8959,32.2658,32.6397,33.0177,33.3997,33.9412,34.5693,35.7733,38.2787,42.7305,5.1326,2.1692
23.991,-0.17655269939919518,9.35802719906447e-15,6.876265764030766e-17,3,90.8327,-0.747798,0.00476003,8259.36,0.0,13.5946,20.6196,23.8690,26.6666,28.5477,29.5459,30.0940,30.5824,30.9363,31.2944,31.6567,32.0231,32.5429,33.1468,34.3064,36.7286,41.1479,5.7165,2.1719
24.101,-0.27415286514925596,3.0664383525894455e-15,1.1556939869606509e-17,3,89.9448,-0.747632,0.00445771,8176.09,0.0,13.5919,20.6194,23.8719,26.6729,28.5566,29.5563,30.1052,30.5945,30.9490,31.3077,31.6706,32.0376,32.5583,33.1632,34.3250,36.7569,41.7350,5.7277,2.1740
24.211,-0.31082851160385566,1.0048105193765095e-15,1.942374883884766e-18,3,88.9242,-0.748608,0.0252266,8080.81,0.0,13.7987,21.1397,24.5254,27.4314,29.3800,30.4122,30.9783,31.4826,31.8477,32.2171,32.5905,32.9680,33.5034,34.1322,35.3962,38.3114,44.7167,5.1794,2.1188
24.321,-0.3301808137639954,3.292563109892946e-16,3.2645494673451265e-19,2,87.8107,-0.756153,0.055028,10049.6,0.0,14.1557,21.9723,25.5523,28.6075,30.6463,31.7412,32.3662,32.9390,33.3638,33.8023,34.2552,34.7230,35.4045,36.2235,37.8867,41.8108,50.9002,4.4550,1.9943
24.432,-0.23257817234735786,1.0789070798497206e-16,5.486728289766956e-20,2,86.4716,-0.773036,0.0862913,9815.64,0.0,14.6193,22.9712,26.7592,30.0493,32.5276,33.9637,34.7927,35.5578,36.1286,36.7209,37.3358,37.9747,38.9117,40.0484,42.3925,48.1227,6.2198,3.7163,1.8014
24.542,-0.15422944686700799,3.535362719251565e-17,9.221544236611324e-21,2,85.0656,-0.798326,0.102241,9669.95,0.0,14.9906,23.6480,27.6402,31.6448,34.7995,36.6655,37.7559,38.7710,39.5338,40.3304,41.1630,42.0339,43.3226,44.9043,48.2310,56.7539,4.8151,3.1200,1.5763
24.649,-0.10926421029447786,1.1584676558443529e-17,1.5498649398472654e-21,2,83.8683,-0.82917,0.0924275,9561.45,0.0,15.1071,23.6474,28.0278,32.6516,36.3894,38.6418,39.9726,41.2214,42.1662,43.1587,44.2026,45.3016,46.9417,48.9771,53.3413,65.0671,4.0998,2.6736,1.3444
24.759,-0.08404116359093904,0.07822939453125001,2.6048580044012996e-22,2,82.9944,-0.857991,0.0628169,9545.56,0.0,14.9880,23.2283,27.8770,32.8840,37.0110,39.5332,41.0363,42.4556,43.5351,44.6744,45.8785,47.1530,49.0676,51.4652,56.6883,71.3025,3.7963,2.3750,1.1456
24.873,-0.06870995455704686,0.2478689345625,4.377984847997265e-23,2,83.3472,-0.875496,0.0217278,9729.77,0.0,14.6852,22.5898,27.3511,32.5558,36.9082,39.5967,41.2093,42.7391,43.9075,45.1450,46.4580,47.8534,49.9605,52.6181,58.4812,75.4432,4.1638,2.3330,1.0433
24.984,-0.11449008935247498,0.34655863193056496,7.358079134029003e-24,2,84.6713,-0.87575,-0.0216856,9981.91,0.0,14.2707,21.9513,26.8103,32.2022,36.7781,39.6360,41.3619,43.0074,44.2694,45.6114,47.0409,48.5667,50.8839,53.8288,60.4162,80.2047,178.8440,2.7209,1.0892
25.088,-0.10769357281330963,0.46431262743288254,1.2366723600562547e-24,2,86.757,-0.860559,-0.0512645,10363.5,0.0,13.9032,21.8729,27.1634,33.2117,38.5001,41.8786,43.9478,45.9415,47.4845,49.1386,50.9161,52.8313,55.7754,59.5809,68.3616,97.2014,200.0000,3.5520,1.2653
25.202,-0.05207630239445944,0.5548187820697069,2.078475235546548e-25,2,89.639,-0.827985,-0.0932622,10813.8,0.0,13.3761,21.5208,27.0657,33.5551,39.3670,43.1494,45.4936,47.7722,49.5494,51.4680,53.5454,55.8020,59.3089,63.9107,74.8366,114.0540,200.0000,6.3229,1.6488
25.308,-0.02313299903926803,0.6566712548367265,3.493293328383082e-26,2,93.2002,-0.771097,-0.147832,11425.4,0.0,12.7680,20.8048,26.3546,32.9393,38.9211,42.8580,45.3155,47.7173,49.5996,51.6406,53.8610,56.2855,60.0793,65.1064,77.2686,123.7360,200.0000,10.5812,2.3843
25.419,-0.0007099839147664483,0.7142891031911485,5.871178097013447e-27,2,97.3548,-0.683688,-0.203315,12082.2,0.0,12.0937,19.8167,25.1839,31.5917,37.4507,41.3267,43.7543,46.1328,48.0011,50.0311,52.2445,54.6672,58.4705,63.5338,75.8956,124.6360,200.0000,14.8334,3.4522
25.531,0.009717887018164804,0.7371041302868006,9.867689027650502e-28,2,101.778,-0.580377,-0.204549,12688.2,0.0,11.3425,18.5621,23.5722,29.5453,34.9985,38.6019,40.8570,43.0653,44.7990,46.6818,48.7336,50.9782,54.4994,59.1819,70.5901,115.2400,200.0000,19.8682,4.5883
25.638,-0.05055656242288775,0.7492874747717538,1.6584624948772195e-28,2,106.295,-0.474755,-0.191092,13277.0,0.0,10.6797,17.7245,22.6939,28.7135,34.3026,38.0458,40.4091,42.7389,44.5788,46.5881,48.7908,51.2164,55.0551,60.2248,73.1393,128.4920,171.7770,22.5011,5.6283
25.751,-0.01656637437473186,0.7517362072332083,2.7873779151401433e-29,2,110.874,-0.371318,-0.174737,13824.3,0.0,10.0430,16.9652,21.9530,28.1231,33.9827,37.9798,40.5341,43.0759,45.1001,47.3278,49.7909,52.5287,56.9175,62.9387,78.5617,156.6020,108.7210,24.1441,6.5784
25.859,-0.005428469555112135,0.7553169184330527,4.6847460619760394e-30,2,115.484,-0.269857,-0.167468,14339.0,0.0,9.3477,15.9190,20.7015,26.6769,32.4135,36.3618,38.9001,41.4378,43.4673,45.7094,48.1993,50.9802,55.4677,61.6841,78.1451,168.2690,104.4080,26.8093,7.5617
25.970,-0.021200041369883592,0.7650450329883928,7.8736527063631325e-31,2,120.109,-0.168594,-0.16415,14884.6,0.0,8.6227,14.7394,19.2119,24.8261,30.2438,33.9887,36.4030,38.8223,40.7609,42.9068,45.2948,47.9682,52.2961,58.3203,74.4352,167.0830,110.1830,29.9280,8.5704
26.081,-0.15337103105932565,0.7980894153940116,1.3233248103584518e-31,3,121.467,-0.0744475,-0.126279,11683.9,0.0,8.1549,14.5834,19.5682,26.2163,33.0874,38.1244,41.5063,45.0068,47.8966,51.1871,54.9675,59.3557,66.8340,78.0927,114.2300,197.6540,66.8553,27.2363,9.0678
26.192,-0.05025661945751982,0.8291486193238098,2.2241120087694498e-32,3,125.138,-0.00164366,-0.077921,12109.5,0.0,7.9077,15.0933,21.2046,30.2365,40.8286,49.5638,55.9660,63.1091,69.4466,77.2057,86.9241,99.4502,124.6040,169.9050,190.8040,135.4080,45.6775,23.8671,9.2167
26.299,-0.016468089063840098,0.8452862906737759,3.7380650531388145e-33,3,129.061,0.0529096,-0.060851,12446.4,0.0,7.5889,14.8576,21.2820,31.2221,43.6137,54.4857,62.8614,72.6442,81.7379,93.4422,109.0680,130.9820,168.8020,180.7520,194.1380,103.0860,42.6733,23.6197,9.5315
26.410,-0.005396263424439123,0.8605069312592328,6.282565934810406e-34,3,133.074,0.0965722,-0.0548645,12795.4,0.0,7.2777,14.3809,20.7496,30.7787,43.5895,55.1215,64.1985,75.0202,85.2983,98.8487,117.5280,144.9250,170.0780,179.6980,191.9260,97.8242,42.7347,24.0803,9.8603
26.522,-0.001768247598920212,0.8796193917037753,1.0559108566635849e-34,3,137.167,0.135887,-0.053069,13195.8,0.0,6.9722,13.8161,19.9792,29.7378,42.2986,53.6985,62.7342,73.5793,83.9538,97.7428,116.9620,145.6040,166.7850,175.9710,187.8900,98.7026,43.7626,24.7870,10.1934
26.631,-0.000579419373214175,0.8910517779766182,1.7746693767944873e-35,3,141.347,0.174173,-0.0524536,13592.7,0.0,6.6670,13.2240,19.1378,28.5193,40.6270,51.6470,60.4029,70.9372,81.0401,94.5070,113.3520,141.5980,162.3820,171.4540,183.2550,101.1300,45.0617,25.5674,10.5297
26.742,-0.00018986414021482088,0.8962676610605032,2.982686821578495e-36,3,145.565,0.212755,-0.052339,13983.0,0.0,6.3562,12.6098,18.2515,27.2046,38.7651,49.2927,57.6612,67.7340,77.3988,90.2889,108.3400,135.4260,157.4250,166.5130,178.2740,104.2820,46.5087,26.3970,10.8744
26.849,-6.22146814655925e-05,0.8993998387388057,5.013001741026977e-37,3,149.786,0.25221,-0.052339,14369.1,0.0,6.0376,11.9778,17.3368,25.8412,36.8223,46.8223,54.7714,64.3393,73.5198,85.7639,102.9100,128.6390,152.2040,161.3480,173.0880,107.6750,48.0218,27.2558,11.2281
26.964,-2.0386506822645353e-05,0.9050190618141819,8.42535202614404e-38,3,154.008,0.29271,-0.052339,14759.3,0.0,5.7106,11.3291,16.3978,24.4416,34.8280,44.2864,51.8049,60.8547,69.5379,81.1188,97.3368,121.6720,146.7960,156.0140,167.7350,111.1570,49.5750,28.1373,11.5913
27.068,-6.68025055564443e-06,0.9179254235190211,1.4160489150340286e-38,4,157.72,0.334325,-0.052339,12224.0,0.0,5.3746,10.6625,15.4330,23.0036,32.7788,41.6807,48.7569,57.2742,65.4466,76.3461,91.6099,114.5130,141.1900,150.5060,162.2120,114.7360,51.1709,29.0431,11.9644
27.179,-0.006467607402470823,0.9354588477005877,2.3799534114976927e-39,4,158.981,0.376355,-0.0521551,12231.7,0.0,5.0361,9.9939,14.4685,21.5736,30.7552,39.1238,45.7808,53.7995,61.4992,71.7776,86.1888,107.8510,135.6270,145.0090,156.6740,118.0400,52.7216,29.9387,12.3388
27.290,-0.01724759531679164,0.9477968524801536,3.999987698704173e-40,4,162.289,0.416945,-0.0442868,12474.5,0.0,4.7421,9.5294,13.9369,21.1134,30.7268,39.8412,47.3451,56.6981,66.0203,79.0183,98.3983,124.9710,135.7310,143.3160,153.8090,109.2660,51.7124,30.0001,12.5931
27.399,-0.012782161791856284,0.9559914241831967,6.722779325212104e-41,4,165.603,0.453088,-0.0372771,12728.6,0.0,4.4770,9.1005,13.4365,20.6674,30.7007,40.6012,49.0521,59.9869,71.3557,88.0495,114.9510,126.3350,134.1180,140.7180,150.3700,102.8200,50.8923,30.0531,12.8164
27.510,-0.012946577437105467,0.9586766214388499,1.1298975211883984e-41,4,168.921,0.484453,-0.0312618,12972.6,0.0,4.2440,8.7144,12.9761,20.2396,30.6560,41.3402,50.7973,63.5226,77.3751,98.9638,118.3280,124.8550,131.4060,137.3670,146.3890,98.1067,50.2533,30.1050,13.0090
27.620,-0.025390923612884468,0.9595565068755824,1.8990187638613415e-42,4,172.217,0.511112,-0.0248246,13218.8,0.0,4.0491,8.4065,12.6367,20.0270,31.0417,42.8822,53.8540,69.4028,87.4447,110.3870,117.7430,122.8100,128.4870,133.9030,142.3360,93.2835,49.3913,30.0223,13.1527
27.731,-0.01771650847986998,0.9603267027354908,3.1916808364217572e-43,4,175.482,0.530101,-0.0108709,13462.2,0.0,3.9446,8.3954,12.9015,21.2541,34.9816,51.7537,69.5624,99.5500,109.8710,115.3450,119.6840,123.4200,128.0100,132.6380,140.1420,82.6542,46.5392,29.1198,13.1268
27.841,-0.005805345498683795,0.9600972055148655,5.364257981774047e-44,4,178.733,0.540598,-0.0053755,13698.6,0.0,3.8774,8.3364,12.9308,21.6694,36.6945,56.2658,78.6671,102.3280,108.1580,112.6130,116.3980,119.7600,123.9810,128.3060,135.4190,79.3222,45.6134,28.8429,13.1433
27.951,0.021803951895241293,0.9607749335531112,9.015708389967644e-45,4,181.96,0.546923,-0.00738716,13936.7,0.0,3.8164,8.1747,12.6363,21.0410,35.2481,53.3050,73.3742,95.9356,101.7560,106.1600,109.8930,113.2080,117.3710,121.6420,128.6800,81.0374,46.2504,29.1346,13.2241
28.061,0.007144718957032667,0.9626549626485585,1.515270109101862e-45,4,185.168,0.556121,-0.014688,14174.9,0.0,3.7123,7.8465,11.9829,19.5206,31.5551,45.6915,60.0593,82.8756,92.0298,97.0728,101.1050,104.5960,108.9120,113.2940,120.4680,89.5762,48.2462,29.9594,13.4024
28.169,0.0023411815078404645,0.9640239402700546,2.5467144723674997e-46,4,188.357,0.569677,-0.0169479,14410.6,0.0,3.5911,7.5596,11.5030,18.6189,29.7966,42.6456,55.4045,75.0686,85.2337,90.2753,94.2637,97.7061,101.9590,106.2780,113.3610,125.0780,49.2306,30.4302,13.5507
28.279,0.0007671583564891635,0.9644725268570665,4.280263013708057e-47,4,191.524,0.585648,-0.0174778,14643.2,0.0,3.4560,7.2684,11.0506,17.8604,28.5170,40.7073,52.7492,71.1866,79.5180,84.2348,88.0309,91.3335,95.4371,99.6260,106.5330,118.0540,49.8671,30.7899,13.6961
28.390,0.0002513824502543691,0.8266075079911486,7.193838047139133e-48,4,194.545,0.602678,-0.0175786,14784.7,0.0,3.3136,6.9677,10.5918,17.1140,27.3134,38.9699,50.4732,67.4180,73.9686,78.2950,81.8596,84.9952,88.9223,92.9572,99.6569,110.9400,50.4288,31.1303,13.8447
28.501,8.237300129935166e-05,0.2708627482185396,0.6259457427978515,4,190.587,0.61996,-0.017544,13898.8,0.0,3.1696,6.6653,10.1326,16.3736,26.1357,37.2959,48.3131,63.0577,68.4582,72.3919,75.7128,78.6700,82.4068,86.2751,92.7490,103.7690,50.9635,31.4626,13.9935
28.611,-0.014565975968059225,0.08875630533625106,0.8434037897066345,4,178.189,0.636417,-0.0174029,12655.5,0.0,3.0328,6.3792,9.6998,15.6803,25.0443,35.7633,46.3595,58.6774,63.2421,66.8080,69.8894,72.6680,76.2120,79.9100,86.1516,96.8946,51.4439,31.7684,14.1335
28.718,-0.03331426656681365,0.029083666132582748,0.8209106292694902,4,164.893,0.650463,-0.0122627,11556.7,0.0,2.9302,6.2207,9.5376,15.6473,25.5810,37.5397,49.8385,56.8728,60.3370,63.3275,66.0270,68.5213,71.7625,75.1971,81.0798,91.3805,50.5825,31.5426,14.1796
28.831,-0.010916418868613494,0.009530135718324714,0.6230817530196728,4,152.836,0.661786,-0.0130411,10883.0,0.0,2.8331,6.0061,9.1969,15.0538,24.5203,35.8252,46.5165,52.2953,55.4339,58.2032,60.7346,63.0928,66.1794,69.4716,75.1536,85.2071,54.4908,31.8339,14.2883
28.940,-0.06650591069990633,0.0031228348721806425,0.2517191071880242,3,142.601,0.672073,-0.0144726,12825.5,0.0,2.7431,5.8003,8.8611,14.4439,23.3716,33.8807,42.8774,47.8463,50.7106,53.2838,55.6617,57.8945,60.8361,63.9943,69.4846,79.3003,93.3557,32.1707,14.3979
29.050,-0.0513588415670453,0.0010232905309161529,0.33430197477868495,3,135.632,0.679653,-0.00135708,12073.8,0.0,2.7146,5.8806,9.1861,15.5993,27.0297,39.7876,44.5202,47.9860,50.2461,52.3804,54.4145,56.3681,58.9905,61.8553,66.9240,76.1769,89.6991,31.0774,14.2717
29.160,-0.016829265204689404,0.000335311841170605,0.8163138282135536,3,125.763,0.67965,0.0128984,10349.3,0.0,2.7540,6.1341,9.8429,17.6247,33.2878,41.4130,44.8857,47.6953,49.6058,51.4519,53.2434,54.9865,57.3569,59.9786,64.6824,73.4230,86.4335,29.8395,14.0720
29.268,-0.005514613622272624,0.00010987498411478384,0.15414584179242224,3,116.233,0.675893,0.0133641,10461.2,0.0,2.7876,6.2148,9.9817,17.9074,32.1161,38.6702,41.7437,44.2919,46.0479,47.7593,49.4324,51.0700,53.3104,55.8047,60.3152,68.7934,81.5972,29.7421,14.0341
29.381,-0.001807028591746293,3.6003834794732365e-05,0.025907291630052405,3,113.667,0.669051,0.0151476,10300.4,0.0,2.8517,6.3806,10.2847,18.5889,30.9197,36.3643,39.0769,41.3741,42.9774,44.5535,46.1054,47.6337,49.7383,52.0975,56.4000,64.5880,77.1432,29.8294,13.9526
29.489,-0.0005921271289434253,1.1797736585537904e-05,0.11376433371910666,3,112.145,0.660545,0.0163847,10116.1,0.0,2.9287,6.5694,10.6158,19.2888,29.2910,33.9220,36.3241,38.3935,39.8540,41.3013,42.7360,44.1576,46.1277,48.3518,52.4436,60.3338,72.6299,30.7003,13.8649
29.602,-0.00019402821761218162,3.86588232434906e-06,0.3126094226240785,3,105.86,0.65156,0.0172623,9396.82,0.0,3.0090,6.7615,10.9460,19.6236,27.4509,31.4426,33.5748,35.4377,36.7658,38.0915,39.4141,40.7324,42.5709,44.6611,48.5415,56.1287,68.1561,33.1841,13.7782
29.708,-6.357916634715968e-05,1.2667723200427e-06,0.052540265660428874,3,102.598,0.642516,0.0180663,9292.79,0.0,3.0897,6.9542,11.2767,19.1238,25.5641,29.0368,30.9333,32.6102,33.8163,35.0285,36.2449,37.4643,39.1754,41.1345,44.8050,52.0860,63.8361,79.0718,13.6921
29.820,-2.0833621228637283e-05,4.1509595383159195e-07,0.008830442449548285,3,101.33,0.633197,0.0186625,9197.86,0.0,3.1722,7.1486,11.5954,18.1867,23.5906,26.6144,28.2953,29.7979,30.8875,31.9892,33.1016,34.2229,35.8062,37.6321,41.0869,48.0471,59.5014,74.6411,13.6066
29.930,-0.04344460623590654,1.3601864215153607e-07,0.0014841324624955804,3,100.394,0.623408,0.0211443,9118.53,0.0,3.2653,7.3961,11.6286,17.1487,21.7502,24.3901,25.8779,27.2204,28.2008,29.1980,30.2102,31.2361,32.6934,34.3862,37.6212,44.2447,55.3745,70.3824,13.5190
30.039,-0.11196293643374337,0.03343012269558866,0.00024943814297163225,3,99.5192,0.605024,0.0559909,9058.18,0.0,3.5561,8.4429,12.9096,18.4234,22.8911,25.4311,26.8601,28.1480,29.0880,30.0438,31.0144,31.9986,33.3967,35.0210,38.1302,44.5118,55.2863,69.9005,13.0714
30.151,-0.07800882911142895,0.1255849158080155,4.192306868924224e-05,3,99.0805,0.569979,0.0901206,9072.6,0.0,4.0083,9.3783,13.9875,19.4495,23.7828,26.2301,27.6042,28.8427,29.7463,30.6646,31.5970,32.5427,33.8874,35.4498,38.4432,44.6027,55.0470,69.2882,12.6527
30.259,-0.058463458387442414,0.2469905948994705,7.046010154600942e-06,3,99.2829,0.521968,0.0970014,9159.28,0.0,4.4048,9.9062,14.3775,19.5376,23.6027,25.9025,27.1959,28.3631,29.2162,30.0847,30.9678,31.8643,33.1406,34.6276,37.4860,43.4034,53.5318,67.4836,12.3968
30.370,-0.06279021849414869,0.3397022589960335,1.1842229266837804e-06,3,100.17,0.478483,0.077767,9297.81,0.0,4.6943,10.1108,14.3085,19.0677,22.8151,24.9443,26.1462,27.2344,28.0313,28.8437,29.6713,30.5133,31.7155,33.1204,35.8321,41.4945,51.3086,65.0120,12.2788
30.479,-0.069169086006981,0.39328731005594525,1.9903234728774296e-07,3,101.488,0.444132,0.0585299,9449.86,0.0,4.8951,10.1596,14.0885,18.4844,21.9458,23.9212,25.0401,26.0547,26.7993,27.5600,28.3365,29.1282,30.2608,31.5876,34.1609,39.5784,49.0859,62.5450,12.2420
30.590,-0.16278573125472023,0.4184732373216321,3.3451366608650966e-08,3,102.957,0.417563,0.0492406,9622.74,0.0,5.0730,10.3204,14.1433,18.3706,21.6849,23.5754,24.6464,25.6188,26.3330,27.0629,27.8081,28.5682,29.6564,30.9333,33.4140,38.6554,47.9132,61.1054,12.1424
30.698,-0.247143418934885,0.4301790975149274,5.62217118591597e-09,3,104.356,0.390451,0.0644103,9791.5,0.0,5.3844,11.0901,15.2137,19.6968,23.1515,25.1009,26.1989,27.1920,27.9195,28.6614,29.4170,30.1859,31.2841,32.5686,35.0537,40.2661,49.3994,62.2148,11.7014
30.808,-0.27468475988203933,0.4337724304236914,9.44918311216897e-10,3,105.645,0.355015,0.0923012,9945.06,0.0,5.8546,12.3801,17.0515,21.9977,25.7083,27.7667,28.9165,29.9508,30.7049,31.4712,32.2491,33.0381,34.1608,35.4681,37.9794,43.1935,52.1875,64.4431,11.0609
30.921,-0.28782968672827436,0.4299715226574852,1.5881242056622392e-10,3,106.843,0.307603,0.12017,10064.0,0.0,6.4596,13.9585,19.2063,24.5784,28.4940,30.6305,31.8146,32.8743,33.6437,34.4230,35.2119,36.0099,37.1419,38.4553,40.9687,46.1356,54.8466,66.8684,10.3726
31.030,-0.23611640392243344,0.41156978534127975,2.6691603524565256e-11,3,107.944,0.247041,0.145503,10141.8,0.0,7.2007,15.7576,21.5337,27.2319,31.2733,33.4475,34.6449,35.7127,36.4864,37.2687,38.0595,38.8574,39.9852,41.2882,43.7647,48.7868,57.0937,25.6994,9.6492
31.141,-0.1552385407271194,0.4025146325731305,4.486057804373683e-12,3,109.085,0.174889,0.157425,10210.5,0.0,7.9583,17.2477,23.2539,29.0127,33.0315,35.1818,36.3612,37.4094,38.1671,38.9318,39.7026,40.4786,41.5729,42.8341,45.2207,50.0271,57.9983,21.0988,8.9826
31.249,-0.12067409036933943,0.4015637858171884,7.539717351810851e-13,3,110.322,0.0967077,0.152476,10292.5,0.0,8.6137,18.1076,24.0054,29.5755,33.4462,35.5078,36.6369,37.6392,38.3628,39.0924,39.8278,40.5682,41.6115,42.8123,45.0841,49.6538,57.7077,19.4459,8.4067
31.362,-0.10691792905948491,0.40089381782095124,1.26720029531885e-13,3,111.598,0.0195134,0.139598,10397.4,0.0,9.1681,18.5938,24.2532,29.5583,33.2286,35.1796,36.2479,37.1968,37.8816,38.5717,39.2669,39.9671,40.9549,42.0922,44.2424,48.5758,56.9568,18.5646,7.8885
31.471,-0.10120490556037608,0.3979923471610693,2.1297835363423912e-14,3,112.866,-0.051487,0.122784,10509.0,0.0,9.6100,18.8112,24.1891,29.1973,32.6504,34.4869,35.4916,36.3841,37.0290,37.6796,38.3351,38.9950,39.9257,40.9985,43.0309,47.1737,56.0485,18.1965,7.4377
31.581,-0.10140795971134435,0.4022368080989892,3.579527189530657e-15,3,114.124,-0.113218,0.103359,10625.5,0.0,9.9327,18.8076,23.8865,28.5821,31.8161,33.5361,34.4789,35.3165,35.9214,36.5318,37.1473,37.7677,38.6441,39.6543,41.5693,45.7033,55.1195,18.4368,7.0694
31.690,-0.10867652653628948,0.4037420783716268,6.016111347444175e-16,3,115.375,-0.164088,0.0833533,10743.4,0.0,10.1535,18.6785,23.4632,27.8596,30.8846,32.4946,33.3770,34.1621,34.7300,35.3032,35.8811,36.4636,37.2864,38.2365,40.0728,44.3943,54.5170,19.5125,6.7831
31.802,-0.13990087440903165,0.40589177064706466,1.0111278341649423e-16,3,116.575,-0.204297,0.0675694,10864.7,0.0,10.3218,18.5717,23.1153,27.2617,30.1076,31.6232,32.4538,33.1924,33.7264,34.2656,34.8099,35.3591,36.1484,37.1015,39.0524,43.7411,55.0911,88.2316,6.5521
31.908,-0.14773904001162452,0.4033962306400052,1.6994025508810192e-17,3,117.723,-0.235731,0.0562435,10971.0,0.0,10.4599,18.4997,22.8457,26.7826,29.4765,30.9079,31.6929,32.3991,32.9256,33.4721,34.0397,34.6296,35.4953,36.5460,38.7150,44.0302,57.5344,103.0420,6.3626
32.020,-0.14759516868873374,0.40328474013736687,2.856185867265729e-18,3,118.822,-0.259289,0.0444239,11074.8,0.0,10.5352,18.3164,22.4522,26.1758,28.7229,30.1596,30.9952,31.7705,32.3515,32.9567,33.5876,34.2457,35.2163,36.4021,38.8766,45.0986,62.0010,133.8650,6.2364
32.132,-0.1438492886955801,0.4036337069294624,4.800391587113511e-19,3,119.907,-0.274904,0.0312234,11175.5,0.0,10.5219,17.9584,21.8542,25.3610,28.0130,29.5912,30.5168,31.3806,32.0312,32.7119,33.4247,34.1720,35.2808,36.6464,39.5362,47.0512,69.4611,177.7950,6.1948
32.241,-0.13850416765349582,0.4020825758991462,8.068018140461679e-20,3,120.982,-0.281527,0.0143236,11269.1,0.0,10.4054,17.4138,21.0423,24.6137,27.5189,29.2775,30.3194,31.2991,32.0415,32.8225,33.6453,34.5130,35.8106,37.4254,40.9054,50.3734,82.7891,200.0000,6.2657
32.351,-0.13173595537033853,0.4040077700331322,1.3559918088673946e-20,3,122.042,-0.276457,-0.00742614,11363.9,0.0,10.1670,16.6645,20.1989,24.0520,27.2761,29.2685,30.4640,31.5983,32.4648,33.3827,34.3567,35.3921,36.9560,38.9289,43.2841,55.9031,109.9570,66.4303,6.4932
32.460,-0.1226105499958,0.40749372702195674,2.27901543316343e-21,3,123.12,-0.256383,-0.0345461,11461.1,0.0,9.7903,15.7985,19.5100,23.7101,27.3451,29.6491,31.0534,32.4014,33.4413,34.5530,35.7439,37.0227,38.9802,41.4951,47.2332,65.4681,159.1230,43.0893,6.9437
32.571,-0.10951392986694365,0.42375784525180477,3.8303412385177773e-22,3,124.263,-0.217413,-0.0682608,11575.7,0.0,9.2543,15.0374,18.9623,23.5791,27.7353,30.4514,32.1391,33.7828,35.0671,36.4557,37.9619,39.6011,42.1547,45.5175,53.5553,83.0456,187.4580,36.2963,7.7348
32.681,-0.06767041214061728,0.46872450198211135,6.43765451957683e-23,3,125.609,-0.154453,-0.111861,11724.2,0.0,8.5511,14.3168,18.4266,23.4564,28.1781,31.3687,33.3949,35.4014,36.9924,38.7362,40.6559,42.7791,46.1600,50.7533,62.4339,116.0890,200.0000,33.4395,8.7428
32.789,-0.02535540186999918,0.5973699084813733,1.081976595105278e-23,3,127.57,-0.0583608,-0.165507,11993.1,0.0,7.8017,13.3156,17.3396,22.3811,27.2358,30.5856,32.7427,34.9022,36.6312,38.5436,40.6699,43.0479,46.8925,52.2334,66.4602,136.7770,200.0000,34.1705,9.7252
32.898,-0.05266167516316171,0.6834142126268015,1.818478063393441e-24,3,130.235,0.0486728,-0.15166,12316.2,0.0,7.0834,12.2837,16.1560,21.1075,25.9846,29.4143,31.6514,33.9138,35.7419,37.7813,40.0708,42.6591,46.9070,52.9414,69.8177,145.2790,108.9580,35.1544,10.6255
33.009,-0.03273245996209373,0.7219680168498003,3.056316081145357e-25,3,133.165,0.14492,-0.131718,12630.5,0.0,6.4628,11.4794,15.3342,20.4262,25.6307,29.4088,31.9281,34.5212,36.6507,39.0635,41.8196,44.9980,50.3630,58.3204,82.9304,157.5740,88.4749,34.5956,11.2965
33.129,-0.007467204542680443,0.7401652857621991,3.595725306306702e-26,3,136.615,0.243147,-0.122712,12955.4,0.0,5.7603,10.3476,13.9265,18.7305,23.7335,27.4257,29.9164,32.5047,34.6491,37.0994,39.9259,43.2223,48.8781,57.4853,85.8857,157.8150,86.1113,35.9664,12.1236
33.230,-0.054972570456803344,0.7459687377916824,6.043335522309674e-27,3,139.528,0.320837,-0.112776,13229.2,0.0,5.2097,9.4788,12.8683,17.5047,22.4423,26.1599,28.7041,31.3795,33.6209,36.2101,39.2347,42.8142,49.0904,58.9828,94.8783,159.7000,82.1134,36.5050,12.7199
33.346,-0.041436836949717705,0.7507965162996628,7.109923808642109e-28,3,142.991,0.403516,-0.0871976,13568.4,0.0,4.6722,8.8004,12.2437,17.2192,22.8879,27.4334,30.6933,34.2610,37.3670,41.0957,45.6549,51.3563,62.2469,82.1781,127.7320,171.6690,69.0606,34.7995,13.0998
33.447,-0.027497662731216302,0.7522306899610735,1.1949648945184793e-28,3,145.906,0.461675,-0.0734706,13820.5,0.0,4.2662,8.1959,11.5706,16.6151,22.6196,27.6451,31.3714,35.5726,39.3394,44.0020,49.9229,57.6900,73.7667,104.5820,134.9100,175.2340,64.6996,34.3540,13.4243
33.549,-0.06122790195134073,0.7541236770958196,2.0083774982172082e-29,3,148.781,0.510945,-0.0576552,14097.1,0.0,3.9299,7.7319,11.1178,16.4057,23.0825,29.0196,33.6448,39.1046,44.2363,50.9226,59.9956,73.0094,100.7100,118.7500,142.3660,179.7840,59.9573,33.5091,13.6288
33.667,-0.039958416503416014,0.7576560573648565,2.362836042877564e-30,3,152.206,0.553986,-0.0300879,14417.8,0.0,3.6757,7.5625,11.2799,17.6438,26.8320,36.3330,44.8084,56.3111,68.9628,88.8869,103.5260,113.4630,125.0290,136.6230,155.9660,190.6480,52.2665,31.3961,13.6013
33.769,-0.028748120456876858,0.7764142778929413,3.9712185372643225e-31,3,155.123,0.576101,-0.0165209,14691.3,0.0,3.5389,7.4555,11.3523,18.3971,29.4965,42.3068,55.0815,74.8769,93.4513,104.3820,113.1860,120.9890,130.9350,141.4160,159.5120,90.4407,49.3240,30.5147,13.6002
33.869,-0.051188453144659404,0.820022235267459,6.674426995580148e-32,3,158.208,0.587098,0.00161487,15037.7,0.0,3.5093,7.6454,12.0069,20.5994,36.3548,58.9776,85.5880,100.8020,109.1850,116.7050,123.6850,130.2840,139.0620,148.6050,165.5170,77.1235,45.4558,29.1126,13.4453
33.988,-0.013418745861153597,0.8501438260294527,7.85239661603009e-33,4,159.28,0.583819,0.0179724,12202.5,0.0,3.5966,8.0937,13.1219,24.0076,48.1900,86.2219,100.3750,110.6360,117.3650,123.7590,129.9000,135.8410,143.8900,152.7830,168.8060,68.0300,42.1496,27.7451,13.2040
34.107,-0.0035176437150262487,0.8645251543025398,9.238266094793239e-34,4,162.382,0.569144,0.0217707,12425.4,0.0,3.7382,8.4784,13.8562,25.7911,53.8301,87.4541,99.4001,108.6900,114.9320,120.9370,126.7560,132.4240,140.1500,148.7370,164.3330,65.6330,41.0850,27.2048,13.0340
34.210,-0.0011526614925398012,0.8682070537337312,1.5526753825519002e-34,4,164.966,0.553343,0.0224932,12620.1,0.0,3.8782,8.8092,14.4192,26.9301,56.6557,85.5137,96.4196,105.1480,111.0840,116.8360,122.4400,127.9200,135.4210,143.7910,159.0400,64.6498,40.5469,26.8782,12.8938
34.327,-0.00030216329430035366,0.8730409316127252,1.8267070608184853e-35,4,168.065,0.532776,0.0227314,12850.4,0.0,4.0578,9.2217,15.1022,28.2373,59.5231,82.3941,92.2622,100.3750,105.9660,111.4240,116.7740,122.0320,129.2620,137.3700,152.2060,64.0183,39.9697,26.5052,12.7202
34.447,-7.92102946210719e-05,0.8756347658048113,2.1491025899823393e-36,4,171.151,0.511475,0.022697,13083.1,0.0,4.2427,9.6411,15.7878,29.5146,60.1225,78.8474,87.8000,95.3295,100.5800,105.7450,110.8390,115.8690,122.8210,130.6560,145.0790,64.4774,39.4200,26.1393,12.5438
34.548,-2.595562934143284e-05,0.8780786973245456,3.6119967229833177e-37,4,173.711,0.493374,0.0226911,13280.3,0.0,4.3998,9.9982,16.3723,30.6063,59.3970,75.7555,84.0074,91.0648,96.0331,100.9510,105.8260,110.6600,117.3710,124.9680,139.0280,66.3203,38.9489,25.8267,12.3937
34.648,-8.505140622600713e-06,0.8793613998049321,6.070682892318063e-38,4,176.271,0.474995,0.0226909,13461.5,0.0,4.5594,10.3609,16.9662,31.7165,58.0516,72.5362,80.1356,86.7334,91.4210,96.0893,100.7400,105.3740,111.8360,119.1840,132.8650,72.5963,38.4696,25.5089,12.2412
34.749,-2.7869644792138015e-06,0.8808659345037051,1.020299673711897e-38,4,178.808,0.456347,0.0226917,13656.0,0.0,4.7214,10.7289,17.5689,32.8434,56.2740,69.1942,76.1827,82.3331,86.7408,91.1572,95.5804,100.0080,106.2110,113.3010,126.5830,157.3150,37.9831,25.1863,12.0864
34.868,-7.305860164390228e-07,0.8812049355501642,1.2003723631253096e-39,4,181.836,0.433616,0.0226935,13878.7,0.0,4.9188,11.1776,18.3037,34.1564,53.7117,65.0310,71.3332,76.9613,81.0345,85.1462,89.2905,93.4630,99.3427,106.1080,118.8840,147.9600,37.5518,24.7931,11.8977
34.987,-1.915187406933912e-07,0.8803059588904872,1.4122260814932958e-40,4,184.829,0.410496,0.0226935,14095.8,0.0,5.1196,11.6338,19.0508,34.3668,50.7760,60.7092,66.3683,71.4890,75.2308,79.0343,82.8933,86.8013,92.3447,98.7669,111.0040,138.4480,37.7619,24.3932,11.7058
35.088,-6.275686095041044e-08,0.8806935726248598,2.373528375165782e-41,4,187.297,0.39094,0.0226935,14277.5,0.0,5.2894,12.0198,19.6828,33.7520,48.0933,56.9935,62.1452,66.8541,70.3208,73.8654,77.4814,81.1629,86.4134,92.5355,104.2960,130.4040,38.6766,24.0706,11.5435
35.208,-1.6451334556984398e-08,0.8814985702771713,2.7924323980987917e-42,4,190.229,0.367144,0.0226935,14493.9,0.0,5.4961,12.4894,20.1779,32.3670,44.6277,52.4024,56.9756,61.2016,64.3408,67.5722,70.8915,74.2915,79.1763,84.9185,96.0687,120.6110,41.2560,23.9963,11.3461
35.327,-0.024959424063774896,0.8763924061286138,3.285268792039247e-43,4,193.117,0.342024,0.0272789,14703.6,0.0,5.7419,13.0625,20.3508,31.2493,42.0655,48.9954,53.1144,56.9504,59.8176,62.7863,65.8512,69.0074,73.5691,78.9699,89.5618,113.0920,44.9836,24.0746,11.0891
35.427,-0.05172731644480525,0.8550102343433491,5.521551258780364e-44,4,195.41,0.314013,0.0435281,14861.1,0.0,6.0842,13.7748,21.1975,32.0363,42.6256,49.3779,53.3886,57.1243,59.9181,62.8120,65.8023,68.8843,73.3435,78.6301,89.0207,113.4540,44.0967,23.4604,10.7466
35.529,-0.06926350664979627,0.7271389332771286,9.280071200632158e-45,4,197.276,0.272415,0.0596851,14932.2,0.0,6.5105,14.8226,22.8196,34.3336,45.3679,52.3116,56.4086,60.2096,63.0448,65.9747,68.9959,72.1045,76.5925,81.9031,92.3250,121.0450,39.5772,22.2001,10.3302
35.647,-0.0781157093800467,0.4213208964156246,1.0917910966831729e-45,4,198.099,0.213694,0.0707277,14838.5,0.0,7.1157,16.4453,25.4472,38.1865,50.0584,57.3794,61.6555,65.5984,68.5245,71.5384,74.6361,77.8120,82.3839,87.8673,100.3320,140.4610,33.9737,20.3699,9.7479
35.747,-0.07988230763816619,0.14114243133747187,1.834973296195409e-46,4,197.03,0.155904,0.0836334,14612.2,0.0,7.7431,18.2335,28.4055,42.5359,55.3236,63.0514,67.5191,71.6136,74.6390,77.7437,80.9545,84.4287,89.8369,96.9530,113.9320,175.8700,29.4546,18.6119,9.1719
35.848,-0.06326865762986805,0.04624955190066278,3.0840396189156237e-47,4,195.11,0.0878906,0.0988681,14419.1,0.0,8.5053,20.4792,32.1260,47.9026,61.6986,69.8551,74.5294,79.0325,82.6065,86.5242,90.8406,95.6175,103.2300,113.5860,139.9900,200.0000,25.2975,16.7362,8.5135
35.966,-0.05677579627048538,0.012124042533447343,3.6283417712580426e-48,4,192.54,-0.00719198,0.110931,14212.2,0.0,9.5106,23.1921,36.3134,53.4736,67.9801,77.2817,83.3909,89.6029,94.6475,100.3030,106.6850,113.9440,125.9590,143.2480,193.0180,36.7827,21.5381,14.7267,7.6850
36.069,-0.03699179673416265,0.003972806257360025,6.0981540149533926e-49,4,190.391,-0.0952403,0.117272,14050.3,0.0,10.4044,25.4190,39.5218,57.4389,73.3749,85.1163,93.0880,101.4150,108.3470,116.3070,125.5390,136.3740,155.1410,184.1310,200.0000,29.9613,18.8844,13.1476,6.9623
36.187,-0.009697177563080335,0.0010414473235293867,7.174417217052519e-50,4,187.922,-0.203588,0.108367,13870.0,0.0,11.2940,26.7942,40.7303,58.0795,75.4326,88.7931,98.0873,107.9950,116.4050,126.2450,137.9150,151.9740,177.2990,200.0000,200.0000,26.8109,16.9259,11.7423,6.1685
36.287,-0.003177571143870164,0.0003412614589741094,1.205804301670017e-50,4,185.934,-0.286097,0.0922471,13723.7,0.0,11.8324,27.0477,40.1856,56.5943,73.9057,87.3616,96.7875,106.8970,115.5260,125.6830,137.8080,152.5350,179.3980,200.0000,200.0000,26.2443,15.9593,10.8875,5.6013
36.408,-0.0008329812099387001,8.945964390130893e-05,1.4186167028717585e-51,4,183.602,-0.367437,0.0705592,13551.4,0.0,12.2698,26.8612,38.9300,54.3151,71.1493,84.3060,93.5593,103.5180,112.0470,122.1190,134.1900,148.9240,175.9970,200.0000,200.0000,27.1505,15.2734,10.1351,5.0543
36.526,-0.08235646103761067,0.04817330482451587,1.6689883647615954e-52,4,181.362,-0.427999,0.0576651,13411.0,0.0,12.6288,26.9661,38.5145,54.2579,72.2588,86.7412,97.1547,108.5780,118.5450,130.5370,145.2420,163.6930,199.1350,200.0000,200.0000,26.9838,14.4579,9.4397,4.6213
36.628,-0.059325824698404264,0.14145240508739737,2.8050687446548137e-53,4,179.86,-0.477244,0.0824725,13347.1,0.0,13.4059,29.6287,43.6149,66.4370,97.3965,127.1670,151.9890,183.3290,200.0000,200.0000,200.0000,200.0000,200.0000,200.0000,41.3144,18.6902,11.7706,8.0628,4.1295
36.728,-0.01943988623717311,0.21024434089591337,4.714479039141346e-54,4,178.801,-0.534744,0.0834821,13303.3,0.0,13.9312,30.7075,46.4079,74.2266,116.6380,163.5440,200.0000,200.0000,200.0000,200.0000,200.0000,200.0000,165.8270,62.1026,28.5899,16.0608,10.3372,7.1306,3.6702
36.829,-0.006370061922196885,0.34259033632789787,7.92362492108486e-55,4,178.331,-0.591858,0.0687926,13330.0,0.0,14.2118,30.7218,46.7674,75.7556,121.3760,173.9500,200.0000,200.0000,200.0000,200.0000,200.0000,200.0000,116.6180,56.2105,28.5238,15.2275,9.5180,6.4618,3.2596
36.949,0.012140834242936369,0.46928305776696544,9.322065483407129e-56,4,178.593,-0.64695,0.0459448,13410.0,0.0,14.3494,30.4352,46.3589,75.1732,120.6410,173.2240,200.0000,200.0000,200.0000,200.0000,200.0000,200.0000,121.4660,59.4113,30.3534,15.3695,8.9745,5.9075,2.8771
37.069,0.00948905621914656,0.5983758726608883,1.0967316820573652e-56,4,179.56,-0.678871,0.0174102,13550.3,0.0,14.2166,29.6880,44.8546,71.7084,112.6000,157.7590,200.0000,200.0000,200.0000,200.0000,200.0000,200.0000,200.0000,78.2942,35.8887,17.2476,9.2853,5.8059,2.6882
37.188,0.015139362109358205,0.7124034900753159,1.2902938566236698e-57,4,181.271,-0.683329,-0.0120127,13747.1,0.0,13.9496,28.8347,43.1811,67.9967,104.4090,142.8060,177.7150,200.0000,200.0000,200.0000,200.0000,200.0000,200.0000,114.9290,44.0627,19.7525,10.3270,6.2419,2.7307
37.289,0.012231459709694496,0.7599415182060045,2.1685968848274023e-58,4,183.084,-0.66431,-0.0342118,13894.7,0.0,13.6628,27.9153,41.3925,64.1154,96.1681,128.4080,156.4230,200.0000,200.0000,200.0000,200.0000,200.0000,200.0000,191.0400,56.5868,22.9276,11.5535,6.8734,2.9511
37.408,0.0032064037741381542,0.7821226359110948,2.5513325490305906e-59,4,185.434,-0.629267,-0.0380249,14079.3,0.0,13.3278,27.0584,39.9092,61.2838,90.8267,119.8470,144.5160,176.2970,200.0000,200.0000,200.0000,200.0000,200.0000,192.3370,69.9872,26.4655,13.0405,7.6866,3.2725
37.528,0.0008405395109676724,0.789150403143278,3.0016172306090005e-60,4,187.842,-0.5904,-0.0387712,14272.0,0.0,13.0008,26.3622,38.8424,59.5468,88.0529,115.9310,139.5320,169.8090,200.0000,200.0000,200.0000,200.0000,197.7980,188.1850,79.1830,29.5012,14.4700,8.5134,3.6185
37.629,-0.017701923365077362,0.7924054115238643,5.0448180794845465e-61,4,189.841,-0.556858,-0.0378817,14441.4,0.0,12.7371,25.8655,38.1571,58.6121,86.9051,114.7210,138.3850,169.0820,200.0000,200.0000,200.0000,198.4580,192.5030,183.2410,83.2816,31.5810,15.5746,9.1835,3.9111
37.747,-0.016749721965661088,0.7941424066203868,5.9351780223327755e-62,4,192.248,-0.520664,-0.0266653,14610.6,0.0,12.5725,26.0193,39.0052,61.5282,94.7170,129.8960,162.0800,200.0000,198.0140,194.8030,191.2120,187.1110,179.9780,164.8350,66.6756,30.1587,15.8233,9.5790,4.1802
37.848,-0.014653983751314074,0.7939674041138683,9.975253702134696e-63,4,194.249,-0.497082,-0.0197237,14741.1,0.0,12.4598,26.1003,39.5421,63.5160,100.4560,141.8710,197.0110,193.1640,190.0970,186.6930,182.8470,178.3690,170.1260,126.2170,60.2675,29.5052,16.0012,9.8336,4.3541
37.968,-0.015534897065950726,0.7944554986059008,1.1735786228024452e-63,4,196.602,-0.476646,-0.0119971,14918.6,0.0,12.3821,26.2992,40.3398,66.2332,108.4190,191.9570,187.8740,183.8170,180.5620,176.9130,172.7180,167.6700,156.9690,99.2740,54.3426,28.5587,16.0078,9.9940,4.4951
38.069,-0.06683471914487699,0.7950111602050566,1.9724335913440696e-64,5,197.547,-0.46681,-0.0005804,13439.5,0.0,12.4391,26.9868,42.2145,71.8758,125.1270,182.8790,178.4110,173.9090,170.2240,165.9700,160.7990,153.6230,109.9890,74.3304,46.2454,26.3753,15.4292,9.8429,4.5269
38.188,-0.017520320615514635,0.7956928630026693,2.3205483958803845e-65,5,198.531,-0.472986,0.0222475,13493.4,0.0,12.7863,29.0288,47.4900,88.5924,176.7250,168.2330,162.5340,156.3200,150.4660,140.0630,102.1040,79.6687,60.9326,48.0318,34.3964,21.9713,13.7709,9.1252,4.3756
38.307,-0.004592846927433468,0.7967163544102217,2.730101982269314e-66,5,200.399,-0.495731,0.0266896,13616.5,0.0,13.0445,29.8927,49.3819,94.1319,168.0670,159.2960,153.3190,146.5880,139.6490,113.3770,85.4478,68.5636,53.7119,43.0601,31.4013,20.4001,12.9332,8.6277,4.1691
38.428,0.06435639904896112,0.7964109241198881,3.211937681120025e-67,5,202.237,-0.524076,0.0227865,13738.3,0.0,13.2373,30.0863,49.2774,92.1606,161.6710,153.3410,147.7830,141.7320,136.0090,125.0360,90.6294,70.9823,54.4608,43.0241,30.8816,19.7681,12.4076,8.2286,3.9494
38.547,0.016870643872290862,0.795963427714359,3.7788125624608985e-68,5,204.021,-0.541468,0.0022859,13858.1,0.0,13.1098,28.5981,44.9680,77.3311,159.4300,152.5530,148.2260,143.8980,140.3680,136.2920,131.3030,124.0810,86.1065,59.9348,38.1915,22.1624,13.0917,8.3947,3.8819
38.668,0.004422538067257816,0.7980220860135029,4.445735191609623e-69,5,205.81,-0.544827,-0.00263518,13972.6,0.0,13.0739,28.2540,44.0355,74.4588,153.0200,146.5140,142.4760,138.4950,135.3050,131.7140,127.5240,122.2560,101.0300,66.6325,40.6844,22.9011,13.3005,8.4533,3.8725
38.787,-0.06398183824584677,0.7980798759346737,5.230362995576806e-70,5,207.546,-0.545146,0.0105681,14087.5,0.0,13.2518,29.3793,46.9261,83.2413,142.3220,135.3260,130.9200,126.4790,122.8080,118.4580,112.7520,97.4072,67.8418,50.3763,33.9889,20.6203,12.5053,8.1335,3.8194
38.888,-0.020965568756399072,0.7978928879650239,8.790671086665939e-71,5,208.955,-0.559764,0.0310228,14167.0,0.0,13.6655,31.6079,52.7329,142.7480,130.5500,122.4010,116.9500,110.8800,104.6470,85.1579,66.4690,54.5103,43.5473,35.4140,26.2396,17.3097,11.0913,7.4461,3.6248
38.989,-0.006869997570096847,0.797946061059629,1.4774480895359446e-71,5,210.352,-0.587927,0.0362005,14279.4,0.0,13.9895,32.7257,55.2727,134.9390,122.4450,114.0040,108.2050,101.3030,90.0040,68.3135,55.0508,46.1035,37.5617,31.0028,23.3656,15.6769,10.1672,6.8760,3.3766
39.107,0.02920911213018453,0.7962149675429154,1.7382029028581437e-72,5,212.013,-0.62375,0.0191383,14391.5,0.0,14.0494,31.6918,51.5055,129.9760,118.8200,111.7000,107.1800,102.5330,98.5418,93.3885,81.0263,61.7082,46.2701,35.9874,25.4125,16.0286,9.9628,6.5701,3.1332
39.208,0.009571241862818866,0.4053939393144625,2.921397618833682e-73,5,212.681,-0.642282,0.0102559,14275.9,0.0,14.0804,31.1970,49.7990,124.6680,114.1560,107.6160,103.5710,99.5524,96.2751,92.4557,87.6020,77.4683,53.7708,39.8475,26.8344,16.2547,9.8485,6.4021,3.0047
39.328,0.11496439710454304,0.10627158882765045,3.436995084581639e-74,5,211.129,-0.653264,-0.00569478,14059.4,0.0,13.9492,29.9733,46.4664,119.0980,109.5210,103.7510,100.2930,96.9739,94.3860,91.5593,88.4034,84.7432,77.7129,54.8497,32.4687,17.9014,10.2819,6.4977,2.9590
39.447,0.03013722691457333,0.027858459381635604,0.33152435302734373,5,207.795,-0.63247,-0.0512158,13670.1,0.0,13.1938,26.2212,38.0066,56.7745,109.9610,105.4380,102.8200,100.3950,98.5759,96.6756,94.6836,92.5876,89.4429,85.4592,75.9290,31.1037,13.9954,7.9685,3.2914
39.547,0.00987536651536739,0.009128659970174355,0.8164625133453369,5,197.107,-0.591079,-0.0594709,12665.5,0.0,12.7646,25.0439,35.9321,52.8461,104.9850,100.7370,98.3005,96.0582,94.3874,92.6530,90.8493,88.9677,86.1843,82.7435,75.1698,39.1555,16.4217,9.1279,3.6960
39.667,-0.06487737818519553,0.002393023439221386,0.908014137957297,5,181.428,-0.535283,-0.0547911,11462.5,0.0,12.3685,24.4433,35.2714,52.3267,97.2737,93.1357,90.7787,88.6213,87.0203,85.3657,83.6516,81.8732,79.2593,76.0620,69.2084,41.4118,18.1020,10.2024,4.1783
39.787,-0.0170072154269799,0.0006273167364512509,0.9187850950412695,5,166.37,-0.484549,-0.0491647,10360.4,0.0,12.0206,23.9674,34.8307,53.7269,90.0133,85.9863,83.7089,81.6344,80.1023,78.5246,76.8976,75.2175,72.7643,69.7934,63.5735,42.3986,19.3791,11.0966,4.6056
39.888,-0.005572924351112773,0.00020555914820034592,0.8732801830000022,4,154.194,-0.446495,-0.0514807,10896.1,0.0,11.6880,23.2188,33.6434,92.3958,85.4069,81.5517,79.3860,77.4230,75.9796,74.4996,72.9800,71.4191,69.1563,66.4465,60.9159,46.0751,21.1123,12.0117,4.9584
39.988,-0.01043639251592341,6.735762168228935e-05,0.8161333983243396,4,142.748,-0.411088,-0.0528313,9747.29,0.0,11.3880,22.5748,32.6547,87.7813,80.9983,77.2949,75.2271,73.3614,71.9950,70.5990,69.1714,67.7113,65.6074,63.1104,58.1089,46.0329,22.6550,12.8404,5.2835
40.089,-0.03443959556650529,2.2071745472852572e-05,0.8008544718664792,4,131.746,-0.378108,-0.0530804,8929.25,0.0,11.1194,22.0336,31.8619,83.3721,76.7724,73.2041,71.2234,69.4434,68.1445,66.8220,65.4742,64.1011,62.1330,59.8142,55.2384,44.8252,23.9615,13.5713,5.5809
40.207,-0.009028133340185963,5.785975645235466e-06,0.2977097521136468,3,120.054,-0.341601,-0.0531695,10706.7,0.0,10.8239,21.4452,31.0076,78.4820,72.0940,68.6785,66.7950,65.1103,63.8859,62.6438,61.3828,60.1035,58.2802,56.1483,52.0028,43.0117,25.3825,14.3724,5.9091
40.327,-0.0023666709863297093,1.5167587995446057e-06,0.10678886546626219,3,112.383,-0.307565,-0.0536321,10154.4,0.0,10.5449,20.8773,30.3553,73.9869,67.8113,64.5446,62.7543,61.1600,60.0059,58.8389,57.6585,56.4655,54.7737,52.8088,49.0351,41.1311,26.7732,15.1399,6.2178
40.427,-0.0007755107488005192,4.970115234347763e-07,0.7166680487168151,3,104.788,-0.280703,-0.0540219,8791.65,0.0,10.3247,20.4288,30.4295,70.4578,64.4572,61.3104,59.5945,58.0719,56.9729,55.8648,54.7469,53.6204,52.0291,50.1901,46.6901,39.5237,27.4224,15.7488,6.4618
40.546,-0.00020329548973356334,1.3028858879928601e-07,0.5083733497285725,3,94.0724,-0.251105,-0.0544412,8042.26,0.0,10.0823,19.9360,32.0422,66.5729,60.7731,57.7613,56.1283,54.6849,53.6467,52.6027,51.5530,50.4984,49.0147,47.3094,44.0932,37.6480,27.3229,16.4210,6.7308
40.648,-6.661586607589404e-05,4.2692964777750045e-08,0.08544230888888119,3,87.7803,-0.228397,-0.0549794,7960.19,0.0,9.8945,19.5488,72.3832,63.6300,57.9910,55.0850,53.5163,52.1340,51.1422,50.1472,49.1491,48.1485,46.7452,45.1386,42.1283,36.1814,26.9323,16.9510,6.9391
40.767,-1.7462949596599168e-05,0.11571024556670456,0.010052202198467985,2,86.0241,-0.202039,-0.0552385,9915.58,0.0,9.6800,19.2719,68.7817,60.2040,54.7555,51.9734,50.4794,49.1674,48.2291,47.2901,46.3506,45.4114,44.0986,42.6024,39.8185,34.4011,26.2024,17.4746,7.1782
40.867,-5.722259323813615e-06,0.31214045475167274,0.001689473623496514,2,86.5912,-0.179963,-0.0552475,10154.2,0.0,9.5021,19.3126,65.7493,57.3277,52.0440,49.3674,47.9363,46.6836,45.7899,44.8975,44.0066,43.1178,41.8792,40.4727,37.8700,32.8639,25.4290,17.6054,7.3769
40.988,-1.500055948181796e-06,0.4511130629954225,0.00019876488233074138,2,88.7491,-0.153096,-0.0552464,10549.7,0.0,9.2858,19.8577,62.0171,53.8020,48.7283,46.1842,44.8314,43.6518,42.8129,41.9774,41.1456,40.3181,39.1685,37.8689,35.4796,30.9429,24.3355,17.4541,7.6185
41.108,0.03890968984687258,0.48857089450462204,2.3384489641329393e-05,2,91.5415,-0.125259,-0.0564942,10920.7,0.0,9.0515,21.3370,58.2493,50.2714,45.4255,43.0213,41.7501,40.6460,39.8633,39.0857,38.3137,37.5478,36.4871,35.2930,33.1113,29.0165,23.1494,17.0811,7.8799
41.227,0.2312565257851469,0.47249457895964464,2.7511618218127615e-06,2,94.2235,-0.0873708,-0.0955748,11276.2,0.0,8.4875,19.5341,57.6605,50.0373,45.4119,43.1180,41.9046,40.8510,40.1037,39.3613,38.6240,37.8922,36.8786,35.7366,33.6476,29.7138,24.0244,18.0213,8.5196
41.328,0.11667513913790503,0.43401335175849637,4.6238776739207096e-07,2,96.158,-0.035472,-0.146888,11446.4,0.0,7.8623,16.7683,58.5796,51.2883,46.8467,44.6336,43.4602,42.4390,41.7136,40.9921,40.2746,39.5613,38.5712,37.4532,35.4000,31.4994,25.7579,19.5293,9.2678
41.433,0.038232109592708716,0.41242287791672405,7.771351206558538e-08,2,97.99,0.0301158,-0.147647,11573.3,0.0,7.4295,16.1987,57.0313,49.9849,45.7274,43.6123,42.4930,41.5200,40.8291,40.1420,39.4594,38.7817,37.8414,36.7799,34.8336,31.1413,25.7076,19.7771,9.7145
41.546,0.010022318137071034,0.3984101391586017,9.142916981004053e-09,2,99.9954,0.0994898,-0.109209,11788.6,0.0,7.1279,17.5496,53.4245,46.6520,42.6219,40.6386,39.5941,38.6891,38.0483,37.4123,36.7817,36.1568,35.2924,34.3198,32.5437,29.2028,24.3414,19.0674,9.9062
41.648,0.003284113207155436,0.39517269064949057,1.5366500569973517e-09,2,101.594,0.14113,-0.0705537,11968.4,0.0,7.0519,59.2766,49.9476,43.4221,39.5965,37.7319,36.7548,35.9111,35.3151,34.7250,34.1409,33.5635,32.7666,31.8729,30.2481,27.2167,22.8532,18.1532,9.8695
41.767,0.14113858831926507,0.39494943575512004,1.8078534255568144e-10,2,103.418,0.170789,-0.0390899,12189.3,0.0,7.0347,56.0333,46.9329,40.6891,37.0799,35.3345,34.4228,33.6374,33.0839,32.5369,31.9964,31.4626,30.7268,29.9036,28.4124,25.6434,21.6830,17.4264,9.8147
41.867,0.19009271771558528,0.3962011014207377,3.038459252333339e-11,2,104.811,0.188124,-0.0381464,12376.5,0.0,6.8949,55.2949,46.2834,40.1929,36.6946,35.0019,34.1178,33.3560,32.8188,32.2876,31.7626,31.2439,30.5293,29.7291,28.2780,25.5793,21.7044,17.5143,9.9349
41.988,0.20366158054946296,0.3955274274683378,3.5747169257776513e-12,2,106.389,0.208158,-0.0447388,12573.9,0.0,6.6784,55.0659,46.0722,40.0898,36.6912,35.0493,34.1911,33.4508,32.9284,32.4113,31.8999,31.3943,30.6969,29.9153,28.4949,25.8431,22.0091,17.8227,10.1385
42.108,0.20540387987714293,0.39660370288375996,4.20561871600815e-13,2,107.908,0.230012,-0.0501932,12754.8,0.0,6.4575,54.8814,45.8490,39.9256,36.5978,35.0008,34.1673,33.4486,32.9415,32.4397,31.9434,31.4527,30.7752,30.0150,28.6314,26.0384,22.2645,18.1037,10.3458
42.227,0.20466987046076981,0.3957534357762604,4.9478683631964295e-14,2,109.383,0.253592,-0.0525813,12922.0,0.0,6.2446,54.6305,45.5185,39.6209,36.3408,34.7762,33.9622,33.2618,32.7684,32.2810,31.7996,31.3238,30.6671,29.9305,28.5902,26.0751,22.3934,18.2980,10.5370
42.329,0.20283019493859208,0.39657900146016495,8.31588235802424e-15,2,110.594,0.273778,-0.0523162,13059.0,0.0,6.0776,54.4071,45.1981,39.2989,36.0433,34.4974,33.6951,33.0061,32.5216,32.0432,31.5709,31.1046,30.4621,29.7427,28.4372,25.9905,22.4052,18.3904,10.6786
42.447,0.20244464420362274,0.39601199169627344,9.783552435391937e-16,2,112.016,0.297208,-0.0493146,13217.8,0.0,5.9012,54.1376,44.7756,38.8489,35.6069,34.0754,33.2829,32.6036,32.1265,31.6560,31.1919,30.7344,30.1048,29.4013,28.1278,25.7531,22.2906,18.4017,10.8138
42.570,0.21017681817677808,0.3981884003637279,1.1510251604714262e-16,2,113.406,0.318153,-0.0436084,13378.3,0.0,5.7626,53.9274,44.3669,38.3817,35.1354,33.6093,32.8217,32.1479,31.6751,31.2094,30.7506,30.2988,29.6780,28.9854,27.7347,25.4136,22.0548,18.3028,10.9018
42.687,0.2316074444637174,0.39604838596244907,1.3541695910430284e-17,2,114.71,0.335412,-0.0385467,13535.0,0.0,5.6517,54.1149,44.2644,38.1577,34.8703,33.3317,32.5395,31.8628,31.3886,30.9218,30.4625,30.0107,29.3906,28.6998,27.4551,25.1552,21.8499,18.1887,10.9645
42.787,0.2203637214818912,0.3966756507371753,2.2759528316660183e-18,2,115.753,0.346629,-0.0337921,13656.1,0.0,5.5899,54.5650,44.4017,38.1459,34.7971,33.2349,32.4322,31.7471,31.2674,30.7956,30.3317,29.8757,29.2507,28.5553,27.3039,24.9999,21.7065,18.0840,10.9872
42.888,0.2149947919501455,0.39961282176480756,3.825193924181077e-19,2,116.783,0.353879,-0.0251694,13772.3,0.0,5.5885,55.0179,44.5153,38.0955,34.6777,33.0889,32.2740,31.5791,31.0930,30.6153,30.1460,29.6852,29.0541,28.3526,27.0923,24.7805,21.4943,17.9057,10.9476
43.008,0.2118471653694802,0.3993142441737137,4.5003023998597944e-20,2,118.009,0.355122,-0.0101081,13908.1,0.0,5.6817,55.6317,44.6791,38.0373,34.5243,32.8977,32.0651,31.3562,30.8608,30.3745,29.8972,29.4289,28.7883,28.0774,26.8027,24.4741,21.1871,17.6299,10.8260
43.127,0.21929397379593513,0.400805380490299,5.2945607704110514e-21,2,119.194,0.346004,0.00696397,14048.7,0.0,5.8700,56.4105,44.9483,38.0480,34.4210,32.7480,31.8935,31.1670,30.6598,30.1624,29.6747,29.1966,28.5432,27.8192,26.5240,24.1676,20.8647,17.3235,10.6479
43.228,0.22199048047840075,0.39931864145406115,8.898568286829855e-22,2,120.143,0.330058,0.0182716,14179.6,0.0,6.0877,57.2016,45.2650,38.1187,34.3808,32.6621,31.7858,31.0415,30.5224,30.0137,29.5153,29.0271,28.3607,27.6229,26.3055,23.9174,20.5900,17.0511,10.4642
43.348,0.21864067735843112,0.4002023824297084,1.0469076603772458e-22,2,121.242,0.303037,0.0260255,14317.3,0.0,6.3850,58.5905,45.9772,38.4645,34.5548,32.7634,31.8514,31.0779,30.5391,30.0115,29.4950,28.9895,28.3001,27.5381,26.1804,23.7290,20.3383,16.7677,10.2305
43.467,0.21412037617531418,0.3991073877146535,1.231676393357226e-23,2,122.312,0.270464,0.0311104,14444.4,0.0,6.7211,60.0936,46.7531,38.8431,34.7463,32.8757,31.9249,31.1195,30.5593,30.0111,29.4749,28.9506,28.2364,27.4478,26.0462,23.5261,20.0664,16.4608,9.9707
43.568,0.21052394216416442,0.40044729982196264,2.0700785143154893e-24,2,123.183,0.240732,0.0338039,14544.0,0.0,7.0154,61.4503,47.4646,39.1990,34.9341,32.9920,32.0065,31.1725,30.5929,30.0261,29.4721,28.9309,28.1943,27.3820,25.9407,23.3588,19.8369,16.1988,9.7442
43.668,0.20732512511263307,0.40050989737753573,3.4791809590100433e-25,2,124.055,0.209698,0.0347339,14644.8,0.0,7.3087,62.9643,48.2883,39.6372,35.1886,33.1680,32.1442,31.2787,30.6775,30.0902,29.5166,28.9566,28.1951,27.3565,25.8709,23.2196,19.6264,15.9480,9.5177
43.788,0.20408481694754196,0.40372214349126173,4.0932216064657267e-26,2,125.096,0.172009,0.0336777,14772.1,0.0,7.6448,65.4582,49.4665,40.3081,35.6144,33.4885,32.4131,31.5048,30.8746,30.2596,29.6595,29.0739,28.2786,27.4037,25.8578,23.1104,19.4162,15.6760,9.2549
43.888,0.20190016658278773,0.4029277305729666,6.879477553986948e-27,2,125.969,0.141275,0.0312859,14869.5,0.0,7.9014,68.8376,50.6342,41.0123,36.0919,33.8675,32.7438,31.7956,31.1381,30.4970,29.8716,29.2620,28.4346,27.5255,25.9218,23.0819,19.2881,15.4829,9.0497
43.989,0.19964950863388536,0.4012202864885247,1.1562337924985868e-27,2,126.822,0.112048,0.0275515,14964.1,0.0,8.1284,74.1337,51.9959,41.8715,36.7020,34.3689,33.1915,32.1987,31.5108,30.8403,30.1868,29.5502,28.6867,27.7389,26.0698,23.1242,19.2146,15.3296,8.8631
44.108,0.1994504378861775,0.4037875978124978,1.3602974945366624e-28,3,126.777,0.0804469,0.0184966,11849.3,0.0,8.3196,86.1706,54.7930,43.4593,37.9210,35.4231,34.1635,33.1021,32.3669,31.6505,30.9528,30.2736,29.3530,28.3433,26.5681,23.4463,19.3326,15.2905,8.6946
44.227,0.2017449620844322,0.40552554682220937,1.6003763993474383e-29,3,127.503,0.0554352,0.00611293,11906.4,0.0,8.4124,112.5710,60.3766,45.6551,39.6614,36.9657,35.6062,34.4608,33.6676,32.8950,32.1426,31.4102,30.4180,29.3307,27.4205,24.0710,19.6840,15.4190,8.5995
44.348,0.20298001868063142,0.41090891394616125,1.882826830068268e-30,3,128.25,0.0382983,-0.00321865,11970.9,0.0,8.4627,180.9810,69.6177,48.6523,41.3295,38.4296,36.9763,35.7522,34.9044,34.0787,33.2748,32.4928,31.4335,30.2729,28.2368,24.6743,20.0338,15.5644,8.5431
44.467,0.204129471144542,0.4296866051656275,2.2151269373070174e-31,3,129.058,0.0295143,-0.0157099,12061.9,0.0,8.4082,200.0000,90.5055,54.9798,44.6246,40.8210,39.0563,37.6387,36.6907,35.7918,34.9249,34.0813,32.9387,31.6873,29.4916,25.6549,20.6766,15.9203,8.5779
44.569,0.201534931932981,0.44764867162442284,3.722963843531905e-32,3,129.828,0.0294088,-0.0279932,12151.3,0.0,8.2860,27.7095,137.5260,65.5297,49.9957,44.7372,42.3721,40.5049,39.2723,38.1154,37.0273,36.0023,34.6634,33.2560,30.8903,26.7779,21.4507,16.3887,8.6821
44.687,0.14402091717612275,0.4716771243118127,4.380029732276851e-33,3,130.939,0.0384127,-0.0404856,12264.4,0.0,8.0873,23.0262,200.0000,92.5179,61.7554,52.9963,49.2817,46.4410,44.6083,42.9180,41.3542,39.9032,38.0395,36.1182,33.0097,28.2132,22.4673,17.0328,8.8692
44.789,0.0846857858112098,0.49352810540699477,7.361515971037706e-34,3,132.136,0.0512327,-0.0386107,12357.2,0.0,7.9842,22.2777,151.0350,133.3140,74.5719,61.1564,55.8163,51.8621,49.3684,47.1069,45.0468,43.1625,40.7796,38.3660,34.5503,28.8691,22.7379,17.2233,8.9674
44.907,0.027661196526053783,0.5181178480700612,8.660749924766152e-35,3,133.845,0.064045,-0.0163505,12494.9,0.0,8.0527,23.8893,87.0394,193.7040,85.5463,66.9246,59.9777,54.9916,51.9137,49.1657,46.6972,44.4681,41.6875,38.9137,34.6139,28.3986,21.9644,16.7221,8.8971
45.007,0.014611352477364335,0.5450445420024727,1.4556122398554472e-35,3,135.435,0.0616239,0.015274,12649.7,0.0,8.3598,26.4808,87.3520,200.0000,85.2191,65.5343,58.3604,53.2668,50.1451,47.3726,44.8937,42.6645,39.8962,37.1483,32.9151,26.8525,20.6455,15.7494,8.6374
45.128,0.09607358861781058,0.5841689333718212,1.712513244067535e-36,3,137.471,0.037749,0.036484,12891.7,0.0,8.7908,26.7640,68.9535,200.0000,106.8630,75.4825,65.2766,58.3792,54.2869,50.7343,47.6215,44.8718,41.5208,38.2621,33.3697,26.6192,20.0025,14.9855,8.3022
45.229,0.031481393518284176,0.6219501889779033,2.878221009304307e-37,3,139.407,0.00676219,0.0494151,13097.9,0.0,9.2168,26.0943,57.3071,200.0000,160.8740,96.0194,79.0450,68.4653,62.4962,57.4884,53.2275,49.5580,45.2014,41.0814,35.1015,27.2323,19.9175,14.6150,7.9779
45.348,0.008252658422457086,0.6860034857300484,3.386198235236425e-38,3,142.11,-0.0485942,0.0838912,13382.8,0.0,9.9109,27.2739,57.1337,200.0000,193.9020,102.7880,82.2074,69.9614,63.2384,57.6982,53.0543,49.1056,44.4770,40.1584,33.9888,26.0430,18.8278,13.6967,7.3945
45.469,0.0021633848894965905,0.7323703536225928,3.983828361773302e-39,3,145.199,-0.125522,0.0968575,13704.2,0.0,10.6280,29.0327,60.1111,200.0000,194.0330,98.6267,78.1523,66.1474,59.6120,54.2557,49.7861,46.0001,41.5788,37.4698,31.6267,24.1476,17.4008,12.6285,6.7949
45.587,0.005405458326719072,0.757895675230041,4.686934229342672e-40,3,148.492,-0.202656,0.0909255,14057.0,0.0,11.2752,30.2720,61.0295,200.0000,200.0000,101.1970,78.1499,65.1726,58.2667,52.6878,48.0872,44.2286,39.7665,35.6612,29.8916,22.6208,16.1695,11.6663,6.2261
45.687,-0.004008014872844447,0.7699904950937548,7.877330359256231e-41,3,151.355,-0.265624,0.0899529,14302.0,0.0,11.8518,31.7313,63.7046,200.0000,200.0000,95.1610,73.1379,60.8295,54.3064,49.0501,44.7247,41.1032,36.9224,33.0827,27.6971,20.9285,14.9395,10.7683,5.7390
45.789,0.0025063376793788335,0.7756944991041965,1.323942913480195e-41,3,154.209,-0.329325,0.0911202,14608.9,0.0,12.4657,33.4869,67.5679,200.0000,188.8740,84.7719,65.5266,54.6743,48.8947,44.2231,40.3693,37.1358,33.3954,29.9529,25.1127,19.0101,13.5922,9.8087,5.2361
45.907,0.07751122979796309,0.7797306095544205,1.557605598280315e-42,3,157.547,-0.398449,0.0547588,14979.6,0.0,12.5732,30.6980,54.4622,124.5590,200.0000,200.0000,143.8800,96.7723,78.4362,65.9457,56.8907,50.0255,42.8002,36.7422,29.0487,20.5062,13.8216,9.5781,4.8464
46.008,0.025398879780196542,0.7806946769200426,2.6178677290297257e-43,4,158.06,-0.43739,0.0306702,12085.3,0.0,12.5886,29.0950,48.5007,94.3838,200.0000,200.0000,200.0000,200.0000,153.8460,110.0810,85.7057,70.1729,55.9773,45.4727,33.6508,22.1720,14.1948,9.5247,4.6340
46.128,0.006658163941099841,0.7830667570271527,3.079895204526182e-44,4,160.615,-0.466429,0.0225704,12240.5,0.0,12.7337,28.9288,47.3593,88.4829,186.3110,200.0000,200.0000,200.0000,200.0000,141.8540,102.3090,80.0097,61.3098,48.3926,34.7030,22.1954,13.9232,9.2307,4.4287
46.247,0.0017453977281756765,0.7888548859385008,3.623465909173009e-45,4,163.14,-0.48764,0.0210509,12434.6,0.0,12.8974,29.2082,47.6614,88.4185,183.1210,200.0000,200.0000,200.0000,200.0000,146.0450,103.2530,79.8593,60.6345,47.5588,33.8791,21.5376,13.4563,8.9003,4.2588
46.349,0.021020489646318606,0.8067316975399529,6.089959153547075e-46,4,165.275,-0.503562,0.019984,12606.0,0.0,13.0209,29.4230,47.9034,88.4351,181.1210,200.0000,200.0000,200.0000,200.0000,149.0600,103.7610,79.5815,60.0116,46.8527,33.2152,21.0238,13.0977,8.6488,4.1307
46.468,0.03200454430024455,0.8355492596667884,7.1647760445566e-47,4,167.914,-0.514191,-0.00439429,12834.1,0.0,12.7922,27.5541,42.8125,71.9731,122.5410,189.2380,200.0000,200.0000,200.0000,200.0000,200.0000,200.0000,115.3320,74.3038,44.5886,24.8059,14.3158,9.0689,4.1405
46.568,0.010487249076304132,0.8515172364857382,1.2041839098086278e-47,4,170.237,-0.511014,-0.0139716,13000.9,0.0,12.6459,26.7636,40.9198,66.7977,108.3340,157.4710,200.0000,200.0000,200.0000,200.0000,200.0000,200.0000,186.8930,98.9273,52.5673,27.1683,15.1057,9.3938,4.2084
46.688,0.0027491694218586696,0.8711721485038173,1.4167103280507528e-48,4,173.1,-0.498597,-0.0169265,13221.7,0.0,12.5061,26.3277,40.0627,64.8503,103.7920,148.5650,193.0340,200.0000,200.0000,200.0000,200.0000,200.0000,200.0000,112.6600,56.9107,28.6373,15.7240,9.7197,4.3284
46.807,0.0007206782689237192,0.9184609204473847,1.66674553384843e-49,4,176.119,-0.482292,-0.0178711,13473.5,0.0,12.3588,25.9738,39.4650,63.7148,101.5590,144.6950,187.1430,200.0000,200.0000,200.0000,200.0000,200.0000,200.0000,120.5880,59.8292,29.8354,16.3144,10.0650,4.4736
46.927,-0.03269784638397126,0.9570445839828842,1.9609094531173398e-50,4,179.389,-0.466478,-0.00804687,13739.6,0.0,12.3445,26.4099,40.7778,67.7606,113.1230,170.3320,200.0000,200.0000,200.0000,200.0000,200.0000,200.0000,148.0490,89.9729,51.8595,28.1101,16.0029,10.0681,4.5640
47.047,-0.008571544242479762,0.969631078626734,2.3069903624980192e-51,4,182.77,-0.460435,0.00268745,13995.5,0.0,12.4256,27.1266,42.6857,73.5109,130.6380,200.0000,200.0000,200.0000,200.0000,200.0000,200.0000,160.7490,100.0660,69.9158,44.6924,25.9955,15.3766,9.8668,4.5661
47.168,-0.0022469788939006147,0.9738717147880265,2.7141510915752948e-52,4,186.171,-0.461958,0.0047636,14250.4,0.0,12.4646,27.3212,43.1575,74.8827,134.9420,200.0000,200.0000,200.0000,200.0000,200.0000,200.0000,145.3180,93.7698,66.7298,43.3278,25.5004,15.1869,9.7805,4.5438
47.287,0.0016497716124373174,0.9760675908638924,3.193171617727419e-53,4,189.561,-0.466028,0.00396848,14500.0,0.0,12.4893,27.3331,43.1125,74.5884,133.6860,200.0000,200.0000,200.0000,200.0000,200.0000,200.0000,149.5710,95.2593,67.3303,43.4625,25.4662,15.1273,9.7287,4.5130
47.408,0.00043247772957076807,0.9777045562894242,3.756734476540132e-54,4,192.93,-0.469833,0.00301385,14747.8,0.0,12.5097,27.3273,43.0273,74.1856,132.1200,200.0000,200.0000,200.0000,200.0000,200.0000,200.0000,155.4300,97.3419,68.2177,43.7175,25.4765,15.0859,9.6859,4.4851
47.526,0.00011337144194059941,0.9780373019539348,4.419760544304702e-55,4,196.27,-0.473117,0.00279903,14992.1,0.0,12.5349,27.3712,43.0793,74.2183,131.9920,200.0000,200.0000,200.0000,200.0000,200.0000,200.0000,156.1060,97.3787,68.1086,43.5750,25.3620,15.0074,9.6318,4.4583
47.627,3.714955409509561e-05,0.9785558568542653,7.428291546812913e-56,5,196.498,-0.475666,0.00276732,13439.4,0.0,12.5562,27.4160,43.1473,74.3270,132.1580,200.0000,200.0000,200.0000,200.0000,200.0000,200.0000,155.5950,97.0022,67.8253,43.3831,25.2457,14.9370,9.5861,4.4369
47.729,0.003433358944765881,0.9787257769240055,1.2484729602728465e-56,5,198.754,-0.477682,0.000892401,13576.0,0.0,12.5497,27.3034,42.8233,73.2834,128.7440,200.0000,200.0000,200.0000,200.0000,200.0000,200.0000,170.8350,102.5550,70.4077,44.3603,25.5298,15.0103,9.6011,4.4281
47.848,0.0009000344472167073,0.9787868838159665,1.4688159530314012e-57,5,201.407,-0.478523,-0.000221729,13758.8,0.0,12.5429,27.2306,42.6234,72.6610,126.7710,200.0000,200.0000,200.0000,200.0000,200.0000,197.4090,181.5870,106.2630,72.0971,44.9968,25.7204,15.0647,9.6167,4.4259
47.966,0.00023593863013117648,0.9788029026210527,1.7280472805819136e-58,5,204.04,-0.478351,-0.000436306,13924.4,0.0,12.5388,27.2105,42.5755,72.5260,126.3700,200.0000,200.0000,200.0000,199.2150,195.6560,190.9910,181.7630,107.0780,72.4791,45.1506,25.7740,15.0849,9.6258,4.4283
48.069,7.73123703213839e-05,0.9778655667714915,2.904329064474023e-59,5,206.202,-0.477985,-0.000403643,14065.2,0.0,12.5361,27.2064,42.5715,72.5273,126.3970,200.0000,199.7200,196.3050,193.4130,189.9430,185.4380,177.2950,107.0330,72.4750,45.1611,25.7851,15.0932,9.6317,4.4312
48.187,2.0266974005528865e-05,0.9785613848857458,3.416914101063043e-60,5,208.755,-0.477536,-0.000398874,14240.8,0.0,12.5323,27.1985,42.5595,72.5081,126.3670,195.7540,192.5400,189.1980,186.3820,183.0240,178.7170,171.5080,107.1080,72.5294,45.1967,25.8063,15.1058,9.6398,4.4350
48.289,6.641082042131699e-06,0.9781252445993611,5.742807529656657e-61,5,210.858,-0.477145,-0.000398874,14386.6,0.0,12.5290,27.1913,42.5482,72.4889,126.3340,189.6540,186.4870,183.2080,180.4580,177.1950,173.0530,166.4590,107.1880,72.5837,45.2306,25.8257,15.1171,9.6470,4.4383
48.389,2.176149763565715e-06,0.9781991739003186,9.651936615093948e-62,5,212.944,-0.476769,-0.000398874,14524.1,0.0,12.5258,27.1844,42.5374,72.4704,126.3020,183.4870,180.3700,177.1570,174.4740,171.3080,167.3300,161.2580,107.2650,72.6359,45.2631,25.8442,15.1280,9.6540,4.4415
48.506,5.704646036201707e-07,0.9765692461960501,1.1355406908291879e-62,5,215.418,-0.476285,-0.000398874,14688.1,0.0,12.5217,27.1754,42.5234,72.4466,126.2600,176.0000,172.9460,169.8150,167.2150,164.1680,160.3850,154.8590,107.3650,72.7032,45.3050,25.8682,15.1420,9.6629,4.4456
48.608,1.8692984131425753e-07,0.9775929293435217,1.9085032390766158e-63,5,217.454,-0.475879,-0.000398874,14826.0,0.0,12.5183,27.1680,42.5117,72.4267,126.2250,169.6880,166.6900,163.6310,161.1020,158.1560,154.5350,149.4130,107.4480,72.7595,45.3401,25.8882,15.1537,9.6704,4.4491
48.726,4.900253632148472e-08,0.9778875708698281,2.2453349757412486e-64,5,219.88,-0.475399,-0.000398874,14988.3,0.0,12.5142,27.1591,42.4979,72.4032,126.1840,162.0280,159.1000,156.1300,153.6900,150.8660,147.4390,142.7550,107.5460,72.8261,45.3816,25.9119,15.1676,9.6793,4.4532
48.826,1.605715110182411e-08,0.9773683632851253,3.773734493728316e-65,6,219.633,-0.475019,-0.000388861,13697.1,0.0,12.5111,27.1529,42.4890,72.3904,126.1700,155.5960,152.7300,149.8380,147.4720,144.7520,141.4830,137.1310,107.5870,72.8620,45.4080,25.9286,15.1779,9.6860,4.4563
48.927,5.261607273045725e-09,0.9773954969218949,6.34251556360918e-66,6,221.27,-0.474646,-0.000384569,13801.0,0.0,12.5080,27.1464,42.4791,72.3746,153.5430,149.1450,146.3430,143.5300,141.2420,138.6260,135.5140,131.4700,107.6480,72.9065,45.4374,25.9461,15.1884,9.6927,4.4595
49.028,1.7241234712316231e-09,0.9783455501813665,1.065986590775795e-66,6,222.88,-0.474248,-0.000384569,13916.8,0.0,12.5046,27.1391,42.4676,72.3551,146.9600,142.6390,139.9050,137.1750,134.9660,132.4570,129.5020,125.7460,107.7290,72.9617,45.4718,25.9657,15.1999,9.7001,4.4629
49.147,4.5196862324254257e-10,0.978687209656744,1.2541225641818151e-67,6,224.833,-0.473762,-0.000380754,14024.0,0.0,12.5005,27.1304,42.4544,72.3335,138.9780,134.7570,132.1100,129.4830,127.3720,124.9930,122.2240,118.7930,107.8150,73.0227,45.5114,25.9889,15.2136,9.7089,4.4670
49.267,0.0018392652414408628,0.9787767736382574,1.4754626555342642e-68,6,226.759,-0.473046,-0.00127625,14131.2,0.0,12.4833,27.0470,42.2561,71.7765,131.0350,126.9520,124.4160,121.9200,119.9310,117.7120,115.1710,112.1180,105.5220,74.6671,46.1678,26.2161,15.2989,9.7476,4.4771
49.388,0.00048215234745227367,0.9788002522986273,1.7358670596095067e-69,6,228.649,-0.47133,-0.00180912,14247.1,0.0,12.4621,26.9739,42.1020,71.3864,122.9510,119.0030,116.5740,114.2030,112.3290,110.2570,107.9160,105.1700,99.8528,75.8639,46.6806,26.4173,15.3876,9.7945,4.4940
49.508,0.00012639334497052882,0.9788064070885714,2.0422302369599893e-70,6,230.52,-0.469102,-0.00167871,14359.0,0.0,12.4449,26.9432,42.0638,71.3529,114.6860,110.8660,108.5380,106.2830,104.5130,102.5720,100.4040,97.9079,93.3595,75.9471,46.7877,26.5001,15.4429,9.8320,4.5124
49.627,3.31332570239543e-05,0.9815863310767013,2.402663451481058e-71,6,232.372,-0.466834,-0.00157094,14471.1,0.0,12.4270,26.9100,42.0200,71.3045,106.3310,102.6540,100.4350,98.3014,96.6405,94.8348,92.8411,90.5859,86.6733,76.0762,46.9134,26.5896,15.5009,9.8709,4.5312
49.747,8.685684529287479e-06,0.46055256717377074,0.1717620849609375,6,232.924,-0.464621,-0.00151753,14277.7,0.0,12.4089,26.8736,41.9671,71.2275,97.8962,94.3766,92.2749,90.2715,88.7246,87.0576,85.2386,83.2164,79.8485,73.9751,47.0714,26.6882,15.5613,9.9104,4.5498
49.847,2.846125106556921e-06,0.15091386521150124,0.776335706817627,6,224.014,-0.462728,-0.00160146,13373.5,0.0,12.3918,26.8323,41.8964,96.6618,90.9800,87.6026,85.6041,83.7131,82.2635,80.7131,79.0379,77.2012,74.2300,69.6636,47.2958,26.8011,15.6225,9.9478,4.5662
49.967,7.460946199332576e-07,0.03956116428200379,0.8993529194218509,6,208.117,-0.460437,-0.00113654,12237.4,0.0,12.3782,26.8263,41.9218,88.5599,83.0620,79.8498,77.9691,76.2045,74.8625,73.4392,71.9173,70.2719,67.6805,64.0076,47.1765,26.8125,15.6546,9.9767,4.5835
50.087,1.9558422804778387e-07,0.010370721849541601,0.9055129571364705,6,192.257,-0.458344,-0.000497818,11204.1,0.0,12.3683,26.8375,41.9872,80.9875,75.6848,72.6382,70.8729,69.2302,67.9907,66.6863,65.3050,63.8302,61.5584,58.5064,46.9238,26.7759,15.6680,9.9968,4.5984
50.187,6.408903984669782e-08,0.0033982781356577917,0.8746074804915711,6,179.563,-0.456746,-0.000477076,10410.4,0.0,12.3550,26.8097,41.9452,75.1326,70.0102,67.1081,65.4414,63.9011,62.7467,61.5398,60.2719,58.9316,56.9013,54.2679,46.8621,26.8504,15.7127,10.0257,4.6119
50.288,2.1000696576965938e-08,0.0011135477794923451,0.8503641935833766,5,167.48,-0.4551,-0.000837564,10774.6,0.0,12.3366,26.7514,41.8271,69.6696,64.7377,61.9824,60.4139,58.9745,57.9026,56.7893,55.6285,54.4128,52.5980,50.3094,44.8118,27.0114,15.7872,10.0666,4.6275
50.408,5.505206603472159e-09,0.0002919098691072413,0.8245208304459493,5,153.607,-0.452817,-0.00138688,9538.68,0.0,12.3105,26.6671,70.4033,63.5753,58.8769,56.2949,54.8403,53.5163,52.5377,51.5285,50.4851,49.4030,47.8117,45.8568,41.5681,27.2473,15.8945,10.1250,4.6494
50.509,1.8039460998257568e-09,9.565302590906083e-05,0.7422462398683143,5,142.55,-0.450619,-0.00149465,8862.31,0.0,12.2906,26.6184,65.4473,58.8341,54.3283,51.8851,50.5202,49.2858,48.3787,47.4484,46.4925,45.5083,44.0760,42.3460,38.7209,27.3810,15.9666,10.1689,4.6686
50.627,4.728936463927232e-10,2.507486682390484e-05,0.15813882378796362,4,131.98,-0.447764,-0.00220394,9698.41,0.0,12.2577,26.5117,59.9864,53.5886,49.3200,47.0422,45.7822,44.6512,43.8257,42.9843,42.1258,41.2488,39.9864,38.4872,35.4673,27.6541,16.1037,10.2429,4.6962
50.746,0.022444756150937602,6.57322588868571e-06,0.018604874479830134,4,124.947,-0.444259,-0.00579453,9246.59,0.0,12.1845,26.4790,55.0036,48.8491,44.8370,42.7306,41.5772,40.5495,39.8043,39.0494,38.2842,37.5082,36.4021,35.1075,32.5766,26.9006,16.4875,10.4174,4.7432
50.847,0.04190251733002391,2.1539146592045336e-06,0.0031269212538250508,4,123.548,-0.43829,-0.0168645,9135.97,0.0,12.0036,28.0511,51.4710,45.5801,41.8144,39.8646,38.8058,37.8684,37.1922,36.5106,35.8233,35.1301,34.1496,33.0140,30.8375,26.2599,17.6097,10.8867,4.8487
50.947,0.08295595866032919,7.057947555281416e-07,0.0005255416551303764,3,122.685,-0.424203,-0.0393615,11130.0,0.0,11.6359,57.5247,48.6407,43.0615,39.5608,37.7716,36.8076,35.9587,35.3493,34.7375,34.1234,33.5069,32.6401,31.6444,29.7636,25.9551,19.5158,11.9912,5.0900
51.067,0.10641779499311425,1.8501986039316913e-07,6.182945018443366e-05,3,121.121,-0.388295,-0.0825508,10973.4,0.0,10.9171,55.4660,46.1697,40.9671,37.7717,36.1591,35.2964,34.5405,34.0002,33.4597,32.9192,32.3787,31.6226,30.7595,29.1465,25.9580,20.8589,14.5887,5.6780
51.187,0.15894155308773328,4.8501846282906924e-08,7.274172984748436e-06,3,119.514,-0.324123,-0.136715,10823.7,0.0,9.9698,54.6587,44.4374,39.3591,36.4256,34.9592,34.1788,33.4974,33.0117,32.5271,32.0436,31.5614,30.8888,30.1242,28.7039,25.9311,21.5920,16.3641,6.7125
51.287,0.2157796705380931,1.589308498998294e-08,1.2225702535466697e-06,3,118.072,-0.243319,-0.198124,10684.5,0.0,8.9670,56.3431,44.3348,38.7785,36.0228,34.6549,33.9287,33.2957,32.8452,32.3961,31.9486,31.5028,30.8817,30.1768,28.8707,26.3319,22.3817,17.6183,8.0769
51.388,0.24882735526852,5.20784608951761e-09,2.0547738251358878e-07,3,116.512,-0.133291,-0.271402,10530.6,0.0,7.9543,61.2846,45.8150,39.1117,36.0742,34.7556,34.0721,33.4768,33.0534,32.6316,32.2115,31.7932,31.2109,30.5503,29.3276,26.9545,23.2644,18.7885,9.3534
51.506,0.2765420505791285,1.365205605290504e-09,2.417420857534121e-08,3,114.396,0.0257454,-0.301229,10325.7,0.0,6.8111,13.9121,51.3155,41.7682,37.6947,35.9767,35.1326,34.4311,33.9501,33.4848,33.0345,32.5987,32.0115,31.3715,30.2186,27.9802,24.4888,20.2110,10.7364
51.607,0.27240863962956574,4.4735057274159234e-10,4.0629592352575975e-09,3,112.424,0.148647,-0.301126,10148.9,0.0,5.9281,11.2146,61.8711,47.0166,41.2241,38.8688,37.7297,36.7920,36.1536,35.5396,34.9487,34.3797,33.6177,32.7931,31.3671,28.9128,25.5182,21.3488,11.7949
51.707,0.21589994928101724,1.46587835675965e-10,6.828615586697445e-10,3,110.502,0.260909,-0.291618,9964.73,0.0,5.1594,9.4703,81.5129,55.4577,46.6703,43.2843,41.6830,40.3823,39.5053,38.6685,37.8692,37.1051,36.0902,35.0025,33.1468,30.0260,26.0937,22.0341,12.6104
51.827,0.07417959286522299,3.842712159544016e-11,8.033797951593678e-11,3,108.414,0.381342,-0.269772,9779.61,0.0,4.3632,7.9602,112.3300,74.8234,58.0090,52.1959,49.5607,47.4713,46.0876,44.7856,43.5584,42.3998,40.8826,39.2833,36.6170,32.3002,27.1376,22.4145,13.3025
51.928,0.024307168990076268,1.2591799204393833e-11,1.3502404217243495e-11,3,107.044,0.468871,-0.228418,9677.68,0.0,3.8424,7.3322,126.0000,94.8279,69.6140,60.7182,56.8587,53.8710,51.9268,50.1218,48.4415,46.8738,44.8475,42.7436,39.3071,33.9239,27.7614,22.3659,13.4776
52.047,0.0063719785077345535,3.300864610636617e-12,1.5885443537544804e-12,3,105.794,0.554105,-0.138937,9601.24,0.0,3.4498,7.9323,130.7790,98.9039,74.9608,63.9630,59.3363,55.8128,53.5464,51.4606,49.5349,47.7516,45.4659,43.1153,39.3241,33.5031,27.0094,21.4659,13.1342
52.168,0.0016703759339315664,8.653018524907253e-13,1.868906546748609e-13,3,104.659,0.597965,-0.0269217,9511.3,0.0,3.4652,13.2996,126.5180,95.2105,71.6395,60.8766,56.3749,52.9568,50.7630,48.7473,46.8889,45.1704,42.9710,40.7129,37.0793,31.5198,25.3455,20.0975,12.4261
52.288,0.0004378790288245565,0.20047626328147683,2.1987498631842716e-14,3,104.089,0.580507,0.0880091,9560.54,0.0,4.2146,19.6638,120.8010,90.4034,66.8545,56.7706,52.5571,49.3594,47.3078,45.4232,43.6863,42.0803,40.0256,37.9166,34.5242,29.3367,23.5800,18.6904,11.5524
52.407,0.0349184963105814,0.39916362651478443,2.5868072265376643e-15,3,104.953,0.498314,0.197831,9748.73,0.0,5.5440,25.2251,116.3770,86.5904,63.4073,53.6278,49.5643,46.4895,44.5207,42.7150,41.0531,39.5185,37.5579,35.5488,32.3239,27.4090,21.9778,17.3833,10.7043
52.509,0.001983226289348188,0.49336972229261455,4.3476469056418527e-16,3,106.409,0.398596,0.205158,9964.85,0.0,6.5820,28.6115,114.2510,84.6539,62.1912,52.1789,48.0650,44.9699,42.9961,41.1913,39.5349,38.0093,36.0655,34.0799,30.9060,26.1000,20.8320,16.4102,10.0338
52.628,-0.0009874712620051092,0.5521885613088,5.114963108018584e-17,3,108.647,0.277921,0.205107,10223.8,0.0,7.9021,34.3388,107.9590,79.3410,56.8465,47.6917,43.9305,41.1008,39.2964,37.6465,36.1322,34.7376,32.9607,31.1456,28.2445,23.8516,19.0368,14.9956,9.1684
52.746,0.15615707147512575,0.575013383450109,6.0177029469527835e-18,3,111.092,0.155846,0.19617,10479.2,0.0,9.1142,37.5099,105.1040,76.7658,55.0312,45.6418,41.8454,39.0122,37.2158,35.5802,34.0847,32.7123,30.9705,29.1989,26.3834,22.1573,17.5759,13.7705,8.3417
52.846,0.18617460290999263,0.5828124850983067,1.0113953342943542e-18,3,112.951,0.0660956,0.142338,10784.8,0.0,9.3445,29.7822,125.5330,88.1961,72.7887,63.3721,56.8946,51.3534,48.0174,45.0916,42.5049,40.2018,37.3716,34.5946,30.3784,24.4670,18.5641,14.0151,7.9931
52.949,0.06100569388154638,0.5870546572263882,1.699852138348521e-19,3,114.985,-0.00419052,0.0959298,10949.5,0.0,9.4716,25.8029,53.1947,99.9230,82.1271,74.8757,70.7143,66.8136,63.8197,60.5766,56.9513,52.8091,47.6956,42.9504,36.2145,27.6130,19.8734,14.4099,7.7436
53.067,0.015992276616884092,0.5894626802827043,1.9998590422456518e-20,3,117.59,-0.0670623,0.0764176,11096.2,0.0,9.8338,25.3626,48.2725,102.4290,82.7975,75.5916,71.8520,68.4310,65.8801,63.2165,60.4082,57.4062,52.6967,46.7392,38.4161,28.3728,19.8511,14.1068,7.3747
53.186,0.004192279361456464,0.6249858954850293,2.3528141646115867e-21,3,120.228,-0.118086,0.0715329,11347.4,0.0,10.2458,26.0872,48.9510,98.4703,79.2337,72.2377,68.6948,65.4812,63.1065,60.6512,58.0968,55.4168,51.3691,46.0482,37.5613,27.4887,19.0829,13.4879,7.0008
53.287,0.1374073572106152,0.7352343430762843,3.954374766462694e-22,3,122.847,-0.157037,0.0626208,11686.2,0.0,10.4951,26.1222,48.2337,97.2832,77.5867,70.5181,67.1569,64.1471,61.9422,59.6835,57.3612,54.9630,51.4415,47.0814,38.3028,27.5262,18.8220,13.1678,6.7440
53.407,0.0868679199641795,0.8125667595220145,4.652282368995695e-23,3,126.333,-0.186041,0.00195282,12319.5,0.0,10.0836,21.9826,34.5447,121.9870,94.9367,83.8100,78.8944,75.0547,72.5395,70.1926,67.9978,65.9410,63.1727,59.9493,53.6750,39.4460,23.2758,14.9161,6.8932
53.528,0.022771904011089875,0.837621899045639,5.473363684299747e-24,3,130.432,-0.186875,-0.034736,12549.7,0.0,9.7386,19.8802,29.4563,136.0870,107.0410,94.0531,87.6373,82.5979,79.3462,76.3463,73.5703,70.9944,67.6854,64.2733,58.6325,47.2850,28.0684,16.6775,7.1523
53.649,0.005969518005083143,0.8467514203377949,6.439357640941809e-25,3,134.604,-0.165241,-0.0457414,12907.4,0.0,9.4645,18.9747,27.6977,135.6390,106.6080,93.6359,87.2132,81.9522,78.5493,75.4232,72.5418,69.8776,66.4683,62.9689,57.3393,47.3060,30.7334,17.7612,7.4307
53.768,0.0015648733279245157,0.8495301695674059,7.575839870991628e-26,3,138.781,-0.13196,-0.0486253,13272.5,0.0,9.1701,18.2997,26.6125,130.2950,101.9010,89.3331,83.1452,78.0736,74.7847,71.7671,68.9884,66.4218,63.1413,59.7780,54.3764,45.3780,31.6238,18.6525,7.7515
53.889,0.07150698713819108,0.851922275442953,8.912899849822942e-27,3,143.01,-0.092448,-0.0596054,13501.9,0.0,8.7633,17.1897,24.8277,129.3510,101.0250,88.5063,82.3487,77.2726,73.8485,70.7020,67.8176,65.1642,61.7875,58.3431,52.8475,44.3794,32.4808,20.2680,8.2041
54.010,0.05285931889620834,0.8534905137549675,1.0485937544318194e-27,3,146.921,-0.0371938,-0.0879338,14083.7,0.0,8.1192,15.2773,21.6027,138.4600,108.9980,95.7638,89.1927,83.7415,80.0247,76.4581,73.0438,69.7883,65.6523,61.4980,55.0018,45.4885,34.5025,23.1610,8.9943
54.127,0.04440472496353639,0.8550773930190322,1.2336600661514913e-28,3,151.037,0.0408245,-0.114662,14288.6,0.0,7.3466,13.3405,18.8099,147.2750,116.5800,102.7800,95.8738,90.1124,86.1663,82.3652,78.7130,75.2115,70.5650,65.6197,57.8043,46.7647,35.5626,25.0623,10.0472
54.250,0.16216621071394127,0.8560957276468311,1.4513887312265685e-29,3,154.768,0.144948,-0.160876,14809.9,0.0,6.3240,10.9874,15.1164,24.0360,135.7960,120.8340,113.2260,106.8040,102.3600,98.0427,93.8569,89.8082,84.3786,78.5242,68.5825,53.0462,38.4294,27.6305,11.6633
54.369,0.04251089914139542,0.8587506697563758,1.707544328400746e-30,4,158.159,0.29202,-0.202265,12230.0,0.0,5.1080,8.8034,11.9638,17.5476,158.1590,138.4770,129.8920,123.0320,118.2550,113.5840,109.0240,104.5810,98.5717,92.0174,80.6896,61.9745,42.3572,29.5243,13.2038
54.470,0.013929971430652452,0.8599872495438943,2.8698697527431338e-31,4,158.965,0.429353,-0.184257,12041.9,0.0,4.1895,7.4087,10.2169,15.2809,38.3134,144.1630,134.5060,127.0770,122.2360,117.5380,112.9470,108.4700,102.4000,95.7673,84.2571,65.0751,43.9244,30.0007,14.0046
54.587,0.0016493954961857085,0.8642356819194347,3.3763730654047695e-32,4,161.729,0.566755,-0.130621,12297.0,0.0,3.3056,6.2145,8.9916,15.2879,42.3810,139.8190,130.3060,123.0030,118.2750,113.7440,109.3270,105.0270,99.2121,92.8752,81.9243,63.7731,43.4931,29.5831,14.3861
54.707,0.007738692995345858,0.8684312747729633,3.972269147718058e-33,4,164.475,0.658986,-0.0753644,12549.4,0.0,2.7211,5.5310,8.6446,17.2286,47.6860,135.4860,126.1120,118.9320,114.2940,109.9290,105.6830,101.5590,95.9950,89.9478,79.5366,62.3643,43.1345,29.2334,14.3747
54.807,-0.0007170227912913188,0.8698725112894796,6.6761927565697406e-34,4,166.762,0.697853,-0.0276693,12755.4,0.0,2.5186,5.5884,9.4029,18.7287,153.0740,131.3960,122.1990,115.1650,110.6260,106.3970,102.3020,98.3310,92.9848,87.1891,77.2434,60.9088,42.6149,28.9315,14.1754
54.929,0.010590884167702229,0.8725667775682193,7.854474016176735e-35,4,169.543,0.694255,0.0349099,13005.3,0.0,2.6942,6.3060,10.6571,21.4255,143.5310,123.3830,114.8190,108.2600,104.0250,100.0480,96.1970,92.4735,87.4782,82.0854,72.8840,57.8887,41.1303,28.2528,13.8798
55.048,0.010635580177338132,0.8820320449482183,9.240710135291767e-36,4,172.387,0.661947,0.0266044,13239.7,0.0,2.9479,6.7543,11.1557,21.2560,144.3430,122.9170,113.9300,107.0950,102.7030,98.6645,94.8893,91.2461,86.3631,81.0955,72.1174,57.4928,41.1083,28.4005,13.7414
55.168,0.0027880535300081268,0.8985756251877808,1.0871603067069413e-36,4,175.303,0.635193,0.023792,13465.7,0.0,3.1718,7.2243,11.8583,22.6296,138.4190,117.5310,108.8040,102.1820,97.9329,94.0303,90.4187,86.9621,82.3401,77.3689,68.9268,55.2406,39.9150,27.9157,13.5564
55.289,0.01005219861394545,0.9128845274392255,1.2790332292376496e-37,4,178.329,0.611257,0.0227682,13643.8,0.0,3.3763,7.6736,12.5724,26.3746,130.6280,110.7960,102.5220,96.2490,92.2266,88.5334,85.1253,81.8833,77.5610,72.9272,65.0925,52.4580,38.3204,27.1463,13.3710
55.408,0.04263253258449411,0.9208016308579033,1.5047698038658027e-38,4,181.289,0.597216,-0.00760061,13840.9,0.0,3.3920,7.2695,11.4136,21.0758,169.7870,125.7470,114.4770,106.1680,100.9440,96.2175,91.9198,87.9963,83.0445,78.0141,69.5571,55.8232,40.3984,28.2837,13.6257
55.509,0.01396982827728703,0.9257518858213928,2.529066609357255e-39,4,183.755,0.602973,-0.018977,14044.6,0.0,3.3127,7.0817,11.1469,20.6875,184.7870,130.1320,116.9570,107.8360,102.1550,97.0502,92.4384,88.2505,82.9976,77.7245,69.3014,55.6949,40.3962,28.3477,13.7050
55.610,0.004577633329901415,0.929302991227204,4.250602250346739e-40,4,186.273,0.613129,-0.0104912,14211.5,0.0,3.2584,7.0953,11.3884,22.5407,182.7820,127.1960,113.6260,104.5460,98.9090,93.8563,89.3003,85.1730,80.0060,74.8317,66.7134,53.8144,39.3191,27.8311,13.6593
55.728,0.09017961657925867,0.9314943916135141,5.000791041510437e-41,4,189.201,0.615489,-0.00169069,14529.1,0.0,3.2671,7.2408,11.8567,25.5678,185.5840,128.4230,112.1910,102.7070,96.8885,91.6999,87.0455,82.8466,77.6151,72.4032,64.3369,52.0557,38.2663,27.2821,13.5636
55.848,0.03689628572650518,0.9338593208732581,5.883380652426614e-42,4,192.104,0.621023,-0.0241054,14714.8,0.0,3.1496,6.6779,10.4112,18.7084,200.0000,196.9010,174.0270,149.7270,126.5200,113.9120,105.5460,98.9775,91.0878,83.4960,72.2449,57.0044,41.2964,28.9148,13.9104
55.949,0.012090174906861217,0.9359727507793741,9.88819786253341e-43,4,194.603,0.633046,-0.0208824,14847.6,0.0,3.0589,6.5207,10.2174,18.5808,200.0000,200.0000,184.3640,164.5340,147.5000,124.4270,110.7750,102.1520,93.2565,84.9296,72.7840,56.6909,41.1030,28.8756,13.9675
56.067,0.0031693668107842265,0.9363295396084332,1.1633365903291936e-43,5,197.147,0.643982,-0.00656397,13477.4,0.0,3.0095,6.5927,10.6318,21.1877,200.0000,200.0000,180.4500,161.4370,145.7840,124.8970,108.1490,98.8562,89.7873,81.6176,69.7549,54.1349,39.4425,28.0495,13.8645
56.167,0.06894998469413277,0.9364147623670164,1.955219807366276e-44,5,197.4,0.645345,-0.00760633,13487.3,0.0,2.9949,6.5464,10.5307,20.7829,200.0000,200.0000,200.0000,178.6600,165.4960,151.7500,135.7870,114.3920,97.2848,86.4725,72.6944,55.2180,39.6023,28.1416,13.8898
56.268,0.022593530984573427,0.9382798365980489,3.2861379302405004e-45,5,199.34,0.649597,-0.0147174,13575.7,0.0,2.9382,6.3318,10.0266,18.7503,109.4550,200.0000,200.0000,200.0000,195.0750,179.1700,165.6750,152.9630,132.5760,102.7960,80.2155,58.7316,40.7881,28.7008,14.0218
56.387,0.005922758586420016,0.938959709172659,3.866108413548647e-46,5,201.66,0.654724,-0.0034507,13711.7,0.0,2.9276,6.4493,10.4588,21.2084,100.0110,200.0000,200.0000,200.0000,200.0000,183.1900,168.5880,156.1300,138.5960,114.1680,80.6518,58.0636,39.9006,28.0072,13.9123
56.489,0.001940769533598111,0.9400549268766969,6.497768410651211e-47,5,203.512,0.650096,0.0100505,13882.4,0.0,3.0081,6.8178,11.4383,26.6087,98.6409,200.0000,200.0000,200.0000,197.1300,179.8180,165.3110,152.9820,136.5550,114.9610,79.2052,56.4445,38.7014,27.1249,13.6980
56.589,0.07006492080561318,0.9411848078139561,1.0920799367781493e-47,5,205.357,0.634481,0.0161592,14007.4,0.0,3.1627,7.2726,12.4444,28.4701,87.0170,200.0000,200.0000,200.0000,200.0000,191.1640,174.3600,160.2820,143.9650,125.7110,85.1687,57.1875,38.5887,26.7609,13.4931
56.708,0.018367098599666662,0.9452730322908316,1.2848211248201254e-48,5,207.513,0.615448,0.0107667,14144.1,0.0,3.3093,7.5302,12.5827,24.6476,58.3334,88.9576,200.0000,200.0000,200.0000,200.0000,200.0000,198.1230,173.0930,151.2780,119.2420,64.1931,40.9129,27.5004,13.4070
56.809,0.006018530869138772,0.9490536414398097,2.1593988644851846e-49,5,209.347,0.597443,0.0202405,14225.1,0.0,3.4991,8.0093,13.2151,25.1218,54.5509,80.5361,99.9486,200.0000,200.0000,200.0000,200.0000,200.0000,179.7200,155.8200,124.0010,66.9308,41.0920,27.3901,13.2230
56.929,0.0015777217561595142,0.9505607482503474,2.5405111700781754e-50,5,211.482,0.567576,0.0245382,14377.6,0.0,3.7627,8.5835,14.1123,26.6163,54.1729,75.7503,94.5503,200.0000,200.0000,200.0000,200.0000,200.0000,178.1120,154.0550,122.8480,69.2995,40.5672,26.9753,12.9866
57.048,0.0004135902920466797,0.9535606628049641,2.9888859864852727e-51,5,213.602,0.538419,0.0240905,14518.2,0.0,4.0145,9.1493,15.0279,28.2817,53.3060,71.8795,93.0303,200.0000,200.0000,200.0000,200.0000,200.0000,174.2440,150.6050,120.1180,73.0277,39.9471,26.5055,12.7505
57.168,0.00010842021351828481,0.9548289474059695,3.516394474240059e-52,5,215.691,0.509536,0.0241381,14659.3,0.0,4.2659,9.7233,15.9723,30.0321,51.8269,68.7023,200.0000,200.0000,200.0000,200.0000,200.0000,200.0000,169.3790,146.4120,116.7830,75.1276,39.6281,26.0045,12.5105
57.287,2.842170845253725e-05,0.9564576643544154,4.1370029349986864e-53,5,217.75,0.48044,0.0241572,14804.7,0.0,4.5191,10.3008,16.9216,30.8431,49.6752,65.9681,199.8810,200.0000,200.0000,200.0000,200.0000,200.0000,164.5290,142.2230,113.4470,75.7960,39.8277,25.5301,12.2692
57.389,9.313225425727407e-06,0.9577451802681548,6.953060832852292e-54,5,219.422,0.455974,0.0241663,14946.0,0.0,4.7319,10.7861,17.6825,30.7402,47.5008,64.2369,194.6100,200.0000,200.0000,200.0000,200.0000,200.0000,160.4670,138.7140,110.6490,75.6120,40.4913,25.3211,12.0663
57.508,2.4414061660018852e-06,0.9590897040987151,8.180206539242395e-55,6,220.321,0.426362,0.0241801,13735.5,0.0,4.9896,11.3360,18.0912,29.9386,44.7128,63.3539,188.2120,197.3380,200.0000,200.0000,200.0000,200.0000,155.5480,134.4640,107.2630,74.7321,42.0707,25.3749,11.8215
57.629,6.399999779803982e-07,0.9583952895162535,9.62393119135329e-56,6,220.975,0.396741,0.0242078,13759.3,0.0,5.2274,11.5590,17.9414,28.5746,42.3421,65.9262,181.7940,190.5080,197.1120,200.0000,200.0000,200.0000,150.6080,130.1990,103.8660,73.2988,43.5841,25.8107,11.6664
57.747,1.6777215422769353e-07,0.9592601263374487,1.1322458807315234e-56,6,222.507,0.376002,0.00919407,13850.3,0.0,5.3230,11.4342,17.3310,26.7586,40.5704,164.2900,175.3140,183.6380,190.0060,196.8470,200.0000,200.0000,145.6180,125.8930,100.4380,71.4187,44.2901,26.6984,11.6686
57.849,5.49755794973306e-08,0.9597477097607552,1.9029656517454718e-57,6,223.752,0.373113,-0.00360138,13929.8,0.0,5.2802,11.0908,16.5214,25.2106,39.7785,159.6300,169.8720,177.8890,184.0580,190.6870,197.8260,200.0000,141.4080,122.2620,97.5507,69.5608,44.3871,27.5515,11.7983
57.969,0.04186053902691831,0.9599230551900233,2.2388200596220308e-58,6,225.24,0.389104,-0.0283378,14034.7,0.0,5.0259,10.1433,14.6897,22.2884,34.9320,145.6160,157.1820,165.0260,170.5340,176.4360,182.7750,189.6020,200.0000,129.6630,101.4170,70.7493,45.9028,29.0117,12.2575
58.087,0.010973489142672474,0.9599690209422335,2.633949411944724e-59,6,226.764,0.43781,-0.0570024,14134.4,0.0,4.5077,8.7682,12.6094,19.0194,29.0515,46.6002,141.0010,149.9770,155.3700,160.5040,165.9580,171.8090,180.7550,192.2290,110.4490,74.2632,47.9212,30.6394,13.0436
58.188,0.0035957929222709163,0.9599800003448511,4.426878776655498e-60,6,228.113,0.501602,-0.0671867,14210.6,0.0,3.9810,7.8428,11.4149,17.5511,27.7220,58.2524,134.6150,143.2140,148.4170,153.3260,158.5020,164.0530,172.5340,183.4030,109.7520,73.4249,47.4886,30.9574,13.5295
58.288,0.0011782694247697337,0.9592306683880009,7.440255159924894e-61,6,229.481,0.564016,-0.053634,14312.1,0.0,3.5239,7.0819,10.4739,16.5588,27.7339,89.1462,129.6360,137.5470,142.4640,147.1610,152.1340,157.4680,165.6190,176.0660,107.2490,71.8126,46.5059,30.8889,13.8801
58.407,0.000308876260086837,0.9597875158964041,8.75338579310004e-62,6,231.196,0.621765,-0.0376723,14392.7,0.0,3.1014,6.3911,9.6556,15.8876,29.7700,110.4620,123.1540,130.3930,134.9990,139.4410,144.1510,149.2020,156.9210,166.8140,104.7380,70.1053,45.3884,30.5494,14.1476
58.508,0.00010121257290525478,0.9541214603183087,1.4711815502463238e-62,6,232.59,0.65477,-0.0241225,14479.3,0.0,2.8669,6.0447,9.3244,16.0279,35.6978,107.5030,117.7410,124.4500,128.7970,133.0260,137.5210,142.3410,149.7060,159.1460,102.7570,68.6259,44.4350,30.0209,14.2343
58.608,3.316533588959388e-05,0.5367424888671033,2.4726148314989967e-63,6,233.372,0.673467,-0.0105451,14389.1,0.0,2.7474,5.9376,9.3834,17.0920,42.3790,103.4050,112.2130,118.4330,122.5280,126.5450,130.8200,135.4050,142.4110,151.3900,171.7880,67.1678,43.4897,29.3819,14.2007
58.709,1.0867617264302124e-05,0.17587977875197242,0.132703857421875,6,231.814,0.67749,0.00303143,14132.6,0.0,2.7506,6.1055,9.9275,19.4526,49.0652,98.9175,106.6620,112.4240,116.2730,120.0790,124.1360,128.4870,135.1340,143.6550,163.0110,65.7054,42.5429,28.7423,14.0489
58.828,2.8488806601332164e-06,0.04610582872115706,0.7414452594470216,6,220.371,0.663656,0.0191705,13129.1,0.0,2.9171,6.7050,11.2985,22.6206,57.3237,93.5103,100.2470,105.4980,109.0620,112.6280,116.4380,120.5230,126.7660,134.7690,152.9530,63.8901,41.3926,27.9755,13.7273
58.948,7.468169717699619e-07,0.012086366364278997,0.44310428656903905,6,207.506,0.632044,0.0348164,12475.6,0.0,3.2417,7.5879,12.8242,25.7858,66.2144,88.4267,94.3649,99.1579,102.4570,105.8110,109.4010,113.2520,119.1380,126.6850,143.8460,61.9872,40.2267,27.2153,13.3706
59.049,2.4471698530958107e-07,0.003960460530246942,0.2031033981919494,6,200.126,0.59792,0.0371529,12115.4,0.0,3.5459,8.3125,14.0722,28.4097,70.9185,84.2797,89.6742,94.1256,97.2214,100.4130,103.8290,107.4940,113.0980,120.2860,136.6400,60.4307,39.2768,26.5977,13.0819
59.149,-0.009121626076763253,0.0012977637065513178,0.034135588134120945,6,196.788,0.56395,0.0381009,11971.2,0.0,3.8494,9.0431,15.3447,31.1564,69.4371,80.2460,85.1637,89.2987,92.2058,95.2441,98.4974,101.9890,107.3280,114.1810,129.7850,58.7992,38.2976,25.9686,12.7925
59.266,-0.15539641724784328,0.00034020096909018877,0.06683858860917244,6,193.886,0.511371,0.0855939,11779.6,0.0,4.5520,12.0380,23.7335,64.3844,81.9648,90.3056,95.4318,100.4360,104.3550,108.6000,113.2150,118.2480,126.1140,136.5170,59.1871,43.9617,31.1867,22.3792,11.8544
59.367,-0.050920298003773276,0.00011147705355147303,0.15366515292665495,6,189.821,0.43263,0.143688,11486.7,0.0,5.6873,18.2219,51.5546,79.6958,97.9938,110.8360,119.2010,127.6520,160.1350,159.0500,157.8410,54.3289,49.8332,46.1575,40.5686,32.7159,24.8552,18.7843,10.7303
59.468,-0.01668556324987643,3.6528800907746685e-05,0.18699733706073252,6,185.715,0.320648,0.167337,11236.3,0.0,7.0344,24.9246,60.1739,83.5117,105.0490,120.7490,154.6290,153.0860,53.9880,47.9023,45.2393,43.1255,40.4826,37.8394,33.7282,27.7562,21.5367,16.5597,9.7225
59.568,0.09301486703790549,1.1969757481450433e-05,0.3233152473592309,6,180.005,0.192225,0.149739,10836.7,0.0,8.1634,26.7960,55.2361,75.4183,93.2368,105.8540,114.1240,123.0370,149.1010,148.0120,146.8080,43.5281,40.0863,37.2241,32.8448,26.6346,20.3506,15.4507,8.8897
59.688,0.024383289304784693,3.137800105217343e-06,0.13697017062994996,5,173.442,0.0572486,0.109646,11453.5,0.0,9.0434,25.6941,46.4799,62.8395,75.2827,83.6470,88.9432,94.1753,98.3155,102.8450,107.8200,113.3100,143.4270,141.7430,35.6010,27.6106,20.2216,14.8532,8.1302
59.807,0.00639193299151348,8.22555470782095e-07,0.016114403604442988,5,170.548,-0.0506988,0.0994498,11322.3,0.0,9.9528,27.3997,43.6704,57.5785,68.5153,75.7925,80.3683,84.8645,88.4057,92.2624,96.4790,101.1070,108.4010,137.4100,37.7159,25.9120,18.7362,13.6317,7.3606
59.907,0.002094508602659137,2.6953497666587685e-07,0.09917746402473622,5,168.658,-0.130508,0.0971753,11165.5,0.0,10.6792,28.6170,41.9025,54.3005,64.5208,71.3070,75.5676,79.7495,83.0399,86.6201,90.5303,94.8178,101.5650,133.0910,130.0390,23.9756,17.2842,12.5477,6.7544
60.008,0.000686328578919346,8.832122115387453e-08,0.6828220032963621,5,161.199,-0.205631,0.0959889,10374.4,0.0,11.3724,28.6273,40.0529,51.2518,60.8535,67.2215,71.2165,75.1355,78.2172,81.5692,85.2280,89.2375,95.5424,128.7620,125.9170,22.3605,15.8503,11.4935,6.1769
60.127,0.00017991691899223305,2.315287819816128e-08,0.3040669589682307,4,149.262,-0.288966,0.0959088,10847.8,0.0,12.1573,27.9907,37.8886,48.0089,57.0003,62.9630,66.7035,70.3728,73.2580,76.3963,79.8216,83.5751,89.4769,123.7690,121.1130,21.9724,14.1911,10.2895,5.5292
60.229,5.895517601537492e-05,7.586735127973488e-09,0.05110453379379054,4,145.197,-0.354241,0.0954301,10709.0,0.0,12.7655,27.1143,36.0077,45.3884,53.8730,59.4972,63.0243,66.4833,69.2028,72.1599,75.3871,78.9225,84.4801,92.0972,117.3610,110.1410,13.1352,9.3547,5.0236
60.349,-0.03857630729162964,1.988817093387482e-09,0.006012397296305664,4,143.149,-0.431575,0.100371,10581.8,0.0,13.2557,26.1095,34.1244,43.0212,51.2214,56.6835,60.1201,63.4986,66.1605,69.0606,72.2327,75.7159,81.2090,114.8060,112.3620,105.4680,12.5251,8.2836,4.4041
60.466,-0.05753707183512493,5.213564681289681e-10,0.0007073525295130652,3,141.418,-0.517202,0.126243,12804.8,0.0,13.6255,25.9946,33.9350,43.6225,52.8809,59.2291,63.3002,67.3623,70.6051,74.1818,78.1465,82.9101,109.1980,107.9210,105.1210,97.1060,11.5437,7.3201,3.7100
60.568,-0.09598296135754897,1.7083808747650022e-10,0.00011888473963526087,3,139.529,-0.58668,0.0978925,12666.6,0.0,13.9337,26.4106,35.0946,46.4385,57.8859,66.1041,71.5419,77.1037,105.8640,105.1490,104.3870,103.5760,102.3500,100.8010,97.3715,86.6675,10.3795,6.5610,3.2492
60.687,-0.03785552456011332,4.478417960343968e-11,1.3986670733348807e-05,3,137.36,-0.647513,0.0741402,12434.1,0.0,14.2560,27.2301,37.4178,51.7323,67.4807,100.8900,99.7397,98.6403,97.7962,96.8981,95.9402,94.9159,93.3606,91.3766,86.8326,27.4155,9.1148,5.7828,2.8199
60.788,-0.012404498287857932,1.4674879972455114e-11,2.3507397501539345e-06,3,135.624,-0.679311,0.0432917,12279.5,0.0,14.1952,27.0578,37.6481,52.9545,70.8296,95.9715,94.7578,93.6006,92.7132,91.7693,90.7632,89.6913,88.0619,85.9793,81.1474,28.4816,9.2972,5.6428,2.6341
60.888,-0.004064705998965287,4.8086646693740915e-12,3.950888298083718e-07,3,133.97,-0.692802,0.0102956,12110.6,0.0,13.9509,26.5032,37.0493,52.4559,93.7409,91.7273,90.5148,89.3631,88.4823,87.5475,86.5553,85.5011,83.9032,81.8723,77.2044,33.7006,10.5730,5.9182,2.6025
61.007,-0.0010655382893927563,1.260562591088402e-12,4.648180573812514e-08,3,132.066,-0.684581,-0.026409,11938.9,0.0,13.5203,25.7242,36.0547,51.2387,88.9120,86.9260,85.7394,84.6178,83.7636,82.8605,81.9067,80.8971,79.3754,77.4581,73.1393,40.5634,13.2229,6.8560,2.7738
61.128,-0.0002793244693345747,3.3044891987827794e-13,5.468537963284684e-09,3,130.284,-0.652102,-0.0583947,11787.7,0.0,13.0749,24.9407,35.0236,49.9093,84.1855,82.2400,81.0865,80.0019,79.1794,78.3135,77.4031,76.4435,75.0059,73.2106,69.2492,46.9992,15.7544,8.2192,3.1712
61.229,-9.152904211155343e-05,1.0828150206571412e-13,9.190971754892568e-10,3,128.906,-0.609101,-0.0767286,11666.7,0.0,12.7163,24.3135,34.2024,48.8612,80.2779,78.3690,77.2444,76.1914,75.3958,74.5615,73.6873,72.7693,71.4006,69.7038,66.0188,51.6281,17.7249,9.3022,3.6037
61.347,-0.05995885377661764,2.838534607751456e-14,1.0813086359913558e-10,3,127.271,-0.554813,-0.069136,11539.7,0.0,12.3682,23.9136,33.9249,49.0817,75.2474,73.3378,72.2203,71.1781,70.3940,69.5762,68.7218,67.8269,66.4993,64.8640,61.3513,49.5964,19.1008,10.2944,4.0683
61.448,-0.01964731720552207,9.301310202679972e-15,1.8173554245106718e-11,3,125.938,-0.517299,-0.0530027,11414.3,0.0,12.2433,24.2637,35.0902,73.7509,70.3794,68.3914,67.2315,66.1552,65.3491,64.5084,63.6300,62.7125,61.3549,59.6788,56.0714,41.9042,18.5894,10.5309,4.3314
61.548,-0.00643803290190547,3.0478533272141734e-15,3.0544292619750868e-12,3,124.651,-0.486308,-0.0459397,11297.4,0.0,12.0702,24.1908,35.3025,69.5519,66.1601,64.1811,63.0344,61.9759,61.1850,60.3622,59.5064,58.6154,57.3012,55.6882,52.2550,40.4698,18.9354,10.9372,4.5737
61.668,-0.005408513373550778,7.989764626092323e-16,3.59350548242107e-13,3,123.149,-0.454151,-0.0426667,11164.2,0.0,11.8444,23.8645,34.9774,64.8331,61.5004,59.5830,58.4828,57.4726,56.7212,55.9429,55.1376,54.3034,53.0806,51.5944,48.4958,39.7484,19.7294,11.4939,4.8426
61.787,-0.0014178093297960953,2.094468858142346e-16,0.20931445312504227,3,120.953,-0.425138,-0.0401543,10849.9,0.0,11.6350,23.5390,34.7065,60.1881,56.9376,55.0951,54.0479,53.0916,52.3838,51.6543,50.9033,50.1291,49.0019,47.6453,44.8734,37.8197,20.4725,12.0034,5.0861
61.908,-0.0003716702089500676,5.490524443488671e-17,0.7432348237635548,3,112.058,-0.398767,-0.0387815,9240.69,0.0,11.4342,23.1851,60.0943,55.7816,52.6352,50.8787,49.8894,48.9911,48.3294,47.6510,46.9558,46.2427,45.2116,43.9820,41.5157,35.6671,21.2411,12.4969,5.3116
62.028,-9.743111525500652e-05,1.4393080397138943e-17,0.7409148388773941,2,101.199,-0.375151,-0.0384658,9794.27,0.0,11.2444,22.8122,56.0601,51.7967,48.7658,47.0986,46.1671,45.3261,44.7095,44.0802,43.4380,42.7825,41.8405,40.7265,38.5265,33.5643,22.0351,12.9742,5.5183
62.148,-2.554098227740843e-05,3.773059667627591e-18,0.31151397245965295,2,90.752,-0.354024,-0.0386756,9370.61,0.0,11.0695,22.4496,52.4148,48.2221,45.3084,43.7276,42.8510,42.0636,41.4888,40.9044,40.3105,39.7067,38.8439,37.8311,35.8557,31.5598,22.7860,13.4222,5.7062
62.249,-8.369269072661193e-06,1.236356191888209e-18,0.05235615335129387,2,84.3007,-0.338299,-0.0370505,9606.75,0.0,10.9575,22.3837,49.5507,45.4107,42.5819,41.0646,40.2278,39.4791,38.9345,38.3825,37.8233,37.2565,36.4498,35.5079,33.6872,29.8188,22.5696,13.6753,5.8349
62.368,-2.193953671783696e-06,3.241033575663426e-19,0.0061596490856263755,2,81.8858,-0.321178,-0.0361083,9345.96,0.0,10.8268,23.5827,46.2980,42.2435,39.5255,38.0866,37.2983,36.5960,36.0874,35.5737,35.0549,34.5311,33.7888,32.9276,31.2784,27.8568,21.8559,13.9856,5.9798
62.488,0.0758365951468262,8.49617505658713e-20,0.0007246765552748576,2,80.8967,-0.302515,-0.0475405,9243.54,0.0,10.5622,48.1177,43.5963,39.7129,37.1571,35.8181,35.0892,34.4429,33.9764,33.5059,33.0321,32.5553,31.8827,31.1067,29.6314,26.6271,21.5684,14.9281,6.2210
62.607,0.10395959388041588,2.2272213140339767e-20,8.525747205153172e-05,2,79.9727,-0.274325,-0.0773347,9138.58,0.0,10.0655,45.9289,41.6550,38.0246,35.6748,34.4523,33.7890,33.2033,32.7819,32.3581,31.9317,31.5030,30.8989,30.2045,28.8939,26.2489,21.8862,16.2878,6.6948
62.709,0.11693465730975008,7.298158801826533e-21,1.4329223327700938e-05,2,79.228,-0.240133,-0.107278,9047.17,0.0,9.5548,44.2483,40.2076,36.7922,34.6046,33.4756,32.8643,32.3243,31.9363,31.5468,31.1557,30.7633,30.2118,29.5785,28.3839,25.9913,22.0780,17.0850,7.2676
62.809,0.12797696249456555,2.3914606761825187e-21,2.4083125646866965e-06,2,78.4978,-0.194979,-0.139674,8973.42,0.0,8.9773,42.6216,38.8140,35.6087,33.5688,32.5235,31.9597,31.4630,31.1064,30.7483,30.3888,30.0279,29.5217,28.9419,27.8524,25.6744,22.1357,17.6303,8.0264
62.928,0.14102458818926053,6.269070674971901e-22,2.833355649228252e-07,2,77.656,-0.125057,-0.183027,8875.71,0.0,8.1933,40.7634,37.2434,34.2892,32.4102,31.4545,30.9410,30.4899,30.1666,29.8426,29.5179,29.1926,28.7362,28.2136,27.2316,25.2796,22.1180,18.0888,9.0501
63.048,0.20200754389569214,1.643399263019834e-22,3.3334145877605466e-08,2,76.8196,-0.0365928,-0.231784,8772.25,0.0,7.4017,38.9926,35.7771,33.0701,31.3447,30.4677,29.9980,29.5862,29.2916,28.9969,28.7019,28.4068,27.9935,27.5212,26.6368,24.8780,22.0365,18.4022,9.9072
63.148,0.25276154947977747,5.385090705063392e-23,5.6024698976491514e-09,2,76.1065,0.0542297,-0.280759,8700.09,0.0,6.7187,37.7466,34.8490,32.3772,30.7945,29.9839,29.5473,29.1646,28.8911,28.6176,28.3442,28.0709,27.6884,27.2519,26.4359,24.8185,22.1974,18.8201,10.6284
63.269,0.2766733138382904,1.411669217788138e-23,6.59124980988525e-10,2,75.2669,0.1696,-0.281864,8582.27,0.0,5.8750,36.4202,33.9728,31.8162,30.4097,29.6843,29.2940,28.9507,28.7046,28.4577,28.2101,27.9620,27.6135,27.2140,26.4662,24.9868,22.5938,19.4732,11.5322
63.369,0.2830947692041072,4.62575769284817e-24,1.1077913555474142e-10,2,74.5636,0.261955,-0.274534,8510.72,0.0,5.2345,11.4879,32.9696,31.0486,29.7868,29.1324,28.7774,28.4634,28.2379,28.0119,27.7855,27.5587,27.2405,26.8761,26.1914,24.8209,22.5987,19.7047,12.1190
63.487,0.2862513444790399,1.2126146246339907e-24,1.3033054518879775e-11,2,73.7797,0.368216,-0.278404,8422.89,0.0,4.4563,8.8221,31.8997,30.3035,29.2239,28.6555,28.3477,28.0759,27.8803,27.6836,27.4858,27.2870,27.0069,26.6843,26.0732,24.8431,22.8145,20.1288,12.8758
63.588,0.25708760015533516,3.973495602000661e-25,2.1904654729881237e-12,2,73.157,0.454161,-0.272695,8326.29,0.0,3.8533,7.3737,30.8703,29.4033,28.4723,27.9798,27.7100,27.4699,27.2962,27.1206,26.9439,26.7664,26.5165,26.2292,25.6858,24.5832,22.7313,20.2403,13.3586
63.707,0.21700965418845614,1.0416280310908613e-25,2.5770607243157984e-13,2,72.5173,0.551418,-0.250863,8267.81,0.0,3.2032,6.1372,29.6239,28.0258,27.2134,26.7945,26.5657,26.3626,26.2157,26.0675,25.9180,25.7671,25.5536,25.3065,24.8346,23.8715,22.2522,20.0275,13.7002
63.810,0.20642785370228287,3.413206732278534e-26,4.3312659593575625e-14,2,72.0856,0.62571,-0.222183,8238.34,0.0,2.7219,5.3567,28.5849,26.8441,25.9887,25.6061,25.4045,25.2258,25.0968,24.9669,24.8359,24.7038,24.5174,24.3019,23.8916,23.0480,21.6066,19.6199,13.8133
63.910,0.19590029866358785,1.11843958203303e-26,7.279558697892257e-15,2,71.7214,0.690757,-0.181144,8200.36,0.0,2.3129,4.8456,27.4956,25.6360,24.7223,24.3138,24.1082,23.9348,23.8147,23.6975,23.5818,23.4654,23.3013,23.1120,22.7528,22.0186,20.7585,19.0052,13.7724
64.031,0.1831786624547668,2.9319222579246664e-27,8.564328012483263e-16,2,71.3347,0.751003,-0.117103,8169.85,0.0,1.9586,4.8201,26.1676,24.1829,23.2106,22.7761,22.5571,22.3725,22.2445,22.1196,21.9978,21.8790,21.7175,21.5398,21.2244,20.6002,19.5433,18.0574,13.5569
64.132,0.19721343292849924,9.607322854767548e-28,1.439406609058062e-16,2,71.0255,0.781705,-0.0513042,8130.83,0.0,1.8291,29.1609,25.0277,22.9551,21.9440,21.4926,21.2653,21.0736,20.9407,20.8110,20.6845,20.5610,20.3933,20.2085,19.8813,19.2961,18.3822,17.1164,13.2269
64.249,0.28655090089094276,2.5185020424401844e-28,1.6934474814907193e-17,2,70.5079,0.79319,0.0184419,8073.84,0.0,1.8722,56.9365,24.1768,21.8869,20.7810,20.2890,20.0416,19.8331,19.6887,19.5477,19.4103,19.2762,19.0940,18.8934,18.5380,17.9014,17.0312,15.9883,12.7807
64.369,0.3008777572811402,6.602101994134399e-29,1.9923240274990163e-18,2,69.9263,0.781081,0.0820805,8009.39,0.0,2.2116,51.0682,23.8809,21.2370,19.9820,19.4277,19.1497,18.9159,18.7541,18.5964,18.4428,18.2930,18.0897,17.8660,17.4702,16.7621,15.7924,14.7852,12.2072
64.492,0.28554356234485234,1.730701425150368e-29,2.3439492951123175e-19,2,69.373,0.737974,0.17197,7948.35,0.0,3.7181,45.5337,51.6165,20.8089,19.3699,18.7409,18.4269,18.1635,17.9816,17.8046,17.6324,17.4648,17.2376,16.9882,16.5480,15.7637,14.6934,13.5778,11.4366
64.611,0.2569045743669647,4.53692994394618e-30,2.7576329062066916e-20,2,68.898,0.650571,0.309162,7883.49,0.0,12.3845,40.6402,46.3412,20.8134,18.8095,18.1007,17.7489,17.4549,17.2523,17.0557,16.8647,16.6793,16.4284,16.1538,15.6708,14.8156,13.6576,12.4554,10.4282
64.730,0.21499082350839518,1.1893289632258272e-30,3.2443275378231112e-21,2,68.4424,0.505665,0.488362,7755.78,0.0,14.6690,36.1546,41.4117,45.1930,19.0718,17.7083,17.2352,16.8907,16.6630,16.4426,16.2292,16.0224,15.7436,15.4394,14.9073,13.9731,12.7228,11.4378,9.2593
64.831,0.17964175506514207,3.8971931466983902e-31,5.452741292819302e-22,2,68.0051,0.346076,0.533282,7798.61,0.0,15.2916,32.9748,37.8267,41.3631,43.5192,44.6071,17.7132,16.8355,16.3901,16.0300,15.7247,15.4585,15.1344,14.8072,14.2393,13.2505,11.9422,10.6126,8.3401
64.932,0.17283067180190687,1.2770322503101284e-31,9.1644222908414e-23,2,67.652,0.193903,0.499047,7747.56,0.0,15.7100,30.6067,35.0517,38.3441,40.3682,41.3952,41.9466,42.4313,42.7790,16.2309,15.4976,14.9813,14.4382,13.9656,13.3008,12.3077,11.0090,9.7016,7.4675
65.034,0.1775121439580625,4.184579277816228e-32,1.5402644544217146e-23,2,67.3512,0.0436172,0.458072,7709.72,0.0,15.5524,28.0700,32.0714,35.0879,36.9624,37.9171,38.4317,38.8849,39.2104,39.5371,39.8651,40.1943,40.6578,14.3664,12.8120,11.4300,10.1153,8.8177,6.6128
65.151,0.1883537084092326,1.3712029377548217e-32,2.588722468546576e-24,2,67.0984,-0.0992788,0.412117,7674.76,0.0,15.0847,25.4924,29.0284,31.7439,33.4496,34.3250,34.7976,35.2144,35.5140,35.8153,36.1184,36.4233,36.8530,37.3479,38.2867,11.1963,9.2827,7.9823,5.8040
65.259,0.20154231445376,4.4931577864349994e-33,4.350865852886231e-25,2,66.9,-0.227627,0.365246,7629.16,0.0,14.4560,23.0494,26.1259,28.5343,30.0664,30.8562,31.2845,31.6633,31.9362,32.2109,32.4874,32.7657,33.1582,33.6113,34.4746,36.2524,8.9759,7.2206,5.0757
65.372,0.21672454348465728,1.4723179434590207e-33,7.312500238945887e-26,2,66.715,-0.339663,0.307752,7633.97,0.0,13.5878,20.5271,23.1332,25.2149,26.5543,27.2512,27.6301,27.9657,28.2077,28.4516,28.6975,28.9456,29.2965,29.7025,30.4782,32.0844,34.9329,7.0823,4.4613
65.482,0.127416166003615,4.824491437126519e-34,1.2290119151596354e-26,2,66.5882,-0.432471,0.25558,7624.8,0.0,12.7019,18.2637,20.4442,22.2173,23.3743,23.9791,24.3096,24.6032,24.8154,25.0298,25.2463,25.4648,25.7743,26.1330,26.8201,28.2556,30.8287,34.8294,3.9553
65.584,-0.278643787638288,0.00263525390625,2.0656003258087993e-27,2,66.5961,-0.514952,0.215514,7629.99,0.0,12.0877,16.7571,18.6546,20.2222,21.2562,21.8000,22.0979,22.3632,22.5553,22.7496,22.9462,23.1449,23.4268,23.7543,24.3834,25.7049,28.1002,31.8822,3.7480
65.699,-0.4955278936213093,0.013518762187499998,3.4716544675868495e-28,2,66.4688,-0.568529,0.107819,7401.46,0.0,11.9493,16.4028,18.2589,19.8096,20.8401,21.3852,21.6842,21.9506,22.1436,22.3389,22.5365,22.7367,23.0210,23.3521,23.9900,25.3340,27.7881,31.7005,3.6402
65.811,-0.3515743474663638,0.007634296743599998,5.834809663673219e-29,2,65.856,-0.589399,0.142554,7150.27,0.0,12.5181,17.7204,19.9178,21.7615,22.9895,23.6392,23.9962,24.3145,24.5453,24.7790,25.0156,25.2551,25.5952,25.9908,26.7534,28.3632,31.3027,36.5063,3.2768
65.918,-0.3601404316445076,0.0025016063569428476,9.806564601735581e-30,2,64.5168,-0.599696,0.149053,7379.5,0.0,12.8310,18.5708,21.0317,23.1085,24.4954,25.2314,25.6358,25.9966,26.2582,26.5231,26.7913,27.0627,27.4486,27.8981,28.7653,30.6096,34.4285,42.3593,3.1385
66.022,-0.31718762977286796,0.0008197263710430323,1.6481893126136994e-30,2,63.7688,-0.615255,0.128369,7275.84,0.0,12.9402,18.9205,21.5241,23.7353,25.2185,26.0070,26.4409,26.8282,27.1092,27.3939,27.6822,27.9743,28.3952,28.8974,29.9047,32.2160,37.2355,48.3980,3.0439
66.138,-0.15328858311790305,0.00026860793726338086,2.770111777709845e-31,2,63.4213,-0.634353,0.110207,7259.75,0.0,13.0377,19.1932,21.9107,24.2325,25.7965,26.6402,27.1205,27.5596,27.8847,28.2197,28.5650,28.9211,29.4387,30.0590,31.3124,34.2371,40.8378,9.2018,2.9279
66.247,-0.05022960291607448,8.801744888246464e-05,4.655726864796936e-32,2,63.4805,-0.653936,0.0531651,7278.79,0.0,12.8001,18.6457,21.2684,23.5273,25.0840,25.9658,26.4696,26.9311,27.2733,27.6264,27.9908,28.3673,28.9154,29.5739,30.9098,34.0554,41.3076,59.8962,2.9197
66.355,-0.05923587454838147,0.027661361088899807,7.824880141664212e-33,2,63.6545,-0.659484,-0.0186875,7314.09,0.0,12.3746,17.7194,20.1568,22.2748,23.7872,24.6497,25.1430,25.5953,25.9308,26.2773,26.6352,27.0051,27.5442,28.1925,29.5103,32.6262,39.8817,58.9112,3.1032
66.464,-0.07557843797762301,0.18881549667661068,1.3151276054095045e-33,2,64.3648,-0.644465,-0.0836971,7464.38,0.0,11.8795,16.7412,18.9951,20.9857,22.4519,23.2898,23.7695,24.2098,24.5366,24.8744,25.2235,25.5845,26.1110,26.7450,28.0359,31.1011,38.3094,57.6549,3.5351
66.573,-0.256483475356718,0.3284819584353668,2.210334966411754e-34,2,65.9182,-0.612722,-0.125651,7724.52,0.0,11.4431,16.0130,18.1654,20.1595,21.6669,22.5328,23.0302,23.4876,23.8278,24.1798,24.5444,24.9220,25.4739,26.1403,27.5036,30.7761,38.6747,60.4326,4.1184
66.684,-0.24517582836163931,0.433262493530726,3.7149099780482354e-35,2,68.1413,-0.572701,-0.14395,8109.1,0.0,11.1044,15.5859,17.7887,19.9775,21.6570,22.6318,23.1952,23.7156,24.1041,24.5074,24.9264,25.3619,26.0012,26.7775,28.3811,32.3169,42.3566,68.1670,4.6955
66.795,-0.20758621170269625,0.49579871364577327,6.24364920010567e-36,2,71.0051,-0.523843,-0.162533,8490.78,0.0,10.6969,15.0634,17.4142,19.8056,21.6720,22.7685,23.4068,23.9993,24.4435,24.9064,25.3891,25.8929,26.6363,27.5451,29.4442,34.2331,47.3450,75.1053,5.4401
66.905,-0.19504174694215554,0.534493410378072,1.04937012106176e-36,2,74.2908,-0.464434,-0.18146,8930.92,0.0,10.2162,14.5367,17.0487,19.6575,21.7341,22.9715,23.6977,24.3759,24.8870,25.4219,25.9823,26.5700,27.4427,28.5183,30.7975,36.7445,53.5989,81.3558,6.4013
67.015,-0.17562354524382973,0.5665005936814367,1.7636763624685007e-37,2,77.8559,-0.394006,-0.199489,9515.8,0.0,9.6714,14.0630,16.7612,19.6348,21.9777,23.3982,24.2407,25.0334,25.6345,26.2673,26.9342,27.6380,28.6912,30.0034,32.8362,40.5799,59.8713,87.8865,7.5487
67.123,-0.16301063282269343,0.5968856274281581,2.96421086240081e-38,2,81.754,-0.311658,-0.217523,9990.55,0.0,9.0620,13.6336,16.5423,19.7335,22.4116,24.0702,25.0667,26.0132,26.7368,27.5039,28.3186,29.1853,30.4958,32.1516,35.8165,46.1527,65.7537,102.1400,8.5049
67.232,-0.15194751521973957,0.6186240390362838,4.9819491964370426e-39,2,85.7509,-0.217241,-0.231061,10447.2,0.0,8.5070,13.3375,16.5364,20.1827,23.3613,25.3872,26.6263,27.8188,28.7408,29.7284,30.7887,31.9300,33.6823,35.9431,41.1017,52.5215,71.9350,150.1380,9.1690
67.343,-0.1449305930504943,0.6370758618301595,8.373162014451739e-40,2,89.9492,-0.118616,-0.201052,10705.4,0.0,8.0469,13.2164,16.8187,21.1308,25.0843,27.7055,29.3495,30.9621,32.2300,33.6088,35.1136,36.7624,39.2424,42.1294,47.6536,58.9792,78.2768,41.3169,9.5863
67.453,-0.14361042419547443,0.6494678465295067,1.407277339768904e-40,2,93.6783,-0.0320109,-0.166812,11858.7,0.0,7.6004,12.9530,16.8520,21.7281,26.4140,29.6419,31.7182,33.7949,35.4263,37.0945,38.7900,40.5102,42.9556,45.7965,51.2296,62.3707,83.9471,35.4431,10.0157
67.563,-0.14006861457371095,0.6621058270757888,2.3652110249495976e-41,2,97.6458,0.0417397,-0.106891,12511.6,0.0,7.3853,13.5416,18.4825,25.3211,32.6683,37.3350,39.9376,42.2699,43.9636,45.6783,47.4120,49.1629,51.6400,54.5031,59.9450,71.0264,140.6130,28.0497,9.9588
67.674,-0.084530269468414,0.6819516479630695,3.97521016963279e-42,2,101.854,0.0956479,-0.0472949,12801.0,0.0,7.3351,14.6689,21.3691,31.8604,40.7711,45.6208,48.2898,50.6648,52.3813,54.1133,55.8588,57.6167,60.0965,62.9535,68.3931,148.6780,110.8950,23.4361,9.7697
67.783,-0.0784378294962931,0.7004263085826636,6.681135732101832e-43,2,105.887,0.127129,-0.00437528,13783.7,0.0,7.3744,15.8847,24.6818,36.8585,45.8351,50.6601,53.3049,55.6540,57.3495,59.0585,60.7797,62.5121,64.9720,68.1929,77.0952,131.8410,35.5089,21.0398,9.6061
67.894,-0.04268353880881531,0.7100293959213672,1.1228984824943548e-43,2,110.186,0.136583,0.0482947,14364.9,0.0,7.7074,18.5320,30.3751,43.3203,52.4600,57.3026,59.9432,62.3418,64.2783,66.4870,69.0805,72.2889,79.5133,138.7060,129.7910,106.1360,27.1920,18.3896,9.2103
68.004,-0.013986541996872603,0.7193607000336386,1.8872554795282626e-44,2,114.649,0.122057,0.086888,14875.8,0.0,8.1913,21.5857,34.2937,47.2806,56.2989,61.4981,65.1922,69.5463,74.2773,137.2450,134.6730,131.9550,127.8380,122.5140,110.3950,91.2087,23.3619,16.5662,8.7912
68.115,-0.07332577495338483,0.7337469618432726,3.1719102844431506e-45,3,116.671,0.0826065,0.109003,11194.8,0.0,8.7931,23.5522,35.9468,48.3994,57.3874,64.4001,71.1590,132.5320,129.9730,127.2660,124.3810,121.2680,116.3780,109.9380,99.3411,81.5529,21.2371,15.2303,8.3295
68.222,-0.09429066239261577,0.7491647005505535,5.331029615063604e-46,3,120.284,0.0170079,0.143969,11623.7,0.0,9.8572,26.4732,39.1264,51.4992,65.4073,126.2620,121.9700,117.8210,114.5420,110.8800,106.9410,103.2630,98.5296,93.6417,85.7137,27.5821,18.1467,13.3390,7.6157
68.333,-0.0828932611592928,0.7651779355607804,8.959861474037399e-47,3,124.038,-0.0725222,0.175937,12004.4,0.0,11.2100,29.0204,41.7056,56.0056,120.4490,111.7990,106.1250,100.9480,97.5577,94.3945,91.4367,88.6652,85.0664,81.2830,72.5430,21.9775,15.4389,11.5338,6.7868
68.444,-0.08456231821789581,0.7750586817058066,1.505883917941466e-47,3,127.733,-0.184115,0.213623,12495.4,0.0,12.7129,31.8525,44.8276,120.0960,102.8750,92.6082,87.9491,84.2537,81.8060,79.5023,77.2949,74.9040,71.0445,65.5624,23.8226,17.1828,12.6866,9.6560,5.8212
68.553,-0.09151660814550727,0.7791637796026087,2.530939100884222e-48,3,131.638,-0.321846,0.242749,12717.0,0.0,14.1785,34.2379,49.8978,104.7260,85.4270,77.9444,74.4855,71.4363,68.9762,66.2220,63.0829,59.3842,25.5607,21.0901,17.2754,13.4238,10.1943,7.8559,4.7841
68.664,-0.0686181785415495,0.7805089380814328,4.2537493468561114e-49,3,135.274,-0.470201,0.247007,13284.6,0.0,15.7324,36.9795,113.1330,84.3932,70.2378,63.5138,58.9570,54.0108,49.3931,20.3365,18.2280,16.7749,15.2644,13.9584,12.1736,9.8895,7.7096,6.0257,3.7220
68.773,0.08841563354850503,0.7709432840648989,7.149276527261069e-50,3,139.366,-0.617415,0.206679,13305.9,0.0,16.3299,36.2051,108.0800,79.6429,66.1118,59.8102,55.6512,51.2947,47.5024,18.7331,15.9857,14.4043,12.8739,11.6097,9.9461,7.9006,6.0226,4.6178,2.7544
68.882,0.028972034801174128,0.753831423838011,1.2015789059367677e-50,3,143.147,-0.741938,0.14145,13572.2,0.0,16.2466,33.4119,108.4080,82.2806,66.8542,61.1667,58.1097,55.0997,52.7149,50.0865,47.1436,43.7466,14.9480,11.7239,9.1223,6.6708,4.7719,3.4957,1.9439
68.993,0.00949355636364874,0.7504287876038644,2.019493667207926e-51,3,146.783,-0.832116,0.0927846,13889.3,0.0,16.2081,32.5011,104.0810,78.5751,63.3279,57.7795,55.0342,52.3814,50.3204,48.0971,45.6811,43.0306,38.7662,13.0448,7.9746,5.2970,3.5620,2.5041,1.3131
69.103,0.0070999954979708915,0.7542861594189093,3.394163006476362e-52,3,150.382,-0.888218,0.0491883,14223.6,0.0,16.0063,32.5777,98.0359,72.2961,58.1295,52.9905,50.4250,47.9738,46.0963,44.0967,41.9648,39.6821,36.1720,31.5288,8.2195,4.4489,2.7487,1.8405,0.9074
69.213,0.08429818300947509,0.7555968246558883,5.7045697649848235e-53,3,153.848,-0.904629,-0.021776,14599.8,0.0,15.1897,30.3243,97.5672,75.0679,58.6782,52.8902,50.2600,48.1715,46.7134,45.1857,43.5788,41.8987,39.4058,36.3505,29.9480,11.9225,3.3296,1.9273,0.8298
69.324,0.027622828608544796,0.7527887057844914,9.587670404009994e-54,3,157.341,-0.867363,-0.092471,14865.3,0.0,14.2123,28.4371,96.3822,76.2813,59.4979,52.9077,49.9695,47.6610,46.1427,44.7213,43.3882,42.0724,40.1498,37.8331,33.1785,23.0378,9.1737,3.5955,1.2525
69.433,0.009051448478447958,0.48795463904896214,1.6113997648019598e-54,3,160.234,-0.777349,-0.143985,14856.0,0.0,13.4975,29.0906,90.9731,71.2686,55.0075,48.6973,45.9016,43.7127,42.2766,40.9347,39.6785,38.4996,36.8693,34.9396,31.1701,23.4861,13.2248,6.7360,2.2411
69.544,0.1723269199983553,0.1598929761235639,2.7082795847026536e-55,3,160.323,-0.663645,-0.143751,14629.9,0.0,12.7566,29.6655,88.1164,69.7216,54.3970,47.4627,44.4527,42.1221,40.6051,39.1965,37.8850,36.6613,35.0793,33.4347,30.4144,24.3251,15.8003,9.1811,3.3296
69.653,0.08372565972106105,0.05239373041616942,0.5854267140197754,3,155.034,-0.548897,-0.179051,13632.5,0.0,11.5486,23.8996,93.8110,78.2670,67.4326,61.1994,57.4653,53.7942,51.0150,48.5018,46.2281,44.1611,41.5648,38.9544,34.8673,28.8705,21.0020,13.0775,4.6478
69.764,0.02743522417739729,0.017168377582770396,0.7645957963348252,3,142.973,-0.439626,-0.16038,12241.0,0.0,10.9115,25.2835,90.5743,75.6606,65.5403,59.9148,56.6660,53.6142,51.2655,48.7128,46.1633,43.8707,41.0237,38.1976,33.8443,27.6099,20.8972,14.1319,5.5881
69.874,0.008989974258449544,0.005625733966322203,0.15110291773608783,3,133.952,-0.352846,-0.115928,12048.3,0.0,10.6816,30.3088,83.9553,69.1481,59.1714,53.6404,50.4449,47.4358,45.1092,42.7093,40.5407,38.5846,36.1475,33.7195,29.9622,24.5445,18.9084,13.5941,6.0737
69.982,0.002945834765008747,0.0018434405060844595,0.39699019721788864,3,130.072,-0.290258,-0.0760158,11546.0,0.0,10.6374,33.6202,78.8052,64.3131,54.6971,49.4455,46.4502,43.6667,41.5487,39.3325,37.2994,35.4687,33.1924,30.9294,27.4367,22.4209,17.2687,12.9519,6.3368
70.093,0.07862621395708713,0.0006040585850337557,0.5696991733912348,3,119.858,-0.256927,-0.0309389,10459.6,0.0,10.9908,36.8983,73.6062,59.4070,50.1259,45.1283,42.3106,39.7211,37.7757,35.7544,33.8923,32.2168,30.1351,28.0675,24.8802,20.3107,15.6264,11.9228,6.3104
70.203,0.1219882083984091,0.00019793791714386105,0.09574934007186484,3,114.158,-0.244279,-0.0253027,10304.2,0.0,11.0871,31.9002,75.2515,61.8508,53.3427,48.9148,46.4923,44.3308,42.7590,41.1602,39.5307,37.8649,35.4572,32.5722,27.9635,21.8324,16.0645,11.8414,6.3520
70.313,0.039973096127990694,0.0057118329529397,0.016092591585878325,3,112.602,-0.240167,-0.00422985,10212.6,0.0,11.1793,28.9854,75.5596,62.7364,54.7376,50.6447,48.4334,46.4811,45.0756,43.6604,42.2347,40.7980,38.7655,36.4083,31.8622,23.7847,16.6919,11.8871,6.2317
70.423,0.013098384139219993,0.05897233506264428,0.0027046818678385705,3,111.892,-0.255853,0.0496728,10189.1,0.0,11.4240,28.7801,72.5804,60.1301,52.4777,48.6092,46.5358,44.7165,43.4141,42.1095,40.8028,39.4941,37.6591,35.5580,31.6098,23.9169,16.4472,11.5505,5.9450
70.534,0.004292078514739607,0.07999211725332728,0.0004545758815276286,3,111.459,-0.291986,0.0616366,10164.7,0.0,11.7062,30.4303,68.4264,56.3186,48.9948,45.3387,43.3947,41.6989,40.4914,39.2876,38.0879,36.8930,35.2297,33.3444,29.8662,23.2351,15.8648,11.0861,5.6692
70.643,0.0014064282877098743,0.08441328182532028,7.640056840834855e-05,3,111.129,-0.326844,0.0606434,10135.1,0.0,12.0085,80.0153,63.7779,52.0277,45.0474,41.6108,39.7991,38.2286,37.1165,36.0130,34.9190,33.8352,32.3369,30.6546,27.5993,21.9771,15.1378,10.5656,5.3949
70.753,0.0004608584213167716,0.06982008911039594,1.2840643532391137e-05,3,110.74,-0.360939,0.0599515,10094.0,0.0,12.3075,75.0446,59.0267,47.6648,41.0498,37.8423,36.1670,34.7243,33.7083,32.7051,31.7156,30.7406,29.4013,27.9104,25.2397,20.4552,14.4071,10.0472,5.1248
70.863,0.07851676350015724,0.024420646799694544,2.158126958488979e-06,3,110.125,-0.392449,0.0479862,10006.0,0.0,12.4257,71.4507,55.6763,44.6808,38.3897,35.3776,33.8159,32.4776,31.5391,30.6159,29.7086,28.8178,27.5997,26.2511,23.8556,19.6231,14.2587,9.8376,4.9247
70.973,0.13266147474067605,0.008002157543323906,3.6271639791324267e-07,3,109.275,-0.410568,0.0086829,9918.93,0.0,12.0744,71.3433,55.7774,44.9890,38.8449,35.9108,34.3912,33.0901,32.1780,31.2808,30.3993,29.5340,28.3508,27.0407,24.7114,20.5805,15.2728,10.5742,4.9586
71.083,0.16122637396794934,0.0026221469837963774,6.096174499727871e-08,3,108.343,-0.406149,-0.0419334,9823.92,0.0,11.5116,72.6769,57.2844,46.6153,40.5315,37.6210,36.1116,34.8178,33.9099,33.0160,32.1368,31.2728,30.0898,28.7770,26.4342,22.2431,16.7538,11.7491,5.2643
71.193,0.18240056968609264,0.0008592251236503969,1.0245840481692635e-08,3,107.321,-0.375187,-0.108412,9720.49,0.0,10.7794,76.0070,60.7699,50.1313,44.0167,41.0726,39.5396,38.2216,37.2943,36.3795,35.4774,34.5888,33.3681,32.0080,29.5642,25.1272,19.1501,13.4995,5.9286
71.303,0.20358480996687556,0.00028155088851776206,1.7220184097580813e-09,3,106.222,-0.312027,-0.164752,9621.27,0.0,9.9913,23.3845,64.6504,54.0624,47.9287,44.9571,43.4037,42.0644,41.1200,40.1862,39.2635,38.3524,37.0971,35.6929,33.1538,28.4777,21.9991,15.6272,6.7641
71.413,0.20003033402789305,9.225859514950026e-05,2.894196341280407e-10,3,105.078,-0.231005,-0.199285,9513.69,0.0,9.0954,18.3727,69.6247,59.1074,52.9538,49.9512,48.3750,47.0120,46.0482,45.0930,44.1470,43.2105,41.9162,40.4622,37.8146,32.8641,25.7891,18.4991,7.8471
71.524,0.11927624867402561,3.023129645858825e-05,4.86427579078998e-11,3,103.994,-0.135506,-0.227642,9420.31,0.0,8.1973,15.2206,27.3804,63.4340,57.3208,54.3226,52.7442,51.3763,50.4076,49.4460,48.4920,47.5460,46.2357,44.7598,42.0593,36.9551,29.4888,21.4828,9.0830
71.632,0.03908444116550471,0.07132740619122355,8.17538832158072e-12,3,103.304,-0.0297407,-0.223808,9420.05,0.0,7.4390,13.6418,21.9528,63.9736,57.9978,55.0706,53.5302,52.1956,51.2505,50.3127,49.3825,48.4603,47.1832,45.7446,43.1128,38.1363,30.8311,22.8979,10.0629
71.743,0.012807189681112585,0.22168520899199012,1.374037515208072e-12,3,103.584,0.0741679,-0.191472,9536.49,0.0,6.8353,13.0463,23.1370,61.2748,55.5146,52.7106,51.2399,49.9686,49.0700,48.1796,47.2976,46.4246,45.2180,43.8622,41.3905,36.7479,30.0007,22.7206,10.6332
71.854,0.004196659914706972,0.3268911061574953,2.309344851810208e-13,3,104.641,0.163607,-0.150257,9696.44,0.0,6.3666,12.9707,67.2420,57.6541,52.1465,49.4868,48.0977,46.9004,46.0560,45.2209,44.3954,43.5799,42.4552,41.1953,38.9084,34.6485,28.5334,21.9969,10.9377
71.964,0.04952238821229649,0.37795050969693805,3.881315892437417e-14,3,106.129,0.233723,-0.112348,9865.92,0.0,6.0142,13.1774,63.6895,54.4133,49.1493,46.6261,45.3135,44.1850,43.3908,42.6067,41.8331,41.0700,40.0198,38.8462,36.7244,32.7989,27.2178,21.2906,11.1074
72.074,0.06465691109050102,0.40003950270499267,6.523327620419568e-15,3,107.788,0.287476,-0.0848005,10032.1,0.0,5.7249,13.3105,61.2591,52.2353,47.1605,44.7412,43.4861,42.4089,41.6519,40.9054,40.1696,39.4447,38.4485,37.3369,35.3321,31.6388,26.4159,20.8823,11.2562
72.185,0.07585179229624474,0.406675280183872,1.096375673163917e-15,3,109.489,0.327021,-0.0597518,10193.5,0.0,5.5316,13.7477,59.0469,50.2534,45.3493,43.0227,41.8189,40.7874,40.0634,39.3502,38.6479,37.9567,37.0078,35.9508,34.0480,30.5555,25.6392,20.4417,11.3164
72.294,0.10947570064153114,0.4099339104981512,1.8426785938865955e-16,3,111.162,0.354487,-0.0418895,10356.9,0.0,5.3959,14.1696,57.5318,48.9056,44.1235,41.8627,40.6950,39.6956,38.9947,38.3047,37.6258,36.9581,36.0423,35.0228,33.1902,29.8339,25.1229,20.1476,11.3564
72.403,0.11626107604934387,0.41105590941703424,3.0969899127452016e-17,3,112.801,0.373229,-0.0301479,10506.5,0.0,5.2987,14.4754,56.5929,48.0746,43.3712,41.1526,40.0079,39.0289,38.3427,37.6675,37.0035,36.3507,35.4558,34.4602,32.6718,29.4008,24.8163,19.9768,11.3899
72.512,0.11483431448881735,0.40890878086652377,5.2051109463508596e-18,3,114.402,0.384836,-0.0188649,10653.9,0.0,5.2603,15.0941,55.6415,47.2206,42.5893,40.4095,39.2862,38.3262,37.6537,36.9924,36.3422,35.7033,34.8277,33.8544,32.1078,28.9179,24.4542,19.7471,11.3724
72.623,0.11071878534218942,0.4041499304862175,8.74822996753189e-19,3,115.954,0.389451,-0.00656921,10787.4,0.0,5.2894,16.3692,54.5368,46.2159,41.6600,39.5216,38.4209,37.4810,36.8230,36.1764,35.5409,34.9169,34.0623,33.1129,31.4109,28.3085,23.9778,19.4178,11.2931
72.732,0.14963265199485892,0.3993303648467237,1.4703150106430846e-19,3,117.424,0.387058,0.00327175,10921.3,0.0,5.3688,18.3083,53.6160,45.3663,40.8667,38.7592,37.6758,36.7513,36.1045,35.4690,34.8450,34.2323,33.3938,32.4629,30.7959,27.7622,23.5375,19.0974,11.1850
72.845,0.17369422327849568,0.3955751227810994,2.4711584383878323e-20,3,118.777,0.380684,0.00335615,11058.3,0.0,5.4265,18.7817,53.6228,45.3445,40.8309,38.7175,37.6312,36.7043,36.0559,35.4189,34.7933,34.1793,33.3390,32.4063,30.7362,27.6982,23.4708,19.0327,11.1361
72.953,0.18010466511965917,0.39293512068603564,4.15327598739843e-21,3,120.052,0.373667,-0.000912968,11180.4,0.0,5.4630,18.1958,54.0611,45.7099,41.1505,39.0144,37.9159,36.9786,36.3227,35.6784,35.0456,34.4243,33.5741,32.6301,30.9396,27.8641,23.5842,19.0935,11.1222
73.064,0.18937945738005993,0.33293494714327515,6.980410952020542e-22,3,121.128,0.368,-0.00615007,11232.8,0.0,5.4815,17.4731,54.6128,46.1810,41.5698,39.4073,38.2948,37.3453,36.6808,36.0279,35.3865,34.7567,33.8945,32.9372,31.2225,28.1013,23.7565,19.1990,11.1277
73.174,0.19303807007813015,0.1830985707455334,1.1731976687060927e-22,3,121.447,0.365126,-0.0127571,11141.7,0.0,5.4671,16.5612,55.3329,46.8115,42.1409,39.9477,38.8188,37.8548,37.1799,36.5166,35.8649,35.2249,34.3484,33.3750,31.6304,28.4524,24.0247,19.3789,11.1673
73.282,0.19693870578856337,0.07435159122439639,1.97179332179433e-23,3,120.902,0.366824,-0.0281232,11007.6,0.0,5.3632,14.7412,57.0179,48.3329,43.5457,41.2903,40.1275,39.1334,38.4369,37.7518,37.0783,36.4163,35.5092,34.5006,32.6905,29.3850,24.7642,19.9038,11.3281
73.393,0.203355418767432,0.02436352941241021,3.313993035939731e-24,3,119.798,0.37587,-0.053561,10858.1,0.0,5.1487,12.6063,59.8735,50.9574,45.9974,43.6474,42.4323,41.3915,40.6612,39.9421,39.2341,38.5375,37.5813,36.5165,34.6002,31.0841,26.1351,20.8977,11.6588
73.503,0.21262994704261057,0.007983441317858577,5.569828095503906e-25,3,118.472,0.395316,-0.0801995,10711.1,0.0,4.8586,10.8525,63.8907,53.8785,48.7601,46.3210,45.0559,43.9701,43.2070,42.4544,41.7125,40.9816,39.9768,38.8554,36.8314,33.0966,27.7938,22.1320,12.1078
73.614,0.22425393719619802,0.010935887097910898,9.361210080113414e-26,3,117.019,0.427561,-0.1126,10583.5,0.0,4.4628,9.1328,16.4134,58.0505,52.3009,49.7678,48.4490,47.3145,46.5156,45.7265,44.9473,44.1783,43.1190,41.9337,39.7863,35.7946,30.0594,23.8529,12.7618
73.723,0.2236050974066611,0.02611715117174344,1.5733385781646614e-26,3,115.607,0.474623,-0.14681,10468.4,0.0,3.9762,7.5478,11.3935,65.2465,57.2800,54.0357,52.4654,51.1724,50.2916,49.4444,48.6272,47.8232,46.7135,45.4685,43.2037,38.9599,32.7787,25.9739,13.6129
73.837,0.14574876154450375,0.0680139137990819,2.6443101483213463e-27,3,114.46,0.537437,-0.174767,10412.4,0.0,3.4212,6.1495,8.6292,13.7272,64.5946,60.0689,57.9206,56.1717,54.9908,53.8625,52.7835,51.7508,50.3772,48.9029,46.3823,41.9437,35.4211,28.1186,14.5652
73.950,0.10751742026400454,0.14166681294555816,4.444292066283687e-28,3,113.887,0.614836,-0.187423,10437.6,0.0,2.8179,4.9216,6.6805,9.5134,15.1787,66.9038,64.0080,61.6817,60.1262,58.6517,57.2521,55.9219,54.1668,52.3004,49.1513,43.9505,37.2373,29.7077,15.4402
74.059,0.03523130827210901,0.27943956681287546,7.469521675802995e-29,3,114.359,0.70233,-0.16996,10565.6,0.0,2.2015,3.8869,5.2865,7.4687,10.8889,69.6741,66.3146,63.6397,61.8629,60.1872,58.6043,57.1066,55.1409,53.0632,49.5863,43.9225,37.0607,29.8077,15.9067
74.169,0.03873193380065937,0.40344077483136803,1.2554025080522095e-29,3,115.735,0.785282,-0.130877,10748.7,0.0,1.6327,3.0024,4.1923,6.1543,9.6760,67.8785,64.4873,61.7957,60.0120,58.3327,56.7491,55.2532,53.2934,51.2263,47.7770,42.1847,35.4839,28.8160,15.9851
74.281,0.04594539180761256,0.47413496137799266,2.1099549952833488e-30,3,117.661,0.852234,-0.097472,10979.6,0.0,1.1525,2.1992,3.1455,4.7757,7.9322,67.9724,64.3526,61.4969,59.6128,57.8450,56.1831,54.6180,52.5746,50.4275,46.8640,41.1366,34.3540,28.0308,16.0340
74.382,0.015055385987518485,0.5137756398474657,3.546201360572725e-31,3,119.886,0.899411,-0.0586942,11171.5,0.0,0.8103,1.6284,2.4240,3.9484,75.4411,67.0185,63.2689,60.3251,58.3899,56.5791,54.8814,53.2865,51.2096,49.0344,45.4396,39.7020,32.9698,26.9078,15.8688
74.493,0.12290996910684983,0.5435479001027176,5.960100626714579e-32,3,122.162,0.923658,-0.0248726,11493.2,0.0,0.6341,1.3446,2.0995,3.8098,77.3397,67.9522,63.8372,60.6340,58.5410,56.5920,54.7727,53.0705,50.8641,48.5654,44.7937,38.8423,31.9645,25.8860,15.6207
74.604,0.08392714927028255,0.5655237231712835,1.0017141123319193e-32,3,124.562,0.933173,-0.0179694,11706.7,0.0,0.5586,1.1966,1.8834,3.4613,95.8934,80.9781,74.7940,70.1198,67.1292,64.3880,61.8663,59.5392,56.5676,53.5242,48.6434,41.2140,33.0172,26.0939,15.6100
74.717,0.027501248272886185,0.5825550108743912,1.6835809085962568e-33,3,127.108,0.930148,0.0118582,11901.5,0.0,0.6017,1.3712,2.3201,6.3316,108.5590,88.8195,80.9878,75.1977,71.5505,68.2457,65.2373,62.4876,59.0129,55.4962,49.9427,41.6877,32.8465,25.5858,15.2342
74.824,0.0258173672513445,0.5987114736195704,2.8295944330777297e-34,3,129.754,0.904538,0.0605728,12135.1,0.0,0.8684,2.2635,5.0281,200.0000,107.6600,87.2431,79.2494,73.3779,69.6960,66.3708,63.3530,60.6021,57.1360,53.6398,48.1420,40.0229,31.3962,24.3643,14.5217
74.941,0.07729193083902683,0.6169319202069109,4.7556993636737404e-35,3,132.34,0.853569,0.0852401,12391.7,0.0,1.3755,4.0414,12.2867,190.4310,139.9320,105.7330,93.5625,85.0139,79.8123,75.2160,71.1251,67.4613,62.9311,58.4555,51.6022,41.8732,32.0159,24.3209,14.0054
75.051,0.02521070674973231,0.6374625504415256,7.992903920526457e-36,3,135.02,0.781806,0.122375,12682.2,0.0,2.1479,6.5815,16.8520,178.5860,198.6650,121.3540,104.8210,93.6700,87.0622,81.3307,76.3130,71.8835,66.4893,61.2477,53.3853,42.5518,31.9493,23.9207,13.4696
75.153,0.0059283798467366575,0.6614562109505541,1.3433673619228815e-36,3,137.862,0.693381,0.124343,12897.0,0.0,2.9965,8.9398,21.6453,171.6630,192.7800,126.0230,107.4810,95.2350,88.0753,81.9227,76.5789,71.8948,66.2315,60.7717,52.6607,41.6359,31.0125,23.0747,12.8718
75.264,0.058579444408245064,0.6845170922980276,2.2577975251837868e-37,3,140.639,0.610788,0.101309,13360.7,0.0,3.6953,10.2302,21.6389,111.9370,181.7790,189.7950,135.0260,115.3890,104.5400,95.5619,88.0102,81.5704,73.9993,66.9138,56.7551,43.6082,31.6077,23.0373,12.4707
75.372,0.01500644294584999,0.7142203557260927,3.794680300576392e-38,3,143.727,0.540973,0.0845048,13623.1,0.0,4.2707,11.2598,22.1023,73.1339,171.8160,180.9480,184.9350,137.9950,122.1290,109.5420,99.3147,90.8402,81.1554,72.3530,60.1526,45.0555,31.9119,22.8737,12.0977
75.490,0.029732857654721518,0.737908319914326,6.377719181178742e-39,3,147.027,0.478929,0.0780327,13841.3,0.0,4.8111,12.4623,23.8605,70.8517,165.4870,174.8810,178.9500,182.1520,128.1370,113.8320,102.4070,93.0721,82.5485,73.1143,60.2383,44.6198,31.2969,22.2795,11.6746
75.599,0.06899016977334915,0.7537327631132763,1.0719032627807112e-39,3,150.183,0.427184,0.046457,14349.9,0.0,5.1030,12.2176,21.1812,45.4354,141.6380,159.3910,164.8770,168.9630,171.5950,174.0370,176.3190,134.0780,112.5920,95.1788,73.8145,51.0218,33.8311,23.1983,11.5846
75.702,0.022606698831331054,0.7649807065044584,1.8015478137555415e-40,3,153.59,0.393257,0.0212161,14604.9,0.0,5.2612,11.9189,19.4559,36.1209,74.9404,140.7840,150.0960,155.6520,158.9940,161.9930,164.7330,167.2640,170.5240,128.9970,91.9604,58.4998,36.5659,24.1917,11.5791
75.813,0.007407763073050561,0.7743917099386309,3.0278614105789384e-41,3,157.062,0.374119,0.0123097,14905.8,0.0,5.3774,11.9631,19.1737,34.2502,65.3413,119.9060,141.0060,147.4250,151.0880,154.3100,157.2180,159.8830,163.2950,166.8280,100.5080,61.4921,37.4869,24.4518,11.5189
75.923,0.031948646760339705,0.7812416618408156,5.0889266727600224e-42,4,158.381,0.36342,0.00671356,11743.4,0.0,5.4382,11.9653,18.9703,33.1544,60.5715,103.4780,133.1800,140.3080,144.1770,147.5280,150.5260,153.2600,156.7460,160.3480,107.0020,63.6466,38.1422,24.6469,11.4921
76.032,0.02078527357066812,0.7870355646269984,8.55295905890777e-43,4,160.818,0.361754,-0.00992233,12277.3,0.0,5.3628,11.4335,17.5982,29.0748,48.0781,71.5392,96.7462,125.5600,131.6220,136.0220,139.6800,142.8840,146.8540,150.8660,157.3510,72.9411,41.2244,25.8421,11.6712
76.148,0.006810918443636529,0.7903571478013498,1.4374958290306295e-43,4,163.471,0.369334,-0.016135,12526.0,0.0,5.2671,11.1039,16.9181,27.4466,44.0807,63.3491,82.6385,112.6800,123.1050,128.1770,132.1520,135.5480,139.6910,143.8370,150.4910,77.6269,42.7687,26.4801,11.8113
76.255,0.002231801755610818,0.7920479079259213,2.4159992398517794e-44,4,166.165,0.382304,-0.0183156,12702.6,0.0,5.1479,10.8105,16.4142,26.4675,42.1085,59.8645,77.2636,103.6370,116.8320,122.0710,126.0890,129.4970,133.6400,137.7780,144.4180,80.0017,43.6604,26.9108,11.9501
76.370,0.0007313167992785528,0.7930838112035409,4.0605699224188857e-45,4,168.856,0.397905,-0.019111,12863.2,0.0,5.0140,10.5146,15.9449,25.6548,40.6788,57.6137,74.0852,98.8228,111.4350,116.5580,120.4960,123.8410,127.9140,131.9900,138.5480,81.5268,44.3354,27.2815,12.0950
76.477,0.0002396378887875962,0.7945616856770512,6.824599868609421e-46,4,171.494,0.414727,-0.0195645,13057.8,0.0,4.8718,10.2082,15.4692,24.8588,39.3422,55.6027,71.3526,94.8856,106.2060,111.1330,114.9540,118.2140,122.1950,126.1910,132.6450,82.8712,44.9747,27.6486,12.2463
76.582,7.852454339791953e-05,0.7954314555845311,1.1470104999171855e-46,4,174.111,0.432251,-0.0199912,13253.2,0.0,4.7240,9.8910,14.9786,24.0425,37.9834,53.5766,68.6218,90.9948,100.9330,105.6460,109.3410,112.5080,116.3900,120.3010,126.6410,84.2468,45.6332,28.0282,12.4035
76.693,2.5730922380630275e-05,0.7958128367878141,1.9277805472108132e-47,4,176.7,0.450368,-0.0204299,13448.2,0.0,4.5713,9.5639,14.4735,23.2043,36.5930,51.5122,65.8509,87.0726,95.5941,100.0830,103.6440,106.7130,110.4900,114.3090,120.5260,85.6791,46.3164,28.4214,12.5661
76.802,8.431508645684929e-06,0.7937618409836309,3.2400207656972145e-48,4,179.263,0.469076,-0.0208619,13636.2,0.0,4.4139,9.2275,13.9551,22.3472,35.1795,49.4264,63.0661,83.0045,90.2019,94.4548,97.8727,100.8360,104.5000,108.2200,114.3040,124.3140,47.0200,28.8268,12.7339
76.916,2.7628367530180374e-06,0.7842774816160162,5.445502900907309e-49,4,181.763,0.488353,-0.0212224,13822.1,0.0,4.2522,8.8838,13.4278,21.4821,33.7686,47.3675,60.3468,78.5961,84.7920,88.7897,92.0510,94.8987,98.4391,102.0500,107.9870,117.8330,47.7271,29.2378,12.9059
77.026,9.053263472289504e-07,0.7726931643165611,9.152256725554915e-50,4,184.164,0.508147,-0.0214604,14007.7,0.0,4.0868,8.5346,12.8952,20.6169,32.3776,45.3684,57.7419,74.0279,79.3842,83.1066,86.1958,88.9165,92.3206,95.8109,101.5850,111.2440,48.4224,29.6487,13.0808
77.137,2.9665733745998245e-07,0.7698383773332507,1.538219787864015e-50,4,186.535,0.528385,-0.0216034,14158.3,0.0,3.9181,8.1802,12.3571,19.7492,30.9971,43.4067,55.2122,69.3127,73.9549,77.3918,80.2973,82.8811,86.1371,89.4964,95.0912,104.5400,49.1090,30.0600,13.2583
77.246,9.720867633888704e-08,0.7684436336251845,2.5852859974630492e-51,4,188.853,0.548994,-0.021652,14334.3,0.0,3.7467,7.8217,11.8147,18.8798,29.6268,41.4790,52.7495,64.4713,68.4953,71.6413,74.3530,76.7900,79.8865,83.1036,88.5023,97.7159,49.7840,30.4699,13.4377
77.359,3.185333906272651e-08,0.6917961430694255,4.345090175936147e-52,4,191.043,0.569902,-0.0217088,14452.9,0.0,3.5728,7.4580,11.2643,17.9975,28.2357,39.5218,50.2481,59.4684,62.9605,65.8195,68.3320,70.6155,73.5428,76.6080,81.7948,90.7488,50.4710,30.8867,13.6199
77.465,1.0437702144074221e-08,0.2266877601609894,0.2057615661621094,4,190.601,0.590999,-0.0217369,14090.5,0.0,3.3974,7.0916,10.7104,17.1113,26.8425,37.5668,47.7572,54.3710,57.3930,59.9685,62.2764,64.3991,67.1468,70.0490,75.0061,83.6730,51.5397,31.3045,13.8034
77.579,3.420226238570241e-09,0.07428104524955301,0.6838250278518677,4,181.642,0.611565,-0.02188,13093.9,0.0,3.2262,6.7324,10.1657,16.2349,25.4531,35.6000,44.4852,49.3037,51.9221,54.2304,56.3375,58.2990,60.8637,63.5979,68.3155,76.6768,88.5888,31.7233,13.9839
77.685,1.1207397338546966e-09,0.02434041290737353,0.6795930327032802,4,168.964,0.630979,-0.0226973,12112.6,0.0,3.0625,6.3818,9.6242,15.3371,23.9679,33.4046,40.4386,44.3249,46.6183,48.6938,50.6186,52.4304,54.8219,57.3950,61.8792,69.9377,81.6202,32.1877,14.1644
77.796,-0.028612853647206005,0.007975866501488158,0.5804743217034618,4,157.485,0.648219,-0.0172527,11323.5,0.0,2.9348,6.1746,9.3910,15.1876,24.2730,34.0937,38.2608,41.1926,43.0809,44.8535,46.5368,48.1487,50.3091,52.6663,56.8370,64.4791,75.7971,31.9828,14.2333
77.906,-0.022479024433853963,0.0026135319352076397,0.33256861560490203,3,147.729,0.660196,-0.00866586,13238.0,0.0,2.8587,6.1089,9.4224,15.6273,26.0061,33.3849,36.3091,38.6389,40.2136,41.7299,43.1977,44.6244,46.5633,48.7075,52.5607,59.7648,70.6759,31.6182,14.2109
78.020,-0.03294219826325222,0.0008564021445288392,0.05589480722471589,3,144.03,0.664705,0.00372523,13009.3,0.0,2.8557,6.2469,9.8487,17.0242,27.6793,32.3570,34.6372,36.5530,37.8843,39.1893,40.4712,41.7324,43.4665,45.4080,48.9484,55.7025,66.1700,31.9775,14.0732
78.127,-0.08569444462169187,0.00028062585471921007,0.009394240250257998,3,142.062,0.656372,0.0345938,12860.0,0.0,3.0221,7.0447,11.8522,22.2853,29.7436,33.2653,35.1046,36.6952,37.8211,38.9390,40.0490,41.1516,42.6833,44.4172,47.6215,53.8564,63.7422,30.5518,13.5928
78.238,-0.05966455958468599,9.195548007439076e-05,0.0015788899588608618,3,140.439,0.626072,0.0718085,12708.9,0.0,3.4276,8.7335,16.1484,25.2198,31.0500,34.0044,35.5838,36.9665,37.9540,38.9411,39.9273,40.9124,42.2891,43.8585,46.7866,52.5676,61.9084,28.5745,12.9050
78.344,-0.058228048735053654,3.013197171077636e-05,0.00026536403538574504,3,138.909,0.572594,0.101374,12576.6,0.0,4.0582,11.1991,18.4705,25.7704,30.7264,33.3083,34.7062,35.9390,36.8241,37.7127,38.6042,39.4984,40.7540,42.1927,44.8969,50.3033,59.1939,28.8386,12.1744
78.456,-0.1227761989535805,9.873644490187198e-06,4.4599733427282175e-05,3,137.406,0.497917,0.135015,12444.7,0.0,4.9753,13.2476,19.6548,25.9708,30.3395,32.6486,33.9078,35.0237,35.8280,36.6380,37.4529,38.2726,39.4271,40.7557,43.2678,48.3414,56.8151,68.3588,11.3103
78.566,-0.26406061363738653,3.235395826544541e-06,7.495877197123315e-06,3,135.626,0.392877,0.206839,12255.7,0.0,6.4466,16.0255,22.5326,28.6462,32.8082,34.9992,36.1929,37.2503,38.0124,38.7797,39.5518,40.3284,41.4225,42.6820,45.0650,49.8897,57.9729,22.5039,10.1701
78.672,-0.08652738187669881,1.060174504442115e-06,1.2598320805205158e-06,3,133.616,0.2546,0.260248,12080.9,0.0,8.1395,19.5389,26.4873,32.6861,36.8026,38.9478,40.1118,41.1406,41.8808,42.6252,43.3735,44.1254,45.1838,46.4002,48.6972,53.3312,61.0570,17.0714,8.9248
78.784,-0.02835329249335667,3.4739798161559224e-07,2.117399777730831e-07,3,132.055,0.114938,0.231105,11942.3,0.0,9.1712,20.1698,26.5415,32.2270,36.0306,38.0249,39.1107,40.0724,40.7656,41.4636,42.1662,42.8731,43.8696,45.0173,47.1916,51.6027,59.0265,15.9425,8.0755
78.897,-0.009290806884223114,1.1383537061579727e-07,3.558713806432208e-08,3,130.706,-0.00879288,0.174544,11841.0,0.0,9.6784,19.4353,24.9408,29.9238,33.3150,35.1129,36.0975,36.9729,37.6058,38.2446,38.8893,39.5395,40.4588,41.5215,43.5459,47.6958,54.7980,16.7034,7.4811
79.003,-0.0030444115998222296,3.730157424338445e-08,5.981130294470612e-09,3,129.42,-0.0993951,0.109515,11736.0,0.0,9.7965,18.2196,22.8929,27.1826,30.1528,31.7458,32.6237,33.4074,33.9758,34.5512,35.1335,35.7225,36.5580,37.5280,39.3875,43.2457,49.9828,59.7083,7.1819
79.114,-0.10696846218204928,1.2222979848072215e-08,1.0052485685916758e-09,3,128.131,-0.151145,0.0578563,11612.1,0.0,9.7450,17.2198,21.3188,25.1120,27.7680,29.2040,29.9988,30.7104,31.2278,31.7527,32.2850,32.8246,33.5921,34.4860,36.2079,39.8162,46.2219,55.6747,7.1182
79.223,-0.19916327890470567,4.005226036616303e-09,1.6895212692320296e-10,3,126.679,-0.178858,0.0482675,11469.8,0.0,9.8795,17.2370,21.2381,24.9356,27.5245,28.9244,29.6995,30.3937,30.8986,31.4109,31.9304,32.4572,33.2066,34.0796,35.7627,39.2939,45.5788,54.8889,6.9491
79.332,-0.23371624516122635,1.3124324676784302e-09,2.8395783971982723e-11,3,124.991,-0.199155,0.063697,11305.4,0.0,10.1738,17.8801,22.0425,25.8616,28.5191,29.9507,30.7416,31.4491,31.9632,32.4843,33.0123,33.5472,34.3074,35.1918,36.8936,40.4510,46.7454,56.2775,6.6599
79.443,-0.25218766416458105,4.30057871008868e-10,4.772479412171136e-12,3,123.112,-0.220586,0.0861766,11116.1,0.0,10.5516,18.7696,23.1689,27.1655,29.9234,31.4014,32.2159,32.9431,33.4707,34.0050,34.5457,35.0928,35.8693,36.7712,38.5020,42.1026,48.4233,59.7437,6.3293
79.554,-0.26501934498595614,1.4092136317218585e-10,8.021106148036029e-13,3,121.097,-0.247111,0.109242,10925.6,0.0,10.9930,19.7764,24.4204,28.5918,31.4445,32.9650,33.8006,34.5453,35.0849,35.6306,36.1823,36.7399,37.5300,38.4462,40.2000,43.8309,50.7430,15.1457,5.9737
79.662,-0.2667591821275548,4.617711228426185e-11,1.3481073103004155e-13,3,118.974,-0.280919,0.135335,10730.5,0.0,11.5506,21.0163,25.9375,30.2974,33.2478,34.8110,35.6674,36.4292,36.9802,37.5368,38.0988,38.6660,39.4686,40.3976,42.1751,46.2442,55.4994,12.3842,5.5649
79.773,-0.18677310686543602,1.5131316153306922e-11,2.2657639564219084e-14,3,116.877,-0.323448,0.160247,10530.6,0.0,12.1924,22.3509,27.5247,32.0426,35.0685,36.6625,37.5333,38.3071,38.8766,39.4664,40.0775,40.7110,41.6377,42.7578,45.0538,50.5890,64.0925,10.4397,5.1187
79.884,-0.1315398766768731,4.958229677115613e-12,3.808069481558302e-15,3,114.983,-0.375491,0.17553,10366.0,0.0,12.8125,23.4429,28.7480,33.3282,36.4481,38.2566,39.3079,40.2831,41.0135,41.7742,42.5669,43.3937,44.6126,46.1008,49.2041,56.9913,16.8208,9.0423,4.6601
79.996,-0.1158628408854934,1.624712700597244e-12,6.40022237765504e-16,3,113.297,-0.43711,0.180725,10234.0,0.0,13.3896,24.2486,29.5683,34.3508,38.1497,40.4275,41.7694,43.0259,43.9748,44.9701,46.0150,47.1132,48.7484,50.7715,55.0867,66.5284,12.6495,7.8863,4.1755
80.103,-0.11060794637432723,0.09231670898490739,1.0756853750124826e-16,3,112.039,-0.507105,0.17101,10222.7,0.0,13.8312,24.5492,29.8263,35.3314,39.8994,42.7048,44.3818,45.9686,47.1778,48.4561,49.8095,51.2447,53.4059,56.1210,62.0700,78.9680,10.8065,6.9356,3.6760
80.214,-0.11214833591297861,0.2880504524814244,1.8079044097834798e-17,3,112.033,-0.581038,0.143113,10362.9,0.0,14.0566,24.2205,29.6808,35.7743,40.9756,44.2381,46.2136,48.1008,49.5507,51.0948,52.7424,54.5040,57.1852,60.6036,68.2931,91.7590,9.9258,6.1923,3.1866
80.324,-0.10608098704268944,0.39967124336286314,3.0385449415230954e-18,3,113.105,-0.648354,0.110251,10509.7,0.0,14.1708,23.8631,29.7486,36.5245,42.4918,46.3249,48.6808,50.9565,52.7218,54.6180,56.6603,58.8658,62.2672,66.6825,76.9540,111.5300,9.3801,5.5509,2.7420
80.434,-0.0892308774593477,0.463191485915768,5.106882483217867e-19,3,114.69,-0.699446,0.0745923,10710.4,0.0,14.1368,23.6931,30.1013,37.7476,44.7347,49.3548,52.2475,55.0812,57.3065,59.7239,62.3592,65.2430,69.7690,75.7916,90.4828,148.2350,9.7924,5.1640,2.4140
80.544,-0.06820392198622593,0.5050200665736289,8.583137389544271e-20,3,116.576,-0.728355,0.0308325,10911.0,0.0,13.8698,23.4705,30.3453,38.8353,46.8832,52.3647,55.8641,59.3439,62.1130,65.1585,68.5235,72.2607,78.2453,86.4428,107.6420,200.0000,17.6821,5.3451,2.2723
80.655,-0.05003786361246214,0.5592626843992218,1.4425679010607055e-20,3,118.736,-0.729273,-0.0208786,11146.7,0.0,13.3862,23.1480,30.3909,39.6183,48.6696,55.0124,59.1400,63.3063,66.6671,70.4104,74.6051,79.3376,87.0825,98.0379,128.3870,200.0000,21.5792,6.7610,2.3924
80.763,-0.10629502932690814,0.606030721814562,2.4245238713127275e-21,3,121.169,-0.697595,-0.0734628,11434.8,0.0,12.9362,22.9853,30.7105,40.9198,51.3605,58.9432,64.0011,69.2084,73.4860,78.3339,83.8730,90.2626,101.0530,117.0690,166.6840,200.0000,22.2397,8.7146,2.8537
80.874,-0.03483075520984126,0.6294180434085707,4.074897270515301e-22,3,123.806,-0.634936,-0.105375,11673.6,0.0,12.6159,23.1790,31.6807,43.4844,56.2823,66.0770,72.8606,80.0656,86.1594,93.2652,101.6560,111.7160,129.7020,158.9830,200.0000,130.4000,21.0864,9.7649,3.4834
80.983,-0.011413341867160785,0.6402454114953704,6.848679842555067e-23,3,126.517,-0.568386,-0.0966523,11943.1,0.0,12.1888,22.6595,31.2288,43.3490,56.7920,67.3004,74.6926,82.6496,89.4653,97.5143,107.1640,118.9430,140.5960,177.5730,200.0000,101.4840,23.0095,11.1238,4.0746
81.093,-0.0037399238630312455,0.654496971907553,1.1510576211382301e-23,3,129.288,-0.5056,-0.0935529,12200.6,0.0,11.7309,21.9011,30.2757,42.2020,55.5434,66.0563,73.4965,81.5467,88.4769,96.7024,106.6230,118.8220,141.5070,181.0390,200.0000,103.6600,25.6548,12.5792,4.6498
81.203,-0.12324778202456306,0.6780353411921669,1.934582543847024e-24,3,132.113,-0.444999,-0.0830782,12488.9,0.0,11.3579,21.5186,30.0661,42.5390,56.9284,68.6065,77.0597,86.3871,94.5722,104.4800,116.7160,132.2090,162.4140,200.0000,200.0000,85.1998,26.4232,13.5375,5.1549
81.313,-0.040938744510608825,0.6948949838830993,3.251452881443693e-25,3,134.997,-0.396149,-0.051811,12798.0,0.0,11.2778,22.3923,32.4322,48.3913,69.0453,87.9006,102.9210,121.0380,138.4600,161.7540,194.4900,200.0000,200.0000,200.0000,200.0000,51.5350,23.0805,13.1193,5.4113
81.424,-0.0134148078012363,0.7093086394906889,5.464716857842415e-26,3,138.026,-0.36021,-0.0398534,13060.9,0.0,11.1080,22.4840,33.0792,50.5911,74.5685,97.8692,117.4830,142.4920,168.0630,200.0000,200.0000,200.0000,200.0000,200.0000,128.1480,46.6847,22.7448,13.3458,5.6588
81.533,-0.004395764220309111,0.724313713972684,9.184549622975747e-27,3,141.132,-0.331287,-0.0358675,13346.4,0.0,10.9121,22.2335,32.8911,50.7533,75.7244,100.5800,121.9660,149.8760,179.1800,200.0000,200.0000,200.0000,200.0000,200.0000,118.2200,46.5468,23.2324,13.7665,5.8892
81.643,-0.05725682529721089,0.7421568736539441,1.5436472551335337e-27,3,144.298,-0.305504,-0.0311731,13668.6,0.0,10.7478,22.0723,32.8708,51.2815,77.6972,104.8080,128.8190,161.1500,196.3700,200.0000,200.0000,200.0000,200.0000,200.0000,107.8670,45.8543,23.4993,14.0805,6.0856
81.755,-0.03440436231279007,0.7553417729526744,2.5944079417029303e-28,3,147.528,-0.288793,-0.00622398,13974.7,0.0,10.8683,23.3304,36.1352,60.3913,101.7960,155.1630,200.0000,200.0000,200.0000,200.0000,200.0000,200.0000,182.0140,114.0950,67.1515,36.8852,21.1438,13.3486,6.0727
81.863,-0.01127362144265505,0.7658467652080073,4.360421427620116e-29,3,150.821,-0.284099,0.00456112,14297.9,0.0,10.9460,23.9830,37.8701,65.6600,118.1590,200.0000,200.0000,200.0000,200.0000,200.0000,198.8670,191.7380,125.5040,89.1609,57.8072,33.9839,20.2259,13.0212,6.0471
81.974,-0.003694140274329207,0.77353707036711,7.328560293401129e-30,3,154.185,-0.286817,0.00816935,14584.6,0.0,11.0093,24.2923,38.6211,67.8720,125.3290,200.0000,200.0000,200.0000,199.4740,196.5420,192.3370,167.0240,113.1110,82.6405,54.9281,32.9229,19.8202,12.8393,6.0027
82.084,-0.0012104958850921946,0.7872425529991446,1.2317111285119278e-30,3,157.566,-0.293002,0.009422,14926.1,0.0,11.0763,24.5006,39.0465,68.9527,128.5410,200.0000,199.2140,196.6240,194.2840,191.2970,186.9250,157.8590,108.5380,79.9913,53.5927,32.3284,19.5377,12.6830,5.9433
82.193,-0.0003966552916270104,0.8134540811730097,2.070136893689997e-31,4,158.768,-0.300686,0.00990933,11772.5,0.0,11.1477,24.6823,39.3732,69.6623,130.3550,196.4350,194.1400,191.5530,189.2250,186.2560,181.9070,153.3630,106.0380,78.4025,52.6869,31.8598,19.2831,12.5280,5.8759
82.304,-0.00012997600596033877,0.8465268423031469,3.479279077224778e-32,4,161.29,-0.308921,0.0100781,12320.9,0.0,11.2202,24.8512,39.6556,70.2085,131.5510,191.3700,189.0830,186.5180,184.2200,181.3020,177.0640,150.6280,104.3440,77.2359,51.9566,31.4446,19.0416,12.3745,5.8058
82.412,-4.25905376330838e-05,0.8666853942015201,5.847624345091686e-33,4,164.148,-0.317521,0.0103123,12563.4,0.0,11.2966,25.0320,39.9624,70.8170,132.9350,186.2020,183.9220,181.3780,179.1090,176.2380,172.0970,147.5000,102.4430,75.9442,51.1605,30.9988,18.7849,12.2125,5.7322
82.524,-0.006862374639171609,0.877322134034454,9.828102236795597e-34,4,167.071,-0.327153,0.0134756,12779.2,0.0,11.4161,25.4571,40.8958,73.4022,141.4170,180.5020,178.1110,175.4380,173.0350,169.9190,164.9690,130.5490,93.5963,70.7292,48.5270,29.8529,18.2613,11.9342,5.6339
82.633,-0.002248662921763753,0.8832184618022848,1.651809142938236e-34,4,170.006,-0.339145,0.0158707,13000.8,0.0,11.5477,25.8754,41.7694,75.7275,149.0250,174.7950,172.3240,169.5580,167.0530,163.7240,157.5810,119.0090,87.0974,66.6760,46.3331,28.8152,17.7483,11.6439,5.5206
82.742,-0.0007368418662035465,0.8865058439227477,2.776195626536294e-35,4,172.938,-0.35296,0.0166804,13222.8,0.0,11.6766,26.2073,42.3754,77.0937,172.6120,169.2260,166.7430,163.9740,161.4650,158.1150,151.5040,113.7590,83.7881,64.4069,44.9410,28.0494,17.3161,11.3751,5.4010
82.852,-0.00024144834271757812,0.8893915904053559,4.66595198951955e-36,4,175.862,-0.367804,0.0170047,13439.3,0.0,11.8087,26.5212,42.9117,78.1793,167.0310,163.6300,161.1590,158.4150,155.9380,152.6380,146.1610,110.1030,81.2967,62.5927,43.7461,27.3424,16.8951,11.1042,5.2754
82.964,-7.9117792941696e-05,0.891204566812777,7.842065508785508e-37,4,178.77,-0.383208,0.0171511,13658.4,0.0,11.9435,26.8320,43.4275,79.1695,161.3650,157.9630,155.5120,152.8080,150.3760,147.1530,141.0630,106.9660,79.0681,60.9206,42.6085,26.6483,16.4729,10.8293,5.1461
83.073,-0.014512108349641133,0.8931539163594608,1.3180159500615803e-37,4,181.667,-0.39908,0.0178248,13870.7,0.0,12.0890,27.1963,44.0785,80.5932,155.5370,152.1130,149.6650,146.9750,144.5590,141.3490,134.9920,102.2230,75.9413,58.7030,41.1937,25.8384,16.0022,10.5311,5.0105
83.183,-0.013850639948810407,0.8937926792189181,2.2151894072684984e-38,4,184.53,-0.419121,0.0287453,14086.7,0.0,12.4033,28.5482,47.3798,91.2700,148.3840,144.3990,141.4910,138.1220,134.6800,121.2630,93.0307,75.4672,59.6969,48.1953,35.4198,23.1816,14.7719,9.8842,4.7931
83.293,-0.004538577698426193,0.8944838640327051,3.723068836796166e-39,4,187.378,-0.446121,0.0332143,14300.1,0.0,12.6995,29.5137,49.4924,97.6654,141.7910,137.5560,134.4280,130.6410,126.1360,100.0740,79.2603,65.6180,52.8818,43.2875,32.3133,21.4734,13.8309,9.3144,4.5512
83.403,-0.001487201140220295,0.8949814061599868,6.2573617940033166e-40,4,190.2,-0.47746,0.0345084,14512.7,0.0,12.9927,30.2807,50.9350,101.2510,135.4760,131.1770,127.9970,124.0750,118.8200,90.8723,72.5388,60.3648,48.8853,40.1635,30.1083,20.0924,12.9805,8.7577,4.2885
83.514,-0.0004873260696273863,0.8943915110767544,1.0516747967181374e-40,4,193.009,-0.510849,0.0349042,14707.9,0.0,13.2919,31.0052,52.2032,104.0080,129.1610,124.8560,121.6780,117.7240,111.7480,84.1016,67.2875,56.0803,45.4812,37.4078,28.0782,18.7615,12.1317,8.1897,4.0130
83.624,-0.00015968700649550196,0.8949511439433808,1.7675498308441737e-41,4,195.777,-0.545238,0.0348989,14917.7,0.0,13.5944,31.7103,53.3896,128.2090,122.7860,118.5030,115.3520,111.4160,104.2660,78.2010,62.5652,52.1434,42.2872,34.7803,26.1055,17.4431,11.2791,7.6140,3.7309
83.734,0.0030711285663990533,0.894381594753617,2.970721000699803e-42,5,197.233,-0.580189,0.034764,13469.5,0.0,13.8999,32.4132,54.5556,121.7890,116.3210,112.0700,108.9570,105.0540,96.7514,72.4709,57.9359,48.2602,39.1189,32.1624,24.1302,16.1163,10.4179,7.0313,3.4446
83.844,0.008903970909887642,0.8941949648751153,4.992890785876161e-43,5,198.461,-0.613977,0.0308568,13527.5,0.0,14.1380,32.6890,54.5156,115.6180,110.3210,106.3150,103.4600,100.0750,96.1576,75.0728,58.5275,47.9615,38.2893,31.1220,23.0462,15.1944,9.7321,6.5320,3.1789
83.953,0.009349565405358232,0.8941338099965277,8.391551543822065e-44,5,200.673,-0.644571,0.0265037,13677.7,0.0,14.3397,32.8480,54.2413,109.3860,104.2770,100.5180,97.9112,94.9591,91.9916,80.4725,60.5447,48.5307,37.9833,30.4307,22.1755,14.3967,9.1229,6.0842,2.9391
84.064,0.08978297393510903,0.8852292004534122,1.4103680679701747e-44,5,202.829,-0.670256,0.0153028,13820.7,0.0,14.3946,32.2172,51.9467,103.5570,98.9124,95.6297,93.4527,91.1580,89.1513,86.5579,81.6814,60.4107,44.0065,33.5889,23.2724,14.4368,8.8778,5.8190,2.7561
84.174,0.02533400328625653,0.2970109044045741,2.370405611837473e-45,5,203.141,-0.679062,-0.00928051,13603.1,0.0,14.1169,30.1332,46.4299,98.4849,94.6686,92.0957,90.4680,88.8528,87.5620,86.1215,84.4757,82.5171,78.6396,56.0653,31.8308,17.0934,9.6850,6.0788,2.7489
84.284,0.008301446196840541,0.09732453315529085,0.34400533905029296,5,199.235,-0.670775,-0.0176824,13128.6,0.0,13.9328,29.2917,44.5196,92.3800,88.8049,86.4588,85.0023,83.5789,82.4610,81.2396,79.8876,78.3606,75.7579,71.0210,37.9093,18.9389,10.3647,6.3969,2.8443
84.394,-0.0001481902235005413,0.03189130302432571,0.29582087503926086,5,192.18,-0.654449,-0.0212205,12653.3,0.0,13.7498,28.7266,43.4201,86.1807,82.7235,80.5089,79.1531,77.8426,76.8240,75.7237,74.5238,73.1973,71.0361,67.7625,42.6837,20.5724,11.0807,6.7881,2.9964
84.504,-0.011347790842842907,0.010450142175011048,0.4627313711206806,5,185.137,-0.635963,-0.0183547,12095.9,0.0,13.6337,28.6286,43.4655,79.8156,76.3556,74.1846,72.8684,71.6057,70.6305,69.5825,68.4465,67.2000,65.1948,62.2582,42.4650,21.0767,11.5005,7.0880,3.1473
84.614,-0.014345181706589013,0.00342430258790762,0.7901325092554344,5,173.574,-0.620187,-0.0137928,11078.2,0.0,13.5620,28.7116,43.9108,73.6127,70.1425,68.0049,66.7199,65.4965,64.5562,63.5500,62.4642,61.2789,59.3879,56.6739,40.7007,21.0680,11.7226,7.2925,3.2682
84.727,-0.015938975967221335,0.001122075472005569,0.8543336197197211,5,160.477,-0.607722,-0.0125569,10098.3,0.0,13.4739,28.5889,43.8116,67.9788,64.5766,62.5195,61.2961,60.1409,59.2593,58.3222,57.3192,56.2356,54.5381,52.2020,41.1299,21.5150,12.0322,7.5036,3.3712
84.835,-0.016463866284945335,0.0003676816906667848,0.8597239827529146,4,147.925,-0.59712,-0.0132278,10186.0,0.0,13.3762,28.3473,43.6319,62.8481,59.5522,57.5958,56.4453,55.3683,54.5526,53.6920,52.7793,51.8046,50.3072,48.3260,42.4049,22.2320,12.3992,7.7221,3.4647
84.944,-0.018754828591359088,0.00012048193639769204,0.8571015243198566,4,135.426,-0.587459,-0.0140322,9106.66,0.0,13.2849,28.1129,62.2293,58.1137,54.9296,53.0723,51.9918,50.9884,50.2338,49.4433,48.6119,47.7327,46.4037,44.6967,40.4551,22.9338,12.7481,7.9267,3.5507
85.054,-0.018718565416567717,3.947952091879573e-05,0.8312964488833563,4,123.394,-0.578474,-0.0146039,8119.78,0.0,13.2024,27.9095,57.8379,53.7543,50.6816,48.9183,47.9031,46.9671,46.2678,45.5399,44.7797,43.9829,42.7941,41.3017,37.8844,23.5574,13.0635,8.1134,3.6302
85.163,-0.02589949721202161,1.2936649414670983e-05,0.5931130757678297,3,112.278,-0.570104,-0.0148214,9514.95,0.0,13.1296,27.7448,53.7859,49.7470,46.7838,45.1092,44.1544,43.2799,42.6306,41.9585,41.2611,40.5354,39.4645,38.1444,35.2683,24.0736,13.3376,8.2800,3.7031
85.274,-0.029913277959539145,4.239081280199388e-06,0.12466260409132066,3,103.724,-0.56219,-0.0155094,9366.22,0.0,13.0547,27.5524,50.0613,46.0866,43.2382,41.6521,40.7560,39.9407,39.3386,38.7188,38.0795,37.4187,36.4530,35.2806,32.8173,24.6743,13.6306,8.4502,3.7739
85.383,-0.009801982921781787,1.3890621538957354e-06,0.020952043869628262,3,98.9436,-0.554694,-0.0143827,8977.76,0.0,13.0063,50.7841,46.4617,42.5479,39.8048,38.2989,37.4556,36.6929,36.1326,35.5585,34.9695,34.3642,33.4867,32.4343,30.2803,24.5384,13.7850,8.5653,3.8341
85.493,-0.0032119137638094556,4.5516788658855457e-07,0.6185759072360688,3,92.9155,-0.548146,-0.0127376,7943.81,0.0,12.9723,47.3388,42.9524,39.1121,36.4787,35.0541,34.2632,33.5521,33.0324,32.5023,31.9612,31.4083,30.6125,29.6687,27.7791,23.2669,13.8722,8.6480,3.8839
85.603,-0.0010524799021250826,1.4914941307733755e-07,0.12458409102872667,2,86.2678,-0.542366,-0.0126794,9767.13,0.0,12.9246,44.1492,39.7413,35.9977,33.4845,32.1446,31.4068,30.7473,30.2677,29.7808,29.2861,28.7833,28.0648,27.2210,25.5636,21.8646,14.0455,8.7570,3.9333
85.712,-0.000344876614328347,4.8873279677181966e-08,0.020938848179198093,2,84.4452,-0.536878,-0.0132125,9631.01,0.0,12.8719,41.0558,36.6534,33.0225,30.6363,29.3828,28.6982,28.0897,27.6494,27.2043,26.7542,26.2991,25.6529,24.9009,23.4482,20.3534,14.2521,8.8764,3.9827
85.826,0.13002505152790753,1.6014796284618988e-08,0.003519192213477824,2,83.3509,-0.529169,-0.0266545,9515.37,0.0,12.6430,38.3827,34.0799,30.6279,28.4074,27.2563,26.6326,26.0815,25.6847,25.2853,24.8832,24.4786,23.9077,23.2489,21.9952,19.4151,14.9285,9.4087,4.1060
85.935,0.22346180141603972,5.2477284465439504e-09,0.0005914706353192179,2,82.3062,-0.506712,-0.079233,9392.61,0.0,11.8817,36.9636,32.9441,29.7840,27.7858,26.7607,26.2073,25.7194,25.3689,25.0173,24.6646,24.3108,23.8138,23.2437,22.1691,20.0054,16.4061,11.6674,4.5610
86.044,0.264048854473086,1.719575657363522e-09,9.940846967810094e-05,2,81.2337,-0.459889,-0.15076,9266.73,0.0,10.8773,36.0616,32.3529,29.4787,27.6822,26.7674,26.2757,25.8434,25.5336,25.2230,24.9117,24.5996,24.1617,23.6599,22.7166,20.8349,17.7602,13.7585,5.4659
86.154,0.29423603834201717,5.634705514048789e-10,1.6707581498798428e-05,2,80.1184,-0.384683,-0.231686,9131.64,0.0,9.7713,35.3373,31.9168,29.2950,27.6690,26.8451,26.4034,26.0157,25.7383,25.4604,25.1823,24.9038,24.5136,24.0674,23.2305,21.5626,18.8409,15.3059,6.9772
86.263,0.32323334172235846,1.846380302843507e-10,2.808043222503052e-06,2,78.9399,-0.278801,-0.323291,8999.75,0.0,8.6454,34.7954,31.6424,29.2458,27.7669,27.0195,26.6194,26.2687,26.0178,25.7667,25.5155,25.2642,24.9122,24.5101,23.7570,22.2594,19.8174,16.6112,8.5496
86.374,0.3533559157334281,6.050218976357603e-11,4.7194782440608796e-07,2,77.7176,-0.140745,-0.419035,8859.15,0.0,7.5630,34.2550,31.3386,29.1353,27.7824,27.1001,26.7351,26.4154,26.1868,25.9582,25.7295,25.5007,25.1806,24.8150,24.1307,22.7717,20.5577,17.6393,9.9109
86.483,0.378219392025269,1.9825357541728593e-11,7.932027084793121e-08,2,76.4547,0.0141576,-0.425635,8712.2,0.0,6.5215,33.7329,31.0261,28.9920,27.7466,27.1199,26.7850,26.4918,26.2824,26.0729,25.8634,25.6539,25.3608,25.0262,24.4002,23.1575,21.1330,18.4567,11.0991
86.594,0.38330631033176005,6.496373159273626e-12,1.33313579214118e-08,2,75.1502,0.162992,-0.423457,8563.64,0.0,5.5161,33.2723,30.7534,28.8693,27.7184,27.1397,26.8306,26.5601,26.3668,26.1735,25.9803,25.7872,25.5170,25.2087,24.6322,23.4885,21.6243,19.1514,12.1642
86.703,0.275239287976476,2.128731556830782e-12,2.2406013258516816e-09,2,73.9264,0.305355,-0.414265,8427.06,0.0,4.5846,8.4323,30.3128,28.5544,27.4841,26.9470,26.6604,26.4096,26.2305,26.0514,25.8725,25.6936,25.4435,25.1581,24.6246,23.5670,21.8455,19.5610,13.0013
86.813,0.22418903431156526,6.975427565423107e-13,3.765778648358923e-10,2,72.8903,0.438202,-0.375395,8322.51,0.0,3.7691,6.8885,29.4229,27.7654,26.7624,26.2607,25.9934,25.7597,25.5930,25.4265,25.2603,25.0942,24.8622,24.5977,24.1040,23.1276,21.5441,19.4526,13.4445
86.924,0.19732964463599104,2.285708104637843e-13,6.329144174296842e-11,2,72.0427,0.556382,-0.310294,8240.56,0.0,3.0782,6.0640,28.1838,26.5612,25.6180,25.1485,24.8990,24.6812,24.5260,24.3711,24.2166,24.0624,23.8473,23.6024,23.1465,22.2488,20.8029,18.9089,13.5339
87.033,0.17364445728566139,7.489808317277284e-14,1.0637392613740705e-11,2,71.3457,0.652212,-0.223323,8167.78,0.0,2.5555,6.2492,26.7736,25.1093,24.2220,23.7829,23.5502,23.3474,23.2032,23.0594,22.9161,22.7734,22.5744,22.3484,21.9286,21.1063,19.7937,18.0937,13.3636
87.142,0.14640097561858817,2.4542603894054204e-14,1.7878265765914007e-12,2,70.7341,0.714781,-0.116253,8100.62,0.0,2.2864,28.4915,25.2293,23.5183,22.6673,22.2571,22.0404,21.8520,21.7182,21.5850,21.4525,21.3206,21.1370,20.9289,20.5436,19.7931,18.6067,17.0909,12.9815
87.254,0.11633070450385329,8.04212044400368e-15,3.0048001272771676e-13,2,70.1688,0.736972,0.0025832,8038.0,0.0,2.4062,26.7863,23.5081,21.7993,20.9609,20.5788,20.3779,20.2036,20.0800,19.9572,19.8351,19.7139,19.5454,19.3549,19.0032,18.3225,17.2579,15.9181,12.4029
87.364,0.18718203772318123,2.635242027091126e-15,5.050167573914737e-14,2,69.5962,0.716626,0.120229,7972.98,0.0,3.1684,25.0542,21.7764,20.0810,19.2514,18.8806,18.6935,18.5325,18.4186,18.3055,18.1933,18.0821,17.9278,17.7536,17.4332,16.8171,15.8639,14.6827,11.6973
87.472,0.24169140002240055,8.635161074372202e-16,8.487816641478501e-15,2,68.981,0.660732,0.212973,7902.3,0.0,5.2565,23.9704,20.4900,18.7175,17.8552,17.4706,17.2770,17.1137,17.0005,16.8901,16.7824,16.6773,16.5336,16.3717,16.0749,15.5072,14.6373,13.5738,10.9792
87.583,0.2442311116169652,2.8295695808502834e-16,1.426547342933292e-15,2,68.3726,0.57674,0.289362,7833.44,0.0,138.8530,23.2328,19.4270,17.5332,16.6210,16.2157,16.0119,15.8403,15.7213,15.6054,15.4922,15.3819,15.2320,15.0669,14.7745,14.2438,13.4436,12.4780,10.2035
87.694,0.23152239126859053,9.271933602530208e-17,2.397598119267984e-16,2,67.7856,0.469431,0.357762,7767.57,0.0,200.0000,22.5681,18.3917,16.3742,15.4151,14.9914,14.7788,14.6000,14.4762,14.3556,14.2381,14.1235,13.9679,13.7968,13.4939,12.9520,12.2032,11.3308,9.3496
87.804,0.2208862707161437,3.0382272028770984e-17,4.0296431590537015e-17,2,67.2242,0.341877,0.420574,7704.69,0.0,97.1496,21.8637,17.3028,15.1773,14.1829,13.7466,13.5284,13.3452,13.2185,13.0952,12.9752,12.8583,12.6997,12.5255,12.2177,11.6684,10.9175,10.1232,8.4217
87.913,0.2430748884819671,9.955662898387677e-18,6.772621257421555e-18,2,66.659,0.197687,0.471911,7640.64,0.0,49.3201,21.3635,16.2892,14.0336,13.0001,12.5507,12.3269,12.1394,12.0101,11.8843,11.7620,11.6431,11.4821,11.3055,10.9942,10.4409,9.6879,8.9038,7.4417
88.023,0.29270195405884125,3.2622716185436736e-18,1.138274454734841e-18,2,66.0717,0.041756,0.508292,7573.57,0.0,36.8274,21.5665,15.5688,13.0858,11.9821,11.5084,11.2739,11.0781,10.9433,10.8126,10.6858,10.5627,10.3964,10.2145,9.8951,9.3308,8.5693,7.7807,6.4330
88.134,0.315729685998878,1.068981163964391e-18,1.913097876072847e-19,2,65.4712,-0.120621,0.5285,7505.04,0.0,29.9920,23.3847,15.4073,12.4773,11.2353,10.7130,10.4566,10.2437,10.0978,9.9568,9.8204,9.6883,9.5106,9.3169,8.9788,8.3875,7.6003,6.7953,5.4233
88.244,0.3231698893488975,3.5028374780785166e-19,3.2153436003156345e-20,2,64.8793,-0.28085,0.484317,7436.47,0.0,25.9148,28.3667,15.8970,12.1793,10.7140,10.1156,9.8257,9.5868,9.4240,9.2673,9.1165,8.9711,8.7763,8.5653,8.2001,7.5702,6.7480,5.9241,4.5181
88.353,0.34338591201559476,1.1478097848167683e-19,5.4040279890504884e-21,2,64.2844,-0.418602,0.404393,7369.45,0.0,22.8897,47.9724,18.0072,12.5261,10.6233,9.8825,9.5307,9.2443,9.0508,8.8659,8.6891,8.5198,8.2946,8.0528,7.6394,6.9411,6.0562,5.1962,3.7579
88.464,0.3678747724333385,3.761143102887586e-20,9.082549841197155e-22,2,63.6782,-0.530335,0.321649,7301.06,0.0,20.5274,200.0000,25.1664,14.2211,11.3090,10.2678,9.7899,9.4082,9.1541,8.9140,8.6868,8.4716,8.1886,7.8888,7.3858,6.5627,5.5640,4.6365,3.1508
88.575,0.3943298708207298,1.2324513719542044e-20,1.5265041518100062e-22,2,63.0694,-0.614855,0.235525,7231.82,0.0,18.5410,100.9920,88.5965,20.4303,14.0091,12.1168,11.3054,10.6813,10.2769,9.9029,9.5557,9.2328,8.8168,8.3865,7.6871,6.6002,5.3688,4.3015,2.7104
88.682,0.4181611659783522,4.0384966556195364e-21,2.5655955279470773e-23,2,62.4478,-0.670586,0.141348,7159.72,0.0,16.6936,53.0012,147.3200,103.0840,27.6532,20.2593,17.7350,15.9938,14.9470,14.0298,13.2196,12.4987,11.6137,10.7460,9.4300,7.5878,5.7516,4.3389,2.4716
88.798,0.4387535370063567,1.3233345841134097e-21,4.311996403820654e-24,2,61.7986,-0.695808,0.0436246,7087.27,0.0,15.0605,35.8240,61.6449,129.6700,200.0000,200.0000,130.7990,69.7463,52.3102,41.8509,34.8792,29.9007,24.9236,20.9433,16.1240,11.0589,7.2897,4.9800,2.4755
88.908,0.27541792335364296,0.025599609375,7.247172355901375e-25,2,61.3084,-0.690597,-0.047324,7047.98,0.0,13.7119,27.4201,39.9430,60.1328,86.7940,111.6750,131.8740,156.7010,181.0670,200.0000,200.0000,200.0000,200.0000,200.0000,82.5540,24.8254,11.5015,6.6188,2.7590
89.021,0.09024894512452172,0.19612697999999998,1.2180322578563442e-25,2,61.6416,-0.665637,-0.0875605,7169.37,0.0,13.0428,24.5545,34.1490,48.0012,63.7666,76.3949,85.4444,95.3420,103.9520,114.2820,126.9020,142.6670,172.7320,200.0000,200.0000,57.9728,16.5013,8.3025,3.1221
89.128,0.02957277433840328,0.34045053333765,2.047146815779157e-26,2,62.8671,-0.634346,-0.0988186,7387.73,0.0,12.6789,23.5010,32.3207,44.7364,58.4273,69.0714,76.5286,84.5279,91.3570,99.3948,108.9930,120.6520,141.9260,177.7840,200.0000,93.9476,19.8733,9.5100,3.4610
89.240,-0.011268793928808224,0.44925532490470615,3.44063965328003e-27,2,64.8282,-0.601564,-0.100035,7694.25,0.0,12.4122,22.9688,31.5519,43.6029,56.8492,67.1165,74.2942,81.9787,88.5272,96.2206,105.3870,116.4940,136.6790,170.4630,200.0000,107.9970,21.8948,10.4160,3.7769
89.353,-0.019946267242277424,0.5732662836928991,5.782683065267746e-28,2,67.5055,-0.568758,-0.0965532,8148.48,0.0,12.1927,22.6698,31.2461,43.3786,56.8391,67.3636,74.7687,82.7407,89.5705,97.6373,107.3100,119.1200,140.8380,177.9480,200.0000,101.0040,22.9696,11.1097,4.0706
89.459,-0.02375815189471431,0.7014378001373641,9.718955427795502e-29,2,71.2086,-0.535964,-0.0911282,8908.92,0.0,11.9916,22.4632,31.1279,43.5349,57.5098,68.5935,76.4765,85.0415,92.4454,101.2700,111.9670,125.2010,150.0480,194.1110,200.0000,89.6972,23.5879,11.6899,4.3515
89.563,-0.13780295108394122,0.7642194078802615,1.6334648387495898e-29,2,75.6666,-0.505829,-0.0653609,10102.9,0.0,12.0181,23.3686,33.2958,48.4614,67.0438,83.0587,95.2172,109.2240,122.0620,138.3310,159.6170,188.6650,200.0000,200.0000,200.0000,52.2177,20.6505,11.2688,4.4965
89.677,-0.04515527101118586,0.7876648647929541,2.7453643544864355e-30,2,80.4277,-0.483091,-0.0263284,11314.0,0.0,12.2658,25.3993,38.0948,60.1432,92.6998,127.2960,158.9900,200.0000,200.0000,200.0000,200.0000,200.0000,200.0000,179.2310,71.3452,32.4087,17.0325,10.3188,4.5063
89.789,-0.014796479204945381,0.7968909779734802,4.614133870585352e-31,2,85.2373,-0.467965,0.00653666,12475.2,0.0,12.5383,27.5777,43.7081,76.3378,139.2880,200.0000,200.0000,200.0000,200.0000,200.0000,200.0000,133.0780,88.1850,63.6550,41.8509,24.8703,14.8959,9.6226,4.4852
89.894,-0.004848510305876503,0.8017513391779749,7.754974796292803e-32,2,90.2657,-0.462567,0.0402572,13236.7,0.0,12.9416,30.5496,52.1177,107.2470,200.0000,200.0000,200.0000,141.4180,102.2860,80.1216,65.8563,55.9067,46.1508,38.4835,29.3550,19.9398,13.0493,8.8744,4.3873
90.008,-0.0015887598570296126,0.8073525799937138,1.3033786140129313e-32,2,95.1771,-0.469754,0.0796305,14207.2,0.0,13.5959,35.3697,68.1259,200.0000,200.0000,88.3994,63.7073,51.2008,44.9079,39.9953,36.0539,32.8220,29.1655,25.8758,21.3682,15.8727,11.1607,7.9587,4.1800
90.116,0.15990562914962858,0.8115070180217151,2.1905884365715335e-33,2,100.094,-0.492298,0.124651,15102.6,0.0,14.5897,43.5734,105.7280,200.0000,55.5777,37.6405,32.1203,28.4713,26.3366,24.5014,22.9069,21.5088,19.8180,18.1873,15.7638,12.4678,9.2898,6.9138,3.8582
90.226,0.0523978765597503,0.8170199985716057,3.6817219853457774e-34,3,103.12,-0.53234,0.117438,10096.5,0.0,14.8438,43.2578,100.0740,200.0000,58.9403,38.0533,32.0115,28.1108,25.8621,23.9481,22.2996,20.8649,19.1431,17.4962,15.0730,11.8233,8.7389,6.4637,3.5741
90.334,0.01716973619109898,0.8200612967256937,6.18787014077065e-35,3,107.325,-0.586538,0.10609,10411.8,0.0,15.1519,42.5695,92.2709,200.0000,68.4001,39.7459,32.4943,28.0248,25.5198,23.4276,21.6540,20.1314,18.3294,16.6311,14.1760,10.9630,7.9942,5.8528,3.1886
90.447,0.3521245992797087,0.8223845314142003,1.0399953345593232e-35,3,111.202,-0.63883,0.0688321,10899.7,0.0,14.9711,37.8531,70.1632,184.4300,200.0000,86.0050,55.3498,42.1959,36.0754,31.5076,27.9684,25.1458,22.0352,19.3090,15.6801,11.4146,7.8888,5.5589,2.8738
90.557,0.11538418869197495,0.82353130895693,1.7479201587938545e-36,3,114.768,-0.667252,-0.0145453,11443.6,0.0,13.9457,29.4840,45.0372,73.3973,118.7240,172.0410,200.0000,200.0000,200.0000,200.0000,200.0000,200.0000,132.0000,68.6453,36.1422,18.5858,10.3091,6.4035,2.8654
90.667,0.03780909095058635,0.8353817334596317,2.937729410884832e-37,3,118.544,-0.666388,-0.0688017,11794.6,0.0,13.2596,25.6499,36.4019,52.6737,72.3617,89.1129,101.6990,116.0600,129.0930,145.4360,166.5310,194.8010,200.0000,200.0000,200.0000,37.5226,14.2799,7.7048,3.0475
90.774,0.012389282922688136,0.9263818571231771,4.937441820874138e-38,3,122.885,-0.636929,-0.0956543,12127.3,0.0,12.7320,23.7016,32.6969,45.4474,59.6284,70.7416,78.5747,87.0194,94.2647,102.8350,113.1280,125.7230,148.9570,188.8860,200.0000,82.1554,19.1864,9.3185,3.4234
90.883,-0.07736642697496855,0.9734172678796226,8.298358468343163e-39,3,127.66,-0.587484,-0.0916632,12618.6,0.0,12.3883,23.1891,32.1165,44.8843,59.2435,70.6154,78.6946,87.4647,95.0388,104.0580,114.9770,128.4690,153.7450,198.3890,200.0000,81.1376,21.0638,10.4147,3.8709
90.994,-0.025351430791157696,0.9896972062762946,1.3947051077744353e-39,3,132.692,-0.535472,-0.0685394,12968.5,0.0,12.2207,23.6494,33.5729,48.6016,66.8026,82.3035,93.9587,107.2670,119.3540,134.5220,154.1200,180.4190,200.0000,200.0000,200.0000,51.9915,19.8467,10.7178,4.2421
91.109,-0.008307156841646554,0.9950318164901163,2.3440808746364934e-40,3,137.596,-0.488091,-0.0574372,13550.5,0.0,11.9600,23.5389,33.8561,49.9789,70.3548,88.4902,102.6290,119.3330,135.0440,155.5340,183.3700,200.0000,200.0000,200.0000,200.0000,47.4793,20.2847,11.3441,4.6163
91.218,-0.0027220891538707426,0.9980146662524813,3.9396967260015543e-41,3,142.666,-0.445283,-0.0534237,13901.7,0.0,11.6578,23.0880,33.3724,49.6389,70.5445,89.4872,104.4800,122.4510,139.6180,162.3970,194.0750,200.0000,200.0000,200.0000,200.0000,48.4504,21.4198,12.1199,4.9799
91.324,-0.0015830970367333335,1.0,6.621448287390812e-42,3,147.734,-0.404681,-0.0517104,14252.5,0.0,11.3477,22.5347,32.6427,48.7148,69.5245,88.5308,103.6780,121.9540,139.5370,163.0590,196.1360,200.0000,200.0000,200.0000,197.3230,50.7344,22.7401,12.9295,5.3343
91.436,-0.018441585269878026,1.0,1.1128668136617738e-42,3,152.582,-0.366138,-0.0435789,14859.0,0.0,11.1183,22.3682,32.7445,49.6796,72.4429,94.1067,112.0030,134.3870,156.7820,188.1510,200.0000,200.0000,200.0000,200.0000,144.9860,48.4397,23.0354,13.3883,5.6291
91.545,-0.010187094780896131,1.0,1.8703952537213433e-43,4,154.646,-0.332548,-0.0358565,11469.1,0.0,10.9225,22.2552,32.9236,50.8049,75.8039,100.6890,122.1030,150.0490,179.3940,200.0000,200.0000,200.0000,200.0000,200.0000,117.9590,46.4533,23.1871,13.7400,5.8780
91.659,-0.008567833871866545,1.0,3.1435733029294615e-44,4,157.996,-0.304091,-0.0310019,12160.7,0.0,10.7379,22.0584,32.8581,51.2826,77.7445,104.9340,129.0430,161.5440,197.0020,200.0000,200.0000,200.0000,200.0000,200.0000,107.6100,45.8615,23.5247,14.1013,6.0969
91.765,-0.00555558982173323,1.0,5.283403650233547e-45,4,161.59,-0.278929,-0.0275644,12477.5,0.0,10.5649,21.8307,32.6826,51.4390,78.9273,107.8700,134.1460,170.5150,200.0000,200.0000,200.0000,200.0000,200.0000,200.0000,102.4340,45.7978,23.9195,14.4510,6.2944
91.874,-0.0018204556727855446,1.0,8.879816514947523e-46,4,165.214,-0.255862,-0.0256961,12698.7,0.0,10.3927,21.5442,32.3433,51.1446,79.0146,108.7740,136.1650,174.6840,200.0000,200.0000,200.0000,200.0000,200.0000,200.0000,101.2370,46.3505,24.4365,14.8251,6.4829
91.988,-0.0005965269148583672,1.0,1.4924307616672302e-46,4,168.748,-0.23373,-0.0252007,12992.8,0.0,10.2144,21.1926,31.8392,50.4110,78.0257,107.6250,134.9730,173.5980,200.0000,200.0000,200.0000,200.0000,200.0000,200.0000,103.0910,47.4859,25.0964,15.2421,6.6723
92.094,-0.0001954699394607898,1.0,2.5083283811341137e-47,4,172.279,-0.211692,-0.0251535,13251.2,0.0,10.0324,20.8167,31.2766,49.5263,76.6700,105.7750,132.6750,170.6860,200.0000,200.0000,200.0000,200.0000,200.0000,200.0000,105.9430,48.8279,25.8116,15.6781,6.8638
92.206,-6.40515897625116e-05,1.0,4.215747510172106e-48,4,175.798,-0.189351,-0.0251673,13482.1,0.0,9.8473,20.4321,30.6982,48.6085,75.2453,103.8040,130.1960,167.4840,200.0000,200.0000,200.0000,200.0000,200.0000,200.0000,108.9800,50.2189,26.5451,16.1232,7.0584
92.317,-2.0988424933379804e-05,1.0,7.085406840346261e-49,4,179.251,-0.166589,-0.0251663,13756.1,0.0,9.6588,20.0412,30.1108,47.6786,73.8060,101.8190,127.7080,164.2830,200.0000,200.0000,200.0000,200.0000,200.0000,200.0000,112.0370,51.6284,27.2903,16.5758,7.2566
92.425,-6.877487082169895e-06,1.0,1.1908443276569963e-49,4,182.68,-0.143388,-0.0251659,14018.4,0.0,9.4667,19.6426,29.5120,46.7304,72.3386,99.7938,125.1680,161.0160,200.0000,200.0000,200.0000,200.0000,200.0000,200.0000,115.1560,53.0657,28.0500,17.0372,7.4586
92.538,-2.253614967085431e-06,1.0,2.001452061493114e-50,4,186.097,-0.119753,-0.0251649,14253.0,0.0,9.2711,19.2366,28.9021,45.7648,70.8440,97.7329,122.5820,157.6920,200.0000,200.0000,200.0000,200.0000,200.0000,200.0000,118.3300,54.5291,28.8238,17.5073,7.6644
92.646,-0.008381065791864914,1.0,3.363840479751477e-51,4,189.476,-0.0960461,-0.0233219,14492.1,0.0,9.0907,18.9230,28.5101,45.3593,70.7122,98.2929,124.1570,161.3260,200.0000,200.0000,200.0000,200.0000,200.0000,200.0000,116.7030,54.9569,29.3103,17.8747,7.8556
92.757,-0.010473739502340795,1.0,5.6536066943183075e-52,4,192.792,-0.074402,-0.0185974,14763.2,0.0,8.9517,18.7890,28.5156,45.9453,73.0095,103.6560,133.6060,200.0000,200.0000,200.0000,200.0000,200.0000,200.0000,190.9400,108.4820,53.7148,29.2779,18.0353,8.0042
92.866,-0.012209491207789532,1.0,9.50201677114078e-53,4,196.096,-0.0568328,-0.0130075,15004.2,0.0,8.8531,18.7693,28.7421,47.0507,76.6505,112.0110,148.6220,200.0000,200.0000,200.0000,200.0000,200.0000,196.7370,177.6720,99.6738,51.9419,28.9951,18.0659,8.1092
92.974,-0.014030100781030974,1.0,1.5970039587256309e-53,5,196.369,-0.0449188,-0.00598747,13445.1,0.0,8.8138,18.9283,29.3290,49.0533,82.7897,126.4000,200.0000,200.0000,200.0000,200.0000,200.0000,196.4120,184.1680,152.2580,89.8450,49.4331,28.3616,17.9133,8.1531
93.087,-0.01807005332600823,1.0,2.6840845534301674e-54,5,199.051,-0.0415587,0.00658577,13600.9,0.0,8.8967,19.5699,31.0194,54.1865,98.9050,200.0000,200.0000,200.0000,200.0000,195.0080,187.4250,178.7580,158.5190,114.5600,75.3445,44.7859,26.8285,17.3323,8.0796
93.197,-0.005921195073866377,1.0,4.5111409089500825e-55,5,201.687,-0.0478854,0.0119464,13784.2,0.0,8.9998,20.0074,32.0435,57.1554,108.7120,200.0000,200.0000,199.9280,191.8400,184.3950,176.6910,167.1220,137.3090,102.8370,69.9501,42.7221,26.0162,16.9597,7.9841
93.304,-0.0019402572018045344,1.0,7.581874525672404e-56,5,204.298,-0.059526,0.0134727,13963.7,0.0,9.1140,20.3234,32.6485,58.5985,112.8940,200.0000,200.0000,191.8060,184.1040,176.9920,169.3750,159.8830,130.8330,98.8678,67.8310,41.7277,25.5251,16.6811,7.8748
93.417,-0.0006357834798873098,1.0,1.2742856515297607e-56,5,206.889,-0.0733539,0.0139815,14133.5,0.0,9.2378,20.6205,33.1597,59.6416,115.4090,200.0000,196.0330,184.5560,177.1630,170.3190,162.9430,153.8640,127.4080,96.5540,66.4288,40.9614,25.0934,16.4126,7.7552
93.524,-0.00020833353068947365,1.0,2.141691894526069e-57,5,209.451,-0.0880795,0.0141022,14298.6,0.0,9.3657,20.9110,33.6351,60.5271,117.2450,200.0000,188.5990,177.5640,170.4550,163.8690,156.7910,148.2260,125.0380,94.8212,65.2794,40.2750,24.6815,16.1464,7.6311
93.635,-6.826673133632673e-05,1.0,3.599541567129965e-58,5,211.981,-0.103162,0.0140745,14464.3,0.0,9.4952,21.1991,34.0965,61.3504,118.8110,195.1140,181.2170,170.6120,163.7810,157.4510,150.6890,142.6520,123.0480,93.2977,64.2209,39.6169,24.2763,15.8806,7.5050
93.744,-2.236964252428754e-05,1.0,6.049749511875332e-59,5,214.479,-0.118443,0.0140716,14630.7,0.0,9.6267,21.4926,34.5683,62.1986,120.5190,187.0440,173.7220,163.5560,157.0070,150.9370,144.4880,136.9500,120.8150,91.7125,63.1288,38.9427,23.8630,15.6101,7.3772
93.855,-7.330084462358541e-06,1.0,1.0167814004608872e-59,5,216.941,-0.133905,0.0140721,14800.4,0.0,9.7598,21.7897,35.0462,63.0585,200.0000,178.8770,166.1370,156.4140,150.1510,144.3450,138.2090,131.1500,117.3540,90.1039,62.0212,38.2597,23.4444,15.3363,7.2478
93.967,-2.4019220766256468e-06,1.0,1.708904499754613e-60,5,219.38,-0.149543,0.0140731,14962.0,0.0,9.8944,22.0903,35.5298,63.9287,199.3870,170.6160,158.4650,149.1910,143.2170,137.6780,131.8540,125.2570,113.1560,88.4755,60.9006,37.5686,23.0210,15.0594,7.1169
94.073,-7.870618260686919e-07,1.0,2.8721557927375788e-61,6,219.596,-0.165316,0.0140793,13409.1,0.0,10.0302,22.3938,36.0184,64.8096,189.6450,162.2810,150.7240,141.9030,136.2210,130.9510,125.4390,119.2840,108.5370,86.8254,59.7667,36.8701,22.5934,14.7798,6.9849
94.182,-2.5790441916618897e-07,1.0,4.827232240854048e-62,6,221.298,-0.181124,0.0141012,13792.9,0.0,10.1665,22.6991,36.5111,65.7023,179.8720,153.9210,142.9600,134.5950,129.2070,124.2050,119.0010,113.2700,103.6490,85.1479,58.6196,36.1660,22.1634,14.4990,6.8525
94.295,0.00877038187237993,1.0,8.1131292272034e-63,6,223.251,-0.196501,0.011213,13917.3,0.0,10.2684,22.7944,36.4544,64.8318,173.2910,147.8750,137.1810,129.0370,123.7990,118.9770,114.1950,109.0360,100.8080,87.7513,59.5643,36.2506,22.0271,14.3418,6.7427
94.405,0.007488288943222704,1.0,1.3635736292160754e-63,6,225.184,-0.208422,0.00717705,14033.0,0.0,10.3282,22.7451,36.0927,63.1896,167.8040,142.6070,132.0660,124.0630,118.9250,114.2050,109.7710,105.1390,98.0279,88.2664,61.7502,36.8206,22.0981,14.2907,6.6691
94.515,0.0024537625209152154,1.0,2.2917581986234578e-64,6,227.091,-0.216548,0.00491112,14150.0,0.0,10.3738,22.7448,35.9384,62.3907,160.1100,135.7430,125.5850,117.8840,112.9470,108.4150,104.2260,99.9924,93.6421,85.4265,62.9659,37.0888,22.0989,14.2356,6.6154
94.623,0.010785147498853497,1.0,3.851758004426445e-65,6,228.974,-0.222213,0.00262278,14265.3,0.0,10.3981,22.6975,35.7119,61.4870,152.2140,128.7290,118.9710,111.5890,106.8610,102.5260,98.5359,94.6655,88.9678,81.8839,64.4818,37.4920,22.1722,14.2258,6.5825
94.734,0.0035340771324243138,1.0,6.473649678039528e-66,6,230.833,-0.224269,-0.00112182,14378.5,0.0,10.3766,22.4892,35.1450,59.7752,145.6350,122.6450,113.1500,105.9870,101.4110,97.2206,93.3696,89.7878,84.6947,78.5547,65.4191,38.5437,22.5051,14.3429,6.5897
94.845,0.0026477412430727988,1.0,1.0880263013881034e-66,6,232.671,-0.222799,-0.00325948,14489.0,0.0,10.3421,22.3241,34.7552,61.2726,137.1350,115.1990,106.1700,99.3712,95.0328,91.0639,87.4197,84.0622,79.4754,74.0643,63.1987,39.3077,22.7782,14.4603,6.6164
94.954,0.0667117610970351,1.0,1.828645804742986e-67,6,234.435,-0.215662,-0.0204976,14605.2,0.0,10.1101,21.1493,32.0029,53.1421,144.7300,118.7920,108.4550,100.7960,95.9644,91.5815,87.5876,83.9337,79.3120,74.5413,65.5417,46.2188,25.0561,15.3731,6.7961
95.065,0.02186010987627646,1.0,3.073405004031537e-68,6,236.162,-0.185599,-0.0433434,14706.8,0.0,9.6510,19.4238,28.4431,44.1666,165.2150,130.0190,116.7830,107.2470,101.3450,96.0655,91.3155,87.0194,81.6519,76.2881,67.9018,52.3681,29.5548,17.1879,7.2305
95.172,0.007163120804258269,1.0,5.165471790275805e-69,6,237.925,-0.135591,-0.0489791,14809.6,0.0,9.1966,18.3421,26.6621,43.7711,162.0750,125.8690,112.4970,102.9440,97.0650,91.8279,87.1331,82.9010,77.6324,72.3881,64.2804,51.0258,32.3352,18.5971,7.7221
95.284,0.00234721142513935,1.0,8.681608437916544e-70,6,239.672,-0.0770562,-0.0507386,14915.7,0.0,8.7087,17.3205,25.1871,200.0000,152.0740,117.5790,104.9150,95.8934,90.3521,85.4222,81.0082,77.0336,72.0910,67.1773,59.5936,48.0695,32.8986,19.9775,8.2610
95.394,0.0007691342397896622,1.0,1.4591179301606336e-70,6,241.399,-0.0152795,-0.0513151,15021.3,0.0,8.2049,16.3049,24.7262,200.0000,139.8700,107.9820,96.2995,87.9843,82.8798,78.3408,74.2788,70.6220,66.0766,61.5597,54.5918,44.4371,31.9163,21.0212,8.8196
95.503,0.00025202990769427654,1.0,2.452339505220977e-71,6,243.105,0.0478776,-0.0514033,15125.7,0.0,7.6939,15.7643,26.5708,200.0000,126.7720,97.8473,87.2534,79.7146,75.0874,70.9727,67.2908,63.9764,59.8567,55.7629,49.4489,40.3872,30.0197,20.8982,9.3862
95.614,8.258516015326054e-05,0.99726513671875,4.121647006424896e-72,6,244.799,0.110967,-0.0508981,15236.3,0.0,7.2964,16.3951,39.0466,200.0000,113.4080,87.5375,78.0616,71.3179,67.1786,63.4978,60.2040,57.2391,53.5537,49.8915,44.2426,36.1367,27.4954,19.9097,9.7034
