time,steer,accel,brake,gear,speedX,trackPos,angle,rpm,damage,track_0,track_1,track_2,track_3,track_4,track_5,track_6,track_7,track_8,track_9,track_10,track_11,track_12,track_13,track_14,track_15,track_16,track_17,track_18
0.119,0.0,0.0,0.0,1,-0.00913045,0.333439,0.00822276,5235.99,0.0,5.7030,12.6267,22.4550,140.4860,90.9268,77.3570,71.6721,67.3518,64.5773,62.0267,59.6744,57.4982,54.7119,51.8501,47.2417,40.0655,31.0431,22.7658,11.2227
0.240,0.0,0.0,0.0,1,-0.00913045,0.333439,0.00822276,5235.99,0.0,5.7030,12.6267,22.4550,140.4860,90.9268,77.3570,71.6721,67.3518,64.5773,62.0267,59.6744,57.4982,54.7119,51.8501,47.2417,40.0655,31.0431,22.7658,11.2227
0.358,0.0,0.0,0.0,1,-0.00913045,0.333439,0.00822276,5235.99,0.0,5.7030,12.6267,22.4550,140.4860,90.9268,77.3570,71.6721,67.3518,64.5773,62.0267,59.6744,57.4982,54.7119,51.8501,47.2417,40.0655,31.0431,22.7658,11.2227
0.478,0.0,0.0,0.0,1,-0.00913045,0.333439,0.00822276,5235.99,0.0,5.7030,12.6267,22.4550,140.4860,90.9268,77.3570,71.6721,67.3518,64.5773,62.0267,59.6744,57.4982,54.7119,51.8501,47.2417,40.0655,31.0431,22.7658,11.2227
0.599,0.0,0.0,0.0,1,-0.00913045,0.333439,0.00822276,5235.99,0.0,5.7030,12.6267,22.4550,140.4860,90.9268,77.3570,71.6721,67.3518,64.5773,62.0267,59.6744,57.4982,54.7119,51.8501,47.2417,40.0655,31.0431,22.7658,11.2227
0.717,0.0,0.0,0.0,1,-0.00913045,0.333439,0.00822276,5235.99,0.0,5.7030,12.6267,22.4550,140.4860,90.9268,77.3570,71.6721,67.3518,64.5773,62.0267,59.6744,57.4982,54.7119,51.8501,47.2417,40.0655,31.0431,22.7658,11.2227
0.817,0.0,0.578329810546875,0.0,1,-0.00913045,0.333439,0.00822276,5397.19,0.0,5.7030,12.6267,22.4550,140.4860,90.9268,77.3570,71.6721,67.3518,64.5773,62.0267,59.6744,57.4982,54.7119,51.8501,47.2417,40.0655,31.0431,22.7658,11.2227
0.917,0.0,0.854848489273125,0.0,1,-0.00913045,0.333439,0.00822276,5973.82,0.0,5.7030,12.6267,22.4550,140.4860,90.9268,77.3570,71.6721,67.3518,64.5773,62.0267,59.6744,57.4982,54.7119,51.8501,47.2417,40.0655,31.0431,22.7658,11.2227
1.018,0.0,0.9363694665968969,0.0,1,0.0855311,0.333447,0.00862282,5249.36,0.0,5.7053,12.6424,22.5300,139.9010,90.6827,77.1810,71.5211,67.2189,64.4553,61.9143,59.5705,57.4021,54.6252,51.7722,47.1775,40.0167,31.0085,22.7450,11.2184
1.139,0.0,0.9781000628422019,0.0,1,3.44485,0.333356,0.00845974,5235.99,0.0,5.7051,12.6395,22.5311,140.0480,90.7227,77.2021,71.5358,67.2290,64.4628,61.9196,59.5738,57.4035,54.6247,51.7700,47.1728,40.0113,31.0061,22.7450,11.2194
1.240,0.0,0.9880678539827576,0.0,1,7.82443,0.333125,0.00848597,5235.99,0.0,5.7073,12.6527,22.6622,139.6420,90.4695,76.9885,71.3389,67.0443,64.2860,61.7504,59.4112,57.2472,54.4762,51.6295,47.0451,39.9073,30.9389,22.7111,11.2172
1.341,0.0,0.9913340997836949,0.0,1,11.9684,0.332733,0.00847071,5235.99,0.0,5.7105,12.6744,22.8851,139.0410,90.0745,76.6514,71.0259,66.7499,64.0035,61.4786,59.1497,56.9950,54.2361,51.4018,46.8375,39.7373,30.8292,22.6556,11.2140
1.461,0.0,0.9943172487536969,0.0,1,17.0465,0.332048,0.00846928,5235.99,0.0,5.7164,12.7183,23.3200,137.9460,89.3649,76.0476,70.4662,66.2239,63.4993,60.9941,58.6836,56.5460,53.8086,50.9965,46.4682,39.4349,30.6329,22.5550,11.2083
1.581,0.0,0.9967629367947891,0.0,1,22.2251,0.331106,0.00846403,6073.41,0.0,5.7244,12.7889,24.0113,136.4460,88.3908,75.2185,69.6976,65.5016,62.8065,60.3287,58.0434,55.9288,53.2215,50.4402,45.9610,39.0183,30.3606,22.4130,11.2004
1.700,0.0,0.9974040592406331,0.0,1,27.7178,0.32993,0.00845545,15156.7,0.0,5.7344,12.8948,25.0744,134.5770,87.1770,74.1848,68.7397,64.6012,61.9431,59.4991,57.2451,55.1598,52.4893,49.7463,45.3287,38.4968,30.0169,22.2299,11.1902
1.800,0.0,0.9968042683819707,0.0,2,32.4576,0.328746,0.00844448,8203.44,0.0,5.7445,13.0224,26.4845,132.6960,85.9559,73.1447,67.7757,63.6949,61.0739,58.6643,56.4416,54.3854,51.7524,49.0476,44.6920,37.9698,29.6664,22.0389,11.1751
1.901,0.0,0.9959376214915291,0.0,2,37.1535,0.327381,0.0084359,11328.0,0.0,5.7561,13.1983,28.9586,130.5190,84.5429,71.9417,66.6607,62.6469,60.0690,57.6989,55.5131,53.4903,50.9006,48.2402,43.9562,37.3583,29.2557,21.8101,11.1503
2.003,0.0,0.9970766757478441,0.0,2,42.1074,0.325797,0.00842541,14728.8,0.0,5.7696,13.4439,200.0000,127.9900,82.9016,70.5441,65.3654,61.4296,58.9015,56.5775,54.4337,52.4505,49.9110,47.3023,43.1012,36.6446,28.7716,21.5336,11.1117
2.104,0.0,0.9974499210465536,0.0,3,46.8877,0.324053,0.00840538,8724.22,0.0,5.7872,13.7706,200.0000,125.2160,81.0984,69.0084,63.9419,60.0914,57.6180,55.3445,53.2473,51.3071,48.8227,46.2705,42.1609,35.8555,28.2302,21.2169,11.0574
2.225,0.0,0.9975841480403277,0.0,3,52.4077,0.321724,0.00837057,9541.81,0.0,5.8330,14.3128,200.0000,121.5110,78.6895,66.9560,62.0395,58.3025,55.9026,53.6963,51.6612,49.7786,47.3678,44.8913,40.9038,34.7939,27.4927,20.7735,10.9657
2.343,0.0,0.9976193348413837,0.0,3,57.9279,0.318441,0.00914274,10655.8,0.0,5.9232,15.1000,200.0000,117.3040,75.9703,64.6439,59.8975,56.2901,53.9730,51.8430,49.8786,48.0609,45.7336,43.3429,39.4931,33.5959,26.6457,20.2468,10.8336
2.467,0.0,0.9976285588501597,0.0,3,63.069,0.313115,0.0224358,12305.5,0.0,6.0576,16.2022,200.0000,112.7570,73.0191,62.1311,57.5688,54.1011,51.8741,49.8265,47.9381,46.1911,43.9542,41.6563,37.9559,32.2879,25.7049,19.6476,10.6649
2.582,0.0,0.9976309768687163,0.0,3,68.9932,0.302218,0.0368289,12779.2,0.0,6.2561,17.8029,200.0000,107.8840,69.8381,59.4186,55.0530,51.7353,49.6045,47.6458,45.8392,44.1682,42.0281,39.8302,36.2908,30.8697,24.6615,18.9646,10.4481
2.683,0.0,0.997631554437841,0.0,3,73.8477,0.287829,0.0495161,13291.3,0.0,6.4823,19.7397,200.0000,103.7860,67.0924,57.0608,52.8601,49.6685,47.6192,45.7355,43.9985,42.3918,40.3347,38.2220,34.8209,29.6134,23.7158,18.3296,10.2253
2.783,0.0,0.9976317436956917,0.0,3,79.0669,0.2677,0.0628876,13252.0,0.0,6.7768,22.6777,200.0000,99.5645,64.2223,54.5867,50.5551,47.4937,45.5284,43.7225,42.0575,40.5176,38.5468,36.5230,33.2661,28.2819,22.6921,17.6271,9.9585
2.903,0.0,0.9976318117568633,0.0,3,84.8591,0.234718,0.0791887,13858.2,0.0,7.2336,27.4203,200.0000,94.9372,60.8595,51.6411,47.7932,44.8746,43.0028,41.2840,39.7001,38.2360,36.3634,34.4418,31.3521,26.6307,21.3852,16.7075,9.5781
3.006,0.0,0.997631828013989,0.0,3,90.3084,0.197278,0.0930982,13741.3,0.0,7.7335,31.3943,200.0000,91.6641,58.1491,49.2018,45.4819,42.6661,40.8628,39.2087,37.6860,36.2798,34.4829,32.6412,29.6844,25.1765,20.1928,15.8464,9.1921
3.118,0.0,0.9976318333411238,0.0,3,95.7444,0.147667,0.106282,14020.2,0.0,8.3707,34.9410,200.0000,90.2664,55.9654,47.0679,43.3999,40.6355,38.8705,37.2552,35.7714,34.4038,32.6598,30.8767,28.0231,23.6937,18.9369,14.8936,8.7285
3.228,0.0,0.9976318350867194,0.0,3,101.524,0.0871786,0.116082,13740.7,0.0,9.1058,37.1493,200.0000,93.5201,55.2410,45.8925,42.1039,39.2733,37.4771,35.8405,34.3434,32.9688,31.2232,29.4467,26.6211,22.3745,17.7636,13.9270,8.2139
3.337,0.0,0.9976318356587162,0.0,3,107.055,0.0159124,0.119171,13693.8,0.0,9.8849,37.1945,200.0000,110.5660,58.0609,46.9563,42.6203,39.4400,37.4475,35.6491,34.0182,32.5321,30.6610,28.7749,25.8116,21.4409,16.8046,13.0310,7.6641
3.448,0.0,0.9976318358461481,0.0,3,112.767,-0.0643845,0.112663,13210.2,0.0,10.5873,35.0425,108.7390,169.4140,70.0195,53.1101,47.0616,42.8029,40.2076,37.9118,35.8667,34.0333,31.7643,29.5204,26.0799,21.1868,16.2181,12.3318,7.0992
3.556,0.0,0.9976318359075658,0.0,3,118.128,-0.149475,0.0966867,12997.2,0.0,11.0411,31.7242,71.5104,189.2450,118.3080,73.7820,61.4615,53.6335,49.1651,45.3873,42.1515,39.3492,36.0030,32.8193,28.1647,21.9780,16.1636,11.9100,6.5490
3.668,0.0,0.9976318359276911,0.0,3,123.211,-0.232597,0.0719855,13013.8,0.0,11.3010,28.8080,53.9739,147.4210,178.2980,156.3770,108.8460,84.4767,72.8354,64.0184,57.1094,51.5499,45.3721,39.9130,32.5806,23.8644,16.5791,11.7241,6.0894
3.779,0.0,0.9976318359342858,0.0,3,128.117,-0.298291,0.0355267,13258.5,0.0,11.4295,26.6974,45.0177,90.0153,190.5140,178.7250,171.0160,162.2150,151.9670,118.5350,95.1710,79.5060,64.6229,53.2423,40.0423,26.8089,17.3602,11.7295,5.7535
3.886,0.0,0.9976318359364468,0.0,3,133.088,-0.340643,0.00826173,13465.3,0.0,11.4709,25.3154,40.2548,70.7681,130.7680,186.0940,180.1200,174.4670,169.8970,164.6400,158.1680,148.1390,104.3200,76.2679,50.7226,30.4166,18.3167,11.8672,5.5492
3.997,0.0,0.9976318359371548,0.0,3,138.092,-0.361002,-0.0075047,13698.1,0.0,11.4628,24.5480,37.9380,63.1484,105.7210,188.3520,182.0980,176.9720,173.1780,169.0320,164.4000,159.0240,148.7250,106.1440,61.5722,33.5088,19.1159,12.0390,5.4632
4.107,0.0,0.9976318359373868,0.0,3,143.072,-0.364673,-0.0134837,13991.7,0.0,11.4266,24.2044,37.0363,60.5440,98.4132,186.2140,179.9270,174.7920,171.2270,167.4010,163.2050,158.4890,150.3600,126.4540,67.7085,35.1412,19.5782,12.1870,5.4651
4.217,0.0,0.9976318359374629,0.0,3,147.965,-0.358945,-0.015032,14397.8,0.0,11.3615,23.9995,36.6307,59.6138,96.2160,181.9270,175.7590,170.7210,167.2540,163.5690,159.5530,155.0860,147.5810,132.9250,70.2477,35.9685,19.9101,12.3549,5.5232
4.328,0.0,0.9976318359374877,0.0,3,152.826,-0.349081,-0.0153586,14823.7,0.0,11.2755,23.8037,36.3129,59.0414,95.1522,176.9500,170.9450,166.0410,162.6640,159.0840,155.2000,150.9060,143.7980,131.3840,71.7562,36.6332,20.2500,12.5576,5.6101
4.436,0.0,0.9976318359374959,0.0,4,157.094,-0.337497,-0.0154093,12287.5,0.0,11.1781,23.5960,35.9931,58.5130,94.2793,171.7030,165.8740,161.1150,157.8310,154.3530,150.5930,146.4610,139.7080,128.6660,73.1009,37.3027,20.6157,12.7830,5.7102
4.547,0.0,0.9976318359374987,0.0,4,158.472,-0.325324,-0.0153393,12244.2,0.0,11.0771,23.3858,35.6764,58.0098,93.4978,166.3420,160.6970,156.0870,152.8960,149.5180,145.8810,141.9050,135.4830,125.4790,74.3486,37.9633,20.9870,13.0151,5.8147
4.659,-0.0657623639246875,0.9976318359374995,0.0,4,162.031,-0.312963,-0.0141013,12484.5,0.0,10.9870,23.2473,35.5361,57.9875,93.9889,160.4070,154.9820,150.5510,147.4390,144.1350,140.5870,136.7200,130.5130,121.0490,74.0301,38.2178,21.2378,13.2037,5.9137
4.769,-0.0741879656060416,0.9976318359374997,0.0,4,165.375,-0.31017,0.0246572,12794.4,0.0,11.4017,26.0163,42.7851,80.7407,149.9960,140.8020,135.4050,130.0700,125.7210,120.6130,113.8970,98.3177,76.2228,60.6556,43.8777,28.2904,17.8432,11.8670,5.7143
4.877,-0.024309912569787713,0.9976318359374997,0.0,4,168.768,-0.332905,0.0555798,13017.5,0.0,11.9949,29.3440,52.1844,151.9460,133.3580,122.3750,114.6550,103.8130,85.4593,72.0519,62.2850,54.8536,47.0076,40.4094,32.0040,22.6366,15.2812,10.6003,5.3704
4.988,-0.007965872150868037,0.9976318359374997,0.0,4,172.22,-0.376907,0.0644459,13246.7,0.0,12.5154,31.2934,57.1781,141.9560,123.8330,111.7600,101.7740,79.5855,67.1310,58.0509,51.1380,45.6993,39.7813,34.6584,27.9297,20.1499,13.8222,9.6908,4.9769
5.097,-0.0026102569863964385,0.9944680253906248,0.0,4,175.642,-0.43176,0.0668821,13491.1,0.0,13.0502,32.8324,60.4649,134.2610,116.4000,103.8820,91.4736,69.0049,58.6594,51.0149,45.1362,40.4751,35.3667,30.9133,25.0198,18.1420,12.4971,8.7865,4.5291
5.207,-0.0008553290093023851,0.9934313079506248,0.0,4,179.024,-0.49135,0.0676546,13738.5,0.0,13.6054,34.2966,63.3223,126.9990,109.3620,96.5643,80.3665,60.8188,51.8204,45.1445,39.9950,35.9025,31.4073,27.4802,22.2709,16.1742,11.1562,7.8507,4.0514
5.318,-0.019926778178674456,0.9930915963798858,0.0,4,182.37,-0.553479,0.0690754,13986.0,0.0,14.1953,35.9142,66.6235,119.4210,101.8130,88.3596,68.0076,51.9219,44.4211,38.8164,34.4700,31.0010,27.1756,23.8208,19.3519,14.0944,9.7448,6.8686,3.5522
5.429,-0.006529606673588047,0.992980279692386,0.0,4,185.686,-0.620145,0.0761035,14230.5,0.0,14.9254,38.4623,73.1216,110.0430,91.4724,70.2035,49.1019,38.8819,33.8522,29.9767,26.8992,24.3965,21.5874,19.0800,15.6749,11.5704,8.0912,5.7479,3.0035
5.537,-0.0021396215148013313,0.992943803440226,0.0,4,188.977,-0.692388,0.078672,14470.3,0.0,15.6377,40.5764,130.0240,101.6530,82.4162,52.6859,37.6808,30.1677,26.4089,23.4846,21.1448,19.2303,17.0689,15.1284,12.4758,9.2516,6.4956,4.6273,2.4270
5.646,-0.0007011111779701003,0.9929318509019182,0.0,4,192.237,-0.76829,0.0793618,14711.9,0.0,16.3523,42.5097,120.2310,93.4867,73.5473,38.9200,27.9895,22.4710,19.6986,17.5364,15.8030,14.3824,12.7762,11.3319,9.3543,6.9453,4.8815,3.4800,1.8270
5.756,-0.00022974011079724245,0.9929279342941655,0.0,4,195.468,-0.846429,0.0795686,14950.3,0.0,17.0790,44.4238,110.4710,85.0956,63.8109,25.6466,18.4738,14.8436,13.0176,11.5925,10.4493,9.5120,8.4517,7.4979,6.1913,4.5985,3.2330,2.3053,1.2107
5.869,-7.528123950604041e-05,0.987053799337637,0.0,5,197.206,-0.926044,0.0795374,13510.8,0.0,17.8148,46.3336,100.6470,76.3427,45.6330,12.3616,8.9022,7.1520,6.2718,5.5849,5.0339,4.5822,4.0713,3.6118,2.9822,2.2149,1.5571,1.1103,0.5831
5.978,-2.466815656133932e-05,0.8999906854513319,0.0,5,198.553,-1.00596,0.0795076,13540.0,0.0,-1.0000,-1.0000,-1.0000,-1.0000,-1.0000,-1.0000,-1.0000,-1.0000,-1.0000,-1.0000,-1.0000,-1.0000,-1.0000,-1.0000,-1.0000,-1.0000,-1.0000,-1.0000,-1.0000
6.086,0.036139401429082986,0.49650135405869245,0.0,5,200.162,-1.08669,0.0799219,13519.2,0.0,-1.0000,-1.0000,-1.0000,-1.0000,-1.0000,-1.0000,-1.0000,-1.0000,-1.0000,-1.0000,-1.0000,-1.0000,-1.0000,-1.0000,-1.0000,-1.0000,-1.0000,-1.0000,-1.0000
6.201,0.1991717635769444,0.16269356369795235,0.0,5,199.1,-1.15922,0.0433473,13305.0,0.0,-1.0000,-1.0000,-1.0000,-1.0000,-1.0000,-1.0000,-1.0000,-1.0000,-1.0000,-1.0000,-1.0000,-1.0000,-1.0000,-1.0000,-1.0000,-1.0000,-1.0000,-1.0000,-1.0000
6.307,0.09208678273409315,0.053311426952545024,0.0,5,196.435,-1.19121,-0.0371351,13067.7,0.0,-1.0000,-1.0000,-1.0000,-1.0000,-1.0000,-1.0000,-1.0000,-1.0000,-1.0000,-1.0000,-1.0000,-1.0000,-1.0000,-1.0000,-1.0000,-1.0000,-1.0000,-1.0000,-1.0000
6.424,0.08534740849974513,0.017469088383809957,0.0,5,193.691,-1.17003,-0.0808281,12850.6,0.0,-1.0000,-1.0000,-1.0000,-1.0000,-1.0000,-1.0000,-1.0000,-1.0000,-1.0000,-1.0000,-1.0000,-1.0000,-1.0000,-1.0000,-1.0000,-1.0000,-1.0000,-1.0000,-1.0000
6.528,0.11257792423295274,0.005724270881606847,0.0,5,190.942,-1.10236,-0.118958,12681.0,0.0,-1.0000,-1.0000,-1.0000,-1.0000,-1.0000,-1.0000,-1.0000,-1.0000,-1.0000,-1.0000,-1.0000,-1.0000,-1.0000,-1.0000,-1.0000,-1.0000,-1.0000,-1.0000,-1.0000
6.636,0.036889534212653945,0.0018757290824849312,0.0,5,188.381,-0.991229,-0.165789,12503.0,0.0,14.6755,28.6787,200.0000,83.4596,61.8781,54.8414,51.7189,49.2721,47.6518,46.0402,44.4211,42.7946,40.5038,37.8649,32.8448,22.3376,1.2060,0.3188,0.0906
6.747,0.1350409725622087,0.0006146389057486623,0.0,5,186.259,-0.842198,-0.187925,12368.4,0.0,13.5350,28.1729,200.0000,85.4545,60.5623,52.9083,49.5799,47.0004,45.3202,43.7592,42.3015,40.8738,38.8857,36.6327,32.4790,24.5965,13.8586,6.2173,1.6830
6.857,0.20539947898105954,0.00020140487663572164,0.0,5,183.748,-0.663039,-0.229179,12197.2,0.0,12.0457,23.4311,82.3250,168.4530,87.1631,70.2736,63.7073,58.9008,55.8938,53.1829,50.7262,48.4902,45.6772,42.8445,38.3999,31.1881,21.1023,12.0915,3.7267
6.968,0.06730530127251358,0.347159052990601,0.0,5,181.328,-0.476982,-0.253455,12167.2,0.0,10.4868,18.8517,30.5760,122.1140,200.0000,170.8910,133.3120,111.8140,100.2740,90.8988,83.1326,76.5945,69.0055,61.9968,52.1024,39.5608,28.1428,17.9102,5.9103
7.078,0.214692385939571,0.6654873890308352,0.0,5,181.281,-0.289492,-0.224378,12310.2,0.0,9.3181,17.1887,28.1860,68.2570,200.0000,200.0000,200.0000,179.5230,149.6360,128.2870,112.2780,99.8274,86.4221,74.9354,60.0124,42.9859,29.3141,19.8763,7.5922
7.186,0.07035040102467863,0.789048124434499,0.0,5,182.291,-0.111003,-0.206964,12452.8,0.0,8.1070,15.0236,23.4596,42.6245,84.2738,165.1640,200.0000,200.0000,200.0000,200.0000,200.0000,200.0000,162.9070,125.0340,87.1117,54.2976,33.4920,21.9905,9.1723
7.300,0.023052419407766693,0.8891323968365716,0.0,5,184.155,0.046847,-0.165623,12596.6,0.0,7.1576,13.9617,21.6270,36.1781,61.0779,93.2878,129.8480,197.6620,200.0000,200.0000,200.0000,200.0000,200.0000,195.7440,115.5750,63.6153,36.5060,23.0598,10.1740
7.411,0.17193359353294324,0.9295732592641577,0.0,5,186.377,0.167567,-0.113269,12846.3,0.0,6.5135,13.4364,20.3796,32.8010,52.0367,73.7424,94.8776,126.6640,166.5300,200.0000,200.0000,200.0000,200.0000,200.0000,145.3700,71.6993,39.0124,24.0122,10.6471
7.518,0.12614949909287482,0.9441741710644291,0.0,5,188.503,0.2511,-0.100408,13051.0,0.0,5.8950,11.3314,16.0041,22.9957,31.3287,38.3120,43.4955,49.3452,54.5948,61.0996,69.3701,80.2372,102.7950,151.4970,200.0000,153.6390,55.4576,29.4864,11.5338
7.627,0.04133666786275322,0.9479948478431421,0.0,5,190.634,0.318448,-0.123289,13221.1,0.0,5.1849,9.3071,12.5200,16.8281,21.3091,24.6124,26.8391,29.1514,31.0661,33.2526,35.7732,38.7104,43.7444,51.3915,76.5064,200.0000,91.9380,38.2492,12.8675
7.739,0.013545199325266974,0.9508129009599908,0.0,5,193.232,0.423502,-0.138404,13198.7,0.0,4.3351,7.6374,10.1475,13.4258,16.7330,19.1069,20.6773,22.2834,23.5946,25.0719,26.7487,28.6681,31.8744,36.5531,50.4688,200.0000,120.3370,44.4825,14.1691
7.849,0.004438490914903482,0.9297718557615697,0.0,5,195.707,0.554223,-0.140474,13370.3,0.0,3.3469,5.8817,7.8020,10.3015,12.8133,14.6101,15.7960,17.0066,17.9933,19.1030,20.3603,21.7965,24.1882,27.6623,37.8835,146.1550,135.3250,49.0868,15.5128
7.957,0.0014544047029955728,0.6968657041959511,0.0,5,197.942,0.693305,-0.141538,13455.8,0.0,2.3008,4.0382,5.3522,7.0595,8.7719,9.9947,10.8008,11.6230,12.2925,13.0448,13.8964,14.8681,16.4840,18.8257,25.6782,95.0341,149.7400,53.7749,16.9249
8.068,-0.01753443174895366,0.22834895395092927,0.0,5,198.243,0.83538,-0.141846,13272.3,0.0,1.2347,2.1662,2.8704,3.7849,4.7016,5.3559,5.7871,6.2267,6.5846,6.9867,7.4418,7.9608,8.8236,10.0731,13.7239,50.2100,160.9400,58.3805,18.3526
8.177,-0.10327596167887214,0.0748253852306405,0.0,5,196.833,0.971295,-0.112607,13106.6,0.0,0.2202,0.4008,0.5442,0.7404,0.9494,1.1068,1.2146,1.3280,1.4230,1.5327,1.6609,1.8128,2.0790,2.4990,4.0259,177.6230,122.3380,54.4409,18.9800
8.289,-0.033841467122932824,0.024518782232376277,0.0,5,194.792,1.07441,-0.064125,12943.3,0.0,-1.0000,-1.0000,-1.0000,-1.0000,-1.0000,-1.0000,-1.0000,-1.0000,-1.0000,-1.0000,-1.0000,-1.0000,-1.0000,-1.0000,-1.0000,-1.0000,-1.0000,-1.0000,-1.0000
8.398,-0.16557272715462387,0.00803431456190506,0.0,5,192.716,1.14203,-0.039318,12799.9,0.0,-1.0000,-1.0000,-1.0000,-1.0000,-1.0000,-1.0000,-1.0000,-1.0000,-1.0000,-1.0000,-1.0000,-1.0000,-1.0000,-1.0000,-1.0000,-1.0000,-1.0000,-1.0000,-1.0000
8.508,-0.2883112137776834,0.0026326841956450502,0.0,5,190.113,1.16859,0.0382038,12615.3,0.0,-1.0000,-1.0000,-1.0000,-1.0000,-1.0000,-1.0000,-1.0000,-1.0000,-1.0000,-1.0000,-1.0000,-1.0000,-1.0000,-1.0000,-1.0000,-1.0000,-1.0000,-1.0000,-1.0000
8.619,-0.1422419624214713,0.0008626779572289701,0.0,5,186.992,1.13542,0.129746,12394.7,0.0,-1.0000,-1.0000,-1.0000,-1.0000,-1.0000,-1.0000,-1.0000,-1.0000,-1.0000,-1.0000,-1.0000,-1.0000,-1.0000,-1.0000,-1.0000,-1.0000,-1.0000,-1.0000,-1.0000
8.728,-0.04660984624626772,0.0002826823130247889,0.0,5,184.314,1.03972,0.189388,12219.5,0.0,-1.0000,-1.0000,-1.0000,-1.0000,-1.0000,-1.0000,-1.0000,-1.0000,-1.0000,-1.0000,-1.0000,-1.0000,-1.0000,-1.0000,-1.0000,-1.0000,-1.0000,-1.0000,-1.0000
8.837,-0.015273114417977008,9.262934033196283e-05,0.0,5,182.296,0.889675,0.207444,12102.7,0.0,1.2117,5.3448,144.5590,124.5610,82.6410,69.5249,64.1154,60.0375,57.4335,55.0500,52.8603,50.8419,48.2678,45.6356,41.4223,35.0285,28.0012,22.0874,13.5366
8.946,-0.005004694132482707,3.0352782239977583e-05,0.0,5,180.483,0.708805,0.211896,11986.6,0.0,3.2201,14.6291,137.2870,113.7730,72.4044,61.2220,56.5772,53.0631,50.8133,48.7502,46.8514,45.0984,42.8587,40.5639,36.8810,31.2691,25.0693,19.8259,12.2057
9.049,-0.0016399381733319333,9.945999684395853e-06,0.0,5,178.853,0.532661,0.213952,11878.2,0.0,5.1845,23.8865,130.7360,100.3380,64.0210,54.2547,50.1854,47.1017,45.1253,43.3112,41.6404,40.0966,38.1228,36.0986,32.8460,27.8808,22.3825,17.7220,10.9330
9.168,0.06182542723889633,2.6072841412662665e-06,0.0,5,176.974,0.323561,0.215052,11752.7,0.0,7.5171,34.8988,123.1240,85.6258,54.8709,46.5551,43.0844,40.4522,38.7641,37.2139,35.7856,34.4654,32.7767,31.0441,28.2583,24.0015,19.2818,15.2765,9.4348
9.268,0.21395612614470405,8.543548674101303e-07,0.0,5,175.273,0.158529,0.172449,11638.3,0.0,8.7763,31.8553,123.5340,106.7460,67.8457,54.1117,48.8509,45.0276,42.6474,40.5091,38.5778,36.8249,34.6267,32.4208,28.9754,23.9384,18.6522,14.3921,8.4982
9.369,0.06036203679109663,2.799550029529515e-07,0.0,5,173.345,0.0270658,0.103334,11501.1,0.0,9.2602,25.7957,55.1202,115.0360,105.0030,96.5711,83.7322,71.8439,65.2341,59.7421,55.1070,51.1430,46.4692,42.0818,35.7690,27.5599,20.0274,14.6250,7.9384
9.469,0.019779432215706542,9.173565536762317e-08,0.0,4,171.883,-0.0665979,0.0730092,12695.6,0.0,9.7906,25.0247,47.0532,113.7070,105.6720,100.2580,96.5665,92.2811,87.0558,76.7765,68.5948,61.9932,54.6385,48.1226,39.3461,28.8762,20.0942,14.2261,7.4001
9.594,0.10430591184819415,2.404795164069021e-08,0.432746337890625,4,168.875,-0.140038,0.0360963,12323.3,0.0,10.0425,23.4871,39.6589,79.5648,105.1180,101.1080,98.6590,96.2697,94.3731,92.2571,89.8179,86.8178,78.5121,64.7846,48.8099,32.7377,21.2270,14.3535,7.0473
9.709,0.027343168955533008,6.3040262348970955e-09,0.7597144876882324,4,157.526,-0.175032,-0.003815,10914.3,0.0,9.9327,21.4179,33.3119,56.1076,104.1340,100.9650,99.1028,97.3557,96.0300,94.6288,93.1402,91.5474,89.0941,85.8292,75.0536,41.9184,24.2425,15.3740,7.0269
9.810,0.008959809603349056,2.06570331665108e-09,0.797200762499228,4,146.697,-0.188215,0.00120717,10077.4,0.0,10.0945,21.9751,34.4859,59.0804,98.9317,95.7551,93.8934,92.1492,90.8262,89.4286,87.9437,86.3536,83.9005,80.6163,68.6396,39.5776,23.2945,14.9084,6.8799
9.929,-0.053374915542970525,5.415117302401808e-10,0.5854023356878137,3,133.755,-0.198544,0.0147661,11284.0,0.0,10.3235,23.0806,37.1745,67.1725,92.2696,88.9905,87.0662,85.2579,83.8817,82.4209,80.8581,79.1687,76.5103,72.7640,56.9226,35.2258,21.6286,14.1644,6.7023
10.052,-0.03251550099897647,1.4195405101208196e-10,0.2406340843522731,3,123.714,-0.208995,0.0181542,11173.6,0.0,10.4501,23.5251,38.1545,92.7667,87.2285,84.0018,82.1160,80.3489,79.0073,77.5862,76.0699,74.4353,71.8747,68.3011,54.0218,33.9324,21.0342,13.8498,6.5933
10.169,-0.008523743493875687,3.7212402748511216e-11,0.8176377973782418,3,113.752,-0.220485,0.0197977,9494.36,0.0,10.5674,23.8697,38.8469,88.1682,82.7158,79.5658,77.7339,76.0239,74.7301,73.3643,71.9129,70.3564,67.9397,64.6367,52.2633,33.0550,20.5826,13.5874,6.4873
10.271,-0.002793060268073185,1.2193760132632157e-11,0.8862676638106834,3,103.895,-0.229874,0.0202243,7764.95,0.0,10.6535,24.0852,39.2329,84.7301,79.3656,76.2887,74.5070,72.8498,71.6000,70.2850,68.8932,67.4081,65.1222,62.0592,51.3897,32.5596,20.2976,13.4082,6.4065
10.388,-0.000732183990913777,3.196521056208724e-12,0.6327729693302246,2,92.2181,-0.240173,0.019906,7748.4,0.0,10.7391,24.2629,39.4958,81.0770,75.8270,72.8410,71.1212,69.5284,68.3319,67.0782,65.7577,64.3575,62.2246,59.4298,50.8820,32.1957,20.0535,13.2403,6.3228
10.490,-0.00023992205014262649,1.0474360196984748e-12,0.10635015295533087,2,83.4649,-0.247918,0.0200133,9367.54,0.0,10.8074,24.4226,39.7647,78.3122,73.1458,70.2257,68.5504,67.0036,65.8450,64.6344,63.3637,62.0219,59.9919,57.3682,50.1928,31.8437,19.8400,13.1015,6.2576
10.612,-6.289412591258868e-05,2.7457906794783695e-13,0.012511989145041726,2,78.8761,-0.256969,0.0215918,9009.38,0.0,10.9037,24.7209,40.3856,75.1213,70.0300,67.1706,65.5362,64.0317,62.9076,61.7360,60.5099,59.2196,57.2783,54.7948,48.4008,31.1174,19.4696,12.8884,6.1730
10.716,-2.0609147179037057e-05,0.13014389648446498,0.0021028900156071636,2,78.2235,-0.264758,0.0220686,9001.39,0.0,10.9767,24.9112,40.7381,72.5918,67.5777,64.7777,63.1829,61.7189,60.6278,59.4935,58.3098,57.0686,55.2111,52.8591,47.0954,30.6901,19.2266,12.7369,6.1055
10.830,-5.40256427810149e-06,0.34769057441252355,0.0002474029074461672,2,79.2354,-0.274347,0.0220934,9323.69,0.0,11.0602,25.1020,41.0523,69.5921,64.6826,61.9610,60.4180,59.0066,57.9583,56.8719,55.7425,54.5635,52.8116,50.6206,45.5183,30.2846,18.9738,12.5699,6.0257
10.948,-1.4162498101186369e-06,0.34521027879817157,0.062381096450751884,2,81.4342,-0.284198,0.022093,9615.78,0.0,11.1457,25.2960,41.8309,66.5165,61.7197,59.0810,57.5923,56.2358,55.2316,54.1944,53.1204,52.0044,50.3573,48.3219,43.7709,29.8736,18.7163,12.3993,5.9439
11.049,-4.640767377796749e-07,0.12555087915658486,0.5691215136832123,2,78.4863,-0.292446,0.0220909,8683.71,0.0,11.2173,25.4583,70.7568,63.9321,59.2342,56.6670,55.2249,53.9149,52.9481,51.9523,50.9245,49.8605,48.2990,46.3873,42.2311,29.5298,18.5008,12.2565,5.8754
11.173,-1.2165493234851507e-07,0.12290557763437378,0.06695657696331625,2,72.4545,-0.301601,0.0220804,8314.87,0.0,11.2966,25.6378,67.7842,61.0521,56.4691,53.9839,52.5945,51.3372,50.4122,49.4626,48.4860,47.4791,46.0104,44.2296,40.4600,29.1498,18.2622,12.0982,5.7995
11.288,-3.1891110585569136e-08,0.24141505232151028,0.007877374323157193,2,72.4753,-0.310436,0.0220779,8442.19,0.0,11.3733,25.8116,64.8901,58.2559,53.7894,51.3859,50.0487,48.8430,47.9589,47.0541,46.1267,45.1745,43.7932,42.1331,38.6963,28.7815,18.0314,11.9452,5.7261
11.389,-1.0450079116679294e-08,0.2792461362978375,0.0013239503024930297,2,73.4519,-0.317899,0.0220778,8595.78,0.0,11.4380,25.9586,62.4406,55.8956,51.5314,49.1985,47.9061,46.7443,45.8949,45.0279,44.1418,43.2349,41.9254,40.3629,37.1807,28.4701,17.8362,11.8160,5.6642
11.511,-2.7394255399627764e-09,0.29113307727866033,0.00015576142913800248,2,74.9179,-0.326993,0.0220772,8782.53,0.0,11.5170,26.1377,59.4313,53.0043,48.7705,46.5266,45.2900,44.1827,43.3760,42.5551,41.7192,40.8671,39.6435,38.1952,35.2985,28.0716,17.5985,11.6585,5.5886
11.629,-7.181239687480021e-10,0.2942413370663871,1.8325176376656856e-05,2,76.4783,-0.336278,0.0220772,8966.95,0.0,11.5975,26.3253,56.3360,50.0407,45.9470,43.7969,42.6186,41.5678,40.8051,40.0315,39.2467,38.4498,37.3117,35.9752,33.3454,27.2713,17.3557,11.4976,5.5115
11.748,-1.8825188966347624e-10,0.297058640517056,2.1559386755373024e-06,2,78.0679,-0.34574,0.0220772,9156.75,0.0,11.6797,27.4654,53.1496,47.0012,43.0583,41.0074,39.8902,38.8981,38.1807,37.4557,36.7227,35.9815,34.9287,33.7017,31.3231,26.1218,17.1083,11.3337,5.4330
11.850,-6.16863792049279e-11,0.2897031694652539,3.623486131975544e-07,2,79.3936,-0.353785,0.0220766,9312.97,0.0,11.7495,58.1454,50.4208,44.4081,40.5998,38.6362,37.5721,36.6307,35.9521,35.2684,34.5793,33.8848,32.9028,31.7655,29.5857,24.9863,16.8979,11.1944,5.3662
11.970,0.31586214294626286,0.23702482148442452,4.2629951994079084e-08,2,80.7979,-0.362265,0.0125985,9450.09,0.0,11.7076,55.2667,47.6812,41.8841,38.2692,36.4255,35.4328,34.5589,33.9316,33.3017,32.6693,32.0344,31.1415,30.1150,28.1727,24.2175,17.3756,11.3391,5.3445
12.089,0.08705783956230514,0.13226250589696298,5.015371222151411e-09,2,81.4138,-0.352877,-0.0397832,9423.92,0.0,11.0488,54.8354,47.6099,42.1571,38.7962,37.0962,36.1854,35.3862,34.8143,34.2415,33.6681,33.0942,32.2899,31.3698,29.6436,26.2006,20.5703,13.4956,5.7232
12.210,0.02282169029422092,0.09440896258022846,5.900534089148914e-10,2,81.4858,-0.329171,-0.0606984,9390.22,0.0,10.6519,52.5216,45.4876,40.2683,37.0946,35.5034,34.6550,33.9134,33.3842,32.8555,32.3275,31.8002,31.0638,30.2250,28.6623,25.5908,20.7235,14.7849,6.0717
12.314,0.24012545029818355,0.08974877260828926,9.917027643632581e-11,2,81.3731,-0.304944,-0.0690786,9370.29,0.0,10.3810,50.0493,43.1434,38.1008,35.0731,33.5674,32.7681,32.0715,31.5757,31.0815,30.5889,30.0982,29.4145,28.6385,27.2010,24.4077,20.0771,14.9445,6.3513
12.428,0.44655708824149853,0.09309178193412737,1.1667283852457296e-11,2,80.7717,-0.256513,-0.149863,9315.16,0.0,9.3682,50.9205,44.3095,39.4976,36.6146,35.1826,34.4228,33.7607,33.2895,32.8200,32.3521,31.8860,31.2367,30.4997,29.1342,26.4789,22.3418,17.3450,7.5149
12.529,0.14632782667497424,0.09607696158854986,1.960920397082498e-12,2,80.3891,-0.186226,-0.242788,9271.65,0.0,8.3111,15.4292,46.5562,41.9305,39.1503,37.7664,37.0311,36.3898,35.9330,35.4775,35.0233,34.5706,33.9394,33.2219,31.8897,29.2870,25.1860,20.1094,9.2167
12.630,0.3246747981706514,0.10205459838271101,3.2957189113765554e-13,2,80.1787,-0.092774,-0.291774,9246.3,0.0,7.4623,13.4830,46.3718,41.9021,39.2263,37.8971,37.1917,36.5770,36.1394,35.7033,35.2685,34.8353,34.2316,33.5460,32.2744,29.7936,25.8924,21.0579,10.3425
12.750,0.19926638743414724,0.20082432095093738,3.8773803420454045e-14,2,80.0498,0.050831,-0.374574,9330.52,0.0,6.3304,10.6431,47.3021,43.0137,40.4473,39.1726,38.4960,37.9063,37.4865,37.0680,36.6509,36.2352,35.6557,34.9974,33.7758,31.3895,27.6220,22.9048,11.9363
12.870,0.05223648786753708,0.31148856461948754,4.561699198613e-15,2,81.1601,0.209113,-0.342934,9529.97,0.0,5.3600,9.1329,15.7945,42.0620,39.6105,38.3974,37.7549,37.1955,36.7977,36.4014,36.0066,35.6136,35.0664,34.4455,33.2952,31.0557,27.5381,23.1547,12.8306
12.989,0.013693481875547642,0.38362092351798593,5.366793490176209e-16,2,83.115,0.346827,-0.270222,9825.68,0.0,4.6134,8.5629,43.4264,39.4717,37.1494,36.0083,35.4061,34.8832,34.5119,34.1427,33.7755,33.4104,32.9031,32.3289,31.2690,29.2196,26.0379,22.1302,13.0177
13.089,0.00448708014097945,0.4214421327339986,9.019969818939153e-17,2,85.1118,0.437292,-0.198677,10103.6,0.0,4.1714,8.7671,40.7308,36.9326,34.7286,33.6529,33.0873,32.5972,32.2499,31.9049,31.5625,31.2226,30.7510,30.2184,29.2387,27.3567,24.4660,20.9629,12.8940
13.210,0.40337561376632747,0.45999390847467136,1.0611904292283725e-17,2,87.6967,0.512916,-0.123577,10489.2,0.0,3.8322,10.0864,38.0247,34.4016,32.3255,31.3193,30.7921,30.3363,30.0140,29.6944,29.3776,29.0636,28.6287,28.1386,27.2400,25.5251,22.9175,19.7960,12.6897
13.310,0.3127307137221357,0.4760009465071053,1.783542754404126e-18,2,89.6689,0.560335,-0.111765,10865.3,0.0,3.4840,8.8629,37.9388,34.3537,32.3024,31.3092,30.7890,30.3393,30.0214,29.7061,29.3937,29.0840,28.6553,28.1722,27.2869,25.5974,23.0299,19.9553,12.9309
13.434,0.4045929671594638,0.4393409616524086,2.0983202151289109e-19,2,92.2127,0.605894,-0.0972158,11139.7,0.0,3.1535,7.9184,37.7849,34.2337,32.2060,31.2253,30.7119,30.2682,29.9545,29.6437,29.3356,29.0303,28.6078,28.1319,27.2599,25.5970,23.0721,20.0503,13.1332
13.551,0.6062609849634855,0.19448963142640902,2.468652749897013e-20,2,93.5499,0.640248,-0.0771623,10961.2,0.0,2.9254,7.5787,37.3622,33.8468,31.8459,30.8797,30.3742,29.9377,29.6292,29.3236,29.0209,28.7211,28.3062,27.8391,26.9837,25.3550,22.8867,19.9393,13.2029
13.654,0.4440910127102872,0.06373036242580571,4.149064676751911e-21,2,92.8254,0.663123,-0.072979,10660.3,0.0,2.7447,6.9379,37.5031,33.9835,31.9812,31.0145,30.5089,30.0724,29.7639,29.4583,29.1556,28.8557,28.4408,27.9736,27.1184,25.4903,23.0229,20.0767,13.3371
13.768,0.5004920599204646,0.01670653212775041,4.881333101551856e-22,2,91.2609,0.687713,-0.0930928,10375.3,0.0,2.4906,5.6575,38.8110,35.1187,33.0715,32.0812,31.5627,31.1146,30.7979,30.4839,30.1728,29.8645,29.4377,28.9569,28.0757,26.3947,23.8394,20.7751,13.7174
13.870,0.6404779422438474,0.005474396447621255,8.204056543778207e-23,2,89.4118,0.708815,-0.121711,10122.6,0.0,2.2598,4.6770,41.4764,36.7134,34.4621,33.4427,32.9082,32.4459,32.1188,31.7944,31.4727,31.1538,30.7120,30.2138,29.2994,27.5505,24.8801,21.6590,14.1704
13.988,0.6765160173665367,0.0014350801823652263,9.651990483189622e-24,2,86.6485,0.738613,-0.172148,9776.32,0.0,1.9435,3.5946,5.3119,40.9887,37.9071,36.4410,35.7142,35.1071,34.6892,34.2836,33.8899,33.5077,32.9911,32.4256,31.4321,29.5731,26.7115,23.2218,14.9612
14.089,0.2765637552145261,0.0004702470741574373,1.62221004050968e-24,2,84.1173,0.769063,-0.223362,9468.9,0.0,1.6527,2.8096,3.7684,5.3304,42.0365,40.6748,39.9348,39.2788,38.8043,38.3248,37.8401,37.3504,36.6559,35.8508,34.4220,31.9425,28.6719,24.9151,15.8341
14.192,0.0906244113086959,0.00015409056125990906,2.7264484150846195e-25,2,81.7861,0.805745,-0.274418,9193.73,0.0,1.3444,2.1359,2.7103,3.4515,4.2322,4.8525,5.3177,5.8770,6.4563,7.5209,41.5439,41.1222,40.5276,39.8410,38.5341,35.8391,31.3247,26.7559,16.8238
14.292,0.1275374174277116,5.0492395113647004e-05,4.5823418512327214e-26,2,79.5373,0.849784,-0.32188,8936.93,0.0,1.0114,1.5219,1.8623,2.2566,2.6114,2.8461,2.9940,3.1401,3.2561,3.3836,3.5249,3.6829,3.9399,4.3062,5.4503,39.2632,35.1408,29.2365,17.8943
14.408,0.3682217410887481,1.3236278424671883e-05,5.391079364556785e-27,2,76.4288,0.914064,-0.382467,8493.03,0.0,0.5614,0.7962,0.9419,1.0973,1.2248,1.3026,1.3490,1.3928,1.4261,1.4613,1.4986,1.5381,1.5977,1.6725,1.8374,2.3201,39.0310,33.7497,19.4302
14.510,0.12065890011996099,4.337263714196482e-06,9.060787088010592e-28,2,73.7739,0.973787,-0.434673,7960.87,0.0,0.1675,0.2274,0.2631,0.2996,0.3282,0.3450,0.3548,0.3640,0.3708,0.3780,0.3855,0.3933,0.4048,0.4190,0.4488,0.5247,0.7422,2.4897,20.9022
14.612,-0.2525439420815505,1.4212345738679034e-06,1.5228464858819402e-28,2,72.2656,1.0336,-0.413226,8106.7,0.0,-1.0000,-1.0000,-1.0000,-1.0000,-1.0000,-1.0000,-1.0000,-1.0000,-1.0000,-1.0000,-1.0000,-1.0000,-1.0000,-1.0000,-1.0000,-1.0000,-1.0000,-1.0000,-1.0000
14.713,-0.6065472122835793,4.6571014516503463e-07,2.5594480888217776e-29,2,71.9219,1.10138,-0.34436,8196.57,0.0,-1.0000,-1.0000,-1.0000,-1.0000,-1.0000,-1.0000,-1.0000,-1.0000,-1.0000,-1.0000,-1.0000,-1.0000,-1.0000,-1.0000,-1.0000,-1.0000,-1.0000,-1.0000,-1.0000
14.830,-0.6867082623384322,1.220831202941428e-07,3.0111650820179342e-30,2,71.8486,1.16676,-0.109624,8214.48,0.0,-1.0000,-1.0000,-1.0000,-1.0000,-1.0000,-1.0000,-1.0000,-1.0000,-1.0000,-1.0000,-1.0000,-1.0000,-1.0000,-1.0000,-1.0000,-1.0000,-1.0000,-1.0000,-1.0000
14.931,-0.22502056340305746,4.000419685798471e-08,5.060865153347542e-31,2,70.9531,1.17834,0.031966,8122.24,0.0,-1.0000,-1.0000,-1.0000,-1.0000,-1.0000,-1.0000,-1.0000,-1.0000,-1.0000,-1.0000,-1.0000,-1.0000,-1.0000,-1.0000,-1.0000,-1.0000,-1.0000,-1.0000,-1.0000
15.031,-0.07373473821591386,1.310857522642443e-08,8.505796063231214e-32,2,70.2696,1.14871,0.149405,8012.84,0.0,-1.0000,-1.0000,-1.0000,-1.0000,-1.0000,-1.0000,-1.0000,-1.0000,-1.0000,-1.0000,-1.0000,-1.0000,-1.0000,-1.0000,-1.0000,-1.0000,-1.0000,-1.0000,-1.0000
15.133,0.14018726230430972,4.295417930194757e-09,1.42956914434727e-32,2,69.6482,1.08956,0.228357,7996.46,0.0,-1.0000,-1.0000,-1.0000,-1.0000,-1.0000,-1.0000,-1.0000,-1.0000,-1.0000,-1.0000,-1.0000,-1.0000,-1.0000,-1.0000,-1.0000,-1.0000,-1.0000,-1.0000,-1.0000
15.249,0.18127022048990096,1.1260180378929745e-09,1.6818738026331195e-33,2,68.8626,1.00079,0.232696,7879.84,0.0,-1.0000,-1.0000,-1.0000,-1.0000,-1.0000,-1.0000,-1.0000,-1.0000,-1.0000,-1.0000,-1.0000,-1.0000,-1.0000,-1.0000,-1.0000,-1.0000,-1.0000,-1.0000,-1.0000
15.353,0.05939862585013075,3.689735906567698e-10,2.8267253000854847e-34,2,68.4469,0.93544,0.198593,7834.16,0.0,0.6996,2.9207,31.5101,29.0015,27.5960,26.9218,26.5699,26.2663,26.0517,25.8392,25.6287,25.4202,25.1318,24.8070,24.2122,23.0767,21.3369,19.2087,13.8843
15.453,0.3361260614906851,0.40861042394903024,4.750877211853674e-35,2,68.6239,0.876933,0.18046,8112.65,0.0,1.2984,5.0652,29.8121,27.3898,26.0439,25.4011,25.0665,24.7783,24.5750,24.3738,24.1747,23.9777,23.7054,23.3992,22.8396,21.7764,20.1603,18.2052,13.4326
15.568,0.25901220072325165,0.7135020545694446,5.5893595309737296e-36,2,71.6823,0.823299,0.116022,8915.25,0.0,1.7086,32.7665,28.9445,26.5174,25.1798,24.5430,24.2120,23.9273,23.7267,23.5285,23.3325,23.1389,22.8717,22.5719,22.0247,20.9876,19.4245,17.5505,13.0859
15.693,0.2907728063862154,0.7597719103274274,6.575825594595285e-37,2,76.1918,0.786674,0.080826,10799.3,0.0,2.0845,31.9958,28.0927,25.6409,24.2988,23.6631,23.3337,23.0508,22.8517,22.6550,22.4607,22.2688,22.0042,21.7075,21.1675,20.1499,18.6255,16.8187,12.6153
15.794,0.5745517897912834,0.7351468291073414,1.1051990076836297e-37,2,79.7896,0.741581,0.0889246,11659.1,0.0,2.5700,32.7615,28.5672,25.9446,24.5144,23.8390,23.4890,23.1885,22.9772,22.7686,22.5627,22.3595,22.0795,21.7660,21.1962,20.1245,18.5264,16.6455,12.3393
15.912,0.1506153043830462,0.6166065163070149,1.3002555805497133e-38,2,83.0105,0.668015,0.040113,11942.6,0.0,3.1187,35.8226,30.9410,27.8824,26.2150,25.4271,25.0192,24.6694,24.4235,24.1808,23.9413,23.7050,23.3793,23.0147,22.3523,21.1093,19.2623,17.1017,12.2262
16.014,0.1806638966015354,0.24618937326348264,2.185339554229904e-39,2,84.1336,0.597563,-0.00179482,10997.2,0.0,3.6112,38.7099,33.1815,29.7071,27.8117,26.9158,26.4520,26.0542,25.7746,25.4989,25.2268,24.9584,24.5886,24.1746,23.4228,22.0138,19.9263,17.4974,12.0965
16.128,0.1462134534184189,0.0645370670647824,2.5710301321559404e-40,2,82.7626,0.513485,-0.0256474,9666.9,0.0,4.2689,41.1813,34.9934,31.1012,28.9792,27.9774,27.4591,27.0146,26.7023,26.3943,26.0907,25.7913,25.3792,24.9179,24.0813,22.5164,20.2096,17.5480,11.7558
16.231,0.04791122441614751,0.021147506135787898,4.3211303431144897e-41,2,80.9485,0.450254,-0.035296,9199.0,0.0,4.7841,42.7923,36.1161,31.9180,29.6322,28.5540,27.9966,27.5190,27.1836,26.8530,26.5270,26.2055,25.7632,25.2687,24.3728,22.7009,20.2470,17.4363,11.4329
16.350,-0.021002894166353425,0.005543691848459982,5.083766637370766e-42,2,78.937,0.385955,-0.0418408,8912.82,0.0,5.3193,44.4159,37.2083,32.6800,30.2186,29.0593,28.4606,27.9479,27.5881,27.2334,26.8838,26.5392,26.0655,25.5363,24.5791,22.7968,20.1956,17.2423,11.0665
16.473,0.2763788697236623,0.0014532455559226937,5.981000611200333e-43,2,77.2694,0.336774,-0.0389112,8746.15,0.0,5.7763,45.6253,37.7857,33.0024,30.4096,29.1911,28.5626,28.0248,27.6472,27.2754,26.9091,26.5485,26.0530,25.5002,24.5016,22.6468,19.9558,16.9279,10.7173
16.591,0.1793386950449122,0.1148262721030118,7.036587409071083e-44,2,75.5527,0.306112,-0.0402187,8644.78,0.0,6.0308,47.8838,38.7001,33.6518,30.9197,29.6377,28.9768,28.4113,28.0147,27.6241,27.2397,26.8613,26.3418,25.7626,24.7167,22.7792,19.9796,16.8516,10.5338
16.694,0.05876570359231683,0.4391019349520899,1.182639245842577e-44,2,76.0056,0.294705,-0.0329698,9219.17,0.0,6.1689,49.7468,39.0893,33.8624,31.0548,29.7395,29.0617,28.4823,28.0763,27.6767,27.2835,26.8967,26.3655,25.7735,24.7059,22.7330,19.8920,16.7343,10.4212
16.809,0.35881004795216837,0.5948753368548306,1.3913632463413334e-45,2,79.2624,0.287638,0.00808018,9672.72,0.0,6.5513,48.5459,37.4476,32.2536,29.5198,28.2459,27.5915,27.0329,26.6418,26.2574,25.8796,25.5083,24.9995,24.4335,23.4150,21.5410,18.8630,15.9128,10.0774
16.910,0.24532697923978652,0.6293586390524658,2.3384642081258796e-46,2,82.1729,0.28123,0.00883883,10352.7,0.0,6.6012,52.3447,38.6024,32.7486,29.9206,28.6044,27.9285,27.3518,26.9484,26.5520,26.1625,25.7799,25.2556,24.6723,23.6240,21.6989,18.9552,15.9456,10.0434
17.021,0.08038874455729325,0.648247658766587,3.9302567945971656e-47,2,85.6622,0.272763,0.00342434,10848.5,0.0,6.6140,59.9236,41.1205,33.8365,30.6846,29.3051,28.5969,27.9930,27.5706,27.1556,26.7480,26.3474,25.7987,25.1886,24.0930,22.0830,19.2261,16.1055,10.0434
17.124,0.02634178381653386,0.6594562420433853,6.605582594679459e-48,2,89.6907,0.255805,0.0324547,11119.0,0.0,7.0294,62.6327,40.7810,32.8780,29.5476,28.1503,27.4569,26.8664,26.4538,26.0488,25.6514,25.2615,24.7281,24.1360,23.0747,21.1357,18.3979,15.4314,9.7257
17.238,0.014205067582940293,0.6648698440490265,1.1102002666877765e-48,2,93.7633,0.223134,0.0852844,11478.5,0.0,7.9472,59.0572,37.6534,30.1213,26.9793,25.6665,25.0226,24.4781,24.0983,23.7262,23.3615,23.0043,22.5166,21.9765,21.0119,19.2596,16.8079,14.1756,9.1577
17.346,0.12384623636728724,0.666643773154235,1.8659135882221465e-49,2,97.6563,0.168532,0.124131,12001.8,0.0,9.1269,59.1287,35.7805,28.1015,24.9743,23.6805,23.0501,22.5289,22.1720,21.8234,21.4822,21.1485,20.6935,20.1907,19.2955,17.6794,15.4367,13.0513,8.5572
17.458,0.040581934732832683,0.6712562397903047,3.1360409677249617e-50,2,101.552,0.0959326,0.150174,12495.1,0.0,10.5104,64.4372,35.2021,26.7630,23.4701,22.1309,21.4831,20.9498,20.5867,20.2375,19.9014,19.5778,19.1437,18.6665,17.8194,16.2987,14.2080,12.0077,7.9211
17.566,0.17092144650557883,0.673249527857612,5.270744054455343e-51,2,105.529,0.000754039,0.196256,12872.7,0.0,13.1015,61.6969,31.7107,23.6922,20.6344,19.4019,18.8080,18.3202,17.9886,17.6701,17.3640,17.0696,16.6759,16.2505,15.5080,14.1842,12.3823,10.5048,7.0603
17.674,0.21097830011197932,0.6709557216946324,8.858539532323096e-52,2,109.052,-0.113515,0.200895,13526.1,0.0,14.8841,126.2300,33.6823,23.3113,19.7346,18.3456,17.6866,17.1503,16.7882,16.4423,16.1115,15.7950,15.3741,14.9224,14.1504,12.8479,11.1423,9.3935,6.2570
17.782,0.06913336938069338,0.6694872982286472,1.4888547391975432e-52,2,112.522,-0.236797,0.187133,14102.9,0.0,15.5069,98.3449,43.8643,25.2731,20.2047,18.3800,17.5400,16.8682,16.4204,15.9970,15.5960,15.2157,14.7154,14.1849,13.2933,11.8309,10.0509,8.3666,5.4479
17.896,0.3178384648905406,0.6609573068679381,2.5023181601693115e-53,2,116.136,-0.368821,0.196016,14411.3,0.0,16.4520,82.8254,124.7870,25.9665,19.4293,17.2722,16.3108,15.5557,15.0591,14.5944,14.1584,13.7488,13.2153,12.6562,11.7320,10.2557,8.5218,6.9643,4.4953
18.005,0.21044472653620733,0.626995427814486,4.2056461317965626e-54,2,119.101,-0.504411,0.182284,14825.1,0.0,16.3954,63.9389,98.6093,36.8317,22.4331,18.7803,17.2840,16.1601,15.4441,14.7899,14.1899,13.6378,12.9348,12.2172,11.0716,9.3398,7.4456,5.8590,3.5758
18.115,0.06895852799138441,0.6213767387393758,7.068429453710482e-55,3,121.684,-0.633451,0.133249,11927.1,0.0,16.1489,49.5429,77.9800,102.8700,34.6929,24.5743,21.2712,19.0355,17.7076,16.5541,15.5428,14.6490,13.5592,12.4988,10.9055,8.7048,6.5451,4.9059,2.7672
18.226,0.02259633045221684,0.6521766145157436,1.187990938285121e-55,3,122.713,-0.729531,0.101924,11724.8,0.0,16.4328,45.4764,69.7806,91.6964,107.3610,27.8561,22.4798,19.2346,17.4381,15.9495,14.6961,13.6264,12.3677,11.1885,9.4961,7.3026,5.2972,3.8631,2.0929
18.339,0.007404365562582414,0.6697532389038938,1.996656369975803e-56,3,125.593,-0.801828,0.0935532,11908.0,0.0,16.9462,45.2296,66.9634,87.2639,101.9540,23.8288,18.6255,15.6398,14.0341,12.7283,11.6456,10.7334,9.6739,8.6945,7.3108,5.5548,3.9850,2.8827,1.5441
18.446,0.0024262625075470055,0.6790439874177779,3.3557803610183327e-57,3,128.513,-0.864641,0.0911376,12153.5,0.0,17.4860,45.2972,65.1806,84.2557,98.2230,17.1027,13.2211,11.0320,9.8661,8.9236,8.1461,7.4937,6.7390,6.0445,5.0678,3.8364,2.7431,1.9796,1.0568
18.552,0.2403023751243105,0.7083490615314325,5.640060052763513e-58,3,131.386,-0.923692,0.0782205,12508.0,0.0,17.7656,43.6604,61.3757,78.7186,91.5543,13.2402,9.4342,7.5391,6.5936,5.8593,5.2725,4.7928,4.2519,3.7667,3.1042,2.3001,1.6138,1.1491,0.6023
18.666,0.2098808606239841,0.7706824259513697,9.479248930679638e-59,3,134.087,-0.962405,0.00621527,12964.4,0.0,16.7560,36.0084,49.0539,62.0436,71.7647,77.2681,80.3959,83.2490,85.3552,87.5207,15.0970,9.5312,6.2870,4.5269,2.9698,1.7618,1.0541,0.6806,0.3170
18.773,0.06877376040926711,0.8102909653826198,1.5931773677793265e-59,3,136.972,-0.966274,-0.0673412,13531.6,0.0,15.6657,30.0307,39.4336,48.8874,56.0311,60.1001,62.4203,64.5410,66.1097,67.7247,69.3872,71.0989,73.5801,76.5420,82.4786,3.6923,1.4289,0.7747,0.3076
18.883,0.02253578581090864,0.8292300829897018,2.677653202026714e-60,3,140.485,-0.934835,-0.11272,13705.4,0.0,14.8423,26.6287,33.9836,41.4042,47.0472,50.2772,52.1242,53.8156,55.0689,56.3607,57.6927,59.0657,61.0595,63.4450,68.2430,79.2531,4.0488,1.8006,0.6275
18.994,0.009712838276940418,0.8489917991409405,4.500331736646299e-61,3,144.367,-0.869694,-0.128397,13921.4,0.0,14.1674,24.5798,30.8537,37.2088,42.0701,44.8653,46.4678,47.9384,49.0294,50.1559,51.3187,52.5189,54.2654,56.3589,60.5847,70.3517,9.6577,3.8739,1.2801
19.103,-0.04647484883512309,0.9159546776643783,7.563707549781435e-62,3,148.446,-0.783419,-0.121034,14221.1,0.0,13.5913,23.1524,28.8607,34.6874,39.1793,41.7762,43.2699,44.6432,45.6642,46.7196,47.8107,48.9390,50.5834,52.5598,56.5641,65.8911,86.2465,6.2169,2.1077
19.212,-0.015228878466293134,0.9641547436208135,1.2712323278917658e-62,3,152.894,-0.69681,-0.101404,14702.9,0.0,13.0594,21.9476,27.3161,32.8539,37.1643,39.6724,41.1202,42.4547,43.4485,44.4779,45.5440,46.6484,48.2613,50.2050,54.1604,63.4528,84.0367,8.2249,2.8789
19.325,-0.024865846287241186,0.9825104080302932,2.1365601734876906e-63,4,156.987,-0.615695,-0.0957964,12254.2,0.0,12.2237,20.1073,24.8924,29.8611,33.7580,36.0380,37.3586,38.5784,39.4891,40.4335,41.4133,42.4301,43.9188,45.7177,49.3953,58.1185,77.7918,13.0770,3.6881
19.434,-0.06994509147750319,0.9895130358939914,3.5909166835807604e-64,4,158.283,-0.524779,-0.113472,12265.2,0.0,11.4371,18.8055,23.3539,28.1414,31.9420,34.1839,35.4882,36.6970,37.6015,38.5420,39.5197,40.5367,42.0296,43.8398,47.5610,56.4853,76.9933,20.0865,4.6756
19.545,-0.025259335993316995,0.9918076569923681,6.035253670094185e-65,4,161.804,-0.418551,-0.125751,12496.3,0.0,10.5865,17.4482,21.7588,26.3627,30.0663,32.2707,33.5598,34.7586,35.6581,36.5956,37.5730,38.5917,40.0923,41.9188,45.6967,54.8704,76.3934,130.3580,5.8243
19.654,-0.1249992035697901,0.9925595584338841,1.0143450843327294e-65,4,165.296,-0.297236,-0.143696,12755.4,0.0,9.5858,15.7181,19.6126,23.8169,27.2365,29.2885,30.4940,31.6190,32.4656,33.3499,34.2743,35.2404,36.6676,38.4127,42.0460,50.9935,72.5243,129.4740,7.2367
19.763,-0.060027766129748826,0.9928059414982401,1.7048097832380182e-66,4,168.583,-0.168976,-0.12987,13048.8,0.0,8.7450,14.6800,18.5780,22.8998,26.4970,28.6882,29.9864,31.2047,32.1255,33.0914,34.1046,35.1678,36.7464,38.6870,42.7650,52.9751,78.1026,139.2470,8.4017
19.873,-0.07900598479117735,0.9928866763007682,2.8652738026881374e-67,4,172.012,-0.0404765,-0.134504,13258.4,0.0,7.7732,13.1086,16.6744,20.6940,24.0951,26.1915,27.4424,28.6220,29.5170,30.4594,31.4518,32.4967,34.0551,35.9827,40.0712,50.5026,76.9523,137.9400,9.7797
19.982,-0.1884938655901855,0.9935154752308606,4.815665680177953e-68,4,175.212,0.0878601,-0.120273,13551.8,0.0,6.8992,11.9094,15.3770,19.4053,22.9091,25.1098,26.4369,27.6974,28.6599,29.6781,30.7558,31.8967,33.6085,35.7420,40.3213,52.2495,83.5006,139.7110,10.8771
20.092,-0.06254442491174822,0.9936010513142735,8.093689308675086e-69,4,178.237,0.20344,-0.0882962,13814.2,0.0,6.1870,11.1609,14.8077,19.2551,23.2943,25.9034,27.5008,29.0337,30.2137,31.4701,32.8085,34.2341,36.3896,39.0994,44.9839,60.5428,109.5550,48.6446,11.5322
20.204,-0.2022320033000379,0.9939001475727861,1.360306362109022e-69,4,181.456,0.303495,-0.0783556,14001.2,0.0,5.4616,10.0448,13.5180,17.8916,21.9906,24.6986,26.3778,28.0036,29.2635,30.6137,32.0608,33.6115,35.9725,38.9664,45.5438,63.2443,115.5780,46.7594,12.3334
20.312,-0.10867504619175643,0.9938475694972755,2.286266902796633e-70,4,184.295,0.38426,-0.0420764,14280.8,0.0,4.9877,9.6909,13.5338,18.7090,23.8589,27.3904,29.6222,31.8073,33.5163,35.3596,37.3453,39.4854,42.7587,46.9258,56.0966,84.8427,122.7140,37.3100,12.5261
20.425,-0.035610639136114744,0.9945546590728672,3.842528783530302e-71,4,187.437,0.441788,-0.0252259,14437.5,0.0,4.5959,9.2025,13.1479,18.7141,24.5025,28.5854,31.2027,33.7875,35.8218,38.0261,40.4105,42.9883,46.9440,51.9910,63.7732,101.6780,122.4320,35.1556,12.7900
20.534,-0.011668894232122081,0.9950800007631221,6.458138126479379e-72,4,190.79,0.485962,-0.035457,14621.5,0.0,4.1955,8.3074,11.8068,16.7502,21.9417,25.6506,28.0514,30.4419,32.3356,34.3987,36.6478,39.0941,42.8766,47.7562,59.6508,97.0397,116.8190,37.8469,13.3275
20.645,-0.13199588057679426,0.9954403771500598,1.0854192749173893e-72,4,194.056,0.532145,-0.0385001,14871.2,0.0,3.8106,7.5401,10.7343,15.3017,20.1866,23.7374,26.0630,28.3973,30.2606,32.3048,34.5459,36.9994,40.8248,45.8694,59.5278,94.1234,112.0420,39.3117,13.7814
20.753,-0.04325241014740394,0.9952934340345315,1.8242641753536558e-73,5,196.639,0.570465,-0.0127853,13525.1,0.0,3.5856,7.4140,10.9186,16.2843,22.4151,27.0572,30.1535,33.2925,35.8120,38.6024,41.8404,45.6742,52.4043,63.0307,83.3936,96.9417,111.0170,35.3077,13.7157
20.865,-0.08164170536116383,0.9957271587144352,3.06604079951689e-74,5,197.249,0.595739,-0.0115827,13508.7,0.0,3.3798,7.0204,10.3930,15.6451,21.7848,26.5235,29.7219,33.0222,35.8487,39.2058,43.2615,48.2566,57.5706,71.8110,81.7076,93.0745,106.1090,35.3698,13.9098
20.974,-0.12681772799554616,0.6232594378675461,5.153094771748036e-75,5,199.467,0.609085,0.0178916,13592.3,0.0,3.3662,7.3812,11.4238,18.2952,27.0011,34.8675,41.2966,49.2501,57.1111,65.7488,69.7785,72.7325,76.1264,79.4269,84.6792,93.1931,54.5529,31.5160,13.5898
21.083,-0.04155563310958056,0.20422965260043754,0.6112318496704101,5,196.976,0.596359,0.0431926,12968.6,0.0,3.5695,8.2295,13.2993,22.7205,38.7944,58.9020,64.7139,68.2074,70.3463,72.2959,74.1046,75.8026,78.0311,80.4073,84.4855,91.5842,44.7967,28.4054,13.1399
21.194,-0.01361694985734736,0.06692197256411136,0.8346884503530121,5,185.217,0.570358,0.0352179,11901.2,0.0,3.7671,8.5421,13.6016,23.4871,41.9463,57.4783,61.3719,64.1941,66.0132,67.7131,69.3182,70.8448,72.8725,75.0599,78.8632,85.6008,43.6298,28.0333,13.0169
21.306,-0.0044620021292555824,0.021928991969808014,0.8734718413298347,5,171.779,0.550578,0.0175063,10884.4,0.0,3.8685,8.4768,13.2582,22.5679,39.2709,51.9719,55.5065,58.1281,59.8348,61.4395,62.9618,64.4159,66.3552,68.4571,72.1336,78.7132,44.5549,28.4197,13.0688
21.412,-0.0014621088577144695,0.00718569208866669,0.8797431107975983,5,158.693,0.542053,0.00392025,9914.53,0.0,3.8886,8.4121,13.1231,22.2291,38.3481,47.6930,50.7487,53.1014,54.6591,56.1381,57.5521,58.9111,60.7352,62.7251,66.2339,72.5912,47.7460,28.5697,13.1014
21.524,-0.00047910383049587735,0.002354607583614301,0.8806760660807269,4,145.728,0.542229,-0.00146038,10007.9,0.0,3.8787,8.4008,13.1204,22.2726,37.8232,44.1480,46.7592,48.8414,50.2444,51.5909,52.8894,54.1462,55.8453,57.7125,61.0351,67.1368,76.1120,28.5433,13.1054
21.633,-0.0001569927431768891,0.0007715578129987341,0.8804799320841468,4,133.335,0.543432,-0.000959698,8799.19,0.0,3.8704,8.3909,13.1166,22.3039,35.8077,40.7792,43.0472,44.9028,46.1712,47.3997,48.5935,49.7565,51.3393,53.0909,56.2356,62.0875,70.8477,28.5240,13.1090
21.744,-5.1443382084203024e-05,0.00025282406416342513,0.8820269437344548,3,121.205,0.544372,-0.000695531,7782.27,0.0,3.8634,8.3800,13.1058,22.3056,33.4833,37.6124,39.6059,41.2694,42.4199,43.5432,44.6422,45.7194,47.1943,48.8377,51.8131,57.4223,65.9650,28.5193,13.1136
21.854,-1.6856967441351648e-05,8.284538934507114e-05,0.8822869499825221,3,110.017,0.545105,-0.00062782,8018.89,0.0,3.8575,8.3682,13.0889,22.2820,31.1501,34.6762,36.4439,37.9424,38.9891,40.0182,41.0313,42.0297,43.4047,44.9464,47.7609,53.1349,61.4586,29.1023,13.1189
21.967,-5.523691091182108e-06,2.7146777180592913e-05,0.8808717303178398,3,99.2372,0.545695,-0.000653569,6331.62,0.0,3.8524,8.3567,13.0703,22.0951,28.9213,31.9851,33.5635,34.9185,35.8732,36.8177,37.7527,38.6787,39.9609,41.4074,44.0692,49.2152,57.3194,67.7196,13.1242
22.072,-1.810003096758553e-06,8.895455946536686e-06,0.8722105911151541,2,88.9855,0.546195,-0.000695531,6233.29,0.0,3.8480,8.3465,13.0534,21.2647,26.8513,29.5484,30.9666,32.1972,33.0705,33.9392,34.8035,35.6634,36.8602,38.2179,40.7356,45.6627,53.5492,63.8554,13.1290
22.184,-5.931018147458427e-07,2.9148630045611414e-06,0.3152824482393978,2,79.2496,0.54664,-0.000700299,5235.99,0.0,3.8442,8.3382,13.0403,20.2078,24.9617,27.3619,28.6443,29.7668,30.5684,31.3697,32.1704,32.9705,34.0891,35.3649,37.7480,42.4666,50.1400,60.3438,13.1329
22.296,-1.943476026559177e-07,9.55142309334595e-07,0.05298952107559559,2,70.6636,0.546998,-0.000182454,8063.76,0.0,3.8432,8.3441,13.0617,19.1519,23.2980,25.4557,26.6231,27.6523,28.3913,29.1330,29.8772,30.6235,31.6715,32.8726,35.1311,39.6534,47.1201,57.2146,13.1291
22.402,-0.29763591222998026,3.1298103192276004e-07,0.008905948807175351,2,68.7602,0.545694,0.00991314,7876.0,0.0,3.8937,8.6212,13.4482,18.7440,22.4619,24.4322,25.5074,26.4602,27.1470,27.8385,28.5344,29.2344,30.2205,31.3551,33.5006,37.8367,45.0899,55.0342,12.9875
22.517,-0.336294437419113,1.0255762454045003e-07,0.0014968228160219615,2,67.7731,0.526822,0.0827872,7760.14,0.0,4.3934,11.3100,17.0467,22.5284,26.2410,28.1850,29.2411,30.1747,30.8467,31.5224,32.2017,32.8841,33.8444,34.9482,37.0320,41.2343,48.2457,57.8286,12.0040
22.623,-0.11019696125349496,3.360608240941466e-08,0.0002515710106888111,2,67.166,0.482484,0.153813,7697.9,0.0,5.2591,14.3486,20.5384,26.1059,29.7866,31.6974,32.7321,33.6451,34.3013,34.9606,35.6226,36.2873,37.2217,38.2945,40.3170,44.3868,51.1569,60.3798,11.0209
22.732,-0.03610934026354523,0.05586739382454108,4.2281539766468484e-05,2,66.6761,0.424972,0.177187,7659.57,0.0,6.0357,15.2432,21.0550,26.2728,29.7447,31.5559,32.5391,33.4083,34.0338,34.6628,35.2953,35.9309,36.8257,37.8546,39.7989,43.7283,50.3086,59.3481,10.4490
22.842,-0.1297739102002001,0.2557821569053006,7.10625838855036e-06,2,66.8922,0.363208,0.184836,7789.55,0.0,6.6147,15.2717,20.5430,25.3245,28.5477,30.2427,31.1667,31.9857,32.5762,33.1712,33.7705,34.3737,35.2245,36.2053,38.0652,41.8488,48.2498,57.1550,10.0681
22.952,-0.42113038069006176,0.4140330936591039,1.1943488473636592e-06,2,68.0148,0.290909,0.228587,8120.62,0.0,7.4270,16.4873,21.7423,26.4364,29.5833,31.2355,32.1357,32.9334,33.5086,34.0881,34.6716,35.2591,36.0876,37.0428,38.8545,42.5415,48.7865,57.4938,9.4256
23.063,-0.1379960031445194,0.4976864871770902,2.007342107764102e-07,2,70.1635,0.198816,0.264791,8446.36,0.0,8.5561,18.6434,24.1519,28.9373,32.0980,33.7464,34.6418,35.4338,36.0041,36.5781,37.1555,37.7361,38.5541,39.4957,41.2782,44.8937,50.9913,18.4395,8.5659
23.172,-0.04521853031039612,0.5386613065556889,3.3737398805191274e-08,2,73.0053,0.105112,0.246041,8790.4,0.0,9.2328,19.1153,24.3626,28.9164,31.9328,33.5098,34.3676,35.1271,35.6745,36.2256,36.7804,37.3387,38.1259,39.0329,40.7526,44.2518,50.1842,17.4099,7.9843
23.283,-0.35224650013163206,0.5702997986509181,5.670244617188498e-09,2,76.0594,0.0170873,0.223421,9302.52,0.0,9.7825,19.3478,24.3217,28.6418,31.5138,33.0196,33.8399,34.5670,35.0913,35.6198,36.1521,36.6882,37.4447,38.3175,39.9752,43.3597,49.1316,16.7835,7.4555
23.394,-0.11542413316313319,0.5862688966156828,9.529980128108711e-10,2,79.3488,-0.0737165,0.237459,9829.95,0.0,10.7513,20.8956,25.9792,30.3259,33.1903,34.6856,35.4987,36.2186,36.7373,37.2597,37.7856,38.3149,39.0612,39.9216,41.5537,44.8791,50.5341,13.5028,6.6968
23.502,-0.037822179954895487,0.5913510646992769,1.6017037601312315e-10,2,82.9457,-0.163635,0.21465,10137.5,0.0,11.2631,21.0641,25.8994,30.0372,32.7716,34.2024,34.9814,35.6717,36.1696,36.6712,37.1766,37.6855,38.4037,39.2324,40.8070,44.0248,49.5260,12.6203,6.1332
23.612,-0.012393571927620153,0.594154819224409,2.691983509652561e-11,2,86.5285,-0.243536,0.166542,10522.9,0.0,11.3846,20.3062,24.6960,28.4888,31.0191,32.3510,33.0786,33.7247,34.1915,34.6625,35.1377,35.6169,36.2944,37.0778,38.5712,41.6429,46.9521,13.2596,5.7496
23.724,-0.004061125649242571,0.5950268718665794,4.524416684673059e-12,2,90.0704,-0.304241,0.107723,10924.9,0.0,11.2609,19.1752,23.0766,26.4868,28.7873,30.0071,30.6760,31.2716,31.7027,32.1385,32.5789,33.0239,33.6543,34.3852,35.7843,38.6849,43.7675,51.2084,5.5610
23.835,-0.0013307496527438056,0.5959149698263657,7.604187121930013e-13,2,93.5686,-0.339245,0.0433836,11329.6,0.0,10.9373,17.8414,21.2595,24.2823,26.3450,27.4469,28.0537,28.5954,28.9884,29.3865,29.7895,30.1975,30.7769,31.4505,32.7460,35.4558,40.2786,47.4941,5.6328
23.946,-0.1412731931793654,0.5959349270783285,1.278035729582777e-13,2,97.0247,-0.343891,-0.0228534,11730.2,0.0,10.4405,16.3884,19.3517,22.0017,23.8300,24.8141,25.3581,25.8452,26.1994,26.5589,26.9236,27.2934,27.8199,28.4341,29.6206,32.1262,36.6620,43.6132,6.0577
24.053,-0.17365231166792694,0.5859365369831516,2.1479946507097735e-14,2,100.137,-0.324831,-0.0415154,12244.7,0.0,10.1672,15.8325,18.6696,21.2188,22.9848,23.9379,24.4656,24.9385,25.2826,25.6321,25.9869,26.3470,26.8601,27.4592,28.6183,31.0743,35.5450,42.4498,6.4054
24.164,-0.05690238948734629,0.3209253406886391,3.6101346094479166e-15,2,102.966,-0.29242,-0.0603845,12183.1,0.0,9.8044,15.1657,17.8706,20.3152,22.0173,22.9387,23.4498,23.9083,24.2423,24.5818,24.9267,25.2769,25.7765,26.3605,27.4927,29.9002,34.3105,41.1808,6.9232
24.277,-0.19502635211760427,0.10516081563685324,6.067553238099113e-16,2,103.368,-0.241818,-0.112648,11904.3,0.0,9.1212,13.7669,16.1345,18.2958,19.8152,20.6432,21.1041,21.5186,21.8212,22.1292,22.4428,22.7618,23.2178,23.7524,24.7934,27.0270,31.1863,37.8204,8.1366
24.384,-0.13376054920139657,0.03445909606788407,1.019773672727318e-16,2,102.337,-0.176495,-0.119774,11682.8,0.0,8.6215,13.0513,15.3373,17.4407,18.9281,19.7416,20.1953,20.6039,20.9024,21.2066,21.5165,21.8320,22.2834,22.8133,23.8471,26.0732,30.2426,36.9386,9.0596
24.492,-0.06996855220176676,0.011291556599524253,1.7139336117528036e-17,2,101.04,-0.102779,-0.140736,11511.7,0.0,7.9952,12.0463,14.1646,16.1322,17.5348,18.3058,18.7370,19.1260,19.4107,19.7012,19.9974,20.2995,20.7324,21.2416,22.2380,24.3969,28.4842,35.1432,10.4577
24.604,-0.28301127768641826,0.0037000172665321075,2.880608221272937e-18,2,99.5538,-0.0185839,-0.162392,11328.2,0.0,7.3066,10.9586,12.8960,14.7145,16.0225,16.7457,17.1515,17.5184,17.7873,18.0621,18.3428,18.6296,19.0412,19.5264,20.4795,22.5596,26.5487,33.1600,12.3035
24.715,-0.09273713547228553,0.001212421657897241,4.841438237493425e-19,2,98.0034,0.0668068,-0.150066,11135.2,0.0,6.7615,10.3166,12.2399,14.0665,15.3915,16.1275,16.5415,16.9163,17.1914,17.4727,17.7604,18.0545,18.4772,18.9761,19.9580,22.1079,26.2469,33.1593,13.2701
24.826,-0.030388104551558527,0.00039728632885976787,8.137005245755202e-20,2,96.6293,0.155501,-0.176664,11004.2,0.0,6.0351,9.1328,10.8324,12.4653,13.6623,14.3320,14.7102,15.0536,15.3062,15.5650,15.8302,16.1019,16.4933,16.9567,17.8733,19.9006,23.8746,30.7048,16.0935
24.936,-0.009957574099454698,0.00013018278424076874,1.3675864716540765e-20,2,95.373,0.256994,-0.22672,10871.0,0.0,5.1712,7.6422,9.0108,10.3381,11.3215,11.8761,12.1908,12.4775,12.6890,12.9063,13.1295,13.3587,13.6900,14.0840,14.8688,16.6310,20.1896,26.5241,36.4875
25.044,0.004280349447581896,4.2658294740015106e-05,2.2985025829090064e-21,2,94.1628,0.379514,-0.28164,10735.7,0.0,4.2054,6.0548,7.0887,8.0997,8.8560,9.2858,9.5308,9.7548,9.9205,10.0912,10.2670,10.4480,10.7106,11.0244,11.6542,13.0932,16.1085,21.8165,90.3980
25.153,-0.09837900976667653,1.397827002040815e-05,3.8630932910951672e-22,2,92.9794,0.525385,-0.337615,10602.9,0.0,3.1393,4.4039,5.1183,5.8220,6.3530,6.6570,6.8310,6.9906,7.1090,7.2313,7.3576,7.4880,7.6778,7.9058,8.3670,9.4412,11.7938,16.6406,146.1350
25.264,-0.32250997992527225,4.5803995202873426e-06,6.492700894343648e-23,2,91.7035,0.684951,-0.348171,10448.4,0.0,2.0783,2.9272,3.4184,3.9114,4.2901,4.5097,4.6364,4.7532,4.8403,4.9306,5.0241,5.1212,5.2633,5.4352,5.7870,6.6287,8.5846,13.0632,89.0814
25.375,-0.5330902299295361,1.5009053148077564e-06,1.091228239312337e-23,2,90.0505,0.837964,-0.302009,10227.7,0.0,1.0952,1.6145,1.9305,2.2624,2.5284,2.6873,2.7805,2.8676,2.9332,3.0018,3.0736,3.1488,3.2601,3.3970,3.6847,4.4151,6.3405,11.6125,49.3505
25.485,-0.4160148673049012,4.918166535562056e-07,1.834027301812245e-24,2,88.0758,0.972417,-0.222248,9961.6,0.0,0.1956,0.3133,0.3926,0.4842,0.5650,0.6168,0.6487,0.6794,0.7032,0.7287,0.7561,0.7857,0.8311,0.8898,1.0247,1.4542,3.5300,12.6549,33.6003
25.594,-0.5370800099792327,1.6115848103729745e-07,3.082449686155841e-25,2,85.8275,1.08625,-0.151858,9687.47,0.0,-1.0000,-1.0000,-1.0000,-1.0000,-1.0000,-1.0000,-1.0000,-1.0000,-1.0000,-1.0000,-1.0000,-1.0000,-1.0000,-1.0000,-1.0000,-1.0000,-1.0000,-1.0000,-1.0000
25.706,-0.44384967773843054,5.2808411066301624e-08,5.180673187522121e-26,2,83.4191,1.18348,-0.0881474,9365.17,0.0,-1.0000,-1.0000,-1.0000,-1.0000,-1.0000,-1.0000,-1.0000,-1.0000,-1.0000,-1.0000,-1.0000,-1.0000,-1.0000,-1.0000,-1.0000,-1.0000,-1.0000,-1.0000,-1.0000
25.812,-0.41695209816212225,1.7304260138205715e-08,8.707157426268432e-27,2,81.0445,1.26658,-0.0444539,9038.6,0.0,-1.0000,-1.0000,-1.0000,-1.0000,-1.0000,-1.0000,-1.0000,-1.0000,-1.0000,-1.0000,-1.0000,-1.0000,-1.0000,-1.0000,-1.0000,-1.0000,-1.0000,-1.0000,-1.0000
25.925,-0.1571907202181767,5.670259962087249e-09,1.4634119486329355e-27,2,78.4859,1.3384,0.0158629,8782.76,0.0,-1.0000,-1.0000,-1.0000,-1.0000,-1.0000,-1.0000,-1.0000,-1.0000,-1.0000,-1.0000,-1.0000,-1.0000,-1.0000,-1.0000,-1.0000,-1.0000,-1.0000,-1.0000,-1.0000
26.032,-0.10214846990836753,1.8580307843767497e-09,2.459556462067375e-28,2,76.2169,1.40266,0.0570514,8405.46,0.0,-1.0000,-1.0000,-1.0000,-1.0000,-1.0000,-1.0000,-1.0000,-1.0000,-1.0000,-1.0000,-1.0000,-1.0000,-1.0000,-1.0000,-1.0000,-1.0000,-1.0000,-1.0000,-1.0000
26.145,-0.24917694426574435,6.088395274245733e-10,4.1337765457966367e-29,2,73.7326,1.46026,0.117539,8256.74,0.0,-1.0000,-1.0000,-1.0000,-1.0000,-1.0000,-1.0000,-1.0000,-1.0000,-1.0000,-1.0000,-1.0000,-1.0000,-1.0000,-1.0000,-1.0000,-1.0000,-1.0000,-1.0000,-1.0000
26.253,0.03903190769952433,1.9950453634648416e-10,6.947638240520407e-30,2,71.5859,1.49758,0.184676,7980.63,0.0,-1.0000,-1.0000,-1.0000,-1.0000,-1.0000,-1.0000,-1.0000,-1.0000,-1.0000,-1.0000,-1.0000,-1.0000,-1.0000,-1.0000,-1.0000,-1.0000,-1.0000,-1.0000,-1.0000
26.366,0.38261755997376523,6.537364647001593e-11,1.167689559084265e-30,2,69.5836,1.51214,0.255617,7771.97,0.0,-1.0000,-1.0000,-1.0000,-1.0000,-1.0000,-1.0000,-1.0000,-1.0000,-1.0000,-1.0000,-1.0000,-1.0000,-1.0000,-1.0000,-1.0000,-1.0000,-1.0000,-1.0000,-1.0000
26.473,0.1253761220522034,2.142163647529482e-11,1.9625358419529242e-31,2,67.8353,1.50662,0.314794,7593.01,0.0,-1.0000,-1.0000,-1.0000,-1.0000,-1.0000,-1.0000,-1.0000,-1.0000,-1.0000,-1.0000,-1.0000,-1.0000,-1.0000,-1.0000,-1.0000,-1.0000,-1.0000,-1.0000,-1.0000
26.583,0.045682894507562105,7.019441840224606e-12,3.2984339895702793e-32,2,66.4566,1.47972,0.360949,7420.44,0.0,-1.0000,-1.0000,-1.0000,-1.0000,-1.0000,-1.0000,-1.0000,-1.0000,-1.0000,-1.0000,-1.0000,-1.0000,-1.0000,-1.0000,-1.0000,-1.0000,-1.0000,-1.0000,-1.0000
26.698,0.5074610345900349,2.300130702204799e-12,5.543678006270769e-33,2,64.7887,1.43208,0.419903,7284.9,0.0,-1.0000,-1.0000,-1.0000,-1.0000,-1.0000,-1.0000,-1.0000,-1.0000,-1.0000,-1.0000,-1.0000,-1.0000,-1.0000,-1.0000,-1.0000,-1.0000,-1.0000,-1.0000,-1.0000
26.808,0.6838150579652965,7.537068284984684e-13,9.317259625139283e-34,2,63.9157,1.36864,0.429522,7235.79,0.0,-1.0000,-1.0000,-1.0000,-1.0000,-1.0000,-1.0000,-1.0000,-1.0000,-1.0000,-1.0000,-1.0000,-1.0000,-1.0000,-1.0000,-1.0000,-1.0000,-1.0000,-1.0000,-1.0000
26.912,0.20709136529756833,2.469746535623782e-13,1.5659518251971594e-34,2,64.0308,1.29066,0.370747,7248.8,0.0,-1.0000,-1.0000,-1.0000,-1.0000,-1.0000,-1.0000,-1.0000,-1.0000,-1.0000,-1.0000,-1.0000,-1.0000,-1.0000,-1.0000,-1.0000,-1.0000,-1.0000,-1.0000,-1.0000
27.027,0.21245542740565837,8.092865447932008e-14,2.631895232608866e-35,2,63.6085,1.2008,0.315112,7266.08,0.0,-1.0000,-1.0000,-1.0000,-1.0000,-1.0000,-1.0000,-1.0000,-1.0000,-1.0000,-1.0000,-1.0000,-1.0000,-1.0000,-1.0000,-1.0000,-1.0000,-1.0000,-1.0000,-1.0000
27.132,0.17309653631684863,2.6518701499783603e-14,4.423426317445722e-36,2,62.9272,1.11264,0.257994,7219.33,0.0,-1.0000,-1.0000,-1.0000,-1.0000,-1.0000,-1.0000,-1.0000,-1.0000,-1.0000,-1.0000,-1.0000,-1.0000,-1.0000,-1.0000,-1.0000,-1.0000,-1.0000,-1.0000,-1.0000
27.245,0.056720273020304954,8.689648107449091e-15,7.434452611731027e-37,2,62.4346,1.03875,0.226014,7128.76,0.0,-1.0000,-1.0000,-1.0000,-1.0000,-1.0000,-1.0000,-1.0000,-1.0000,-1.0000,-1.0000,-1.0000,-1.0000,-1.0000,-1.0000,-1.0000,-1.0000,-1.0000,-1.0000,-1.0000
27.352,0.16789745147821056,0.30740613281250284,1.2495084504536337e-37,2,62.3245,0.97044,0.213111,7246.92,0.0,0.3275,1.5002,176.6820,130.1880,82.7873,70.0945,64.8125,60.8125,58.2499,55.8987,53.7338,51.7342,49.1784,46.5582,42.3501,35.9310,28.8295,22.8156,14.0634
27.462,0.10396003723438003,0.633116882615626,2.100048852677422e-38,2,64.1921,0.910431,0.173746,8112.44,0.0,0.9359,3.4184,15.0595,200.0000,110.4870,88.3464,79.8356,73.6400,69.7784,66.3064,63.1681,60.3178,56.7408,53.1484,47.5314,39.3067,30.6587,23.6771,14.0010
27.575,0.03406562500096165,0.7525763162673633,3.5295521066949436e-39,2,68.1221,0.856546,0.151546,8423.15,0.0,1.4533,4.8060,14.8758,193.0080,136.4400,103.4250,91.6252,83.3207,78.2611,73.7861,69.8003,66.2278,61.8070,57.4359,50.7354,41.2086,31.5384,23.9771,13.8247
27.684,0.19785096648101824,0.7967217424707396,5.932118225722192e-40,2,72.4574,0.804853,0.132407,9867.09,0.0,1.9272,5.9168,15.2150,181.0320,200.0000,122.1450,105.5920,94.4117,87.7807,82.0259,76.9847,72.5324,67.1077,61.8338,53.9178,43.0001,32.3038,24.1966,13.6340
27.793,0.06483180469650006,0.813409964166562,9.97011110197129e-41,2,77.1108,0.760617,0.0741055,11398.6,0.0,2.2002,5.6398,10.6454,29.8923,175.5600,190.1690,195.8790,200.0000,200.0000,142.6800,127.6770,115.5380,101.9760,89.9292,73.6545,54.1671,37.7598,26.7653,13.9451
27.903,0.021244085762949137,0.822284614558099,1.675676572908315e-41,2,81.8993,0.725198,0.0192238,12633.3,0.0,2.3779,5.3649,8.7206,16.0441,32.6059,67.5548,156.0810,172.1150,178.0070,182.8050,186.9530,190.6500,195.2730,199.9590,116.4110,73.4512,45.6652,30.1184,14.3653
28.013,0.006961262022803174,0.826276878748398,2.8163096160870054e-42,2,86.5695,0.702771,-0.0439869,13913.4,0.0,2.4181,4.8616,7.1129,10.7824,15.7050,20.3795,24.2336,29.0444,33.8471,40.5563,50.5879,67.2197,124.5740,168.4810,183.5780,130.8040,62.0322,36.0151,15.1284
28.124,-0.2356507858762159,0.7864434798939,4.733371571757431e-43,2,91.0554,0.696775,-0.110399,15174.0,0.0,2.3304,4.2532,5.7865,7.8937,10.1504,11.8583,13.0314,14.2689,15.3086,16.5132,17.9250,19.6024,22.5610,27.2698,44.8391,173.8060,102.9610,46.3994,16.2917
28.234,-0.07721804951591842,0.6040991491010081,7.955377600652713e-44,3,94.5931,0.707685,-0.12069,9110.98,0.0,2.2283,4.0131,5.4105,7.2932,9.2625,10.7216,11.7086,12.7366,13.5901,14.5675,15.6976,17.0191,19.2959,22.7834,34.4878,164.1430,115.6020,48.9398,16.6109
28.342,-0.20456843988310075,0.42499263886491834,1.337060313341702e-44,3,97.3092,0.746087,-0.104149,9155.91,0.0,1.9613,3.6093,4.9387,6.7893,8.8018,10.3465,11.4186,12.5592,13.5256,14.6543,15.9898,17.5946,20.4741,25.1901,44.3780,170.1580,99.6856,46.4577,16.6356
28.454,-0.2644692368085819,0.13926158790325643,2.2471972686333993e-45,3,97.9655,0.781083,-0.0402113,9023.89,0.0,1.7872,3.6153,5.3164,8.1245,11.9624,15.6843,18.8113,22.7909,26.8508,32.6738,41.7256,57.7209,124.6140,157.5860,171.8060,130.5300,63.4509,37.1970,15.7593
28.562,-0.08666127951743613,0.5543351218897641,3.776864449392155e-46,3,98.0795,0.787006,0.0297697,9226.59,0.0,1.8636,4.2989,7.1513,13.8500,31.9230,92.1846,151.7900,160.0560,164.6150,168.5770,172.1260,175.3630,179.4850,183.7350,107.8480,70.8385,45.2532,30.3253,14.7313
28.673,0.05245688454549996,0.8397171264908379,6.347776080093396e-47,3,101.16,0.770317,0.055912,9816.45,0.0,2.0677,5.0624,9.0116,20.8132,99.1388,157.2180,164.0480,169.0340,172.2220,175.1690,177.9170,180.4930,124.2640,106.8810,84.7081,59.9615,40.5032,28.1079,14.2477
28.782,0.06138046571586943,0.9339840314460177,1.0668707257812974e-47,3,105.436,0.748068,0.0330316,10485.1,0.0,2.2120,5.1386,8.6133,16.9797,41.1056,134.7850,149.1220,156.0990,160.1870,163.8210,167.1190,170.1550,174.0550,178.1050,102.1630,67.8500,43.6831,29.4109,14.3662
28.894,0.020113151005776094,0.9672842917211061,1.793089628820626e-48,3,110.147,0.733088,0.00747788,11077.5,0.0,2.2820,5.0283,7.9837,13.9935,25.7079,44.3038,72.1679,134.3630,143.0060,148.6580,153.2330,157.1880,162.0440,166.9180,174.7320,80.4292,48.3158,31.2616,14.5970
29.002,-0.028364721919814005,0.978196121008047,3.0136457391588266e-49,3,115.055,0.726559,-0.00573373,11554.9,0.0,2.3070,4.9569,7.6839,12.8619,21.7376,33.2472,46.3499,70.7634,113.4620,136.2170,142.6250,147.5330,153.2010,158.6740,167.2150,89.1692,51.2079,32.3587,14.7351
29.112,-0.05271268145750465,0.9817717092287919,5.065034393804239e-50,3,120.019,0.723144,0.0114349,11967.2,0.0,2.3765,5.2779,8.4444,15.0313,28.4709,51.5997,91.0976,132.6470,138.9010,143.7220,147.8120,151.4320,155.9500,160.5420,167.9970,77.6128,47.1916,30.7376,14.4570
29.225,-0.017272891459995124,0.9829433579769655,8.512803305666789e-51,3,124.918,0.712702,0.0354705,12408.7,0.0,2.5291,5.9068,9.9588,19.9066,50.2037,127.6000,137.1400,143.0980,146.7330,150.0230,153.0470,155.8590,159.5030,163.3240,97.7855,65.4572,42.3815,28.6330,14.0436
29.335,-0.005659981073611202,0.983327283838767,1.4307468515834174e-51,3,129.822,0.692258,0.0470649,12804.5,0.0,2.7434,6.5775,11.4217,24.6070,81.1758,132.3760,139.1000,143.9730,147.0870,149.9710,152.6660,155.2000,158.5190,112.1020,87.0711,60.2831,40.0217,27.4649,13.7286
29.445,0.06952011705049284,0.9834530886651622,2.40465623345625e-52,3,134.696,0.665544,0.0361398,13215.9,0.0,2.9463,6.8914,11.6377,23.3539,59.6055,122.4240,130.4550,135.8630,139.2340,142.3180,145.1750,147.8480,151.3310,155.0050,94.4946,63.3880,41.1045,27.7962,13.6484
29.557,0.022780351955105495,0.9834943123906753,4.041505731569919e-53,3,139.494,0.646214,0.00648594,13682.6,0.0,3.0216,6.6454,10.5313,18.3898,33.5422,57.1564,91.5652,116.6540,122.1960,126.6020,130.3950,133.7840,138.0480,142.4190,149.5900,76.9832,46.1014,29.7783,13.8789
29.663,0.00746466572864897,0.9835078205810516,6.792558683049562e-54,3,144.34,0.638804,-0.00712764,14084.3,0.0,3.0432,6.5218,10.0856,16.8076,28.1946,42.7122,58.9068,88.1738,109.0620,115.3570,120.0460,123.9920,128.7760,133.5540,141.2420,85.6579,48.9354,30.8412,14.0059
29.774,0.0024460216659636944,0.9835122469448739,1.14162533786014e-54,3,149.185,0.64086,-0.0120356,14490.0,0.0,3.0114,6.3956,9.8095,16.1042,26.3565,38.7282,51.6822,73.0836,99.7927,107.9180,113.0570,117.2190,122.1710,127.0630,134.8780,89.5707,50.1986,31.3375,14.0938
29.884,-0.042151246757840766,0.9844548594851463,1.9187297053415373e-55,3,154.005,0.648124,-0.012411,14909.7,0.0,2.9494,6.2597,9.5951,15.7347,25.7058,37.6910,50.1854,70.7056,95.4098,103.1160,108.1040,112.1650,117.0130,121.8160,129.5150,90.2737,50.5156,31.5120,14.1616
29.994,-0.013812120537609265,0.9847637347623428,3.2248090157675216e-56,4,157.08,0.653655,0.000873327,12282.3,0.0,2.9414,6.3991,10.0362,17.1738,30.1671,48.6134,72.1721,95.6732,101.1310,105.3770,109.0120,112.2560,116.3450,120.5520,127.5040,80.8395,47.5266,30.3986,14.0195
30.102,-0.004525955657763804,0.9850080036537995,5.419936512800474e-57,4,159.376,0.652841,0.00711596,12286.0,0.0,2.9669,6.5331,10.3658,18.1437,33.2442,57.0530,86.5253,95.2413,99.4806,103.0910,106.3090,109.2480,113.0150,116.9450,123.5270,76.9186,46.1544,29.8447,13.9261
30.216,-0.0014830651499360434,0.9856979187310271,9.109287297063759e-58,4,162.895,0.64779,0.00873947,12550.0,0.0,3.0151,6.6603,10.6005,18.6700,34.6234,60.5750,84.4794,91.5596,95.3950,98.7439,101.7690,104.5570,108.1570,111.9380,118.3150,75.7379,45.6763,29.6171,13.8613
30.324,-0.0004859707883310427,0.984615398306658,1.530997916017506e-58,4,166.392,0.640868,0.00920248,12804.2,0.0,3.0758,6.8006,10.8335,19.1146,35.5731,62.5957,80.9541,87.1709,90.7161,93.8625,96.7323,99.3955,102.8540,106.5070,112.7070,75.6947,45.3897,29.4542,13.7968
30.433,-0.00015924290792031608,0.9843570530140007,2.573148197450623e-59,4,169.849,0.633162,0.0092423,13070.6,0.0,3.1419,6.9474,11.0681,19.5316,36.3603,64.0129,76.9330,82.4874,85.7749,88.7335,91.4559,93.9984,97.3192,100.8450,106.8670,117.2660,45.1684,29.3125,13.7315
30.546,-5.2180716067329176e-05,0.9863519902253777,4.324690175455263e-60,4,173.301,0.625138,0.00922298,13312.9,0.0,3.2106,7.0989,11.3091,19.9554,37.1438,64.1642,72.7036,77.6750,80.7124,83.4828,86.0549,88.4727,91.6494,95.0423,100.8760,111.0470,44.9504,29.1701,13.6643
30.653,-1.7098577040942425e-05,0.9864696053133017,7.268506777887662e-61,4,176.721,0.616931,0.00921929,13568.4,0.0,3.2808,7.2542,11.5565,20.3916,37.9546,61.6192,68.3184,72.7614,75.5531,78.1331,80.5501,82.8378,85.8627,89.1139,94.7441,104.6660,44.7241,29.0231,13.5954
30.762,-5.602861724776013e-06,0.9862235380034376,1.2216179341595792e-61,4,180.116,0.608544,0.00921929,13822.5,0.0,3.3527,7.4131,11.8095,20.8380,38.7856,58.2683,63.7821,67.7419,70.2927,72.6806,74.9382,77.0903,79.9554,83.0556,88.4673,98.1152,44.4922,28.8726,13.5248
30.876,-1.8359457299746042e-06,0.9866247816673415,2.053173261942005e-62,4,183.489,0.600009,0.00921929,14066.8,0.0,3.4258,7.5747,12.0670,21.2924,39.6313,54.4774,59.1017,62.6154,64.9304,67.1244,69.2184,71.2292,73.9261,76.8652,82.0411,91.3860,44.2561,28.7194,13.4531
30.984,-6.016026967980784e-07,0.9867095795505044,3.450768301345928e-63,4,186.828,0.591326,0.00921929,14312.3,0.0,3.5001,7.7391,12.3290,21.7546,40.4177,50.3787,54.2843,57.3831,59.4667,61.4656,63.3915,65.2553,67.7746,70.5417,75.4620,84.4715,44.5343,28.5635,13.3801
31.094,-1.9713317168679436e-07,0.45487687002710925,0.44736140899658206,4,188.011,0.582496,0.00921929,14023.5,0.0,3.5758,7.9063,12.5953,22.2247,38.8403,46.0461,49.3474,52.0584,53.9156,55.7182,57.4720,59.1830,61.5149,64.0982,68.7415,77.3785,90.2161,28.4050,13.3058
31.205,-6.459659769832878e-08,0.14905405277048317,0.7715187008027802,4,178.93,0.573849,0.0092169,12898.0,0.0,3.6498,8.0700,12.8560,22.6845,36.0404,41.6834,44.4799,46.8392,48.4823,50.0950,51.6790,53.2368,55.3782,57.7722,62.1248,70.3609,82.8745,28.2500,13.2331
31.314,-2.1167013133788375e-08,0.04884203201183192,0.827544734439187,4,166.311,0.565747,0.00933921,11739.7,0.0,3.7197,8.2265,13.1084,23.1394,32.9512,37.5265,39.9061,41.9570,43.4058,44.8419,46.2649,47.6755,49.6311,51.8374,55.8968,63.7176,75.8788,28.4239,13.1634
31.425,-6.9360068636797746e-09,0.016004557049637082,0.8375259624686101,4,153.652,0.558143,0.00991392,10662.6,0.0,3.7870,8.3849,13.3758,22.5825,29.8962,33.6787,35.7115,37.4937,38.7680,40.0422,41.3153,42.5866,44.3633,46.3867,50.1541,57.5504,69.3319,30.3124,13.0921
31.533,-2.2727907290905887e-09,0.00524437325402508,0.8389210411854392,3,141.157,0.550925,0.0104491,9641.02,0.0,3.8510,8.5356,13.6304,21.1016,26.9038,30.0701,31.8118,33.3602,34.4788,35.6062,36.7408,37.8819,39.4889,41.3361,44.8169,51.7859,63.1702,78.1059,13.0246
31.645,-7.447480661084041e-10,0.0017184762278789384,0.8391555120653765,3,129.195,0.544095,0.0106392,10485.3,0.0,3.9103,8.6704,13.4067,19.2907,24.0167,26.6844,28.1782,29.5218,30.5009,31.4946,32.5016,33.5211,34.9675,36.6450,39.8450,46.3844,57.3571,72.1450,12.9649
31.754,-2.440390463024019e-10,0.0005631102903513706,0.752546594696031,3,117.475,0.537705,0.0108975,9122.57,0.0,3.9662,8.6638,12.6362,17.4135,21.3201,23.5770,24.8588,26.0226,26.8772,27.7500,28.6400,29.5465,30.8419,32.3573,35.2842,41.3923,51.9377,66.5522,13.0323
31.862,-7.996671469237105e-11,0.00018451997994233711,0.5674730711730033,3,106.581,0.531763,0.011497,8828.44,0.0,4.0151,8.2984,11.6385,15.5842,18.8471,20.7633,21.8640,22.8714,23.6160,24.3805,25.1646,25.9676,27.1229,28.4854,31.1499,36.8312,46.9382,61.3586,13.3631
31.975,-0.0030127205732034933,6.046350702750503e-05,0.4880109725400643,3,96.8742,0.526997,0.000997186,8371.81,0.0,3.9508,7.7415,10.5677,13.8648,16.6120,18.2457,19.1925,20.0648,20.7131,21.3820,22.0714,22.7811,23.8083,25.0292,27.4456,32.7110,42.3755,56.5900,13.9206
32.084,-0.023191239378208574,1.981268198277285e-05,0.09473098666823636,3,89.1826,0.535282,-0.0341792,8059.06,0.0,3.7605,7.0544,9.4297,12.1755,14.4763,15.8589,16.6665,17.4150,17.9740,18.5533,19.1533,19.7739,20.6776,21.7601,23.9292,28.7668,37.9621,51.9574,14.7258
32.193,-0.22567220396750332,6.492219632115006e-06,0.015921436929330488,2,84.8566,0.556558,-0.0583824,9673.79,0.0,3.5161,6.4262,8.4887,10.8654,12.8667,14.0789,14.7909,15.4534,15.9500,16.4664,17.0031,17.5603,18.3755,19.3578,21.3446,25.8594,34.6905,48.5088,15.5413
32.302,-0.4209811696684644,2.1273705290514457e-06,0.002675915904712576,2,83.4315,0.573566,-0.0195985,9508.41,0.0,3.4993,6.7182,9.1067,11.9197,14.3034,15.7417,16.5827,17.3622,17.9445,18.5477,19.1721,19.8177,20.7569,21.8802,24.1249,29.0969,38.4224,52.3969,14.8441
32.413,-0.1560759093872124,6.970967749595778e-07,0.0004497411861050427,2,82.0979,0.571294,0.0499148,9342.92,0.0,3.7613,7.9381,11.2653,15.2268,18.5008,20.4183,21.5166,22.5195,23.2593,24.0180,24.7953,25.5905,26.7320,28.0744,30.6914,36.2355,46.0070,59.8316,13.5436
32.523,-0.05114295398800176,2.2842467121875442e-07,7.558800114867455e-05,2,81.0401,0.552976,0.0698789,9252.37,0.0,4.0013,8.6525,12.3747,16.7387,20.2666,22.2991,23.4540,24.5027,25.2727,26.0596,26.8629,27.6819,28.8534,30.2248,32.8803,38.4470,48.1397,61.6228,13.0782
32.635,-0.1682548898917548,7.485019626496146e-08,1.270407535305773e-05,2,80.1081,0.528989,0.0610672,9153.99,0.0,4.1711,8.8356,12.4707,16.6739,20.0548,22.0033,23.1107,24.1173,24.8573,25.6144,26.3875,27.1760,28.3048,29.6284,32.1976,37.6043,47.0852,60.3360,13.0021
32.745,-0.0795500881334302,0.03275246593316231,2.1351739445884124e-06,2,79.192,0.501228,0.0723832,9058.73,0.0,4.4637,9.5326,13.4383,17.8676,21.3648,23.3576,24.4841,25.5043,26.2521,27.0153,27.7933,28.5858,29.7175,31.0405,33.5993,38.9548,48.2930,61.1622,12.5958
32.853,-0.16897487601389832,0.2572369901463536,3.5885868486697455e-07,2,79.0432,0.473821,0.0626925,9198.25,0.0,4.6537,9.7215,13.5228,17.7792,21.1265,23.0339,24.1128,25.0913,25.8092,26.5423,27.2900,28.0517,29.1407,30.4163,32.8881,38.0839,47.1999,59.8193,12.4966
32.962,-0.2006026958330623,0.4283351083374071,6.031337916559242e-08,2,80.4133,0.444196,0.0782977,9604.56,0.0,4.9893,10.5572,14.6906,19.2258,22.7216,24.6900,25.7965,26.7958,27.5266,28.2713,29.0293,29.7997,30.8981,32.1804,34.6554,39.8331,48.7830,61.0036,12.0249
33.068,-0.08337360889010911,0.5234881315031266,1.0136869636361118e-08,2,82.7613,0.410811,0.0884603,9957.24,0.0,5.3352,11.3295,15.7016,20.4037,23.9695,25.9586,27.0725,28.0754,28.8073,29.5517,30.3081,31.0762,32.1703,33.4460,35.9050,41.0142,49.7479,61.9706,11.6120
33.189,-0.28141043333302895,0.6263080028228806,1.1925925758482492e-09,2,86.1806,0.370509,0.0922443,10605.6,0.0,5.7104,12.0380,16.5388,21.2845,24.8365,26.8046,27.9036,28.8922,29.6133,30.3463,31.0910,31.8469,32.9234,34.1768,36.5833,41.5591,50.0078,62.6646,11.2232
33.305,-0.07377005663565354,0.6932530237638762,1.4030732395597066e-10,2,90.2046,0.322759,0.120623,11425.3,0.0,6.3169,13.6065,18.6706,23.8309,27.5846,29.6356,30.7731,31.7903,32.5286,33.2763,34.0331,34.7983,35.8816,37.1350,39.5237,44.3874,52.4835,67.8015,10.5162
33.424,-0.32549096929323484,0.7129803343334324,1.6507016356095996e-11,2,94.7749,0.271857,0.118303,11984.3,0.0,6.7512,14.2609,19.3122,24.3758,28.0381,30.0291,31.1304,32.1146,32.8280,33.5496,34.2790,35.0159,36.0595,37.2658,39.5598,44.2252,52.2502,69.5711,10.1222
33.529,-0.21302349302056967,0.7112172143137542,2.7743342389690546e-12,2,98.0646,0.223531,0.151652,12754.0,0.0,7.4479,16.1138,21.7722,27.2584,31.0985,33.1453,34.2659,35.2602,35.9777,36.7009,37.4296,38.1629,39.1953,40.3826,42.6255,47.1466,56.8144,25.6132,9.4305
33.646,-0.055842830554384215,0.6715545254290648,3.2639764888047037e-13,2,101.883,0.154242,0.204173,13432.6,0.0,8.5844,19.2255,25.8051,31.7836,35.7648,37.8302,38.9473,39.9306,40.6354,41.3422,42.0506,42.7605,43.7764,45.0063,47.5350,53.6747,68.9182,17.3575,8.5056
33.765,-0.030699834322457868,0.6423225027953268,3.840035699313846e-14,2,105.645,0.0727386,0.223966,13645.1,0.0,9.5729,21.2244,28.0032,33.9183,37.7646,39.7414,40.8533,41.8855,42.6593,43.4655,44.3063,45.1838,46.4783,48.0608,51.3668,59.7000,82.4869,14.8373,7.7759
33.868,-0.010059721710782994,0.6349087259972227,6.4539479998367794e-15,2,108.853,-0.00424385,0.21765,13701.7,0.0,10.2107,21.8772,28.3958,34.0106,37.6866,39.7891,41.0213,42.1707,43.0360,43.9409,44.8882,45.8809,47.3529,49.1646,52.9937,62.9206,92.2641,13.7825,7.2417
33.988,-0.0026370956881514975,0.6374661091615659,7.593005282327974e-16,2,112.87,-0.101812,0.180585,13763.8,0.0,10.6398,21.3673,27.1853,32.2264,35.7517,37.8578,39.0972,40.2569,41.1321,42.0495,43.0121,44.0232,45.5273,47.3864,51.3440,61.7884,94.3114,13.5552,6.7077
34.089,-0.0008641235150934828,0.6591428712125619,1.2761563978008623e-16,2,116.215,-0.176163,0.132386,14091.0,0.0,10.7363,20.2835,25.3841,29.8609,33.1454,35.1132,36.2720,37.3566,38.1756,39.0343,39.9356,40.8827,42.2923,44.0355,47.7507,57.5821,88.4457,14.4843,6.3917
34.209,-0.00022652479474066594,0.6849120402373958,1.5013852404487365e-17,2,120.371,-0.239251,0.0689394,14613.8,0.0,10.5945,18.7179,22.9981,26.8435,29.8011,31.5736,32.6175,33.5947,34.3326,35.1063,35.9186,36.7722,38.0427,39.6141,42.9642,51.8346,79.7345,197.3690,6.2536
34.324,-5.938211579249712e-05,0.710448050235367,1.7663647215355342e-18,3,124.748,-0.262449,0.000551581,15187.0,0.0,10.1496,16.8989,20.4259,23.7175,26.3317,27.8985,28.8212,29.6851,30.3374,31.0214,31.7395,32.4941,33.6173,35.0066,37.9686,45.8126,70.4946,187.8410,6.5421
34.427,-0.055406966196156,0.720026441319875,2.9687291874847724e-19,3,125.728,-0.245209,-0.0599934,11966.7,0.0,9.5516,15.2214,18.1763,21.0734,23.3983,24.7919,25.6127,26.3812,26.9615,27.5701,28.2089,28.8803,29.8798,31.1161,33.7522,40.7357,62.7329,179.4350,7.2745
34.528,-0.07510098610675639,0.7204831529635716,4.9895431454056575e-20,3,128.557,-0.196702,-0.0963323,12223.6,0.0,8.9499,13.9328,16.6183,19.4583,21.7721,23.1743,24.0056,24.7877,25.3806,26.0046,26.6621,27.3559,28.3939,29.6867,32.4761,40.0895,66.4270,194.3790,8.2625
34.649,-0.019687272901969546,0.7135198735411075,5.870147615138301e-21,3,131.924,-0.102451,-0.151735,12515.9,0.0,7.9651,12.0723,14.5319,17.1944,19.3997,20.7523,21.5601,22.3241,22.9059,23.5207,24.1713,24.8609,25.8987,27.2013,30.0507,38.1108,69.6413,200.0000,10.4293
34.769,-0.15931392565452013,0.6956760631045601,6.906169967734061e-22,3,135.178,0.0409749,-0.220902,12801.8,0.0,6.6710,10.0301,12.1638,14.5027,16.4638,17.6777,18.4067,19.0989,19.6279,20.1887,20.7840,21.4173,22.3745,23.5834,26.2571,34.0434,68.0760,200.0000,12.9983
34.890,-0.05153001406917853,0.6650211363552317,8.125039905339445e-23,3,138.098,0.228832,-0.246338,13070.8,0.0,5.3916,8.4696,10.5121,12.8447,14.8821,16.1826,16.9788,17.7455,18.3387,18.9745,19.6575,20.3931,21.5234,22.9834,26.3483,37.3610,124.8350,86.5665,14.3631
35.006,-0.045466899819674174,0.6509348894405809,9.559028198232805e-24,3,140.966,0.418484,-0.227667,13269.0,0.0,4.1123,6.5761,8.2422,10.1798,11.9036,13.0198,13.7093,14.3778,14.8981,15.4586,16.0643,16.7207,17.7377,19.0664,22.1954,33.1353,139.2960,82.0262,16.0807
35.107,-0.12962579172591082,0.6476077644937644,1.6065858692769879e-24,3,143.173,0.564613,-0.200284,13499.3,0.0,3.1336,5.1508,6.5578,8.2434,9.7904,10.8168,11.4609,12.0929,12.5900,13.1307,13.7210,14.3681,15.3859,16.7445,20.0791,33.4776,159.2980,71.6885,16.9976
35.228,-0.033980623546197165,0.6387799448935784,1.8901322093456833e-25,3,145.759,0.715753,-0.157602,13720.3,0.0,2.1073,3.6292,4.7526,6.1762,7.5645,8.5326,9.1604,9.7925,10.3011,10.8664,11.4982,12.2091,13.3677,14.9970,19.4522,48.1487,185.1140,59.4598,17.5267
35.347,-0.00890781657889431,0.6322102263585572,2.2237216429731033e-26,3,148.396,0.846033,-0.145682,13924.1,0.0,1.1515,2.0110,2.6569,3.4905,4.3202,4.9090,5.2954,5.6880,6.0067,6.3637,6.7664,7.2241,7.9809,9.0683,12.1880,39.2988,184.9270,59.9164,18.5541
35.464,-0.11911188462003267,0.6177749468754127,2.616186275741426e-27,3,150.936,0.967787,-0.139101,14105.5,0.0,0.2421,0.4262,0.5659,0.7482,0.9319,1.0636,1.1507,1.2396,1.3122,1.3940,1.4867,1.5928,1.7698,2.0276,2.7917,11.4186,180.6250,61.7103,19.6048
35.565,-0.0847182138762923,0.5811802211546352,4.397024273638615e-28,3,152.708,1.05731,-0.10312,14336.4,0.0,-1.0000,-1.0000,-1.0000,-1.0000,-1.0000,-1.0000,-1.0000,-1.0000,-1.0000,-1.0000,-1.0000,-1.0000,-1.0000,-1.0000,-1.0000,-1.0000,-1.0000,-1.0000,-1.0000
35.665,-0.027760464322983458,0.5250235118210758,7.39007869670442e-29,3,153.984,1.13111,-0.0761592,14461.3,0.0,-1.0000,-1.0000,-1.0000,-1.0000,-1.0000,-1.0000,-1.0000,-1.0000,-1.0000,-1.0000,-1.0000,-1.0000,-1.0000,-1.0000,-1.0000,-1.0000,-1.0000,-1.0000,-1.0000
35.786,-0.17430589169939292,0.45769283731094906,8.694353685885787e-30,3,155.116,1.20099,-0.0617393,14549.5,0.0,-1.0000,-1.0000,-1.0000,-1.0000,-1.0000,-1.0000,-1.0000,-1.0000,-1.0000,-1.0000,-1.0000,-1.0000,-1.0000,-1.0000,-1.0000,-1.0000,-1.0000,-1.0000,-1.0000
35.887,-0.09486827428125708,0.4330994334613018,1.4612600239868246e-30,3,155.621,1.24199,-0.0180944,14489.3,0.0,-1.0000,-1.0000,-1.0000,-1.0000,-1.0000,-1.0000,-1.0000,-1.0000,-1.0000,-1.0000,-1.0000,-1.0000,-1.0000,-1.0000,-1.0000,-1.0000,-1.0000,-1.0000,-1.0000
36.007,-0.02486914889318586,0.4290465917134045,1.7191578056202594e-31,3,156.024,1.26316,0.0120052,14593.2,0.0,-1.0000,-1.0000,-1.0000,-1.0000,-1.0000,-1.0000,-1.0000,-1.0000,-1.0000,-1.0000,-1.0000,-1.0000,-1.0000,-1.0000,-1.0000,-1.0000,-1.0000,-1.0000,-1.0000
36.124,-0.006519298167455315,0.4274553057537437,2.022571966734179e-32,3,156.699,1.26159,0.0160244,14616.3,0.0,-1.0000,-1.0000,-1.0000,-1.0000,-1.0000,-1.0000,-1.0000,-1.0000,-1.0000,-1.0000,-1.0000,-1.0000,-1.0000,-1.0000,-1.0000,-1.0000,-1.0000,-1.0000,-1.0000
36.227,-0.0021362436235117578,0.4278789393550117,3.399336704490135e-33,3,157.282,1.25327,0.0133774,14536.2,0.0,-1.0000,-1.0000,-1.0000,-1.0000,-1.0000,-1.0000,-1.0000,-1.0000,-1.0000,-1.0000,-1.0000,-1.0000,-1.0000,-1.0000,-1.0000,-1.0000,-1.0000,-1.0000,-1.0000
36.345,-0.10917814639825435,0.43658763808453016,3.9992856394656e-34,3,157.765,1.24203,0.0135465,14819.7,0.0,-1.0000,-1.0000,-1.0000,-1.0000,-1.0000,-1.0000,-1.0000,-1.0000,-1.0000,-1.0000,-1.0000,-1.0000,-1.0000,-1.0000,-1.0000,-1.0000,-1.0000,-1.0000,-1.0000
36.445,-0.060731788795779985,0.4542800059975388,6.721599374249833e-35,3,158.381,1.22566,0.0424023,14774.1,0.0,-1.0000,-1.0000,-1.0000,-1.0000,-1.0000,-1.0000,-1.0000,-1.0000,-1.0000,-1.0000,-1.0000,-1.0000,-1.0000,-1.0000,-1.0000,-1.0000,-1.0000,-1.0000,-1.0000
36.546,-0.01990059255260119,0.4788178610371485,1.1296992068301696e-35,3,159.073,1.19614,0.0612202,14783.6,0.0,-1.0000,-1.0000,-1.0000,-1.0000,-1.0000,-1.0000,-1.0000,-1.0000,-1.0000,-1.0000,-1.0000,-1.0000,-1.0000,-1.0000,-1.0000,-1.0000,-1.0000,-1.0000,-1.0000
36.664,-0.14962523040585032,0.5033327207699723,1.3290798198436267e-36,4,159.381,1.14418,0.0808374,12046.8,0.0,-1.0000,-1.0000,-1.0000,-1.0000,-1.0000,-1.0000,-1.0000,-1.0000,-1.0000,-1.0000,-1.0000,-1.0000,-1.0000,-1.0000,-1.0000,-1.0000,-1.0000,-1.0000,-1.0000
36.765,-0.049029195499389035,0.5304959936762795,2.233784453211184e-37,4,159.257,1.07856,0.122744,12088.8,0.0,-1.0000,-1.0000,-1.0000,-1.0000,-1.0000,-1.0000,-1.0000,-1.0000,-1.0000,-1.0000,-1.0000,-1.0000,-1.0000,-1.0000,-1.0000,-1.0000,-1.0000,-1.0000,-1.0000
36.886,-0.01285270942499184,0.6625202273131496,2.6280250713584255e-38,4,160.594,0.972347,0.141535,12169.9,0.0,0.2764,0.8782,2.4453,64.1064,98.5816,113.9920,121.9780,128.8620,133.8050,139.1140,144.8750,151.1450,160.9140,173.7850,61.5756,45.8184,34.4201,25.9695,14.7966
37.006,-0.07755863104606756,0.7893303458281532,3.091845216202473e-39,4,162.792,0.845771,0.159257,12418.4,0.0,1.5791,5.3957,18.4480,75.9170,105.1770,119.3470,126.8340,133.8870,139.4380,145.4800,152.0830,159.3260,170.7310,65.4163,51.9572,40.2433,30.7287,23.4934,13.6674
37.124,-0.07291111908060283,0.8456597899580254,3.6375249784100478e-40,4,165.461,0.693788,0.194704,12663.3,0.0,3.2989,13.4617,50.1906,93.3355,119.8370,134.7540,144.3800,154.0330,161.7730,170.3470,62.2568,55.9825,50.4060,45.9292,40.0718,32.7776,25.8442,20.2303,12.2361
37.227,-0.07795516669839442,0.9021172511453207,6.113588231213768e-41,4,167.884,0.543009,0.223404,12878.0,0.0,5.1456,25.1753,65.4354,105.2780,132.7300,151.9950,164.7990,56.0248,50.7928,47.1034,44.2146,41.8324,39.0706,36.4808,32.6810,27.4379,22.0717,17.5689,10.9408
37.344,-0.053714367983183894,0.9635623207779889,7.192575418140688e-42,4,171.138,0.330161,0.260309,13175.1,0.0,8.0174,40.5761,81.4363,120.1700,157.2470,43.6249,39.1201,36.1848,34.4444,32.9207,31.5677,30.3537,28.8430,27.3335,24.9719,21.4637,17.6312,14.3039,9.2236
37.446,0.09640847272652028,0.9801403161162814,1.2088561505269055e-42,4,174.148,0.127807,0.268781,13368.1,0.0,10.5947,46.4620,84.5778,122.5870,44.9198,34.8129,31.7228,29.5766,28.2655,27.0971,26.0457,25.0921,23.8937,22.6844,20.7723,17.8952,14.7162,11.9774,7.7825
37.546,0.031591128343026166,0.9846314315193581,2.03172453219057e-43,4,177.164,-0.0764704,0.236607,13617.6,0.0,12.3277,42.5979,73.1058,104.5400,132.6930,39.6192,33.5793,30.2368,28.3805,26.8132,25.4603,24.2736,22.8287,21.4174,19.2666,16.1863,12.9603,10.3121,6.4949
37.668,0.008281424748354253,0.9821131344842106,2.3903035948768844e-44,4,180.806,-0.309431,0.223288,13868.8,0.0,14.2947,42.5546,68.6725,96.3799,120.5910,37.9914,29.8499,26.2337,24.3381,22.7827,21.4686,20.3348,18.9763,17.6699,15.7161,12.9882,10.2136,7.9963,4.9040
37.784,0.15538453408276381,0.9796748592762289,2.812168276336706e-45,4,184.374,-0.526286,0.191346,14131.1,0.0,15.7849,42.0241,64.6357,89.0658,110.1420,125.0730,25.3475,21.5973,19.7591,18.2974,17.0898,16.0656,14.8585,13.7172,12.0432,9.7687,7.5284,5.7904,3.4387
37.886,0.05091640412824004,0.9773983598407597,4.726411222039102e-46,4,187.12,-0.671911,0.125614,14375.4,0.0,15.8818,36.9425,53.9928,73.1617,88.0941,97.6479,103.6740,109.6110,114.2960,27.2977,21.2291,18.4051,15.8658,13.8817,11.4112,8.5836,6.1918,4.5331,2.4973
38.004,0.013347429843793354,0.9749666988452211,5.560575538616785e-47,4,190.571,-0.793269,0.08088,14593.0,0.0,16.1710,34.7341,48.9699,65.0258,77.6794,85.4109,90.2263,94.9239,98.5999,102.5810,106.9040,111.6170,15.4813,12.3906,9.3973,6.5542,4.4590,3.1346,1.6309
38.106,0.0043736858112142065,0.977549681627602,9.345659307753231e-48,4,193.47,-0.859573,0.0563698,14794.3,0.0,16.3295,33.7242,46.6786,61.2393,72.8154,79.9576,84.3965,88.7206,92.0994,95.7535,99.7176,104.0320,14.8038,10.6663,7.5823,5.0149,3.2828,2.2497,1.1312
38.226,0.0011465354932949372,0.9816423880374611,1.09950747189786e-48,5,196.913,-0.908379,0.0302671,15059.1,0.0,16.3181,32.4591,44.1570,57.2532,67.7799,74.4140,78.5364,82.5507,85.6873,89.0786,92.7568,96.7592,102.9950,10.2262,6.2713,3.8039,2.3591,1.5647,0.7557
38.345,0.00030055740035430804,0.9839648285759421,1.2935595456131136e-49,5,197.6,-0.92765,0.00443679,13537.7,0.0,16.0805,30.9412,41.4695,53.2165,62.7956,68.9428,72.7621,76.4817,79.3877,82.5301,85.9383,89.6469,95.4247,103.0320,7.2378,3.6417,2.0838,1.3258,0.6117
38.466,-0.08098976719549777,0.9871046908659618,1.5218598698183724e-50,5,200.435,-0.918582,-0.0188887,13701.3,0.0,15.6716,29.3460,38.8668,49.4630,58.3135,64.0869,67.6802,71.1839,73.9239,76.8896,80.1096,83.6178,89.0910,96.3134,113.6460,5.2629,2.6498,1.6028,0.7050
38.584,-0.06246222562033656,0.9879277869261167,1.7904529182426172e-51,5,202.95,-0.898216,0.00620455,13950.7,0.0,15.8660,30.6427,41.1659,53.3969,65.1402,73.2758,78.5290,83.7991,88.0272,92.7117,97.9307,103.7810,113.2680,126.5080,11.4005,5.1763,2.9296,1.8610,0.8594
38.684,-0.020467622091271887,0.9881243920637,3.009214219690367e-52,5,205.192,-0.890165,0.00755554,14038.4,0.0,15.8200,30.6178,41.1940,54.4836,67.8817,77.4932,83.8491,90.3476,95.6512,101.6250,108.4030,116.1590,129.1090,147.9910,12.4829,5.5576,3.1475,2.0020,0.9262
38.794,-0.006706830406867972,0.9895154777445582,5.0575863390336015e-53,5,207.474,-0.881083,-0.0092876,14184.5,0.0,15.5038,29.4154,39.3954,52.4058,65.6691,75.2757,81.6706,88.2447,93.6371,99.7395,106.7010,114.7170,128.2190,148.1780,200.0000,7.2407,3.7207,2.2816,1.0200
38.906,-0.13602841566219798,0.9889452602416193,5.950199752009643e-54,5,210.161,-0.855138,-0.0189992,14366.1,0.0,15.1614,28.4806,38.5762,52.3162,66.8613,77.7533,85.1783,92.9611,99.4612,106.9480,115.6620,125.9340,143.8340,171.7700,200.0000,10.5502,4.8258,2.8742,1.2556
39.027,-0.03411579352399123,0.9907440620039041,7.000350506241827e-55,5,212.651,-0.830221,-0.00032866,14550.0,0.0,15.2165,29.6964,42.1354,60.9509,83.7011,103.0440,117.5690,134.1350,149.1610,167.9920,192.2820,200.0000,200.0000,200.0000,200.0000,9.9724,5.1483,3.1870,1.4440
39.146,-0.008943250577553156,0.9912156070930764,8.235842367088449e-56,5,215.331,-0.808296,-0.0172477,14703.2,0.0,14.8085,29.1264,41.8700,61.7585,86.8481,109.1360,126.4860,146.9490,166.1680,191.1860,200.0000,200.0000,200.0000,200.0000,78.7909,14.6324,6.4337,3.8034,1.6595
39.247,-0.0029305243492526176,0.9909425184135092,1.3841980266365553e-56,5,217.554,-0.776596,-0.0387992,14858.7,0.0,14.3488,28.3111,40.8002,60.4106,85.3591,107.7210,125.2580,146.0940,165.8090,191.7660,200.0000,200.0000,200.0000,200.0000,93.2148,19.6618,8.5191,4.7869,1.9798
39.366,-0.06319899690454173,0.992406060937616,1.6284951363576411e-57,6,220.193,-0.714256,-0.0533729,15052.3,0.0,13.8279,27.3882,39.5906,58.8937,83.7075,106.1960,124.0000,145.3440,165.7360,200.0000,200.0000,200.0000,200.0000,200.0000,104.2900,24.9392,11.0302,6.2420,2.5651
39.467,-0.021533229915280235,0.9927556434386628,2.7370117756762876e-58,6,219.969,-0.666339,-0.0311285,13730.3,0.0,13.7190,28.1763,41.9637,65.4742,99.2160,133.8570,164.5450,200.0000,200.0000,200.0000,200.0000,200.0000,195.8470,160.1010,51.7638,22.0193,11.2871,6.7638,2.9236
39.585,-0.0056448070229112215,0.9925729607842098,3.2200669839653964e-59,6,222.158,-0.627174,-0.0223148,13843.9,0.0,13.5090,28.1693,42.5062,67.8057,106.1230,148.1490,200.0000,200.0000,200.0000,200.0000,196.6080,191.6170,181.7290,104.9390,47.1131,22.4386,12.0244,7.3490,3.2366
39.685,-0.0018496903652675493,0.9928103331803948,5.411966579950642e-60,6,223.959,-0.602532,-0.0210507,13961.4,0.0,13.3205,27.8380,42.0879,67.3642,105.9660,148.7530,200.0000,200.0000,197.6880,194.0740,189.9410,185.0330,175.3620,105.6130,48.9259,23.6236,12.7341,7.8038,3.4459
39.786,-0.0006061065388908705,0.9928881153671767,9.095892230923044e-61,6,225.747,-0.580005,-0.0207219,14073.1,0.0,13.1374,27.4712,41.5545,66.5690,104.8540,147.4100,198.3180,194.3730,191.2160,187.6960,183.6890,178.9680,169.9110,109.9970,51.3530,24.8819,13.4327,8.2377,3.6400
39.904,-0.024495237889531007,0.9929160875054381,1.0701226250758655e-61,6,227.865,-0.555064,-0.0135375,14202.1,0.0,13.0201,27.5771,42.1934,68.9636,112.0710,192.3500,188.2030,184.0720,180.7460,177.0030,172.6690,167.3810,155.1110,88.7175,47.4633,24.6224,13.7149,8.5363,3.8276
40.024,-0.006421279641313217,0.9929234202336505,1.2589885671755052e-62,6,229.95,-0.541261,-0.00274915,14325.7,0.0,13.0422,28.1795,43.9106,74.2195,127.5550,181.1240,176.6360,172.1090,168.3980,164.1000,158.8430,151.3850,102.2520,67.3417,41.0727,23.1025,13.4120,8.5223,3.9033
40.126,-0.0021041249128655147,0.9929251717327876,2.1159820848518718e-63,6,231.675,-0.537208,-0.000944138,14427.1,0.0,13.0313,28.2522,44.1652,75.1040,130.4590,173.7240,169.2510,164.7430,161.0470,156.7610,151.4920,143.8500,96.6751,65.0657,40.3512,22.9612,13.4150,8.5524,3.9306
40.244,-0.004643405634439468,0.9925403016093448,2.4894317630073793e-64,6,233.716,-0.535562,-0.000346661,14546.3,0.0,13.0252,28.2709,44.2417,75.3876,172.1420,165.2130,160.8300,156.4340,152.8460,148.7060,143.6640,136.5540,95.0428,64.3964,40.1470,22.9305,13.4248,8.5679,3.9423
40.345,-0.03135553608885712,0.992799631421975,4.183987964086503e-65,6,235.372,-0.537589,0.0114427,14646.8,0.0,13.1988,29.3127,46.9002,83.4858,162.0800,154.5840,149.7610,144.7950,140.5740,135.3380,127.3560,96.0288,67.5024,50.4007,34.1824,20.8264,12.6636,8.2484,3.8796
40.445,-0.0102745820655967,0.9928846086149776,7.032028571240186e-66,6,236.992,-0.552279,0.0240994,14751.4,0.0,13.5008,30.7697,50.5407,95.1186,151.4080,143.1510,137.6480,131.6350,125.8670,111.4790,81.8500,64.6672,49.9836,39.6910,28.6466,18.4309,11.6079,7.7136,3.7107
40.564,-0.0026934200410037817,0.9929151682313896,8.273111293778369e-67,6,238.937,-0.583051,0.0275009,14865.9,0.0,13.8178,31.7196,52.4952,100.4780,141.5100,133.1350,127.4910,121.1590,114.5720,90.9793,69.0702,55.6686,43.7816,35.1984,25.7480,16.7769,10.6578,7.1183,3.4445
40.666,-0.0008825798790361193,0.9929224677166867,1.3904618151453304e-67,6,240.529,-0.612983,0.0281783,14963.9,0.0,14.0892,32.3893,53.6855,103.7200,133.7350,125.4310,119.8320,113.5090,106.7270,82.4184,62.9355,50.9057,40.1632,32.3639,23.7349,15.5028,9.8650,6.5954,3.1952
40.784,0.029884106640989956,0.992925092767748,1.63586442090033e-68,6,242.377,-0.647467,0.0144049,15082.0,0.0,14.1850,31.6907,51.0050,91.9007,128.1480,120.9330,116.3380,111.6150,107.5700,102.4100,91.4505,66.4053,48.0058,36.4654,25.1454,15.5354,9.5288,6.2367,2.9492
40.885,0.009792424064119589,0.9929257197887605,2.749397332207185e-69,6,243.896,-0.661888,0.00232533,15170.3,0.0,14.1345,30.8358,48.4900,83.3995,123.3400,116.8730,112.8860,108.9510,105.7780,102.1530,97.7695,91.5590,63.4148,44.1569,28.1463,16.3369,9.6518,6.1894,2.8623
40.985,0.003208781517330707,0.992925925251006,4.6209120962406165e-70,6,245.415,-0.665929,-0.000632256,15260.3,0.0,14.1270,30.6457,47.9335,81.9600,116.3040,110.1320,106.3720,102.7060,99.7926,96.5310,92.7370,87.9395,69.0365,46.6279,28.9968,16.5324,9.6695,6.1680,2.8365
41.105,0.0008411628220791409,0.9929259991396246,5.4364568721061225e-71,6,247.21,-0.665655,-0.00159019,15368.3,0.0,14.1111,30.5558,47.7113,116.9700,107.2070,101.3050,97.7506,94.3203,91.6261,88.6529,85.2766,81.2242,71.3619,47.7287,29.4275,16.6768,9.7214,6.1903,2.8415
41.225,0.00022050578683111428,0.9929260185090827,6.395937145464133e-72,6,248.973,-0.663577,-0.00183514,15476.4,0.0,14.0901,30.4961,47.5973,107.3190,97.8454,92.2139,88.8610,85.6580,83.1701,80.4597,77.4429,73.9540,67.2518,48.3066,29.7169,16.8145,9.7932,6.2333,2.8599
41.346,5.7804268983055614e-05,0.48463614194604493,0.2602313232421875,6,250.011,-0.661111,-0.001791,15383.8,0.0,14.0698,30.4548,47.5365,97.4517,88.3001,82.9591,79.8180,76.8498,74.5705,72.1197,69.4431,66.4434,61.2496,48.6094,29.9153,16.9315,9.8629,6.2782,2.8807
41.464,1.5153042288294135e-05,0.127044456794304,0.8039929892651367,6,239.585,-0.658692,-0.00178823,14361.9,0.0,14.0494,30.4107,47.4768,87.6241,78.8415,73.8163,70.9015,68.1795,66.1150,63.9249,61.5770,59.0185,54.8844,48.1937,30.1276,17.0520,9.9332,6.3229,2.9013
41.565,4.965348897028223e-06,0.04162992760235754,0.8773790697844048,6,225.899,-0.656792,-0.00154737,13413.7,0.0,14.0366,30.3970,91.5171,79.7366,71.2799,66.5240,63.7989,61.2797,59.3883,57.4040,55.3071,53.0672,49.5918,44.7447,30.1886,17.1129,9.9771,6.3537,2.9167
41.689,1.3016364212625665e-06,0.010913035741392416,0.8805198387998399,6,209.147,-0.654898,-0.000931561,12330.9,0.0,14.0292,30.4164,82.2660,70.7265,62.6813,58.2556,55.7573,53.4774,51.7863,50.0352,48.2138,46.3082,43.4595,39.8267,30.0842,17.1203,10.0029,6.3773,2.9310
41.805,3.4121617801545416e-07,0.0028607868413915733,0.870225180446725,6,193.008,-0.653623,-0.000484318,11316.7,0.0,14.0247,30.7203,73.5216,62.2826,54.6828,50.6002,48.3326,46.2909,44.7953,43.2664,41.7000,40.0907,37.7554,34.9372,28.9544,17.1207,10.0187,6.3925,2.9405
41.924,8.944777376968321e-08,0.0007499381057497525,0.8670736537942937,6,177.666,-0.652818,-0.000143439,10354.4,0.0,14.0226,35.0286,65.2556,54.3711,47.2481,43.5196,41.4846,39.6775,38.3705,37.0508,35.7174,34.3696,32.4593,30.2386,25.9584,17.1128,10.0259,6.4010,2.9464
42.025,0.06910017860941525,0.0002457397184920789,0.8667240673147402,5,165.5,-0.652462,6.61016e-05,10541.9,0.0,14.0225,71.8338,58.7117,48.1629,41.4611,38.0352,36.1944,34.5786,33.4227,32.2668,31.1115,29.9575,28.3482,26.5207,23.1531,16.8593,10.0263,6.4037,2.9488
42.145,0.1960801772810156,6.441919276438754e-05,0.25249146414976,5,152.005,-0.652209,1.7941e-05,9914.92,0.0,14.0237,64.3285,51.2710,41.1769,35.0115,31.9565,30.3475,28.9551,27.9718,26.9995,26.0394,25.0924,23.7923,22.3481,19.7777,15.2979,10.0281,6.4092,2.9510
42.246,0.08964143023277063,2.110888108503451e-05,0.04243624037965016,5,144.522,-0.651865,-0.00122949,9602.01,0.0,14.2539,58.3730,45.4179,35.7521,30.0633,27.3237,25.9057,24.6934,23.8461,23.0157,22.2030,21.4088,20.3304,19.1490,17.0888,13.6087,9.5675,6.4237,2.9577
42.366,0.19969902953203225,5.533566523155287e-06,0.004992581244425462,4,139.809,-0.646703,-0.0247165,10317.0,0.0,14.6226,53.4772,40.8212,31.6692,26.4545,24.0026,22.7501,21.6897,20.9538,20.2364,19.5385,18.8609,17.9474,16.9538,15.2387,12.3785,9.0487,6.3555,3.0472
42.469,0.23799283313349773,1.8132390783075244e-06,0.0008391031297505876,4,138.271,-0.630712,-0.0531694,10210.3,0.0,14.1025,54.5910,42.4768,33.5936,28.4408,25.9820,24.7145,23.6337,22.8798,22.1417,21.4204,20.7160,19.7598,18.7125,16.8842,13.7688,10.0433,6.9832,3.2572
42.585,0.13274262772468792,4.753297449438477e-07,9.87196441120269e-05,4,136.179,-0.604552,-0.0881242,10048.2,0.0,13.3413,56.6290,45.1205,36.6254,31.5846,29.1344,27.8567,26.7580,25.9864,25.2262,24.4782,23.7430,22.7369,21.6232,19.6456,16.1664,11.8064,8.1000,3.6145
42.687,0.11347638675280698,1.557560508232e-07,1.659181058590836e-05,3,134.698,-0.575621,-0.0934308,12188.0,0.0,13.0339,56.1817,44.9438,36.7912,31.9480,29.5887,28.3566,27.2957,26.5494,25.8136,25.0889,24.3757,23.3975,22.3120,20.3768,16.9367,12.5353,8.6856,3.8935
42.804,0.10933573311424362,4.083051418699695e-08,1.9520099236215327e-06,3,132.762,-0.53651,-0.0816807,12007.8,0.0,12.8870,54.1503,43.1459,35.3829,30.8203,28.6099,27.4582,26.4683,25.7729,25.0879,24.4137,23.7507,22.8423,21.8350,20.0405,16.8473,12.7233,9.0226,4.1863
42.905,0.12137478826517495,1.337934288879516e-08,3.2807430786307104e-07,3,131.122,-0.505446,-0.0714532,11866.2,0.0,12.7868,52.5315,41.6838,34.2136,29.8774,27.7855,26.6972,25.7638,25.1086,24.4633,23.8286,23.2046,22.3509,21.4046,19.7191,16.7178,12.8138,9.2452,4.4082
43.006,0.23703062252963564,4.384143077800399e-09,5.513944892254636e-08,3,129.444,-0.477594,-0.0690138,11712.6,0.0,12.5992,51.7270,40.9513,33.6975,29.5455,27.5456,26.5055,25.6132,24.9867,24.3694,23.7619,23.1647,22.3471,21.4401,19.8215,16.9267,13.1200,9.5752,4.6342
43.126,0.28613680518370116,1.1492768029869078e-09,6.487101026288656e-09,3,127.162,-0.442879,-0.0939701,11487.1,0.0,11.9659,53.5689,42.5967,35.3471,31.2633,29.3037,28.2818,27.4023,26.7828,26.1711,25.5674,24.9720,24.1531,23.2389,21.5940,18.5997,14.5424,10.6344,5.0591
43.244,0.2615331489022952,3.012760182422e-10,7.632009486418345e-10,3,124.629,-0.401134,-0.12996,11238.3,0.0,11.1890,56.9347,45.5182,38.0537,33.8845,31.8939,30.8596,29.9708,29.3448,28.7264,28.1160,27.5138,26.6849,25.7571,24.0752,20.9585,16.5762,12.1582,5.6352
43.345,0.25540810240921813,9.87221256576041e-11,1.2827118343823316e-10,3,122.425,-0.359297,-0.157359,11029.5,0.0,10.5694,59.9878,48.1054,40.3797,36.0830,34.0377,32.9755,32.0631,31.4215,30.7885,30.1637,29.5472,28.6984,27.7496,26.0327,22.8452,18.2905,13.5259,6.1929
43.464,0.23414065135871676,2.587941290838697e-11,1.509097646032469e-11,3,119.773,-0.300203,-0.184024,10784.5,0.0,9.8645,63.7220,51.2169,43.1253,38.6414,36.5109,35.4058,34.4576,33.7909,33.1329,32.4837,31.8437,30.9634,29.9797,28.1991,24.8977,20.1735,15.1313,6.9322
43.565,0.19796868184470084,0.06960834961785517,2.536340413686771e-12,3,117.675,-0.243663,-0.200441,10645.7,0.0,9.2998,66.8101,53.7599,45.3424,40.6883,38.4797,37.3352,36.3528,35.6624,34.9816,34.3103,33.6483,32.7376,31.7202,29.8809,26.4709,21.5900,16.3603,7.5855
43.666,0.19056496177087937,0.2402854749402788,4.2628273332833566e-13,3,116.391,-0.18062,-0.207392,10824.1,0.0,8.7714,22.8820,55.8498,47.1358,42.3312,40.0545,38.8758,37.8649,37.1544,36.4538,35.7634,35.0833,34.1478,33.1028,31.2150,27.7192,22.7220,17.3612,8.2172
43.785,0.18738159803328414,0.4094789037458695,5.0151737293345364e-14,3,116.46,-0.0970389,-0.187456,10942.9,0.0,8.2772,22.1404,56.0111,47.1686,42.3277,40.0442,38.8648,37.8550,37.1462,36.4481,35.7607,35.0842,34.1553,33.1193,31.2522,27.8112,22.9283,17.7232,8.7590
43.885,0.18273277114807193,0.5121698323356965,8.429002486892557e-15,3,117.528,-0.0246035,-0.157894,11052.9,0.0,7.9120,24.1455,55.2777,46.4324,41.6266,39.3703,38.2080,37.2142,36.5177,35.8326,35.1589,34.4963,33.5876,32.5761,30.7579,27.4227,22.7229,17.7446,9.1111
43.987,0.17532066057362442,0.588262242300386,1.4166624479720323e-15,3,119.188,0.0445016,-0.134472,11236.1,0.0,7.5044,22.8961,55.4313,46.4920,41.6624,39.4030,38.2410,37.2486,36.5539,35.8711,35.2001,34.5407,33.6371,32.6326,30.8299,27.5333,22.9079,18.0239,9.5002
44.105,0.17221927966209422,0.6384796371674674,1.6666892034146165e-16,3,121.623,0.117279,-0.113101,11531.2,0.0,7.0319,20.2859,56.2699,47.1248,42.2099,39.9174,38.7404,37.7365,37.0340,36.3440,35.6665,35.0014,34.0906,33.0790,31.2662,27.9599,23.3384,18.4718,9.9418
44.206,0.18787711914110472,0.6553142946164107,2.8012045441789464e-17,3,123.801,0.168833,-0.101313,11766.6,0.0,6.6679,18.2879,57.4682,48.0702,43.0344,40.6902,39.4876,38.4627,37.7459,37.0420,36.3511,35.6731,34.7454,33.7154,31.8714,28.5137,23.8319,18.9123,10.2821
44.311,0.1880148206520224,0.6608306751692804,4.707984477401555e-18,3,125.973,0.213993,-0.0940328,11993.4,0.0,6.3259,16.5164,59.0905,49.3689,44.1702,41.7534,40.5142,39.4585,38.7207,37.9963,37.2853,36.5878,35.6339,34.5754,32.6812,29.2368,24.4435,19.4173,10.6095
44.424,0.18269689024106095,0.6637252273709509,5.5388966578181565e-19,3,128.545,0.26202,-0.087402,12249.6,0.0,5.9528,14.8626,61.2268,51.0726,45.6534,43.1368,41.8479,40.7499,39.9827,39.2299,38.4915,37.7671,36.7765,35.6781,33.7141,30.1474,25.1951,20.0176,10.9706
44.526,0.13370602518080804,0.6668469551611631,9.309223612794977e-20,3,130.682,0.298125,-0.0816391,12444.6,0.0,5.6765,13.8489,62.9044,52.3886,46.7863,44.1882,42.8578,41.7255,40.9346,40.1586,39.3974,38.6513,37.6314,36.5006,34.4805,30.8167,25.7411,20.4495,11.2330
44.650,0.08929545841155744,0.673324071963768,1.0952208488217167e-20,3,133.396,0.335173,-0.0621954,12642.8,0.0,5.4630,13.7141,63.3602,52.4247,46.7363,44.1074,42.7638,41.6215,40.8246,40.0432,39.2775,38.5273,37.5031,36.3691,34.3463,30.6908,25.6533,20.4305,11.3637
44.766,0.0718842614113015,0.68614488895837,1.2885163764302617e-21,3,136.244,0.358908,-0.0304096,12872.2,0.0,5.4292,15.0753,62.0772,50.7530,45.1339,42.5525,41.2372,40.1214,39.3440,38.5829,37.8381,37.1094,36.1160,35.0181,33.0657,29.5556,24.7557,19.8161,11.2621
44.886,0.09105731459442015,0.714664181786728,1.5159266317064385e-22,3,139.214,0.361609,0.00276124,13154.3,0.0,5.5961,18.7777,60.3592,48.5579,43.0511,40.5386,39.2632,38.1835,37.4326,36.6987,35.9816,35.2811,34.3275,33.2762,31.4126,28.0811,23.5637,18.9524,10.9960
45.004,0.09109420721889595,0.730395464379675,1.783472522936308e-23,3,142.272,0.341965,0.0271256,13474.9,0.0,5.9284,100.1140,59.9927,46.9623,41.4646,38.9816,37.7254,36.6641,35.9274,35.2084,34.5067,33.8222,32.8920,31.8685,30.0598,26.8444,22.5204,18.1450,10.6526
45.106,0.08409319523754016,0.7360542416273068,2.9974822692990533e-24,3,144.863,0.310056,0.0454859,13727.6,0.0,6.3572,109.9630,60.0763,45.6748,40.0183,37.5600,36.3197,35.2740,34.5494,33.8430,33.1544,32.4836,31.5734,30.5741,28.8121,25.6961,21.5372,17.3632,10.2720
45.224,0.07327153270633754,0.7380892589765237,3.5265079150076437e-25,3,147.991,0.253654,0.068794,14017.4,0.0,7.0945,127.5670,59.9627,43.7728,37.7847,35.3704,34.1634,33.1488,32.4472,31.7643,31.1000,30.4539,29.5793,28.6214,26.9389,23.9837,20.0794,16.2020,9.6801
45.326,0.06329987247836893,0.7434332465845523,5.927001852753347e-26,3,150.614,0.190702,0.090475,14250.9,0.0,7.9374,149.7930,59.3038,41.6785,35.4767,33.0509,31.8875,30.9132,30.2410,29.5881,28.9542,28.3387,27.5071,26.5984,25.0090,22.2345,18.6030,15.0295,9.0670
45.446,0.05304474052448204,0.7460572981957859,6.973058409745785e-27,3,153.783,0.0935936,0.119287,14535.7,0.0,9.3027,195.3460,57.3969,38.3696,32.0975,29.6998,28.5695,27.6531,27.0310,26.4283,25.8445,25.2792,24.5176,23.6886,22.2454,19.7483,16.5185,13.3757,8.1792
45.564,0.07675089481838732,0.745051085784486,8.203733488481819e-28,3,156.944,-0.0296694,0.14906,14822.8,0.0,11.1445,200.0000,54.3277,34.2681,28.1333,25.8456,24.7779,23.9172,23.3401,22.7920,22.2702,21.7678,21.0933,20.3619,19.0961,16.9273,14.1578,11.4938,7.1284
45.685,0.10152139824320881,0.7455402429256384,9.651610411863975e-29,4,159.614,-0.176854,0.164196,12233.1,0.0,13.1752,200.0000,56.9464,31.6597,25.0674,22.7240,21.6505,20.7944,20.2250,19.6873,19.1789,18.6975,18.0651,17.3957,16.2628,14.3457,11.9394,9.6639,6.0019
45.786,0.10590941669627216,0.7462060740674982,1.6221461619219784e-29,4,159.989,-0.309313,0.166488,12235.9,0.0,14.8093,131.5980,71.1557,31.0941,23.3014,20.7248,19.5758,18.6729,18.0789,17.5229,17.0013,16.5110,15.8723,15.2029,14.0959,12.3242,10.1725,8.1781,5.0393
45.904,0.10699546688396505,0.7476949220334752,1.908438738039589e-30,4,162.078,-0.474555,0.170673,12376.6,0.0,16.4277,86.1036,155.4390,30.8606,20.8854,17.9947,16.7620,15.8165,15.2052,14.6404,14.1172,13.6311,13.0058,12.3600,11.3129,9.6912,7.8623,6.2694,3.8324
46.013,0.10641637771647515,0.7534641134581791,3.2075129870231383e-31,4,163.796,-0.616502,0.173574,12506.2,0.0,17.3440,70.2936,200.0000,32.5944,18.8298,15.5594,14.2438,13.2646,12.6448,12.0812,11.5666,11.0948,10.4968,9.8894,8.9257,7.4832,5.9248,4.6344,2.7971
46.124,0.10761180490884514,0.7863420481208808,3.773606954102852e-32,4,165.917,-0.783736,0.148532,12678.5,0.0,17.9970,58.7853,175.8250,49.2329,16.5008,12.3925,10.9425,9.9277,9.3117,8.7682,8.2854,7.8535,7.3202,6.7942,5.9903,4.8524,3.7034,2.8092,1.6140
46.225,0.11501494345646786,0.8055634490470003,6.342301207760663e-33,4,167.785,-0.897316,0.111206,12866.4,0.0,18.2356,52.0701,116.0730,200.0000,14.8886,9.1246,7.5647,6.5812,6.0225,5.5517,5.1494,4.8019,4.3879,3.9949,3.4222,2.6641,1.9548,1.4379,0.7887
46.344,0.1277706874925898,0.8153382599432267,7.461653947918343e-34,4,170.126,-0.997592,0.0623343,12980.5,0.0,18.1137,45.0524,81.7707,200.0000,200.0000,0.7725,0.4423,0.3220,0.2696,0.2319,0.2035,0.1812,0.1572,0.1366,0.1096,0.0787,0.0538,0.0376,0.0193
46.445,0.1395873499447093,0.8176730761744465,1.2540801790266357e-34,4,171.981,-1.04664,0.0194049,13161.9,0.0,-1.0000,-1.0000,-1.0000,-1.0000,-1.0000,-1.0000,-1.0000,-1.0000,-1.0000,-1.0000,-1.0000,-1.0000,-1.0000,-1.0000,-1.0000,-1.0000,-1.0000,-1.0000,-1.0000
46.546,0.15175744166341984,0.8191910784445926,2.1077325568900666e-35,4,173.601,-1.06715,-0.020951,13242.0,0.0,-1.0000,-1.0000,-1.0000,-1.0000,-1.0000,-1.0000,-1.0000,-1.0000,-1.0000,-1.0000,-1.0000,-1.0000,-1.0000,-1.0000,-1.0000,-1.0000,-1.0000,-1.0000,-1.0000
46.665,0.11510364776245928,0.8203336983334042,2.4797262758555948e-36,4,175.257,-1.04423,-0.0774364,13601.7,0.0,-1.0000,-1.0000,-1.0000,-1.0000,-1.0000,-1.0000,-1.0000,-1.0000,-1.0000,-1.0000,-1.0000,-1.0000,-1.0000,-1.0000,-1.0000,-1.0000,-1.0000,-1.0000,-1.0000
46.766,0.04153211526520265,0.822473791973015,4.167675951830499e-37,4,177.278,-0.99012,-0.104765,13558.2,0.0,15.3643,28.2514,38.6356,53.0710,68.7463,80.7602,89.0893,97.9437,105.4390,114.1850,124.5240,136.9340,159.1590,195.4500,200.0000,3.4054,0.5673,0.2636,0.0942
46.866,-0.12647282494317963,0.8391672844193425,7.00461297224152e-38,4,179.42,-0.911408,-0.105298,13667.9,0.0,14.7502,27.1031,37.0468,50.8546,65.8283,77.2904,85.2298,93.6634,100.7970,109.1160,118.9410,130.7220,151.7890,186.0980,200.0000,31.5007,5.1133,2.3689,0.8452
46.984,-0.03315409222190488,0.9352228041536991,8.240857115712429e-39,4,182.148,-0.824524,-0.0580394,13964.4,0.0,14.6561,28.8184,41.4192,61.0758,85.8569,107.8560,124.9710,145.1470,164.0850,188.7220,200.0000,200.0000,200.0000,200.0000,89.4260,16.4279,6.9808,3.8970,1.5835
47.106,-0.008691146351419033,0.9743272616158173,9.695285988064517e-40,4,185.443,-0.762347,-0.0453866,14188.4,0.0,14.3191,28.7236,41.9478,63.4027,91.9925,118.9410,141.0130,168.3810,195.5020,200.0000,200.0000,200.0000,200.0000,200.0000,58.3813,18.5881,8.7309,5.0505,2.1147
47.207,-0.002847914836432989,0.985211277789396,1.6294867160140034e-40,4,188.285,-0.720454,-0.0432873,14418.4,0.0,14.0056,28.1903,41.2834,62.6735,91.4653,118.9100,141.6140,170.0520,198.5500,200.0000,200.0000,200.0000,200.0000,200.0000,63.2392,21.2842,10.1414,5.8987,2.4817
47.324,-0.004109770687344389,0.9909036505954484,1.9170748265233153e-41,4,191.744,-0.673554,-0.0423102,14671.4,0.0,13.6360,27.4901,40.3106,61.3238,89.7439,116.9800,139.6200,168.1180,196.8320,200.0000,200.0000,200.0000,200.0000,200.0000,71.2261,24.5516,11.7743,6.8657,2.8950
47.426,-0.0013466896588290094,0.9922633336177414,3.222027660937737e-42,4,194.618,-0.635432,-0.0412424,14881.1,0.0,13.3385,26.9373,39.5566,60.3150,88.5394,115.7500,138.4910,167.2740,196.4550,200.0000,200.0000,200.0000,200.0000,200.0000,76.5714,27.0577,13.0665,7.6401,3.2294
47.546,-0.0003530266139240719,0.9927523047185141,3.790683322816639e-43,5,196.741,-0.590016,-0.0410202,13481.1,0.0,12.9707,26.2041,38.4915,58.7192,86.2526,112.8310,135.0680,163.2460,191.8520,200.0000,200.0000,200.0000,200.0000,200.0000,85.4458,30.3452,14.6751,8.5854,3.6308
47.664,-0.061694961876030505,0.9928804855587551,4.4597010224605483e-44,5,198.442,-0.545844,-0.0335987,13566.9,0.0,12.6976,25.9699,38.5413,59.7842,89.8506,120.2130,146.6950,181.7580,200.0000,200.0000,200.0000,200.0000,200.0000,200.0000,75.2607,30.8046,15.5767,9.2804,3.9899
47.785,-0.016172964086030143,0.9929140873969392,5.2467936559146106e-45,5,201.133,-0.516914,-0.00972486,13751.1,0.0,12.7481,27.1891,41.8624,69.2045,114.5500,170.6550,200.0000,200.0000,200.0000,200.0000,200.0000,200.0000,145.3290,85.4972,48.2666,25.8308,14.6102,9.1621,4.1396
47.885,-0.005299556871710357,0.9929221135488541,8.818286097495688e-46,5,203.392,-0.505838,-0.00460935,13895.6,0.0,12.7190,27.3853,42.5342,71.4553,121.5140,187.3560,200.0000,200.0000,200.0000,200.0000,200.0000,200.0000,118.3220,75.9977,45.5046,25.2783,14.5770,9.2307,4.2126
48.006,-0.00138924703657764,0.9938661620341507,1.0374625410842703e-46,5,206.078,-0.499337,-0.00331259,14072.5,0.0,12.6804,27.3686,42.6047,71.8782,123.1310,191.6960,200.0000,200.0000,200.0000,200.0000,200.0000,200.0000,113.9820,74.5224,45.2055,25.3327,14.6771,9.3166,4.2624
48.124,-0.0003641827751566088,0.9931724765709053,1.2205643049602332e-47,5,208.731,-0.495106,-0.00306463,14250.5,0.0,12.6477,27.3108,42.5333,71.8165,123.2000,192.1690,200.0000,200.0000,200.0000,200.0000,200.0000,200.0000,113.8740,74.6932,45.4185,25.4939,14.7837,9.3885,4.2974
48.225,-0.03352193337729457,0.9930067825133793,2.0514024273466638e-48,5,210.913,-0.492131,-0.0018065,14396.3,0.0,12.6383,27.3555,42.6977,72.3971,125.1110,200.0000,200.0000,200.0000,200.0000,200.0000,200.0000,193.4410,109.3740,72.8746,44.8421,25.3774,14.7819,9.4091,4.3172
48.344,-0.008787573703257508,0.9944907012451871,2.4134544417490765e-49,5,213.492,-0.495232,0.0108573,14568.2,0.0,12.8275,28.4550,45.4755,80.7608,152.2600,200.0000,200.0000,200.0000,199.1890,193.5930,154.6570,106.9920,74.7493,55.6079,37.5837,22.8336,13.8597,9.0187,4.2373
48.444,-0.00287951215108342,0.9934387383746478,4.0562928802476735e-50,5,215.631,-0.505251,0.0139155,14703.2,0.0,12.9540,28.9120,46.4869,83.5893,161.6560,200.0000,200.0000,195.7350,191.4570,184.7230,131.1160,94.6474,68.1281,51.6107,35.4952,21.8804,13.4016,8.7645,4.1409
48.545,-0.000943558541667015,0.9938469608687296,6.817411443832264e-51,5,217.741,-0.518609,0.0146739,14839.0,0.0,13.0792,29.2360,47.0798,84.9238,165.3320,197.8300,193.7300,189.1720,184.8570,177.8010,123.4410,89.9188,65.1555,49.5648,34.2275,21.1724,12.9964,8.5100,4.0261
48.666,-0.000247348210346758,0.9943058727880972,8.02061638955422e-52,5,220.238,-0.53627,0.0148897,15010.3,0.0,13.2342,29.5954,47.6795,86.0835,195.8950,190.0510,185.9930,181.4920,177.2350,170.2280,117.8270,86.0422,62.4614,47.5705,32.8880,20.3637,12.5077,8.1929,3.8776
48.767,-8.105106156642566e-05,0.9950722655827037,1.3480249965923779e-52,6,220.005,-0.551389,0.0148358,13720.0,0.0,13.3637,29.8818,48.1355,86.8872,189.3770,183.5790,179.5720,175.1450,170.9720,164.1800,114.2460,83.3759,60.4982,46.0620,31.8360,19.7075,12.1028,7.9269,3.7513
48.884,-2.124704948326909e-05,0.9961705849264122,1.5859379282409666e-53,6,222.031,-0.569622,0.014828,13840.1,0.0,13.5207,30.2323,48.6993,87.9020,181.5020,175.7600,171.8150,167.4720,163.3950,156.8210,109.6390,80.0066,58.0494,44.1958,30.5449,18.9076,11.6113,7.6049,3.5989
48.986,-6.962233174677616e-06,0.9944710776593116,2.665485875994593e-54,6,223.688,-0.584912,0.014828,13951.3,0.0,13.6524,30.5267,49.1737,88.7582,174.8680,169.1770,165.2870,161.0170,157.0210,150.6300,105.7440,77.1643,55.9872,42.6257,29.4597,18.2359,11.1988,7.3347,3.4711
49.104,-1.8251076533426886e-06,0.9942722136819225,3.1359174782488786e-55,6,225.658,-0.60345,0.0148306,14073.3,0.0,13.8121,30.8841,49.7495,89.7986,166.8210,161.1990,157.3760,153.1980,149.3040,143.1360,101.0100,73.7121,53.4836,40.7201,28.1431,17.4211,10.6985,7.0071,3.3160
49.226,-4.784410206778658e-07,0.9945137252615589,3.689375553985023e-56,6,227.606,-0.622117,0.0148325,14197.3,0.0,13.9729,31.2438,50.3292,90.8456,158.6810,153.1340,149.3850,145.3030,141.5160,135.5790,96.2476,70.2382,50.9639,38.8021,26.8178,16.6009,10.1949,6.6772,3.1599
49.344,-1.2542044292457848e-07,0.993727731385591,4.34051344550784e-57,6,229.539,-0.640981,0.0148354,14316.8,0.0,14.1354,31.6074,50.9152,91.9045,150.4450,144.9810,141.3100,137.3300,133.6540,127.9550,91.4316,66.7258,48.4166,36.8633,25.4782,15.7718,9.6858,6.3439,3.0022
49.445,-4.109777073752587e-08,0.9940561034110554,7.295100947865029e-58,6,231.13,-0.656808,0.0148382,14423.1,0.0,14.2718,31.9125,51.4070,92.7933,143.5070,138.1190,134.5170,130.6260,127.0470,121.5530,87.3906,63.7788,46.2792,35.2365,24.3542,15.0762,9.2587,6.0642,2.8698
49.566,-1.077353401221798e-08,0.9957837353600877,8.582613314153729e-59,6,233.047,-0.675958,0.0148449,14526.5,0.0,14.4369,32.2820,52.0029,93.8717,135.0900,129.8010,126.2870,122.5090,119.0510,113.8090,82.4907,60.2074,43.6904,33.2665,22.9934,14.2343,8.7418,5.7257,2.7097
49.667,-3.530271625123587e-09,0.9958878206527935,1.4424798197098173e-59,6,234.628,-0.692034,0.0148718,14610.5,0.0,14.5758,32.5944,52.5089,94.7959,127.9930,122.7930,119.3570,115.6760,112.3220,107.2900,78.3088,57.1727,41.4976,31.6015,21.8457,13.5254,8.3071,5.4412,2.5752
49.790,-9.254395248963977e-10,0.9961868090447058,1.6970630830904032e-60,6,236.483,-0.711468,0.0149331,14726.5,0.0,14.7441,32.9749,53.1285,95.9750,119.3750,114.2920,110.9540,107.3960,104.1710,99.3915,73.1772,53.4636,38.8256,29.5764,20.4524,12.6663,7.7808,5.0970,2.4125
49.906,-2.425984188144413e-10,0.9950303823702152,1.9965777466250283e-61,6,238.318,-0.731106,0.0150192,14835.6,0.0,14.9146,33.3620,53.7617,118.1510,110.6440,105.6890,102.4550,99.0274,95.9380,91.4179,67.9493,49.6927,36.1134,27.5230,19.0411,11.7968,7.2485,4.7489,2.2481
50.026,-6.35957199016929e-11,0.9801595484623076,2.34895375312688e-62,6,240.125,-0.75096,0.0151103,14943.3,0.0,15.0871,33.7541,54.4034,109.1840,101.7970,96.9842,93.8653,90.5769,87.6324,83.3877,62.6918,45.8949,33.3789,25.4513,17.6163,10.9186,6.7106,4.3972,2.0819
50.144,-1.667123639790938e-11,0.40391481967210313,0.6395154180908202,6,237.865,-0.770903,0.0151684,14466.4,0.0,15.2598,34.1446,55.0393,100.1090,92.8708,88.2168,85.2237,82.0879,79.3022,75.3596,57.5312,42.1444,30.6662,23.3901,16.1945,10.0400,6.1717,4.0444,1.9151
50.245,-5.462830742866946e-12,0.13235480811015474,0.7969356594801453,6,226.721,-0.786949,0.015054,13541.1,0.0,15.3963,34.4419,55.5057,92.7382,85.6472,81.1401,78.2618,75.2663,72.6288,68.9771,53.7592,39.3308,28.5913,21.7942,15.0806,9.3446,5.7423,3.7623,1.7812
50.364,-1.4320483022581126e-12,0.034696018817228405,0.7992161776343574,6,211.193,-0.80482,0.0153825,12505.6,0.0,15.5555,34.8213,56.1546,84.2818,77.3664,73.0257,70.2738,67.4271,64.9384,61.5407,48.5788,35.6711,26.0021,19.8550,13.7624,8.5404,5.2531,3.4436,1.6313
50.465,-4.692535876839383e-13,0.011369191446029405,0.7865144288380436,6,198.518,-0.81879,0.0159278,11713.0,0.0,15.6847,35.1494,86.2685,77.5900,70.8245,66.6190,63.9673,61.2356,58.8575,55.6318,44.1044,32.5771,23.8525,18.2653,12.6963,7.8980,4.8655,3.1923,1.5137
50.586,-1.2301201248981834e-13,0.0029803653224279325,0.7091414977784793,6,183.901,-0.834539,0.0162039,10827.2,0.0,15.8251,35.4837,78.5971,70.0541,63.4943,59.4679,56.9497,54.3751,52.1557,49.2072,39.8255,29.5021,21.6485,16.6011,11.5558,7.1973,4.4373,2.9127,1.3818
50.705,-3.224686100213094e-14,0.000781284887082548,0.5406001062178923,6,170.68,-0.84911,0.0160642,10123.6,0.0,15.9485,35.7503,71.4404,63.0247,56.6950,52.8636,50.4913,48.0907,46.0511,43.4268,36.5230,27.0161,19.8023,15.1745,10.5552,6.5701,4.0490,2.6572,1.2603
50.825,-8.453321130542613e-15,0.02862790484856437,0.10362653349982237,5,160.14,-0.862473,0.015389,10601.4,0.0,16.0525,35.9390,64.6924,56.4430,50.3683,46.7489,44.5353,42.3252,40.4831,38.2056,34.1755,25.1296,18.3189,13.9887,9.6965,6.0174,3.7013,2.4264,1.1494
50.925,0.06892355176574723,0.23799433873577758,0.017416511485315152,5,157.225,-0.871326,0.00376225,10507.9,0.0,15.9388,36.1385,60.1310,52.2456,46.6107,43.3633,41.4425,39.6009,38.1536,36.5411,34.6551,32.1545,23.0967,16.2955,10.5027,6.1467,3.6488,2.3458,1.0877
51.044,0.07587799499208078,0.42887219340230165,0.0020490351597358424,5,156.918,-0.865608,-0.0304468,10585.5,0.0,15.3695,66.4046,56.2048,49.0234,44.1260,41.4433,39.9270,38.5392,37.5061,36.4315,35.3069,34.1205,32.3199,29.9444,20.4885,8.8032,4.5291,2.7183,1.1767
51.149,0.05504352893993003,0.4965932895528162,0.00034438133929680316,5,157.356,-0.84028,-0.0572743,10649.1,0.0,14.7928,62.7212,52.6481,45.9540,41.5303,39.1747,37.8708,36.6986,35.8414,34.9657,34.0694,33.1501,31.8182,30.2171,26.8759,14.7768,6.3223,3.5374,1.4401
51.265,0.05921450647465651,0.5324123618434083,4.05161201869296e-05,5,158.219,-0.786615,-0.0816505,10716.5,0.0,14.0600,57.2791,47.6342,41.4167,37.4451,35.3857,34.2656,33.2723,32.5548,31.8304,31.0987,30.3593,29.3104,28.0901,25.7296,20.5833,10.0462,5.1757,1.9786
51.385,0.13162339563242362,0.3991547686830784,4.76668102387208e-06,5,159.011,-0.708527,-0.114578,10739.1,0.0,13.0869,52.3582,42.9737,37.2502,33.7138,31.9239,30.9646,30.1231,29.5209,28.9181,28.3146,27.7106,26.8646,25.8974,24.0857,20.4888,14.7213,8.1215,2.8133
51.487,0.1710951634477388,0.17565759710207113,8.011360796821808e-07,4,158.64,-0.617745,-0.160959,11896.3,0.0,12.0595,49.9125,40.0937,34.7771,31.5738,29.9784,29.1312,28.3928,27.8672,27.3434,26.8217,26.3021,25.5787,24.7585,23.2422,20.3167,15.8845,10.9697,3.9230
51.606,0.1993962904329503,0.04604758513472533,9.425285863852891e-08,4,156.941,-0.467638,-0.230954,11612.5,0.0,11.0925,49.3219,37.8637,32.6226,29.7352,28.3165,27.5686,26.9199,26.4601,26.0033,25.5499,25.0999,24.4759,23.7721,22.4812,20.0272,16.3841,12.3466,5.5343
51.724,0.24750680383233029,0.012071098157557438,1.108875456596429e-08,4,154.444,-0.327652,-0.184147,11400.1,0.0,10.4343,53.3602,37.6194,31.3017,28.5077,27.2076,26.5252,25.9350,25.5176,25.1037,24.6936,24.2873,23.7253,23.0929,21.9374,19.7549,16.5371,12.9548,6.4893
51.825,0.28215482750740295,0.003955457444268421,1.863686979901619e-09,3,152.276,-0.252076,-0.139472,13740.4,0.0,10.2892,60.2978,38.0729,30.3500,27.1431,25.8057,25.1518,24.6026,24.2150,23.8314,23.4518,23.0764,22.5581,21.9763,20.9168,18.9280,16.0196,12.7945,6.8285
51.925,0.28412692165040704,0.0012961242953378762,3.132298707120652e-10,3,149.476,-0.212476,-0.096374,13466.4,0.0,10.4833,78.8394,40.4241,30.1822,26.2801,24.7077,23.9502,23.3280,22.9051,22.4990,22.1086,21.7332,21.2312,20.6875,19.7082,17.8810,15.2326,12.3160,6.8709
52.025,0.27111571753853825,0.0004247140090963152,5.2644544370576796e-11,3,146.581,-0.205896,-0.0605748,13200.1,0.0,10.9675,110.1740,48.5035,32.0045,26.6569,24.6243,23.6683,22.8943,22.3737,21.8778,21.4051,20.9539,20.3559,19.7163,18.6288,16.8096,14.3616,11.6887,6.7047
52.144,0.22595987655236252,0.00011133622920054447,6.1935780006539905e-12,3,143.129,-0.235394,-0.0202296,12882.7,0.0,12.0738,145.6860,87.0834,39.6168,29.7219,26.4453,24.9833,23.8342,23.0781,22.3701,21.7059,21.0815,20.2679,19.4152,18.0044,15.7488,13.0963,10.6591,6.2514
52.246,0.16658709647412934,3.648265558443441e-05,1.0409546545699166e-12,3,140.387,-0.286661,0.015377,12639.3,0.0,12.8940,54.6477,111.7920,61.9964,37.3371,31.1684,28.6516,26.7647,25.5646,24.4691,23.4655,22.5426,21.3687,20.1718,18.2637,15.3855,12.2462,9.6234,5.6857
52.365,0.01931999678931494,9.563709265525975e-06,1.2246727415549615e-13,3,137.534,-0.376016,0.0682732,12399.2,0.0,13.3559,39.8475,144.4050,98.9295,69.7122,47.1305,40.1967,35.6175,32.9400,30.6390,28.6406,26.8889,24.7710,22.7292,19.6957,15.5725,11.5993,8.6305,4.8144
52.465,-0.09301083091936321,3.1338362521275515e-06,2.0583074767314244e-14,3,135.812,-0.469871,0.106844,12290.5,0.0,14.0508,39.5693,147.7090,99.3695,76.7365,50.3538,41.2569,35.6302,32.4701,29.8270,27.5837,25.6561,23.3724,21.2179,18.0993,14.0110,10.2264,7.4922,4.0859
52.585,-0.07655607525822555,8.215163704777248e-07,2.4215781632997536e-15,3,133.978,-0.574582,0.162424,12132.4,0.0,16.1924,56.1072,105.4960,63.4320,27.6012,21.5381,19.2841,17.6689,16.6730,15.7844,14.9869,14.2671,13.3698,12.4755,11.0904,9.0911,7.0249,5.3830,3.1429
52.686,-0.02508589474061535,0.3003499449757343,4.069946419057896e-16,3,132.885,-0.676422,0.191565,12217.7,0.0,17.9764,154.8800,86.7430,28.0008,15.9856,13.1721,12.0447,11.2073,10.6779,10.1970,9.7583,9.3565,8.8476,8.3312,7.5131,6.2909,4.9737,3.8858,2.3425
52.806,0.15098457753056144,0.5429868637100939,4.788251262557425e-17,3,133.899,-0.814077,0.196255,12494.0,0.0,19.5887,141.0600,76.6239,15.0720,8.8461,7.3376,6.7276,6.2724,5.9837,5.7208,5.4805,5.2599,4.9799,4.6951,4.2426,3.5632,2.8266,2.2147,1.3417
52.926,0.3154689214242731,0.3135147952754188,5.633329727886186e-18,3,135.435,-0.944816,0.140633,12828.4,0.0,19.4155,168.6760,89.2576,17.9368,4.6792,3.4188,2.9900,2.6948,2.5174,2.3622,2.2251,2.1032,1.9536,1.8071,1.5850,1.2745,0.9654,0.7279,0.4143
53.047,0.08934212684144464,0.0821860224926794,6.627556091560819e-19,3,134.647,-1.04148,0.0512449,12272.6,0.0,-1.0000,-1.0000,-1.0000,-1.0000,-1.0000,-1.0000,-1.0000,-1.0000,-1.0000,-1.0000,-1.0000,-1.0000,-1.0000,-1.0000,-1.0000,-1.0000,-1.0000,-1.0000,-1.0000
53.164,0.023420502498723662,0.021544572680320943,7.79725346616039e-20,3,132.741,-1.09488,0.00106066,12021.8,0.0,-1.0000,-1.0000,-1.0000,-1.0000,-1.0000,-1.0000,-1.0000,-1.0000,-1.0000,-1.0000,-1.0000,-1.0000,-1.0000,-1.0000,-1.0000,-1.0000,-1.0000,-1.0000,-1.0000
53.266,0.055310131741984896,0.17255367088838758,1.310484390057577e-20,3,131.275,-1.11171,-0.0183356,11975.8,0.0,-1.0000,-1.0000,-1.0000,-1.0000,-1.0000,-1.0000,-1.0000,-1.0000,-1.0000,-1.0000,-1.0000,-1.0000,-1.0000,-1.0000,-1.0000,-1.0000,-1.0000,-1.0000,-1.0000
53.387,0.0926835736731509,0.5059738720013655,1.5417717800588387e-21,3,131.262,-1.105,-0.0435508,12278.9,0.0,-1.0000,-1.0000,-1.0000,-1.0000,-1.0000,-1.0000,-1.0000,-1.0000,-1.0000,-1.0000,-1.0000,-1.0000,-1.0000,-1.0000,-1.0000,-1.0000,-1.0000,-1.0000,-1.0000
53.487,0.030370553421218083,0.6589529109555323,2.59125583074489e-22,3,132.779,-1.08034,-0.0647476,12605.4,0.0,-1.0000,-1.0000,-1.0000,-1.0000,-1.0000,-1.0000,-1.0000,-1.0000,-1.0000,-1.0000,-1.0000,-1.0000,-1.0000,-1.0000,-1.0000,-1.0000,-1.0000,-1.0000,-1.0000
53.606,0.06917325785683304,0.784408281967652,3.048586572313057e-23,3,135.708,-1.03505,-0.0695499,13020.8,0.0,-1.0000,-1.0000,-1.0000,-1.0000,-1.0000,-1.0000,-1.0000,-1.0000,-1.0000,-1.0000,-1.0000,-1.0000,-1.0000,-1.0000,-1.0000,-1.0000,-1.0000,-1.0000,-1.0000
53.725,0.13283366390503534,0.9218092223243781,3.586631616460589e-24,3,139.266,-0.974927,-0.114391,14017.9,0.0,15.1298,27.5925,44.7542,142.5880,105.6110,87.9238,78.8583,71.5227,67.0483,63.1053,59.6046,56.4760,52.6162,48.8125,42.0887,19.3326,1.5851,0.6980,0.2419
53.826,0.04811422219940198,0.9687550963618772,6.028051757785311e-25,3,143.314,-0.897191,-0.168819,13957.7,0.0,13.9523,23.8288,33.4461,182.1830,137.7920,119.3550,109.6990,101.3850,95.5423,89.7926,84.1514,78.6342,71.1865,63.9493,53.7357,40.4108,15.1899,3.8060,1.0668
53.926,0.09729363629436252,0.9850056953664847,1.0131346589309772e-25,3,147.402,-0.790479,-0.200738,14300.0,0.0,12.8827,21.3881,29.2787,60.6496,155.6180,136.1090,126.3800,117.9690,112.0320,106.1640,100.3770,94.6793,86.8829,78.2769,63.5696,45.5294,28.2551,9.6331,2.2778
54.027,0.03188117874093671,0.9903306916483147,1.7027754212652937e-26,3,151.553,-0.654844,-0.222196,14668.2,0.0,11.7427,19.3401,26.4005,48.1714,169.4900,146.1050,136.0810,127.7170,121.8090,115.9620,110.1870,104.4950,96.6819,88.0189,72.7380,49.8353,32.2214,16.8338,3.8789
54.145,0.008357459719864114,0.9929986039095807,2.0032982553644057e-27,3,156.82,-0.465916,-0.240576,14762.5,0.0,10.2861,17.1959,23.7443,41.4296,182.8530,154.7820,143.1250,134.2960,128.4710,122.7150,117.0270,111.4210,103.7240,95.1797,80.0530,54.7552,34.2258,21.0838,6.1812
54.265,0.0021908579208040585,0.9946858248513981,2.35686036445367e-28,4,159.002,-0.258204,-0.238499,11791.8,0.0,8.9802,15.8212,23.0232,42.2307,176.1940,149.0070,137.7170,129.1740,123.5590,118.0280,112.5820,107.2330,99.9223,91.8579,77.7234,54.2780,33.8300,22.0892,8.1065
54.365,0.016639852003489074,0.9966664870248061,3.9611752145372847e-29,4,161.75,-0.0982246,-0.199337,12358.6,0.0,8.0410,14.8099,22.6488,40.8355,176.8260,148.3190,136.7190,127.9810,122.3910,117.0030,111.7070,106.5140,99.4331,91.6418,78.0395,55.5527,34.2774,22.4406,9.2555
54.485,0.00436203736360264,0.9964680317621307,4.66028302815097e-30,4,165.248,0.0590795,-0.150195,12681.5,0.0,7.1372,14.0482,22.2373,39.0380,178.5130,147.4970,135.5010,126.5170,120.8070,115.5450,110.4250,105.4150,98.5976,91.1196,78.1167,56.6946,35.0071,22.6665,10.1571
54.586,0.06962913041111782,0.997250480585315,7.832537685413336e-31,4,168.173,0.156268,-0.104611,12901.8,0.0,6.6394,14.0016,22.1410,38.4974,175.1490,143.9290,132.0400,123.1590,117.5230,112.3760,107.4350,102.6110,96.0673,88.9144,76.5423,56.2989,35.2478,22.7225,10.5033
54.705,0.01825285876249207,0.9975318659200568,9.214902261511936e-32,4,171.613,0.233818,-0.0671046,13204.0,0.0,6.2295,13.1181,19.9711,32.3547,200.0000,159.8360,144.4030,133.3130,126.3900,120.1600,114.5240,109.4010,102.7840,95.5386,82.9142,61.8908,39.1086,24.2850,10.8213
54.825,0.004784877407434721,0.9976056293972474,1.0841240361646181e-32,4,175.132,0.268533,-0.0240396,13475.1,0.0,6.0627,12.6042,18.9693,30.1617,200.0000,162.4980,144.7150,133.0450,125.8100,119.3290,113.4920,108.2070,101.5940,94.6109,82.4813,62.3327,40.3170,25.1405,11.0322
54.927,0.015470503429649458,0.99762324857839,1.822087267581874e-33,4,178.071,0.28608,-0.0262607,13701.1,0.0,5.9048,12.2288,18.3430,29.2939,200.0000,158.9490,140.9290,129.3920,122.2540,115.8710,110.1300,104.9370,98.4524,91.7722,80.2356,61.1974,40.3757,25.6573,11.2110
55.046,0.021038453516022026,0.9976295848128335,2.143667449437399e-34,4,181.524,0.314878,-0.0423587,14005.3,0.0,5.5821,11.2526,16.4993,25.6691,47.7702,192.0200,153.8830,137.6540,129.1790,121.6970,115.0420,109.0850,101.7240,94.4570,82.8973,63.7994,42.5864,27.2756,11.6614
55.147,0.006893880448130098,0.9976310982889692,3.602861882269437e-35,4,184.464,0.349873,-0.0509995,14152.4,0.0,5.2554,10.4481,15.1900,23.6468,42.4806,200.0000,168.4720,141.7280,131.7770,123.6700,116.5100,110.1430,102.3260,94.6659,82.9823,64.3261,43.4691,28.1701,12.0859
55.265,0.0018071893961946167,0.9976316425673635,4.238730975871171e-36,4,187.932,0.401245,-0.0536578,14367.1,0.0,4.8286,9.5970,14.1411,22.6353,50.1876,198.9040,167.1020,137.9670,127.6620,119.6460,112.5920,106.3320,98.6644,91.1680,79.8367,62.4273,42.9688,28.4367,12.5565
55.365,0.05870137415197005,0.9976317725739737,7.124035151146678e-37,4,190.738,0.447983,-0.0563806,14601.9,0.0,4.4527,8.9742,13.4016,22.0291,200.0000,196.4270,166.8230,135.6460,124.7290,116.6540,109.6460,103.4390,95.8553,88.4591,77.3154,60.8236,42.4297,28.5110,12.8784
55.466,0.019235266282117542,0.9976318151745397,1.1973365878532224e-37,4,193.522,0.498169,-0.0627769,14800.4,0.0,4.0267,8.0249,11.8380,18.8388,34.4733,200.0000,198.5720,176.2240,154.8320,132.6000,121.2570,113.1600,103.7430,94.7482,81.5380,63.6689,44.4818,29.8448,13.3962
55.568,0.006303012055324275,0.9976318291338931,2.0123636032049106e-38,5,196.228,0.547099,-0.0550421,15119.9,0.0,3.6584,7.3695,10.9612,17.6886,33.7357,200.0000,200.0000,181.8710,164.7680,140.6390,123.7710,113.9500,103.9340,94.5387,80.8747,62.8331,44.3286,30.0651,13.7137
55.669,0.0020653709902886583,0.9976318337080942,3.382179507906493e-39,5,196.417,0.589198,-0.0428909,13453.3,0.0,3.3546,6.8864,10.4108,17.3607,200.0000,200.0000,199.2670,179.0940,163.0290,141.9640,121.7620,111.2630,101.1210,91.8491,78.4101,60.7610,43.3512,29.8099,13.9036
55.788,0.03582058631159822,0.9976318353530745,3.979100369256911e-40,5,199.108,0.629293,-0.0408309,13612.7,0.0,3.0322,6.2349,9.4259,15.6481,33.2079,200.0000,200.0000,196.3340,181.9430,167.8190,151.4450,128.8600,108.9370,96.9577,81.4142,61.7488,43.9075,30.3218,14.2191
55.905,0.009390151778067604,0.9976318357842964,4.681371793427064e-41,5,201.742,0.668035,-0.0383452,13793.3,0.0,2.7209,5.6086,8.4862,14.0543,27.8506,200.0000,200.0000,200.0000,200.0000,184.7660,171.3370,157.3310,133.0840,105.7090,85.6017,63.3256,44.3597,30.7702,14.5153
56.024,0.0024615719477097545,0.9970294921473386,5.507587101249008e-42,5,204.373,0.699971,-0.023804,13959.9,0.0,2.4927,5.2658,8.1479,14.1597,104.5730,200.0000,200.0000,200.0000,199.1160,183.2260,169.6950,156.8550,136.2040,106.5280,83.8259,61.6417,42.9668,30.1667,14.5742
56.126,0.03965349994382553,0.9962960302368399,9.256601641069209e-43,5,206.516,0.716827,-0.0197094,14089.7,0.0,2.3617,5.0225,7.8171,13.7468,59.2617,200.0000,200.0000,200.0000,200.0000,197.3010,181.2290,167.5890,150.2890,127.4180,88.1635,62.9816,43.1046,30.1302,14.6571
56.247,0.0103949270892742,0.9972816624879061,1.0890299264701515e-43,5,209.041,0.734665,-0.0188478,14237.7,0.0,2.2145,4.7125,7.3328,12.8490,33.2420,103.1020,200.0000,200.0000,200.0000,200.0000,200.0000,190.5490,169.5230,150.2700,109.3970,67.0091,44.3690,30.3966,14.7948
56.366,0.0027249677668906964,0.9975400400687295,1.281232818192869e-44,5,211.539,0.745097,-0.00406963,14385.7,0.0,2.1585,4.7227,7.5585,14.2436,40.5814,95.4522,200.0000,200.0000,200.0000,200.0000,200.0000,191.8970,169.9890,150.3940,115.8200,66.5100,43.6952,29.7897,14.6709
56.466,0.003962313712854743,0.9969994125172212,2.1533679975367555e-45,5,213.592,0.741013,0.0104901,14496.2,0.0,2.2258,5.0181,8.3057,16.9912,47.9383,92.0613,200.0000,200.0000,200.0000,200.0000,200.0000,189.0190,167.2370,147.7980,116.1290,65.5888,42.8504,29.1750,14.4375
56.585,0.003838715498487593,0.9974660499324143,2.533415915422018e-46,5,215.976,0.717987,0.0266272,14642.1,0.0,2.4655,5.7632,9.7867,19.9083,52.9822,85.9586,200.0000,200.0000,200.0000,200.0000,200.0000,188.6820,166.3640,146.5760,117.3140,65.8172,42.1266,28.5768,14.0845
56.685,0.0023018748470444144,0.9975775111793536,4.257912129049786e-47,5,217.831,0.683964,0.036833,14855.0,0.0,2.7861,6.5268,11.0405,22.2466,54.8368,81.7847,200.0000,200.0000,200.0000,200.0000,200.0000,187.0550,164.5830,144.7370,116.7870,66.5057,41.4445,28.0532,13.7904
56.786,0.017732003688879512,0.9961909976913754,7.156272915293977e-48,5,219.735,0.647143,0.0325596,14987.4,0.0,3.0965,7.1861,12.0320,23.6570,52.3183,74.9168,200.0000,200.0000,200.0000,200.0000,200.0000,191.3410,167.3370,146.3770,118.3420,70.2650,41.2411,27.7471,13.5428
56.906,0.004648338375017632,0.9972541288363079,8.41928352211421e-49,6,219.691,0.610213,0.0245053,13706.6,0.0,3.3916,7.7364,12.7186,23.9839,46.7963,64.8327,79.4057,200.0000,200.0000,200.0000,200.0000,200.0000,177.0550,153.1340,122.2330,79.0129,42.0231,27.7115,13.3402
57.007,0.0015231675187257774,0.9975080688745813,1.4150289815617355e-49,6,221.21,0.584707,0.0227181,13769.6,0.0,3.6067,8.1964,13.4227,25.0955,45.0568,60.5513,74.4145,200.0000,200.0000,200.0000,200.0000,200.0000,176.4650,152.1990,121.0530,80.8531,42.3886,27.4042,13.1513
57.125,-0.005055538887252399,0.9975993911445582,1.6647674465175664e-50,6,222.965,0.556365,0.0222737,13883.5,0.0,3.8511,8.7436,14.3051,26.1286,43.0977,56.6386,71.5931,200.0000,200.0000,200.0000,200.0000,200.0000,172.4280,148.6120,118.0930,80.9111,43.1785,27.0865,12.9216
57.246,-0.02239661961422614,0.997623330729699,1.958582253153452e-51,6,224.692,0.526323,0.029473,13990.9,0.0,4.1432,9.5511,15.7691,27.7062,43.6313,60.0174,193.5610,200.0000,200.0000,200.0000,200.0000,200.0000,154.5750,134.6570,108.5010,76.0543,42.8337,26.4741,12.5859
57.364,-0.027824394126614197,0.9976296063483062,2.304252435012505e-52,6,226.372,0.485174,0.0437466,14101.0,0.0,4.5728,10.7210,17.5629,30.2209,48.5480,187.2750,197.6470,200.0000,200.0000,200.0000,160.5480,145.9730,129.5630,114.8310,94.6946,68.0463,40.9676,25.4617,12.1146
57.465,-0.03111610707507144,0.9971492303457129,3.872757067525517e-53,6,227.769,0.438304,0.0529391,14150.3,0.0,5.0185,11.7727,19.2398,32.8277,173.3990,192.6800,200.0000,200.0000,200.0000,144.8420,132.4950,122.0970,110.0220,98.8662,83.1099,60.9218,38.5449,24.4478,11.6932
57.567,-0.01318328228795941,0.9974736957371831,6.508942803390138e-54,6,229.101,0.387339,0.0531899,14221.3,0.0,5.4733,12.8075,20.8255,37.2645,178.4390,198.0060,200.0000,144.6750,131.8260,121.0820,111.9640,104.1310,94.8537,86.1017,73.4050,54.7935,36.1011,23.5091,11.2733
57.684,0.07409956383168517,0.9972819804328281,7.657706118760464e-55,6,230.549,0.336222,0.013775,14387.3,0.0,5.6871,12.2952,18.7169,31.3444,156.6470,174.3790,184.1740,193.7280,200.0000,200.0000,132.0870,120.6640,107.6450,95.8444,79.5386,59.0149,38.8546,25.1302,11.2761
57.785,0.0242809450763666,0.9971316952857291,1.2870306673800715e-55,6,231.692,0.332499,-0.0256446,14554.8,0.0,5.5037,11.1326,16.3202,25.7433,46.6411,152.3940,161.4800,168.9850,174.7930,181.0290,187.7410,194.9850,134.1340,115.5050,91.7597,65.1262,42.6031,27.2369,11.7186
57.886,0.007956380082623806,0.9974679498487277,2.1631124426656866e-56,6,232.985,0.362274,-0.0440396,14703.8,0.0,5.1709,10.3364,15.2925,24.5149,47.2046,143.9220,152.9380,160.0210,165.4080,171.1830,177.3890,184.0780,194.3620,117.3720,92.2414,64.6845,42.7113,27.7325,12.1564
58.006,0.002085717300379335,0.9975888741826447,2.5448801576717537e-57,6,234.465,0.422496,-0.0453656,15036.0,0.0,4.7067,9.6431,14.5797,24.4568,67.2263,137.7080,145.9610,152.6610,157.7940,163.2980,169.2120,175.5850,185.3830,113.2300,88.9373,62.3296,41.6223,27.6624,12.5269
58.127,-0.0041432844388718595,0.9970182300212351,2.994026056699242e-58,6,236.366,0.470495,-0.0288385,15042.5,0.0,4.3820,9.2308,14.3260,25.6147,90.4868,131.4940,139.0440,145.3860,150.2770,155.5210,161.1560,167.2280,176.5650,108.8120,85.4865,59.9260,40.1692,27.2554,12.7253
58.245,-0.0016881491751436252,0.9974709828281866,3.5224417154460913e-59,6,238.405,0.49677,-0.0102332,14933.4,0.0,4.2400,9.2456,14.8758,29.8827,109.2180,126.1360,132.9660,139.0560,143.7740,148.8340,154.2760,160.1430,169.1720,102.2870,80.7235,56.8697,38.2700,26.3891,12.7114
58.347,-0.0005531727217110631,0.9975791275906402,5.920167791150246e-60,6,239.933,0.500697,0.00418728,14990.9,0.0,4.2683,9.5850,15.9618,35.3568,106.5650,120.8840,127.2510,133.0920,137.6170,142.4710,147.6910,153.3210,161.9870,98.4576,77.5238,54.6819,36.8330,25.5135,12.5675
58.464,0.02910260614561578,0.9968650890731208,6.965018204610355e-61,6,241.721,0.48703,0.00781601,15055.9,0.0,4.4019,9.9695,16.7922,34.7709,92.7808,108.2620,114.4600,119.5960,123.4490,127.5690,131.9840,136.7260,143.9870,153.3210,82.9161,56.4831,37.0430,25.2253,12.4110
58.566,0.009536341981795378,0.9968987133249801,1.1706106096488627e-61,6,243.152,0.472066,0.00977963,15115.0,0.0,4.5400,10.3334,17.1634,33.1230,75.6293,97.3396,103.4940,108.4580,111.8810,115.4380,119.2370,123.3050,129.5070,137.4320,155.3350,59.2030,37.7579,25.2778,12.2643
58.686,0.002499894832475767,0.9964984901339886,1.377211676145791e-62,6,244.816,0.446676,0.0231463,15205.2,0.0,4.8174,11.0104,18.1383,34.3602,74.5421,89.3651,94.9467,99.5188,102.6860,105.9050,109.3390,113.0130,118.6080,125.7460,141.8200,59.0267,37.3033,24.8384,11.9765
58.786,0.0008191655387056592,0.9967785861846054,2.3146796640982312e-63,6,246.159,0.417521,0.0248248,15308.7,0.0,5.0699,11.5725,19.0386,35.9574,72.2773,83.6961,88.7329,92.9387,95.8792,98.8776,102.0770,105.4980,110.7070,117.3500,132.3040,58.0678,36.6399,24.3744,11.7403
58.886,-0.0047758667190894305,0.9973522430584715,3.8902821114498976e-64,6,247.518,0.388955,0.0246102,15414.3,0.0,5.3174,12.1319,19.9494,37.6383,68.6068,78.0820,82.6081,86.4550,89.1690,91.9545,94.9273,98.1062,102.9460,109.1170,123.0070,56.9800,35.9338,23.8969,11.5060
59.004,-0.019909807973368977,0.55444436265432,4.5768780012996886e-65,6,248.865,0.351269,0.0371043,15376.7,0.0,5.7208,13.4096,22.6983,45.8109,67.4153,74.9377,78.8546,82.2959,84.9045,87.6911,90.6738,93.8740,98.7664,105.0420,119.3200,51.1184,33.2206,22.4950,11.0631
59.104,-0.006524045876713546,0.18168032875456758,0.25038441467285155,6,247.484,0.308157,0.045078,15117.6,0.0,6.1540,14.6873,25.3697,50.5208,64.5900,71.1741,74.7160,78.0204,80.5731,83.3054,86.2359,89.3871,94.2193,100.4430,114.7110,47.4686,31.1740,21.3377,10.6318
59.205,-0.002137799352881495,0.059533010126296707,0.7851582993699646,6,238.659,0.258454,0.0474936,14274.8,0.0,6.6137,15.8726,27.5943,48.6709,60.1294,65.9640,69.1978,72.2874,74.6757,77.2336,79.9789,82.9332,87.4676,93.3157,106.7530,143.8560,29.7138,20.4024,10.2053
59.324,-0.06858205000824927,0.015606221406547927,0.8981838634665564,6,222.057,0.198607,0.0491068,13117.9,0.0,7.1601,17.2489,30.1187,45.2167,54.6583,59.7283,62.6527,65.4679,67.6453,69.9778,72.4828,75.1796,79.3217,84.6683,96.9741,136.9720,28.1280,19.3538,9.7058
59.425,-0.13035835289653436,0.005113846630497625,0.9111018099369745,6,207.936,0.146822,0.0658881,12213.2,0.0,7.7677,19.4932,32.4872,44.5146,53.0309,57.9489,60.9788,63.9130,66.1942,68.6496,71.2998,74.1689,78.6073,84.3944,97.9681,129.5150,25.3156,17.7749,9.1486
59.544,-0.034172660061709104,0.0013405642111051694,0.6353944628394723,6,191.799,0.0774794,0.0720326,11362.4,0.0,8.4585,21.2674,31.3144,41.3003,48.7920,53.4208,56.2846,59.0646,61.2304,63.5664,66.0926,68.8334,73.0857,78.6535,91.8152,123.0010,24.4362,16.4596,8.5496
59.664,-0.05544813192421667,0.00035142086455595354,0.4734358749499829,6,178.457,0.00813866,0.0680634,10711.2,0.0,9.0529,20.7446,28.6995,36.9698,43.4031,47.4575,49.9607,52.3870,54.2745,56.3078,58.5039,60.8829,64.5673,69.3781,80.6921,118.1590,32.9217,15.8056,8.0270
59.785,-0.2606680339160931,9.212287111815588e-05,0.1584806653788216,5,167.499,-0.0623031,0.0968482,11057.4,0.0,9.9720,21.0393,28.4298,36.3004,43.1240,47.6533,50.4964,53.2866,55.4815,57.8697,60.4775,63.3362,67.8339,73.8406,115.2500,109.7530,53.3448,14.8393,7.2862
59.887,-0.08541570135362539,3.0186822407997316e-05,0.026635845430218547,5,163.691,-0.147034,0.166821,10848.0,0.0,11.0647,23.4355,31.9686,42.6659,53.6400,61.6324,66.9739,72.4820,77.0132,82.1552,110.1230,109.3610,108.2050,106.7430,103.5000,93.7287,20.4234,12.3985,6.3682
60.006,-0.06659998727720727,7.91329437332205e-06,0.20901289200480103,5,160.916,-0.273993,0.156707,10666.7,0.0,12.0625,25.5356,36.2186,52.3640,71.8630,104.0520,102.8040,101.6050,100.6790,99.6886,98.6267,97.4884,95.7437,93.4889,88.0994,38.5010,16.0548,10.5019,5.4790
60.125,-0.06024275937645872,2.074422640200135e-06,0.787572197724759,4,151.869,-0.379148,0.114055,10853.1,0.0,12.5576,26.0777,38.0910,57.5905,98.8127,96.4922,95.0736,93.7087,92.6563,91.5312,90.3220,89.0192,87.0029,84.3327,77.1292,31.2728,14.9589,9.5821,4.8243
60.245,-0.049949498787412075,5.437974485926242e-07,0.25549543203028124,4,140.61,-0.44228,0.0665976,9929.38,0.0,12.5783,25.6122,37.6120,57.3529,93.3868,91.0792,89.6789,88.3397,87.3123,86.2175,85.0459,83.7898,81.8563,79.3223,72.7449,33.0261,15.9514,9.5453,4.5030
60.345,-0.09078198391296624,1.7819154795483108e-07,0.6270647923406751,4,133.722,-0.46779,0.0275809,9514.86,0.0,12.3708,24.8277,36.2586,54.8045,89.7100,87.5161,86.1960,84.9405,83.9823,82.9671,81.8873,80.7367,78.9878,76.7386,71.3517,37.2832,17.5129,10.1308,4.4524
60.445,-0.2980462757043367,5.838980643383905e-08,0.5827830245217441,3,126.347,-0.473869,-0.00331051,10122.8,0.0,12.1315,24.2931,35.4274,53.4282,85.9733,83.8448,82.5729,81.3692,80.4544,79.4892,78.4671,77.3828,75.7471,73.6679,68.8655,40.0948,18.6904,10.7806,4.5370
60.565,-0.10337327372922964,1.5306537417792305e-08,0.06856384005195867,3,118.402,-0.460414,-0.0340589,10308.6,0.0,11.8661,23.7489,34.6186,52.1726,81.6746,79.6107,78.3867,77.2348,76.3636,75.4481,74.4833,73.4645,71.9390,70.0220,65.7258,42.8426,19.9235,11.4816,4.7917
60.666,-0.11497670051284983,5.0156461810621835e-09,0.011523524597532695,3,113.322,-0.437247,-0.0434335,10292.4,0.0,11.6985,23.5412,34.4682,52.3165,78.0117,75.9640,74.7558,73.6240,72.7709,71.8765,70.9364,69.9477,68.4725,66.6291,62.5526,42.9263,20.4334,11.8805,4.9968
60.784,-0.13691296252031554,1.3148215524883651e-09,0.001355731145375124,3,109.929,-0.418793,0.00709217,9970.64,0.0,12.1252,26.6980,42.3584,74.1600,69.9420,67.3988,65.8930,64.4753,63.3943,62.2492,61.0296,59.7184,57.6892,54.9569,45.3895,27.0527,16.2316,10.4953,4.8971
60.885,-0.044863639558657006,4.308407263193875e-10,0.23924021063887663,3,107.191,-0.427349,0.0515239,9535.41,0.0,12.7870,30.9798,73.5433,67.3027,62.1949,59.0555,57.1461,55.2860,53.8136,52.1697,50.2763,47.9302,42.3635,36.1622,28.3866,19.8809,13.3169,9.1911,4.6269
60.986,-0.01470091741058073,1.4117788920033688e-10,0.04020910220207599,3,103.955,-0.450369,0.0706951,9400.4,0.0,13.2779,33.7338,68.9993,62.2510,56.7411,53.2955,51.1427,48.9664,47.1475,44.9179,41.5662,37.4603,32.9129,28.9078,23.5478,17.2051,11.9275,8.4225,4.3663
61.087,-0.004817196617099094,4.6261170733166386e-11,0.006757943807102913,3,102.666,-0.482413,0.0767037,9314.92,0.0,13.6661,35.2736,65.2340,58.3298,52.7490,49.2491,47.0418,44.7769,42.8232,40.2533,36.3956,33.0310,29.2494,25.8693,21.2717,15.7187,11.0026,7.8212,4.0904
61.206,-0.001262799189992825,1.2127088340675168e-11,0.0007950653309618508,3,101.559,-0.525319,0.0789258,9218.43,0.0,14.0982,36.6068,61.0109,54.0624,48.5328,45.0851,42.9108,40.6756,38.7277,36.0833,32.5345,29.5965,26.2780,23.2967,19.2190,14.2585,10.0149,7.1362,3.7443
61.325,-0.4240569288730483,3.1790434459779507e-12,9.353864112233079e-05,3,100.398,-0.57471,0.11152,9110.19,0.0,15.1409,62.2132,54.5252,46.7050,40.1975,35.5001,31.2111,27.1670,24.8678,22.9290,21.2722,19.8401,18.1332,16.5128,14.1495,11.0192,8.0885,5.9513,3.2656
61.425,-0.14550247841312047,1.0417089563780549e-12,1.5721039413430135e-05,3,99.2319,-0.639878,0.197015,8998.15,0.0,17.7279,53.5596,43.1533,28.8974,17.0325,14.1426,12.9723,12.0983,11.5437,11.0386,10.5766,10.1525,9.6140,9.0660,8.1947,6.8858,5.4653,4.2842,2.5975
61.545,-0.038142601701129056,2.7307775266076876e-13,1.8495645659506422e-06,3,98.0872,-0.750836,0.258012,8903.61,0.0,20.8733,44.0875,28.8583,11.0395,7.9907,7.0273,6.6044,6.2750,6.0596,5.8590,5.6717,5.4964,5.2690,5.0321,4.6430,4.0286,3.3177,2.6886,1.7301
61.646,0.12712050050992557,8.948211799188071e-14,3.1085631659932446e-07,3,97.3121,-0.862853,0.271259,8838.92,0.0,22.7277,38.3717,13.3194,5.5400,4.1126,3.6465,3.4395,3.2772,3.1707,3.0711,2.9778,2.8902,2.7762,2.6569,2.4600,2.1465,1.7796,1.4513,0.9451
61.750,0.27064617702534244,2.932150042357947e-14,5.2245621130848464e-08,3,96.3835,-0.97249,0.223112,8748.36,0.0,22.1993,38.2057,12.0729,1.6380,1.0810,0.9246,0.8586,0.8083,0.7759,0.7460,0.7184,0.6928,0.6600,0.6262,0.5716,0.4877,0.3938,0.3134,0.1951
61.866,0.07094827143013137,7.686455407038817e-15,6.146645080423194e-09,3,95.2977,-1.07539,0.146624,8652.9,0.0,-1.0000,-1.0000,-1.0000,-1.0000,-1.0000,-1.0000,-1.0000,-1.0000,-1.0000,-1.0000,-1.0000,-1.0000,-1.0000,-1.0000,-1.0000,-1.0000,-1.0000,-1.0000,-1.0000
61.985,0.4241905323236553,2.014958166222784e-15,7.231466470667085e-10,3,94.2149,-1.15227,0.0959403,8456.36,0.0,-1.0000,-1.0000,-1.0000,-1.0000,-1.0000,-1.0000,-1.0000,-1.0000,-1.0000,-1.0000,-1.0000,-1.0000,-1.0000,-1.0000,-1.0000,-1.0000,-1.0000,-1.0000,-1.0000
62.087,0.447262528841904,6.602614919078818e-16,1.2153925697250168e-10,3,92.8916,-1.19448,0.0479714,8395.07,0.0,-1.0000,-1.0000,-1.0000,-1.0000,-1.0000,-1.0000,-1.0000,-1.0000,-1.0000,-1.0000,-1.0000,-1.0000,-1.0000,-1.0000,-1.0000,-1.0000,-1.0000,-1.0000,-1.0000
62.205,0.18664696902895855,1.7308358853469978e-16,1.4298972043557854e-11,3,91.2951,-1.21602,-0.0586799,8247.09,0.0,-1.0000,-1.0000,-1.0000,-1.0000,-1.0000,-1.0000,-1.0000,-1.0000,-1.0000,-1.0000,-1.0000,-1.0000,-1.0000,-1.0000,-1.0000,-1.0000,-1.0000,-1.0000,-1.0000
62.325,0.4676256804538399,4.537282423284033e-17,1.6822597619525381e-12,3,89.5387,-1.20557,-0.162443,8108.08,0.0,-1.0000,-1.0000,-1.0000,-1.0000,-1.0000,-1.0000,-1.0000,-1.0000,-1.0000,-1.0000,-1.0000,-1.0000,-1.0000,-1.0000,-1.0000,-1.0000,-1.0000,-1.0000,-1.0000
62.446,0.3076322308400914,1.1894213635693697e-17,1.9791617873395411e-13,2,87.3341,-1.1614,-0.271759,9917.15,0.0,-1.0000,-1.0000,-1.0000,-1.0000,-1.0000,-1.0000,-1.0000,-1.0000,-1.0000,-1.0000,-1.0000,-1.0000,-1.0000,-1.0000,-1.0000,-1.0000,-1.0000,-1.0000,-1.0000
62.566,0.08064394352134492,3.1179967393152892e-18,2.3284640511870965e-14,2,84.5824,-1.08158,-0.400585,9238.27,0.0,-1.0000,-1.0000,-1.0000,-1.0000,-1.0000,-1.0000,-1.0000,-1.0000,-1.0000,-1.0000,-1.0000,-1.0000,-1.0000,-1.0000,-1.0000,-1.0000,-1.0000,-1.0000,-1.0000
62.686,0.42753915477642546,8.173641372310672e-19,2.7394146715811076e-15,2,79.3844,-0.979624,-0.537077,8908.91,0.0,12.4481,44.5774,40.8792,38.1575,36.1752,35.0993,34.5008,33.9622,33.5706,33.1741,32.7727,32.3662,31.7885,31.1154,29.8156,27.1116,22.3091,14.9583,0.4855
62.807,0.16752449418356127,2.1426710439030088e-19,3.222893966968457e-16,2,71.9724,-0.870737,-0.699381,8235.16,0.0,11.2857,14.5600,18.1047,41.9688,40.2480,39.4790,39.0916,38.7648,38.5307,38.2906,38.0444,37.7921,37.4284,36.9973,36.1432,34.2541,30.6630,24.9177,4.9867
62.909,0.0323929499133223,7.021104476661379e-20,5.416717890283886e-17,2,64.5959,-0.776373,-0.839367,7564.31,0.0,10.6807,12.1137,13.5144,15.2512,17.0472,18.6006,20.2002,42.7974,42.4213,42.0549,41.6979,41.3501,40.8779,40.3586,39.4400,37.7976,35.3513,31.1025,11.3579
63.027,-0.49998767498632546,1.8405404119299204e-20,6.37271443074009e-18,2,56.1961,-0.657581,-0.981499,6738.23,0.0,10.2294,10.4520,11.1364,11.9037,12.5349,12.9179,13.1455,13.3607,13.5247,13.6982,13.8822,14.0779,14.3743,14.7511,15.6083,19.2902,38.8666,34.9035,18.4460
63.129,-0.6469112647758276,6.031082821811963e-21,1.0710621143744872e-18,2,49.8458,-0.555538,-1.08656,6046.47,0.0,9.9788,9.4925,9.8753,10.3260,10.6909,10.9065,11.0319,11.1482,11.2352,11.3257,11.4200,11.5181,11.6626,11.8389,12.2064,13.1316,15.9543,37.8594,23.0929
63.233,-0.703471280545164,1.976265219051344e-21,1.8001340956292008e-19,2,45.0528,-0.450777,-1.15872,5456.38,0.0,9.6597,8.7449,8.9672,9.2634,9.5087,9.6538,9.7380,9.8158,9.8738,9.9340,9.9965,10.0613,10.1561,10.2707,10.5059,11.0712,12.4441,41.6809,25.7957
63.346,-0.7325494990429398,5.180660695829955e-22,2.117839762166798e-20,2,41.1546,-0.322122,-1.21403,5235.99,0.0,9.1009,7.9362,8.0551,8.2530,8.4237,8.5257,8.5850,8.6398,8.6807,8.7232,8.7672,8.8129,8.8798,8.9605,9.1252,9.5146,10.4053,12.7425,27.2241
63.452,-0.7450565815481346,1.6975988968095595e-22,3.559453288273739e-21,2,39.5,-0.211625,-1.22922,5235.99,0.0,8.4119,7.2702,7.3587,7.5208,7.6629,7.7482,7.7980,7.8442,7.8786,7.9144,7.9515,7.9900,8.0462,8.1141,8.2522,8.5771,9.3078,11.0879,27.2681
63.554,-0.7534855796918343,5.562692065065564e-23,5.982373141601675e-22,2,39.0129,-0.0976,-1.2215,5235.99,0.0,7.5580,6.5870,6.6736,6.8239,6.9549,7.0332,7.0788,7.1209,7.1524,7.1850,7.2188,7.2538,7.3049,7.3665,7.4915,7.7842,8.4397,9.9962,26.8374
63.673,-0.7609497424524865,1.4582263487045472e-23,7.038202177362957e-23,2,39.5341,0.0468556,-1.18868,5235.99,0.0,6.3998,5.7286,5.8347,5.9887,6.1173,6.1931,6.2369,6.2772,6.3073,6.3384,6.3705,6.4038,6.4523,6.5107,6.6291,6.9060,7.5241,8.9836,25.9682
63.786,-0.768286471555063,3.8226528795480484e-24,8.280374479645746e-24,2,40.7677,0.203214,-1.131,5235.99,0.0,5.1741,4.8167,4.9484,5.1102,5.2397,5.3152,5.3586,5.3986,5.4283,5.4589,5.4906,5.5233,5.5710,5.6282,5.7440,6.0138,6.6149,8.0552,24.8090
63.909,-0.7787782656551796,1.0020855164562437e-24,9.741777771558427e-25,2,42.1874,0.374872,-1.04096,5235.99,0.0,3.9059,3.8426,4.0011,4.1748,4.3091,4.3863,4.4304,4.4709,4.5010,4.5320,4.5640,4.5970,4.6450,4.7026,4.8190,5.0907,5.7030,7.2620,23.2227
64.010,-0.7992662111519049,3.2836338203238193e-25,1.637300590065825e-25,2,42.7983,0.523961,-0.900586,5235.99,0.0,2.8785,3.0627,3.2633,3.4679,3.6235,3.7128,3.7639,3.8109,3.8457,3.8818,3.9191,3.9576,4.0138,4.0816,4.2197,4.5489,5.3447,58.3801,21.1049
64.130,-0.8442670428931357,8.607849041949672e-26,1.9262677712065427e-26,2,42.8814,0.681569,-0.70205,5235.99,0.0,1.9181,2.2743,2.5136,2.7565,2.9449,3.0552,3.1193,3.1789,3.2235,3.2699,3.3184,3.3691,3.4439,3.5356,3.7284,4.2286,6.0655,27.8626,18.8469
64.247,-0.6032432197831188,2.2564959792528545e-26,2.266234770146785e-27,2,42.8325,0.799161,-0.479262,5235.99,0.0,1.2687,1.7249,2.0189,2.3417,2.6164,2.7904,2.8969,3.0000,3.0801,3.1665,3.2603,3.3625,3.5234,3.7430,4.3511,29.9132,25.8530,22.6112,16.7450
64.372,-0.1581365906068259,5.915268819852602e-27,2.666202544729992e-28,2,43.2886,0.879617,-0.320834,5235.99,0.0,0.8127,1.2411,1.5402,1.9079,2.2717,2.5459,2.7416,2.9631,3.1714,3.4645,4.1065,56.8094,57.4968,28.8142,26.8857,24.9557,22.5548,20.1068,15.5243
64.486,0.03512987991166639,1.5506522295114406e-27,3.136760631849389e-29,2,43.4606,0.93944,-0.214094,5235.99,0.0,0.4341,0.7241,0.9453,1.2499,1.6059,1.9367,2.2515,54.5489,55.0303,55.5102,55.9885,28.3294,26.8859,25.8984,24.7238,23.1127,20.9724,18.7806,14.7973
64.588,0.7519495053802546,5.081177225663088e-28,5.271953593949269e-30,2,43.2934,0.979068,-0.156593,5235.99,0.0,0.1557,0.2728,0.3641,0.4893,0.6277,0.7395,0.8226,0.9188,1.0102,1.1361,1.3447,53.6460,54.3041,28.2764,25.0688,22.9557,20.7076,18.4204,14.4407
64.693,0.24639881392300186,0.1362802734375,8.860572405350538e-31,2,43.3586,1.01674,-0.127205,5235.99,0.0,-1.0000,-1.0000,-1.0000,-1.0000,-1.0000,-1.0000,-1.0000,-1.0000,-1.0000,-1.0000,-1.0000,-1.0000,-1.0000,-1.0000,-1.0000,-1.0000,-1.0000,-1.0000,-1.0000
64.810,0.06459197067703142,0.526240978265625,1.0424374829170855e-31,2,44.7913,1.04085,-0.0041917,5458.93,0.0,-1.0000,-1.0000,-1.0000,-1.0000,-1.0000,-1.0000,-1.0000,-1.0000,-1.0000,-1.0000,-1.0000,-1.0000,-1.0000,-1.0000,-1.0000,-1.0000,-1.0000,-1.0000,-1.0000
64.912,0.021165496951449654,0.6591835929768299,1.7520246775387457e-32,2,47.0922,1.02864,0.145567,5958.64,0.0,-1.0000,-1.0000,-1.0000,-1.0000,-1.0000,-1.0000,-1.0000,-1.0000,-1.0000,-1.0000,-1.0000,-1.0000,-1.0000,-1.0000,-1.0000,-1.0000,-1.0000,-1.0000,-1.0000
65.031,0.030620124467166988,0.7013549538754431,2.061239512877559e-33,2,50.2119,0.9469,0.437095,7266.72,0.0,0.9335,24.3152,30.9526,35.4066,38.0295,39.3341,40.0280,40.6340,41.0668,41.4996,41.9324,42.3650,42.9703,43.6613,44.9581,47.5540,20.0124,16.8028,12.4276
65.146,0.10181220775152629,0.6921353838640303,3.4643252492933136e-34,2,54.2578,0.839935,0.414914,8985.12,0.0,2.6525,22.7942,28.8490,33.0329,35.5277,36.7732,37.4384,38.0207,38.4365,38.8522,39.2681,39.6846,40.2684,40.9364,42.1900,44.7098,48.9517,16.2564,11.8431
65.251,0.03336182423602013,0.6552716315689403,5.822491446487273e-35,2,58.7225,0.724558,0.405148,7440.32,0.0,4.4527,21.8777,27.2731,31.1419,33.4847,34.6620,35.2929,35.8465,36.2426,36.6391,37.0361,37.4337,37.9920,38.6322,39.8374,42.2691,46.3919,15.4952,11.1433
65.362,0.010932002565659078,0.6104246172168853,9.78586137411116e-36,2,61.8087,0.605413,0.38554,9675.29,0.0,6.0817,20.5196,25.2856,28.8196,30.9932,32.0946,32.6858,33.2061,33.5792,33.9535,34.3289,34.7053,35.2338,35.8406,36.9876,39.3127,43.2875,15.3877,10.4574
65.471,0.003582198600715166,0.4951061182571289,1.644709721146863e-36,2,66.4912,0.480026,0.369412,8493.81,0.0,7.7197,19.2834,23.4366,26.6187,28.6085,29.6263,30.1744,30.6575,31.0048,31.3538,31.7045,32.0569,32.5528,33.1230,34.2030,36.4077,40.2108,16.9793,9.7081
65.586,0.0011738148374823456,0.33581979470549594,2.7642636283315324e-37,2,69.0607,0.352715,0.361796,8430.21,0.0,8.8776,18.2135,21.8248,24.6718,26.4819,27.4158,27.9210,28.3671,28.6884,29.0119,29.3376,29.6654,30.1278,30.6608,31.6733,33.7546,37.3820,42.7980,8.9032
65.690,-0.3547552270015147,0.1302078990790969,4.645897880136807e-38,2,70.6458,0.224888,0.363627,8200.17,0.0,9.4465,17.2622,20.4212,22.9709,24.6181,25.4743,25.9393,26.3512,26.6485,26.9483,27.2507,27.5554,27.9861,28.4839,29.4327,31.3964,34.8577,40.1007,8.0607
65.809,-0.19819375765635633,0.042666524370238476,7.808360567145932e-39,2,70.7874,0.0842327,0.438972,8138.06,0.0,10.4612,17.9145,20.9627,23.4497,25.0673,25.9129,26.3734,26.7818,27.0765,27.3740,27.6744,27.9775,28.4066,28.9034,29.8528,31.8245,35.3270,40.7719,7.0355
65.910,-0.06494413050883482,0.013980966705639744,1.3123511605202168e-39,2,70.7949,-0.069211,0.418633,8113.14,0.0,10.8781,17.7331,20.5921,22.9536,24.5055,25.3192,25.7642,26.1599,26.4460,26.7350,27.0269,27.3217,27.7391,28.2231,29.1519,31.0899,34.5610,40.2030,6.3016
66.023,-0.3677057130511018,0.07459470895135402,2.2056685954863284e-40,2,70.8708,-0.193924,0.299749,8148.02,0.0,10.9312,17.1137,19.7512,21.9594,23.4223,24.1952,24.6187,24.9957,25.2685,25.5444,25.8234,26.1056,26.5062,26.9718,27.8671,29.7442,33.1381,38.8483,5.8635
66.136,-0.4063806114553038,0.10601860829167968,3.707067208433872e-41,2,70.9243,-0.290116,0.23755,8199.2,0.0,11.2489,17.2910,19.9062,22.1124,23.5838,24.3628,24.7907,25.1721,25.4486,25.7284,26.0116,26.2980,26.7047,27.1779,28.0899,30.0088,33.5175,40.2619,5.3606
66.241,-0.13316279876167397,0.1174856443618926,6.23046785721481e-42,2,71.4087,-0.36767,0.187849,8262.53,0.0,11.5531,17.5787,20.2208,22.4653,23.9702,24.7686,25.2077,25.5997,25.8840,26.1720,26.4637,26.7590,27.1786,27.6669,28.6093,30.5991,34.6328,43.1345,4.9091
66.350,-0.3886977581851394,0.24889787367887994,1.0471547327620932e-42,2,72.153,-0.420999,0.103635,8361.99,0.0,11.3987,16.9845,19.4795,21.6210,23.0660,23.8372,24.2621,24.6417,24.9173,25.1966,25.4798,25.7669,26.1756,26.6524,27.5740,29.5668,33.8120,42.9928,4.8240
66.463,-0.46353490252985646,0.45554354860647034,1.7599529593532504e-43,2,73.8326,-0.454789,0.0601155,8815.54,0.0,11.3955,16.8679,19.3505,21.4971,22.9548,23.7344,24.1649,24.5501,24.8301,25.1141,25.4023,25.6946,26.1107,26.6033,27.5938,29.8796,34.9075,46.4237,4.7216
66.570,-0.15189111686098333,0.5343162346167432,2.957952938785008e-44,2,76.9032,-0.473927,0.0275981,9395.78,0.0,11.3731,16.8084,19.3116,21.4928,22.9822,23.7811,24.2277,24.6364,24.9392,25.2515,25.5737,25.9062,26.3899,26.9704,28.1460,30.9024,37.1948,52.9466,4.6888
66.683,-0.23048008423117305,0.5628781675873393,4.9714315042159644e-45,2,80.7121,-0.471394,-0.0372623,9827.27,0.0,10.9751,15.9772,18.3241,20.3895,21.8144,22.6133,23.0705,23.4898,23.8009,24.1223,24.4543,24.7975,25.2979,25.8998,27.1241,30.0232,36.7968,54.7772,5.1021
66.792,-0.3213993257325239,0.5691021425643944,8.355484929135772e-46,2,84.2905,-0.447123,-0.0770868,10306.9,0.0,10.6091,15.3813,17.6614,19.7048,21.2274,22.1044,22.6090,23.0736,23.4195,23.7777,24.1489,24.5338,25.0971,25.7781,27.1749,30.5470,38.8015,62.2393,5.6401
66.901,-0.10531613105603341,0.5697863412473757,1.4043063520398493e-46,2,87.9672,-0.407427,-0.101178,10728.2,0.0,10.2341,14.8784,17.1583,19.4077,21.1500,22.1682,22.7590,23.3062,23.7156,24.1416,24.5850,25.0471,25.7272,26.5562,28.2794,32.5721,43.9497,72.5251,6.2735
67.011,-0.2673733917282789,0.5705165082218151,2.3602176858733747e-47,2,91.7629,-0.347238,-0.151871,11024.0,0.0,9.5651,13.7443,15.9528,18.2120,19.9846,21.0299,21.6398,22.2068,22.6324,23.0765,23.5402,24.0248,24.7409,25.6184,27.4586,32.1405,45.2707,75.0217,7.6359
67.120,-0.2790323224937099,0.5702498005859994,3.966817864647381e-48,2,95.0836,-0.269735,-0.168964,11504.0,0.0,8.9715,13.0689,15.4897,18.0449,20.1105,21.3551,22.0905,22.7806,23.3027,23.8512,24.4280,25.0354,25.9417,27.0664,29.4780,35.9573,55.0643,84.4385,8.9070
67.230,-0.09063743107829353,0.5718564976247703,6.667030785112854e-49,2,98.5012,-0.181269,-0.176874,11895.3,0.0,8.3466,12.6572,15.4171,18.4653,21.0403,22.6429,23.6086,24.5279,25.2320,25.9798,26.7753,27.6232,28.9087,30.5383,34.1674,44.8877,66.3617,167.2130,9.7522
67.343,-0.34939486168232897,0.6005440562823098,1.1205278640539175e-49,2,101.964,-0.0784289,-0.205935,12254.3,0.0,7.5914,11.9715,14.8899,18.2357,21.1695,23.0479,24.1999,25.3110,26.1717,27.0951,28.0884,29.1595,30.8081,32.9427,37.8839,50.6125,71.4717,150.4490,10.6435
67.451,-0.17873995443794055,0.6589932470657123,1.8832711811154195e-50,2,105.212,0.026022,-0.149549,12969.3,0.0,7.2634,12.6269,16.6337,21.7737,26.8551,30.4394,32.7824,35.1559,37.0766,39.1292,41.1839,43.2386,46.1141,49.3973,55.5386,67.7351,96.6426,34.0007,10.3663
67.560,-0.058569508270224356,0.6814783446984926,3.1652138741006856e-51,2,109.083,0.105547,-0.107152,13809.1,0.0,6.8921,12.6329,17.2381,23.6086,30.4852,35.6534,38.6774,41.3531,43.2779,45.2124,47.1546,49.1035,51.8406,54.9783,60.8765,72.6718,143.7810,29.8018,10.5722
67.670,-0.019192056469987114,0.6895254040689269,5.319774958201023e-52,2,113.324,0.168311,-0.0710376,14350.2,0.0,6.6050,12.7345,18.0270,25.9888,34.9780,40.2096,43.0796,45.6267,47.4634,49.3129,51.1734,53.0434,55.6751,58.6990,64.4011,77.3054,125.2080,27.2084,10.6999
67.780,-0.1648285033618588,0.6938021453428059,8.94094577224846e-53,2,117.896,0.215467,-0.0544489,14432.2,0.0,6.3223,12.5011,18.0465,26.7904,35.5407,40.3898,43.0733,45.4675,47.2009,48.9518,50.7183,52.4990,55.0130,57.9118,63.4051,77.8524,116.6800,26.6522,10.9243
67.890,-0.3054623400856513,0.7030822041734306,1.5027047559417985e-53,3,121.761,0.243511,-0.000732247,15337.8,0.0,6.4143,13.9120,21.7561,33.5123,42.4601,47.3073,49.9707,52.3392,54.0502,55.7757,57.5143,59.2650,61.7338,64.7036,72.4204,131.5450,95.1304,22.9659,10.5593
68.000,-0.10009389959926622,0.7189951797885497,2.525595883311381e-54,3,122.594,0.238269,0.0789415,11968.9,0.0,7.0407,18.2822,30.9898,44.5514,53.9996,58.9718,61.9389,65.1080,67.9013,71.5012,77.3247,137.1320,133.3650,128.6230,117.5300,96.6342,26.7729,18.6151,9.7672
68.111,-0.19531704445108594,0.7401716530131119,4.244769001081439e-55,3,125.815,0.196661,0.135836,12362.0,0.0,7.9691,23.5590,37.7887,51.7297,62.6852,134.7700,130.7080,126.8400,123.8420,120.5840,116.9670,112.9260,107.5760,102.0690,93.1749,32.9466,21.5148,15.9339,9.0161
68.220,-0.09653326132423186,0.7550767558530865,7.134183260117574e-56,3,129.081,0.12045,0.186819,12721.9,0.0,9.3657,28.6115,43.6420,59.3725,123.3890,114.0340,107.9010,102.8700,99.5628,96.4687,93.5683,90.8438,87.2963,83.1304,37.9354,24.0022,17.6739,13.5672,8.1375
68.334,0.08945461986208825,0.7582667681548143,1.1990421805279606e-56,3,132.659,0.00874201,0.230149,12921.4,0.0,11.2555,32.9214,48.2036,121.5970,102.4120,92.8314,88.4428,84.9429,82.6126,80.1812,77.4333,74.2786,68.8110,30.1433,24.1583,18.8672,14.5414,11.3944,7.1225
68.442,0.05198827256240908,0.7574568526358446,2.0152301928133438e-57,3,136.537,-0.125992,0.206747,13161.5,0.0,12.0437,30.5234,43.2583,123.0060,107.1320,96.6306,91.6368,87.6856,85.0734,82.6183,80.3067,78.1124,74.7728,70.2213,29.8542,19.2371,13.8964,10.4805,6.2638
68.552,0.017035517153250208,0.7884019009248385,3.3869973850613885e-58,3,140.412,-0.26398,0.183125,13353.3,0.0,12.6009,28.6228,39.3339,57.1279,108.5570,99.3983,93.8513,89.4834,86.6122,83.9256,81.4067,79.0406,75.9592,72.6112,64.8603,20.6365,13.3758,9.6232,5.4112
68.662,-0.2254423909783343,0.8608363649731761,5.692526505072678e-59,3,144.345,-0.386047,0.153843,13998.9,0.0,13.2819,28.4720,38.6619,115.1380,100.5660,90.8837,85.9751,82.1081,79.5592,77.1696,74.9247,72.8122,70.0553,66.8005,59.2543,19.4223,11.9872,8.4418,4.6060
68.770,-0.07227169146878057,0.9043616940587853,9.567429297075652e-60,3,148.582,-0.499757,0.174816,14549.9,0.0,14.6557,31.5777,51.7093,92.0377,74.8649,68.4977,65.5417,62.9212,60.8721,58.6605,56.2585,53.6282,49.4515,43.5339,18.5584,12.4945,8.8245,6.4920,3.6883
68.882,-0.02368198786049002,0.9216372985029327,1.6079978419595046e-60,3,153.105,-0.61385,0.17644,15006.4,0.0,15.7257,34.9288,99.0546,71.7693,60.1484,54.4708,50.9344,47.4712,44.7301,41.6950,38.2419,34.0736,19.6883,15.3184,12.0933,9.0373,6.6124,4.9377,2.8394
68.991,0.07374850458224963,0.928436598254691,2.70256197298134e-61,4,154.881,-0.723596,0.133184,11902.5,0.0,15.9451,35.6622,92.2286,65.5281,54.8174,49.4460,46.1758,43.0398,40.6144,38.0044,35.1672,32.0222,26.7287,15.5622,10.7453,7.5274,5.2723,3.8188,2.0961
69.101,0.02416590998151156,0.9316057549067221,4.54219590798974e-62,4,158.554,-0.801403,0.0608379,12156.2,0.0,15.4706,33.3541,92.2597,66.0790,54.1984,49.6449,47.0670,44.6463,42.8156,40.8971,38.8878,36.7796,33.6541,29.7994,21.4819,8.1732,4.8350,3.2216,1.5982
69.212,0.021390507105397957,0.9324559917365847,7.634068662558356e-63,4,162.156,-0.833935,0.00788182,12445.2,0.0,15.0217,34.9055,86.7261,60.8820,49.5796,45.3449,43.0346,40.8940,39.2955,37.6446,35.9385,34.1828,31.6437,28.6439,22.8489,12.1536,5.1601,3.1102,1.4044
69.320,0.1115706497193518,0.934392548512869,1.283057920116183e-63,4,165.602,-0.818213,-0.0656598,12749.8,0.0,14.3006,34.7145,85.4247,60.8470,48.2179,43.7238,41.6640,39.9090,38.6095,37.2696,35.8991,34.4942,32.4839,30.1342,25.6743,17.3529,8.7027,4.4655,1.6655
69.432,0.036559470500037196,0.9346416194373219,2.156435446339269e-64,4,169.013,-0.737823,-0.130513,12979.9,0.0,13.4716,33.5473,85.8118,64.8997,49.3710,43.9890,41.5829,39.6897,38.4429,37.2749,36.1715,35.0650,33.4815,31.6274,28.0907,21.2321,12.6649,7.0505,2.5602
69.543,0.1715570603059522,0.9349205025759717,3.62432105466241e-65,4,172.467,-0.643776,-0.111425,13252.8,0.0,12.9872,45.8979,81.4374,61.5607,46.1130,40.6750,38.2780,36.4065,35.1811,34.0379,32.9692,31.9679,30.6482,29.1422,26.3002,20.8802,13.8719,8.5424,3.3826
69.652,0.09822814878105442,0.4762879690340943,6.091396396571113e-66,4,175.129,-0.553927,-0.126306,13267.0,0.0,12.1386,35.7386,84.1537,67.3272,54.6332,46.5522,42.8942,40.1408,38.3842,36.7776,35.3027,33.9440,32.2126,30.4434,27.6144,23.0390,16.5352,10.7027,4.2913
69.760,0.03218739979257591,0.15607004169309202,0.5220979156494141,4,174.346,-0.464369,-0.110171,12806.8,0.0,11.6539,35.6053,81.9128,66.2420,55.2430,48.7096,44.5845,41.1272,38.9723,37.0345,35.2829,33.6919,31.6951,29.6896,26.5535,21.9608,16.6794,11.5633,5.0206
69.871,0.06862872953643753,0.051141031261992397,0.8788348078404237,4,163.406,-0.396715,-0.0710071,11624.5,0.0,11.6378,37.8013,77.0460,61.9834,51.7320,45.9093,42.4315,39.0448,36.7841,34.7732,32.9733,31.3527,29.3380,27.3353,24.2453,19.8090,15.2493,11.2130,5.3811
69.982,0.04572791184684985,0.01675789312392967,0.940474022226738,4,149.233,-0.366609,-0.0188487,10433.1,0.0,12.3096,43.0937,71.2250,56.5730,46.8061,41.3864,38.2255,35.1966,33.0618,31.1734,29.4912,27.9833,26.1171,24.2716,21.4423,17.4185,13.3330,10.1186,5.3330
70.091,0.085199864385682,0.005491226418849275,0.9508337249886459,3,135.548,-0.379679,0.0515725,11922.3,0.0,13.5535,82.4857,63.9870,49.5502,40.0366,34.7895,31.7310,28.9990,27.3031,25.7964,24.4491,23.2372,21.7318,20.2373,17.9343,14.6348,11.2549,8.5905,4.8965
70.201,0.10627816890299402,0.0017993650729285302,0.9521713569774453,3,121.946,-0.435511,0.124362,9924.59,0.0,14.6449,76.1015,57.6690,43.5042,34.3161,29.3178,26.4488,24.1835,22.7912,21.5519,20.4421,19.4423,18.1986,16.9617,15.0516,12.3061,9.4833,7.2504,4.2179
70.311,0.034825230386133076,0.0005896159470972208,0.952517229762121,3,107.106,-0.521673,0.159857,8732.61,0.0,15.5926,70.4697,52.1173,38.2318,29.3903,24.6714,22.1074,20.2220,19.0625,18.0300,17.1048,16.2712,15.2337,14.2015,12.6066,10.3122,7.9509,6.0814,3.5403
70.422,0.28587989659252966,0.00019320535354481731,0.404376784398649,2,95.5378,-0.602729,0.16171,7921.03,0.0,16.4655,65.1408,46.8407,33.2012,24.6828,20.2340,18.1049,16.5809,15.6419,14.8045,14.0533,13.3756,12.5312,11.6900,10.3879,8.5104,6.5721,5.0335,2.9365
70.532,0.250655606159694,6.330953024956575e-05,0.06796360615388095,2,86.8655,-0.675336,0.156957,9878.99,0.0,17.0986,61.1351,42.9094,29.5246,21.3560,17.2265,15.3454,14.0091,13.1899,12.4621,11.8112,11.2258,10.4987,9.7767,8.6642,7.0702,5.4375,4.1503,2.4081
70.641,0.08403065774174057,2.0745266872177703e-05,0.011422643286282773,2,84.4195,-0.73309,0.117523,9627.68,0.0,16.7903,62.4332,44.4610,31.4050,23.5991,19.7487,17.7230,15.9744,14.7488,13.6582,12.7186,11.9008,10.9193,9.9804,8.5988,6.7456,4.9864,3.6884,2.0397
70.751,0.313597635198626,6.797809048675189e-06,0.0019198036571255457,2,83.4168,-0.775185,0.0760743,9517.29,0.0,16.3531,64.0643,46.3294,33.5393,25.9789,22.2919,20.3675,18.7159,17.5585,16.4230,15.3126,14.2313,12.7747,11.2952,9.2790,6.8489,4.7892,3.4021,1.7777
70.861,0.3700862609336756,2.227506069069886e-06,0.0003226614006530905,2,82.247,-0.789734,-0.0119847,9374.1,0.0,15.0115,72.3773,55.0988,42.5666,35.1036,31.4286,29.4930,27.8178,26.6333,25.4604,24.3005,23.1554,21.5804,19.8268,16.7043,11.3574,6.4310,4.0151,1.8059
70.971,0.1255373881899468,7.299091887128203e-07,5.422970160776491e-05,2,81.2439,-0.770359,-0.103883,9250.62,0.0,13.6924,81.0720,64.3520,52.1348,44.8064,41.1722,39.2480,37.5751,36.3872,35.2059,34.0320,32.8665,31.2506,29.4295,26.1043,19.9367,11.8840,6.1030,2.1872
71.080,0.041136091362081774,2.3917664295741695e-07,9.114385949217048e-06,2,80.4882,-0.725598,-0.142534,9186.03,0.0,13.0137,32.4592,66.1108,54.1663,47.0316,43.5042,41.6397,40.0206,38.8720,37.7305,36.5972,35.4728,33.9150,32.1607,28.9598,23.0072,14.9828,8.3873,2.7464
71.191,0.0048875182132789114,7.837340236428638e-08,0.22846863390562772,2,79.6477,-0.667019,-0.156596,9058.23,0.0,12.5924,34.2448,64.5382,52.8486,45.9322,42.5367,40.7496,39.2022,38.1072,37.0217,35.9461,34.8815,33.4109,31.7614,28.7695,23.2695,15.9289,9.6644,3.3961
71.303,0.0008501803581272335,2.5681396486729362e-08,0.2218634532199525,2,73.5862,-0.606022,-0.158294,8217.73,0.0,12.3688,77.4831,61.4274,50.0008,43.3270,40.0819,38.3838,36.9193,35.8867,34.8660,33.8579,32.8631,31.4946,29.9673,27.2198,22.2487,15.7455,10.1333,3.9304
71.411,0.10562450752833999,8.415280000771476e-09,0.03728859058267743,2,70.855,-0.552343,-0.133491,8086.6,0.0,12.2428,74.3775,58.4773,47.3102,40.8726,37.7721,36.1586,34.7726,33.7985,32.8382,31.8927,30.9623,29.6870,28.2702,25.7395,21.2189,15.3885,10.3119,4.3036
71.524,0.24503758275663645,2.757518950652797e-09,0.006267093419230595,2,69.9739,-0.500879,-0.14832,8007.63,0.0,11.6552,76.7083,60.9878,49.9078,43.4948,40.3947,38.7774,37.3855,36.4056,35.4382,34.4839,33.5434,32.2511,30.8110,28.2246,23.5457,17.3470,11.7391,4.8696
71.630,0.08029391511769465,9.035838097499086e-10,0.0010533103909700862,2,69.5667,-0.440406,-0.171698,7967.71,0.0,10.9378,26.6899,64.6134,53.6172,47.2098,44.0956,42.4655,41.0589,40.0664,39.0846,38.1140,37.1553,35.8342,34.3563,31.6840,26.7762,20.0641,13.7059,5.5980
71.742,0.02631071010576618,0.04423461943671135,0.00017702987741034242,2,69.2383,-0.380375,-0.16139,7933.77,0.0,10.5592,26.1750,63.9112,53.1012,46.8341,43.7986,42.2123,40.8451,39.8813,38.9288,37.9880,37.0592,35.7804,34.3514,31.7716,27.0424,20.5700,14.3606,6.0955
71.851,0.008621493487457462,0.38312616337827154,2.9753411496356254e-05,2,70.0187,-0.326687,-0.13849,8230.11,0.0,10.3422,29.1988,61.6233,51.0403,44.9635,42.0390,40.5163,39.2072,38.2861,37.3773,36.4812,35.5983,34.3850,33.0325,30.6006,26.1733,20.1640,14.3913,6.4248
71.961,0.0028250909859700614,0.548240519497042,5.000655870192596e-06,2,72.6358,-0.280955,-0.110557,8742.11,0.0,10.2369,73.7167,58.7191,48.3971,42.5412,39.7458,38.2967,37.0546,36.1828,35.3244,34.4798,33.6493,32.5110,31.2459,28.9818,24.8941,19.4016,14.1322,6.6323
72.071,0.2762943593641733,0.5987401643662907,8.404602321032697e-07,2,76.0877,-0.240891,-0.101099,9362.68,0.0,9.9951,72.9077,58.0472,47.8745,42.1279,39.3917,37.9755,36.7626,35.9118,35.0744,34.2509,33.4416,32.3331,31.1019,28.8999,24.9279,19.5850,14.4228,6.9164
72.181,0.09053613567645231,0.6170557669032961,1.4125615120959655e-07,2,79.8896,-0.195428,-0.124003,10034.0,0.0,9.4056,25.2483,61.2986,51.0803,45.2525,42.4587,41.0069,39.7601,38.8836,38.0192,37.1674,36.3285,35.1764,33.8926,31.5843,27.3757,21.6079,15.9108,7.4980
72.293,0.12062759090147257,0.6333017848707472,2.3740921333796896e-08,2,83.9955,-0.1478,-0.11842,10447.8,0.0,9.0643,24.0644,61.1448,51.0558,45.3164,42.5681,41.1407,39.9152,39.0541,38.2050,37.3683,36.5444,35.4131,34.1527,31.8866,27.7524,22.0700,16.4098,7.8735
72.400,0.1858859011712039,0.6409623737883214,3.990136648571245e-09,2,87.9334,-0.0976817,-0.127119,11023.5,0.0,8.5858,20.8327,62.7008,52.6589,46.9294,44.1788,42.7479,41.5179,40.6526,39.7988,38.9569,38.1271,36.9863,35.7137,33.4199,29.2140,23.3743,17.4711,8.3939
72.512,0.06091109209578009,0.6444137576742072,6.706222665253692e-10,2,91.8942,-0.0417264,-0.143342,11609.0,0.0,8.0187,17.7702,65.1594,55.1372,49.3880,46.6171,45.1721,43.9281,43.0516,42.1856,41.3303,40.4863,39.3240,38.0244,35.6740,31.3334,25.2253,18.9333,9.0474
72.620,0.14213575479490811,0.6510049532396842,1.1271148433491883e-10,2,96.0604,0.0159709,-0.131658,11939.5,0.0,7.6395,17.1625,64.3650,54.5065,48.8757,46.1687,44.7589,43.5461,42.6922,41.8489,41.0167,40.1956,39.0656,37.8028,35.5208,31.3114,25.3899,19.2636,9.4411
72.730,0.08463797276019548,0.6562547796400797,1.894341917216981e-11,2,100.061,0.0747363,-0.12941,12458.8,0.0,7.1852,15.8651,64.6767,54.9308,49.3695,46.6968,45.3049,44.1075,43.2644,42.4317,41.6097,40.7988,39.6826,38.4350,36.1789,32.0104,26.1217,19.9775,9.9328
72.841,0.027734170914060857,0.6577581990049614,3.183820460266581e-12,2,104.182,0.132387,-0.117132,12868.1,0.0,6.7993,15.2242,63.8510,54.2684,48.8237,46.2134,44.8556,43.6884,42.8670,42.0563,41.2564,40.4676,39.3824,38.1700,35.9798,31.9373,26.2270,20.2474,10.3024
72.953,0.08464715207619367,0.6585640582124457,5.351047047570043e-13,2,108.341,0.182287,-0.0834821,13250.1,0.0,6.6005,16.2302,60.6222,51.3363,46.1219,43.6401,42.3541,41.2512,40.4767,39.7135,38.9617,38.2216,37.2052,36.0726,34.0334,30.2931,25.0527,19.5901,10.3768
73.062,0.18810960583245834,0.6603716280169292,8.993504772850975e-14,2,112.27,0.222806,-0.0762065,13758.0,0.0,6.3081,15.5720,60.2767,51.0960,45.9528,43.5079,42.2416,41.1562,40.3942,39.6433,38.9038,38.1759,37.1766,36.0630,34.0588,30.3826,25.2275,19.8342,10.6402
73.173,0.10215224454008617,0.6610648250685873,1.5115383471730634e-14,2,116.049,0.261501,-0.0883649,14409.4,0.0,5.9169,13.6919,62.0245,52.8018,47.6113,45.1361,43.8520,42.7501,41.9757,41.2120,40.4593,39.7177,38.6986,37.5616,35.5108,31.7345,26.4024,20.7745,11.0879
73.282,0.2867430323131451,0.6608326847690997,2.5404425000937674e-15,2,119.905,0.299329,-0.0893615,14846.9,0.0,5.6013,12.7023,62.5456,53.3585,48.1851,45.7169,44.4359,43.3363,42.5634,41.8009,41.0493,40.3087,39.2906,38.1542,36.1032,32.3212,26.9652,21.2842,11.4136
73.395,0.17628354965049636,0.6538266521920136,4.269721709907595e-16,3,122.278,0.340304,-0.104064,11971.5,0.0,5.1963,11.1478,64.5780,55.3389,50.1098,47.6064,46.3049,45.1861,44.3988,43.6217,42.8548,42.0985,41.0575,39.8941,37.7897,33.8925,28.3319,22.3778,11.9224
73.501,0.10182997516446488,0.6492781498121539,7.176121277841695e-17,3,124.083,0.387932,-0.110424,11913.6,0.0,4.7872,9.9671,21.4251,56.5165,51.2850,48.7765,47.4711,46.3482,45.5577,44.7769,44.0062,43.2456,42.1982,41.0266,38.9049,34.9651,29.3160,23.2226,12.3971
73.610,0.32382481417210274,0.6461975090523215,1.2060907031668539e-17,3,126.867,0.438522,-0.102982,12096.9,0.0,4.4134,9.2056,17.8957,56.3067,51.1454,48.6734,47.3875,46.2819,45.5036,44.7352,43.9767,43.2283,42.1979,41.0456,38.9592,35.0857,29.5286,23.5178,12.7272
73.720,0.10611091510791462,0.6459409743756396,2.027076644812531e-18,3,129.443,0.492012,-0.10761,12362.5,0.0,3.9705,8.0813,13.8023,57.3480,52.1954,49.7245,48.4382,47.3317,46.5525,45.7827,45.0227,44.2724,43.2390,42.0824,39.9863,36.0858,30.4657,24.3457,13.2275
73.832,0.0984488760485478,0.6490207236396595,3.406907716936422e-19,3,132.309,0.543625,-0.0919908,12544.7,0.0,3.6105,7.4807,12.9935,56.3577,51.3137,48.9007,47.6463,46.5680,45.8091,45.0599,44.3204,43.5909,42.5865,41.4634,39.4295,35.6513,30.2171,24.2991,13.4555
73.943,0.3551899926840795,0.6496624661909935,5.725989799855047e-20,3,134.993,0.588458,-0.0778745,12830.7,0.0,3.2926,6.9360,12.2321,55.4843,50.5354,48.1735,46.9470,45.8934,45.1523,44.4210,43.6996,42.9882,42.0091,40.9149,38.9352,35.2627,29.9884,24.2441,13.6441
74.051,0.12605084736221916,0.6495836273902147,9.623671056616378e-21,3,137.391,0.630882,-0.0893987,13164.9,0.0,2.9188,5.9358,9.5708,57.7461,52.1185,49.7142,48.4720,47.4041,46.6523,45.9100,45.1773,44.4542,43.4584,42.3443,40.3257,36.5697,31.1474,25.2018,14.1337
74.165,0.11135193114919885,0.6494614184919756,1.6174503944855147e-21,3,140.122,0.670595,-0.0803273,13300.4,0.0,2.6224,5.3698,8.6394,58.6204,52.1688,49.4951,48.1913,47.1129,46.3715,45.6405,44.9190,44.2071,43.2271,42.1311,40.1460,36.4545,31.1280,25.2829,14.3383
74.272,0.2315766368707636,0.6583902715177005,2.718448878011804e-22,3,142.782,0.704839,-0.0629185,13518.6,0.0,2.3844,5.0041,8.2717,59.1479,51.8647,48.9030,47.4705,46.2914,45.4884,44.7163,43.9731,43.2576,42.2982,41.2346,39.3104,35.7397,30.6014,24.9726,14.3915
74.385,0.07588303236981181,0.6762617323740451,4.568897029274439e-23,3,145.412,0.733172,-0.0558913,13804.9,0.0,2.1675,4.5751,7.5484,62.7067,53.6759,50.1174,48.4187,47.0315,46.0924,45.1935,44.3323,43.5065,42.4061,41.2221,39.1911,35.6482,30.5758,25.0170,14.5288
74.492,0.12509615789282857,0.7074373721987021,7.678945237101552e-24,3,148.426,0.749891,-0.0248006,14011.9,0.0,2.0919,4.6952,8.6203,62.8718,52.8647,49.0132,47.1926,45.7140,44.7174,43.7666,42.8584,41.9904,40.8377,39.6026,37.4959,33.9547,29.2117,24.0430,14.2858
74.603,0.24563911712714082,0.7472582011689457,1.2906003259996579e-24,3,151.406,0.751062,-0.0105413,14368.9,0.0,2.1120,4.9017,9.8487,68.8999,55.8206,51.0281,48.8067,47.0231,45.8310,44.7010,43.6288,42.6099,41.2660,39.8374,37.4277,33.4511,28.5646,23.5645,14.1336
74.714,0.107650315764709,0.7709952802496652,2.169111967907625e-25,3,154.371,0.742518,-0.0142892,14804.8,0.0,2.1769,5.0207,9.9829,89.7597,66.7525,59.2209,55.8742,53.2495,51.5253,49.9130,48.4021,46.9834,45.1371,43.2046,40.0137,34.9281,28.9723,23.6237,14.1132
74.822,0.2116623507156361,0.7809960947603353,3.645626484462345e-26,3,157.633,0.72529,-0.00131971,15061.1,0.0,2.3554,5.6584,189.4940,124.7410,81.2933,69.2929,64.2519,60.4159,57.9499,55.6813,53.5876,51.6493,49.1661,46.6134,42.4987,36.1867,29.1536,23.1562,13.8398
74.937,0.11828729257900965,0.7860816987685667,6.127204432435864e-27,4,158.227,0.701628,0.00630778,12152.5,0.0,2.5815,6.4104,18.8680,200.0000,121.8400,94.7294,84.7007,77.5310,73.1169,69.1833,65.6561,62.4757,58.5147,54.5708,48.4712,39.6845,30.6255,23.4423,13.5801
75.045,0.05072064817062863,0.7900445850368589,1.0297992489594959e-27,4,160.761,0.670658,0.0266454,12283.1,0.0,2.9176,7.8560,17.8912,172.3900,200.0000,144.8560,121.1610,106.0060,97.3198,89.9555,83.6332,78.1465,71.5818,65.3223,56.1468,43.9065,32.3565,23.8783,13.1597
75.159,0.11144287817749535,0.7945069541561279,1.7307835977262246e-28,4,163.422,0.620508,0.0673954,12418.8,0.0,3.5221,9.3956,18.7609,67.4799,186.5080,195.9530,200.0000,136.8740,121.9600,109.9850,100.1580,91.9484,82.4939,73.8311,61.7135,46.5381,33.1606,23.8709,12.6994
75.269,0.048793800873551674,0.80353763248788,2.908927992698466e-29,4,165.96,0.559783,0.0476124,12600.9,0.0,3.9267,9.4266,16.3932,35.4576,118.9830,175.3530,181.7550,186.3520,189.2630,191.9340,194.4070,143.9360,121.2170,102.7090,79.8824,55.3865,36.8119,25.2801,12.6476
75.376,0.022088596494595412,0.8129388715698785,4.889035277328313e-30,4,168.599,0.520426,0.0286967,12849.4,0.0,4.1913,9.6460,16.0071,30.8274,70.0023,158.0600,168.3000,174.2210,177.7490,180.8980,183.7590,186.3910,189.7610,126.2350,92.7558,60.6965,38.6727,25.8749,12.5464
75.487,0.016225218838899023,0.8185809363891428,8.217001590605695e-31,4,171.28,0.495808,0.0196435,13083.0,0.0,4.3648,9.8560,16.0351,29.5570,60.3236,126.1150,158.2080,165.1960,169.1120,172.5290,175.5930,178.3860,181.9400,141.9290,100.4600,63.4975,39.5220,26.0838,12.4502
75.593,0.13858242948303667,0.8228406090484943,1.3810314573330991e-31,4,173.98,0.48148,0.00403279,13270.0,0.0,4.4176,9.6693,15.2532,26.3955,47.3300,78.5838,121.3640,151.1750,156.6810,160.9810,164.6370,167.8690,171.8880,175.9510,120.4800,70.6188,41.9574,26.9868,12.5204
75.707,0.04541069049300146,0.8232952564761357,2.32109957033974e-32,4,176.511,0.489073,-0.0405605,13495.8,0.0,4.1697,8.4302,12.3909,18.9214,27.8310,36.4540,43.6858,52.8717,62.2232,75.6006,96.3148,132.6810,147.6650,155.0130,164.7440,109.5950,53.1566,31.1348,13.1805
75.812,0.014880175060746719,0.8262225458921002,3.901072047870001e-33,4,179.159,0.523879,-0.0596545,13672.6,0.0,3.8191,7.4909,10.7453,15.7981,22.1269,27.7072,32.0237,37.0852,41.8091,47.9162,56.1178,67.7129,95.2899,137.7810,151.8900,167.7530,61.2714,34.0382,13.7764
75.922,0.0048759357639054845,0.8302491956347983,6.5565317908551114e-34,4,181.865,0.576164,-0.0653337,13844.1,0.0,3.3827,6.5778,9.3725,13.6421,18.8742,23.3838,26.8078,30.7528,34.3685,38.9512,44.9484,53.1326,71.3221,117.1980,143.0240,159.9010,65.8528,35.9385,14.3411
76.030,-0.014247203150602203,0.8356962087693607,1.1019562980890186e-34,4,184.568,0.636254,-0.0673984,14048.9,0.0,2.8979,5.6176,7.9852,11.5819,15.9559,19.6967,22.5191,25.7520,28.6973,32.4062,37.2194,43.7156,57.8619,91.8428,135.2650,152.7230,69.3506,37.5933,14.9230
76.141,-0.030496815375989327,0.836999211033294,1.852057950198214e-35,4,187.233,0.696547,-0.0525349,14288.5,0.0,2.4496,4.8582,7.0301,10.4747,14.9187,18.9619,22.1733,26.0360,29.7391,34.6733,41.5744,51.9101,79.6389,121.6010,134.4830,149.5760,65.1424,36.9525,15.2156
76.252,-0.009993196462404182,0.8378116788151397,3.1127537968981385e-36,4,189.921,0.746408,-0.0407398,14472.9,0.0,2.0692,4.1823,6.1458,9.3811,13.7912,18.0551,21.6277,26.1614,30.7718,37.3583,47.5369,65.3473,112.1520,121.4850,131.6910,145.4040,62.4085,36.5372,15.4613
76.365,-0.0032745706168006024,0.8382947520078949,5.231605306446703e-37,4,192.617,0.787823,-0.0372813,14612.2,0.0,1.7369,3.5305,5.2126,8.0178,11.9100,15.7505,19.0287,23.2704,27.6802,34.1553,44.5892,64.2089,107.9120,116.1910,125.9040,139.2390,62.6176,36.9767,15.7689
76.472,-0.0010730112997132213,0.8400266684785721,8.792759038544976e-38,4,195.209,0.82573,-0.0368088,14844.2,0.0,1.4272,2.9034,4.2894,6.6048,9.8254,13.0125,15.7400,19.2793,22.9707,28.4132,37.2392,54.0249,100.8520,109.3980,119.0720,132.3100,63.7717,37.7020,16.0950
76.586,-0.0003516043426900283,0.8401123078676834,1.4777990116082543e-38,4,197.81,0.863086,-0.0368779,15031.5,0.0,1.1212,2.2806,3.3690,5.1867,7.7143,10.2144,12.3533,15.1274,18.0194,22.2808,29.1848,42.2942,92.8237,102.1930,111.9330,125.1200,65.1024,38.4821,16.4256
76.697,-0.00011521371101266848,0.8389281533858325,2.4837367988099933e-39,5,198.064,0.900597,-0.0370854,13477.2,0.0,0.8138,1.6549,2.4440,3.7609,5.5899,7.3969,8.9410,10.9412,13.0234,16.0860,21.0340,30.3817,80.4388,94.7428,104.6230,117.7750,66.4925,39.2838,16.7600
76.806,-3.775322882463121e-05,0.8406197214420945,4.174416437759956e-40,5,200.173,0.938364,-0.0374253,13630.2,0.0,0.5045,1.0252,1.5134,2.3270,3.4551,4.5673,5.5159,6.7422,8.0158,9.8837,12.8879,18.5178,47.6900,87.0045,97.1465,110.2880,67.9463,40.1093,17.0993
76.917,-1.2370978021255156e-05,0.8400822664158956,7.01594170694316e-41,5,202.258,0.976713,-0.0376037,13798.4,0.0,0.1906,0.3872,0.5714,0.8782,1.3033,1.7219,2.0785,2.5391,3.0169,3.7166,4.8392,6.9345,17.6132,78.9727,89.5274,102.6620,69.3617,40.9269,17.4410
77.024,-0.137388929558503,0.8043377547154106,1.1791693226859372e-41,5,204.363,1.01315,-0.0237673,13819.7,0.0,-1.0000,-1.0000,-1.0000,-1.0000,-1.0000,-1.0000,-1.0000,-1.0000,-1.0000,-1.0000,-1.0000,-1.0000,-1.0000,-1.0000,-1.0000,-1.0000,-1.0000,-1.0000,-1.0000
77.138,-0.04501960443773026,0.2755158954651457,1.981829880638255e-42,5,204.963,1.02689,0.0145528,13777.9,0.0,-1.0000,-1.0000,-1.0000,-1.0000,-1.0000,-1.0000,-1.0000,-1.0000,-1.0000,-1.0000,-1.0000,-1.0000,-1.0000,-1.0000,-1.0000,-1.0000,-1.0000,-1.0000,-1.0000
77.240,-0.014752023982155454,0.09028104862601895,0.3301126098632812,5,203.608,1.01405,0.0356094,13525.7,0.0,-1.0000,-1.0000,-1.0000,-1.0000,-1.0000,-1.0000,-1.0000,-1.0000,-1.0000,-1.0000,-1.0000,-1.0000,-1.0000,-1.0000,-1.0000,-1.0000,-1.0000,-1.0000,-1.0000
77.354,-0.004833943218472699,0.029583294013773888,0.8260363860809327,5,193.825,0.981048,0.0412046,12493.3,0.0,0.1679,0.3971,0.6791,1.4059,3.9753,45.8776,55.0694,59.1569,61.6109,63.8377,65.9016,67.8406,70.3918,73.1231,77.8460,86.1995,47.9736,32.6331,16.1579
77.460,-0.0015839865138291339,0.009693853782433428,0.9134256452780072,5,179.51,0.944051,0.0421836,11413.6,0.0,0.4961,1.1762,2.0165,4.2012,12.1514,45.4916,50.7037,54.1384,56.3003,58.3035,60.1862,61.9733,64.3467,66.9110,71.3905,79.4278,49.6442,31.9437,15.8418
77.572,-0.0005190407008515306,0.0031764820074277854,0.9299756002404489,5,165.314,0.908382,0.0402181,10407.0,0.0,0.8107,1.9134,3.2640,6.7149,18.5772,41.5729,45.7926,48.8198,50.7757,52.6117,54.3546,56.0212,58.2506,60.6771,64.9523,72.7210,84.0678,31.5156,15.5794
77.684,-0.00017007925685502955,0.0010408696241939368,0.9317771661245997,4,151.574,0.875442,0.0401913,10686.2,0.0,1.1021,2.6012,4.4368,9.1263,25.2332,38.3724,41.7715,44.3877,46.1253,47.7814,49.3714,50.9058,52.9760,55.2490,59.2946,66.7536,77.8446,30.9737,15.3108
77.793,-5.5731570886256093e-05,0.00034107215845586924,0.9322010122790673,4,137.992,0.845561,0.0378882,9410.14,0.0,1.3631,3.2006,5.4281,11.0071,27.5772,34.7213,37.6017,39.9098,41.4729,42.9802,44.4408,45.8612,47.7918,49.9283,53.7676,60.9443,71.8027,31.0542,15.0990
77.903,-1.8262121148008396e-05,0.00011176252488281923,0.8976457176457058,4,125.159,0.81873,0.0384061,8186.74,0.0,1.6008,3.7631,6.3902,12.9991,26.7434,31.8991,34.3225,36.3339,37.7225,39.0778,40.4044,41.7053,43.4883,45.4787,49.0942,55.9567,66.5342,32.4155,14.8724
78.014,-0.005134973446857779,3.66223441536022e-05,0.1878703981926923,3,114.035,0.79446,0.0380599,10157.0,0.0,1.8144,4.2620,7.2313,14.6790,24.9713,29.1026,31.1830,32.9530,34.1934,35.4165,36.6241,37.8171,39.4652,41.3201,44.7251,51.2870,61.5912,74.8058,14.6786
78.125,-0.01955015351679097,1.2000409732252369e-05,0.0315753778242458,3,107.282,0.772185,0.0383264,9734.75,0.0,2.0116,4.7281,8.0273,16.0054,23.1173,26.5332,28.3295,29.8881,30.9944,32.0954,33.1910,34.2814,35.7990,37.5213,40.7169,46.9738,56.9919,70.0929,14.4928
78.231,-0.18939874685902425,0.034638697919261066,0.005306873750920992,3,105.574,0.746888,0.0605356,9585.22,0.0,2.2905,5.6716,10.2368,18.0768,23.6550,26.5555,28.1201,29.4966,30.4830,31.4712,32.4609,33.4517,34.8400,36.4271,39.3985,45.3021,54.9226,67.7171,14.0014
78.341,-0.062062181370765065,0.18866233822168346,0.0008919262713172913,3,105.146,0.703317,0.109919,9639.9,0.0,2.8469,8.0939,14.3989,21.4658,26.4517,29.0777,30.5042,31.7647,32.6711,33.5817,34.4961,35.4137,36.7029,38.1818,40.9641,46.5343,55.7074,68.0269,13.0990
78.451,-0.11623789700719728,0.33701516991035624,0.00014990604842029715,3,105.794,0.641682,0.130847,9786.43,0.0,3.5314,9.7576,15.4079,21.5266,25.9353,28.2976,29.5927,30.7430,31.5735,32.4109,33.2545,34.1039,35.3019,36.6819,39.2942,44.5801,53.4160,65.4702,12.5385
78.560,-0.20805358626644338,0.40051585743872553,2.519470955799935e-05,3,106.967,0.561831,0.177246,10005.9,0.0,4.5186,11.6650,17.3405,23.1811,27.3380,29.5645,30.7860,31.8724,32.6575,33.4496,34.2483,35.0530,36.1892,37.4999,39.9867,45.0392,53.5464,65.2366,11.7725
78.673,-0.06817499914778816,0.43632513382177157,4.234474835412951e-06,3,108.526,0.458355,0.204333,10091.1,0.0,5.6056,13.8069,19.7090,25.4989,29.5402,31.6916,32.8697,33.9163,34.6722,35.4347,36.2032,36.9773,38.0700,39.3302,41.7218,46.5872,54.7917,66.0883,10.8840
78.780,-0.2672933262080734,0.4814154085225931,7.116881855878545e-07,3,110.28,0.356993,0.179193,10350.4,0.0,6.3886,14.5213,19.9936,25.3103,29.0406,31.0384,32.1360,33.1133,33.8204,34.5348,35.2561,35.9839,37.0133,38.2036,40.4707,45.1139,53.0245,64.0525,10.3188
78.893,-0.23187659457517396,0.5112296073146834,1.1961343335175072e-07,3,112.018,0.257075,0.195565,10534.4,0.0,7.4646,16.6421,22.4314,27.8537,31.5827,33.5625,34.6464,35.6097,36.3057,37.0081,37.7166,38.4309,39.4401,40.6054,42.8207,47.3433,55.0191,23.2420,9.3985
79.000,-0.075981322510393,0.5226194286623754,2.0103429743428747e-08,3,113.98,0.154868,0.193027,10774.3,0.0,8.3891,17.9799,23.7267,29.0102,32.6189,34.5319,35.5789,36.5092,37.1812,37.8593,38.5432,39.2327,40.2068,41.3318,43.4708,47.8408,55.2710,19.8398,8.6282
79.114,-0.28652400226380714,0.5282565574309621,3.37878343697807e-09,3,116.152,0.0580285,0.167082,10912.4,0.0,9.0057,18.2662,23.6284,28.5471,31.9225,33.7189,34.7041,35.5808,36.2150,36.8557,37.5026,38.1555,39.0790,40.1472,42.1838,46.3653,53.5354,19.6738,8.0552
79.223,-0.17158166870380434,0.5289893958483526,5.678721322529042e-10,3,117.973,-0.0339241,0.170549,11169.5,0.0,9.8503,19.5357,24.9409,29.8243,33.1479,34.9103,35.8753,36.7332,37.3534,37.9796,38.6116,39.2491,40.1505,41.1926,43.1777,47.2494,54.2242,16.4405,7.3125
79.334,-0.16995156048152665,0.5322051104659631,9.544226926774559e-11,3,120.036,-0.122144,0.156736,11320.2,0.0,10.4632,20.0616,25.2812,29.9689,33.1562,34.8466,35.7729,36.5967,37.1924,37.7940,38.4013,39.0142,39.8811,40.8842,42.7968,46.7278,53.4880,15.0930,6.7043
79.443,-0.3901453920278581,0.5346818729412367,1.6040982195830003e-11,3,121.933,-0.204139,0.14548,11486.3,0.0,11.0328,20.5803,25.6582,30.1901,33.2658,34.8968,35.7904,36.5854,37.1605,37.7414,38.3279,38.9198,39.7573,40.7265,42.5761,46.3827,52.9488,13.6926,6.1199
79.550,-0.12784284205968854,0.5397490170628844,2.696007877653149e-12,3,123.647,-0.28231,0.146784,11717.6,0.0,11.6973,21.4765,26.5582,31.0478,34.0779,35.6807,36.5580,37.3378,37.9016,38.4710,39.0457,39.6255,40.4455,41.3940,43.2029,46.9227,53.7831,11.7864,5.4981
79.664,-0.37397112235782376,0.550221707911166,4.531180439971649e-13,3,125.579,-0.355136,0.130985,11856.1,0.0,12.1116,21.6816,26.5767,30.8895,33.8004,35.3417,36.1857,36.9363,37.4792,38.0274,38.5810,39.1398,39.9306,40.8458,42.5927,46.2099,53.7967,10.8275,4.9949
79.770,-0.2166846157148367,0.5861739383108308,7.615554965460353e-14,3,127.257,-0.424074,0.131687,12061.6,0.0,12.6796,22.4131,27.3004,31.5724,34.4432,35.9599,36.7898,37.5275,38.0607,38.5990,39.1424,39.6908,40.4664,41.3639,43.1364,47.2839,56.7094,9.3276,4.4467
79.881,-0.07100321487743769,0.641353632355693,1.2799463230449214e-14,3,129.443,-0.488323,0.121558,12295.1,0.0,13.0735,22.6923,27.4576,31.6083,34.3950,35.8670,36.6724,37.3885,37.9090,38.4466,39.0027,39.5781,40.4181,41.4306,43.4963,48.4229,60.1308,8.3232,3.9753
79.990,-0.3092702043619782,0.6977725883284385,2.1512057851416e-15,3,132.085,-0.542294,0.0874588,12548.5,0.0,13.0997,22.0676,26.4904,30.3596,32.9706,34.3698,35.1713,35.9097,36.4599,37.0300,37.6211,38.2344,39.1325,40.2196,42.4528,47.8648,61.2387,8.1576,3.6583
80.103,-0.148489195656133,0.7560010865872127,3.6155315630874874e-16,3,134.735,-0.585364,0.0790598,12933.5,0.0,13.3335,22.1864,26.5157,30.3090,33.1230,34.7737,35.7335,36.6238,37.2910,37.9858,38.7100,39.4654,40.5793,41.9397,44.7777,51.9069,71.2252,7.4418,3.3337
80.211,-0.19961146827728055,0.7934453559747728,6.076623898081142e-17,3,137.907,-0.615377,0.0614807,13232.5,0.0,13.3652,21.9026,26.0723,30.1817,33.4721,35.4410,36.5996,37.6836,38.5016,39.3589,40.2585,41.2034,42.6088,44.3456,48.0424,57.7935,88.1127,7.2454,3.1399
80.323,-0.3485227664720102,0.8095113656520636,1.0212981785504978e-17,3,140.967,-0.630716,0.0460383,13610.2,0.0,13.3115,21.5610,26.0630,30.9707,35.0636,37.5867,39.0983,40.5310,41.6244,42.7817,44.0087,45.3116,47.2772,49.7529,55.2013,70.8622,135.8920,7.3340,3.0586
80.433,-0.15083578125115693,0.8139551823437432,1.716495848689822e-18,3,143.777,-0.631065,0.0395152,14064.5,0.0,13.2405,21.8023,27.3934,33.9253,39.7642,43.5587,45.9082,48.1904,49.9692,51.8886,53.9655,56.2202,59.7209,64.3091,75.1769,113.8920,200.0000,7.5503,3.0762
80.540,-0.1683937278377744,0.8166175255566478,2.884914572892984e-19,3,146.897,-0.613286,0.0152175,14381.4,0.0,12.8602,22.1528,29.0004,37.6725,46.1234,52.0127,55.8306,59.6729,62.7640,66.1981,70.0356,74.3513,81.3822,91.2620,118.2350,200.0000,30.7768,9.1546,3.3110
80.650,-0.18410990905985378,0.8180922659306523,4.8486759226612386e-20,3,150.058,-0.573372,-0.0212053,14622.3,0.0,12.3776,22.8174,31.2598,43.0423,55.8986,65.7958,72.6800,80.0188,86.2471,93.5345,102.1760,112.5850,131.3350,162.2430,200.0000,124.0830,22.5184,10.5633,3.8167
80.760,-0.06032913500073289,0.8222949815126562,8.149169623216745e-21,3,153.302,-0.507956,-0.0494216,14844.6,0.0,12.2073,24.3297,35.3455,52.9871,76.0620,97.3709,114.5150,135.3950,155.6860,183.1470,200.0000,200.0000,200.0000,200.0000,144.7880,40.6158,18.5285,10.6021,4.3978
80.870,-0.019768650957040154,0.8312119652451921,1.3696309385740386e-21,3,156.964,-0.454165,-0.0256742,15033.0,0.0,12.0340,24.9476,37.4538,59.2292,91.5127,125.9900,157.7290,200.0000,200.0000,200.0000,200.0000,200.0000,200.0000,182.3670,74.2217,33.9910,17.9224,10.8736,4.7552
80.982,-0.04693689122369667,0.8551240563027946,2.3019387184613873e-22,4,157.92,-0.425948,-0.0169662,12084.3,0.0,11.8994,25.0487,38.1140,61.6891,98.7151,141.2700,183.5200,200.0000,200.0000,200.0000,200.0000,200.0000,200.0000,129.1740,65.2054,32.7990,18.0060,11.1293,4.9558
81.090,-0.015380280516180922,0.8790677480349247,3.868868404118054e-23,4,160.843,-0.413787,-0.00205166,12329.2,0.0,11.9718,25.9009,40.4096,68.4611,118.1390,185.7430,200.0000,200.0000,200.0000,200.0000,200.0000,200.0000,127.3680,84.6122,51.9468,29.3516,17.0821,10.8683,4.9844
81.201,-0.018121962920323413,0.9023471696760841,6.502407126801214e-24,4,163.894,-0.411557,0.0036599,12549.8,0.0,12.0215,26.2937,41.4493,71.6310,128.1200,200.0000,200.0000,200.0000,200.0000,200.0000,200.0000,167.2350,105.9480,74.6823,48.0970,28.1324,16.6942,10.7306,4.9749
81.310,-0.04020836693573157,0.9257206361844592,1.0928595658014801e-24,4,166.976,-0.417968,0.0228011,12820.7,0.0,12.3158,27.9930,45.8501,85.7566,181.0370,200.0000,200.0000,200.0000,200.0000,153.1720,110.7840,86.7768,66.5849,52.6050,37.7610,24.1730,15.1730,10.0628,4.8299
81.420,-0.013175477677500519,0.9460348958774235,1.836769072242548e-25,4,170.181,-0.439455,0.0388562,13070.9,0.0,12.7178,29.9271,50.8770,103.7820,200.0000,200.0000,200.0000,157.1520,111.6440,86.5787,70.7084,59.7594,49.1180,40.8183,31.0105,20.9766,13.6856,9.2895,4.5819
81.531,-0.00431734052536337,0.9575900330404892,3.087057779718051e-26,4,173.497,-0.47229,0.0440699,13295.5,0.0,13.0818,31.1490,53.6625,113.2190,200.0000,200.0000,196.9100,118.9710,89.6044,71.8694,59.9983,51.4966,42.9767,36.1482,27.8629,19.1339,12.6245,8.6296,4.2928
81.640,0.02891501483264893,0.9656018617923324,5.188418010372128e-27,4,176.805,-0.510192,0.0402276,13555.8,0.0,13.3626,31.5413,53.8056,110.7000,200.0000,200.0000,194.1620,129.0530,93.3092,73.0753,60.0567,50.9785,42.0789,35.0854,26.7609,18.1761,11.8943,8.0886,3.9986
81.752,0.009474872060362401,0.9804969200252365,8.720174150032437e-28,4,180.141,-0.54367,0.0287015,13814.1,0.0,13.4912,31.0493,51.5256,99.2333,200.0000,198.1450,193.9240,187.6470,137.0830,95.4083,73.1702,59.3429,46.9326,37.8847,27.8377,18.2165,11.6067,7.7658,3.7656
81.860,0.0031047260767395517,0.9883713811444944,1.4655996693959518e-28,4,183.534,-0.571202,0.0252435,14062.2,0.0,13.6818,31.2575,51.4708,97.4105,197.8490,193.1110,189.2520,184.0230,155.7790,101.9300,75.7515,60.2757,46.8751,37.3832,27.1068,17.5159,11.0641,7.3649,3.5500
81.973,-0.004025848241986484,0.9914335595640529,2.4632333643537764e-29,4,186.928,-0.595948,0.024522,14314.4,0.0,13.8867,31.6775,52.0798,98.2165,192.0150,187.3140,183.5220,178.4400,153.4890,98.8726,72.9282,57.7728,44.7570,35.5979,25.7371,16.5857,10.4571,6.9534,3.3474
82.081,-0.001319189951934131,0.9924369741885738,4.1399563154693915e-30,4,190.295,-0.62049,0.0260236,14574.2,0.0,14.1226,32.3177,53.3088,101.2790,185.7460,180.8840,176.9430,171.4210,131.6520,87.5098,65.5398,52.3907,40.9061,32.7160,23.7962,15.4215,9.7605,6.5047,3.1396
82.192,-0.000432272163449776,0.9935187027802368,6.958024579409406e-31,4,193.649,-0.646211,0.0268881,14819.2,0.0,14.3598,32.9209,54.4084,103.8170,179.4360,174.4710,170.4340,164.5410,116.8870,78.9566,59.6154,47.8883,37.5515,30.1255,21.9857,14.2936,9.0663,6.0499,2.9244
82.302,-0.0001416469425192226,0.993602108917653,1.169435191061339e-31,5,196.975,-0.673031,0.0271656,15063.0,0.0,14.5980,33.4868,55.3781,105.8160,173.0860,168.0710,163.9960,157.8590,106.4010,72.2258,54.6703,43.9829,34.5355,27.7328,20.2610,13.1856,8.3694,5.5871,2.7020
82.410,-4.641487012469886e-05,0.9963113749876364,1.9654697256167928e-32,5,197.307,-0.700349,0.0271952,13509.2,0.0,14.8369,34.0368,56.2913,107.5770,166.7050,161.6650,157.5730,151.2390,97.3550,66.1193,50.0613,40.2815,31.6336,25.4051,18.5626,12.0816,7.6692,5.1199,2.4762
82.520,-1.5209224642461323e-05,0.9962579851840736,3.303364967844144e-33,5,200.041,-0.728016,0.0273578,13676.7,0.0,15.0809,34.6085,57.2579,109.5150,160.2250,155.1490,151.0220,144.3120,87.5954,59.6580,45.2340,36.4294,28.6312,23.0068,16.8206,10.9543,6.9564,4.6452,2.2472
82.631,0.01753250107476916,0.9965793087726172,5.5519655014556535e-34,5,202.726,-0.755524,0.0235059,13860.4,0.0,15.2590,34.7336,56.9777,106.9270,154.2470,149.4810,145.7470,140.5460,99.2578,62.4096,45.5165,35.8228,27.5979,21.8645,15.7416,10.1048,6.3543,4.2187,2.0274
82.743,0.0057450499521803575,0.9969014438361111,9.331188418296517e-35,5,205.385,-0.778099,0.016154,14036.9,0.0,15.3374,34.3868,55.5413,100.8180,148.6430,144.4000,141.2410,137.4160,132.9020,82.4235,53.5174,39.6242,29.0645,22.2823,15.5065,9.6558,5.9522,3.9067,1.8532
82.850,0.0018825379683304598,0.996639571366217,1.5682928374630958e-35,5,208.02,-0.795751,0.0141827,14215.8,0.0,15.4582,34.5197,55.5335,99.9673,142.1940,138.0800,135.0650,131.4980,127.5870,86.4104,53.4979,38.7439,27.9542,21.2082,14.6071,9.0154,5.5262,3.6156,1.7090
82.961,0.0006168700414625252,0.9968248156827819,2.6358297719242254e-36,5,210.627,-0.811292,0.0136716,14395.2,0.0,15.5838,34.7644,55.8697,100.3590,135.4570,131.3900,128.4370,124.9660,121.2080,82.8201,50.5551,36.3835,26.1316,19.7691,13.5781,8.3606,5.1172,3.3453,1.5798
83.071,0.00020213597518644027,0.9964262294310589,4.430039097673046e-37,5,213.228,-0.826213,0.0136229,14554.4,0.0,15.7114,35.0457,56.3161,101.1410,128.5580,124.5160,121.6040,118.1880,114.4790,76.5440,46.6580,33.5586,24.0923,18.2214,12.5117,7.7022,4.7135,3.0812,1.4549
83.183,6.623591634909275e-05,0.9966344390474693,7.445566711459089e-38,5,215.788,-0.841157,0.0136802,14723.2,0.0,15.8409,35.3385,56.7934,102.0220,121.5370,117.5230,114.6500,111.2800,107.5950,69.6692,42.5379,30.6170,21.9916,16.6379,11.4280,7.0370,4.3072,2.8158,1.3298
83.292,0.021740392295569268,0.9963171651745747,1.2513763971949292e-38,5,218.31,-0.855529,0.00891798,14893.4,0.0,15.8870,35.1068,55.8948,119.9860,115.0170,111.2710,108.6620,105.7390,102.8910,96.7593,49.1295,32.8740,22.4688,16.5024,11.0213,6.6314,4.0015,2.5954,1.2151
83.401,0.007123891747412138,0.9964481149344045,2.103188310765517e-39,6,220.803,-0.862842,-0.000500504,15057.0,0.0,15.7988,34.2811,53.6323,113.4880,108.9180,105.5990,103.3700,101.0100,98.9443,96.2728,91.5072,48.5461,28.2159,19.0852,11.8825,6.7804,3.9675,2.5314,1.1644
83.511,0.0023343568477920094,0.9963027921298306,3.5348285939036045e-40,6,220.649,-0.862954,-0.00336963,13764.5,0.0,15.7547,34.0005,52.9233,106.4830,102.0120,98.8492,96.7607,94.5880,92.7314,90.4355,87.1456,58.3853,31.2675,20.4276,12.3846,6.9376,4.0186,2.5506,1.1668
83.621,0.0007649220518844857,0.9956528290032278,5.94098641777379e-41,6,222.704,-0.859692,-0.00400335,13881.0,0.0,15.7172,33.8792,52.6760,99.2517,94.8110,91.7400,89.7386,87.6776,85.9377,83.8253,80.9537,62.5935,32.8020,21.2482,12.8014,7.1407,4.1268,2.6162,1.1953
83.732,0.0002506496579615082,0.3968020190077777,0.3701119995117187,6,223.551,-0.855293,-0.00415975,13718.4,0.0,15.6776,33.7840,52.5135,91.8816,87.4753,84.4947,82.5769,80.6204,78.9862,77.0322,74.4722,65.3153,34.0377,22.0011,13.2341,7.3742,4.2594,2.6995,1.2330
83.840,8.213287992082702e-05,0.13002408558846862,0.8288963189117431,6,213.863,-0.850722,-0.00411636,12770.3,0.0,15.6397,33.7049,52.3947,84.5773,80.2207,77.3363,75.5034,73.6512,72.1198,70.3151,68.0236,64.0275,35.0533,22.6713,13.6432,7.6044,4.3930,2.7844,1.2719
83.951,2.6913302092456598e-05,0.04260629236562939,0.8858325072735982,6,199.434,-0.846394,-0.00425464,11752.9,0.0,15.6009,33.6128,52.2389,77.6587,73.3754,70.5982,68.8554,67.1114,65.6857,64.0306,61.9928,58.9684,36.2660,23.4105,14.0683,7.8341,4.5234,2.8663,1.3090
84.061,8.81895082965618e-06,0.013961229882369442,0.851992199545081,6,185.213,-0.842241,-0.00470478,10857.4,0.0,15.5589,33.4940,52.0557,71.1950,67.0084,64.3488,62.7006,61.0689,59.7507,58.2446,56.4444,54.0244,37.9186,24.3216,14.5485,8.0765,4.6558,2.9477,1.3450
84.170,2.8897938078617365e-06,0.004574815807854819,0.8460147810954616,6,171.649,-0.838171,-0.00506002,10004.5,0.0,15.5191,33.3861,70.0456,65.1424,61.0625,58.5219,56.9662,55.4417,54.2242,52.8536,51.2559,49.2408,39.4572,25.1782,15.0054,8.3099,4.7840,3.0269,1.3802
84.281,9.469276349601338e-07,0.001499075643917867,0.8462961367538314,5,158.651,-0.834154,-0.00518734,10023.5,0.0,15.4832,33.3010,64.3959,59.4791,55.5129,53.0904,51.6237,50.2008,49.0765,47.8275,46.4026,44.6843,40.4233,25.8890,15.4083,8.5254,4.9058,3.1032,1.4146
84.391,3.102892474237367e-07,0.0004912171069990066,0.8463434241993336,5,145.943,-0.830304,-0.00537807,9067.71,0.0,15.4478,33.2130,59.1133,54.2139,50.3734,48.0714,46.6936,45.3701,44.3357,43.2014,41.9321,40.4561,37.5789,26.6217,15.8125,8.7375,5.0243,3.1770,1.4477
84.501,1.0167558059581004e-07,0.00016096202162143447,0.8469278335922914,5,133.64,-0.826628,-0.00578767,8200.42,0.0,15.4105,33.1165,54.2052,49.3522,45.6493,43.4705,42.1814,40.9559,40.0084,38.9823,37.8549,36.5828,34.3484,27.4926,16.2582,8.9580,5.1433,3.2498,1.4797
84.611,0.04092072662760698,5.2744035244911646e-05,0.8490260247613877,4,121.949,-0.823113,-0.00587589,8114.8,0.0,15.3795,54.6569,49.6368,44.8465,41.2832,39.2236,38.0187,36.8843,36.0162,35.0868,34.0812,32.9732,31.1416,27.8297,16.6108,9.1466,5.2499,3.3166,1.5098
84.721,0.07790177815820355,1.7283165469052648e-05,0.5892016966208067,4,110.494,-0.819836,-0.00582487,7096.02,0.0,15.3527,50.5295,45.4123,40.7010,37.2812,35.3384,34.2146,33.1666,32.3723,31.5309,30.6332,29.6632,28.1262,25.8537,16.9049,9.3119,5.3458,3.3775,1.5377
84.830,0.09810666420915755,5.663347660899172e-06,0.09902712915105902,3,101.645,-0.816744,-0.00645382,7481.25,0.0,15.3170,46.7149,41.5447,36.9350,33.6693,31.8461,30.8037,29.8413,29.1191,28.3620,27.5647,26.7184,25.4216,23.6786,17.3656,9.5230,5.4542,3.4419,1.5651
84.941,0.10658019920873689,1.8557657615234408e-06,0.01664348959641849,3,96.8264,-0.812263,-0.0147589,8787.94,0.0,15.1555,43.3520,38.2329,33.8099,30.7594,29.0926,28.1542,27.2992,26.6659,26.0109,25.3310,24.6234,23.5767,22.2723,19.2026,10.5069,5.8227,3.6152,1.6170
85.051,0.21072910519214622,6.08097324736001e-07,0.0027972712964700556,3,95.8246,-0.79627,-0.0549811,8704.95,0.0,14.4686,41.2072,36.4157,32.4081,29.7281,28.3012,27.5141,26.8090,26.2952,25.7724,25.2397,24.6965,23.9163,22.9928,21.1497,16.6761,7.9455,4.4757,1.8322
85.161,0.27631493216793507,1.992613313694928e-07,0.00047013738679772224,3,94.8137,-0.756272,-0.125912,8609.37,0.0,13.3336,40.0587,35.7409,32.2208,29.9295,28.7307,28.0761,27.4944,27.0739,26.6495,26.2213,25.7891,25.1772,24.4677,23.1063,20.2426,14.8693,7.1596,2.3867
85.271,0.2559994165727518,6.52939530631554e-08,7.901599059909318e-05,3,93.6859,-0.683214,-0.216418,8504.31,0.0,11.9880,39.3681,35.5293,32.4509,30.4788,29.4594,28.9069,28.4185,28.0669,27.7130,27.3567,26.9982,26.4926,25.9094,24.8009,22.5352,18.6565,13.1516,3.5279
85.381,0.16946794868122142,2.1395522539734762e-08,1.328021753998959e-05,3,92.6096,-0.574859,-0.298888,8407.43,0.0,10.6895,38.2810,34.7931,32.0397,30.2963,29.4020,28.9194,28.4941,28.1887,27.8819,27.5738,27.2645,26.8295,26.3296,25.3853,23.4746,20.2613,15.8937,5.4558
85.490,0.21311190043545247,7.010884825820287e-09,2.23200616194605e-06,3,91.6435,-0.43419,-0.36386,8325.0,0.0,9.4523,36.6427,33.3873,30.8652,29.2888,28.4862,28.0548,27.6757,27.4040,27.1315,26.8585,26.5849,26.2009,25.7609,24.9337,23.2753,20.5315,16.8572,7.6088
85.600,0.26028192347982576,2.2973267397247916e-09,3.751332756382727e-07,3,90.6654,-0.262653,-0.43271,8238.59,0.0,8.2792,35.0557,32.0109,29.6916,28.2597,27.5354,27.1475,26.8072,26.5638,26.3201,26.0762,25.8322,25.4903,25.0995,24.3671,22.9086,20.5228,17.3648,9.1312
85.711,0.30925555821123646,7.527880260730198e-10,6.30486496365245e-08,3,89.6654,-0.0766166,-0.417019,8146.46,0.0,7.1817,33.6575,30.8090,28.6714,27.3643,26.7071,26.3561,26.0488,25.8292,25.6097,25.3902,25.1708,24.8639,24.5137,23.8589,22.5608,20.4527,17.6832,10.2771
85.825,0.35995913719615796,2.4667358038360714e-10,1.0596586544410673e-08,3,88.5457,0.0902697,-0.382499,8043.96,0.0,6.1638,32.4884,29.8175,27.8388,26.6378,26.0364,25.7157,25.4355,25.2355,25.0357,24.8361,24.6369,24.3584,24.0410,23.4489,22.2788,20.3871,17.9115,11.1754
85.932,0.3719199420070386,8.082999882010039e-11,1.780968300519102e-09,2,87.3764,0.236907,-0.349485,9991.95,0.0,5.2588,31.4592,28.9394,27.0924,25.9794,25.4239,25.1283,24.8701,24.6860,24.5022,24.3188,24.1357,23.8801,23.5890,23.0467,21.9783,20.2586,18.0149,11.8522
86.040,0.37043481992079214,2.6486374013370497e-11,2.9932734226824554e-10,2,85.7273,0.360519,-0.309512,9712.81,0.0,4.4990,30.6818,28.0717,26.3302,25.2873,24.7687,24.4932,24.2529,24.0818,23.9111,23.7407,23.5709,23.3339,23.0642,22.5625,21.5763,19.9948,17.9414,12.2866
86.152,0.36512706009854745,8.679055036701244e-12,5.030794641502404e-11,2,83.8519,0.459142,-0.272997,9488.16,0.0,3.8929,30.5714,27.3788,25.6554,24.6669,24.1767,23.9166,23.6900,23.5287,23.3678,23.2075,23.0477,22.8249,22.5717,22.1012,21.1788,19.7048,17.7974,12.5551
86.262,0.35844457928649825,2.843952754426264e-12,8.455256553973092e-12,2,81.8653,0.531537,-0.228859,9257.13,0.0,3.4723,31.2912,27.2026,25.0874,24.0523,23.5823,23.3340,23.1178,22.9640,22.8107,22.6580,22.5059,22.2940,22.0532,21.6065,20.7325,19.3415,17.5506,12.6544
86.371,0.3505954662185645,9.31906438570398e-13,1.4210749690262573e-12,2,79.7875,0.576791,-0.185139,9023.35,0.0,3.2435,33.2653,27.7814,25.0563,23.7445,23.1618,22.8689,22.6222,22.4512,22.2845,22.1219,21.9633,21.7479,21.5106,21.0814,20.2443,18.9165,17.2156,12.6075
86.482,0.34278167851932345,3.05367101790748e-13,2.388400700442431e-13,2,77.6492,0.597144,-0.143555,8786.49,0.0,3.2058,37.4395,29.4928,25.8106,24.0925,23.3394,22.9630,22.6470,22.4286,22.2161,22.0092,21.8077,21.5346,21.2345,20.7044,19.7589,18.4442,16.8130,12.4426
86.592,0.3356004678344384,1.0006269191479232e-13,4.0141850572335937e-14,2,75.4848,0.595732,-0.105348,8549.8,0.0,3.3521,46.3577,33.1800,27.7853,25.3984,24.3761,23.8703,23.4484,23.1581,22.8766,22.6036,22.3387,21.9809,21.5896,20.9030,19.6914,18.0582,16.3618,12.1850
86.701,0.3295293241109809,3.2788542886639144e-14,6.746640825692501e-15,2,73.3281,0.576566,-0.0729097,8316.02,0.0,3.6641,69.8354,41.1278,32.0099,28.3406,26.8299,26.0953,25.4887,25.0747,24.6757,24.2910,23.9200,23.4221,22.8820,21.9448,20.3223,18.1931,16.0472,11.8630
86.811,0.3250008971134878,1.0744149733093913e-14,1.133907923574139e-15,2,71.218,0.544271,-0.0458725,8088.37,0.0,4.1235,200.0000,61.8227,41.3646,34.6132,32.0312,30.8138,29.8267,29.1620,28.5285,27.9240,27.3466,26.5805,25.7605,24.3642,22.0227,19.0847,16.2592,11.4994
86.920,0.18939208292236642,3.520642984540214e-15,1.9057590471510558e-16,2,69.2079,0.502998,-0.0240486,7870.8,0.0,4.7046,34.7836,175.9450,68.1786,49.9790,44.1321,41.5510,39.5341,38.2127,36.9796,35.8261,34.7450,33.3408,31.8744,29.4605,25.6322,21.1782,17.2152,11.1419
87.033,0.062059997732001035,0.07683045117187615,3.203009230546781e-17,2,67.6642,0.456349,0.000209983,7795.31,0.0,5.2138,17.5608,57.3790,200.0000,103.8430,79.7011,70.9258,64.7028,60.8919,57.5093,54.4866,51.7696,48.3971,45.0512,39.9005,32.5312,24.9956,19.0641,11.0481
87.145,0.0203358200568221,0.2867149643493754,5.3832976137799754e-18,2,67.4177,0.405753,0.0523474,8036.13,0.0,5.4911,14.3074,27.6179,84.8366,200.0000,200.0000,167.0960,134.5950,118.1860,105.3510,95.0365,86.5679,76.9748,68.3332,56.4760,41.9937,29.5532,21.0874,11.0846
87.255,0.006663641516219465,0.5708323298305032,9.047708299480006e-19,2,69.3053,0.361123,0.0560734,8430.41,0.0,5.7525,14.0895,25.0925,58.0346,200.0000,200.0000,200.0000,200.0000,172.5520,145.7200,126.1180,111.1720,95.3623,82.0434,65.0454,46.0607,31.1227,21.6024,10.9529
87.366,0.002183542052034794,0.7622825956513593,1.5206483338936045e-19,2,73.0645,0.335509,0.0514981,9300.78,0.0,5.9527,14.4211,25.3484,56.4593,200.0000,200.0000,200.0000,200.0000,187.4030,155.6680,133.1330,116.3050,98.8293,84.3588,66.2159,46.3720,31.0600,21.4363,10.7910
87.475,0.0007155030596107612,0.8560572980524124,2.555753654774981e-20,2,77.8395,0.31421,0.0484826,11000.9,0.0,6.1231,14.7290,25.6749,55.8885,192.9170,200.0000,200.0000,200.0000,198.3940,162.7050,137.9070,119.6770,100.9980,85.7230,66.8129,46.4308,30.9139,21.2536,10.6479
87.583,0.0002344560425732543,0.9047804120664394,4.2954551675803104e-21,2,82.7197,0.293327,0.0448448,13474.6,0.0,6.2844,14.9902,25.8772,54.8865,169.8330,200.0000,200.0000,200.0000,200.0000,173.0980,144.9220,124.6430,104.2350,87.8193,67.8277,46.6785,30.8482,21.1082,10.5135
87.693,7.682655603040397e-05,0.9329600274571809,7.219371500152229e-22,3,87.9756,0.272434,0.0393454,12341.6,0.0,6.4316,15.1511,25.7888,52.7650,143.3010,200.0000,200.0000,200.0000,200.0000,194.0910,158.8770,134.4860,110.7080,92.1122,70.0795,47.4738,31.0064,21.0605,10.3961
87.801,2.5174525880042776e-05,0.947363539062794,1.213359768030585e-22,3,91.9856,0.252909,0.0363347,9290.43,0.0,6.5827,15.4036,26.0247,52.2848,133.9180,200.0000,200.0000,200.0000,200.0000,200.0000,166.8840,139.8290,113.9750,94.1065,70.9537,47.6257,30.8970,20.8992,10.2652
87.917,8.249188640372417e-06,0.9543797172925964,2.0392937621290042e-23,3,96.8572,0.234673,0.0351598,9967.45,0.0,6.7349,15.7189,26.4821,52.8399,132.5370,200.0000,200.0000,200.0000,200.0000,200.0000,168.8550,140.8680,114.3480,94.1161,70.7006,47.2800,30.5906,20.6580,10.1268
88.020,2.7030941336772336e-06,0.9570100676374379,3.427441026010217e-24,3,101.854,0.216422,0.0343997,10467.5,0.0,6.8899,16.0538,26.9971,53.6327,132.7890,200.0000,200.0000,200.0000,200.0000,200.0000,169.2870,140.8160,113.9920,93.6262,70.1617,46.8052,30.2304,20.3930,9.9842
88.132,8.857498857233559e-07,0.9585285355259356,5.760500132415373e-25,3,106.885,0.197844,0.0338928,10878.7,0.0,7.0495,16.4073,27.5582,54.5899,134.0190,200.0000,200.0000,200.0000,200.0000,200.0000,168.6830,140.0330,113.1450,92.7978,69.4266,46.2389,29.8295,20.1081,9.8364
88.245,2.902425225538293e-07,0.9595079820836385,9.681672572550515e-26,3,111.897,0.178766,0.0336449,11277.1,0.0,7.2152,16.7840,28.1742,55.7317,136.2650,200.0000,200.0000,200.0000,200.0000,200.0000,166.9690,138.4720,111.7790,91.6128,68.4840,45.5744,29.3838,19.8007,9.6820
88.353,9.510666979043878e-08,0.9598289271316666,1.627198709268565e-26,3,116.812,0.159069,0.0334913,11764.1,0.0,7.3870,17.1779,28.8250,56.9699,138.9430,200.0000,200.0000,200.0000,200.0000,200.0000,164.7760,136.5690,110.1780,90.2609,67.4397,44.8567,28.9107,19.4776,9.5215
88.466,3.116455355693098e-08,0.9627124049518795,2.7348328706676778e-27,3,121.825,0.13865,0.0334298,12056.4,0.0,7.5659,17.5915,29.5148,58.3132,142.0770,200.0000,200.0000,200.0000,200.0000,200.0000,162.1090,134.3250,108.3420,88.7409,66.2907,44.0836,28.4084,19.1376,9.3543
88.570,1.0212000909535142e-08,0.9640427629640068,4.596433605731167e-28,3,126.679,0.117473,0.0334083,12535.6,0.0,7.7517,18.0228,30.2368,59.7324,145.4840,200.0000,200.0000,200.0000,200.0000,200.0000,159.1750,131.8820,106.3630,87.1147,65.0713,43.2698,27.8824,18.7827,9.1806
88.686,3.346268458036475e-09,0.9644786946774209,7.725225961152373e-29,3,131.584,0.0954949,0.033405,12892.9,0.0,7.9448,18.4714,30.9892,61.2177,149.0930,200.0000,200.0000,200.0000,200.0000,196.8030,156.0570,129.2970,104.2770,85.4051,63.7935,42.4195,27.3344,18.4134,9.0000
88.797,1.096505248329392e-09,0.9646215407812723,1.2983787272908795e-29,3,136.412,0.0727047,0.033406,13345.6,0.0,8.1449,18.9369,31.7702,62.7608,152.8540,200.0000,200.0000,200.0000,200.0000,192.7030,152.8060,126.6050,102.1060,83.6273,62.4658,41.5368,26.7657,18.0303,8.8128
88.901,3.593028397725752e-10,0.9668443153894573,2.1821851269577817e-30,3,141.271,0.0490928,0.033405,13730.3,0.0,8.3523,19.4190,32.5790,64.3583,156.7440,200.0000,200.0000,200.0000,200.0000,188.4670,149.4450,123.8190,99.8599,81.7876,61.0914,40.6228,26.1766,17.6335,8.6188
89.015,0.004007654307736354,0.9685605179230673,3.667598542877944e-31,3,146.065,0.0248382,0.0322038,14198.8,0.0,8.5544,19.8368,33.1859,65.1210,155.6090,200.0000,200.0000,200.0000,200.0000,190.9740,150.2730,123.8810,99.4424,81.1596,60.3792,39.9899,25.6960,17.2802,8.4290
89.122,0.0013132281635590483,0.9691228831692806,6.164132871014961e-32,3,150.924,0.000733932,0.0303346,14552.5,0.0,8.7484,20.2049,33.6550,65.3762,151.9110,200.0000,200.0000,200.0000,200.0000,197.9690,153.7550,125.6940,100.1240,81.2496,60.0557,39.5241,25.2835,16.9570,8.2452
89.232,0.00043031860463502896,0.9693071590131599,1.0360058116314846e-32,3,155.656,-0.0231404,0.029597,15049.2,0.0,8.9504,20.6386,34.3193,66.4063,152.6890,200.0000,200.0000,200.0000,200.0000,198.0610,152.9760,124.6170,98.9509,80.1087,59.0565,38.7673,24.7550,16.5848,8.0541
89.342,0.0033786376042730555,0.9693675425216821,1.7412149676090365e-33,4,157.022,-0.0469355,0.0294697,12113.0,0.0,9.1573,21.1099,35.0928,67.8573,155.7450,200.0000,200.0000,200.0000,200.0000,194.0710,149.7470,121.9130,96.7482,78.2938,57.6916,37.8546,24.1646,16.1862,7.8589
89.452,0.007326081373374442,0.9693873289897547,2.926459996060508e-34,4,160.604,-0.0703115,0.027477,12308.4,0.0,9.3421,21.4442,35.4877,67.9168,151.7320,200.0000,200.0000,200.0000,200.0000,200.0000,154.1110,124.1930,97.6622,78.5099,57.4255,37.4141,23.7665,15.8730,7.6806
89.566,0.009177505606833586,0.9704780313696127,4.918501315378896e-35,4,164.035,-0.0923523,0.0237996,12630.3,0.0,9.4976,21.6325,35.5092,66.7325,142.4890,200.0000,200.0000,200.0000,200.0000,200.0000,167.4600,132.0500,101.8970,80.8211,58.2596,37.4403,23.5620,15.6501,7.5247
89.675,0.013105906852897229,0.9711064874129447,8.266525160757311e-36,4,167.477,-0.111778,0.0193574,12881.6,0.0,9.6218,21.7140,35.3059,64.9945,132.2640,200.0000,200.0000,200.0000,200.0000,200.0000,189.7890,144.8080,108.7430,84.6609,59.8448,37.7810,23.4973,15.5009,7.3951
89.782,0.004294543557557364,0.9731209569985987,1.3893548837684817e-36,4,170.934,-0.127472,0.0143258,13073.4,0.0,9.7070,21.6829,34.8921,62.8476,121.9790,200.0000,200.0000,200.0000,200.0000,200.0000,200.0000,164.7650,119.0300,90.3762,62.2939,38.4726,23.5922,15.4393,7.2998
89.892,0.0014072360329403968,0.9737810583924258,2.3350887531496877e-37,4,174.317,-0.140361,0.0127961,13326.6,0.0,9.8025,21.8291,35.0201,62.6809,120.0670,200.0000,200.0000,200.0000,200.0000,200.0000,200.0000,170.5370,121.4920,91.4516,62.5075,38.3311,23.4010,15.2761,7.2027
90.002,0.0004611231032739092,0.973997360417155,3.924583667418679e-38,4,177.62,-0.152077,0.0123731,13636.4,0.0,9.8989,22.0251,35.3048,63.0816,120.4080,200.0000,200.0000,200.0000,200.0000,200.0000,200.0000,170.5970,121.0410,90.8865,61.9722,37.9270,23.1254,15.0857,7.1075
90.112,0.00015110081848079457,0.9740682382646182,6.596047769830574e-39,4,180.962,-0.163492,0.0123159,13861.3,0.0,9.9964,22.2395,35.6444,63.6736,121.4800,200.0000,200.0000,200.0000,200.0000,200.0000,200.0000,168.6240,119.5760,89.7546,61.1807,37.4322,22.8199,14.8850,7.0122
90.220,4.9512716199786776e-05,0.9740914635176752,1.1085977486754246e-39,4,184.268,-0.174989,0.0123321,14085.4,0.0,10.0954,22.4604,35.9997,64.3125,122.7160,200.0000,200.0000,200.0000,200.0000,200.0000,200.0000,166.2140,117.8850,88.4946,60.3277,36.9132,22.5045,14.6798,6.9157
90.330,1.6224326844346133e-05,0.9740990739685967,1.8632202361987867e-40,4,187.501,-0.186671,0.0123331,14356.8,0.0,10.1958,22.6838,36.3578,64.9525,123.9390,200.0000,200.0000,200.0000,200.0000,200.0000,200.0000,163.8550,116.2140,87.2400,59.4727,36.3902,22.1858,14.4719,6.8178
90.442,5.3163874203553415e-06,0.9757956595580297,3.131514250979301e-41,4,190.729,-0.198552,0.0123336,14592.5,0.0,10.2978,22.9109,36.7218,65.6031,125.1790,200.0000,200.0000,200.0000,200.0000,200.0000,200.0000,161.4610,114.5150,85.9656,58.6036,35.8586,21.8617,14.2604,6.7182
90.555,1.7420738299020385e-06,0.9774358154739752,5.263136001620911e-42,4,193.945,-0.210636,0.0123326,14814.5,0.0,10.4017,23.1418,37.0919,66.2639,126.4400,200.0000,200.0000,200.0000,200.0000,200.0000,200.0000,159.0290,112.7910,84.6702,57.7207,35.3181,21.5321,14.0455,6.6169
90.661,5.708427525823e-07,0.9783587617645122,8.845752677924265e-43,5,197.131,-0.222919,0.0123321,15041.2,0.0,10.5072,23.3765,37.4681,66.9356,127.7210,200.0000,200.0000,200.0000,200.0000,200.0000,200.0000,156.5600,111.0380,83.3542,56.8232,34.7688,21.1972,13.8269,6.5139
90.771,0.009345230229378165,0.9786611928049953,1.4867056525787312e-43,5,197.347,-0.235155,0.0112926,13503.4,0.0,10.6010,23.5365,37.6470,66.9741,126.7100,200.0000,200.0000,200.0000,200.0000,200.0000,196.9720,159.6650,112.0610,83.5927,56.6436,34.4863,20.9600,13.6488,6.4179
90.881,0.0030622450415626373,0.9787602934083408,2.4987061902890734e-44,5,199.932,-0.245379,0.00758856,13663.4,0.0,10.6485,23.4694,37.2714,65.3550,120.1640,200.0000,200.0000,200.0000,200.0000,200.0000,196.9810,179.6410,121.5480,88.4327,58.5549,34.9907,21.0271,13.6076,6.3551
90.993,0.001003436455219245,0.978792766694045,4.1995754940188464e-45,5,202.48,-0.253327,0.00647324,13830.2,0.0,10.7043,23.5410,37.3060,65.1408,118.8040,200.0000,200.0000,200.0000,200.0000,200.0000,192.5990,178.5610,123.9770,89.4473,58.7835,34.9206,20.9114,13.5070,6.2951
91.101,0.00032880605764624217,0.9788034075403046,7.058226532797476e-46,5,205.003,-0.260185,0.00607079,13988.4,0.0,10.7585,23.6416,37.4368,65.2710,118.7000,200.0000,200.0000,200.0000,200.0000,196.1840,187.1850,174.5090,124.2220,89.3435,58.5522,34.7080,20.7574,13.3983,6.2398
91.211,0.00010774316896952063,0.978806894332807,1.1862761333672717e-46,5,207.488,-0.26669,0.00610035,14152.5,0.0,10.8144,23.7657,37.6354,65.6245,119.3680,200.0000,200.0000,200.0000,197.7630,189.8510,181.1850,169.3400,123.0280,88.5054,58.0148,34.3949,20.5721,13.2794,6.1847
91.322,3.530528160793252e-05,0.9788080368849742,1.9937742973503736e-47,5,209.932,-0.273197,0.00611275,14326.2,0.0,10.8701,23.8887,37.8311,65.9689,120.0050,200.0000,200.0000,199.4080,191.1070,183.4610,175.1330,164.0640,121.8930,87.6974,57.4903,34.0863,20.3884,13.1611,6.1298
91.433,0.023645357868583537,0.9788084112764683,3.3509364615567734e-48,5,212.354,-0.279644,0.00500172,14488.0,0.0,10.9129,23.9309,37.8188,65.6768,118.5470,200.0000,200.0000,193.4710,185.3730,177.9370,170.1300,160.2370,124.6830,88.9044,57.8253,34.0776,20.3107,13.0857,6.0821
91.541,0.007748110866377453,0.9788085339570731,5.631918910938471e-49,5,214.743,-0.281811,-0.00401813,14645.2,0.0,10.8331,23.3506,36.3051,61.1083,104.2630,200.0000,200.0000,195.3080,186.7470,178.9190,171.7330,164.3150,150.4940,108.8030,65.5405,36.5551,21.1253,13.3921,6.1187
91.653,0.0025389009686945636,0.9802316112664287,9.465566113614288e-50,5,217.111,-0.277681,-0.00701029,14798.0,0.0,10.7663,23.0775,35.6954,59.5080,99.8865,200.0000,200.0000,191.1030,182.5940,174.8240,167.6990,160.8810,149.3160,118.3660,69.0534,37.7163,21.5565,13.5888,6.1725
91.764,0.0008319470694218347,0.9824386986766583,1.5908776967151534e-50,5,219.457,-0.270285,-0.0078438,14952.7,0.0,10.6952,22.8898,35.3548,58.7863,98.2444,200.0000,197.5970,184.6210,176.3650,168.8270,161.9200,155.4330,144.9100,122.3620,70.6982,38.3791,21.8660,13.7621,6.2410
91.870,0.010060225694208147,0.9831619170792424,2.673788144869159e-51,6,220.469,-0.261501,-0.00908882,13754.3,0.0,10.6082,22.6516,34.9135,57.8294,96.0287,200.0000,191.0840,178.4480,170.4150,163.0850,156.3720,150.1650,140.6080,124.7760,73.0138,39.2667,22.2648,13.9796,6.3241
91.983,0.0032965347554781256,0.9833989012854012,4.493835735081596e-52,6,221.35,-0.249754,-0.0136498,13789.3,0.0,10.4627,22.1559,33.8927,55.3783,89.9468,200.0000,188.2230,175.4530,167.3570,159.9870,153.2500,147.0670,138.6440,126.7470,80.1917,41.5608,23.1389,14.3986,6.4547
92.091,0.0010802085086750722,0.9834765562700752,7.552789719951639e-53,6,223.227,-0.234641,-0.0147412,13910.4,0.0,10.3252,21.8218,33.3225,54.2750,87.7148,198.0220,181.4010,169.0160,161.1700,154.0310,147.5090,141.5280,133.6420,123.1450,83.4274,42.8272,23.7357,14.7376,6.5922
92.200,0.0003539627241226476,0.9835020022554533,1.269397368232272e-53,6,225.087,-0.217985,-0.0151146,14022.6,0.0,10.1822,21.5051,32.8192,53.3981,86.1520,189.6740,173.7180,161.8310,154.3030,147.4550,141.2000,135.4640,128.0320,118.5650,85.8244,43.9113,24.2983,15.0755,6.7382
92.310,0.00011598650544050917,0.9835103403959419,2.1334761567879798e-54,6,226.925,-0.200721,-0.0150779,14134.0,0.0,10.0382,21.2025,32.3592,52.6552,84.9675,180.7420,165.5400,154.2150,147.0430,140.5190,134.5590,129.0930,122.0830,113.4730,87.6594,44.8654,24.8300,15.4065,6.8867
92.423,3.800645810274604e-05,0.9835130726378172,3.5857333767135585e-55,6,228.74,-0.183242,-0.0150674,14244.3,0.0,9.8922,20.8944,31.8897,51.8929,83.7409,171.7740,157.3270,146.5650,139.7490,133.5490,127.8850,122.6910,116.0760,108.2400,88.5530,45.8418,25.3716,15.7429,7.0373
92.533,1.2453956191107822e-05,0.9835139679388349,6.026542086242479e-56,6,230.531,-0.16562,-0.0150679,14353.0,0.0,9.7449,20.5832,31.4147,51.1198,84.3720,162.7490,149.0620,138.8640,132.4070,126.5320,121.1660,116.2440,110.0010,102.8710,86.5915,46.8311,25.9191,16.0826,7.1891
92.641,4.08091236470221e-06,0.9835142613110724,1.0128809284347735e-56,6,232.297,-0.147858,-0.0150688,14460.8,0.0,9.5964,20.2695,30.9358,50.3404,185.7270,153.6550,140.7320,131.1040,125.0080,119.4610,114.3950,109.7480,103.8560,97.3710,83.4609,47.8286,26.4710,16.4250,7.3421
92.750,1.3372333636656202e-06,0.9835143574432872,1.7023489764203243e-57,6,234.04,-0.129961,-0.0150703,14567.4,0.0,9.4467,19.9534,30.4533,49.5551,174.6510,144.4910,132.3390,123.2860,117.5530,112.3370,107.5730,103.2030,97.6623,91.7521,79.6873,48.8336,27.0271,16.7701,7.4963
92.862,4.3818462860595046e-07,0.9839962639438913,2.861137924669639e-58,6,235.761,-0.111931,-0.0150712,14672.7,0.0,9.2960,19.6350,29.9672,48.7639,163.4930,135.2600,123.8840,115.4090,110.0420,105.1600,100.7000,96.6094,91.4225,86.0231,75.4803,49.8463,27.5874,17.1177,7.6517
92.970,1.4358433910159788e-07,0.9840578000660093,4.808714509992263e-59,6,237.461,-0.0937672,-0.0150726,14776.7,0.0,9.1441,19.3142,29.4776,47.9670,152.2540,125.9610,115.3670,107.4750,102.4770,97.9301,93.7766,89.9676,85.1371,80.1911,70.9503,50.7643,28.1518,17.4678,7.8082
93.084,4.7049716236811595e-08,0.983692464222505,8.082006476943996e-60,6,239.136,-0.075471,-0.0150741,14879.7,0.0,8.9912,18.9910,28.9843,48.1769,140.9340,116.5960,106.7900,99.4840,94.8577,90.6490,86.8042,83.2782,78.8072,74.2625,66.1627,49.8874,28.7204,17.8206,7.9659
93.192,1.541725101647842e-08,0.9835727509733054,1.3583428285799775e-60,6,240.791,-0.0570457,-0.015075,14981.5,0.0,8.8371,18.6656,28.4875,200.0000,129.5350,107.1650,98.1520,91.4373,87.1850,83.3167,79.7829,76.5421,72.4326,68.2568,61.1608,47.6640,29.2930,18.1758,8.1246
93.303,5.051924813079649e-09,0.9842864530233078,2.282966791994368e-61,6,242.424,-0.0384945,-0.0150765,15081.5,0.0,8.6820,18.3379,27.9944,200.0000,118.0580,97.6696,89.4551,83.3354,79.4598,75.9342,72.7135,69.7600,66.0145,62.2087,55.9751,44.6655,29.7609,18.5335,8.2845
93.411,1.6554147227499395e-09,0.9865456997704275,3.8369822873049355e-62,6,244.042,-0.019815,-0.0150779,15180.1,0.0,8.5258,18.0080,28.6485,183.4360,106.5030,88.1105,80.6995,75.1792,71.6828,68.5021,65.5967,62.9322,59.5533,56.1199,50.6278,41.1374,29.0425,18.8936,8.4454
93.521,5.424462963507002e-10,0.9876715097445237,6.448816130273405e-63,6,245.653,-0.00101145,-0.0150793,15275.9,0.0,8.3686,17.9428,34.0209,163.4040,94.8716,78.4877,71.8860,66.9683,63.8541,61.0207,58.4325,56.0590,53.0491,49.9908,45.1358,37.2116,27.3250,18.8658,8.6075
93.632,1.777488023881974e-10,0.9889815772662105,1.0838525270150515e-63,6,247.249,0.017916,-0.0150808,15371.1,0.0,8.2218,19.2910,110.6760,143.2410,83.1644,68.8020,63.0150,58.7040,55.9738,53.4903,51.2217,49.1407,46.5024,43.8214,39.5656,32.9690,24.9250,17.9482,8.7506
93.987,9.100738682275708e-11,0.9909064679509247,3.717614167661627e-64,6,247.876,0.0255208,-0.0150803,15422.6,0.0,8.2465,20.4945,149.4310,135.1380,78.4600,64.9100,59.4505,55.3832,52.8076,50.4645,48.3240,46.3611,43.8720,41.3426,37.3276,31.1959,23.8150,17.3843,8.7186
94.087,1.3724044084948362e-44,1.4943011248860907e-34,3.232066438170238e-118,6,247.876,0.0255208,-0.0150803,15422.6,0.0,8.2465,20.4945,149.4310,135.1380,78.4600,64.9100,59.4505,55.3832,52.8076,50.4645,48.3240,46.3611,43.8720,41.3426,37.3276,31.1959,23.8150,17.3843,8.7186
94.187,1.0596380032663045e-78,1.1537548629630787e-68,9.638076399116403e-173,6,247.876,0.0255208,-0.0150803,15422.6,0.0,8.2465,20.4945,149.4310,135.1380,78.4600,64.9100,59.4505,55.3832,52.8076,50.4645,48.3240,46.3611,43.8720,41.3426,37.3276,31.1959,23.8150,17.3843,8.7186
94.287,6.608963251355537e-110,7.195970196323186e-100,1.2751440511049399e-222,6,247.876,0.0255208,-0.0150803,15422.6,0.0,8.2465,20.4945,149.4310,135.1380,78.4600,64.9100,59.4505,55.3832,52.8076,50.4645,48.3240,46.3611,43.8720,41.3426,37.3276,31.1959,23.8150,17.3843,8.7186
94.387,3.3084622418859457e-163,3.6023192719960663e-153,8.118602103991296e-308,6,247.876,0.0255208,-0.0150803,15422.6,0.0,8.2465,20.4945,149.4310,135.1380,78.4600,64.9100,59.4505,55.3832,52.8076,50.4645,48.3240,46.3611,43.8720,41.3426,37.3276,31.1959,23.8150,17.3843,8.7186
94.487,3.839547252825487e-209,4.180575159506265e-199,5e-324,6,247.876,0.0255208,-0.0150803,15422.6,0.0,8.2465,20.4945,149.4310,135.1380,78.4600,64.9100,59.4505,55.3832,52.8076,50.4645,48.3240,46.3611,43.8720,41.3426,37.3276,31.1959,23.8150,17.3843,8.7186
94.587,1.3598278013897176e-254,1.48060746576629e-244,5e-324,6,247.876,0.0255208,-0.0150803,15422.6,0.0,8.2465,20.4945,149.4310,135.1380,78.4600,64.9100,59.4505,55.3832,52.8076,50.4645,48.3240,46.3611,43.8720,41.3426,37.3276,31.1959,23.8150,17.3843,8.7186
94.687,1.7109921749255779e-298,1.8629621967380826e-288,5e-324,6,247.876,0.0255208,-0.0150803,15422.6,0.0,8.2465,20.4945,149.4310,135.1380,78.4600,64.9100,59.4505,55.3832,52.8076,50.4645,48.3240,46.3611,43.8720,41.3426,37.3276,31.1959,23.8150,17.3843,8.7186
94.788,1e-323,1e-323,5e-324,6,247.876,0.0255208,-0.0150803,15422.6,0.0,8.2465,20.4945,149.4310,135.1380,78.4600,64.9100,59.4505,55.3832,52.8076,50.4645,48.3240,46.3611,43.8720,41.3426,37.3276,31.1959,23.8150,17.3843,8.7186
94.888,1e-323,1e-323,5e-324,6,247.876,0.0255208,-0.0150803,15422.6,0.0,8.2465,20.4945,149.4310,135.1380,78.4600,64.9100,59.4505,55.3832,52.8076,50.4645,48.3240,46.3611,43.8720,41.3426,37.3276,31.1959,23.8150,17.3843,8.7186
94.988,1e-323,1e-323,5e-324,6,247.876,0.0255208,-0.0150803,15422.6,0.0,8.2465,20.4945,149.4310,135.1380,78.4600,64.9100,59.4505,55.3832,52.8076,50.4645,48.3240,46.3611,43.8720,41.3426,37.3276,31.1959,23.8150,17.3843,8.7186
95.088,1e-323,1e-323,5e-324,6,247.876,0.0255208,-0.0150803,15422.6,0.0,8.2465,20.4945,149.4310,135.1380,78.4600,64.9100,59.4505,55.3832,52.8076,50.4645,48.3240,46.3611,43.8720,41.3426,37.3276,31.1959,23.8150,17.3843,8.7186
95.188,1e-323,1e-323,5e-324,6,247.876,0.0255208,-0.0150803,15422.6,0.0,8.2465,20.4945,149.4310,135.1380,78.4600,64.9100,59.4505,55.3832,52.8076,50.4645,48.3240,46.3611,43.8720,41.3426,37.3276,31.1959,23.8150,17.3843,8.7186
95.288,1e-323,1e-323,5e-324,6,247.876,0.0255208,-0.0150803,15422.6,0.0,8.2465,20.4945,149.4310,135.1380,78.4600,64.9100,59.4505,55.3832,52.8076,50.4645,48.3240,46.3611,43.8720,41.3426,37.3276,31.1959,23.8150,17.3843,8.7186
95.388,1e-323,1e-323,5e-324,6,247.876,0.0255208,-0.0150803,15422.6,0.0,8.2465,20.4945,149.4310,135.1380,78.4600,64.9100,59.4505,55.3832,52.8076,50.4645,48.3240,46.3611,43.8720,41.3426,37.3276,31.1959,23.8150,17.3843,8.7186
95.488,1e-323,1e-323,5e-324,6,247.876,0.0255208,-0.0150803,15422.6,0.0,8.2465,20.4945,149.4310,135.1380,78.4600,64.9100,59.4505,55.3832,52.8076,50.4645,48.3240,46.3611,43.8720,41.3426,37.3276,31.1959,23.8150,17.3843,8.7186
95.588,1e-323,1e-323,5e-324,6,247.876,0.0255208,-0.0150803,15422.6,0.0,8.2465,20.4945,149.4310,135.1380,78.4600,64.9100,59.4505,55.3832,52.8076,50.4645,48.3240,46.3611,43.8720,41.3426,37.3276,31.1959,23.8150,17.3843,8.7186
95.689,1e-323,1e-323,5e-324,6,247.876,0.0255208,-0.0150803,15422.6,0.0,8.2465,20.4945,149.4310,135.1380,78.4600,64.9100,59.4505,55.3832,52.8076,50.4645,48.3240,46.3611,43.8720,41.3426,37.3276,31.1959,23.8150,17.3843,8.7186
95.789,1e-323,1e-323,5e-324,6,247.876,0.0255208,-0.0150803,15422.6,0.0,8.2465,20.4945,149.4310,135.1380,78.4600,64.9100,59.4505,55.3832,52.8076,50.4645,48.3240,46.3611,43.8720,41.3426,37.3276,31.1959,23.8150,17.3843,8.7186
95.889,1e-323,1e-323,5e-324,6,247.876,0.0255208,-0.0150803,15422.6,0.0,8.2465,20.4945,149.4310,135.1380,78.4600,64.9100,59.4505,55.3832,52.8076,50.4645,48.3240,46.3611,43.8720,41.3426,37.3276,31.1959,23.8150,17.3843,8.7186
95.989,1e-323,1e-323,5e-324,6,247.876,0.0255208,-0.0150803,15422.6,0.0,8.2465,20.4945,149.4310,135.1380,78.4600,64.9100,59.4505,55.3832,52.8076,50.4645,48.3240,46.3611,43.8720,41.3426,37.3276,31.1959,23.8150,17.3843,8.7186
96.089,1e-323,1e-323,5e-324,6,247.876,0.0255208,-0.0150803,15422.6,0.0,8.2465,20.4945,149.4310,135.1380,78.4600,64.9100,59.4505,55.3832,52.8076,50.4645,48.3240,46.3611,43.8720,41.3426,37.3276,31.1959,23.8150,17.3843,8.7186
96.189,1e-323,1e-323,5e-324,6,247.876,0.0255208,-0.0150803,15422.6,0.0,8.2465,20.4945,149.4310,135.1380,78.4600,64.9100,59.4505,55.3832,52.8076,50.4645,48.3240,46.3611,43.8720,41.3426,37.3276,31.1959,23.8150,17.3843,8.7186
96.290,1e-323,1e-323,5e-324,6,247.876,0.0255208,-0.0150803,15422.6,0.0,8.2465,20.4945,149.4310,135.1380,78.4600,64.9100,59.4505,55.3832,52.8076,50.4645,48.3240,46.3611,43.8720,41.3426,37.3276,31.1959,23.8150,17.3843,8.7186
96.390,1e-323,1e-323,5e-324,6,247.876,0.0255208,-0.0150803,15422.6,0.0,8.2465,20.4945,149.4310,135.1380,78.4600,64.9100,59.4505,55.3832,52.8076,50.4645,48.3240,46.3611,43.8720,41.3426,37.3276,31.1959,23.8150,17.3843,8.7186
96.490,1e-323,1e-323,5e-324,6,247.876,0.0255208,-0.0150803,15422.6,0.0,8.2465,20.4945,149.4310,135.1380,78.4600,64.9100,59.4505,55.3832,52.8076,50.4645,48.3240,46.3611,43.8720,41.3426,37.3276,31.1959,23.8150,17.3843,8.7186
96.590,1e-323,1e-323,5e-324,6,247.876,0.0255208,-0.0150803,15422.6,0.0,8.2465,20.4945,149.4310,135.1380,78.4600,64.9100,59.4505,55.3832,52.8076,50.4645,48.3240,46.3611,43.8720,41.3426,37.3276,31.1959,23.8150,17.3843,8.7186
96.690,1e-323,1e-323,5e-324,6,247.876,0.0255208,-0.0150803,15422.6,0.0,8.2465,20.4945,149.4310,135.1380,78.4600,64.9100,59.4505,55.3832,52.8076,50.4645,48.3240,46.3611,43.8720,41.3426,37.3276,31.1959,23.8150,17.3843,8.7186
96.790,1e-323,1e-323,5e-324,6,247.876,0.0255208,-0.0150803,15422.6,0.0,8.2465,20.4945,149.4310,135.1380,78.4600,64.9100,59.4505,55.3832,52.8076,50.4645,48.3240,46.3611,43.8720,41.3426,37.3276,31.1959,23.8150,17.3843,8.7186
96.890,1e-323,1e-323,5e-324,6,247.876,0.0255208,-0.0150803,15422.6,0.0,8.2465,20.4945,149.4310,135.1380,78.4600,64.9100,59.4505,55.3832,52.8076,50.4645,48.3240,46.3611,43.8720,41.3426,37.3276,31.1959,23.8150,17.3843,8.7186
96.990,1e-323,1e-323,5e-324,6,247.876,0.0255208,-0.0150803,15422.6,0.0,8.2465,20.4945,149.4310,135.1380,78.4600,64.9100,59.4505,55.3832,52.8076,50.4645,48.3240,46.3611,43.8720,41.3426,37.3276,31.1959,23.8150,17.3843,8.7186
97.090,1e-323,1e-323,5e-324,6,247.876,0.0255208,-0.0150803,15422.6,0.0,8.2465,20.4945,149.4310,135.1380,78.4600,64.9100,59.4505,55.3832,52.8076,50.4645,48.3240,46.3611,43.8720,41.3426,37.3276,31.1959,23.8150,17.3843,8.7186
97.191,1e-323,1e-323,5e-324,6,247.876,0.0255208,-0.0150803,15422.6,0.0,8.2465,20.4945,149.4310,135.1380,78.4600,64.9100,59.4505,55.3832,52.8076,50.4645,48.3240,46.3611,43.8720,41.3426,37.3276,31.1959,23.8150,17.3843,8.7186
97.291,1e-323,1e-323,5e-324,6,247.876,0.0255208,-0.0150803,15422.6,0.0,8.2465,20.4945,149.4310,135.1380,78.4600,64.9100,59.4505,55.3832,52.8076,50.4645,48.3240,46.3611,43.8720,41.3426,37.3276,31.1959,23.8150,17.3843,8.7186
97.391,1e-323,1e-323,5e-324,6,247.876,0.0255208,-0.0150803,15422.6,0.0,8.2465,20.4945,149.4310,135.1380,78.4600,64.9100,59.4505,55.3832,52.8076,50.4645,48.3240,46.3611,43.8720,41.3426,37.3276,31.1959,23.8150,17.3843,8.7186
97.491,1e-323,1e-323,5e-324,6,247.876,0.0255208,-0.0150803,15422.6,0.0,8.2465,20.4945,149.4310,135.1380,78.4600,64.9100,59.4505,55.3832,52.8076,50.4645,48.3240,46.3611,43.8720,41.3426,37.3276,31.1959,23.8150,17.3843,8.7186
97.591,1e-323,1e-323,5e-324,6,247.876,0.0255208,-0.0150803,15422.6,0.0,8.2465,20.4945,149.4310,135.1380,78.4600,64.9100,59.4505,55.3832,52.8076,50.4645,48.3240,46.3611,43.8720,41.3426,37.3276,31.1959,23.8150,17.3843,8.7186
97.692,1e-323,1e-323,5e-324,6,247.876,0.0255208,-0.0150803,15422.6,0.0,8.2465,20.4945,149.4310,135.1380,78.4600,64.9100,59.4505,55.3832,52.8076,50.4645,48.3240,46.3611,43.8720,41.3426,37.3276,31.1959,23.8150,17.3843,8.7186
97.792,1e-323,1e-323,5e-324,6,247.876,0.0255208,-0.0150803,15422.6,0.0,8.2465,20.4945,149.4310,135.1380,78.4600,64.9100,59.4505,55.3832,52.8076,50.4645,48.3240,46.3611,43.8720,41.3426,37.3276,31.1959,23.8150,17.3843,8.7186
97.892,1e-323,1e-323,5e-324,6,247.876,0.0255208,-0.0150803,15422.6,0.0,8.2465,20.4945,149.4310,135.1380,78.4600,64.9100,59.4505,55.3832,52.8076,50.4645,48.3240,46.3611,43.8720,41.3426,37.3276,31.1959,23.8150,17.3843,8.7186
97.992,1e-323,1e-323,5e-324,6,247.876,0.0255208,-0.0150803,15422.6,0.0,8.2465,20.4945,149.4310,135.1380,78.4600,64.9100,59.4505,55.3832,52.8076,50.4645,48.3240,46.3611,43.8720,41.3426,37.3276,31.1959,23.8150,17.3843,8.7186
98.092,1e-323,1e-323,5e-324,6,247.876,0.0255208,-0.0150803,15422.6,0.0,8.2465,20.4945,149.4310,135.1380,78.4600,64.9100,59.4505,55.3832,52.8076,50.4645,48.3240,46.3611,43.8720,41.3426,37.3276,31.1959,23.8150,17.3843,8.7186
98.192,1e-323,1e-323,5e-324,6,247.876,0.0255208,-0.0150803,15422.6,0.0,8.2465,20.4945,149.4310,135.1380,78.4600,64.9100,59.4505,55.3832,52.8076,50.4645,48.3240,46.3611,43.8720,41.3426,37.3276,31.1959,23.8150,17.3843,8.7186
98.292,1e-323,1e-323,5e-324,6,247.876,0.0255208,-0.0150803,15422.6,0.0,8.2465,20.4945,149.4310,135.1380,78.4600,64.9100,59.4505,55.3832,52.8076,50.4645,48.3240,46.3611,43.8720,41.3426,37.3276,31.1959,23.8150,17.3843,8.7186
98.393,1e-323,1e-323,5e-324,6,247.876,0.0255208,-0.0150803,15422.6,0.0,8.2465,20.4945,149.4310,135.1380,78.4600,64.9100,59.4505,55.3832,52.8076,50.4645,48.3240,46.3611,43.8720,41.3426,37.3276,31.1959,23.8150,17.3843,8.7186
98.493,1e-323,1e-323,5e-324,6,247.876,0.0255208,-0.0150803,15422.6,0.0,8.2465,20.4945,149.4310,135.1380,78.4600,64.9100,59.4505,55.3832,52.8076,50.4645,48.3240,46.3611,43.8720,41.3426,37.3276,31.1959,23.8150,17.3843,8.7186
98.593,1e-323,1e-323,5e-324,6,247.876,0.0255208,-0.0150803,15422.6,0.0,8.2465,20.4945,149.4310,135.1380,78.4600,64.9100,59.4505,55.3832,52.8076,50.4645,48.3240,46.3611,43.8720,41.3426,37.3276,31.1959,23.8150,17.3843,8.7186
98.694,1e-323,1e-323,5e-324,6,247.876,0.0255208,-0.0150803,15422.6,0.0,8.2465,20.4945,149.4310,135.1380,78.4600,64.9100,59.4505,55.3832,52.8076,50.4645,48.3240,46.3611,43.8720,41.3426,37.3276,31.1959,23.8150,17.3843,8.7186
98.794,1e-323,1e-323,5e-324,6,247.876,0.0255208,-0.0150803,15422.6,0.0,8.2465,20.4945,149.4310,135.1380,78.4600,64.9100,59.4505,55.3832,52.8076,50.4645,48.3240,46.3611,43.8720,41.3426,37.3276,31.1959,23.8150,17.3843,8.7186
98.894,1e-323,1e-323,5e-324,6,247.876,0.0255208,-0.0150803,15422.6,0.0,8.2465,20.4945,149.4310,135.1380,78.4600,64.9100,59.4505,55.3832,52.8076,50.4645,48.3240,46.3611,43.8720,41.3426,37.3276,31.1959,23.8150,17.3843,8.7186
98.994,1e-323,1e-323,5e-324,6,247.876,0.0255208,-0.0150803,15422.6,0.0,8.2465,20.4945,149.4310,135.1380,78.4600,64.9100,59.4505,55.3832,52.8076,50.4645,48.3240,46.3611,43.8720,41.3426,37.3276,31.1959,23.8150,17.3843,8.7186
99.094,1e-323,1e-323,5e-324,6,247.876,0.0255208,-0.0150803,15422.6,0.0,8.2465,20.4945,149.4310,135.1380,78.4600,64.9100,59.4505,55.3832,52.8076,50.4645,48.3240,46.3611,43.8720,41.3426,37.3276,31.1959,23.8150,17.3843,8.7186
99.194,1e-323,1e-323,5e-324,6,247.876,0.0255208,-0.0150803,15422.6,0.0,8.2465,20.4945,149.4310,135.1380,78.4600,64.9100,59.4505,55.3832,52.8076,50.4645,48.3240,46.3611,43.8720,41.3426,37.3276,31.1959,23.8150,17.3843,8.7186
99.294,1e-323,1e-323,5e-324,6,247.876,0.0255208,-0.0150803,15422.6,0.0,8.2465,20.4945,149.4310,135.1380,78.4600,64.9100,59.4505,55.3832,52.8076,50.4645,48.3240,46.3611,43.8720,41.3426,37.3276,31.1959,23.8150,17.3843,8.7186
99.395,1e-323,1e-323,5e-324,6,247.876,0.0255208,-0.0150803,15422.6,0.0,8.2465,20.4945,149.4310,135.1380,78.4600,64.9100,59.4505,55.3832,52.8076,50.4645,48.3240,46.3611,43.8720,41.3426,37.3276,31.1959,23.8150,17.3843,8.7186
99.495,1e-323,1e-323,5e-324,6,247.876,0.0255208,-0.0150803,15422.6,0.0,8.2465,20.4945,149.4310,135.1380,78.4600,64.9100,59.4505,55.3832,52.8076,50.4645,48.3240,46.3611,43.8720,41.3426,37.3276,31.1959,23.8150,17.3843,8.7186
99.595,1e-323,1e-323,5e-324,6,247.876,0.0255208,-0.0150803,15422.6,0.0,8.2465,20.4945,149.4310,135.1380,78.4600,64.9100,59.4505,55.3832,52.8076,50.4645,48.3240,46.3611,43.8720,41.3426,37.3276,31.1959,23.8150,17.3843,8.7186
99.695,1e-323,1e-323,5e-324,6,247.876,0.0255208,-0.0150803,15422.6,0.0,8.2465,20.4945,149.4310,135.1380,78.4600,64.9100,59.4505,55.3832,52.8076,50.4645,48.3240,46.3611,43.8720,41.3426,37.3276,31.1959,23.8150,17.3843,8.7186
99.796,1e-323,1e-323,5e-324,6,247.876,0.0255208,-0.0150803,15422.6,0.0,8.2465,20.4945,149.4310,135.1380,78.4600,64.9100,59.4505,55.3832,52.8076,50.4645,48.3240,46.3611,43.8720,41.3426,37.3276,31.1959,23.8150,17.3843,8.7186
99.896,1e-323,1e-323,5e-324,6,247.876,0.0255208,-0.0150803,15422.6,0.0,8.2465,20.4945,149.4310,135.1380,78.4600,64.9100,59.4505,55.3832,52.8076,50.4645,48.3240,46.3611,43.8720,41.3426,37.3276,31.1959,23.8150,17.3843,8.7186
99.996,1e-323,1e-323,5e-324,6,247.876,0.0255208,-0.0150803,15422.6,0.0,8.2465,20.4945,149.4310,135.1380,78.4600,64.9100,59.4505,55.3832,52.8076,50.4645,48.3240,46.3611,43.8720,41.3426,37.3276,31.1959,23.8150,17.3843,8.7186
100.096,1e-323,1e-323,5e-324,6,247.876,0.0255208,-0.0150803,15422.6,0.0,8.2465,20.4945,149.4310,135.1380,78.4600,64.9100,59.4505,55.3832,52.8076,50.4645,48.3240,46.3611,43.8720,41.3426,37.3276,31.1959,23.8150,17.3843,8.7186
100.196,1e-323,1e-323,5e-324,6,247.876,0.0255208,-0.0150803,15422.6,0.0,8.2465,20.4945,149.4310,135.1380,78.4600,64.9100,59.4505,55.3832,52.8076,50.4645,48.3240,46.3611,43.8720,41.3426,37.3276,31.1959,23.8150,17.3843,8.7186
100.296,1e-323,1e-323,5e-324,6,247.876,0.0255208,-0.0150803,15422.6,0.0,8.2465,20.4945,149.4310,135.1380,78.4600,64.9100,59.4505,55.3832,52.8076,50.4645,48.3240,46.3611,43.8720,41.3426,37.3276,31.1959,23.8150,17.3843,8.7186
100.396,1e-323,1e-323,5e-324,6,247.876,0.0255208,-0.0150803,15422.6,0.0,8.2465,20.4945,149.4310,135.1380,78.4600,64.9100,59.4505,55.3832,52.8076,50.4645,48.3240,46.3611,43.8720,41.3426,37.3276,31.1959,23.8150,17.3843,8.7186
100.496,1e-323,1e-323,5e-324,6,247.876,0.0255208,-0.0150803,15422.6,0.0,8.2465,20.4945,149.4310,135.1380,78.4600,64.9100,59.4505,55.3832,52.8076,50.4645,48.3240,46.3611,43.8720,41.3426,37.3276,31.1959,23.8150,17.3843,8.7186
100.597,1e-323,1e-323,5e-324,6,247.876,0.0255208,-0.0150803,15422.6,0.0,8.2465,20.4945,149.4310,135.1380,78.4600,64.9100,59.4505,55.3832,52.8076,50.4645,48.3240,46.3611,43.8720,41.3426,37.3276,31.1959,23.8150,17.3843,8.7186
100.698,1e-323,1e-323,5e-324,6,247.876,0.0255208,-0.0150803,15422.6,0.0,8.2465,20.4945,149.4310,135.1380,78.4600,64.9100,59.4505,55.3832,52.8076,50.4645,48.3240,46.3611,43.8720,41.3426,37.3276,31.1959,23.8150,17.3843,8.7186
100.798,1e-323,1e-323,5e-324,6,247.876,0.0255208,-0.0150803,15422.6,0.0,8.2465,20.4945,149.4310,135.1380,78.4600,64.9100,59.4505,55.3832,52.8076,50.4645,48.3240,46.3611,43.8720,41.3426,37.3276,31.1959,23.8150,17.3843,8.7186
100.899,1e-323,1e-323,5e-324,6,247.876,0.0255208,-0.0150803,15422.6,0.0,8.2465,20.4945,149.4310,135.1380,78.4600,64.9100,59.4505,55.3832,52.8076,50.4645,48.3240,46.3611,43.8720,41.3426,37.3276,31.1959,23.8150,17.3843,8.7186
100.999,1e-323,1e-323,5e-324,6,247.876,0.0255208,-0.0150803,15422.6,0.0,8.2465,20.4945,149.4310,135.1380,78.4600,64.9100,59.4505,55.3832,52.8076,50.4645,48.3240,46.3611,43.8720,41.3426,37.3276,31.1959,23.8150,17.3843,8.7186
101.099,1e-323,1e-323,5e-324,6,247.876,0.0255208,-0.0150803,15422.6,0.0,8.2465,20.4945,149.4310,135.1380,78.4600,64.9100,59.4505,55.3832,52.8076,50.4645,48.3240,46.3611,43.8720,41.3426,37.3276,31.1959,23.8150,17.3843,8.7186
101.200,1e-323,1e-323,5e-324,6,247.876,0.0255208,-0.0150803,15422.6,0.0,8.2465,20.4945,149.4310,135.1380,78.4600,64.9100,59.4505,55.3832,52.8076,50.4645,48.3240,46.3611,43.8720,41.3426,37.3276,31.1959,23.8150,17.3843,8.7186
101.300,1e-323,1e-323,5e-324,6,247.876,0.0255208,-0.0150803,15422.6,0.0,8.2465,20.4945,149.4310,135.1380,78.4600,64.9100,59.4505,55.3832,52.8076,50.4645,48.3240,46.3611,43.8720,41.3426,37.3276,31.1959,23.8150,17.3843,8.7186
101.400,1e-323,1e-323,5e-324,6,247.876,0.0255208,-0.0150803,15422.6,0.0,8.2465,20.4945,149.4310,135.1380,78.4600,64.9100,59.4505,55.3832,52.8076,50.4645,48.3240,46.3611,43.8720,41.3426,37.3276,31.1959,23.8150,17.3843,8.7186
101.500,1e-323,1e-323,5e-324,6,247.876,0.0255208,-0.0150803,15422.6,0.0,8.2465,20.4945,149.4310,135.1380,78.4600,64.9100,59.4505,55.3832,52.8076,50.4645,48.3240,46.3611,43.8720,41.3426,37.3276,31.1959,23.8150,17.3843,8.7186
101.600,1e-323,1e-323,5e-324,6,247.876,0.0255208,-0.0150803,15422.6,0.0,8.2465,20.4945,149.4310,135.1380,78.4600,64.9100,59.4505,55.3832,52.8076,50.4645,48.3240,46.3611,43.8720,41.3426,37.3276,31.1959,23.8150,17.3843,8.7186
101.700,1e-323,1e-323,5e-324,6,247.876,0.0255208,-0.0150803,15422.6,0.0,8.2465,20.4945,149.4310,135.1380,78.4600,64.9100,59.4505,55.3832,52.8076,50.4645,48.3240,46.3611,43.8720,41.3426,37.3276,31.1959,23.8150,17.3843,8.7186
101.800,1e-323,1e-323,5e-324,6,247.876,0.0255208,-0.0150803,15422.6,0.0,8.2465,20.4945,149.4310,135.1380,78.4600,64.9100,59.4505,55.3832,52.8076,50.4645,48.3240,46.3611,43.8720,41.3426,37.3276,31.1959,23.8150,17.3843,8.7186
101.901,1e-323,1e-323,5e-324,6,247.876,0.0255208,-0.0150803,15422.6,0.0,8.2465,20.4945,149.4310,135.1380,78.4600,64.9100,59.4505,55.3832,52.8076,50.4645,48.3240,46.3611,43.8720,41.3426,37.3276,31.1959,23.8150,17.3843,8.7186
102.001,1e-323,1e-323,5e-324,6,247.876,0.0255208,-0.0150803,15422.6,0.0,8.2465,20.4945,149.4310,135.1380,78.4600,64.9100,59.4505,55.3832,52.8076,50.4645,48.3240,46.3611,43.8720,41.3426,37.3276,31.1959,23.8150,17.3843,8.7186
102.101,1e-323,1e-323,5e-324,6,247.876,0.0255208,-0.0150803,15422.6,0.0,8.2465,20.4945,149.4310,135.1380,78.4600,64.9100,59.4505,55.3832,52.8076,50.4645,48.3240,46.3611,43.8720,41.3426,37.3276,31.1959,23.8150,17.3843,8.7186
102.201,1e-323,1e-323,5e-324,6,247.876,0.0255208,-0.0150803,15422.6,0.0,8.2465,20.4945,149.4310,135.1380,78.4600,64.9100,59.4505,55.3832,52.8076,50.4645,48.3240,46.3611,43.8720,41.3426,37.3276,31.1959,23.8150,17.3843,8.7186
102.301,1e-323,1e-323,5e-324,6,247.876,0.0255208,-0.0150803,15422.6,0.0,8.2465,20.4945,149.4310,135.1380,78.4600,64.9100,59.4505,55.3832,52.8076,50.4645,48.3240,46.3611,43.8720,41.3426,37.3276,31.1959,23.8150,17.3843,8.7186
102.401,1e-323,1e-323,5e-324,6,247.876,0.0255208,-0.0150803,15422.6,0.0,8.2465,20.4945,149.4310,135.1380,78.4600,64.9100,59.4505,55.3832,52.8076,50.4645,48.3240,46.3611,43.8720,41.3426,37.3276,31.1959,23.8150,17.3843,8.7186
102.501,1e-323,1e-323,5e-324,6,247.876,0.0255208,-0.0150803,15422.6,0.0,8.2465,20.4945,149.4310,135.1380,78.4600,64.9100,59.4505,55.3832,52.8076,50.4645,48.3240,46.3611,43.8720,41.3426,37.3276,31.1959,23.8150,17.3843,8.7186
102.601,1e-323,1e-323,5e-324,6,247.876,0.0255208,-0.0150803,15422.6,0.0,8.2465,20.4945,149.4310,135.1380,78.4600,64.9100,59.4505,55.3832,52.8076,50.4645,48.3240,46.3611,43.8720,41.3426,37.3276,31.1959,23.8150,17.3843,8.7186
102.701,1e-323,1e-323,5e-324,6,247.876,0.0255208,-0.0150803,15422.6,0.0,8.2465,20.4945,149.4310,135.1380,78.4600,64.9100,59.4505,55.3832,52.8076,50.4645,48.3240,46.3611,43.8720,41.3426,37.3276,31.1959,23.8150,17.3843,8.7186
102.802,1e-323,1e-323,5e-324,6,247.876,0.0255208,-0.0150803,15422.6,0.0,8.2465,20.4945,149.4310,135.1380,78.4600,64.9100,59.4505,55.3832,52.8076,50.4645,48.3240,46.3611,43.8720,41.3426,37.3276,31.1959,23.8150,17.3843,8.7186
102.902,1e-323,1e-323,5e-324,6,247.876,0.0255208,-0.0150803,15422.6,0.0,8.2465,20.4945,149.4310,135.1380,78.4600,64.9100,59.4505,55.3832,52.8076,50.4645,48.3240,46.3611,43.8720,41.3426,37.3276,31.1959,23.8150,17.3843,8.7186
103.002,1e-323,1e-323,5e-324,6,247.876,0.0255208,-0.0150803,15422.6,0.0,8.2465,20.4945,149.4310,135.1380,78.4600,64.9100,59.4505,55.3832,52.8076,50.4645,48.3240,46.3611,43.8720,41.3426,37.3276,31.1959,23.8150,17.3843,8.7186
103.102,1e-323,1e-323,5e-324,6,247.876,0.0255208,-0.0150803,15422.6,0.0,8.2465,20.4945,149.4310,135.1380,78.4600,64.9100,59.4505,55.3832,52.8076,50.4645,48.3240,46.3611,43.8720,41.3426,37.3276,31.1959,23.8150,17.3843,8.7186
103.202,1e-323,1e-323,5e-324,6,247.876,0.0255208,-0.0150803,15422.6,0.0,8.2465,20.4945,149.4310,135.1380,78.4600,64.9100,59.4505,55.3832,52.8076,50.4645,48.3240,46.3611,43.8720,41.3426,37.3276,31.1959,23.8150,17.3843,8.7186
103.302,1e-323,1e-323,5e-324,6,247.876,0.0255208,-0.0150803,15422.6,0.0,8.2465,20.4945,149.4310,135.1380,78.4600,64.9100,59.4505,55.3832,52.8076,50.4645,48.3240,46.3611,43.8720,41.3426,37.3276,31.1959,23.8150,17.3843,8.7186
103.402,1e-323,1e-323,5e-324,6,247.876,0.0255208,-0.0150803,15422.6,0.0,8.2465,20.4945,149.4310,135.1380,78.4600,64.9100,59.4505,55.3832,52.8076,50.4645,48.3240,46.3611,43.8720,41.3426,37.3276,31.1959,23.8150,17.3843,8.7186
103.502,1e-323,1e-323,5e-324,6,247.876,0.0255208,-0.0150803,15422.6,0.0,8.2465,20.4945,149.4310,135.1380,78.4600,64.9100,59.4505,55.3832,52.8076,50.4645,48.3240,46.3611,43.8720,41.3426,37.3276,31.1959,23.8150,17.3843,8.7186
103.603,1e-323,1e-323,5e-324,6,247.876,0.0255208,-0.0150803,15422.6,0.0,8.2465,20.4945,149.4310,135.1380,78.4600,64.9100,59.4505,55.3832,52.8076,50.4645,48.3240,46.3611,43.8720,41.3426,37.3276,31.1959,23.8150,17.3843,8.7186
103.703,1e-323,1e-323,5e-324,6,247.876,0.0255208,-0.0150803,15422.6,0.0,8.2465,20.4945,149.4310,135.1380,78.4600,64.9100,59.4505,55.3832,52.8076,50.4645,48.3240,46.3611,43.8720,41.3426,37.3276,31.1959,23.8150,17.3843,8.7186
103.803,1e-323,1e-323,5e-324,6,247.876,0.0255208,-0.0150803,15422.6,0.0,8.2465,20.4945,149.4310,135.1380,78.4600,64.9100,59.4505,55.3832,52.8076,50.4645,48.3240,46.3611,43.8720,41.3426,37.3276,31.1959,23.8150,17.3843,8.7186
103.903,1e-323,1e-323,5e-324,6,247.876,0.0255208,-0.0150803,15422.6,0.0,8.2465,20.4945,149.4310,135.1380,78.4600,64.9100,59.4505,55.3832,52.8076,50.4645,48.3240,46.3611,43.8720,41.3426,37.3276,31.1959,23.8150,17.3843,8.7186
104.004,1e-323,1e-323,5e-324,6,247.876,0.0255208,-0.0150803,15422.6,0.0,8.2465,20.4945,149.4310,135.1380,78.4600,64.9100,59.4505,55.3832,52.8076,50.4645,48.3240,46.3611,43.8720,41.3426,37.3276,31.1959,23.8150,17.3843,8.7186
104.104,1e-323,1e-323,5e-324,6,247.876,0.0255208,-0.0150803,15422.6,0.0,8.2465,20.4945,149.4310,135.1380,78.4600,64.9100,59.4505,55.3832,52.8076,50.4645,48.3240,46.3611,43.8720,41.3426,37.3276,31.1959,23.8150,17.3843,8.7186
104.204,1e-323,1e-323,5e-324,6,247.876,0.0255208,-0.0150803,15422.6,0.0,8.2465,20.4945,149.4310,135.1380,78.4600,64.9100,59.4505,55.3832,52.8076,50.4645,48.3240,46.3611,43.8720,41.3426,37.3276,31.1959,23.8150,17.3843,8.7186
104.304,1e-323,1e-323,5e-324,6,247.876,0.0255208,-0.0150803,15422.6,0.0,8.2465,20.4945,149.4310,135.1380,78.4600,64.9100,59.4505,55.3832,52.8076,50.4645,48.3240,46.3611,43.8720,41.3426,37.3276,31.1959,23.8150,17.3843,8.7186
104.404,1e-323,1e-323,5e-324,6,247.876,0.0255208,-0.0150803,15422.6,0.0,8.2465,20.4945,149.4310,135.1380,78.4600,64.9100,59.4505,55.3832,52.8076,50.4645,48.3240,46.3611,43.8720,41.3426,37.3276,31.1959,23.8150,17.3843,8.7186
104.505,1e-323,1e-323,5e-324,6,247.876,0.0255208,-0.0150803,15422.6,0.0,8.2465,20.4945,149.4310,135.1380,78.4600,64.9100,59.4505,55.3832,52.8076,50.4645,48.3240,46.3611,43.8720,41.3426,37.3276,31.1959,23.8150,17.3843,8.7186
104.605,1e-323,1e-323,5e-324,6,247.876,0.0255208,-0.0150803,15422.6,0.0,8.2465,20.4945,149.4310,135.1380,78.4600,64.9100,59.4505,55.3832,52.8076,50.4645,48.3240,46.3611,43.8720,41.3426,37.3276,31.1959,23.8150,17.3843,8.7186
104.706,1e-323,1e-323,5e-324,6,247.876,0.0255208,-0.0150803,15422.6,0.0,8.2465,20.4945,149.4310,135.1380,78.4600,64.9100,59.4505,55.3832,52.8076,50.4645,48.3240,46.3611,43.8720,41.3426,37.3276,31.1959,23.8150,17.3843,8.7186
104.806,1e-323,1e-323,5e-324,6,247.876,0.0255208,-0.0150803,15422.6,0.0,8.2465,20.4945,149.4310,135.1380,78.4600,64.9100,59.4505,55.3832,52.8076,50.4645,48.3240,46.3611,43.8720,41.3426,37.3276,31.1959,23.8150,17.3843,8.7186
104.906,1e-323,1e-323,5e-324,6,247.876,0.0255208,-0.0150803,15422.6,0.0,8.2465,20.4945,149.4310,135.1380,78.4600,64.9100,59.4505,55.3832,52.8076,50.4645,48.3240,46.3611,43.8720,41.3426,37.3276,31.1959,23.8150,17.3843,8.7186
105.006,1e-323,1e-323,5e-324,6,247.876,0.0255208,-0.0150803,15422.6,0.0,8.2465,20.4945,149.4310,135.1380,78.4600,64.9100,59.4505,55.3832,52.8076,50.4645,48.3240,46.3611,43.8720,41.3426,37.3276,31.1959,23.8150,17.3843,8.7186
105.106,1e-323,1e-323,5e-324,6,247.876,0.0255208,-0.0150803,15422.6,0.0,8.2465,20.4945,149.4310,135.1380,78.4600,64.9100,59.4505,55.3832,52.8076,50.4645,48.3240,46.3611,43.8720,41.3426,37.3276,31.1959,23.8150,17.3843,8.7186
105.206,1e-323,1e-323,5e-324,6,247.876,0.0255208,-0.0150803,15422.6,0.0,8.2465,20.4945,149.4310,135.1380,78.4600,64.9100,59.4505,55.3832,52.8076,50.4645,48.3240,46.3611,43.8720,41.3426,37.3276,31.1959,23.8150,17.3843,8.7186
105.306,1e-323,1e-323,5e-324,6,247.876,0.0255208,-0.0150803,15422.6,0.0,8.2465,20.4945,149.4310,135.1380,78.4600,64.9100,59.4505,55.3832,52.8076,50.4645,48.3240,46.3611,43.8720,41.3426,37.3276,31.1959,23.8150,17.3843,8.7186
